ts_code,name,is_initial_leader1,is_realized_episode_leader,themes,episode_ids,list_date,first_return_date,last_return_date,observed_return_days,compounded_ytd_return,partial_year,list_date_missing,study_start,study_end,observation_start,observation_end,valid_day_count,missing_ohlc_day_count,partial_study_window,period_compounded_return_pct,ideal_low_to_later_high_pct,worst_high_to_later_low_pct,ideal_low_date,ideal_high_date,worst_high_date,worst_low_date,idealized_daily_bar_path
000008.SZ,神州高铁,1,1,轨道交通,EP000397,1992-05-07,2026-01-05,2026-08-31,155,-0.1122833737,0,0,2025-10-30,2026-08-31,2025-10-30,2026-08-31,200,0,0,-11.538820352963,41.732393535168,-39.722449783928,2026-03-23,2026-04-01,2026-04-01,2026-06-29,1
000017.SZ,深中华A,1,1,黄金,EP000767;EP000784,1992-03-31,2026-01-05,2026-08-31,160,0.4243907050,0,0,2025-10-30,2026-08-31,2025-10-30,2026-08-31,205,0,0,67.312493006795,143.120456793792,-47.237471447515,2026-06-29,2026-08-31,2025-11-21,2026-06-29,1
000020.SZ,深华发Ａ,1,1,地产链,EP000363;EP000762,1992-04-28,2026-01-05,2026-08-31,160,-0.0857904847,0,0,2025-10-30,2026-08-31,2025-10-30,2026-08-31,205,0,0,-13.974802391198,88.815423155983,-64.341232449505,2025-12-31,2026-03-23,2026-03-23,2026-07-21,1
000026.SZ,飞亚达,0,1,国有企业,EP000438,1993-06-03,2026-01-05,2026-08-31,160,0.2467541522,0,0,2025-10-30,2026-08-31,2025-10-30,2026-08-31,205,0,0,23.994164976362,113.27676487192,-47.535574640626,2026-03-23,2026-05-25,2026-05-25,2026-07-21,1
000031.SZ,大悦城,0,1,地产链,EP000256,1993-10-08,2026-01-05,2026-08-31,160,-0.2198574394,0,0,2025-10-30,2026-08-31,2025-10-30,2026-08-31,205,0,0,-32.926753354515,46.428470559511,-50.487796136374,2025-12-31,2026-01-30,2026-01-30,2026-07-21,1
000036.SZ,华联控股,1,1,锂电池,EP000179;EP000237,1994-06-17,2026-01-05,2026-08-31,160,-0.3863615661,0,0,2025-10-30,2026-08-31,2025-10-30,2026-08-31,205,0,0,1.503923850677,102.331313111442,-52.24065794614,2025-10-30,2025-12-26,2025-12-26,2026-07-21,1
000037.SZ,深南电A,0,1,电力,EP000557,1994-07-01,2026-01-05,2026-08-31,160,0.1688416749,0,0,2025-10-30,2026-08-31,2025-10-30,2026-08-31,205,0,0,9.72804694893,61.444550585822,-40.084488826963,2025-12-17,2026-03-27,2026-03-27,2026-07-09,1
000048.SZ,京基智农,0,1,猪肉;股权转让,EP000561;EP000592;EP000650,1994-11-01,2026-01-05,2026-08-31,160,0.3034190211,0,0,2025-10-30,2026-08-31,2025-10-30,2026-08-31,205,0,0,37.037882244224,112.229009869766,-48.721084104971,2026-05-29,2026-07-13,2026-03-31,2026-05-29,1
000056.SZ,皇庭国际,1,1,锂电池,EP000283;EP000307,1996-07-08,2026-01-05,2026-08-31,159,0.0796002004,0,0,2025-10-30,2026-08-31,2025-10-30,2026-08-31,204,0,0,-6.060544496699,93.599968471754,-51.171841110926,2026-05-22,2026-07-06,2025-11-18,2026-05-22,1
000062.SZ,深圳华强,1,1,华为昇腾,EP000461,1997-01-30,2026-01-05,2026-08-31,160,-0.0000776710,0,0,2025-10-30,2026-08-31,2025-10-30,2026-08-31,205,0,0,-11.924040562117,77.117980175075,-48.816273539787,2026-03-09,2026-05-06,2026-05-06,2026-07-30,1
000070.SZ,特发信息,0,1,算力,EP000082,2000-05-11,2026-01-05,2026-08-31,160,0.3415639795,0,0,2025-10-30,2026-08-31,2025-10-30,2026-08-31,205,0,0,55.325163449724,184.077674820374,-55.585389370224,2025-11-19,2026-06-24,2026-06-24,2026-07-21,1
000078.SZ,海王生物,1,1,医药,EP000102;EP000112,1998-12-18,2026-01-05,2026-08-31,159,-0.5809237794,0,0,2025-10-30,2026-08-31,2025-10-30,2026-08-31,204,0,0,-42.46019011625,132.65301472474,-77.719275569682,2025-11-21,2025-12-08,2025-12-08,2026-06-30,1
000100.SZ,TCL科技,1,1,面板,EP000620,2004-01-30,2026-01-05,2026-08-31,160,0.1431783016,0,0,2025-10-30,2026-08-31,2025-10-30,2026-08-31,205,0,0,21.831698790689,57.995148139418,-25.718749990956,2025-11-24,2026-07-01,2026-07-01,2026-08-03,1
000151.SZ,中成股份,0,1,基础建设,EP000566,2000-09-06,2026-01-05,2026-08-31,160,-0.1439389262,0,0,2025-10-30,2026-08-31,2025-10-30,2026-08-31,205,0,0,-19.604517569361,45.999868288344,-44.226902718302,2026-04-23,2026-06-15,2026-06-15,2026-07-21,1
000402.SZ,金融街,0,1,地产链,EP000475,1996-06-26,2026-01-05,2026-08-31,160,-0.0509151099,0,0,2025-10-30,2026-08-31,2025-10-30,2026-08-31,205,0,0,-14.706296237099,42.448513736897,-32.664849699572,2026-04-07,2026-05-06,2026-05-06,2026-07-27,1
000407.SZ,胜利股份,1,1,天然气;并购重组,EP000047;EP000051;EP000061,1996-07-03,2026-01-05,2026-08-31,160,-0.1405560024,0,0,2025-10-30,2026-08-31,2025-11-11,2026-08-31,197,0,1,14.137676049153,61.057728680417,-46.16430690216,2025-11-11,2025-11-18,2025-11-18,2026-06-29,1
000428.SZ,华天酒店,0,1,旅游,EP000709,1996-08-08,2026-01-05,2026-08-31,160,0.3606094247,0,0,2025-10-30,2026-08-31,2025-10-30,2026-08-31,205,0,0,39.009165504762,59.395875768954,-29.550697441633,2026-06-29,2026-08-26,2026-03-31,2026-06-29,1
000506.SZ,招金黄金,1,1,黄金,EP000634,1993-03-12,2026-01-05,2026-08-31,160,0.5543628495,0,0,2025-10-30,2026-08-31,2025-10-30,2026-08-31,205,0,0,66.940795014387,152.389831820502,-62.061672000939,2025-11-24,2026-01-29,2026-01-29,2026-07-21,1
000510.SZ,新金路,1,1,有色金属,EP000518;EP000718,1993-05-07,2026-01-05,2026-08-31,160,0.5431794194,0,0,2025-10-30,2026-08-31,2025-10-30,2026-08-31,205,0,0,227.289608487417,418.622000264958,-54.398582570341,2025-10-30,2026-06-29,2026-06-29,2026-07-21,1
000518.SZ,四环生物,1,1,ST摘帽;医药,EP000509;EP000511,1993-09-08,2026-01-05,2026-08-31,159,0.6265490933,0,0,2025-10-30,2026-08-31,2025-10-30,2026-08-31,204,0,0,58.70332109838,94.848848993501,-33.260036703592,2025-12-16,2026-05-25,2026-05-25,2026-06-22,1
000520.SZ,凤凰航运,0,1,航运,EP000576,1993-10-25,2026-01-05,2026-08-31,160,-0.1342973618,0,0,2025-10-30,2026-08-31,2025-10-30,2026-08-31,205,0,0,-7.300921780297,40.170973972501,-38.389405064251,2026-06-29,2026-07-06,2025-11-14,2026-07-21,1
000523.SZ,红棉股份,0,1,食品饮料,EP000234,1993-11-08,2026-01-05,2026-08-31,160,-0.1060974076,0,0,2025-10-30,2026-08-31,2025-10-30,2026-08-31,205,0,0,5.643074898371,45.200124874249,-43.310460571041,2026-06-29,2026-08-28,2026-01-21,2026-06-29,1
000533.SZ,顺钠股份,0,1,智能电网,EP000262;EP000326,1994-01-03,2026-01-05,2026-08-31,160,0.4081640495,0,0,2025-10-30,2026-08-31,2025-10-30,2026-08-31,205,0,0,64.28531344852,216.980572275558,-66.758300673454,2025-10-31,2026-03-18,2026-03-18,2026-07-21,1
000534.SZ,万泽股份,1,1,燃气轮机,EP000232;EP000429,1994-01-10,2026-01-05,2026-08-31,160,0.0786348662,0,0,2025-10-30,2026-08-31,2025-10-30,2026-08-31,205,0,0,39.42400306668,191.978721056561,-53.683521834777,2025-10-31,2026-03-10,2026-03-10,2026-07-21,1
000537.SZ,绿发电力,0,1,电力,EP000736,1993-12-10,2026-01-05,2026-08-31,160,-0.0768542620,0,0,2025-10-30,2026-08-31,2025-10-30,2026-08-31,205,0,0,-13.874821793553,67.804464830055,-50.014330670461,2025-12-31,2026-03-13,2026-03-13,2026-07-09,1
000546.SZ,金圆股份,1,1,锂电池,EP000149,1993-12-15,2026-01-05,2026-08-31,160,-0.2445165855,0,0,2025-10-30,2026-08-31,2025-10-30,2026-08-31,205,0,0,-4.554702693535,67.871383752947,-54.545463046584,2025-10-30,2025-11-20,2025-11-20,2026-07-21,1
000547.SZ,航天发展,1,1,军工,EP000075;EP000084,1993-11-30,2026-01-05,2026-08-31,160,-0.5692208470,0,0,2025-10-30,2026-08-31,2025-10-30,2026-08-31,205,0,0,62.51442639825,392.130578578807,-69.913895470196,2025-11-12,2026-01-12,2026-01-12,2026-07-21,1
000551.SZ,创元科技,1,1,洁净室;芯片,EP000169;EP000173,1994-01-06,2026-01-05,2026-08-31,160,-0.1361487922,0,0,2025-10-30,2026-08-31,2025-10-30,2026-08-31,205,0,0,10.615210424229,107.947918234218,-47.61164709416,2025-11-26,2026-07-01,2026-07-01,2026-07-21,1
000554.SZ,泰山石油,1,0,石油石化,EP000656,1993-12-15,2026-01-05,2026-08-31,160,0.0452717238,0,0,2025-10-30,2026-08-31,2025-10-30,2026-08-31,205,0,0,-1.118773167509,92.892412917351,-53.517670948394,2025-12-17,2026-03-04,2026-03-04,2026-06-29,1
000560.SZ,我爱我家,1,1,地产链,EP000790,1994-02-02,2026-01-05,2026-08-31,160,-0.0068479986,0,0,2025-10-30,2026-08-31,2025-10-30,2026-08-31,205,0,0,0.69469321419,48.717971390175,-46.575311197297,2026-07-08,2026-08-31,2026-03-17,2026-07-08,1
000566.SZ,海南海药,1,1,医药;脑机接口,EP000613;EP000664;EP000707,1994-05-25,2026-01-05,2026-08-31,160,-0.3076901547,0,0,2025-10-30,2026-08-31,2025-10-30,2026-08-31,205,0,0,-16.666218087021,89.04473548668,-61.471664334485,2026-06-22,2026-07-06,2025-11-26,2026-06-22,1
000571.SZ,新大洲A,0,1,煤炭,EP000599,1994-05-25,2026-01-05,2026-08-31,160,0.0511921709,0,0,2025-10-30,2026-08-31,2025-10-30,2026-08-31,205,0,0,6.759472333964,56.964594945662,-39.497016410545,2026-05-12,2026-08-11,2026-02-27,2026-05-12,1
000572.SZ,海马汽车,1,1,海南,EP000011,1994-08-08,2026-01-05,2026-08-31,160,-0.5281881548,0,0,2025-10-30,2026-08-31,2025-10-30,2026-08-31,205,0,0,-36.98890161879,103.898307544366,-73.316863339482,2025-10-30,2025-11-18,2025-11-18,2026-07-21,1
000592.SZ,平潭发展,1,1,海峡两岸;福建,EP000003;EP000114;EP000378;EP000387,1996-03-27,2026-01-05,2026-08-31,160,-0.5649347793,0,0,2025-10-30,2026-08-31,2025-10-30,2026-08-31,202,0,0,10.92717150843,186.247679727168,-70.640527461528,2025-10-30,2025-12-30,2025-12-30,2026-07-21,1
000593.SZ,德龙汇能,0,1,实控人变更,EP000017,1996-03-12,2026-01-05,2026-08-31,160,1.0187392481,0,0,2025-10-30,2026-08-31,2025-10-30,2026-08-31,205,0,0,136.011634399913,225.843166795618,-45.23049824743,2025-11-03,2026-05-07,2026-05-07,2026-07-30,1
000595.SZ,宝塔实业,1,1,电力,EP000711,1996-04-19,2026-01-05,2026-08-31,159,0.0393556339,0,0,2025-10-30,2026-08-31,2025-10-30,2026-08-31,204,0,0,13.921731451451,67.906996696146,-47.561085943549,2026-07-21,2026-08-05,2026-05-25,2026-07-21,1
000601.SZ,韶能股份,1,0,电力,EP000357,1996-08-30,2026-01-05,2026-08-31,160,0.3128362868,0,0,2025-10-30,2026-08-31,2025-10-30,2026-08-31,205,0,0,20.045635484133,111.777665526371,-41.860451422562,2025-12-31,2026-06-03,2026-06-03,2026-06-29,1
000603.SZ,盛达资源,1,1,有色金属;黄金,EP000673;EP000680;EP000724,1996-08-23,2026-01-05,2026-08-31,160,0.1960976747,0,0,2025-10-30,2026-08-31,2025-10-30,2026-08-31,205,0,0,56.183257121525,243.076009775019,-75.092042512638,2025-11-05,2026-01-29,2026-01-29,2026-07-20,1
000608.SZ,阳光股份,0,1,地产链,EP000551,1996-09-19,2026-01-05,2026-08-31,154,1.7680604771,0,0,2025-10-30,2026-08-31,2025-10-30,2026-08-31,199,0,0,265.829705092972,315.578388911075,-34.152389244299,2025-10-30,2026-08-13,2026-06-22,2026-07-21,1
000620.SZ,盈新发展,0,1,并购重组;芯片,EP000013;EP000018,1996-10-29,2026-01-05,2026-08-31,160,0.2089527396,0,0,2025-10-30,2026-08-31,2025-10-30,2026-08-31,205,0,0,6.578792873334,69.709710880744,-38.141898780925,2025-11-03,2026-01-29,2026-01-29,2026-07-21,1
000626.SZ,远大控股,0,1,农业,EP000535,1996-11-28,2026-01-05,2026-08-31,160,0.1109701692,0,0,2025-10-30,2026-08-31,2025-10-30,2026-08-31,205,0,0,7.177345859036,60.744877453804,-38.693184675826,2026-07-21,2026-08-31,2026-05-08,2026-07-21,1
000632.SZ,三木集团,1,1,地产链;海峡两岸;福建,EP000045;EP000053;EP000063,1996-11-21,2026-01-05,2026-08-31,159,-0.2477830353,0,0,2025-10-30,2026-08-31,2025-10-30,2026-08-31,204,0,0,0.473528498622,118.750353825971,-70.971266743841,2025-10-30,2025-11-17,2025-11-17,2026-07-21,1
000636.SZ,风华高科,0,1,元器件,EP000701,1996-11-29,2026-01-05,2026-08-31,160,2.4377375656,0,0,2025-10-30,2026-08-31,2025-10-30,2026-08-31,205,0,0,216.73067087939,450.816385736216,-55.061337877259,2025-11-24,2026-06-29,2026-06-29,2026-07-21,1
000656.SZ,金科股份,0,1,ST摘帽,EP000621,1996-11-28,2026-01-05,2026-08-31,159,-0.1180521218,0,0,2025-10-30,2026-08-31,2025-10-30,2026-08-31,204,0,0,-9.285492433283,47.115439558642,-34.177171984237,2026-06-30,2026-07-07,2025-11-17,2026-06-30,1
000657.SZ,中钨高新,1,0,有色金属,EP000235,1996-12-05,2026-01-05,2026-08-31,160,1.3807054210,0,0,2025-10-30,2026-08-31,2025-10-30,2026-08-31,205,0,0,166.43516812661,444.366349909461,-58.248990079425,2025-11-21,2026-06-23,2026-06-23,2026-07-30,1
000668.SZ,荣丰控股,1,1,地产链,EP000703,1996-12-10,2026-01-05,2026-08-31,159,1.3599251970,0,0,2025-10-30,2026-08-31,2025-10-30,2026-08-31,204,0,0,128.544921431811,184.44011942506,-40.121145381099,2025-12-19,2026-08-18,2026-06-23,2026-07-23,1
000676.SZ,智度股份,1,1,端侧AI,EP000662,1996-12-24,2026-01-05,2026-08-31,160,-0.2016254730,0,0,2025-10-30,2026-08-31,2025-10-30,2026-08-31,205,0,0,-24.86401893788,66.666712883682,-55.000143621564,2026-06-29,2026-08-07,2026-01-14,2026-06-29,1
000688.SZ,国城矿业,1,1,有色金属,EP000057,1997-01-20,2026-01-05,2026-08-31,160,0.1475247748,0,0,2025-10-30,2026-08-31,2025-10-30,2026-08-31,205,0,0,101.142081421272,238.220356027888,-54.712633780834,2025-10-30,2026-04-30,2026-04-30,2026-07-21,1
000695.SZ,滨海能源,0,1,锂电池,EP000165,1997-02-18,2026-01-05,2026-08-31,160,0.1841011726,0,0,2025-10-30,2026-08-31,2025-10-30,2026-08-31,205,0,0,39.610224443552,79.570826646452,-41.402707660842,2025-10-30,2025-11-28,2025-11-28,2026-07-21,1
000712.SZ,锦龙股份,0,1,证券,EP000786,1997-04-15,2026-01-05,2026-08-31,160,0.0798704082,0,0,2025-10-30,2026-08-31,2025-10-30,2026-08-31,205,0,0,-6.752571224178,60.643226958107,-42.977863536699,2026-07-14,2026-08-31,2025-11-20,2026-07-14,1
000720.SZ,新能泰山,1,1,智能电网;通信,EP000371;EP000394;EP000403;EP000407;EP000490,1997-05-09,2026-01-05,2026-08-31,160,0.1743148528,0,0,2025-10-30,2026-08-31,2025-10-30,2026-08-31,205,0,0,12.281200341201,120.923314388182,-58.217232869265,2025-12-30,2026-04-08,2026-04-08,2026-07-17,1
000723.SZ,美锦能源,0,1,煤炭,EP000773,1997-05-15,2026-01-05,2026-08-31,160,-0.1702118580,0,0,2025-10-30,2026-08-31,2025-10-30,2026-08-31,205,0,0,-26.136251200928,28.21294844899,-45.655746449132,2026-07-10,2026-08-25,2025-11-18,2026-07-10,1
000759.SZ,中百集团,0,1,零售,EP000553,1997-05-19,2026-01-05,2026-08-31,160,-0.1926023851,0,0,2025-10-30,2026-08-31,2025-10-30,2026-08-31,205,0,0,-14.999012026488,52.449212045133,-48.420645160218,2026-05-21,2026-07-20,2025-12-24,2026-05-21,1
000768.SZ,中航西飞,1,0,商业航天,EP000565,1997-06-26,2026-01-05,2026-08-31,160,-0.1285713977,0,0,2025-10-30,2026-08-31,2025-10-30,2026-08-31,205,0,0,-14.935143730143,35.711768462424,-39.495921118518,2025-12-05,2026-01-22,2026-01-22,2026-07-14,1
000777.SZ,中核科技,0,1,中字头;可控核聚变;核电,EP000176;EP000580;EP000583,1997-07-10,2026-01-05,2026-08-31,160,-0.3288854511,0,0,2025-10-30,2026-08-31,2025-10-30,2026-08-31,205,0,0,-22.035280963364,57.236112707469,-50.431539930892,2025-12-17,2026-01-12,2026-01-12,2026-07-14,1
000779.SZ,甘咨询,0,1,基础建设,EP000776,1997-05-28,2026-01-05,2026-08-31,160,0.1863710856,0,0,2025-10-30,2026-08-31,2025-10-30,2026-08-31,205,0,0,8.706492724374,109.871134593311,-39.672813716798,2026-06-29,2026-08-06,2026-08-06,2026-08-25,1
000785.SZ,居然智家,0,1,智能家居,EP000440,1997-07-11,2026-01-05,2026-08-31,160,-0.2191781849,0,0,2025-10-30,2026-08-31,2025-10-30,2026-08-31,205,0,0,-20.557425669102,37.091078860475,-48.806496037127,2025-11-21,2026-01-14,2026-01-14,2026-06-29,1
000798.SZ,中水渔业,1,1,农业;水产品,EP000067;EP000081,1998-02-12,2026-01-05,2026-08-31,160,-0.0907356025,0,0,2025-10-30,2026-08-31,2025-10-30,2026-08-31,205,0,0,18.91229235001,108.542349890804,-59.036059113431,2025-10-31,2025-11-24,2025-11-24,2026-06-29,1
000802.SZ,北京文化,0,1,文化传媒,EP000739,1998-01-08,2026-01-05,2026-08-31,160,-0.1076898134,0,0,2025-10-30,2026-08-31,2025-10-30,2026-08-31,205,0,0,-8.763482116495,92.581708360819,-41.602388890123,2026-07-14,2026-08-14,2026-08-14,2026-08-25,1
000811.SZ,冰轮环境,1,1,液冷;算力,EP000575;EP000604;EP000618;EP000645,1998-05-28,2026-01-05,2026-08-31,160,1.2594817911,0,0,2025-10-30,2026-08-31,2025-10-30,2026-08-31,205,0,0,182.168236869071,347.481014968927,-44.735158278659,2025-11-21,2026-07-01,2026-07-01,2026-08-03,1
000815.SZ,美利云,1,1,算力,EP000246;EP000657,1998-06-09,2026-01-05,2026-08-31,160,0.4825729171,0,0,2025-10-30,2026-08-31,2025-10-30,2026-08-31,205,0,0,34.549636572909,118.95402410366,-48.955313221991,2025-12-17,2026-05-08,2026-05-08,2026-07-17,1
000820.SZ,神雾节能,1,1,ST摘帽,EP000681,1998-06-30,2026-01-05,2026-08-31,157,0.0737418311,0,0,2025-10-30,2026-08-31,2025-10-30,2026-08-31,202,0,0,36.328970435653,74.41851674812,-40.277930424377,2026-06-29,2026-08-05,2026-01-26,2026-06-29,1
000823.SZ,超声电子,0,1,通信,EP000520,1997-10-08,2026-01-05,2026-08-31,160,0.1801437108,0,0,2025-10-30,2026-08-31,2025-10-30,2026-08-31,205,0,0,17.580579531262,158.931988038839,-61.034557706699,2025-11-21,2026-06-29,2026-06-29,2026-07-21,1
000826.SZ,启迪环境,1,1,环保,EP000311,1998-02-25,2026-01-05,2026-08-31,159,-0.1351361467,0,0,2025-10-30,2026-08-31,2025-10-30,2026-08-31,204,0,0,-17.948919812569,59.68599730288,-57.705067679009,2026-02-02,2026-02-27,2026-02-27,2026-07-21,1
000839.SZ,国安股份,0,1,AI应用,EP000337,1997-10-31,2026-01-05,2026-08-31,160,0.0568169419,0,0,2025-10-30,2026-08-31,2025-10-30,2026-08-31,205,0,0,4.494180649908,67.058727449319,-45.540050417446,2025-12-17,2026-03-12,2026-03-12,2026-07-14,1
000859.SZ,国风新材,1,1,芯片,EP000072;EP000298,1998-11-19,2026-01-05,2026-08-31,160,-0.1156131218,0,0,2025-10-30,2026-08-31,2025-10-30,2026-08-31,205,0,0,39.191309582351,123.492191018808,-54.545470695957,2025-11-05,2026-01-09,2026-01-09,2026-07-21,1
000863.SZ,三湘印象,0,1,文创产品,EP000155,1997-09-25,2026-01-05,2026-08-31,160,-0.3242416716,0,0,2025-10-30,2026-08-31,2025-10-30,2026-08-31,205,0,0,8.22553731964,86.326728356847,-50.503719183945,2025-11-03,2026-01-30,2026-01-30,2026-07-21,1
000887.SZ,中鼎股份,0,1,人工智能,EP000746,1998-12-03,2026-01-05,2026-08-31,160,-0.0726354078,0,0,2025-10-30,2026-08-31,2025-10-30,2026-08-31,205,0,0,-5.926234154121,46.869068192112,-33.004770043991,2026-07-27,2026-08-13,2026-01-20,2026-07-27,1
000890.SZ,法尔胜,0,1,股权转让;通信,EP000282;EP000303;EP000342,1999-01-19,2026-01-05,2026-08-31,160,0.7810638399,0,0,2025-10-30,2026-08-31,2025-10-30,2026-08-31,205,0,0,98.025617750979,317.29722079405,-68.427079505738,2025-11-21,2026-04-07,2026-04-07,2026-07-21,1
000892.SZ,欢瑞世纪,0,1,AI应用;短剧,EP000012;EP000642,1999-01-15,2026-01-05,2026-08-31,160,-0.3839540504,0,0,2025-10-30,2026-08-31,2025-10-30,2026-08-31,205,0,0,-34.04901792066,56.666653762321,-70.415383133918,2025-10-30,2026-02-11,2026-02-11,2026-07-27,1
000899.SZ,赣能股份,1,1,电力,EP000312,1997-11-26,2026-01-05,2026-08-31,160,-0.0004976863,0,0,2025-10-30,2026-08-31,2025-10-30,2026-08-31,205,0,0,-7.866814716716,68.580584700649,-40.153616116111,2025-11-24,2026-03-11,2026-03-11,2026-08-25,1
000927.SZ,中国铁物,0,1,基础建设,EP000377,1999-07-27,2026-01-05,2026-08-31,160,-0.0261837724,0,0,2025-10-30,2026-08-31,2025-10-30,2026-08-31,205,0,0,-8.243347627406,35.572822290268,-33.30904901489,2025-12-17,2026-03-27,2026-03-27,2026-06-29,1
000952.SZ,广济药业,1,1,医药;流感,EP000090;EP000092;EP000099;EP000187,1999-11-12,2026-01-05,2026-08-31,160,-0.0611663673,0,0,2025-10-30,2026-08-31,2025-10-30,2026-08-31,205,0,0,-2.366777205741,56.456484079603,-52.015315039476,2025-10-30,2025-11-27,2025-11-27,2026-07-21,1
000955.SZ,欣龙控股,0,1,海南,EP000632,1999-12-09,2026-01-05,2026-08-31,160,-0.3070743268,0,0,2025-10-30,2026-08-31,2025-10-30,2026-08-31,205,0,0,-23.986134024036,59.454373143386,-60.433290488709,2025-10-30,2025-11-19,2025-11-19,2026-07-21,1
000960.SZ,锡业股份,0,1,有色金属,EP000196,2000-02-21,2026-01-05,2026-08-31,160,0.3102549804,0,0,2025-10-30,2026-08-31,2025-10-30,2026-08-31,205,0,0,49.284573794805,129.181386649481,-43.612867151943,2025-11-05,2026-06-23,2026-06-23,2026-07-21,1
000962.SZ,东方钽业,0,1,有色金属,EP000608,2000-01-20,2026-01-05,2026-08-31,160,0.7205113845,0,0,2025-10-30,2026-08-31,2025-10-30,2026-08-31,205,0,0,66.613305610563,288.680683737406,-57.626768613945,2025-11-21,2026-06-30,2026-06-30,2026-07-30,1
000981.SZ,山子高科,0,1,汽车零部件,EP000722,2000-06-22,2026-01-05,2026-08-31,160,-0.3557687083,0,0,2025-10-30,2026-08-31,2025-10-30,2026-08-31,205,0,0,-37.674419185195,90.268767152968,-59.082974123082,2025-12-17,2026-01-14,2026-01-14,2026-07-21,1
000995.SZ,皇台酒业,0,1,酿酒,EP000257,2000-08-07,2026-01-05,2026-08-31,160,-0.1143092739,0,0,2025-10-30,2026-08-31,2025-10-30,2026-08-31,205,0,0,-18.107903888081,78.301598713959,-58.44329576224,2025-12-05,2026-02-04,2026-02-04,2026-07-21,1
001203.SZ,大中矿业,1,1,锂电池,EP000005;EP000237,2021-05-10,2026-01-05,2026-08-31,160,-0.0741154425,0,0,2025-10-30,2026-08-31,2025-10-30,2026-08-31,205,0,0,76.044357902577,221.280411170188,-56.048654614025,2025-10-30,2026-04-30,2026-04-30,2026-07-21,1
001209.SZ,洪兴股份,0,1,服装家纺,EP000315,2021-07-23,2026-01-05,2026-08-31,160,-0.1089526664,0,0,2025-10-30,2026-08-31,2025-10-30,2026-08-31,205,0,0,-2.989420672054,85.132932103947,-59.201643213042,2025-10-31,2026-03-02,2026-03-02,2026-07-21,1
001210.SZ,金房能源,0,1,算力;股权转让,EP000197;EP000539,2021-07-29,2026-01-05,2026-08-31,160,1.4303582067,0,0,2025-10-30,2026-08-31,2025-10-30,2026-08-31,205,0,0,142.469757257311,163.799283833678,-41.284061464304,2025-12-17,2026-08-21,2026-06-03,2026-07-21,1
001211.SZ,双枪科技,0,1,零售,EP000431,2021-08-05,2026-01-05,2026-08-31,160,0.2577138028,0,0,2025-10-30,2026-08-31,2025-10-30,2026-08-31,205,0,0,28.84164927232,150.44763556719,-60.238833641444,2025-12-17,2026-05-20,2026-05-20,2026-07-22,1
001223.SZ,欧克科技,0,1,锂电池,EP000494,2022-12-12,2026-01-05,2026-08-31,160,0.1886233004,0,0,2025-10-30,2026-08-31,2025-10-30,2026-08-31,205,0,0,3.482938965033,69.880168905644,-53.446067354107,2026-03-31,2026-06-29,2026-06-29,2026-07-21,1
001225.SZ,和泰机电,1,1,新型工业化,EP000074,2023-02-22,2026-01-05,2026-08-31,160,-0.1706613650,0,0,2025-10-30,2026-08-31,2025-10-30,2026-08-31,205,0,0,-10.54106737105,74.950653659231,-63.882504579668,2025-11-13,2026-01-13,2026-01-13,2026-07-21,1
001229.SZ,魅视科技,0,1,物理AI,EP000617,2022-08-08,2026-01-05,2026-08-31,160,0.2745298842,0,0,2025-10-30,2026-08-31,2025-10-30,2026-08-31,205,0,0,52.45182458085,109.522889285744,-38.165262947416,2026-05-22,2026-08-18,2026-07-13,2026-07-21,1
001237.SZ,惠康科技,0,1,家电,EP000616,2026-05-22,2026-05-22,2026-08-31,71,-0.0253481778,1,0,2025-10-30,2026-08-31,2026-05-22,2026-08-31,71,0,1,-2.53481777945,61.016101610161,-68.813598209665,2026-05-22,2026-05-22,2026-05-22,2026-07-21,1
001255.SZ,博菲电气,0,1,智能电网,EP000200,2022-09-30,2026-01-05,2026-08-31,160,-0.1480663700,0,0,2025-10-30,2026-08-31,2025-10-30,2026-08-31,205,0,0,-19.100436486635,97.355636538898,-65.307658451462,2025-11-24,2026-01-19,2026-01-19,2026-07-21,1
001256.SZ,炜冈科技,0,1,新型工业化,EP000626,2022-12-05,2026-01-05,2026-08-31,160,0.0677201503,0,0,2025-10-30,2026-08-31,2025-10-30,2026-08-31,205,0,0,6.343513450993,66.896813372122,-38.545403715393,2025-12-17,2026-07-02,2026-07-02,2026-07-21,1
001258.SZ,立新能源,1,1,电力;绿色电力,EP000668;EP000686;EP000692;EP000736;EP000741,2022-07-27,2026-01-05,2026-08-31,160,0.8645282720,0,0,2025-10-30,2026-08-31,2025-10-30,2026-08-31,205,0,0,59.145164895966,164.991952002254,-48.115053193028,2026-07-14,2026-08-12,2026-03-25,2026-07-14,1
001259.SZ,利仁科技,1,1,股权转让,EP000483;EP000505;EP000510,2022-08-31,2026-01-05,2026-08-31,160,0.6020343034,0,0,2025-10-30,2026-08-31,2025-10-30,2026-08-31,205,0,0,68.395991859642,229.427792806796,-57.476106052996,2025-12-17,2026-05-22,2026-05-22,2026-07-30,1
001266.SZ,宏英智能,0,1,储能,EP000054,2022-02-28,2026-01-05,2026-08-31,160,-0.1188068981,0,0,2025-10-30,2026-08-31,2025-10-30,2026-08-31,205,0,0,18.445185659558,107.308385093816,-52.980393376028,2025-12-17,2026-05-25,2026-05-25,2026-07-21,1
001267.SZ,汇绿生态,1,0,通信,EP000342,2021-11-17,2026-01-05,2026-08-31,160,0.7951573675,0,0,2025-10-30,2026-08-31,2025-10-30,2026-08-31,205,0,0,86.057667647257,331.274605640969,-61.115933233756,2025-11-24,2026-05-14,2026-05-14,2026-07-30,1
001279.SZ,强邦新材,0,1,包装印刷,EP000597,2024-10-11,2026-01-05,2026-08-31,160,-0.2370869573,0,0,2025-10-30,2026-08-31,2025-10-30,2026-08-31,205,0,0,-31.384733085745,18.518539142728,-41.628835592288,2026-04-29,2026-05-11,2025-11-10,2026-07-27,1
001288.SZ,运机集团,1,0,机器人概念,EP000244,2021-11-01,2026-01-05,2026-08-31,160,-0.0727013569,0,0,2025-10-30,2026-08-31,2025-10-30,2026-08-31,205,0,0,-0.613129297797,47.023223473058,-48.923184054481,2025-11-12,2026-01-28,2026-01-28,2026-07-17,1
001296.SZ,长江材料,0,1,3D打印,EP000083,2021-12-24,2026-01-05,2026-08-31,160,-0.1986750528,0,0,2025-10-30,2026-08-31,2025-10-30,2026-08-31,205,0,0,-10.763766684656,54.013718340569,-54.792373629815,2025-11-21,2025-11-26,2025-11-26,2026-07-21,1
001299.SZ,美能能源,0,1,天然气,EP000432,2022-10-31,2026-01-05,2026-08-31,160,-0.0906743670,0,0,2025-10-30,2026-08-31,2025-10-30,2026-08-31,205,0,0,9.193758773585,71.762851747423,-39.352046488978,2025-12-05,2026-04-15,2026-04-15,2026-07-21,1
001300.SZ,三柏硕,0,1,跨境电商,EP000174,2022-10-19,2026-01-05,2026-08-31,160,-0.2226551350,0,0,2025-10-30,2026-08-31,2025-10-30,2026-08-31,205,0,0,-19.396024538611,33.634868035693,-52.683650736172,2025-12-17,2026-05-11,2026-05-11,2026-07-21,1
001313.SZ,粤海饲料,0,1,农业,EP000624,2022-02-16,2026-01-05,2026-08-31,160,0.1215901279,0,0,2025-10-30,2026-08-31,2025-10-30,2026-08-31,205,0,0,13.398503093986,54.899178713987,-33.232752394035,2026-03-23,2026-05-11,2026-05-11,2026-06-29,1
001317.SZ,三羊马,1,1,无人驾驶;智能驾驶,EP000144;EP000145,2021-11-30,2026-01-05,2026-08-31,160,-0.0070775256,0,0,2025-10-30,2026-08-31,2025-10-30,2026-08-31,205,0,0,21.115506806913,59.291436356478,-40.034997975112,2025-11-21,2025-12-18,2025-12-18,2026-06-29,1
001330.SZ,博纳影业,1,1,文化传媒,EP000125,2022-08-18,2026-01-05,2026-08-31,160,-0.2618427092,0,0,2025-10-30,2026-08-31,2025-10-30,2026-08-31,205,0,0,-10.526143470933,123.453024090165,-69.533566148835,2025-10-30,2026-02-11,2026-02-11,2026-07-21,1
001331.SZ,胜通能源,1,1,实控人变更;机器人概念,EP000143;EP000160;EP000172;EP000201,2022-09-08,2026-01-06,2026-08-31,138,0.3726655361,0,0,2025-10-30,2026-08-31,2025-10-30,2026-08-31,176,0,0,342.674789551507,657.4051009298,-46.602993233912,2025-11-24,2026-07-07,2026-07-07,2026-07-30,1
001337.SZ,四川黄金,1,0,黄金,EP000233,2023-03-03,2026-01-05,2026-08-31,160,0.9364856856,0,0,2025-10-30,2026-08-31,2025-10-30,2026-08-31,205,0,0,96.040789083369,183.538237029971,-56.564469967633,2025-11-05,2026-01-29,2026-01-29,2026-07-21,1
001339.SZ,智微智能,1,0,算力,EP000604,2022-08-15,2026-01-05,2026-08-31,160,1.0719863294,0,0,2025-10-30,2026-08-31,2025-10-30,2026-08-31,205,0,0,90.22655944377,205.418821003473,-43.171903956333,2025-12-17,2026-06-25,2026-06-25,2026-07-30,1
001359.SZ,平安电工,1,1,化工;通信,EP000536;EP000713,2024-03-28,2026-01-05,2026-08-31,160,0.6547298164,0,0,2025-10-30,2026-08-31,2025-10-30,2026-08-31,205,0,0,120.506686469936,270.49004365227,-48.000465417882,2025-11-11,2026-06-25,2026-06-25,2026-07-30,1
001360.SZ,南矿集团,0,1,黄金,EP000284,2023-04-10,2026-01-05,2026-08-31,160,-0.1479899388,0,0,2025-10-30,2026-08-31,2025-10-30,2026-08-31,205,0,0,15.767968755215,100.647574459469,-60.184808841237,2025-11-21,2026-01-29,2026-01-29,2026-07-21,1
001389.SZ,广合科技,1,1,通信,EP000236,2024-04-02,2026-01-05,2026-08-31,160,1.0006081823,0,0,2025-10-30,2026-08-31,2025-10-30,2026-08-31,205,0,0,102.919476866524,271.991419708749,-44.653859129856,2025-11-21,2026-06-30,2026-06-30,2026-07-30,1
001400.SZ,江顺科技,0,1,算力,EP000205,2025-04-24,2026-01-05,2026-08-31,160,0.5294128531,0,0,2025-10-30,2026-08-31,2025-10-30,2026-08-31,205,0,0,79.54011014016,288.937662303849,-62.200854831317,2025-11-24,2026-05-11,2026-05-11,2026-07-21,1
001696.SZ,宗申动力,0,1,低空经济,EP000556,1997-03-06,2026-01-05,2026-08-31,160,-0.2882751155,0,0,2025-10-30,2026-08-31,2025-10-30,2026-08-31,205,0,0,-35.516916056033,85.893833051991,-47.280533837043,2026-06-05,2026-06-25,2026-06-25,2026-07-30,1
001896.SZ,豫能控股,0,1,电力;算力,EP000288;EP000433,1998-01-22,2026-01-05,2026-08-31,160,1.2903855446,0,0,2025-10-30,2026-08-31,2025-10-30,2026-08-31,205,0,0,93.030503017156,365.892216226858,-51.913464634319,2025-12-31,2026-06-05,2026-06-05,2026-07-31,1
002009.SZ,天奇股份,0,1,机器人概念,EP000244,2004-06-29,2026-01-05,2026-08-31,160,-0.2635548207,0,0,2025-10-30,2026-08-31,2025-10-30,2026-08-31,205,0,0,-1.019705857746,152.660423575445,-61.704681869599,2025-12-17,2026-02-24,2026-02-24,2026-07-21,1
002015.SZ,协鑫能科,1,1,储能,EP000771,2004-07-08,2026-01-05,2026-08-31,160,0.6004172765,0,0,2025-10-30,2026-08-31,2025-10-30,2026-08-31,205,0,0,48.823528846575,165.047012755982,-49.126642207716,2025-12-04,2026-05-14,2026-05-14,2026-07-17,1
002030.SZ,达安基因,1,1,病毒防治,EP000245;EP000488,2004-08-09,2026-01-05,2026-08-31,160,-0.0838948945,0,0,2025-10-30,2026-08-31,2025-10-30,2026-08-31,205,0,0,-14.687777078237,38.279917966372,-41.463353562636,2025-12-31,2026-01-28,2026-01-28,2026-06-29,1
002033.SZ,丽江股份,0,1,旅游,EP000443,2004-08-25,2026-01-05,2026-08-31,160,0.0324060706,0,0,2025-10-30,2026-08-31,2025-10-30,2026-08-31,205,0,0,8.705789003667,38.829232760505,-28.374115342778,2026-03-23,2026-04-21,2026-04-21,2026-06-29,1
002036.SZ,联创电子,1,0,通信,EP000658,2004-09-03,2026-01-05,2026-08-31,155,-0.3520874181,0,0,2025-10-30,2026-08-31,2025-10-30,2026-08-31,195,0,0,-30.544823693663,43.626770014318,-54.545341113459,2026-04-30,2026-05-25,2026-01-12,2026-07-14,1
002038.SZ,双鹭药业,0,1,保健品,EP000381,2004-09-09,2026-01-05,2026-08-31,160,-0.1871487830,0,0,2025-10-30,2026-08-31,2025-10-30,2026-08-31,205,0,0,-19.802905507233,71.846408504703,-48.829930539673,2026-03-23,2026-04-03,2026-04-03,2026-06-22,1
002041.SZ,登海种业,1,0,农业,EP000775,2005-04-18,2026-01-05,2026-08-31,160,0.1320800435,0,0,2025-10-30,2026-08-31,2025-10-30,2026-08-31,205,0,0,14.650147942931,53.290735329254,-38.492141641276,2026-06-29,2026-08-28,2026-03-09,2026-06-29,1
002044.SZ,美年健康,0,1,AI医疗,EP000150,2005-05-18,2026-01-05,2026-08-31,160,-0.1155199534,0,0,2025-10-30,2026-08-31,2025-10-30,2026-08-31,205,0,0,-10.876467979771,84.233114702499,-52.036308032472,2025-12-11,2026-01-15,2026-01-15,2026-07-27,1
002047.SZ,宝鹰股份,0,1,ST摘帽,EP000577,2005-05-31,2026-01-05,2026-08-31,159,-0.0625016573,0,0,2025-10-30,2026-08-31,2025-10-30,2026-08-31,204,0,0,23.655459223673,108.53251799473,-53.027960675032,2025-10-30,2026-03-16,2026-03-16,2026-07-21,1
002051.SZ,中工国际,0,1,基础建设,EP000419;EP000439,2006-06-19,2026-01-05,2026-08-31,160,-0.0462823003,0,0,2025-10-30,2026-08-31,2025-10-30,2026-08-31,205,0,0,1.054541481954,74.781542264256,-42.749538662945,2026-03-23,2026-06-25,2026-06-25,2026-07-21,1
002053.SZ,云南能投,0,1,电力,EP000627,2006-06-27,2026-01-05,2026-08-31,160,-0.1816589675,0,0,2025-10-30,2026-08-31,2025-10-30,2026-08-31,205,0,0,-23.541597484197,30.641404358459,-41.423977055828,2026-06-29,2026-07-02,2025-11-12,2026-06-29,1
002081.SZ,金螳螂,0,1,商业航天;芯片,EP000470;EP000674,2006-11-20,2026-01-05,2026-08-31,160,0.8398809043,0,0,2025-10-30,2026-08-31,2025-10-30,2026-08-31,205,0,0,73.344518145311,172.151427609788,-60.44701816922,2026-03-23,2026-05-15,2026-05-15,2026-07-21,1
002083.SZ,孚日股份,0,1,电解液;锂电池,EP000034;EP000134;EP000402;EP000688,2006-11-24,2026-01-05,2026-08-31,160,-0.0941879978,0,0,2025-10-30,2026-08-31,2025-10-30,2026-08-31,205,0,0,89.440597061056,162.923634376164,-40.271470301891,2025-10-30,2026-01-07,2026-01-07,2026-06-11,1
002084.SZ,海鸥住工,1,1,实控人变更,EP000764,2006-11-24,2026-01-05,2026-08-31,155,0.6443242928,0,0,2025-10-30,2026-08-31,2025-10-30,2026-08-31,200,0,0,50.47148236596,110.561187499604,-41.392767341843,2026-07-21,2026-08-31,2025-12-03,2026-07-21,1
002086.SZ,东方海洋,1,1,海洋经济,EP000352,2006-11-28,2026-01-05,2026-08-31,160,-0.0779247664,0,0,2025-10-30,2026-08-31,2025-10-30,2026-08-31,205,0,0,-17.760740419864,45.859739058525,-52.134187719679,2026-06-29,2026-08-14,2025-11-20,2026-06-29,1
002112.SZ,三变科技,1,1,智能电网,EP000200;EP000279,2007-02-08,2026-01-05,2026-08-31,160,0.1492246965,0,0,2025-10-30,2026-08-31,2025-10-30,2026-08-31,205,0,0,13.214606523791,124.27239973566,-56.542311098362,2025-12-04,2026-03-10,2026-03-10,2026-07-21,1
002119.SZ,康强电子,1,1,芯片,EP000222;EP000248,2007-03-02,2026-01-05,2026-08-31,160,0.4519026744,0,0,2025-10-30,2026-08-31,2025-10-30,2026-08-31,205,0,0,28.563708478406,172.447192780951,-54.37798935254,2025-12-17,2026-07-02,2026-07-02,2026-07-30,1
002124.SZ,天邦食品,1,1,农业;猪肉,EP000434;EP000496,2007-04-03,2026-01-05,2026-08-31,160,-0.1532873147,0,0,2025-10-30,2026-08-31,2025-10-30,2026-08-31,205,0,0,-19.16400250167,46.428761894408,-38.109641623898,2026-03-24,2026-04-20,2026-04-20,2026-06-26,1
002126.SZ,银轮股份,0,1,液冷,EP000272,2007-04-18,2026-01-05,2026-08-31,160,0.1099100216,0,0,2025-10-30,2026-08-31,2025-10-30,2026-08-31,205,0,0,7.493279552782,95.583975345833,-40.848754097518,2025-11-21,2026-05-21,2026-05-21,2026-07-30,1
002130.SZ,沃尔核材,0,1,通信,EP000223,2007-04-20,2026-01-05,2026-08-31,160,-0.3434745780,0,0,2025-10-30,2026-08-31,2025-10-30,2026-08-31,205,0,0,-43.102428645471,43.371533486484,-56.099505953295,2025-11-24,2026-01-26,2026-01-26,2026-07-20,1
002134.SZ,天津普林,0,1,大飞机,EP000167,2007-05-16,2026-01-05,2026-08-31,160,-0.1392289125,0,0,2025-10-30,2026-08-31,2025-10-30,2026-08-31,205,0,0,12.652988856713,73.504859200197,-46.613091551222,2026-03-23,2026-05-26,2026-05-26,2026-07-30,1
002141.SZ,贤丰控股,1,1,通信,EP000638,2007-07-20,2026-01-05,2026-08-31,160,0.9034931459,0,0,2025-10-30,2026-08-31,2025-10-30,2026-08-31,205,0,0,71.913036643233,147.986248304422,-34.791796208781,2026-06-08,2026-08-11,2026-01-23,2026-06-08,1
002150.SZ,通润装备,1,1,储能,EP000002;EP000362,2007-08-10,2026-01-05,2026-08-31,160,0.1032747535,0,0,2025-10-30,2026-08-31,2025-10-30,2026-08-31,205,0,0,14.66279534174,114.845172064853,-49.99092855957,2025-11-24,2026-03-25,2026-03-25,2026-07-30,1
002155.SZ,湖南黄金,1,1,黄金,EP000268;EP000321;EP000424,2007-08-16,2026-01-05,2026-08-31,145,0.3082125812,0,0,2025-10-30,2026-08-31,2025-10-30,2026-08-31,190,0,0,33.868185112856,118.35047843907,-52.621875212331,2025-11-05,2026-03-03,2026-03-03,2026-07-20,1
002163.SZ,海南发展,1,1,海南,EP000132;EP000159;EP000178,2007-08-23,2026-01-05,2026-08-31,160,-0.6413589742,0,0,2025-10-30,2026-08-31,2025-10-30,2026-08-31,205,0,0,-28.690275851244,111.224323416372,-72.153415942501,2025-10-30,2025-12-29,2025-12-29,2026-07-21,1
002165.SZ,红宝丽,0,1,化工,EP000228,2007-09-13,2026-01-05,2026-08-31,160,0.1406519442,0,0,2025-10-30,2026-08-31,2025-10-30,2026-08-31,205,0,0,1.69044974168,107.617936959447,-63.836255061339,2025-12-17,2026-02-04,2026-02-04,2026-07-14,1
002167.SZ,东方锆业,1,0,非金属材料,EP000676,2007-09-13,2026-01-05,2026-08-31,160,0.3781432958,0,0,2025-10-30,2026-08-31,2025-10-30,2026-08-31,205,0,0,26.826196980023,132.870898974089,-47.560479894594,2026-03-24,2026-07-03,2026-07-03,2026-07-30,1
002169.SZ,智光电气,1,0,芯片,EP000162,2007-09-19,2026-01-05,2026-08-31,160,0.1651372072,0,0,2025-10-30,2026-08-31,2025-10-30,2026-08-31,205,0,0,64.397866939844,163.744241436527,-50.698218089395,2025-11-21,2026-05-25,2026-05-25,2026-07-21,1
002173.SZ,创新医疗,1,1,脑机接口,EP000694,2007-09-25,2026-01-05,2026-08-31,160,-0.1390040454,0,0,2025-10-30,2026-08-31,2025-10-30,2026-08-31,205,0,0,-24.989675539926,94.962021375113,-60.11480280171,2025-12-16,2026-01-13,2026-01-13,2026-07-15,1
002177.SZ,御银股份,0,1,金融概念,EP000199,2007-11-01,2026-01-05,2026-08-31,160,-0.3687517113,0,0,2025-10-30,2026-08-31,2025-10-30,2026-08-31,205,0,0,-19.293012605163,61.441951706273,-51.84434601718,2025-12-04,2026-01-12,2026-01-12,2026-07-17,1
002181.SZ,粤传媒,1,1,AI应用;体育产业;文化传媒,EP000008;EP000016;EP000408;EP000414;EP000474;EP000498,2007-11-16,2026-01-05,2026-08-31,160,0.0166216016,0,0,2025-10-30,2026-08-31,2025-10-30,2026-08-31,205,0,0,-10.028047993427,167.408168658748,-67.174553506612,2025-12-17,2026-05-18,2026-05-18,2026-07-21,1
002188.SZ,中天服务,1,1,地产链,EP000154,2007-11-22,2026-01-05,2026-08-31,160,-0.0657897838,0,0,2025-10-30,2026-08-31,2025-10-30,2026-08-31,205,0,0,-7.49215759231,53.644834563817,-50.973192107199,2025-12-15,2025-12-22,2025-12-22,2026-07-21,1
002192.SZ,融捷股份,1,1,锂电池,EP000376;EP000380,2007-12-05,2026-01-05,2026-08-31,160,0.4330594096,0,0,2025-10-30,2026-08-31,2025-10-30,2026-08-31,205,0,0,58.564913058536,163.882830447531,-53.233960010926,2025-11-05,2026-05-06,2026-05-06,2026-07-21,1
002195.SZ,岩山科技,1,1,脑机接口,EP000190;EP000214,2007-12-12,2026-01-05,2026-08-31,160,-0.0888605086,0,0,2025-10-30,2026-08-31,2025-10-30,2026-08-31,205,0,0,-20.247040008672,104.179503259219,-56.937258712934,2025-12-16,2026-01-14,2026-01-14,2026-07-20,1
002196.SZ,方正电机,1,1,三季报增长;机器人概念,EP000001;EP000048,2007-12-12,2026-01-05,2026-08-31,160,-0.3263951833,0,0,2025-10-30,2026-08-31,2025-10-30,2026-08-31,205,0,0,7.546471481814,94.059273821524,-53.928087807192,2025-10-30,2026-01-22,2026-01-22,2026-07-21,1
002197.SZ,证通电子,0,1,金融概念,EP000675,2007-12-18,2026-01-05,2026-08-31,160,-0.3102763218,0,0,2025-10-30,2026-08-31,2025-10-30,2026-08-31,204,0,0,-30.408938489056,47.216777298066,-54.177801730676,2026-07-14,2026-07-23,2025-12-30,2026-07-14,1
002201.SZ,九鼎新材,0,1,化工,EP000163,2007-12-26,2026-01-05,2026-08-31,160,-0.2658768346,0,0,2025-10-30,2026-08-31,2025-10-30,2026-08-31,205,0,0,-0.19424538531,119.301974219964,-61.394092431733,2025-12-04,2026-04-23,2026-04-23,2026-07-21,1
002208.SZ,合肥城建,1,0,芯片,EP000185,2008-01-28,2026-01-05,2026-08-31,160,-0.1219705130,0,0,2025-10-30,2026-08-31,2025-10-30,2026-08-31,205,0,0,-14.745099852846,165.191450044321,-61.91196969457,2025-12-17,2026-05-20,2026-05-20,2026-08-25,1
002218.SZ,拓日新能,0,1,光伏,EP000240,2008-02-28,2026-01-05,2026-08-31,160,-0.0944665577,0,0,2025-10-30,2026-08-31,2025-10-30,2026-08-31,205,0,0,6.216367871703,126.59224747494,-60.024356576304,2025-10-30,2026-02-10,2026-02-10,2026-07-21,1
002227.SZ,奥特迅,1,0,储能,EP000054,2008-05-06,2026-01-05,2026-08-31,159,-0.4335568789,0,0,2025-10-30,2026-08-31,2025-10-30,2026-08-31,204,0,0,-48.294293240837,34.637754471087,-68.765313010613,2026-07-21,2026-08-17,2025-11-14,2026-07-21,1
002228.SZ,合兴包装,1,0,海峡两岸,EP000138,2008-05-08,2026-01-05,2026-08-31,160,-0.2830275214,0,0,2025-10-30,2026-08-31,2025-10-30,2026-08-31,205,0,0,-5.897370046095,94.767456788403,-56.157773091597,2025-10-30,2025-12-26,2025-12-26,2026-07-21,1
002235.SZ,安妮股份,0,1,实控人变更,EP000124,2008-05-16,2026-01-05,2026-08-31,160,-0.1363621548,0,0,2025-10-30,2026-08-31,2025-10-30,2026-08-31,200,0,0,21.331781212672,100.279464869588,-54.672158482925,2025-10-31,2025-12-12,2025-12-12,2026-07-27,1
002242.SZ,九阳股份,0,1,家电,EP000062,2008-05-28,2026-01-05,2026-08-31,160,-0.1660553926,0,0,2025-10-30,2026-08-31,2025-10-30,2026-08-31,205,0,0,-9.214103431342,35.529046491526,-38.466078762646,2026-03-30,2026-04-24,2025-11-17,2026-06-29,1
002248.SZ,华东数控,0,1,新型工业化,EP000743,2008-06-12,2026-01-05,2026-08-31,160,-0.1248884195,0,0,2025-10-30,2026-08-31,2025-10-30,2026-08-31,205,0,0,-12.184223644742,73.883813125436,-52.567302883498,2026-07-21,2026-08-13,2026-03-11,2026-07-21,1
002251.SZ,步步高,1,1,零售,EP000530;EP000533,2008-06-19,2026-01-05,2026-08-31,160,-0.2994382013,0,0,2025-10-30,2026-08-31,2025-10-30,2026-08-31,205,0,0,-30.597703129599,42.465846590281,-48.7503364826,2026-05-21,2026-06-01,2025-11-14,2026-07-09,1
002255.SZ,海陆重工,0,1,核电,EP000027,2008-06-25,2026-01-05,2026-08-31,160,-0.3702099763,0,0,2025-10-30,2026-08-31,2025-10-30,2026-08-31,205,0,0,-13.796492611621,75.560546794068,-52.194594042858,2025-10-31,2025-11-10,2025-11-10,2026-07-21,1
002261.SZ,拓维信息,1,0,AI应用,EP000337,2008-07-23,2026-01-05,2026-08-31,160,-0.2265882969,0,0,2025-10-30,2026-08-31,2025-10-30,2026-08-31,205,0,0,-26.563788600516,51.252651440732,-44.348601689438,2025-12-17,2026-03-10,2026-03-10,2026-07-30,1
002272.SZ,川润股份,1,0,液冷,EP000181,2008-09-19,2026-01-05,2026-08-31,160,0.0397541838,0,0,2025-10-30,2026-08-31,2025-10-30,2026-08-31,205,0,0,5.524200793753,92.661038975039,-52.020058682405,2025-12-04,2026-07-01,2026-07-01,2026-07-30,1
002283.SZ,天润工业,1,1,发电机,EP000308,2009-08-21,2026-01-05,2026-08-31,160,0.3885162623,0,0,2025-10-30,2026-08-31,2025-10-30,2026-08-31,205,0,0,35.592334125215,131.095774682195,-49.244470845229,2025-12-16,2026-05-14,2026-05-14,2026-07-21,1
002291.SZ,遥望科技,1,0,人工智能,EP000274,2009-09-03,2026-01-05,2026-08-31,160,-0.1455364172,0,0,2025-10-30,2026-08-31,2025-10-30,2026-08-31,205,0,0,-18.017798012402,48.440535287166,-51.185308811798,2025-12-17,2026-02-05,2025-11-27,2026-07-14,1
002295.SZ,精艺股份,0,1,有色金属,EP000780,2009-09-29,2026-01-05,2026-08-31,160,-0.2755294876,0,0,2025-10-30,2026-08-31,2025-10-30,2026-08-31,205,0,0,-24.727428477001,54.430331703787,-50.556543672907,2026-07-21,2026-08-27,2025-12-26,2026-07-21,1
002297.SZ,博云新材,1,1,一季报增长;商业航天,EP000415;EP000437;EP000453,2009-09-29,2026-01-05,2026-08-31,160,0.5480299097,0,0,2025-10-30,2026-08-31,2025-10-30,2026-08-31,205,0,0,99.891290980688,317.925730413148,-58.913599708177,2025-11-21,2026-06-25,2026-06-25,2026-07-21,1
002309.SZ,中利集团,1,1,光伏,EP000365;EP000495,2009-11-27,2026-01-05,2026-08-31,160,-0.1061940384,0,0,2025-10-30,2026-08-31,2025-10-30,2026-08-31,205,0,0,0.664556426204,88.541555831168,-56.721881134703,2026-01-09,2026-04-07,2026-04-07,2026-07-14,1
002310.SZ,东方园林,0,1,绿色电力,EP000219,2009-11-27,2026-01-05,2026-08-31,160,0.0399954725,0,0,2025-10-30,2026-08-31,2025-10-30,2026-08-31,205,0,0,-8.594054899933,85.972606382505,-51.581614349308,2026-01-09,2026-03-30,2026-03-30,2026-07-14,1
002317.SZ,众生药业,0,1,医药,EP000484,2009-12-11,2026-01-05,2026-08-31,160,0.3272306182,0,0,2025-10-30,2026-08-31,2025-10-30,2026-08-31,205,0,0,41.125138118106,108.272094032135,-40.650838372873,2026-03-23,2026-07-15,2025-11-17,2026-03-23,1
002322.SZ,理工能科,1,0,中报增长,EP000748,2009-12-18,2026-01-05,2026-08-31,160,0.0887919460,0,0,2025-10-30,2026-08-31,2025-10-30,2026-08-31,205,0,0,3.616428885933,49.946932964215,-37.96734710172,2026-06-29,2026-08-17,2026-03-12,2026-06-29,1
002323.SZ,雅博股份,1,1,光伏,EP000354,2009-12-18,2026-01-05,2026-08-31,159,-0.2134163718,0,0,2025-10-30,2026-08-31,2025-10-30,2026-08-31,204,0,0,-27.118836318396,94.267487674067,-64.262284189734,2025-12-17,2026-03-19,2026-03-19,2026-05-22,1
002324.SZ,普利特,0,1,脑机接口,EP000190,2009-12-18,2026-01-05,2026-08-31,160,-0.4089803534,0,0,2025-10-30,2026-08-31,2025-10-30,2026-08-31,205,0,0,-30.917819254282,114.369408228111,-68.297918082399,2025-12-17,2026-01-09,2026-01-09,2026-07-27,1
002328.SZ,新朋股份,1,1,储能,EP000425,2009-12-30,2026-01-05,2026-08-31,160,0.3018841897,0,0,2025-10-30,2026-08-31,2025-10-30,2026-08-31,205,0,0,34.460456026877,121.533804364976,-56.312927788011,2025-11-24,2026-04-16,2026-04-16,2026-07-21,1
002329.SZ,皇氏集团,1,1,食品饮料,EP000142;EP000640;EP000738,2010-01-06,2026-01-05,2026-08-31,160,0.0153846165,0,0,2025-10-30,2026-08-31,2025-10-30,2026-08-31,205,0,0,10.614739355822,83.984437463963,-47.967394004356,2026-06-29,2026-08-14,2026-05-14,2026-06-29,1
002345.SZ,潮宏基,0,1,黄金,EP000571,2010-01-28,2026-01-05,2026-08-31,160,-0.1927968678,0,0,2025-10-30,2026-08-31,2025-10-30,2026-08-31,205,0,0,-28.792837421607,42.771804190557,-44.001903072748,2026-06-11,2026-08-11,2026-01-26,2026-06-11,1
002346.SZ,柘中股份,0,1,智能电网,EP000649,2010-01-28,2026-01-05,2026-08-31,160,0.0281831678,0,0,2025-10-30,2026-08-31,2025-10-30,2026-08-31,205,0,0,15.691745521674,77.84929596098,-35.720364360599,2026-06-12,2026-08-19,2026-06-25,2026-07-30,1
002348.SZ,高乐股份,0,1,实控人变更,EP000113,2010-02-03,2026-01-05,2026-08-31,160,0.9547904862,0,0,2025-10-30,2026-08-31,2025-10-30,2026-08-31,200,0,0,158.986730388227,278.587916581618,-49.658062666919,2025-10-30,2026-05-29,2026-05-29,2026-07-21,1
002350.SZ,北京科锐,1,1,储能;智能电网;绿色电力,EP000309;EP000322;EP000663,2010-02-03,2026-01-05,2026-08-31,160,0.8453244549,0,0,2025-10-30,2026-08-31,2025-10-30,2026-08-31,205,0,0,89.419207465994,139.012132077516,-33.759180099714,2025-10-31,2026-05-29,2026-05-29,2026-07-21,1
002353.SZ,杰瑞股份,0,1,燃气轮机,EP000691,2010-02-05,2026-01-05,2026-08-31,160,0.8475952357,0,0,2025-10-30,2026-08-31,2025-10-30,2026-08-31,205,0,0,159.910380787761,261.324894504917,-40.540248341774,2025-11-13,2026-07-06,2026-07-06,2026-07-21,1
002354.SZ,天娱数科,1,1,AI应用;机器人概念;虚拟人,EP000554;EP000611;EP000710;EP000719,2010-02-09,2026-01-05,2026-08-31,160,0.2605954375,0,0,2025-10-30,2026-08-31,2025-10-30,2026-08-31,205,0,0,17.741978218958,92.911089970623,-43.520278065619,2026-03-23,2026-07-02,2026-07-02,2026-07-21,1
002356.SZ,赫美集团,0,1,氢能源,EP000070,2010-02-09,2026-01-05,2026-08-31,160,-0.2929267447,0,0,2025-10-30,2026-08-31,2025-10-30,2026-08-31,205,0,0,-22.864681350702,45.400690116802,-51.020320686832,2025-11-14,2025-12-02,2025-12-02,2026-07-21,1
002361.SZ,神剑股份,1,1,商业航天,EP000166;EP000266;EP000379;EP000717,2010-03-03,2026-01-05,2026-08-31,160,-0.2636016331,0,0,2025-10-30,2026-08-31,2025-10-30,2026-08-31,205,0,0,61.220509448138,283.813484431739,-66.304833305987,2025-11-28,2026-04-22,2026-04-22,2026-07-21,1
002363.SZ,隆基机械,0,1,汽车零部件,EP000177,2010-03-05,2026-01-05,2026-08-31,160,-0.3049164880,0,0,2025-10-30,2026-08-31,2025-10-30,2026-08-31,205,0,0,-15.519134399892,44.274852839893,-49.06425650699,2025-12-17,2025-12-26,2025-12-26,2026-07-22,1
002364.SZ,中恒电气,0,1,电源,EP000493,2010-03-05,2026-01-05,2026-08-31,160,0.4614712067,0,0,2025-10-30,2026-08-31,2025-10-30,2026-08-31,205,0,0,38.797744714205,179.453690973259,-43.668523112287,2025-11-24,2026-07-10,2026-07-10,2026-07-30,1
002366.SZ,融发核电,0,1,核电,EP000781,2010-03-12,2026-01-05,2026-08-31,160,-0.1850857785,0,0,2025-10-30,2026-08-31,2025-10-30,2026-08-31,205,0,0,-26.706490142622,43.917492317019,-49.267754189336,2026-07-14,2026-08-05,2026-01-12,2026-07-14,1
002371.SZ,北方华创,1,0,芯片,EP000674,2010-03-16,2026-01-05,2026-08-31,160,0.5257061576,0,0,2025-10-30,2026-08-31,2025-10-30,2026-08-31,205,0,0,65.342509980411,150.375424821093,-34.650792087765,2025-11-21,2026-07-01,2026-07-01,2026-08-04,1
002374.SZ,中锐股份,0,1,酿酒,EP000042;EP000141,2010-03-18,2026-01-05,2026-08-31,160,-0.1361142766,0,0,2025-10-30,2026-08-31,2025-10-30,2026-08-31,205,0,0,12.68079080081,70.848857178597,-46.43646909535,2025-10-30,2025-11-13,2025-11-13,2026-07-21,1
002378.SZ,章源钨业,0,1,有色金属,EP000301,2010-03-31,2026-01-05,2026-08-31,160,0.8124157685,0,0,2025-10-30,2026-08-31,2025-10-30,2026-08-31,205,0,0,82.140572923419,304.849125821201,-58.130572208238,2025-11-28,2026-03-11,2026-03-11,2026-07-21,1
002384.SZ,东山精密,1,1,消费电子,EP000426,2010-04-09,2026-01-05,2026-08-31,160,1.3390427587,0,0,2025-10-30,2026-08-31,2025-10-30,2026-08-31,205,0,0,165.344140690121,353.864536841418,-42.230804215711,2025-11-24,2026-07-15,2026-07-15,2026-07-30,1
002388.SZ,新亚制程,0,1,锂电池,EP000696,2010-04-13,2026-01-05,2026-08-31,159,0.0438884680,0,0,2025-10-30,2026-08-31,2025-10-30,2026-08-31,204,0,0,17.876597346209,95.441443406005,-49.785450051458,2026-07-21,2026-08-27,2026-05-27,2026-07-21,1
002395.SZ,双象股份,0,1,体育产业,EP000498,2010-04-29,2026-01-05,2026-08-31,160,-0.2445551367,0,0,2025-10-30,2026-08-31,2025-10-30,2026-08-31,205,0,0,-29.31444863553,34.518082961876,-47.189133329682,2025-12-17,2026-05-18,2026-05-18,2026-07-21,1
002396.SZ,星网锐捷,1,1,中报增长,EP000622,2010-06-23,2026-01-05,2026-08-31,160,0.7437247424,0,0,2025-10-30,2026-08-31,2025-10-30,2026-08-31,205,0,0,91.016135174791,139.09940625043,-34.603459053624,2026-06-29,2026-08-31,2026-05-21,2026-06-29,1
002407.SZ,多氟多,0,1,化工,EP000720,2010-05-18,2026-01-05,2026-08-31,160,0.0810208082,0,0,2025-10-30,2026-08-31,2025-10-30,2026-08-31,205,0,0,46.982388564002,133.705993412702,-55.669587512859,2026-03-24,2026-07-02,2026-07-02,2026-07-21,1
002408.SZ,齐翔腾达,1,1,化工,EP000411,2010-05-18,2026-01-05,2026-08-31,160,0.1413913946,0,0,2025-10-30,2026-08-31,2025-10-30,2026-08-31,205,0,0,12.981713040392,57.836729980051,-36.783224407518,2025-12-12,2026-04-10,2026-04-10,2026-06-29,1
002412.SZ,汉森制药,0,1,医药,EP000466,2010-05-25,2026-01-05,2026-08-31,160,0.9319312449,0,0,2025-10-30,2026-08-31,2025-10-30,2026-08-31,205,0,0,95.325379943113,167.480438694277,-35.189149789397,2026-06-29,2026-08-27,2026-02-10,2026-06-29,1
002418.SZ,康盛股份,0,1,三季报增长;算力,EP000001;EP000778,2010-06-01,2026-01-05,2026-08-31,160,0.1299813102,0,0,2025-10-30,2026-08-31,2025-10-30,2026-08-31,205,0,0,14.195415044209,88.811543813528,-59.831454335174,2026-07-21,2026-08-28,2026-04-23,2026-07-21,1
002421.SZ,达实智能,1,1,AI应用;人工智能;物理AI,EP000416;EP000507;EP000519;EP000547,2010-06-03,2026-01-05,2026-08-31,160,0.1754363002,0,0,2025-10-30,2026-08-31,2025-10-30,2026-08-31,205,0,0,1.208428632025,153.49733556661,-61.038924801673,2026-04-07,2026-06-09,2026-06-09,2026-07-21,1
002428.SZ,云南锗业,0,1,有色金属;芯片,EP000209;EP000374;EP000383,2010-06-08,2026-01-05,2026-08-31,160,2.1719494226,0,0,2025-10-30,2026-08-31,2025-10-30,2026-08-31,205,0,0,241.967995707433,452.976539890804,-54.240144069837,2025-11-24,2026-06-25,2026-06-25,2026-07-21,1
002431.SZ,棕榈股份,0,1,旅游,EP000024,2010-06-10,2026-01-05,2026-08-31,159,-0.4225939944,0,0,2025-10-30,2026-08-31,2025-10-30,2026-08-31,204,0,0,-43.442632111935,44.680854908,-65.294132097297,2025-10-31,2025-11-06,2025-11-06,2026-06-30,1
002432.SZ,九安医疗,1,1,人工智能;医疗器械,EP000399;EP000665,2010-06-10,2026-01-05,2026-08-31,160,0.7913052000,0,0,2025-10-30,2026-08-31,2025-10-30,2026-08-31,205,0,0,79.130548791792,140.903376212427,-40.894423701841,2025-11-05,2026-04-23,2026-04-23,2026-07-13,1
002445.SZ,中南文化,1,1,并购重组;电力,EP000327;EP000339,2010-07-13,2026-01-05,2026-08-31,145,0.3153919049,0,0,2025-10-30,2026-08-31,2025-10-30,2026-08-31,190,0,0,33.0747080375,93.117315587892,-45.911591647363,2025-12-17,2026-03-16,2026-03-16,2026-07-21,1
002451.SZ,摩恩电气,0,1,智能电网,EP000019;EP000056,2010-07-20,2026-01-05,2026-08-31,160,-0.2330474440,0,0,2025-10-30,2026-08-31,2025-10-30,2026-08-31,205,0,0,10.988622193936,120.144716549194,-60.321557058121,2025-10-30,2025-11-13,2025-11-13,2026-07-21,1
002455.SZ,百川股份,1,1,化工,EP000251,2010-08-03,2026-01-05,2026-08-31,160,0.1143666793,0,0,2025-10-30,2026-08-31,2025-10-30,2026-08-31,205,0,0,12.376651233917,163.44085219686,-67.580159741155,2025-12-17,2026-03-13,2026-03-13,2026-07-21,1
002462.SZ,嘉事堂,0,1,医药,EP000187,2010-08-18,2026-01-05,2026-08-31,155,-0.1434409887,0,0,2025-10-30,2026-08-31,2025-10-30,2026-08-31,200,0,0,-11.381816734812,42.784972330082,-46.317688546109,2025-10-30,2026-01-08,2026-01-08,2026-06-29,1
002470.SZ,金正大,0,1,化工,EP000300,2010-09-08,2026-01-05,2026-08-31,160,0.1853955463,0,0,2025-10-30,2026-08-31,2025-10-30,2026-08-31,205,0,0,15.934547550925,123.392578606463,-54.973905949819,2025-12-17,2026-03-19,2026-03-19,2026-07-21,1
002471.SZ,中超控股,1,1,商业航天;燃气轮机,EP000139;EP000266,2010-09-10,2026-01-05,2026-08-31,160,-0.3179554347,0,0,2025-10-30,2026-08-31,2025-10-30,2026-08-31,205,0,0,10.282270135052,168.395188445197,-58.969584424131,2025-11-21,2026-02-10,2026-02-10,2026-07-21,1
002474.SZ,榕基软件,0,1,人工智能,EP000065,2010-09-15,2026-01-05,2026-08-31,160,-0.3539509946,0,0,2025-10-30,2026-08-31,2025-10-30,2026-08-31,205,0,0,-22.221755150897,83.779998243785,-61.050187430606,2025-11-12,2025-11-25,2025-11-25,2026-07-21,1
002476.SZ,宝莫股份,0,1,化工,EP000752,2010-09-15,2026-01-05,2026-08-31,160,-0.2955832854,0,0,2025-10-30,2026-08-31,2025-10-30,2026-08-31,205,0,0,-13.705825239217,45.803123626992,-49.812565112453,2025-12-11,2026-01-06,2026-01-06,2026-07-21,1
002478.SZ,常宝股份,1,1,燃气轮机,EP000029;EP000310;EP000422,2010-09-21,2026-01-05,2026-08-31,160,-0.1586426815,0,0,2025-10-30,2026-08-31,2025-10-30,2026-08-31,205,0,0,8.798095407969,114.042165505213,-58.881718504824,2025-10-31,2026-03-06,2026-03-06,2026-07-21,1
002490.SZ,山东墨龙,1,1,石油石化,EP000671,2010-10-21,2026-01-05,2026-08-31,160,0.2999957349,0,0,2025-10-30,2026-08-31,2025-10-30,2026-08-31,205,0,0,15.279543537078,137.254708763523,-57.162659624711,2025-12-17,2026-03-09,2026-03-09,2026-06-30,1
002491.SZ,通鼎互联,1,1,通信,EP000375;EP000465,2010-10-21,2026-01-05,2026-08-31,160,2.7033267701,0,0,2025-10-30,2026-08-31,2025-10-30,2026-08-31,205,0,0,319.244087873088,677.101147963472,-66.154662983249,2025-11-21,2026-06-25,2026-06-25,2026-07-30,1
002498.SZ,汉缆股份,0,1,智能电网,EP000293,2010-11-09,2026-01-05,2026-08-31,160,0.6592862482,0,0,2025-10-30,2026-08-31,2025-10-30,2026-08-31,205,0,0,69.01794484034,233.333842381571,-56.770149116764,2025-11-27,2026-05-14,2026-05-14,2026-07-21,1
002501.SZ,利源股份,0,1,金属铝,EP000389,2010-11-17,2026-01-05,2026-08-31,159,-0.4819228450,0,0,2025-10-30,2026-08-31,2025-10-30,2026-08-31,204,0,0,-45.338424806341,42.62316830559,-58.965143334924,2026-05-11,2026-06-05,2026-01-07,2026-06-26,1
002506.SZ,协鑫集成,0,1,储能;光伏,EP000264;EP000331;EP000495,2010-11-18,2026-01-05,2026-08-31,160,-0.0535732928,0,0,2025-10-30,2026-08-31,2025-10-30,2026-08-31,205,0,0,5.99957857846,159.5915700741,-64.308292124764,2025-12-05,2026-03-11,2026-03-11,2026-07-21,1
002523.SZ,天桥起重,0,1,机器人概念,EP000161,2010-12-10,2026-01-05,2026-08-31,160,-0.1717043859,0,0,2025-10-30,2026-08-31,2025-10-30,2026-08-31,205,0,0,-19.788413099364,34.946276974304,-42.650506521054,2025-12-17,2026-01-13,2026-01-13,2026-07-13,1
002532.SZ,天山铝业,1,0,金属铝,EP000389,2010-12-31,2026-01-05,2026-08-31,160,-0.1472150154,0,0,2025-10-30,2026-08-31,2025-10-30,2026-08-31,205,0,0,1.456291418975,78.904259872337,-51.940151637938,2025-11-24,2026-01-29,2026-01-29,2026-07-09,1
002536.SZ,飞龙股份,1,0,液冷;算力,EP000146;EP000770,2011-01-11,2026-01-05,2026-08-31,160,0.8609619918,0,0,2025-10-30,2026-08-31,2025-10-30,2026-08-31,205,0,0,136.300224988051,193.005618445816,-47.423089494316,2025-11-24,2026-07-15,2026-07-15,2026-08-04,1
002543.SZ,万和电气,1,0,热泵,EP000351,2011-01-28,2026-01-05,2026-08-31,160,-0.2475726073,0,0,2025-10-30,2026-08-31,2025-10-30,2026-08-31,205,0,0,-33.54438260654,37.024898971167,-47.714167523498,2026-06-29,2026-08-20,2025-11-14,2026-06-29,1
002552.SZ,宝鼎科技,0,1,通信,EP000506;EP000713,2011-02-25,2026-01-05,2026-08-31,160,2.1998536083,0,0,2025-10-30,2026-08-31,2025-10-30,2026-08-31,205,0,0,229.751351841798,419.946406014949,-59.876031474037,2026-03-24,2026-06-22,2026-06-22,2026-07-30,1
002560.SZ,通达股份,1,1,年报增长,EP000393,2011-03-03,2026-01-05,2026-08-31,160,-0.1320138216,0,0,2025-10-30,2026-08-31,2025-10-30,2026-08-31,205,0,0,-0.236221547374,133.535662718965,-60.465239856035,2025-11-21,2026-05-13,2026-05-13,2026-07-21,1
002574.SZ,明牌珠宝,1,1,黄金,EP000215,2011-04-22,2026-01-05,2026-08-31,160,-0.0925274808,0,0,2025-10-30,2026-08-31,2025-10-30,2026-08-31,205,0,0,-11.304264240077,46.755729449028,-48.244523425272,2025-12-17,2026-01-14,2026-01-14,2026-07-21,1
002578.SZ,闽发铝业,1,1,金属铝,EP000033,2011-04-28,2026-01-05,2026-08-31,160,-0.0824020385,0,0,2025-10-30,2026-08-31,2025-10-30,2026-08-31,205,0,0,7.853846419065,63.773777333423,-51.465133026668,2026-07-21,2026-08-31,2026-01-29,2026-07-21,1
002579.SZ,中京电子,1,1,AI PC,EP000534,2011-05-06,2026-01-05,2026-08-31,160,0.2052527706,0,0,2025-10-30,2026-08-31,2025-10-30,2026-08-31,205,0,0,20.922609720489,120.339083840163,-57.350514703176,2025-11-21,2026-06-26,2026-06-26,2026-07-21,1
002580.SZ,圣阳股份,1,1,液冷;算力;锂电池,EP000406;EP000430;EP000598;EP000696,2011-05-06,2026-01-05,2026-08-31,160,0.7324784496,0,0,2025-10-30,2026-08-31,2025-10-30,2026-08-31,205,0,0,57.659421667795,205.951422379327,-62.666961003838,2025-12-17,2026-05-14,2026-05-14,2026-07-21,1
002585.SZ,双星新材,1,1,化工;电阻电容,EP000119;EP000228;EP000582,2011-06-02,2026-01-05,2026-08-31,160,0.4765925521,0,0,2025-10-30,2026-08-31,2025-10-30,2026-08-31,205,0,0,85.746841162058,190.680688133441,-55.765444087214,2025-10-30,2026-06-22,2026-06-22,2026-07-21,1
002591.SZ,恒大高新,1,0,锂电池,EP000034,2011-06-21,2026-01-05,2026-08-31,160,-0.1859562982,0,0,2025-10-30,2026-08-31,2025-10-30,2026-08-31,205,0,0,3.282012049412,57.0249805873,-47.894398746687,2025-12-17,2026-05-25,2026-05-25,2026-07-21,1
002606.SZ,大连电瓷,0,1,智能电网,EP000517,2011-08-05,2026-01-05,2026-08-31,160,0.5139986528,0,0,2025-10-30,2026-08-31,2025-10-30,2026-08-31,205,0,0,43.986505864437,114.049081790037,-34.755060884624,2025-12-17,2026-05-13,2026-05-13,2026-07-09,1
002632.SZ,道明光学,1,1,端侧AI,EP000100,2011-11-22,2026-01-05,2026-08-31,160,-0.3079837156,0,0,2025-10-30,2026-08-31,2025-10-30,2026-08-31,205,0,0,-20.812504934518,73.402981811708,-54.285246147597,2025-11-21,2025-12-03,2025-12-03,2026-07-27,1
002634.SZ,棒杰股份,0,1,光伏,EP000384,2011-12-05,2026-01-05,2026-08-31,159,-0.2531014864,0,0,2025-10-30,2026-08-31,2025-10-30,2026-08-31,204,0,0,-17.255116186027,100.622564521034,-65.04661052879,2025-10-30,2026-04-09,2026-04-09,2026-07-21,1
002636.SZ,金安国纪,0,1,年报增长;通信,EP000041;EP000230,2011-11-25,2026-01-05,2026-08-31,160,3.5444043716,0,0,2025-10-30,2026-08-31,2025-10-30,2026-08-31,205,0,0,388.654117413885,794.454051554753,-62.29302018064,2025-11-24,2026-07-01,2026-07-01,2026-08-03,1
002639.SZ,雪人集团,1,1,可控核聚变;核电,EP000137;EP000614,2011-12-05,2026-01-05,2026-08-31,160,-0.3586068262,0,0,2025-10-30,2026-08-31,2025-10-30,2026-08-31,205,0,0,4.282610387255,165.063631078081,-64.122054335871,2025-10-31,2026-01-13,2026-01-13,2026-07-21,1
002645.SZ,华宏科技,0,1,稀土永磁,EP000472;EP000525,2011-12-20,2026-01-05,2026-08-31,160,0.5962294939,0,0,2025-10-30,2026-08-31,2025-10-30,2026-08-31,205,0,0,37.463409960805,215.573321007664,-60.174709417142,2025-12-17,2026-06-18,2026-06-18,2026-07-21,1
002655.SZ,共达电声,0,1,金刚石概念,EP000723,2012-02-17,2026-01-05,2026-08-31,160,2.0338516081,0,0,2025-10-30,2026-08-31,2025-10-30,2026-08-31,205,0,0,208.156015392959,353.63036801687,-59.616926082665,2025-11-24,2026-06-26,2026-06-26,2026-07-30,1
002666.SZ,德联集团,0,1,核电,EP000158,2012-03-27,2026-01-05,2026-08-31,160,-0.2232298708,0,0,2025-10-30,2026-08-31,2025-10-30,2026-08-31,205,0,0,-22.322722456977,31.250166290099,-41.587346432206,2025-12-17,2026-03-12,2026-03-12,2026-07-21,1
002667.SZ,威领股份,0,1,有色金属,EP000235,2012-03-29,2026-01-05,2026-08-31,159,0.4239930291,0,0,2025-10-30,2026-08-31,2025-10-30,2026-08-31,199,0,0,56.902762287049,207.586504247291,-79.624380563963,2025-10-30,2026-03-12,2026-03-12,2026-07-21,1
002678.SZ,珠江钢琴,1,1,体育产业,EP000261,2012-05-30,2026-01-05,2026-08-31,160,-0.0168858967,0,0,2025-10-30,2026-08-31,2025-10-30,2026-08-31,205,0,0,2.744559165635,41.935338193082,-42.50393282372,2026-07-21,2026-08-28,2026-05-20,2026-07-21,1
002682.SZ,龙洲股份,0,1,海峡两岸,EP000114;EP000138,2012-06-12,2026-01-05,2026-08-31,160,-0.4142311403,0,0,2025-10-30,2026-08-31,2025-10-30,2026-08-31,205,0,0,-0.396195400832,151.898703699411,-69.681579636526,2025-10-31,2025-12-15,2025-12-15,2026-07-21,1
002691.SZ,冀凯股份,0,1,新型工业化,EP000052,2012-07-31,2026-01-05,2026-08-31,159,-0.4917160981,0,0,2025-10-30,2026-08-31,2025-10-30,2026-08-31,204,0,0,-42.99900742462,49.840955502029,-72.173234940369,2026-07-21,2026-08-31,2025-11-13,2026-07-21,1
002696.SZ,百洋股份,0,1,农业,EP000730,2012-09-05,2026-01-05,2026-08-31,160,-0.0551823465,0,0,2025-10-30,2026-08-31,2025-10-30,2026-08-31,205,0,0,-1.766556806001,52.494465209528,-41.488127365028,2026-07-21,2026-08-31,2025-11-21,2026-07-21,1
002702.SZ,海欣食品,1,1,食品饮料,EP000101,2012-10-11,2026-01-05,2026-08-31,160,-0.2780913946,0,0,2025-10-30,2026-08-31,2025-10-30,2026-08-31,205,0,0,8.667999886764,138.216922345987,-64.884245546418,2025-10-30,2025-12-09,2025-12-09,2026-07-21,1
002703.SZ,浙江世宝,1,1,无人驾驶;智能驾驶,EP000156;EP000168;EP000512,2012-11-02,2026-01-05,2026-08-31,160,-0.1922313481,0,0,2025-10-30,2026-08-31,2025-10-30,2026-08-31,205,0,0,20.492781477294,142.615899963604,-60.660861825932,2025-11-21,2026-01-13,2026-01-13,2026-07-21,1
002716.SZ,湖南白银,0,1,有色金属,EP000421,2014-01-28,2026-01-05,2026-08-31,160,0.5664529792,0,0,2025-10-30,2026-08-31,2025-10-30,2026-08-31,205,0,0,67.281835010488,273.029741529464,-68.497991114565,2025-11-24,2026-01-29,2026-01-29,2026-07-20,1
002718.SZ,友邦吊顶,1,0,实控人变更,EP000212,2014-01-28,2026-01-05,2026-08-31,155,1.4176451905,0,0,2025-10-30,2026-08-31,2025-10-30,2026-08-31,195,0,0,255.81574182864,402.074499592024,-38.479159560414,2025-10-31,2026-06-25,2026-06-25,2026-07-30,1
002725.SZ,跃岭股份,1,1,芯片,EP000133,2014-01-29,2026-01-05,2026-08-31,160,-0.3079838836,0,0,2025-10-30,2026-08-31,2025-10-30,2026-08-31,205,0,0,-28.074643552336,54.406353873695,-56.925605266989,2025-11-21,2025-12-11,2025-12-11,2026-07-21,1
002728.SZ,特一药业,0,1,医药,EP000278,2014-07-31,2026-01-05,2026-08-31,160,-0.1642851368,0,0,2025-10-30,2026-08-31,2025-10-30,2026-08-31,205,0,0,-15.572510919899,44.581768016818,-48.690461521467,2025-10-30,2025-11-14,2025-11-14,2026-06-22,1
002735.SZ,王子新材,1,0,核电,EP000158,2014-12-03,2026-01-05,2026-08-31,160,-0.3372143770,0,0,2025-10-30,2026-08-31,2025-10-30,2026-08-31,205,0,0,-27.222801847186,67.832561961586,-63.749950594711,2025-11-21,2026-01-12,2026-01-12,2026-07-21,1
002739.SZ,万达电影,1,1,文化传媒,EP000661,2015-01-22,2026-01-05,2026-08-31,160,-0.2420472143,0,0,2025-10-30,2026-08-31,2025-10-30,2026-08-31,205,0,0,-21.786444566141,49.138921234965,-45.565950323486,2026-06-22,2026-07-17,2026-02-10,2026-06-22,1
002743.SZ,富煌钢构,1,0,并购重组,EP000758,2015-02-17,2026-01-05,2026-08-31,160,-0.0533088064,0,0,2025-10-30,2026-08-31,2025-10-30,2026-08-31,205,0,0,-7.207253659229,64.127138977668,-52.344997985747,2026-07-21,2026-08-31,2026-03-16,2026-07-21,1
002748.SZ,世龙实业,0,1,锂电池,EP000737,2015-03-19,2026-01-05,2026-08-31,160,-0.0444567653,0,0,2025-10-30,2026-08-31,2025-10-30,2026-08-31,205,0,0,-11.569401111184,36.710348150163,-41.315489315624,2026-07-21,2026-08-26,2025-11-14,2026-07-21,1
002757.SZ,南兴股份,1,0,人工智能,EP000183,2015-05-27,2026-01-05,2026-08-31,160,-0.0955858266,0,0,2025-10-30,2026-08-31,2025-10-30,2026-08-31,205,0,0,3.338680095968,113.262777498858,-57.462598404915,2025-12-17,2026-05-14,2026-05-14,2026-07-21,1
002759.SZ,天际股份,1,0,锂电池,EP000165,2015-05-28,2026-01-05,2026-08-31,159,-0.6284733950,0,0,2025-10-30,2026-08-31,2025-10-30,2026-08-31,204,0,0,-32.326740497981,128.11654557751,-79.206792922317,2025-10-30,2026-01-06,2026-01-06,2026-07-22,1
002760.SZ,凤形股份,0,1,发电机,EP000491,2015-06-11,2026-01-05,2026-08-31,160,-0.1202185517,0,0,2025-10-30,2026-08-31,2025-10-30,2026-08-31,205,0,0,-11.12085970182,41.316772591483,-47.849117101922,2026-07-21,2026-08-28,2026-05-19,2026-07-21,1
002762.SZ,金发拉比,0,1,服装家纺,EP000740,2015-06-10,2026-01-05,2026-08-31,159,0.3799166731,0,0,2025-10-30,2026-08-31,2025-10-30,2026-08-31,204,0,0,20.786612572959,77.919492709396,-33.800579712097,2026-03-04,2026-08-12,2026-05-27,2026-07-21,1
002766.SZ,索菱股份,1,1,无人驾驶;智能驾驶,EP000195;EP000512,2015-06-11,2026-01-05,2026-08-31,160,-0.2909081916,0,0,2025-10-30,2026-08-31,2025-10-30,2026-08-31,205,0,0,-22.282389500796,68.619637110129,-59.057078367447,2025-12-15,2026-01-07,2026-01-07,2026-07-14,1
002774.SZ,快意电梯,0,1,地产链;电梯概念,EP000193;EP000204;EP000208,2017-03-24,2026-01-05,2026-08-31,160,0.7781002892,0,0,2025-10-30,2026-08-31,2025-10-30,2026-08-31,205,0,0,70.638838407453,113.196912503504,-40.668712258398,2025-12-11,2026-08-18,2026-01-12,2026-03-23,1
002775.SZ,文科股份,0,1,绿色电力,EP000663,2015-06-29,2026-01-05,2026-08-31,160,-0.1495342312,0,0,2025-10-30,2026-08-31,2025-10-30,2026-08-31,205,0,0,-18.568316289242,42.955226372328,-44.886395573729,2026-07-21,2026-07-28,2026-01-16,2026-07-21,1
002782.SZ,可立克,0,1,智能电网,EP000503,2015-12-22,2026-01-05,2026-08-31,160,-0.1295069344,0,0,2025-10-30,2026-08-31,2025-10-30,2026-08-31,205,0,0,-19.998979614367,84.872032613371,-60.070444576009,2025-12-17,2026-05-27,2026-05-27,2026-07-21,1
002788.SZ,鹭燕医药,1,1,医药,EP000153,2016-02-18,2026-01-05,2026-08-31,160,-0.4712892552,0,0,2025-10-30,2026-08-31,2025-10-30,2026-08-31,205,0,0,32.521766781832,237.186883367533,-67.190929069783,2025-10-30,2026-01-13,2026-01-13,2026-07-21,1
002790.SZ,瑞尔特,1,0,福建,EP000003,2016-03-08,2026-01-05,2026-08-31,160,-0.2406436336,0,0,2025-10-30,2026-08-31,2025-10-30,2026-08-31,205,0,0,-35.905349345665,23.643502900323,-60.900745084992,2026-07-22,2026-08-31,2025-11-03,2026-07-22,1
002795.SZ,永和智控,0,1,股权转让,EP000210,2016-04-28,2026-01-05,2026-08-31,160,0.1476176546,0,0,2025-10-30,2026-08-31,2025-10-30,2026-08-31,205,0,0,37.976889265164,110.117024975968,-57.222299391383,2025-10-31,2026-05-21,2026-05-21,2026-07-21,1
002796.SZ,世嘉科技,1,1,光模块,EP000224,2016-05-10,2026-01-05,2026-08-31,160,0.1045835400,0,0,2025-10-30,2026-08-31,2025-10-30,2026-08-31,205,0,0,59.781666199034,298.825483761209,-66.072334908766,2025-11-24,2026-03-11,2026-03-11,2026-07-30,1
002800.SZ,天顺股份,0,1,一带一路,EP000171,2016-05-30,2026-01-05,2026-08-31,160,0.0019071964,0,0,2025-10-30,2026-08-31,2025-10-30,2026-08-31,205,0,0,9.122590754631,97.621418113224,-59.805815613595,2025-12-17,2026-03-06,2026-03-06,2026-07-21,1
002805.SZ,丰元股份,1,1,固态电池;锂电池,EP000022;EP000569,2016-07-07,2026-01-05,2026-08-31,160,0.0575280916,0,0,2025-10-30,2026-08-31,2025-10-30,2026-08-31,205,0,0,30.38952078482,114.898749343203,-52.027546405589,2025-10-30,2026-06-23,2026-06-23,2026-07-21,1
002815.SZ,崇达技术,1,1,通信,EP000646,2016-10-12,2026-01-05,2026-08-31,160,0.0880217764,0,0,2025-10-30,2026-08-31,2025-10-30,2026-08-31,205,0,0,-0.18565798678,70.406763499597,-48.309347785752,2025-11-21,2026-06-17,2026-06-17,2026-07-30,1
002821.SZ,凯莱英,1,0,医药,EP000613,2016-11-18,2026-01-05,2026-08-31,160,0.7540009858,0,0,2025-10-30,2026-08-31,2025-10-30,2026-08-31,205,0,0,53.830921771398,128.049390503525,-28.785028553413,2025-11-21,2026-07-16,2026-07-16,2026-07-30,1
002824.SZ,和胜股份,1,1,消费电子;锂电池,EP000430;EP000574,2017-01-12,2026-01-05,2026-08-31,160,0.3758054840,0,0,2025-10-30,2026-08-31,2025-10-30,2026-08-31,205,0,0,36.525250096672,154.649800952369,-55.690841781174,2026-03-23,2026-06-23,2026-06-23,2026-07-21,1
002827.SZ,高争民爆,1,0,实控人变更,EP000699,2016-12-09,2026-01-05,2026-08-31,160,0.5479742707,0,0,2025-10-30,2026-08-31,2025-10-30,2026-08-31,205,0,0,57.060044925748,178.738951545327,-47.092101521715,2026-07-10,2026-08-12,2025-12-24,2026-07-10,1
002830.SZ,名雕股份,1,1,AI应用;人工智能;地产链,EP000225;EP000269;EP000274;EP000589,2016-12-13,2026-01-05,2026-08-31,160,0.1377368849,0,0,2025-10-30,2026-08-31,2025-10-30,2026-08-31,205,0,0,26.415533951211,109.496164732553,-59.534561657106,2025-10-31,2026-02-10,2026-02-10,2026-07-21,1
002842.SZ,翔鹭钨业,1,1,有色金属,EP000291;EP000734,2017-01-19,2026-01-05,2026-08-31,160,1.6995615087,0,0,2025-10-30,2026-08-31,2025-10-30,2026-08-31,205,0,0,233.637810626387,412.343686033158,-51.506146244852,2025-11-24,2026-06-26,2026-06-26,2026-07-21,1
002851.SZ,麦格米特,0,1,电源,EP000581,2017-03-06,2026-01-05,2026-08-31,160,0.4503236436,0,0,2025-10-30,2026-08-31,2025-10-30,2026-08-31,205,0,0,62.739793602434,184.828716050231,-49.051068387577,2025-11-24,2026-06-23,2026-06-23,2026-07-30,1
002855.SZ,捷荣技术,0,1,消费电子,EP000782;EP000792,2017-03-21,2026-01-05,2026-08-31,160,-0.0170839158,0,0,2025-10-30,2026-08-31,2025-10-30,2026-08-31,205,0,0,-5.847084746567,99.258380362069,-60.43072110241,2026-07-21,2026-08-31,2025-12-01,2026-07-21,1
002865.SZ,钧达股份,1,1,光伏,EP000151;EP000192;EP000314;EP000480,2017-04-25,2026-01-05,2026-08-31,160,-0.2721132933,0,0,2025-10-30,2026-08-31,2025-10-30,2026-08-31,205,0,0,-5.425022468288,225.284676861032,-68.058024475095,2025-12-05,2026-02-04,2026-02-04,2026-07-21,1
002871.SZ,伟隆股份,1,0,算力,EP000539;EP000544,2017-05-11,2026-01-05,2026-08-31,160,0.0484331611,0,0,2025-10-30,2026-08-31,2025-10-30,2026-08-31,205,0,0,23.425589911382,71.951296797988,-41.456290963139,2025-11-21,2026-07-01,2026-07-01,2026-07-21,1
002875.SZ,安奈儿,0,1,服装家纺,EP000791,2017-06-01,2026-01-05,2026-08-31,160,-0.1250003150,0,0,2025-10-30,2026-08-31,2025-10-30,2026-08-31,205,0,0,-20.165336833734,75.622392867777,-60.634241254449,2025-12-17,2026-04-30,2026-04-30,2026-07-21,1
002879.SZ,长缆科技,1,1,智能电网,EP000684,2017-07-07,2026-01-05,2026-08-31,160,-0.0936637614,0,0,2025-10-30,2026-08-31,2025-10-30,2026-08-31,205,0,0,0.903213901263,71.970435369353,-50.238422772429,2026-07-20,2026-07-28,2026-03-10,2026-07-20,1
002885.SZ,京泉华,1,0,智能电网,EP000019,2017-06-27,2026-01-05,2026-08-31,160,0.1155881898,0,0,2025-10-30,2026-08-31,2025-10-30,2026-08-31,205,0,0,12.302181947646,145.598999473149,-61.999287504691,2026-04-03,2026-05-25,2026-05-25,2026-07-21,1
002886.SZ,沃特股份,1,1,化工,EP000788,2017-06-27,2026-01-05,2026-08-31,160,0.3404295912,0,0,2025-10-30,2026-08-31,2025-10-30,2026-08-31,205,0,0,33.673634623734,88.112861315422,-55.395495855798,2025-11-21,2026-05-27,2026-05-27,2026-07-21,1
002896.SZ,中大力德,1,0,机器人概念,EP000366,2017-08-29,2026-01-05,2026-08-31,160,-0.2727686398,0,0,2025-10-30,2026-08-31,2025-10-30,2026-08-31,205,0,0,-28.673684595459,48.692759325588,-38.568706192494,2026-07-30,2026-08-18,2026-06-08,2026-07-30,1
002900.SZ,哈三联,1,1,医药,EP000678;EP000690,2017-09-22,2026-01-05,2026-08-31,160,0.0216725043,0,0,2025-10-30,2026-08-31,2025-10-30,2026-08-31,205,0,0,-7.417816102807,92.497207486152,-42.792817156548,2026-06-29,2026-08-20,2025-11-18,2026-06-29,1
002903.SZ,宇环数控,0,1,消费电子,EP000341,2017-10-13,2026-01-05,2026-08-31,160,0.3847882100,0,0,2025-10-30,2026-08-31,2025-10-30,2026-08-31,205,0,0,47.934435068425,174.227299050402,-63.479079456813,2025-11-28,2026-06-18,2026-06-18,2026-07-21,1
002909.SZ,集泰股份,0,1,算力,EP000170,2017-10-26,2026-01-05,2026-08-31,160,-0.1160022899,0,0,2025-10-30,2026-08-31,2025-10-30,2026-08-31,205,0,0,-7.668085648622,44.711315034326,-53.622878335844,2026-07-21,2026-08-31,2025-12-25,2026-07-21,1
002910.SZ,庄园牧场,0,1,食品饮料,EP000142,2017-10-31,2026-01-05,2026-08-31,160,-0.0819040039,0,0,2025-10-30,2026-08-31,2025-10-30,2026-08-31,205,0,0,-2.391963602364,60.904398449932,-53.091662574052,2025-12-12,2025-12-23,2025-12-23,2026-07-21,1
002915.SZ,中欣氟材,1,0,化工,EP000481,2017-12-05,2026-01-05,2026-08-31,160,-0.2293831447,0,0,2025-10-30,2026-08-31,2025-10-30,2026-08-31,205,0,0,-27.244473882824,40.154589778831,-50.068954291402,2026-04-29,2026-05-18,2025-11-11,2026-07-21,1
002923.SZ,润都股份,1,0,医药,EP000466,2018-01-05,2026-01-05,2026-08-31,160,-0.0880622078,0,0,2025-10-30,2026-08-31,2025-10-30,2026-08-31,205,0,0,-14.174822246671,58.529223512728,-52.426307733031,2025-12-30,2026-04-02,2026-04-02,2026-06-29,1
002927.SZ,泰永长征,1,1,智能电网,EP000136;EP000529;EP000579,2018-02-23,2026-01-05,2026-08-31,160,-0.1733125146,0,0,2025-10-30,2026-08-31,2025-10-30,2026-08-31,205,0,0,4.929549432891,69.367044635157,-51.458791018937,2025-10-31,2026-01-12,2026-01-12,2026-07-21,1
002931.SZ,锋龙股份,1,1,机器人概念,EP000172;EP000226,2018-04-03,2026-01-05,2026-08-31,148,0.4625339595,0,0,2025-10-30,2026-08-31,2025-10-30,2026-08-31,188,0,0,164.173338006647,621.882723210133,-66.369300213297,2025-11-07,2026-02-05,2026-02-05,2026-07-21,1
002940.SZ,昂利康,1,0,医药,EP000511,2018-10-23,2026-01-05,2026-08-31,160,-0.2532312787,0,0,2025-10-30,2026-08-31,2025-10-30,2026-08-31,205,0,0,-33.833793987739,67.155110519189,-52.366777692377,2026-03-23,2026-05-21,2025-11-14,2026-07-31,1
002943.SZ,宇晶股份,1,0,光伏,EP000240;EP000264,2018-11-29,2026-01-05,2026-08-31,160,0.1901274730,0,0,2025-10-30,2026-08-31,2025-10-30,2026-08-31,205,0,0,41.656080496647,213.236863651187,-64.913040852653,2025-11-24,2026-05-29,2026-05-29,2026-07-30,1
002949.SZ,华阳国际,1,1,AI应用,EP000787,2019-02-26,2026-01-05,2026-08-31,160,-0.1131460799,0,0,2025-10-30,2026-08-31,2025-10-30,2026-08-31,205,0,0,-4.629418814041,61.572702837629,-46.809615883863,2026-07-24,2026-08-31,2026-02-25,2026-07-24,1
002951.SZ,金时科技,0,1,元器件,EP000689;EP000749,2019-03-15,2026-01-05,2026-08-31,160,0.0570448412,0,0,2025-10-30,2026-08-31,2025-10-30,2026-08-31,205,0,0,8.470925726609,97.686767794601,-57.724923755564,2026-02-02,2026-06-04,2026-06-04,2026-07-21,1
002952.SZ,亚世光电,1,1,面板,EP000330,2019-03-28,2026-01-05,2026-08-31,160,0.0936729711,0,0,2025-10-30,2026-08-31,2025-10-30,2026-08-31,205,0,0,7.024170652332,75.09082908803,-52.253211299262,2025-12-31,2026-05-26,2026-05-26,2026-07-21,1
002963.SZ,豪尔赛,0,1,旅游,EP000777,2019-10-28,2026-01-05,2026-08-31,160,0.3360247209,0,0,2025-10-30,2026-08-31,2025-10-30,2026-08-31,205,0,0,15.514492715507,110.265265761451,-52.441061143155,2026-07-29,2026-08-27,2026-06-26,2026-07-29,1
002969.SZ,嘉美包装,0,1,实控人变更,EP000160;EP000212;EP000349,2019-12-02,2026-01-05,2026-08-31,148,-0.0134292963,0,0,2025-10-30,2026-08-31,2025-10-30,2026-08-31,188,0,0,242.191247548554,836.871084723422,-71.88437903943,2025-11-21,2026-02-12,2026-02-12,2026-07-21,1
002976.SZ,瑞玛精密,0,1,汽车零部件,EP000105,2020-03-06,2026-01-05,2026-08-31,160,0.1817936068,0,0,2025-10-30,2026-08-31,2025-10-30,2026-08-31,205,0,0,31.974727613351,62.281024554763,-39.499158600564,2025-11-21,2026-05-29,2026-05-29,2026-07-30,1
002980.SZ,华盛昌,1,1,并购重组;通信,EP000323;EP000447;EP000506,2020-04-15,2026-01-05,2026-08-31,160,3.8077831344,0,0,2025-10-30,2026-08-31,2025-10-30,2026-08-31,205,0,0,350.825377045847,574.358014633876,-54.350989242892,2025-12-17,2026-06-18,2026-06-18,2026-08-03,1
002995.SZ,天地在线,1,1,AI应用;人工智能,EP000254;EP000528,2020-08-05,2026-01-05,2026-08-31,160,0.0847494165,0,0,2025-10-30,2026-08-31,2025-10-30,2026-08-31,205,0,0,4.368245731394,143.588205610895,-64.470937453418,2025-12-17,2026-02-06,2026-02-06,2026-07-21,1
003001.SZ,中岩大地,1,1,基础建设;并购重组;核电,EP000653;EP000667;EP000715,2020-10-13,2026-01-05,2026-08-31,160,-0.1954204311,0,0,2025-10-30,2026-08-31,2025-10-30,2026-08-31,205,0,0,-30.637191540906,76.507776807775,-46.696253809221,2026-06-29,2026-08-04,2026-05-21,2026-06-29,1
003009.SZ,中天火箭,0,1,商业航天,EP000545,2020-09-25,2026-01-05,2026-08-31,160,-0.3964881946,0,0,2025-10-30,2026-08-31,2025-10-30,2026-08-31,205,0,0,-16.357341086581,112.056935726352,-55.934506797701,2025-11-21,2026-01-12,2026-01-12,2026-07-30,1
003018.SZ,金富科技,1,1,包装印刷;算力;通信,EP000055;EP000091;EP000778,2020-11-06,2026-01-05,2026-08-31,160,2.4076919233,0,0,2025-10-30,2026-08-31,2025-10-30,2026-08-31,205,0,0,386.9737459144,570.90090799373,-57.382847137541,2025-10-30,2026-06-25,2026-06-25,2026-07-30,1
003020.SZ,立方制药,1,0,医药,EP000647,2020-12-15,2026-01-05,2026-08-31,160,-0.1549958160,0,0,2025-10-30,2026-08-31,2025-10-30,2026-08-31,205,0,0,-21.730551213468,58.873562218232,-46.240000756061,2026-06-29,2026-07-14,2025-11-14,2026-06-29,1
003021.SZ,兆威机电,0,1,机器人概念,EP000340,2020-12-04,2026-01-05,2026-08-31,160,-0.3930362043,0,0,2025-10-30,2026-08-31,2025-10-30,2026-08-31,205,0,0,-36.910578742455,37.145323546639,-52.451827569857,2025-12-17,2026-01-19,2026-01-19,2026-08-24,1
003031.SZ,中瓷电子,0,1,通信,EP000249,2021-01-04,2026-01-05,2026-08-31,160,0.7479702222,0,0,2025-10-30,2026-08-31,2025-10-30,2026-08-31,205,0,0,114.891051959029,310.864055304353,-56.741901812123,2025-11-21,2026-06-23,2026-06-23,2026-07-30,1
003032.SZ,传智教育,1,1,AI应用,EP000698,2021-01-12,2026-01-05,2026-08-31,159,0.7189879425,0,0,2025-10-30,2026-08-31,2025-10-30,2026-08-31,204,0,0,61.981113648824,171.57461602611,-35.742625868961,2026-07-14,2026-08-19,2026-05-25,2026-07-14,1
003036.SZ,泰坦股份,1,0,通信,EP000465,2021-01-28,2026-01-05,2026-08-31,160,2.8545643093,0,0,2025-10-30,2026-08-31,2025-10-30,2026-08-31,205,0,0,258.155031788586,604.927095153388,-61.303582957439,2025-12-17,2026-06-17,2026-06-17,2026-08-03,1
003040.SZ,楚天龙,1,1,金融概念,EP000783,2021-03-22,2026-01-05,2026-08-31,160,-0.1386182459,0,0,2025-10-30,2026-08-31,2025-10-30,2026-08-31,205,0,0,-17.872752153368,101.533158899278,-54.349849452557,2026-07-14,2026-08-28,2025-10-30,2026-07-14,1
003041.SZ,真爱美家,0,1,实控人变更,EP000073,2021-04-06,2026-01-05,2026-08-31,156,-0.2659650321,0,0,2025-10-30,2026-08-31,2025-10-30,2026-08-31,196,0,0,25.884115141888,161.854209793308,-56.770201836009,2025-11-03,2026-01-14,2026-01-14,2026-07-21,1
003042.SZ,中农联合,1,1,农业,EP000250;EP000385,2021-04-06,2026-01-05,2026-08-31,160,-0.1014921600,0,0,2025-10-30,2026-08-31,2025-10-30,2026-08-31,205,0,0,-12.80954883338,86.582032032313,-60.500931312397,2025-12-17,2026-01-29,2026-01-29,2026-07-21,1
300042.SZ,朗科科技,1,1,存储,EP000360,2010-01-08,2026-01-05,2026-08-31,160,0.5761161291,0,0,2025-10-30,2026-08-31,2025-10-30,2026-08-31,205,0,0,25.328562402237,231.009853439247,-56.985321772491,2025-12-17,2026-07-01,2026-07-01,2026-07-21,1
300067.SZ,安诺其,0,1,并购重组,EP000458,2010-04-21,2026-01-05,2026-08-31,151,0.1199965996,0,0,2025-10-30,2026-08-31,2025-10-30,2026-08-31,196,0,0,23.347623763024,100.982666824942,-49.755423378003,2026-04-03,2026-05-07,2026-05-07,2026-07-21,1
300069.SZ,金利华电,0,1,商业航天;并购重组,EP000516;EP000761,2010-04-21,2026-01-05,2026-08-31,150,0.5368059595,0,0,2025-10-30,2026-08-31,2025-10-30,2026-08-31,195,0,0,39.378960440964,278.136845717222,-60.939760268186,2026-03-23,2026-05-25,2026-05-25,2026-07-30,1
300071.SZ,福石控股,0,1,AIGC;AI应用,EP000006;EP000630,2010-04-21,2026-01-05,2026-08-31,160,-0.3568107276,0,0,2025-10-30,2026-08-31,2025-10-30,2026-08-31,205,0,0,-2.097381266261,133.966573135351,-66.192807396561,2025-10-31,2026-01-13,2026-01-13,2026-06-29,1
300102.SZ,乾照光电,0,1,商业航天,EP000036,2010-08-12,2026-01-05,2026-08-31,160,-0.3392918963,0,0,2025-10-30,2026-08-31,2025-10-30,2026-08-31,205,0,0,48.041461190165,297.283191385372,-68.753365714354,2025-11-05,2026-01-26,2026-01-26,2026-07-21,1
300118.SZ,东方日升,0,1,光伏,EP000140,2010-09-02,2026-01-05,2026-08-31,160,-0.3410649585,0,0,2025-10-30,2026-08-31,2025-10-30,2026-08-31,205,0,0,-9.803924266916,160.682133908288,-67.410590065605,2025-12-05,2026-02-04,2026-02-04,2026-07-21,1
300157.SZ,新锦动力,0,1,石油石化,EP000302,2011-01-07,2026-01-05,2026-08-31,160,-0.0859063594,0,0,2025-10-30,2026-08-31,2025-10-30,2026-08-31,205,0,0,-14.256455075267,134.185870938053,-64.349577699534,2025-12-17,2026-03-03,2026-03-03,2026-07-08,1
300162.SZ,雷曼光电,0,1,玻璃基板,EP000549,2011-01-13,2026-01-05,2026-08-31,160,-0.0344338726,0,0,2025-10-30,2026-08-31,2025-10-30,2026-08-31,205,0,0,0.25589447859,99.017511249921,-54.904721285313,2025-12-17,2026-06-30,2026-06-30,2026-07-21,1
300164.SZ,通源石油,0,1,石油石化,EP000656,2011-01-13,2026-01-05,2026-08-31,160,0.9420245704,0,0,2025-10-30,2026-08-31,2025-10-30,2026-08-31,205,0,0,78.965488407678,403.101323689644,-70.993906488392,2025-12-17,2026-03-05,2026-03-05,2026-07-07,1
300165.SZ,天瑞仪器,0,1,锂电池,EP000413,2011-01-25,2026-01-05,2026-08-31,159,0.1496881354,0,0,2025-10-30,2026-08-31,2025-10-30,2026-08-31,199,0,0,21.538981223704,110.879529948387,-56.092163760983,2025-12-17,2026-05-07,2026-05-07,2026-07-21,1
300169.SZ,天晟新材,0,1,化工,EP000702,2011-01-25,2026-01-05,2026-08-31,155,-0.0560014968,0,0,2025-10-30,2026-08-31,2025-10-30,2026-08-31,200,0,0,-17.250784978048,51.69908505638,-47.314669655554,2026-07-21,2026-08-31,2026-01-16,2026-07-21,1
300179.SZ,四方达,0,1,金刚石概念,EP000049,2011-02-15,2026-01-05,2026-08-31,160,1.4768549204,0,0,2025-10-30,2026-08-31,2025-10-30,2026-08-31,205,0,0,180.314239459834,416.946672641073,-56.969715979202,2025-10-31,2026-06-25,2026-06-25,2026-08-03,1
300197.SZ,节能铁汉,1,1,并购重组,EP000542;EP000552,2011-03-29,2026-01-05,2026-08-31,160,0.1525366833,0,0,2025-10-30,2026-08-31,2025-10-30,2026-08-31,205,0,0,-2.857717814672,109.091013543422,-50.931748731023,2026-05-21,2026-06-04,2026-06-04,2026-07-21,1
300250.SZ,初灵信息,0,1,摩尔线程概念,EP000117,2011-08-03,2026-01-05,2026-08-31,160,-0.3445723572,0,0,2025-10-30,2026-08-31,2025-10-30,2026-08-31,205,0,0,-38.644538736203,53.811790476544,-63.88411306138,2025-11-12,2025-12-05,2025-12-05,2026-07-21,1
300264.SZ,佳创视讯,0,1,文化传媒,EP000560,2011-09-16,2026-01-05,2026-08-31,160,-0.0342792378,0,0,2025-10-30,2026-08-31,2025-10-30,2026-08-31,205,0,0,12.304968172857,102.482783385282,-49.124508296453,2025-10-31,2026-02-25,2026-02-25,2026-07-30,1
300275.SZ,梅安森,0,1,智慧矿山,EP000523,2011-11-02,2026-01-05,2026-08-31,160,-0.3067122988,0,0,2025-10-30,2026-08-31,2025-10-30,2026-08-31,205,0,0,-25.100303548072,28.060712357,-51.127084793646,2026-07-21,2026-08-14,2026-01-13,2026-07-21,1
300283.SZ,温州宏丰,1,0,锂电池,EP000462,2012-01-10,2026-01-05,2026-08-31,160,0.8163826498,0,0,2025-10-30,2026-08-31,2025-10-30,2026-08-31,205,0,0,73.131384864575,280.952571756555,-57.282997278635,2026-03-23,2026-06-23,2026-06-23,2026-07-21,1
300317.SZ,珈伟新能,0,1,光伏,EP000314,2012-05-11,2026-01-05,2026-08-31,160,0.0755215801,0,0,2025-10-30,2026-08-31,2025-10-30,2026-08-31,205,0,0,2.228165718167,98.077733375027,-52.565956914491,2025-12-17,2026-03-19,2026-03-19,2026-07-14,1
300332.SZ,天壕能源,0,1,天然气,EP000361,2012-06-28,2026-01-05,2026-08-31,151,-0.0344870732,0,0,2025-10-30,2026-08-31,2025-10-30,2026-08-31,196,0,0,-17.105901217172,53.319765775857,-46.879028876623,2025-12-17,2026-03-04,2026-03-04,2026-06-24,1
300377.SZ,赢时胜,0,1,金融概念,EP000123,2014-01-27,2026-01-05,2026-08-31,160,-0.3290475159,0,0,2025-10-30,2026-08-31,2025-10-30,2026-08-31,205,0,0,-26.482174284064,73.823025532851,-54.562361731788,2025-12-04,2026-01-14,2026-01-14,2026-06-11,1
300427.SZ,红相股份,0,1,军工,EP000066,2015-02-17,2026-01-05,2026-08-31,160,-0.4759184035,0,0,2025-10-30,2026-08-31,2025-10-30,2026-08-31,205,0,0,-2.43181761176,205.417910124063,-74.657913785977,2025-10-30,2026-01-20,2026-01-20,2026-07-21,1
300480.SZ,光力科技,0,1,芯片,EP000289,2015-07-02,2026-01-05,2026-08-31,160,0.8802945625,0,0,2025-10-30,2026-08-31,2025-10-30,2026-08-31,205,0,0,68.832473972006,207.486304931114,-53.87926841591,2025-11-21,2026-07-01,2026-07-01,2026-07-21,1
300497.SZ,富祥药业,0,1,锂电池,EP000376,2015-12-22,2026-01-05,2026-08-31,160,0.1402922381,0,0,2025-10-30,2026-08-31,2025-10-30,2026-08-31,205,0,0,71.441037477424,143.751052715483,-39.78493732,2025-10-30,2026-07-02,2026-07-02,2026-07-21,1
300509.SZ,新美星,0,1,机器人概念,EP000098,2016-04-25,2026-01-05,2026-08-31,160,-0.2621745042,0,0,2025-10-30,2026-08-31,2025-10-30,2026-08-31,205,0,0,-14.187833072794,64.888027040944,-57.349421568131,2025-11-21,2026-01-28,2026-01-28,2026-07-21,1
300518.SZ,新迅达,0,1,锂电池,EP000619,2016-06-24,2026-01-05,2026-08-31,160,0.4571409728,0,0,2025-10-30,2026-08-31,2025-10-30,2026-08-31,205,0,0,64.409826856483,165.075633079588,-58.750051605045,2025-11-24,2026-07-02,2026-07-02,2026-07-30,1
300552.SZ,万集科技,0,1,无人驾驶,EP000721,2016-10-21,2026-01-05,2026-08-31,160,-0.2816195818,0,0,2025-10-30,2026-08-31,2025-10-30,2026-08-31,205,0,0,-13.86248173967,79.2657559404,-57.759092380718,2025-12-15,2026-01-13,2026-01-13,2026-07-21,1
300561.SZ,汇金科技,0,1,金融概念,EP000595,2016-11-17,2026-01-05,2026-08-31,159,0.1337717043,0,0,2025-10-30,2026-08-31,2025-10-30,2026-08-31,204,0,0,-0.668641266529,112.523314740357,-57.940222963829,2026-03-09,2026-06-02,2026-01-16,2026-03-09,1
300588.SZ,熙菱信息,0,1,AI应用,EP000572,2017-01-05,2026-01-05,2026-08-31,160,-0.1485173629,0,0,2025-10-30,2026-08-31,2025-10-30,2026-08-31,205,0,0,-12.11728299755,49.121782223653,-47.092361521749,2026-06-11,2026-07-08,2025-12-01,2026-06-11,1
300593.SZ,新雷能,0,1,电源,EP000558,2017-01-13,2026-01-05,2026-08-31,160,0.0188162659,0,0,2025-10-30,2026-08-31,2025-10-30,2026-08-31,205,0,0,24.670659188596,106.975299102261,-53.900678042173,2025-11-21,2026-05-27,2026-05-27,2026-07-21,1
300598.SZ,诚迈科技,0,1,操作系统,EP000759,2017-01-20,2026-01-05,2026-08-31,160,-0.2564725720,0,0,2025-10-30,2026-08-31,2025-10-30,2026-08-31,205,0,0,-35.32655807509,42.895776365074,-59.203199672203,2026-07-27,2026-08-20,2025-11-20,2026-07-27,1
300599.SZ,雄塑科技,0,1,基础建设,EP000188,2017-01-23,2026-01-05,2026-08-31,160,0.4364749663,0,0,2025-10-30,2026-08-31,2025-10-30,2026-08-31,205,0,0,53.437264788634,107.449772355612,-45.519226181669,2025-12-15,2026-05-25,2026-05-25,2026-07-21,1
300608.SZ,思特奇,1,0,算力,EP000406,2017-02-13,2026-01-05,2026-08-31,160,-0.0803921300,0,0,2025-10-30,2026-08-31,2025-10-30,2026-08-31,205,0,0,-14.309148735021,90.272904888597,-58.537789277071,2026-03-24,2026-05-20,2026-05-20,2026-07-21,1
300615.SZ,欣天科技,0,1,实控人变更,EP000699,2017-02-15,2026-01-05,2026-08-31,155,0.1318982832,0,0,2025-10-30,2026-08-31,2025-10-30,2026-08-31,200,0,0,7.521922267043,148.979920062409,-54.891003564945,2026-07-21,2026-08-12,2026-03-11,2026-07-21,1
300616.SZ,尚品宅配,0,1,AI应用,EP000487,2017-03-07,2026-01-05,2026-08-31,160,-0.2195897902,0,0,2025-10-30,2026-08-31,2025-10-30,2026-08-31,205,0,0,-13.789695270611,69.806540173838,-54.820450699816,2026-04-07,2026-05-20,2026-05-20,2026-07-21,1
300626.SZ,华瑞股份,1,1,机器人概念,EP000405,2017-03-20,2026-01-05,2026-08-31,160,0.7387503464,0,0,2025-10-30,2026-08-31,2025-10-30,2026-08-31,205,0,0,119.900301926311,300.34380862631,-57.479345470781,2025-12-17,2026-05-26,2026-05-26,2026-07-21,1
300639.SZ,凯普生物,0,1,病毒防治,EP000245,2017-04-12,2026-01-05,2026-08-31,160,0.1003721255,0,0,2025-10-30,2026-08-31,2025-10-30,2026-08-31,205,0,0,2.956587484016,88.930577326344,-52.830136146327,2025-12-31,2026-01-28,2026-01-28,2026-06-29,1
300649.SZ,杭州园林,0,1,股权转让,EP000540,2017-05-05,2026-01-05,2026-08-31,160,0.7902151280,0,0,2025-10-30,2026-08-31,2025-10-30,2026-08-31,205,0,0,57.424226852248,146.391294698067,-46.37861414354,2026-03-23,2026-07-10,2026-07-10,2026-07-30,1
300651.SZ,金陵体育,0,1,体育产业,EP000408,2017-05-09,2026-01-05,2026-08-31,160,-0.1536264995,0,0,2025-10-30,2026-08-31,2025-10-30,2026-08-31,205,0,0,-25.52214142203,92.788368829931,-63.200925865385,2025-12-17,2026-04-30,2026-04-30,2026-07-21,1
300659.SZ,中孚信息,0,1,华为概念,EP000068,2017-05-26,2026-01-05,2026-08-31,160,-0.3190089832,0,0,2025-10-30,2026-08-31,2025-10-30,2026-08-31,205,0,0,-31.274589059055,32.722382416873,-55.089410892868,2025-11-13,2025-11-18,2025-11-18,2026-07-21,1
300684.SZ,中石科技,0,1,股权转让,EP000755,2017-12-27,2026-01-05,2026-08-31,160,0.9424707635,0,0,2025-10-30,2026-08-31,2025-10-30,2026-08-31,205,0,0,93.539260024287,153.586351622654,-44.713893067056,2025-11-24,2026-08-18,2026-07-10,2026-08-03,1
300719.SZ,安达维尔,0,1,军工,EP000295,2017-11-09,2026-01-05,2026-08-31,160,-0.3175015226,0,0,2025-10-30,2026-08-31,2025-10-30,2026-08-31,205,0,0,-25.045086788178,31.301217873599,-51.268490447082,2025-12-03,2026-02-13,2026-02-13,2026-07-21,1
300731.SZ,科创新源,0,1,算力,EP000259,2017-12-08,2026-01-05,2026-08-31,160,0.1831980163,0,0,2025-10-30,2026-08-31,2025-10-30,2026-08-31,205,0,0,45.875904134664,144.022785944943,-59.591834556249,2025-11-04,2026-05-29,2026-05-29,2026-07-30,1
300736.SZ,百邦科技,0,1,实控人变更,EP000442,2018-01-09,2026-01-05,2026-08-31,158,0.9471346182,0,0,2025-10-30,2026-08-31,2025-10-30,2026-08-31,203,0,0,111.484782631639,253.35395043501,-56.497608674437,2025-11-04,2026-05-14,2026-05-14,2026-07-21,1
300785.SZ,值得买,0,1,阿里系AI,EP000059,2019-07-15,2026-01-05,2026-08-31,160,-0.2002564117,0,0,2025-10-30,2026-08-31,2025-10-30,2026-08-31,205,0,0,1.402470634301,152.528350778595,-62.965284721337,2025-11-13,2026-01-14,2026-01-14,2026-07-21,1
300814.SZ,中富电路,0,1,通信,EP000080,2021-08-12,2026-01-05,2026-08-31,160,0.8507066319,0,0,2025-10-30,2026-08-31,2025-10-30,2026-08-31,205,0,0,122.108527245403,293.97821930674,-55.293144497912,2025-11-03,2026-06-30,2026-06-30,2026-08-03,1
300827.SZ,上能电气,0,1,储能,EP000362,2020-04-10,2026-01-05,2026-08-31,160,-0.2696565501,0,0,2025-10-30,2026-08-31,2025-10-30,2026-08-31,205,0,0,-22.456296008558,58.253488635303,-54.367677333208,2025-10-30,2025-11-14,2025-11-14,2026-07-20,1
300839.SZ,博汇股份,1,1,石油石化;算力,EP000404;EP000770,2020-06-30,2026-01-05,2026-08-31,160,0.0656117823,0,0,2025-10-30,2026-08-31,2025-10-30,2026-08-31,205,0,0,-1.761319915157,82.249355157261,-55.062753479185,2026-02-03,2026-05-19,2026-05-19,2026-07-21,1
300871.SZ,回盛生物,0,1,医药,EP000242,2020-08-24,2026-01-05,2026-08-31,160,0.1114692341,0,0,2025-10-30,2026-08-31,2025-10-30,2026-08-31,205,0,0,3.41438070357,70.964181565286,-39.423619016424,2025-12-10,2026-01-26,2026-01-26,2026-06-08,1
300894.SZ,火星人,0,1,家电,EP000563,2020-12-31,2026-01-05,2026-08-31,160,-0.0534341867,0,0,2025-10-30,2026-08-31,2025-10-30,2026-08-31,205,0,0,-8.37451960306,52.906941405652,-36.121673431782,2026-06-05,2026-07-07,2026-07-07,2026-07-21,1
300905.SZ,宝丽迪,1,1,化工,EP000441,2020-11-05,2026-01-05,2026-08-31,160,0.1722327912,0,0,2025-10-30,2026-08-31,2025-10-30,2026-08-31,205,0,0,9.136298697722,184.441623894292,-59.736080019,2026-03-24,2026-05-13,2026-05-13,2026-07-21,1
300931.SZ,通用电梯,0,1,地产链,EP000578,2021-01-21,2026-01-05,2026-08-31,160,0.4290889998,0,0,2025-10-30,2026-08-31,2025-10-30,2026-08-31,205,0,0,53.443006195321,78.666734097484,-49.832731146784,2026-07-21,2026-08-21,2026-05-15,2026-07-21,1
300959.SZ,线上线下,0,1,实控人变更,EP000046,2021-03-22,2026-01-05,2026-08-31,160,0.0341066515,0,0,2025-10-30,2026-08-31,2025-10-30,2026-08-31,205,0,0,-8.055553827783,230.291567536935,-65.5171716735,2026-04-03,2026-06-02,2026-06-02,2026-07-21,1
300981.SZ,中红医疗,0,1,医疗器械,EP000348,2021-04-27,2026-01-05,2026-08-31,160,0.2461687323,0,0,2025-10-30,2026-08-31,2025-10-30,2026-08-31,205,0,0,19.937391536351,86.536234270359,-48.294910932408,2026-06-29,2026-08-27,2026-03-19,2026-06-29,1
300985.SZ,致远新能,0,1,氢能源,EP000271,2021-04-29,2026-01-05,2026-08-31,160,1.1144452184,0,0,2025-10-30,2026-08-31,2025-10-30,2026-08-31,205,0,0,97.960078262567,234.680229512747,-54.448257964404,2025-12-17,2026-07-07,2026-07-07,2026-07-30,1
300986.SZ,志特新材,0,1,人工智能,EP000183,2021-04-30,2026-01-05,2026-08-31,157,0.5587515512,0,0,2025-10-30,2026-08-31,2025-10-30,2026-08-31,202,0,0,37.76167520004,370.557993524709,-72.147408411701,2025-12-17,2026-01-28,2026-01-28,2026-07-21,1
300997.SZ,欢乐家,1,0,食品饮料,EP000044,2021-06-02,2026-01-05,2026-08-31,160,-0.3537247325,0,0,2025-10-30,2026-08-31,2025-10-30,2026-08-31,205,0,0,-1.629126068467,109.388678554622,-61.247074143351,2025-10-31,2025-12-19,2025-12-19,2026-06-30,1
301008.SZ,宏昌科技,1,1,两轮车,EP000390,2021-06-11,2026-01-05,2026-08-31,160,0.1942105369,0,0,2025-10-30,2026-08-31,2025-10-30,2026-08-31,205,0,0,0.956073163375,98.958696290326,-53.357233515617,2026-06-25,2026-08-12,2026-04-01,2026-06-25,1
301016.SZ,雷尔伟,0,1,轨道交通,EP000198,2021-06-30,2026-01-05,2026-08-31,160,-0.1539841946,0,0,2025-10-30,2026-08-31,2025-10-30,2026-08-31,205,0,0,-13.167641925677,71.73972227823,-51.749442253112,2025-12-12,2026-05-19,2026-05-19,2026-07-21,1
301043.SZ,绿岛风,0,1,洁净室,EP000217,2021-08-11,2026-01-05,2026-08-31,160,-0.3188998924,0,0,2025-10-30,2026-08-31,2025-10-30,2026-08-31,205,0,0,3.915919090007,107.200370950943,-61.051899990057,2025-11-24,2026-01-15,2026-01-15,2026-07-21,1
301085.SZ,亚康股份,0,1,算力,EP000693,2021-10-18,2026-01-05,2026-08-31,160,0.1590852928,0,0,2025-10-30,2026-08-31,2025-10-30,2026-08-31,205,0,0,18.46958220723,81.445864658286,-47.940315022863,2025-12-17,2026-05-20,2026-05-20,2026-07-21,1
301123.SZ,奕东电子,0,1,液冷,EP000146;EP000164,2022-01-25,2026-01-05,2026-08-31,160,0.0909429563,0,0,2025-10-30,2026-08-31,2025-10-30,2026-08-31,205,0,0,71.059431120115,253.161223659482,-59.870425822514,2025-11-21,2026-06-25,2026-06-25,2026-07-30,1
301149.SZ,隆华新材,0,1,服装家纺,EP000241,2021-11-10,2026-01-05,2026-08-31,160,0.0544809094,0,0,2025-10-30,2026-08-31,2025-10-30,2026-08-31,205,0,0,4.135268721561,45.776273918721,-39.569502974139,2025-12-17,2026-05-18,2026-05-18,2026-07-21,1
301152.SZ,天力锂能,0,1,锂电池,EP000774,2022-08-29,2026-01-05,2026-08-31,160,-0.2454225338,0,0,2025-10-30,2026-08-31,2025-10-30,2026-08-31,205,0,0,-26.56103773701,46.436884811704,-59.908150082393,2026-07-21,2026-08-25,2025-11-17,2026-07-21,1
301196.SZ,唯科科技,0,1,机器人概念,EP000366,2022-01-11,2026-01-05,2026-08-31,160,0.5566453851,0,0,2025-10-30,2026-08-31,2025-10-30,2026-08-31,205,0,0,37.822910215273,212.584075611907,-63.912831021267,2025-11-24,2026-06-22,2026-06-22,2026-07-30,1
301213.SZ,观想科技,0,1,军工,EP000316,2021-12-06,2026-01-07,2026-08-31,158,-0.1654357369,0,0,2025-10-30,2026-08-31,2025-10-30,2026-08-31,195,0,0,0.23778564724,111.250328480457,-58.063223403044,2025-10-31,2026-01-12,2026-01-12,2026-07-21,1
301232.SZ,飞沃科技,0,1,商业航天,EP000417,2023-06-15,2026-01-05,2026-08-31,160,-0.1206801669,0,0,2025-10-30,2026-08-31,2025-10-30,2026-08-31,205,0,0,253.343477617237,562.966458145725,-53.671879450635,2025-10-30,2026-07-06,2026-07-06,2026-08-25,1
301255.SZ,通力科技,0,1,机器人概念,EP000395,2022-12-27,2026-01-05,2026-08-31,160,-0.2979472762,0,0,2025-10-30,2026-08-31,2025-10-30,2026-08-31,205,0,0,-32.294548111629,50.71117756464,-51.572225780401,2026-03-23,2026-05-22,2026-05-22,2026-07-21,1
301256.SZ,华融化学,0,1,光刻胶,EP000107,2022-03-22,2026-01-05,2026-08-31,160,-0.2436296389,0,0,2025-10-30,2026-08-31,2025-10-30,2026-08-31,205,0,0,-5.523283771889,88.664257954343,-56.599374650364,2025-11-05,2026-01-15,2026-01-15,2026-07-21,1
301313.SZ,凡拓数创,0,1,物理AI,EP000504,2022-09-30,2026-01-05,2026-08-31,160,0.3070570191,0,0,2025-10-30,2026-08-31,2025-10-30,2026-08-31,205,0,0,13.532206667486,185.193351941649,-62.482180937858,2025-12-17,2026-06-10,2026-06-10,2026-07-21,1
301317.SZ,鑫磊股份,0,1,液冷,EP000637,2023-01-19,2026-01-05,2026-08-31,160,0.5043331233,0,0,2025-10-30,2026-08-31,2025-10-30,2026-08-31,205,0,0,48.045441742522,204.907041781245,-56.740817835855,2025-11-21,2026-05-25,2026-05-25,2026-07-30,1
301357.SZ,北方长龙,0,1,军工,EP000729,2023-04-18,2026-01-05,2026-08-31,160,-0.3682075641,0,0,2025-10-30,2026-08-31,2025-10-30,2026-08-31,205,0,0,-45.222395407023,69.505998928161,-64.44520587066,2026-07-21,2026-08-10,2025-11-24,2026-07-21,1
301362.SZ,民爆光电,1,0,并购重组,EP000270,2023-08-04,2026-01-05,2026-08-31,150,2.8390653941,0,0,2025-10-30,2026-08-31,2025-10-30,2026-08-31,195,0,0,269.68395540264,812.580414113179,-63.307590391471,2025-12-17,2026-06-22,2026-06-22,2026-07-21,1
301392.SZ,汇成真空,0,1,芯片,EP000401,2024-06-05,2026-01-05,2026-08-31,160,0.4656796079,0,0,2025-10-30,2026-08-31,2025-10-30,2026-08-31,205,0,0,31.697649217641,188.127382927,-60.339031340454,2026-03-04,2026-07-10,2026-07-10,2026-07-30,1
301396.SZ,宏景科技,0,1,算力,EP000218,2022-11-11,2026-01-05,2026-08-31,160,2.8909518350,0,0,2025-10-30,2026-08-31,2025-10-30,2026-08-31,205,0,0,259.640692097811,721.253169035089,-62.502165673834,2025-11-24,2026-07-01,2026-07-01,2026-07-30,1
301428.SZ,世纪恒通,0,1,AI应用;人工智能,EP000359;EP000555,2023-05-19,2026-01-05,2026-08-31,160,-0.1443031710,0,0,2025-10-30,2026-08-31,2025-10-30,2026-08-31,205,0,0,-18.186487152822,58.513219249003,-52.944565281855,2025-12-17,2026-02-02,2026-02-02,2026-07-21,1
301468.SZ,博盈特焊,0,1,燃气轮机,EP000543,2023-07-24,2026-01-05,2026-08-31,160,-0.1751640974,0,0,2025-10-30,2026-08-31,2025-10-30,2026-08-31,205,0,0,22.961347668727,135.896824364544,-60.61452292662,2025-10-30,2026-02-27,2026-02-27,2026-07-21,1
301486.SZ,致尚科技,1,0,通信,EP000122,2023-07-07,2026-01-05,2026-08-31,160,0.4421625551,0,0,2025-10-30,2026-08-31,2025-10-30,2026-08-31,205,0,0,105.75145137325,313.655480400391,-61.48706199656,2025-11-21,2026-05-27,2026-05-27,2026-07-30,1
301526.SZ,国际复材,0,1,通信,EP000695,2023-12-26,2026-01-05,2026-08-31,160,3.4304716027,0,0,2025-10-30,2026-08-31,2025-10-30,2026-08-31,205,0,0,357.42404398764,898.157596098567,-55.526267849113,2025-11-21,2026-06-26,2026-06-26,2026-07-21,1
301529.SZ,福赛科技,0,1,汽车零部件,EP000227,2023-09-11,2026-01-05,2026-08-31,160,0.4090839642,0,0,2025-10-30,2026-08-31,2025-10-30,2026-08-31,205,0,0,138.502742377058,240.052449314729,-51.103627768344,2025-11-21,2026-07-06,2026-07-06,2026-07-30,1
301580.SZ,爱迪特,0,1,医疗器械;非金属材料,EP000562;EP000676,2024-06-26,2026-01-05,2026-08-31,160,0.7718799783,0,0,2025-10-30,2026-08-31,2025-10-30,2026-08-31,205,0,0,70.997847923785,198.079396896247,-49.192943977908,2025-12-17,2026-06-23,2026-06-23,2026-07-20,1
301587.SZ,中瑞股份,0,1,锂电池,EP000687,2024-04-08,2026-01-05,2026-08-31,160,-0.0688025558,0,0,2025-10-30,2026-08-31,2025-10-30,2026-08-31,205,0,0,-8.35112524652,45.944681615734,-43.641839935146,2025-12-17,2026-04-29,2026-04-29,2026-07-21,1
301591.SZ,肯特股份,0,1,PTFE,EP000785,2024-02-28,2026-01-05,2026-08-31,160,0.7848387549,0,0,2025-10-30,2026-08-31,2025-10-30,2026-08-31,205,0,0,76.051579951638,162.727464636054,-61.485718443477,2026-07-21,2026-08-28,2026-06-23,2026-07-21,1
600010.SH,包钢股份,0,1,稀土永磁,EP000306,2001-03-09,2026-01-05,2026-08-31,160,-0.0546213885,0,0,2025-10-30,2026-08-31,2025-10-30,2026-08-31,205,0,0,-14.12198186649,51.555617421437,-40.175848478031,2026-01-19,2026-03-02,2026-03-02,2026-07-09,1
600026.SH,中远海能,0,1,航运,EP000304,2002-05-23,2026-01-05,2026-08-31,160,0.6884977501,0,0,2025-10-30,2026-08-31,2025-10-30,2026-08-31,205,0,0,58.533961218291,142.806025692683,-46.901025333306,2025-12-11,2026-03-25,2026-03-25,2026-07-17,1
600058.SH,五矿发展,1,0,并购重组,EP000213,1997-05-28,2026-01-15,2026-08-31,152,-0.1399974340,0,0,2025-10-30,2026-08-31,2025-10-30,2026-08-31,195,0,0,6.52953180252,98.088870840482,-52.46290576346,2025-11-24,2026-01-23,2026-01-23,2026-07-20,1
600084.SH,中信尼雅,1,0,酿酒,EP000257,1997-07-11,2026-01-05,2026-08-31,159,-0.1923808843,0,0,2025-10-30,2026-08-31,2025-10-30,2026-08-31,204,0,0,-22.486200003172,54.932528640423,-55.05628971543,2025-12-30,2026-02-02,2026-02-02,2026-06-29,1
600094.SH,大名城,1,1,算力,EP000644,1997-07-03,2026-01-05,2026-08-31,160,-0.0576923154,0,0,2025-10-30,2026-08-31,2025-10-30,2026-08-31,205,0,0,-25.757543814594,42.171727595097,-41.892006672778,2025-12-15,2026-01-26,2025-11-12,2026-07-06,1
600108.SH,亚盛集团,0,1,农业,EP000325;EP000332;EP000344,1997-08-18,2026-01-05,2026-08-31,160,0.1746056003,0,0,2025-10-30,2026-08-31,2025-10-30,2026-08-31,205,0,0,17.834624139095,141.414379968558,-61.785206861617,2025-12-17,2026-03-12,2026-03-12,2026-07-21,1
600113.SH,浙江东日,0,1,零售,EP000615,1997-10-21,2026-01-05,2026-08-31,160,-0.5228053783,0,0,2025-10-30,2026-08-31,2025-10-30,2026-08-31,205,0,0,-38.668485562758,57.512249261971,-61.899826192636,2025-11-07,2025-12-16,2025-12-16,2026-06-29,1
600121.SH,郑州煤电,0,1,煤炭,EP000345,1998-01-07,2026-01-05,2026-08-31,160,0.1774608674,0,0,2025-10-30,2026-08-31,2025-10-30,2026-08-31,205,0,0,-15.780184112599,60.668516484478,-46.559852978551,2026-04-27,2026-06-04,2026-06-04,2026-07-09,1
600127.SH,金健米业,1,1,农业,EP000751,1998-05-06,2026-01-05,2026-08-31,160,0.7916648083,0,0,2025-10-30,2026-08-31,2025-10-30,2026-08-31,205,0,0,75.765804312446,150.098686000536,-35.512735299349,2026-06-29,2026-08-31,2026-04-13,2026-06-29,1
600130.SH,波导股份,0,1,ST摘帽,EP000479,2000-07-06,2026-01-05,2026-08-31,159,0.0692141345,0,0,2025-10-30,2026-08-31,2025-10-30,2026-08-31,204,0,0,14.578414090772,81.962799796908,-53.352710564659,2025-12-17,2026-05-18,2026-05-18,2026-07-21,1
600135.SH,乐凯胶片,0,1,国有企业,EP000207,1998-01-22,2026-01-05,2026-08-31,160,-0.2674419783,0,0,2025-10-30,2026-08-31,2025-10-30,2026-08-31,205,0,0,0.800045935075,81.4267637123,-54.302687838816,2025-10-30,2026-01-09,2026-01-09,2026-07-21,1
600151.SH,航天机电,0,1,商业航天,EP000086,1998-06-05,2026-01-05,2026-08-31,160,-0.4301990388,0,0,2025-10-30,2026-08-31,2025-10-30,2026-08-31,205,0,0,22.85002688131,182.527809752482,-63.947303705294,2025-10-30,2026-01-13,2026-01-13,2026-07-21,1
600152.SH,维科技术,0,1,钠电池,EP000451,1998-06-09,2026-01-05,2026-08-31,160,0.1465767565,0,0,2025-10-30,2026-08-31,2025-10-30,2026-08-31,205,0,0,24.184724294298,159.283063455674,-61.612537276121,2025-12-17,2026-05-08,2026-05-08,2026-07-21,1
600162.SH,香江控股,1,1,地产链;房地产;算力,EP000522;EP000541;EP000590;EP000712,1998-06-09,2026-01-05,2026-08-31,160,1.6864771744,0,0,2025-10-30,2026-08-31,2025-10-30,2026-08-31,205,0,0,125.907481179825,253.292990138728,-48.674731236369,2026-04-07,2026-08-31,2026-06-23,2026-07-14,1
600167.SH,联美控股,1,0,摩尔线程概念,EP000117,1999-01-28,2026-01-05,2026-08-31,160,-0.1855882554,0,0,2025-10-30,2026-08-31,2025-10-30,2026-08-31,205,0,0,-35.160709456636,22.474734567504,-45.979373456625,2025-11-03,2025-11-20,2025-11-20,2026-06-29,1
600172.SH,黄河旋风,0,1,金刚石概念,EP000531;EP000594,1998-11-26,2026-01-05,2026-08-31,160,1.5323979497,0,0,2025-10-30,2026-08-31,2025-10-30,2026-08-31,205,0,0,115.499028504555,257.090533331047,-52.840521555044,2025-12-17,2026-07-07,2026-07-07,2026-07-30,1
600183.SH,生益科技,1,1,新材料概念,EP000527,1998-10-28,2026-01-05,2026-08-31,160,1.1601698492,0,0,2025-10-30,2026-08-31,2025-10-30,2026-08-31,205,0,0,122.529576428867,276.860064875806,-49.181729874417,2026-04-02,2026-06-22,2026-06-22,2026-07-30,1
600188.SH,兖矿能源,1,0,煤炭,EP000273,1998-07-01,2026-01-05,2026-08-31,160,0.8225185454,0,0,2025-10-30,2026-08-31,2025-10-30,2026-08-31,205,0,0,60.954466020136,113.517192885769,-37.805742451501,2025-12-17,2026-06-04,2026-06-04,2026-07-01,1
600195.SH,中牧股份,0,1,农业,EP000410,1999-01-07,2026-01-05,2026-08-31,160,-0.1252432781,0,0,2025-10-30,2026-08-31,2025-10-30,2026-08-31,205,0,0,-10.593076403019,25.107554770258,-36.21290981003,2026-03-24,2026-04-09,2026-01-26,2026-06-29,1
600226.SH,亨通股份,0,1,农业,EP000347,1999-11-16,2026-01-05,2026-08-31,160,0.1707253473,0,0,2025-10-30,2026-08-31,2025-10-30,2026-08-31,205,0,0,47.866595457831,202.776369560521,-59.549579393323,2025-11-05,2026-06-25,2026-06-25,2026-07-30,1
600227.SH,赤天化,0,1,化工,EP000666,2000-02-21,2026-01-05,2026-08-31,160,1.1176360114,0,0,2025-10-30,2026-08-31,2025-10-30,2026-08-31,205,0,0,106.556698861209,127.847439422728,-56.111173307125,2025-12-30,2026-03-18,2026-03-18,2026-07-08,1
600229.SH,城市传媒,0,1,文化传媒,EP000568,2000-03-09,2026-01-05,2026-08-31,160,-0.1687680487,0,0,2025-10-30,2026-08-31,2025-10-30,2026-08-31,205,0,0,-21.810026247944,22.641726181828,-37.189923136503,2026-06-04,2026-06-11,2026-02-10,2026-06-29,1
600236.SH,桂冠电力,1,0,电力,EP000327,2000-03-23,2026-01-05,2026-08-31,160,0.2876075697,0,0,2025-10-30,2026-08-31,2025-10-30,2026-08-31,205,0,0,35.328680466566,89.038279395815,-29.939043552939,2025-12-12,2026-07-22,2026-05-12,2026-06-30,1
600250.SH,南京商旅,1,0,文创产品,EP000155,2001-03-06,2026-01-05,2026-08-31,160,-0.1190191247,0,0,2025-10-30,2026-08-31,2025-10-30,2026-08-31,205,0,0,-5.144233221561,62.26035331918,-53.544507666782,2025-12-05,2025-12-19,2025-12-19,2026-07-10,1
600258.SH,首旅酒店,0,1,旅游,EP000040,2000-06-01,2026-01-05,2026-08-31,160,-0.2726115395,0,0,2025-10-30,2026-08-31,2025-10-30,2026-08-31,205,0,0,-14.679187408559,28.129942168311,-39.902223795168,2025-10-30,2026-01-15,2026-01-15,2026-06-29,1
600259.SH,中稀有色,0,1,稀土永磁,EP000319,2000-05-25,2026-01-05,2026-08-31,160,0.4902825625,0,0,2025-10-30,2026-08-31,2025-10-30,2026-08-31,205,0,0,46.732931025094,145.265895917838,-43.77400769637,2025-12-16,2026-06-22,2026-06-22,2026-07-21,1
600288.SH,大恒科技,1,1,物理AI,EP000641,2000-11-29,2026-01-05,2026-08-31,160,-0.2409715429,0,0,2025-10-30,2026-08-31,2025-10-30,2026-08-31,205,0,0,-25.343148318585,47.873246399011,-46.474851799567,2026-06-11,2026-07-10,2026-07-10,2026-07-27,1
600293.SH,三峡新材,1,1,玻璃,EP000548,2000-09-19,2026-01-05,2026-08-31,160,-0.0507921770,0,0,2025-10-30,2026-08-31,2025-10-30,2026-08-31,205,0,0,-8.562517624737,50.345031326618,-45.183341064721,2025-12-17,2026-06-08,2026-06-08,2026-07-21,1
600302.SH,标准股份,1,0,实控人变更,EP000229,2000-12-13,2026-01-05,2026-08-31,159,-0.3841761211,0,0,2025-10-30,2026-08-31,2025-10-30,2026-08-31,204,0,0,-25.57611031575,78.6585634161,-66.416445466479,2025-10-30,2026-01-26,2026-01-26,2026-07-22,1
600303.SH,曙光股份,0,1,汽车零部件,EP000546,2000-12-26,2026-01-05,2026-08-31,160,-0.0705522241,0,0,2025-10-30,2026-08-31,2025-10-30,2026-08-31,205,0,0,-20.68078959323,38.40865480912,-43.75013640336,2026-03-23,2026-05-25,2026-05-25,2026-07-21,1
600307.SH,酒钢宏兴,1,1,核电;钢铁,EP000350;EP000358,2000-12-20,2026-01-05,2026-08-31,160,-0.0909118903,0,0,2025-10-30,2026-08-31,2025-10-30,2026-08-31,205,0,0,-10.71498243606,58.860662584278,-45.816889468389,2025-12-17,2026-03-19,2026-03-19,2026-07-14,1
600313.SH,农发种业,1,1,农业,EP000258,2001-01-19,2026-01-05,2026-08-31,160,0.1168536450,0,0,2025-10-30,2026-08-31,2025-10-30,2026-08-31,205,0,0,11.167504399326,57.199560587656,-48.890354956928,2026-07-09,2026-08-31,2026-03-17,2026-07-09,1
600326.SH,西藏天路,1,1,基础建设,EP000732,2001-01-16,2026-01-05,2026-08-31,160,-0.3118774271,0,0,2025-10-30,2026-08-31,2025-10-30,2026-08-31,205,0,0,-35.568659263022,38.181973270317,-53.209653692285,2026-07-14,2026-08-10,2025-11-07,2026-07-14,1
600337.SH,美克家居,0,1,并购重组,EP000194,2000-11-27,2026-01-05,2026-08-31,159,0.1232915919,0,0,2025-10-30,2026-08-31,2025-10-30,2026-08-31,194,0,0,53.99121531644,105.288299850381,-46.135757101663,2025-10-30,2026-01-08,2026-01-08,2026-03-23,1
600338.SH,西藏珠峰,1,1,锂电池,EP000462;EP000473,2000-12-27,2026-01-05,2026-08-31,160,-0.0603442422,0,0,2025-10-30,2026-08-31,2025-10-30,2026-08-31,205,0,0,1.598889378256,119.735939596736,-61.006035238563,2025-12-16,2026-04-30,2026-04-30,2026-07-20,1
600340.SH,华夏幸福,0,1,地产链,EP000060,2003-12-30,2026-01-05,2026-08-31,159,-0.4977173585,0,0,2025-10-30,2026-08-31,2025-10-30,2026-08-31,204,0,0,-49.999893836717,72.512072374434,-71.977922491418,2025-11-04,2025-11-19,2025-11-19,2026-07-27,1
600343.SH,航天动力,1,1,商业航天,EP000086;EP000683,2003-04-08,2026-01-05,2026-08-31,160,-0.6250775873,0,0,2025-10-30,2026-08-31,2025-10-30,2026-08-31,205,0,0,18.75738870748,239.651865341149,-69.123510234392,2025-11-06,2026-01-12,2026-01-12,2026-07-21,1
600345.SH,长江通信,1,0,通信,EP000260,2000-12-22,2026-01-05,2026-08-31,160,0.4673530541,0,0,2025-10-30,2026-08-31,2025-10-30,2026-08-31,205,0,0,86.294506038412,232.681061500432,-49.297483686073,2025-11-21,2026-06-23,2026-06-23,2026-07-30,1
600353.SH,旭光电子,1,0,非金属材料,EP000588,2002-11-20,2026-01-05,2026-08-31,160,1.2771453515,0,0,2025-10-30,2026-08-31,2025-10-30,2026-08-31,205,0,0,111.449252581309,295.866109479986,-61.400922715562,2026-03-27,2026-06-24,2026-06-24,2026-08-03,1
600367.SH,红星发展,0,1,元器件,EP000515,2001-03-20,2026-01-05,2026-08-31,160,1.3514262355,0,0,2025-10-30,2026-08-31,2025-10-30,2026-08-31,205,0,0,151.250021467643,343.293010131594,-62.072622334539,2025-12-16,2026-06-23,2026-06-23,2026-08-04,1
600370.SH,三房巷,1,1,化工,EP000186,2003-03-06,2026-01-05,2026-08-31,159,-0.3008850135,0,0,2025-10-30,2026-08-31,2025-10-30,2026-08-31,204,0,0,-31.304422559734,87.378791495289,-67.875655501769,2025-12-17,2026-03-19,2026-03-19,2026-05-27,1
600371.SH,万向德农,0,1,农业,EP000775,2002-09-16,2026-01-05,2026-08-31,160,0.4739164301,0,0,2025-10-30,2026-08-31,2025-10-30,2026-08-31,205,0,0,42.331926888102,107.01452737781,-39.664522262778,2026-06-29,2026-08-31,2026-01-30,2026-06-29,1
600376.SH,首开股份,0,1,机器人概念,EP000069,2001-03-12,2026-01-05,2026-08-31,160,-0.4705000054,0,0,2025-10-30,2026-08-31,2025-10-30,2026-08-31,205,0,0,-47.050097353041,51.006550640896,-62.703390978335,2026-07-21,2026-08-18,2025-11-19,2026-07-21,1
600382.SH,广东明珠,1,1,酿酒,EP000276,2001-01-18,2026-01-05,2026-08-31,160,-0.0445283111,0,0,2025-10-30,2026-08-31,2025-10-30,2026-08-31,205,0,0,-7.814472082972,61.833174718274,-47.695765930381,2025-11-24,2026-04-17,2026-04-17,2026-07-21,1
600386.SH,北巴传媒,0,1,文化传媒,EP000499,2001-02-16,2026-01-05,2026-08-31,160,-0.2004555603,0,0,2025-10-30,2026-08-31,2025-10-30,2026-08-31,205,0,0,-27.329212047743,17.333444412756,-41.060950652663,2026-07-21,2026-08-26,2025-11-05,2026-07-21,1
600391.SH,航发科技,0,1,燃气轮机,EP000636,2001-12-12,2026-01-05,2026-08-31,160,-0.0700744144,0,0,2025-10-30,2026-08-31,2025-10-30,2026-08-31,205,0,0,26.005080592366,125.309095211056,-56.713887090513,2025-12-04,2026-02-05,2026-02-05,2026-07-21,1
600392.SH,盛和资源,0,1,稀土永磁,EP000587,2003-05-29,2026-01-05,2026-08-31,160,0.0946326116,0,0,2025-10-30,2026-08-31,2025-10-30,2026-08-31,205,0,0,0.313683521149,76.441813629272,-43.453288963256,2025-11-24,2026-06-22,2026-06-22,2026-07-20,1
600395.SH,盘江股份,0,1,煤炭,EP000524,2001-05-31,2026-01-05,2026-08-31,160,0.2896823286,0,0,2025-10-30,2026-08-31,2025-10-30,2026-08-31,205,0,0,14.912351909841,41.538633926015,-30.745171285575,2025-12-17,2026-03-25,2026-03-25,2026-06-30,1
600396.SH,华电辽能,1,1,电力;绿色电力;风电,EP000346;EP000357;EP000460;EP000464,2001-03-28,2026-01-05,2026-08-31,160,3.8210519261,0,0,2025-10-30,2026-08-31,2025-10-30,2026-08-31,205,0,0,326.707172461375,714.13556423029,-54.470534414034,2025-12-31,2026-06-05,2026-06-05,2026-07-20,1
600397.SH,江钨装备,1,1,有色金属,EP000301;EP000335;EP000471;EP000564;EP000718,2002-07-02,2026-01-05,2026-08-31,160,1.5223776489,0,0,2025-10-30,2026-08-31,2025-10-30,2026-08-31,205,0,0,146.402155789451,413.571305204367,-61.874733931952,2025-11-21,2026-07-02,2026-07-02,2026-07-30,1
600400.SH,红豆股份,1,0,机器人概念,EP000477,2001-01-08,2026-01-05,2026-08-31,160,0.2268948968,0,0,2025-10-30,2026-08-31,2025-10-30,2026-08-31,205,0,0,10.189187109978,79.292583007536,-37.464715954205,2026-03-23,2026-07-03,2026-07-03,2026-07-21,1
600403.SH,大有能源,1,1,煤炭,EP000203;EP000538;EP000660;EP000670,2003-10-09,2026-01-05,2026-08-31,160,0.0959897043,0,0,2025-10-30,2026-08-31,2025-10-30,2026-08-31,205,0,0,-10.316456026049,82.652949425485,-61.666636774689,2026-05-27,2026-06-08,2025-11-18,2026-07-10,1
600408.SH,安泰集团,1,1,煤炭,EP000025;EP000064;EP000116,2003-02-12,2026-01-05,2026-08-31,160,-0.2307699349,0,0,2025-10-30,2026-08-31,2025-10-30,2026-08-31,205,0,0,-12.676365670347,122.580637905657,-66.52194552902,2025-10-31,2025-11-18,2025-11-18,2026-07-10,1
600410.SH,华胜天成,1,1,华为概念;算力,EP000068;EP000651,2004-04-27,2026-01-05,2026-08-31,160,-0.2253994914,0,0,2025-10-30,2026-08-31,2025-10-30,2026-08-31,205,0,0,-28.164507742189,109.207466346831,-65.145692744245,2025-12-18,2026-03-11,2026-03-11,2026-07-21,1
600429.SH,三元股份,0,1,食品饮料,EP000044,2003-09-15,2026-01-05,2026-08-31,160,-0.0984550215,0,0,2025-10-30,2026-08-31,2025-10-30,2026-08-31,205,0,0,-4.887949196214,51.666730029945,-45.604297929039,2025-10-31,2025-11-13,2025-11-13,2026-06-29,1
600468.SH,百利电气,1,0,可控核聚变,EP000614,2001-06-15,2026-01-05,2026-08-31,160,-0.0950573710,0,0,2025-10-30,2026-08-31,2025-10-30,2026-08-31,205,0,0,-8.081844555436,75.380188506419,-53.182848003642,2025-11-24,2026-03-25,2026-03-25,2026-07-14,1
600475.SH,华光环能,0,1,光伏,EP000009,2003-07-21,2026-01-05,2026-08-31,160,-0.1642949265,0,0,2025-10-30,2026-08-31,2025-10-30,2026-08-31,205,0,0,-2.387180201803,72.836610334704,-51.914603391862,2025-10-30,2026-01-19,2026-01-19,2026-07-21,1
600482.SH,中国动力,0,1,燃气轮机,EP000336,2004-07-14,2026-01-05,2026-08-31,160,0.5989916816,0,0,2025-10-30,2026-08-31,2025-10-30,2026-08-31,205,0,0,50.005351988018,123.339447648816,-38.657444613698,2025-12-04,2026-04-23,2026-04-23,2026-07-31,1
600488.SH,津药药业,0,1,医药,EP000369;EP000489,2001-06-18,2026-01-05,2026-08-31,160,0.3115401787,0,0,2025-10-30,2026-08-31,2025-10-30,2026-08-31,205,0,0,27.415680836573,129.34772112427,-49.6444402297,2026-03-23,2026-04-08,2026-04-08,2026-06-29,1
600502.SH,安徽建工,0,1,基础建设,EP000392,2003-04-15,2026-01-05,2026-08-31,160,0.0068799753,0,0,2025-10-30,2026-08-31,2025-10-30,2026-08-31,205,0,0,-1.619280416865,39.728985844988,-29.651962458436,2026-03-23,2026-04-01,2026-04-01,2026-06-29,1
600506.SH,统一股份,0,1,液冷,EP000028;EP000181,2001-12-26,2026-01-05,2026-08-31,160,-0.1973023481,0,0,2025-10-30,2026-08-31,2025-10-30,2026-08-31,205,0,0,-13.952380376204,64.340382124537,-55.236150795818,2025-10-31,2025-11-18,2025-11-18,2026-07-21,1
600510.SH,黑牡丹,0,1,地产链,EP000370,2002-06-18,2026-01-05,2026-08-31,160,-0.1574211017,0,0,2025-10-30,2026-08-31,2025-10-30,2026-08-31,205,0,0,-20.925935870658,56.074633083519,-54.280867958659,2026-03-23,2026-05-08,2026-05-08,2026-07-21,1
600516.SH,方大炭素,0,1,石墨化,EP000550,2002-08-30,2026-01-05,2026-08-31,160,-0.0706807469,0,0,2025-10-30,2026-08-31,2025-10-30,2026-08-31,205,0,0,-15.394950530333,38.00876843156,-32.51027486038,2026-06-02,2026-06-26,2026-03-12,2026-06-02,1
600520.SH,三佳科技,1,0,芯片,EP000222,2002-01-08,2026-01-05,2026-08-31,160,0.0642299130,0,0,2025-10-30,2026-08-31,2025-10-30,2026-08-31,205,0,0,-4.207837178917,78.760742344843,-49.628590244436,2026-04-07,2026-07-02,2026-07-02,2026-07-30,1
600539.SH,狮头股份,0,1,地产链;并购重组,EP000382;EP000386,2001-08-24,2026-01-05,2026-08-31,160,0.4587506279,0,0,2025-10-30,2026-08-31,2025-10-30,2026-08-31,205,0,0,41.294357500835,122.453591481235,-40.607305890272,2025-12-17,2026-05-08,2026-05-08,2026-06-25,1
600545.SH,卓郎智能,1,1,人工智能,EP000324,2003-12-03,2026-01-05,2026-08-31,160,0.7031240755,0,0,2025-10-30,2026-08-31,2025-10-30,2026-08-31,205,0,0,43.420311273359,243.032617551855,-60.693043412646,2026-02-02,2026-05-29,2026-05-29,2026-07-21,1
600578.SH,京能电力,1,1,电力;绿色电力,EP000497;EP000500;EP000513,2002-05-10,2026-01-05,2026-08-31,160,0.1067594040,0,0,2025-10-30,2026-08-31,2025-10-30,2026-08-31,205,0,0,13.570863777907,128.9297166831,-47.429889198285,2025-11-24,2026-05-28,2026-05-28,2026-07-20,1
600589.SH,大位科技,1,0,算力,EP000288,2001-06-12,2026-01-05,2026-08-31,160,0.1396708997,0,0,2025-10-30,2026-08-31,2025-10-30,2026-08-31,205,0,0,9.677642038675,121.979287639413,-58.032636755349,2025-11-24,2026-02-13,2026-02-13,2026-07-21,1
600590.SH,泰豪科技,0,1,发电机,EP000334,2002-07-03,2026-01-05,2026-08-31,160,-0.0854958575,0,0,2025-10-30,2026-08-31,2025-10-30,2026-08-31,205,0,0,-11.738684807955,115.312955710276,-62.810208088406,2025-11-24,2026-04-23,2026-04-23,2026-07-21,1
600593.SH,大连圣亚,0,1,旅游,EP000231,2002-07-11,2026-01-05,2026-08-31,160,0.0140005634,0,0,2025-10-30,2026-08-31,2025-10-30,2026-08-31,205,0,0,-14.79004444884,37.457377404742,-51.419976416476,2026-04-27,2026-08-12,2025-11-05,2026-04-27,1
600595.SH,中孚实业,0,1,金属铝,EP000659,2002-06-26,2026-01-05,2026-08-31,160,-0.1860925516,0,0,2025-10-30,2026-08-31,2025-10-30,2026-08-31,205,0,0,-7.80389886526,74.678273938596,-48.757425928981,2025-11-18,2026-01-29,2026-01-29,2026-06-29,1
600610.SH,中毅达,0,1,化工,EP000768,1992-08-05,2026-01-05,2026-08-31,160,-0.0302139760,0,0,2025-10-30,2026-08-31,2025-10-30,2026-08-31,205,0,0,-14.323928345198,66.611002576989,-55.819283159262,2026-07-21,2026-08-28,2026-01-30,2026-07-21,1
600613.SH,神奇制药,0,1,医药,EP000716,1992-08-20,2026-01-05,2026-08-31,160,0.8651984103,0,0,2025-10-30,2026-08-31,2025-10-30,2026-08-31,205,0,0,76.351007290579,194.919023063802,-38.476859797558,2026-06-29,2026-08-28,2025-12-04,2026-06-29,1
600617.SH,国新能源,1,0,天然气,EP000361,1992-10-13,2026-01-05,2026-08-31,160,0.0955386022,0,0,2025-10-30,2026-08-31,2025-10-30,2026-08-31,205,0,0,-5.494792028723,62.055370634751,-45.238240701786,2026-06-29,2026-07-28,2026-03-27,2026-06-29,1
600645.SH,中源协和,0,1,医药,EP000085,1993-05-04,2026-01-05,2026-08-31,160,-0.2345281901,0,0,2025-10-30,2026-08-31,2025-10-30,2026-08-31,205,0,0,-19.017987532145,41.933553743712,-50.773195636393,2026-06-29,2026-08-18,2026-03-18,2026-06-29,1
600654.SH,中安科,0,1,网络安全,EP000789,1990-12-19,2026-01-05,2026-08-31,160,-0.1087460199,0,0,2025-10-30,2026-08-31,2025-10-30,2026-08-31,205,0,0,3.068051095293,54.632671931109,-49.173365509312,2026-03-23,2026-04-09,2026-04-09,2026-07-14,1
600664.SH,哈药股份,1,1,医药,EP000435;EP000647,1993-06-29,2026-01-05,2026-08-31,160,1.6434722351,0,0,2025-10-30,2026-08-31,2025-10-30,2026-08-31,205,0,0,149.862606974049,234.505815222157,-41.803329215428,2026-06-29,2026-08-28,2026-04-16,2026-06-29,1
600666.SH,奥瑞德,1,1,算力,EP000329;EP000373;EP000400,1993-07-12,2026-01-05,2026-08-31,160,0.0714311068,0,0,2025-10-30,2026-08-31,2025-10-30,2026-08-31,205,0,0,8.108327960796,138.050398616318,-62.879663078373,2025-12-17,2026-04-20,2026-04-20,2026-07-21,1
600676.SH,交运股份,0,1,并购重组,EP000213,1993-09-28,2026-01-05,2026-08-31,160,0.1581618663,0,0,2025-10-30,2026-08-31,2025-10-30,2026-08-31,205,0,0,6.074595598186,86.106250895656,-42.436089729337,2025-12-17,2026-01-19,2026-01-19,2026-07-21,1
600683.SH,京投发展,1,1,北京市;地产链;并购重组,EP000265;EP000355;EP000448;EP000457;EP000476;EP000485,1993-10-25,2026-01-05,2026-08-31,160,1.5971944970,0,0,2025-10-30,2026-08-31,2025-10-30,2026-08-31,205,0,0,122.245358545751,422.249566239235,-68.850253296047,2025-12-31,2026-05-13,2026-05-13,2026-07-21,1
600684.SH,珠江股份,0,1,体育产业,EP000255,1993-10-28,2026-01-05,2026-08-31,160,-0.1513782824,0,0,2025-10-30,2026-08-31,2025-10-30,2026-08-31,205,0,0,-32.97114034325,34.601993831361,-50.682695391012,2026-07-09,2026-08-31,2025-11-03,2026-07-09,1
600686.SH,金龙汽车,0,1,汽车整车,EP000058,1993-11-08,2026-01-05,2026-08-31,160,-0.3576440207,0,0,2025-10-30,2026-08-31,2025-10-30,2026-08-31,205,0,0,-21.788587476879,57.894510836971,-53.783712946765,2025-11-21,2026-01-22,2026-01-22,2026-07-14,1
600693.SH,东百集团,1,1,零售,EP000043;EP000128;EP000706,1993-11-22,2026-01-05,2026-08-31,160,-0.4750445348,0,0,2025-10-30,2026-08-31,2025-10-30,2026-08-31,205,0,0,52.108983040215,280.066313858823,-68.556095321165,2025-10-30,2025-12-25,2025-12-25,2026-07-21,1
600714.SH,金瑞矿业,0,1,化工,EP000469,1996-06-06,2026-01-05,2026-08-31,160,0.5114134960,0,0,2025-10-30,2026-08-31,2025-10-30,2026-08-31,205,0,0,53.267109069712,196.706931784049,-66.056959574364,2025-12-17,2026-06-08,2026-06-08,2026-07-21,1
600715.SH,文投控股,1,0,AI应用,EP000455,1996-07-01,2026-01-05,2026-08-31,160,-0.2293567781,0,0,2025-10-30,2026-08-31,2025-10-30,2026-08-31,205,0,0,-33.067656065553,27.972212444261,-47.232471644264,2026-07-21,2026-08-13,2025-11-05,2026-07-21,1
600722.SH,金牛化工,1,1,化工,EP000677;EP000731,1996-06-26,2026-01-05,2026-08-31,160,1.8282715256,0,0,2025-10-30,2026-08-31,2025-10-30,2026-08-31,205,0,0,155.707212742007,251.229146521149,-62.887174844177,2025-12-17,2026-03-17,2026-03-17,2026-07-10,1
600724.SH,宁波富达,0,1,地产链,EP000625,1996-07-16,2026-01-05,2026-08-31,160,-0.1038514134,0,0,2025-10-30,2026-08-31,2025-10-30,2026-08-31,205,0,0,-4.587278483841,72.275968500183,-47.572649222538,2025-11-21,2026-05-13,2026-05-13,2026-07-21,1
600726.SH,华电能源,1,1,电力,EP000468;EP000513,1996-07-01,2026-01-05,2026-08-31,160,1.3012452787,0,0,2025-10-30,2026-08-31,2025-10-30,2026-08-31,205,0,0,108.332396564837,363.402533179241,-51.790755438247,2025-12-17,2026-06-01,2026-06-01,2026-07-17,1
600734.SH,实达集团,1,0,算力,EP000082,1996-08-08,2026-01-05,2026-08-31,159,-0.6239115359,0,0,2025-10-30,2026-08-31,2025-10-30,2026-08-31,204,0,0,-50.57112877411,109.537313696652,-79.586070413804,2025-10-30,2025-12-09,2025-12-09,2026-06-30,1
600743.SH,华远控股,1,1,国有企业;地产链;并购重组,EP000418;EP000420;EP000427,1996-09-09,2026-01-05,2026-08-31,160,0.1700053232,0,0,2025-10-30,2026-08-31,2025-10-30,2026-08-31,205,0,0,7.834621696915,99.435079845978,-46.742114425776,2026-03-23,2026-04-15,2026-04-15,2026-07-21,1
600756.SH,浪潮软件,1,0,AI应用;人工智能,EP000065;EP000642,1996-09-23,2026-01-05,2026-08-31,160,-0.2084721214,0,0,2025-10-30,2026-08-31,2025-10-30,2026-08-31,205,0,0,-9.777507632304,65.258752365606,-55.131729116742,2025-10-30,2025-11-20,2025-11-20,2026-06-29,1
600759.SH,洲际油气,1,1,天然气;石油石化,EP000238;EP000243;EP000253;EP000281;EP000302;EP000318,1996-10-08,2026-01-05,2026-08-31,159,-0.1666698601,0,0,2025-10-30,2026-08-31,2025-10-30,2026-08-31,204,0,0,7.883818976904,288.461368984501,-79.977983112965,2025-10-30,2026-03-05,2026-03-05,2026-06-30,1
600783.SH,鲁信创投,1,1,商业航天,EP000166;EP000470;EP000610;EP000761,1996-12-25,2026-01-05,2026-08-31,160,-0.3477058279,0,0,2025-10-30,2026-08-31,2025-10-30,2026-08-31,205,0,0,6.758701877018,189.14968916632,-65.407338291435,2025-11-21,2026-01-13,2026-01-13,2026-07-20,1
600785.SH,新华百货,0,1,股权转让;零售,EP000221;EP000779,1997-01-08,2026-01-05,2026-08-31,160,0.1972348547,0,0,2025-10-30,2026-08-31,2025-10-30,2026-08-31,205,0,0,24.095827798618,115.863090507584,-62.123966395938,2025-11-21,2026-02-04,2026-02-04,2026-07-21,1
600793.SH,宜宾纸业,0,1,造纸,EP000639,1997-02-20,2026-01-05,2026-08-31,160,-0.2838842873,0,0,2025-10-30,2026-08-31,2025-10-30,2026-08-31,205,0,0,-36.24436220756,69.728929417825,-53.836680008905,2026-06-29,2026-07-08,2025-11-03,2026-06-29,1
600800.SH,渤海化学,1,0,化工,EP000368,1993-12-06,2026-01-05,2026-08-31,160,0.0115541023,0,0,2025-10-30,2026-08-31,2025-10-30,2026-08-31,195,0,0,-10.942017407051,65.671374382594,-51.711920712827,2025-12-31,2026-03-13,2026-03-13,2026-07-21,1
600802.SH,福建水泥,1,0,海峡两岸,EP000106,1994-01-03,2026-01-05,2026-08-31,160,-0.2728645009,0,0,2025-10-30,2026-08-31,2025-10-30,2026-08-31,205,0,0,-33.005346127802,43.396408145904,-59.977858449452,2025-11-24,2025-12-08,2025-12-08,2026-07-21,1
600815.SH,厦工股份,1,0,基础建设,EP000377,1994-01-28,2026-01-05,2026-08-31,160,0.3188402162,0,0,2025-10-30,2026-08-31,2025-10-30,2026-08-31,205,0,0,40.866353785886,115.247182175541,-56.360032730618,2026-07-21,2026-08-31,2026-05-11,2026-07-21,1
600828.SH,茂业商业,1,1,零售,EP000095;EP000211;EP000263;EP000277,1994-02-24,2026-01-05,2026-08-31,160,-0.3202061788,0,0,2025-10-30,2026-08-31,2025-10-30,2026-08-31,205,0,0,-1.489194394067,120.355725414624,-61.316463540217,2025-10-30,2026-01-14,2026-01-14,2026-07-21,1
600844.SH,金煤科技,0,1,化工,EP000368,1994-03-11,2026-01-05,2026-08-31,160,0.3611114965,0,0,2025-10-30,2026-08-31,2025-10-30,2026-08-31,205,0,0,26.451529217014,93.993371371695,-57.012837671952,2026-01-16,2026-03-30,2026-03-30,2026-06-29,1
600851.SH,海欣股份,1,1,医药,EP000585,1994-04-04,2026-01-05,2026-08-31,160,0.2525591042,0,0,2025-10-30,2026-08-31,2025-10-30,2026-08-31,205,0,0,26.55263418406,64.209298078013,-30.799557169403,2025-11-21,2026-06-24,2026-06-24,2026-07-27,1
600857.SH,宁波中百,1,0,零售,EP000615,1994-04-25,2026-01-05,2026-08-31,160,0.4713433990,0,0,2025-10-30,2026-08-31,2025-10-30,2026-08-31,205,0,0,25.683587389461,118.745877893392,-41.33660975143,2026-03-23,2026-07-03,2026-07-03,2026-07-30,1
600865.SH,百大集团,0,1,零售,EP000128,1994-08-09,2026-01-05,2026-08-31,160,-0.4438983179,0,0,2025-10-30,2026-08-31,2025-10-30,2026-08-31,205,0,0,-1.934671501516,160.428336420771,-67.0560811629,2025-11-24,2025-12-26,2025-12-26,2026-07-21,1
600868.SH,梅雁吉祥,1,1,有色金属,EP000094;EP000120,1994-09-12,2026-01-05,2026-08-31,160,-0.1407163950,0,0,2025-10-30,2026-08-31,2025-10-30,2026-08-31,205,0,0,-1.374232204197,96.029146365855,-56.537624179981,2025-11-21,2026-01-26,2026-01-26,2026-07-09,1
600869.SH,远东股份,1,1,算力,EP000205;EP000267,1995-02-06,2026-01-05,2026-08-31,160,1.3712165988,0,0,2025-10-30,2026-08-31,2025-10-30,2026-08-31,205,0,0,130.535695939505,482.77905556468,-67.274437590397,2025-11-21,2026-06-24,2026-06-24,2026-07-30,1
600893.SH,航发动力,0,1,燃气轮机,EP000247,1996-04-08,2026-01-05,2026-08-31,160,-0.0325439191,0,0,2025-10-30,2026-08-31,2025-10-30,2026-08-31,205,0,0,-2.963255677464,76.18823882529,-49.960299014257,2025-12-10,2026-03-10,2026-03-10,2026-07-14,1
600936.SH,广西广电,0,1,机器人概念,EP000131,2016-08-15,2026-01-05,2026-08-31,160,0.2274868197,0,0,2025-10-30,2026-08-31,2025-10-30,2026-08-31,205,0,0,38.874110189819,97.626536345384,-38.438483021138,2025-12-05,2026-06-04,2026-06-04,2026-06-29,1
600939.SH,重庆建工,0,1,基础建设;重庆市,EP000032;EP000103,2017-02-21,2026-01-05,2026-08-31,160,-0.1703455902,0,0,2025-10-30,2026-08-31,2025-10-30,2026-08-31,205,0,0,-21.492348910988,53.184738112676,-52.806650765511,2025-10-31,2025-11-11,2025-11-11,2026-06-29,1
600961.SH,株冶集团,0,1,有色金属,EP000444,2004-08-30,2026-01-05,2026-08-31,160,0.6987655200,0,0,2025-10-30,2026-08-31,2025-10-30,2026-08-31,205,0,0,73.872187538384,161.89873824147,-45.321854666546,2025-11-05,2026-06-25,2026-06-25,2026-07-21,1
600971.SH,恒源煤电,0,1,煤炭,EP000273,2004-08-17,2026-01-05,2026-08-31,160,0.5223040604,0,0,2025-10-30,2026-08-31,2025-10-30,2026-08-31,205,0,0,29.064737319016,56.046576786657,-21.925849451179,2025-12-24,2026-08-31,2026-06-05,2026-06-29,1
600979.SH,广安爱众,1,0,电力,EP000433,2004-09-06,2026-01-05,2026-08-31,160,-0.1025083084,0,0,2025-10-30,2026-08-31,2025-10-30,2026-08-31,205,0,0,-18.595283404643,37.384674624427,-40.066688628085,2025-12-17,2026-03-25,2026-03-25,2026-07-09,1
600981.SH,苏豪汇鸿,1,1,人工智能;跨境电商,EP000109;EP000110,2004-06-30,2026-01-05,2026-08-31,160,-0.2066502031,0,0,2025-10-30,2026-08-31,2025-10-30,2026-08-31,205,0,0,-15.268169229878,49.090776622282,-47.80489561081,2025-11-21,2025-12-03,2025-12-03,2026-07-08,1
600992.SH,贵绳股份,1,1,商业航天,EP000648,2004-05-14,2026-01-05,2026-08-31,160,-0.2601357565,0,0,2025-10-30,2026-08-31,2025-10-30,2026-08-31,205,0,0,-28.028914676447,40.310958442947,-47.288896222066,2026-06-29,2026-07-20,2025-11-04,2026-06-29,1
601011.SH,宝泰隆,1,1,煤炭,EP000763,2011-03-09,2026-01-05,2026-08-31,160,-0.0941210778,0,0,2025-10-30,2026-08-31,2025-10-30,2026-08-31,205,0,0,-23.382975371503,42.735108665163,-51.851858160322,2026-07-21,2026-08-20,2025-11-14,2026-07-21,1
601066.SH,中信建投,0,1,证券,EP000593,2018-06-20,2026-01-05,2026-08-31,160,-0.0314552897,0,0,2025-10-30,2026-08-31,2025-10-30,2026-08-31,205,0,0,-4.430650133404,50.238972111395,-23.934648111298,2026-04-07,2026-06-26,2025-12-17,2026-04-07,1
601101.SH,昊华能源,1,1,煤炭,EP000538;EP000727,2010-03-31,2026-01-05,2026-08-31,160,1.1400813381,0,0,2025-10-30,2026-08-31,2025-10-30,2026-08-31,205,0,0,95.197486321546,118.282597201809,-28.552962364194,2025-12-31,2026-08-31,2026-06-03,2026-07-13,1
601106.SH,中国一重,0,1,核电,EP000202;EP000239,2010-02-09,2026-01-05,2026-08-31,160,-0.2330848801,0,0,2025-10-30,2026-08-31,2025-10-30,2026-08-31,205,0,0,-8.656789351311,123.728618895403,-58.030304862314,2025-11-28,2026-01-14,2026-01-14,2026-07-17,1
601116.SH,三江购物,1,1,阿里巴巴概念;零售,EP000220;EP000760,2011-03-02,2026-01-05,2026-08-31,160,-0.2052269447,0,0,2025-10-30,2026-08-31,2025-10-30,2026-08-31,205,0,0,-23.03765235631,83.174153342967,-59.86420770142,2025-11-06,2026-01-15,2026-01-15,2026-07-21,1
601133.SH,柏诚股份,1,0,芯片,EP000412,2023-04-10,2026-01-05,2026-08-31,160,0.6667641796,0,0,2025-10-30,2026-08-31,2025-10-30,2026-08-31,205,0,0,101.319012844444,271.244341164547,-52.778142664902,2025-10-30,2026-06-30,2026-06-30,2026-08-04,1
601162.SH,天风证券,0,1,证券,EP000629,2018-10-19,2026-01-05,2026-08-31,160,-0.0745192284,0,0,2025-10-30,2026-08-31,2025-10-30,2026-08-31,205,0,0,-28.305438023745,33.223771741685,-43.177664841541,2026-06-11,2026-07-17,2025-10-30,2026-06-11,1
601179.SH,中国西电,1,1,智能电网,EP000579;EP000591,2010-01-28,2026-01-05,2026-08-31,160,0.3955009180,0,0,2025-10-30,2026-08-31,2025-10-30,2026-08-31,205,0,0,55.816505296254,162.388568152048,-44.186566388449,2025-10-31,2026-03-10,2026-03-10,2026-07-17,1
601208.SH,东材科技,1,0,通信,EP000080;EP000223,2011-05-20,2026-01-05,2026-08-31,160,0.9357850234,0,0,2025-10-30,2026-08-31,2025-10-30,2026-08-31,205,0,0,144.134805834731,387.047633150766,-59.871602401037,2025-11-19,2026-06-22,2026-06-22,2026-08-03,1
601212.SH,白银有色,0,1,黄金,EP000233;EP000305,2017-02-15,2026-01-05,2026-08-31,160,0.1743651069,0,0,2025-10-30,2026-08-31,2025-10-30,2026-08-31,205,0,0,28.172158961737,233.113746121059,-71.165112135313,2025-11-24,2026-01-29,2026-01-29,2026-07-21,1
601231.SH,环旭电子,1,0,通信,EP000147,2012-02-20,2026-01-05,2026-08-31,160,-0.0853958599,0,0,2025-10-30,2026-08-31,2025-10-30,2026-08-31,205,0,0,4.806051234861,142.059632420773,-56.105616299635,2025-11-24,2026-02-26,2026-02-26,2026-07-30,1
601388.SH,怡球资源,0,1,年报增长,EP000252,2012-04-23,2026-01-05,2026-08-31,160,0.1693272651,0,0,2025-10-30,2026-08-31,2025-10-30,2026-08-31,205,0,0,10.334772104662,74.545454784182,-43.643306971723,2025-12-17,2026-01-30,2026-01-30,2026-07-09,1
601399.SH,国机重装,0,1,燃气轮机,EP000121,2020-06-08,2026-01-05,2026-08-31,160,-0.3326374935,0,0,2025-10-30,2026-08-31,2025-10-30,2026-08-31,205,0,0,-12.841574761636,107.16520934221,-55.188012184225,2025-11-28,2026-01-12,2026-01-12,2026-07-14,1
601566.SH,九牧王,0,1,服装家纺,EP000157,2011-05-30,2026-01-05,2026-08-31,160,-0.3190620666,0,0,2025-10-30,2026-08-31,2025-10-30,2026-08-31,205,0,0,-2.754882125563,106.40912314663,-58.686577814225,2025-10-31,2025-12-22,2025-12-22,2026-07-22,1
601606.SH,长城军工,1,1,军工,EP000682,2018-08-06,2026-01-05,2026-08-31,160,-0.3376982386,0,0,2025-10-30,2026-08-31,2025-10-30,2026-08-31,205,0,0,-42.545820141041,54.800050070035,-57.663102743539,2026-07-17,2026-07-28,2025-11-25,2026-07-17,1
601609.SH,金田股份,0,1,稀土永磁,EP000750,2020-04-22,2026-01-05,2026-08-31,160,0.2630636731,0,0,2025-10-30,2026-08-31,2025-10-30,2026-08-31,205,0,0,14.631244010886,61.376267511817,-37.199684645607,2026-03-23,2026-05-21,2026-05-21,2026-07-21,1
601611.SH,中国核建,0,1,核电,EP000350,2016-06-06,2026-01-05,2026-08-31,160,-0.1997160099,0,0,2025-10-30,2026-08-31,2025-10-30,2026-08-31,205,0,0,-25.795420165457,79.785112289897,-51.976177108224,2025-11-21,2026-01-13,2026-01-13,2026-07-14,1
601700.SH,风范股份,1,1,智能电网,EP000136;EP000733;EP000744;EP000753,2011-01-18,2026-01-05,2026-08-31,160,0.4169582664,0,0,2025-10-30,2026-08-31,2025-10-30,2026-08-31,205,0,0,68.842062491632,102.414773999424,-42.339758442263,2026-06-29,2026-08-28,2026-01-23,2026-06-29,1
601777.SH,千里科技,0,1,智能驾驶,EP000297,2010-11-25,2026-01-05,2026-08-31,160,-0.2182502287,0,0,2025-10-30,2026-08-31,2025-10-30,2026-08-31,205,0,0,-28.669911928155,42.384237119901,-45.348906679275,2026-03-23,2026-05-21,2026-05-21,2026-07-17,1
601778.SH,晶科科技,1,1,光伏;智能电网,EP000140;EP000436,2020-05-19,2026-01-05,2026-08-31,160,-0.0092148267,0,0,2025-10-30,2026-08-31,2025-10-30,2026-08-31,205,0,0,5.607870718894,143.210017798348,-58.338746006553,2025-12-05,2026-04-24,2026-04-24,2026-07-21,1
601789.SH,宁波建工,0,1,算力,EP000329,2011-08-16,2026-01-05,2026-08-31,160,-0.1253115854,0,0,2025-10-30,2026-08-31,2025-10-30,2026-08-31,205,0,0,-19.470805013766,66.320214819354,-51.39092262579,2025-12-17,2026-03-12,2026-03-12,2026-07-14,1
601865.SH,福莱特,0,1,光伏,EP000714,2019-02-15,2026-01-05,2026-08-31,160,-0.3510751827,0,0,2025-10-30,2026-08-31,2025-10-30,2026-08-31,205,0,0,-45.651198432677,31.284668284358,-55.213458724234,2026-07-20,2026-08-07,2025-11-10,2026-07-20,1
601869.SH,长飞光纤,0,1,通信,EP000147;EP000375,2018-07-20,2026-01-05,2026-08-31,160,2.6001371087,0,0,2025-10-30,2026-08-31,2025-10-30,2026-08-31,205,0,0,360.343962822299,730.106793818396,-57.408233929928,2025-11-21,2026-06-25,2026-06-25,2026-07-30,1
601872.SH,招商轮船,1,1,航运,EP000304;EP000320,2006-12-01,2026-01-05,2026-08-31,160,1.1209059427,0,0,2025-10-30,2026-08-31,2025-10-30,2026-08-31,205,0,0,121.978363896759,179.092903403718,-36.697474067398,2025-12-10,2026-06-25,2026-06-25,2026-07-17,1
601886.SH,江河集团,1,1,地产链,EP000742,2011-08-18,2026-01-05,2026-08-31,160,0.7432385310,0,0,2025-10-30,2026-08-31,2025-10-30,2026-08-31,205,0,0,80.517654776266,97.496318946909,-24.471452885792,2025-12-15,2026-08-31,2026-01-29,2026-03-19,1
601929.SH,吉视传媒,0,1,文化传媒,EP000023,2012-02-23,2026-01-05,2026-08-31,160,-0.2529092261,0,0,2025-10-30,2026-08-31,2025-10-30,2026-08-31,205,0,0,-29.781584143115,48.902779309889,-57.606608763595,2025-12-17,2026-01-14,2025-11-05,2026-07-21,1
601958.SH,金钼股份,1,0,有色金属,EP000564,2008-04-17,2026-01-05,2026-08-31,160,0.4775385949,0,0,2025-10-30,2026-08-31,2025-10-30,2026-08-31,205,0,0,48.038272025516,134.14817340862,-39.639450395049,2025-11-24,2026-06-23,2026-06-23,2026-07-21,1
601965.SH,中国汽研,1,0,年报增长,EP000230,2012-06-11,2026-01-05,2026-08-31,160,-0.1193418301,0,0,2025-10-30,2026-08-31,2025-10-30,2026-08-31,205,0,0,-16.30618239121,39.740302740883,-45.148755947571,2026-06-29,2026-08-05,2026-02-13,2026-06-29,1
601991.SH,大唐发电,1,1,电力,EP000478;EP000500,2006-12-20,2026-01-05,2026-08-31,160,0.7021902021,0,0,2025-10-30,2026-08-31,2025-10-30,2026-08-31,205,0,0,59.418113578198,195.089265791081,-45.060373827183,2025-11-24,2026-06-03,2026-06-03,2026-07-20,1
603001.SH,奥康国际,0,1,服装家纺,EP000602,2012-04-26,2026-01-05,2026-08-31,155,0.0089411849,0,0,2025-10-30,2026-08-31,2025-10-30,2026-08-31,200,0,0,9.720828918407,74.138324398126,-62.022675283657,2026-03-23,2026-06-24,2026-06-24,2026-07-21,1
603007.SH,花王股份,0,1,物理AI,EP000600,2016-08-26,2026-01-05,2026-08-31,159,-0.1605923426,0,0,2025-10-30,2026-08-31,2025-10-30,2026-08-31,204,0,0,-21.394758927939,89.754316908319,-55.183469163199,2025-12-17,2026-05-14,2026-05-14,2026-07-21,1
603015.SH,弘讯科技,1,0,核电,EP000202,2015-03-03,2026-01-05,2026-08-31,160,-0.0963094937,0,0,2025-10-30,2026-08-31,2025-10-30,2026-08-31,205,0,0,-9.414362489717,74.259462177466,-55.137719640592,2025-11-21,2026-01-12,2026-01-12,2026-07-21,1
603020.SH,爱普股份,0,1,食品饮料,EP000559;EP000570,2015-03-25,2026-01-05,2026-08-31,160,0.0230329948,0,0,2025-10-30,2026-08-31,2025-10-30,2026-08-31,205,0,0,-9.401470682562,62.379469062613,-41.033917022917,2026-03-23,2026-06-23,2026-06-23,2026-07-21,1
603032.SH,德新科技,0,1,锂电池,EP000532,2017-01-05,2026-01-05,2026-08-31,160,0.0507222703,0,0,2025-10-30,2026-08-31,2025-10-30,2026-08-31,205,0,0,-10.881832105245,85.097851718126,-49.626261883831,2026-03-23,2026-07-07,2026-07-07,2026-07-21,1
603045.SH,福达合金,1,0,算力,EP000575,2018-05-17,2026-01-05,2026-08-31,160,1.9989917834,0,0,2025-10-30,2026-08-31,2025-10-30,2026-08-31,205,0,0,166.531710758572,420.086812563069,-52.898426114892,2025-12-17,2026-06-25,2026-06-25,2026-07-30,1
603052.SH,可川科技,0,1,通信,EP000031;EP000206;EP000447,2022-10-11,2026-01-05,2026-08-31,160,0.9052283048,0,0,2025-10-30,2026-08-31,2025-10-30,2026-08-31,205,0,0,106.847586543808,340.958763424779,-63.559461620885,2025-11-03,2026-05-15,2026-05-15,2026-07-30,1
603057.SH,紫燕食品,0,1,年报增长,EP000454,2022-09-26,2026-01-05,2026-08-31,160,-0.0142082448,0,0,2025-10-30,2026-08-31,2025-10-30,2026-08-31,205,0,0,9.091421020162,111.581436396832,-46.500146658096,2025-12-12,2026-03-06,2026-03-06,2026-07-27,1
603063.SH,禾望电气,0,1,智能电网,EP000449,2017-07-28,2026-01-05,2026-08-31,160,-0.0257670599,0,0,2025-10-30,2026-08-31,2025-10-30,2026-08-31,205,0,0,3.163125914628,139.961299149101,-59.970010899293,2025-11-24,2026-05-27,2026-05-27,2026-07-21,1
603067.SH,振华股份,1,1,化工,EP000026,2016-09-13,2026-01-05,2026-08-31,160,0.2407389111,0,0,2025-10-30,2026-08-31,2025-10-30,2026-08-31,205,0,0,63.970514009953,128.750347039796,-44.175390657969,2025-10-30,2026-07-01,2026-07-01,2026-07-30,1
603070.SH,万控智造,1,0,智能电网,EP000490,2022-03-10,2026-01-05,2026-08-31,160,-0.0833132894,0,0,2025-10-30,2026-08-31,2025-10-30,2026-08-31,205,0,0,-15.682939067181,52.734772732784,-46.817423640948,2025-12-17,2026-05-14,2026-05-14,2026-07-21,1
603078.SH,江化微,0,1,实控人变更,EP000229,2017-04-10,2026-01-05,2026-08-31,155,1.0277897592,0,0,2025-10-30,2026-08-31,2025-10-30,2026-08-31,200,0,0,78.042675082528,242.391399288443,-55.411871991015,2025-11-21,2026-07-03,2026-07-03,2026-08-03,1
603082.SH,北自科技,1,1,机器人概念,EP000477;EP000669,2024-01-30,2026-01-05,2026-08-31,160,0.2247353656,0,0,2025-10-30,2026-08-31,2025-10-30,2026-08-31,205,0,0,18.92802862279,60.705790629497,-44.555719967363,2026-07-21,2026-08-18,2026-05-20,2026-07-21,1
603090.SH,宏盛股份,0,1,算力,EP000127,2016-08-31,2026-01-05,2026-08-31,160,-0.2366921019,0,0,2025-10-30,2026-08-31,2025-10-30,2026-08-31,205,0,0,-26.377713331106,141.782288971046,-67.073416241856,2025-12-04,2026-01-22,2026-01-22,2026-07-21,1
603092.SH,德力佳,1,0,风电,EP000346,2025-11-07,2026-01-05,2026-08-31,160,-0.3009824942,0,0,2025-10-30,2026-08-31,2025-11-07,2026-08-31,199,0,1,-6.423459613303,42.558823529412,-57.44239237413,2025-11-07,2025-11-07,2025-11-07,2026-08-24,1
603095.SH,越剑智能,1,1,新型工业化,EP000467;EP000482,2020-04-15,2026-01-05,2026-08-31,160,-0.0807162173,0,0,2025-10-30,2026-08-31,2025-10-30,2026-08-31,205,0,0,4.060974808998,103.890826974348,-61.721255441478,2025-12-17,2026-05-06,2026-05-06,2026-07-21,1
603103.SH,横店影视,1,1,AI应用;文化传媒,EP000275;EP000285;EP000290,2017-10-12,2026-01-05,2026-08-31,160,-0.0488519504,0,0,2025-10-30,2026-08-31,2025-10-30,2026-08-31,205,0,0,0.764632819202,164.379666617039,-68.034611158705,2025-12-25,2026-02-11,2026-02-11,2026-07-21,1
603106.SH,恒银科技,0,1,金融概念,EP000728,2017-09-20,2026-01-05,2026-08-31,160,-0.2542672019,0,0,2025-10-30,2026-08-31,2025-10-30,2026-08-31,205,0,0,-22.452417335004,62.722845536051,-55.425087249534,2026-07-27,2026-08-06,2025-11-26,2026-07-27,1
603113.SH,金能科技,0,1,化工,EP000111,2017-05-11,2026-01-05,2026-08-31,160,0.0037274902,0,0,2025-10-30,2026-08-31,2025-10-30,2026-08-31,205,0,0,-7.079151845226,50.994639583106,-53.31499400564,2026-07-10,2026-08-31,2026-03-13,2026-07-10,1
603115.SH,海星股份,1,1,元器件;电阻电容,EP000508;EP000582,2019-08-09,2026-01-05,2026-08-31,160,3.0793327727,0,0,2025-10-30,2026-08-31,2025-10-30,2026-08-31,205,0,0,286.2567687097,654.557892067073,-55.184143683065,2025-12-17,2026-06-26,2026-06-26,2026-07-21,1
603118.SH,共进股份,0,1,通信,EP000658,2015-02-25,2026-01-05,2026-08-31,160,0.6215642767,0,0,2025-10-30,2026-08-31,2025-11-03,2026-08-31,203,0,1,56.181068440346,92.336350811675,-39.391866508965,2026-06-29,2026-08-18,2026-05-14,2026-06-29,1
603122.SH,合富中国,1,1,医药;海峡两岸,EP000007;EP000021;EP000039;EP000063,2022-02-16,2026-01-05,2026-08-31,160,-0.5090166869,0,0,2025-10-30,2026-08-31,2025-10-30,2026-08-31,202,0,0,48.084314743482,300.771029435443,-70.94810365455,2025-10-30,2025-12-19,2025-12-19,2026-07-21,1
603123.SH,翠微股份,1,1,数字货币;金融概念,EP000148;EP000726,2012-05-03,2026-01-05,2026-08-31,160,-0.4354569032,0,0,2025-10-30,2026-08-31,2025-10-30,2026-08-31,205,0,0,-22.149467075103,60.272479251967,-57.118632182984,2025-12-05,2025-12-30,2025-12-30,2026-07-14,1
603131.SH,上海沪工,1,1,商业航天,EP000036;EP000050,2016-06-07,2026-01-05,2026-08-31,160,-0.5110758144,0,0,2025-10-30,2026-08-31,2025-10-30,2026-08-31,205,0,0,-35.103228316934,59.909426698955,-63.928376938873,2025-11-03,2026-01-12,2026-01-12,2026-07-21,1
603135.SH,中重科技,0,1,机器人概念,EP000537,2023-04-10,2026-01-05,2026-08-31,160,0.0108595258,0,0,2025-10-30,2026-08-31,2025-10-30,2026-08-31,205,0,0,-12.745681788775,81.390835688392,-50.432586816632,2025-12-17,2026-06-09,2026-06-09,2026-07-21,1
603137.SH,恒尚节能,1,1,并购重组,EP000607;EP000643;EP000652,2023-04-19,2026-01-05,2026-08-31,150,0.6339216901,0,0,2025-10-30,2026-08-31,2025-10-30,2026-08-31,195,0,0,55.363885207041,217.946312808284,-40.747033542624,2026-06-11,2026-07-15,2026-07-15,2026-08-24,1
603138.SH,海量数据,0,1,人工智能,EP000292,2017-03-06,2026-01-05,2026-08-31,160,-0.0801674864,0,0,2025-10-30,2026-08-31,2025-10-30,2026-08-31,205,0,0,-16.207597467449,85.405831268372,-56.626531177653,2025-12-17,2026-03-10,2026-03-10,2026-07-21,1
603155.SH,新亚强,0,1,实控人变更,EP000093,2020-09-01,2026-01-05,2026-08-31,160,0.2066630713,0,0,2025-10-30,2026-08-31,2025-10-30,2026-08-31,205,0,0,30.575918320058,110.245179377229,-45.263879190909,2026-03-23,2026-07-01,2026-07-01,2026-07-21,1
603158.SH,腾龙股份,0,1,算力,EP000400,2015-03-20,2026-01-05,2026-08-31,160,0.0826860554,0,0,2025-10-30,2026-08-31,2025-10-30,2026-08-31,205,0,0,10.563382836656,80.379391260006,-53.391665766591,2025-12-05,2026-06-05,2026-06-05,2026-07-21,1
603163.SH,圣晖集成,0,1,芯片,EP000162,2022-10-13,2026-01-05,2026-08-31,160,0.1788242547,0,0,2025-10-30,2026-08-31,2025-10-30,2026-08-31,205,0,0,65.508091718074,279.732118038709,-57.68156865182,2025-11-14,2026-06-30,2026-06-30,2026-07-21,1
603165.SH,荣晟环保,1,0,芯片,EP000374,2017-01-17,2026-01-05,2026-08-31,160,0.2572087914,0,0,2025-10-30,2026-08-31,2025-10-30,2026-08-31,205,0,0,23.284630559967,72.731227259475,-37.719836064402,2025-12-12,2026-05-14,2026-05-14,2026-07-23,1
603169.SH,兰石重装,1,1,钍基熔盐,EP000015,2014-10-09,2026-01-05,2026-08-31,160,-0.3930576786,0,0,2025-10-30,2026-08-31,2025-10-30,2026-08-31,205,0,0,-23.159257513051,64.310134367301,-59.59084910291,2025-10-31,2026-01-12,2026-01-12,2026-07-21,1
603178.SH,圣龙股份,0,1,汽车零部件,EP000456,2017-03-28,2026-01-05,2026-08-31,160,-0.0540534034,0,0,2025-10-30,2026-08-31,2025-10-30,2026-08-31,205,0,0,-15.080958991422,64.271142168036,-43.000065105064,2026-03-23,2026-05-20,2026-05-20,2026-06-29,1
603179.SH,新泉股份,1,0,机器人概念,EP000226,2017-03-17,2026-01-05,2026-08-31,160,-0.2469349955,0,0,2025-10-30,2026-08-31,2025-10-30,2026-08-31,205,0,0,-27.876205416435,85.28449411478,-55.303736549005,2025-11-21,2026-01-19,2026-01-19,2026-08-20,1
603185.SH,弘元绿能,1,0,光伏,EP000035,2018-12-28,2026-01-05,2026-08-31,160,-0.5048259092,0,0,2025-10-30,2026-08-31,2025-10-30,2026-08-31,205,0,0,-42.618552272351,48.152451004326,-67.283971362512,2025-10-30,2025-11-14,2025-11-14,2026-07-21,1
603186.SH,华正新材,1,0,通信,EP000520,2017-01-03,2026-01-05,2026-08-31,160,2.6839769551,0,0,2025-10-30,2026-08-31,2025-10-30,2026-08-31,205,0,0,264.574622840984,610.11994121669,-63.760190180294,2025-11-24,2026-06-25,2026-06-25,2026-08-03,1
603191.SH,望变电气,1,0,智能电网,EP000293,2022-04-28,2026-01-05,2026-08-31,160,0.0078565614,0,0,2025-10-30,2026-08-31,2025-10-30,2026-08-31,205,0,0,-8.819039319429,93.636232381468,-57.687243199468,2025-11-21,2026-03-12,2026-03-12,2026-07-21,1
603200.SH,上海洗霸,1,0,锂电池,EP000774,2017-06-01,2026-01-05,2026-08-31,160,-0.4044328298,0,0,2025-10-30,2026-08-31,2025-10-30,2026-08-31,205,0,0,-54.373749947523,51.247945156726,-67.074662093858,2026-07-21,2026-08-27,2025-10-30,2026-07-21,1
603203.SH,快克智能,1,0,液冷,EP000164,2016-11-08,2026-01-05,2026-08-31,160,0.6205435162,0,0,2025-10-30,2026-08-31,2025-10-30,2026-08-31,205,0,0,88.82232203123,280.246566193741,-58.052137181598,2025-11-24,2026-06-30,2026-06-30,2026-07-30,1
603212.SH,赛伍技术,0,1,光伏,EP000623,2020-04-30,2026-01-05,2026-08-31,160,-0.1868435966,0,0,2025-10-30,2026-08-31,2025-10-30,2026-08-31,205,0,0,-0.683743829057,65.652210348882,-52.650854635292,2025-11-05,2026-01-28,2026-01-28,2026-07-21,1
603216.SH,梦天家居,1,1,地产链,EP000079;EP000097,2021-12-15,2026-01-05,2026-08-31,160,-0.5137237496,0,0,2025-10-30,2026-08-31,2025-10-30,2026-08-31,196,0,0,43.022424042676,281.582262311182,-70.349364922,2025-11-05,2026-01-21,2026-01-21,2026-07-21,1
603221.SH,爱丽家居,1,1,并购重组,EP000679;EP000704;EP000725;EP000758,2020-03-23,2026-01-05,2026-08-31,152,1.1221684553,0,0,2025-10-30,2026-08-31,2025-10-30,2026-08-31,197,0,0,128.622175274116,219.499826084145,-38.562418916344,2026-07-20,2026-08-18,2026-01-06,2026-07-20,1
603222.SH,济民健康,1,0,医药,EP000716,2015-02-17,2026-01-05,2026-08-31,160,-0.1237604003,0,0,2025-10-30,2026-08-31,2025-10-30,2026-08-31,205,0,0,-20.158981430698,56.834577624904,-43.769987137149,2026-06-29,2026-07-10,2025-11-14,2026-06-29,1
603232.SH,格尔软件,1,1,量子科技,EP000004,2017-04-21,2026-01-05,2026-08-31,160,-0.3307165234,0,0,2025-10-30,2026-08-31,2025-10-30,2026-08-31,205,0,0,-34.218149530035,45.16142351427,-59.19694337232,2026-07-21,2026-08-12,2025-11-19,2026-07-21,1
603248.SH,锡华科技,1,1,次新股,EP000356,2025-12-23,2026-01-05,2026-08-31,160,-0.1728921480,0,0,2025-10-30,2026-08-31,2025-12-23,2026-08-31,167,0,1,79.916222482251,91.50707743547,-63.982304604533,2025-12-23,2025-12-23,2025-12-23,2026-07-21,1
603258.SH,电魂网络,0,1,游戏,EP000705,2016-10-26,2026-01-05,2026-08-31,160,-0.2820078133,0,0,2025-10-30,2026-08-31,2025-10-30,2026-08-31,205,0,0,-32.089784229539,28.185975207408,-48.809310919627,2026-07-23,2026-08-06,2026-01-13,2026-07-23,1
603268.SH,松发股份,0,1,ST摘帽,EP000452,2015-03-19,2026-01-05,2026-08-31,159,1.3294593258,0,0,2025-10-30,2026-08-31,2025-10-30,2026-08-31,204,0,0,254.629558245527,261.315102553922,-25.485003938776,2025-10-30,2026-08-31,2026-05-13,2026-06-02,1
603269.SH,海鸥股份,0,1,中报增长,EP000748,2017-05-17,2026-01-05,2026-08-31,160,1.6291639905,0,0,2025-10-30,2026-08-31,2025-10-30,2026-08-31,205,0,0,148.848874829075,202.42378358342,-46.341522218515,2025-11-21,2026-08-31,2026-07-07,2026-07-21,1
603277.SH,银都股份,0,1,零售,EP000745,2017-09-11,2026-01-05,2026-08-31,160,-0.2775355204,0,0,2025-10-30,2026-08-31,2025-10-30,2026-08-31,205,0,0,-33.044536350071,37.1132325595,-45.275187422239,2026-06-22,2026-08-24,2025-10-31,2026-06-22,1
603280.SH,南方路机,0,1,基础建设,EP000087,2022-11-08,2026-01-05,2026-08-31,160,-0.2727012278,0,0,2025-10-30,2026-08-31,2025-10-30,2026-08-31,205,0,0,-35.204993779036,30.088342003039,-51.101918855133,2025-11-20,2025-11-26,2025-11-26,2026-07-21,1
603308.SH,应流股份,0,1,燃气轮机,EP000294,2014-01-22,2026-01-05,2026-08-31,160,0.0637061201,0,0,2025-10-30,2026-08-31,2025-10-30,2026-08-31,205,0,0,6.882585763024,141.886020913059,-51.642272212237,2025-12-02,2026-04-24,2026-04-24,2026-07-30,1
603316.SH,诚邦股份,0,1,芯片,EP000328,2017-06-19,2026-01-05,2026-08-31,160,-0.0289650099,0,0,2025-10-30,2026-08-31,2025-10-30,2026-08-31,205,0,0,2.848935768797,117.912798779407,-59.649666666659,2025-10-31,2026-05-22,2026-05-22,2026-07-30,1
603318.SH,水发燃气,1,1,天然气;燃气轮机,EP000317;EP000459,2015-04-24,2026-01-05,2026-08-31,160,0.5014895150,0,0,2025-10-30,2026-08-31,2025-10-30,2026-08-31,205,0,0,47.291154911506,140.446022177581,-50.000143108026,2025-12-17,2026-04-30,2026-04-30,2026-07-10,1
603330.SH,天洋新材,1,0,通信,EP000695,2017-02-13,2026-01-05,2026-08-31,160,0.4571825997,0,0,2025-10-30,2026-08-31,2025-10-30,2026-08-31,205,0,0,30.086424863779,134.664312961129,-46.763314098929,2026-07-21,2026-08-18,2026-06-05,2026-07-21,1
603335.SH,迪生力,1,0,并购重组,EP000607,2017-06-20,2026-01-05,2026-08-31,160,0.1989280740,0,0,2025-10-30,2026-08-31,2025-10-30,2026-08-31,205,0,0,13.827468454343,88.223453750693,-50.46158107779,2026-03-23,2026-06-16,2026-06-16,2026-07-21,1
603338.SH,浙江鼎力,1,1,基础建设,EP000631,2015-03-25,2026-01-05,2026-08-31,160,0.0434227814,0,0,2025-10-30,2026-08-31,2025-10-30,2026-08-31,205,0,0,12.634582449879,48.26269043116,-34.158800757134,2026-06-29,2026-07-30,2025-12-11,2026-06-29,1
603353.SH,和顺石油,0,1,并购重组,EP000104,2020-04-07,2026-01-05,2026-08-31,160,0.2415536361,0,0,2025-10-30,2026-08-31,2025-10-30,2026-08-31,205,0,0,64.365502088691,196.008820312708,-56.851943184959,2025-10-30,2026-05-29,2026-05-29,2026-07-21,1
603366.SH,日出东方,0,1,热泵,EP000351,2012-05-21,2026-01-05,2026-08-31,160,-0.1918320030,0,0,2025-10-30,2026-08-31,2025-10-30,2026-08-31,205,0,0,-19.183091922729,40.608706449148,-53.527686850548,2025-10-30,2025-11-18,2025-11-18,2026-07-14,1
603386.SH,骏亚科技,0,1,通信,EP000122,2017-09-12,2026-01-05,2026-08-31,160,-0.0534883668,0,0,2025-10-30,2026-08-31,2025-10-30,2026-08-31,205,0,0,10.932893687835,88.491460784454,-54.545504500535,2025-11-21,2026-06-26,2026-06-26,2026-07-21,1
603399.SH,永杉锂业,1,1,锂电池;锂矿,EP000605;EP000687,2012-08-24,2026-01-05,2026-08-31,160,0.4619849704,0,0,2025-10-30,2026-08-31,2025-10-30,2026-08-31,205,0,0,51.899897558784,167.225134777334,-58.111248621109,2026-03-23,2026-05-11,2026-05-11,2026-07-21,1
603400.SH,华之杰,0,1,机器人概念,EP000669,2025-06-20,2026-01-05,2026-08-31,160,0.1542819899,0,0,2025-10-30,2026-08-31,2025-10-30,2026-08-31,205,0,0,3.903357027812,80.568501294585,-55.116736580137,2025-12-17,2026-05-18,2026-05-18,2026-07-21,1
603407.SH,长裕集团,0,1,非金属材料,EP000588,2026-05-11,2026-05-11,2026-08-31,80,3.1407058717,1,0,2025-10-30,2026-08-31,2026-05-11,2026-08-31,80,0,1,314.070587166903,132.956831486284,-56.664781158338,2026-06-11,2026-07-01,2026-05-11,2026-06-11,1
603435.SH,嘉德利,0,1,元器件,EP000672,2026-05-22,2026-05-22,2026-08-31,71,2.3090083586,1,0,2025-10-30,2026-08-31,2026-05-22,2026-08-31,71,0,1,230.900835856701,60.672748004561,-72.351080084822,2026-05-22,2026-05-22,2026-05-22,2026-07-21,1
603458.SH,勘设股份,0,1,无人驾驶,EP000189,2017-08-09,2026-01-05,2026-08-31,160,-0.0718573928,0,0,2025-10-30,2026-08-31,2025-10-30,2026-08-31,205,0,0,8.644570263251,117.190870459859,-62.598111739794,2025-12-16,2026-06-26,2026-06-26,2026-07-21,1
603486.SH,科沃斯,1,0,机器人概念,EP000463,2018-05-28,2026-01-05,2026-08-31,160,-0.3353892728,0,0,2025-10-30,2026-08-31,2025-10-30,2026-08-31,205,0,0,-43.150274533654,32.472982602891,-48.869738163554,2026-06-29,2026-07-30,2025-10-30,2026-06-29,1
603499.SH,翔港科技,0,1,股权转让,EP000628,2017-10-16,2026-01-05,2026-08-31,160,-0.1082362988,0,0,2025-10-30,2026-08-31,2025-10-30,2026-08-31,205,0,0,4.696669315472,52.290247002107,-46.969263171306,2025-11-05,2026-03-18,2026-03-18,2026-07-21,1
603530.SH,神马电力,1,1,智能电网,EP000309;EP000326,2019-08-05,2026-01-05,2026-08-31,160,0.1431254024,0,0,2025-10-30,2026-08-31,2025-10-30,2026-08-31,205,0,0,15.89218908881,94.552374352629,-43.316388808844,2025-11-24,2026-03-05,2026-03-05,2026-07-21,1
603538.SH,美诺华,1,0,医药,EP000369,2017-04-07,2026-01-05,2026-08-31,160,0.9323905589,0,0,2025-10-30,2026-08-31,2025-10-30,2026-08-31,205,0,0,62.213314928695,271.06017612696,-55.050537185822,2025-12-17,2026-05-07,2026-05-07,2026-06-29,1
603559.SH,中通国脉,1,0,ST摘帽,EP000621,2016-12-02,2026-01-05,2026-08-31,159,0.5078689208,0,0,2025-10-30,2026-08-31,2025-10-30,2026-08-31,204,0,0,27.449013407732,80.479727792149,-36.952377571327,2026-01-21,2026-08-31,2026-05-18,2026-07-21,1
603580.SH,艾艾精工,0,1,实控人变更,EP000654;EP000757,2017-05-25,2026-01-05,2026-08-31,154,4.2799949311,0,0,2025-10-30,2026-08-31,2025-10-30,2026-08-31,199,0,0,471.912772556643,557.880301375522,-31.390452165566,2026-02-05,2026-08-28,2026-07-20,2026-07-22,1
603585.SH,苏利股份,1,1,农业,EP000152,2016-12-14,2026-01-05,2026-08-31,160,-0.1856379757,0,0,2025-10-30,2026-08-31,2025-10-30,2026-08-31,205,0,0,-22.897366860501,64.213072303378,-53.408637173983,2025-12-16,2026-04-15,2026-04-15,2026-07-21,1
603598.SH,引力传媒,1,0,文化传媒,EP000499,2015-05-27,2026-01-05,2026-08-31,160,0.0553292507,0,0,2025-10-30,2026-08-31,2025-10-30,2026-08-31,205,0,0,10.952928203684,117.402404377094,-59.193645967713,2025-12-29,2026-01-14,2026-01-14,2026-07-21,1
603601.SH,再升科技,0,1,商业航天,EP000501,2015-01-22,2026-01-05,2026-08-31,160,-0.2641495383,0,0,2025-10-30,2026-08-31,2025-10-30,2026-08-31,205,0,0,86.127094455909,432.353048632192,-70.826512645217,2025-11-24,2026-05-28,2026-05-28,2026-07-21,1
603616.SH,韩建河山,1,1,并购重组,EP000270;EP000552,2015-06-11,2026-01-05,2026-08-31,150,0.0963440141,0,0,2025-10-30,2026-08-31,2025-10-30,2026-08-31,195,0,0,4.788473697868,86.318052259979,-53.779530317321,2025-12-17,2026-02-10,2026-02-10,2026-07-21,1
603618.SH,杭电股份,1,1,通信,EP000260;EP000282,2015-02-17,2026-01-05,2026-08-31,160,3.3411663277,0,0,2025-10-30,2026-08-31,2025-10-30,2026-08-31,205,0,0,295.810818552096,654.745939350141,-63.083376950223,2025-12-17,2026-06-25,2026-06-25,2026-07-30,1
603619.SH,中曼石油,0,1,石油石化,EP000685,2017-11-17,2026-01-05,2026-08-31,160,0.0687233020,0,0,2025-10-30,2026-08-31,2025-10-30,2026-08-31,205,0,0,22.557782256681,144.693152147261,-63.187076838939,2025-10-31,2026-03-04,2026-03-04,2026-07-17,1
603626.SH,科森科技,0,1,机器人概念,EP000280;EP000463,2017-02-09,2026-01-05,2026-08-31,160,-0.0076385299,0,0,2025-10-30,2026-08-31,2025-10-30,2026-08-31,205,0,0,61.964864726109,163.300615727626,-60.719109490086,2025-11-24,2026-02-26,2026-02-26,2026-07-21,1
603629.SH,利通电子,0,1,算力,EP000712,2018-12-24,2026-01-05,2026-08-31,160,5.4220771881,0,0,2025-10-30,2026-08-31,2025-10-30,2026-08-31,205,0,0,620.622270239191,923.707996423763,-49.247317661942,2025-10-30,2026-05-29,2026-05-29,2026-07-30,1
603661.SH,恒林股份,0,1,金刚石概念,EP000521,2017-11-21,2026-01-05,2026-08-31,160,-0.0087458684,0,0,2025-10-30,2026-08-31,2025-10-30,2026-08-31,205,0,0,-5.621436881726,61.737391620394,-39.814853188921,2026-05-20,2026-07-01,2026-07-01,2026-07-21,1
603678.SH,火炬电子,1,1,元器件,EP000573,2015-01-26,2026-01-05,2026-08-31,160,0.3323451792,0,0,2025-10-30,2026-08-31,2025-10-30,2026-08-31,205,0,0,19.955344972823,204.91465851282,-58.050367869163,2025-11-21,2026-07-01,2026-07-01,2026-07-21,1
603687.SH,大胜达,1,1,并购重组,EP000364,2019-07-26,2026-01-05,2026-08-31,160,0.6834198846,0,0,2025-10-30,2026-08-31,2025-10-30,2026-08-31,205,0,0,76.684503243525,158.607408178025,-48.504323770957,2025-11-24,2026-07-01,2026-07-01,2026-07-21,1
603696.SH,安记食品,0,1,食品饮料,EP000129,2015-12-09,2026-01-05,2026-08-31,160,-0.3078823219,0,0,2025-10-30,2026-08-31,2025-10-30,2026-08-31,205,0,0,18.448202424702,161.218606809845,-65.82743230778,2025-11-24,2025-12-25,2025-12-25,2026-07-21,1
603698.SH,航天工程,1,0,化工;国有企业,EP000163;EP000438,2015-01-28,2026-01-05,2026-08-31,160,-0.4249114071,0,0,2025-10-30,2026-08-31,2025-10-30,2026-08-31,205,0,0,16.490681443163,171.300465927923,-57.745900026454,2025-11-21,2026-01-12,2026-01-12,2026-07-30,1
603709.SH,中源家居,1,1,地产链;智能家居,EP000130;EP000135,2018-02-08,2026-01-05,2026-08-31,160,0.0079692289,0,0,2025-10-30,2026-08-31,2025-10-30,2026-08-31,205,0,0,8.081851352173,80.205968182722,-55.301546020322,2025-11-21,2025-12-15,2025-12-15,2026-07-21,1
603725.SH,天安新材,1,0,机器人概念,EP000537,2017-09-06,2026-01-05,2026-08-31,160,0.2130105262,0,0,2025-10-30,2026-08-31,2025-10-30,2026-08-31,205,0,0,11.312953138893,80.217413799886,-40.29604480387,2026-03-23,2026-07-06,2026-07-06,2026-07-30,1
603738.SH,泰晶科技,0,1,元器件,EP000299,2016-09-28,2026-01-05,2026-08-31,160,1.5090370306,0,0,2025-10-30,2026-08-31,2025-10-30,2026-08-31,205,0,0,161.03932476352,376.957596702884,-61.600553400645,2025-11-05,2026-06-26,2026-06-26,2026-07-30,1
603758.SH,秦安股份,1,1,机器人概念,EP000735;EP000769,2017-05-17,2026-01-05,2026-08-31,160,-0.3323746782,0,0,2025-10-30,2026-08-31,2025-10-30,2026-08-31,205,0,0,-23.467165309372,82.955605183091,-57.647680164253,2026-07-21,2026-08-13,2025-12-10,2026-07-21,1
603759.SH,海天股份,1,1,储能;环保,EP000020;EP000037,2021-03-26,2026-01-05,2026-08-31,160,-0.2713825803,0,0,2025-10-30,2026-08-31,2025-10-30,2026-08-31,205,0,0,-30.185143221178,62.747044075778,-59.441370257638,2025-10-30,2025-11-10,2025-11-10,2026-06-29,1
603773.SH,沃格光电,1,1,芯片,EP000412;EP000450,2018-04-17,2026-01-05,2026-08-31,160,1.6986960827,0,0,2025-10-30,2026-08-31,2025-10-30,2026-08-31,205,0,0,198.840881620135,602.279588595035,-65.590460692938,2025-11-24,2026-06-26,2026-06-26,2026-08-03,1
603777.SH,来伊份,0,1,股权转让,EP000423,2016-10-12,2026-01-05,2026-08-31,160,0.0080108264,0,0,2025-10-30,2026-08-31,2025-10-30,2026-08-31,205,0,0,9.234446638996,81.271189338351,-49.954049347723,2026-03-04,2026-05-14,2026-05-14,2026-07-21,1
603778.SH,国晟科技,1,1,储能;光伏;锂电池,EP000035;EP000088;EP000191;EP000343;EP000409,2015-12-31,2026-01-05,2026-08-31,157,-0.4431825155,0,0,2025-10-30,2026-08-31,2025-10-30,2026-08-31,202,0,0,113.04265029964,666.665236139346,-77.939967037017,2025-10-31,2026-04-09,2026-04-09,2026-07-21,1
603779.SH,威龙股份,0,1,实控人变更,EP000492;EP000502,2016-05-16,2026-01-05,2026-08-31,155,0.2748425057,0,0,2025-10-30,2026-08-31,2025-10-30,2026-08-31,200,0,0,17.285369231486,154.290059628126,-55.440818165844,2026-03-23,2026-05-21,2026-05-21,2026-07-27,1
603801.SH,志邦家居,0,1,地产链,EP000762,2017-06-30,2026-01-05,2026-08-31,160,-0.2347444370,0,0,2025-10-30,2026-08-31,2025-10-30,2026-08-31,205,0,0,-25.111373699786,54.66916530315,-45.02801410236,2026-07-27,2026-08-21,2026-03-17,2026-07-27,1
603803.SH,瑞斯康达,1,0,通信,EP000091,2017-04-20,2026-01-05,2026-08-31,160,0.0369678085,0,0,2025-10-30,2026-08-31,2025-10-30,2026-08-31,205,0,0,24.593173247664,93.340426064886,-54.150374184947,2025-10-30,2026-05-14,2026-05-14,2026-07-21,1
603823.SH,百合花,1,1,化工,EP000010,2016-12-20,2026-01-05,2026-08-31,160,3.3678492895,0,0,2025-10-30,2026-08-31,2025-10-30,2026-08-31,205,0,0,340.887405487041,544.775548970708,-49.941200765207,2025-10-31,2026-08-19,2026-07-22,2026-08-03,1
603829.SH,洛凯股份,0,1,智能电网,EP000126,2017-10-17,2026-01-05,2026-08-31,160,-0.2728131276,0,0,2025-10-30,2026-08-31,2025-10-30,2026-08-31,205,0,0,-20.367555949486,85.387358773735,-62.551879600145,2025-11-13,2025-12-12,2025-12-12,2026-07-21,1
603861.SH,白云电器,1,0,智能电网,EP000262,2016-03-22,2026-01-05,2026-08-31,160,-0.0329233672,0,0,2025-10-30,2026-08-31,2025-10-30,2026-08-31,205,0,0,-3.845324784094,104.982166601052,-54.662054164503,2025-12-17,2026-03-05,2026-03-05,2026-07-21,1
603877.SH,太平鸟,0,1,服装家纺,EP000077,2017-01-09,2026-01-05,2026-08-31,160,-0.1057546265,0,0,2025-10-30,2026-08-31,2025-10-30,2026-08-31,205,0,0,-7.717650001279,29.020515209127,-34.764972560798,2025-10-30,2025-11-20,2025-11-20,2026-06-29,1
603887.SH,城地香江,1,0,算力,EP000259,2016-10-10,2026-01-05,2026-08-31,160,-0.2781074128,0,0,2025-10-30,2026-08-31,2025-10-30,2026-08-31,205,0,0,-39.378764309477,63.740172179516,-57.212830906467,2026-07-21,2026-08-14,2026-03-16,2026-07-21,1
603889.SH,新澳股份,0,1,年报增长,EP000428,2014-12-31,2026-01-05,2026-08-31,160,0.0230924525,0,0,2025-10-30,2026-08-31,2025-10-30,2026-08-31,205,0,0,6.73998387173,36.146431748335,-29.464315885549,2025-11-21,2026-01-22,2026-01-22,2026-07-01,1
603893.SH,瑞芯微,0,1,端侧AI,EP000793,2020-02-07,2026-01-05,2026-08-31,160,0.0996202873,0,0,2025-10-30,2026-08-31,2025-10-30,2026-08-31,205,0,0,2.10961573687,60.797361986808,-30.560968806215,2026-03-24,2026-07-23,2026-01-28,2026-03-24,1
603897.SH,长城科技,1,1,机器人概念;电气设备,EP000388;EP000445,2018-04-10,2026-01-05,2026-08-31,160,0.1764721779,0,0,2025-10-30,2026-08-31,2025-10-30,2026-08-31,200,0,0,17.130707695083,160.309181106635,-64.937777895847,2025-11-21,2026-05-21,2026-05-21,2026-07-21,1
603898.SH,好莱客,0,1,AI应用,EP000455,2015-02-17,2026-01-05,2026-08-31,160,-0.1351427151,0,0,2025-10-30,2026-08-31,2025-10-30,2026-08-31,205,0,0,13.523419473104,84.337959359058,-45.173987107967,2025-10-30,2026-01-29,2026-01-29,2026-07-21,1
603919.SH,金徽酒,0,1,酿酒,EP000526,2016-03-10,2026-01-05,2026-08-31,160,-0.1404555022,0,0,2025-10-30,2026-08-31,2025-10-30,2026-08-31,205,0,0,-10.449617473352,34.989658789965,-45.48516843064,2026-01-28,2026-02-05,2026-02-05,2026-07-10,1
603928.SH,兴业股份,0,1,电子树脂,EP000633,2016-12-12,2026-01-05,2026-08-31,160,-0.0072014524,0,0,2025-10-30,2026-08-31,2025-10-30,2026-08-31,205,0,0,5.736097084968,90.359365031669,-51.111163399525,2026-03-23,2026-07-10,2026-07-10,2026-07-21,1
603929.SH,亚翔集成,1,1,芯片,EP000072;EP000185;EP000353,2016-12-30,2026-01-05,2026-08-31,160,0.7460983229,0,0,2025-10-30,2026-08-31,2025-10-30,2026-08-31,205,0,0,316.049978369939,647.110291764261,-52.586047464445,2025-10-30,2026-06-30,2026-06-30,2026-08-03,1
603933.SH,睿能科技,1,1,存储;机器人概念;海峡两岸;芯片,EP000106;EP000108;EP000115;EP000118,2017-07-06,2026-01-05,2026-08-31,150,-0.2451626771,0,0,2025-10-30,2026-08-31,2025-10-30,2026-08-31,195,0,0,-12.222317971362,78.258346338755,-52.99648564555,2025-11-21,2025-12-08,2025-12-08,2026-07-21,1
603937.SH,丽岛新材,1,1,锂电池,EP000473;EP000486,2017-11-02,2026-01-05,2026-08-31,160,-0.0075107113,0,0,2025-10-30,2026-08-31,2025-10-30,2026-08-31,205,0,0,-2.379134975613,70.858811358127,-54.131384107747,2025-12-17,2026-05-08,2026-05-08,2026-07-21,1
603949.SH,雪龙集团,1,0,机器人概念,EP000340,2020-03-10,2026-01-05,2026-08-31,160,-0.2171009193,0,0,2025-10-30,2026-08-31,2025-10-30,2026-08-31,205,0,0,-26.266819990574,43.911069461452,-51.569543648829,2026-06-11,2026-07-13,2026-03-18,2026-07-21,1
603958.SH,哈森股份,1,1,并购重组;消费电子,EP000765;EP000772,2016-06-29,2026-01-05,2026-08-31,160,0.6992397304,0,0,2025-10-30,2026-08-31,2025-10-30,2026-08-31,205,0,0,37.135200267716,122.952352614045,-57.184692597367,2025-12-17,2026-04-22,2026-04-22,2026-07-21,1
603977.SH,国泰集团,1,0,商业航天,EP000610,2016-11-11,2026-01-05,2026-08-31,160,-0.1630780031,0,0,2025-10-30,2026-08-31,2025-10-30,2026-08-31,205,0,0,-12.13588587574,48.310565292115,-40.98477600103,2025-12-10,2026-03-27,2026-03-27,2026-07-21,1
603980.SH,吉华集团,1,1,实控人变更,EP000286,2017-06-15,2026-01-05,2026-08-31,155,0.4680270096,0,0,2025-10-30,2026-08-31,2025-10-30,2026-08-31,200,0,0,38.03866891248,83.606383649454,-39.214301789215,2025-12-17,2026-02-12,2026-02-12,2026-06-12,1
603988.SH,中电电机,0,1,风电,EP000697,2014-11-04,2026-01-05,2026-08-31,160,-0.1920328621,0,0,2025-10-30,2026-08-31,2025-10-30,2026-08-31,205,0,0,-27.497718704498,88.8801484207,-67.094038244881,2026-07-21,2026-08-11,2026-01-29,2026-07-21,1
603989.SH,艾华集团,1,1,元器件;电阻电容,EP000515;EP000584;EP000603;EP000606;EP000655,2015-05-15,2026-01-05,2026-08-31,160,0.8822509670,0,0,2025-10-30,2026-08-31,2025-10-30,2026-08-31,205,0,0,70.3566623559,274.193538768176,-60.395849633191,2026-03-23,2026-06-26,2026-06-26,2026-08-03,1
605003.SH,众望布艺,1,1,服装家纺,EP000184,2020-09-08,2026-01-05,2026-08-31,160,-0.3297213933,0,0,2025-10-30,2026-08-31,2025-10-30,2026-08-31,205,0,0,-1.044746538031,68.350566991093,-53.781242455856,2025-12-17,2026-03-02,2026-03-02,2026-07-21,1
605006.SH,山东玻纤,1,1,化工,EP000300;EP000398;EP000481;EP000536,2020-09-03,2026-01-05,2026-08-31,160,1.0725952545,0,0,2025-10-30,2026-08-31,2025-10-30,2026-08-31,205,0,0,89.8364847129,286.236351697209,-57.960538976287,2025-12-17,2026-06-17,2026-06-17,2026-07-21,1
605007.SH,五洲特纸,1,1,造纸,EP000175,2020-11-10,2026-01-05,2026-08-31,160,0.1987576409,0,0,2025-10-30,2026-08-31,2025-10-30,2026-08-31,205,0,0,34.848003871606,58.553720682474,-31.024305745486,2025-12-17,2026-02-26,2026-02-26,2026-06-22,1
605033.SH,美邦股份,1,1,农业,EP000296,2021-09-16,2026-01-05,2026-08-31,160,0.0368842645,0,0,2025-10-30,2026-08-31,2025-10-30,2026-08-31,205,0,0,-6.707451226575,94.015430327542,-54.181329206184,2025-12-18,2026-02-25,2026-02-25,2026-07-21,1
605060.SH,联德股份,1,1,液冷;燃气轮机,EP000287;EP000429;EP000446;EP000637;EP000754,2021-03-01,2026-01-05,2026-08-31,160,0.1889101236,0,0,2025-10-30,2026-08-31,2025-10-30,2026-08-31,205,0,0,49.462652416003,144.708096528361,-56.467342349953,2025-11-03,2026-02-26,2026-02-26,2026-07-21,1
605068.SH,明新旭腾,1,1,汽车零部件,EP000708,2020-11-23,2026-01-05,2026-08-31,160,-0.2738029748,0,0,2025-10-30,2026-08-31,2025-10-30,2026-08-31,205,0,0,-35.367477905429,76.197798548884,-60.06428302974,2026-07-21,2026-08-06,2025-12-16,2026-07-21,1
605069.SH,正和生态,1,1,AI智能体;人工智能;智谱AI,EP000180;EP000182;EP000596,2021-08-16,2026-01-05,2026-08-31,160,-0.2707499541,0,0,2025-10-30,2026-08-31,2025-10-30,2026-08-31,205,0,0,2.583637417696,88.876705587543,-49.175700051051,2025-12-17,2026-05-14,2026-05-14,2026-07-21,1
605136.SH,丽人丽妆,0,1,美容护理,EP000078,2020-09-29,2026-01-05,2026-08-31,160,-0.2374389666,0,0,2025-10-30,2026-08-31,2025-10-30,2026-08-31,205,0,0,-11.358347553197,53.297133396101,-51.410151576361,2025-10-31,2026-01-15,2026-01-15,2026-06-29,1
605162.SH,新中港,1,1,电力,EP000396;EP000692,2021-07-07,2026-01-05,2026-08-31,160,0.2643313445,0,0,2025-10-30,2026-08-31,2025-10-30,2026-08-31,205,0,0,21.047052892471,86.057575763332,-56.13417789227,2025-12-17,2026-04-08,2026-04-08,2026-07-21,1
605178.SH,时空科技,0,1,芯片,EP000298,2020-08-21,2026-01-05,2026-08-31,160,0.3566300688,0,0,2025-10-30,2026-08-31,2025-10-30,2026-08-31,205,0,0,21.7469652118,147.394570375444,-56.330507182345,2025-12-16,2026-07-06,2026-07-06,2026-07-30,1
605179.SH,一鸣食品,1,1,食品饮料,EP000700;EP000756,2020-12-28,2026-01-05,2026-08-31,160,0.5115807818,0,0,2025-10-30,2026-08-31,2025-10-30,2026-08-31,205,0,0,50.010792869017,210.86992432868,-50.162577350008,2026-06-29,2026-08-18,2025-11-11,2026-06-29,1
605198.SH,安德利,0,1,并购重组,EP000567,2020-09-18,2026-01-05,2026-08-31,160,0.8096934891,0,0,2025-10-30,2026-08-31,2025-10-30,2026-08-31,205,0,0,46.064403855228,144.957563703049,-47.454635464997,2025-12-15,2026-06-17,2026-06-17,2026-07-21,1
605258.SH,协和电子,0,1,通信,EP000014,2020-12-03,2026-01-05,2026-08-31,160,-0.0031281545,0,0,2025-10-30,2026-08-31,2025-10-30,2026-08-31,205,0,0,-8.986285899808,54.541074537904,-46.821948072941,2026-07-21,2026-08-28,2025-11-04,2026-07-21,1
605268.SH,王力安防,0,1,地产链,EP000338,2021-02-24,2026-01-05,2026-08-31,160,-0.0614832254,0,0,2025-10-30,2026-08-31,2025-10-30,2026-08-31,205,0,0,-2.11158247412,85.130390865322,-53.055366487294,2025-11-24,2026-03-11,2026-03-11,2026-07-27,1
605286.SH,同力日升,1,1,绿色电力,EP000741;EP000747,2021-03-22,2026-01-05,2026-08-31,160,-0.3415118657,0,0,2025-10-30,2026-08-31,2025-10-30,2026-08-31,205,0,0,-31.309592249275,76.57812111647,-63.645474009374,2026-07-21,2026-08-14,2026-03-19,2026-07-21,1
605299.SH,舒华体育,1,1,体育产业,EP000367;EP000391;EP000474,2020-12-15,2026-01-05,2026-08-31,160,0.1419655885,0,0,2025-10-30,2026-08-31,2025-10-30,2026-08-31,205,0,0,41.088222251557,205.447027711449,-64.425090048133,2025-10-30,2026-05-08,2026-05-08,2026-07-21,1
605300.SH,佳禾食品,0,1,食品饮料,EP000609,2021-04-30,2026-01-05,2026-08-31,160,-0.1528961064,0,0,2025-10-30,2026-08-31,2025-10-30,2026-08-31,205,0,0,-16.654634616688,33.011984590396,-35.702879695612,2026-06-22,2026-06-30,2025-11-17,2026-06-22,1
605303.SH,园林股份,0,1,算力,EP000071,2021-03-01,2026-01-05,2026-08-31,160,0.4190737915,0,0,2025-10-30,2026-08-31,2025-10-30,2026-08-31,205,0,0,25.38294892423,121.388235714891,-55.030036129949,2026-04-02,2026-05-25,2026-05-25,2026-07-21,1
605318.SH,法狮龙,0,1,地产链;算力,EP000225;EP000544,2020-08-03,2026-01-05,2026-08-31,160,0.2168180615,0,0,2025-10-30,2026-08-31,2025-10-30,2026-08-31,205,0,0,13.383282692974,188.898631525745,-53.905652740979,2025-12-15,2026-06-16,2026-06-16,2026-07-21,1
605366.SH,宏柏新材,0,1,化工,EP000096,2020-08-12,2026-01-05,2026-08-31,160,0.3290314966,0,0,2025-10-30,2026-08-31,2025-10-30,2026-08-31,205,0,0,33.766275462321,156.897415562234,-57.114158331431,2025-12-17,2026-06-29,2026-06-29,2026-07-21,1
605377.SH,华旺科技,0,1,造纸,EP000601,2020-12-28,2026-01-05,2026-08-31,160,-0.0010237674,0,0,2025-10-30,2026-08-31,2025-10-30,2026-08-31,205,0,0,-3.927340653912,40.28382200381,-26.919834672207,2025-12-12,2026-07-16,2026-03-12,2026-06-22,1
605399.SH,晨光新材,1,1,化工,EP000076,2020-08-04,2026-01-05,2026-08-31,160,-0.1671561676,0,0,2025-10-30,2026-08-31,2025-10-30,2026-08-31,205,0,0,-14.954528107971,53.107718544798,-54.162290044663,2025-10-31,2025-11-20,2025-11-20,2026-07-21,1
688010.SH,福光股份,0,1,商业航天,EP000565,2019-07-22,2026-01-05,2026-08-31,160,-0.0928716112,0,0,2025-10-30,2026-08-31,2025-10-30,2026-08-31,205,0,0,0.176234911526,101.921953466344,-58.095289316676,2025-11-21,2026-06-18,2026-06-18,2026-07-21,1
688055.SH,龙腾光电,0,1,面板,EP000514,2020-08-17,2026-01-05,2026-08-31,160,0.0583370410,0,0,2025-10-30,2026-08-31,2025-10-30,2026-08-31,205,0,0,-3.787550210663,79.656574065062,-43.381299461293,2025-12-17,2026-05-26,2026-05-26,2026-07-17,1
688080.SH,映翰通,0,1,工业互联网,EP000216,2020-02-12,2026-01-05,2026-08-31,160,-0.2305916816,0,0,2025-10-30,2026-08-31,2025-10-30,2026-08-31,205,0,0,-26.410888815218,48.66648078973,-55.731671985541,2025-11-21,2026-01-14,2026-01-14,2026-07-21,1
688118.SH,普元信息,0,1,AI应用,EP000313,2019-12-04,2026-01-05,2026-08-31,160,-0.1742172047,0,0,2025-10-30,2026-08-31,2025-10-30,2026-08-31,205,0,0,-21.483106006185,75.107657198013,-58.314998016645,2025-12-17,2026-01-14,2026-01-14,2026-07-21,1
688137.SH,近岸蛋白,0,1,疫苗概念,EP000766,2022-09-29,2026-01-05,2026-08-31,160,0.7171007715,0,0,2025-10-30,2026-08-31,2025-10-30,2026-08-31,205,0,0,56.686705402753,173.796087030012,-39.149892574935,2026-07-27,2026-08-26,2026-01-26,2026-07-27,1
688176.SH,亚虹医药,0,1,医药,EP000333,2022-01-07,2026-01-05,2026-08-31,160,0.0304026905,0,0,2025-10-30,2026-08-31,2025-10-30,2026-08-31,205,0,0,20.039690450267,90.630974220681,-50.690297636222,2025-11-21,2026-03-10,2026-03-10,2026-06-29,1
688196.SH,卓越新能,0,1,生物质能,EP000038,2019-11-21,2026-01-05,2026-08-31,160,-0.4328088943,0,0,2025-10-30,2026-08-31,2025-10-30,2026-08-31,205,0,0,-24.994191958431,114.738081948605,-67.745949736266,2025-10-30,2026-03-05,2026-03-05,2026-07-21,1
688233.SH,神工股份,1,1,芯片,EP000030,2020-02-21,2026-01-05,2026-08-31,160,0.4790371314,0,0,2025-10-30,2026-08-31,2025-10-30,2026-08-31,205,0,0,100.032538677202,440.01368722756,-66.331975698173,2025-11-05,2026-07-01,2026-07-01,2026-08-04,1
688311.SH,盟升电子,0,1,商业航天,EP000635,2020-07-31,2026-01-05,2026-08-31,160,-0.4850885255,0,0,2025-10-30,2026-08-31,2025-10-30,2026-08-31,205,0,0,-33.446789174614,99.211040907228,-66.551163712726,2025-11-21,2026-01-12,2026-01-12,2026-07-30,1
688356.SH,键凯科技,1,0,疫苗概念,EP000766,2020-08-26,2026-01-05,2026-08-31,160,0.1118705173,0,0,2025-10-30,2026-08-31,2025-10-30,2026-08-31,205,0,0,3.155190049562,123.402069250672,-47.421315003161,2026-08-03,2026-08-26,2026-01-14,2026-08-03,1
688432.SH,有研硅,0,1,硅片,EP000612,2022-11-10,2026-01-05,2026-08-28,159,2.6513625266,0,0,2025-10-30,2026-08-31,2025-10-30,2026-08-28,204,0,1,253.734516099041,412.672977752316,-57.140501974826,2025-12-17,2026-07-10,2026-07-10,2026-08-03,1
688525.SH,佰维存储,1,0,芯片,EP000328,2022-12-30,2026-01-05,2026-08-31,160,1.0532684475,0,0,2025-10-30,2026-08-31,2025-10-30,2026-08-31,205,0,0,80.886047756966,417.267046760469,-62.088972605828,2025-11-21,2026-06-26,2026-06-26,2026-07-29,1
688551.SH,科威尔,0,1,氢能源,EP000372,2020-09-10,2026-01-05,2026-08-31,160,0.4623485303,0,0,2025-10-30,2026-08-31,2025-10-30,2026-08-31,205,0,0,34.243191089766,201.311419145847,-60.41327318547,2025-11-21,2026-06-17,2026-06-17,2026-07-30,1
688622.SH,禾信仪器,0,1,并购重组,EP000089,2021-09-13,2026-01-05,2026-08-31,159,-0.1211286671,0,0,2025-10-30,2026-08-31,2025-10-30,2026-08-31,204,0,0,-32.343658757877,122.198505247136,-60.549286571603,2026-03-17,2026-06-18,2025-10-31,2026-03-17,1
688671.SH,碧兴物联,0,1,物理AI,EP000586,2023-08-09,2026-01-05,2026-08-31,160,0.0213998507,0,0,2025-10-30,2026-08-31,2025-10-30,2026-08-31,205,0,0,10.819390242277,82.394164475582,-54.826372228478,2026-03-23,2026-06-30,2026-06-30,2026-07-21,1
688693.SH,锴威特,1,0,并购重组,EP000725,2023-08-18,2026-01-05,2026-08-31,150,1.0699809671,0,0,2025-10-30,2026-08-31,2025-10-30,2026-08-31,195,0,0,91.7849030043,318.311471099804,-68.235706638889,2025-11-21,2026-05-14,2026-05-14,2026-07-21,1
