primary_theme,prior_episode_id,prior_episode_ordinal,prior_start_date,prior_end_date,prior_role,prior_ts_code,prior_name,later_episode_id,later_episode_ordinal,later_start_date,later_end_date,return_available,valid_return_day_count,period_compounded_return_pct,max_cumulative_return_pct,max_drawdown_pct,later_role_available,later_top3,later_same_role,later_role,later_dragon1,role_transition
AI应用,EP000285,1,2026-02-09,2026-02-25,Dragon1,603103.SH,横店影视,EP000313,2,2026-02-27,2026-02-27,1,1,0.19,0.19,0,1,0,0,,0,Dragon1->out
AI应用,EP000285,1,2026-02-09,2026-02-25,Dragon2,002830.SZ,名雕股份,EP000313,2,2026-02-27,2026-02-27,1,1,-0.1666,0,-0.1666,1,0,0,,0,Dragon2->out
AI应用,EP000285,1,2026-02-09,2026-02-25,Dragon3,002624.SZ,完美世界,EP000313,2,2026-02-27,2026-02-27,1,1,1.1715,1.1715,0,1,0,0,,0,Dragon3->out
AI应用,EP000313,2,2026-02-27,2026-02-27,Dragon1,605398.SH,新炬网络,EP000337,3,2026-03-09,2026-03-11,1,3,1.401793932595,1.401793932595,-0.2867,1,0,0,,0,Dragon1->out
AI应用,EP000313,2,2026-02-27,2026-02-27,Dragon2,002261.SZ,拓维信息,EP000337,3,2026-03-09,2026-03-11,1,3,5.19840455154,10.0128,-4.3762139028,1,1,0,Dragon1,1,Dragon2->Dragon1
AI应用,EP000313,2,2026-02-27,2026-02-27,Dragon3,688118.SH,普元信息,EP000337,3,2026-03-09,2026-03-11,1,3,-2.542828010046,0.2286,-2.7651069755,1,0,0,,0,Dragon3->out
AI应用,EP000337,3,2026-03-09,2026-03-11,Dragon1,002261.SZ,拓维信息,EP000359,4,2026-03-18,2026-03-18,1,1,4.7081,4.7081,0,1,0,0,,0,Dragon1->out
AI应用,EP000337,3,2026-03-09,2026-03-11,Dragon2,688158.SH,优刻得,EP000359,4,2026-03-18,2026-03-18,1,1,13.2089,13.2089,0,1,0,0,,0,Dragon2->out
AI应用,EP000337,3,2026-03-09,2026-03-11,Dragon3,688316.SH,青云科技,EP000359,4,2026-03-18,2026-03-18,1,1,11.7038,11.7038,0,1,0,0,,0,Dragon3->out
AI应用,EP000359,4,2026-03-18,2026-03-18,Dragon1,301428.SZ,世纪恒通,EP000414,5,2026-04-08,2026-04-08,1,1,8.4967,8.4967,0,1,0,0,,0,Dragon1->out
AI应用,EP000359,4,2026-03-18,2026-03-18,Dragon2,002432.SZ,九安医疗,EP000414,5,2026-04-08,2026-04-08,1,1,5.7084,5.7084,0,1,0,0,,0,Dragon2->out
AI应用,EP000359,4,2026-03-18,2026-03-18,Dragon3,603189.SH,网达软件,EP000414,5,2026-04-08,2026-04-08,1,1,5.7276,5.7276,0,1,0,0,,0,Dragon3->out
AI应用,EP000414,5,2026-04-08,2026-04-08,Dragon1,002181.SZ,粤传媒,EP000455,6,2026-04-21,2026-04-21,1,1,-5.17,0,-5.17,1,0,0,,0,Dragon1->out
AI应用,EP000414,5,2026-04-08,2026-04-08,Dragon2,002380.SZ,科远智慧,EP000455,6,2026-04-21,2026-04-21,1,1,-2.6773,0,-2.6773,1,0,0,,0,Dragon2->out
AI应用,EP000414,5,2026-04-08,2026-04-08,Dragon3,000727.SZ,冠捷科技,EP000455,6,2026-04-21,2026-04-21,1,1,-2.8881,0,-2.8881,1,0,0,,0,Dragon3->out
AI应用,EP000455,6,2026-04-21,2026-04-21,Dragon1,600715.SH,文投控股,EP000487,7,2026-05-11,2026-05-11,1,1,-0.9569,0,-0.9569,1,0,0,,0,Dragon1->out
AI应用,EP000455,6,2026-04-21,2026-04-21,Dragon2,002853.SZ,皮阿诺,EP000487,7,2026-05-11,2026-05-11,1,1,1.7055,1.7055,0,1,0,0,,0,Dragon2->out
AI应用,EP000455,6,2026-04-21,2026-04-21,Dragon3,603898.SH,好莱客,EP000487,7,2026-05-11,2026-05-11,1,1,1.227,1.227,0,1,0,0,,0,Dragon3->out
AI应用,EP000487,7,2026-05-11,2026-05-11,Dragon1,605186.SH,健麾信息,EP000507,8,2026-05-19,2026-05-19,1,1,-2.2659,0,-2.2659,1,0,0,,0,Dragon1->out
AI应用,EP000487,7,2026-05-11,2026-05-11,Dragon2,300616.SZ,尚品宅配,EP000507,8,2026-05-19,2026-05-19,1,1,20,20,0,1,0,0,,0,Dragon2->out
AI应用,EP000487,7,2026-05-11,2026-05-11,Dragon3,601858.SH,中国科传,EP000507,8,2026-05-19,2026-05-19,1,1,0.9058,0.9058,0,1,0,0,,0,Dragon3->out
AI应用,EP000507,8,2026-05-19,2026-05-19,Dragon1,002421.SZ,达实智能,EP000528,9,2026-05-27,2026-06-02,1,5,6.881868834514,6.881868834514,-11.612843749225,1,0,0,,0,Dragon1->out
AI应用,EP000507,8,2026-05-19,2026-05-19,Dragon2,002178.SZ,延华智能,EP000528,9,2026-05-27,2026-06-02,1,5,-8.928562222466,0,-8.928562222466,1,0,0,,0,Dragon2->out
AI应用,EP000507,8,2026-05-19,2026-05-19,Dragon3,603466.SH,风语筑,EP000528,9,2026-05-27,2026-06-02,1,5,6.903184268772,9.491901290995,-3.9783,1,0,0,,0,Dragon3->out
AI应用,EP000528,9,2026-05-27,2026-06-02,Dragon1,603533.SH,掌阅科技,EP000554,10,2026-06-09,2026-06-10,1,2,-5.5530585854,0,-5.5530585854,1,0,0,,0,Dragon1->out
AI应用,EP000528,9,2026-05-27,2026-06-02,Dragon2,300291.SZ,百纳千成,EP000554,10,2026-06-09,2026-06-10,1,2,-3.5293522608,0,-3.5293522608,1,0,0,,0,Dragon2->out
AI应用,EP000528,9,2026-05-27,2026-06-02,Dragon3,000892.SZ,欢瑞世纪,EP000554,10,2026-06-09,2026-06-10,1,2,-2.1164422948,1.0582,-3.1414,1,0,0,,0,Dragon3->out
AI应用,EP000554,10,2026-06-09,2026-06-10,Dragon1,002995.SZ,天地在线,EP000572,11,2026-06-15,2026-06-15,1,1,0.8333,0.8333,0,1,0,0,,0,Dragon1->out
AI应用,EP000554,10,2026-06-09,2026-06-10,Dragon2,000681.SZ,视觉中国,EP000572,11,2026-06-15,2026-06-15,1,1,4.1667,4.1667,0,1,0,0,,0,Dragon2->out
AI应用,EP000554,10,2026-06-09,2026-06-10,Dragon3,603039.SH,泛微网络,EP000572,11,2026-06-15,2026-06-15,1,1,3.4447,3.4447,0,1,0,0,,0,Dragon3->out
AI应用,EP000572,11,2026-06-15,2026-06-15,Dragon1,300588.SZ,熙菱信息,EP000589,12,2026-06-22,2026-06-22,1,1,-6.0519,0,-6.0519,1,0,0,,0,Dragon1->out
AI应用,EP000572,11,2026-06-15,2026-06-15,Dragon2,603373.SH,安邦护卫,EP000589,12,2026-06-22,2026-06-22,1,1,0,0,0,1,0,0,,0,Dragon2->out
AI应用,EP000572,11,2026-06-15,2026-06-15,Dragon3,002174.SZ,游族网络,EP000589,12,2026-06-22,2026-06-22,1,1,6.1102,6.1102,0,1,0,0,,0,Dragon3->out
AI应用,EP000589,12,2026-06-22,2026-06-22,Dragon1,605168.SH,三人行,EP000630,13,2026-07-02,2026-07-02,1,1,4.1575,4.1575,0,1,0,0,,0,Dragon1->out
AI应用,EP000589,12,2026-06-22,2026-06-22,Dragon2,002421.SZ,达实智能,EP000630,13,2026-07-02,2026-07-02,1,1,-4.0346,0,-4.0346,1,0,0,,0,Dragon2->out
AI应用,EP000589,12,2026-06-22,2026-06-22,Dragon3,603533.SH,掌阅科技,EP000630,13,2026-07-02,2026-07-02,1,1,1.628,1.628,0,1,0,0,,0,Dragon3->out
AI应用,EP000630,13,2026-07-02,2026-07-02,Dragon1,002354.SZ,天娱数科,EP000642,14,2026-07-08,2026-07-10,1,3,-1.951749285335,0,-7.9219,1,0,0,,0,Dragon1->out
AI应用,EP000630,13,2026-07-02,2026-07-02,Dragon2,300071.SZ,福石控股,EP000642,14,2026-07-08,2026-07-10,1,3,31.635362583489,31.635362583489,-2.681,1,0,0,,0,Dragon2->out
AI应用,EP000630,13,2026-07-02,2026-07-02,Dragon3,002995.SZ,天地在线,EP000642,14,2026-07-08,2026-07-10,1,3,3.071187189668,3.071187189668,-1.1057,1,0,0,,0,Dragon3->out
AI应用,EP000642,14,2026-07-08,2026-07-10,Dragon1,600756.SH,浪潮软件,EP000698,15,2026-07-28,2026-08-12,1,12,17.012110790266,19.156532773586,-6.658697057,1,0,0,,0,Dragon1->out
AI应用,EP000642,14,2026-07-08,2026-07-10,Dragon2,300454.SZ,深信服,EP000698,15,2026-07-28,2026-08-12,1,12,18.536543863518,24.848754308244,-5.055885803347,1,0,0,,0,Dragon2->out
AI应用,EP000642,14,2026-07-08,2026-07-10,Dragon3,300369.SZ,绿盟科技,EP000698,15,2026-07-28,2026-08-12,1,12,21.111106455844,31.746188349211,-9.6386,1,0,0,,0,Dragon3->out
AI应用,EP000698,15,2026-07-28,2026-08-12,Dragon1,003032.SZ,传智教育,EP000787,16,2026-08-28,2026-08-31,1,2,4.7847249593,4.7847249593,-0.0957,1,0,0,,0,Dragon1->out
AI应用,EP000698,15,2026-07-28,2026-08-12,Dragon2,000948.SZ,南天信息,EP000787,16,2026-08-28,2026-08-31,1,2,0.4181524444,0.4181524444,-0.2787,1,0,0,,0,Dragon2->out
AI应用,EP000698,15,2026-07-28,2026-08-12,Dragon3,002279.SZ,久其软件,EP000787,16,2026-08-28,2026-08-31,1,2,8.7362970288,9.9844,-1.1348,1,0,0,,0,Dragon3->out
ST摘帽,EP000452,1,2026-04-20,2026-04-20,Dragon1,603268.SH,松发股份,EP000479,2,2026-05-07,2026-05-07,1,1,-1.1566,0,-1.1566,1,0,0,,0,Dragon1->out
ST摘帽,EP000452,1,2026-04-20,2026-04-20,Dragon2,002647.SZ,仁东控股,EP000479,2,2026-05-07,2026-05-07,1,1,10,10,0,1,0,0,,0,Dragon2->out
ST摘帽,EP000479,2,2026-05-07,2026-05-07,Dragon1,600130.SH,波导股份,EP000509,3,2026-05-20,2026-05-21,1,2,-15.14683,0,-15.14683,1,0,0,,0,Dragon1->out
ST摘帽,EP000479,2,2026-05-07,2026-05-07,Dragon2,000697.SZ,炼石航空,EP000509,3,2026-05-20,2026-05-21,1,2,-0.4244182114,0.8489,-1.2626,1,0,0,,0,Dragon2->out
ST摘帽,EP000509,3,2026-05-20,2026-05-21,Dragon1,000518.SZ,四环生物,EP000577,4,2026-06-16,2026-06-16,1,1,0.9434,0.9434,0,1,0,0,,0,Dragon1->out
ST摘帽,EP000509,3,2026-05-20,2026-05-21,Dragon2,003004.SZ,声迅股份,EP000577,4,2026-06-16,2026-06-16,1,1,-0.3817,0,-0.3817,1,0,0,,0,Dragon2->out
ST摘帽,EP000577,4,2026-06-16,2026-06-16,Dragon1,002047.SZ,宝鹰股份,EP000621,5,2026-07-01,2026-07-06,1,4,-6.956567665296,5.6522,-11.934221592447,1,0,0,,0,Dragon1->out
ST摘帽,EP000577,4,2026-06-16,2026-06-16,Dragon2,603721.SH,中广天择,EP000621,5,2026-07-01,2026-07-06,1,4,-0.558693465648,0,-1.620114055107,1,0,0,,0,Dragon2->out
ST摘帽,EP000577,4,2026-06-16,2026-06-16,Dragon3,002058.SZ,威尔泰,EP000621,5,2026-07-01,2026-07-06,1,4,-0.894107437016,1.3413,-2.20582076312,1,0,0,,0,Dragon3->out
ST摘帽,EP000621,5,2026-07-01,2026-07-06,Dragon1,300175.SZ,朗源股份,EP000681,6,2026-07-23,2026-08-04,1,9,9.659048501231,9.659048501231,-1.5817111528,1,0,0,,0,Dragon1->out
ST摘帽,EP000621,5,2026-07-01,2026-07-06,Dragon2,002868.SZ,绿康生化,EP000681,6,2026-07-23,2026-08-04,1,9,4.744203027773,7.674411720879,-7.861735576718,1,0,0,,0,Dragon2->out
ST摘帽,EP000621,5,2026-07-01,2026-07-06,Dragon3,002200.SZ,交投生态,EP000681,6,2026-07-23,2026-08-04,1,9,19.382609478138,19.382609478138,-3.2626,1,0,0,,0,Dragon3->out
中报增长,EP000622,1,2026-07-01,2026-07-21,Dragon1,000603.SZ,盛达资源,EP000748,2,2026-08-14,2026-08-31,1,12,14.467644626513,23.750436080145,-9.0065,1,0,0,,0,Dragon1->out
中报增长,EP000622,1,2026-07-01,2026-07-21,Dragon2,002458.SZ,益生股份,EP000748,2,2026-08-14,2026-08-31,1,12,-8.795751112874,0,-11.027616111415,1,0,0,,0,Dragon2->out
中报增长,EP000622,1,2026-07-01,2026-07-21,Dragon3,000601.SZ,韶能股份,EP000748,2,2026-08-14,2026-08-31,1,12,-9.126329329834,0,-10.456535663346,1,0,0,,0,Dragon3->out
人工智能,EP000065,1,2025-11-17,2025-11-28,Dragon1,600756.SH,浪潮软件,EP000110,2,2025-12-02,2025-12-02,1,1,0.7005,0.7005,0,1,0,0,,0,Dragon1->out
人工智能,EP000065,1,2025-11-17,2025-11-28,Dragon2,001229.SZ,魅视科技,EP000110,2,2025-12-02,2025-12-02,1,1,3.5802,3.5802,0,1,0,0,,0,Dragon2->out
人工智能,EP000065,1,2025-11-17,2025-11-28,Dragon3,300612.SZ,宣亚国际,EP000110,2,2025-12-02,2025-12-02,1,1,0.899,0.899,0,1,0,0,,0,Dragon3->out
人工智能,EP000110,2,2025-12-02,2025-12-02,Dragon1,600981.SH,苏豪汇鸿,EP000183,3,2025-12-31,2026-01-27,1,18,5.678229013916,7.886393687382,-3.571451388996,1,0,0,,0,Dragon1->out
人工智能,EP000110,2,2025-12-02,2025-12-02,Dragon2,002474.SZ,榕基软件,EP000183,3,2025-12-31,2026-01-27,1,18,-4.512118641329,14.900263739548,-18.264865897274,1,0,0,,0,Dragon2->out
人工智能,EP000110,2,2025-12-02,2025-12-02,Dragon3,603106.SH,恒银科技,EP000183,3,2025-12-31,2026-01-27,1,18,0.283082019008,11.603736179565,-10.143615749872,1,0,0,,0,Dragon3->out
人工智能,EP000183,3,2025-12-31,2026-01-27,Dragon1,002757.SZ,南兴股份,EP000254,4,2026-01-29,2026-02-03,1,4,3.690206807924,3.690206807924,-2.870138310321,1,0,0,,0,Dragon1->out
人工智能,EP000183,3,2025-12-31,2026-01-27,Dragon2,002659.SZ,凯文教育,EP000254,4,2026-01-29,2026-02-03,1,4,-5.952284154939,0,-6.249940593555,1,0,0,,0,Dragon2->out
人工智能,EP000183,3,2025-12-31,2026-01-27,Dragon3,002908.SZ,德生科技,EP000254,4,2026-01-29,2026-02-03,1,4,-1.063706841706,0,-3.191409646,1,0,0,,0,Dragon3->out
人工智能,EP000254,4,2026-01-29,2026-02-03,Dragon1,002995.SZ,天地在线,EP000274,5,2026-02-05,2026-02-06,1,2,5.827616129,10.003,-3.7957,1,0,0,,0,Dragon1->out
人工智能,EP000254,4,2026-01-29,2026-02-03,Dragon2,603916.SH,苏博特,EP000274,5,2026-02-05,2026-02-06,1,2,1.2096295584,1.2096295584,-4.5968,1,0,0,,0,Dragon2->out
人工智能,EP000254,4,2026-01-29,2026-02-03,Dragon3,000607.SZ,华媒控股,EP000274,5,2026-02-05,2026-02-06,1,2,-1.5473538277,2.3211,-3.7807,1,0,0,,0,Dragon3->out
人工智能,EP000274,5,2026-02-05,2026-02-06,Dragon1,002291.SZ,遥望科技,EP000292,6,2026-02-12,2026-02-12,1,1,-0.3713,0,-0.3713,1,0,0,,0,Dragon1->out
人工智能,EP000274,5,2026-02-05,2026-02-06,Dragon2,002357.SZ,富临运业,EP000292,6,2026-02-12,2026-02-12,1,1,-2.2896,0,-2.2896,1,0,0,,0,Dragon2->out
人工智能,EP000274,5,2026-02-05,2026-02-06,Dragon3,002264.SZ,新华都,EP000292,6,2026-02-12,2026-02-12,1,1,-3.8669,0,-3.8669,1,0,0,,0,Dragon3->out
人工智能,EP000292,6,2026-02-12,2026-02-12,Dragon1,603138.SH,海量数据,EP000324,7,2026-03-04,2026-03-06,1,3,2.369437455714,2.5144954668,-1.7892,1,0,0,,0,Dragon1->out
人工智能,EP000292,6,2026-02-12,2026-02-12,Dragon2,605318.SH,法狮龙,EP000324,7,2026-03-04,2026-03-06,1,3,-2.84711914617,0,-2.84711914617,1,0,0,,0,Dragon2->out
人工智能,EP000292,6,2026-02-12,2026-02-12,Dragon3,300846.SZ,首都在线,EP000324,7,2026-03-04,2026-03-06,1,3,3.197420736971,4.6394570952,-1.3781,1,0,0,,0,Dragon3->out
人工智能,EP000324,7,2026-03-04,2026-03-06,Dragon1,600545.SH,卓郎智能,EP000416,8,2026-04-08,2026-04-08,1,1,7.8804,7.8804,0,1,0,0,,0,Dragon1->out
人工智能,EP000324,7,2026-03-04,2026-03-06,Dragon2,001396.SZ,誉帆科技,EP000416,8,2026-04-08,2026-04-08,1,1,5.681,5.681,0,1,0,0,,0,Dragon2->out
人工智能,EP000324,7,2026-03-04,2026-03-06,Dragon3,002877.SZ,智能自控,EP000416,8,2026-04-08,2026-04-08,1,1,3.3958,3.3958,0,1,0,0,,0,Dragon3->out
人工智能,EP000416,8,2026-04-08,2026-04-08,Dragon1,600126.SH,杭钢股份,EP000555,9,2026-06-09,2026-06-09,1,1,3.0702,3.0702,0,1,0,0,,0,Dragon1->out
人工智能,EP000416,8,2026-04-08,2026-04-08,Dragon2,002042.SZ,华孚时尚,EP000555,9,2026-06-09,2026-06-09,1,1,1.3441,1.3441,0,1,0,0,,0,Dragon2->out
人工智能,EP000416,8,2026-04-08,2026-04-08,Dragon3,603138.SH,海量数据,EP000555,9,2026-06-09,2026-06-09,1,1,2.3351,2.3351,0,1,0,0,,0,Dragon3->out
人工智能,EP000555,9,2026-06-09,2026-06-09,Dragon1,002583.SZ,海能达,EP000596,10,2026-06-23,2026-06-23,1,1,1.8497,1.8497,0,1,0,0,,0,Dragon1->out
人工智能,EP000555,9,2026-06-09,2026-06-09,Dragon2,301428.SZ,世纪恒通,EP000596,10,2026-06-23,2026-06-23,1,1,1.6773,1.6773,0,1,0,0,,0,Dragon2->out
人工智能,EP000555,9,2026-06-09,2026-06-09,Dragon3,688500.SH,慧辰股份,EP000596,10,2026-06-23,2026-06-23,1,1,-2.806,0,-2.806,1,0,0,,0,Dragon3->out
人工智能,EP000596,10,2026-06-23,2026-06-23,Dragon1,605069.SH,正和生态,EP000665,11,2026-07-17,2026-07-22,1,4,-16.578509577727,0,-16.578509577727,1,0,0,,0,Dragon1->out
人工智能,EP000596,10,2026-06-23,2026-06-23,Dragon2,603106.SH,恒银科技,EP000665,11,2026-07-17,2026-07-22,1,4,-5.714235320748,0,-5.714235320748,1,0,0,,0,Dragon2->out
人工智能,EP000596,10,2026-06-23,2026-06-23,Dragon3,603916.SH,苏博特,EP000665,11,2026-07-17,2026-07-22,1,4,-9.80391341472,0,-9.80391341472,1,0,0,,0,Dragon3->out
人工智能,EP000665,11,2026-07-17,2026-07-22,Dragon1,002432.SZ,九安医疗,EP000746,12,2026-08-13,2026-08-13,1,1,0.8784,0.8784,0,1,0,0,,0,Dragon1->out
人工智能,EP000665,11,2026-07-17,2026-07-22,Dragon2,300577.SZ,开润股份,EP000746,12,2026-08-13,2026-08-13,1,1,1.4223,1.4223,0,1,0,0,,0,Dragon2->out
人工智能,EP000665,11,2026-07-17,2026-07-22,Dragon3,300795.SZ,米奥会展,EP000746,12,2026-08-13,2026-08-13,1,1,-1.4226,0,-1.4226,1,0,0,,0,Dragon3->out
体育产业,EP000016,1,2025-11-04,2025-11-04,Dragon1,002181.SZ,粤传媒,EP000255,2,2026-01-29,2026-01-29,1,1,9.9628,9.9628,0,1,1,1,Dragon1,1,Dragon1->Dragon1
体育产业,EP000016,1,2025-11-04,2025-11-04,Dragon2,600593.SH,大连圣亚,EP000255,2,2026-01-29,2026-01-29,1,1,-0.5699,0,-0.5699,1,0,0,,0,Dragon2->out
体育产业,EP000255,2,2026-01-29,2026-01-29,Dragon1,002181.SZ,粤传媒,EP000261,3,2026-02-02,2026-02-02,1,1,-2.282,0,-2.282,1,0,0,,0,Dragon1->out
体育产业,EP000255,2,2026-01-29,2026-01-29,Dragon2,600684.SH,珠江股份,EP000261,3,2026-02-02,2026-02-02,1,1,0.2058,0.2058,0,1,0,0,,0,Dragon2->out
体育产业,EP000255,2,2026-01-29,2026-01-29,Dragon3,605080.SH,浙江自然,EP000261,3,2026-02-02,2026-02-02,1,1,-0.9985,0,-0.9985,1,0,0,,0,Dragon3->out
体育产业,EP000261,3,2026-02-02,2026-02-02,Dragon1,002678.SZ,珠江钢琴,EP000367,4,2026-03-24,2026-03-25,1,2,7.2463284585,7.2463284585,0,1,0,0,,0,Dragon1->out
体育产业,EP000261,3,2026-02-02,2026-02-02,Dragon2,002780.SZ,三夫户外,EP000367,4,2026-03-24,2026-03-25,1,2,10.1115383975,10.1115383975,0,1,0,0,,0,Dragon2->out
体育产业,EP000261,3,2026-02-02,2026-02-02,Dragon3,001368.SZ,通达创智,EP000367,4,2026-03-24,2026-03-25,1,2,7.130740479,7.130740479,0,1,0,0,,0,Dragon3->out
体育产业,EP000367,4,2026-03-24,2026-03-25,Dragon1,605299.SH,舒华体育,EP000391,5,2026-03-31,2026-03-31,1,1,10.0052,10.0052,0,1,1,1,Dragon1,1,Dragon1->Dragon1
体育产业,EP000367,4,2026-03-24,2026-03-25,Dragon2,002887.SZ,绿茵生态,EP000391,5,2026-03-31,2026-03-31,1,1,-0.6024,0,-0.6024,1,0,0,,0,Dragon2->out
体育产业,EP000391,5,2026-03-31,2026-03-31,Dragon1,605299.SH,舒华体育,EP000408,6,2026-04-07,2026-04-07,1,1,10.0191,10.0191,0,1,0,0,,0,Dragon1->out
体育产业,EP000391,5,2026-03-31,2026-03-31,Dragon2,600158.SH,中体产业,EP000408,6,2026-04-07,2026-04-07,1,1,10.0093,10.0093,0,1,1,1,Dragon2,0,Dragon2->Dragon2
体育产业,EP000408,6,2026-04-07,2026-04-07,Dragon1,002181.SZ,粤传媒,EP000474,7,2026-04-30,2026-04-30,1,1,10.0067,10.0067,0,1,1,0,Dragon3,0,Dragon1->Dragon3
体育产业,EP000408,6,2026-04-07,2026-04-07,Dragon2,600158.SH,中体产业,EP000474,7,2026-04-30,2026-04-30,1,1,10.0279,10.0279,0,1,0,0,,0,Dragon2->out
体育产业,EP000408,6,2026-04-07,2026-04-07,Dragon3,605099.SH,共创草坪,EP000474,7,2026-04-30,2026-04-30,1,1,9.9955,9.9955,0,1,1,0,Dragon2,0,Dragon3->Dragon2
体育产业,EP000474,7,2026-04-30,2026-04-30,Dragon1,605299.SH,舒华体育,EP000498,8,2026-05-15,2026-05-15,1,1,6.9492,6.9492,0,1,0,0,,0,Dragon1->out
体育产业,EP000474,7,2026-04-30,2026-04-30,Dragon2,605099.SH,共创草坪,EP000498,8,2026-05-15,2026-05-15,1,1,10.0021,10.0021,0,1,1,1,Dragon2,0,Dragon2->Dragon2
体育产业,EP000474,7,2026-04-30,2026-04-30,Dragon3,002181.SZ,粤传媒,EP000498,8,2026-05-15,2026-05-15,1,1,10,10,0,1,1,0,Dragon1,1,Dragon3->Dragon1
储能,EP000002,1,2025-10-30,2025-10-30,Dragon1,002150.SZ,通润装备,EP000020,2,2025-11-05,2025-11-05,1,1,10.0048,10.0048,0,1,0,0,,0,Dragon1->out
储能,EP000002,1,2025-10-30,2025-10-30,Dragon2,300438.SZ,鹏辉能源,EP000020,2,2025-11-05,2025-11-05,1,1,9.0558,9.0558,0,1,0,0,,0,Dragon2->out
储能,EP000002,1,2025-10-30,2025-10-30,Dragon3,300745.SZ,欣锐科技,EP000020,2,2025-11-05,2025-11-05,1,1,5.4912,5.4912,0,1,0,0,,0,Dragon3->out
储能,EP000020,2,2025-11-05,2025-11-05,Dragon1,603759.SH,海天股份,EP000054,3,2025-11-13,2025-11-14,1,2,-3.4099789319,0.0853,-3.4923,1,0,0,,0,Dragon1->out
储能,EP000020,2,2025-11-05,2025-11-05,Dragon2,301024.SZ,霍普股份,EP000054,3,2025-11-13,2025-11-14,1,2,-3.040709845,0.0457,-3.085,1,0,0,,0,Dragon2->out
储能,EP000020,2,2025-11-05,2025-11-05,Dragon3,002638.SZ,勤上股份,EP000054,3,2025-11-13,2025-11-14,1,2,-1.993410319,0,-1.993410319,1,0,0,,0,Dragon3->out
储能,EP000054,3,2025-11-13,2025-11-14,Dragon1,002227.SZ,奥特迅,EP000322,4,2026-03-03,2026-03-03,1,1,-2.572,0,-2.572,1,0,0,,0,Dragon1->out
储能,EP000054,3,2025-11-13,2025-11-14,Dragon2,001266.SZ,宏英智能,EP000322,4,2026-03-03,2026-03-03,1,1,-4.4219,0,-4.4219,1,0,0,,0,Dragon2->out
储能,EP000054,3,2025-11-13,2025-11-14,Dragon3,300827.SZ,上能电气,EP000322,4,2026-03-03,2026-03-03,1,1,-0.1628,0,-0.1628,1,0,0,,0,Dragon3->out
储能,EP000322,4,2026-03-03,2026-03-03,Dragon1,002350.SZ,北京科锐,EP000331,5,2026-03-06,2026-03-06,1,1,-4.6381,0,-4.6381,1,0,0,,0,Dragon1->out
储能,EP000322,4,2026-03-03,2026-03-03,Dragon2,002506.SZ,协鑫集成,EP000331,5,2026-03-06,2026-03-06,1,1,10.099,10.099,0,1,1,0,Dragon1,1,Dragon2->Dragon1
储能,EP000322,4,2026-03-03,2026-03-03,Dragon3,603778.SH,国晟科技,EP000331,5,2026-03-06,2026-03-06,1,1,10.0322,10.0322,0,1,1,0,Dragon2,0,Dragon3->Dragon2
储能,EP000331,5,2026-03-06,2026-03-06,Dragon1,002506.SZ,协鑫集成,EP000343,6,2026-03-11,2026-03-12,1,2,-3.2949339678,0,-3.2949339678,1,0,0,,0,Dragon1->out
储能,EP000331,5,2026-03-06,2026-03-06,Dragon2,603778.SH,国晟科技,EP000343,6,2026-03-11,2026-03-12,1,2,16.2176645192,16.2176645192,0,1,1,0,Dragon1,1,Dragon2->Dragon1
储能,EP000343,6,2026-03-11,2026-03-12,Dragon1,603778.SH,国晟科技,EP000362,7,2026-03-20,2026-03-20,1,1,9.9955,9.9955,0,1,0,0,,0,Dragon1->out
储能,EP000343,6,2026-03-11,2026-03-12,Dragon2,002455.SZ,百川股份,EP000362,7,2026-03-20,2026-03-20,1,1,-8.6858,0,-8.6858,1,0,0,,0,Dragon2->out
储能,EP000343,6,2026-03-11,2026-03-12,Dragon3,002150.SZ,正泰电源,EP000362,7,2026-03-20,2026-03-20,1,1,9.9968,9.9968,0,1,1,0,Dragon1,1,Dragon3->Dragon1
储能,EP000362,7,2026-03-20,2026-03-20,Dragon1,002150.SZ,正泰电源,EP000425,8,2026-04-09,2026-04-09,1,1,10,10,0,1,1,0,Dragon2,0,Dragon1->Dragon2
储能,EP000362,7,2026-03-20,2026-03-20,Dragon2,300827.SZ,上能电气,EP000425,8,2026-04-09,2026-04-09,1,1,3.4919,3.4919,0,1,0,0,,0,Dragon2->out
储能,EP000362,7,2026-03-20,2026-03-20,Dragon3,301658.SZ,首航新能,EP000425,8,2026-04-09,2026-04-09,1,1,-1.0516,0,-1.0516,1,0,0,,0,Dragon3->out
储能,EP000425,8,2026-04-09,2026-04-09,Dragon1,002328.SZ,新朋股份,EP000771,9,2026-08-24,2026-08-24,1,1,0,0,0,1,0,0,,0,Dragon1->out
储能,EP000425,8,2026-04-09,2026-04-09,Dragon2,002150.SZ,正泰电源,EP000771,9,2026-08-24,2026-08-24,1,1,-4.3668,0,-4.3668,1,0,0,,0,Dragon2->out
储能,EP000425,8,2026-04-09,2026-04-09,Dragon3,002580.SZ,圣阳股份,EP000771,9,2026-08-24,2026-08-24,1,1,9.9791,9.9791,0,1,1,1,Dragon3,0,Dragon3->Dragon3
元器件,EP000299,1,2026-02-24,2026-03-02,Dragon1,000636.SZ,风华高科,EP000508,2,2026-05-19,2026-05-19,1,1,9.9898,9.9898,0,1,0,0,,0,Dragon1->out
元器件,EP000299,1,2026-02-24,2026-03-02,Dragon2,688260.SH,昀冢科技,EP000508,2,2026-05-19,2026-05-19,1,1,19.9959,19.9959,0,1,0,0,,0,Dragon2->out
元器件,EP000299,1,2026-02-24,2026-03-02,Dragon3,603115.SH,海星股份,EP000508,2,2026-05-19,2026-05-19,1,1,10.0036,10.0036,0,1,1,0,Dragon1,1,Dragon3->Dragon1
元器件,EP000508,2,2026-05-19,2026-05-19,Dragon1,603115.SH,海星股份,EP000515,3,2026-05-22,2026-06-09,1,13,-4.482506105244,9.9962,-17.891696244442,1,1,0,Dragon2,0,Dragon1->Dragon2
元器件,EP000508,2,2026-05-19,2026-05-19,Dragon2,603989.SH,艾华集团,EP000515,3,2026-05-22,2026-06-09,1,13,28.018542149549,48.684082924418,-18.948440663276,1,1,0,Dragon1,1,Dragon2->Dragon1
元器件,EP000508,2,2026-05-19,2026-05-19,Dragon3,688182.SH,灿勤科技,EP000515,3,2026-05-22,2026-06-09,1,13,-9.722771487994,3.6988,-16.815416749303,1,0,0,,0,Dragon3->out
元器件,EP000515,3,2026-05-22,2026-06-09,Dragon1,603989.SH,艾华集团,EP000573,4,2026-06-15,2026-06-15,1,1,8.4145,8.4145,0,1,0,0,,0,Dragon1->out
元器件,EP000515,3,2026-05-22,2026-06-09,Dragon2,603115.SH,海星股份,EP000573,4,2026-06-15,2026-06-15,1,1,9.9978,9.9978,0,1,0,0,,0,Dragon2->out
元器件,EP000515,3,2026-05-22,2026-06-09,Dragon3,600563.SH,法拉电子,EP000573,4,2026-06-15,2026-06-15,1,1,10,10,0,1,0,0,,0,Dragon3->out
元器件,EP000573,4,2026-06-15,2026-06-15,Dragon1,603678.SH,火炬电子,EP000584,5,2026-06-18,2026-06-23,1,3,-10.930929090559,0,-10.930929090559,1,0,0,,0,Dragon1->out
元器件,EP000573,4,2026-06-15,2026-06-15,Dragon2,002585.SZ,双星新材,EP000584,5,2026-06-18,2026-06-23,1,3,-8.142619671851,0,-8.142619671851,1,0,0,,0,Dragon2->out
元器件,EP000573,4,2026-06-15,2026-06-15,Dragon3,600237.SH,铜峰电子,EP000584,5,2026-06-18,2026-06-23,1,3,-6.687820266824,0.3185259006,-6.9841,1,0,0,,0,Dragon3->out
元器件,EP000584,5,2026-06-18,2026-06-23,Dragon1,603989.SH,艾华集团,EP000606,6,2026-06-25,2026-06-25,1,1,10.0082,10.0082,0,1,1,1,Dragon1,1,Dragon1->Dragon1
元器件,EP000584,5,2026-06-18,2026-06-23,Dragon2,605376.SH,博迁新材,EP000606,6,2026-06-25,2026-06-25,1,1,10,10,0,1,0,0,,0,Dragon2->out
元器件,EP000584,5,2026-06-18,2026-06-23,Dragon3,002859.SZ,洁美科技,EP000606,6,2026-06-25,2026-06-25,1,1,7.7452,7.7452,0,1,0,0,,0,Dragon3->out
元器件,EP000606,6,2026-06-25,2026-06-25,Dragon1,603989.SH,艾华集团,EP000672,7,2026-07-21,2026-07-21,1,1,3.3672,3.3672,0,1,0,0,,0,Dragon1->out
元器件,EP000606,6,2026-06-25,2026-06-25,Dragon2,002068.SZ,黑猫股份,EP000672,7,2026-07-21,2026-07-21,1,1,9.9455,9.9455,0,1,1,0,Dragon3,0,Dragon2->Dragon3
元器件,EP000606,6,2026-06-25,2026-06-25,Dragon3,603678.SH,火炬电子,EP000672,7,2026-07-21,2026-07-21,1,1,9.9976,9.9976,0,1,0,0,,0,Dragon3->out
元器件,EP000672,7,2026-07-21,2026-07-21,Dragon1,002484.SZ,江海股份,EP000689,8,2026-07-27,2026-07-27,1,1,10.0016,10.0016,0,1,0,0,,0,Dragon1->out
元器件,EP000672,7,2026-07-21,2026-07-21,Dragon2,603435.SH,嘉德利,EP000689,8,2026-07-27,2026-07-27,1,1,9.9932,9.9932,0,1,0,0,,0,Dragon2->out
元器件,EP000672,7,2026-07-21,2026-07-21,Dragon3,002068.SZ,黑猫股份,EP000689,8,2026-07-27,2026-07-27,1,1,2.9851,2.9851,0,1,0,0,,0,Dragon3->out
元器件,EP000689,8,2026-07-27,2026-07-27,Dragon1,002951.SZ,金时科技,EP000701,9,2026-07-29,2026-08-04,1,5,6.3084756781,6.3084756781,-2.5133,1,0,0,,0,Dragon1->out
元器件,EP000689,8,2026-07-27,2026-07-27,Dragon2,000636.SZ,风华高科,EP000701,9,2026-07-29,2026-08-04,1,5,25.793065759958,25.793065759958,-2.2772,1,1,0,Dragon1,1,Dragon2->Dragon1
元器件,EP000689,8,2026-07-27,2026-07-27,Dragon3,603115.SH,海星股份,EP000701,9,2026-07-29,2026-08-04,1,5,4.011195250206,4.011195250206,-9.9557,1,0,0,,0,Dragon3->out
元器件,EP000701,9,2026-07-29,2026-08-04,Dragon1,000636.SZ,风华高科,EP000749,10,2026-08-14,2026-08-14,1,1,1.1448,1.1448,0,1,0,0,,0,Dragon1->out
元器件,EP000701,9,2026-07-29,2026-08-04,Dragon2,688260.SH,昀冢科技,EP000749,10,2026-08-14,2026-08-14,1,1,2.4341,2.4341,0,1,0,0,,0,Dragon2->out
光伏,EP000009,1,2025-11-03,2025-11-03,Dragon1,605598.SH,上海港湾,EP000035,2,2025-11-07,2025-11-17,1,7,24.772803972337,27.740730129207,-7.7999,1,0,0,,0,Dragon1->out
光伏,EP000009,1,2025-11-03,2025-11-03,Dragon2,603778.SH,国晟科技,EP000035,2,2025-11-07,2025-11-17,1,7,58.6345369152,70.682686381497,-7.0588,1,0,0,,0,Dragon2->out
光伏,EP000009,1,2025-11-03,2025-11-03,Dragon3,600475.SH,华光环能,EP000035,2,2025-11-07,2025-11-17,1,7,-3.839807144285,3.569582289683,-7.15402077537,1,0,0,,0,Dragon3->out
光伏,EP000035,2,2025-11-07,2025-11-17,Dragon1,002897.SZ,意华股份,EP000140,3,2025-12-15,2025-12-15,1,1,-2.1231,0,-2.1231,1,0,0,,0,Dragon1->out
光伏,EP000035,2,2025-11-07,2025-11-17,Dragon2,600537.SH,亿晶光电,EP000140,3,2025-12-15,2025-12-15,1,1,4.0609,4.0609,0,1,0,0,,0,Dragon2->out
光伏,EP000035,2,2025-11-07,2025-11-17,Dragon3,603185.SH,弘元绿能,EP000140,3,2025-12-15,2025-12-15,1,1,1.7382,1.7382,0,1,0,0,,0,Dragon3->out
光伏,EP000140,3,2025-12-15,2025-12-15,Dragon1,601778.SH,晶科科技,EP000151,4,2025-12-18,2025-12-18,1,1,-1.5504,0,-1.5504,1,0,0,,0,Dragon1->out
光伏,EP000140,3,2025-12-15,2025-12-15,Dragon2,300118.SZ,东方日升,EP000151,4,2025-12-18,2025-12-18,1,1,3.5599,3.5599,0,1,0,0,,0,Dragon2->out
光伏,EP000140,3,2025-12-15,2025-12-15,Dragon3,002676.SZ,顺威股份,EP000151,4,2025-12-18,2025-12-18,1,1,-2.2673,0,-2.2673,1,0,0,,0,Dragon3->out
光伏,EP000151,4,2025-12-18,2025-12-18,Dragon1,002865.SZ,钧达股份,EP000192,5,2026-01-06,2026-01-13,1,6,51.973325274916,51.973325274916,0,1,1,0,Dragon2,0,Dragon1->Dragon2
光伏,EP000151,4,2025-12-18,2025-12-18,Dragon2,603022.SH,新通联,EP000192,5,2026-01-06,2026-01-13,1,6,2.949559125604,4.281652960522,-1.2774,1,0,0,,0,Dragon2->out
光伏,EP000151,4,2025-12-18,2025-12-18,Dragon3,002319.SZ,乐通股份,EP000192,5,2026-01-06,2026-01-13,1,6,-1.784225506461,6.1638,-7.486568403223,1,0,0,,0,Dragon3->out
光伏,EP000192,5,2026-01-06,2026-01-13,Dragon1,601886.SH,江河集团,EP000240,6,2026-01-23,2026-01-27,1,3,0.850144774341,0.850144774341,-0.3165,1,0,0,,0,Dragon1->out
光伏,EP000192,5,2026-01-06,2026-01-13,Dragon2,002865.SZ,钧达股份,EP000240,6,2026-01-23,2026-01-27,1,3,15.1769667488,18.80528,-3.054,1,1,1,Dragon2,0,Dragon2->Dragon2
光伏,EP000192,5,2026-01-06,2026-01-13,Dragon3,601615.SH,明阳智能,EP000240,6,2026-01-23,2026-01-27,1,3,28.048889651756,28.048889651756,0,1,0,0,,0,Dragon3->out
光伏,EP000240,6,2026-01-23,2026-01-27,Dragon1,002943.SZ,宇晶股份,EP000264,7,2026-02-03,2026-02-10,1,6,10.089622460543,15.5547170354,-9.9988,1,1,1,Dragon1,1,Dragon1->Dragon1
光伏,EP000240,6,2026-01-23,2026-01-27,Dragon2,002865.SZ,钧达股份,EP000264,7,2026-02-03,2026-02-10,1,6,-1.886270979546,14.06186,-14.99693806253,1,0,0,,0,Dragon2->out
光伏,EP000240,6,2026-01-23,2026-01-27,Dragon3,603773.SH,沃格光电,EP000264,7,2026-02-03,2026-02-10,1,6,1.426177959849,10.751484041,-8.420028103369,1,0,0,,0,Dragon3->out
光伏,EP000264,7,2026-02-03,2026-02-10,Dragon1,002943.SZ,宇晶股份,EP000314,8,2026-02-27,2026-02-27,1,1,5.8468,5.8468,0,1,0,0,,0,Dragon1->out
光伏,EP000264,7,2026-02-03,2026-02-10,Dragon2,688516.SH,奥特维,EP000314,8,2026-02-27,2026-02-27,1,1,1.2401,1.2401,0,1,0,0,,0,Dragon2->out
光伏,EP000264,7,2026-02-03,2026-02-10,Dragon3,603806.SH,福斯特,EP000314,8,2026-02-27,2026-02-27,1,1,1.9144,1.9144,0,1,0,0,,0,Dragon3->out
光伏,EP000314,8,2026-02-27,2026-02-27,Dragon1,002865.SZ,钧达股份,EP000354,9,2026-03-17,2026-03-18,1,2,5.4802456534,5.4802456534,0,1,0,0,,0,Dragon1->out
光伏,EP000314,8,2026-02-27,2026-02-27,Dragon2,603381.SH,永臻股份,EP000354,9,2026-03-17,2026-03-18,1,2,-2.2651194928,0,-2.2651194928,1,0,0,,0,Dragon2->out
光伏,EP000314,8,2026-02-27,2026-02-27,Dragon3,002015.SZ,协鑫能科,EP000354,9,2026-03-17,2026-03-18,1,2,-4.634796535,0,-6.2266,1,0,0,,0,Dragon3->out
光伏,EP000354,9,2026-03-17,2026-03-18,Dragon1,002323.SZ,雅博股份,EP000365,10,2026-03-23,2026-03-24,1,2,2.745029972,2.745029972,-6.6667,1,0,0,,0,Dragon1->out
光伏,EP000354,9,2026-03-17,2026-03-18,Dragon2,603778.SH,国晟科技,EP000365,10,2026-03-23,2026-03-24,1,2,2.0652235516,2.0652235516,0,1,0,0,,0,Dragon2->out
光伏,EP000354,9,2026-03-17,2026-03-18,Dragon3,002506.SZ,协鑫集成,EP000365,10,2026-03-23,2026-03-24,1,2,9.3109413106,9.3109413106,0,1,0,0,,0,Dragon3->out
光伏,EP000365,10,2026-03-23,2026-03-24,Dragon1,002309.SZ,中利集团,EP000384,11,2026-03-30,2026-03-31,1,2,14.0877294205,14.0877294205,0,1,1,1,Dragon1,1,Dragon1->Dragon1
光伏,EP000365,10,2026-03-23,2026-03-24,Dragon2,300345.SZ,华民股份,EP000384,11,2026-03-30,2026-03-31,1,2,-7.635489525,0,-7.635489525,1,0,0,,0,Dragon2->out
光伏,EP000365,10,2026-03-23,2026-03-24,Dragon3,002218.SZ,拓日新能,EP000384,11,2026-03-30,2026-03-31,1,2,3.89808,3.89808,-5.5472,1,0,0,,0,Dragon3->out
光伏,EP000384,11,2026-03-30,2026-03-31,Dragon1,002309.SZ,中利集团,EP000409,12,2026-04-07,2026-04-07,1,1,3.9761,3.9761,0,1,0,0,,0,Dragon1->out
光伏,EP000384,11,2026-03-30,2026-03-31,Dragon2,603778.SH,国晟科技,EP000409,12,2026-04-07,2026-04-07,1,1,10.007,10.007,0,1,1,0,Dragon1,1,Dragon2->Dragon1
光伏,EP000384,11,2026-03-30,2026-03-31,Dragon3,002634.SZ,棒杰股份,EP000409,12,2026-04-07,2026-04-07,1,1,-4.8701,0,-4.8701,1,0,0,,0,Dragon3->out
光伏,EP000409,12,2026-04-07,2026-04-07,Dragon1,603778.SH,国晟科技,EP000480,13,2026-05-07,2026-05-11,1,3,-12.97024462577,0,-12.97024462577,1,0,0,,0,Dragon1->out
光伏,EP000409,12,2026-04-07,2026-04-07,Dragon2,603255.SH,鼎际得,EP000480,13,2026-05-07,2026-05-11,1,3,5.530646586631,5.530646586631,-0.0643,1,0,0,,0,Dragon2->out
光伏,EP000480,13,2026-05-07,2026-05-11,Dragon1,600207.SH,安彩高科,EP000495,14,2026-05-14,2026-05-14,1,1,3.9634,3.9634,0,1,0,0,,0,Dragon1->out
光伏,EP000480,13,2026-05-07,2026-05-11,Dragon2,605598.SH,上海港湾,EP000495,14,2026-05-14,2026-05-14,1,1,-2.9085,0,-2.9085,1,0,0,,0,Dragon2->out
光伏,EP000480,13,2026-05-07,2026-05-11,Dragon3,002350.SZ,北京科锐,EP000495,14,2026-05-14,2026-05-14,1,1,-6.0023,0,-6.0023,1,0,0,,0,Dragon3->out
光伏,EP000495,14,2026-05-14,2026-05-14,Dragon1,002309.SZ,中利集团,EP000623,15,2026-07-01,2026-07-01,1,1,0.7246,0.7246,0,1,0,0,,0,Dragon1->out
光伏,EP000495,14,2026-05-14,2026-05-14,Dragon2,002506.SZ,协鑫集成,EP000623,15,2026-07-01,2026-07-01,1,1,0.3145,0.3145,0,1,0,0,,0,Dragon2->out
光伏,EP000495,14,2026-05-14,2026-05-14,Dragon3,600481.SH,双良节能,EP000623,15,2026-07-01,2026-07-01,1,1,2.6052,2.6052,0,1,0,0,,0,Dragon3->out
光伏,EP000623,15,2026-07-01,2026-07-01,Dragon1,603212.SH,赛伍技术,EP000714,16,2026-08-03,2026-08-03,1,1,1.7674,1.7674,0,1,0,0,,0,Dragon1->out
光伏,EP000623,15,2026-07-01,2026-07-01,Dragon2,300345.SZ,华民股份,EP000714,16,2026-08-03,2026-08-03,1,1,5.7252,5.7252,0,1,0,0,,0,Dragon2->out
军工,EP000066,1,2025-11-17,2025-11-17,Dragon1,601606.SH,长城军工,EP000075,2,2025-11-19,2025-11-20,1,2,-0.4212777753,5.6109,-5.7117,1,0,0,,0,Dragon1->out
军工,EP000066,1,2025-11-17,2025-11-17,Dragon2,300589.SZ,江龙船艇,EP000075,2,2025-11-19,2025-11-20,1,2,22.528121375,22.528121375,0,1,1,1,Dragon2,0,Dragon2->Dragon2
军工,EP000066,1,2025-11-17,2025-11-17,Dragon3,300427.SZ,红相股份,EP000075,2,2025-11-19,2025-11-20,1,2,-1.0857131936,11.7264,-11.4674,1,0,0,,0,Dragon3->out
军工,EP000075,2,2025-11-19,2025-11-20,Dragon1,000547.SZ,航天发展,EP000084,3,2025-11-24,2025-11-24,1,1,10,10,0,1,1,1,Dragon1,1,Dragon1->Dragon1
军工,EP000075,2,2025-11-19,2025-11-20,Dragon2,300589.SZ,江龙船艇,EP000084,3,2025-11-24,2025-11-24,1,1,19.9822,19.9822,0,1,1,1,Dragon2,0,Dragon2->Dragon2
军工,EP000075,2,2025-11-19,2025-11-20,Dragon3,300123.SZ,亚光科技,EP000084,3,2025-11-24,2025-11-24,1,1,5.5556,5.5556,0,1,0,0,,0,Dragon3->out
军工,EP000084,3,2025-11-24,2025-11-24,Dragon1,000547.SZ,航天发展,EP000295,4,2026-02-13,2026-02-13,1,1,-1.126,0,-1.126,1,0,0,,0,Dragon1->out
军工,EP000084,3,2025-11-24,2025-11-24,Dragon2,300589.SZ,江龙船艇,EP000295,4,2026-02-13,2026-02-13,1,1,8.1704,8.1704,0,1,0,0,,0,Dragon2->out
军工,EP000084,3,2025-11-24,2025-11-24,Dragon3,600685.SH,中船防务,EP000295,4,2026-02-13,2026-02-13,1,1,1.3517,1.3517,0,1,0,0,,0,Dragon3->out
军工,EP000295,4,2026-02-13,2026-02-13,Dragon1,601890.SH,亚星锚链,EP000316,5,2026-03-02,2026-03-02,1,1,-5.7706,0,-5.7706,1,0,0,,0,Dragon1->out
军工,EP000295,4,2026-02-13,2026-02-13,Dragon2,300719.SZ,安达维尔,EP000316,5,2026-03-02,2026-03-02,1,1,-1.7374,0,-1.7374,1,0,0,,0,Dragon2->out
军工,EP000295,4,2026-02-13,2026-02-13,Dragon3,600893.SH,航发动力,EP000316,5,2026-03-02,2026-03-02,1,1,7.3679,7.3679,0,1,0,0,,0,Dragon3->out
军工,EP000316,5,2026-03-02,2026-03-02,Dragon1,301302.SZ,华如科技,EP000682,6,2026-07-23,2026-07-24,1,2,3.5259747547,3.5259747547,0,1,0,0,,0,Dragon1->out
军工,EP000316,5,2026-03-02,2026-03-02,Dragon2,603488.SH,展鹏科技,EP000682,6,2026-07-23,2026-07-24,1,2,7.2753223949,9.9857,-2.4643,1,1,1,Dragon2,0,Dragon2->Dragon2
军工,EP000316,5,2026-03-02,2026-03-02,Dragon3,002413.SZ,雷科防务,EP000682,6,2026-07-23,2026-07-24,1,2,1.4686097343,3.7383,-2.1879,1,0,0,,0,Dragon3->out
军工,EP000682,6,2026-07-23,2026-07-24,Dragon1,601606.SH,长城军工,EP000729,7,2026-08-10,2026-08-10,1,1,10.003,10.003,0,1,1,1,Dragon1,1,Dragon1->Dragon1
军工,EP000682,6,2026-07-23,2026-07-24,Dragon2,603488.SH,展鹏科技,EP000729,7,2026-08-10,2026-08-10,1,1,2.1557,2.1557,0,1,0,0,,0,Dragon2->out
军工,EP000682,6,2026-07-23,2026-07-24,Dragon3,301357.SZ,北方长龙,EP000729,7,2026-08-10,2026-08-10,1,1,19.9979,19.9979,0,1,1,1,Dragon3,0,Dragon3->Dragon3
农业,EP000067,1,2025-11-17,2025-11-19,Dragon1,000798.SZ,中水渔业,EP000152,2,2025-12-18,2025-12-19,1,2,2.5593749752,2.5593749752,-0.0914,1,0,0,,0,Dragon1->out
农业,EP000067,1,2025-11-17,2025-11-19,Dragon2,600097.SH,开创国际,EP000152,2,2025-12-18,2025-12-19,1,2,2.6956661413,2.6956661413,-0.2609,1,0,0,,0,Dragon2->out
农业,EP000152,2,2025-12-18,2025-12-19,Dragon1,603585.SH,苏利股份,EP000250,3,2026-01-28,2026-01-28,1,1,0.5999,0.5999,0,1,0,0,,0,Dragon1->out
农业,EP000152,2,2025-12-18,2025-12-19,Dragon2,002772.SZ,众兴菌业,EP000250,3,2026-01-28,2026-01-28,1,1,2.5974,2.5974,0,1,0,0,,0,Dragon2->out
农业,EP000250,3,2026-01-28,2026-01-28,Dragon1,003042.SZ,中农联合,EP000258,4,2026-01-30,2026-01-30,1,1,-10.0131,0,-10.0131,1,0,0,,0,Dragon1->out
农业,EP000250,3,2026-01-28,2026-01-28,Dragon2,600313.SH,农发种业,EP000258,4,2026-01-30,2026-01-30,1,1,9.9626,9.9626,0,1,1,0,Dragon1,1,Dragon2->Dragon1
农业,EP000258,4,2026-01-30,2026-01-30,Dragon1,600313.SH,农发种业,EP000296,5,2026-02-13,2026-02-13,1,1,0.5548,0.5548,0,1,0,0,,0,Dragon1->out
农业,EP000258,4,2026-01-30,2026-01-30,Dragon2,600354.SH,敦煌种业,EP000296,5,2026-02-13,2026-02-13,1,1,0.1504,0.1504,0,1,0,0,,0,Dragon2->out
农业,EP000258,4,2026-01-30,2026-01-30,Dragon3,002041.SZ,登海种业,EP000296,5,2026-02-13,2026-02-13,1,1,-0.1947,0,-0.1947,1,0,0,,0,Dragon3->out
农业,EP000296,5,2026-02-13,2026-02-13,Dragon1,605033.SH,美邦股份,EP000325,6,2026-03-04,2026-03-04,1,1,0.8703,0.8703,0,1,0,0,,0,Dragon1->out
农业,EP000296,5,2026-02-13,2026-02-13,Dragon2,000798.SZ,中水渔业,EP000325,6,2026-03-04,2026-03-04,1,1,5.4945,5.4945,0,1,0,0,,0,Dragon2->out
农业,EP000325,6,2026-03-04,2026-03-04,Dragon1,600108.SH,亚盛集团,EP000332,7,2026-03-06,2026-03-06,1,1,9.9602,9.9602,0,1,1,1,Dragon1,1,Dragon1->Dragon1
农业,EP000325,6,2026-03-04,2026-03-04,Dragon2,600313.SH,农发种业,EP000332,7,2026-03-06,2026-03-06,1,1,2.0047,2.0047,0,1,0,0,,0,Dragon2->out
农业,EP000332,7,2026-03-06,2026-03-06,Dragon1,600108.SH,亚盛集团,EP000344,8,2026-03-11,2026-03-11,1,1,10.0503,10.0503,0,1,1,1,Dragon1,1,Dragon1->Dragon1
农业,EP000332,7,2026-03-06,2026-03-06,Dragon2,600354.SH,敦煌种业,EP000344,8,2026-03-11,2026-03-11,1,1,-0.3901,0,-0.3901,1,0,0,,0,Dragon2->out
农业,EP000344,8,2026-03-11,2026-03-11,Dragon1,600108.SH,亚盛集团,EP000347,9,2026-03-13,2026-03-13,1,1,-10.0575,0,-10.0575,1,0,0,,0,Dragon1->out
农业,EP000344,8,2026-03-11,2026-03-11,Dragon2,600299.SH,安迪苏,EP000347,9,2026-03-13,2026-03-13,1,1,7.7352,7.7352,0,1,0,0,,0,Dragon2->out
农业,EP000347,9,2026-03-13,2026-03-13,Dragon1,001366.SZ,播恩集团,EP000385,10,2026-03-30,2026-03-30,1,1,2.0789,2.0789,0,1,0,0,,0,Dragon1->out
农业,EP000347,9,2026-03-13,2026-03-13,Dragon2,603029.SH,天鹅股份,EP000385,10,2026-03-30,2026-03-30,1,1,1.8133,1.8133,0,1,0,0,,0,Dragon2->out
农业,EP000347,9,2026-03-13,2026-03-13,Dragon3,600226.SH,亨通股份,EP000385,10,2026-03-30,2026-03-30,1,1,-1.0395,0,-1.0395,1,0,0,,0,Dragon3->out
农业,EP000385,10,2026-03-30,2026-03-30,Dragon1,003042.SZ,中农联合,EP000410,11,2026-04-07,2026-04-07,1,1,10,10,0,1,1,0,Dragon3,0,Dragon1->Dragon3
农业,EP000385,10,2026-03-30,2026-03-30,Dragon2,600127.SH,金健米业,EP000410,11,2026-04-07,2026-04-07,1,1,5.2342,5.2342,0,1,0,0,,0,Dragon2->out
农业,EP000385,10,2026-03-30,2026-03-30,Dragon3,000048.SZ,京基智农,EP000410,11,2026-04-07,2026-04-07,1,1,-6.2645,0,-6.2645,1,0,0,,0,Dragon3->out
农业,EP000410,11,2026-04-07,2026-04-07,Dragon1,600195.SH,中牧股份,EP000434,12,2026-04-14,2026-04-14,1,1,1.9084,1.9084,0,1,0,0,,0,Dragon1->out
农业,EP000410,11,2026-04-07,2026-04-07,Dragon2,002840.SZ,华统股份,EP000434,12,2026-04-14,2026-04-14,1,1,-1.5674,0,-1.5674,1,0,0,,0,Dragon2->out
农业,EP000410,11,2026-04-07,2026-04-07,Dragon3,003042.SZ,中农联合,EP000434,12,2026-04-14,2026-04-14,1,1,-0.1144,0,-0.1144,1,0,0,,0,Dragon3->out
农业,EP000434,12,2026-04-14,2026-04-14,Dragon1,002124.SZ,天邦食品,EP000535,13,2026-06-01,2026-06-01,1,1,2.3346,2.3346,0,1,0,0,,0,Dragon1->out
农业,EP000434,12,2026-04-14,2026-04-14,Dragon2,002157.SZ,正邦科技,EP000535,13,2026-06-01,2026-06-01,1,1,0.6452,0.6452,0,1,0,0,,0,Dragon2->out
农业,EP000535,13,2026-06-01,2026-06-01,Dragon1,000048.SZ,京基智农,EP000624,14,2026-07-01,2026-07-02,1,2,1.222251968,1.856,-0.6222,1,0,0,,0,Dragon1->out
农业,EP000535,13,2026-06-01,2026-06-01,Dragon2,000626.SZ,远大控股,EP000624,14,2026-07-01,2026-07-02,1,2,1.2638151824,2.6856,-1.3846,1,0,0,,0,Dragon2->out
农业,EP000535,13,2026-06-01,2026-06-01,Dragon3,600540.SH,新赛股份,EP000624,14,2026-07-01,2026-07-02,1,2,3.0211482725,3.9275,-0.8721,1,0,0,,0,Dragon3->out
农业,EP000624,14,2026-07-01,2026-07-02,Dragon1,002548.SZ,金新农,EP000730,15,2026-08-10,2026-08-10,1,1,5.8228,5.8228,0,1,0,0,,0,Dragon1->out
农业,EP000624,14,2026-07-01,2026-07-02,Dragon2,002124.SZ,天邦食品,EP000730,15,2026-08-10,2026-08-10,1,1,4.0541,4.0541,0,1,0,0,,0,Dragon2->out
农业,EP000624,14,2026-07-01,2026-07-02,Dragon3,600975.SH,新五丰,EP000730,15,2026-08-10,2026-08-10,1,1,2.2312,2.2312,0,1,0,0,,0,Dragon3->out
农业,EP000730,15,2026-08-10,2026-08-10,Dragon1,002458.SZ,益生股份,EP000751,16,2026-08-17,2026-08-19,1,3,-5.338879683037,0,-5.338879683037,1,0,0,,0,Dragon1->out
农业,EP000730,15,2026-08-10,2026-08-10,Dragon2,605033.SH,美邦股份,EP000751,16,2026-08-17,2026-08-19,1,3,3.318047539102,3.318047539102,-2.246,1,0,0,,0,Dragon2->out
农业,EP000730,15,2026-08-10,2026-08-10,Dragon3,002696.SZ,百洋股份,EP000751,16,2026-08-17,2026-08-19,1,3,-2.555945733072,0.1597,-2.7113157618,1,0,0,,0,Dragon3->out
农业,EP000751,16,2026-08-17,2026-08-19,Dragon1,600127.SH,金健米业,EP000775,17,2026-08-25,2026-08-31,1,5,42.316945448243,42.316945448243,0,1,1,0,Dragon2,0,Dragon1->Dragon2
农业,EP000751,16,2026-08-17,2026-08-19,Dragon2,600313.SH,农发种业,EP000775,17,2026-08-25,2026-08-31,1,5,7.969803940765,12.781867898385,-4.2667,1,0,0,,0,Dragon2->out
农业,EP000751,16,2026-08-17,2026-08-19,Dragon3,000505.SZ,京粮控股,EP000775,17,2026-08-25,2026-08-31,1,5,5.705828713094,10.210345973732,-4.0872,1,0,0,,0,Dragon3->out
包装印刷,EP000055,1,2025-11-13,2025-11-13,Dragon1,003018.SZ,金富科技,EP000597,2,2026-06-23,2026-06-23,1,1,2.5575,2.5575,0,1,0,0,,0,Dragon1->out
包装印刷,EP000055,1,2025-11-13,2025-11-13,Dragon2,002228.SZ,合兴包装,EP000597,2,2026-06-23,2026-06-23,1,1,1.2658,1.2658,0,1,0,0,,0,Dragon2->out
化工,EP000010,1,2025-11-03,2025-11-04,Dragon1,603823.SH,百合花,EP000026,2,2025-11-06,2025-11-13,1,6,-4.527146785402,4.0115,-11.845694627856,1,0,0,,0,Dragon1->out
化工,EP000010,1,2025-11-03,2025-11-04,Dragon2,300848.SZ,美瑞新材,EP000026,2,2025-11-06,2025-11-13,1,6,-9.72973323622,0,-10.270265158903,1,0,0,,0,Dragon2->out
化工,EP000010,1,2025-11-03,2025-11-04,Dragon3,600308.SH,华泰股份,EP000026,2,2025-11-06,2025-11-13,1,6,-2.488625573034,0,-6.5610664285,1,0,0,,0,Dragon3->out
化工,EP000026,2,2025-11-06,2025-11-13,Dragon1,603067.SH,振华股份,EP000076,3,2025-11-19,2025-11-19,1,1,2.9775,2.9775,0,1,0,0,,0,Dragon1->out
化工,EP000026,2,2025-11-06,2025-11-13,Dragon2,603188.SH,亚邦股份,EP000076,3,2025-11-19,2025-11-19,1,1,-0.5725,0,-0.5725,1,0,0,,0,Dragon2->out
化工,EP000026,2,2025-11-06,2025-11-13,Dragon3,600370.SH,三房巷,EP000076,3,2025-11-19,2025-11-19,1,1,-1.938,0,-1.938,1,0,0,,0,Dragon3->out
化工,EP000076,3,2025-11-19,2025-11-19,Dragon1,605399.SH,晨光新材,EP000096,4,2025-11-27,2025-11-27,1,1,9.9725,9.9725,0,1,1,0,Dragon3,0,Dragon1->Dragon3
化工,EP000076,3,2025-11-19,2025-11-19,Dragon2,600618.SH,氯碱化工,EP000096,4,2025-11-27,2025-11-27,1,1,3.2037,3.2037,0,1,0,0,,0,Dragon2->out
化工,EP000076,3,2025-11-19,2025-11-19,Dragon3,002513.SZ,蓝丰生化,EP000096,4,2025-11-27,2025-11-27,1,1,-1.4103,0,-1.4103,1,0,0,,0,Dragon3->out
化工,EP000096,4,2025-11-27,2025-11-27,Dragon1,603010.SH,万盛股份,EP000111,5,2025-12-02,2025-12-02,1,1,-1.7376,0,-1.7376,1,0,0,,0,Dragon1->out
化工,EP000096,4,2025-11-27,2025-11-27,Dragon2,605366.SH,宏柏新材,EP000111,5,2025-12-02,2025-12-02,1,1,-2.6798,0,-2.6798,1,0,0,,0,Dragon2->out
化工,EP000096,4,2025-11-27,2025-11-27,Dragon3,605399.SH,晨光新材,EP000111,5,2025-12-02,2025-12-02,1,1,-2.1807,0,-2.1807,1,0,0,,0,Dragon3->out
化工,EP000111,5,2025-12-02,2025-12-02,Dragon1,603113.SH,金能科技,EP000119,6,2025-12-05,2025-12-08,1,2,0.4398433651,0.4398433651,-0.2933,1,0,0,,0,Dragon1->out
化工,EP000111,5,2025-12-02,2025-12-02,Dragon2,000703.SZ,恒逸石化,EP000119,6,2025-12-05,2025-12-08,1,2,1.5815663104,2.1898,-0.5952,1,0,0,,0,Dragon2->out
化工,EP000111,5,2025-12-02,2025-12-02,Dragon3,002361.SZ,神剑股份,EP000119,6,2025-12-05,2025-12-08,1,2,2.5954297146,2.5954297146,0,1,0,0,,0,Dragon3->out
化工,EP000119,6,2025-12-05,2025-12-08,Dragon1,002585.SZ,双星新材,EP000163,7,2025-12-23,2025-12-30,1,6,2.286547589283,3.963372829652,-1.6129,1,0,0,,0,Dragon1->out
化工,EP000119,6,2025-12-05,2025-12-08,Dragon2,600800.SH,渤海化学,EP000163,7,2025-12-23,2025-12-30,1,6,-24.835150679254,0,-24.835150679254,1,0,0,,0,Dragon2->out
化工,EP000119,6,2025-12-05,2025-12-08,Dragon3,600227.SH,赤天化,EP000163,7,2025-12-23,2025-12-30,1,6,-6.225548056566,0,-6.225548056566,1,0,0,,0,Dragon3->out
化工,EP000163,7,2025-12-23,2025-12-30,Dragon1,603698.SH,航天工程,EP000186,8,2026-01-05,2026-01-06,1,2,9.00648,9.00648,-0.9032,1,0,0,,0,Dragon1->out
化工,EP000163,7,2025-12-23,2025-12-30,Dragon2,002810.SZ,山东赫达,EP000186,8,2026-01-05,2026-01-06,1,2,-1.7531507522,0,-1.8206,1,0,0,,0,Dragon2->out
化工,EP000163,7,2025-12-23,2025-12-30,Dragon3,002201.SZ,九鼎新材,EP000186,8,2026-01-05,2026-01-06,1,2,-2.1891680768,0,-4.2032,1,0,0,,0,Dragon3->out
化工,EP000186,8,2026-01-05,2026-01-06,Dragon1,603067.SH,振华股份,EP000228,9,2026-01-19,2026-01-26,1,6,-1.359641942084,1.839545541559,-4.7368,1,0,0,,0,Dragon1->out
化工,EP000186,8,2026-01-05,2026-01-06,Dragon2,001333.SZ,光华股份,EP000228,9,2026-01-19,2026-01-26,1,6,12.903286505622,12.903286505622,-0.3755,1,0,0,,0,Dragon2->out
化工,EP000186,8,2026-01-05,2026-01-06,Dragon3,002254.SZ,泰和新材,EP000228,9,2026-01-19,2026-01-26,1,6,12.222224922674,18.119705583024,-4.9928,1,0,0,,0,Dragon3->out
化工,EP000228,9,2026-01-19,2026-01-26,Dragon1,002585.SZ,双星新材,EP000251,10,2026-01-28,2026-02-12,1,12,-2.506514211434,0,-11.60944642258,1,0,0,,0,Dragon1->out
化工,EP000228,9,2026-01-19,2026-01-26,Dragon2,600800.SH,渤海化学,EP000251,10,2026-01-28,2026-02-12,1,12,-5.228610355319,4.5751768728,-9.374870328973,1,0,0,,0,Dragon2->out
化工,EP000228,9,2026-01-19,2026-01-26,Dragon3,000949.SZ,新乡化纤,EP000251,10,2026-01-28,2026-02-12,1,12,0.703089593238,6.3290816,-14.682637846235,1,0,0,,0,Dragon3->out
化工,EP000251,10,2026-01-28,2026-02-12,Dragon1,002455.SZ,百川股份,EP000300,11,2026-02-24,2026-03-18,1,17,1.083203958877,16.678975391621,-14.944777142422,1,0,0,,0,Dragon1->out
化工,EP000251,10,2026-01-28,2026-02-12,Dragon2,002440.SZ,闰土股份,EP000300,11,2026-02-24,2026-03-18,1,17,-16.02434861842,2.9074,-18.725389768011,1,0,0,,0,Dragon2->out
化工,EP000251,10,2026-01-28,2026-02-12,Dragon3,600352.SH,浙江龙盛,EP000300,11,2026-02-24,2026-03-18,1,17,-13.268308289828,1.825865041464,-14.823515935902,1,0,0,,0,Dragon3->out
化工,EP000300,11,2026-02-24,2026-03-18,Dragon1,605006.SH,山东玻纤,EP000368,12,2026-03-24,2026-03-30,1,5,12.700316716834,12.700316716834,-2.4859,1,0,0,,0,Dragon1->out
化工,EP000300,11,2026-02-24,2026-03-18,Dragon2,603256.SH,宏和科技,EP000368,12,2026-03-24,2026-03-30,1,5,18.709747369032,18.709747369032,-1.264699756,1,0,0,,0,Dragon2->out
化工,EP000300,11,2026-02-24,2026-03-18,Dragon3,002470.SZ,金正大,EP000368,12,2026-03-24,2026-03-30,1,5,12.587352529673,12.587352529673,-4.0956,1,0,0,,0,Dragon3->out
化工,EP000368,12,2026-03-24,2026-03-30,Dragon1,000035.SZ,中国天楹,EP000398,13,2026-04-01,2026-04-01,1,1,2.5111,2.5111,0,1,0,0,,0,Dragon1->out
化工,EP000368,12,2026-03-24,2026-03-30,Dragon2,600527.SH,江南高纤,EP000398,13,2026-04-01,2026-04-01,1,1,-0.7813,0,-0.7813,1,0,0,,0,Dragon2->out
化工,EP000368,12,2026-03-24,2026-03-30,Dragon3,605366.SH,宏柏新材,EP000398,13,2026-04-01,2026-04-01,1,1,6.3653,6.3653,0,1,0,0,,0,Dragon3->out
化工,EP000398,13,2026-04-01,2026-04-01,Dragon1,605006.SH,山东玻纤,EP000411,14,2026-04-07,2026-04-07,1,1,0.7625,0.7625,0,1,0,0,,0,Dragon1->out
化工,EP000398,13,2026-04-01,2026-04-01,Dragon2,600545.SH,卓郎智能,EP000411,14,2026-04-07,2026-04-07,1,1,0.8219,0.8219,0,1,0,0,,0,Dragon2->out
化工,EP000398,13,2026-04-01,2026-04-01,Dragon3,002408.SZ,齐翔腾达,EP000411,14,2026-04-07,2026-04-07,1,1,9.9668,9.9668,0,1,1,0,Dragon1,1,Dragon3->Dragon1
化工,EP000411,14,2026-04-07,2026-04-07,Dragon1,002408.SZ,齐翔腾达,EP000441,15,2026-04-16,2026-04-22,1,5,-9.117649565789,0.2941,-9.38415077835,1,0,0,,0,Dragon1->out
化工,EP000411,14,2026-04-07,2026-04-07,Dragon2,300821.SZ,东岳硅材,EP000441,15,2026-04-16,2026-04-22,1,5,6.963017491217,8.518606526434,-2.2526,1,0,0,,0,Dragon2->out
化工,EP000411,14,2026-04-07,2026-04-07,Dragon3,600527.SH,江南高纤,EP000441,15,2026-04-16,2026-04-22,1,5,-3.358242306964,2.2388,-5.474479656416,1,0,0,,0,Dragon3->out
化工,EP000441,15,2026-04-16,2026-04-22,Dragon1,300905.SZ,宝丽迪,EP000469,16,2026-04-29,2026-04-30,1,2,1.641373781,1.641373781,0,1,0,0,,0,Dragon1->out
化工,EP000441,15,2026-04-16,2026-04-22,Dragon2,000782.SZ,恒申新材,EP000469,16,2026-04-29,2026-04-30,1,2,7.5801703445,7.5801703445,0,1,0,0,,0,Dragon2->out
化工,EP000441,15,2026-04-16,2026-04-22,Dragon3,603826.SH,坤彩科技,EP000469,16,2026-04-29,2026-04-30,1,2,-4.0056829216,0,-4.0056829216,1,0,0,,0,Dragon3->out
化工,EP000469,16,2026-04-29,2026-04-30,Dragon1,605006.SH,山东玻纤,EP000481,17,2026-05-07,2026-05-28,1,16,64.361301446038,64.361301446038,-15.7739618034,1,1,1,Dragon1,1,Dragon1->Dragon1
化工,EP000469,16,2026-04-29,2026-04-30,Dragon2,600714.SH,金瑞矿业,EP000481,17,2026-05-07,2026-05-28,1,16,38.734803739679,47.968493193048,-9.0484373188,1,0,0,,0,Dragon2->out
化工,EP000469,16,2026-04-29,2026-04-30,Dragon3,002136.SZ,安纳达,EP000481,17,2026-05-07,2026-05-28,1,16,-11.118315813925,1.4139,-13.371394417068,1,0,0,,0,Dragon3->out
化工,EP000481,17,2026-05-07,2026-05-28,Dragon1,605006.SH,山东玻纤,EP000536,18,2026-06-01,2026-07-06,1,25,-6.059021918435,41.921366192197,-33.807727051933,1,0,0,,0,Dragon1->out
化工,EP000481,17,2026-05-07,2026-05-28,Dragon2,603067.SH,振华股份,EP000536,18,2026-06-01,2026-07-06,1,25,38.990214518843,41.186498559554,-17.061128495712,1,0,0,,0,Dragon2->out
化工,EP000481,17,2026-05-07,2026-05-28,Dragon3,600610.SH,中毅达,EP000536,18,2026-06-01,2026-07-06,1,25,-14.652740491015,7.326555395493,-21.916029342078,1,0,0,,0,Dragon3->out
化工,EP000536,18,2026-06-01,2026-07-06,Dragon1,002637.SZ,赞宇科技,EP000666,19,2026-07-17,2026-07-20,1,2,-5.1232345198,0,-5.1232345198,1,0,0,,0,Dragon1->out
化工,EP000536,18,2026-06-01,2026-07-06,Dragon2,600160.SH,巨化股份,EP000666,19,2026-07-17,2026-07-20,1,2,-5.2026681726,0,-5.2026681726,1,0,0,,0,Dragon2->out
化工,EP000536,18,2026-06-01,2026-07-06,Dragon3,600727.SH,鲁北化工,EP000666,19,2026-07-17,2026-07-20,1,2,-1.4368024063,0,-1.4368024063,1,0,0,,0,Dragon3->out
化工,EP000666,19,2026-07-17,2026-07-20,Dragon1,600227.SH,赤天化,EP000677,20,2026-07-22,2026-07-23,1,2,10.2309794468,10.2309794468,0,1,0,0,,0,Dragon1->out
化工,EP000666,19,2026-07-17,2026-07-20,Dragon2,600722.SH,金牛化工,EP000677,20,2026-07-22,2026-07-23,1,2,20.9766811211,20.9766811211,0,1,1,0,Dragon1,1,Dragon2->Dragon1
化工,EP000666,19,2026-07-17,2026-07-20,Dragon3,603120.SH,肯特催化,EP000677,20,2026-07-22,2026-07-23,1,2,8.49096044,8.49096044,0,1,0,0,,0,Dragon3->out
化工,EP000677,20,2026-07-22,2026-07-23,Dragon1,600722.SH,金牛化工,EP000702,21,2026-07-29,2026-07-29,1,1,10.0432,10.0432,0,1,1,1,Dragon1,1,Dragon1->Dragon1
化工,EP000677,20,2026-07-22,2026-07-23,Dragon2,300779.SZ,惠城环保,EP000702,21,2026-07-29,2026-07-29,1,1,-0.2987,0,-0.2987,1,0,0,,0,Dragon2->out
化工,EP000677,20,2026-07-22,2026-07-23,Dragon3,002545.SZ,东方铁塔,EP000702,21,2026-07-29,2026-07-29,1,1,0.1585,0.1585,0,1,0,0,,0,Dragon3->out
化工,EP000702,21,2026-07-29,2026-07-29,Dragon1,600722.SH,金牛化工,EP000720,22,2026-08-05,2026-08-06,1,2,-3.5874380695,0,-3.5874380695,1,0,0,,0,Dragon1->out
化工,EP000702,21,2026-07-29,2026-07-29,Dragon2,600227.SH,赤天化,EP000720,22,2026-08-05,2026-08-06,1,2,-1.8348259456,0,-1.8348259456,1,0,0,,0,Dragon2->out
化工,EP000702,21,2026-07-29,2026-07-29,Dragon3,002440.SZ,闰土股份,EP000720,22,2026-08-05,2026-08-06,1,2,2.2744976786,2.3529,-0.0766,1,0,0,,0,Dragon3->out
化工,EP000720,22,2026-08-05,2026-08-06,Dragon1,603826.SH,坤彩科技,EP000731,23,2026-08-10,2026-08-10,1,1,2.9885,2.9885,0,1,0,0,,0,Dragon1->out
化工,EP000720,22,2026-08-05,2026-08-06,Dragon2,603004.SH,鼎龙科技,EP000731,23,2026-08-10,2026-08-10,1,1,2.3411,2.3411,0,1,0,0,,0,Dragon2->out
化工,EP000720,22,2026-08-05,2026-08-06,Dragon3,600078.SH,澄星股份,EP000731,23,2026-08-10,2026-08-10,1,1,4.2534,4.2534,0,1,0,0,,0,Dragon3->out
化工,EP000731,23,2026-08-10,2026-08-10,Dragon1,603382.SH,海阳科技,EP000752,24,2026-08-17,2026-08-17,1,1,-1.0984,0,-1.0984,1,0,0,,0,Dragon1->out
化工,EP000731,23,2026-08-10,2026-08-10,Dragon2,600227.SH,赤天化,EP000752,24,2026-08-17,2026-08-17,1,1,3.0211,3.0211,0,1,0,0,,0,Dragon2->out
化工,EP000731,23,2026-08-10,2026-08-10,Dragon3,600722.SH,金牛化工,EP000752,24,2026-08-17,2026-08-17,1,1,4.9645,4.9645,0,1,0,0,,0,Dragon3->out
化工,EP000752,24,2026-08-17,2026-08-17,Dragon1,002469.SZ,三维化学,EP000768,25,2026-08-21,2026-08-25,1,3,10.447735769248,12.437771894,-1.7699,1,0,0,,0,Dragon1->out
化工,EP000752,24,2026-08-17,2026-08-17,Dragon2,002165.SZ,红宝丽,EP000768,25,2026-08-21,2026-08-25,1,3,0.128403663532,3.5943601718,-3.3457,1,0,0,,0,Dragon2->out
化工,EP000752,24,2026-08-17,2026-08-17,Dragon3,002476.SZ,新叶股份,EP000768,25,2026-08-21,2026-08-25,1,3,4.897980402925,4.897980402925,0,1,0,0,,0,Dragon3->out
化工,EP000768,25,2026-08-21,2026-08-25,Dragon1,603333.SH,福华尚纬,EP000788,26,2026-08-28,2026-08-31,1,2,-1.0763809557,0.6849,-1.7493,1,0,0,,0,Dragon1->out
化工,EP000768,25,2026-08-21,2026-08-25,Dragon2,002886.SZ,沃特股份,EP000788,26,2026-08-28,2026-08-31,1,2,21,21,0,1,1,0,Dragon1,1,Dragon2->Dragon1
化工,EP000768,25,2026-08-21,2026-08-25,Dragon3,301591.SZ,肯特股份,EP000788,26,2026-08-28,2026-08-31,1,2,10.3175133461,14.0873,-3.3043,1,0,0,,0,Dragon3->out
医疗器械,EP000348,1,2026-03-13,2026-03-13,Dragon1,002382.SZ,蓝帆医疗,EP000399,2,2026-04-01,2026-04-01,1,1,4.1457,4.1457,0,1,0,0,,0,Dragon1->out
医疗器械,EP000348,1,2026-03-13,2026-03-13,Dragon2,002950.SZ,奥美医疗,EP000399,2,2026-04-01,2026-04-01,1,1,1.412,1.412,0,1,0,0,,0,Dragon2->out
医疗器械,EP000348,1,2026-03-13,2026-03-13,Dragon3,300981.SZ,中红医疗,EP000399,2,2026-04-01,2026-04-01,1,1,6.0168,6.0168,0,1,0,0,,0,Dragon3->out
医疗器械,EP000399,2,2026-04-01,2026-04-01,Dragon1,002432.SZ,九安医疗,EP000562,3,2026-06-11,2026-06-11,1,1,-4.9861,0,-4.9861,1,0,0,,0,Dragon1->out
医疗器械,EP000399,2,2026-04-01,2026-04-01,Dragon2,301188.SZ,力诺药包,EP000562,3,2026-06-11,2026-06-11,1,1,9.8078,9.8078,0,1,0,0,,0,Dragon2->out
医药,EP000007,1,2025-10-31,2025-11-03,Dragon1,603122.SH,合富中国,EP000021,2,2025-11-05,2025-11-05,1,1,10.0422,10.0422,0,1,1,1,Dragon1,1,Dragon1->Dragon1
医药,EP000007,1,2025-10-31,2025-11-03,Dragon2,600513.SH,联环药业,EP000021,2,2025-11-05,2025-11-05,1,1,-3.8797,0,-3.8797,1,0,0,,0,Dragon2->out
医药,EP000007,1,2025-10-31,2025-11-03,Dragon3,688336.SH,三生国健,EP000021,2,2025-11-05,2025-11-05,1,1,-8.4737,0,-8.4737,1,0,0,,0,Dragon3->out
医药,EP000021,2,2025-11-05,2025-11-05,Dragon1,603122.SH,合富中国,EP000039,3,2025-11-10,2025-11-17,1,5,50.919539698193,50.919539698193,0,1,0,0,,0,Dragon1->out
医药,EP000021,2,2025-11-05,2025-11-05,Dragon2,603079.SH,圣达生物,EP000039,3,2025-11-10,2025-11-17,1,6,-2.633994462551,3.4962063256,-5.923116417297,1,0,0,,0,Dragon2->out
医药,EP000039,3,2025-11-10,2025-11-17,Dragon1,002940.SZ,昂利康,EP000085,4,2025-11-24,2025-11-24,1,1,1.7987,1.7987,0,1,0,0,,0,Dragon1->out
医药,EP000039,3,2025-11-10,2025-11-17,Dragon2,600829.SH,人民同泰,EP000085,4,2025-11-24,2025-11-24,1,1,-9.9845,0,-9.9845,1,0,0,,0,Dragon2->out
医药,EP000039,3,2025-11-10,2025-11-17,Dragon3,000788.SZ,北大医药,EP000085,4,2025-11-24,2025-11-24,1,1,3.4247,3.4247,0,1,0,0,,0,Dragon3->out
医药,EP000085,4,2025-11-24,2025-11-24,Dragon1,002900.SZ,哈三联,EP000092,5,2025-11-26,2025-11-26,1,1,1.9257,1.9257,0,1,0,0,,0,Dragon1->out
医药,EP000085,4,2025-11-24,2025-11-24,Dragon2,000952.SZ,广济药业,EP000092,5,2025-11-26,2025-11-26,1,1,9.9884,9.9884,0,1,1,0,Dragon1,1,Dragon2->Dragon1
医药,EP000085,4,2025-11-24,2025-11-24,Dragon3,600645.SH,中源协和,EP000092,5,2025-11-26,2025-11-26,1,1,-0.6278,0,-0.6278,1,0,0,,0,Dragon3->out
医药,EP000092,5,2025-11-26,2025-11-26,Dragon1,000952.SZ,广济药业,EP000102,6,2025-11-28,2025-11-28,1,1,-9.9808,0,-9.9808,1,0,0,,0,Dragon1->out
医药,EP000092,5,2025-11-26,2025-11-26,Dragon2,000788.SZ,北大医药,EP000102,6,2025-11-28,2025-11-28,1,1,-3.7992,0,-3.7992,1,0,0,,0,Dragon2->out
医药,EP000092,5,2025-11-26,2025-11-26,Dragon3,688670.SH,金迪克,EP000102,6,2025-11-28,2025-11-28,1,1,-6.5484,0,-6.5484,1,0,0,,0,Dragon3->out
医药,EP000102,6,2025-11-28,2025-11-28,Dragon1,000078.SZ,海王生物,EP000112,7,2025-12-02,2025-12-05,1,4,41.443776412713,41.443776412713,0,1,1,1,Dragon1,1,Dragon1->Dragon1
医药,EP000102,6,2025-11-28,2025-11-28,Dragon2,600227.SH,赤天化,EP000112,7,2025-12-02,2025-12-05,1,4,2.909165655542,2.909165655542,-6.545359917667,1,0,0,,0,Dragon2->out
医药,EP000102,6,2025-11-28,2025-11-28,Dragon3,600721.SH,百花医药,EP000112,7,2025-12-02,2025-12-05,1,4,7.164178089019,7.164178089019,-2.587052756,1,0,0,,0,Dragon3->out
医药,EP000112,7,2025-12-02,2025-12-05,Dragon1,000078.SZ,海王生物,EP000153,8,2025-12-18,2025-12-19,1,2,2.6699682848,4.8544,-2.0833,1,0,0,,0,Dragon1->out
医药,EP000112,7,2025-12-02,2025-12-05,Dragon2,600829.SH,人民同泰,EP000153,8,2025-12-18,2025-12-19,1,2,3.0594547143,3.5839,-0.5063,1,0,0,,0,Dragon2->out
医药,EP000112,7,2025-12-02,2025-12-05,Dragon3,600272.SH,开开实业,EP000153,8,2025-12-18,2025-12-19,1,2,4.8797194539,5.0919,-0.2019,1,0,0,,0,Dragon3->out
医药,EP000153,8,2025-12-18,2025-12-19,Dragon1,002788.SZ,鹭燕医药,EP000187,9,2026-01-05,2026-01-13,1,7,23.984849025435,29.792190563245,-4.474338180601,1,0,0,,0,Dragon1->out
医药,EP000153,8,2025-12-18,2025-12-19,Dragon2,000950.SZ,重药控股,EP000187,9,2026-01-05,2026-01-13,1,7,8.591092302998,8.591092302998,-1.1686,1,0,0,,0,Dragon2->out
医药,EP000153,8,2025-12-18,2025-12-19,Dragon3,000411.SZ,英特集团,EP000187,9,2026-01-05,2026-01-13,1,7,2.431386022264,2.431386022264,-1.4615420894,1,0,0,,0,Dragon3->out
医药,EP000187,9,2026-01-05,2026-01-13,Dragon1,000952.SZ,广济药业,EP000242,10,2026-01-26,2026-01-26,1,1,1.5645,1.5645,0,1,0,0,,0,Dragon1->out
医药,EP000187,9,2026-01-05,2026-01-13,Dragon2,601089.SH,福元医药,EP000242,10,2026-01-26,2026-01-26,1,1,3.3235,3.3235,0,1,0,0,,0,Dragon2->out
医药,EP000187,9,2026-01-05,2026-01-13,Dragon3,603127.SH,昭衍新药,EP000242,10,2026-01-26,2026-01-26,1,1,0.7792,0.7792,0,1,0,0,,0,Dragon3->out
医药,EP000242,10,2026-01-26,2026-01-26,Dragon1,002728.SZ,特一药业,EP000278,11,2026-02-06,2026-02-06,1,1,10.0418,10.0418,0,1,1,1,Dragon1,1,Dragon1->Dragon1
医药,EP000242,10,2026-01-26,2026-01-26,Dragon2,300871.SZ,回盛生物,EP000278,11,2026-02-06,2026-02-06,1,1,3.0826,3.0826,0,1,0,0,,0,Dragon2->out
医药,EP000242,10,2026-01-26,2026-01-26,Dragon3,000078.SZ,海王生物,EP000278,11,2026-02-06,2026-02-06,1,1,2.981,2.981,0,1,0,0,,0,Dragon3->out
医药,EP000278,11,2026-02-06,2026-02-06,Dragon1,002728.SZ,特一药业,EP000333,12,2026-03-06,2026-03-06,1,1,1.4248,1.4248,0,1,0,0,,0,Dragon1->out
医药,EP000278,11,2026-02-06,2026-02-06,Dragon2,002412.SZ,汉森制药,EP000333,12,2026-03-06,2026-03-06,1,1,2.193,2.193,0,1,0,0,,0,Dragon2->out
医药,EP000278,11,2026-02-06,2026-02-06,Dragon3,002772.SZ,众兴菌业,EP000333,12,2026-03-06,2026-03-06,1,1,1.7299,1.7299,0,1,0,0,,0,Dragon3->out
医药,EP000333,12,2026-03-06,2026-03-06,Dragon1,688176.SH,亚虹医药,EP000369,13,2026-03-24,2026-04-09,1,12,13.074990653544,17.191318262156,-4.7520999216,1,0,0,,0,Dragon1->out
医药,EP000333,12,2026-03-06,2026-03-06,Dragon2,600645.SH,中源协和,EP000369,13,2026-03-24,2026-04-09,1,12,-3.094212329618,12.00271326804,-13.782609695496,1,0,0,,0,Dragon2->out
医药,EP000369,13,2026-03-24,2026-04-09,Dragon1,603538.SH,美诺华,EP000435,14,2026-04-14,2026-04-15,1,2,15.4566119769,15.4566119769,0,1,0,0,,0,Dragon1->out
医药,EP000369,13,2026-03-24,2026-04-09,Dragon2,002082.SZ,万邦德,EP000435,14,2026-04-14,2026-04-15,1,2,-1.0103603868,0,-1.0103603868,1,0,0,,0,Dragon2->out
医药,EP000435,14,2026-04-14,2026-04-15,Dragon1,002107.SZ,沃华医药,EP000466,15,2026-04-28,2026-04-28,1,1,-0.267,0,-0.267,1,0,0,,0,Dragon1->out
医药,EP000435,14,2026-04-14,2026-04-15,Dragon2,603139.SH,康惠股份,EP000466,15,2026-04-28,2026-04-28,1,1,0.1497,0.1497,0,1,0,0,,0,Dragon2->out
医药,EP000435,14,2026-04-14,2026-04-15,Dragon3,600664.SH,哈药股份,EP000466,15,2026-04-28,2026-04-28,1,1,0.545,0.545,0,1,0,0,,0,Dragon3->out
医药,EP000466,15,2026-04-28,2026-04-28,Dragon1,002923.SZ,润都股份,EP000484,16,2026-05-08,2026-05-08,1,1,0.9146,0.9146,0,1,0,0,,0,Dragon1->out
医药,EP000466,15,2026-04-28,2026-04-28,Dragon2,603259.SH,药明康德,EP000484,16,2026-05-08,2026-05-08,1,1,-4.0259,0,-4.0259,1,0,0,,0,Dragon2->out
医药,EP000466,15,2026-04-28,2026-04-28,Dragon3,002412.SZ,汉森制药,EP000484,16,2026-05-08,2026-05-08,1,1,2.4217,2.4217,0,1,0,0,,0,Dragon3->out
医药,EP000484,16,2026-05-08,2026-05-08,Dragon1,002317.SZ,众生药业,EP000489,17,2026-05-12,2026-05-12,1,1,-4.5414,0,-4.5414,1,0,0,,0,Dragon1->out
医药,EP000484,16,2026-05-08,2026-05-08,Dragon2,000710.SZ,贝瑞基因,EP000489,17,2026-05-12,2026-05-12,1,1,-6.0473,0,-6.0473,1,0,0,,0,Dragon2->out
医药,EP000489,17,2026-05-12,2026-05-12,Dragon1,600488.SH,津药药业,EP000511,18,2026-05-21,2026-05-25,1,3,-11.336685927875,0,-11.336685927875,1,0,0,,0,Dragon1->out
医药,EP000489,17,2026-05-12,2026-05-12,Dragon2,000950.SZ,重药控股,EP000511,18,2026-05-21,2026-05-25,1,3,-5.351667668164,0,-6.422,1,0,0,,0,Dragon2->out
医药,EP000511,18,2026-05-21,2026-05-25,Dragon1,002940.SZ,昂利康,EP000585,19,2026-06-18,2026-06-24,1,4,2.545760995511,8.416859170153,-5.4153,1,0,0,,0,Dragon1->out
医药,EP000511,18,2026-05-21,2026-05-25,Dragon2,603127.SH,昭衍新药,EP000585,19,2026-06-18,2026-06-24,1,4,17.45831431691,17.45831431691,-0.3818,1,1,0,Dragon3,0,Dragon2->Dragon3
医药,EP000511,18,2026-05-21,2026-05-25,Dragon3,603590.SH,康辰药业,EP000585,19,2026-06-18,2026-06-24,1,4,4.323979930965,4.358313816211,-0.9501,1,0,0,,0,Dragon3->out
医药,EP000585,19,2026-06-18,2026-06-24,Dragon1,600851.SH,海欣股份,EP000613,20,2026-06-29,2026-07-03,1,5,3.97722757538,4.318139254464,-0.444,1,0,0,,0,Dragon1->out
医药,EP000585,19,2026-06-18,2026-06-24,Dragon2,002317.SZ,众生药业,EP000613,20,2026-06-29,2026-07-03,1,5,21.469590168008,21.469590168008,-1.1268,1,0,0,,0,Dragon2->out
医药,EP000585,19,2026-06-18,2026-06-24,Dragon3,603127.SH,昭衍新药,EP000613,20,2026-06-29,2026-07-03,1,5,9.717561888798,10.745495090076,-3.2242,1,0,0,,0,Dragon3->out
医药,EP000613,20,2026-06-29,2026-07-03,Dragon1,002821.SZ,凯莱英,EP000647,21,2026-07-10,2026-07-17,1,6,0.471279063503,21.410368967614,-17.2465416934,1,0,0,,0,Dragon1->out
医药,EP000613,20,2026-06-29,2026-07-03,Dragon2,600222.SH,太龙药业,EP000647,21,2026-07-10,2026-07-17,1,6,0.811847542706,7.171740116435,-5.9343,1,0,0,,0,Dragon2->out
医药,EP000613,20,2026-06-29,2026-07-03,Dragon3,603222.SH,济民健康,EP000647,21,2026-07-10,2026-07-17,1,6,-9.486022435533,0,-10.67187507,1,0,0,,0,Dragon3->out
医药,EP000647,21,2026-07-10,2026-07-17,Dragon1,003020.SZ,立方制药,EP000678,22,2026-07-22,2026-07-23,1,2,3.2358766896,3.2358766896,0,1,0,0,,0,Dragon1->out
医药,EP000647,21,2026-07-10,2026-07-17,Dragon2,002038.SZ,双鹭药业,EP000678,22,2026-07-22,2026-07-23,1,2,0.1792255168,0.1792255168,-0.5376,1,0,0,,0,Dragon2->out
医药,EP000647,21,2026-07-10,2026-07-17,Dragon3,603538.SH,美诺华,EP000678,22,2026-07-22,2026-07-23,1,2,3.2189048324,4.5422,-1.2658,1,0,0,,0,Dragon3->out
医药,EP000678,22,2026-07-22,2026-07-23,Dragon1,002900.SZ,哈三联,EP000690,23,2026-07-27,2026-07-27,1,1,10,10,0,1,1,1,Dragon1,1,Dragon1->Dragon1
医药,EP000678,22,2026-07-22,2026-07-23,Dragon2,002793.SZ,罗欣药业,EP000690,23,2026-07-27,2026-07-27,1,1,2.7601,2.7601,0,1,0,0,,0,Dragon2->out
医药,EP000678,22,2026-07-22,2026-07-23,Dragon3,600594.SH,益佰制药,EP000690,23,2026-07-27,2026-07-27,1,1,10,10,0,1,1,0,Dragon2,0,Dragon3->Dragon2
医药,EP000690,23,2026-07-27,2026-07-27,Dragon1,002900.SZ,哈三联,EP000707,24,2026-07-30,2026-07-30,1,1,-2.0339,0,-2.0339,1,0,0,,0,Dragon1->out
医药,EP000690,23,2026-07-27,2026-07-27,Dragon2,600594.SH,益佰制药,EP000707,24,2026-07-30,2026-07-30,1,1,-2.7701,0,-2.7701,1,0,0,,0,Dragon2->out
医药,EP000690,23,2026-07-27,2026-07-27,Dragon3,603567.SH,珍宝岛,EP000707,24,2026-07-30,2026-07-30,1,1,-4.8589,0,-4.8589,1,0,0,,0,Dragon3->out
医药,EP000707,24,2026-07-30,2026-07-30,Dragon1,000566.SZ,海南海药,EP000716,25,2026-08-04,2026-08-28,1,19,-11.110964048819,8.112897325,-26.264171945996,1,0,0,,0,Dragon1->out
医药,EP000707,24,2026-07-30,2026-07-30,Dragon2,600513.SH,联环药业,EP000716,25,2026-08-04,2026-08-28,1,19,-2.348776853886,8.749150646232,-15.550668542166,1,0,0,,0,Dragon2->out
发电机,EP000308,1,2026-02-26,2026-02-26,Dragon1,002283.SZ,天润工业,EP000334,2,2026-03-06,2026-03-06,1,1,1.6932,1.6932,0,1,0,0,,0,Dragon1->out
发电机,EP000308,1,2026-02-26,2026-02-26,Dragon2,603950.SH,长源东谷,EP000334,2,2026-03-06,2026-03-06,1,1,4.8566,4.8566,0,1,0,0,,0,Dragon2->out
发电机,EP000308,1,2026-02-26,2026-02-26,Dragon3,600841.SH,动力新科,EP000334,2,2026-03-06,2026-03-06,1,1,4.9197,4.9197,0,1,0,0,,0,Dragon3->out
发电机,EP000334,2,2026-03-06,2026-03-06,Dragon1,600590.SH,泰豪科技,EP000491,3,2026-05-13,2026-05-13,1,1,3.1766,3.1766,0,1,0,0,,0,Dragon1->out
发电机,EP000334,2,2026-03-06,2026-03-06,Dragon2,002448.SZ,中原内配,EP000491,3,2026-05-13,2026-05-13,1,1,2.4936,2.4936,0,1,0,0,,0,Dragon2->out
发电机,EP000334,2,2026-03-06,2026-03-06,Dragon3,301032.SZ,新柴股份,EP000491,3,2026-05-13,2026-05-13,1,1,3.5796,3.5796,0,1,0,0,,0,Dragon3->out
可控核聚变,EP000176,1,2025-12-26,2025-12-26,Dragon1,000777.SZ,中核科技,EP000614,2,2026-06-29,2026-06-29,1,1,10,10,0,1,0,0,,0,Dragon1->out
可控核聚变,EP000176,1,2025-12-26,2025-12-26,Dragon2,600105.SH,永鼎股份,EP000614,2,2026-06-29,2026-06-29,1,1,-3.972,0,-3.972,1,0,0,,0,Dragon2->out
商业航天,EP000036,1,2025-11-07,2025-11-07,Dragon1,603131.SH,上海沪工,EP000050,2,2025-11-12,2025-11-12,1,1,10.0119,10.0119,0,1,1,1,Dragon1,1,Dragon1->Dragon1
商业航天,EP000036,1,2025-11-07,2025-11-07,Dragon2,600678.SH,四川金顶,EP000050,2,2025-11-12,2025-11-12,1,1,-6.5789,0,-6.5789,1,0,0,,0,Dragon2->out
商业航天,EP000036,1,2025-11-07,2025-11-07,Dragon3,300102.SZ,乾照光电,EP000050,2,2025-11-12,2025-11-12,1,1,1.8557,1.8557,0,1,0,0,,0,Dragon3->out
商业航天,EP000050,2,2025-11-12,2025-11-12,Dragon1,603131.SH,上海沪工,EP000086,3,2025-11-24,2025-12-22,1,21,16.587336307181,24.484090910298,-13.57981600102,1,0,0,,0,Dragon1->out
商业航天,EP000050,2,2025-11-12,2025-11-12,Dragon2,605598.SH,上海港湾,EP000086,3,2025-11-24,2025-12-22,1,21,16.48659755981,21.085386592206,-14.597794484518,1,0,0,,0,Dragon2->out
商业航天,EP000086,3,2025-11-24,2025-12-22,Dragon1,600343.SH,航天动力,EP000166,4,2025-12-24,2026-01-29,1,25,-5.789405468498,30.526379404664,-39.052405477195,1,0,0,,0,Dragon1->out
商业航天,EP000086,3,2025-11-24,2025-12-22,Dragon2,301136.SZ,招标股份,EP000166,4,2025-12-24,2026-01-29,1,25,-11.020513858987,24.183610755328,-28.348446626886,1,0,0,,0,Dragon2->out
商业航天,EP000086,3,2025-11-24,2025-12-22,Dragon3,688523.SH,航天环宇,EP000166,4,2025-12-24,2026-01-29,1,25,57.237322843699,130.882698284338,-34.607790560261,1,0,0,,0,Dragon3->out
商业航天,EP000166,4,2025-12-24,2026-01-29,Dragon1,002361.SZ,神剑股份,EP000266,5,2026-02-03,2026-02-10,1,6,26.866785989594,30.81533889488,-3.018417365,1,0,0,,0,Dragon1->out
商业航天,EP000166,4,2025-12-24,2026-01-29,Dragon2,002046.SZ,国机精工,EP000266,5,2026-02-03,2026-02-10,1,6,-2.034307247087,4.3255,-6.096119594047,1,0,0,,0,Dragon2->out
商业航天,EP000166,4,2025-12-24,2026-01-29,Dragon3,600330.SH,天通股份,EP000266,5,2026-02-03,2026-02-10,1,6,22.714325755356,22.714325755356,-8.50059375,1,0,0,,0,Dragon3->out
商业航天,EP000266,5,2026-02-03,2026-02-10,Dragon1,002471.SZ,中超控股,EP000379,6,2026-03-26,2026-03-31,1,4,16.583005037275,16.583005037275,0,1,0,0,,0,Dragon1->out
商业航天,EP000266,5,2026-02-03,2026-02-10,Dragon2,600481.SH,双良节能,EP000379,6,2026-03-26,2026-03-31,1,4,-10.382453858918,0,-10.382453858918,1,0,0,,0,Dragon2->out
商业航天,EP000266,5,2026-02-03,2026-02-10,Dragon3,002792.SZ,通宇通讯,EP000379,6,2026-03-26,2026-03-31,1,4,11.57021600508,11.57021600508,-2.9637,1,0,0,,0,Dragon3->out
商业航天,EP000379,6,2026-03-26,2026-03-31,Dragon1,603601.SH,再升科技,EP000417,7,2026-04-08,2026-04-08,1,1,3.5585,3.5585,0,1,0,0,,0,Dragon1->out
商业航天,EP000379,6,2026-03-26,2026-03-31,Dragon2,002361.SZ,神剑股份,EP000417,7,2026-04-08,2026-04-08,1,1,10.0328,10.0328,0,1,1,0,Dragon1,1,Dragon2->Dragon1
商业航天,EP000379,6,2026-03-26,2026-03-31,Dragon3,002149.SZ,西部材料,EP000417,7,2026-04-08,2026-04-08,1,1,6.1922,6.1922,0,1,0,0,,0,Dragon3->out
商业航天,EP000417,7,2026-04-08,2026-04-08,Dragon1,002361.SZ,神剑股份,EP000437,8,2026-04-15,2026-04-15,1,1,10.0297,10.0297,0,1,1,0,Dragon3,0,Dragon1->Dragon3
商业航天,EP000417,7,2026-04-08,2026-04-08,Dragon2,603211.SH,晋拓股份,EP000437,8,2026-04-15,2026-04-15,1,1,5.1172,5.1172,0,1,0,0,,0,Dragon2->out
商业航天,EP000417,7,2026-04-08,2026-04-08,Dragon3,301232.SZ,飞沃科技,EP000437,8,2026-04-15,2026-04-15,1,1,10.808,10.808,0,1,0,0,,0,Dragon3->out
商业航天,EP000437,8,2026-04-15,2026-04-15,Dragon1,002297.SZ,博云新材,EP000453,9,2026-04-20,2026-04-24,1,5,26.059946284434,26.059946284434,-2.4152,1,1,1,Dragon1,1,Dragon1->Dragon1
商业航天,EP000437,8,2026-04-15,2026-04-15,Dragon2,001208.SZ,华菱线缆,EP000453,9,2026-04-20,2026-04-24,1,5,-8.791273769968,4.6245,-12.822784118412,1,0,0,,0,Dragon2->out
商业航天,EP000437,8,2026-04-15,2026-04-15,Dragon3,002361.SZ,神剑股份,EP000453,9,2026-04-20,2026-04-24,1,5,14.453326416547,26.133372751481,-9.2600761243,1,0,0,,0,Dragon3->out
商业航天,EP000453,9,2026-04-20,2026-04-24,Dragon1,002297.SZ,博云新材,EP000470,10,2026-04-29,2026-05-08,1,5,13.861753065143,13.861753065143,-2,1,0,0,,0,Dragon1->out
商业航天,EP000453,9,2026-04-20,2026-04-24,Dragon2,605222.SH,起帆电缆,EP000470,10,2026-04-29,2026-05-08,1,5,10.501827272624,10.501827272624,-4.3717,1,0,0,,0,Dragon2->out
商业航天,EP000453,9,2026-04-20,2026-04-24,Dragon3,002081.SZ,金螳螂,EP000470,10,2026-04-29,2026-05-08,1,5,39.630350401659,46.611860591149,-4.7619,1,0,0,,0,Dragon3->out
商业航天,EP000470,10,2026-04-29,2026-05-08,Dragon1,603017.SH,中衡设计,EP000501,11,2026-05-18,2026-05-18,1,1,1.355,1.355,0,1,0,0,,0,Dragon1->out
商业航天,EP000470,10,2026-04-29,2026-05-08,Dragon2,000901.SZ,航天科技,EP000501,11,2026-05-18,2026-05-18,1,1,0.4989,0.4989,0,1,0,0,,0,Dragon2->out
商业航天,EP000470,10,2026-04-29,2026-05-08,Dragon3,000039.SZ,中集集团,EP000501,11,2026-05-18,2026-05-18,1,1,-4.9464,0,-4.9464,1,0,0,,0,Dragon3->out
商业航天,EP000501,11,2026-05-18,2026-05-18,Dragon1,605123.SH,派克新材,EP000545,12,2026-06-05,2026-06-08,1,2,-1.3987957576,4.6392,-5.7703,1,0,0,,0,Dragon1->out
商业航天,EP000501,11,2026-05-18,2026-05-18,Dragon2,603601.SH,再升科技,EP000545,12,2026-06-05,2026-06-08,1,2,-2.6974549968,5.9088,-8.1261,1,0,0,,0,Dragon2->out
商业航天,EP000501,11,2026-05-18,2026-05-18,Dragon3,600992.SH,贵绳股份,EP000545,12,2026-06-05,2026-06-08,1,2,-5.7330482032,0.5733,-6.2704,1,0,0,,0,Dragon3->out
商业航天,EP000545,12,2026-06-05,2026-06-08,Dragon1,002361.SZ,神剑股份,EP000565,13,2026-06-12,2026-06-12,1,1,-9.9027,0,-9.9027,1,0,0,,0,Dragon1->out
商业航天,EP000545,12,2026-06-05,2026-06-08,Dragon2,001400.SZ,江顺科技,EP000565,13,2026-06-12,2026-06-12,1,1,-0.1465,0,-0.1465,1,0,0,,0,Dragon2->out
商业航天,EP000545,12,2026-06-05,2026-06-08,Dragon3,003009.SZ,中天火箭,EP000565,13,2026-06-12,2026-06-12,1,1,9.9982,9.9982,0,1,0,0,,0,Dragon3->out
商业航天,EP000565,13,2026-06-12,2026-06-12,Dragon1,000768.SZ,中航西飞,EP000610,14,2026-06-26,2026-07-01,1,4,3.39824595395,3.39824595395,-0.4998,1,0,0,,0,Dragon1->out
商业航天,EP000565,13,2026-06-12,2026-06-12,Dragon2,000547.SZ,航天发展,EP000610,14,2026-06-26,2026-07-01,1,4,4.427769814802,4.427769814802,-2.9692,1,0,0,,0,Dragon2->out
商业航天,EP000565,13,2026-06-12,2026-06-12,Dragon3,002935.SZ,天奥电子,EP000610,14,2026-06-26,2026-07-01,1,4,7.973655056155,7.973655056155,-3.9868854376,1,0,0,,0,Dragon3->out
商业航天,EP000610,14,2026-06-26,2026-07-01,Dragon1,603977.SH,国泰集团,EP000635,15,2026-07-03,2026-07-03,1,1,-1.3376,0,-1.3376,1,0,0,,0,Dragon1->out
商业航天,EP000610,14,2026-06-26,2026-07-01,Dragon2,001270.SZ,铖昌科技,EP000635,15,2026-07-03,2026-07-03,1,1,10.002,10.002,0,1,1,0,Dragon1,1,Dragon2->Dragon1
商业航天,EP000610,14,2026-06-26,2026-07-01,Dragon3,001400.SZ,江顺科技,EP000635,15,2026-07-03,2026-07-03,1,1,9.9974,9.9974,0,1,1,1,Dragon3,0,Dragon3->Dragon3
商业航天,EP000635,15,2026-07-03,2026-07-03,Dragon1,001270.SZ,铖昌科技,EP000648,16,2026-07-10,2026-07-13,1,2,-8.86006,1.2666,-10,1,0,0,,0,Dragon1->out
商业航天,EP000635,15,2026-07-03,2026-07-03,Dragon2,300129.SZ,泰胜风能,EP000648,16,2026-07-10,2026-07-13,1,2,-3.1990907334,12.7962,-14.1807,1,0,0,,0,Dragon2->out
商业航天,EP000635,15,2026-07-03,2026-07-03,Dragon3,001400.SZ,江顺科技,EP000648,16,2026-07-10,2026-07-13,1,2,-5.60269,4.8859,-10,1,0,0,,0,Dragon3->out
商业航天,EP000648,16,2026-07-10,2026-07-13,Dragon1,600992.SH,贵绳股份,EP000683,17,2026-07-23,2026-07-23,1,1,0.1049,0.1049,0,1,0,0,,0,Dragon1->out
商业航天,EP000648,16,2026-07-10,2026-07-13,Dragon2,001208.SZ,华菱线缆,EP000683,17,2026-07-23,2026-07-23,1,1,10.0243,10.0243,0,1,0,0,,0,Dragon2->out
商业航天,EP000648,16,2026-07-10,2026-07-13,Dragon3,002342.SZ,巨力索具,EP000683,17,2026-07-23,2026-07-23,1,1,3.8352,3.8352,0,1,0,0,,0,Dragon3->out
商业航天,EP000683,17,2026-07-23,2026-07-23,Dragon1,600990.SH,四创电子,EP000717,18,2026-08-04,2026-08-04,1,1,0.3964,0.3964,0,1,0,0,,0,Dragon1->out
商业航天,EP000683,17,2026-07-23,2026-07-23,Dragon2,600343.SH,航天动力,EP000717,18,2026-08-04,2026-08-04,1,1,3.2115,3.2115,0,1,0,0,,0,Dragon2->out
商业航天,EP000683,17,2026-07-23,2026-07-23,Dragon3,603680.SH,今创集团,EP000717,18,2026-08-04,2026-08-04,1,1,-2.4201,0,-2.4201,1,0,0,,0,Dragon3->out
商业航天,EP000717,18,2026-08-04,2026-08-04,Dragon1,002792.SZ,通宇通讯,EP000761,19,2026-08-19,2026-08-19,1,1,-9.9943,0,-9.9943,1,0,0,,0,Dragon1->out
商业航天,EP000717,18,2026-08-04,2026-08-04,Dragon2,002361.SZ,神剑股份,EP000761,19,2026-08-19,2026-08-19,1,1,-7.0132,0,-7.0132,1,0,0,,0,Dragon2->out
国有企业,EP000207,1,2026-01-08,2026-01-08,Dragon1,600135.SH,乐凯胶片,EP000427,2,2026-04-10,2026-04-10,1,1,-2.0875,0,-2.0875,1,0,0,,0,Dragon1->out
国有企业,EP000207,1,2026-01-08,2026-01-08,Dragon2,600629.SH,华建集团,EP000427,2,2026-04-10,2026-04-10,1,1,0.0902,0.0902,0,1,0,0,,0,Dragon2->out
国有企业,EP000427,2,2026-04-10,2026-04-10,Dragon1,600743.SH,华远控股,EP000438,3,2026-04-15,2026-04-15,1,1,-9.9688,0,-9.9688,1,0,0,,0,Dragon1->out
国有企业,EP000427,2,2026-04-10,2026-04-10,Dragon2,000402.SZ,金融街,EP000438,3,2026-04-15,2026-04-15,1,1,-5.8824,0,-5.8824,1,0,0,,0,Dragon2->out
地产链,EP000045,1,2025-11-11,2025-11-11,Dragon1,000632.SZ,三木集团,EP000060,2,2025-11-14,2025-11-17,1,2,21.0235138965,21.0235138965,0,1,0,0,,0,Dragon1->out
地产链,EP000045,1,2025-11-11,2025-11-11,Dragon2,000069.SZ,华侨城Ａ,EP000060,2,2025-11-14,2025-11-17,1,2,0.7092356402,0.7092356402,-1.0638,1,0,0,,0,Dragon2->out
地产链,EP000045,1,2025-11-11,2025-11-11,Dragon3,600094.SH,大名城,EP000060,2,2025-11-14,2025-11-17,1,2,-11.6959578481,0,-11.6959578481,1,0,0,,0,Dragon3->out
地产链,EP000060,2,2025-11-14,2025-11-17,Dragon1,600340.SH,华夏幸福,EP000079,3,2025-11-20,2025-11-25,1,4,-27.325612145047,0,-27.325612145047,1,0,0,,0,Dragon1->out
地产链,EP000060,2,2025-11-14,2025-11-17,Dragon2,002146.SZ,荣盛发展,EP000079,3,2025-11-20,2025-11-25,1,4,-4.624246104885,0,-6.3583949881,1,0,0,,0,Dragon2->out
地产链,EP000079,3,2025-11-20,2025-11-25,Dragon1,603216.SH,梦天家居,EP000097,4,2025-11-27,2025-12-05,1,7,29.843844924613,42.085242619027,-15.3000506965,1,0,0,,0,Dragon1->out
地产链,EP000079,3,2025-11-20,2025-11-25,Dragon2,000838.SZ,财信发展,EP000097,4,2025-11-27,2025-12-05,1,7,10.495673258958,14.285730954605,-3.3163,1,0,0,,0,Dragon2->out
地产链,EP000097,4,2025-11-27,2025-12-05,Dragon1,002856.SZ,美芝股份,EP000130,5,2025-12-10,2025-12-11,1,2,-8.0582410868,0,-8.0582410868,1,0,0,,0,Dragon1->out
地产链,EP000097,4,2025-11-27,2025-12-05,Dragon2,600657.SH,信达地产,EP000130,5,2025-12-10,2025-12-11,1,2,-1.1111063964,2.7778,-3.7838,1,0,0,,0,Dragon2->out
地产链,EP000097,4,2025-11-27,2025-12-05,Dragon3,301043.SZ,绿岛风,EP000130,5,2025-12-10,2025-12-11,1,2,0.0333777889,0.0667,-0.0333,1,0,0,,0,Dragon3->out
地产链,EP000130,5,2025-12-10,2025-12-11,Dragon1,603709.SH,中源家居,EP000154,6,2025-12-18,2025-12-19,1,2,-0.8953590086,0,-3.0218,1,0,0,,0,Dragon1->out
地产链,EP000130,5,2025-12-10,2025-12-11,Dragon2,002133.SZ,广宇集团,EP000154,6,2025-12-18,2025-12-19,1,2,10.1587,10.1587,0,1,0,0,,0,Dragon2->out
地产链,EP000130,5,2025-12-10,2025-12-11,Dragon3,002285.SZ,世联行,EP000154,6,2025-12-18,2025-12-19,1,2,2.694609018,2.694609018,-0.2994,1,0,0,,0,Dragon3->out
地产链,EP000154,6,2025-12-18,2025-12-19,Dragon1,002188.SZ,中天服务,EP000193,7,2026-01-06,2026-01-06,1,1,-1.1041,0,-1.1041,1,0,0,,0,Dragon1->out
地产链,EP000154,6,2025-12-18,2025-12-19,Dragon2,603221.SH,爱丽家居,EP000193,7,2026-01-06,2026-01-06,1,1,-1.0409,0,-1.0409,1,0,0,,0,Dragon2->out
地产链,EP000154,6,2025-12-18,2025-12-19,Dragon3,000797.SZ,中国武夷,EP000193,7,2026-01-06,2026-01-06,1,1,0.5208,0.5208,0,1,0,0,,0,Dragon3->out
地产链,EP000193,7,2026-01-06,2026-01-06,Dragon1,002774.SZ,快意电梯,EP000208,8,2026-01-08,2026-01-08,1,1,10.0405,10.0405,0,1,1,1,Dragon1,1,Dragon1->Dragon1
地产链,EP000193,7,2026-01-06,2026-01-06,Dragon2,600620.SH,天宸股份,EP000208,8,2026-01-08,2026-01-08,1,1,1.9663,1.9663,0,1,0,0,,0,Dragon2->out
地产链,EP000208,8,2026-01-08,2026-01-08,Dragon1,002774.SZ,快意电梯,EP000225,9,2026-01-16,2026-01-20,1,3,0.986479870066,1.4349236676,-0.4421,1,0,0,,0,Dragon1->out
地产链,EP000208,8,2026-01-08,2026-01-08,Dragon2,603488.SH,展鹏科技,EP000225,9,2026-01-16,2026-01-20,1,3,-11.541900350484,0,-11.541900350484,1,0,0,,0,Dragon2->out
地产链,EP000225,9,2026-01-16,2026-01-20,Dragon1,002830.SZ,名雕股份,EP000256,10,2026-01-29,2026-01-29,1,1,1.0516,1.0516,0,1,0,0,,0,Dragon1->out
地产链,EP000225,9,2026-01-16,2026-01-20,Dragon2,600234.SH,科新发展,EP000256,10,2026-01-29,2026-01-29,1,1,-2.9577,0,-2.9577,1,0,0,,0,Dragon2->out
地产链,EP000225,9,2026-01-16,2026-01-20,Dragon3,603038.SH,华立股份,EP000256,10,2026-01-29,2026-01-29,1,1,0.2292,0.2292,0,1,0,0,,0,Dragon3->out
地产链,EP000256,10,2026-01-29,2026-01-29,Dragon1,000031.SZ,大悦城,EP000269,11,2026-02-04,2026-02-04,1,1,2.439,2.439,0,1,0,0,,0,Dragon1->out
地产链,EP000256,10,2026-01-29,2026-01-29,Dragon2,000863.SZ,三湘印象,EP000269,11,2026-02-04,2026-02-04,1,1,0.3221,0.3221,0,1,0,0,,0,Dragon2->out
地产链,EP000256,10,2026-01-29,2026-01-29,Dragon3,000029.SZ,深深房Ａ,EP000269,11,2026-02-04,2026-02-04,1,1,-0.0875,0,-0.0875,1,0,0,,0,Dragon3->out
地产链,EP000269,11,2026-02-04,2026-02-04,Dragon1,002830.SZ,名雕股份,EP000338,12,2026-03-10,2026-03-10,1,1,2.1304,2.1304,0,1,0,0,,0,Dragon1->out
地产链,EP000269,11,2026-02-04,2026-02-04,Dragon2,600683.SH,京投发展,EP000338,12,2026-03-10,2026-03-10,1,1,1.9553,1.9553,0,1,0,0,,0,Dragon2->out
地产链,EP000269,11,2026-02-04,2026-02-04,Dragon3,000838.SZ,财信发展,EP000338,12,2026-03-10,2026-03-10,1,1,1.1811,1.1811,0,1,0,0,,0,Dragon3->out
地产链,EP000338,12,2026-03-10,2026-03-10,Dragon1,605268.SH,王力安防,EP000355,13,2026-03-17,2026-03-17,1,1,-3.6923,0,-3.6923,1,0,0,,0,Dragon1->out
地产链,EP000338,12,2026-03-10,2026-03-10,Dragon2,605318.SH,法狮龙,EP000355,13,2026-03-17,2026-03-17,1,1,-3.5106,0,-3.5106,1,0,0,,0,Dragon2->out
地产链,EP000355,13,2026-03-17,2026-03-17,Dragon1,600683.SH,京投发展,EP000363,14,2026-03-20,2026-03-20,1,1,10.0304,10.0304,0,1,1,0,Dragon2,0,Dragon1->Dragon2
地产链,EP000355,13,2026-03-17,2026-03-17,Dragon2,000020.SZ,深华发Ａ,EP000363,14,2026-03-20,2026-03-20,1,1,9.9953,9.9953,0,1,1,0,Dragon1,1,Dragon2->Dragon1
地产链,EP000355,13,2026-03-17,2026-03-17,Dragon3,000042.SZ,中洲控股,EP000363,14,2026-03-20,2026-03-20,1,1,-2.0833,0,-2.0833,1,0,0,,0,Dragon3->out
地产链,EP000363,14,2026-03-20,2026-03-20,Dragon1,000020.SZ,深华发Ａ,EP000370,15,2026-03-24,2026-03-24,1,1,-9.7619,0,-9.7619,1,0,0,,0,Dragon1->out
地产链,EP000363,14,2026-03-20,2026-03-20,Dragon2,600683.SH,京投发展,EP000370,15,2026-03-24,2026-03-24,1,1,3.2258,3.2258,0,1,0,0,,0,Dragon2->out
地产链,EP000363,14,2026-03-20,2026-03-20,Dragon3,600604.SH,市北高新,EP000370,15,2026-03-24,2026-03-24,1,1,5.1923,5.1923,0,1,0,0,,0,Dragon3->out
地产链,EP000370,15,2026-03-24,2026-03-24,Dragon1,600539.SH,狮头股份,EP000382,16,2026-03-27,2026-03-27,1,1,9.9845,9.9845,0,1,1,1,Dragon1,1,Dragon1->Dragon1
地产链,EP000370,15,2026-03-24,2026-03-24,Dragon2,600234.SH,科新发展,EP000382,16,2026-03-27,2026-03-27,1,1,1.992,1.992,0,1,0,0,,0,Dragon2->out
地产链,EP000370,15,2026-03-24,2026-03-24,Dragon3,600510.SH,黑牡丹,EP000382,16,2026-03-27,2026-03-27,1,1,0.2381,0.2381,0,1,0,0,,0,Dragon3->out
地产链,EP000382,16,2026-03-27,2026-03-27,Dragon1,600539.SH,狮头股份,EP000418,17,2026-04-08,2026-04-08,1,1,2.7837,2.7837,0,1,0,0,,0,Dragon1->out
地产链,EP000382,16,2026-03-27,2026-03-27,Dragon2,600748.SH,上实发展,EP000418,17,2026-04-08,2026-04-08,1,1,5.8947,5.8947,0,1,0,0,,0,Dragon2->out
地产链,EP000418,17,2026-04-08,2026-04-08,Dragon1,600743.SH,华远控股,EP000448,18,2026-04-17,2026-04-17,1,1,1.5094,1.5094,0,1,0,0,,0,Dragon1->out
地产链,EP000418,17,2026-04-08,2026-04-08,Dragon2,002188.SZ,中天服务,EP000448,18,2026-04-17,2026-04-17,1,1,-0.4594,0,-0.4594,1,0,0,,0,Dragon2->out
地产链,EP000448,18,2026-04-17,2026-04-17,Dragon1,600683.SH,京投发展,EP000457,19,2026-04-22,2026-04-22,1,1,10.0418,10.0418,0,1,1,1,Dragon1,1,Dragon1->Dragon1
地产链,EP000448,18,2026-04-17,2026-04-17,Dragon2,002081.SZ,金螳螂,EP000457,19,2026-04-22,2026-04-22,1,1,10.0223,10.0223,0,1,0,0,,0,Dragon2->out
地产链,EP000448,18,2026-04-17,2026-04-17,Dragon3,600234.SH,科新发展,EP000457,19,2026-04-22,2026-04-22,1,1,10.0226,10.0226,0,1,0,0,,0,Dragon3->out
地产链,EP000457,19,2026-04-22,2026-04-22,Dragon1,600683.SH,京投发展,EP000475,20,2026-04-30,2026-04-30,1,1,5.7622,5.7622,0,1,0,0,,0,Dragon1->out
地产链,EP000457,19,2026-04-22,2026-04-22,Dragon2,605365.SH,立达信,EP000475,20,2026-04-30,2026-04-30,1,1,0.204,0.204,0,1,0,0,,0,Dragon2->out
地产链,EP000475,20,2026-04-30,2026-04-30,Dragon1,000402.SZ,金融街,EP000485,21,2026-05-08,2026-05-12,1,3,-3.283583607714,0,-3.283583607714,1,0,0,,0,Dragon1->out
地产链,EP000475,20,2026-04-30,2026-04-30,Dragon2,601588.SH,北辰实业,EP000485,21,2026-05-08,2026-05-12,1,3,4.9751790272,4.9751790272,0,1,0,0,,0,Dragon2->out
地产链,EP000475,20,2026-04-30,2026-04-30,Dragon3,000007.SZ,全新好,EP000485,21,2026-05-08,2026-05-12,1,3,-12.74972766085,1.1163,-13.71295,1,0,0,,0,Dragon3->out
地产链,EP000485,21,2026-05-08,2026-05-12,Dragon1,600683.SH,京投发展,EP000522,22,2026-05-25,2026-06-01,1,6,-9.586537079324,6.516287258,-15.117710870189,1,0,0,,0,Dragon1->out
地产链,EP000485,21,2026-05-08,2026-05-12,Dragon2,600724.SH,宁波富达,EP000522,22,2026-05-25,2026-06-01,1,6,-6.775054432668,0,-6.775054432668,1,0,0,,0,Dragon2->out
地产链,EP000485,21,2026-05-08,2026-05-12,Dragon3,600748.SH,上实发展,EP000522,22,2026-05-25,2026-06-01,1,6,-8.249390915226,1.4085,-9.523748911803,1,0,0,,0,Dragon3->out
地产链,EP000522,22,2026-05-25,2026-06-01,Dragon1,000926.SZ,福星股份,EP000551,23,2026-06-08,2026-06-12,1,5,-4.824552756639,0,-5.2631397952,1,0,0,,0,Dragon1->out
地产链,EP000522,22,2026-05-25,2026-06-01,Dragon2,600162.SH,香江控股,EP000551,23,2026-06-08,2026-06-12,1,5,0.872017560742,7.5581,-14.864873953755,1,0,0,,0,Dragon2->out
地产链,EP000551,23,2026-06-08,2026-06-12,Dragon1,000517.SZ,荣安地产,EP000578,24,2026-06-16,2026-06-16,1,1,2.0619,2.0619,0,1,0,0,,0,Dragon1->out
地产链,EP000551,23,2026-06-08,2026-06-12,Dragon2,601588.SH,北辰实业,EP000578,24,2026-06-16,2026-06-16,1,1,-1.5957,0,-1.5957,1,0,0,,0,Dragon2->out
地产链,EP000578,24,2026-06-16,2026-06-16,Dragon1,000736.SZ,中交发展,EP000590,25,2026-06-22,2026-06-23,1,2,-0.7388909686,0,-3.6946,1,0,0,,0,Dragon1->out
地产链,EP000578,24,2026-06-16,2026-06-16,Dragon2,000029.SZ,深深房Ａ,EP000590,25,2026-06-22,2026-06-23,1,2,-0.6158222316,0.0342,-0.6498,1,0,0,,0,Dragon2->out
地产链,EP000578,24,2026-06-16,2026-06-16,Dragon3,300931.SZ,通用电梯,EP000590,25,2026-06-22,2026-06-23,1,2,-1.8461489047,0,-1.8461489047,1,0,0,,0,Dragon3->out
地产链,EP000590,25,2026-06-22,2026-06-23,Dragon1,600162.SH,香江控股,EP000625,26,2026-07-01,2026-07-01,1,1,-3.5714,0,-3.5714,1,0,0,,0,Dragon1->out
地产链,EP000590,25,2026-06-22,2026-06-23,Dragon2,002367.SZ,康力电梯,EP000625,26,2026-07-01,2026-07-01,1,1,2.1708,2.1708,0,1,0,0,,0,Dragon2->out
地产链,EP000590,25,2026-06-22,2026-06-23,Dragon3,600791.SH,京能置业,EP000625,26,2026-07-01,2026-07-01,1,1,-4.4622,0,-4.4622,1,0,0,,0,Dragon3->out
地产链,EP000625,26,2026-07-01,2026-07-01,Dragon1,600724.SH,宁波富达,EP000703,27,2026-07-29,2026-07-29,1,1,2.2774,2.2774,0,1,0,0,,0,Dragon1->out
地产链,EP000625,26,2026-07-01,2026-07-01,Dragon2,603682.SH,锦和商管,EP000703,27,2026-07-29,2026-07-29,1,1,-0.6977,0,-0.6977,1,0,0,,0,Dragon2->out
地产链,EP000625,26,2026-07-01,2026-07-01,Dragon3,600665.SH,天地源,EP000703,27,2026-07-29,2026-07-29,1,1,3.2727,3.2727,0,1,0,0,,0,Dragon3->out
地产链,EP000703,27,2026-07-29,2026-07-29,Dragon1,000668.SZ,荣丰控股,EP000742,28,2026-08-12,2026-08-13,1,2,12.9047075644,12.9047075644,0,1,0,0,,0,Dragon1->out
地产链,EP000703,27,2026-07-29,2026-07-29,Dragon2,000736.SZ,中交发展,EP000742,28,2026-08-12,2026-08-13,1,2,2.66663,10,-6.6667,1,0,0,,0,Dragon2->out
地产链,EP000703,27,2026-07-29,2026-07-29,Dragon3,603801.SH,志邦家居,EP000742,28,2026-08-12,2026-08-13,1,2,-0.16865514,1.855,-1.9868,1,0,0,,0,Dragon3->out
地产链,EP000742,28,2026-08-12,2026-08-13,Dragon1,601886.SH,江河集团,EP000762,29,2026-08-19,2026-08-20,1,2,1.0211349284,1.0211349284,-0.0786,1,0,0,,0,Dragon1->out
地产链,EP000742,28,2026-08-12,2026-08-13,Dragon2,600162.SH,香江控股,EP000762,29,2026-08-19,2026-08-20,1,2,-2.558178352,0,-5.814,1,0,0,,0,Dragon2->out
地产链,EP000742,28,2026-08-12,2026-08-13,Dragon3,002081.SZ,金螳螂,EP000762,29,2026-08-19,2026-08-20,1,2,-11.4831672554,0,-11.4831672554,1,0,0,,0,Dragon3->out
地产链,EP000762,29,2026-08-19,2026-08-20,Dragon1,000020.SZ,深华发Ａ,EP000790,30,2026-08-31,2026-08-31,1,1,-3.0581,0,-3.0581,1,0,0,,0,Dragon1->out
地产链,EP000762,29,2026-08-19,2026-08-20,Dragon2,603506.SH,南都物业,EP000790,30,2026-08-31,2026-08-31,1,1,-1.8057,0,-1.8057,1,0,0,,0,Dragon2->out
地产链,EP000762,29,2026-08-19,2026-08-20,Dragon3,603801.SH,志邦家居,EP000790,30,2026-08-31,2026-08-31,1,1,0.9202,0.9202,0,1,0,0,,0,Dragon3->out
基础建设,EP000087,1,2025-11-24,2025-11-24,Dragon1,603280.SH,南方路机,EP000103,2,2025-11-28,2025-11-28,1,1,0.9048,0.9048,0,1,0,0,,0,Dragon1->out
基础建设,EP000087,1,2025-11-24,2025-11-24,Dragon2,002307.SZ,北新路桥,EP000103,2,2025-11-28,2025-11-28,1,1,9.9437,9.9437,0,1,1,1,Dragon2,0,Dragon2->Dragon2
基础建设,EP000103,2,2025-11-28,2025-11-28,Dragon1,603815.SH,交建股份,EP000188,3,2026-01-05,2026-01-05,1,1,1.7473,1.7473,0,1,0,0,,0,Dragon1->out
基础建设,EP000103,2,2025-11-28,2025-11-28,Dragon2,002307.SZ,北新路桥,EP000188,3,2026-01-05,2026-01-05,1,1,-2.1782,0,-2.1782,1,0,0,,0,Dragon2->out
基础建设,EP000103,2,2025-11-28,2025-11-28,Dragon3,600939.SH,重庆建工,EP000188,3,2026-01-05,2026-01-05,1,1,0.9464,0.9464,0,1,0,0,,0,Dragon3->out
基础建设,EP000188,3,2026-01-05,2026-01-05,Dragon1,605287.SH,德才股份,EP000377,4,2026-03-25,2026-03-25,1,1,3.1102,3.1102,0,1,0,0,,0,Dragon1->out
基础建设,EP000188,3,2026-01-05,2026-01-05,Dragon2,300599.SZ,雄塑科技,EP000377,4,2026-03-25,2026-03-25,1,1,-0.216,0,-0.216,1,0,0,,0,Dragon2->out
基础建设,EP000188,3,2026-01-05,2026-01-05,Dragon3,600491.SH,龙元建设,EP000377,4,2026-03-25,2026-03-25,1,1,4.1667,4.1667,0,1,0,0,,0,Dragon3->out
基础建设,EP000377,4,2026-03-25,2026-03-25,Dragon1,600815.SH,厦工股份,EP000392,5,2026-03-31,2026-03-31,1,1,-6.1033,0,-6.1033,1,0,0,,0,Dragon1->out
基础建设,EP000377,4,2026-03-25,2026-03-25,Dragon2,000927.SZ,中国铁物,EP000392,5,2026-03-31,2026-03-31,1,1,9.8684,9.8684,0,1,0,0,,0,Dragon2->out
基础建设,EP000377,4,2026-03-25,2026-03-25,Dragon3,002761.SZ,浙江建投,EP000392,5,2026-03-31,2026-03-31,1,1,4.896,4.896,0,1,0,0,,0,Dragon3->out
基础建设,EP000392,5,2026-03-31,2026-03-31,Dragon1,600502.SH,安徽建工,EP000419,6,2026-04-08,2026-04-08,1,1,2.7881,2.7881,0,1,0,0,,0,Dragon1->out
基础建设,EP000392,5,2026-03-31,2026-03-31,Dragon2,002542.SZ,中化岩土,EP000419,6,2026-04-08,2026-04-08,1,1,3.4483,3.4483,0,1,0,0,,0,Dragon2->out
基础建设,EP000392,5,2026-03-31,2026-03-31,Dragon3,001239.SZ,永达股份,EP000419,6,2026-04-08,2026-04-08,1,1,2.6035,2.6035,0,1,0,0,,0,Dragon3->out
基础建设,EP000419,6,2026-04-08,2026-04-08,Dragon1,002051.SZ,中工国际,EP000439,7,2026-04-15,2026-04-15,1,1,9.9815,9.9815,0,1,1,1,Dragon1,1,Dragon1->Dragon1
基础建设,EP000419,6,2026-04-08,2026-04-08,Dragon2,600984.SH,建设机械,EP000439,7,2026-04-15,2026-04-15,1,1,-2.3202,0,-2.3202,1,0,0,,0,Dragon2->out
基础建设,EP000419,6,2026-04-08,2026-04-08,Dragon3,600815.SH,厦工股份,EP000439,7,2026-04-15,2026-04-15,1,1,-1.6787,0,-1.6787,1,0,0,,0,Dragon3->out
基础建设,EP000439,7,2026-04-15,2026-04-15,Dragon1,002051.SZ,中工国际,EP000566,8,2026-06-12,2026-06-15,1,2,-0.6837528244,0,-9.7436,1,0,0,,0,Dragon1->out
基础建设,EP000439,7,2026-04-15,2026-04-15,Dragon2,603815.SH,交建股份,EP000566,8,2026-06-12,2026-06-15,1,2,12.8623358042,12.8623358042,0,1,1,0,Dragon3,0,Dragon2->Dragon3
基础建设,EP000566,8,2026-06-12,2026-06-15,Dragon1,002457.SZ,青龙管业,EP000631,9,2026-07-02,2026-07-06,1,3,9.579358222827,9.579358222827,-0.6231,1,0,0,,0,Dragon1->out
基础建设,EP000566,8,2026-06-12,2026-06-15,Dragon2,000151.SZ,中成股份,EP000631,9,2026-07-02,2026-07-06,1,3,-5.342160329115,0,-5.342160329115,1,0,0,,0,Dragon2->out
基础建设,EP000566,8,2026-06-12,2026-06-15,Dragon3,603815.SH,交建股份,EP000631,9,2026-07-02,2026-07-06,1,3,14.419508295461,14.419508295461,0,1,0,0,,0,Dragon3->out
基础建设,EP000631,9,2026-07-02,2026-07-06,Dragon1,603273.SH,天元智能,EP000653,10,2026-07-14,2026-07-14,1,1,3.1298,3.1298,0,1,0,0,,0,Dragon1->out
基础建设,EP000631,9,2026-07-02,2026-07-06,Dragon2,600815.SH,厦工股份,EP000653,10,2026-07-14,2026-07-14,1,1,2.8807,2.8807,0,1,0,0,,0,Dragon2->out
基础建设,EP000631,9,2026-07-02,2026-07-06,Dragon3,300163.SZ,先锋新材,EP000653,10,2026-07-14,2026-07-14,1,1,-1.2111,0,-1.2111,1,0,0,,0,Dragon3->out
基础建设,EP000653,10,2026-07-14,2026-07-14,Dragon1,003001.SZ,中岩大地,EP000732,11,2026-08-10,2026-08-10,1,1,-0.0502,0,-0.0502,1,0,0,,0,Dragon1->out
基础建设,EP000653,10,2026-07-14,2026-07-14,Dragon2,001226.SZ,拓山重工,EP000732,11,2026-08-10,2026-08-10,1,1,0.6492,0.6492,0,1,0,0,,0,Dragon2->out
基础建设,EP000732,11,2026-08-10,2026-08-10,Dragon1,600326.SH,西藏天路,EP000776,12,2026-08-25,2026-08-25,1,1,0.7052,0.7052,0,1,0,0,,0,Dragon1->out
基础建设,EP000732,11,2026-08-10,2026-08-10,Dragon2,002783.SZ,凯龙股份,EP000776,12,2026-08-25,2026-08-25,1,1,2.3166,2.3166,0,1,0,0,,0,Dragon2->out
基础建设,EP000732,11,2026-08-10,2026-08-10,Dragon3,600815.SH,厦工股份,EP000776,12,2026-08-25,2026-08-25,1,1,1.0363,1.0363,0,1,0,0,,0,Dragon3->out
天然气,EP000051,1,2025-11-12,2025-11-12,Dragon1,000407.SZ,胜利股份,EP000061,2,2025-11-14,2025-11-14,1,1,9.9206,9.9206,0,1,1,1,Dragon1,1,Dragon1->Dragon1
天然气,EP000051,1,2025-11-12,2025-11-12,Dragon2,600681.SH,百川能源,EP000061,2,2025-11-14,2025-11-14,1,1,2.6465,2.6465,0,1,0,0,,0,Dragon2->out
天然气,EP000051,1,2025-11-12,2025-11-12,Dragon3,002207.SZ,准油股份,EP000061,2,2025-11-14,2025-11-14,1,1,3.7628,3.7628,0,1,0,0,,0,Dragon3->out
天然气,EP000061,2,2025-11-14,2025-11-14,Dragon1,000407.SZ,胜利股份,EP000238,3,2026-01-22,2026-01-22,1,1,9.9174,9.9174,0,1,1,0,Dragon3,0,Dragon1->Dragon3
天然气,EP000061,2,2025-11-14,2025-11-14,Dragon2,600333.SH,长春燃气,EP000238,3,2026-01-22,2026-01-22,1,1,1.7296,1.7296,0,1,0,0,,0,Dragon2->out
天然气,EP000061,2,2025-11-14,2025-11-14,Dragon3,600617.SH,国新能源,EP000238,3,2026-01-22,2026-01-22,1,1,3.4056,3.4056,0,1,0,0,,0,Dragon3->out
天然气,EP000238,3,2026-01-22,2026-01-22,Dragon1,600759.SH,洲际油气,EP000243,4,2026-01-26,2026-01-26,1,1,10,10,0,1,1,1,Dragon1,1,Dragon1->Dragon1
天然气,EP000238,3,2026-01-22,2026-01-22,Dragon2,000968.SZ,蓝焰控股,EP000243,4,2026-01-26,2026-01-26,1,1,5.283,5.283,0,1,0,0,,0,Dragon2->out
天然气,EP000238,3,2026-01-22,2026-01-22,Dragon3,000407.SZ,胜利股份,EP000243,4,2026-01-26,2026-01-26,1,1,2.6168,2.6168,0,1,0,0,,0,Dragon3->out
天然气,EP000243,4,2026-01-26,2026-01-26,Dragon1,600759.SH,洲际油气,EP000317,5,2026-03-02,2026-03-03,1,2,20.9340070679,20.9340070679,0,1,0,0,,0,Dragon1->out
天然气,EP000243,4,2026-01-26,2026-01-26,Dragon2,000593.SZ,德龙汇能,EP000317,5,2026-03-02,2026-03-03,1,2,5.5908210016,5.5908210016,-1.5248,1,0,0,,0,Dragon2->out
天然气,EP000243,4,2026-01-26,2026-01-26,Dragon3,002259.SZ,升达林业,EP000317,5,2026-03-02,2026-03-03,1,2,-1.0309301908,0,-1.0309301908,1,0,0,,0,Dragon3->out
天然气,EP000317,5,2026-03-02,2026-03-03,Dragon1,603318.SH,水发燃气,EP000361,6,2026-03-19,2026-03-19,1,1,2.7947,2.7947,0,1,0,0,,0,Dragon1->out
天然气,EP000317,5,2026-03-02,2026-03-03,Dragon2,000968.SZ,蓝焰控股,EP000361,6,2026-03-19,2026-03-19,1,1,9.9776,9.9776,0,1,1,1,Dragon2,0,Dragon2->Dragon2
天然气,EP000317,5,2026-03-02,2026-03-03,Dragon3,603393.SH,新天然气,EP000361,6,2026-03-19,2026-03-19,1,1,6.1519,6.1519,0,1,0,0,,0,Dragon3->out
天然气,EP000361,6,2026-03-19,2026-03-19,Dragon1,600617.SH,国新能源,EP000432,7,2026-04-13,2026-04-13,1,1,3.9755,3.9755,0,1,0,0,,0,Dragon1->out
天然气,EP000361,6,2026-03-19,2026-03-19,Dragon2,000968.SZ,蓝焰控股,EP000432,7,2026-04-13,2026-04-13,1,1,10.0541,10.0541,0,1,1,1,Dragon2,0,Dragon2->Dragon2
天然气,EP000361,6,2026-03-19,2026-03-19,Dragon3,300332.SZ,天壕能源,EP000432,7,2026-04-13,2026-04-13,1,1,4.0747,4.0747,0,1,0,0,,0,Dragon3->out
存储,EP000108,1,2025-12-01,2025-12-01,Dragon1,603933.SH,睿能科技,EP000360,2,2026-03-18,2026-03-18,1,1,2.3865,2.3865,0,1,0,0,,0,Dragon1->out
存储,EP000108,1,2025-12-01,2025-12-01,Dragon2,300223.SZ,北京君正,EP000360,2,2026-03-18,2026-03-18,1,1,5.0418,5.0418,0,1,0,0,,0,Dragon2->out
存储,EP000108,1,2025-12-01,2025-12-01,Dragon3,600246.SH,万通发展,EP000360,2,2026-03-18,2026-03-18,1,1,1.6098,1.6098,0,1,0,0,,0,Dragon3->out
实控人变更,EP000017,1,2025-11-04,2025-11-05,Dragon1,000593.SZ,德龙汇能,EP000046,2,2025-11-11,2025-11-11,1,1,4.4177,4.4177,0,1,1,0,Dragon3,0,Dragon1->Dragon3
实控人变更,EP000017,1,2025-11-04,2025-11-05,Dragon2,600302.SH,标准股份,EP000046,2,2025-11-11,2025-11-11,1,1,-5.6437,0,-5.6437,1,0,0,,0,Dragon2->out
实控人变更,EP000046,2,2025-11-11,2025-11-11,Dragon1,002387.SZ,维信诺,EP000073,3,2025-11-18,2025-11-18,1,1,0.7407,0.7407,0,1,0,0,,0,Dragon1->out
实控人变更,EP000046,2,2025-11-11,2025-11-11,Dragon2,300959.SZ,线上线下,EP000073,3,2025-11-18,2025-11-18,1,1,2.9016,2.9016,0,1,0,0,,0,Dragon2->out
实控人变更,EP000046,2,2025-11-11,2025-11-11,Dragon3,000593.SZ,德龙汇能,EP000073,3,2025-11-18,2025-11-18,1,1,7.9477,7.9477,0,1,0,0,,0,Dragon3->out
实控人变更,EP000073,3,2025-11-18,2025-11-18,Dragon1,003041.SZ,真爱美家,EP000093,4,2025-11-26,2025-11-26,1,1,-1.3703,0,-1.3703,1,0,0,,0,Dragon1->out
实控人变更,EP000073,3,2025-11-18,2025-11-18,Dragon2,300078.SZ,思创医惠,EP000093,4,2025-11-26,2025-11-26,1,1,0.823,0.823,0,1,0,0,,0,Dragon2->out
实控人变更,EP000093,4,2025-11-26,2025-11-26,Dragon1,603155.SH,新亚强,EP000113,5,2025-12-02,2025-12-03,1,2,-3.616398391,0,-3.616398391,1,0,0,,0,Dragon1->out
实控人变更,EP000093,4,2025-11-26,2025-11-26,Dragon2,002397.SZ,梦洁股份,EP000113,5,2025-12-02,2025-12-03,1,2,-2.2883242414,0,-2.2883242414,1,0,0,,0,Dragon2->out
实控人变更,EP000113,5,2025-12-02,2025-12-03,Dragon1,002348.SZ,高乐股份,EP000124,6,2025-12-09,2025-12-09,1,1,-6.0561,0,-6.0561,1,0,0,,0,Dragon1->out
实控人变更,EP000113,5,2025-12-02,2025-12-03,Dragon2,000593.SZ,德龙汇能,EP000124,6,2025-12-09,2025-12-09,1,1,-3.9516,0,-3.9516,1,0,0,,0,Dragon2->out
实控人变更,EP000113,5,2025-12-02,2025-12-03,Dragon3,001212.SZ,中旗新材,EP000124,6,2025-12-09,2025-12-09,1,1,-1.851,0,-1.851,1,0,0,,0,Dragon3->out
实控人变更,EP000124,6,2025-12-09,2025-12-09,Dragon1,002235.SZ,安妮股份,EP000143,7,2025-12-16,2025-12-18,1,3,-19.2307482172,0,-19.2307482172,1,0,0,,0,Dragon1->out
实控人变更,EP000124,6,2025-12-09,2025-12-09,Dragon2,000953.SZ,河化股份,EP000143,7,2025-12-16,2025-12-18,1,3,-5.183348658711,0,-5.183348658711,1,0,0,,0,Dragon2->out
实控人变更,EP000124,6,2025-12-09,2025-12-09,Dragon3,300959.SZ,线上线下,EP000143,7,2025-12-16,2025-12-18,1,3,-4.55147547847,2.6248769144,-6.9928,1,0,0,,0,Dragon3->out
实控人变更,EP000143,7,2025-12-16,2025-12-18,Dragon1,001331.SZ,胜通能源,EP000160,8,2025-12-22,2025-12-31,1,6,77.161409664997,77.161409664997,0,1,1,1,Dragon1,1,Dragon1->Dragon1
实控人变更,EP000143,7,2025-12-16,2025-12-18,Dragon2,002853.SZ,皮阿诺,EP000160,8,2025-12-22,2025-12-31,1,8,-6.844574190721,8.0444,-16.330714920999,1,0,0,,0,Dragon2->out
实控人变更,EP000160,8,2025-12-22,2025-12-31,Dragon1,001331.SZ,胜通能源,EP000212,9,2026-01-12,2026-01-15,1,4,-10.452635235311,6.370604033,-15.8156846257,1,0,0,,0,Dragon1->out
实控人变更,EP000160,8,2025-12-22,2025-12-31,Dragon2,002969.SZ,嘉美包装,EP000212,9,2026-01-12,2026-01-15,1,4,15.328473318566,28.135344756265,-9.9948,1,1,0,Dragon1,1,Dragon2->Dragon1
实控人变更,EP000160,8,2025-12-22,2025-12-31,Dragon3,002175.SZ,东方智造,EP000212,9,2026-01-12,2026-01-15,1,4,-3.063453945449,2.407,-5.341875013865,1,0,0,,0,Dragon3->out
实控人变更,EP000212,9,2026-01-12,2026-01-15,Dragon1,002969.SZ,嘉美包装,EP000229,10,2026-01-19,2026-01-23,1,5,48.145765035768,48.145765035768,0,1,1,0,Dragon2,0,Dragon1->Dragon2
实控人变更,EP000212,9,2026-01-12,2026-01-15,Dragon2,002718.SZ,友邦吊顶,EP000229,10,2026-01-19,2026-01-23,1,5,21.339656171731,21.339656171731,-0.6625,1,1,0,Dragon3,0,Dragon2->Dragon3
实控人变更,EP000212,9,2026-01-12,2026-01-15,Dragon3,003041.SZ,真爱美家,EP000229,10,2026-01-19,2026-01-23,1,5,6.49832991744,6.49832991744,-4.9663000605,1,0,0,,0,Dragon3->out
实控人变更,EP000229,10,2026-01-19,2026-01-23,Dragon1,600302.SH,标准股份,EP000286,11,2026-02-09,2026-02-10,1,2,-3.7527818644,0,-3.7527818644,1,0,0,,0,Dragon1->out
实控人变更,EP000229,10,2026-01-19,2026-01-23,Dragon2,002969.SZ,嘉美包装,EP000286,11,2026-02-09,2026-02-10,1,2,17.0450660651,17.0450660651,0,1,0,0,,0,Dragon2->out
实控人变更,EP000229,10,2026-01-19,2026-01-23,Dragon3,002718.SZ,友邦吊顶,EP000286,11,2026-02-09,2026-02-10,1,2,-8.9646120492,0,-8.9646120492,1,0,0,,0,Dragon3->out
实控人变更,EP000286,11,2026-02-09,2026-02-10,Dragon1,603980.SH,吉华集团,EP000349,12,2026-03-13,2026-03-13,1,1,-2.6385,0,-2.6385,1,0,0,,0,Dragon1->out
实控人变更,EP000286,11,2026-02-09,2026-02-10,Dragon2,600884.SH,杉杉股份,EP000349,12,2026-03-13,2026-03-13,1,1,1.9622,1.9622,0,1,0,0,,0,Dragon2->out
实控人变更,EP000349,12,2026-03-13,2026-03-13,Dragon1,002931.SZ,锋龙股份,EP000442,13,2026-04-16,2026-04-16,1,1,2.2293,2.2293,0,1,0,0,,0,Dragon1->out
实控人变更,EP000349,12,2026-03-13,2026-03-13,Dragon2,003041.SZ,真爱美家,EP000442,13,2026-04-16,2026-04-16,1,1,10,10,0,1,1,0,Dragon1,1,Dragon2->Dragon1
实控人变更,EP000349,12,2026-03-13,2026-03-13,Dragon3,002969.SZ,嘉美包装,EP000442,13,2026-04-16,2026-04-16,1,1,-2.2592,0,-2.2592,1,0,0,,0,Dragon3->out
实控人变更,EP000442,13,2026-04-16,2026-04-16,Dragon1,003041.SZ,真爱美家,EP000492,14,2026-05-13,2026-05-13,1,1,-0.5787,0,-0.5787,1,0,0,,0,Dragon1->out
实控人变更,EP000442,13,2026-04-16,2026-04-16,Dragon2,000593.SZ,德龙汇能,EP000492,14,2026-05-13,2026-05-13,1,1,4.6903,4.6903,0,1,0,0,,0,Dragon2->out
实控人变更,EP000442,13,2026-04-16,2026-04-16,Dragon3,300736.SZ,百邦科技,EP000492,14,2026-05-13,2026-05-13,1,1,1.5905,1.5905,0,1,0,0,,0,Dragon3->out
实控人变更,EP000492,14,2026-05-13,2026-05-13,Dragon1,603779.SH,威龙股份,EP000502,15,2026-05-18,2026-05-21,1,4,46.370870848664,46.370870848664,0,1,1,1,Dragon1,1,Dragon1->Dragon1
实控人变更,EP000492,14,2026-05-13,2026-05-13,Dragon2,002777.SZ,久远银海,EP000502,15,2026-05-18,2026-05-21,1,4,-2.896786592583,3.7417294466,-6.3990797865,1,0,0,,0,Dragon2->out
实控人变更,EP000502,15,2026-05-18,2026-05-21,Dragon1,603779.SH,威龙股份,EP000654,16,2026-07-14,2026-07-14,1,1,6.8152,6.8152,0,1,0,0,,0,Dragon1->out
实控人变更,EP000502,15,2026-05-18,2026-05-21,Dragon2,603311.SH,金海高科,EP000654,16,2026-07-14,2026-07-14,1,1,-0.1061,0,-0.1061,1,0,0,,0,Dragon2->out
实控人变更,EP000654,16,2026-07-14,2026-07-14,Dragon1,603580.SH,艾艾精工,EP000699,17,2026-07-28,2026-08-06,1,8,12.085201540535,20.99769,-15.64599979075,1,1,1,Dragon1,1,Dragon1->Dragon1
实控人变更,EP000654,16,2026-07-14,2026-07-14,Dragon2,000008.SZ,神州高铁,EP000699,17,2026-07-28,2026-08-06,1,8,5.627695956295,5.627774121693,-0.8439,1,0,0,,0,Dragon2->out
实控人变更,EP000654,16,2026-07-14,2026-07-14,Dragon3,002718.SZ,友邦吊顶,EP000699,17,2026-07-28,2026-08-06,1,8,0.813646872547,0.813646872547,-10.047201819701,1,0,0,,0,Dragon3->out
实控人变更,EP000699,17,2026-07-28,2026-08-06,Dragon1,603580.SH,艾艾精工,EP000757,18,2026-08-18,2026-08-18,1,1,10,10,0,1,1,1,Dragon1,1,Dragon1->Dragon1
实控人变更,EP000699,17,2026-07-28,2026-08-06,Dragon2,002969.SZ,嘉美包装,EP000757,18,2026-08-18,2026-08-18,1,1,0.4868,0.4868,0,1,0,0,,0,Dragon2->out
实控人变更,EP000757,18,2026-08-18,2026-08-18,Dragon1,603580.SH,艾艾精工,EP000764,19,2026-08-20,2026-08-27,1,6,18.429168189535,18.8116301365,-9.8787,1,1,1,Dragon1,1,Dragon1->Dragon1
实控人变更,EP000757,18,2026-08-18,2026-08-18,Dragon2,000153.SZ,丰原药业,EP000764,19,2026-08-20,2026-08-27,1,6,-2.420649763402,0,-10.438763196609,1,0,0,,0,Dragon2->out
家电,EP000062,1,2025-11-14,2025-11-14,Dragon1,002242.SZ,九阳股份,EP000563,2,2026-06-11,2026-06-11,1,1,0.9569,0.9569,0,1,0,0,,0,Dragon1->out
家电,EP000062,1,2025-11-14,2025-11-14,Dragon2,001268.SZ,联合精密,EP000563,2,2026-06-11,2026-06-11,1,1,9.9947,9.9947,0,1,1,0,Dragon3,0,Dragon2->Dragon3
家电,EP000062,1,2025-11-14,2025-11-14,Dragon3,003023.SZ,彩虹集团,EP000563,2,2026-06-11,2026-06-11,1,1,-1.7021,0,-1.7021,1,0,0,,0,Dragon3->out
家电,EP000563,2,2026-06-11,2026-06-11,Dragon1,300894.SZ,火星人,EP000616,3,2026-06-30,2026-06-30,1,1,7.1672,7.1672,0,1,0,0,,0,Dragon1->out
家电,EP000563,2,2026-06-11,2026-06-11,Dragon2,000921.SZ,海信家电,EP000616,3,2026-06-30,2026-06-30,1,1,-2.0789,0,-2.0789,1,0,0,,0,Dragon2->out
家电,EP000563,2,2026-06-11,2026-06-11,Dragon3,001268.SZ,联合精密,EP000616,3,2026-06-30,2026-06-30,1,1,-1.5017,0,-1.5017,1,0,0,,0,Dragon3->out
年报增长,EP000230,1,2026-01-19,2026-01-23,Dragon1,601965.SH,中国汽研,EP000252,2,2026-01-28,2026-01-30,1,3,-4.869507565316,0,-4.869507565316,1,0,0,,0,Dragon1->out
年报增长,EP000230,1,2026-01-19,2026-01-23,Dragon2,688308.SH,欧科亿,EP000252,2,2026-01-28,2026-01-30,1,3,10.294064945139,10.294064945139,-6.1385,1,0,0,,0,Dragon2->out
年报增长,EP000230,1,2026-01-19,2026-01-23,Dragon3,603186.SH,华正新材,EP000252,2,2026-01-28,2026-01-30,1,3,-5.684479205151,0,-6.9930864784,1,0,0,,0,Dragon3->out
年报增长,EP000252,2,2026-01-28,2026-01-30,Dragon1,002169.SZ,智光电气,EP000393,3,2026-03-31,2026-04-01,1,2,-0.7618193661,0,-1.4543,1,0,0,,0,Dragon1->out
年报增长,EP000252,2,2026-01-28,2026-01-30,Dragon2,601388.SH,怡球资源,EP000393,3,2026-03-31,2026-04-01,1,2,-6.5989580284,0,-6.5989580284,1,0,0,,0,Dragon2->out
年报增长,EP000252,2,2026-01-28,2026-01-30,Dragon3,002724.SZ,海洋王,EP000393,3,2026-03-31,2026-04-01,1,2,0.2857202083,0.2857202083,-0.8571,1,0,0,,0,Dragon3->out
年报增长,EP000393,3,2026-03-31,2026-04-01,Dragon1,600066.SH,宇通客车,EP000428,4,2026-04-10,2026-04-10,1,1,-1.2241,0,-1.2241,1,0,0,,0,Dragon1->out
年报增长,EP000393,3,2026-03-31,2026-04-01,Dragon2,603039.SH,泛微网络,EP000428,4,2026-04-10,2026-04-10,1,1,-2.4528,0,-2.4528,1,0,0,,0,Dragon2->out
年报增长,EP000393,3,2026-03-31,2026-04-01,Dragon3,002454.SZ,松芝股份,EP000428,4,2026-04-10,2026-04-10,1,1,2.5176,2.5176,0,1,0,0,,0,Dragon3->out
年报增长,EP000428,4,2026-04-10,2026-04-10,Dragon1,600983.SH,惠而浦,EP000454,5,2026-04-20,2026-04-20,1,1,0.5666,0.5666,0,1,0,0,,0,Dragon1->out
年报增长,EP000428,4,2026-04-10,2026-04-10,Dragon2,603889.SH,新澳股份,EP000454,5,2026-04-20,2026-04-20,1,1,0.1075,0.1075,0,1,0,0,,0,Dragon2->out
年报增长,EP000428,4,2026-04-10,2026-04-10,Dragon3,601999.SH,出版传媒,EP000454,5,2026-04-20,2026-04-20,1,1,1.0076,1.0076,0,1,0,0,,0,Dragon3->out
并购重组,EP000018,1,2025-11-04,2025-11-05,Dragon1,603014.SH,威高血净,EP000047,2,2025-11-11,2025-11-18,1,6,-5.942898040722,0,-5.942898040722,1,0,0,,0,Dragon1->out
并购重组,EP000018,1,2025-11-04,2025-11-05,Dragon2,000620.SZ,盈新发展,EP000047,2,2025-11-11,2025-11-18,1,6,-0.574748184806,10.057463094944,-9.6606,1,0,0,,0,Dragon2->out
并购重组,EP000047,2,2025-11-11,2025-11-18,Dragon1,000688.SZ,国城矿业,EP000089,3,2025-11-25,2025-11-25,1,1,6.0366,6.0366,0,1,0,0,,0,Dragon1->out
并购重组,EP000047,2,2025-11-11,2025-11-18,Dragon2,000407.SZ,胜利股份,EP000089,3,2025-11-25,2025-11-25,1,1,0.4141,0.4141,0,1,0,0,,0,Dragon2->out
并购重组,EP000047,2,2025-11-11,2025-11-18,Dragon3,600810.SH,神马股份,EP000089,3,2025-11-25,2025-11-25,1,1,0.813,0.813,0,1,0,0,,0,Dragon3->out
并购重组,EP000089,3,2025-11-25,2025-11-25,Dragon1,003018.SZ,金富科技,EP000104,4,2025-11-28,2025-11-28,1,1,10.0268,10.0268,0,1,0,0,,0,Dragon1->out
并购重组,EP000089,3,2025-11-25,2025-11-25,Dragon2,688622.SH,禾信仪器,EP000104,4,2025-11-28,2025-11-28,1,1,0.0086,0.0086,0,1,0,0,,0,Dragon2->out
并购重组,EP000089,3,2025-11-25,2025-11-25,Dragon3,600516.SH,方大炭素,EP000104,4,2025-11-28,2025-11-28,1,1,1.7488,1.7488,0,1,0,0,,0,Dragon3->out
并购重组,EP000104,4,2025-11-28,2025-11-28,Dragon1,603353.SH,和顺石油,EP000194,5,2026-01-06,2026-01-07,1,2,4.0400223812,4.0400223812,-0.6793,1,0,0,,0,Dragon1->out
并购重组,EP000104,4,2025-11-28,2025-11-28,Dragon2,002277.SZ,友阿股份,EP000194,5,2026-01-06,2026-01-07,1,2,12.464246312,12.464246312,0,1,0,0,,0,Dragon2->out
并购重组,EP000194,5,2026-01-06,2026-01-07,Dragon1,600337.SH,美克家居,EP000213,6,2026-01-12,2026-01-26,1,11,-23.176963457876,0,-26.041608185673,1,0,0,,0,Dragon1->out
并购重组,EP000194,5,2026-01-06,2026-01-07,Dragon2,000620.SZ,盈新发展,EP000213,6,2026-01-12,2026-01-26,1,11,3.975592114638,10.397643852845,-6.727755184287,1,0,0,,0,Dragon2->out
并购重组,EP000194,5,2026-01-06,2026-01-07,Dragon3,600936.SH,广西广电,EP000213,6,2026-01-12,2026-01-26,1,11,-6.695402437901,1.9438,-9.110111741586,1,0,0,,0,Dragon3->out
并购重组,EP000213,6,2026-01-12,2026-01-26,Dragon1,600676.SH,交运股份,EP000270,7,2026-02-04,2026-02-09,1,4,3.773665881313,3.773665881313,-0.2478,1,0,0,,0,Dragon1->out
并购重组,EP000213,6,2026-01-12,2026-01-26,Dragon2,600579.SH,中化装备,EP000270,7,2026-02-04,2026-02-09,1,4,3.258395679754,3.258395679754,-0.9815,1,0,0,,0,Dragon2->out
并购重组,EP000213,6,2026-01-12,2026-01-26,Dragon3,002379.SZ,宏创控股,EP000270,7,2026-02-04,2026-02-09,1,4,-0.000039079279,1.633309843212,-2.0000387212,1,0,0,,0,Dragon3->out
并购重组,EP000270,7,2026-02-04,2026-02-09,Dragon1,301362.SZ,民爆光电,EP000323,8,2026-03-03,2026-03-03,1,1,2.5581,2.5581,0,1,0,0,,0,Dragon1->out
并购重组,EP000270,7,2026-02-04,2026-02-09,Dragon2,603616.SH,韩建河山,EP000323,8,2026-03-03,2026-03-03,1,1,9.9596,9.9596,0,1,1,1,Dragon2,0,Dragon2->Dragon2
并购重组,EP000270,7,2026-02-04,2026-02-09,Dragon3,300912.SZ,凯龙高科,EP000323,8,2026-03-03,2026-03-03,1,1,-9.8287,0,-9.8287,1,0,0,,0,Dragon3->out
并购重组,EP000323,8,2026-03-03,2026-03-03,Dragon1,002980.SZ,华盛昌,EP000339,9,2026-03-10,2026-03-10,1,1,3.3146,3.3146,0,1,0,0,,0,Dragon1->out
并购重组,EP000323,8,2026-03-03,2026-03-03,Dragon2,603616.SH,韩建河山,EP000339,9,2026-03-10,2026-03-10,1,1,0.5517,0.5517,0,1,0,0,,0,Dragon2->out
并购重组,EP000339,9,2026-03-10,2026-03-10,Dragon1,002445.SZ,中南文化,EP000364,10,2026-03-20,2026-03-24,1,3,-0.487755584979,0,-9.5121125958,1,0,0,,0,Dragon1->out
并购重组,EP000339,9,2026-03-10,2026-03-10,Dragon2,300629.SZ,新劲刚,EP000364,10,2026-03-20,2026-03-24,1,3,-8.097132738867,0,-10.121466939,1,0,0,,0,Dragon2->out
并购重组,EP000339,9,2026-03-10,2026-03-10,Dragon3,000014.SZ,沙河股份,EP000364,10,2026-03-20,2026-03-24,1,3,-0.33426540138,0,-3.8101807112,1,0,0,,0,Dragon3->out
并购重组,EP000364,10,2026-03-20,2026-03-24,Dragon1,603687.SH,大胜达,EP000386,11,2026-03-30,2026-03-30,1,1,3.135,3.135,0,1,0,0,,0,Dragon1->out
并购重组,EP000364,10,2026-03-20,2026-03-24,Dragon2,000677.SZ,恒天海龙,EP000386,11,2026-03-30,2026-03-30,1,1,-2.1825,0,-2.1825,1,0,0,,0,Dragon2->out
并购重组,EP000364,10,2026-03-20,2026-03-24,Dragon3,000670.SZ,盈方微,EP000386,11,2026-03-30,2026-03-30,1,1,-1.8931,0,-1.8931,1,0,0,,0,Dragon3->out
并购重组,EP000386,11,2026-03-30,2026-03-30,Dragon1,600539.SH,狮头股份,EP000420,12,2026-04-08,2026-04-16,1,7,16.131289916291,16.131289916291,-3.8461918552,1,0,0,,0,Dragon1->out
并购重组,EP000386,11,2026-03-30,2026-03-30,Dragon2,688693.SH,锴威特,EP000420,12,2026-04-08,2026-04-16,1,7,68.51352622453,71.418167953273,-4.2782,1,1,0,Dragon3,0,Dragon2->Dragon3
并购重组,EP000420,12,2026-04-08,2026-04-16,Dragon1,603950.SH,长源东谷,EP000458,13,2026-04-22,2026-04-23,1,2,7.7871389696,7.7871389696,0,1,0,0,,0,Dragon1->out
并购重组,EP000420,12,2026-04-08,2026-04-16,Dragon2,301070.SZ,开勒股份,EP000458,13,2026-04-22,2026-04-23,1,2,-1.1117965842,0.6211,-1.7222,1,0,0,,0,Dragon2->out
并购重组,EP000420,12,2026-04-08,2026-04-16,Dragon3,688693.SH,锴威特,EP000458,13,2026-04-22,2026-04-23,1,2,-7.4865576044,0,-7.4865576044,1,0,0,,0,Dragon3->out
并购重组,EP000458,13,2026-04-22,2026-04-23,Dragon1,300067.SZ,安诺其,EP000476,14,2026-04-30,2026-05-13,1,7,4.494263446996,11.938176383053,-11.166917377086,1,0,0,,0,Dragon1->out
并购重组,EP000458,13,2026-04-22,2026-04-23,Dragon2,600052.SH,东望时代,EP000476,14,2026-04-30,2026-05-13,1,7,12.128735679847,13.86145153567,-3.0435078052,1,0,0,,0,Dragon2->out
并购重组,EP000476,14,2026-04-30,2026-05-13,Dragon1,688531.SH,日联科技,EP000516,15,2026-05-22,2026-05-22,1,1,13.0872,13.0872,0,1,0,0,,0,Dragon1->out
并购重组,EP000476,14,2026-04-30,2026-05-13,Dragon2,002785.SZ,万里石,EP000516,15,2026-05-22,2026-05-22,1,1,-1.0228,0,-1.0228,1,0,0,,0,Dragon2->out
并购重组,EP000476,14,2026-04-30,2026-05-13,Dragon3,002453.SZ,华软科技,EP000516,15,2026-05-22,2026-05-22,1,1,10.0176,10.0176,0,1,0,0,,0,Dragon3->out
并购重组,EP000516,15,2026-05-22,2026-05-22,Dragon1,300069.SZ,金利华电,EP000542,16,2026-06-03,2026-06-03,1,1,3.8833,3.8833,0,1,0,0,,0,Dragon1->out
并购重组,EP000516,15,2026-05-22,2026-05-22,Dragon2,000026.SZ,飞亚达,EP000542,16,2026-06-03,2026-06-03,1,1,-0.0447,0,-0.0447,1,0,0,,0,Dragon2->out
并购重组,EP000516,15,2026-05-22,2026-05-22,Dragon3,600683.SH,京投发展,EP000542,16,2026-06-03,2026-06-03,1,1,9.993,9.993,0,1,1,1,Dragon3,0,Dragon3->Dragon3
并购重组,EP000542,16,2026-06-03,2026-06-03,Dragon1,300197.SZ,节能铁汉,EP000552,17,2026-06-08,2026-06-08,1,1,19.8413,19.8413,0,1,1,0,Dragon3,0,Dragon1->Dragon3
并购重组,EP000542,16,2026-06-03,2026-06-03,Dragon2,601798.SH,蓝科高新,EP000552,17,2026-06-08,2026-06-08,1,1,-6.7319,0,-6.7319,1,0,0,,0,Dragon2->out
并购重组,EP000542,16,2026-06-03,2026-06-03,Dragon3,600683.SH,京投发展,EP000552,17,2026-06-08,2026-06-08,1,1,-5.4264,0,-5.4264,1,0,0,,0,Dragon3->out
并购重组,EP000552,17,2026-06-08,2026-06-08,Dragon1,603616.SH,韩建河山,EP000567,18,2026-06-12,2026-06-16,1,3,-7.774391584057,1.6768,-9.295327532,1,0,0,,0,Dragon1->out
并购重组,EP000552,17,2026-06-08,2026-06-08,Dragon2,600488.SH,津药药业,EP000567,18,2026-06-12,2026-06-16,1,3,-6.102324074112,0,-6.2992,1,0,0,,0,Dragon2->out
并购重组,EP000552,17,2026-06-08,2026-06-08,Dragon3,300197.SZ,节能铁汉,EP000567,18,2026-06-12,2026-06-16,1,3,-4.263577951527,0,-4.263577951527,1,0,0,,0,Dragon3->out
并购重组,EP000567,18,2026-06-12,2026-06-16,Dragon1,603335.SH,迪生力,EP000607,19,2026-06-25,2026-07-06,1,8,0.967244512642,11.850004885125,-9.729780864704,1,1,1,Dragon1,1,Dragon1->Dragon1
并购重组,EP000567,18,2026-06-12,2026-06-16,Dragon2,603014.SH,威高血净,EP000607,19,2026-06-25,2026-07-06,1,8,3.167615934548,4.62070496474,-5.4054076794,1,0,0,,0,Dragon2->out
并购重组,EP000567,18,2026-06-12,2026-06-16,Dragon3,001299.SZ,美能能源,EP000607,19,2026-06-25,2026-07-06,1,8,-1.707698537048,0,-5.407919704018,1,0,0,,0,Dragon3->out
并购重组,EP000607,19,2026-06-25,2026-07-06,Dragon1,603335.SH,迪生力,EP000643,20,2026-07-08,2026-07-08,1,1,-7.9848,0,-7.9848,1,0,0,,0,Dragon1->out
并购重组,EP000607,19,2026-06-25,2026-07-06,Dragon2,000100.SZ,TCL科技,EP000643,20,2026-07-08,2026-07-08,1,1,-4.1825,0,-4.1825,1,0,0,,0,Dragon2->out
并购重组,EP000607,19,2026-06-25,2026-07-06,Dragon3,002965.SZ,祥鑫科技,EP000643,20,2026-07-08,2026-07-08,1,1,-2.924,0,-2.924,1,0,0,,0,Dragon3->out
并购重组,EP000643,20,2026-07-08,2026-07-08,Dragon1,603137.SH,恒尚节能,EP000652,21,2026-07-13,2026-07-13,1,1,10.0187,10.0187,0,1,1,1,Dragon1,1,Dragon1->Dragon1
并购重组,EP000643,20,2026-07-08,2026-07-08,Dragon2,000524.SZ,岭南控股,EP000652,21,2026-07-13,2026-07-13,1,1,-10.0304,0,-10.0304,1,0,0,,0,Dragon2->out
并购重组,EP000643,20,2026-07-08,2026-07-08,Dragon3,301321.SZ,翰博高新,EP000652,21,2026-07-13,2026-07-13,1,1,-3.9832,0,-3.9832,1,0,0,,0,Dragon3->out
并购重组,EP000652,21,2026-07-13,2026-07-13,Dragon1,603137.SH,恒尚节能,EP000667,22,2026-07-17,2026-07-17,1,1,-9.9844,0,-9.9844,1,0,0,,0,Dragon1->out
并购重组,EP000652,21,2026-07-13,2026-07-13,Dragon2,600629.SH,华建集团,EP000667,22,2026-07-17,2026-07-17,1,1,-8.5483,0,-8.5483,1,0,0,,0,Dragon2->out
并购重组,EP000652,21,2026-07-13,2026-07-13,Dragon3,300214.SZ,日科化学,EP000667,22,2026-07-17,2026-07-17,1,1,-10.2708,0,-10.2708,1,0,0,,0,Dragon3->out
并购重组,EP000667,22,2026-07-17,2026-07-17,Dragon1,003001.SZ,中岩大地,EP000679,23,2026-07-22,2026-07-27,1,4,4.80767000104,8.920961179004,-9.9893,1,0,0,,0,Dragon1->out
并购重组,EP000667,22,2026-07-17,2026-07-17,Dragon2,601369.SH,陕鼓动力,EP000679,23,2026-07-22,2026-07-27,1,4,-6.152242288126,0,-7.507807856186,1,0,0,,0,Dragon2->out
并购重组,EP000679,23,2026-07-22,2026-07-27,Dragon1,603221.SH,爱丽家居,EP000704,24,2026-07-29,2026-08-03,1,3,33.057894039916,33.057894039916,0,1,1,1,Dragon1,1,Dragon1->Dragon1
并购重组,EP000679,23,2026-07-22,2026-07-27,Dragon2,301234.SZ,五洲医疗,EP000704,24,2026-07-29,2026-08-03,1,4,-14.983921374474,0,-15.254006854628,1,0,0,,0,Dragon2->out
并购重组,EP000704,24,2026-07-29,2026-08-03,Dragon1,603221.SH,爱丽家居,EP000725,25,2026-08-06,2026-08-12,1,3,21.117997095635,21.117997095635,0,1,1,1,Dragon1,1,Dragon1->Dragon1
并购重组,EP000704,24,2026-07-29,2026-08-03,Dragon2,003001.SZ,中岩大地,EP000725,25,2026-08-06,2026-08-12,1,5,-11.180764982729,0,-11.180764982729,1,0,0,,0,Dragon2->out
并购重组,EP000725,25,2026-08-06,2026-08-12,Dragon1,603221.SH,爱丽家居,EP000758,26,2026-08-18,2026-08-20,1,3,4.8771276641,10.011,-10,1,1,1,Dragon1,1,Dragon1->Dragon1
并购重组,EP000725,25,2026-08-06,2026-08-12,Dragon2,688693.SH,锴威特,EP000758,26,2026-08-18,2026-08-20,1,3,-11.378719311329,0,-11.378719311329,1,0,0,,0,Dragon2->out
并购重组,EP000725,25,2026-08-06,2026-08-12,Dragon3,600962.SH,国投中鲁,EP000758,26,2026-08-18,2026-08-20,1,3,-4.14291869001,0,-5.0931263094,1,0,0,,0,Dragon3->out
并购重组,EP000758,26,2026-08-18,2026-08-20,Dragon1,603221.SH,爱丽家居,EP000772,27,2026-08-24,2026-08-25,1,2,2.5133542268,5.2932,-2.6401,1,0,0,,0,Dragon1->out
并购重组,EP000758,26,2026-08-18,2026-08-20,Dragon2,301106.SZ,骏成科技,EP000772,27,2026-08-24,2026-08-25,1,2,-11.691612981,0,-11.691612981,1,0,0,,0,Dragon2->out
并购重组,EP000758,26,2026-08-18,2026-08-20,Dragon3,300243.SZ,瑞丰高材,EP000772,27,2026-08-24,2026-08-25,1,2,-4.5345266828,0,-4.6539,1,0,0,,0,Dragon3->out
文化传媒,EP000008,1,2025-10-31,2025-10-31,Dragon1,002181.SZ,粤传媒,EP000023,2,2025-11-05,2025-11-05,1,1,3.1373,3.1373,0,1,0,0,,0,Dragon1->out
文化传媒,EP000008,1,2025-10-31,2025-10-31,Dragon2,000892.SZ,欢瑞世纪,EP000023,2,2025-11-05,2025-11-05,1,1,-1.8072,0,-1.8072,1,0,0,,0,Dragon2->out
文化传媒,EP000008,1,2025-10-31,2025-10-31,Dragon3,301231.SZ,荣信文化,EP000023,2,2025-11-05,2025-11-05,1,1,-3.7336,0,-3.7336,1,0,0,,0,Dragon3->out
文化传媒,EP000023,2,2025-11-05,2025-11-05,Dragon1,601929.SH,吉视传媒,EP000125,3,2025-12-09,2025-12-09,1,1,0.8287,0.8287,0,1,0,0,,0,Dragon1->out
文化传媒,EP000023,2,2025-11-05,2025-11-05,Dragon2,600977.SH,中国电影,EP000125,3,2025-12-09,2025-12-09,1,1,1.7699,1.7699,0,1,0,0,,0,Dragon2->out
文化传媒,EP000023,2,2025-11-05,2025-11-05,Dragon3,601999.SH,出版传媒,EP000125,3,2025-12-09,2025-12-09,1,1,0.2721,0.2721,0,1,0,0,,0,Dragon3->out
文化传媒,EP000125,3,2025-12-09,2025-12-09,Dragon1,001330.SZ,博纳影业,EP000275,4,2026-02-05,2026-02-05,1,1,6.6667,6.6667,0,1,0,0,,0,Dragon1->out
文化传媒,EP000125,3,2025-12-09,2025-12-09,Dragon2,300081.SZ,恒信东方,EP000275,4,2026-02-05,2026-02-05,1,1,-0.9346,0,-0.9346,1,0,0,,0,Dragon2->out
文化传媒,EP000125,3,2025-12-09,2025-12-09,Dragon3,002995.SZ,天地在线,EP000275,4,2026-02-05,2026-02-05,1,1,10.003,10.003,0,1,0,0,,0,Dragon3->out
文化传媒,EP000275,4,2026-02-05,2026-02-05,Dragon1,603103.SH,横店影视,EP000290,5,2026-02-10,2026-02-11,1,2,-1.0070602725,9.9891,-9.9975,1,1,1,Dragon1,1,Dragon1->Dragon1
文化传媒,EP000275,4,2026-02-05,2026-02-05,Dragon2,601599.SH,浙文影业,EP000290,5,2026-02-10,2026-02-11,1,2,-0.9747014765,9.9415,-9.9291,1,0,0,,0,Dragon2->out
文化传媒,EP000275,4,2026-02-05,2026-02-05,Dragon3,002905.SZ,金逸影视,EP000290,5,2026-02-10,2026-02-11,1,2,-0.9510241746,10.0219,-9.9734,1,0,0,,0,Dragon3->out
文化传媒,EP000290,5,2026-02-10,2026-02-11,Dragon1,603103.SH,横店影视,EP000499,6,2026-05-15,2026-05-15,1,1,0.498,0.498,0,1,0,0,,0,Dragon1->out
文化传媒,EP000290,5,2026-02-10,2026-02-11,Dragon2,603729.SH,龙韵股份,EP000499,6,2026-05-15,2026-05-15,1,1,-2.1307,0,-2.1307,1,0,0,,0,Dragon2->out
文化传媒,EP000290,5,2026-02-10,2026-02-11,Dragon3,601595.SH,上海电影,EP000499,6,2026-05-15,2026-05-15,1,1,-0.3996,0,-0.3996,1,0,0,,0,Dragon3->out
文化传媒,EP000499,6,2026-05-15,2026-05-15,Dragon1,603598.SH,引力传媒,EP000560,7,2026-06-10,2026-06-10,1,1,1.244,1.244,0,1,0,0,,0,Dragon1->out
文化传媒,EP000499,6,2026-05-15,2026-05-15,Dragon2,600088.SH,中视传媒,EP000560,7,2026-06-10,2026-06-10,1,1,10.0216,10.0216,0,1,1,1,Dragon2,0,Dragon2->Dragon2
文化传媒,EP000499,6,2026-05-15,2026-05-15,Dragon3,600386.SH,北巴传媒,EP000560,7,2026-06-10,2026-06-10,1,1,-0.565,0,-0.565,1,0,0,,0,Dragon3->out
文化传媒,EP000560,7,2026-06-10,2026-06-10,Dragon1,600229.SH,城市传媒,EP000568,8,2026-06-12,2026-06-12,1,1,9.9467,9.9467,0,1,1,1,Dragon1,1,Dragon1->Dragon1
文化传媒,EP000560,7,2026-06-10,2026-06-10,Dragon2,600088.SH,中视传媒,EP000568,8,2026-06-12,2026-06-12,1,1,0.4237,0.4237,0,1,0,0,,0,Dragon2->out
文化传媒,EP000560,7,2026-06-10,2026-06-10,Dragon3,300264.SZ,佳创视讯,EP000568,8,2026-06-12,2026-06-12,1,1,-17.0465,0,-17.0465,1,0,0,,0,Dragon3->out
文化传媒,EP000568,8,2026-06-12,2026-06-12,Dragon1,600229.SH,城市传媒,EP000661,9,2026-07-16,2026-07-16,1,1,0.813,0.813,0,1,0,0,,0,Dragon1->out
文化传媒,EP000568,8,2026-06-12,2026-06-12,Dragon2,001330.SZ,博纳影业,EP000661,9,2026-07-16,2026-07-16,1,1,4.3033,4.3033,0,1,0,0,,0,Dragon2->out
文化传媒,EP000661,9,2026-07-16,2026-07-16,Dragon1,002739.SZ,儒意电影,EP000739,10,2026-08-11,2026-08-13,1,3,3.021160813478,8.5598862078,-5.102,1,0,0,,0,Dragon1->out
文化传媒,EP000661,9,2026-07-16,2026-07-16,Dragon2,601595.SH,上海电影,EP000739,10,2026-08-11,2026-08-13,1,3,-0.166738664823,2.8905,-2.9713517427,1,0,0,,0,Dragon2->out
新型工业化,EP000052,1,2025-11-12,2025-11-12,Dragon1,002691.SZ,冀凯股份,EP000074,2,2025-11-18,2025-11-18,1,1,10.0498,10.0498,0,1,1,0,Dragon2,0,Dragon1->Dragon2
新型工业化,EP000052,1,2025-11-12,2025-11-12,Dragon2,001277.SZ,速达股份,EP000074,2,2025-11-18,2025-11-18,1,1,1.3839,1.3839,0,1,0,0,,0,Dragon2->out
新型工业化,EP000074,2,2025-11-18,2025-11-18,Dragon1,001225.SZ,和泰机电,EP000467,3,2026-04-28,2026-04-28,1,1,-2.3406,0,-2.3406,1,0,0,,0,Dragon1->out
新型工业化,EP000074,2,2025-11-18,2025-11-18,Dragon2,002691.SZ,冀凯股份,EP000467,3,2026-04-28,2026-04-28,1,1,3.7906,3.7906,0,1,0,0,,0,Dragon2->out
新型工业化,EP000467,3,2026-04-28,2026-04-28,Dragon1,002175.SZ,东方智造,EP000482,4,2026-05-07,2026-05-08,1,2,-3.4482353232,0,-4.9808,1,0,0,,0,Dragon1->out
新型工业化,EP000467,3,2026-04-28,2026-04-28,Dragon2,603095.SH,越剑智能,EP000482,4,2026-05-07,2026-05-08,1,2,6.947869094,10.0083,-2.782,1,1,0,Dragon1,1,Dragon2->Dragon1
新型工业化,EP000482,4,2026-05-07,2026-05-08,Dragon1,603095.SH,越剑智能,EP000626,5,2026-07-01,2026-07-01,1,1,-0.1397,0,-0.1397,1,0,0,,0,Dragon1->out
新型工业化,EP000482,4,2026-05-07,2026-05-08,Dragon2,002903.SZ,宇环数控,EP000626,5,2026-07-01,2026-07-01,1,1,-3.7869,0,-3.7869,1,0,0,,0,Dragon2->out
新型工业化,EP000482,4,2026-05-07,2026-05-08,Dragon3,002008.SZ,大族激光,EP000626,5,2026-07-01,2026-07-01,1,1,-8.0807,0,-8.0807,1,0,0,,0,Dragon3->out
新型工业化,EP000626,5,2026-07-01,2026-07-01,Dragon1,001256.SZ,炜冈科技,EP000743,6,2026-08-12,2026-08-12,1,1,0.984,0.984,0,1,0,0,,0,Dragon1->out
新型工业化,EP000626,5,2026-07-01,2026-07-01,Dragon2,603173.SH,福斯达,EP000743,6,2026-08-12,2026-08-12,1,1,0.5363,0.5363,0,1,0,0,,0,Dragon2->out
新型工业化,EP000626,5,2026-07-01,2026-07-01,Dragon3,603325.SH,博隆技术,EP000743,6,2026-08-12,2026-08-12,1,1,2.4862,2.4862,0,1,0,0,,0,Dragon3->out
旅游,EP000024,1,2025-11-05,2025-11-05,Dragon1,002431.SZ,棕榈股份,EP000040,2,2025-11-10,2025-11-10,1,1,0.3448,0.3448,0,1,0,0,,0,Dragon1->out
旅游,EP000024,1,2025-11-05,2025-11-05,Dragon2,000755.SZ,山西高速,EP000040,2,2025-11-10,2025-11-10,1,1,-1.2007,0,-1.2007,1,0,0,,0,Dragon2->out
旅游,EP000040,2,2025-11-10,2025-11-10,Dragon1,000069.SZ,华侨城Ａ,EP000231,3,2026-01-19,2026-01-19,1,1,1.5686,1.5686,0,1,0,0,,0,Dragon1->out
旅游,EP000040,2,2025-11-10,2025-11-10,Dragon2,600754.SH,锦江酒店,EP000231,3,2026-01-19,2026-01-19,1,1,4.9543,4.9543,0,1,0,0,,0,Dragon2->out
旅游,EP000040,2,2025-11-10,2025-11-10,Dragon3,600258.SH,首旅酒店,EP000231,3,2026-01-19,2026-01-19,1,1,4.7847,4.7847,0,1,0,0,,0,Dragon3->out
旅游,EP000231,3,2026-01-19,2026-01-19,Dragon1,600593.SH,大连圣亚,EP000443,4,2026-04-16,2026-04-16,1,1,1.4127,1.4127,0,1,0,0,,0,Dragon1->out
旅游,EP000231,3,2026-01-19,2026-01-19,Dragon2,603199.SH,九华旅游,EP000443,4,2026-04-16,2026-04-16,1,1,1.2112,1.2112,0,1,0,0,,0,Dragon2->out
旅游,EP000443,4,2026-04-16,2026-04-16,Dragon1,002033.SZ,丽江股份,EP000709,5,2026-07-31,2026-07-31,1,1,1.0477,1.0477,0,1,0,0,,0,Dragon1->out
旅游,EP000443,4,2026-04-16,2026-04-16,Dragon2,600749.SH,西藏旅游,EP000709,5,2026-07-31,2026-07-31,1,1,1.6176,1.6176,0,1,0,0,,0,Dragon2->out
旅游,EP000709,5,2026-07-31,2026-07-31,Dragon1,000428.SZ,华天酒店,EP000777,6,2026-08-25,2026-08-26,1,2,20.8651753269,20.8651753269,0,1,1,1,Dragon1,1,Dragon1->Dragon1
旅游,EP000709,5,2026-07-31,2026-07-31,Dragon2,002963.SZ,豪尔赛,EP000777,6,2026-08-25,2026-08-26,1,2,21.0070384124,21.0070384124,0,1,1,0,Dragon3,0,Dragon2->Dragon3
无人驾驶,EP000145,1,2025-12-17,2025-12-17,Dragon1,001317.SZ,三羊马,EP000168,2,2025-12-24,2025-12-24,1,1,-3.4383,0,-3.4383,1,0,0,,0,Dragon1->out
无人驾驶,EP000145,1,2025-12-17,2025-12-17,Dragon2,002703.SZ,浙江世宝,EP000168,2,2025-12-24,2025-12-24,1,1,10.0216,10.0216,0,1,1,0,Dragon1,1,Dragon2->Dragon1
无人驾驶,EP000145,1,2025-12-17,2025-12-17,Dragon3,002766.SZ,索菱股份,EP000168,2,2025-12-24,2025-12-24,1,1,1.0417,1.0417,0,1,0,0,,0,Dragon3->out
无人驾驶,EP000168,2,2025-12-24,2025-12-24,Dragon1,002703.SZ,浙江世宝,EP000189,3,2026-01-05,2026-01-05,1,1,5.7282,5.7282,0,1,0,0,,0,Dragon1->out
无人驾驶,EP000168,2,2025-12-24,2025-12-24,Dragon2,002383.SZ,合众思壮,EP000189,3,2026-01-05,2026-01-05,1,1,-3.0977,0,-3.0977,1,0,0,,0,Dragon2->out
无人驾驶,EP000168,2,2025-12-24,2025-12-24,Dragon3,603528.SH,多伦科技,EP000189,3,2026-01-05,2026-01-05,1,1,6.1013,6.1013,0,1,1,1,Dragon3,0,Dragon3->Dragon3
无人驾驶,EP000189,3,2026-01-05,2026-01-05,Dragon1,603458.SH,勘设股份,EP000512,4,2026-05-21,2026-05-21,1,1,4.8837,4.8837,0,1,0,0,,0,Dragon1->out
无人驾驶,EP000189,3,2026-01-05,2026-01-05,Dragon2,002766.SZ,索菱股份,EP000512,4,2026-05-21,2026-05-21,1,1,10.0642,10.0642,0,1,1,0,Dragon3,0,Dragon2->Dragon3
无人驾驶,EP000189,3,2026-01-05,2026-01-05,Dragon3,603528.SH,多伦科技,EP000512,4,2026-05-21,2026-05-21,1,1,-1.8892,0,-1.8892,1,0,0,,0,Dragon3->out
无人驾驶,EP000512,4,2026-05-21,2026-05-21,Dragon1,002703.SZ,浙江世宝,EP000721,5,2026-08-05,2026-08-05,1,1,10,10,0,1,1,1,Dragon1,1,Dragon1->Dragon1
无人驾驶,EP000512,4,2026-05-21,2026-05-21,Dragon2,002036.SZ,联创电子,EP000721,5,2026-08-05,2026-08-05,1,1,10.0141,10.0141,0,1,0,0,,0,Dragon2->out
无人驾驶,EP000512,4,2026-05-21,2026-05-21,Dragon3,002766.SZ,索菱股份,EP000721,5,2026-08-05,2026-08-05,1,1,10.0251,10.0251,0,1,1,0,Dragon2,0,Dragon3->Dragon2
智能家居,EP000135,1,2025-12-12,2025-12-12,Dragon1,603709.SH,中源家居,EP000440,2,2026-04-15,2026-04-15,1,1,-0.6599,0,-0.6599,1,0,0,,0,Dragon1->out
智能家居,EP000135,1,2025-12-12,2025-12-12,Dragon2,603408.SH,建霖家居,EP000440,2,2026-04-15,2026-04-15,1,1,0.335,0.335,0,1,0,0,,0,Dragon2->out
智能家居,EP000135,1,2025-12-12,2025-12-12,Dragon3,603610.SH,麒盛科技,EP000440,2,2026-04-15,2026-04-15,1,1,-2.8732,0,-2.8732,1,0,0,,0,Dragon3->out
智能电网,EP000019,1,2025-11-04,2025-11-11,Dragon1,002885.SZ,京泉华,EP000056,2,2025-11-13,2025-11-19,1,5,-11.521856451407,0,-11.521856451407,1,0,0,,0,Dragon1->out
智能电网,EP000019,1,2025-11-04,2025-11-11,Dragon2,603530.SH,神马电力,EP000056,2,2025-11-13,2025-11-19,1,5,-14.54276342859,0,-14.54276342859,1,0,0,,0,Dragon2->out
智能电网,EP000019,1,2025-11-04,2025-11-11,Dragon3,300062.SZ,中能电气,EP000056,2,2025-11-13,2025-11-19,1,5,-14.338804218347,8.100601412,-20.757891572522,1,0,0,,0,Dragon3->out
智能电网,EP000056,2,2025-11-13,2025-11-19,Dragon1,002451.SZ,摩恩电气,EP000126,3,2025-12-09,2025-12-09,1,1,-2.5837,0,-2.5837,1,0,0,,0,Dragon1->out
智能电网,EP000056,2,2025-11-13,2025-11-19,Dragon2,000533.SZ,顺钠股份,EP000126,3,2025-12-09,2025-12-09,1,1,0.2472,0.2472,0,1,0,0,,0,Dragon2->out
智能电网,EP000126,3,2025-12-09,2025-12-09,Dragon1,002339.SZ,积成电子,EP000136,4,2025-12-12,2025-12-15,1,2,2.6528015976,2.6528015976,0,1,0,0,,0,Dragon1->out
智能电网,EP000126,3,2025-12-09,2025-12-09,Dragon2,603829.SH,洛凯股份,EP000136,4,2025-12-12,2025-12-15,1,2,-5.9746429656,0.0604,-6.0314,1,0,0,,0,Dragon2->out
智能电网,EP000126,3,2025-12-09,2025-12-09,Dragon3,002346.SZ,柘中股份,EP000136,4,2025-12-12,2025-12-15,1,2,-5.3132568354,0,-5.3132568354,1,0,0,,0,Dragon3->out
智能电网,EP000136,4,2025-12-12,2025-12-15,Dragon1,002927.SZ,泰永长征,EP000200,5,2026-01-07,2026-01-21,1,11,-0.097963803823,20.665918533125,-17.207743983856,1,0,0,,0,Dragon1->out
智能电网,EP000136,4,2025-12-12,2025-12-15,Dragon2,601700.SH,风范股份,EP000200,5,2026-01-07,2026-01-21,1,11,18.47237185153,19.538156360439,-2.027102803046,1,0,0,,0,Dragon2->out
智能电网,EP000136,4,2025-12-12,2025-12-15,Dragon3,000720.SZ,新能泰山,EP000200,5,2026-01-07,2026-01-21,1,11,14.114050784331,20.120054405506,-5.00000075,1,0,0,,0,Dragon3->out
智能电网,EP000200,5,2026-01-07,2026-01-21,Dragon1,002112.SZ,三变科技,EP000262,6,2026-02-02,2026-02-04,1,3,26.703927481617,26.703927481617,0,1,1,0,Dragon3,0,Dragon1->Dragon3
智能电网,EP000200,5,2026-01-07,2026-01-21,Dragon2,002922.SZ,伊戈尔,EP000262,6,2026-02-02,2026-02-04,1,3,13.317952375274,13.317952375274,0,1,0,0,,0,Dragon2->out
智能电网,EP000200,5,2026-01-07,2026-01-21,Dragon3,601179.SH,中国西电,EP000262,6,2026-02-02,2026-02-04,1,3,7.172405884026,8.6896040672,-1.3959,1,0,0,,0,Dragon3->out
智能电网,EP000262,6,2026-02-02,2026-02-04,Dragon1,603861.SH,白云电器,EP000279,7,2026-02-06,2026-02-06,1,1,2.0821,2.0821,0,1,0,0,,0,Dragon1->out
智能电网,EP000262,6,2026-02-02,2026-02-04,Dragon2,000533.SZ,顺钠股份,EP000279,7,2026-02-06,2026-02-06,1,1,4.3599,4.3599,0,1,0,0,,0,Dragon2->out
智能电网,EP000262,6,2026-02-02,2026-02-04,Dragon3,002112.SZ,三变科技,EP000279,7,2026-02-06,2026-02-06,1,1,10,10,0,1,1,0,Dragon1,1,Dragon3->Dragon1
智能电网,EP000279,7,2026-02-06,2026-02-06,Dragon1,002112.SZ,三变科技,EP000293,8,2026-02-12,2026-02-24,1,3,4.360497585573,4.360497585573,-6.0193,1,0,0,,0,Dragon1->out
智能电网,EP000279,7,2026-02-06,2026-02-06,Dragon2,002339.SZ,积成电子,EP000293,8,2026-02-12,2026-02-24,1,3,0.814337040054,0.814337040054,-3.583047337,1,0,0,,0,Dragon2->out
智能电网,EP000293,8,2026-02-12,2026-02-24,Dragon1,603191.SH,望变电气,EP000309,9,2026-02-26,2026-03-02,1,3,0.73888191416,5.0903,-4.1406467446,1,0,0,,0,Dragon1->out
智能电网,EP000293,8,2026-02-12,2026-02-24,Dragon2,000533.SZ,顺钠股份,EP000309,9,2026-02-26,2026-03-02,1,3,-1.640787855134,2.0725,-3.6378925324,1,0,0,,0,Dragon2->out
智能电网,EP000293,8,2026-02-12,2026-02-24,Dragon3,002498.SZ,汉缆股份,EP000309,9,2026-02-26,2026-03-02,1,3,-2.5610505357,2.1951,-4.653990784,1,0,0,,0,Dragon3->out
智能电网,EP000309,9,2026-02-26,2026-03-02,Dragon1,002350.SZ,北京科锐,EP000326,10,2026-03-04,2026-03-18,1,11,3.822587580235,18.807359016573,-14.028357717308,1,0,0,,0,Dragon1->out
智能电网,EP000309,9,2026-02-26,2026-03-02,Dragon2,603530.SH,神马电力,EP000326,10,2026-03-04,2026-03-18,1,11,5.089912534319,16.98852,-11.401819637118,1,1,0,Dragon1,1,Dragon2->Dragon1
智能电网,EP000309,9,2026-02-26,2026-03-02,Dragon3,002546.SZ,新联电子,EP000326,10,2026-03-04,2026-03-18,1,11,-7.050275364348,8.719740155677,-16.297029283462,1,0,0,,0,Dragon3->out
智能电网,EP000326,10,2026-03-04,2026-03-18,Dragon1,603530.SH,神马电力,EP000371,11,2026-03-24,2026-03-27,1,4,1.185352635926,3.3327619584,-2.078149545,1,0,0,,0,Dragon1->out
智能电网,EP000326,10,2026-03-04,2026-03-18,Dragon2,000533.SZ,顺钠股份,EP000371,11,2026-03-24,2026-03-27,1,4,-6.429895601455,5.6337857311,-11.420286842,1,0,0,,0,Dragon2->out
智能电网,EP000326,10,2026-03-04,2026-03-18,Dragon3,002339.SZ,积成电子,EP000371,11,2026-03-24,2026-03-27,1,4,-1.45051874355,4.8051321262,-6.2284,1,0,0,,0,Dragon3->out
智能电网,EP000371,11,2026-03-24,2026-03-27,Dragon1,000720.SZ,新能泰山,EP000394,12,2026-03-31,2026-03-31,1,1,10.0806,10.0806,0,1,1,1,Dragon1,1,Dragon1->Dragon1
智能电网,EP000371,11,2026-03-24,2026-03-27,Dragon2,002316.SZ,亚联发展,EP000394,12,2026-03-31,2026-03-31,1,1,0.354,0.354,0,1,0,0,,0,Dragon2->out
智能电网,EP000371,11,2026-03-24,2026-03-27,Dragon3,600192.SH,长城电工,EP000394,12,2026-03-31,2026-03-31,1,1,-1.8182,0,-1.8182,1,0,0,,0,Dragon3->out
智能电网,EP000394,12,2026-03-31,2026-03-31,Dragon1,000720.SZ,新能泰山,EP000403,13,2026-04-02,2026-04-02,1,1,9.9796,9.9796,0,1,1,1,Dragon1,1,Dragon1->Dragon1
智能电网,EP000394,12,2026-03-31,2026-03-31,Dragon2,002263.SZ,大东南,EP000403,13,2026-04-02,2026-04-02,1,1,10,10,0,1,1,1,Dragon2,0,Dragon2->Dragon2
智能电网,EP000403,13,2026-04-02,2026-04-02,Dragon1,000720.SZ,新能泰山,EP000436,14,2026-04-14,2026-04-14,1,1,-4.0968,0,-4.0968,1,0,0,,0,Dragon1->out
智能电网,EP000403,13,2026-04-02,2026-04-02,Dragon2,002263.SZ,大东南,EP000436,14,2026-04-14,2026-04-14,1,1,-1.002,0,-1.002,1,0,0,,0,Dragon2->out
智能电网,EP000403,13,2026-04-02,2026-04-02,Dragon3,002560.SZ,通达股份,EP000436,14,2026-04-14,2026-04-14,1,1,-3.2913,0,-3.2913,1,0,0,,0,Dragon3->out
智能电网,EP000436,14,2026-04-14,2026-04-14,Dragon1,002885.SZ,京泉华,EP000449,15,2026-04-17,2026-04-20,1,2,11.40688608,11.40688608,0,1,0,0,,0,Dragon1->out
智能电网,EP000436,14,2026-04-14,2026-04-14,Dragon2,002692.SZ,远程股份,EP000449,15,2026-04-17,2026-04-20,1,2,12.55816,12.55816,0,1,0,0,,0,Dragon2->out
智能电网,EP000436,14,2026-04-14,2026-04-14,Dragon3,601778.SH,晶科科技,EP000449,15,2026-04-17,2026-04-20,1,2,-2.2521962206,3.7538,-5.7887,1,0,0,,0,Dragon3->out
智能电网,EP000449,15,2026-04-17,2026-04-20,Dragon1,603063.SH,禾望电气,EP000490,16,2026-05-12,2026-05-14,1,3,8.878463276588,9.1968813827,-0.7237,1,0,0,,0,Dragon1->out
智能电网,EP000449,15,2026-04-17,2026-04-20,Dragon2,002706.SZ,良信股份,EP000490,16,2026-05-12,2026-05-14,1,3,2.064393855748,4.7068814222,-2.5237,1,0,0,,0,Dragon2->out
智能电网,EP000490,16,2026-05-12,2026-05-14,Dragon1,603070.SH,万控智造,EP000503,17,2026-05-18,2026-05-19,1,2,-0.8458948986,0.4834,-1.3229,1,0,0,,0,Dragon1->out
智能电网,EP000490,16,2026-05-12,2026-05-14,Dragon2,002346.SZ,柘中股份,EP000503,17,2026-05-18,2026-05-19,1,2,3.379746192,3.379746192,0,1,0,0,,0,Dragon2->out
智能电网,EP000490,16,2026-05-12,2026-05-14,Dragon3,002300.SZ,太阳电缆,EP000503,17,2026-05-18,2026-05-19,1,2,1.678174564,1.678174564,0,1,0,0,,0,Dragon3->out
智能电网,EP000503,17,2026-05-18,2026-05-19,Dragon1,601126.SH,四方股份,EP000517,18,2026-05-22,2026-05-22,1,1,0.8204,0.8204,0,1,0,0,,0,Dragon1->out
智能电网,EP000503,17,2026-05-18,2026-05-19,Dragon2,603191.SH,望变电气,EP000517,18,2026-05-22,2026-05-22,1,1,-0.3668,0,-0.3668,1,0,0,,0,Dragon2->out
智能电网,EP000503,17,2026-05-18,2026-05-19,Dragon3,002121.SZ,科陆电子,EP000517,18,2026-05-22,2026-05-22,1,1,9.9567,9.9567,0,1,1,1,Dragon3,0,Dragon3->Dragon3
智能电网,EP000517,18,2026-05-22,2026-05-22,Dragon1,002885.SZ,京泉华,EP000529,19,2026-05-27,2026-05-28,1,2,0.9667792755,1.1139,-0.1455,1,0,0,,0,Dragon1->out
智能电网,EP000517,18,2026-05-22,2026-05-22,Dragon2,002606.SZ,大连电瓷,EP000529,19,2026-05-27,2026-05-28,1,2,0.863149798,3.5758,-2.619,1,0,0,,0,Dragon2->out
智能电网,EP000517,18,2026-05-22,2026-05-22,Dragon3,002121.SZ,科陆电子,EP000529,19,2026-05-27,2026-05-28,1,2,3.2727226936,3.2727226936,-1.8182,1,0,0,,0,Dragon3->out
智能电网,EP000529,19,2026-05-27,2026-05-28,Dragon1,002927.SZ,泰永长征,EP000579,20,2026-06-16,2026-06-16,1,1,9.9901,9.9901,0,1,1,0,Dragon2,0,Dragon1->Dragon2
智能电网,EP000529,19,2026-05-27,2026-05-28,Dragon2,002706.SZ,良信股份,EP000579,20,2026-06-16,2026-06-16,1,1,2.2444,2.2444,0,1,0,0,,0,Dragon2->out
智能电网,EP000529,19,2026-05-27,2026-05-28,Dragon3,601126.SH,XD四方股,EP000579,20,2026-06-16,2026-06-16,1,1,2.3722,2.3722,0,1,0,0,,0,Dragon3->out
智能电网,EP000579,20,2026-06-16,2026-06-16,Dragon1,601179.SH,中国西电,EP000591,21,2026-06-22,2026-06-22,1,1,10.0262,10.0262,0,1,1,1,Dragon1,1,Dragon1->Dragon1
智能电网,EP000579,20,2026-06-16,2026-06-16,Dragon2,002927.SZ,泰永长征,EP000591,21,2026-06-22,2026-06-22,1,1,2.4336,2.4336,0,1,0,0,,0,Dragon2->out
智能电网,EP000579,20,2026-06-16,2026-06-16,Dragon3,600192.SH,长城电工,EP000591,21,2026-06-22,2026-06-22,1,1,0.2574,0.2574,0,1,0,0,,0,Dragon3->out
智能电网,EP000591,21,2026-06-22,2026-06-22,Dragon1,601179.SH,中国西电,EP000649,22,2026-07-10,2026-07-10,1,1,0.8264,0.8264,0,1,0,0,,0,Dragon1->out
智能电网,EP000591,21,2026-06-22,2026-06-22,Dragon2,002346.SZ,柘中股份,EP000649,22,2026-07-10,2026-07-10,1,1,9.9849,9.9849,0,1,1,0,Dragon1,1,Dragon2->Dragon1
智能电网,EP000591,21,2026-06-22,2026-06-22,Dragon3,002885.SZ,京泉华,EP000649,22,2026-07-10,2026-07-10,1,1,-3.8386,0,-3.8386,1,0,0,,0,Dragon3->out
智能电网,EP000649,22,2026-07-10,2026-07-10,Dragon1,002346.SZ,柘中股份,EP000684,23,2026-07-23,2026-08-06,1,11,19.255789897692,19.255789897692,-9.424099476507,1,0,0,,0,Dragon1->out
智能电网,EP000649,22,2026-07-10,2026-07-10,Dragon2,002121.SZ,科陆电子,EP000684,23,2026-07-23,2026-08-06,1,11,12.31112320402,15.118904784564,-3.6961,1,0,0,,0,Dragon2->out
智能电网,EP000649,22,2026-07-10,2026-07-10,Dragon3,603556.SH,海兴电力,EP000684,23,2026-07-23,2026-08-06,1,11,17.593518599002,17.593518599002,-4.698768280652,1,0,0,,0,Dragon3->out
智能电网,EP000684,23,2026-07-23,2026-08-06,Dragon1,002879.SZ,长缆科技,EP000733,24,2026-08-10,2026-08-10,1,1,1.8333,1.8333,0,1,0,0,,0,Dragon1->out
智能电网,EP000684,23,2026-07-23,2026-08-06,Dragon2,002339.SZ,积成电子,EP000733,24,2026-08-10,2026-08-10,1,1,3.1856,3.1856,0,1,0,0,,0,Dragon2->out
智能电网,EP000684,23,2026-07-23,2026-08-06,Dragon3,000533.SZ,顺钠股份,EP000733,24,2026-08-10,2026-08-10,1,1,4.2869,4.2869,0,1,0,0,,0,Dragon3->out
智能电网,EP000733,24,2026-08-10,2026-08-10,Dragon1,601700.SH,风范股份,EP000744,25,2026-08-12,2026-08-13,1,2,2.89851,10,-6.4559,1,1,1,Dragon1,1,Dragon1->Dragon1
智能电网,EP000733,24,2026-08-10,2026-08-10,Dragon2,002885.SZ,京泉华,EP000744,25,2026-08-12,2026-08-13,1,2,4.4422713661,4.9029,-0.4391,1,0,0,,0,Dragon2->out
智能电网,EP000733,24,2026-08-10,2026-08-10,Dragon3,002298.SZ,中电鑫龙,EP000744,25,2026-08-12,2026-08-13,1,2,-1.754409011,2.193,-3.8627,1,0,0,,0,Dragon3->out
智能电网,EP000744,25,2026-08-12,2026-08-13,Dragon1,601700.SH,风范股份,EP000753,26,2026-08-17,2026-08-17,1,1,10.061,10.061,0,1,1,1,Dragon1,1,Dragon1->Dragon1
智能电网,EP000744,25,2026-08-12,2026-08-13,Dragon2,603191.SH,望变电气,EP000753,26,2026-08-17,2026-08-17,1,1,-0.9944,0,-0.9944,1,0,0,,0,Dragon2->out
智能电网,EP000744,25,2026-08-12,2026-08-13,Dragon3,000720.SZ,新能泰山,EP000753,26,2026-08-17,2026-08-17,1,1,2.5974,2.5974,0,1,0,0,,0,Dragon3->out
智能驾驶,EP000144,1,2025-12-16,2025-12-16,Dragon1,001317.SZ,三羊马,EP000156,2,2025-12-18,2025-12-19,1,2,-1.7132650085,0,-6.4685,1,0,0,,0,Dragon1->out
智能驾驶,EP000144,1,2025-12-16,2025-12-16,Dragon2,002703.SZ,浙江世宝,EP000156,2,2025-12-18,2025-12-19,1,2,21.0089073918,21.0089073918,0,1,1,0,Dragon1,1,Dragon2->Dragon1
智能驾驶,EP000144,1,2025-12-16,2025-12-16,Dragon3,002766.SZ,索菱股份,EP000156,2,2025-12-18,2025-12-19,1,2,7.1428541016,7.1428541016,-2.5641,1,0,0,,0,Dragon3->out
智能驾驶,EP000156,2,2025-12-18,2025-12-19,Dragon1,002703.SZ,浙江世宝,EP000195,3,2026-01-06,2026-01-06,1,1,10.0092,10.0092,0,1,1,0,Dragon3,0,Dragon1->Dragon3
智能驾驶,EP000156,2,2025-12-18,2025-12-19,Dragon2,603023.SH,威帝股份,EP000195,3,2026-01-06,2026-01-06,1,1,9.9609,9.9609,0,1,0,0,,0,Dragon2->out
智能驾驶,EP000156,2,2025-12-18,2025-12-19,Dragon3,002355.SZ,兴民智通,EP000195,3,2026-01-06,2026-01-06,1,1,10.0164,10.0164,0,1,0,0,,0,Dragon3->out
智能驾驶,EP000195,3,2026-01-06,2026-01-06,Dragon1,002766.SZ,索菱股份,EP000297,4,2026-02-13,2026-02-13,1,1,2.8219,2.8219,0,1,0,0,,0,Dragon1->out
智能驾驶,EP000195,3,2026-01-06,2026-01-06,Dragon2,002383.SZ,合众思壮,EP000297,4,2026-02-13,2026-02-13,1,1,-0.3613,0,-0.3613,1,0,0,,0,Dragon2->out
智能驾驶,EP000195,3,2026-01-06,2026-01-06,Dragon3,002703.SZ,浙江世宝,EP000297,4,2026-02-13,2026-02-13,1,1,10.024,10.024,0,1,1,0,Dragon1,1,Dragon3->Dragon1
有色金属,EP000057,1,2025-11-13,2025-11-13,Dragon1,000688.SZ,国城矿业,EP000094,2,2025-11-26,2025-12-01,1,4,-2.944700452405,0.196251644135,-5.1433254244,1,0,0,,0,Dragon1->out
有色金属,EP000057,1,2025-11-13,2025-11-13,Dragon2,600807.SH,济高发展,EP000094,2,2025-11-26,2025-12-01,1,4,1.18004685502,2.359949998655,-1.1799,1,0,0,,0,Dragon2->out
有色金属,EP000057,1,2025-11-13,2025-11-13,Dragon3,000633.SZ,合金投资,EP000094,2,2025-11-26,2025-12-01,1,4,0.955755604991,2.389412153971,-6.9295462401,1,0,0,,0,Dragon3->out
有色金属,EP000094,2,2025-11-26,2025-12-01,Dragon1,002114.SZ,罗平锌电,EP000120,3,2025-12-05,2025-12-05,1,1,4.2175,4.2175,0,1,0,0,,0,Dragon1->out
有色金属,EP000094,2,2025-11-26,2025-12-01,Dragon2,600868.SH,梅雁吉祥,EP000120,3,2025-12-05,2025-12-05,1,1,10.1156,10.1156,0,1,1,0,Dragon3,0,Dragon2->Dragon3
有色金属,EP000120,3,2025-12-05,2025-12-05,Dragon1,002295.SZ,精艺股份,EP000196,4,2026-01-06,2026-01-06,1,1,0.7639,0.7639,0,1,0,0,,0,Dragon1->out
有色金属,EP000120,3,2025-12-05,2025-12-05,Dragon2,002578.SZ,闽发铝业,EP000196,4,2026-01-06,2026-01-06,1,1,3.0837,3.0837,0,1,0,0,,0,Dragon2->out
有色金属,EP000120,3,2025-12-05,2025-12-05,Dragon3,600868.SH,梅雁吉祥,EP000196,4,2026-01-06,2026-01-06,1,1,2.346,2.346,0,1,0,0,,0,Dragon3->out
有色金属,EP000196,4,2026-01-06,2026-01-06,Dragon1,600459.SH,贵研铂业,EP000209,5,2026-01-09,2026-01-09,1,1,5.2195,5.2195,0,1,0,0,,0,Dragon1->out
有色金属,EP000196,4,2026-01-06,2026-01-06,Dragon2,000960.SZ,锡业股份,EP000209,5,2026-01-09,2026-01-09,1,1,7.81,7.81,0,1,0,0,,0,Dragon2->out
有色金属,EP000196,4,2026-01-06,2026-01-06,Dragon3,601068.SH,中铝国际,EP000209,5,2026-01-09,2026-01-09,1,1,0,0,0,1,0,0,,0,Dragon3->out
有色金属,EP000209,5,2026-01-09,2026-01-09,Dragon1,002428.SZ,云南锗业,EP000235,6,2026-01-21,2026-01-29,1,7,5.773429053394,16.535851641272,-9.235288914357,1,0,0,,0,Dragon1->out
有色金属,EP000209,5,2026-01-09,2026-01-09,Dragon2,600549.SH,厦门钨业,EP000235,6,2026-01-21,2026-01-29,1,7,11.006322763702,21.180240517443,-8.39569034547,1,0,0,,0,Dragon2->out
有色金属,EP000209,5,2026-01-09,2026-01-09,Dragon3,600397.SH,江钨装备,EP000235,6,2026-01-21,2026-01-29,1,7,6.638594907548,16.438420641547,-8.416316264,1,0,0,,0,Dragon3->out
有色金属,EP000235,6,2026-01-21,2026-01-29,Dragon1,000657.SZ,中钨高新,EP000291,7,2026-02-11,2026-02-12,1,2,16.2150913059,16.2150913059,0,1,0,0,,0,Dragon1->out
有色金属,EP000235,6,2026-01-21,2026-01-29,Dragon2,600868.SH,梅雁吉祥,EP000291,7,2026-02-11,2026-02-12,1,2,-1.4670036525,0,-1.4670036525,1,0,0,,0,Dragon2->out
有色金属,EP000235,6,2026-01-21,2026-01-29,Dragon3,300837.SZ,浙矿股份,EP000291,7,2026-02-11,2026-02-12,1,2,-0.6244145332,0.4163,-1.0364,1,0,0,,0,Dragon3->out
有色金属,EP000291,7,2026-02-11,2026-02-12,Dragon1,002842.SZ,翔鹭钨业,EP000301,8,2026-02-24,2026-03-02,1,5,25.673511540256,25.673511540256,-1.4568,1,0,0,,0,Dragon1->out
有色金属,EP000291,7,2026-02-11,2026-02-12,Dragon2,002378.SZ,章源钨业,EP000301,8,2026-02-24,2026-03-02,1,5,43.735670352339,43.735670352339,-0.229,1,0,0,,0,Dragon2->out
有色金属,EP000291,7,2026-02-11,2026-02-12,Dragon3,600397.SH,江钨装备,EP000301,8,2026-02-24,2026-03-02,1,5,38.799229118049,38.99284615274,-0.1393,1,1,0,Dragon1,1,Dragon3->Dragon1
有色金属,EP000301,8,2026-02-24,2026-03-02,Dragon1,600397.SH,江钨装备,EP000335,9,2026-03-06,2026-03-06,1,1,10.0165,10.0165,0,1,1,1,Dragon1,1,Dragon1->Dragon1
有色金属,EP000301,8,2026-02-24,2026-03-02,Dragon2,601390.SH,中国中铁,EP000335,9,2026-03-06,2026-03-06,1,1,0,0,0,1,0,0,,0,Dragon2->out
有色金属,EP000335,9,2026-03-06,2026-03-06,Dragon1,600397.SH,江钨装备,EP000421,10,2026-04-08,2026-04-08,1,1,5.6738,5.6738,0,1,0,0,,0,Dragon1->out
有色金属,EP000335,9,2026-03-06,2026-03-06,Dragon2,001216.SZ,华瓷股份,EP000421,10,2026-04-08,2026-04-08,1,1,2.6371,2.6371,0,1,0,0,,0,Dragon2->out
有色金属,EP000335,9,2026-03-06,2026-03-06,Dragon3,002667.SZ,威领股份,EP000421,10,2026-04-08,2026-04-08,1,1,6.0026,6.0026,0,1,0,0,,0,Dragon3->out
有色金属,EP000421,10,2026-04-08,2026-04-08,Dragon1,000426.SZ,兴业银锡,EP000444,11,2026-04-16,2026-04-16,1,1,2.0059,2.0059,0,1,0,0,,0,Dragon1->out
有色金属,EP000421,10,2026-04-08,2026-04-08,Dragon2,002716.SZ,湖南白银,EP000444,11,2026-04-16,2026-04-16,1,1,0.9213,0.9213,0,1,0,0,,0,Dragon2->out
有色金属,EP000421,10,2026-04-08,2026-04-08,Dragon3,000962.SZ,东方钽业,EP000444,11,2026-04-16,2026-04-16,1,1,4.0692,4.0692,0,1,0,0,,0,Dragon3->out
有色金属,EP000444,11,2026-04-16,2026-04-16,Dragon1,600961.SH,株冶集团,EP000471,12,2026-04-29,2026-04-29,1,1,1.1683,1.1683,0,1,0,0,,0,Dragon1->out
有色金属,EP000444,11,2026-04-16,2026-04-16,Dragon2,000657.SZ,中钨高新,EP000471,12,2026-04-29,2026-04-29,1,1,10,10,0,1,1,0,Dragon3,0,Dragon2->Dragon3
有色金属,EP000444,11,2026-04-16,2026-04-16,Dragon3,600549.SH,厦门钨业,EP000471,12,2026-04-29,2026-04-29,1,1,8.1863,8.1863,0,1,0,0,,0,Dragon3->out
有色金属,EP000471,12,2026-04-29,2026-04-29,Dragon1,002842.SZ,翔鹭钨业,EP000518,13,2026-05-22,2026-06-02,1,8,1.281242077454,5.1875,-4.783076970124,1,0,0,,0,Dragon1->out
有色金属,EP000471,12,2026-04-29,2026-04-29,Dragon2,600397.SH,江钨装备,EP000518,13,2026-05-22,2026-06-02,1,8,7.204364187905,9.240370889138,-4.086017036722,1,0,0,,0,Dragon2->out
有色金属,EP000471,12,2026-04-29,2026-04-29,Dragon3,000657.SZ,中钨高新,EP000518,13,2026-05-22,2026-06-02,1,8,17.28093099887,21.618682861958,-8.3949115552,1,0,0,,0,Dragon3->out
有色金属,EP000518,13,2026-05-22,2026-06-02,Dragon1,000510.SZ,新金路,EP000564,14,2026-06-11,2026-06-22,1,7,51.842595796038,51.842595796038,-4.0523,1,0,0,,0,Dragon1->out
有色金属,EP000518,13,2026-05-22,2026-06-02,Dragon2,000962.SZ,东方钽业,EP000564,14,2026-06-11,2026-06-22,1,7,30.748921064276,30.748921064276,-3.1075,1,0,0,,0,Dragon2->out
有色金属,EP000518,13,2026-05-22,2026-06-02,Dragon3,000060.SZ,中金岭南,EP000564,14,2026-06-11,2026-06-22,1,7,26.762611797561,26.762611797561,-0.6234,1,0,0,,0,Dragon3->out
有色金属,EP000564,14,2026-06-11,2026-06-22,Dragon1,601958.SH,金钼股份,EP000608,15,2026-06-25,2026-06-25,1,1,-1.7166,0,-1.7166,1,0,0,,0,Dragon1->out
有色金属,EP000564,14,2026-06-11,2026-06-22,Dragon2,002842.SZ,翔鹭钨业,EP000608,15,2026-06-25,2026-06-25,1,1,9.9914,9.9914,0,1,1,0,Dragon3,0,Dragon2->Dragon3
有色金属,EP000564,14,2026-06-11,2026-06-22,Dragon3,001257.SZ,盛龙股份,EP000608,15,2026-06-25,2026-06-25,1,1,0,0,0,1,0,0,,0,Dragon3->out
有色金属,EP000608,15,2026-06-25,2026-06-25,Dragon1,000962.SZ,东方钽业,EP000673,16,2026-07-21,2026-07-23,1,3,7.21750796132,7.21750796132,-1.7262,1,0,0,,0,Dragon1->out
有色金属,EP000608,15,2026-06-25,2026-06-25,Dragon2,600058.SH,五矿发展,EP000673,16,2026-07-21,2026-07-23,1,3,4.3423836014,4.3423836014,0,1,0,0,,0,Dragon2->out
有色金属,EP000608,15,2026-06-25,2026-06-25,Dragon3,002842.SZ,翔鹭钨业,EP000673,16,2026-07-21,2026-07-23,1,3,9.604716280971,9.604716280971,0,1,0,0,,0,Dragon3->out
有色金属,EP000673,16,2026-07-21,2026-07-23,Dragon1,000510.SZ,新金路,EP000718,17,2026-08-04,2026-08-05,1,2,21.021004885,21.021004885,0,1,1,1,Dragon1,1,Dragon1->Dragon1
有色金属,EP000673,16,2026-07-21,2026-07-23,Dragon2,000426.SZ,兴业银锡,EP000718,17,2026-08-04,2026-08-05,1,2,15.9373584655,15.9373584655,0,1,0,0,,0,Dragon2->out
有色金属,EP000673,16,2026-07-21,2026-07-23,Dragon3,000603.SZ,盛达资源,EP000718,17,2026-08-04,2026-08-05,1,2,13.33597,13.33597,0,1,0,0,,0,Dragon3->out
有色金属,EP000718,17,2026-08-04,2026-08-05,Dragon1,000510.SZ,新金路,EP000734,18,2026-08-10,2026-08-10,1,1,2.786,2.786,0,1,0,0,,0,Dragon1->out
有色金属,EP000718,17,2026-08-04,2026-08-05,Dragon2,300489.SZ,光智科技,EP000734,18,2026-08-10,2026-08-10,1,1,-1.25,0,-1.25,1,0,0,,0,Dragon2->out
有色金属,EP000718,17,2026-08-04,2026-08-05,Dragon3,600397.SH,江钨装备,EP000734,18,2026-08-10,2026-08-10,1,1,-2.8246,0,-2.8246,1,0,0,,0,Dragon3->out
有色金属,EP000734,18,2026-08-10,2026-08-10,Dragon1,002842.SZ,翔鹭钨业,EP000780,19,2026-08-26,2026-08-26,1,1,-0.8554,0,-0.8554,1,0,0,,0,Dragon1->out
有色金属,EP000734,18,2026-08-10,2026-08-10,Dragon2,600490.SH,鹏欣资源,EP000780,19,2026-08-26,2026-08-26,1,1,2.3161,2.3161,0,1,0,0,,0,Dragon2->out
有色金属,EP000734,18,2026-08-10,2026-08-10,Dragon3,601020.SH,华钰矿业,EP000780,19,2026-08-26,2026-08-26,1,1,2.2477,2.2477,0,1,0,0,,0,Dragon3->out
服装家纺,EP000077,1,2025-11-19,2025-11-19,Dragon1,603877.SH,太平鸟,EP000157,2,2025-12-18,2025-12-19,1,2,3.1788310475,3.1788310475,0,1,0,0,,0,Dragon1->out
服装家纺,EP000077,1,2025-11-19,2025-11-19,Dragon2,002321.SZ,华英农业,EP000157,2,2025-12-18,2025-12-19,1,2,4.2193541485,4.2193541485,0,1,0,0,,0,Dragon2->out
服装家纺,EP000077,1,2025-11-19,2025-11-19,Dragon3,001390.SZ,古麒绒材,EP000157,2,2025-12-18,2025-12-19,1,2,1.449267545,1.449267545,-0.0805,1,0,0,,0,Dragon3->out
服装家纺,EP000157,2,2025-12-18,2025-12-19,Dragon1,601566.SH,九牧王,EP000184,3,2025-12-31,2025-12-31,1,1,-4.8621,0,-4.8621,1,0,0,,0,Dragon1->out
服装家纺,EP000157,2,2025-12-18,2025-12-19,Dragon2,600137.SH,浪莎股份,EP000184,3,2025-12-31,2025-12-31,1,1,1.1573,1.1573,0,1,0,0,,0,Dragon2->out
服装家纺,EP000157,2,2025-12-18,2025-12-19,Dragon3,603958.SH,哈森股份,EP000184,3,2025-12-31,2025-12-31,1,1,1.5267,1.5267,0,1,0,0,,0,Dragon3->out
服装家纺,EP000184,3,2025-12-31,2025-12-31,Dragon1,605003.SH,众望布艺,EP000241,4,2026-01-23,2026-01-23,1,1,0.6221,0.6221,0,1,0,0,,0,Dragon1->out
服装家纺,EP000184,3,2025-12-31,2025-12-31,Dragon2,002634.SZ,棒杰股份,EP000241,4,2026-01-23,2026-01-23,1,1,5.7143,5.7143,0,1,0,0,,0,Dragon2->out
服装家纺,EP000184,3,2025-12-31,2025-12-31,Dragon3,603130.SH,云中马,EP000241,4,2026-01-23,2026-01-23,1,1,9.9966,9.9966,0,1,1,0,Dragon2,0,Dragon3->Dragon2
服装家纺,EP000241,4,2026-01-23,2026-01-23,Dragon1,301149.SZ,隆华新材,EP000315,5,2026-02-27,2026-02-27,1,1,1.6247,1.6247,0,1,0,0,,0,Dragon1->out
服装家纺,EP000241,4,2026-01-23,2026-01-23,Dragon2,603130.SH,云中马,EP000315,5,2026-02-27,2026-02-27,1,1,-0.4664,0,-0.4664,1,0,0,,0,Dragon2->out
服装家纺,EP000241,4,2026-01-23,2026-01-23,Dragon3,002780.SZ,三夫户外,EP000315,5,2026-02-27,2026-02-27,1,1,0.1846,0.1846,0,1,0,0,,0,Dragon3->out
服装家纺,EP000315,5,2026-02-27,2026-02-27,Dragon1,001209.SZ,洪兴股份,EP000602,6,2026-06-24,2026-06-24,1,1,-4.4174,0,-4.4174,1,0,0,,0,Dragon1->out
服装家纺,EP000315,5,2026-02-27,2026-02-27,Dragon2,002394.SZ,联发股份,EP000602,6,2026-06-24,2026-06-24,1,1,-2.9536,0,-2.9536,1,0,0,,0,Dragon2->out
服装家纺,EP000602,6,2026-06-24,2026-06-24,Dragon1,002687.SZ,乔治白,EP000740,7,2026-08-11,2026-08-11,1,1,9.9265,9.9265,0,1,1,0,Dragon2,0,Dragon1->Dragon2
服装家纺,EP000602,6,2026-06-24,2026-06-24,Dragon2,603001.SH,奥康国际,EP000740,7,2026-08-11,2026-08-11,1,1,3.7992,3.7992,0,1,0,0,,0,Dragon2->out
服装家纺,EP000602,6,2026-06-24,2026-06-24,Dragon3,002397.SZ,梦洁股份,EP000740,7,2026-08-11,2026-08-11,1,1,-1.3736,0,-1.3736,1,0,0,,0,Dragon3->out
服装家纺,EP000740,7,2026-08-11,2026-08-11,Dragon1,002762.SZ,金发拉比,EP000791,8,2026-08-31,2026-08-31,1,1,-0.1058,0,-0.1058,1,0,0,,0,Dragon1->out
服装家纺,EP000740,7,2026-08-11,2026-08-11,Dragon2,002687.SZ,乔治白,EP000791,8,2026-08-31,2026-08-31,1,1,0.1572,0.1572,0,1,0,0,,0,Dragon2->out
机器人概念,EP000048,1,2025-11-11,2025-11-11,Dragon1,002196.SZ,方正电机,EP000069,2,2025-11-17,2025-11-17,1,1,-4.2657,0,-4.2657,1,0,0,,0,Dragon1->out
机器人概念,EP000048,1,2025-11-11,2025-11-11,Dragon2,002691.SZ,冀凯股份,EP000069,2,2025-11-17,2025-11-17,1,1,-5.0992,0,-5.0992,1,0,0,,0,Dragon2->out
机器人概念,EP000048,1,2025-11-11,2025-11-11,Dragon3,603683.SH,晶华新材,EP000069,2,2025-11-17,2025-11-17,1,1,-3.2374,0,-3.2374,1,0,0,,0,Dragon3->out
机器人概念,EP000069,2,2025-11-17,2025-11-17,Dragon1,600376.SH,首开股份,EP000098,3,2025-11-27,2025-11-28,1,2,2.1088949648,2.1088949648,0,1,0,0,,0,Dragon1->out
机器人概念,EP000069,2,2025-11-17,2025-11-17,Dragon2,301261.SZ,恒工精密,EP000098,3,2025-11-27,2025-11-28,1,2,5.7665143702,5.7665143702,0,1,0,0,,0,Dragon2->out
机器人概念,EP000069,2,2025-11-17,2025-11-17,Dragon3,603959.SH,百利科技,EP000098,3,2025-11-27,2025-11-28,1,2,1.0887366482,1.0887366482,-1.0886,1,0,0,,0,Dragon3->out
机器人概念,EP000098,3,2025-11-27,2025-11-28,Dragon1,002548.SZ,金新农,EP000118,4,2025-12-04,2025-12-08,1,3,5.017418315981,5.017418315981,0,1,0,0,,0,Dragon1->out
机器人概念,EP000098,3,2025-11-27,2025-11-28,Dragon2,300509.SZ,新美星,EP000118,4,2025-12-04,2025-12-08,1,3,5.280082601382,9.76,-4.0815573967,1,0,0,,0,Dragon2->out
机器人概念,EP000098,3,2025-11-27,2025-11-28,Dragon3,601100.SH,恒立液压,EP000118,4,2025-12-04,2025-12-08,1,3,7.146282496286,8.3740521329,-1.1329,1,0,0,,0,Dragon3->out
机器人概念,EP000118,4,2025-12-04,2025-12-08,Dragon1,603933.SH,睿能科技,EP000131,5,2025-12-10,2025-12-12,1,3,-10.105676203745,0,-10.809921067,1,0,0,,0,Dragon1->out
机器人概念,EP000118,4,2025-12-04,2025-12-08,Dragon2,603386.SH,骏亚科技,EP000131,5,2025-12-10,2025-12-12,1,3,-18.362313197561,0,-18.362313197561,1,0,0,,0,Dragon2->out
机器人概念,EP000118,4,2025-12-04,2025-12-08,Dragon3,600592.SH,龙溪股份,EP000131,5,2025-12-10,2025-12-12,1,3,-4.661984409362,0,-5.124596875,1,0,0,,0,Dragon3->out
机器人概念,EP000131,5,2025-12-10,2025-12-12,Dragon1,000678.SZ,襄阳轴承,EP000161,6,2025-12-22,2025-12-22,1,1,2.3432,2.3432,0,1,0,0,,0,Dragon1->out
机器人概念,EP000131,5,2025-12-10,2025-12-12,Dragon2,301279.SZ,金道科技,EP000161,6,2025-12-22,2025-12-22,1,1,-0.3134,0,-0.3134,1,0,0,,0,Dragon2->out
机器人概念,EP000131,5,2025-12-10,2025-12-12,Dragon3,001311.SZ,多利科技,EP000161,6,2025-12-22,2025-12-22,1,1,2.7621,2.7621,0,1,0,0,,0,Dragon3->out
机器人概念,EP000161,6,2025-12-22,2025-12-22,Dragon1,603344.SH,星德胜,EP000172,7,2025-12-25,2026-01-05,1,6,15.387030980988,15.387030980988,-2.1858254632,1,0,0,,0,Dragon1->out
机器人概念,EP000161,6,2025-12-22,2025-12-22,Dragon2,603380.SH,易德龙,EP000172,7,2025-12-25,2026-01-05,1,6,-0.491552286403,4.4232,-5.870761647792,1,0,0,,0,Dragon2->out
机器人概念,EP000161,6,2025-12-22,2025-12-22,Dragon3,002523.SZ,天桥起重,EP000172,7,2025-12-25,2026-01-05,1,6,-0.234188095482,2.5761,-2.739710415469,1,0,0,,0,Dragon3->out
机器人概念,EP000172,7,2025-12-25,2026-01-05,Dragon1,002931.SZ,锋龙股份,EP000201,8,2026-01-07,2026-01-13,1,5,61.079111738574,61.079111738574,0,1,1,0,Dragon2,0,Dragon1->Dragon2
机器人概念,EP000172,7,2025-12-25,2026-01-05,Dragon2,002009.SZ,天奇股份,EP000201,8,2026-01-07,2026-01-13,1,5,3.634721352596,10.043196971423,-5.8236,1,0,0,,0,Dragon2->out
机器人概念,EP000172,7,2025-12-25,2026-01-05,Dragon3,000559.SZ,万向钱潮,EP000201,8,2026-01-07,2026-01-13,1,5,4.754053562945,13.045975894831,-7.335,1,0,0,,0,Dragon3->out
机器人概念,EP000201,8,2026-01-07,2026-01-13,Dragon1,001331.SZ,胜通能源,EP000226,9,2026-01-16,2026-01-22,1,5,7.476618290854,7.476618290854,-5.0162,1,0,0,,0,Dragon1->out
机器人概念,EP000201,8,2026-01-07,2026-01-13,Dragon2,002931.SZ,锋龙股份,EP000226,9,2026-01-16,2026-01-22,1,4,46.431430213708,46.431430213708,0,1,0,0,,0,Dragon2->out
机器人概念,EP000201,8,2026-01-07,2026-01-13,Dragon3,600053.SH,九鼎投资,EP000226,9,2026-01-16,2026-01-22,1,5,11.952248498867,14.33334,-2.8322364928,1,0,0,,0,Dragon3->out
机器人概念,EP000226,9,2026-01-16,2026-01-22,Dragon1,603179.SH,新泉股份,EP000244,10,2026-01-26,2026-01-27,1,2,-2.9396707562,0,-4.1741,1,0,0,,0,Dragon1->out
机器人概念,EP000226,9,2026-01-16,2026-01-22,Dragon2,300952.SZ,恒辉安防,EP000244,10,2026-01-26,2026-01-27,1,2,0.914508596,0.914508596,-3.996,1,0,0,,0,Dragon2->out
机器人概念,EP000226,9,2026-01-16,2026-01-22,Dragon3,603626.SH,科森科技,EP000244,10,2026-01-26,2026-01-27,1,2,2.05909963,2.05909963,0,1,0,0,,0,Dragon3->out
机器人概念,EP000244,10,2026-01-26,2026-01-27,Dragon1,001288.SZ,运机集团,EP000280,11,2026-02-06,2026-02-09,1,2,5.6582174033,5.6582174033,0,1,0,0,,0,Dragon1->out
机器人概念,EP000244,10,2026-01-26,2026-01-27,Dragon2,002009.SZ,天奇股份,EP000280,11,2026-02-06,2026-02-09,1,2,13.26392,13.26392,0,1,1,0,Dragon3,0,Dragon2->Dragon3
机器人概念,EP000244,10,2026-01-26,2026-01-27,Dragon3,603331.SH,百达精工,EP000280,11,2026-02-06,2026-02-09,1,2,10.7806583648,10.7806583648,0,1,0,0,,0,Dragon3->out
机器人概念,EP000280,11,2026-02-06,2026-02-09,Dragon1,002921.SZ,联诚精密,EP000340,12,2026-03-10,2026-03-10,1,1,3.309,3.309,0,1,0,0,,0,Dragon1->out
机器人概念,EP000280,11,2026-02-06,2026-02-09,Dragon2,603667.SH,五洲新春,EP000340,12,2026-03-10,2026-03-10,1,1,6.1485,6.1485,0,1,0,0,,0,Dragon2->out
机器人概念,EP000280,11,2026-02-06,2026-02-09,Dragon3,002009.SZ,天奇股份,EP000340,12,2026-03-10,2026-03-10,1,1,3.1453,3.1453,0,1,0,0,,0,Dragon3->out
机器人概念,EP000340,12,2026-03-10,2026-03-10,Dragon1,603949.SH,雪龙集团,EP000366,13,2026-03-23,2026-03-25,1,3,-16.574779678172,0,-16.574779678172,1,0,0,,0,Dragon1->out
机器人概念,EP000340,12,2026-03-10,2026-03-10,Dragon2,600376.SH,首开股份,EP000366,13,2026-03-23,2026-03-25,1,3,5.992565578639,9.9251,-3.5774672221,1,1,0,Dragon3,0,Dragon2->Dragon3
机器人概念,EP000340,12,2026-03-10,2026-03-10,Dragon3,003021.SZ,兆威机电,EP000366,13,2026-03-23,2026-03-25,1,3,-4.220955296192,0,-5.920963486,1,0,0,,0,Dragon3->out
机器人概念,EP000366,13,2026-03-23,2026-03-25,Dragon1,002896.SZ,中大力德,EP000395,14,2026-03-31,2026-03-31,1,1,-0.7548,0,-0.7548,1,0,0,,0,Dragon1->out
机器人概念,EP000366,13,2026-03-23,2026-03-25,Dragon2,600143.SH,金发科技,EP000395,14,2026-03-31,2026-03-31,1,1,-0.2389,0,-0.2389,1,0,0,,0,Dragon2->out
机器人概念,EP000366,13,2026-03-23,2026-03-25,Dragon3,600376.SH,首开股份,EP000395,14,2026-03-31,2026-03-31,1,1,-1.3672,0,-1.3672,1,0,0,,0,Dragon3->out
机器人概念,EP000395,14,2026-03-31,2026-03-31,Dragon1,603657.SH,春光科技,EP000405,15,2026-04-03,2026-04-03,1,1,-4.8618,0,-4.8618,1,0,0,,0,Dragon1->out
机器人概念,EP000395,14,2026-03-31,2026-03-31,Dragon2,000678.SZ,襄阳轴承,EP000405,15,2026-04-03,2026-04-03,1,1,0.6891,0.6891,0,1,0,0,,0,Dragon2->out
机器人概念,EP000395,14,2026-03-31,2026-03-31,Dragon3,301255.SZ,通力科技,EP000405,15,2026-04-03,2026-04-03,1,1,-4.8687,0,-4.8687,1,0,0,,0,Dragon3->out
机器人概念,EP000405,15,2026-04-03,2026-04-03,Dragon1,300626.SZ,华瑞股份,EP000445,16,2026-04-16,2026-04-17,1,2,7.6336424248,7.6336424248,-0.1908,1,0,0,,0,Dragon1->out
机器人概念,EP000405,15,2026-04-03,2026-04-03,Dragon2,605133.SH,嵘泰股份,EP000445,16,2026-04-16,2026-04-17,1,2,9.9320449056,9.9320449056,0,1,0,0,,0,Dragon2->out
机器人概念,EP000405,15,2026-04-03,2026-04-03,Dragon3,603966.SH,法兰泰克,EP000445,16,2026-04-16,2026-04-17,1,2,-0.071408,1,-1.0608,1,0,0,,0,Dragon3->out
机器人概念,EP000445,16,2026-04-16,2026-04-17,Dragon1,603897.SH,长城科技,EP000463,17,2026-04-27,2026-04-27,1,1,-2.2088,0,-2.2088,1,0,0,,0,Dragon1->out
机器人概念,EP000445,16,2026-04-16,2026-04-17,Dragon2,603920.SH,世运电路,EP000463,17,2026-04-27,2026-04-27,1,1,1.6106,1.6106,0,1,0,0,,0,Dragon2->out
机器人概念,EP000445,16,2026-04-16,2026-04-17,Dragon3,301603.SZ,乔锋智能,EP000463,17,2026-04-27,2026-04-27,1,1,-1.3331,0,-1.3331,1,0,0,,0,Dragon3->out
机器人概念,EP000463,17,2026-04-27,2026-04-27,Dragon1,603486.SH,科沃斯,EP000477,18,2026-04-30,2026-05-26,1,16,1.072997911516,3.793189688848,-7.996429608065,1,0,0,,0,Dragon1->out
机器人概念,EP000463,17,2026-04-27,2026-04-27,Dragon2,603657.SH,春光科技,EP000477,18,2026-04-30,2026-05-26,1,16,12.757200586114,30.183709194897,-16.577260167158,1,0,0,,0,Dragon2->out
机器人概念,EP000463,17,2026-04-27,2026-04-27,Dragon3,603726.SH,朗迪集团,EP000477,18,2026-04-30,2026-05-26,1,16,34.794157589468,34.794157589468,-5.0415,1,0,0,,0,Dragon3->out
机器人概念,EP000477,18,2026-04-30,2026-05-26,Dragon1,600400.SH,红豆股份,EP000537,19,2026-06-01,2026-06-24,1,17,7.903748343039,12.027479877323,-11.340254623436,1,0,0,,0,Dragon1->out
机器人概念,EP000477,18,2026-04-30,2026-05-26,Dragon2,300083.SZ,创世纪,EP000537,19,2026-06-01,2026-06-24,1,17,29.370494593739,29.370494593739,-6.448704549489,1,0,0,,0,Dragon2->out
机器人概念,EP000477,18,2026-04-30,2026-05-26,Dragon3,603119.SH,浙江荣泰,EP000537,19,2026-06-01,2026-06-24,1,17,3.508043157132,14.502706614859,-9.602099184177,1,0,0,,0,Dragon3->out
机器人概念,EP000537,19,2026-06-01,2026-06-24,Dragon1,603725.SH,天安新材,EP000611,20,2026-06-26,2026-07-15,1,14,9.505815925834,20.861036251485,-17.619481617461,1,0,0,,0,Dragon1->out
机器人概念,EP000537,19,2026-06-01,2026-06-24,Dragon2,600503.SH,华丽家族,EP000611,20,2026-06-26,2026-07-15,1,14,0.48058459239,4.807614040279,-10.091779387756,1,0,0,,0,Dragon2->out
机器人概念,EP000537,19,2026-06-01,2026-06-24,Dragon3,605566.SH,福莱蒽特,EP000611,20,2026-06-26,2026-07-15,1,14,-32.876246103802,0,-32.876246103802,1,0,0,,0,Dragon3->out
机器人概念,EP000611,20,2026-06-26,2026-07-15,Dragon1,002354.SZ,天娱数科,EP000669,21,2026-07-20,2026-07-29,1,8,-13.547529532874,0,-17.318435440885,1,0,0,,0,Dragon1->out
机器人概念,EP000611,20,2026-06-26,2026-07-15,Dragon2,603956.SH,威派格,EP000669,21,2026-07-20,2026-07-29,1,8,15.241607022051,17.286249173918,-3.3457074584,1,0,0,,0,Dragon2->out
机器人概念,EP000611,20,2026-06-26,2026-07-15,Dragon3,603270.SH,金帝股份,EP000669,21,2026-07-20,2026-07-29,1,8,-10.627930936794,0,-16.610860349266,1,0,0,,0,Dragon3->out
机器人概念,EP000669,21,2026-07-20,2026-07-29,Dragon1,688057.SH,金达莱,EP000710,22,2026-07-31,2026-08-04,1,3,18.478863821375,18.478863821375,0,1,0,0,,0,Dragon1->out
机器人概念,EP000669,21,2026-07-20,2026-07-29,Dragon2,001288.SZ,运机集团,EP000710,22,2026-07-31,2026-08-04,1,3,4.432072171683,7.9540738304,-3.2625,1,0,0,,0,Dragon2->out
机器人概念,EP000669,21,2026-07-20,2026-07-29,Dragon3,002857.SZ,三晖电气,EP000710,22,2026-07-31,2026-08-04,1,3,11.497291756433,11.497291756433,0,1,0,0,,0,Dragon3->out
机器人概念,EP000710,22,2026-07-31,2026-08-04,Dragon1,002354.SZ,天娱数科,EP000735,23,2026-08-10,2026-08-18,1,7,-1.369986264391,6.226557361082,-7.151265949108,1,0,0,,0,Dragon1->out
机器人概念,EP000710,22,2026-07-31,2026-08-04,Dragon2,300508.SZ,维宏股份,EP000735,23,2026-08-10,2026-08-18,1,7,8.638652183875,10.469799581742,-2.531607193,1,0,0,,0,Dragon2->out
机器人概念,EP000710,22,2026-07-31,2026-08-04,Dragon3,002957.SZ,科瑞技术,EP000735,23,2026-08-10,2026-08-18,1,7,5.979192679598,5.979192679598,-6.0760418405,1,0,0,,0,Dragon3->out
机器人概念,EP000735,23,2026-08-10,2026-08-18,Dragon1,603758.SH,秦安股份,EP000769,24,2026-08-21,2026-08-31,1,7,8.606411088072,18.615694762062,-8.438414236892,1,1,0,Dragon3,0,Dragon1->Dragon3
机器人概念,EP000735,23,2026-08-10,2026-08-18,Dragon2,603725.SH,天安新材,EP000769,24,2026-08-21,2026-08-31,1,7,-8.477250144685,3.209927723486,-13.875562512032,1,0,0,,0,Dragon2->out
机器人概念,EP000735,23,2026-08-10,2026-08-18,Dragon3,605128.SH,上海沿浦,EP000769,24,2026-08-21,2026-08-31,1,7,2.100217433351,5.014906153646,-2.7755,1,0,0,,0,Dragon3->out
核电,EP000027,1,2025-11-06,2025-11-06,Dragon1,002255.SZ,海陆重工,EP000137,2,2025-12-12,2025-12-15,1,2,5.8726479698,10.0083,-3.7594,1,0,0,,0,Dragon1->out
核电,EP000027,1,2025-11-06,2025-11-06,Dragon2,000922.SZ,佳电股份,EP000137,2,2025-12-12,2025-12-15,1,2,2.784497642,4.6142,-1.749,1,0,0,,0,Dragon2->out
核电,EP000137,2,2025-12-12,2025-12-15,Dragon1,002639.SZ,雪人集团,EP000158,3,2025-12-19,2025-12-22,1,2,5.0838684094,10.0054,-4.4739,1,1,0,Dragon2,0,Dragon1->Dragon2
核电,EP000137,2,2025-12-12,2025-12-15,Dragon2,600192.SH,长城电工,EP000158,3,2025-12-19,2025-12-22,1,2,1.5839256047,3.6959,-2.0367,1,0,0,,0,Dragon2->out
核电,EP000137,2,2025-12-12,2025-12-15,Dragon3,000969.SZ,安泰科技,EP000158,3,2025-12-19,2025-12-22,1,2,4.8806,4.8806,0,1,0,0,,0,Dragon3->out
核电,EP000158,3,2025-12-19,2025-12-22,Dragon1,002735.SZ,王子新材,EP000202,4,2026-01-07,2026-01-14,1,6,8.920205697292,21.335454331206,-10.2321689092,1,0,0,,0,Dragon1->out
核电,EP000158,3,2025-12-19,2025-12-22,Dragon2,002639.SZ,雪人集团,EP000202,4,2026-01-07,2026-01-14,1,6,34.869718163566,36.82355858009,-1.428,1,0,0,,0,Dragon2->out
核电,EP000158,3,2025-12-19,2025-12-22,Dragon3,002666.SZ,德联集团,EP000202,4,2026-01-07,2026-01-14,1,6,-1.284478439344,1.467784796303,-2.7124503025,1,0,0,,0,Dragon3->out
核电,EP000202,4,2026-01-07,2026-01-14,Dragon1,603015.SH,弘讯科技,EP000239,5,2026-01-22,2026-01-22,1,1,1.144,1.144,0,1,0,0,,0,Dragon1->out
核电,EP000202,4,2026-01-07,2026-01-14,Dragon2,601106.SH,中国一重,EP000239,5,2026-01-22,2026-01-22,1,1,10.101,10.101,0,1,1,1,Dragon2,0,Dragon2->Dragon2
核电,EP000202,4,2026-01-07,2026-01-14,Dragon3,601611.SH,中国核建,EP000239,5,2026-01-22,2026-01-22,1,1,6.6423,6.6423,0,1,0,0,,0,Dragon3->out
核电,EP000239,5,2026-01-22,2026-01-22,Dragon1,002149.SZ,西部材料,EP000350,6,2026-03-13,2026-03-13,1,1,-7.1261,0,-7.1261,1,0,0,,0,Dragon1->out
核电,EP000239,5,2026-01-22,2026-01-22,Dragon2,601106.SH,中国一重,EP000350,6,2026-03-13,2026-03-13,1,1,0.2114,0.2114,0,1,0,0,,0,Dragon2->out
核电,EP000239,5,2026-01-22,2026-01-22,Dragon3,001379.SZ,腾达科技,EP000350,6,2026-03-13,2026-03-13,1,1,-1.6695,0,-1.6695,1,0,0,,0,Dragon3->out
核电,EP000350,6,2026-03-13,2026-03-13,Dragon1,600307.SH,酒钢宏兴,EP000580,7,2026-06-16,2026-06-16,1,1,-1.2739,0,-1.2739,1,0,0,,0,Dragon1->out
核电,EP000350,6,2026-03-13,2026-03-13,Dragon2,603169.SH,兰石重装,EP000580,7,2026-06-16,2026-06-16,1,1,10.0271,10.0271,0,1,1,1,Dragon2,0,Dragon2->Dragon2
核电,EP000350,6,2026-03-13,2026-03-13,Dragon3,603280.SH,南方路机,EP000580,7,2026-06-16,2026-06-16,1,1,-0.2843,0,-0.2843,1,0,0,,0,Dragon3->out
核电,EP000580,7,2026-06-16,2026-06-16,Dragon1,000777.SZ,中核科技,EP000715,8,2026-08-03,2026-08-04,1,2,6.166418072,7.039,-0.8152,1,0,0,,0,Dragon1->out
核电,EP000580,7,2026-06-16,2026-06-16,Dragon2,603169.SH,兰石重装,EP000715,8,2026-08-03,2026-08-04,1,2,-0.1430694864,0.5722,-0.7112,1,0,0,,0,Dragon2->out
核电,EP000580,7,2026-06-16,2026-06-16,Dragon3,000922.SZ,佳电股份,EP000715,8,2026-08-03,2026-08-04,1,2,4.9541542424,4.9541542424,0,1,0,0,,0,Dragon3->out
核电,EP000715,8,2026-08-03,2026-08-04,Dragon1,003001.SZ,中岩大地,EP000781,9,2026-08-26,2026-08-26,1,1,2.4204,2.4204,0,1,0,0,,0,Dragon1->out
核电,EP000715,8,2026-08-03,2026-08-04,Dragon2,605167.SH,利柏特,EP000781,9,2026-08-26,2026-08-26,1,1,0.069,0.069,0,1,0,0,,0,Dragon2->out
核电,EP000715,8,2026-08-03,2026-08-04,Dragon3,603011.SH,合锻智能,EP000781,9,2026-08-26,2026-08-26,1,1,0.2193,0.2193,0,1,0,0,,0,Dragon3->out
氢能源,EP000070,1,2025-11-17,2025-11-17,Dragon1,002639.SZ,雪人集团,EP000271,2,2026-02-04,2026-02-04,1,1,2.03,2.03,0,1,0,0,,0,Dragon1->out
氢能源,EP000070,1,2025-11-17,2025-11-17,Dragon2,000723.SZ,美锦能源,EP000271,2,2026-02-04,2026-02-04,1,1,10,10,0,1,0,0,,0,Dragon2->out
氢能源,EP000070,1,2025-11-17,2025-11-17,Dragon3,002356.SZ,赫美集团,EP000271,2,2026-02-04,2026-02-04,1,1,5.102,5.102,0,1,0,0,,0,Dragon3->out
氢能源,EP000271,2,2026-02-04,2026-02-04,Dragon1,600860.SH,京城股份,EP000372,3,2026-03-24,2026-03-24,1,1,4.7785,4.7785,0,1,0,0,,0,Dragon1->out
氢能源,EP000271,2,2026-02-04,2026-02-04,Dragon2,300423.SZ,昇辉科技,EP000372,3,2026-03-24,2026-03-24,1,1,7.6831,7.6831,0,1,0,0,,0,Dragon2->out
氢能源,EP000271,2,2026-02-04,2026-02-04,Dragon3,601226.SH,华电科工,EP000372,3,2026-03-24,2026-03-24,1,1,10.0338,10.0338,0,1,1,0,Dragon1,1,Dragon3->Dragon1
汽车零部件,EP000105,1,2025-11-28,2025-12-02,Dragon1,000678.SZ,襄阳轴承,EP000177,2,2025-12-26,2025-12-26,1,1,-2.0974,0,-2.0974,1,0,0,,0,Dragon1->out
汽车零部件,EP000105,1,2025-11-28,2025-12-02,Dragon2,603758.SH,秦安股份,EP000177,2,2025-12-26,2025-12-26,1,1,-2.8495,0,-2.8495,1,0,0,,0,Dragon2->out
汽车零部件,EP000105,1,2025-11-28,2025-12-02,Dragon3,002976.SZ,瑞玛精密,EP000177,2,2025-12-26,2025-12-26,1,1,-1.1677,0,-1.1677,1,0,0,,0,Dragon3->out
汽车零部件,EP000177,2,2025-12-26,2025-12-26,Dragon1,002363.SZ,隆基机械,EP000227,3,2026-01-16,2026-01-16,1,1,-2.6131,0,-2.6131,1,0,0,,0,Dragon1->out
汽车零部件,EP000177,2,2025-12-26,2025-12-26,Dragon2,301181.SZ,标榜股份,EP000227,3,2026-01-16,2026-01-16,1,1,3.8435,3.8435,0,1,0,0,,0,Dragon2->out
汽车零部件,EP000227,3,2026-01-16,2026-01-16,Dragon1,601163.SH,三角轮胎,EP000456,4,2026-04-21,2026-04-21,1,1,0.0716,0.0716,0,1,0,0,,0,Dragon1->out
汽车零部件,EP000227,3,2026-01-16,2026-01-16,Dragon2,301529.SZ,福赛科技,EP000456,4,2026-04-21,2026-04-21,1,1,3.1387,3.1387,0,1,0,0,,0,Dragon2->out
汽车零部件,EP000227,3,2026-01-16,2026-01-16,Dragon3,001233.SZ,海安集团,EP000456,4,2026-04-21,2026-04-21,1,1,-0.2774,0,-0.2774,1,0,0,,0,Dragon3->out
汽车零部件,EP000456,4,2026-04-21,2026-04-21,Dragon1,603178.SH,圣龙股份,EP000546,5,2026-06-05,2026-06-05,1,1,1.9965,1.9965,0,1,0,0,,0,Dragon1->out
汽车零部件,EP000456,4,2026-04-21,2026-04-21,Dragon2,603335.SH,迪生力,EP000546,5,2026-06-05,2026-06-05,1,1,-0.289,0,-0.289,1,0,0,,0,Dragon2->out
汽车零部件,EP000546,5,2026-06-05,2026-06-05,Dragon1,603159.SH,上海亚虹,EP000708,6,2026-07-30,2026-07-30,1,1,-5.5586,0,-5.5586,1,0,0,,0,Dragon1->out
汽车零部件,EP000546,5,2026-06-05,2026-06-05,Dragon2,600303.SH,曙光股份,EP000708,6,2026-07-30,2026-07-30,1,1,0.7576,0.7576,0,1,0,0,,0,Dragon2->out
汽车零部件,EP000546,5,2026-06-05,2026-06-05,Dragon3,603048.SH,浙江黎明,EP000708,6,2026-07-30,2026-07-30,1,1,-3.8612,0,-3.8612,1,0,0,,0,Dragon3->out
汽车零部件,EP000708,6,2026-07-30,2026-07-30,Dragon1,605068.SH,明新旭腾,EP000722,7,2026-08-05,2026-08-05,1,1,2.2357,2.2357,0,1,0,0,,0,Dragon1->out
汽车零部件,EP000708,6,2026-07-30,2026-07-30,Dragon2,002703.SZ,浙江世宝,EP000722,7,2026-08-05,2026-08-05,1,1,10,10,0,1,0,0,,0,Dragon2->out
汽车零部件,EP000708,6,2026-07-30,2026-07-30,Dragon3,600418.SH,江淮汽车,EP000722,7,2026-08-05,2026-08-05,1,1,1.8371,1.8371,0,1,0,0,,0,Dragon3->out
洁净室,EP000169,1,2025-12-24,2025-12-24,Dragon1,000551.SZ,创元科技,EP000217,2,2026-01-14,2026-01-14,1,1,9.2437,9.2437,0,1,0,0,,0,Dragon1->out
洁净室,EP000169,1,2025-12-24,2025-12-24,Dragon2,603163.SH,圣晖集成,EP000217,2,2026-01-14,2026-01-14,1,1,10.0069,10.0069,0,1,1,1,Dragon2,0,Dragon2->Dragon2
洁净室,EP000169,1,2025-12-24,2025-12-24,Dragon3,600962.SH,国投中鲁,EP000217,2,2026-01-14,2026-01-14,1,1,-3.3459,0,-3.3459,1,0,0,,0,Dragon3->out
流感,EP000090,1,2025-11-25,2025-11-25,Dragon1,000952.SZ,广济药业,EP000099,2,2025-11-27,2025-11-27,1,1,10.0317,10.0317,0,1,1,1,Dragon1,1,Dragon1->Dragon1
流感,EP000090,1,2025-11-25,2025-11-25,Dragon2,002728.SZ,特一药业,EP000099,2,2025-11-27,2025-11-27,1,1,9.9927,9.9927,0,1,1,0,Dragon3,0,Dragon2->Dragon3
流感,EP000090,1,2025-11-25,2025-11-25,Dragon3,000788.SZ,北大医药,EP000099,2,2025-11-27,2025-11-27,1,1,0.9589,0.9589,0,1,0,0,,0,Dragon3->out
海南,EP000011,1,2025-11-03,2025-11-05,Dragon1,000572.SZ,海马汽车,EP000132,2,2025-12-10,2025-12-10,1,1,10,10,0,1,0,0,,0,Dragon1->out
海南,EP000011,1,2025-11-03,2025-11-05,Dragon2,000955.SZ,欣龙控股,EP000132,2,2025-12-10,2025-12-10,1,1,10.061,10.061,0,1,0,0,,0,Dragon2->out
海南,EP000011,1,2025-11-03,2025-11-05,Dragon3,002163.SZ,海南发展,EP000132,2,2025-12-10,2025-12-10,1,1,10,10,0,1,1,0,Dragon1,1,Dragon3->Dragon1
海南,EP000132,2,2025-12-10,2025-12-10,Dragon1,002163.SZ,海南发展,EP000159,3,2025-12-19,2025-12-24,1,4,46.369270673896,46.369270673896,0,1,1,0,Dragon2,0,Dragon1->Dragon2
海南,EP000132,2,2025-12-10,2025-12-10,Dragon2,000735.SZ,罗牛山,EP000159,3,2025-12-19,2025-12-24,1,4,12.903198324954,16.5739778895,-3.1488841944,1,0,0,,0,Dragon2->out
海南,EP000132,2,2025-12-10,2025-12-10,Dragon3,002596.SZ,海南瑞泽,EP000159,3,2025-12-19,2025-12-24,1,4,27.983669303022,33.333405533232,-4.0123,1,0,0,,0,Dragon3->out
海南,EP000159,3,2025-12-19,2025-12-24,Dragon1,603069.SH,海汽集团,EP000178,4,2025-12-26,2025-12-29,1,2,3.077552664,9.9928,-6.287,1,0,0,,0,Dragon1->out
海南,EP000159,3,2025-12-19,2025-12-24,Dragon2,002163.SZ,海南发展,EP000178,4,2025-12-26,2025-12-29,1,2,18.5686746794,18.5686746794,0,1,1,0,Dragon1,1,Dragon2->Dragon1
海南,EP000159,3,2025-12-19,2025-12-24,Dragon3,000566.SZ,海南海药,EP000178,4,2025-12-26,2025-12-29,1,2,-7.2839824395,0,-7.2839824395,1,0,0,,0,Dragon3->out
海南,EP000178,4,2025-12-26,2025-12-29,Dragon1,002163.SZ,海南发展,EP000632,5,2026-07-02,2026-07-02,1,1,1.8626,1.8626,0,1,0,0,,0,Dragon1->out
海南,EP000178,4,2025-12-26,2025-12-29,Dragon2,600179.SH,安通控股,EP000632,5,2026-07-02,2026-07-02,1,1,-4.1322,0,-4.1322,1,0,0,,0,Dragon2->out
海南,EP000178,4,2025-12-26,2025-12-29,Dragon3,000505.SZ,京粮控股,EP000632,5,2026-07-02,2026-07-02,1,1,0.9597,0.9597,0,1,0,0,,0,Dragon3->out
海峡两岸,EP000063,1,2025-11-14,2025-11-26,Dragon1,000632.SZ,三木集团,EP000106,2,2025-11-28,2025-11-28,1,1,3.5117,3.5117,0,1,0,0,,0,Dragon1->out
海峡两岸,EP000063,1,2025-11-14,2025-11-26,Dragon2,600693.SH,东百集团,EP000106,2,2025-11-28,2025-11-28,1,1,2.045,2.045,0,1,0,0,,0,Dragon2->out
海峡两岸,EP000063,1,2025-11-14,2025-11-26,Dragon3,601566.SH,九牧王,EP000106,2,2025-11-28,2025-11-28,1,1,4.1925,4.1925,0,1,0,0,,0,Dragon3->out
海峡两岸,EP000106,2,2025-11-28,2025-11-28,Dragon1,600802.SH,福建水泥,EP000114,3,2025-12-02,2025-12-10,1,7,3.53549652418,6.944573884804,-3.1877048426,1,0,0,,0,Dragon1->out
海峡两岸,EP000106,2,2025-11-28,2025-11-28,Dragon2,603933.SH,睿能科技,EP000114,3,2025-12-02,2025-12-10,1,7,8.807079594079,24.604961222262,-12.678372894,1,0,0,,0,Dragon2->out
海峡两岸,EP000106,2,2025-11-28,2025-11-28,Dragon3,600815.SH,厦工股份,EP000114,3,2025-12-02,2025-12-10,1,7,9.798946029942,12.060265436899,-4.076764858,1,0,0,,0,Dragon3->out
海峡两岸,EP000114,3,2025-12-02,2025-12-10,Dragon1,000592.SZ,平潭发展,EP000138,4,2025-12-12,2025-12-26,1,11,15.486568078468,19.533078937791,-16.015615486087,1,0,0,,0,Dragon1->out
海峡两岸,EP000114,3,2025-12-02,2025-12-10,Dragon2,002300.SZ,太阳电缆,EP000138,4,2025-12-12,2025-12-26,1,11,1.749025718549,33.127581680502,-25.270471182338,1,0,0,,0,Dragon2->out
海峡两岸,EP000114,3,2025-12-02,2025-12-10,Dragon3,603122.SH,合富中国,EP000138,4,2025-12-12,2025-12-26,1,11,-3.301754024506,13.889940522166,-17.56084448416,1,0,0,,0,Dragon3->out
海峡两岸,EP000138,4,2025-12-12,2025-12-26,Dragon1,002682.SZ,龙洲股份,EP000378,5,2026-03-25,2026-03-25,1,1,3.9049,3.9049,0,1,0,0,,0,Dragon1->out
海峡两岸,EP000138,4,2025-12-12,2025-12-26,Dragon2,600493.SH,凤竹纺织,EP000378,5,2026-03-25,2026-03-25,1,1,2.849,2.849,0,1,0,0,,0,Dragon2->out
海峡两岸,EP000138,4,2025-12-12,2025-12-26,Dragon3,601566.SH,九牧王,EP000378,5,2026-03-25,2026-03-25,1,1,2.1053,2.1053,0,1,0,0,,0,Dragon3->out
海峡两岸,EP000378,5,2026-03-25,2026-03-25,Dragon1,000592.SZ,平潭发展,EP000387,6,2026-03-30,2026-03-31,1,2,21.0227634812,21.0227634812,0,1,1,1,Dragon1,1,Dragon1->Dragon1
海峡两岸,EP000378,5,2026-03-25,2026-03-25,Dragon2,000993.SZ,闽东电力,EP000387,6,2026-03-30,2026-03-31,1,2,0.2459278212,0.2459278212,-8.8506,1,0,0,,0,Dragon2->out
海峡两岸,EP000378,5,2026-03-25,2026-03-25,Dragon3,600802.SH,福建水泥,EP000387,6,2026-03-30,2026-03-31,1,2,5.785212603,5.785212603,0,1,0,0,,0,Dragon3->out
消费电子,EP000341,1,2026-03-10,2026-03-10,Dragon1,002903.SZ,宇环数控,EP000426,2,2026-04-09,2026-04-09,1,1,0.268,0.268,0,1,0,0,,0,Dragon1->out
消费电子,EP000341,1,2026-03-10,2026-03-10,Dragon2,002632.SZ,道明光学,EP000426,2,2026-04-09,2026-04-09,1,1,-1.5913,0,-1.5913,1,0,0,,0,Dragon2->out
消费电子,EP000426,2,2026-04-09,2026-04-09,Dragon1,002384.SZ,东山精密,EP000574,3,2026-06-15,2026-06-15,1,1,10.0023,10.0023,0,1,0,0,,0,Dragon1->out
消费电子,EP000426,2,2026-04-09,2026-04-09,Dragon2,002947.SZ,恒铭达,EP000574,3,2026-06-15,2026-06-15,1,1,6.712,6.712,0,1,0,0,,0,Dragon2->out
消费电子,EP000426,2,2026-04-09,2026-04-09,Dragon3,002824.SZ,和胜股份,EP000574,3,2026-06-15,2026-06-15,1,1,10.0173,10.0173,0,1,1,0,Dragon1,1,Dragon3->Dragon1
消费电子,EP000574,3,2026-06-15,2026-06-15,Dragon1,002824.SZ,和胜股份,EP000765,4,2026-08-20,2026-08-21,1,2,1.6553920174,1.6978,-0.0417,1,0,0,,0,Dragon1->out
消费电子,EP000574,3,2026-06-15,2026-06-15,Dragon2,603327.SH,福蓉科技,EP000765,4,2026-08-20,2026-08-21,1,2,10.0235089117,10.0235089117,0,1,0,0,,0,Dragon2->out
消费电子,EP000574,3,2026-06-15,2026-06-15,Dragon3,002635.SZ,安洁科技,EP000765,4,2026-08-20,2026-08-21,1,2,3.861586784,3.9947,-0.128,1,0,0,,0,Dragon3->out
消费电子,EP000765,4,2026-08-20,2026-08-21,Dragon1,603958.SH,哈森股份,EP000782,5,2026-08-26,2026-08-27,1,2,6.1096221696,6.3342,-0.2112,1,0,0,,0,Dragon1->out
消费电子,EP000765,4,2026-08-20,2026-08-21,Dragon2,603626.SH,科森科技,EP000782,5,2026-08-26,2026-08-27,1,2,-1.0474101704,0,-2.0948,1,0,0,,0,Dragon2->out
消费电子,EP000765,4,2026-08-20,2026-08-21,Dragon3,002903.SZ,宇环数控,EP000782,5,2026-08-26,2026-08-27,1,2,-5.8633754566,0,-5.8633754566,1,0,0,,0,Dragon3->out
消费电子,EP000782,5,2026-08-26,2026-08-27,Dragon1,002855.SZ,捷荣技术,EP000792,6,2026-08-31,2026-08-31,1,1,9.9727,9.9727,0,1,1,1,Dragon1,1,Dragon1->Dragon1
消费电子,EP000782,5,2026-08-26,2026-08-27,Dragon2,000536.SZ,华映科技,EP000792,6,2026-08-31,2026-08-31,1,1,1.6949,1.6949,0,1,0,0,,0,Dragon2->out
液冷,EP000028,1,2025-11-06,2025-11-06,Dragon1,603516.SH,淳中科技,EP000146,2,2025-12-17,2025-12-17,1,1,6.5248,6.5248,0,1,0,0,,0,Dragon1->out
液冷,EP000028,1,2025-11-06,2025-11-06,Dragon2,600506.SH,统一股份,EP000146,2,2025-12-17,2025-12-17,1,1,-0.0437,0,-0.0437,1,0,0,,0,Dragon2->out
液冷,EP000028,1,2025-11-06,2025-11-06,Dragon3,002975.SZ,博杰股份,EP000146,2,2025-12-17,2025-12-17,1,1,8.1766,8.1766,0,1,0,0,,0,Dragon3->out
液冷,EP000146,2,2025-12-17,2025-12-17,Dragon1,002536.SZ,飞龙股份,EP000164,3,2025-12-23,2025-12-23,1,1,4.5724,4.5724,0,1,0,0,,0,Dragon1->out
液冷,EP000146,2,2025-12-17,2025-12-17,Dragon2,002837.SZ,英维克,EP000164,3,2025-12-23,2025-12-23,1,1,10,10,0,1,0,0,,0,Dragon2->out
液冷,EP000146,2,2025-12-17,2025-12-17,Dragon3,301123.SZ,奕东电子,EP000164,3,2025-12-23,2025-12-23,1,1,20.0033,20.0033,0,1,0,0,,0,Dragon3->out
液冷,EP000164,3,2025-12-23,2025-12-23,Dragon1,603203.SH,快克智能,EP000181,4,2025-12-29,2025-12-30,1,2,-0.1334078621,0,-1.8677,1,0,0,,0,Dragon1->out
液冷,EP000164,3,2025-12-23,2025-12-23,Dragon2,002909.SZ,集泰股份,EP000181,4,2025-12-29,2025-12-30,1,2,-2.35782124,0,-3.19,1,0,0,,0,Dragon2->out
液冷,EP000164,3,2025-12-23,2025-12-23,Dragon3,300414.SZ,中光防雷,EP000181,4,2025-12-29,2025-12-30,1,2,-9.275218006,0,-9.275218006,1,0,0,,0,Dragon3->out
液冷,EP000181,4,2025-12-29,2025-12-30,Dragon1,002272.SZ,川润股份,EP000272,5,2026-02-04,2026-02-04,1,1,-0.2681,0,-0.2681,1,0,0,,0,Dragon1->out
液冷,EP000181,4,2025-12-29,2025-12-30,Dragon2,001266.SZ,宏英智能,EP000272,5,2026-02-04,2026-02-04,1,1,1.6148,1.6148,0,1,0,0,,0,Dragon2->out
液冷,EP000181,4,2025-12-29,2025-12-30,Dragon3,600506.SH,统一股份,EP000272,5,2026-02-04,2026-02-04,1,1,0.366,0.366,0,1,0,0,,0,Dragon3->out
液冷,EP000272,5,2026-02-04,2026-02-04,Dragon1,002126.SZ,银轮股份,EP000598,6,2026-06-23,2026-06-23,1,1,-1.1398,0,-1.1398,1,0,0,,0,Dragon1->out
液冷,EP000272,5,2026-02-04,2026-02-04,Dragon2,002334.SZ,英威腾,EP000598,6,2026-06-23,2026-06-23,1,1,-1.1029,0,-1.1029,1,0,0,,0,Dragon2->out
液冷,EP000598,6,2026-06-23,2026-06-23,Dragon1,603757.SH,大元泵业,EP000637,7,2026-07-06,2026-07-06,1,1,10.0014,10.0014,0,1,1,0,Dragon3,0,Dragon1->Dragon3
液冷,EP000598,6,2026-06-23,2026-06-23,Dragon2,600506.SH,统一股份,EP000637,7,2026-07-06,2026-07-06,1,1,-0.069,0,-0.069,1,0,0,,0,Dragon2->out
液冷,EP000598,6,2026-06-23,2026-06-23,Dragon3,002580.SZ,圣阳股份,EP000637,7,2026-07-06,2026-07-06,1,1,-6.3809,0,-6.3809,1,0,0,,0,Dragon3->out
液冷,EP000637,7,2026-07-06,2026-07-06,Dragon1,605060.SH,XD联德股,EP000645,8,2026-07-09,2026-07-09,1,1,-1.4256,0,-1.4256,1,0,0,,0,Dragon1->out
液冷,EP000637,7,2026-07-06,2026-07-06,Dragon2,603269.SH,海鸥股份,EP000645,8,2026-07-09,2026-07-09,1,1,-1.8508,0,-1.8508,1,0,0,,0,Dragon2->out
液冷,EP000637,7,2026-07-06,2026-07-06,Dragon3,603757.SH,大元泵业,EP000645,8,2026-07-09,2026-07-09,1,1,9.9986,9.9986,0,1,1,0,Dragon2,0,Dragon3->Dragon2
煤炭,EP000025,1,2025-11-05,2025-11-05,Dragon1,600408.SH,安泰集团,EP000064,2,2025-11-14,2025-11-17,1,2,21.0896612464,21.0896612464,0,1,1,1,Dragon1,1,Dragon1->Dragon1
煤炭,EP000025,1,2025-11-05,2025-11-05,Dragon2,601011.SH,宝泰隆,EP000064,2,2025-11-14,2025-11-17,1,2,2.6727051984,2.6727051984,0,1,0,0,,0,Dragon2->out
煤炭,EP000025,1,2025-11-05,2025-11-05,Dragon3,600403.SH,大有能源,EP000064,2,2025-11-14,2025-11-17,1,2,20.9327985498,20.9327985498,0,1,1,0,Dragon2,0,Dragon3->Dragon2
煤炭,EP000064,2,2025-11-14,2025-11-17,Dragon1,600408.SH,安泰集团,EP000116,3,2025-12-03,2025-12-03,1,1,10.0394,10.0394,0,1,1,1,Dragon1,1,Dragon1->Dragon1
煤炭,EP000064,2,2025-11-14,2025-11-17,Dragon2,600403.SH,大有能源,EP000116,3,2025-12-03,2025-12-03,1,1,10.0478,10.0478,0,1,1,1,Dragon2,0,Dragon2->Dragon2
煤炭,EP000064,2,2025-11-14,2025-11-17,Dragon3,600157.SH,永泰能源,EP000116,3,2025-12-03,2025-12-03,1,1,0.6098,0.6098,0,1,0,0,,0,Dragon3->out
煤炭,EP000116,3,2025-12-03,2025-12-03,Dragon1,600408.SH,安泰集团,EP000203,4,2026-01-07,2026-01-07,1,1,9.9034,9.9034,0,1,1,1,Dragon1,1,Dragon1->Dragon1
煤炭,EP000116,3,2025-12-03,2025-12-03,Dragon2,600403.SH,大有能源,EP000203,4,2026-01-07,2026-01-07,1,1,10.0699,10.0699,0,1,1,0,Dragon3,0,Dragon2->Dragon3
煤炭,EP000116,3,2025-12-03,2025-12-03,Dragon3,000571.SZ,新大洲A,EP000203,4,2026-01-07,2026-01-07,1,1,-0.8157,0,-0.8157,1,0,0,,0,Dragon3->out
煤炭,EP000203,4,2026-01-07,2026-01-07,Dragon1,600408.SH,安泰集团,EP000273,5,2026-02-04,2026-02-04,1,1,6.1333,6.1333,0,1,0,0,,0,Dragon1->out
煤炭,EP000203,4,2026-01-07,2026-01-07,Dragon2,601015.SH,陕西黑猫,EP000273,5,2026-02-04,2026-02-04,1,1,10,10,0,1,1,1,Dragon2,0,Dragon2->Dragon2
煤炭,EP000203,4,2026-01-07,2026-01-07,Dragon3,600403.SH,大有能源,EP000273,5,2026-02-04,2026-02-04,1,1,10.0149,10.0149,0,1,0,0,,0,Dragon3->out
煤炭,EP000273,5,2026-02-04,2026-02-04,Dragon1,600188.SH,兖矿能源,EP000345,6,2026-03-12,2026-03-13,1,2,8.0397325584,10.0248,-1.8042,1,1,1,Dragon1,1,Dragon1->Dragon1
煤炭,EP000273,5,2026-02-04,2026-02-04,Dragon2,601015.SH,陕西黑猫,EP000345,6,2026-03-12,2026-03-13,1,2,11.4894,11.4894,0,1,1,0,Dragon3,0,Dragon2->Dragon3
煤炭,EP000273,5,2026-02-04,2026-02-04,Dragon3,600792.SH,云煤能源,EP000345,6,2026-03-12,2026-03-13,1,2,1.2319967904,2.8747,-1.5968,1,0,0,,0,Dragon3->out
煤炭,EP000345,6,2026-03-12,2026-03-13,Dragon1,600188.SH,兖矿能源,EP000524,7,2026-05-25,2026-05-25,1,1,3.7981,3.7981,0,1,0,0,,0,Dragon1->out
煤炭,EP000345,6,2026-03-12,2026-03-13,Dragon2,600121.SH,郑州煤电,EP000524,7,2026-05-25,2026-05-25,1,1,4.3796,4.3796,0,1,0,0,,0,Dragon2->out
煤炭,EP000345,6,2026-03-12,2026-03-13,Dragon3,601015.SH,陕西黑猫,EP000524,7,2026-05-25,2026-05-25,1,1,2.5424,2.5424,0,1,0,0,,0,Dragon3->out
煤炭,EP000524,7,2026-05-25,2026-05-25,Dragon1,603871.SH,嘉友国际,EP000538,8,2026-06-01,2026-06-04,1,4,6.432262084503,6.432262084503,-2.8271,1,0,0,,0,Dragon1->out
煤炭,EP000524,7,2026-05-25,2026-05-25,Dragon2,601666.SH,平煤股份,EP000538,8,2026-06-01,2026-06-04,1,4,17.302893176431,17.302893176431,0,1,0,0,,0,Dragon2->out
煤炭,EP000524,7,2026-05-25,2026-05-25,Dragon3,600395.SH,盘江股份,EP000538,8,2026-06-01,2026-06-04,1,4,9.625628711709,9.625628711709,-2.8099,1,0,0,,0,Dragon3->out
煤炭,EP000538,8,2026-06-01,2026-06-04,Dragon1,601101.SH,昊华能源,EP000599,9,2026-06-23,2026-06-23,1,1,1.0743,1.0743,0,1,0,0,,0,Dragon1->out
煤炭,EP000538,8,2026-06-01,2026-06-04,Dragon2,600758.SH,辽宁能源,EP000599,9,2026-06-23,2026-06-23,1,1,0.5666,0.5666,0,1,0,0,,0,Dragon2->out
煤炭,EP000538,8,2026-06-01,2026-06-04,Dragon3,600121.SH,郑州煤电,EP000599,9,2026-06-23,2026-06-23,1,1,0.9662,0.9662,0,1,0,0,,0,Dragon3->out
煤炭,EP000599,9,2026-06-23,2026-06-23,Dragon1,000571.SZ,新大洲A,EP000660,10,2026-07-15,2026-07-15,1,1,9.9662,9.9662,0,1,1,0,Dragon2,0,Dragon1->Dragon2
煤炭,EP000599,9,2026-06-23,2026-06-23,Dragon2,601011.SH,宝泰隆,EP000660,10,2026-07-15,2026-07-15,1,1,-0.3831,0,-0.3831,1,0,0,,0,Dragon2->out
煤炭,EP000660,10,2026-07-15,2026-07-15,Dragon1,600403.SH,大有能源,EP000670,11,2026-07-20,2026-07-20,1,1,10,10,0,1,1,1,Dragon1,1,Dragon1->Dragon1
煤炭,EP000660,10,2026-07-15,2026-07-15,Dragon2,000571.SZ,新大洲A,EP000670,11,2026-07-20,2026-07-20,1,1,-9.2683,0,-9.2683,1,0,0,,0,Dragon2->out
煤炭,EP000670,11,2026-07-20,2026-07-20,Dragon1,600403.SH,大有能源,EP000727,12,2026-08-06,2026-08-06,1,1,9.9485,9.9485,0,1,1,0,Dragon2,0,Dragon1->Dragon2
煤炭,EP000670,11,2026-07-20,2026-07-20,Dragon2,600121.SH,郑州煤电,EP000727,12,2026-08-06,2026-08-06,1,1,8.9514,8.9514,0,1,0,0,,0,Dragon2->out
煤炭,EP000670,11,2026-07-20,2026-07-20,Dragon3,601898.SH,中煤能源,EP000727,12,2026-08-06,2026-08-06,1,1,6.4468,6.4468,0,1,0,0,,0,Dragon3->out
煤炭,EP000727,12,2026-08-06,2026-08-06,Dragon1,601101.SH,昊华能源,EP000763,13,2026-08-19,2026-08-19,1,1,-3.2233,0,-3.2233,1,0,0,,0,Dragon1->out
煤炭,EP000727,12,2026-08-06,2026-08-06,Dragon2,600403.SH,大有能源,EP000763,13,2026-08-19,2026-08-19,1,1,10,10,0,1,0,0,,0,Dragon2->out
煤炭,EP000727,12,2026-08-06,2026-08-06,Dragon3,601666.SH,平煤股份,EP000763,13,2026-08-19,2026-08-19,1,1,1.3994,1.3994,0,1,0,0,,0,Dragon3->out
煤炭,EP000763,13,2026-08-19,2026-08-19,Dragon1,601011.SH,宝泰隆,EP000773,14,2026-08-24,2026-08-24,1,1,4.1667,4.1667,0,1,0,0,,0,Dragon1->out
煤炭,EP000763,13,2026-08-19,2026-08-19,Dragon2,000723.SZ,美锦能源,EP000773,14,2026-08-24,2026-08-24,1,1,9.887,9.887,0,1,1,0,Dragon1,1,Dragon2->Dragon1
煤炭,EP000763,13,2026-08-19,2026-08-19,Dragon3,001277.SZ,速达股份,EP000773,14,2026-08-24,2026-08-24,1,1,-9.9915,0,-9.9915,1,0,0,,0,Dragon3->out
燃气轮机,EP000029,1,2025-11-06,2025-11-06,Dragon1,002478.SZ,常宝股份,EP000121,2,2025-12-05,2025-12-08,1,2,1.8135,1.8135,0,1,0,0,,0,Dragon1->out
燃气轮机,EP000029,1,2025-11-06,2025-11-06,Dragon2,605060.SH,联德股份,EP000121,2,2025-12-05,2025-12-08,1,2,4.9493483423,6.4679,-1.4263,1,0,0,,0,Dragon2->out
燃气轮机,EP000029,1,2025-11-06,2025-11-06,Dragon3,300775.SZ,三角防务,EP000121,2,2025-12-05,2025-12-08,1,2,3.917339057,3.917339057,0,1,0,0,,0,Dragon3->out
燃气轮机,EP000121,2,2025-12-05,2025-12-08,Dragon1,601399.SH,国机重装,EP000139,3,2025-12-12,2025-12-12,1,1,9.9788,9.9788,0,1,1,0,Dragon2,0,Dragon1->Dragon2
燃气轮机,EP000121,2,2025-12-05,2025-12-08,Dragon2,601106.SH,中国一重,EP000139,3,2025-12-12,2025-12-12,1,1,9.887,9.887,0,1,0,0,,0,Dragon2->out
燃气轮机,EP000121,2,2025-12-05,2025-12-08,Dragon3,000811.SZ,冰轮环境,EP000139,3,2025-12-12,2025-12-12,1,1,4.298,4.298,0,1,0,0,,0,Dragon3->out
燃气轮机,EP000139,3,2025-12-12,2025-12-12,Dragon1,002471.SZ,中超控股,EP000232,4,2026-01-19,2026-01-19,1,1,2.5066,2.5066,0,1,0,0,,0,Dragon1->out
燃气轮机,EP000139,3,2025-12-12,2025-12-12,Dragon2,601399.SH,国机重装,EP000232,4,2026-01-19,2026-01-19,1,1,0,0,0,1,0,0,,0,Dragon2->out
燃气轮机,EP000139,3,2025-12-12,2025-12-12,Dragon3,301468.SZ,博盈特焊,EP000232,4,2026-01-19,2026-01-19,1,1,14.947,14.947,0,1,0,0,,0,Dragon3->out
燃气轮机,EP000232,4,2026-01-19,2026-01-19,Dragon1,600391.SH,航发科技,EP000247,5,2026-01-27,2026-01-27,1,1,10.0021,10.0021,0,1,1,1,Dragon1,1,Dragon1->Dragon1
燃气轮机,EP000232,4,2026-01-19,2026-01-19,Dragon2,000738.SZ,航发控制,EP000247,5,2026-01-27,2026-01-27,1,1,9.9833,9.9833,0,1,1,1,Dragon2,0,Dragon2->Dragon2
燃气轮机,EP000232,4,2026-01-19,2026-01-19,Dragon3,600893.SH,航发动力,EP000247,5,2026-01-27,2026-01-27,1,1,10.0022,10.0022,0,1,1,1,Dragon3,0,Dragon3->Dragon3
燃气轮机,EP000247,5,2026-01-27,2026-01-27,Dragon1,600391.SH,航发科技,EP000287,6,2026-02-09,2026-02-10,1,2,-3.0398887029,0,-3.0398887029,1,0,0,,0,Dragon1->out
燃气轮机,EP000247,5,2026-01-27,2026-01-27,Dragon2,000738.SZ,航发控制,EP000287,6,2026-02-09,2026-02-10,1,2,4.7368990376,4.7368990376,0,1,0,0,,0,Dragon2->out
燃气轮机,EP000247,5,2026-01-27,2026-01-27,Dragon3,600893.SH,航发动力,EP000287,6,2026-02-09,2026-02-10,1,2,3.8771569362,3.8771569362,0,1,0,0,,0,Dragon3->out
燃气轮机,EP000287,6,2026-02-09,2026-02-10,Dragon1,605060.SH,联德股份,EP000294,7,2026-02-12,2026-02-12,1,1,5.5172,5.5172,0,1,0,0,,0,Dragon1->out
燃气轮机,EP000287,6,2026-02-09,2026-02-10,Dragon2,603308.SH,应流股份,EP000294,7,2026-02-12,2026-02-12,1,1,10.0049,10.0049,0,1,1,0,Dragon1,1,Dragon2->Dragon1
燃气轮机,EP000287,6,2026-02-09,2026-02-10,Dragon3,600875.SH,东方电气,EP000294,7,2026-02-12,2026-02-12,1,1,10.0033,10.0033,0,1,0,0,,0,Dragon3->out
燃气轮机,EP000294,7,2026-02-12,2026-02-12,Dragon1,603308.SH,应流股份,EP000310,8,2026-02-26,2026-02-26,1,1,9.997,9.997,0,1,1,0,Dragon2,0,Dragon1->Dragon2
燃气轮机,EP000294,7,2026-02-12,2026-02-12,Dragon2,002478.SZ,常宝股份,EP000310,8,2026-02-26,2026-02-26,1,1,10.0433,10.0433,0,1,1,0,Dragon1,1,Dragon2->Dragon1
燃气轮机,EP000294,7,2026-02-12,2026-02-12,Dragon3,300277.SZ,海联讯,EP000310,8,2026-02-26,2026-02-26,1,1,16.877,16.877,0,1,0,0,,0,Dragon3->out
燃气轮机,EP000310,8,2026-02-26,2026-02-26,Dragon1,002478.SZ,常宝股份,EP000336,9,2026-03-06,2026-03-06,1,1,9.9921,9.9921,0,1,1,1,Dragon1,1,Dragon1->Dragon1
燃气轮机,EP000310,8,2026-02-26,2026-02-26,Dragon2,603308.SH,应流股份,EP000336,9,2026-03-06,2026-03-06,1,1,1.3473,1.3473,0,1,0,0,,0,Dragon2->out
燃气轮机,EP000310,8,2026-02-26,2026-02-26,Dragon3,600875.SH,东方电气,EP000336,9,2026-03-06,2026-03-06,1,1,4.7619,4.7619,0,1,0,0,,0,Dragon3->out
燃气轮机,EP000336,9,2026-03-06,2026-03-06,Dragon1,002478.SZ,常宝股份,EP000422,10,2026-04-08,2026-04-08,1,1,10.0498,10.0498,0,1,1,1,Dragon1,1,Dragon1->Dragon1
燃气轮机,EP000336,9,2026-03-06,2026-03-06,Dragon2,600482.SH,中国动力,EP000422,10,2026-04-08,2026-04-08,1,1,7.8582,7.8582,0,1,0,0,,0,Dragon2->out
燃气轮机,EP000336,9,2026-03-06,2026-03-06,Dragon3,000534.SZ,万泽股份,EP000422,10,2026-04-08,2026-04-08,1,1,10.014,10.014,0,1,1,1,Dragon3,0,Dragon3->Dragon3
燃气轮机,EP000422,10,2026-04-08,2026-04-08,Dragon1,002478.SZ,常宝股份,EP000429,11,2026-04-10,2026-04-10,1,1,1.9838,1.9838,0,1,0,0,,0,Dragon1->out
燃气轮机,EP000422,10,2026-04-08,2026-04-08,Dragon2,002353.SZ,杰瑞股份,EP000429,11,2026-04-10,2026-04-10,1,1,4.4182,4.4182,0,1,0,0,,0,Dragon2->out
燃气轮机,EP000422,10,2026-04-08,2026-04-08,Dragon3,000534.SZ,万泽股份,EP000429,11,2026-04-10,2026-04-10,1,1,9.9928,9.9928,0,1,1,0,Dragon1,1,Dragon3->Dragon1
燃气轮机,EP000429,11,2026-04-10,2026-04-10,Dragon1,000534.SZ,万泽股份,EP000446,12,2026-04-16,2026-04-16,1,1,5.2001,5.2001,0,1,0,0,,0,Dragon1->out
燃气轮机,EP000429,11,2026-04-10,2026-04-10,Dragon2,605060.SH,联德股份,EP000446,12,2026-04-16,2026-04-16,1,1,10.0019,10.0019,0,1,1,0,Dragon1,1,Dragon2->Dragon1
燃气轮机,EP000429,11,2026-04-10,2026-04-10,Dragon3,600482.SH,中国动力,EP000446,12,2026-04-16,2026-04-16,1,1,5.6338,5.6338,0,1,0,0,,0,Dragon3->out
燃气轮机,EP000446,12,2026-04-16,2026-04-16,Dragon1,605060.SH,联德股份,EP000459,13,2026-04-23,2026-04-23,1,1,-2.189,0,-2.189,1,0,0,,0,Dragon1->out
燃气轮机,EP000446,12,2026-04-16,2026-04-16,Dragon2,603315.SH,福鞍股份,EP000459,13,2026-04-23,2026-04-23,1,1,10.0282,10.0282,0,1,1,1,Dragon2,0,Dragon2->Dragon2
燃气轮机,EP000446,12,2026-04-16,2026-04-16,Dragon3,002595.SZ,豪迈科技,EP000459,13,2026-04-23,2026-04-23,1,1,-1.0563,0,-1.0563,1,0,0,,0,Dragon3->out
燃气轮机,EP000459,13,2026-04-23,2026-04-23,Dragon1,603318.SH,水发燃气,EP000543,14,2026-06-04,2026-06-04,1,1,-1.5924,0,-1.5924,1,0,0,,0,Dragon1->out
燃气轮机,EP000459,13,2026-04-23,2026-04-23,Dragon2,603315.SH,福鞍股份,EP000543,14,2026-06-04,2026-06-04,1,1,0.2466,0.2466,0,1,0,0,,0,Dragon2->out
燃气轮机,EP000459,13,2026-04-23,2026-04-23,Dragon3,603308.SH,应流股份,EP000543,14,2026-06-04,2026-06-04,1,1,4.2743,4.2743,0,1,0,0,,0,Dragon3->out
燃气轮机,EP000543,14,2026-06-04,2026-06-04,Dragon1,600482.SH,中国动力,EP000636,15,2026-07-03,2026-07-03,1,1,5.2318,5.2318,0,1,0,0,,0,Dragon1->out
燃气轮机,EP000543,14,2026-06-04,2026-06-04,Dragon2,002353.SZ,杰瑞股份,EP000636,15,2026-07-03,2026-07-03,1,1,10.0014,10.0014,0,1,1,1,Dragon2,0,Dragon2->Dragon2
燃气轮机,EP000543,14,2026-06-04,2026-06-04,Dragon3,301468.SZ,博盈特焊,EP000636,15,2026-07-03,2026-07-03,1,1,2.4558,2.4558,0,1,0,0,,0,Dragon3->out
燃气轮机,EP000636,15,2026-07-03,2026-07-03,Dragon1,600391.SH,航发科技,EP000691,16,2026-07-27,2026-07-27,1,1,5.8756,5.8756,0,1,0,0,,0,Dragon1->out
燃气轮机,EP000636,15,2026-07-03,2026-07-03,Dragon2,002353.SZ,杰瑞股份,EP000691,16,2026-07-27,2026-07-27,1,1,10.0007,10.0007,0,1,1,0,Dragon1,1,Dragon2->Dragon1
燃气轮机,EP000691,16,2026-07-27,2026-07-27,Dragon1,002353.SZ,杰瑞股份,EP000754,17,2026-08-17,2026-08-17,1,1,10.0007,10.0007,0,1,1,0,Dragon2,0,Dragon1->Dragon2
燃气轮机,EP000691,16,2026-07-27,2026-07-27,Dragon2,603315.SH,福鞍股份,EP000754,17,2026-08-17,2026-08-17,1,1,1.9934,1.9934,0,1,0,0,,0,Dragon2->out
物理AI,EP000504,1,2026-05-18,2026-05-18,Dragon1,688507.SH,索辰科技,EP000519,2,2026-05-22,2026-05-22,1,1,14.0108,14.0108,0,1,0,0,,0,Dragon1->out
物理AI,EP000504,1,2026-05-18,2026-05-18,Dragon2,301313.SZ,凡拓数创,EP000519,2,2026-05-22,2026-05-22,1,1,1.1463,1.1463,0,1,0,0,,0,Dragon2->out
物理AI,EP000504,1,2026-05-18,2026-05-18,Dragon3,603859.SH,能科科技,EP000519,2,2026-05-22,2026-05-22,1,1,3.1789,3.1789,0,1,0,0,,0,Dragon3->out
物理AI,EP000519,2,2026-05-22,2026-05-22,Dragon1,002421.SZ,达实智能,EP000547,3,2026-06-05,2026-06-09,1,3,20.253096814512,20.8860562048,-0.5236,1,1,1,Dragon1,1,Dragon1->Dragon1
物理AI,EP000519,2,2026-05-22,2026-05-22,Dragon2,600539.SH,狮头股份,EP000547,3,2026-06-05,2026-06-09,1,3,6.57629952057,6.57629952057,-5.0847,1,0,0,,0,Dragon2->out
物理AI,EP000519,2,2026-05-22,2026-05-22,Dragon3,603960.SH,克来机电,EP000547,3,2026-06-05,2026-06-09,1,3,-0.187416120155,1.686151216,-1.8425,1,0,0,,0,Dragon3->out
物理AI,EP000547,3,2026-06-05,2026-06-09,Dragon1,002421.SZ,达实智能,EP000586,4,2026-06-18,2026-06-18,1,1,0,0,0,1,0,0,,0,Dragon1->out
物理AI,EP000547,3,2026-06-05,2026-06-09,Dragon2,002354.SZ,天娱数科,EP000586,4,2026-06-18,2026-06-18,1,1,9.9573,9.9573,0,1,0,0,,0,Dragon2->out
物理AI,EP000547,3,2026-06-05,2026-06-09,Dragon3,603859.SH,能科科技,EP000586,4,2026-06-18,2026-06-18,1,1,4.1954,4.1954,0,1,0,0,,0,Dragon3->out
物理AI,EP000586,4,2026-06-18,2026-06-18,Dragon1,688671.SH,碧兴物联,EP000600,5,2026-06-23,2026-06-23,1,1,8.548,8.548,0,1,0,0,,0,Dragon1->out
物理AI,EP000586,4,2026-06-18,2026-06-18,Dragon2,002747.SZ,埃斯顿,EP000600,5,2026-06-23,2026-06-23,1,1,2.8502,2.8502,0,1,0,0,,0,Dragon2->out
物理AI,EP000586,4,2026-06-18,2026-06-18,Dragon3,603956.SH,威派格,EP000600,5,2026-06-23,2026-06-23,1,1,-4.0619,0,-4.0619,1,0,0,,0,Dragon3->out
物理AI,EP000600,5,2026-06-23,2026-06-23,Dragon1,605118.SH,力鼎光电,EP000617,6,2026-06-30,2026-06-30,1,1,5.7273,5.7273,0,1,0,0,,0,Dragon1->out
物理AI,EP000600,5,2026-06-23,2026-06-23,Dragon2,603466.SH,风语筑,EP000617,6,2026-06-30,2026-06-30,1,1,-2.5871,0,-2.5871,1,0,0,,0,Dragon2->out
物理AI,EP000600,5,2026-06-23,2026-06-23,Dragon3,603007.SH,顺景科技,EP000617,6,2026-06-30,2026-06-30,1,1,6.338,6.338,0,1,0,0,,0,Dragon3->out
物理AI,EP000617,6,2026-06-30,2026-06-30,Dragon1,001229.SZ,魅视科技,EP000641,7,2026-07-07,2026-07-08,1,2,20.9973598544,20.9973598544,0,1,1,0,Dragon2,0,Dragon1->Dragon2
物理AI,EP000617,6,2026-06-30,2026-06-30,Dragon2,688220.SH,翱捷科技,EP000641,7,2026-07-07,2026-07-08,1,2,4.101165317,4.101165317,-0.6655,1,0,0,,0,Dragon2->out
猪肉,EP000496,1,2026-05-14,2026-05-14,Dragon1,002124.SZ,天邦食品,EP000650,2,2026-07-10,2026-07-10,1,1,2.6667,2.6667,0,1,0,0,,0,Dragon1->out
猪肉,EP000496,1,2026-05-14,2026-05-14,Dragon2,603717.SH,天域生物,EP000650,2,2026-07-10,2026-07-10,1,1,1.5699,1.5699,0,1,0,0,,0,Dragon2->out
猪肉,EP000496,1,2026-05-14,2026-05-14,Dragon3,605296.SH,神农集团,EP000650,2,2026-07-10,2026-07-10,1,1,0.5932,0.5932,0,1,0,0,,0,Dragon3->out
环保,EP000037,1,2025-11-07,2025-11-07,Dragon1,603759.SH,海天股份,EP000311,2,2026-02-26,2026-02-26,1,1,-0.8333,0,-0.8333,1,0,0,,0,Dragon1->out
环保,EP000037,1,2025-11-07,2025-11-07,Dragon2,002658.SZ,雪迪龙,EP000311,2,2026-02-26,2026-02-26,1,1,4.1551,4.1551,0,1,0,0,,0,Dragon2->out
环保,EP000037,1,2025-11-07,2025-11-07,Dragon3,600292.SH,远达环保,EP000311,2,2026-02-26,2026-02-26,1,1,-3.4978,0,-3.4978,1,0,0,,0,Dragon3->out
电力,EP000312,1,2026-02-26,2026-03-02,Dragon1,000899.SZ,赣能股份,EP000327,2,2026-03-04,2026-03-13,1,8,1.310968964053,17.625622994003,-13.8699830995,1,0,0,,0,Dragon1->out
电力,EP000312,1,2026-02-26,2026-03-02,Dragon2,600744.SH,华银电力,EP000327,2,2026-03-04,2026-03-13,1,8,-0.476697754297,11.919074471056,-11.0756564812,1,0,0,,0,Dragon2->out
电力,EP000327,2,2026-03-04,2026-03-13,Dragon1,600236.SH,桂冠电力,EP000357,3,2026-03-17,2026-03-27,1,9,3.680327828178,7.255474561744,-3.785439986181,1,0,0,,0,Dragon1->out
电力,EP000327,2,2026-03-04,2026-03-13,Dragon2,600821.SH,金开新能,EP000357,3,2026-03-17,2026-03-27,1,9,-5.35213036963,5.633809478062,-10.4000224,1,0,0,,0,Dragon2->out
电力,EP000327,2,2026-03-04,2026-03-13,Dragon3,000862.SZ,银星能源,EP000357,3,2026-03-17,2026-03-27,1,9,8.33332783126,23.087440429713,-11.986692181546,1,0,0,,0,Dragon3->out
电力,EP000357,3,2026-03-17,2026-03-27,Dragon1,002256.SZ,兆新股份,EP000396,4,2026-03-31,2026-04-02,1,3,-11.163837829463,0,-11.163837829463,1,0,0,,0,Dragon1->out
电力,EP000357,3,2026-03-17,2026-03-27,Dragon2,601016.SH,节能风电,EP000396,4,2026-03-31,2026-04-02,1,3,-12.391329014253,0,-12.391329014253,1,0,0,,0,Dragon2->out
电力,EP000357,3,2026-03-17,2026-03-27,Dragon3,603685.SH,晨丰科技,EP000396,4,2026-03-31,2026-04-02,1,3,8.515672937089,8.515672937089,0,1,0,0,,0,Dragon3->out
电力,EP000396,4,2026-03-31,2026-04-02,Dragon1,601908.SH,京运通,EP000433,5,2026-04-13,2026-04-22,1,8,7.469948863291,10.361481659119,-4.3763449582,1,0,0,,0,Dragon1->out
电力,EP000396,4,2026-03-31,2026-04-02,Dragon2,605162.SH,新中港,EP000433,5,2026-04-13,2026-04-22,1,8,-4.657761430319,0,-10.091696039223,1,0,0,,0,Dragon2->out
电力,EP000396,4,2026-03-31,2026-04-02,Dragon3,000037.SZ,深南电A,EP000433,5,2026-04-13,2026-04-22,1,8,20.900456527564,22.186592601285,-1.355,1,0,0,,0,Dragon3->out
电力,EP000433,5,2026-04-13,2026-04-22,Dragon1,600396.SH,华电辽能,EP000468,6,2026-04-28,2026-04-28,1,1,6.7194,6.7194,0,1,0,0,,0,Dragon1->out
电力,EP000433,5,2026-04-13,2026-04-22,Dragon2,600982.SH,宁波能源,EP000468,6,2026-04-28,2026-04-28,1,1,0,0,0,1,0,0,,0,Dragon2->out
电力,EP000433,5,2026-04-13,2026-04-22,Dragon3,600032.SH,浙江新能,EP000468,6,2026-04-28,2026-04-28,1,1,-3.3119,0,-3.3119,1,0,0,,0,Dragon3->out
电力,EP000468,6,2026-04-28,2026-04-28,Dragon1,600726.SH,华电能源,EP000478,7,2026-05-06,2026-05-13,1,6,28.52795327746,28.52795327746,-1.3141,1,0,0,,0,Dragon1->out
电力,EP000468,6,2026-04-28,2026-04-28,Dragon2,600744.SH,华银电力,EP000478,7,2026-05-06,2026-05-13,1,6,6.440423005068,7.0257908384,-4.0481,1,0,0,,0,Dragon2->out
电力,EP000478,7,2026-05-06,2026-05-13,Dragon1,601991.SH,大唐发电,EP000500,8,2026-05-15,2026-05-19,1,3,16.38898386071,16.38898386071,0,1,1,1,Dragon1,1,Dragon1->Dragon1
电力,EP000478,7,2026-05-06,2026-05-13,Dragon2,002015.SZ,协鑫能科,EP000500,8,2026-05-15,2026-05-19,1,3,-4.723444965685,0,-8.638294065,1,0,0,,0,Dragon2->out
电力,EP000478,7,2026-05-06,2026-05-13,Dragon3,601016.SH,节能风电,EP000500,8,2026-05-15,2026-05-19,1,3,0.588303335351,0.588303335351,-2.15678588,1,0,0,,0,Dragon3->out
电力,EP000500,8,2026-05-15,2026-05-19,Dragon1,601991.SH,大唐发电,EP000513,9,2026-05-21,2026-06-04,1,11,16.843477454737,21.750671175409,-8.6207120035,1,0,0,,0,Dragon1->out
电力,EP000500,8,2026-05-15,2026-05-19,Dragon2,600578.SH,京能电力,EP000513,9,2026-05-21,2026-06-04,1,11,25.806516587488,30.376380525304,-12.989643853955,1,1,1,Dragon2,0,Dragon2->Dragon2
电力,EP000500,8,2026-05-15,2026-05-19,Dragon3,002445.SZ,中南文化,EP000513,9,2026-05-21,2026-06-04,1,11,-2.695449242298,0.269520478244,-6.73861967341,1,0,0,,0,Dragon3->out
电力,EP000513,9,2026-05-21,2026-06-04,Dragon1,001896.SZ,豫能控股,EP000557,10,2026-06-09,2026-06-09,1,1,10,10,0,1,1,0,Dragon3,0,Dragon1->Dragon3
电力,EP000513,9,2026-05-21,2026-06-04,Dragon2,600578.SH,京能电力,EP000557,10,2026-06-09,2026-06-09,1,1,3.5147,3.5147,0,1,0,0,,0,Dragon2->out
电力,EP000557,10,2026-06-09,2026-06-09,Dragon1,600719.SH,大连热电,EP000627,11,2026-07-01,2026-07-01,1,1,4.5396,4.5396,0,1,0,0,,0,Dragon1->out
电力,EP000557,10,2026-06-09,2026-06-09,Dragon2,000037.SZ,深南电A,EP000627,11,2026-07-01,2026-07-01,1,1,2.2857,2.2857,0,1,0,0,,0,Dragon2->out
电力,EP000557,10,2026-06-09,2026-06-09,Dragon3,001896.SZ,豫能控股,EP000627,11,2026-07-01,2026-07-01,1,1,4.9368,4.9368,0,1,0,0,,0,Dragon3->out
电力,EP000627,11,2026-07-01,2026-07-01,Dragon1,002053.SZ,云南能投,EP000668,12,2026-07-17,2026-07-22,1,4,-0.83864717291,3.7735762354,-4.4445065648,1,0,0,,0,Dragon1->out
电力,EP000627,11,2026-07-01,2026-07-01,Dragon2,601991.SH,大唐发电,EP000668,12,2026-07-17,2026-07-22,1,4,22.144152182018,22.144152182018,0,1,0,0,,0,Dragon2->out
电力,EP000668,12,2026-07-17,2026-07-22,Dragon1,001258.SZ,立新能源,EP000692,13,2026-07-27,2026-07-28,1,2,-0.997714807,9.977,-9.9791,1,1,1,Dragon1,1,Dragon1->Dragon1
电力,EP000668,12,2026-07-17,2026-07-22,Dragon2,000722.SZ,湖南发展,EP000692,13,2026-07-27,2026-07-28,1,2,-1.5661321752,0.8614,-2.4068,1,0,0,,0,Dragon2->out
电力,EP000668,12,2026-07-17,2026-07-22,Dragon3,600744.SH,华银电力,EP000692,13,2026-07-27,2026-07-28,1,2,-2.2577019648,1.0624,-3.2852,1,0,0,,0,Dragon3->out
电力,EP000692,13,2026-07-27,2026-07-28,Dragon1,001258.SZ,立新能源,EP000711,14,2026-07-31,2026-08-03,1,2,3.076939995,3.076939995,-0.081,1,0,0,,0,Dragon1->out
电力,EP000692,13,2026-07-27,2026-07-28,Dragon2,600617.SH,国新能源,EP000711,14,2026-07-31,2026-08-03,1,2,3.7152,3.7152,0,1,0,0,,0,Dragon2->out
电力,EP000692,13,2026-07-27,2026-07-28,Dragon3,002775.SZ,文科股份,EP000711,14,2026-07-31,2026-08-03,1,2,7.50003,10,-2.2727,1,1,0,Dragon2,0,Dragon3->Dragon2
电力,EP000711,14,2026-07-31,2026-08-03,Dragon1,000595.SZ,新能股份,EP000736,15,2026-08-10,2026-08-10,1,1,2.7464,2.7464,0,1,0,0,,0,Dragon1->out
电力,EP000711,14,2026-07-31,2026-08-03,Dragon2,002775.SZ,文科股份,EP000736,15,2026-08-10,2026-08-10,1,1,1.5584,1.5584,0,1,0,0,,0,Dragon2->out
电力,EP000711,14,2026-07-31,2026-08-03,Dragon3,002015.SZ,协鑫能科,EP000736,15,2026-08-10,2026-08-10,1,1,-1.2025,0,-1.2025,1,0,0,,0,Dragon3->out
电源,EP000493,1,2026-05-13,2026-05-13,Dragon1,002364.SZ,中恒电气,EP000558,2,2026-06-09,2026-06-09,1,1,5.2089,5.2089,0,1,0,0,,0,Dragon1->out
电源,EP000493,1,2026-05-13,2026-05-13,Dragon2,002843.SZ,泰嘉股份,EP000558,2,2026-06-09,2026-06-09,1,1,3.1519,3.1519,0,1,0,0,,0,Dragon2->out
电源,EP000493,1,2026-05-13,2026-05-13,Dragon3,002993.SZ,奥海科技,EP000558,2,2026-06-09,2026-06-09,1,1,10,10,0,1,1,0,Dragon2,0,Dragon3->Dragon2
电源,EP000558,2,2026-06-09,2026-06-09,Dragon1,300593.SZ,新雷能,EP000581,3,2026-06-16,2026-06-16,1,1,8.4581,8.4581,0,1,0,0,,0,Dragon1->out
电源,EP000558,2,2026-06-09,2026-06-09,Dragon2,002993.SZ,奥海科技,EP000581,3,2026-06-16,2026-06-16,1,1,9.9954,9.9954,0,1,1,1,Dragon2,0,Dragon2->Dragon2
电源,EP000558,2,2026-06-09,2026-06-09,Dragon3,605100.SH,华丰股份,EP000581,3,2026-06-16,2026-06-16,1,1,3.2652,3.2652,0,1,0,0,,0,Dragon3->out
电阻电容,EP000582,1,2026-06-16,2026-06-17,Dragon1,002585.SZ,双星新材,EP000603,2,2026-06-24,2026-06-24,1,1,2.5641,2.5641,0,1,0,0,,0,Dragon1->out
电阻电容,EP000582,1,2026-06-16,2026-06-17,Dragon2,603115.SH,海星股份,EP000603,2,2026-06-24,2026-06-24,1,1,8.3689,8.3689,0,1,0,0,,0,Dragon2->out
电阻电容,EP000582,1,2026-06-16,2026-06-17,Dragon3,002806.SZ,华锋股份,EP000603,2,2026-06-24,2026-06-24,1,1,-3.2243,0,-3.2243,1,0,0,,0,Dragon3->out
电阻电容,EP000603,2,2026-06-24,2026-06-24,Dragon1,603989.SH,艾华集团,EP000655,3,2026-07-14,2026-07-14,1,1,10.0087,10.0087,0,1,1,0,Dragon2,0,Dragon1->Dragon2
电阻电容,EP000603,2,2026-06-24,2026-06-24,Dragon2,603678.SH,火炬电子,EP000655,3,2026-07-14,2026-07-14,1,1,4.672,4.672,0,1,0,0,,0,Dragon2->out
电阻电容,EP000603,2,2026-06-24,2026-06-24,Dragon3,600563.SH,法拉电子,EP000655,3,2026-07-14,2026-07-14,1,1,3.0929,3.0929,0,1,0,0,,0,Dragon3->out
病毒防治,EP000245,1,2026-01-26,2026-01-27,Dragon1,002030.SZ,达安基因,EP000488,2,2026-05-11,2026-05-11,1,1,9.9398,9.9398,0,1,1,1,Dragon1,1,Dragon1->Dragon1
病毒防治,EP000245,1,2026-01-26,2026-01-27,Dragon2,688317.SH,之江生物,EP000488,2,2026-05-11,2026-05-11,1,1,2.9765,2.9765,0,1,0,0,,0,Dragon2->out
病毒防治,EP000245,1,2026-01-26,2026-01-27,Dragon3,301207.SZ,华兰疫苗,EP000488,2,2026-05-11,2026-05-11,1,1,10.5238,10.5238,0,1,0,0,,0,Dragon3->out
石油石化,EP000253,1,2026-01-28,2026-01-29,Dragon1,600759.SH,洲际油气,EP000281,2,2026-02-06,2026-02-06,1,1,10,10,0,1,1,1,Dragon1,1,Dragon1->Dragon1
石油石化,EP000253,1,2026-01-28,2026-01-29,Dragon2,603619.SH,中曼石油,EP000281,2,2026-02-06,2026-02-06,1,1,5.5718,5.5718,0,1,0,0,,0,Dragon2->out
石油石化,EP000253,1,2026-01-28,2026-01-29,Dragon3,600871.SH,石化油服,EP000281,2,2026-02-06,2026-02-06,1,1,3.8194,3.8194,0,1,0,0,,0,Dragon3->out
石油石化,EP000281,2,2026-02-06,2026-02-06,Dragon1,600759.SH,洲际油气,EP000302,3,2026-02-24,2026-02-24,1,1,9.919,9.919,0,1,1,1,Dragon1,1,Dragon1->Dragon1
石油石化,EP000281,2,2026-02-06,2026-02-06,Dragon2,002207.SZ,准油股份,EP000302,3,2026-02-24,2026-02-24,1,1,10.0099,10.0099,0,1,1,1,Dragon2,0,Dragon2->Dragon2
石油石化,EP000302,3,2026-02-24,2026-02-24,Dragon1,600759.SH,洲际油气,EP000318,4,2026-03-02,2026-03-05,1,4,40.096703746028,40.096703746028,0,1,1,1,Dragon1,1,Dragon1->Dragon1
石油石化,EP000302,3,2026-02-24,2026-02-24,Dragon2,002207.SZ,准油股份,EP000318,4,2026-03-02,2026-03-05,1,4,24.003561809173,33.12673710283,-6.853,1,0,0,,0,Dragon2->out
石油石化,EP000302,3,2026-02-24,2026-02-24,Dragon3,300164.SZ,通源石油,EP000318,4,2026-03-02,2026-03-05,1,4,48.705984869462,62.972785483471,-8.7541,1,1,1,Dragon3,0,Dragon3->Dragon3
石油石化,EP000318,4,2026-03-02,2026-03-05,Dragon1,600759.SH,洲际油气,EP000404,5,2026-04-02,2026-04-02,1,1,4.9911,4.9911,0,1,0,0,,0,Dragon1->out
石油石化,EP000318,4,2026-03-02,2026-03-05,Dragon2,603353.SH,和顺石油,EP000404,5,2026-04-02,2026-04-02,1,1,10.006,10.006,0,1,1,1,Dragon2,0,Dragon2->Dragon2
石油石化,EP000318,4,2026-03-02,2026-03-05,Dragon3,300164.SZ,通源石油,EP000404,5,2026-04-02,2026-04-02,1,1,6.288,6.288,0,1,0,0,,0,Dragon3->out
石油石化,EP000404,5,2026-04-02,2026-04-02,Dragon1,300839.SZ,博汇股份,EP000656,6,2026-07-14,2026-07-14,1,1,4.0941,4.0941,0,1,0,0,,0,Dragon1->out
石油石化,EP000404,5,2026-04-02,2026-04-02,Dragon2,603353.SH,和顺石油,EP000656,6,2026-07-14,2026-07-14,1,1,4.8903,4.8903,0,1,0,0,,0,Dragon2->out
石油石化,EP000404,5,2026-04-02,2026-04-02,Dragon3,002828.SZ,贝肯能源,EP000656,6,2026-07-14,2026-07-14,1,1,-4.7656,0,-4.7656,1,0,0,,0,Dragon3->out
石油石化,EP000656,6,2026-07-14,2026-07-14,Dragon1,000554.SZ,泰山石油,EP000671,7,2026-07-20,2026-07-20,1,1,7.7519,7.7519,0,1,0,0,,0,Dragon1->out
石油石化,EP000656,6,2026-07-14,2026-07-14,Dragon2,000703.SZ,恒逸石化,EP000671,7,2026-07-20,2026-07-20,1,1,3.1399,3.1399,0,1,0,0,,0,Dragon2->out
石油石化,EP000656,6,2026-07-14,2026-07-14,Dragon3,603619.SH,中曼石油,EP000671,7,2026-07-20,2026-07-20,1,1,9.9775,9.9775,0,1,1,0,Dragon2,0,Dragon3->Dragon2
石油石化,EP000671,7,2026-07-20,2026-07-20,Dragon1,002490.SZ,山东墨龙,EP000685,8,2026-07-23,2026-07-23,1,1,5.9202,5.9202,0,1,0,0,,0,Dragon1->out
石油石化,EP000671,7,2026-07-20,2026-07-20,Dragon2,603619.SH,中曼石油,EP000685,8,2026-07-23,2026-07-23,1,1,9.9813,9.9813,0,1,1,0,Dragon1,1,Dragon2->Dragon1
石油石化,EP000671,7,2026-07-20,2026-07-20,Dragon3,603727.SH,博迈科,EP000685,8,2026-07-23,2026-07-23,1,1,10.0315,10.0315,0,1,1,0,Dragon2,0,Dragon3->Dragon2
福建,EP000003,1,2025-10-30,2025-11-10,Dragon1,002790.SZ,瑞尔特,EP000053,2,2025-11-12,2025-11-13,1,2,-0.877144384,0,-1.864,1,0,0,,0,Dragon1->out
福建,EP000003,1,2025-10-30,2025-11-10,Dragon2,603909.SH,建发合诚,EP000053,2,2025-11-12,2025-11-13,1,2,1.9844836136,1.9844836136,0,1,0,0,,0,Dragon2->out
福建,EP000003,1,2025-10-30,2025-11-10,Dragon3,002679.SZ,福建金森,EP000053,2,2025-11-12,2025-11-13,1,2,10.7590552208,10.7590552208,0,1,1,1,Dragon3,0,Dragon3->Dragon3
稀土永磁,EP000306,1,2026-02-25,2026-02-25,Dragon1,000758.SZ,中色股份,EP000319,2,2026-03-02,2026-03-02,1,1,-2.5442,0,-2.5442,1,0,0,,0,Dragon1->out
稀土永磁,EP000306,1,2026-02-25,2026-02-25,Dragon2,600010.SH,包钢股份,EP000319,2,2026-03-02,2026-03-02,1,1,2.4691,2.4691,0,1,0,0,,0,Dragon2->out
稀土永磁,EP000306,1,2026-02-25,2026-02-25,Dragon3,601068.SH,中铝国际,EP000319,2,2026-03-02,2026-03-02,1,1,-0.156,0,-0.156,1,0,0,,0,Dragon3->out
稀土永磁,EP000319,2,2026-03-02,2026-03-02,Dragon1,603257.SH,中国瑞林,EP000472,3,2026-04-29,2026-04-29,1,1,5.2976,5.2976,0,1,0,0,,0,Dragon1->out
稀土永磁,EP000319,2,2026-03-02,2026-03-02,Dragon2,600259.SH,中稀有色,EP000472,3,2026-04-29,2026-04-29,1,1,8.9186,8.9186,0,1,0,0,,0,Dragon2->out
稀土永磁,EP000472,3,2026-04-29,2026-04-29,Dragon1,600111.SH,北方稀土,EP000525,4,2026-05-25,2026-05-25,1,1,0.0391,0.0391,0,1,0,0,,0,Dragon1->out
稀土永磁,EP000472,3,2026-04-29,2026-04-29,Dragon2,002645.SZ,华宏科技,EP000525,4,2026-05-25,2026-05-25,1,1,10.0138,10.0138,0,1,1,0,Dragon1,1,Dragon2->Dragon1
稀土永磁,EP000472,3,2026-04-29,2026-04-29,Dragon3,000831.SZ,中国稀土,EP000525,4,2026-05-25,2026-05-25,1,1,-0.1747,0,-0.1747,1,0,0,,0,Dragon3->out
稀土永磁,EP000525,4,2026-05-25,2026-05-25,Dragon1,002645.SZ,华宏科技,EP000587,5,2026-06-18,2026-06-18,1,1,5.4939,5.4939,0,1,0,0,,0,Dragon1->out
稀土永磁,EP000525,4,2026-05-25,2026-05-25,Dragon2,300779.SZ,惠城环保,EP000587,5,2026-06-18,2026-06-18,1,1,-0.2281,0,-0.2281,1,0,0,,0,Dragon2->out
稀土永磁,EP000525,4,2026-05-25,2026-05-25,Dragon3,002056.SZ,横店东磁,EP000587,5,2026-06-18,2026-06-18,1,1,5.4411,5.4411,0,1,0,0,,0,Dragon3->out
稀土永磁,EP000587,5,2026-06-18,2026-06-18,Dragon1,600392.SH,盛和资源,EP000750,6,2026-08-14,2026-08-14,1,1,4.5952,4.5952,0,1,0,0,,0,Dragon1->out
稀土永磁,EP000587,5,2026-06-18,2026-06-18,Dragon2,600259.SH,中稀有色,EP000750,6,2026-08-14,2026-08-14,1,1,4.6776,4.6776,0,1,0,0,,0,Dragon2->out
端侧AI,EP000100,1,2025-11-27,2025-12-01,Dragon1,002632.SZ,道明光学,EP000662,2,2026-07-16,2026-07-17,1,2,21.0284721848,21.0284721848,0,1,1,0,Dragon2,0,Dragon1->Dragon2
端侧AI,EP000100,1,2025-11-27,2025-12-01,Dragon2,600203.SH,福日电子,EP000662,2,2026-07-16,2026-07-17,1,2,-1.0147361992,9.9631,-9.9832,1,0,0,,0,Dragon2->out
端侧AI,EP000100,1,2025-11-27,2025-12-01,Dragon3,688260.SH,昀冢科技,EP000662,2,2026-07-16,2026-07-17,1,2,-15.0709750482,0,-15.0709750482,1,0,0,,0,Dragon3->out
端侧AI,EP000662,2,2026-07-16,2026-07-17,Dragon1,000676.SZ,智度股份,EP000793,3,2026-08-31,2026-08-31,1,1,3.2984,3.2984,0,1,0,0,,0,Dragon1->out
端侧AI,EP000662,2,2026-07-16,2026-07-17,Dragon2,002632.SZ,道明光学,EP000793,3,2026-08-31,2026-08-31,1,1,0.2361,0.2361,0,1,0,0,,0,Dragon2->out
端侧AI,EP000662,2,2026-07-16,2026-07-17,Dragon3,603327.SH,福蓉科技,EP000793,3,2026-08-31,2026-08-31,1,1,0.9326,0.9326,0,1,0,0,,0,Dragon3->out
算力,EP000071,1,2025-11-17,2025-11-17,Dragon1,605303.SH,园林股份,EP000082,2,2025-11-21,2025-11-25,1,3,-7.741712668661,0,-10.9495760892,1,0,0,,0,Dragon1->out
算力,EP000071,1,2025-11-17,2025-11-17,Dragon2,600506.SH,统一股份,EP000082,2,2025-11-21,2025-11-25,1,3,-5.779508635071,0,-8.812,1,0,0,,0,Dragon2->out
算力,EP000071,1,2025-11-17,2025-11-17,Dragon3,600156.SH,华升股份,EP000082,2,2025-11-21,2025-11-25,1,3,-7.39589828851,0,-8.958355,1,0,0,,0,Dragon3->out
算力,EP000082,2,2025-11-21,2025-11-25,Dragon1,600734.SH,实达集团,EP000127,3,2025-12-09,2025-12-09,1,1,-3.4328,0,-3.4328,1,0,0,,0,Dragon1->out
算力,EP000082,2,2025-11-21,2025-11-25,Dragon2,600996.SH,贵广网络,EP000127,3,2025-12-09,2025-12-09,1,1,0.4417,0.4417,0,1,0,0,,0,Dragon2->out
算力,EP000082,2,2025-11-21,2025-11-25,Dragon3,000070.SZ,特发信息,EP000127,3,2025-12-09,2025-12-09,1,1,-7.5975,0,-7.5975,1,0,0,,0,Dragon3->out
算力,EP000127,3,2025-12-09,2025-12-09,Dragon1,002229.SZ,鸿博股份,EP000170,4,2025-12-24,2025-12-24,1,1,1.4594,1.4594,0,1,0,0,,0,Dragon1->out
算力,EP000127,3,2025-12-09,2025-12-09,Dragon2,600673.SH,东阳光,EP000170,4,2025-12-24,2025-12-24,1,1,2.0175,2.0175,0,1,0,0,,0,Dragon2->out
算力,EP000127,3,2025-12-09,2025-12-09,Dragon3,603090.SH,宏盛股份,EP000170,4,2025-12-24,2025-12-24,1,1,10.0071,10.0071,0,1,1,0,Dragon2,0,Dragon3->Dragon2
算力,EP000170,4,2025-12-24,2025-12-24,Dragon1,002909.SZ,集泰股份,EP000205,5,2026-01-07,2026-01-12,1,4,2.828911568952,2.828911568952,0,1,0,0,,0,Dragon1->out
算力,EP000170,4,2025-12-24,2025-12-24,Dragon2,603090.SH,宏盛股份,EP000205,5,2026-01-07,2026-01-12,1,4,17.327871358958,17.327871358958,-1.9956,1,0,0,,0,Dragon2->out
算力,EP000205,5,2026-01-07,2026-01-12,Dragon1,600869.SH,远东股份,EP000218,6,2026-01-14,2026-01-14,1,1,-4.0452,0,-4.0452,1,0,0,,0,Dragon1->out
算力,EP000205,5,2026-01-07,2026-01-12,Dragon2,001400.SZ,江顺科技,EP000218,6,2026-01-14,2026-01-14,1,1,9.9973,9.9973,0,1,1,0,Dragon1,1,Dragon2->Dragon1
算力,EP000205,5,2026-01-07,2026-01-12,Dragon3,600637.SH,东方明珠,EP000218,6,2026-01-14,2026-01-14,1,1,-3.4438,0,-3.4438,1,0,0,,0,Dragon3->out
算力,EP000218,6,2026-01-14,2026-01-14,Dragon1,001400.SZ,江顺科技,EP000246,7,2026-01-26,2026-01-28,1,3,-17.142405478033,0,-17.142405478033,1,0,0,,0,Dragon1->out
算力,EP000218,6,2026-01-14,2026-01-14,Dragon2,600589.SH,大位科技,EP000246,7,2026-01-26,2026-01-28,1,3,8.872597962039,11.5866074279,-2.4322,1,1,0,Dragon1,1,Dragon2->Dragon1
算力,EP000218,6,2026-01-14,2026-01-14,Dragon3,301396.SZ,宏景科技,EP000246,7,2026-01-26,2026-01-28,1,3,33.39682748696,33.39682748696,0,1,0,0,,0,Dragon3->out
算力,EP000246,7,2026-01-26,2026-01-28,Dragon1,600589.SH,大位科技,EP000259,8,2026-01-30,2026-01-30,1,1,-0.7805,0,-0.7805,1,0,0,,0,Dragon1->out
算力,EP000246,7,2026-01-26,2026-01-28,Dragon2,688158.SH,优刻得,EP000259,8,2026-01-30,2026-01-30,1,1,-5.705,0,-5.705,1,0,0,,0,Dragon2->out
算力,EP000246,7,2026-01-26,2026-01-28,Dragon3,001277.SZ,速达股份,EP000259,8,2026-01-30,2026-01-30,1,1,0.4708,0.4708,0,1,0,0,,0,Dragon3->out
算力,EP000259,8,2026-01-30,2026-01-30,Dragon1,603887.SH,城地香江,EP000267,9,2026-02-03,2026-02-03,1,1,2.4081,2.4081,0,1,0,0,,0,Dragon1->out
算力,EP000259,8,2026-01-30,2026-01-30,Dragon2,603861.SH,白云电器,EP000267,9,2026-02-03,2026-02-03,1,1,-0.3829,0,-0.3829,1,0,0,,0,Dragon2->out
算力,EP000259,8,2026-01-30,2026-01-30,Dragon3,603629.SH,利通电子,EP000267,9,2026-02-03,2026-02-03,1,1,7.1949,7.1949,0,1,0,0,,0,Dragon3->out
算力,EP000267,9,2026-02-03,2026-02-03,Dragon1,002238.SZ,天威视讯,EP000288,10,2026-02-09,2026-03-02,1,10,-12.459167775523,4.2622933868,-16.037879677448,1,0,0,,0,Dragon1->out
算力,EP000267,9,2026-02-03,2026-02-03,Dragon2,600869.SH,远东股份,EP000288,10,2026-02-09,2026-03-02,1,10,15.305305943764,20.856451335524,-4.5931725865,1,0,0,,0,Dragon2->out
算力,EP000267,9,2026-02-03,2026-02-03,Dragon3,600673.SH,东阳光,EP000288,10,2026-02-09,2026-03-02,1,5,30.795881690235,30.795881690235,0,1,0,0,,0,Dragon3->out
算力,EP000288,10,2026-02-09,2026-03-02,Dragon1,600589.SH,大位科技,EP000329,11,2026-03-05,2026-03-19,1,11,4.520820749375,10.669160564744,-12.499999458671,1,0,0,,0,Dragon1->out
算力,EP000288,10,2026-02-09,2026-03-02,Dragon2,002272.SZ,川润股份,EP000329,11,2026-03-05,2026-03-19,1,11,-14.428201959136,0,-15.804554477173,1,0,0,,0,Dragon2->out
算力,EP000288,10,2026-02-09,2026-03-02,Dragon3,603629.SH,利通电子,EP000329,11,2026-03-05,2026-03-19,1,11,18.878760756778,18.878760756778,-9.467454014755,1,0,0,,0,Dragon3->out
算力,EP000329,11,2026-03-05,2026-03-19,Dragon1,600666.SH,奥瑞德,EP000373,12,2026-03-24,2026-03-30,1,5,43.119237601458,43.119237601458,0,1,1,1,Dragon1,1,Dragon1->Dragon1
算力,EP000329,11,2026-03-05,2026-03-19,Dragon2,000815.SZ,美利云,EP000373,12,2026-03-24,2026-03-30,1,5,3.247487529685,9.7423045764,-5.918243718122,1,0,0,,0,Dragon2->out
算力,EP000329,11,2026-03-05,2026-03-19,Dragon3,300895.SZ,铜牛信息,EP000373,12,2026-03-24,2026-03-30,1,5,2.873352362505,3.1859408096,-6.8677,1,0,0,,0,Dragon3->out
算力,EP000373,12,2026-03-24,2026-03-30,Dragon1,600666.SH,奥瑞德,EP000400,13,2026-04-01,2026-04-01,1,1,10,10,0,1,1,1,Dragon1,1,Dragon1->Dragon1
算力,EP000373,12,2026-03-24,2026-03-30,Dragon2,002771.SZ,真视通,EP000400,13,2026-04-01,2026-04-01,1,1,-2.0432,0,-2.0432,1,0,0,,0,Dragon2->out
算力,EP000373,12,2026-03-24,2026-03-30,Dragon3,600186.SH,莲花控股,EP000400,13,2026-04-01,2026-04-01,1,1,3.2394,3.2394,0,1,0,0,,0,Dragon3->out
算力,EP000400,13,2026-04-01,2026-04-01,Dragon1,600666.SH,奥瑞德,EP000406,14,2026-04-03,2026-05-28,1,36,-23.338629272506,16.045381555123,-35.47480104613,1,0,0,,0,Dragon1->out
算力,EP000400,13,2026-04-01,2026-04-01,Dragon2,605289.SH,罗曼股份,EP000406,14,2026-04-03,2026-05-28,1,36,57.7143405123,57.7143405123,-15.392425271845,1,0,0,,0,Dragon2->out
算力,EP000400,13,2026-04-01,2026-04-01,Dragon3,000815.SZ,美利云,EP000406,14,2026-04-03,2026-05-28,1,36,-14.293004674763,16.78538794774,-28.048838453511,1,0,0,,0,Dragon3->out
算力,EP000406,14,2026-04-03,2026-05-28,Dragon1,300608.SZ,思特奇,EP000539,15,2026-06-01,2026-06-02,1,2,2.5919304124,3.6789,-1.0484,1,0,0,,0,Dragon1->out
算力,EP000406,14,2026-04-03,2026-05-28,Dragon2,003007.SZ,直真科技,EP000539,15,2026-06-01,2026-06-02,1,2,-1.9217566572,0.3084,-2.2233,1,0,0,,0,Dragon2->out
算力,EP000406,14,2026-04-03,2026-05-28,Dragon3,002831.SZ,裕同科技,EP000539,15,2026-06-01,2026-06-02,1,2,6.408903692,6.408903692,0,1,0,0,,0,Dragon3->out
算力,EP000539,15,2026-06-01,2026-06-02,Dragon1,002871.SZ,伟隆股份,EP000544,16,2026-06-04,2026-06-10,1,5,-3.276084969173,0,-11.610492491668,1,0,0,,0,Dragon1->out
算力,EP000539,15,2026-06-01,2026-06-02,Dragon2,002328.SZ,新朋股份,EP000544,16,2026-06-04,2026-06-10,1,5,-14.055779247461,0,-14.163053970761,1,0,0,,0,Dragon2->out
算力,EP000539,15,2026-06-01,2026-06-02,Dragon3,001210.SZ,金房能源,EP000544,16,2026-06-04,2026-06-10,1,5,-0.022039872608,0,-9.607367096664,1,0,0,,0,Dragon3->out
算力,EP000544,16,2026-06-04,2026-06-10,Dragon1,002051.SZ,中工国际,EP000575,17,2026-06-15,2026-06-22,1,5,25.284120103225,25.284120103225,-4.072014,1,0,0,,0,Dragon1->out
算力,EP000544,16,2026-06-04,2026-06-10,Dragon2,603090.SH,宏盛股份,EP000575,17,2026-06-15,2026-06-22,1,5,10.149280470957,11.766769154156,-1.4472,1,0,0,,0,Dragon2->out
算力,EP000544,16,2026-06-04,2026-06-10,Dragon3,301123.SZ,奕东电子,EP000575,17,2026-06-15,2026-06-22,1,5,28.02535948689,33.861730956597,-4.36,1,0,0,,0,Dragon3->out
算力,EP000575,17,2026-06-15,2026-06-22,Dragon1,603045.SH,福达合金,EP000604,18,2026-06-24,2026-06-25,1,2,1.5357757177,10.0059,-7.6997,1,0,0,,0,Dragon1->out
算力,EP000575,17,2026-06-15,2026-06-22,Dragon2,002849.SZ,威星智能,EP000604,18,2026-06-24,2026-06-25,1,2,-6.092555979,0,-6.092555979,1,0,0,,0,Dragon2->out
算力,EP000575,17,2026-06-15,2026-06-22,Dragon3,000811.SZ,冰轮环境,EP000604,18,2026-06-24,2026-06-25,1,2,19.2573257768,19.2573257768,0,1,0,0,,0,Dragon3->out
算力,EP000604,18,2026-06-24,2026-06-25,Dragon1,001339.SZ,智微智能,EP000618,19,2026-06-30,2026-07-03,1,4,-5.523268669384,0,-8.391441041806,1,0,0,,0,Dragon1->out
算力,EP000604,18,2026-06-24,2026-06-25,Dragon2,002580.SZ,圣阳股份,EP000618,19,2026-06-30,2026-07-03,1,4,-0.869123456915,7.0980041714,-7.4391,1,0,0,,0,Dragon2->out
算力,EP000604,18,2026-06-24,2026-06-25,Dragon3,003018.SZ,金富科技,EP000618,19,2026-06-30,2026-07-03,1,4,-9.82310851751,3.7143,-13.052595946277,1,0,0,,0,Dragon3->out
算力,EP000618,19,2026-06-30,2026-07-03,Dragon1,000811.SZ,冰轮环境,EP000644,20,2026-07-08,2026-07-08,1,1,-4.7529,0,-4.7529,1,0,0,,0,Dragon1->out
算力,EP000618,19,2026-06-30,2026-07-03,Dragon2,603019.SH,中科曙光,EP000644,20,2026-07-08,2026-07-08,1,1,4.9733,4.9733,0,1,0,0,,0,Dragon2->out
算力,EP000618,19,2026-06-30,2026-07-03,Dragon3,002929.SZ,润建股份,EP000644,20,2026-07-08,2026-07-08,1,1,-2.4987,0,-2.4987,1,0,0,,0,Dragon3->out
算力,EP000644,20,2026-07-08,2026-07-08,Dragon1,600094.SH,大名城,EP000651,21,2026-07-10,2026-07-10,1,1,-2.7027,0,-2.7027,1,0,0,,0,Dragon1->out
算力,EP000644,20,2026-07-08,2026-07-08,Dragon2,603296.SH,华勤技术,EP000651,21,2026-07-10,2026-07-10,1,1,0.8035,0.8035,0,1,0,0,,0,Dragon2->out
算力,EP000644,20,2026-07-08,2026-07-08,Dragon3,603380.SH,易德龙,EP000651,21,2026-07-10,2026-07-10,1,1,-2.937,0,-2.937,1,0,0,,0,Dragon3->out
算力,EP000651,21,2026-07-10,2026-07-10,Dragon1,603322.SH,超讯科技,EP000657,22,2026-07-14,2026-07-23,1,8,-11.985994612162,0,-13.623632225642,1,0,0,,0,Dragon1->out
算力,EP000651,21,2026-07-10,2026-07-10,Dragon2,600410.SH,华胜天成,EP000657,22,2026-07-14,2026-07-23,1,8,-13.370229060266,0,-17.1284483149,1,0,0,,0,Dragon2->out
算力,EP000651,21,2026-07-10,2026-07-10,Dragon3,002970.SZ,锐明技术,EP000657,22,2026-07-14,2026-07-23,1,8,-15.642407846987,0.3784,-18.922740454994,1,0,0,,0,Dragon3->out
算力,EP000657,22,2026-07-14,2026-07-23,Dragon1,300209.SZ,行云科技,EP000693,23,2026-07-27,2026-07-27,1,1,12.1412,12.1412,0,1,0,0,,0,Dragon1->out
算力,EP000657,22,2026-07-14,2026-07-23,Dragon2,002536.SZ,飞龙股份,EP000693,23,2026-07-27,2026-07-27,1,1,3.6937,3.6937,0,1,0,0,,0,Dragon2->out
算力,EP000657,22,2026-07-14,2026-07-23,Dragon3,301259.SZ,艾布鲁,EP000693,23,2026-07-27,2026-07-27,1,1,6.1561,6.1561,0,1,0,0,,0,Dragon3->out
算力,EP000693,23,2026-07-27,2026-07-27,Dragon1,002051.SZ,中工国际,EP000712,24,2026-07-31,2026-08-17,1,12,-1.449412116992,5.685653121998,-6.962224270918,1,0,0,,0,Dragon1->out
算力,EP000693,23,2026-07-27,2026-07-27,Dragon2,601789.SH,宁波建工,EP000712,24,2026-07-31,2026-08-17,1,12,6.308331767482,10.514011558316,-3.8055625088,1,0,0,,0,Dragon2->out
算力,EP000693,23,2026-07-27,2026-07-27,Dragon3,301085.SZ,亚康股份,EP000712,24,2026-07-31,2026-08-17,1,12,16.675985438123,17.057727747882,-5.00228923612,1,0,0,,0,Dragon3->out
算力,EP000712,24,2026-07-31,2026-08-17,Dragon1,600162.SH,香江控股,EP000770,25,2026-08-21,2026-08-21,1,1,-0.2387,0,-0.2387,1,0,0,,0,Dragon1->out
算力,EP000712,24,2026-07-31,2026-08-17,Dragon2,603629.SH,利通电子,EP000770,25,2026-08-21,2026-08-21,1,1,-3.523,0,-3.523,1,0,0,,0,Dragon2->out
算力,EP000712,24,2026-07-31,2026-08-17,Dragon3,000967.SZ,盈峰环境,EP000770,25,2026-08-21,2026-08-21,1,1,1.5854,1.5854,0,1,0,0,,0,Dragon3->out
算力,EP000770,25,2026-08-21,2026-08-21,Dragon1,002536.SZ,飞龙股份,EP000778,26,2026-08-25,2026-08-31,1,5,12.499970808067,12.499970808067,-4.3832,1,0,0,,0,Dragon1->out
算力,EP000770,25,2026-08-21,2026-08-21,Dragon2,003018.SZ,金富科技,EP000778,26,2026-08-25,2026-08-31,1,5,18.133902008783,18.133902008783,-4.5909,1,1,0,Dragon1,1,Dragon2->Dragon1
算力,EP000770,25,2026-08-21,2026-08-21,Dragon3,603045.SH,福达合金,EP000778,26,2026-08-25,2026-08-31,1,5,4.420371731383,10.385260027488,-5.4037,1,0,0,,0,Dragon3->out
绿色电力,EP000219,1,2026-01-14,2026-01-14,Dragon1,000875.SZ,吉电股份,EP000460,2,2026-04-23,2026-04-23,1,1,2.6275,2.6275,0,1,0,0,,0,Dragon1->out
绿色电力,EP000219,1,2026-01-14,2026-01-14,Dragon2,002310.SZ,东方新能,EP000460,2,2026-04-23,2026-04-23,1,1,0.3413,0.3413,0,1,0,0,,0,Dragon2->out
绿色电力,EP000219,1,2026-01-14,2026-01-14,Dragon3,000591.SZ,太阳能,EP000460,2,2026-04-23,2026-04-23,1,1,3.4545,3.4545,0,1,0,0,,0,Dragon3->out
绿色电力,EP000460,2,2026-04-23,2026-04-23,Dragon1,600396.SH,华电辽能,EP000464,3,2026-04-27,2026-04-27,1,1,10,10,0,1,1,1,Dragon1,1,Dragon1->Dragon1
绿色电力,EP000460,2,2026-04-23,2026-04-23,Dragon2,002606.SZ,大连电瓷,EP000464,3,2026-04-27,2026-04-27,1,1,5.6308,5.6308,0,1,0,0,,0,Dragon2->out
绿色电力,EP000460,2,2026-04-23,2026-04-23,Dragon3,000537.SZ,绿发电力,EP000464,3,2026-04-27,2026-04-27,1,1,-2.0036,0,-2.0036,1,0,0,,0,Dragon3->out
绿色电力,EP000464,3,2026-04-27,2026-04-27,Dragon1,600396.SH,华电辽能,EP000497,4,2026-05-14,2026-05-14,1,1,0.4831,0.4831,0,1,0,0,,0,Dragon1->out
绿色电力,EP000464,3,2026-04-27,2026-04-27,Dragon2,600726.SH,华电能源,EP000497,4,2026-05-14,2026-05-14,1,1,-5.549,0,-5.549,1,0,0,,0,Dragon2->out
绿色电力,EP000497,4,2026-05-14,2026-05-14,Dragon1,600578.SH,京能电力,EP000663,5,2026-07-16,2026-07-16,1,1,-4.5139,0,-4.5139,1,0,0,,0,Dragon1->out
绿色电力,EP000497,4,2026-05-14,2026-05-14,Dragon2,002973.SZ,侨银股份,EP000663,5,2026-07-16,2026-07-16,1,1,1.7425,1.7425,0,1,0,0,,0,Dragon2->out
绿色电力,EP000497,4,2026-05-14,2026-05-14,Dragon3,000601.SZ,韶能股份,EP000663,5,2026-07-16,2026-07-16,1,1,-2.8481,0,-2.8481,1,0,0,,0,Dragon3->out
绿色电力,EP000663,5,2026-07-16,2026-07-16,Dragon1,002350.SZ,北京科锐,EP000686,6,2026-07-23,2026-07-24,1,2,5.9898570573,5.9898570573,0,1,0,0,,0,Dragon1->out
绿色电力,EP000663,5,2026-07-16,2026-07-16,Dragon2,001258.SZ,立新能源,EP000686,6,2026-07-23,2026-07-24,1,2,18.346908673,18.346908673,0,1,1,0,Dragon1,1,Dragon2->Dragon1
绿色电力,EP000663,5,2026-07-16,2026-07-16,Dragon3,002775.SZ,文科股份,EP000686,6,2026-07-23,2026-07-24,1,2,10.2803416104,10.2803416104,0,1,0,0,,0,Dragon3->out
绿色电力,EP000686,6,2026-07-23,2026-07-24,Dragon1,001258.SZ,立新能源,EP000741,7,2026-08-11,2026-08-11,1,1,10.0138,10.0138,0,1,1,0,Dragon2,0,Dragon1->Dragon2
绿色电力,EP000686,6,2026-07-23,2026-07-24,Dragon2,600396.SH,华电辽能,EP000741,7,2026-08-11,2026-08-11,1,1,-2.3823,0,-2.3823,1,0,0,,0,Dragon2->out
绿色电力,EP000686,6,2026-07-23,2026-07-24,Dragon3,000595.SZ,新能股份,EP000741,7,2026-08-11,2026-08-11,1,1,-0.3145,0,-0.3145,1,0,0,,0,Dragon3->out
绿色电力,EP000741,7,2026-08-11,2026-08-11,Dragon1,605286.SH,同力天启,EP000747,8,2026-08-13,2026-08-13,1,1,10.0032,10.0032,0,1,1,1,Dragon1,1,Dragon1->Dragon1
绿色电力,EP000741,7,2026-08-11,2026-08-11,Dragon2,001258.SZ,立新能源,EP000747,8,2026-08-13,2026-08-13,1,1,-1.229,0,-1.229,1,0,0,,0,Dragon2->out
绿色电力,EP000741,7,2026-08-11,2026-08-11,Dragon3,002256.SZ,兆新股份,EP000747,8,2026-08-13,2026-08-13,1,1,-3.3766,0,-3.3766,1,0,0,,0,Dragon3->out
股权转让,EP000197,1,2026-01-06,2026-01-06,Dragon1,001210.SZ,金房能源,EP000210,2,2026-01-09,2026-01-12,1,2,-2.3655133185,0,-2.3655133185,1,0,0,,0,Dragon1->out
股权转让,EP000197,1,2026-01-06,2026-01-06,Dragon2,002795.SZ,永和智控,EP000210,2,2026-01-09,2026-01-12,1,2,7.9763475144,10.0443,-1.8792,1,1,0,Dragon1,1,Dragon2->Dragon1
股权转让,EP000210,2,2026-01-09,2026-01-12,Dragon1,002795.SZ,永和智控,EP000221,3,2026-01-15,2026-01-19,1,3,0.562664253033,0.562664253033,-2.6722191975,1,0,0,,0,Dragon1->out
股权转让,EP000210,2,2026-01-09,2026-01-12,Dragon2,600748.SH,上实发展,EP000221,3,2026-01-15,2026-01-19,1,3,-0.323630281829,0.1618,-2.4233,1,0,0,,0,Dragon2->out
股权转让,EP000210,2,2026-01-09,2026-01-12,Dragon3,300536.SZ,农尚环境,EP000221,3,2026-01-15,2026-01-19,1,3,-4.096526942078,1.6807,-6.1983,1,0,0,,0,Dragon3->out
股权转让,EP000221,3,2026-01-15,2026-01-19,Dragon1,600785.SH,新华百货,EP000303,4,2026-02-24,2026-02-24,1,1,3.2994,3.2994,0,1,0,0,,0,Dragon1->out
股权转让,EP000221,3,2026-01-15,2026-01-19,Dragon2,603161.SH,科华控股,EP000303,4,2026-02-24,2026-02-24,1,1,5.397,5.397,0,1,0,0,,0,Dragon2->out
股权转让,EP000303,4,2026-02-24,2026-02-24,Dragon1,000890.SZ,法尔胜,EP000423,5,2026-04-08,2026-04-10,1,3,-19.307141147712,0,-19.307141147712,1,0,0,,0,Dragon1->out
股权转让,EP000303,4,2026-02-24,2026-02-24,Dragon2,002795.SZ,永和智控,EP000423,5,2026-04-08,2026-04-10,1,3,4.381560007863,4.381560007863,0,1,0,0,,0,Dragon2->out
股权转让,EP000423,5,2026-04-08,2026-04-10,Dragon1,603272.SH,联翔股份,EP000483,6,2026-05-07,2026-05-13,1,5,7.391666365553,7.391666365553,-7.2495028117,1,0,0,,0,Dragon1->out
股权转让,EP000423,5,2026-04-08,2026-04-10,Dragon2,002449.SZ,国星光电,EP000483,6,2026-05-07,2026-05-13,1,5,2.119743214291,2.867903554983,-1.8182,1,0,0,,0,Dragon2->out
股权转让,EP000423,5,2026-04-08,2026-04-10,Dragon3,603311.SH,金海高科,EP000483,6,2026-05-07,2026-05-13,1,2,15.5,15.5,0,1,0,0,,0,Dragon3->out
股权转让,EP000483,6,2026-05-07,2026-05-13,Dragon1,688069.SH,德林海,EP000505,7,2026-05-18,2026-05-18,1,1,10.9364,10.9364,0,1,0,0,,0,Dragon1->out
股权转让,EP000483,6,2026-05-07,2026-05-13,Dragon2,002655.SZ,共达电声,EP000505,7,2026-05-18,2026-05-18,1,1,-5.9877,0,-5.9877,1,0,0,,0,Dragon2->out
股权转让,EP000505,7,2026-05-18,2026-05-18,Dragon1,001259.SZ,利仁科技,EP000510,8,2026-05-20,2026-05-20,1,1,9.9986,9.9986,0,1,1,1,Dragon1,1,Dragon1->Dragon1
股权转让,EP000505,7,2026-05-18,2026-05-18,Dragon2,002030.SZ,达安基因,EP000510,8,2026-05-20,2026-05-20,1,1,3.6145,3.6145,0,1,0,0,,0,Dragon2->out
股权转让,EP000510,8,2026-05-20,2026-05-20,Dragon1,001259.SZ,利仁科技,EP000540,9,2026-06-01,2026-06-01,1,1,-10.0024,0,-10.0024,1,0,0,,0,Dragon1->out
股权转让,EP000510,8,2026-05-20,2026-05-20,Dragon2,301020.SZ,密封科技,EP000540,9,2026-06-01,2026-06-01,1,1,-0.5037,0,-0.5037,1,0,0,,0,Dragon2->out
股权转让,EP000510,8,2026-05-20,2026-05-20,Dragon3,002072.SZ,凯瑞德,EP000540,9,2026-06-01,2026-06-01,1,1,-1.9108,0,-1.9108,1,0,0,,0,Dragon3->out
股权转让,EP000540,9,2026-06-01,2026-06-01,Dragon1,002795.SZ,永和智控,EP000561,10,2026-06-10,2026-06-11,1,2,3.566463524,3.566463524,-2.332,1,0,0,,0,Dragon1->out
股权转让,EP000540,9,2026-06-01,2026-06-01,Dragon2,300649.SZ,杭州园林,EP000561,10,2026-06-10,2026-06-11,1,2,-5.4300995965,0,-5.4300995965,1,0,0,,0,Dragon2->out
股权转让,EP000540,9,2026-06-01,2026-06-01,Dragon3,605298.SH,必得科技,EP000561,10,2026-06-10,2026-06-11,1,2,0.6902519786,0.6902519786,-1.1381,1,0,0,,0,Dragon3->out
股权转让,EP000561,10,2026-06-10,2026-06-11,Dragon1,000048.SZ,京基智农,EP000592,11,2026-06-22,2026-06-22,1,1,10.0212,10.0212,0,1,1,1,Dragon1,1,Dragon1->Dragon1
股权转让,EP000561,10,2026-06-10,2026-06-11,Dragon2,600881.SH,亚泰集团,EP000592,11,2026-06-22,2026-06-22,1,1,-0.6579,0,-0.6579,1,0,0,,0,Dragon2->out
股权转让,EP000592,11,2026-06-22,2026-06-22,Dragon1,000048.SZ,京基智农,EP000628,12,2026-07-01,2026-07-01,1,1,1.856,1.856,0,1,0,0,,0,Dragon1->out
股权转让,EP000592,11,2026-06-22,2026-06-22,Dragon2,688367.SH,工大高科,EP000628,12,2026-07-01,2026-07-01,1,1,-4.2342,0,-4.2342,1,0,0,,0,Dragon2->out
股权转让,EP000628,12,2026-07-01,2026-07-01,Dragon1,002313.SZ,日海智能,EP000755,13,2026-08-17,2026-08-17,1,1,-0.6928,0,-0.6928,1,0,0,,0,Dragon1->out
股权转让,EP000628,12,2026-07-01,2026-07-01,Dragon2,000863.SZ,三湘印象,EP000755,13,2026-08-17,2026-08-17,1,1,2.2167,2.2167,0,1,0,0,,0,Dragon2->out
股权转让,EP000628,12,2026-07-01,2026-07-01,Dragon3,603499.SH,翔港科技,EP000755,13,2026-08-17,2026-08-17,1,1,0.1569,0.1569,0,1,0,0,,0,Dragon3->out
脑机接口,EP000190,1,2026-01-05,2026-01-08,Dragon1,002195.SZ,岩山科技,EP000214,2,2026-01-12,2026-01-12,1,1,10.0483,10.0483,0,1,1,1,Dragon1,1,Dragon1->Dragon1
脑机接口,EP000190,1,2026-01-05,2026-01-08,Dragon2,301293.SZ,三博脑科,EP000214,2,2026-01-12,2026-01-12,1,1,6.949,6.949,0,1,0,0,,0,Dragon2->out
脑机接口,EP000190,1,2026-01-05,2026-01-08,Dragon3,002173.SZ,创新医疗,EP000214,2,2026-01-12,2026-01-12,1,1,6.7841,6.7841,0,1,0,0,,0,Dragon3->out
脑机接口,EP000214,2,2026-01-12,2026-01-12,Dragon1,002195.SZ,岩山科技,EP000664,3,2026-07-16,2026-07-16,1,1,2.1703,2.1703,0,1,0,0,,0,Dragon1->out
脑机接口,EP000214,2,2026-01-12,2026-01-12,Dragon2,300409.SZ,道氏技术,EP000664,3,2026-07-16,2026-07-16,1,1,-0.6333,0,-0.6333,1,0,0,,0,Dragon2->out
脑机接口,EP000214,2,2026-01-12,2026-01-12,Dragon3,002555.SZ,三七互娱,EP000664,3,2026-07-16,2026-07-16,1,1,-1.3242,0,-1.3242,1,0,0,,0,Dragon3->out
脑机接口,EP000664,3,2026-07-16,2026-07-16,Dragon1,000566.SZ,海南海药,EP000694,4,2026-07-27,2026-07-28,1,2,20.95435,20.95435,0,1,1,0,Dragon2,0,Dragon1->Dragon2
脑机接口,EP000664,3,2026-07-16,2026-07-16,Dragon2,002173.SZ,创新医疗,EP000694,4,2026-07-27,2026-07-28,1,2,20.9994497456,20.9994497456,0,1,1,0,Dragon1,1,Dragon2->Dragon1
脑机接口,EP000664,3,2026-07-16,2026-07-16,Dragon3,603716.SH,塞力医疗,EP000694,4,2026-07-27,2026-07-28,1,2,20.9866860604,20.9866860604,0,1,1,1,Dragon3,0,Dragon3->Dragon3
航运,EP000304,1,2026-02-24,2026-02-24,Dragon1,601872.SH,招商轮船,EP000320,2,2026-03-02,2026-03-03,1,2,20.9975744896,20.9975744896,0,1,1,1,Dragon1,1,Dragon1->Dragon1
航运,EP000304,1,2026-02-24,2026-02-24,Dragon2,600026.SH,中远海能,EP000320,2,2026-03-02,2026-03-03,1,2,20.9911982831,20.9911982831,0,1,1,0,Dragon3,0,Dragon2->Dragon3
航运,EP000304,1,2026-02-24,2026-02-24,Dragon3,601975.SH,招商南油,EP000320,2,2026-03-02,2026-03-03,1,2,20.9246607406,20.9246607406,0,1,1,0,Dragon2,0,Dragon3->Dragon2
航运,EP000320,2,2026-03-02,2026-03-03,Dragon1,601872.SH,招商轮船,EP000576,3,2026-06-15,2026-06-15,1,1,10,10,0,1,1,1,Dragon1,1,Dragon1->Dragon1
航运,EP000320,2,2026-03-02,2026-03-03,Dragon2,601975.SH,招商南油,EP000576,3,2026-06-15,2026-06-15,1,1,10.0962,10.0962,0,1,1,0,Dragon3,0,Dragon2->Dragon3
航运,EP000320,2,2026-03-02,2026-03-03,Dragon3,600026.SH,中远海能,EP000576,3,2026-06-15,2026-06-15,1,1,10,10,0,1,1,0,Dragon2,0,Dragon3->Dragon2
芯片,EP000013,1,2025-11-03,2025-11-03,Dragon1,000620.SZ,盈新发展,EP000030,2,2025-11-06,2025-11-13,1,6,-4.242520863709,5.454491380058,-9.19544736015,1,0,0,,0,Dragon1->out
芯片,EP000013,1,2025-11-03,2025-11-03,Dragon2,603030.SH,全筑股份,EP000030,2,2025-11-06,2025-11-13,1,6,-1.025547896268,1.794987620728,-2.7708,1,0,0,,0,Dragon2->out
芯片,EP000013,1,2025-11-03,2025-11-03,Dragon3,600667.SH,太极实业,EP000030,2,2025-11-06,2025-11-13,1,6,1.051404149107,4.416287401248,-4.5317,1,0,0,,0,Dragon3->out
芯片,EP000030,2,2025-11-06,2025-11-13,Dragon1,001309.SZ,德明利,EP000072,3,2025-11-17,2025-11-27,1,9,-20.67418831912,0,-20.67418831912,1,0,0,,0,Dragon1->out
芯片,EP000030,2,2025-11-06,2025-11-13,Dragon2,603931.SH,格林达,EP000072,3,2025-11-17,2025-11-27,1,9,16.644138671622,16.644138671622,-4.1963,1,0,0,,0,Dragon2->out
芯片,EP000030,2,2025-11-06,2025-11-13,Dragon3,688048.SH,长光华芯,EP000072,3,2025-11-17,2025-11-27,1,9,39.93402715431,39.93402715431,-13.204238291262,1,0,0,,0,Dragon3->out
芯片,EP000072,3,2025-11-17,2025-11-27,Dragon1,002208.SZ,合肥城建,EP000115,4,2025-12-02,2025-12-02,1,1,1.0791,1.0791,0,1,0,0,,0,Dragon1->out
芯片,EP000072,3,2025-11-17,2025-11-27,Dragon2,002990.SZ,盛视科技,EP000115,4,2025-12-02,2025-12-02,1,1,-3.214,0,-3.214,1,0,0,,0,Dragon2->out
芯片,EP000115,4,2025-12-02,2025-12-02,Dragon1,603933.SH,睿能科技,EP000133,5,2025-12-10,2025-12-12,1,3,-10.105676203745,0,-10.809921067,1,0,0,,0,Dragon1->out
芯片,EP000115,4,2025-12-02,2025-12-02,Dragon2,000859.SZ,国风新材,EP000133,5,2025-12-10,2025-12-12,1,3,10.927061314747,10.927061314747,-1.9868,1,0,0,,0,Dragon2->out
芯片,EP000115,4,2025-12-02,2025-12-02,Dragon3,603163.SH,圣晖集成,EP000133,5,2025-12-10,2025-12-12,1,3,11.330626521496,11.330626521496,-1.334,1,0,0,,0,Dragon3->out
芯片,EP000133,5,2025-12-10,2025-12-12,Dragon1,002725.SZ,跃岭股份,EP000162,6,2025-12-22,2025-12-23,1,2,0.9340265576,0.9340265576,0,1,0,0,,0,Dragon1->out
芯片,EP000133,5,2025-12-10,2025-12-12,Dragon2,605358.SH,立昂微,EP000162,6,2025-12-22,2025-12-23,1,2,10.43169578,10.43169578,0,1,1,0,Dragon3,0,Dragon2->Dragon3
芯片,EP000133,5,2025-12-10,2025-12-12,Dragon3,000936.SZ,华西股份,EP000162,6,2025-12-22,2025-12-23,1,2,-1.1292555452,0,-1.1292555452,1,0,0,,0,Dragon3->out
芯片,EP000162,6,2025-12-22,2025-12-23,Dragon1,002169.SZ,智光电气,EP000173,7,2025-12-25,2025-12-26,1,2,1.6221793496,1.6221793496,-0.9542,1,0,0,,0,Dragon1->out
芯片,EP000162,6,2025-12-22,2025-12-23,Dragon2,301611.SZ,珂玛科技,EP000173,7,2025-12-25,2025-12-26,1,2,3.56023665,3.56023665,-0.4707,1,0,0,,0,Dragon2->out
芯片,EP000162,6,2025-12-22,2025-12-23,Dragon3,605358.SH,立昂微,EP000173,7,2025-12-25,2025-12-26,1,2,-1.2597,0,-1.2597,1,0,0,,0,Dragon3->out
芯片,EP000173,7,2025-12-25,2025-12-26,Dragon1,000551.SZ,创元科技,EP000185,8,2025-12-31,2026-01-09,1,6,5.300527172509,7.208538926657,-3.8233,1,0,0,,0,Dragon1->out
芯片,EP000173,7,2025-12-25,2025-12-26,Dragon2,603163.SH,圣晖集成,EP000185,8,2025-12-31,2026-01-09,1,6,7.625349534575,16.83295407465,-7.880999511655,1,0,0,,0,Dragon2->out
芯片,EP000173,7,2025-12-25,2025-12-26,Dragon3,000859.SZ,国风新材,EP000185,8,2025-12-31,2026-01-09,1,6,22.748354537947,22.748354537947,-6.0353,1,0,0,,0,Dragon3->out
芯片,EP000185,8,2025-12-31,2026-01-09,Dragon1,002208.SZ,合肥城建,EP000222,9,2026-01-15,2026-01-22,1,6,22.680430064989,26.090496945302,-2.7044598625,1,0,0,,0,Dragon1->out
芯片,EP000185,8,2025-12-31,2026-01-09,Dragon2,000672.SZ,上峰水泥,EP000222,9,2026-01-15,2026-01-22,1,6,10.446621364893,10.446621364893,-2.0408,1,0,0,,0,Dragon2->out
芯片,EP000185,8,2025-12-31,2026-01-09,Dragon3,603156.SH,养元饮品,EP000222,9,2026-01-15,2026-01-22,1,6,0.211150195431,4.162881597476,-3.7938,1,0,0,,0,Dragon3->out
芯片,EP000222,9,2026-01-15,2026-01-22,Dragon1,600520.SH,三佳科技,EP000248,10,2026-01-27,2026-01-28,1,2,-0.966734277,0.4654,-1.4255,1,0,0,,0,Dragon1->out
芯片,EP000222,9,2026-01-15,2026-01-22,Dragon2,002787.SZ,华源控股,EP000248,10,2026-01-27,2026-01-28,1,2,-1.0078,0,-1.0078,1,0,0,,0,Dragon2->out
芯片,EP000222,9,2026-01-15,2026-01-22,Dragon3,603650.SH,彤程新材,EP000248,10,2026-01-27,2026-01-28,1,2,0.762190248,0.813,-0.0504,1,0,0,,0,Dragon3->out
芯片,EP000248,10,2026-01-27,2026-01-28,Dragon1,002119.SZ,康强电子,EP000289,11,2026-02-09,2026-02-09,1,1,1.4114,1.4114,0,1,0,0,,0,Dragon1->out
芯片,EP000248,10,2026-01-27,2026-01-28,Dragon2,688110.SH,东芯股份,EP000289,11,2026-02-09,2026-02-09,1,1,1.6164,1.6164,0,1,0,0,,0,Dragon2->out
芯片,EP000248,10,2026-01-27,2026-01-28,Dragon3,300689.SZ,澄天伟业,EP000289,11,2026-02-09,2026-02-09,1,1,-2.4632,0,-2.4632,1,0,0,,0,Dragon3->out
芯片,EP000289,11,2026-02-09,2026-02-09,Dragon1,603163.SH,圣晖集成,EP000298,12,2026-02-13,2026-02-26,1,4,22.010938414903,22.010938414903,-3.5521,1,1,0,Dragon2,0,Dragon1->Dragon2
芯片,EP000289,11,2026-02-09,2026-02-09,Dragon2,603929.SH,亚翔集成,EP000298,12,2026-02-13,2026-02-26,1,4,2.903230252001,4.188,-4.3057723688,1,0,0,,0,Dragon2->out
芯片,EP000289,11,2026-02-09,2026-02-09,Dragon3,300480.SZ,光力科技,EP000298,12,2026-02-13,2026-02-26,1,4,-2.160820821685,0,-2.4796244458,1,0,0,,0,Dragon3->out
芯片,EP000298,12,2026-02-13,2026-02-26,Dragon1,000859.SZ,国风新材,EP000328,13,2026-03-04,2026-03-06,1,3,-0.093888448887,2.0657201232,-2.1159,1,0,0,,0,Dragon1->out
芯片,EP000298,12,2026-02-13,2026-02-26,Dragon2,603163.SH,圣晖集成,EP000328,13,2026-03-04,2026-03-06,1,3,-14.84619925571,0,-14.84619925571,1,0,0,,0,Dragon2->out
芯片,EP000298,12,2026-02-13,2026-02-26,Dragon3,000021.SZ,深科技,EP000328,13,2026-03-04,2026-03-06,1,3,5.54106213494,5.54106213494,0,1,0,0,,0,Dragon3->out
芯片,EP000328,13,2026-03-04,2026-03-06,Dragon1,688525.SH,佰维存储,EP000353,14,2026-03-16,2026-03-16,1,1,13.3524,13.3524,0,1,0,0,,0,Dragon1->out
芯片,EP000328,13,2026-03-04,2026-03-06,Dragon2,001309.SZ,德明利,EP000353,14,2026-03-16,2026-03-16,1,1,10.0016,10.0016,0,1,0,0,,0,Dragon2->out
芯片,EP000328,13,2026-03-04,2026-03-06,Dragon3,603175.SH,超颖电子,EP000353,14,2026-03-16,2026-03-16,1,1,10.0037,10.0037,0,1,0,0,,0,Dragon3->out
芯片,EP000353,14,2026-03-16,2026-03-16,Dragon1,603929.SH,亚翔集成,EP000374,15,2026-03-24,2026-03-24,1,1,10,10,0,1,1,0,Dragon3,0,Dragon1->Dragon3
芯片,EP000353,14,2026-03-16,2026-03-16,Dragon2,002990.SZ,盛视科技,EP000374,15,2026-03-24,2026-03-24,1,1,2.2001,2.2001,0,1,0,0,,0,Dragon2->out
芯片,EP000353,14,2026-03-16,2026-03-16,Dragon3,300042.SZ,朗科科技,EP000374,15,2026-03-24,2026-03-24,1,1,-1.0809,0,-1.0809,1,0,0,,0,Dragon3->out
芯片,EP000374,15,2026-03-24,2026-03-24,Dragon1,603165.SH,荣晟环保,EP000383,16,2026-03-27,2026-03-27,1,1,1,1,0,1,0,0,,0,Dragon1->out
芯片,EP000374,15,2026-03-24,2026-03-24,Dragon2,002428.SZ,云南锗业,EP000383,16,2026-03-27,2026-03-27,1,1,10.0021,10.0021,0,1,1,0,Dragon1,1,Dragon2->Dragon1
芯片,EP000374,15,2026-03-24,2026-03-24,Dragon3,603929.SH,亚翔集成,EP000383,16,2026-03-27,2026-03-27,1,1,-3.0838,0,-3.0838,1,0,0,,0,Dragon3->out
芯片,EP000383,16,2026-03-27,2026-03-27,Dragon1,002428.SZ,云南锗业,EP000401,17,2026-04-01,2026-04-01,1,1,2.0241,2.0241,0,1,0,0,,0,Dragon1->out
芯片,EP000383,16,2026-03-27,2026-03-27,Dragon2,603324.SH,盛剑科技,EP000401,17,2026-04-01,2026-04-01,1,1,1.3333,1.3333,0,1,0,0,,0,Dragon2->out
芯片,EP000383,16,2026-03-27,2026-03-27,Dragon3,002685.SZ,华东重机,EP000401,17,2026-04-01,2026-04-01,1,1,1.3736,1.3736,0,1,0,0,,0,Dragon3->out
芯片,EP000401,17,2026-04-01,2026-04-01,Dragon1,601133.SH,柏诚股份,EP000412,18,2026-04-07,2026-04-15,1,7,32.802968539132,32.802968539132,-4.2168221272,1,1,1,Dragon1,1,Dragon1->Dragon1
芯片,EP000401,17,2026-04-01,2026-04-01,Dragon2,603121.SH,华培动力,EP000412,18,2026-04-07,2026-04-15,1,7,14.679080742509,16.405881480804,-1.9471,1,0,0,,0,Dragon2->out
芯片,EP000401,17,2026-04-01,2026-04-01,Dragon3,301392.SZ,汇成真空,EP000412,18,2026-04-07,2026-04-15,1,7,22.86687641328,24.376559087484,-1.2138,1,0,0,,0,Dragon3->out
芯片,EP000412,18,2026-04-07,2026-04-15,Dragon1,601133.SH,柏诚股份,EP000450,19,2026-04-17,2026-07-14,1,59,39.123185819854,72.70580751522,-24.747778801874,1,0,0,,0,Dragon1->out
芯片,EP000412,18,2026-04-07,2026-04-15,Dragon2,603353.SH,和顺石油,EP000450,19,2026-04-17,2026-07-14,1,59,-12.815946313272,47.634001445094,-43.699099721025,1,0,0,,0,Dragon2->out
芯片,EP000412,18,2026-04-07,2026-04-15,Dragon3,002348.SZ,高乐股份,EP000450,19,2026-04-17,2026-07-14,1,59,18.144003613488,62.13129893771,-34.157419096488,1,0,0,,0,Dragon3->out
芯片,EP000450,19,2026-04-17,2026-07-14,Dragon1,603773.SH,沃格光电,EP000674,20,2026-07-21,2026-08-31,1,30,24.080226244488,45.548804974692,-24.488422133935,1,0,0,,0,Dragon1->out
芯片,EP000450,19,2026-04-17,2026-07-14,Dragon2,600707.SH,彩虹股份,EP000674,20,2026-07-21,2026-08-31,1,30,9.239931635596,26.315792649913,-16.432412427841,1,0,0,,0,Dragon2->out
芯片,EP000450,19,2026-04-17,2026-07-14,Dragon3,002428.SZ,云南锗业,EP000674,20,2026-07-21,2026-08-31,1,30,49.074737844496,62.324119123993,-21.811727325192,1,0,0,,0,Dragon3->out
证券,EP000593,1,2026-06-22,2026-06-22,Dragon1,000776.SZ,广发证券,EP000629,2,2026-07-01,2026-07-01,1,1,6.2393,6.2393,0,1,0,0,,0,Dragon1->out
证券,EP000593,1,2026-06-22,2026-06-22,Dragon2,000783.SZ,长江证券,EP000629,2,2026-07-01,2026-07-01,1,1,8.1026,8.1026,0,1,0,0,,0,Dragon2->out
证券,EP000593,1,2026-06-22,2026-06-22,Dragon3,601066.SH,中信建投,EP000629,2,2026-07-01,2026-07-01,1,1,3.2336,3.2336,0,1,0,0,,0,Dragon3->out
证券,EP000629,2,2026-07-01,2026-07-01,Dragon1,600909.SH,华安证券,EP000786,3,2026-08-27,2026-08-31,1,3,-0.239808945333,0.9592,-1.18761732,1,0,0,,0,Dragon1->out
证券,EP000629,2,2026-07-01,2026-07-01,Dragon2,601162.SH,天风证券,EP000786,3,2026-08-27,2026-08-31,1,3,1.851843648032,1.851843648032,-0.5208,1,0,0,,0,Dragon2->out
证券,EP000629,2,2026-07-01,2026-07-01,Dragon3,002670.SZ,国盛证券,EP000786,3,2026-08-27,2026-08-31,1,3,9.165177987792,9.346693499,-0.166,1,1,1,Dragon3,0,Dragon3->Dragon3
跨境电商,EP000109,1,2025-12-01,2025-12-01,Dragon1,600981.SH,苏豪汇鸿,EP000174,2,2025-12-25,2025-12-25,1,1,-0.3012,0,-0.3012,1,0,0,,0,Dragon1->out
跨境电商,EP000109,1,2025-12-01,2025-12-01,Dragon2,003003.SZ,天元股份,EP000174,2,2025-12-25,2025-12-25,1,1,10,10,0,1,0,0,,0,Dragon2->out
轨道交通,EP000198,1,2026-01-06,2026-01-06,Dragon1,001255.SZ,博菲电气,EP000397,2,2026-03-31,2026-03-31,1,1,-1.5339,0,-1.5339,1,0,0,,0,Dragon1->out
轨道交通,EP000198,1,2026-01-06,2026-01-06,Dragon2,301016.SZ,雷尔伟,EP000397,2,2026-03-31,2026-03-31,1,1,4.3711,4.3711,0,1,0,0,,0,Dragon2->out
轨道交通,EP000198,1,2026-01-06,2026-01-06,Dragon3,000008.SZ,神州高铁,EP000397,2,2026-03-31,2026-03-31,1,1,10.101,10.101,0,1,1,0,Dragon1,1,Dragon3->Dragon1
通信,EP000014,1,2025-11-03,2025-11-03,Dragon1,002134.SZ,天津普林,EP000031,2,2025-11-06,2025-11-06,1,1,1.0252,1.0252,0,1,0,0,,0,Dragon1->out
通信,EP000014,1,2025-11-03,2025-11-03,Dragon2,002796.SZ,世嘉科技,EP000031,2,2025-11-06,2025-11-06,1,1,-1.8061,0,-1.8061,1,0,0,,0,Dragon2->out
通信,EP000014,1,2025-11-03,2025-11-03,Dragon3,605258.SH,协和电子,EP000031,2,2025-11-06,2025-11-06,1,1,-0.5663,0,-0.5663,1,0,0,,0,Dragon3->out
通信,EP000031,2,2025-11-06,2025-11-06,Dragon1,603052.SH,可川科技,EP000041,3,2025-11-10,2025-11-10,1,1,-6.9558,0,-6.9558,1,0,0,,0,Dragon1->out
通信,EP000031,2,2025-11-06,2025-11-06,Dragon2,001267.SZ,汇绿生态,EP000041,3,2025-11-10,2025-11-10,1,1,-4.6798,0,-4.6798,1,0,0,,0,Dragon2->out
通信,EP000031,2,2025-11-06,2025-11-06,Dragon3,002384.SZ,东山精密,EP000041,3,2025-11-10,2025-11-10,1,1,1.3554,1.3554,0,1,0,0,,0,Dragon3->out
通信,EP000041,3,2025-11-10,2025-11-10,Dragon1,002636.SZ,金安国纪,EP000080,4,2025-11-20,2025-11-20,1,1,-0.6588,0,-0.6588,1,0,0,,0,Dragon1->out
通信,EP000041,3,2025-11-10,2025-11-10,Dragon2,600103.SH,青山纸业,EP000080,4,2025-11-20,2025-11-20,1,1,-1.3514,0,-1.3514,1,0,0,,0,Dragon2->out
通信,EP000080,4,2025-11-20,2025-11-20,Dragon1,601208.SH,东材科技,EP000091,5,2025-11-25,2025-12-03,1,7,12.68681765631,12.686896563464,-2.7532235125,1,0,0,,0,Dragon1->out
通信,EP000080,4,2025-11-20,2025-11-20,Dragon2,603803.SH,瑞斯康达,EP000091,5,2025-11-25,2025-12-03,1,7,2.783000278085,10.0186,-12.394577745375,1,1,0,Dragon1,1,Dragon2->Dragon1
通信,EP000080,4,2025-11-20,2025-11-20,Dragon3,300814.SZ,中富电路,EP000091,5,2025-11-25,2025-12-03,1,7,-6.830234866347,4.2644553174,-12.248520303221,1,0,0,,0,Dragon3->out
通信,EP000091,5,2025-11-25,2025-12-03,Dragon1,603803.SH,瑞斯康达,EP000122,6,2025-12-05,2025-12-15,1,7,6.709468841176,9.834530515952,-6.945612868,1,0,0,,0,Dragon1->out
通信,EP000091,5,2025-11-25,2025-12-03,Dragon2,002222.SZ,福晶科技,EP000122,6,2025-12-05,2025-12-15,1,7,23.040454419455,26.653498779127,-2.8527,1,0,0,,0,Dragon2->out
通信,EP000091,5,2025-11-25,2025-12-03,Dragon3,002463.SZ,沪电股份,EP000122,6,2025-12-05,2025-12-15,1,7,-3.023918910621,4.352174186137,-7.068461346671,1,0,0,,0,Dragon3->out
通信,EP000122,6,2025-12-05,2025-12-15,Dragon1,301486.SZ,致尚科技,EP000147,7,2025-12-17,2025-12-24,1,6,2.199762698324,4.225462879501,-8.589805716,1,0,0,,0,Dragon1->out
通信,EP000122,6,2025-12-05,2025-12-15,Dragon2,600973.SH,宝胜股份,EP000147,7,2025-12-17,2025-12-24,1,6,2.583638910398,3.343498019715,-4.1176219652,1,0,0,,0,Dragon2->out
通信,EP000122,6,2025-12-05,2025-12-15,Dragon3,600105.SH,永鼎股份,EP000147,7,2025-12-17,2025-12-24,1,6,23.426847992161,23.426847992161,-1.4856,1,0,0,,0,Dragon3->out
通信,EP000147,7,2025-12-17,2025-12-24,Dragon1,601231.SH,环旭电子,EP000206,8,2026-01-07,2026-01-07,1,1,2.6252,2.6252,0,1,0,0,,0,Dragon1->out
通信,EP000147,7,2025-12-17,2025-12-24,Dragon2,002491.SZ,通鼎互联,EP000206,8,2026-01-07,2026-01-07,1,1,-0.8117,0,-0.8117,1,0,0,,0,Dragon2->out
通信,EP000147,7,2025-12-17,2025-12-24,Dragon3,601869.SH,长飞光纤,EP000206,8,2026-01-07,2026-01-07,1,1,3.3708,3.3708,0,1,0,0,,0,Dragon3->out
通信,EP000206,8,2026-01-07,2026-01-07,Dragon1,603052.SH,可川科技,EP000223,9,2026-01-15,2026-01-15,1,1,2.9274,2.9274,0,1,0,0,,0,Dragon1->out
通信,EP000206,8,2026-01-07,2026-01-07,Dragon2,003031.SZ,中瓷电子,EP000223,9,2026-01-15,2026-01-15,1,1,-0.1823,0,-0.1823,1,0,0,,0,Dragon2->out
通信,EP000206,8,2026-01-07,2026-01-07,Dragon3,002796.SZ,世嘉科技,EP000223,9,2026-01-15,2026-01-15,1,1,9.9972,9.9972,0,1,1,1,Dragon3,0,Dragon3->Dragon3
通信,EP000223,9,2026-01-15,2026-01-15,Dragon1,601208.SH,东材科技,EP000236,10,2026-01-21,2026-01-22,1,2,3.2221619348,3.2221619348,0,1,0,0,,0,Dragon1->out
通信,EP000223,9,2026-01-15,2026-01-15,Dragon2,002130.SZ,沃尔核材,EP000236,10,2026-01-21,2026-01-22,1,2,6.8908806824,6.8908806824,0,1,0,0,,0,Dragon2->out
通信,EP000223,9,2026-01-15,2026-01-15,Dragon3,002796.SZ,世嘉科技,EP000236,10,2026-01-21,2026-01-22,1,2,10.5709937408,10.5709937408,0,1,0,0,,0,Dragon3->out
通信,EP000236,10,2026-01-21,2026-01-22,Dragon1,001389.SZ,广合科技,EP000249,11,2026-01-27,2026-01-27,1,1,3.5285,3.5285,0,1,0,0,,0,Dragon1->out
通信,EP000236,10,2026-01-21,2026-01-22,Dragon2,002913.SZ,奥士康,EP000249,11,2026-01-27,2026-01-27,1,1,-0.5899,0,-0.5899,1,0,0,,0,Dragon2->out
通信,EP000236,10,2026-01-21,2026-01-22,Dragon3,603052.SH,可川科技,EP000249,11,2026-01-27,2026-01-27,1,1,10,10,0,1,0,0,,0,Dragon3->out
通信,EP000249,11,2026-01-27,2026-01-27,Dragon1,003031.SZ,中瓷电子,EP000260,12,2026-01-30,2026-02-04,1,4,1.797003840093,3.2035,-6.2839,1,0,0,,0,Dragon1->out
通信,EP000249,11,2026-01-27,2026-01-27,Dragon2,002796.SZ,世嘉科技,EP000260,12,2026-01-30,2026-02-04,1,4,-7.741931324459,0,-7.741931324459,1,0,0,,0,Dragon2->out
通信,EP000249,11,2026-01-27,2026-01-27,Dragon3,001267.SZ,汇绿生态,EP000260,12,2026-01-30,2026-02-04,1,4,-3.878979018985,3.7367,-7.341354620868,1,0,0,,0,Dragon3->out
通信,EP000260,12,2026-01-30,2026-02-04,Dragon1,600345.SH,长江通信,EP000282,13,2026-02-06,2026-03-06,1,15,12.046204952259,29.31783921502,-13.355956430762,1,1,0,Dragon3,0,Dragon1->Dragon3
通信,EP000260,12,2026-01-30,2026-02-04,Dragon2,002491.SZ,通鼎互联,EP000282,13,2026-02-06,2026-03-06,1,15,27.75921771585,41.025684996219,-10.0097,1,0,0,,0,Dragon2->out
通信,EP000260,12,2026-01-30,2026-02-04,Dragon3,601869.SH,长飞光纤,EP000282,13,2026-02-06,2026-03-06,1,15,31.80028466659,49.8641058467,-12.053467425074,1,0,0,,0,Dragon3->out
通信,EP000282,13,2026-02-06,2026-03-06,Dragon1,603618.SH,杭电股份,EP000342,14,2026-03-10,2026-03-18,1,7,0.449978259932,3.6,-11.87260129589,1,0,0,,0,Dragon1->out
通信,EP000282,13,2026-02-06,2026-03-06,Dragon2,002957.SZ,科瑞技术,EP000342,14,2026-03-10,2026-03-18,1,7,-1.016110901894,5.908916339,-12.33112126399,1,0,0,,0,Dragon2->out
通信,EP000282,13,2026-02-06,2026-03-06,Dragon3,600345.SH,长江通信,EP000342,14,2026-03-10,2026-03-18,1,7,-1.483171114681,12.770195685,-15.425770213818,1,0,0,,0,Dragon3->out
通信,EP000342,14,2026-03-10,2026-03-18,Dragon1,001267.SZ,汇绿生态,EP000375,15,2026-03-24,2026-04-01,1,7,3.434901399282,6.4012663766,-7.654598814884,1,0,0,,0,Dragon1->out
通信,EP000342,14,2026-03-10,2026-03-18,Dragon2,603803.SH,瑞斯康达,EP000375,15,2026-03-24,2026-04-01,1,7,-6.365652309051,6.8446,-20.307569001242,1,0,0,,0,Dragon2->out
通信,EP000342,14,2026-03-10,2026-03-18,Dragon3,002636.SZ,金安国纪,EP000375,15,2026-03-24,2026-04-01,1,7,11.572511855261,14.341420334769,-6.3955,1,1,1,Dragon3,0,Dragon3->Dragon3
通信,EP000375,15,2026-03-24,2026-04-01,Dragon1,002491.SZ,通鼎互联,EP000407,16,2026-04-03,2026-04-14,1,7,25.749918225574,34.499937376133,-9.6035,1,0,0,,0,Dragon1->out
通信,EP000375,15,2026-03-24,2026-04-01,Dragon2,002222.SZ,福晶科技,EP000407,16,2026-04-03,2026-04-14,1,7,24.664821331586,25.947597613277,-1.0185,1,0,0,,0,Dragon2->out
通信,EP000375,15,2026-03-24,2026-04-01,Dragon3,002636.SZ,金安国纪,EP000407,16,2026-04-03,2026-04-14,1,7,33.620162084205,33.620162084205,-3.388,1,0,0,,0,Dragon3->out
通信,EP000407,16,2026-04-03,2026-04-14,Dragon1,000720.SZ,新能泰山,EP000447,17,2026-04-16,2026-04-23,1,6,-2.011942965422,1.207362012845,-5.01,1,0,0,,0,Dragon1->out
通信,EP000407,16,2026-04-03,2026-04-14,Dragon2,000586.SZ,汇源通信,EP000447,17,2026-04-16,2026-04-23,1,6,-12.201829703708,0,-12.201829703708,1,0,0,,0,Dragon2->out
通信,EP000407,16,2026-04-03,2026-04-14,Dragon3,002792.SZ,通宇通讯,EP000447,17,2026-04-16,2026-04-23,1,6,4.157838368745,12.17647943819,-7.148237410913,1,0,0,,0,Dragon3->out
通信,EP000447,17,2026-04-16,2026-04-23,Dragon1,603052.SH,可川科技,EP000465,18,2026-04-27,2026-05-14,1,11,26.693929955136,26.693929955136,-10.574208175979,1,0,0,,0,Dragon1->out
通信,EP000447,17,2026-04-16,2026-04-23,Dragon2,000070.SZ,特发信息,EP000465,18,2026-04-27,2026-05-14,1,11,2.403662091859,7.911881480357,-10.272906894257,1,0,0,,0,Dragon2->out
通信,EP000447,17,2026-04-16,2026-04-23,Dragon3,002491.SZ,通鼎互联,EP000465,18,2026-04-27,2026-05-14,1,11,57.507934541584,72.20437228555,-8.5343,1,0,0,,0,Dragon3->out
通信,EP000465,18,2026-04-27,2026-05-14,Dragon1,003036.SZ,泰坦股份,EP000506,19,2026-05-18,2026-05-20,1,3,7.30455684872,7.30455684872,-2.4504028648,1,0,0,,0,Dragon1->out
通信,EP000465,18,2026-04-27,2026-05-14,Dragon2,002902.SZ,铭普光磁,EP000506,19,2026-05-18,2026-05-20,1,3,-3.25763096,0,-3.25763096,1,0,0,,0,Dragon2->out
通信,EP000465,18,2026-04-27,2026-05-14,Dragon3,688677.SH,海泰新光,EP000506,19,2026-05-18,2026-05-20,1,3,2.437027782198,3.7123789056,-1.2297,1,0,0,,0,Dragon3->out
通信,EP000506,19,2026-05-18,2026-05-20,Dragon1,002980.SZ,华盛昌,EP000520,20,2026-05-22,2026-07-01,1,28,3.308162238243,24.149575064161,-20.379537291686,1,0,0,,0,Dragon1->out
通信,EP000506,19,2026-05-18,2026-05-20,Dragon2,002552.SZ,宝鼎科技,EP000520,20,2026-05-22,2026-07-01,1,28,66.298112917238,111.822963209465,-21.596213292373,1,1,0,Dragon3,0,Dragon2->Dragon3
通信,EP000506,19,2026-05-18,2026-05-20,Dragon3,000988.SZ,华工科技,EP000520,20,2026-05-22,2026-07-01,1,28,12.911761301016,20.107395356844,-16.790736432722,1,0,0,,0,Dragon3->out
通信,EP000520,20,2026-05-22,2026-07-01,Dragon1,603186.SH,华正新材,EP000638,21,2026-07-06,2026-07-06,1,1,-6.7303,0,-6.7303,1,0,0,,0,Dragon1->out
通信,EP000520,20,2026-05-22,2026-07-01,Dragon2,002938.SZ,鹏鼎控股,EP000638,21,2026-07-06,2026-07-06,1,1,-1.5294,0,-1.5294,1,0,0,,0,Dragon2->out
通信,EP000520,20,2026-05-22,2026-07-01,Dragon3,002552.SZ,宝鼎科技,EP000638,21,2026-07-06,2026-07-06,1,1,-10.0031,0,-10.0031,1,0,0,,0,Dragon3->out
通信,EP000638,21,2026-07-06,2026-07-06,Dragon1,002141.SZ,贤丰控股,EP000646,22,2026-07-09,2026-07-09,1,1,-4.4643,0,-4.4643,1,0,0,,0,Dragon1->out
通信,EP000638,21,2026-07-06,2026-07-06,Dragon2,002815.SZ,崇达技术,EP000646,22,2026-07-09,2026-07-09,1,1,10.0064,10.0064,0,1,1,0,Dragon1,1,Dragon2->Dragon1
通信,EP000638,21,2026-07-06,2026-07-06,Dragon3,301191.SZ,菲菱科思,EP000646,22,2026-07-09,2026-07-09,1,1,-1.4934,0,-1.4934,1,0,0,,0,Dragon3->out
通信,EP000646,22,2026-07-09,2026-07-09,Dragon1,002815.SZ,崇达技术,EP000658,23,2026-07-14,2026-07-22,1,7,-28.280450403262,0.9587,-28.961496535972,1,0,0,,0,Dragon1->out
通信,EP000646,22,2026-07-09,2026-07-09,Dragon2,002745.SZ,木林森,EP000658,23,2026-07-14,2026-07-22,1,7,-5.276841722756,6.2284,-19.136837334727,1,0,0,,0,Dragon2->out
通信,EP000646,22,2026-07-09,2026-07-09,Dragon3,002579.SZ,中京电子,EP000658,23,2026-07-14,2026-07-22,1,7,-24.921731615538,1.8159,-31.795873546852,1,0,0,,0,Dragon3->out
通信,EP000658,23,2026-07-14,2026-07-22,Dragon1,002141.SZ,贤丰控股,EP000695,24,2026-07-27,2026-07-27,1,1,9.9808,9.9808,0,1,0,0,,0,Dragon1->out
通信,EP000658,23,2026-07-14,2026-07-22,Dragon2,603186.SH,华正新材,EP000695,24,2026-07-27,2026-07-27,1,1,8.5944,8.5944,0,1,0,0,,0,Dragon2->out
通信,EP000658,23,2026-07-14,2026-07-22,Dragon3,002384.SZ,东山精密,EP000695,24,2026-07-27,2026-07-27,1,1,6.3862,6.3862,0,1,0,0,,0,Dragon3->out
通信,EP000695,24,2026-07-27,2026-07-27,Dragon1,603330.SH,天洋新材,EP000713,25,2026-07-31,2026-08-31,1,22,59.365612146772,77.492568113096,-22.893627476404,1,0,0,,0,Dragon1->out
通信,EP000695,24,2026-07-27,2026-07-27,Dragon2,001267.SZ,汇绿生态,EP000713,25,2026-07-31,2026-08-31,1,22,44.891500220125,58.502562892398,-14.754416942829,1,0,0,,0,Dragon2->out
通信,EP000695,24,2026-07-27,2026-07-27,Dragon3,603256.SH,宏和科技,EP000713,25,2026-07-31,2026-08-31,1,22,17.888977728815,28.579412022379,-17.255952502084,1,0,0,,0,Dragon3->out
造纸,EP000175,1,2025-12-25,2025-12-25,Dragon1,605007.SH,五洲特纸,EP000601,2,2026-06-23,2026-06-23,1,1,1.576,1.576,0,1,0,0,,0,Dragon1->out
造纸,EP000175,1,2025-12-25,2025-12-25,Dragon2,600966.SH,博汇纸业,EP000601,2,2026-06-23,2026-06-23,1,1,-0.3817,0,-0.3817,1,0,0,,0,Dragon2->out
造纸,EP000175,1,2025-12-25,2025-12-25,Dragon3,600793.SH,宜宾纸业,EP000601,2,2026-06-23,2026-06-23,1,1,10.0158,10.0158,0,1,1,1,Dragon3,0,Dragon3->Dragon3
造纸,EP000601,2,2026-06-23,2026-06-23,Dragon1,605377.SH,华旺科技,EP000639,3,2026-07-06,2026-07-06,1,1,9.9773,9.9773,0,1,1,0,Dragon2,0,Dragon1->Dragon2
造纸,EP000601,2,2026-06-23,2026-06-23,Dragon2,603863.SH,松炀资源,EP000639,3,2026-07-06,2026-07-06,1,1,-2.8676,0,-2.8676,1,0,0,,0,Dragon2->out
造纸,EP000601,2,2026-06-23,2026-06-23,Dragon3,600793.SH,宜宾纸业,EP000639,3,2026-07-06,2026-07-06,1,1,9.9938,9.9938,0,1,1,0,Dragon1,1,Dragon3->Dragon1
酿酒,EP000042,1,2025-11-10,2025-11-10,Dragon1,601579.SH,会稽山,EP000141,2,2025-12-15,2025-12-15,1,1,-0.4163,0,-0.4163,1,0,0,,0,Dragon1->out
酿酒,EP000042,1,2025-11-10,2025-11-10,Dragon2,002374.SZ,中锐股份,EP000141,2,2025-12-15,2025-12-15,1,1,10.0817,10.0817,0,1,1,0,Dragon1,1,Dragon2->Dragon1
酿酒,EP000042,1,2025-11-10,2025-11-10,Dragon3,600702.SH,舍得酒业,EP000141,2,2025-12-15,2025-12-15,1,1,0.9146,0.9146,0,1,0,0,,0,Dragon3->out
酿酒,EP000141,2,2025-12-15,2025-12-15,Dragon1,002374.SZ,中锐股份,EP000257,3,2026-01-29,2026-02-02,1,3,-1.734077697898,4.6243,-6.3536,1,0,0,,0,Dragon1->out
酿酒,EP000141,2,2025-12-15,2025-12-15,Dragon2,000995.SZ,皇台酒业,EP000257,3,2026-01-29,2026-02-02,1,3,33.130729473371,33.130729473371,0,1,1,1,Dragon2,0,Dragon2->Dragon2
酿酒,EP000257,3,2026-01-29,2026-02-02,Dragon1,600084.SH,中信尼雅,EP000276,4,2026-02-05,2026-02-05,1,1,9.9715,9.9715,0,1,1,0,Dragon2,0,Dragon1->Dragon2
酿酒,EP000257,3,2026-01-29,2026-02-02,Dragon2,000995.SZ,皇台酒业,EP000276,4,2026-02-05,2026-02-05,1,1,5.9599,5.9599,0,1,0,0,,0,Dragon2->out
酿酒,EP000257,3,2026-01-29,2026-02-02,Dragon3,000799.SZ,酒鬼酒,EP000276,4,2026-02-05,2026-02-05,1,1,-2.0736,0,-2.0736,1,0,0,,0,Dragon3->out
酿酒,EP000276,4,2026-02-05,2026-02-05,Dragon1,600382.SH,广东明珠,EP000526,5,2026-05-25,2026-05-25,1,1,-1.7094,0,-1.7094,1,0,0,,0,Dragon1->out
酿酒,EP000276,4,2026-02-05,2026-02-05,Dragon2,600084.SH,中信尼雅,EP000526,5,2026-05-25,2026-05-25,1,1,1.0183,1.0183,0,1,0,0,,0,Dragon2->out
酿酒,EP000276,4,2026-02-05,2026-02-05,Dragon3,002575.SZ,群兴玩具,EP000526,5,2026-05-25,2026-05-25,1,1,-2.9921,0,-2.9921,1,0,0,,0,Dragon3->out
金刚石概念,EP000049,1,2025-11-11,2025-11-11,Dragon1,300179.SZ,四方达,EP000521,2,2026-05-22,2026-05-25,1,2,37.7127733296,37.7127733296,0,1,1,0,Dragon3,0,Dragon1->Dragon3
金刚石概念,EP000049,1,2025-11-11,2025-11-11,Dragon2,600172.SH,黄河旋风,EP000521,2,2026-05-22,2026-05-25,1,2,21.02101091,21.02101091,0,1,1,1,Dragon2,0,Dragon2->Dragon2
金刚石概念,EP000049,1,2025-11-11,2025-11-11,Dragon3,605580.SH,恒盛能源,EP000521,2,2026-05-22,2026-05-25,1,2,21.0055,21.0055,0,1,0,0,,0,Dragon3->out
金刚石概念,EP000521,2,2026-05-22,2026-05-25,Dragon1,603661.SH,恒林股份,EP000531,3,2026-05-28,2026-05-28,1,1,-2.2835,0,-2.2835,1,0,0,,0,Dragon1->out
金刚石概念,EP000521,2,2026-05-22,2026-05-25,Dragon2,600172.SH,黄河旋风,EP000531,3,2026-05-28,2026-05-28,1,1,10.0226,10.0226,0,1,1,0,Dragon1,1,Dragon2->Dragon1
金刚石概念,EP000521,2,2026-05-22,2026-05-25,Dragon3,300179.SZ,四方达,EP000531,3,2026-05-28,2026-05-28,1,1,20.0056,20.0056,0,1,1,1,Dragon3,0,Dragon3->Dragon3
金刚石概念,EP000531,3,2026-05-28,2026-05-28,Dragon1,600172.SH,黄河旋风,EP000594,4,2026-06-22,2026-06-23,1,2,20.9850404615,20.9850404615,0,1,1,0,Dragon2,0,Dragon1->Dragon2
金刚石概念,EP000531,3,2026-05-28,2026-05-28,Dragon2,605580.SH,恒盛能源,EP000594,4,2026-06-22,2026-06-23,1,2,20.973711425,20.973711425,0,1,0,0,,0,Dragon2->out
金刚石概念,EP000531,3,2026-05-28,2026-05-28,Dragon3,300179.SZ,四方达,EP000594,4,2026-06-22,2026-06-23,1,2,18.977,20,-0.8525,1,1,1,Dragon3,0,Dragon3->Dragon3
金刚石概念,EP000594,4,2026-06-22,2026-06-23,Dragon1,002655.SZ,共达电声,EP000723,5,2026-08-05,2026-08-05,1,1,9.9959,9.9959,0,1,1,1,Dragon1,1,Dragon1->Dragon1
金刚石概念,EP000594,4,2026-06-22,2026-06-23,Dragon2,600172.SH,黄河旋风,EP000723,5,2026-08-05,2026-08-05,1,1,10,10,0,1,1,1,Dragon2,0,Dragon2->Dragon2
金刚石概念,EP000594,4,2026-06-22,2026-06-23,Dragon3,300179.SZ,四方达,EP000723,5,2026-08-05,2026-08-05,1,1,10.373,10.373,0,1,0,0,,0,Dragon3->out
金属铝,EP000033,1,2025-11-06,2025-11-06,Dragon1,002578.SZ,闽发铝业,EP000389,2,2026-03-30,2026-03-30,1,1,10.0775,10.0775,0,1,1,0,Dragon3,0,Dragon1->Dragon3
金属铝,EP000033,1,2025-11-06,2025-11-06,Dragon2,600219.SH,南山铝业,EP000389,2,2026-03-30,2026-03-30,1,1,10,10,0,1,0,0,,0,Dragon2->out
金属铝,EP000033,1,2025-11-06,2025-11-06,Dragon3,002160.SZ,常铝股份,EP000389,2,2026-03-30,2026-03-30,1,1,10.02,10.02,0,1,1,0,Dragon2,0,Dragon3->Dragon2
金属铝,EP000389,2,2026-03-30,2026-03-30,Dragon1,002532.SZ,天山铝业,EP000659,3,2026-07-14,2026-07-14,1,1,9.9641,9.9641,0,1,1,0,Dragon3,0,Dragon1->Dragon3
金属铝,EP000389,2,2026-03-30,2026-03-30,Dragon2,002160.SZ,常铝股份,EP000659,3,2026-07-14,2026-07-14,1,1,4.6243,4.6243,0,1,0,0,,0,Dragon2->out
金属铝,EP000389,2,2026-03-30,2026-03-30,Dragon3,002578.SZ,闽发铝业,EP000659,3,2026-07-14,2026-07-14,1,1,5.2083,5.2083,0,1,0,0,,0,Dragon3->out
金融概念,EP000123,1,2025-12-05,2025-12-05,Dragon1,002961.SZ,瑞达期货,EP000148,2,2025-12-17,2025-12-17,1,1,-0.7075,0,-0.7075,1,0,0,,0,Dragon1->out
金融概念,EP000123,1,2025-12-05,2025-12-05,Dragon2,300377.SZ,赢时胜,EP000148,2,2025-12-17,2025-12-17,1,1,-2.9716,0,-2.9716,1,0,0,,0,Dragon2->out
金融概念,EP000123,1,2025-12-05,2025-12-05,Dragon3,601696.SH,中银证券,EP000148,2,2025-12-17,2025-12-17,1,1,1.0128,1.0128,0,1,0,0,,0,Dragon3->out
金融概念,EP000148,2,2025-12-17,2025-12-17,Dragon1,603123.SH,翠微股份,EP000199,3,2026-01-06,2026-01-06,1,1,5.8824,5.8824,0,1,0,0,,0,Dragon1->out
金融概念,EP000148,2,2025-12-17,2025-12-17,Dragon2,300551.SZ,古鳌科技,EP000199,3,2026-01-06,2026-01-06,1,1,-0.2426,0,-0.2426,1,0,0,,0,Dragon2->out
金融概念,EP000199,3,2026-01-06,2026-01-06,Dragon1,002177.SZ,御银股份,EP000595,4,2026-06-22,2026-06-22,1,1,4.7078,4.7078,0,1,0,0,,0,Dragon1->out
金融概念,EP000199,3,2026-01-06,2026-01-06,Dragon2,002197.SZ,证通电子,EP000595,4,2026-06-22,2026-06-22,1,1,2.4038,2.4038,0,1,0,0,,0,Dragon2->out
金融概念,EP000199,3,2026-01-06,2026-01-06,Dragon3,300399.SZ,天利科技,EP000595,4,2026-06-22,2026-06-22,1,1,11.7833,11.7833,0,1,0,0,,0,Dragon3->out
金融概念,EP000595,4,2026-06-22,2026-06-22,Dragon1,002657.SZ,中科金财,EP000675,5,2026-07-21,2026-07-21,1,1,2.4872,2.4872,0,1,0,0,,0,Dragon1->out
金融概念,EP000595,4,2026-06-22,2026-06-22,Dragon2,300085.SZ,银之杰,EP000675,5,2026-07-21,2026-07-21,1,1,4.305,4.305,0,1,0,0,,0,Dragon2->out
金融概念,EP000595,4,2026-06-22,2026-06-22,Dragon3,000987.SZ,越秀资本,EP000675,5,2026-07-21,2026-07-21,1,1,1.1796,1.1796,0,1,0,0,,0,Dragon3->out
金融概念,EP000675,5,2026-07-21,2026-07-21,Dragon1,002197.SZ,证通电子,EP000728,6,2026-08-06,2026-08-06,1,1,0.8357,0.8357,0,1,0,0,,0,Dragon1->out
金融概念,EP000675,5,2026-07-21,2026-07-21,Dragon2,002987.SZ,京北方,EP000728,6,2026-08-06,2026-08-06,1,1,-0.5988,0,-0.5988,1,0,0,,0,Dragon2->out
金融概念,EP000675,5,2026-07-21,2026-07-21,Dragon3,000555.SZ,神州信息,EP000728,6,2026-08-06,2026-08-06,1,1,0.813,0.813,0,1,0,0,,0,Dragon3->out
金融概念,EP000728,6,2026-08-06,2026-08-06,Dragon1,603106.SH,恒银科技,EP000783,7,2026-08-26,2026-08-27,1,2,9.932818138,10.0671,-0.122,1,0,0,,0,Dragon1->out
金融概念,EP000728,6,2026-08-06,2026-08-06,Dragon2,300386.SZ,飞天诚信,EP000783,7,2026-08-26,2026-08-27,1,2,-1.1914,0,-1.1914,1,0,0,,0,Dragon2->out
锂电池,EP000005,1,2025-10-30,2025-10-31,Dragon1,001203.SZ,大中矿业,EP000034,2,2025-11-06,2025-11-20,1,11,77.372811474254,77.372811474254,-4.915979136,1,1,0,Dragon3,0,Dragon1->Dragon3
锂电池,EP000005,1,2025-10-30,2025-10-31,Dragon2,603026.SH,石大胜华,EP000034,2,2025-11-06,2025-11-20,1,11,37.960745221728,68.83809081369,-18.288139508776,1,0,0,,0,Dragon2->out
锂电池,EP000005,1,2025-10-30,2025-10-31,Dragon3,002759.SZ,天际股份,EP000034,2,2025-11-06,2025-11-20,1,11,16.591557224856,45.274561949771,-19.74399670524,1,0,0,,0,Dragon3->out
锂电池,EP000034,2,2025-11-06,2025-11-20,Dragon1,002591.SZ,恒大高新,EP000088,3,2025-11-24,2025-12-01,1,6,9.603857870776,11.128203437325,-3.3566,1,0,0,,0,Dragon1->out
锂电池,EP000034,2,2025-11-06,2025-11-20,Dragon2,603978.SH,深圳新星,EP000088,3,2025-11-24,2025-12-01,1,6,3.437281456747,5.410567276157,-2.5076,1,0,0,,0,Dragon2->out
锂电池,EP000034,2,2025-11-06,2025-11-20,Dragon3,001203.SZ,大中矿业,EP000088,3,2025-11-24,2025-12-01,1,6,-3.246560139862,1.157218197131,-9.9968,1,0,0,,0,Dragon3->out
锂电池,EP000088,3,2025-11-24,2025-12-01,Dragon1,601238.SH,广汽集团,EP000134,4,2025-12-10,2025-12-10,1,1,0.7084,0.7084,0,1,0,0,,0,Dragon1->out
锂电池,EP000088,3,2025-11-24,2025-12-01,Dragon2,603778.SH,国晟科技,EP000134,4,2025-12-10,2025-12-10,1,1,-0.9188,0,-0.9188,1,0,0,,0,Dragon2->out
锂电池,EP000088,3,2025-11-24,2025-12-01,Dragon3,002667.SZ,威领股份,EP000134,4,2025-12-10,2025-12-10,1,1,-3.4717,0,-3.4717,1,0,0,,0,Dragon3->out
锂电池,EP000134,4,2025-12-10,2025-12-10,Dragon1,002083.SZ,孚日股份,EP000149,5,2025-12-17,2025-12-17,1,1,5.8824,5.8824,0,1,0,0,,0,Dragon1->out
锂电池,EP000134,4,2025-12-10,2025-12-10,Dragon2,603681.SH,永冠新材,EP000149,5,2025-12-17,2025-12-17,1,1,0.7127,0.7127,0,1,0,0,,0,Dragon2->out
锂电池,EP000149,5,2025-12-17,2025-12-17,Dragon1,000546.SZ,金圆股份,EP000165,6,2025-12-23,2025-12-23,1,1,-5.5199,0,-5.5199,1,0,0,,0,Dragon1->out
锂电池,EP000149,5,2025-12-17,2025-12-17,Dragon2,002759.SZ,天际股份,EP000165,6,2025-12-23,2025-12-23,1,1,9.9971,9.9971,0,1,1,0,Dragon1,1,Dragon2->Dragon1
锂电池,EP000149,5,2025-12-17,2025-12-17,Dragon3,001359.SZ,平安电工,EP000165,6,2025-12-23,2025-12-23,1,1,8.1292,8.1292,0,1,0,0,,0,Dragon3->out
锂电池,EP000165,6,2025-12-23,2025-12-23,Dragon1,002759.SZ,天际股份,EP000179,7,2025-12-26,2025-12-29,1,2,10.4444,10.4444,0,1,1,0,Dragon2,0,Dragon1->Dragon2
锂电池,EP000165,6,2025-12-23,2025-12-23,Dragon2,002407.SZ,多氟多,EP000179,7,2025-12-26,2025-12-29,1,2,-0.439635295,8.2943,-8.065,1,0,0,,0,Dragon2->out
锂电池,EP000165,6,2025-12-23,2025-12-23,Dragon3,000695.SZ,滨海能源,EP000179,7,2025-12-26,2025-12-29,1,2,-1.8422117848,3.1688,-4.8571,1,0,0,,0,Dragon3->out
锂电池,EP000179,7,2025-12-26,2025-12-29,Dragon1,000036.SZ,华联控股,EP000191,8,2026-01-05,2026-01-06,1,2,-1.6667347898,0,-2.5758,1,0,0,,0,Dragon1->out
锂电池,EP000179,7,2025-12-26,2025-12-29,Dragon2,002759.SZ,天际股份,EP000191,8,2026-01-05,2026-01-06,1,2,10.3812270875,10.3812270875,0,1,1,0,Dragon3,0,Dragon2->Dragon3
锂电池,EP000179,7,2025-12-26,2025-12-29,Dragon3,603978.SH,深圳新星,EP000191,8,2026-01-05,2026-01-06,1,2,3.0453,3.0453,0,1,0,0,,0,Dragon3->out
锂电池,EP000191,8,2026-01-05,2026-01-06,Dragon1,603778.SH,国晟科技,EP000237,9,2026-01-21,2026-01-23,1,3,2.254000319727,2.254000319727,-10.0055,1,0,0,,0,Dragon1->out
锂电池,EP000191,8,2026-01-05,2026-01-06,Dragon2,002083.SZ,孚日股份,EP000237,9,2026-01-21,2026-01-23,1,3,2.724957592717,2.724957592717,0,1,0,0,,0,Dragon2->out
锂电池,EP000191,8,2026-01-05,2026-01-06,Dragon3,002759.SZ,天际股份,EP000237,9,2026-01-21,2026-01-23,1,3,5.086873449894,5.086873449894,0,1,0,0,,0,Dragon3->out
锂电池,EP000237,9,2026-01-21,2026-01-23,Dragon1,000036.SZ,华联控股,EP000283,10,2026-02-06,2026-02-06,1,1,0.1792,0.1792,0,1,0,0,,0,Dragon1->out
锂电池,EP000237,9,2026-01-21,2026-01-23,Dragon2,002240.SZ,盛新锂能,EP000283,10,2026-02-06,2026-02-06,1,1,6.8015,6.8015,0,1,0,0,,0,Dragon2->out
锂电池,EP000237,9,2026-01-21,2026-01-23,Dragon3,001203.SZ,大中矿业,EP000283,10,2026-02-06,2026-02-06,1,1,6.8222,6.8222,0,1,0,0,,0,Dragon3->out
锂电池,EP000283,10,2026-02-06,2026-02-06,Dragon1,000056.SZ,皇庭国际,EP000307,11,2026-02-25,2026-02-25,1,1,10.0478,10.0478,0,1,1,1,Dragon1,1,Dragon1->Dragon1
锂电池,EP000283,10,2026-02-06,2026-02-06,Dragon2,603959.SH,百利科技,EP000307,11,2026-02-25,2026-02-25,1,1,0.7452,0.7452,0,1,0,0,,0,Dragon2->out
锂电池,EP000283,10,2026-02-06,2026-02-06,Dragon3,600884.SH,杉杉股份,EP000307,11,2026-02-25,2026-02-25,1,1,10.0364,10.0364,0,1,0,0,,0,Dragon3->out
锂电池,EP000307,11,2026-02-25,2026-02-25,Dragon1,000056.SZ,皇庭国际,EP000376,12,2026-03-24,2026-03-24,1,1,7.9096,7.9096,0,1,0,0,,0,Dragon1->out
锂电池,EP000307,11,2026-02-25,2026-02-25,Dragon2,002176.SZ,江特电机,EP000376,12,2026-03-24,2026-03-24,1,1,3.9638,3.9638,0,1,0,0,,0,Dragon2->out
锂电池,EP000307,11,2026-02-25,2026-02-25,Dragon3,001203.SZ,大中矿业,EP000376,12,2026-03-24,2026-03-24,1,1,10,10,0,1,0,0,,0,Dragon3->out
锂电池,EP000376,12,2026-03-24,2026-03-24,Dragon1,002192.SZ,融捷股份,EP000380,13,2026-03-26,2026-03-27,1,2,21.0052799132,21.0052799132,0,1,1,1,Dragon1,1,Dragon1->Dragon1
锂电池,EP000376,12,2026-03-24,2026-03-24,Dragon2,002083.SZ,孚日股份,EP000380,13,2026-03-26,2026-03-27,1,2,7.168464,7.168464,0,1,0,0,,0,Dragon2->out
锂电池,EP000376,12,2026-03-24,2026-03-24,Dragon3,300497.SZ,富祥药业,EP000380,13,2026-03-26,2026-03-27,1,2,10.3467768104,10.3467768104,0,1,0,0,,0,Dragon3->out
锂电池,EP000380,13,2026-03-26,2026-03-27,Dragon1,002192.SZ,融捷股份,EP000402,14,2026-04-01,2026-04-01,1,1,-7.4069,0,-7.4069,1,0,0,,0,Dragon1->out
锂电池,EP000380,13,2026-03-26,2026-03-27,Dragon2,603937.SH,丽岛新材,EP000402,14,2026-04-01,2026-04-01,1,1,10.0144,10.0144,0,1,1,0,Dragon1,1,Dragon2->Dragon1
锂电池,EP000380,13,2026-03-26,2026-03-27,Dragon3,601515.SH,衢州东峰,EP000402,14,2026-04-01,2026-04-01,1,1,9.9034,9.9034,0,1,1,1,Dragon3,0,Dragon3->Dragon3
锂电池,EP000402,14,2026-04-01,2026-04-01,Dragon1,603937.SH,丽岛新材,EP000413,15,2026-04-07,2026-04-07,1,1,-1.0388,0,-1.0388,1,0,0,,0,Dragon1->out
锂电池,EP000402,14,2026-04-01,2026-04-01,Dragon2,002083.SZ,孚日股份,EP000413,15,2026-04-07,2026-04-07,1,1,1.1804,1.1804,0,1,0,0,,0,Dragon2->out
锂电池,EP000402,14,2026-04-01,2026-04-01,Dragon3,601515.SH,衢州东峰,EP000413,15,2026-04-07,2026-04-07,1,1,3.972,3.972,0,1,0,0,,0,Dragon3->out
锂电池,EP000413,15,2026-04-07,2026-04-07,Dragon1,600110.SH,诺德股份,EP000430,16,2026-04-10,2026-04-16,1,5,-1.082658122718,2.066944801712,-3.0858207136,1,0,0,,0,Dragon1->out
锂电池,EP000413,15,2026-04-07,2026-04-07,Dragon2,000695.SZ,滨海能源,EP000430,16,2026-04-10,2026-04-16,1,5,13.139716822596,13.139716822596,0,1,0,0,,0,Dragon2->out
锂电池,EP000413,15,2026-04-07,2026-04-07,Dragon3,300165.SZ,天瑞仪器,EP000430,16,2026-04-10,2026-04-16,1,5,5.440857452509,5.816081276716,-1.6886274091,1,0,0,,0,Dragon3->out
锂电池,EP000430,16,2026-04-10,2026-04-16,Dragon1,002824.SZ,和胜股份,EP000462,17,2026-04-24,2026-04-27,1,2,-0.5104600102,0,-0.5104600102,1,0,0,,0,Dragon1->out
锂电池,EP000430,16,2026-04-10,2026-04-16,Dragon2,002580.SZ,圣阳股份,EP000462,17,2026-04-24,2026-04-27,1,2,6.8594400011,6.8594400011,0,1,0,0,,0,Dragon2->out
锂电池,EP000430,16,2026-04-10,2026-04-16,Dragon3,002074.SZ,国轩高科,EP000462,17,2026-04-24,2026-04-27,1,2,-0.7545785576,0.3018,-1.0532,1,0,0,,0,Dragon3->out
锂电池,EP000462,17,2026-04-24,2026-04-27,Dragon1,300283.SZ,温州宏丰,EP000473,18,2026-04-29,2026-05-06,1,3,12.521296804819,12.521296804819,0,1,0,0,,0,Dragon1->out
锂电池,EP000462,17,2026-04-24,2026-04-27,Dragon2,000546.SZ,金圆股份,EP000473,18,2026-04-29,2026-05-06,1,3,9.985891195929,9.985891195929,0,1,0,0,,0,Dragon2->out
锂电池,EP000462,17,2026-04-24,2026-04-27,Dragon3,603520.SH,司太立,EP000473,18,2026-04-29,2026-05-06,1,3,4.314658770243,4.314658770243,0,1,0,0,,0,Dragon3->out
锂电池,EP000473,18,2026-04-29,2026-05-06,Dragon1,600338.SH,西藏珠峰,EP000486,19,2026-05-08,2026-05-08,1,1,-4.4887,0,-4.4887,1,0,0,,0,Dragon1->out
锂电池,EP000473,18,2026-04-29,2026-05-06,Dragon2,603937.SH,丽岛新材,EP000486,19,2026-05-08,2026-05-08,1,1,10.0233,10.0233,0,1,1,0,Dragon1,1,Dragon2->Dragon1
锂电池,EP000473,18,2026-04-29,2026-05-06,Dragon3,603399.SH,永杉锂业,EP000486,19,2026-05-08,2026-05-08,1,1,6.2445,6.2445,0,1,0,0,,0,Dragon3->out
锂电池,EP000486,19,2026-05-08,2026-05-08,Dragon1,603937.SH,丽岛新材,EP000494,20,2026-05-13,2026-05-14,1,2,-3.6287932295,0.0595,-3.6861,1,0,0,,0,Dragon1->out
锂电池,EP000486,19,2026-05-08,2026-05-08,Dragon2,000036.SZ,华联控股,EP000494,20,2026-05-13,2026-05-14,1,2,-6.3208991702,0,-6.3208991702,1,0,0,,0,Dragon2->out
锂电池,EP000486,19,2026-05-08,2026-05-08,Dragon3,002091.SZ,江苏国泰,EP000494,20,2026-05-13,2026-05-14,1,2,-3.243232108,0.3243,-3.556,1,0,0,,0,Dragon3->out
锂电池,EP000494,20,2026-05-13,2026-05-14,Dragon1,002805.SZ,丰元股份,EP000532,21,2026-05-28,2026-05-28,1,1,0.5618,0.5618,0,1,0,0,,0,Dragon1->out
锂电池,EP000494,20,2026-05-13,2026-05-14,Dragon2,002825.SZ,纳尔股份,EP000532,21,2026-05-28,2026-05-28,1,1,1.6038,1.6038,0,1,0,0,,0,Dragon2->out
锂电池,EP000494,20,2026-05-13,2026-05-14,Dragon3,001223.SZ,欧克科技,EP000532,21,2026-05-28,2026-05-28,1,1,1.5519,1.5519,0,1,0,0,,0,Dragon3->out
锂电池,EP000532,21,2026-05-28,2026-05-28,Dragon1,603032.SH,德新科技,EP000569,22,2026-06-12,2026-06-22,1,6,18.661756448119,18.661756448119,-2.6827,1,0,0,,0,Dragon1->out
锂电池,EP000532,21,2026-05-28,2026-05-28,Dragon2,301565.SZ,中仑新材,EP000569,22,2026-06-12,2026-06-22,1,6,18.657589718872,18.657589718872,-3.3036968682,1,0,0,,0,Dragon2->out
锂电池,EP000532,21,2026-05-28,2026-05-28,Dragon3,002768.SZ,国恩股份,EP000569,22,2026-06-12,2026-06-22,1,6,16.840312121397,20.26052134855,-2.844,1,0,0,,0,Dragon3->out
锂电池,EP000569,22,2026-06-12,2026-06-22,Dragon1,600067.SH,冠城新材,EP000619,23,2026-06-30,2026-07-01,1,2,2.0832778592,2.0832778592,0,1,0,0,,0,Dragon1->out
锂电池,EP000569,22,2026-06-12,2026-06-22,Dragon2,002088.SZ,鲁阳节能,EP000619,23,2026-06-30,2026-07-01,1,2,-1.3146323404,0,-2.0757,1,0,0,,0,Dragon2->out
锂电池,EP000569,22,2026-06-12,2026-06-22,Dragon3,002882.SZ,金龙羽,EP000619,23,2026-06-30,2026-07-01,1,2,3.0484954226,3.0484954226,0,1,0,0,,0,Dragon3->out
锂电池,EP000619,23,2026-06-30,2026-07-01,Dragon1,002805.SZ,丰元股份,EP000687,24,2026-07-23,2026-07-23,1,1,5.8896,5.8896,0,1,0,0,,0,Dragon1->out
锂电池,EP000619,23,2026-06-30,2026-07-01,Dragon2,300518.SZ,新迅达,EP000687,24,2026-07-23,2026-07-23,1,1,-1.1192,0,-1.1192,1,0,0,,0,Dragon2->out
锂电池,EP000619,23,2026-06-30,2026-07-01,Dragon3,301513.SZ,尚水智能,EP000687,24,2026-07-23,2026-07-23,1,1,4.2656,4.2656,0,1,0,0,,0,Dragon3->out
锂电池,EP000687,24,2026-07-23,2026-07-23,Dragon1,603399.SH,永杉锂业,EP000696,25,2026-07-27,2026-07-30,1,4,17.85987417801,17.85987417801,-0.0695,1,0,0,,0,Dragon1->out
锂电池,EP000687,24,2026-07-23,2026-07-23,Dragon2,002083.SZ,孚日股份,EP000696,25,2026-07-27,2026-07-30,1,4,-2.256959347237,4.1667,-10,1,0,0,,0,Dragon2->out
锂电池,EP000687,24,2026-07-23,2026-07-23,Dragon3,000688.SZ,国城矿业,EP000696,25,2026-07-27,2026-07-30,1,4,-0.540816407268,4.289782005442,-4.6319,1,0,0,,0,Dragon3->out
锂电池,EP000696,25,2026-07-27,2026-07-30,Dragon1,002388.SZ,新亚制程,EP000737,26,2026-08-10,2026-08-10,1,1,9.9617,9.9617,0,1,1,1,Dragon1,1,Dragon1->Dragon1
锂电池,EP000696,25,2026-07-27,2026-07-30,Dragon2,300214.SZ,日科化学,EP000737,26,2026-08-10,2026-08-10,1,1,0.1592,0.1592,0,1,0,0,,0,Dragon2->out
锂电池,EP000696,25,2026-07-27,2026-07-30,Dragon3,002580.SZ,圣阳股份,EP000737,26,2026-08-10,2026-08-10,1,1,10.0105,10.0105,0,1,0,0,,0,Dragon3->out
锂电池,EP000737,26,2026-08-10,2026-08-10,Dragon1,002388.SZ,新亚制程,EP000774,27,2026-08-24,2026-08-24,1,1,2.3102,2.3102,0,1,0,0,,0,Dragon1->out
锂电池,EP000737,26,2026-08-10,2026-08-10,Dragon2,002748.SZ,世龙实业,EP000774,27,2026-08-24,2026-08-24,1,1,1.1915,1.1915,0,1,0,0,,0,Dragon2->out
锂电池,EP000737,26,2026-08-10,2026-08-10,Dragon3,000973.SZ,佛塑科技,EP000774,27,2026-08-24,2026-08-24,1,1,1.6632,1.6632,0,1,0,0,,0,Dragon3->out
零售,EP000043,1,2025-11-10,2025-11-13,Dragon1,600693.SH,东百集团,EP000095,2,2025-11-26,2025-11-28,1,3,13.538103519354,13.538103519354,0,1,0,0,,0,Dragon1->out
零售,EP000043,1,2025-11-10,2025-11-13,Dragon2,600113.SH,浙江东日,EP000095,2,2025-11-26,2025-11-28,1,3,-0.904098873891,0,-3.743193385,1,0,0,,0,Dragon2->out
零售,EP000043,1,2025-11-10,2025-11-13,Dragon3,605188.SH,国光连锁,EP000095,2,2025-11-26,2025-11-28,1,3,6.34708971711,10,-3.3208275299,1,0,0,,0,Dragon3->out
零售,EP000095,2,2025-11-26,2025-11-28,Dragon1,600828.SH,茂业商业,EP000128,3,2025-12-09,2025-12-19,1,9,10.356455613217,21.731747161505,-11.7155241024,1,1,0,Dragon3,0,Dragon1->Dragon3
零售,EP000095,2,2025-11-26,2025-11-28,Dragon2,601116.SH,三江购物,EP000128,3,2025-12-09,2025-12-19,1,9,0.196086788623,6.8627732883,-14.8624032,1,0,0,,0,Dragon2->out
零售,EP000095,2,2025-11-26,2025-11-28,Dragon3,002187.SZ,广百股份,EP000128,3,2025-12-09,2025-12-19,1,9,7.291712274785,7.552163607115,-15.886693416772,1,0,0,,0,Dragon3->out
零售,EP000128,3,2025-12-09,2025-12-19,Dragon1,600693.SH,东百集团,EP000211,4,2026-01-09,2026-01-12,1,2,11.0464874232,11.0464874232,0,1,0,0,,0,Dragon1->out
零售,EP000128,3,2025-12-09,2025-12-19,Dragon2,601933.SH,永辉超市,EP000211,4,2026-01-09,2026-01-12,1,2,6.56067522,6.56067522,0,1,0,0,,0,Dragon2->out
零售,EP000128,3,2025-12-09,2025-12-19,Dragon3,600828.SH,茂业商业,EP000211,4,2026-01-09,2026-01-12,1,2,21.1023112541,21.1023112541,0,1,1,0,Dragon2,0,Dragon3->Dragon2
零售,EP000211,4,2026-01-09,2026-01-12,Dragon1,002187.SZ,广百股份,EP000263,5,2026-02-02,2026-02-02,1,1,-3.949,0,-3.949,1,0,0,,0,Dragon1->out
零售,EP000211,4,2026-01-09,2026-01-12,Dragon2,600828.SH,茂业商业,EP000263,5,2026-02-02,2026-02-02,1,1,10.0304,10.0304,0,1,1,1,Dragon2,0,Dragon2->Dragon2
零售,EP000211,4,2026-01-09,2026-01-12,Dragon3,600858.SH,银座股份,EP000263,5,2026-02-02,2026-02-02,1,1,0,0,0,1,0,0,,0,Dragon3->out
零售,EP000263,5,2026-02-02,2026-02-02,Dragon1,600785.SH,新华百货,EP000277,6,2026-02-05,2026-02-05,1,1,-3.7475,0,-3.7475,1,0,0,,0,Dragon1->out
零售,EP000263,5,2026-02-02,2026-02-02,Dragon2,600828.SH,茂业商业,EP000277,6,2026-02-05,2026-02-05,1,1,10.0424,10.0424,0,1,1,0,Dragon1,1,Dragon2->Dragon1
零售,EP000277,6,2026-02-05,2026-02-05,Dragon1,600828.SH,茂业商业,EP000431,7,2026-04-10,2026-04-10,1,1,-0.7692,0,-0.7692,1,0,0,,0,Dragon1->out
零售,EP000277,6,2026-02-05,2026-02-05,Dragon2,600814.SH,杭州解百,EP000431,7,2026-04-10,2026-04-10,1,1,0.7905,0.7905,0,1,0,0,,0,Dragon2->out
零售,EP000277,6,2026-02-05,2026-02-05,Dragon3,601116.SH,三江购物,EP000431,7,2026-04-10,2026-04-10,1,1,1.1696,1.1696,0,1,0,0,,0,Dragon3->out
零售,EP000431,7,2026-04-10,2026-04-10,Dragon1,601010.SH,文峰股份,EP000530,8,2026-05-27,2026-05-27,1,1,0,0,0,1,0,0,,0,Dragon1->out
零售,EP000431,7,2026-04-10,2026-04-10,Dragon2,001211.SZ,双枪科技,EP000530,8,2026-05-27,2026-05-27,1,1,-1.0316,0,-1.0316,1,0,0,,0,Dragon2->out
零售,EP000431,7,2026-04-10,2026-04-10,Dragon3,603101.SH,汇嘉时代,EP000530,8,2026-05-27,2026-05-27,1,1,-1.1936,0,-1.1936,1,0,0,,0,Dragon3->out
零售,EP000530,8,2026-05-27,2026-05-27,Dragon1,002251.SZ,步步高,EP000533,9,2026-05-29,2026-05-29,1,1,9.9099,9.9099,0,1,1,1,Dragon1,1,Dragon1->Dragon1
零售,EP000530,8,2026-05-27,2026-05-27,Dragon2,000759.SZ,中百集团,EP000533,9,2026-05-29,2026-05-29,1,1,5.8925,5.8925,0,1,0,0,,0,Dragon2->out
零售,EP000533,9,2026-05-29,2026-05-29,Dragon1,002251.SZ,步步高,EP000553,10,2026-06-08,2026-06-08,1,1,-4.1152,0,-4.1152,1,0,0,,0,Dragon1->out
零售,EP000533,9,2026-05-29,2026-05-29,Dragon2,600280.SH,中央商场,EP000553,10,2026-06-08,2026-06-08,1,1,10,10,0,1,1,1,Dragon2,0,Dragon2->Dragon2
零售,EP000533,9,2026-05-29,2026-05-29,Dragon3,600828.SH,茂业商业,EP000553,10,2026-06-08,2026-06-08,1,1,-6.2378,0,-6.2378,1,0,0,,0,Dragon3->out
零售,EP000553,10,2026-06-08,2026-06-08,Dragon1,000759.SZ,中百集团,EP000615,11,2026-06-29,2026-07-01,1,3,12.543542259478,12.543542259478,0,1,1,0,Dragon2,0,Dragon1->Dragon2
零售,EP000553,10,2026-06-08,2026-06-08,Dragon2,600280.SH,中央商场,EP000615,11,2026-06-29,2026-07-01,1,3,4.597771765246,4.597771765246,-0.7547,1,0,0,,0,Dragon2->out
零售,EP000615,11,2026-06-29,2026-07-01,Dragon1,600857.SH,宁波中百,EP000706,12,2026-07-29,2026-07-29,1,1,-2.5786,0,-2.5786,1,0,0,,0,Dragon1->out
零售,EP000615,11,2026-06-29,2026-07-01,Dragon2,000759.SZ,中百集团,EP000706,12,2026-07-29,2026-07-29,1,1,3.6284,3.6284,0,1,0,0,,0,Dragon2->out
零售,EP000615,11,2026-06-29,2026-07-01,Dragon3,600113.SH,浙江东日,EP000706,12,2026-07-29,2026-07-29,1,1,2.6573,2.6573,0,1,0,0,,0,Dragon3->out
零售,EP000706,12,2026-07-29,2026-07-29,Dragon1,600693.SH,东百集团,EP000745,13,2026-08-12,2026-08-12,1,1,2.5202,2.5202,0,1,0,0,,0,Dragon1->out
零售,EP000706,12,2026-07-29,2026-07-29,Dragon2,605188.SH,国光连锁,EP000745,13,2026-08-12,2026-08-12,1,1,0.382,0.382,0,1,0,0,,0,Dragon2->out
零售,EP000706,12,2026-07-29,2026-07-29,Dragon3,601086.SH,国芳集团,EP000745,13,2026-08-12,2026-08-12,1,1,0,0,0,1,0,0,,0,Dragon3->out
零售,EP000745,13,2026-08-12,2026-08-12,Dragon1,603277.SH,银都股份,EP000760,14,2026-08-18,2026-08-18,1,1,-1.7827,0,-1.7827,1,0,0,,0,Dragon1->out
零售,EP000745,13,2026-08-12,2026-08-12,Dragon2,600857.SH,宁波中百,EP000760,14,2026-08-18,2026-08-18,1,1,1.7857,1.7857,0,1,0,0,,0,Dragon2->out
零售,EP000745,13,2026-08-12,2026-08-12,Dragon3,000715.SZ,中兴商业,EP000760,14,2026-08-18,2026-08-18,1,1,-0.3817,0,-0.3817,1,0,0,,0,Dragon3->out
零售,EP000760,14,2026-08-18,2026-08-18,Dragon1,603708.SH,家家悦,EP000779,15,2026-08-25,2026-08-25,1,1,2.5414,2.5414,0,1,0,0,,0,Dragon1->out
零售,EP000760,14,2026-08-18,2026-08-18,Dragon2,601116.SH,三江购物,EP000779,15,2026-08-25,2026-08-25,1,1,4.1626,4.1626,0,1,0,0,,0,Dragon2->out
零售,EP000760,14,2026-08-18,2026-08-18,Dragon3,600113.SH,浙江东日,EP000779,15,2026-08-25,2026-08-25,1,1,0.101,0.101,0,1,0,0,,0,Dragon3->out
非金属材料,EP000588,1,2026-06-18,2026-06-24,Dragon1,600353.SH,旭光电子,EP000676,2,2026-07-21,2026-07-21,1,1,5.6478,5.6478,0,1,0,0,,0,Dragon1->out
非金属材料,EP000588,1,2026-06-18,2026-06-24,Dragon2,603407.SH,长裕集团,EP000676,2,2026-07-21,2026-07-21,1,1,10.0056,10.0056,0,1,1,1,Dragon2,0,Dragon2->Dragon2
非金属材料,EP000588,1,2026-06-18,2026-06-24,Dragon3,603663.SH,三祥新材,EP000676,2,2026-07-21,2026-07-21,1,1,10.0052,10.0052,0,1,0,0,,0,Dragon3->out
面板,EP000330,1,2026-03-05,2026-03-05,Dragon1,002952.SZ,亚世光电,EP000514,2,2026-05-21,2026-05-21,1,1,10.0037,10.0037,0,1,1,0,Dragon2,0,Dragon1->Dragon2
面板,EP000330,1,2026-03-05,2026-03-05,Dragon2,300323.SZ,华灿光电,EP000514,2,2026-05-21,2026-05-21,1,1,9.8534,9.8534,0,1,0,0,,0,Dragon2->out
面板,EP000330,1,2026-03-05,2026-03-05,Dragon3,002429.SZ,兆驰股份,EP000514,2,2026-05-21,2026-05-21,1,1,-8.6078,0,-8.6078,1,0,0,,0,Dragon3->out
面板,EP000514,2,2026-05-21,2026-05-21,Dragon1,000536.SZ,华映科技,EP000620,3,2026-06-30,2026-06-30,1,1,8.4142,8.4142,0,1,0,0,,0,Dragon1->out
面板,EP000514,2,2026-05-21,2026-05-21,Dragon2,002952.SZ,亚世光电,EP000620,3,2026-06-30,2026-06-30,1,1,4.8049,4.8049,0,1,0,0,,0,Dragon2->out
面板,EP000514,2,2026-05-21,2026-05-21,Dragon3,688055.SH,龙腾光电,EP000620,3,2026-06-30,2026-06-30,1,1,7.4627,7.4627,0,1,0,0,,0,Dragon3->out
风电,EP000346,1,2026-03-12,2026-03-20,Dragon1,603092.SH,德力佳,EP000697,2,2026-07-27,2026-07-27,1,1,3.556,3.556,0,1,0,0,,0,Dragon1->out
风电,EP000346,1,2026-03-12,2026-03-20,Dragon2,603507.SH,振江股份,EP000697,2,2026-07-27,2026-07-27,1,1,10.0134,10.0134,0,1,1,0,Dragon3,0,Dragon2->Dragon3
风电,EP000346,1,2026-03-12,2026-03-20,Dragon3,603693.SH,江苏新能,EP000697,2,2026-07-27,2026-07-27,1,1,4.1916,4.1916,0,1,0,0,,0,Dragon3->out
食品饮料,EP000044,1,2025-11-10,2025-11-13,Dragon1,300997.SZ,欢乐家,EP000101,2,2025-11-27,2025-12-05,1,7,-11.476568873256,0,-14.843077490812,1,0,0,,0,Dragon1->out
食品饮料,EP000044,1,2025-11-10,2025-11-13,Dragon2,603536.SH,惠发食品,EP000101,2,2025-11-27,2025-12-05,1,7,10.65190003029,18.203500961586,-9.3476281207,1,0,0,,0,Dragon2->out
食品饮料,EP000044,1,2025-11-10,2025-11-13,Dragon3,600429.SH,三元股份,EP000101,2,2025-11-27,2025-12-05,1,7,-0.179873478275,0.899173917471,-3.4173,1,0,0,,0,Dragon3->out
食品饮料,EP000101,2,2025-11-27,2025-12-05,Dragon1,002702.SZ,海欣食品,EP000129,3,2025-12-09,2025-12-09,1,1,8.4314,8.4314,0,1,0,0,,0,Dragon1->out
食品饮料,EP000101,2,2025-11-27,2025-12-05,Dragon2,002495.SZ,佳隆股份,EP000129,3,2025-12-09,2025-12-09,1,1,1.0135,1.0135,0,1,0,0,,0,Dragon2->out
食品饮料,EP000129,3,2025-12-09,2025-12-09,Dragon1,603696.SH,安记食品,EP000142,4,2025-12-15,2025-12-22,1,6,10.712474260342,12.8051564867,-15.19432483,1,0,0,,0,Dragon1->out
食品饮料,EP000129,3,2025-12-09,2025-12-09,Dragon2,002329.SZ,皇氏集团,EP000142,4,2025-12-15,2025-12-22,1,6,17.7250002524,21.164122711442,-10.0437,1,1,0,Dragon1,1,Dragon2->Dragon1
食品饮料,EP000129,3,2025-12-09,2025-12-09,Dragon3,605388.SH,均瑶健康,EP000142,4,2025-12-15,2025-12-22,1,6,16.178435795186,17.015211573146,-0.7151,1,1,1,Dragon3,0,Dragon3->Dragon3
食品饮料,EP000142,4,2025-12-15,2025-12-22,Dragon1,002329.SZ,皇氏集团,EP000234,5,2026-01-20,2026-01-20,1,1,-1.0336,0,-1.0336,1,0,0,,0,Dragon1->out
食品饮料,EP000142,4,2025-12-15,2025-12-22,Dragon2,001318.SZ,阳光乳业,EP000234,5,2026-01-20,2026-01-20,1,1,-0.6281,0,-0.6281,1,0,0,,0,Dragon2->out
食品饮料,EP000142,4,2025-12-15,2025-12-22,Dragon3,605388.SH,均瑶健康,EP000234,5,2026-01-20,2026-01-20,1,1,-2.571,0,-2.571,1,0,0,,0,Dragon3->out
食品饮料,EP000234,5,2026-01-20,2026-01-20,Dragon1,600187.SH,国中水务,EP000559,6,2026-06-09,2026-06-09,1,1,4.7337,4.7337,0,1,0,0,,0,Dragon1->out
食品饮料,EP000234,5,2026-01-20,2026-01-20,Dragon2,605089.SH,味知香,EP000559,6,2026-06-09,2026-06-09,1,1,1.7005,1.7005,0,1,0,0,,0,Dragon2->out
食品饮料,EP000234,5,2026-01-20,2026-01-20,Dragon3,000523.SZ,红棉股份,EP000559,6,2026-06-09,2026-06-09,1,1,0.6826,0.6826,0,1,0,0,,0,Dragon3->out
食品饮料,EP000559,6,2026-06-09,2026-06-09,Dragon1,603020.SH,爱普股份,EP000570,7,2026-06-12,2026-06-12,1,1,10.0422,10.0422,0,1,1,1,Dragon1,1,Dragon1->Dragon1
食品饮料,EP000559,6,2026-06-09,2026-06-09,Dragon2,001215.SZ,千味央厨,EP000570,7,2026-06-12,2026-06-12,1,1,2.1796,2.1796,0,1,0,0,,0,Dragon2->out
食品饮料,EP000570,7,2026-06-12,2026-06-12,Dragon1,603020.SH,爱普股份,EP000609,8,2026-06-25,2026-06-29,1,3,-6.122492224894,2.1088,-8.0612956228,1,0,0,,0,Dragon1->out
食品饮料,EP000570,7,2026-06-12,2026-06-12,Dragon2,605198.SH,安德利,EP000609,8,2026-06-25,2026-06-29,1,3,-10.033058128529,0,-10.033058128529,1,0,0,,0,Dragon2->out
食品饮料,EP000609,8,2026-06-25,2026-06-29,Dragon1,002303.SZ,美盈森,EP000640,9,2026-07-06,2026-07-06,1,1,-0.2326,0,-0.2326,1,0,0,,0,Dragon1->out
食品饮料,EP000609,8,2026-06-25,2026-06-29,Dragon2,605300.SH,佳禾食品,EP000640,9,2026-07-06,2026-07-06,1,1,0.8859,0.8859,0,1,0,0,,0,Dragon2->out
食品饮料,EP000640,9,2026-07-06,2026-07-06,Dragon1,002329.SZ,皇氏集团,EP000700,10,2026-07-28,2026-08-03,1,5,-4.012228527256,1.5432674464,-8.51061469,1,0,0,,0,Dragon1->out
食品饮料,EP000640,9,2026-07-06,2026-07-06,Dragon2,603020.SH,爱普股份,EP000700,10,2026-07-28,2026-08-03,1,5,-0.740062860834,0,-4.334062990489,1,0,0,,0,Dragon2->out
食品饮料,EP000640,9,2026-07-06,2026-07-06,Dragon3,002910.SZ,庄园牧场,EP000700,10,2026-07-28,2026-08-03,1,5,7.787472962732,7.787472962732,-4.3427,1,0,0,,0,Dragon3->out
食品饮料,EP000700,10,2026-07-28,2026-08-03,Dragon1,600191.SH,华资实业,EP000738,11,2026-08-10,2026-08-12,1,3,-1.588871502724,0,-7.0093873072,1,0,0,,0,Dragon1->out
食品饮料,EP000700,10,2026-07-28,2026-08-03,Dragon2,605179.SH,一鸣食品,EP000738,11,2026-08-10,2026-08-12,1,3,33.055960597297,33.055960597297,0,1,1,0,Dragon1,1,Dragon2->Dragon1
食品饮料,EP000700,10,2026-07-28,2026-08-03,Dragon3,002847.SZ,盐津铺子,EP000738,11,2026-08-10,2026-08-12,1,3,1.782767565336,2.8971,-1.6342,1,0,0,,0,Dragon3->out
食品饮料,EP000738,11,2026-08-10,2026-08-12,Dragon1,605179.SH,一鸣食品,EP000756,12,2026-08-17,2026-08-18,1,2,20.99659,20.99659,0,1,1,1,Dragon1,1,Dragon1->Dragon1
食品饮料,EP000738,11,2026-08-10,2026-08-12,Dragon2,603711.SH,香飘飘,EP000756,12,2026-08-17,2026-08-18,1,2,0.938643104,0.938643104,0,1,0,0,,0,Dragon2->out
食品饮料,EP000738,11,2026-08-10,2026-08-12,Dragon3,002329.SZ,皇氏集团,EP000756,12,2026-08-17,2026-08-18,1,2,-0.9368452909,2.1077,-2.9817,1,0,0,,0,Dragon3->out
黄金,EP000215,1,2026-01-13,2026-01-14,Dragon1,002574.SZ,明牌珠宝,EP000233,2,2026-01-19,2026-01-29,1,9,4.881849946665,9.448820896201,-4.2519216224,1,1,0,Dragon3,0,Dragon1->Dragon3
黄金,EP000215,1,2026-01-13,2026-01-14,Dragon2,600170.SH,上海建工,EP000233,2,2026-01-19,2026-01-29,1,9,3.6913483675,6.711497160126,-3.666632989933,1,0,0,,0,Dragon2->out
黄金,EP000233,2,2026-01-19,2026-01-29,Dragon1,001337.SZ,四川黄金,EP000268,3,2026-02-03,2026-02-03,1,1,-5.8764,0,-5.8764,1,0,0,,0,Dragon1->out
黄金,EP000233,2,2026-01-19,2026-01-29,Dragon2,000506.SZ,招金黄金,EP000268,3,2026-02-03,2026-02-03,1,1,-3.29,0,-3.29,1,0,0,,0,Dragon2->out
黄金,EP000233,2,2026-01-19,2026-01-29,Dragon3,002574.SZ,明牌珠宝,EP000268,3,2026-02-03,2026-02-03,1,1,3.6859,3.6859,0,1,0,0,,0,Dragon3->out
黄金,EP000268,3,2026-02-03,2026-02-03,Dragon1,002155.SZ,湖南黄金,EP000284,4,2026-02-06,2026-02-06,1,1,9.9358,9.9358,0,1,0,0,,0,Dragon1->out
黄金,EP000268,3,2026-02-03,2026-02-03,Dragon2,605599.SH,菜百股份,EP000284,4,2026-02-06,2026-02-06,1,1,5.2513,5.2513,0,1,0,0,,0,Dragon2->out
黄金,EP000284,4,2026-02-06,2026-02-06,Dragon1,001360.SZ,南矿集团,EP000305,5,2026-02-24,2026-02-24,1,1,6.4869,6.4869,0,1,0,0,,0,Dragon1->out
黄金,EP000284,4,2026-02-06,2026-02-06,Dragon2,002345.SZ,潮宏基,EP000305,5,2026-02-24,2026-02-24,1,1,-8.5714,0,-8.5714,1,0,0,,0,Dragon2->out
黄金,EP000284,4,2026-02-06,2026-02-06,Dragon3,600987.SH,航民股份,EP000305,5,2026-02-24,2026-02-24,1,1,3.799,3.799,0,1,0,0,,0,Dragon3->out
黄金,EP000305,5,2026-02-24,2026-02-24,Dragon1,002716.SZ,湖南白银,EP000321,6,2026-03-02,2026-03-02,1,1,10.0063,10.0063,0,1,0,0,,0,Dragon1->out
黄金,EP000305,5,2026-02-24,2026-02-24,Dragon2,601212.SH,白银有色,EP000321,6,2026-03-02,2026-03-02,1,1,10,10,0,1,0,0,,0,Dragon2->out
黄金,EP000305,5,2026-02-24,2026-02-24,Dragon3,001337.SZ,四川黄金,EP000321,6,2026-03-02,2026-03-02,1,1,10.0059,10.0059,0,1,1,1,Dragon3,0,Dragon3->Dragon3
黄金,EP000321,6,2026-03-02,2026-03-02,Dragon1,002155.SZ,湖南黄金,EP000424,7,2026-04-08,2026-04-08,1,1,10.0172,10.0172,0,1,0,0,,0,Dragon1->out
黄金,EP000321,6,2026-03-02,2026-03-02,Dragon2,601069.SH,西部黄金,EP000424,7,2026-04-08,2026-04-08,1,1,10.0066,10.0066,0,1,1,0,Dragon1,1,Dragon2->Dragon1
黄金,EP000321,6,2026-03-02,2026-03-02,Dragon3,001337.SZ,四川黄金,EP000424,7,2026-04-08,2026-04-08,1,1,10.0107,10.0107,0,1,1,1,Dragon3,0,Dragon3->Dragon3
黄金,EP000424,7,2026-04-08,2026-04-08,Dragon1,601069.SH,西部黄金,EP000571,8,2026-06-12,2026-06-12,1,1,4.6894,4.6894,0,1,0,0,,0,Dragon1->out
黄金,EP000424,7,2026-04-08,2026-04-08,Dragon2,000506.SZ,招金黄金,EP000571,8,2026-06-12,2026-06-12,1,1,10.016,10.016,0,1,1,0,Dragon3,0,Dragon2->Dragon3
黄金,EP000424,7,2026-04-08,2026-04-08,Dragon3,001337.SZ,四川黄金,EP000571,8,2026-06-12,2026-06-12,1,1,4.1069,4.1069,0,1,0,0,,0,Dragon3->out
黄金,EP000571,8,2026-06-12,2026-06-12,Dragon1,002345.SZ,潮宏基,EP000634,9,2026-07-02,2026-07-03,1,2,12.0340422468,12.0340422468,0,1,0,0,,0,Dragon1->out
黄金,EP000571,8,2026-06-12,2026-06-12,Dragon2,600531.SH,豫光金铅,EP000634,9,2026-07-02,2026-07-03,1,2,-3.1150850752,0,-5.7216,1,0,0,,0,Dragon2->out
黄金,EP000571,8,2026-06-12,2026-06-12,Dragon3,000506.SZ,招金黄金,EP000634,9,2026-07-02,2026-07-03,1,2,21.0296972429,21.0296972429,0,1,1,0,Dragon2,0,Dragon3->Dragon2
黄金,EP000634,9,2026-07-02,2026-07-03,Dragon1,600988.SH,赤峰黄金,EP000680,10,2026-07-22,2026-07-23,1,2,9.441954292,9.441954292,0,1,0,0,,0,Dragon1->out
黄金,EP000634,9,2026-07-02,2026-07-03,Dragon2,000506.SZ,招金黄金,EP000680,10,2026-07-22,2026-07-23,1,2,11.064212507,11.064212507,0,1,1,0,Dragon3,0,Dragon2->Dragon3
黄金,EP000634,9,2026-07-02,2026-07-03,Dragon3,600490.SH,鹏欣资源,EP000680,10,2026-07-22,2026-07-23,1,2,6.219351863,6.219351863,0,1,0,0,,0,Dragon3->out
黄金,EP000680,10,2026-07-22,2026-07-23,Dragon1,000603.SZ,盛达资源,EP000724,11,2026-08-05,2026-08-10,1,4,40.07547530988,40.07547530988,0,1,0,0,,0,Dragon1->out
黄金,EP000680,10,2026-07-22,2026-07-23,Dragon2,000975.SZ,山金国际,EP000724,11,2026-08-05,2026-08-10,1,4,20.301447743928,20.301447743928,0,1,0,0,,0,Dragon2->out
黄金,EP000680,10,2026-07-22,2026-07-23,Dragon3,000506.SZ,招金黄金,EP000724,11,2026-08-05,2026-08-10,1,4,34.547957039872,34.547957039872,0,1,0,0,,0,Dragon3->out
黄金,EP000724,11,2026-08-05,2026-08-10,Dragon1,001337.SZ,四川黄金,EP000767,12,2026-08-20,2026-08-24,1,3,19.208155642514,19.208155642514,0,1,0,0,,0,Dragon1->out
黄金,EP000724,11,2026-08-05,2026-08-10,Dragon2,002721.SZ,金一文化,EP000767,12,2026-08-20,2026-08-24,1,3,13.0952519866,13.0952519866,0,1,0,0,,0,Dragon2->out
黄金,EP000724,11,2026-08-05,2026-08-10,Dragon3,603988.SH,中电电机,EP000767,12,2026-08-20,2026-08-24,1,3,7.732216058759,10.0156,-2.075509238,1,1,0,Dragon1,1,Dragon3->Dragon1
黄金,EP000767,12,2026-08-20,2026-08-24,Dragon1,603988.SH,中电电机,EP000784,13,2026-08-26,2026-08-28,1,3,1.495561531217,1.5454203326,-0.0491,1,0,0,,0,Dragon1->out
黄金,EP000767,12,2026-08-20,2026-08-24,Dragon2,000017.SZ,深中华A,EP000784,13,2026-08-26,2026-08-28,1,3,33.13956253312,33.13956253312,0,1,1,0,Dragon1,1,Dragon2->Dragon1
黄金,EP000767,12,2026-08-20,2026-08-24,Dragon3,001360.SZ,南矿集团,EP000784,13,2026-08-26,2026-08-28,1,3,7.403277135999,7.403277135999,0,1,0,0,,0,Dragon3->out
