primary_theme,episode_id,episode_ordinal,start_date,end_date,role_freeze_date,has_freeze_date,calendar_span_days,active_day_count,displayed_day_count,segment_start_candidate_count,segment_start_top3_complete,segment_start_dragon1_ts_code,segment_start_dragon1_name,segment_start_dragon2_ts_code,segment_start_dragon2_name,segment_start_dragon3_ts_code,segment_start_dragon3_name,frozen_dragon1_ts_code,frozen_dragon1_name,frozen_dragon1_initial_role,frozen_dragon2_ts_code,frozen_dragon2_name,frozen_dragon2_initial_role,frozen_dragon3_ts_code,frozen_dragon3_name,frozen_dragon3_initial_role,frozen_top3_complete,start_freeze_same_date
AI应用,EP000285,1,2026-02-09,2026-02-25,2026-02-09,1,7,7,5,21,1,603103.SH,横店影视,002830.SZ,名雕股份,002624.SZ,完美世界,603103.SH,横店影视,Leader1,002830.SZ,名雕股份,Leader2,002624.SZ,完美世界,Leader3,1,1
AI应用,EP000313,2,2026-02-27,2026-02-27,,0,1,1,0,4,1,605398.SH,新炬网络,002261.SZ,拓维信息,688118.SH,普元信息,,,,,,,,,,,0
AI应用,EP000337,3,2026-03-09,2026-03-11,2026-03-09,1,3,3,2,5,1,002261.SZ,拓维信息,688158.SH,优刻得,688316.SH,青云科技,002261.SZ,拓维信息,Leader1,688158.SH,优刻得,Leader2,688316.SH,青云科技,Leader3,1,1
AI应用,EP000359,4,2026-03-18,2026-03-18,,0,1,1,0,3,1,301428.SZ,世纪恒通,002432.SZ,九安医疗,603189.SH,网达软件,,,,,,,,,,,0
AI应用,EP000414,5,2026-04-08,2026-04-08,2026-04-08,1,1,1,1,13,1,002181.SZ,粤传媒,002380.SZ,科远智慧,000727.SZ,冠捷科技,002181.SZ,粤传媒,Leader1,002380.SZ,科远智慧,Leader2,000727.SZ,冠捷科技,Leader3,1,1
AI应用,EP000455,6,2026-04-21,2026-04-21,2026-04-21,1,1,1,1,3,1,600715.SH,文投控股,002853.SZ,皮阿诺,603898.SH,好莱客,600715.SH,文投控股,Leader1,002853.SZ,皮阿诺,Leader2,603898.SH,好莱客,Leader3,1,1
AI应用,EP000487,7,2026-05-11,2026-05-11,,0,1,1,0,3,1,605186.SH,健麾信息,300616.SZ,尚品宅配,601858.SH,中国科传,,,,,,,,,,,0
AI应用,EP000507,8,2026-05-19,2026-05-19,,0,1,1,0,8,1,002421.SZ,达实智能,002178.SZ,延华智能,603466.SH,风语筑,,,,,,,,,,,0
AI应用,EP000528,9,2026-05-27,2026-06-02,2026-06-01,1,5,3,2,3,1,603533.SH,掌阅科技,300291.SZ,百纳千成,000892.SZ,欢瑞世纪,002995.SZ,天地在线,Leader1,603533.SH,掌阅科技,Leader2,000727.SZ,冠捷科技,Leader3,1,0
AI应用,EP000554,10,2026-06-09,2026-06-10,2026-06-10,1,2,2,1,4,1,002995.SZ,天地在线,000681.SZ,视觉中国,603039.SH,泛微网络,002354.SZ,天娱数科,Leader1,002830.SZ,名雕股份,Leader2,002657.SZ,中科金财,Leader3,1,0
AI应用,EP000572,11,2026-06-15,2026-06-15,,0,1,1,0,4,1,300588.SZ,熙菱信息,603373.SH,安邦护卫,002174.SZ,游族网络,,,,,,,,,,,0
AI应用,EP000589,12,2026-06-22,2026-06-22,,0,1,1,0,4,1,605168.SH,三人行,002421.SZ,达实智能,603533.SH,掌阅科技,,,,,,,,,,,0
AI应用,EP000630,13,2026-07-02,2026-07-02,,0,1,1,0,6,1,002354.SZ,天娱数科,300071.SZ,福石控股,002995.SZ,天地在线,,,,,,,,,,,0
AI应用,EP000642,14,2026-07-08,2026-07-10,2026-07-08,1,3,2,2,3,1,600756.SH,浪潮软件,300454.SZ,深信服,300369.SZ,绿盟科技,600756.SH,浪潮软件,Leader1,300454.SZ,深信服,Leader2,300369.SZ,绿盟科技,Leader3,1,1
AI应用,EP000698,15,2026-07-28,2026-08-12,2026-07-28,1,12,11,8,10,1,003032.SZ,传智教育,000948.SZ,南天信息,002279.SZ,久其软件,003032.SZ,传智教育,Leader1,000948.SZ,南天信息,Leader2,002279.SZ,久其软件,Leader3,1,1
AI应用,EP000787,16,2026-08-28,2026-08-31,2026-08-28,1,2,2,2,9,1,002949.SZ,华阳国际,002354.SZ,天娱数科,300378.SZ,鼎捷数智,002949.SZ,华阳国际,Leader1,002354.SZ,天娱数科,Leader2,300378.SZ,鼎捷数智,Leader3,1,1
ST摘帽,EP000452,1,2026-04-20,2026-04-20,,0,1,1,0,2,0,603268.SH,松发股份,002647.SZ,仁东控股,,,,,,,,,,,,,0
ST摘帽,EP000479,2,2026-05-07,2026-05-07,,0,1,1,0,2,0,600130.SH,波导股份,000697.SZ,炼石航空,,,,,,,,,,,,,0
ST摘帽,EP000509,3,2026-05-20,2026-05-21,2026-05-21,1,2,2,1,2,0,000518.SZ,四环生物,003004.SZ,声迅股份,,,000518.SZ,四环生物,Leader1,600360.SH,华微电子,Leader2,,,,0,0
ST摘帽,EP000577,4,2026-06-16,2026-06-16,,0,1,1,0,4,1,002047.SZ,宝鹰股份,603721.SH,中广天择,002058.SZ,威尔泰,,,,,,,,,,,0
ST摘帽,EP000621,5,2026-07-01,2026-07-06,2026-07-02,1,4,4,2,4,1,300175.SZ,朗源股份,002868.SZ,绿康生化,002200.SZ,交投生态,603559.SH,中通国脉,Leader1,603580.SH,艾艾精工,Leader2,000595.SZ,宝塔实业,Leader3,1,0
ST摘帽,EP000681,6,2026-07-23,2026-08-04,2026-08-03,1,9,7,1,4,1,002199.SZ,东晶电子,002762.SZ,金发拉比,002713.SZ,东易日盛,000820.SZ,神雾节能,Leader1,603261.SH,立航科技,Leader2,002058.SZ,威尔泰,Leader3,1,0
中报增长,EP000622,1,2026-07-01,2026-07-21,2026-07-03,1,15,13,10,5,1,000603.SZ,盛达资源,002458.SZ,益生股份,000601.SZ,韶能股份,002396.SZ,星网锐捷,Leader1,002979.SZ,雷赛智能,Leader2,603327.SH,福蓉科技,Leader3,1,0
中报增长,EP000748,2,2026-08-14,2026-08-31,2026-08-14,1,12,9,5,2,0,002322.SZ,理工能科,603025.SH,大豪科技,,,002322.SZ,理工能科,Leader1,603025.SH,大豪科技,Leader2,,,,0,1
人工智能,EP000065,1,2025-11-17,2025-11-28,2025-11-17,1,10,9,7,6,1,600756.SH,浪潮软件,001229.SZ,魅视科技,300612.SZ,宣亚国际,600756.SH,浪潮软件,Leader1,001229.SZ,魅视科技,Leader2,300612.SZ,宣亚国际,Leader3,1,1
人工智能,EP000110,2,2025-12-02,2025-12-02,2025-12-02,1,1,1,1,7,1,600981.SH,苏豪汇鸿,002474.SZ,榕基软件,603106.SH,恒银科技,600981.SH,苏豪汇鸿,Leader1,002474.SZ,榕基软件,Leader2,603106.SH,恒银科技,Leader3,1,1
人工智能,EP000183,3,2025-12-31,2026-01-27,2025-12-31,1,18,16,11,7,1,002757.SZ,南兴股份,002659.SZ,凯文教育,002908.SZ,德生科技,002757.SZ,南兴股份,Leader1,002659.SZ,凯文教育,Leader2,002908.SZ,德生科技,Leader3,1,1
人工智能,EP000254,4,2026-01-29,2026-02-03,2026-01-29,1,4,4,3,7,1,002995.SZ,天地在线,603916.SH,苏博特,000607.SZ,华媒控股,002995.SZ,天地在线,Leader1,603916.SH,苏博特,Leader2,000607.SZ,华媒控股,Leader3,1,1
人工智能,EP000274,5,2026-02-05,2026-02-06,2026-02-05,1,2,2,1,5,1,002291.SZ,遥望科技,002357.SZ,富临运业,002264.SZ,新华都,002291.SZ,遥望科技,Leader1,002357.SZ,富临运业,Leader2,002264.SZ,新华都,Leader3,1,1
人工智能,EP000292,6,2026-02-12,2026-02-12,,0,1,1,0,3,1,603138.SH,海量数据,605318.SH,法狮龙,300846.SZ,首都在线,,,,,,,,,,,0
人工智能,EP000324,7,2026-03-04,2026-03-06,2026-03-04,1,3,3,3,5,1,600545.SH,卓郎智能,001396.SZ,誉帆科技,002877.SZ,智能自控,600545.SH,卓郎智能,Leader1,001396.SZ,誉帆科技,Leader2,002877.SZ,智能自控,Leader3,1,1
人工智能,EP000416,8,2026-04-08,2026-04-08,,0,1,1,0,6,1,600126.SH,杭钢股份,002042.SZ,华孚时尚,603138.SH,海量数据,,,,,,,,,,,0
人工智能,EP000555,9,2026-06-09,2026-06-09,,0,1,1,0,5,1,002583.SZ,海能达,301428.SZ,世纪恒通,688500.SH,慧辰股份,,,,,,,,,,,0
人工智能,EP000596,10,2026-06-23,2026-06-23,,0,1,1,0,3,1,605069.SH,正和生态,603106.SH,恒银科技,603916.SH,苏博特,,,,,,,,,,,0
人工智能,EP000665,11,2026-07-17,2026-07-22,2026-07-17,1,4,3,2,4,1,002432.SZ,九安医疗,300577.SZ,开润股份,300795.SZ,米奥会展,002432.SZ,九安医疗,Leader1,300577.SZ,开润股份,Leader2,300795.SZ,米奥会展,Leader3,1,1
人工智能,EP000746,12,2026-08-13,2026-08-13,,0,1,1,0,2,0,000887.SZ,中鼎股份,002575.SZ,群兴玩具,,,,,,,,,,,,,0
体育产业,EP000016,1,2025-11-04,2025-11-04,2025-11-04,1,1,1,1,2,0,002181.SZ,粤传媒,600593.SH,大连圣亚,,,002181.SZ,粤传媒,Leader1,600593.SH,大连圣亚,Leader2,,,,0,1
体育产业,EP000255,2,2026-01-29,2026-01-29,,0,1,1,0,6,1,002181.SZ,粤传媒,600684.SH,珠江股份,605080.SH,浙江自然,,,,,,,,,,,0
体育产业,EP000261,3,2026-02-02,2026-02-02,2026-02-02,1,1,1,1,3,1,002678.SZ,珠江钢琴,002780.SZ,三夫户外,001368.SZ,通达创智,002678.SZ,珠江钢琴,Leader1,002780.SZ,三夫户外,Leader2,001368.SZ,通达创智,Leader3,1,1
体育产业,EP000367,4,2026-03-24,2026-03-25,,0,2,2,0,2,0,605299.SH,舒华体育,002887.SZ,绿茵生态,,,,,,,,,,,,,0
体育产业,EP000391,5,2026-03-31,2026-03-31,,0,1,1,0,2,0,605299.SH,舒华体育,600158.SH,中体产业,,,,,,,,,,,,,0
体育产业,EP000408,6,2026-04-07,2026-04-07,2026-04-07,1,1,1,1,5,1,002181.SZ,粤传媒,600158.SH,中体产业,605099.SH,共创草坪,002181.SZ,粤传媒,Leader1,600158.SH,中体产业,Leader2,605099.SH,共创草坪,Leader3,1,1
体育产业,EP000474,7,2026-04-30,2026-04-30,2026-04-30,1,1,1,1,5,1,605299.SH,舒华体育,605099.SH,共创草坪,002181.SZ,粤传媒,605299.SH,舒华体育,Leader1,605099.SH,共创草坪,Leader2,002181.SZ,粤传媒,Leader3,1,1
体育产业,EP000498,8,2026-05-15,2026-05-15,2026-05-15,1,1,1,1,3,1,002181.SZ,粤传媒,605099.SH,共创草坪,002395.SZ,双象股份,002181.SZ,粤传媒,Leader1,605099.SH,共创草坪,Leader2,002395.SZ,双象股份,Leader3,1,1
储能,EP000002,1,2025-10-30,2025-10-30,2025-10-30,1,1,1,1,4,1,002150.SZ,通润装备,300438.SZ,鹏辉能源,300745.SZ,欣锐科技,002150.SZ,通润装备,Leader1,300438.SZ,鹏辉能源,Leader2,300745.SZ,欣锐科技,Leader3,1,1
储能,EP000020,2,2025-11-05,2025-11-05,2025-11-05,1,1,1,1,11,1,603759.SH,海天股份,301024.SZ,霍普股份,002638.SZ,勤上股份,603759.SH,海天股份,Leader1,301024.SZ,霍普股份,Leader2,002638.SZ,勤上股份,Leader3,1,1
储能,EP000054,3,2025-11-13,2025-11-14,2025-11-13,1,2,2,1,6,1,002227.SZ,奥特迅,001266.SZ,宏英智能,300827.SZ,上能电气,002227.SZ,奥特迅,Leader1,001266.SZ,宏英智能,Leader2,300827.SZ,上能电气,Leader3,1,1
储能,EP000322,4,2026-03-03,2026-03-03,2026-03-03,1,1,1,1,5,1,002350.SZ,北京科锐,002506.SZ,协鑫集成,603778.SH,国晟科技,002350.SZ,北京科锐,Leader1,002506.SZ,协鑫集成,Leader2,603778.SH,国晟科技,Leader3,1,1
储能,EP000331,5,2026-03-06,2026-03-06,,0,1,1,0,2,0,002506.SZ,协鑫集成,603778.SH,国晟科技,,,,,,,,,,,,,0
储能,EP000343,6,2026-03-11,2026-03-12,2026-03-11,1,2,2,2,7,1,603778.SH,国晟科技,002455.SZ,百川股份,002150.SZ,正泰电源,603778.SH,国晟科技,Leader1,002455.SZ,百川股份,Leader2,002150.SZ,正泰电源,Leader3,1,1
储能,EP000362,7,2026-03-20,2026-03-20,2026-03-20,1,1,1,1,9,1,002150.SZ,正泰电源,300827.SZ,上能电气,301658.SZ,首航新能,002150.SZ,正泰电源,Leader1,300827.SZ,上能电气,Leader2,301658.SZ,首航新能,Leader3,1,1
储能,EP000425,8,2026-04-09,2026-04-09,2026-04-09,1,1,1,1,3,1,002328.SZ,新朋股份,002150.SZ,正泰电源,002580.SZ,圣阳股份,002328.SZ,新朋股份,Leader1,002150.SZ,正泰电源,Leader2,002580.SZ,圣阳股份,Leader3,1,1
储能,EP000771,9,2026-08-24,2026-08-24,2026-08-24,1,1,1,1,5,1,002015.SZ,协鑫能科,605286.SH,同力天启,002580.SZ,圣阳股份,002015.SZ,协鑫能科,Leader1,605286.SH,同力天启,Leader2,002580.SZ,圣阳股份,Leader3,1,1
元器件,EP000299,1,2026-02-24,2026-03-02,,0,5,3,0,3,1,000636.SZ,风华高科,688260.SH,昀冢科技,603115.SH,海星股份,,,,,,,,,,,0
元器件,EP000508,2,2026-05-19,2026-05-19,2026-05-19,1,1,1,1,8,1,603115.SH,海星股份,603989.SH,艾华集团,688182.SH,灿勤科技,603115.SH,海星股份,Leader1,603989.SH,艾华集团,Leader2,688182.SH,灿勤科技,Leader3,1,1
元器件,EP000515,3,2026-05-22,2026-06-09,2026-05-22,1,13,11,9,14,1,603989.SH,艾华集团,603115.SH,海星股份,600563.SH,法拉电子,603989.SH,艾华集团,Leader1,603115.SH,海星股份,Leader2,600563.SH,法拉电子,Leader3,1,1
元器件,EP000573,4,2026-06-15,2026-06-15,2026-06-15,1,1,1,1,16,1,603678.SH,火炬电子,002585.SZ,双星新材,600237.SH,铜峰电子,603678.SH,火炬电子,Leader1,002585.SZ,双星新材,Leader2,600237.SH,铜峰电子,Leader3,1,1
元器件,EP000584,5,2026-06-18,2026-06-23,,0,3,3,0,4,1,603989.SH,艾华集团,605376.SH,博迁新材,002859.SZ,洁美科技,,,,,,,,,,,0
元器件,EP000606,6,2026-06-25,2026-06-25,2026-06-25,1,1,1,1,13,1,603989.SH,艾华集团,002068.SZ,黑猫股份,603678.SH,火炬电子,603989.SH,艾华集团,Leader1,002068.SZ,黑猫股份,Leader2,603678.SH,火炬电子,Leader3,1,1
元器件,EP000672,7,2026-07-21,2026-07-21,,0,1,1,0,5,1,002484.SZ,江海股份,603435.SH,嘉德利,002068.SZ,黑猫股份,,,,,,,,,,,0
元器件,EP000689,8,2026-07-27,2026-07-27,,0,1,1,0,7,1,002951.SZ,金时科技,000636.SZ,风华高科,603115.SH,海星股份,,,,,,,,,,,0
元器件,EP000701,9,2026-07-29,2026-08-04,,0,5,2,0,2,0,000636.SZ,风华高科,688260.SH,昀冢科技,,,,,,,,,,,,,0
元器件,EP000749,10,2026-08-14,2026-08-14,,0,1,1,0,3,1,002951.SZ,金时科技,603989.SH,艾华集团,603115.SH,海星股份,,,,,,,,,,,0
光伏,EP000009,1,2025-11-03,2025-11-03,,0,1,1,0,3,1,605598.SH,上海港湾,603778.SH,国晟科技,600475.SH,华光环能,,,,,,,,,,,0
光伏,EP000035,2,2025-11-07,2025-11-17,2025-11-10,1,7,7,3,4,1,002897.SZ,意华股份,600537.SH,亿晶光电,603185.SH,弘元绿能,603185.SH,弘元绿能,Leader1,603778.SH,国晟科技,Leader2,603396.SH,金辰股份,Leader3,1,0
光伏,EP000140,3,2025-12-15,2025-12-15,2025-12-15,1,1,1,1,4,1,601778.SH,晶科科技,300118.SZ,东方日升,002676.SZ,顺威股份,601778.SH,晶科科技,Leader1,300118.SZ,东方日升,Leader2,002676.SZ,顺威股份,Leader3,1,1
光伏,EP000151,4,2025-12-18,2025-12-18,,0,1,1,0,3,1,002865.SZ,钧达股份,603022.SH,新通联,002319.SZ,乐通股份,,,,,,,,,,,0
光伏,EP000192,5,2026-01-06,2026-01-13,2026-01-13,1,6,3,1,3,1,601886.SH,江河集团,002865.SZ,钧达股份,601615.SH,明阳智能,002865.SZ,钧达股份,Leader1,300842.SZ,帝科股份,Leader2,,,,0,0
光伏,EP000240,6,2026-01-23,2026-01-27,2026-01-23,1,3,3,3,34,1,002943.SZ,宇晶股份,002865.SZ,钧达股份,603773.SH,沃格光电,002943.SZ,宇晶股份,Leader1,002865.SZ,钧达股份,Leader2,603773.SH,沃格光电,Leader3,1,1
光伏,EP000264,7,2026-02-03,2026-02-10,2026-02-03,1,6,5,4,12,1,002943.SZ,宇晶股份,688516.SH,奥特维,603806.SH,福斯特,002943.SZ,宇晶股份,Leader1,688516.SH,奥特维,Leader2,603806.SH,福斯特,Leader3,1,1
光伏,EP000314,8,2026-02-27,2026-02-27,2026-02-27,1,1,1,1,5,1,002865.SZ,钧达股份,603381.SH,永臻股份,002015.SZ,协鑫能科,002865.SZ,钧达股份,Leader1,603381.SH,永臻股份,Leader2,002015.SZ,协鑫能科,Leader3,1,1
光伏,EP000354,9,2026-03-17,2026-03-18,2026-03-17,1,2,2,1,3,1,002323.SZ,雅博股份,603778.SH,国晟科技,002506.SZ,协鑫集成,002323.SZ,雅博股份,Leader1,603778.SH,国晟科技,Leader2,002506.SZ,协鑫集成,Leader3,1,1
光伏,EP000365,10,2026-03-23,2026-03-24,2026-03-23,1,2,2,2,3,1,002309.SZ,中利集团,300345.SZ,华民股份,002218.SZ,拓日新能,002309.SZ,中利集团,Leader1,300345.SZ,华民股份,Leader2,002218.SZ,拓日新能,Leader3,1,1
光伏,EP000384,11,2026-03-30,2026-03-31,,0,2,2,0,4,1,002309.SZ,中利集团,603778.SH,国晟科技,002634.SZ,棒杰股份,,,,,,,,,,,0
光伏,EP000409,12,2026-04-07,2026-04-07,,0,1,1,0,2,0,603778.SH,国晟科技,603255.SH,鼎际得,,,,,,,,,,,,,0
光伏,EP000480,13,2026-05-07,2026-05-11,,0,3,2,0,3,1,600207.SH,安彩高科,605598.SH,上海港湾,002350.SZ,北京科锐,,,,,,,,,,,0
光伏,EP000495,14,2026-05-14,2026-05-14,2026-05-14,1,1,1,1,5,1,002309.SZ,中利集团,002506.SZ,协鑫集成,600481.SH,双良节能,002309.SZ,中利集团,Leader1,002506.SZ,协鑫集成,Leader2,600481.SH,双良节能,Leader3,1,1
光伏,EP000623,15,2026-07-01,2026-07-01,,0,1,1,0,2,0,603212.SH,赛伍技术,300345.SZ,华民股份,,,,,,,,,,,,,0
光伏,EP000714,16,2026-08-03,2026-08-03,,0,1,1,0,3,1,603778.SH,国晟科技,601865.SH,福莱特,600438.SH,通威股份,,,,,,,,,,,0
军工,EP000066,1,2025-11-17,2025-11-17,,0,1,1,0,3,1,601606.SH,长城军工,300589.SZ,江龙船艇,300427.SZ,红相股份,,,,,,,,,,,0
军工,EP000075,2,2025-11-19,2025-11-20,2025-11-19,1,2,2,2,5,1,000547.SZ,航天发展,300589.SZ,江龙船艇,300123.SZ,亚光科技,000547.SZ,航天发展,Leader1,300589.SZ,江龙船艇,Leader2,300123.SZ,亚光科技,Leader3,1,1
军工,EP000084,3,2025-11-24,2025-11-24,2025-11-24,1,1,1,1,6,1,000547.SZ,航天发展,300589.SZ,江龙船艇,600685.SH,中船防务,000547.SZ,航天发展,Leader1,300589.SZ,江龙船艇,Leader2,600685.SH,中船防务,Leader3,1,1
军工,EP000295,4,2026-02-13,2026-02-13,,0,1,1,0,3,1,601890.SH,亚星锚链,300719.SZ,安达维尔,600893.SH,航发动力,,,,,,,,,,,0
军工,EP000316,5,2026-03-02,2026-03-02,,0,1,1,0,8,1,301302.SZ,华如科技,603488.SH,展鹏科技,002413.SZ,雷科防务,,,,,,,,,,,0
军工,EP000682,6,2026-07-23,2026-07-24,2026-07-24,1,2,2,1,3,1,601606.SH,长城军工,603488.SH,展鹏科技,301357.SZ,北方长龙,601606.SH,长城军工,Leader1,300414.SZ,中光防雷,Leader2,002265.SZ,建设工业,Leader3,1,0
军工,EP000729,7,2026-08-10,2026-08-10,,0,1,1,0,3,1,601606.SH,长城军工,600316.SH,洪都航空,301357.SZ,北方长龙,,,,,,,,,,,0
农业,EP000067,1,2025-11-17,2025-11-19,2025-11-19,1,3,2,1,2,0,000798.SZ,中水渔业,600097.SH,开创国际,,,000798.SZ,中水渔业,Leader1,600097.SH,开创国际,Leader2,002086.SZ,东方海洋,Leader3,1,0
农业,EP000152,2,2025-12-18,2025-12-19,2025-12-19,1,2,2,1,2,0,603585.SH,苏利股份,002772.SZ,众兴菌业,,,603585.SH,苏利股份,Leader1,600108.SH,亚盛集团,Leader2,600076.SH,康欣新材,Leader3,1,0
农业,EP000250,3,2026-01-28,2026-01-28,,0,1,1,0,2,0,003042.SZ,中农联合,600313.SH,农发种业,,,,,,,,,,,,,0
农业,EP000258,4,2026-01-30,2026-01-30,2026-01-30,1,1,1,1,5,1,600313.SH,农发种业,600354.SH,敦煌种业,002041.SZ,登海种业,600313.SH,农发种业,Leader1,600354.SH,敦煌种业,Leader2,002041.SZ,登海种业,Leader3,1,1
农业,EP000296,5,2026-02-13,2026-02-13,2026-02-13,1,1,1,1,2,0,605033.SH,美邦股份,000798.SZ,中水渔业,,,605033.SH,美邦股份,Leader1,000798.SZ,中水渔业,Leader2,,,,0,1
农业,EP000325,6,2026-03-04,2026-03-04,,0,1,1,0,2,0,600108.SH,亚盛集团,600313.SH,农发种业,,,,,,,,,,,,,0
农业,EP000332,7,2026-03-06,2026-03-06,,0,1,1,0,2,0,600108.SH,亚盛集团,600354.SH,敦煌种业,,,,,,,,,,,,,0
农业,EP000344,8,2026-03-11,2026-03-11,,0,1,1,0,2,0,600108.SH,亚盛集团,600299.SH,安迪苏,,,,,,,,,,,,,0
农业,EP000347,9,2026-03-13,2026-03-13,,0,1,1,0,3,1,001366.SZ,播恩集团,603029.SH,天鹅股份,600226.SH,亨通股份,,,,,,,,,,,0
农业,EP000385,10,2026-03-30,2026-03-30,2026-03-30,1,1,1,1,6,1,003042.SZ,中农联合,600127.SH,金健米业,000048.SZ,京基智农,003042.SZ,中农联合,Leader1,600127.SH,金健米业,Leader2,000048.SZ,京基智农,Leader3,1,1
农业,EP000410,11,2026-04-07,2026-04-07,,0,1,1,0,6,1,600195.SH,中牧股份,002840.SZ,华统股份,003042.SZ,中农联合,,,,,,,,,,,0
农业,EP000434,12,2026-04-14,2026-04-14,,0,1,1,0,2,0,002124.SZ,天邦食品,002157.SZ,正邦科技,,,,,,,,,,,,,0
农业,EP000535,13,2026-06-01,2026-06-01,,0,1,1,0,3,1,000048.SZ,京基智农,000626.SZ,远大控股,600540.SH,新赛股份,,,,,,,,,,,0
农业,EP000624,14,2026-07-01,2026-07-02,,0,2,2,0,8,1,002548.SZ,金新农,002124.SZ,天邦食品,600975.SH,新五丰,,,,,,,,,,,0
农业,EP000730,15,2026-08-10,2026-08-10,,0,1,1,0,4,1,002458.SZ,益生股份,605033.SH,美邦股份,002696.SZ,百洋股份,,,,,,,,,,,0
农业,EP000751,16,2026-08-17,2026-08-19,2026-08-17,1,3,3,3,8,1,600127.SH,金健米业,600313.SH,农发种业,000505.SZ,京粮控股,600127.SH,金健米业,Leader1,600313.SH,农发种业,Leader2,000505.SZ,京粮控股,Leader3,1,1
农业,EP000775,17,2026-08-25,2026-08-31,2026-08-25,1,5,5,4,7,1,002041.SZ,登海种业,600127.SH,金健米业,600371.SH,万向德农,002041.SZ,登海种业,Leader1,600127.SH,金健米业,Leader2,600371.SH,万向德农,Leader3,1,1
包装印刷,EP000055,1,2025-11-13,2025-11-13,,0,1,1,0,2,0,003018.SZ,金富科技,002228.SZ,合兴包装,,,,,,,,,,,,,0
包装印刷,EP000597,2,2026-06-23,2026-06-23,,0,1,1,0,3,1,002374.SZ,中锐股份,002014.SZ,永新股份,001279.SZ,强邦新材,,,,,,,,,,,0
化工,EP000010,1,2025-11-03,2025-11-04,2025-11-03,1,2,2,2,7,1,603823.SH,百合花,300848.SZ,美瑞新材,600308.SH,华泰股份,603823.SH,百合花,Leader1,300848.SZ,美瑞新材,Leader2,600308.SH,华泰股份,Leader3,1,1
化工,EP000026,2,2025-11-06,2025-11-13,2025-11-06,1,6,4,3,10,1,603067.SH,振华股份,603188.SH,亚邦股份,600370.SH,三房巷,603067.SH,振华股份,Leader1,603188.SH,亚邦股份,Leader2,600370.SH,三房巷,Leader3,1,1
化工,EP000076,3,2025-11-19,2025-11-19,2025-11-19,1,1,1,1,5,1,605399.SH,晨光新材,600618.SH,氯碱化工,002513.SZ,蓝丰生化,605399.SH,晨光新材,Leader1,600618.SH,氯碱化工,Leader2,002513.SZ,蓝丰生化,Leader3,1,1
化工,EP000096,4,2025-11-27,2025-11-27,,0,1,1,0,6,1,603010.SH,万盛股份,605366.SH,宏柏新材,605399.SH,晨光新材,,,,,,,,,,,0
化工,EP000111,5,2025-12-02,2025-12-02,,0,1,1,0,3,1,603113.SH,金能科技,000703.SZ,恒逸石化,002361.SZ,神剑股份,,,,,,,,,,,0
化工,EP000119,6,2025-12-05,2025-12-08,2025-12-05,1,2,2,2,5,1,002585.SZ,双星新材,600800.SH,渤海化学,600227.SH,赤天化,002585.SZ,双星新材,Leader1,600800.SH,渤海化学,Leader2,600227.SH,赤天化,Leader3,1,1
化工,EP000163,7,2025-12-23,2025-12-30,2025-12-23,1,6,6,4,4,1,603698.SH,航天工程,002810.SZ,山东赫达,002201.SZ,九鼎新材,603698.SH,航天工程,Leader1,002810.SZ,山东赫达,Leader2,002201.SZ,九鼎新材,Leader3,1,1
化工,EP000186,8,2026-01-05,2026-01-06,2026-01-06,1,2,2,1,3,1,603067.SH,振华股份,001333.SZ,光华股份,002254.SZ,泰和新材,600370.SH,三房巷,Leader1,600618.SH,氯碱化工,Leader2,600691.SH,潞化科技,Leader3,1,0
化工,EP000228,9,2026-01-19,2026-01-26,2026-01-19,1,6,5,2,5,1,002585.SZ,双星新材,600800.SH,渤海化学,000949.SZ,新乡化纤,002585.SZ,双星新材,Leader1,600800.SH,渤海化学,Leader2,000949.SZ,新乡化纤,Leader3,1,1
化工,EP000251,10,2026-01-28,2026-02-12,2026-01-28,1,12,10,9,9,1,002455.SZ,百川股份,002440.SZ,闰土股份,600352.SH,浙江龙盛,002455.SZ,百川股份,Leader1,002440.SZ,闰土股份,Leader2,600352.SH,浙江龙盛,Leader3,1,1
化工,EP000300,11,2026-02-24,2026-03-18,2026-02-24,1,17,14,12,26,1,605006.SH,山东玻纤,603256.SH,宏和科技,002470.SZ,金正大,605006.SH,山东玻纤,Leader1,603256.SH,宏和科技,Leader2,002470.SZ,金正大,Leader3,1,1
化工,EP000368,12,2026-03-24,2026-03-30,2026-03-26,1,5,5,2,3,1,000035.SZ,中国天楹,600527.SH,江南高纤,605366.SH,宏柏新材,600800.SH,渤海化学,Leader1,600844.SH,金煤科技,Leader2,002109.SZ,兴化股份,Leader3,1,0
化工,EP000398,13,2026-04-01,2026-04-01,,0,1,1,0,4,1,605006.SH,山东玻纤,600545.SH,卓郎智能,002408.SZ,齐翔腾达,,,,,,,,,,,0
化工,EP000411,14,2026-04-07,2026-04-07,2026-04-07,1,1,1,1,32,1,002408.SZ,齐翔腾达,300821.SZ,东岳硅材,600527.SH,江南高纤,002408.SZ,齐翔腾达,Leader1,300821.SZ,东岳硅材,Leader2,600527.SH,江南高纤,Leader3,1,1
化工,EP000441,15,2026-04-16,2026-04-22,2026-04-16,1,5,4,2,5,1,300905.SZ,宝丽迪,000782.SZ,恒申新材,603826.SH,坤彩科技,300905.SZ,宝丽迪,Leader1,000782.SZ,恒申新材,Leader2,603826.SH,坤彩科技,Leader3,1,1
化工,EP000469,16,2026-04-29,2026-04-30,,0,2,2,0,3,1,605006.SH,山东玻纤,600714.SH,金瑞矿业,002136.SZ,安纳达,,,,,,,,,,,0
化工,EP000481,17,2026-05-07,2026-05-28,2026-05-15,1,16,11,1,3,1,605006.SH,山东玻纤,603067.SH,振华股份,600610.SH,中毅达,002915.SZ,中欣氟材,Leader1,601678.SH,滨化股份,Leader2,603505.SH,金石资源,Leader3,1,0
化工,EP000536,18,2026-06-01,2026-07-06,2026-06-10,1,25,19,9,8,1,002637.SZ,赞宇科技,600160.SH,巨化股份,600727.SH,鲁北化工,605006.SH,山东玻纤,Leader1,603276.SH,XD恒兴新,Leader2,002165.SZ,红宝丽,Leader3,1,0
化工,EP000666,19,2026-07-17,2026-07-20,,0,2,2,0,3,1,600227.SH,赤天化,600722.SH,金牛化工,603120.SH,肯特催化,,,,,,,,,,,0
化工,EP000677,20,2026-07-22,2026-07-23,2026-07-23,1,2,2,1,4,1,600722.SH,金牛化工,300779.SZ,惠城环保,002545.SZ,东方铁塔,600722.SH,金牛化工,Leader1,601678.SH,滨化股份,Leader2,002165.SZ,红宝丽,Leader3,1,0
化工,EP000702,21,2026-07-29,2026-07-29,,0,1,1,0,5,1,600722.SH,金牛化工,600227.SH,赤天化,002440.SZ,闰土股份,,,,,,,,,,,0
化工,EP000720,22,2026-08-05,2026-08-06,,0,2,2,0,3,1,603826.SH,坤彩科技,603004.SH,鼎龙科技,600078.SH,澄星股份,,,,,,,,,,,0
化工,EP000731,23,2026-08-10,2026-08-10,,0,1,1,0,5,1,603382.SH,海阳科技,600227.SH,赤天化,600722.SH,金牛化工,,,,,,,,,,,0
化工,EP000752,24,2026-08-17,2026-08-17,,0,1,1,0,4,1,002469.SZ,三维化学,002165.SZ,红宝丽,002476.SZ,新叶股份,,,,,,,,,,,0
化工,EP000768,25,2026-08-21,2026-08-25,,0,3,2,0,3,1,603333.SH,福华尚纬,002886.SZ,沃特股份,301591.SZ,肯特股份,,,,,,,,,,,0
化工,EP000788,26,2026-08-28,2026-08-31,2026-08-28,1,2,2,1,8,1,002886.SZ,沃特股份,600378.SH,昊华科技,600714.SH,金瑞矿业,002886.SZ,沃特股份,Leader1,600378.SH,昊华科技,Leader2,600714.SH,金瑞矿业,Leader3,1,1
医疗器械,EP000348,1,2026-03-13,2026-03-13,,0,1,1,0,3,1,002382.SZ,蓝帆医疗,002950.SZ,奥美医疗,300981.SZ,中红医疗,,,,,,,,,,,0
医疗器械,EP000399,2,2026-04-01,2026-04-01,2026-04-01,1,1,1,1,2,0,002432.SZ,九安医疗,301188.SZ,力诺药包,,,002432.SZ,九安医疗,Leader1,301188.SZ,力诺药包,Leader2,,,,0,1
医疗器械,EP000562,3,2026-06-11,2026-06-11,,0,1,1,0,3,1,301580.SZ,爱迪特,603014.SH,威高血净,300289.SZ,利德曼,,,,,,,,,,,0
医药,EP000007,1,2025-10-31,2025-11-03,2025-10-31,1,2,2,2,8,1,603122.SH,合富中国,600513.SH,联环药业,688336.SH,三生国健,603122.SH,合富中国,Leader1,600513.SH,联环药业,Leader2,688336.SH,三生国健,Leader3,1,1
医药,EP000021,2,2025-11-05,2025-11-05,,0,1,1,0,2,0,603122.SH,合富中国,603079.SH,圣达生物,,,,,,,,,,,,,0
医药,EP000039,3,2025-11-10,2025-11-17,2025-11-11,1,6,6,4,4,1,002940.SZ,昂利康,600829.SH,人民同泰,000788.SZ,北大医药,603122.SH,合富中国,Leader1,600829.SH,人民同泰,Leader2,688670.SH,金迪克,Leader3,1,0
医药,EP000085,4,2025-11-24,2025-11-24,,0,1,1,0,4,1,002900.SZ,哈三联,000952.SZ,广济药业,600645.SH,中源协和,,,,,,,,,,,0
医药,EP000092,5,2025-11-26,2025-11-26,2025-11-26,1,1,1,1,13,1,000952.SZ,广济药业,000788.SZ,北大医药,688670.SH,金迪克,000952.SZ,广济药业,Leader1,000788.SZ,北大医药,Leader2,688670.SH,金迪克,Leader3,1,1
医药,EP000102,6,2025-11-28,2025-11-28,2025-11-28,1,1,1,1,3,1,000078.SZ,海王生物,600227.SH,赤天化,600721.SH,百花医药,000078.SZ,海王生物,Leader1,600227.SH,赤天化,Leader2,600721.SH,百花医药,Leader3,1,1
医药,EP000112,7,2025-12-02,2025-12-05,2025-12-03,1,4,4,2,3,1,000078.SZ,海王生物,600829.SH,人民同泰,600272.SH,开开实业,000078.SZ,海王生物,Leader1,002589.SZ,瑞康医药,Leader2,002566.SZ,益盛药业,Leader3,1,0
医药,EP000153,8,2025-12-18,2025-12-19,2025-12-18,1,2,2,1,5,1,002788.SZ,鹭燕医药,000950.SZ,重药控股,000411.SZ,英特集团,002788.SZ,鹭燕医药,Leader1,000950.SZ,重药控股,Leader2,000411.SZ,英特集团,Leader3,1,1
医药,EP000187,9,2026-01-05,2026-01-13,2026-01-05,1,7,6,3,6,1,000952.SZ,广济药业,601089.SH,福元医药,603127.SH,昭衍新药,000952.SZ,广济药业,Leader1,601089.SH,福元医药,Leader2,603127.SH,昭衍新药,Leader3,1,1
医药,EP000242,10,2026-01-26,2026-01-26,,0,1,1,0,3,1,002728.SZ,特一药业,300871.SZ,回盛生物,000078.SZ,海王生物,,,,,,,,,,,0
医药,EP000278,11,2026-02-06,2026-02-06,,0,1,1,0,4,1,002728.SZ,特一药业,002412.SZ,汉森制药,002772.SZ,众兴菌业,,,,,,,,,,,0
医药,EP000333,12,2026-03-06,2026-03-06,,0,1,1,0,2,0,688176.SH,亚虹医药,600645.SH,中源协和,,,,,,,,,,,,,0
医药,EP000369,13,2026-03-24,2026-04-09,2026-03-26,1,12,12,8,2,0,603538.SH,美诺华,002082.SZ,万邦德,,,603538.SH,美诺华,Leader1,002082.SZ,万邦德,Leader2,001367.SZ,海森药业,Leader3,1,0
医药,EP000435,14,2026-04-14,2026-04-15,2026-04-15,1,2,2,1,3,1,002107.SZ,沃华医药,603139.SH,康惠股份,600664.SH,哈药股份,600664.SH,哈药股份,Leader1,002589.SZ,瑞康医药,Leader2,600267.SH,海正药业,Leader3,1,0
医药,EP000466,15,2026-04-28,2026-04-28,2026-04-28,1,1,1,1,5,1,002923.SZ,润都股份,603259.SH,药明康德,002412.SZ,汉森制药,002923.SZ,润都股份,Leader1,603259.SH,药明康德,Leader2,002412.SZ,汉森制药,Leader3,1,1
医药,EP000484,16,2026-05-08,2026-05-08,,0,1,1,0,2,0,002317.SZ,众生药业,000710.SZ,贝瑞基因,,,,,,,,,,,,,0
医药,EP000489,17,2026-05-12,2026-05-12,,0,1,1,0,2,0,600488.SH,津药药业,000950.SZ,重药控股,,,,,,,,,,,,,0
医药,EP000511,18,2026-05-21,2026-05-25,2026-05-21,1,3,3,1,3,1,002940.SZ,昂利康,603127.SH,昭衍新药,603590.SH,康辰药业,002940.SZ,昂利康,Leader1,603127.SH,昭衍新药,Leader2,603590.SH,康辰药业,Leader3,1,1
医药,EP000585,19,2026-06-18,2026-06-24,2026-06-23,1,4,4,2,4,1,600851.SH,海欣股份,002317.SZ,众生药业,603127.SH,昭衍新药,600851.SH,海欣股份,Leader1,000756.SZ,新华制药,Leader2,000566.SZ,海南海药,Leader3,1,0
医药,EP000613,20,2026-06-29,2026-07-03,2026-06-29,1,5,5,3,25,1,002821.SZ,凯莱英,600222.SH,太龙药业,603222.SH,济民健康,002821.SZ,凯莱英,Leader1,600222.SH,太龙药业,Leader2,603222.SH,济民健康,Leader3,1,1
医药,EP000647,21,2026-07-10,2026-07-17,2026-07-10,1,6,6,6,9,1,003020.SZ,立方制药,002038.SZ,双鹭药业,603538.SH,美诺华,003020.SZ,立方制药,Leader1,002038.SZ,双鹭药业,Leader2,603538.SH,美诺华,Leader3,1,1
医药,EP000678,22,2026-07-22,2026-07-23,2026-07-22,1,2,2,2,5,1,002900.SZ,哈三联,002793.SZ,罗欣药业,600594.SH,益佰制药,002900.SZ,哈三联,Leader1,002793.SZ,罗欣药业,Leader2,600594.SH,益佰制药,Leader3,1,1
医药,EP000690,23,2026-07-27,2026-07-27,2026-07-27,1,1,1,1,8,1,002900.SZ,哈三联,600594.SH,益佰制药,603567.SH,珍宝岛,002900.SZ,哈三联,Leader1,600594.SH,益佰制药,Leader2,603567.SH,珍宝岛,Leader3,1,1
医药,EP000707,24,2026-07-30,2026-07-30,,0,1,1,0,2,0,000566.SZ,海南海药,600513.SH,联环药业,,,,,,,,,,,,,0
医药,EP000716,25,2026-08-04,2026-08-28,2026-08-04,1,19,18,17,10,1,603222.SH,济民健康,600721.SH,百花医药,002900.SZ,哈三联,603222.SH,济民健康,Leader1,600721.SH,百花医药,Leader2,002900.SZ,哈三联,Leader3,1,1
发电机,EP000308,1,2026-02-26,2026-02-26,2026-02-26,1,1,1,1,3,1,002283.SZ,天润工业,603950.SH,长源东谷,600841.SH,动力新科,002283.SZ,天润工业,Leader1,603950.SH,长源东谷,Leader2,600841.SH,动力新科,Leader3,1,1
发电机,EP000334,2,2026-03-06,2026-03-06,,0,1,1,0,4,1,600590.SH,泰豪科技,002448.SZ,中原内配,301032.SZ,新柴股份,,,,,,,,,,,0
发电机,EP000491,3,2026-05-13,2026-05-13,,0,1,1,0,4,1,002283.SZ,天润工业,000880.SZ,潍柴重机,600482.SH,中国动力,,,,,,,,,,,0
可控核聚变,EP000176,1,2025-12-26,2025-12-26,,0,1,1,0,2,0,000777.SZ,中核科技,600105.SH,永鼎股份,,,,,,,,,,,,,0
可控核聚变,EP000614,2,2026-06-29,2026-06-29,2026-06-29,1,1,1,1,8,1,600468.SH,百利电气,600363.SH,联创光电,002255.SZ,海陆重工,600468.SH,百利电气,Leader1,600363.SH,联创光电,Leader2,002255.SZ,海陆重工,Leader3,1,1
商业航天,EP000036,1,2025-11-07,2025-11-07,2025-11-07,1,1,1,1,4,1,603131.SH,上海沪工,600678.SH,四川金顶,300102.SZ,乾照光电,603131.SH,上海沪工,Leader1,600678.SH,四川金顶,Leader2,300102.SZ,乾照光电,Leader3,1,1
商业航天,EP000050,2,2025-11-12,2025-11-12,,0,1,1,0,2,0,603131.SH,上海沪工,605598.SH,上海港湾,,,,,,,,,,,,,0
商业航天,EP000086,3,2025-11-24,2025-12-22,2025-11-24,1,21,20,18,9,1,600343.SH,航天动力,301136.SZ,招标股份,688523.SH,航天环宇,600343.SH,航天动力,Leader1,301136.SZ,招标股份,Leader2,688523.SH,航天环宇,Leader3,1,1
商业航天,EP000166,4,2025-12-24,2026-01-29,2025-12-24,1,25,22,17,25,1,002361.SZ,神剑股份,002046.SZ,国机精工,600330.SH,天通股份,002361.SZ,神剑股份,Leader1,002046.SZ,国机精工,Leader2,600330.SH,天通股份,Leader3,1,1
商业航天,EP000266,5,2026-02-03,2026-02-10,2026-02-03,1,6,6,2,16,1,002471.SZ,中超控股,600481.SH,双良节能,002792.SZ,通宇通讯,002471.SZ,中超控股,Leader1,600481.SH,双良节能,Leader2,002792.SZ,通宇通讯,Leader3,1,1
商业航天,EP000379,6,2026-03-26,2026-03-31,2026-03-30,1,4,3,2,4,1,603601.SH,再升科技,002361.SZ,神剑股份,002149.SZ,西部材料,002361.SZ,神剑股份,Leader1,603601.SH,再升科技,Leader2,001400.SZ,江顺科技,Leader3,1,0
商业航天,EP000417,7,2026-04-08,2026-04-08,,0,1,1,0,5,1,002361.SZ,神剑股份,603211.SH,晋拓股份,301232.SZ,飞沃科技,,,,,,,,,,,0
商业航天,EP000437,8,2026-04-15,2026-04-15,2026-04-15,1,1,1,1,4,1,002297.SZ,博云新材,001208.SZ,华菱线缆,002361.SZ,神剑股份,002297.SZ,博云新材,Leader1,001208.SZ,华菱线缆,Leader2,002361.SZ,神剑股份,Leader3,1,1
商业航天,EP000453,9,2026-04-20,2026-04-24,2026-04-20,1,5,5,5,15,1,002297.SZ,博云新材,605222.SH,起帆电缆,002081.SZ,金螳螂,002297.SZ,博云新材,Leader1,605222.SH,起帆电缆,Leader2,002081.SZ,金螳螂,Leader3,1,1
商业航天,EP000470,10,2026-04-29,2026-05-08,2026-05-08,1,5,5,1,3,1,603017.SH,中衡设计,000901.SZ,航天科技,000039.SZ,中集集团,600783.SH,鲁信创投,Leader1,600855.SH,航天长峰,Leader2,600992.SH,贵绳股份,Leader3,1,0
商业航天,EP000501,11,2026-05-18,2026-05-18,,0,1,1,0,7,1,605123.SH,派克新材,603601.SH,再升科技,600992.SH,贵绳股份,,,,,,,,,,,0
商业航天,EP000545,12,2026-06-05,2026-06-08,,0,2,2,0,5,1,002361.SZ,神剑股份,001400.SZ,江顺科技,003009.SZ,中天火箭,,,,,,,,,,,0
商业航天,EP000565,13,2026-06-12,2026-06-12,2026-06-12,1,1,1,1,7,1,000768.SZ,中航西飞,000547.SZ,航天发展,002935.SZ,天奥电子,000768.SZ,中航西飞,Leader1,000547.SZ,航天发展,Leader2,002935.SZ,天奥电子,Leader3,1,1
商业航天,EP000610,14,2026-06-26,2026-07-01,2026-06-26,1,4,3,1,6,1,603977.SH,国泰集团,001270.SZ,铖昌科技,001400.SZ,江顺科技,603977.SH,国泰集团,Leader1,001270.SZ,铖昌科技,Leader2,001400.SZ,江顺科技,Leader3,1,1
商业航天,EP000635,15,2026-07-03,2026-07-03,,0,1,1,0,7,1,001270.SZ,铖昌科技,300129.SZ,泰胜风能,001400.SZ,江顺科技,,,,,,,,,,,0
商业航天,EP000648,16,2026-07-10,2026-07-13,2026-07-10,1,2,2,2,43,1,600992.SH,贵绳股份,001208.SZ,华菱线缆,002342.SZ,巨力索具,600992.SH,贵绳股份,Leader1,001208.SZ,华菱线缆,Leader2,002342.SZ,巨力索具,Leader3,1,1
商业航天,EP000683,17,2026-07-23,2026-07-23,,0,1,1,0,3,1,600990.SH,四创电子,600343.SH,航天动力,603680.SH,今创集团,,,,,,,,,,,0
商业航天,EP000717,18,2026-08-04,2026-08-04,,0,1,1,0,2,0,002792.SZ,通宇通讯,002361.SZ,神剑股份,,,,,,,,,,,,,0
商业航天,EP000761,19,2026-08-19,2026-08-19,2026-08-19,1,1,1,1,3,1,600783.SH,鲁信创投,001400.SZ,江顺科技,300069.SZ,金利华电,600783.SH,鲁信创投,Leader1,001400.SZ,江顺科技,Leader2,300069.SZ,金利华电,Leader3,1,1
国有企业,EP000207,1,2026-01-08,2026-01-08,,0,1,1,0,2,0,600135.SH,乐凯胶片,600629.SH,华建集团,,,,,,,,,,,,,0
国有企业,EP000427,2,2026-04-10,2026-04-10,,0,1,1,0,2,0,600743.SH,华远控股,000402.SZ,金融街,,,,,,,,,,,,,0
国有企业,EP000438,3,2026-04-15,2026-04-15,2026-04-15,1,1,1,1,3,1,603698.SH,航天工程,000026.SZ,飞亚达,600135.SH,乐凯胶片,603698.SH,航天工程,Leader1,000026.SZ,飞亚达,Leader2,600135.SH,乐凯胶片,Leader3,1,1
地产链,EP000045,1,2025-11-11,2025-11-11,2025-11-11,1,1,1,1,4,1,000632.SZ,三木集团,000069.SZ,华侨城Ａ,600094.SH,大名城,000632.SZ,三木集团,Leader1,000069.SZ,华侨城Ａ,Leader2,600094.SH,大名城,Leader3,1,1
地产链,EP000060,2,2025-11-14,2025-11-17,,0,2,2,0,2,0,600340.SH,华夏幸福,002146.SZ,荣盛发展,,,,,,,,,,,,,0
地产链,EP000079,3,2025-11-20,2025-11-25,2025-11-20,1,4,4,3,2,0,603216.SH,梦天家居,000838.SZ,财信发展,,,603216.SH,梦天家居,Leader1,000838.SZ,财信发展,Leader2,,,,0,1
地产链,EP000097,4,2025-11-27,2025-12-05,2025-12-02,1,7,4,1,3,1,002856.SZ,美芝股份,600657.SH,信达地产,301043.SZ,绿岛风,603216.SH,梦天家居,Leader1,002285.SZ,世联行,Leader2,600724.SH,宁波富达,Leader3,1,0
地产链,EP000130,5,2025-12-10,2025-12-11,2025-12-10,1,2,2,2,8,1,603709.SH,中源家居,002133.SZ,广宇集团,002285.SZ,世联行,603709.SH,中源家居,Leader1,002133.SZ,广宇集团,Leader2,002285.SZ,世联行,Leader3,1,1
地产链,EP000154,6,2025-12-18,2025-12-19,2025-12-19,1,2,2,1,4,1,002188.SZ,中天服务,603221.SH,爱丽家居,000797.SZ,中国武夷,002188.SZ,中天服务,Leader1,605318.SH,法狮龙,Leader2,600234.SH,科新发展,Leader3,1,0
地产链,EP000193,7,2026-01-06,2026-01-06,,0,1,1,0,2,0,002774.SZ,快意电梯,600620.SH,天宸股份,,,,,,,,,,,,,0
地产链,EP000208,8,2026-01-08,2026-01-08,,0,1,1,0,2,0,002774.SZ,快意电梯,603488.SH,展鹏科技,,,,,,,,,,,,,0
地产链,EP000225,9,2026-01-16,2026-01-20,2026-01-16,1,3,2,2,3,1,002830.SZ,名雕股份,600234.SH,科新发展,603038.SH,华立股份,002830.SZ,名雕股份,Leader1,600234.SH,科新发展,Leader2,603038.SH,华立股份,Leader3,1,1
地产链,EP000256,10,2026-01-29,2026-01-29,,0,1,1,0,7,1,000031.SZ,大悦城,000863.SZ,三湘印象,000029.SZ,深深房Ａ,,,,,,,,,,,0
地产链,EP000269,11,2026-02-04,2026-02-04,2026-02-04,1,1,1,1,7,1,002830.SZ,名雕股份,600683.SH,京投发展,000838.SZ,财信发展,002830.SZ,名雕股份,Leader1,600683.SH,京投发展,Leader2,000838.SZ,财信发展,Leader3,1,1
地产链,EP000338,12,2026-03-10,2026-03-10,,0,1,1,0,2,0,605268.SH,王力安防,605318.SH,法狮龙,,,,,,,,,,,,,0
地产链,EP000355,13,2026-03-17,2026-03-17,2026-03-17,1,1,1,1,5,1,600683.SH,京投发展,000020.SZ,深华发Ａ,000042.SZ,中洲控股,600683.SH,京投发展,Leader1,000020.SZ,深华发Ａ,Leader2,000042.SZ,中洲控股,Leader3,1,1
地产链,EP000363,14,2026-03-20,2026-03-20,2026-03-20,1,1,1,1,3,1,000020.SZ,深华发Ａ,600683.SH,京投发展,600604.SH,市北高新,000020.SZ,深华发Ａ,Leader1,600683.SH,京投发展,Leader2,600604.SH,市北高新,Leader3,1,1
地产链,EP000370,15,2026-03-24,2026-03-24,,0,1,1,0,3,1,600539.SH,狮头股份,600234.SH,科新发展,600510.SH,黑牡丹,,,,,,,,,,,0
地产链,EP000382,16,2026-03-27,2026-03-27,,0,1,1,0,2,0,600539.SH,狮头股份,600748.SH,上实发展,,,,,,,,,,,,,0
地产链,EP000418,17,2026-04-08,2026-04-08,,0,1,1,0,2,0,600743.SH,华远控股,002188.SZ,中天服务,,,,,,,,,,,,,0
地产链,EP000448,18,2026-04-17,2026-04-17,,0,1,1,0,3,1,600683.SH,京投发展,002081.SZ,金螳螂,600234.SH,科新发展,,,,,,,,,,,0
地产链,EP000457,19,2026-04-22,2026-04-22,,0,1,1,0,2,0,600683.SH,京投发展,605365.SH,立达信,,,,,,,,,,,,,0
地产链,EP000475,20,2026-04-30,2026-04-30,,0,1,1,0,3,1,000402.SZ,金融街,601588.SH,北辰实业,000007.SZ,全新好,,,,,,,,,,,0
地产链,EP000485,21,2026-05-08,2026-05-12,2026-05-11,1,3,3,1,4,1,600683.SH,京投发展,600724.SH,宁波富达,600748.SH,上实发展,600683.SH,京投发展,Leader1,600748.SH,上实发展,Leader2,600854.SH,春兰股份,Leader3,1,0
地产链,EP000522,22,2026-05-25,2026-06-01,2026-05-29,1,6,5,1,2,0,000926.SZ,福星股份,600162.SH,香江控股,,,600162.SH,香江控股,Leader1,000608.SZ,阳光股份,Leader2,000090.SZ,天健集团,Leader3,1,0
地产链,EP000551,23,2026-06-08,2026-06-12,,0,5,5,0,2,0,000517.SZ,荣安地产,601588.SH,北辰实业,,,,,,,,,,,,,0
地产链,EP000578,24,2026-06-16,2026-06-16,,0,1,1,0,4,1,000736.SZ,中交发展,000029.SZ,深深房Ａ,300931.SZ,通用电梯,,,,,,,,,,,0
地产链,EP000590,25,2026-06-22,2026-06-23,,0,2,2,0,4,1,600162.SH,香江控股,002367.SZ,康力电梯,600791.SH,京能置业,,,,,,,,,,,0
地产链,EP000625,26,2026-07-01,2026-07-01,,0,1,1,0,4,1,600724.SH,宁波富达,603682.SH,锦和商管,600665.SH,天地源,,,,,,,,,,,0
地产链,EP000703,27,2026-07-29,2026-07-29,2026-07-29,1,1,1,1,5,1,000668.SZ,荣丰控股,000736.SZ,中交发展,603801.SH,志邦家居,000668.SZ,荣丰控股,Leader1,000736.SZ,中交发展,Leader2,603801.SH,志邦家居,Leader3,1,1
地产链,EP000742,28,2026-08-12,2026-08-13,2026-08-12,1,2,2,2,10,1,601886.SH,江河集团,600162.SH,香江控股,002081.SZ,金螳螂,601886.SH,江河集团,Leader1,600162.SH,香江控股,Leader2,002081.SZ,金螳螂,Leader3,1,1
地产链,EP000762,29,2026-08-19,2026-08-20,2026-08-19,1,2,2,1,6,1,000020.SZ,深华发Ａ,603506.SH,南都物业,603801.SH,志邦家居,000020.SZ,深华发Ａ,Leader1,603506.SH,南都物业,Leader2,603801.SH,志邦家居,Leader3,1,1
地产链,EP000790,30,2026-08-31,2026-08-31,2026-08-31,1,1,1,1,9,1,000560.SZ,我爱我家,000011.SZ,深物业A,000965.SZ,天保基建,000560.SZ,我爱我家,Leader1,000011.SZ,深物业A,Leader2,000965.SZ,天保基建,Leader3,1,1
基础建设,EP000087,1,2025-11-24,2025-11-24,,0,1,1,0,2,0,603280.SH,南方路机,002307.SZ,北新路桥,,,,,,,,,,,,,0
基础建设,EP000103,2,2025-11-28,2025-11-28,,0,1,1,0,4,1,603815.SH,交建股份,002307.SZ,北新路桥,600939.SH,重庆建工,,,,,,,,,,,0
基础建设,EP000188,3,2026-01-05,2026-01-05,,0,1,1,0,4,1,605287.SH,德才股份,300599.SZ,雄塑科技,600491.SH,龙元建设,,,,,,,,,,,0
基础建设,EP000377,4,2026-03-25,2026-03-25,2026-03-25,1,1,1,1,4,1,600815.SH,厦工股份,000927.SZ,中国铁物,002761.SZ,浙江建投,600815.SH,厦工股份,Leader1,000927.SZ,中国铁物,Leader2,002761.SZ,浙江建投,Leader3,1,1
基础建设,EP000392,5,2026-03-31,2026-03-31,,0,1,1,0,4,1,600502.SH,安徽建工,002542.SZ,中化岩土,001239.SZ,永达股份,,,,,,,,,,,0
基础建设,EP000419,6,2026-04-08,2026-04-08,,0,1,1,0,5,1,002051.SZ,中工国际,600984.SH,建设机械,600815.SH,厦工股份,,,,,,,,,,,0
基础建设,EP000439,7,2026-04-15,2026-04-15,,0,1,1,0,2,0,002051.SZ,中工国际,603815.SH,交建股份,,,,,,,,,,,,,0
基础建设,EP000566,8,2026-06-12,2026-06-15,,0,2,2,0,3,1,002457.SZ,青龙管业,000151.SZ,中成股份,603815.SH,交建股份,,,,,,,,,,,0
基础建设,EP000631,9,2026-07-02,2026-07-06,2026-07-03,1,3,3,1,5,1,603273.SH,天元智能,600815.SH,厦工股份,300163.SZ,先锋新材,603338.SH,浙江鼎力,Leader1,600801.SH,华新建材,Leader2,002377.SZ,国创高新,Leader3,1,0
基础建设,EP000653,10,2026-07-14,2026-07-14,,0,1,1,0,2,0,003001.SZ,中岩大地,001226.SZ,拓山重工,,,,,,,,,,,,,0
基础建设,EP000732,11,2026-08-10,2026-08-10,2026-08-10,1,1,1,1,5,1,600326.SH,西藏天路,002783.SZ,凯龙股份,600815.SH,厦工股份,600326.SH,西藏天路,Leader1,002783.SZ,凯龙股份,Leader2,600815.SH,厦工股份,Leader3,1,1
基础建设,EP000776,12,2026-08-25,2026-08-25,,0,1,1,0,3,1,002949.SZ,华阳国际,600936.SH,北投科技,000779.SZ,甘咨询,,,,,,,,,,,0
天然气,EP000051,1,2025-11-12,2025-11-12,2025-11-12,1,1,1,1,6,1,000407.SZ,胜利股份,600681.SH,百川能源,002207.SZ,准油股份,000407.SZ,胜利股份,Leader1,600681.SH,百川能源,Leader2,002207.SZ,准油股份,Leader3,1,1
天然气,EP000061,2,2025-11-14,2025-11-14,2025-11-14,1,1,1,1,4,1,000407.SZ,胜利股份,600333.SH,长春燃气,600617.SH,国新能源,000407.SZ,胜利股份,Leader1,600333.SH,长春燃气,Leader2,600617.SH,国新能源,Leader3,1,1
天然气,EP000238,3,2026-01-22,2026-01-22,,0,1,1,0,5,1,600759.SH,洲际油气,000968.SZ,蓝焰控股,000407.SZ,胜利股份,,,,,,,,,,,0
天然气,EP000243,4,2026-01-26,2026-01-26,,0,1,1,0,3,1,600759.SH,洲际油气,000593.SZ,德龙汇能,002259.SZ,升达林业,,,,,,,,,,,0
天然气,EP000317,5,2026-03-02,2026-03-03,2026-03-03,1,2,2,1,3,1,603318.SH,水发燃气,000968.SZ,蓝焰控股,603393.SH,新天然气,603318.SH,水发燃气,Leader1,000968.SZ,蓝焰控股,Leader2,000407.SZ,胜利股份,Leader3,1,0
天然气,EP000361,6,2026-03-19,2026-03-19,2026-03-19,1,1,1,1,4,1,600617.SH,国新能源,000968.SZ,蓝焰控股,300332.SZ,天壕能源,600617.SH,国新能源,Leader1,000968.SZ,蓝焰控股,Leader2,300332.SZ,天壕能源,Leader3,1,1
天然气,EP000432,7,2026-04-13,2026-04-13,,0,1,1,0,2,0,001299.SZ,美能能源,000968.SZ,蓝焰控股,,,,,,,,,,,,,0
存储,EP000108,1,2025-12-01,2025-12-01,,0,1,1,0,3,1,603933.SH,睿能科技,300223.SZ,北京君正,600246.SH,万通发展,,,,,,,,,,,0
存储,EP000360,2,2026-03-18,2026-03-18,2026-03-18,1,1,1,1,5,1,300042.SZ,朗科科技,603316.SH,诚邦股份,300302.SZ,同有科技,300042.SZ,朗科科技,Leader1,603316.SH,诚邦股份,Leader2,300302.SZ,同有科技,Leader3,1,1
实控人变更,EP000017,1,2025-11-04,2025-11-05,,0,2,2,0,2,0,000593.SZ,德龙汇能,600302.SH,标准股份,,,,,,,,,,,,,0
实控人变更,EP000046,2,2025-11-11,2025-11-11,,0,1,1,0,3,1,002387.SZ,维信诺,300959.SZ,线上线下,000593.SZ,德龙汇能,,,,,,,,,,,0
实控人变更,EP000073,3,2025-11-18,2025-11-18,,0,1,1,0,2,0,003041.SZ,真爱美家,300078.SZ,思创医惠,,,,,,,,,,,,,0
实控人变更,EP000093,4,2025-11-26,2025-11-26,,0,1,1,0,2,0,603155.SH,新亚强,002397.SZ,梦洁股份,,,,,,,,,,,,,0
实控人变更,EP000113,5,2025-12-02,2025-12-03,,0,2,2,0,3,1,002348.SZ,高乐股份,000593.SZ,德龙汇能,001212.SZ,中旗新材,,,,,,,,,,,0
实控人变更,EP000124,6,2025-12-09,2025-12-09,,0,1,1,0,3,1,002235.SZ,安妮股份,000953.SZ,河化股份,300959.SZ,线上线下,,,,,,,,,,,0
实控人变更,EP000143,7,2025-12-16,2025-12-18,2025-12-16,1,3,3,2,2,0,001331.SZ,胜通能源,002853.SZ,皮阿诺,,,001331.SZ,胜通能源,Leader1,002853.SZ,皮阿诺,Leader2,,,,0,1
实控人变更,EP000160,8,2025-12-22,2025-12-31,2025-12-25,1,8,8,3,3,1,001331.SZ,胜通能源,002969.SZ,嘉美包装,002175.SZ,东方智造,001331.SZ,胜通能源,Leader1,002969.SZ,嘉美包装,Leader2,605255.SH,天普股份,Leader3,1,0
实控人变更,EP000212,9,2026-01-12,2026-01-15,2026-01-13,1,4,4,2,6,1,002969.SZ,嘉美包装,002718.SZ,友邦吊顶,003041.SZ,真爱美家,002718.SZ,友邦吊顶,Leader1,003041.SZ,真爱美家,Leader2,000593.SZ,德龙汇能,Leader3,1,0
实控人变更,EP000229,10,2026-01-19,2026-01-23,2026-01-19,1,5,5,2,3,1,600302.SH,标准股份,002969.SZ,嘉美包装,002718.SZ,友邦吊顶,600302.SH,标准股份,Leader1,002969.SZ,嘉美包装,Leader2,002718.SZ,友邦吊顶,Leader3,1,1
实控人变更,EP000286,11,2026-02-09,2026-02-10,2026-02-10,1,2,2,1,2,0,603980.SH,吉华集团,600884.SH,杉杉股份,,,603980.SH,吉华集团,Leader1,002969.SZ,嘉美包装,Leader2,002806.SZ,华锋股份,Leader3,1,0
实控人变更,EP000349,12,2026-03-13,2026-03-13,,0,1,1,0,3,1,002931.SZ,锋龙股份,003041.SZ,真爱美家,002969.SZ,嘉美包装,,,,,,,,,,,0
实控人变更,EP000442,13,2026-04-16,2026-04-16,,0,1,1,0,3,1,003041.SZ,真爱美家,000593.SZ,德龙汇能,300736.SZ,百邦科技,,,,,,,,,,,0
实控人变更,EP000492,14,2026-05-13,2026-05-13,,0,1,1,0,2,0,603779.SH,威龙股份,002777.SZ,久远银海,,,,,,,,,,,,,0
实控人变更,EP000502,15,2026-05-18,2026-05-21,,0,4,4,0,2,0,603779.SH,威龙股份,603311.SH,金海高科,,,,,,,,,,,,,0
实控人变更,EP000654,16,2026-07-14,2026-07-14,,0,1,1,0,3,1,603580.SH,艾艾精工,000008.SZ,神州高铁,002718.SZ,友邦吊顶,,,,,,,,,,,0
实控人变更,EP000699,17,2026-07-28,2026-08-06,2026-07-30,1,8,8,1,2,0,603580.SH,艾艾精工,002969.SZ,嘉美包装,,,002827.SZ,高争民爆,Leader1,002258.SZ,利尔化学,Leader2,002686.SZ,亿利达,Leader3,1,0
实控人变更,EP000757,18,2026-08-18,2026-08-18,,0,1,1,0,2,0,603580.SH,艾艾精工,000153.SZ,丰原药业,,,,,,,,,,,,,0
实控人变更,EP000764,19,2026-08-20,2026-08-27,2026-08-25,1,6,3,1,2,0,603580.SH,艾艾精工,603637.SH,镇海股份,,,002084.SZ,海鸥住工,Leader1,002686.SZ,亿利达,Leader2,603637.SH,镇海股份,Leader3,1,0
家电,EP000062,1,2025-11-14,2025-11-14,,0,1,1,0,3,1,002242.SZ,九阳股份,001268.SZ,联合精密,003023.SZ,彩虹集团,,,,,,,,,,,0
家电,EP000563,2,2026-06-11,2026-06-11,,0,1,1,0,4,1,300894.SZ,火星人,000921.SZ,海信家电,001268.SZ,联合精密,,,,,,,,,,,0
家电,EP000616,3,2026-06-30,2026-06-30,,0,1,1,0,2,0,001237.SZ,惠康科技,603366.SH,日出东方,,,,,,,,,,,,,0
年报增长,EP000230,1,2026-01-19,2026-01-23,2026-01-19,1,5,4,2,4,1,601965.SH,中国汽研,688308.SH,欧科亿,603186.SH,华正新材,601965.SH,中国汽研,Leader1,688308.SH,欧科亿,Leader2,603186.SH,华正新材,Leader3,1,1
年报增长,EP000252,2,2026-01-28,2026-01-30,,0,3,3,0,3,1,002169.SZ,智光电气,601388.SH,怡球资源,002724.SZ,海洋王,,,,,,,,,,,0
年报增长,EP000393,3,2026-03-31,2026-04-01,2026-04-01,1,2,2,1,5,1,600066.SH,宇通客车,603039.SH,泛微网络,002454.SZ,松芝股份,002560.SZ,通达股份,Leader1,601083.SH,锦江航运,Leader2,601579.SH,会稽山,Leader3,1,0
年报增长,EP000428,4,2026-04-10,2026-04-10,,0,1,1,0,3,1,600983.SH,惠而浦,603889.SH,新澳股份,601999.SH,出版传媒,,,,,,,,,,,0
年报增长,EP000454,5,2026-04-20,2026-04-20,,0,1,1,0,3,1,603699.SH,纽威股份,603057.SH,紫燕食品,603332.SH,苏州龙杰,,,,,,,,,,,0
并购重组,EP000018,1,2025-11-04,2025-11-05,,0,2,2,0,2,0,603014.SH,威高血净,000620.SZ,盈新发展,,,,,,,,,,,,,0
并购重组,EP000047,2,2025-11-11,2025-11-18,2025-11-17,1,6,3,2,4,1,000688.SZ,国城矿业,000407.SZ,胜利股份,600810.SH,神马股份,000407.SZ,胜利股份,Leader1,603353.SH,和顺石油,Leader2,000620.SZ,盈新发展,Leader3,1,0
并购重组,EP000089,3,2025-11-25,2025-11-25,,0,1,1,0,3,1,003018.SZ,金富科技,688622.SH,禾信仪器,600516.SH,方大炭素,,,,,,,,,,,0
并购重组,EP000104,4,2025-11-28,2025-11-28,,0,1,1,0,2,0,603353.SH,和顺石油,002277.SZ,友阿股份,,,,,,,,,,,,,0
并购重组,EP000194,5,2026-01-06,2026-01-07,,0,2,2,0,5,1,600337.SH,美克家居,000620.SZ,盈新发展,600936.SH,广西广电,,,,,,,,,,,0
并购重组,EP000213,6,2026-01-12,2026-01-26,2026-01-15,1,11,7,1,4,1,600676.SH,交运股份,600579.SH,中化装备,002379.SZ,宏创控股,600058.SH,五矿发展,Leader1,603056.SH,德邦股份,Leader2,002049.SZ,紫光国微,Leader3,1,0
并购重组,EP000270,7,2026-02-04,2026-02-09,2026-02-04,1,4,4,4,3,1,301362.SZ,民爆光电,603616.SH,韩建河山,300912.SZ,凯龙高科,301362.SZ,民爆光电,Leader1,603616.SH,韩建河山,Leader2,300912.SZ,凯龙高科,Leader3,1,1
并购重组,EP000323,8,2026-03-03,2026-03-03,,0,1,1,0,2,0,002980.SZ,华盛昌,603616.SH,韩建河山,,,,,,,,,,,,,0
并购重组,EP000339,9,2026-03-10,2026-03-10,2026-03-10,1,1,1,1,3,1,002445.SZ,中南文化,300629.SZ,新劲刚,000014.SZ,沙河股份,002445.SZ,中南文化,Leader1,300629.SZ,新劲刚,Leader2,000014.SZ,沙河股份,Leader3,1,1
并购重组,EP000364,10,2026-03-20,2026-03-24,2026-03-20,1,3,3,2,3,1,603687.SH,大胜达,000677.SZ,恒天海龙,000670.SZ,盈方微,603687.SH,大胜达,Leader1,000677.SZ,恒天海龙,Leader2,000670.SZ,盈方微,Leader3,1,1
并购重组,EP000386,11,2026-03-30,2026-03-30,,0,1,1,0,2,0,600539.SH,狮头股份,688693.SH,锴威特,,,,,,,,,,,,,0
并购重组,EP000420,12,2026-04-08,2026-04-16,2026-04-13,1,7,6,1,3,1,603950.SH,长源东谷,301070.SZ,开勒股份,688693.SH,锴威特,600743.SH,华远控股,Leader1,603950.SH,长源东谷,Leader2,600337.SH,美克家居,Leader3,1,0
并购重组,EP000458,13,2026-04-22,2026-04-23,,0,2,2,0,2,0,300067.SZ,安诺其,600052.SH,东望时代,,,,,,,,,,,,,0
并购重组,EP000476,14,2026-04-30,2026-05-13,,0,7,5,0,3,1,688531.SH,日联科技,002785.SZ,万里石,002453.SZ,华软科技,,,,,,,,,,,0
并购重组,EP000516,15,2026-05-22,2026-05-22,,0,1,1,0,4,1,300069.SZ,金利华电,000026.SZ,飞亚达,600683.SH,京投发展,,,,,,,,,,,0
并购重组,EP000542,16,2026-06-03,2026-06-03,2026-06-03,1,1,1,1,4,1,300197.SZ,节能铁汉,601798.SH,蓝科高新,600683.SH,京投发展,300197.SZ,节能铁汉,Leader1,601798.SH,蓝科高新,Leader2,600683.SH,京投发展,Leader3,1,1
并购重组,EP000552,17,2026-06-08,2026-06-08,2026-06-08,1,1,1,1,3,1,603616.SH,韩建河山,600488.SH,津药药业,300197.SZ,节能铁汉,603616.SH,韩建河山,Leader1,600488.SH,津药药业,Leader2,300197.SZ,节能铁汉,Leader3,1,1
并购重组,EP000567,18,2026-06-12,2026-06-16,,0,3,2,0,5,1,603335.SH,迪生力,603014.SH,威高血净,001299.SZ,美能能源,,,,,,,,,,,0
并购重组,EP000607,19,2026-06-25,2026-07-06,2026-06-25,1,8,7,1,4,1,603335.SH,迪生力,000100.SZ,TCL科技,002965.SZ,祥鑫科技,603335.SH,迪生力,Leader1,000100.SZ,TCL科技,Leader2,002965.SZ,祥鑫科技,Leader3,1,1
并购重组,EP000643,20,2026-07-08,2026-07-08,2026-07-08,1,1,1,1,3,1,603137.SH,恒尚节能,000524.SZ,岭南控股,301321.SZ,翰博高新,603137.SH,恒尚节能,Leader1,000524.SZ,岭南控股,Leader2,301321.SZ,翰博高新,Leader3,1,1
并购重组,EP000652,21,2026-07-13,2026-07-13,2026-07-13,1,1,1,1,4,1,603137.SH,恒尚节能,600629.SH,华建集团,300214.SZ,日科化学,603137.SH,恒尚节能,Leader1,600629.SH,华建集团,Leader2,300214.SZ,日科化学,Leader3,1,1
并购重组,EP000667,22,2026-07-17,2026-07-17,2026-07-17,1,1,1,1,2,0,003001.SZ,中岩大地,601369.SH,陕鼓动力,,,003001.SZ,中岩大地,Leader1,601369.SH,陕鼓动力,Leader2,,,,0,1
并购重组,EP000679,23,2026-07-22,2026-07-27,2026-07-24,1,4,4,2,2,0,603221.SH,爱丽家居,301234.SZ,五洲医疗,,,603221.SH,爱丽家居,Leader1,301234.SZ,五洲医疗,Leader2,600698.SH,湖南天雁,Leader3,1,0
并购重组,EP000704,24,2026-07-29,2026-08-03,,0,4,4,0,2,0,603221.SH,爱丽家居,003001.SZ,中岩大地,,,,,,,,,,,,,0
并购重组,EP000725,25,2026-08-06,2026-08-12,2026-08-07,1,5,5,2,3,1,603221.SH,爱丽家居,688693.SH,锴威特,600962.SH,国投中鲁,688693.SH,锴威特,Leader1,301008.SZ,宏昌科技,Leader2,603137.SH,恒尚节能,Leader3,1,0
并购重组,EP000758,26,2026-08-18,2026-08-20,2026-08-20,1,3,2,1,3,1,603221.SH,爱丽家居,301106.SZ,骏成科技,300243.SZ,瑞丰高材,002743.SZ,富煌钢构,Leader1,600250.SH,南京商旅,Leader2,600539.SH,狮头股份,Leader3,1,0
并购重组,EP000772,27,2026-08-24,2026-08-25,2026-08-24,1,2,2,1,4,1,603958.SH,哈森股份,002445.SZ,中南文化,002277.SZ,友阿股份,603958.SH,哈森股份,Leader1,002445.SZ,中南文化,Leader2,002277.SZ,友阿股份,Leader3,1,1
文化传媒,EP000008,1,2025-10-31,2025-10-31,2025-10-31,1,1,1,1,4,1,002181.SZ,粤传媒,000892.SZ,欢瑞世纪,301231.SZ,荣信文化,002181.SZ,粤传媒,Leader1,000892.SZ,欢瑞世纪,Leader2,301231.SZ,荣信文化,Leader3,1,1
文化传媒,EP000023,2,2025-11-05,2025-11-05,,0,1,1,0,3,1,601929.SH,吉视传媒,600977.SH,中国电影,601999.SH,出版传媒,,,,,,,,,,,0
文化传媒,EP000125,3,2025-12-09,2025-12-09,2025-12-09,1,1,1,1,4,1,001330.SZ,博纳影业,300081.SZ,恒信东方,002995.SZ,天地在线,001330.SZ,博纳影业,Leader1,300081.SZ,恒信东方,Leader2,002995.SZ,天地在线,Leader3,1,1
文化传媒,EP000275,4,2026-02-05,2026-02-05,2026-02-05,1,1,1,1,3,1,603103.SH,横店影视,601599.SH,浙文影业,002905.SZ,金逸影视,603103.SH,横店影视,Leader1,601599.SH,浙文影业,Leader2,002905.SZ,金逸影视,Leader3,1,1
文化传媒,EP000290,5,2026-02-10,2026-02-11,2026-02-10,1,2,2,2,15,1,603103.SH,横店影视,603729.SH,龙韵股份,601595.SH,上海电影,603103.SH,横店影视,Leader1,603729.SH,龙韵股份,Leader2,601595.SH,上海电影,Leader3,1,1
文化传媒,EP000499,6,2026-05-15,2026-05-15,2026-05-15,1,1,1,1,3,1,603598.SH,引力传媒,600088.SH,中视传媒,600386.SH,北巴传媒,603598.SH,引力传媒,Leader1,600088.SH,中视传媒,Leader2,600386.SH,北巴传媒,Leader3,1,1
文化传媒,EP000560,7,2026-06-10,2026-06-10,,0,1,1,0,3,1,600229.SH,城市传媒,600088.SH,中视传媒,300264.SZ,佳创视讯,,,,,,,,,,,0
文化传媒,EP000568,8,2026-06-12,2026-06-12,,0,1,1,0,2,0,600229.SH,城市传媒,001330.SZ,博纳影业,,,,,,,,,,,,,0
文化传媒,EP000661,9,2026-07-16,2026-07-16,2026-07-16,1,1,1,1,2,0,002739.SZ,儒意电影,601595.SH,上海电影,,,002739.SZ,儒意电影,Leader1,601595.SH,上海电影,Leader2,,,,0,1
文化传媒,EP000739,10,2026-08-11,2026-08-13,,0,3,2,0,3,1,000802.SZ,北京文化,600715.SH,文投控股,300426.SZ,华智数媒,,,,,,,,,,,0
新型工业化,EP000052,1,2025-11-12,2025-11-12,,0,1,1,0,2,0,002691.SZ,冀凯股份,001277.SZ,速达股份,,,,,,,,,,,,,0
新型工业化,EP000074,2,2025-11-18,2025-11-18,2025-11-18,1,1,1,1,2,0,001225.SZ,和泰机电,002691.SZ,冀凯股份,,,001225.SZ,和泰机电,Leader1,002691.SZ,冀凯股份,Leader2,,,,0,1
新型工业化,EP000467,3,2026-04-28,2026-04-28,,0,1,1,0,2,0,002175.SZ,东方智造,603095.SH,越剑智能,,,,,,,,,,,,,0
新型工业化,EP000482,4,2026-05-07,2026-05-08,2026-05-07,1,2,2,1,5,1,603095.SH,越剑智能,002903.SZ,宇环数控,002008.SZ,大族激光,603095.SH,越剑智能,Leader1,002903.SZ,宇环数控,Leader2,002008.SZ,大族激光,Leader3,1,1
新型工业化,EP000626,5,2026-07-01,2026-07-01,,0,1,1,0,3,1,001256.SZ,炜冈科技,603173.SH,福斯达,603325.SH,博隆技术,,,,,,,,,,,0
新型工业化,EP000743,6,2026-08-12,2026-08-12,,0,1,1,0,5,1,002248.SZ,华东数控,000410.SZ,沈阳机床,002520.SZ,日发精机,,,,,,,,,,,0
旅游,EP000024,1,2025-11-05,2025-11-05,,0,1,1,0,2,0,002431.SZ,棕榈股份,000755.SZ,山西高速,,,,,,,,,,,,,0
旅游,EP000040,2,2025-11-10,2025-11-10,,0,1,1,0,3,1,000069.SZ,华侨城Ａ,600754.SH,锦江酒店,600258.SH,首旅酒店,,,,,,,,,,,0
旅游,EP000231,3,2026-01-19,2026-01-19,,0,1,1,0,2,0,600593.SH,大连圣亚,603199.SH,九华旅游,,,,,,,,,,,,,0
旅游,EP000443,4,2026-04-16,2026-04-16,,0,1,1,0,2,0,002033.SZ,丽江股份,600749.SH,西藏旅游,,,,,,,,,,,,,0
旅游,EP000709,5,2026-07-31,2026-07-31,,0,1,1,0,2,0,000428.SZ,华天酒店,002963.SZ,豪尔赛,,,,,,,,,,,,,0
旅游,EP000777,6,2026-08-25,2026-08-26,,0,2,2,0,4,1,000428.SZ,华天酒店,000796.SZ,凯撒旅业,002963.SZ,豪尔赛,,,,,,,,,,,0
无人驾驶,EP000145,1,2025-12-17,2025-12-17,,0,1,1,0,3,1,001317.SZ,三羊马,002703.SZ,浙江世宝,002766.SZ,索菱股份,,,,,,,,,,,0
无人驾驶,EP000168,2,2025-12-24,2025-12-24,,0,1,1,0,3,1,002703.SZ,浙江世宝,002383.SZ,合众思壮,603528.SH,多伦科技,,,,,,,,,,,0
无人驾驶,EP000189,3,2026-01-05,2026-01-05,,0,1,1,0,4,1,603458.SH,勘设股份,002766.SZ,索菱股份,603528.SH,多伦科技,,,,,,,,,,,0
无人驾驶,EP000512,4,2026-05-21,2026-05-21,2026-05-21,1,1,1,1,6,1,002703.SZ,浙江世宝,002036.SZ,联创电子,002766.SZ,索菱股份,002703.SZ,浙江世宝,Leader1,002036.SZ,联创电子,Leader2,002766.SZ,索菱股份,Leader3,1,1
无人驾驶,EP000721,5,2026-08-05,2026-08-05,,0,1,1,0,7,1,002703.SZ,浙江世宝,002766.SZ,索菱股份,600611.SH,大众交通,,,,,,,,,,,0
智能家居,EP000135,1,2025-12-12,2025-12-12,,0,1,1,0,4,1,603709.SH,中源家居,603408.SH,建霖家居,603610.SH,麒盛科技,,,,,,,,,,,0
智能家居,EP000440,2,2026-04-15,2026-04-15,,0,1,1,0,4,1,605365.SH,立达信,000785.SZ,居然智家,002798.SZ,帝欧水华,,,,,,,,,,,0
智能电网,EP000019,1,2025-11-04,2025-11-11,2025-11-04,1,6,6,4,5,1,002885.SZ,京泉华,603530.SH,神马电力,300062.SZ,中能电气,002885.SZ,京泉华,Leader1,603530.SH,神马电力,Leader2,300062.SZ,中能电气,Leader3,1,1
智能电网,EP000056,2,2025-11-13,2025-11-19,,0,5,4,0,2,0,002451.SZ,摩恩电气,000533.SZ,顺钠股份,,,,,,,,,,,,,0
智能电网,EP000126,3,2025-12-09,2025-12-09,,0,1,1,0,3,1,002339.SZ,积成电子,603829.SH,洛凯股份,002346.SZ,柘中股份,,,,,,,,,,,0
智能电网,EP000136,4,2025-12-12,2025-12-15,2025-12-12,1,2,2,1,9,1,002927.SZ,泰永长征,601700.SH,风范股份,000720.SZ,新能泰山,002927.SZ,泰永长征,Leader1,601700.SH,风范股份,Leader2,000720.SZ,新能泰山,Leader3,1,1
智能电网,EP000200,5,2026-01-07,2026-01-21,2026-01-13,1,11,8,4,3,1,002112.SZ,三变科技,002922.SZ,伊戈尔,601179.SH,中国西电,002112.SZ,三变科技,Leader1,600089.SH,特变电工,Leader2,002451.SZ,摩恩电气,Leader3,1,0
智能电网,EP000262,6,2026-02-02,2026-02-04,2026-02-02,1,3,3,3,12,1,603861.SH,白云电器,000533.SZ,顺钠股份,002112.SZ,三变科技,603861.SH,白云电器,Leader1,000533.SZ,顺钠股份,Leader2,002112.SZ,三变科技,Leader3,1,1
智能电网,EP000279,7,2026-02-06,2026-02-06,,0,1,1,0,2,0,002112.SZ,三变科技,002339.SZ,积成电子,,,,,,,,,,,,,0
智能电网,EP000293,8,2026-02-12,2026-02-24,2026-02-12,1,3,2,2,6,1,603191.SH,望变电气,000533.SZ,顺钠股份,002498.SZ,汉缆股份,603191.SH,望变电气,Leader1,000533.SZ,顺钠股份,Leader2,002498.SZ,汉缆股份,Leader3,1,1
智能电网,EP000309,9,2026-02-26,2026-03-02,2026-02-27,1,3,3,1,3,1,002350.SZ,北京科锐,603530.SH,神马电力,002546.SZ,新联电子,002350.SZ,北京科锐,Leader1,603530.SH,神马电力,Leader2,003035.SZ,南网能源,Leader3,1,0
智能电网,EP000326,10,2026-03-04,2026-03-18,2026-03-04,1,11,9,8,11,1,603530.SH,神马电力,000533.SZ,顺钠股份,002339.SZ,积成电子,603530.SH,神马电力,Leader1,000533.SZ,顺钠股份,Leader2,002339.SZ,积成电子,Leader3,1,1
智能电网,EP000371,11,2026-03-24,2026-03-27,2026-03-24,1,4,4,3,8,1,000720.SZ,新能泰山,002316.SZ,亚联发展,600192.SH,长城电工,000720.SZ,新能泰山,Leader1,002316.SZ,亚联发展,Leader2,600192.SH,长城电工,Leader3,1,1
智能电网,EP000394,12,2026-03-31,2026-03-31,,0,1,1,0,2,0,000720.SZ,新能泰山,002263.SZ,大东南,,,,,,,,,,,,,0
智能电网,EP000403,13,2026-04-02,2026-04-02,2026-04-02,1,1,1,1,3,1,000720.SZ,新能泰山,002263.SZ,大东南,002560.SZ,通达股份,000720.SZ,新能泰山,Leader1,002263.SZ,大东南,Leader2,002560.SZ,通达股份,Leader3,1,1
智能电网,EP000436,14,2026-04-14,2026-04-14,,0,1,1,0,3,1,002885.SZ,京泉华,002692.SZ,远程股份,601778.SH,晶科科技,,,,,,,,,,,0
智能电网,EP000449,15,2026-04-17,2026-04-20,,0,2,2,0,2,0,603063.SH,禾望电气,002706.SZ,良信股份,,,,,,,,,,,,,0
智能电网,EP000490,16,2026-05-12,2026-05-14,2026-05-12,1,3,3,2,7,1,603070.SH,万控智造,002346.SZ,柘中股份,002300.SZ,太阳电缆,603070.SH,万控智造,Leader1,002346.SZ,柘中股份,Leader2,002300.SZ,太阳电缆,Leader3,1,1
智能电网,EP000503,17,2026-05-18,2026-05-19,,0,2,2,0,4,1,601126.SH,四方股份,603191.SH,望变电气,002121.SZ,科陆电子,,,,,,,,,,,0
智能电网,EP000517,18,2026-05-22,2026-05-22,,0,1,1,0,3,1,002885.SZ,京泉华,002606.SZ,大连电瓷,002121.SZ,科陆电子,,,,,,,,,,,0
智能电网,EP000529,19,2026-05-27,2026-05-28,2026-05-27,1,2,2,1,4,1,002927.SZ,泰永长征,002706.SZ,良信股份,601126.SH,XD四方股,002927.SZ,泰永长征,Leader1,002706.SZ,良信股份,Leader2,601126.SH,XD四方股,Leader3,1,1
智能电网,EP000579,20,2026-06-16,2026-06-16,2026-06-16,1,1,1,1,9,1,601179.SH,中国西电,002927.SZ,泰永长征,600192.SH,长城电工,601179.SH,中国西电,Leader1,002927.SZ,泰永长征,Leader2,600192.SH,长城电工,Leader3,1,1
智能电网,EP000591,21,2026-06-22,2026-06-22,2026-06-22,1,1,1,1,6,1,601179.SH,中国西电,002346.SZ,柘中股份,002885.SZ,京泉华,601179.SH,中国西电,Leader1,002346.SZ,柘中股份,Leader2,002885.SZ,京泉华,Leader3,1,1
智能电网,EP000649,22,2026-07-10,2026-07-10,,0,1,1,0,3,1,002346.SZ,柘中股份,002121.SZ,科陆电子,603556.SH,海兴电力,,,,,,,,,,,0
智能电网,EP000684,23,2026-07-23,2026-08-06,2026-07-23,1,11,10,3,27,1,002879.SZ,长缆科技,002339.SZ,积成电子,000533.SZ,顺钠股份,002879.SZ,长缆科技,Leader1,002339.SZ,积成电子,Leader2,000533.SZ,顺钠股份,Leader3,1,1
智能电网,EP000733,24,2026-08-10,2026-08-10,2026-08-10,1,1,1,1,6,1,601700.SH,风范股份,002885.SZ,京泉华,002298.SZ,中电鑫龙,601700.SH,风范股份,Leader1,002885.SZ,京泉华,Leader2,002298.SZ,中电鑫龙,Leader3,1,1
智能电网,EP000744,25,2026-08-12,2026-08-13,,0,2,2,0,3,1,601700.SH,风范股份,603191.SH,望变电气,000720.SZ,新能泰山,,,,,,,,,,,0
智能电网,EP000753,26,2026-08-17,2026-08-17,,0,1,1,0,3,1,601700.SH,风范股份,002028.SZ,思源电气,603530.SH,神马电力,,,,,,,,,,,0
智能驾驶,EP000144,1,2025-12-16,2025-12-16,2025-12-16,1,1,1,1,9,1,001317.SZ,三羊马,002703.SZ,浙江世宝,002766.SZ,索菱股份,001317.SZ,三羊马,Leader1,002703.SZ,浙江世宝,Leader2,002766.SZ,索菱股份,Leader3,1,1
智能驾驶,EP000156,2,2025-12-18,2025-12-19,2025-12-18,1,2,2,2,3,1,002703.SZ,浙江世宝,603023.SH,威帝股份,002355.SZ,兴民智通,002703.SZ,浙江世宝,Leader1,603023.SH,威帝股份,Leader2,002355.SZ,兴民智通,Leader3,1,1
智能驾驶,EP000195,3,2026-01-06,2026-01-06,2026-01-06,1,1,1,1,11,1,002766.SZ,索菱股份,002383.SZ,合众思壮,002703.SZ,浙江世宝,002766.SZ,索菱股份,Leader1,002383.SZ,合众思壮,Leader2,002703.SZ,浙江世宝,Leader3,1,1
智能驾驶,EP000297,4,2026-02-13,2026-02-13,,0,1,1,0,3,1,002703.SZ,浙江世宝,002355.SZ,兴民智通,601777.SH,千里科技,,,,,,,,,,,0
有色金属,EP000057,1,2025-11-13,2025-11-13,2025-11-13,1,1,1,1,6,1,000688.SZ,国城矿业,600807.SH,济高发展,000633.SZ,合金投资,000688.SZ,国城矿业,Leader1,600807.SH,济高发展,Leader2,000633.SZ,合金投资,Leader3,1,1
有色金属,EP000094,2,2025-11-26,2025-12-01,2025-12-01,1,4,2,1,2,0,002114.SZ,罗平锌电,600868.SH,梅雁吉祥,,,600868.SH,梅雁吉祥,Leader1,002114.SZ,罗平锌电,Leader2,000816.SZ,智慧农业,Leader3,1,0
有色金属,EP000120,3,2025-12-05,2025-12-05,,0,1,1,0,4,1,002295.SZ,精艺股份,002578.SZ,闽发铝业,600868.SH,梅雁吉祥,,,,,,,,,,,0
有色金属,EP000196,4,2026-01-06,2026-01-06,,0,1,1,0,5,1,600459.SH,贵研铂业,000960.SZ,锡业股份,601068.SH,中铝国际,,,,,,,,,,,0
有色金属,EP000209,5,2026-01-09,2026-01-09,,0,1,1,0,4,1,002428.SZ,云南锗业,600549.SH,厦门钨业,600397.SH,江钨装备,,,,,,,,,,,0
有色金属,EP000235,6,2026-01-21,2026-01-29,2026-01-26,1,7,5,2,4,1,000657.SZ,中钨高新,600868.SH,梅雁吉祥,300837.SZ,浙矿股份,000657.SZ,中钨高新,Leader1,000426.SZ,兴业银锡,Leader2,603132.SH,金徽股份,Leader3,1,0
有色金属,EP000291,7,2026-02-11,2026-02-12,2026-02-11,1,2,2,2,9,1,002842.SZ,翔鹭钨业,002378.SZ,章源钨业,600397.SH,江钨装备,002842.SZ,翔鹭钨业,Leader1,002378.SZ,章源钨业,Leader2,600397.SH,江钨装备,Leader3,1,1
有色金属,EP000301,8,2026-02-24,2026-03-02,2026-02-25,1,5,5,3,2,0,600397.SH,江钨装备,601390.SH,中国中铁,,,600397.SH,江钨装备,Leader1,002378.SZ,章源钨业,Leader2,000962.SZ,东方钽业,Leader3,1,0
有色金属,EP000335,9,2026-03-06,2026-03-06,,0,1,1,0,3,1,600397.SH,江钨装备,001216.SZ,华瓷股份,002667.SZ,威领股份,,,,,,,,,,,0
有色金属,EP000421,10,2026-04-08,2026-04-08,,0,1,1,0,4,1,000426.SZ,兴业银锡,002716.SZ,湖南白银,000962.SZ,东方钽业,,,,,,,,,,,0
有色金属,EP000444,11,2026-04-16,2026-04-16,,0,1,1,0,4,1,600961.SH,株冶集团,000657.SZ,中钨高新,600549.SH,厦门钨业,,,,,,,,,,,0
有色金属,EP000471,12,2026-04-29,2026-04-29,,0,1,1,0,4,1,002842.SZ,翔鹭钨业,600397.SH,江钨装备,000657.SZ,中钨高新,,,,,,,,,,,0
有色金属,EP000518,13,2026-05-22,2026-06-02,2026-05-26,1,8,4,1,4,1,000510.SZ,新金路,000962.SZ,东方钽业,000060.SZ,中金岭南,000510.SZ,新金路,Leader1,601958.SH,金钼股份,Leader2,001257.SZ,盛龙股份,Leader3,1,0
有色金属,EP000564,14,2026-06-11,2026-06-22,2026-06-11,1,7,6,5,8,1,601958.SH,金钼股份,002842.SZ,翔鹭钨业,001257.SZ,盛龙股份,601958.SH,金钼股份,Leader1,002842.SZ,翔鹭钨业,Leader2,001257.SZ,盛龙股份,Leader3,1,1
有色金属,EP000608,15,2026-06-25,2026-06-25,,0,1,1,0,3,1,000962.SZ,东方钽业,600058.SH,五矿发展,002842.SZ,翔鹭钨业,,,,,,,,,,,0
有色金属,EP000673,16,2026-07-21,2026-07-23,,0,3,2,0,3,1,000510.SZ,新金路,000426.SZ,兴业银锡,000603.SZ,盛达资源,,,,,,,,,,,0
有色金属,EP000718,17,2026-08-04,2026-08-05,2026-08-05,1,2,2,1,3,1,000510.SZ,新金路,300489.SZ,光智科技,600397.SH,江钨装备,000510.SZ,新金路,Leader1,000962.SZ,东方钽业,Leader2,600397.SH,江钨装备,Leader3,1,0
有色金属,EP000734,18,2026-08-10,2026-08-10,,0,1,1,0,3,1,002842.SZ,翔鹭钨业,600490.SH,鹏欣资源,601020.SH,华钰矿业,,,,,,,,,,,0
有色金属,EP000780,19,2026-08-26,2026-08-26,,0,1,1,0,3,1,002295.SZ,精艺股份,603979.SH,金诚信,600362.SH,江西铜业,,,,,,,,,,,0
服装家纺,EP000077,1,2025-11-19,2025-11-19,,0,1,1,0,5,1,603877.SH,太平鸟,002321.SZ,华英农业,001390.SZ,古麒绒材,,,,,,,,,,,0
服装家纺,EP000157,2,2025-12-18,2025-12-19,,0,2,2,0,3,1,601566.SH,九牧王,600137.SH,浪莎股份,603958.SH,哈森股份,,,,,,,,,,,0
服装家纺,EP000184,3,2025-12-31,2025-12-31,2025-12-31,1,1,1,1,3,1,605003.SH,众望布艺,002634.SZ,棒杰股份,603130.SH,云中马,605003.SH,众望布艺,Leader1,002634.SZ,棒杰股份,Leader2,603130.SH,云中马,Leader3,1,1
服装家纺,EP000241,4,2026-01-23,2026-01-23,,0,1,1,0,3,1,301149.SZ,隆华新材,603130.SH,云中马,002780.SZ,三夫户外,,,,,,,,,,,0
服装家纺,EP000315,5,2026-02-27,2026-02-27,,0,1,1,0,2,0,001209.SZ,洪兴股份,002394.SZ,联发股份,,,,,,,,,,,,,0
服装家纺,EP000602,6,2026-06-24,2026-06-24,,0,1,1,0,3,1,002687.SZ,乔治白,603001.SH,奥康国际,002397.SZ,梦洁股份,,,,,,,,,,,0
服装家纺,EP000740,7,2026-08-11,2026-08-11,,0,1,1,0,2,0,002762.SZ,金发拉比,002687.SZ,乔治白,,,,,,,,,,,,,0
服装家纺,EP000791,8,2026-08-31,2026-08-31,,0,1,1,0,3,1,002098.SZ,浔兴股份,002875.SZ,安奈儿,603001.SH,奥康国际,,,,,,,,,,,0
机器人概念,EP000048,1,2025-11-11,2025-11-11,2025-11-11,1,1,1,1,6,1,002196.SZ,方正电机,002691.SZ,冀凯股份,603683.SH,晶华新材,002196.SZ,方正电机,Leader1,002691.SZ,冀凯股份,Leader2,603683.SH,晶华新材,Leader3,1,1
机器人概念,EP000069,2,2025-11-17,2025-11-17,,0,1,1,0,4,1,600376.SH,首开股份,301261.SZ,恒工精密,603959.SH,百利科技,,,,,,,,,,,0
机器人概念,EP000098,3,2025-11-27,2025-11-28,,0,2,2,0,6,1,002548.SZ,金新农,300509.SZ,新美星,601100.SH,恒立液压,,,,,,,,,,,0
机器人概念,EP000118,4,2025-12-04,2025-12-08,2025-12-04,1,3,3,2,12,1,603933.SH,睿能科技,603386.SH,骏亚科技,600592.SH,龙溪股份,603933.SH,睿能科技,Leader1,603386.SH,骏亚科技,Leader2,600592.SH,龙溪股份,Leader3,1,1
机器人概念,EP000131,5,2025-12-10,2025-12-12,,0,3,2,0,4,1,000678.SZ,襄阳轴承,301279.SZ,金道科技,001311.SZ,多利科技,,,,,,,,,,,0
机器人概念,EP000161,6,2025-12-22,2025-12-22,,0,1,1,0,7,1,603344.SH,星德胜,603380.SH,易德龙,002523.SZ,天桥起重,,,,,,,,,,,0
机器人概念,EP000172,7,2025-12-25,2026-01-05,2025-12-25,1,6,6,5,14,1,002931.SZ,锋龙股份,002009.SZ,天奇股份,000559.SZ,万向钱潮,002931.SZ,锋龙股份,Leader1,002009.SZ,天奇股份,Leader2,000559.SZ,万向钱潮,Leader3,1,1
机器人概念,EP000201,8,2026-01-07,2026-01-13,2026-01-07,1,5,5,2,8,1,001331.SZ,胜通能源,002931.SZ,锋龙股份,600053.SH,九鼎投资,001331.SZ,胜通能源,Leader1,002931.SZ,锋龙股份,Leader2,600053.SH,九鼎投资,Leader3,1,1
机器人概念,EP000226,9,2026-01-16,2026-01-22,2026-01-16,1,5,5,5,12,1,603179.SH,新泉股份,300952.SZ,恒辉安防,603626.SH,科森科技,603179.SH,新泉股份,Leader1,300952.SZ,恒辉安防,Leader2,603626.SH,科森科技,Leader3,1,1
机器人概念,EP000244,10,2026-01-26,2026-01-27,2026-01-26,1,2,2,2,7,1,001288.SZ,运机集团,002009.SZ,天奇股份,603331.SH,百达精工,001288.SZ,运机集团,Leader1,002009.SZ,天奇股份,Leader2,603331.SH,百达精工,Leader3,1,1
机器人概念,EP000280,11,2026-02-06,2026-02-09,,0,2,2,0,6,1,002921.SZ,联诚精密,603667.SH,五洲新春,002009.SZ,天奇股份,,,,,,,,,,,0
机器人概念,EP000340,12,2026-03-10,2026-03-10,2026-03-10,1,1,1,1,3,1,603949.SH,雪龙集团,600376.SH,首开股份,003021.SZ,兆威机电,603949.SH,雪龙集团,Leader1,600376.SH,首开股份,Leader2,003021.SZ,兆威机电,Leader3,1,1
机器人概念,EP000366,13,2026-03-23,2026-03-25,2026-03-23,1,3,2,1,3,1,002896.SZ,中大力德,600143.SH,金发科技,600376.SH,首开股份,002896.SZ,中大力德,Leader1,600143.SH,金发科技,Leader2,600376.SH,首开股份,Leader3,1,1
机器人概念,EP000395,14,2026-03-31,2026-03-31,,0,1,1,0,4,1,603657.SH,春光科技,000678.SZ,襄阳轴承,301255.SZ,通力科技,,,,,,,,,,,0
机器人概念,EP000405,15,2026-04-03,2026-04-03,2026-04-03,1,1,1,1,3,1,300626.SZ,华瑞股份,605133.SH,嵘泰股份,603966.SH,法兰泰克,300626.SZ,华瑞股份,Leader1,605133.SH,嵘泰股份,Leader2,603966.SH,法兰泰克,Leader3,1,1
机器人概念,EP000445,16,2026-04-16,2026-04-17,2026-04-16,1,2,2,1,5,1,603897.SH,长城科技,603920.SH,世运电路,301603.SZ,乔锋智能,603897.SH,长城科技,Leader1,603920.SH,世运电路,Leader2,301603.SZ,乔锋智能,Leader3,1,1
机器人概念,EP000463,17,2026-04-27,2026-04-27,2026-04-27,1,1,1,1,6,1,603486.SH,科沃斯,603657.SH,春光科技,603726.SH,朗迪集团,603486.SH,科沃斯,Leader1,603657.SH,春光科技,Leader2,603726.SH,朗迪集团,Leader3,1,1
机器人概念,EP000477,18,2026-04-30,2026-05-26,2026-04-30,1,16,14,10,7,1,600400.SH,红豆股份,300083.SZ,创世纪,603119.SH,浙江荣泰,600400.SH,红豆股份,Leader1,300083.SZ,创世纪,Leader2,603119.SH,浙江荣泰,Leader3,1,1
机器人概念,EP000537,19,2026-06-01,2026-06-24,2026-06-01,1,17,16,11,14,1,603725.SH,天安新材,600503.SH,华丽家族,605566.SH,福莱蒽特,603725.SH,天安新材,Leader1,600503.SH,华丽家族,Leader2,605566.SH,福莱蒽特,Leader3,1,1
机器人概念,EP000611,20,2026-06-26,2026-07-15,2026-06-26,1,14,12,11,7,1,002354.SZ,天娱数科,603956.SH,威派格,603270.SH,金帝股份,002354.SZ,天娱数科,Leader1,603956.SH,威派格,Leader2,603270.SH,金帝股份,Leader3,1,1
机器人概念,EP000669,21,2026-07-20,2026-07-29,2026-07-27,1,8,6,3,4,1,688057.SH,金达莱,001288.SZ,运机集团,002857.SZ,三晖电气,603082.SH,北自科技,Leader1,002448.SZ,中原内配,Leader2,605068.SH,明新旭腾,Leader3,1,0
机器人概念,EP000710,22,2026-07-31,2026-08-04,2026-07-31,1,3,3,2,22,1,002354.SZ,天娱数科,300508.SZ,维宏股份,002957.SZ,科瑞技术,002354.SZ,天娱数科,Leader1,300508.SZ,维宏股份,Leader2,002957.SZ,科瑞技术,Leader3,1,1
机器人概念,EP000735,23,2026-08-10,2026-08-18,2026-08-11,1,7,7,5,5,1,603758.SH,秦安股份,603725.SH,天安新材,605128.SH,上海沿浦,603758.SH,秦安股份,Leader1,605288.SH,凯迪股份,Leader2,002031.SZ,巨轮智能,Leader3,1,0
机器人概念,EP000769,24,2026-08-21,2026-08-31,,0,7,4,0,5,1,002988.SZ,豪美新材,600577.SH,精达股份,603758.SH,秦安股份,,,,,,,,,,,0
核电,EP000027,1,2025-11-06,2025-11-06,,0,1,1,0,2,0,002255.SZ,海陆重工,000922.SZ,佳电股份,,,,,,,,,,,,,0
核电,EP000137,2,2025-12-12,2025-12-15,2025-12-12,1,2,2,2,7,1,002639.SZ,雪人集团,600192.SH,长城电工,000969.SZ,安泰科技,002639.SZ,雪人集团,Leader1,600192.SH,长城电工,Leader2,000969.SZ,安泰科技,Leader3,1,1
核电,EP000158,3,2025-12-19,2025-12-22,2025-12-19,1,2,2,2,9,1,002735.SZ,王子新材,002639.SZ,雪人集团,002666.SZ,德联集团,002735.SZ,王子新材,Leader1,002639.SZ,雪人集团,Leader2,002666.SZ,德联集团,Leader3,1,1
核电,EP000202,4,2026-01-07,2026-01-14,2026-01-08,1,6,5,2,5,1,603015.SH,弘讯科技,601106.SH,中国一重,601611.SH,中国核建,603015.SH,弘讯科技,Leader1,601106.SH,中国一重,Leader2,601399.SH,国机重装,Leader3,1,0
核电,EP000239,5,2026-01-22,2026-01-22,,0,1,1,0,6,1,002149.SZ,西部材料,601106.SH,中国一重,001379.SZ,腾达科技,,,,,,,,,,,0
核电,EP000350,6,2026-03-13,2026-03-13,2026-03-13,1,1,1,1,5,1,600307.SH,酒钢宏兴,603169.SH,兰石重装,603280.SH,南方路机,600307.SH,酒钢宏兴,Leader1,603169.SH,兰石重装,Leader2,603280.SH,南方路机,Leader3,1,1
核电,EP000580,7,2026-06-16,2026-06-16,,0,1,1,0,4,1,000777.SZ,中核科技,603169.SH,兰石重装,000922.SZ,佳电股份,,,,,,,,,,,0
核电,EP000715,8,2026-08-03,2026-08-04,2026-08-03,1,2,2,1,11,1,003001.SZ,中岩大地,605167.SH,利柏特,603011.SH,合锻智能,003001.SZ,中岩大地,Leader1,605167.SH,利柏特,Leader2,603011.SH,合锻智能,Leader3,1,1
核电,EP000781,9,2026-08-26,2026-08-26,,0,1,1,0,3,1,002366.SZ,融发核电,600468.SH,百利电气,000533.SZ,顺钠股份,,,,,,,,,,,0
氢能源,EP000070,1,2025-11-17,2025-11-17,,0,1,1,0,4,1,002639.SZ,雪人集团,000723.SZ,美锦能源,002356.SZ,赫美集团,,,,,,,,,,,0
氢能源,EP000271,2,2026-02-04,2026-02-04,,0,1,1,0,5,1,600860.SH,京城股份,300423.SZ,昇辉科技,601226.SH,华电科工,,,,,,,,,,,0
氢能源,EP000372,3,2026-03-24,2026-03-24,,0,1,1,0,3,1,601226.SH,华电科工,600475.SH,华光环能,688551.SH,科威尔,,,,,,,,,,,0
汽车零部件,EP000105,1,2025-11-28,2025-12-02,,0,3,3,0,3,1,000678.SZ,襄阳轴承,603758.SH,秦安股份,002976.SZ,瑞玛精密,,,,,,,,,,,0
汽车零部件,EP000177,2,2025-12-26,2025-12-26,,0,1,1,0,2,0,002363.SZ,隆基机械,301181.SZ,标榜股份,,,,,,,,,,,,,0
汽车零部件,EP000227,3,2026-01-16,2026-01-16,,0,1,1,0,4,1,601163.SH,三角轮胎,301529.SZ,福赛科技,001233.SZ,海安集团,,,,,,,,,,,0
汽车零部件,EP000456,4,2026-04-21,2026-04-21,,0,1,1,0,2,0,603178.SH,圣龙股份,603335.SH,迪生力,,,,,,,,,,,,,0
汽车零部件,EP000546,5,2026-06-05,2026-06-05,,0,1,1,0,3,1,603159.SH,上海亚虹,600303.SH,曙光股份,603048.SH,浙江黎明,,,,,,,,,,,0
汽车零部件,EP000708,6,2026-07-30,2026-07-30,2026-07-30,1,1,1,1,8,1,605068.SH,明新旭腾,002703.SZ,浙江世宝,600418.SH,江淮汽车,605068.SH,明新旭腾,Leader1,002703.SZ,浙江世宝,Leader2,600418.SH,江淮汽车,Leader3,1,1
汽车零部件,EP000722,7,2026-08-05,2026-08-05,,0,1,1,0,3,1,603201.SH,常润股份,000981.SZ,山子高科,600130.SH,波导股份,,,,,,,,,,,0
洁净室,EP000169,1,2025-12-24,2025-12-24,,0,1,1,0,3,1,000551.SZ,创元科技,603163.SH,圣晖集成,600962.SH,国投中鲁,,,,,,,,,,,0
洁净室,EP000217,2,2026-01-14,2026-01-14,,0,1,1,0,4,1,301043.SZ,绿岛风,603163.SH,圣晖集成,603929.SH,亚翔集成,,,,,,,,,,,0
流感,EP000090,1,2025-11-25,2025-11-25,,0,1,1,0,7,1,000952.SZ,广济药业,002728.SZ,特一药业,000788.SZ,北大医药,,,,,,,,,,,0
流感,EP000099,2,2025-11-27,2025-11-27,2025-11-27,1,1,1,1,4,1,000952.SZ,广济药业,000078.SZ,海王生物,002728.SZ,特一药业,000952.SZ,广济药业,Leader1,000078.SZ,海王生物,Leader2,002728.SZ,特一药业,Leader3,1,1
海南,EP000011,1,2025-11-03,2025-11-05,2025-11-03,1,3,2,2,5,1,000572.SZ,海马汽车,000955.SZ,欣龙控股,002163.SZ,海南发展,000572.SZ,海马汽车,Leader1,000955.SZ,欣龙控股,Leader2,002163.SZ,海南发展,Leader3,1,1
海南,EP000132,2,2025-12-10,2025-12-10,2025-12-10,1,1,1,1,9,1,002163.SZ,海南发展,000735.SZ,罗牛山,002596.SZ,海南瑞泽,002163.SZ,海南发展,Leader1,000735.SZ,罗牛山,Leader2,002596.SZ,海南瑞泽,Leader3,1,1
海南,EP000159,3,2025-12-19,2025-12-24,2025-12-22,1,4,4,3,4,1,603069.SH,海汽集团,002163.SZ,海南发展,000566.SZ,海南海药,002163.SZ,海南发展,Leader1,603069.SH,海汽集团,Leader2,002596.SZ,海南瑞泽,Leader3,1,0
海南,EP000178,4,2025-12-26,2025-12-29,2025-12-26,1,2,2,1,6,1,002163.SZ,海南发展,600179.SH,安通控股,000505.SZ,京粮控股,002163.SZ,海南发展,Leader1,600179.SH,安通控股,Leader2,000505.SZ,京粮控股,Leader3,1,1
海南,EP000632,5,2026-07-02,2026-07-02,,0,1,1,0,3,1,000572.SZ,海马汽车,000955.SZ,欣龙控股,002596.SZ,海南瑞泽,,,,,,,,,,,0
海峡两岸,EP000063,1,2025-11-14,2025-11-26,2025-11-14,1,9,9,8,15,1,000632.SZ,三木集团,600693.SH,东百集团,601566.SH,九牧王,000632.SZ,三木集团,Leader1,600693.SH,东百集团,Leader2,601566.SH,九牧王,Leader3,1,1
海峡两岸,EP000106,2,2025-11-28,2025-11-28,2025-11-28,1,1,1,1,9,1,600802.SH,福建水泥,603933.SH,睿能科技,600815.SH,厦工股份,600802.SH,福建水泥,Leader1,603933.SH,睿能科技,Leader2,600815.SH,厦工股份,Leader3,1,1
海峡两岸,EP000114,3,2025-12-02,2025-12-10,2025-12-02,1,7,7,7,5,1,000592.SZ,平潭发展,002300.SZ,太阳电缆,603122.SH,合富中国,000592.SZ,平潭发展,Leader1,002300.SZ,太阳电缆,Leader2,603122.SH,合富中国,Leader3,1,1
海峡两岸,EP000138,4,2025-12-12,2025-12-26,2025-12-24,1,11,8,2,4,1,002682.SZ,龙洲股份,600493.SH,凤竹纺织,601566.SH,九牧王,002228.SZ,合兴包装,Leader1,603696.SH,安记食品,Leader2,600693.SH,东百集团,Leader3,1,0
海峡两岸,EP000378,5,2026-03-25,2026-03-25,,0,1,1,0,4,1,000592.SZ,平潭发展,000993.SZ,闽东电力,600802.SH,福建水泥,,,,,,,,,,,0
海峡两岸,EP000387,6,2026-03-30,2026-03-31,2026-03-31,1,2,2,1,3,1,000592.SZ,平潭发展,000753.SZ,漳州发展,603122.SH,合富中国,000592.SZ,平潭发展,Leader1,002578.SZ,闽发铝业,Leader2,000993.SZ,闽东电力,Leader3,1,0
消费电子,EP000341,1,2026-03-10,2026-03-10,,0,1,1,0,2,0,002903.SZ,宇环数控,002632.SZ,道明光学,,,,,,,,,,,,,0
消费电子,EP000426,2,2026-04-09,2026-04-09,2026-04-09,1,1,1,1,5,1,002384.SZ,东山精密,002947.SZ,恒铭达,002824.SZ,和胜股份,002384.SZ,东山精密,Leader1,002947.SZ,恒铭达,Leader2,002824.SZ,和胜股份,Leader3,1,1
消费电子,EP000574,3,2026-06-15,2026-06-15,,0,1,1,0,3,1,002824.SZ,和胜股份,603327.SH,福蓉科技,002635.SZ,安洁科技,,,,,,,,,,,0
消费电子,EP000765,4,2026-08-20,2026-08-21,2026-08-20,1,2,2,1,3,1,603958.SH,哈森股份,603626.SH,科森科技,002903.SZ,宇环数控,603958.SH,哈森股份,Leader1,603626.SH,科森科技,Leader2,002903.SZ,宇环数控,Leader3,1,1
消费电子,EP000782,5,2026-08-26,2026-08-27,,0,2,2,0,2,0,002855.SZ,捷荣技术,000536.SZ,华映科技,,,,,,,,,,,,,0
消费电子,EP000792,6,2026-08-31,2026-08-31,,0,1,1,0,2,0,002855.SZ,捷荣技术,002903.SZ,宇环数控,,,,,,,,,,,,,0
液冷,EP000028,1,2025-11-06,2025-11-06,,0,1,1,0,3,1,603516.SH,淳中科技,600506.SH,统一股份,002975.SZ,博杰股份,,,,,,,,,,,0
液冷,EP000146,2,2025-12-17,2025-12-17,2025-12-17,1,1,1,1,6,1,002536.SZ,飞龙股份,002837.SZ,英维克,301123.SZ,奕东电子,002536.SZ,飞龙股份,Leader1,002837.SZ,英维克,Leader2,301123.SZ,奕东电子,Leader3,1,1
液冷,EP000164,3,2025-12-23,2025-12-23,2025-12-23,1,1,1,1,8,1,603203.SH,快克智能,002909.SZ,集泰股份,300414.SZ,中光防雷,603203.SH,快克智能,Leader1,002909.SZ,集泰股份,Leader2,300414.SZ,中光防雷,Leader3,1,1
液冷,EP000181,4,2025-12-29,2025-12-30,2025-12-29,1,2,2,1,3,1,002272.SZ,川润股份,001266.SZ,宏英智能,600506.SH,统一股份,002272.SZ,川润股份,Leader1,001266.SZ,宏英智能,Leader2,600506.SH,统一股份,Leader3,1,1
液冷,EP000272,5,2026-02-04,2026-02-04,,0,1,1,0,2,0,002126.SZ,银轮股份,002334.SZ,英威腾,,,,,,,,,,,,,0
液冷,EP000598,6,2026-06-23,2026-06-23,,0,1,1,0,9,1,603757.SH,大元泵业,600506.SH,统一股份,002580.SZ,圣阳股份,,,,,,,,,,,0
液冷,EP000637,7,2026-07-06,2026-07-06,2026-07-06,1,1,1,1,8,1,605060.SH,XD联德股,603269.SH,海鸥股份,603757.SH,大元泵业,605060.SH,XD联德股,Leader1,603269.SH,海鸥股份,Leader2,603757.SH,大元泵业,Leader3,1,1
液冷,EP000645,8,2026-07-09,2026-07-09,2026-07-09,1,1,1,1,4,1,000811.SZ,冰轮环境,603757.SH,大元泵业,003018.SZ,金富科技,000811.SZ,冰轮环境,Leader1,603757.SH,大元泵业,Leader2,003018.SZ,金富科技,Leader3,1,1
煤炭,EP000025,1,2025-11-05,2025-11-05,,0,1,1,0,3,1,600408.SH,安泰集团,601011.SH,宝泰隆,600403.SH,大有能源,,,,,,,,,,,0
煤炭,EP000064,2,2025-11-14,2025-11-17,2025-11-14,1,2,2,1,4,1,600408.SH,安泰集团,600403.SH,大有能源,600157.SH,永泰能源,600408.SH,安泰集团,Leader1,600403.SH,大有能源,Leader2,600157.SH,永泰能源,Leader3,1,1
煤炭,EP000116,3,2025-12-03,2025-12-03,,0,1,1,0,3,1,600408.SH,安泰集团,600403.SH,大有能源,000571.SZ,新大洲A,,,,,,,,,,,0
煤炭,EP000203,4,2026-01-07,2026-01-07,,0,1,1,0,3,1,600408.SH,安泰集团,601015.SH,陕西黑猫,600403.SH,大有能源,,,,,,,,,,,0
煤炭,EP000273,5,2026-02-04,2026-02-04,2026-02-04,1,1,1,1,13,1,600188.SH,兖矿能源,601015.SH,陕西黑猫,600792.SH,云煤能源,600188.SH,兖矿能源,Leader1,601015.SH,陕西黑猫,Leader2,600792.SH,云煤能源,Leader3,1,1
煤炭,EP000345,6,2026-03-12,2026-03-13,,0,2,2,0,4,1,600188.SH,兖矿能源,600121.SH,郑州煤电,601015.SH,陕西黑猫,,,,,,,,,,,0
煤炭,EP000524,7,2026-05-25,2026-05-25,,0,1,1,0,7,1,603871.SH,嘉友国际,601666.SH,平煤股份,600395.SH,盘江股份,,,,,,,,,,,0
煤炭,EP000538,8,2026-06-01,2026-06-04,2026-06-01,1,4,4,1,9,1,601101.SH,昊华能源,600758.SH,辽宁能源,600121.SH,郑州煤电,601101.SH,昊华能源,Leader1,600758.SH,辽宁能源,Leader2,600121.SH,郑州煤电,Leader3,1,1
煤炭,EP000599,9,2026-06-23,2026-06-23,,0,1,1,0,2,0,000571.SZ,新大洲A,601011.SH,宝泰隆,,,,,,,,,,,,,0
煤炭,EP000660,10,2026-07-15,2026-07-15,2026-07-15,1,1,1,1,2,0,600403.SH,大有能源,000571.SZ,新大洲A,,,600403.SH,大有能源,Leader1,000571.SZ,新大洲A,Leader2,,,,0,1
煤炭,EP000670,11,2026-07-20,2026-07-20,2026-07-20,1,1,1,1,8,1,600403.SH,大有能源,600121.SH,郑州煤电,601898.SH,中煤能源,600403.SH,大有能源,Leader1,600121.SH,郑州煤电,Leader2,601898.SH,中煤能源,Leader3,1,1
煤炭,EP000727,12,2026-08-06,2026-08-06,2026-08-06,1,1,1,1,9,1,601101.SH,昊华能源,600403.SH,大有能源,601666.SH,平煤股份,601101.SH,昊华能源,Leader1,600403.SH,大有能源,Leader2,601666.SH,平煤股份,Leader3,1,1
煤炭,EP000763,13,2026-08-19,2026-08-19,2026-08-19,1,1,1,1,5,1,601011.SH,宝泰隆,000723.SZ,美锦能源,001277.SZ,速达股份,601011.SH,宝泰隆,Leader1,000723.SZ,美锦能源,Leader2,001277.SZ,速达股份,Leader3,1,1
煤炭,EP000773,14,2026-08-24,2026-08-24,,0,1,1,0,3,1,000723.SZ,美锦能源,600508.SH,上海能源,600403.SH,大有能源,,,,,,,,,,,0
燃气轮机,EP000029,1,2025-11-06,2025-11-06,2025-11-06,1,1,1,1,6,1,002478.SZ,常宝股份,605060.SH,联德股份,300775.SZ,三角防务,002478.SZ,常宝股份,Leader1,605060.SH,联德股份,Leader2,300775.SZ,三角防务,Leader3,1,1
燃气轮机,EP000121,2,2025-12-05,2025-12-08,,0,2,2,0,3,1,601399.SH,国机重装,601106.SH,中国一重,000811.SZ,冰轮环境,,,,,,,,,,,0
燃气轮机,EP000139,3,2025-12-12,2025-12-12,2025-12-12,1,1,1,1,10,1,002471.SZ,中超控股,601399.SH,国机重装,301468.SZ,博盈特焊,002471.SZ,中超控股,Leader1,601399.SH,国机重装,Leader2,301468.SZ,博盈特焊,Leader3,1,1
燃气轮机,EP000232,4,2026-01-19,2026-01-19,,0,1,1,0,5,1,600391.SH,航发科技,000738.SZ,航发控制,600893.SH,航发动力,,,,,,,,,,,0
燃气轮机,EP000247,5,2026-01-27,2026-01-27,,0,1,1,0,3,1,600391.SH,航发科技,000738.SZ,航发控制,600893.SH,航发动力,,,,,,,,,,,0
燃气轮机,EP000287,6,2026-02-09,2026-02-10,,0,2,2,0,4,1,605060.SH,联德股份,603308.SH,应流股份,600875.SH,东方电气,,,,,,,,,,,0
燃气轮机,EP000294,7,2026-02-12,2026-02-12,,0,1,1,0,5,1,603308.SH,应流股份,002478.SZ,常宝股份,300277.SZ,海联讯,,,,,,,,,,,0
燃气轮机,EP000310,8,2026-02-26,2026-02-26,2026-02-26,1,1,1,1,5,1,002478.SZ,常宝股份,603308.SH,应流股份,600875.SH,东方电气,002478.SZ,常宝股份,Leader1,603308.SH,应流股份,Leader2,600875.SH,东方电气,Leader3,1,1
燃气轮机,EP000336,9,2026-03-06,2026-03-06,,0,1,1,0,4,1,002478.SZ,常宝股份,600482.SH,中国动力,000534.SZ,万泽股份,,,,,,,,,,,0
燃气轮机,EP000422,10,2026-04-08,2026-04-08,2026-04-08,1,1,1,1,8,1,002478.SZ,常宝股份,002353.SZ,杰瑞股份,000534.SZ,万泽股份,002478.SZ,常宝股份,Leader1,002353.SZ,杰瑞股份,Leader2,000534.SZ,万泽股份,Leader3,1,1
燃气轮机,EP000429,11,2026-04-10,2026-04-10,2026-04-10,1,1,1,1,3,1,000534.SZ,万泽股份,605060.SH,联德股份,600482.SH,中国动力,000534.SZ,万泽股份,Leader1,605060.SH,联德股份,Leader2,600482.SH,中国动力,Leader3,1,1
燃气轮机,EP000446,12,2026-04-16,2026-04-16,,0,1,1,0,5,1,605060.SH,联德股份,603315.SH,福鞍股份,002595.SZ,豪迈科技,,,,,,,,,,,0
燃气轮机,EP000459,13,2026-04-23,2026-04-23,,0,1,1,0,4,1,603318.SH,水发燃气,603315.SH,福鞍股份,603308.SH,应流股份,,,,,,,,,,,0
燃气轮机,EP000543,14,2026-06-04,2026-06-04,,0,1,1,0,4,1,600482.SH,中国动力,002353.SZ,杰瑞股份,301468.SZ,博盈特焊,,,,,,,,,,,0
燃气轮机,EP000636,15,2026-07-03,2026-07-03,,0,1,1,0,2,0,600391.SH,航发科技,002353.SZ,杰瑞股份,,,,,,,,,,,,,0
燃气轮机,EP000691,16,2026-07-27,2026-07-27,,0,1,1,0,2,0,002353.SZ,杰瑞股份,603315.SH,福鞍股份,,,,,,,,,,,,,0
燃气轮机,EP000754,17,2026-08-17,2026-08-17,,0,1,1,0,3,1,605060.SH,联德股份,002353.SZ,杰瑞股份,002478.SZ,常宝股份,,,,,,,,,,,0
物理AI,EP000504,1,2026-05-18,2026-05-18,,0,1,1,0,5,1,688507.SH,索辰科技,301313.SZ,凡拓数创,603859.SH,能科科技,,,,,,,,,,,0
物理AI,EP000519,2,2026-05-22,2026-05-22,,0,1,1,0,4,1,002421.SZ,达实智能,600539.SH,狮头股份,603960.SH,克来机电,,,,,,,,,,,0
物理AI,EP000547,3,2026-06-05,2026-06-09,2026-06-05,1,3,3,2,5,1,002421.SZ,达实智能,002354.SZ,天娱数科,603859.SH,能科科技,002421.SZ,达实智能,Leader1,002354.SZ,天娱数科,Leader2,603859.SH,能科科技,Leader3,1,1
物理AI,EP000586,4,2026-06-18,2026-06-18,,0,1,1,0,3,1,688671.SH,碧兴物联,002747.SZ,埃斯顿,603956.SH,威派格,,,,,,,,,,,0
物理AI,EP000600,5,2026-06-23,2026-06-23,,0,1,1,0,3,1,605118.SH,力鼎光电,603466.SH,风语筑,603007.SH,顺景科技,,,,,,,,,,,0
物理AI,EP000617,6,2026-06-30,2026-06-30,,0,1,1,0,2,0,001229.SZ,魅视科技,688220.SH,翱捷科技,,,,,,,,,,,,,0
物理AI,EP000641,7,2026-07-07,2026-07-08,2026-07-07,1,2,2,1,4,1,600288.SH,大恒科技,001229.SZ,魅视科技,605118.SH,力鼎光电,600288.SH,大恒科技,Leader1,001229.SZ,魅视科技,Leader2,605118.SH,力鼎光电,Leader3,1,1
猪肉,EP000496,1,2026-05-14,2026-05-14,2026-05-14,1,1,1,1,4,1,002124.SZ,天邦食品,603717.SH,天域生物,605296.SH,神农集团,002124.SZ,天邦食品,Leader1,603717.SH,天域生物,Leader2,605296.SH,神农集团,Leader3,1,1
猪肉,EP000650,2,2026-07-10,2026-07-10,,0,1,1,0,3,1,000048.SZ,京基智农,002548.SZ,金新农,603151.SH,邦基科技,,,,,,,,,,,0
环保,EP000037,1,2025-11-07,2025-11-07,2025-11-07,1,1,1,1,3,1,603759.SH,海天股份,002658.SZ,雪迪龙,600292.SH,远达环保,603759.SH,海天股份,Leader1,002658.SZ,雪迪龙,Leader2,600292.SH,远达环保,Leader3,1,1
环保,EP000311,2,2026-02-26,2026-02-26,2026-02-26,1,1,1,1,3,1,000826.SZ,启迪环境,301175.SZ,中科环保,000010.SZ,美丽生态,000826.SZ,启迪环境,Leader1,301175.SZ,中科环保,Leader2,000010.SZ,美丽生态,Leader3,1,1
电力,EP000312,1,2026-02-26,2026-03-02,2026-02-27,1,3,3,1,2,0,000899.SZ,赣能股份,600744.SH,华银电力,,,000899.SZ,赣能股份,Leader1,600744.SH,华银电力,Leader2,600725.SH,云维股份,Leader3,1,0
电力,EP000327,2,2026-03-04,2026-03-13,2026-03-04,1,8,7,5,3,1,600236.SH,桂冠电力,600821.SH,金开新能,000862.SZ,银星能源,600236.SH,桂冠电力,Leader1,600821.SH,金开新能,Leader2,000862.SZ,银星能源,Leader3,1,1
电力,EP000357,3,2026-03-17,2026-03-27,2026-03-18,1,9,9,8,3,1,002256.SZ,兆新股份,601016.SH,节能风电,603685.SH,晨丰科技,000601.SZ,韶能股份,Leader1,000539.SZ,粤电力Ａ,Leader2,000037.SZ,深南电A,Leader3,1,0
电力,EP000396,4,2026-03-31,2026-04-02,2026-04-02,1,3,2,1,3,1,601908.SH,京运通,605162.SH,新中港,000037.SZ,深南电A,605162.SH,新中港,Leader1,600644.SH,乐山电力,Leader2,,,,0,0
电力,EP000433,5,2026-04-13,2026-04-22,2026-04-21,1,8,5,1,3,1,600396.SH,华电辽能,600982.SH,宁波能源,600032.SH,浙江新能,600979.SH,广安爱众,Leader1,000539.SZ,粤电力Ａ,Leader2,600032.SH,浙江新能,Leader3,1,0
电力,EP000468,6,2026-04-28,2026-04-28,2026-04-28,1,1,1,1,2,0,600726.SH,华电能源,600744.SH,华银电力,,,600726.SH,华电能源,Leader1,600744.SH,华银电力,Leader2,,,,0,1
电力,EP000478,7,2026-05-06,2026-05-13,2026-05-12,1,6,5,2,7,1,601991.SH,大唐发电,002015.SZ,协鑫能科,601016.SH,节能风电,601991.SH,大唐发电,Leader1,600396.SH,华电辽能,Leader2,600719.SH,大连热电,Leader3,1,0
电力,EP000500,8,2026-05-15,2026-05-19,2026-05-18,1,3,3,2,3,1,601991.SH,大唐发电,600578.SH,京能电力,002445.SZ,中南文化,600578.SH,京能电力,Leader1,001258.SZ,立新能源,Leader2,600758.SH,辽宁能源,Leader3,1,0
电力,EP000513,9,2026-05-21,2026-06-04,2026-05-25,1,11,9,8,2,0,001896.SZ,豫能控股,600578.SH,京能电力,,,600578.SH,京能电力,Leader1,600726.SH,华电能源,Leader2,600310.SH,广西能源,Leader3,1,0
电力,EP000557,10,2026-06-09,2026-06-09,,0,1,1,0,4,1,600719.SH,大连热电,000037.SZ,深南电A,001896.SZ,豫能控股,,,,,,,,,,,0
电力,EP000627,11,2026-07-01,2026-07-01,,0,1,1,0,2,0,002053.SZ,云南能投,601991.SH,大唐发电,,,,,,,,,,,,,0
电力,EP000668,12,2026-07-17,2026-07-22,2026-07-17,1,4,4,3,9,1,001258.SZ,立新能源,000722.SZ,湖南发展,600744.SH,华银电力,001258.SZ,立新能源,Leader1,000722.SZ,湖南发展,Leader2,600744.SH,华银电力,Leader3,1,1
电力,EP000692,13,2026-07-27,2026-07-28,2026-07-28,1,2,2,1,6,1,001258.SZ,立新能源,600617.SH,国新能源,002775.SZ,文科股份,605162.SH,新中港,Leader1,002310.SZ,东方新能,Leader2,001376.SZ,百通能源,Leader3,1,0
电力,EP000711,14,2026-07-31,2026-08-03,2026-08-03,1,2,2,1,3,1,000595.SZ,新能股份,002775.SZ,文科股份,002015.SZ,协鑫能科,000595.SZ,新能股份,Leader1,000037.SZ,深南电A,Leader2,600396.SH,华电辽能,Leader3,1,0
电力,EP000736,15,2026-08-10,2026-08-10,2026-08-10,1,1,1,1,5,1,001258.SZ,立新能源,000537.SZ,绿发电力,605162.SH,新中港,001258.SZ,立新能源,Leader1,000537.SZ,绿发电力,Leader2,605162.SH,新中港,Leader3,1,1
电源,EP000493,1,2026-05-13,2026-05-13,,0,1,1,0,3,1,002364.SZ,中恒电气,002843.SZ,泰嘉股份,002993.SZ,奥海科技,,,,,,,,,,,0
电源,EP000558,2,2026-06-09,2026-06-09,,0,1,1,0,4,1,300593.SZ,新雷能,002993.SZ,奥海科技,605100.SH,华丰股份,,,,,,,,,,,0
电源,EP000581,3,2026-06-16,2026-06-16,,0,1,1,0,3,1,002851.SZ,麦格米特,002993.SZ,奥海科技,603861.SH,白云电器,,,,,,,,,,,0
电阻电容,EP000582,1,2026-06-16,2026-06-17,2026-06-16,1,2,2,2,12,1,002585.SZ,双星新材,603115.SH,海星股份,002806.SZ,华锋股份,002585.SZ,双星新材,Leader1,603115.SH,海星股份,Leader2,002806.SZ,华锋股份,Leader3,1,1
电阻电容,EP000603,2,2026-06-24,2026-06-24,,0,1,1,0,3,1,603989.SH,艾华集团,603678.SH,火炬电子,600563.SH,法拉电子,,,,,,,,,,,0
电阻电容,EP000655,3,2026-07-14,2026-07-14,,0,1,1,0,3,1,002484.SZ,江海股份,603989.SH,艾华集团,000636.SZ,风华高科,,,,,,,,,,,0
病毒防治,EP000245,1,2026-01-26,2026-01-27,2026-01-26,1,2,2,1,8,1,002030.SZ,达安基因,688317.SH,之江生物,301207.SZ,华兰疫苗,002030.SZ,达安基因,Leader1,688317.SH,之江生物,Leader2,301207.SZ,华兰疫苗,Leader3,1,1
病毒防治,EP000488,2,2026-05-11,2026-05-11,2026-05-11,1,1,1,1,4,1,002030.SZ,达安基因,688189.SH,南新制药,600488.SH,津药药业,002030.SZ,达安基因,Leader1,688189.SH,南新制药,Leader2,600488.SH,津药药业,Leader3,1,1
石油石化,EP000253,1,2026-01-28,2026-01-29,2026-01-28,1,2,2,2,5,1,600759.SH,洲际油气,603619.SH,中曼石油,600871.SH,石化油服,600759.SH,洲际油气,Leader1,603619.SH,中曼石油,Leader2,600871.SH,石化油服,Leader3,1,1
石油石化,EP000281,2,2026-02-06,2026-02-06,,0,1,1,0,2,0,600759.SH,洲际油气,002207.SZ,准油股份,,,,,,,,,,,,,0
石油石化,EP000302,3,2026-02-24,2026-02-24,2026-02-24,1,1,1,1,14,1,600759.SH,洲际油气,002207.SZ,准油股份,300164.SZ,通源石油,600759.SH,洲际油气,Leader1,002207.SZ,准油股份,Leader2,300164.SZ,通源石油,Leader3,1,1
石油石化,EP000318,4,2026-03-02,2026-03-05,2026-03-02,1,4,4,3,25,1,600759.SH,洲际油气,603353.SH,和顺石油,300164.SZ,通源石油,600759.SH,洲际油气,Leader1,603353.SH,和顺石油,Leader2,300164.SZ,通源石油,Leader3,1,1
石油石化,EP000404,5,2026-04-02,2026-04-02,2026-04-02,1,1,1,1,5,1,300839.SZ,博汇股份,603353.SH,和顺石油,002828.SZ,贝肯能源,300839.SZ,博汇股份,Leader1,603353.SH,和顺石油,Leader2,002828.SZ,贝肯能源,Leader3,1,1
石油石化,EP000656,6,2026-07-14,2026-07-14,2026-07-14,1,1,1,1,5,1,000554.SZ,泰山石油,000703.SZ,恒逸石化,603619.SH,中曼石油,000554.SZ,泰山石油,Leader1,000703.SZ,恒逸石化,Leader2,603619.SH,中曼石油,Leader3,1,1
石油石化,EP000671,7,2026-07-20,2026-07-20,2026-07-20,1,1,1,1,4,1,002490.SZ,山东墨龙,603619.SH,中曼石油,603727.SH,博迈科,002490.SZ,山东墨龙,Leader1,603619.SH,中曼石油,Leader2,603727.SH,博迈科,Leader3,1,1
石油石化,EP000685,8,2026-07-23,2026-07-23,,0,1,1,0,3,1,603619.SH,中曼石油,603727.SH,博迈科,301158.SZ,德石股份,,,,,,,,,,,0
福建,EP000003,1,2025-10-30,2025-11-10,2025-10-30,1,8,7,4,5,1,002790.SZ,瑞尔特,603909.SH,建发合诚,002679.SZ,福建金森,002790.SZ,瑞尔特,Leader1,603909.SH,建发合诚,Leader2,002679.SZ,福建金森,Leader3,1,1
福建,EP000053,2,2025-11-12,2025-11-13,2025-11-13,1,2,2,1,4,1,000632.SZ,三木集团,002578.SZ,闽发铝业,002679.SZ,福建金森,000632.SZ,三木集团,Leader1,002578.SZ,闽发铝业,Leader2,002682.SZ,龙洲股份,Leader3,1,0
稀土永磁,EP000306,1,2026-02-25,2026-02-25,,0,1,1,0,8,1,000758.SZ,中色股份,600010.SH,包钢股份,601068.SH,中铝国际,,,,,,,,,,,0
稀土永磁,EP000319,2,2026-03-02,2026-03-02,,0,1,1,0,2,0,603257.SH,中国瑞林,600259.SH,中稀有色,,,,,,,,,,,,,0
稀土永磁,EP000472,3,2026-04-29,2026-04-29,,0,1,1,0,4,1,600111.SH,北方稀土,002645.SZ,华宏科技,000831.SZ,中国稀土,,,,,,,,,,,0
稀土永磁,EP000525,4,2026-05-25,2026-05-25,,0,1,1,0,4,1,002645.SZ,华宏科技,300779.SZ,惠城环保,002056.SZ,横店东磁,,,,,,,,,,,0
稀土永磁,EP000587,5,2026-06-18,2026-06-18,,0,1,1,0,2,0,600392.SH,盛和资源,600259.SH,中稀有色,,,,,,,,,,,,,0
稀土永磁,EP000750,6,2026-08-14,2026-08-14,,0,1,1,0,3,1,601609.SH,金田股份,000831.SZ,中国稀土,002645.SZ,华宏科技,,,,,,,,,,,0
端侧AI,EP000100,1,2025-11-27,2025-12-01,2025-11-27,1,3,3,2,6,1,002632.SZ,道明光学,600203.SH,福日电子,688260.SH,昀冢科技,002632.SZ,道明光学,Leader1,600203.SH,福日电子,Leader2,688260.SH,昀冢科技,Leader3,1,1
端侧AI,EP000662,2,2026-07-16,2026-07-17,2026-07-16,1,2,2,2,8,1,000676.SZ,智度股份,002632.SZ,道明光学,603327.SH,福蓉科技,000676.SZ,智度股份,Leader1,002632.SZ,道明光学,Leader2,603327.SH,福蓉科技,Leader3,1,1
端侧AI,EP000793,3,2026-08-31,2026-08-31,,0,1,1,0,5,1,603893.SH,瑞芯微,002881.SZ,美格智能,603068.SH,博通集成,,,,,,,,,,,0
算力,EP000071,1,2025-11-17,2025-11-17,,0,1,1,0,3,1,605303.SH,园林股份,600506.SH,统一股份,600156.SH,华升股份,,,,,,,,,,,0
算力,EP000082,2,2025-11-21,2025-11-25,2025-11-21,1,3,2,1,3,1,600734.SH,实达集团,600996.SH,贵广网络,000070.SZ,特发信息,600734.SH,实达集团,Leader1,600996.SH,贵广网络,Leader2,000070.SZ,特发信息,Leader3,1,1
算力,EP000127,3,2025-12-09,2025-12-09,,0,1,1,0,5,1,002229.SZ,鸿博股份,600673.SH,东阳光,603090.SH,宏盛股份,,,,,,,,,,,0
算力,EP000170,4,2025-12-24,2025-12-24,,0,1,1,0,2,0,002909.SZ,集泰股份,603090.SH,宏盛股份,,,,,,,,,,,,,0
算力,EP000205,5,2026-01-07,2026-01-12,2026-01-07,1,4,4,3,7,1,600869.SH,远东股份,001400.SZ,江顺科技,600637.SH,东方明珠,600869.SH,远东股份,Leader1,001400.SZ,江顺科技,Leader2,600637.SH,东方明珠,Leader3,1,1
算力,EP000218,6,2026-01-14,2026-01-14,,0,1,1,0,5,1,001400.SZ,江顺科技,600589.SH,大位科技,301396.SZ,宏景科技,,,,,,,,,,,0
算力,EP000246,7,2026-01-26,2026-01-28,,0,3,2,0,7,1,600589.SH,大位科技,688158.SH,优刻得,001277.SZ,速达股份,,,,,,,,,,,0
算力,EP000259,8,2026-01-30,2026-01-30,2026-01-30,1,1,1,1,5,1,603887.SH,城地香江,603861.SH,白云电器,603629.SH,利通电子,603887.SH,城地香江,Leader1,603861.SH,白云电器,Leader2,603629.SH,利通电子,Leader3,1,1
算力,EP000267,9,2026-02-03,2026-02-03,,0,1,1,0,4,1,002238.SZ,天威视讯,600869.SH,远东股份,600673.SH,东阳光,,,,,,,,,,,0
算力,EP000288,10,2026-02-09,2026-03-02,2026-02-10,1,10,10,5,3,1,600589.SH,大位科技,002272.SZ,川润股份,603629.SH,利通电子,600589.SH,大位科技,Leader1,000815.SZ,美利云,Leader2,301085.SZ,亚康股份,Leader3,1,0
算力,EP000329,11,2026-03-05,2026-03-19,2026-03-05,1,11,7,7,3,1,600666.SH,奥瑞德,000815.SZ,美利云,300895.SZ,铜牛信息,600666.SH,奥瑞德,Leader1,000815.SZ,美利云,Leader2,300895.SZ,铜牛信息,Leader3,1,1
算力,EP000373,12,2026-03-24,2026-03-30,2026-03-25,1,5,4,1,5,1,600666.SH,奥瑞德,002771.SZ,真视通,600186.SH,莲花控股,600666.SH,奥瑞德,Leader1,002771.SZ,真视通,Leader2,000889.SZ,中嘉博创,Leader3,1,0
算力,EP000400,13,2026-04-01,2026-04-01,2026-04-01,1,1,1,1,10,1,600666.SH,奥瑞德,605289.SH,罗曼股份,000815.SZ,美利云,600666.SH,奥瑞德,Leader1,605289.SH,罗曼股份,Leader2,000815.SZ,美利云,Leader3,1,1
算力,EP000406,14,2026-04-03,2026-05-28,2026-04-03,1,36,33,27,4,1,300608.SZ,思特奇,003007.SZ,直真科技,002831.SZ,裕同科技,300608.SZ,思特奇,Leader1,003007.SZ,直真科技,Leader2,002831.SZ,裕同科技,Leader3,1,1
算力,EP000539,15,2026-06-01,2026-06-02,2026-06-01,1,2,2,1,9,1,002871.SZ,伟隆股份,002328.SZ,新朋股份,001210.SZ,金房能源,002871.SZ,伟隆股份,Leader1,002328.SZ,新朋股份,Leader2,001210.SZ,金房能源,Leader3,1,1
算力,EP000544,16,2026-06-04,2026-06-10,2026-06-09,1,5,4,2,4,1,002051.SZ,中工国际,603090.SH,宏盛股份,301123.SZ,奕东电子,002871.SZ,伟隆股份,Leader1,002771.SZ,真视通,Leader2,002051.SZ,中工国际,Leader3,1,0
算力,EP000575,17,2026-06-15,2026-06-22,2026-06-15,1,5,5,3,9,1,603045.SH,福达合金,002849.SZ,威星智能,000811.SZ,冰轮环境,603045.SH,福达合金,Leader1,002849.SZ,威星智能,Leader2,000811.SZ,冰轮环境,Leader3,1,1
算力,EP000604,18,2026-06-24,2026-06-25,2026-06-24,1,2,2,2,12,1,001339.SZ,智微智能,002580.SZ,圣阳股份,003018.SZ,金富科技,001339.SZ,智微智能,Leader1,002580.SZ,圣阳股份,Leader2,003018.SZ,金富科技,Leader3,1,1
算力,EP000618,19,2026-06-30,2026-07-03,2026-06-30,1,4,4,2,10,1,000811.SZ,冰轮环境,603019.SH,中科曙光,002929.SZ,润建股份,000811.SZ,冰轮环境,Leader1,603019.SH,中科曙光,Leader2,002929.SZ,润建股份,Leader3,1,1
算力,EP000644,20,2026-07-08,2026-07-08,2026-07-08,1,1,1,1,16,1,600094.SH,大名城,603296.SH,华勤技术,603380.SH,易德龙,600094.SH,大名城,Leader1,603296.SH,华勤技术,Leader2,603380.SH,易德龙,Leader3,1,1
算力,EP000651,21,2026-07-10,2026-07-10,,0,1,1,0,8,1,603322.SH,超讯科技,600410.SH,华胜天成,002970.SZ,锐明技术,,,,,,,,,,,0
算力,EP000657,22,2026-07-14,2026-07-23,2026-07-20,1,8,5,3,3,1,300209.SZ,行云科技,002536.SZ,飞龙股份,301259.SZ,艾布鲁,000815.SZ,美利云,Leader1,000889.SZ,中嘉博创,Leader2,600126.SH,杭钢股份,Leader3,1,0
算力,EP000693,23,2026-07-27,2026-07-27,,0,1,1,0,5,1,002051.SZ,中工国际,601789.SH,宁波建工,301085.SZ,亚康股份,,,,,,,,,,,0
算力,EP000712,24,2026-07-31,2026-08-17,2026-07-31,1,12,10,6,21,1,600162.SH,香江控股,603629.SH,利通电子,000967.SZ,盈峰环境,600162.SH,香江控股,Leader1,603629.SH,利通电子,Leader2,000967.SZ,盈峰环境,Leader3,1,1
算力,EP000770,25,2026-08-21,2026-08-21,2026-08-21,1,1,1,1,6,1,002536.SZ,飞龙股份,003018.SZ,金富科技,603045.SH,福达合金,002536.SZ,飞龙股份,Leader1,003018.SZ,金富科技,Leader2,603045.SH,福达合金,Leader3,1,1
算力,EP000778,26,2026-08-25,2026-08-31,2026-08-25,1,5,4,4,6,1,003018.SZ,金富科技,002418.SZ,康盛股份,002837.SZ,英维克,003018.SZ,金富科技,Leader1,002418.SZ,康盛股份,Leader2,002837.SZ,英维克,Leader3,1,1
绿色电力,EP000219,1,2026-01-14,2026-01-14,,0,1,1,0,3,1,000875.SZ,吉电股份,002310.SZ,东方新能,000591.SZ,太阳能,,,,,,,,,,,0
绿色电力,EP000460,2,2026-04-23,2026-04-23,2026-04-23,1,1,1,1,8,1,600396.SH,华电辽能,002606.SZ,大连电瓷,000537.SZ,绿发电力,600396.SH,华电辽能,Leader1,002606.SZ,大连电瓷,Leader2,000537.SZ,绿发电力,Leader3,1,1
绿色电力,EP000464,3,2026-04-27,2026-04-27,,0,1,1,0,2,0,600396.SH,华电辽能,600726.SH,华电能源,,,,,,,,,,,,,0
绿色电力,EP000497,4,2026-05-14,2026-05-14,,0,1,1,0,4,1,600578.SH,京能电力,002973.SZ,侨银股份,000601.SZ,韶能股份,,,,,,,,,,,0
绿色电力,EP000663,5,2026-07-16,2026-07-16,2026-07-16,1,1,1,1,3,1,002350.SZ,北京科锐,001258.SZ,立新能源,002775.SZ,文科股份,002350.SZ,北京科锐,Leader1,001258.SZ,立新能源,Leader2,002775.SZ,文科股份,Leader3,1,1
绿色电力,EP000686,6,2026-07-23,2026-07-24,2026-07-23,1,2,2,2,10,1,001258.SZ,立新能源,600396.SH,华电辽能,000595.SZ,新能股份,001258.SZ,立新能源,Leader1,600396.SH,华电辽能,Leader2,000595.SZ,新能股份,Leader3,1,1
绿色电力,EP000741,7,2026-08-11,2026-08-11,2026-08-11,1,1,1,1,4,1,605286.SH,同力天启,001258.SZ,立新能源,002256.SZ,兆新股份,605286.SH,同力天启,Leader1,001258.SZ,立新能源,Leader2,002256.SZ,兆新股份,Leader3,1,1
绿色电力,EP000747,8,2026-08-13,2026-08-13,2026-08-13,1,1,1,1,6,1,605286.SH,同力天启,600821.SH,金开新能,600726.SH,华电能源,605286.SH,同力天启,Leader1,600821.SH,金开新能,Leader2,600726.SH,华电能源,Leader3,1,1
股权转让,EP000197,1,2026-01-06,2026-01-06,,0,1,1,0,2,0,001210.SZ,金房能源,002795.SZ,永和智控,,,,,,,,,,,,,0
股权转让,EP000210,2,2026-01-09,2026-01-12,,0,2,2,0,3,1,002795.SZ,永和智控,600748.SH,上实发展,300536.SZ,农尚环境,,,,,,,,,,,0
股权转让,EP000221,3,2026-01-15,2026-01-19,,0,3,2,0,2,0,600785.SH,新华百货,603161.SH,科华控股,,,,,,,,,,,,,0
股权转让,EP000303,4,2026-02-24,2026-02-24,,0,1,1,0,2,0,000890.SZ,法尔胜,002795.SZ,永和智控,,,,,,,,,,,,,0
股权转让,EP000423,5,2026-04-08,2026-04-10,,0,3,2,0,3,1,603272.SH,联翔股份,002449.SZ,国星光电,603311.SH,金海高科,,,,,,,,,,,0
股权转让,EP000483,6,2026-05-07,2026-05-13,,0,5,4,0,2,0,688069.SH,德林海,002655.SZ,共达电声,,,,,,,,,,,,,0
股权转让,EP000505,7,2026-05-18,2026-05-18,,0,1,1,0,2,0,001259.SZ,利仁科技,002030.SZ,达安基因,,,,,,,,,,,,,0
股权转让,EP000510,8,2026-05-20,2026-05-20,2026-05-20,1,1,1,1,5,1,001259.SZ,利仁科技,301020.SZ,密封科技,002072.SZ,凯瑞德,001259.SZ,利仁科技,Leader1,301020.SZ,密封科技,Leader2,002072.SZ,凯瑞德,Leader3,1,1
股权转让,EP000540,9,2026-06-01,2026-06-01,,0,1,1,0,3,1,002795.SZ,永和智控,300649.SZ,杭州园林,605298.SH,必得科技,,,,,,,,,,,0
股权转让,EP000561,10,2026-06-10,2026-06-11,,0,2,2,0,2,0,000048.SZ,京基智农,600881.SH,亚泰集团,,,,,,,,,,,,,0
股权转让,EP000592,11,2026-06-22,2026-06-22,,0,1,1,0,2,0,000048.SZ,京基智农,688367.SH,工大高科,,,,,,,,,,,,,0
股权转让,EP000628,12,2026-07-01,2026-07-01,,0,1,1,0,4,1,002313.SZ,日海智能,000863.SZ,三湘印象,603499.SH,翔港科技,,,,,,,,,,,0
股权转让,EP000755,13,2026-08-17,2026-08-17,,0,1,1,0,2,0,300684.SZ,中石科技,603880.SH,南卫股份,,,,,,,,,,,,,0
脑机接口,EP000190,1,2026-01-05,2026-01-08,2026-01-05,1,4,4,3,33,1,002195.SZ,岩山科技,301293.SZ,三博脑科,002173.SZ,创新医疗,002195.SZ,岩山科技,Leader1,301293.SZ,三博脑科,Leader2,002173.SZ,创新医疗,Leader3,1,1
脑机接口,EP000214,2,2026-01-12,2026-01-12,,0,1,1,0,4,1,002195.SZ,岩山科技,300409.SZ,道氏技术,002555.SZ,三七互娱,,,,,,,,,,,0
脑机接口,EP000664,3,2026-07-16,2026-07-16,2026-07-16,1,1,1,1,3,1,000566.SZ,海南海药,002173.SZ,创新医疗,603716.SH,塞力医疗,000566.SZ,海南海药,Leader1,002173.SZ,创新医疗,Leader2,603716.SH,塞力医疗,Leader3,1,1
脑机接口,EP000694,4,2026-07-27,2026-07-28,2026-07-27,1,2,2,2,8,1,002173.SZ,创新医疗,000566.SZ,海南海药,603716.SH,塞力医疗,002173.SZ,创新医疗,Leader1,000566.SZ,海南海药,Leader2,603716.SH,塞力医疗,Leader3,1,1
航运,EP000304,1,2026-02-24,2026-02-24,2026-02-24,1,1,1,1,3,1,601872.SH,招商轮船,600026.SH,中远海能,601975.SH,招商南油,601872.SH,招商轮船,Leader1,600026.SH,中远海能,Leader2,601975.SH,招商南油,Leader3,1,1
航运,EP000320,2,2026-03-02,2026-03-03,2026-03-03,1,2,2,1,4,1,601872.SH,招商轮船,601975.SH,招商南油,600026.SH,中远海能,601872.SH,招商轮船,Leader1,601975.SH,招商南油,Leader2,600026.SH,中远海能,Leader3,1,0
航运,EP000576,3,2026-06-15,2026-06-15,,0,1,1,0,6,1,601872.SH,招商轮船,600026.SH,中远海能,601975.SH,招商南油,,,,,,,,,,,0
芯片,EP000013,1,2025-11-03,2025-11-03,,0,1,1,0,4,1,000620.SZ,盈新发展,603030.SH,全筑股份,600667.SH,太极实业,,,,,,,,,,,0
芯片,EP000030,2,2025-11-06,2025-11-13,2025-11-10,1,6,5,1,4,1,001309.SZ,德明利,603931.SH,格林达,688048.SH,长光华芯,688233.SH,神工股份,Leader1,000620.SZ,盈新发展,Leader2,002213.SZ,大为股份,Leader3,1,0
芯片,EP000072,3,2025-11-17,2025-11-27,2025-11-18,1,9,8,4,2,0,002208.SZ,合肥城建,002990.SZ,盛视科技,,,603929.SH,亚翔集成,Leader1,002213.SZ,大为股份,Leader2,688486.SH,龙迅股份,Leader3,1,0
芯片,EP000115,4,2025-12-02,2025-12-02,,0,1,1,0,5,1,603933.SH,睿能科技,000859.SZ,国风新材,603163.SH,圣晖集成,,,,,,,,,,,0
芯片,EP000133,5,2025-12-10,2025-12-12,2025-12-11,1,3,3,2,3,1,002725.SZ,跃岭股份,605358.SH,立昂微,000936.SZ,华西股份,002725.SZ,跃岭股份,Leader1,000859.SZ,国风新材,Leader2,603929.SH,亚翔集成,Leader3,1,0
芯片,EP000162,6,2025-12-22,2025-12-23,2025-12-22,1,2,2,2,8,1,002169.SZ,智光电气,301611.SZ,珂玛科技,605358.SH,立昂微,002169.SZ,智光电气,Leader1,301611.SZ,珂玛科技,Leader2,605358.SH,立昂微,Leader3,1,1
芯片,EP000173,7,2025-12-25,2025-12-26,2025-12-25,1,2,2,1,5,1,000551.SZ,创元科技,603163.SH,圣晖集成,000859.SZ,国风新材,000551.SZ,创元科技,Leader1,603163.SH,圣晖集成,Leader2,000859.SZ,国风新材,Leader3,1,1
芯片,EP000185,8,2025-12-31,2026-01-09,2025-12-31,1,6,6,4,4,1,002208.SZ,合肥城建,000672.SZ,上峰水泥,603156.SH,养元饮品,002208.SZ,合肥城建,Leader1,000672.SZ,上峰水泥,Leader2,603156.SH,养元饮品,Leader3,1,1
芯片,EP000222,9,2026-01-15,2026-01-22,2026-01-15,1,6,5,4,9,1,600520.SH,三佳科技,002787.SZ,华源控股,603650.SH,彤程新材,600520.SH,三佳科技,Leader1,002787.SZ,华源控股,Leader2,603650.SH,彤程新材,Leader3,1,1
芯片,EP000248,10,2026-01-27,2026-01-28,2026-01-27,1,2,2,2,11,1,002119.SZ,康强电子,688110.SH,东芯股份,300689.SZ,澄天伟业,002119.SZ,康强电子,Leader1,688110.SH,东芯股份,Leader2,300689.SZ,澄天伟业,Leader3,1,1
芯片,EP000289,11,2026-02-09,2026-02-09,,0,1,1,0,3,1,603163.SH,圣晖集成,603929.SH,亚翔集成,300480.SZ,光力科技,,,,,,,,,,,0
芯片,EP000298,12,2026-02-13,2026-02-26,2026-02-13,1,4,3,2,3,1,000859.SZ,国风新材,603163.SH,圣晖集成,000021.SZ,深科技,000859.SZ,国风新材,Leader1,603163.SH,圣晖集成,Leader2,000021.SZ,深科技,Leader3,1,1
芯片,EP000328,13,2026-03-04,2026-03-06,2026-03-04,1,3,2,1,4,1,688525.SH,佰维存储,001309.SZ,德明利,603175.SH,超颖电子,688525.SH,佰维存储,Leader1,001309.SZ,德明利,Leader2,603175.SH,超颖电子,Leader3,1,1
芯片,EP000353,14,2026-03-16,2026-03-16,2026-03-16,1,1,1,1,8,1,603929.SH,亚翔集成,002990.SZ,盛视科技,300042.SZ,朗科科技,603929.SH,亚翔集成,Leader1,002990.SZ,盛视科技,Leader2,300042.SZ,朗科科技,Leader3,1,1
芯片,EP000374,15,2026-03-24,2026-03-24,2026-03-24,1,1,1,1,4,1,603165.SH,荣晟环保,002428.SZ,云南锗业,603929.SH,亚翔集成,603165.SH,荣晟环保,Leader1,002428.SZ,云南锗业,Leader2,603929.SH,亚翔集成,Leader3,1,1
芯片,EP000383,16,2026-03-27,2026-03-27,,0,1,1,0,3,1,002428.SZ,云南锗业,603324.SH,盛剑科技,002685.SZ,华东重机,,,,,,,,,,,0
芯片,EP000401,17,2026-04-01,2026-04-01,,0,1,1,0,4,1,601133.SH,柏诚股份,603121.SH,华培动力,301392.SZ,汇成真空,,,,,,,,,,,0
芯片,EP000412,18,2026-04-07,2026-04-15,2026-04-07,1,7,7,7,5,1,601133.SH,柏诚股份,603353.SH,和顺石油,002348.SZ,高乐股份,601133.SH,柏诚股份,Leader1,603353.SH,和顺石油,Leader2,002348.SZ,高乐股份,Leader3,1,1
芯片,EP000450,19,2026-04-17,2026-07-14,2026-04-17,1,59,57,52,16,1,603773.SH,沃格光电,600707.SH,彩虹股份,002428.SZ,云南锗业,603773.SH,沃格光电,Leader1,600707.SH,彩虹股份,Leader2,002428.SZ,云南锗业,Leader3,1,1
芯片,EP000674,20,2026-07-21,2026-08-31,2026-07-21,1,30,25,17,42,1,002371.SZ,北方华创,301583.SZ,托伦斯,688797.SH,臻宝科技,002371.SZ,北方华创,Leader1,301583.SZ,托伦斯,Leader2,688797.SH,臻宝科技,Leader3,1,1
证券,EP000593,1,2026-06-22,2026-06-22,,0,1,1,0,4,1,000776.SZ,广发证券,000783.SZ,长江证券,601066.SH,中信建投,,,,,,,,,,,0
证券,EP000629,2,2026-07-01,2026-07-01,,0,1,1,0,5,1,600909.SH,华安证券,601162.SH,天风证券,002670.SZ,国盛证券,,,,,,,,,,,0
证券,EP000786,3,2026-08-27,2026-08-31,,0,3,2,0,3,1,000712.SZ,锦龙股份,600095.SH,湘财股份,002670.SZ,国盛证券,,,,,,,,,,,0
跨境电商,EP000109,1,2025-12-01,2025-12-01,,0,1,1,0,2,0,600981.SH,苏豪汇鸿,003003.SZ,天元股份,,,,,,,,,,,,,0
跨境电商,EP000174,2,2025-12-25,2025-12-25,,0,1,1,0,4,1,002640.SZ,跨境通,002264.SZ,新华都,001300.SZ,三柏硕,,,,,,,,,,,0
轨道交通,EP000198,1,2026-01-06,2026-01-06,,0,1,1,0,3,1,001255.SZ,博菲电气,301016.SZ,雷尔伟,000008.SZ,神州高铁,,,,,,,,,,,0
轨道交通,EP000397,2,2026-03-31,2026-03-31,2026-03-31,1,1,1,1,5,1,000008.SZ,神州高铁,600894.SH,广日股份,000927.SZ,中国铁物,000008.SZ,神州高铁,Leader1,600894.SH,广日股份,Leader2,000927.SZ,中国铁物,Leader3,1,1
通信,EP000014,1,2025-11-03,2025-11-03,,0,1,1,0,3,1,002134.SZ,天津普林,002796.SZ,世嘉科技,605258.SH,协和电子,,,,,,,,,,,0
通信,EP000031,2,2025-11-06,2025-11-06,,0,1,1,0,3,1,603052.SH,可川科技,001267.SZ,汇绿生态,002384.SZ,东山精密,,,,,,,,,,,0
通信,EP000041,3,2025-11-10,2025-11-10,,0,1,1,0,2,0,002636.SZ,金安国纪,600103.SH,青山纸业,,,,,,,,,,,,,0
通信,EP000080,4,2025-11-20,2025-11-20,2025-11-20,1,1,1,1,3,1,601208.SH,东材科技,603803.SH,瑞斯康达,300814.SZ,中富电路,601208.SH,东材科技,Leader1,603803.SH,瑞斯康达,Leader2,300814.SZ,中富电路,Leader3,1,1
通信,EP000091,5,2025-11-25,2025-12-03,2025-11-25,1,7,7,3,12,1,603803.SH,瑞斯康达,002222.SZ,福晶科技,002463.SZ,沪电股份,603803.SH,瑞斯康达,Leader1,002222.SZ,福晶科技,Leader2,002463.SZ,沪电股份,Leader3,1,1
通信,EP000122,6,2025-12-05,2025-12-15,2025-12-05,1,7,6,4,6,1,301486.SZ,致尚科技,600973.SH,宝胜股份,600105.SH,永鼎股份,301486.SZ,致尚科技,Leader1,600973.SH,宝胜股份,Leader2,600105.SH,永鼎股份,Leader3,1,1
通信,EP000147,7,2025-12-17,2025-12-24,2025-12-17,1,6,4,3,9,1,601231.SH,环旭电子,002491.SZ,通鼎互联,601869.SH,长飞光纤,601231.SH,环旭电子,Leader1,002491.SZ,通鼎互联,Leader2,601869.SH,长飞光纤,Leader3,1,1
通信,EP000206,8,2026-01-07,2026-01-07,,0,1,1,0,4,1,603052.SH,可川科技,003031.SZ,中瓷电子,002796.SZ,世嘉科技,,,,,,,,,,,0
通信,EP000223,9,2026-01-15,2026-01-15,2026-01-15,1,1,1,1,5,1,601208.SH,东材科技,002130.SZ,沃尔核材,002796.SZ,世嘉科技,601208.SH,东材科技,Leader1,002130.SZ,沃尔核材,Leader2,002796.SZ,世嘉科技,Leader3,1,1
通信,EP000236,10,2026-01-21,2026-01-22,2026-01-21,1,2,2,2,6,1,001389.SZ,广合科技,002913.SZ,奥士康,603052.SH,可川科技,001389.SZ,广合科技,Leader1,002913.SZ,奥士康,Leader2,603052.SH,可川科技,Leader3,1,1
通信,EP000249,11,2026-01-27,2026-01-27,,0,1,1,0,3,1,003031.SZ,中瓷电子,002796.SZ,世嘉科技,001267.SZ,汇绿生态,,,,,,,,,,,0
通信,EP000260,12,2026-01-30,2026-02-04,2026-01-30,1,4,4,3,10,1,600345.SH,长江通信,002491.SZ,通鼎互联,601869.SH,长飞光纤,600345.SH,长江通信,Leader1,002491.SZ,通鼎互联,Leader2,601869.SH,长飞光纤,Leader3,1,1
通信,EP000282,13,2026-02-06,2026-03-06,2026-02-06,1,15,14,8,4,1,603618.SH,杭电股份,002957.SZ,科瑞技术,600345.SH,长江通信,603618.SH,杭电股份,Leader1,002957.SZ,科瑞技术,Leader2,600345.SH,长江通信,Leader3,1,1
通信,EP000342,14,2026-03-10,2026-03-18,2026-03-10,1,7,6,4,13,1,001267.SZ,汇绿生态,603803.SH,瑞斯康达,002636.SZ,金安国纪,001267.SZ,汇绿生态,Leader1,603803.SH,瑞斯康达,Leader2,002636.SZ,金安国纪,Leader3,1,1
通信,EP000375,15,2026-03-24,2026-04-01,2026-03-25,1,7,5,4,7,1,002491.SZ,通鼎互联,002222.SZ,福晶科技,002636.SZ,金安国纪,002491.SZ,通鼎互联,Leader1,601869.SH,长飞光纤,Leader2,002902.SZ,铭普光磁,Leader3,1,0
通信,EP000407,16,2026-04-03,2026-04-14,2026-04-03,1,7,7,7,12,1,000720.SZ,新能泰山,000586.SZ,汇源通信,002792.SZ,通宇通讯,000720.SZ,新能泰山,Leader1,000586.SZ,汇源通信,Leader2,002792.SZ,通宇通讯,Leader3,1,1
通信,EP000447,17,2026-04-16,2026-04-23,2026-04-17,1,6,6,4,3,1,603052.SH,可川科技,000070.SZ,特发信息,002491.SZ,通鼎互联,002980.SZ,华盛昌,Leader1,603052.SH,可川科技,Leader2,600330.SH,天通股份,Leader3,1,0
通信,EP000465,18,2026-04-27,2026-05-14,2026-04-27,1,11,9,9,5,1,003036.SZ,泰坦股份,002902.SZ,铭普光磁,688677.SH,海泰新光,003036.SZ,泰坦股份,Leader1,002902.SZ,铭普光磁,Leader2,688677.SH,海泰新光,Leader3,1,1
通信,EP000506,19,2026-05-18,2026-05-20,2026-05-18,1,3,3,2,8,1,002980.SZ,华盛昌,002552.SZ,宝鼎科技,000988.SZ,华工科技,002980.SZ,华盛昌,Leader1,002552.SZ,宝鼎科技,Leader2,000988.SZ,华工科技,Leader3,1,1
通信,EP000520,20,2026-05-22,2026-07-01,2026-05-22,1,28,28,24,28,1,603186.SH,华正新材,002938.SZ,鹏鼎控股,002552.SZ,宝鼎科技,603186.SH,华正新材,Leader1,002938.SZ,鹏鼎控股,Leader2,002552.SZ,宝鼎科技,Leader3,1,1
通信,EP000638,21,2026-07-06,2026-07-06,2026-07-06,1,1,1,1,5,1,002141.SZ,贤丰控股,002815.SZ,崇达技术,301191.SZ,菲菱科思,002141.SZ,贤丰控股,Leader1,002815.SZ,崇达技术,Leader2,301191.SZ,菲菱科思,Leader3,1,1
通信,EP000646,22,2026-07-09,2026-07-09,2026-07-09,1,1,1,1,6,1,002815.SZ,崇达技术,002745.SZ,木林森,002579.SZ,中京电子,002815.SZ,崇达技术,Leader1,002745.SZ,木林森,Leader2,002579.SZ,中京电子,Leader3,1,1
通信,EP000658,23,2026-07-14,2026-07-22,2026-07-21,1,7,3,1,3,1,002141.SZ,贤丰控股,603186.SH,华正新材,002384.SZ,东山精密,002036.SZ,联创电子,Leader1,603118.SH,共进股份,Leader2,002745.SZ,木林森,Leader3,1,0
通信,EP000695,24,2026-07-27,2026-07-27,2026-07-27,1,1,1,1,13,1,603330.SH,天洋新材,001267.SZ,汇绿生态,603256.SH,宏和科技,603330.SH,天洋新材,Leader1,001267.SZ,汇绿生态,Leader2,603256.SH,宏和科技,Leader3,1,1
通信,EP000713,25,2026-07-31,2026-08-31,2026-07-31,1,22,18,13,7,1,001359.SZ,平安电工,603738.SH,泰晶科技,003036.SZ,泰坦股份,001359.SZ,平安电工,Leader1,603738.SH,泰晶科技,Leader2,003036.SZ,泰坦股份,Leader3,1,1
造纸,EP000175,1,2025-12-25,2025-12-25,2025-12-25,1,1,1,1,4,1,605007.SH,五洲特纸,600966.SH,博汇纸业,600793.SH,宜宾纸业,605007.SH,五洲特纸,Leader1,600966.SH,博汇纸业,Leader2,600793.SH,宜宾纸业,Leader3,1,1
造纸,EP000601,2,2026-06-23,2026-06-23,,0,1,1,0,3,1,605377.SH,华旺科技,603863.SH,松炀资源,600793.SH,宜宾纸业,,,,,,,,,,,0
造纸,EP000639,3,2026-07-06,2026-07-06,,0,1,1,0,2,0,600793.SH,宜宾纸业,605377.SH,华旺科技,,,,,,,,,,,,,0
酿酒,EP000042,1,2025-11-10,2025-11-10,,0,1,1,0,4,1,601579.SH,会稽山,002374.SZ,中锐股份,600702.SH,舍得酒业,,,,,,,,,,,0
酿酒,EP000141,2,2025-12-15,2025-12-15,,0,1,1,0,2,0,002374.SZ,中锐股份,000995.SZ,皇台酒业,,,,,,,,,,,,,0
酿酒,EP000257,3,2026-01-29,2026-02-02,2026-01-29,1,3,3,2,21,1,600084.SH,中信尼雅,000995.SZ,皇台酒业,000799.SZ,酒鬼酒,600084.SH,中信尼雅,Leader1,000995.SZ,皇台酒业,Leader2,000799.SZ,酒鬼酒,Leader3,1,1
酿酒,EP000276,4,2026-02-05,2026-02-05,2026-02-05,1,1,1,1,3,1,600382.SH,广东明珠,600084.SH,中信尼雅,002575.SZ,群兴玩具,600382.SH,广东明珠,Leader1,600084.SH,中信尼雅,Leader2,002575.SZ,群兴玩具,Leader3,1,1
酿酒,EP000526,5,2026-05-25,2026-05-25,,0,1,1,0,2,0,603919.SH,金徽酒,000995.SZ,皇台酒业,,,,,,,,,,,,,0
金刚石概念,EP000049,1,2025-11-11,2025-11-11,,0,1,1,0,3,1,300179.SZ,四方达,600172.SH,黄河旋风,605580.SH,恒盛能源,,,,,,,,,,,0
金刚石概念,EP000521,2,2026-05-22,2026-05-25,,0,2,2,0,5,1,603661.SH,恒林股份,600172.SH,黄河旋风,300179.SZ,四方达,,,,,,,,,,,0
金刚石概念,EP000531,3,2026-05-28,2026-05-28,,0,1,1,0,3,1,600172.SH,黄河旋风,605580.SH,恒盛能源,300179.SZ,四方达,,,,,,,,,,,0
金刚石概念,EP000594,4,2026-06-22,2026-06-23,,0,2,2,0,7,1,002655.SZ,共达电声,600172.SH,黄河旋风,300179.SZ,四方达,,,,,,,,,,,0
金刚石概念,EP000723,5,2026-08-05,2026-08-05,,0,1,1,0,2,0,002655.SZ,共达电声,600172.SH,黄河旋风,,,,,,,,,,,,,0
金属铝,EP000033,1,2025-11-06,2025-11-06,2025-11-06,1,1,1,1,6,1,002578.SZ,闽发铝业,600219.SH,南山铝业,002160.SZ,常铝股份,002578.SZ,闽发铝业,Leader1,600219.SH,南山铝业,Leader2,002160.SZ,常铝股份,Leader3,1,1
金属铝,EP000389,2,2026-03-30,2026-03-30,2026-03-30,1,1,1,1,8,1,002532.SZ,天山铝业,002160.SZ,常铝股份,002578.SZ,闽发铝业,002532.SZ,天山铝业,Leader1,002160.SZ,常铝股份,Leader2,002578.SZ,闽发铝业,Leader3,1,1
金属铝,EP000659,3,2026-07-14,2026-07-14,,0,1,1,0,5,1,600595.SH,中孚实业,002128.SZ,电投能源,002532.SZ,天山铝业,,,,,,,,,,,0
金融概念,EP000123,1,2025-12-05,2025-12-05,,0,1,1,0,3,1,002961.SZ,瑞达期货,300377.SZ,赢时胜,601696.SH,中银证券,,,,,,,,,,,0
金融概念,EP000148,2,2025-12-17,2025-12-17,2025-12-17,1,1,1,1,2,0,603123.SH,翠微股份,300551.SZ,古鳌科技,,,603123.SH,翠微股份,Leader1,300551.SZ,古鳌科技,Leader2,,,,0,1
金融概念,EP000199,3,2026-01-06,2026-01-06,,0,1,1,0,4,1,002177.SZ,御银股份,002197.SZ,证通电子,300399.SZ,天利科技,,,,,,,,,,,0
金融概念,EP000595,4,2026-06-22,2026-06-22,,0,1,1,0,5,1,002657.SZ,中科金财,300085.SZ,银之杰,000987.SZ,越秀资本,,,,,,,,,,,0
金融概念,EP000675,5,2026-07-21,2026-07-21,,0,1,1,0,4,1,002197.SZ,证通电子,002987.SZ,京北方,000555.SZ,神州信息,,,,,,,,,,,0
金融概念,EP000728,6,2026-08-06,2026-08-06,,0,1,1,0,2,0,603106.SH,恒银科技,300386.SZ,飞天诚信,,,,,,,,,,,,,0
金融概念,EP000783,7,2026-08-26,2026-08-27,2026-08-26,1,2,2,1,4,1,003040.SZ,楚天龙,002094.SZ,青岛金王,000997.SZ,新大陆,003040.SZ,楚天龙,Leader1,002094.SZ,青岛金王,Leader2,000997.SZ,新大陆,Leader3,1,1
锂电池,EP000005,1,2025-10-30,2025-10-31,2025-10-30,1,2,2,2,7,1,001203.SZ,大中矿业,603026.SH,石大胜华,002759.SZ,天际股份,001203.SZ,大中矿业,Leader1,603026.SH,石大胜华,Leader2,002759.SZ,天际股份,Leader3,1,1
锂电池,EP000034,2,2025-11-06,2025-11-20,2025-11-06,1,11,10,10,6,1,002591.SZ,恒大高新,603978.SH,深圳新星,001203.SZ,大中矿业,002591.SZ,恒大高新,Leader1,603978.SH,深圳新星,Leader2,001203.SZ,大中矿业,Leader3,1,1
锂电池,EP000088,3,2025-11-24,2025-12-01,2025-11-25,1,6,6,4,3,1,601238.SH,广汽集团,603778.SH,国晟科技,002667.SZ,威领股份,603778.SH,国晟科技,Leader1,603906.SH,龙蟠科技,Leader2,600237.SH,铜峰电子,Leader3,1,0
锂电池,EP000134,4,2025-12-10,2025-12-10,,0,1,1,0,2,0,002083.SZ,孚日股份,603681.SH,永冠新材,,,,,,,,,,,,,0
锂电池,EP000149,5,2025-12-17,2025-12-17,2025-12-17,1,1,1,1,5,1,000546.SZ,金圆股份,002759.SZ,天际股份,001359.SZ,平安电工,000546.SZ,金圆股份,Leader1,002759.SZ,天际股份,Leader2,001359.SZ,平安电工,Leader3,1,1
锂电池,EP000165,6,2025-12-23,2025-12-23,2025-12-23,1,1,1,1,4,1,002759.SZ,天际股份,002407.SZ,多氟多,000695.SZ,滨海能源,002759.SZ,天际股份,Leader1,002407.SZ,多氟多,Leader2,000695.SZ,滨海能源,Leader3,1,1
锂电池,EP000179,7,2025-12-26,2025-12-29,2025-12-26,1,2,2,1,11,1,000036.SZ,华联控股,002759.SZ,天际股份,603978.SH,深圳新星,000036.SZ,华联控股,Leader1,002759.SZ,天际股份,Leader2,603978.SH,深圳新星,Leader3,1,1
锂电池,EP000191,8,2026-01-05,2026-01-06,2026-01-06,1,2,2,1,3,1,603778.SH,国晟科技,002083.SZ,孚日股份,002759.SZ,天际股份,603778.SH,国晟科技,Leader1,000695.SZ,滨海能源,Leader2,002882.SZ,金龙羽,Leader3,1,0
锂电池,EP000237,9,2026-01-21,2026-01-23,2026-01-23,1,3,2,1,5,1,000036.SZ,华联控股,002240.SZ,盛新锂能,001203.SZ,大中矿业,001203.SZ,大中矿业,Leader1,603200.SH,上海洗霸,Leader2,001223.SZ,欧克科技,Leader3,1,0
锂电池,EP000283,10,2026-02-06,2026-02-06,2026-02-06,1,1,1,1,8,1,000056.SZ,皇庭国际,603959.SH,百利科技,600884.SH,杉杉股份,000056.SZ,皇庭国际,Leader1,603959.SH,百利科技,Leader2,600884.SH,杉杉股份,Leader3,1,1
锂电池,EP000307,11,2026-02-25,2026-02-25,,0,1,1,0,5,1,000056.SZ,皇庭国际,002176.SZ,江特电机,001203.SZ,大中矿业,,,,,,,,,,,0
锂电池,EP000376,12,2026-03-24,2026-03-24,2026-03-24,1,1,1,1,7,1,002192.SZ,融捷股份,002083.SZ,孚日股份,300497.SZ,富祥药业,002192.SZ,融捷股份,Leader1,002083.SZ,孚日股份,Leader2,300497.SZ,富祥药业,Leader3,1,1
锂电池,EP000380,13,2026-03-26,2026-03-27,2026-03-26,1,2,2,2,5,1,002192.SZ,融捷股份,603937.SH,丽岛新材,601515.SH,衢州东峰,002192.SZ,融捷股份,Leader1,603937.SH,丽岛新材,Leader2,601515.SH,衢州东峰,Leader3,1,1
锂电池,EP000402,14,2026-04-01,2026-04-01,,0,1,1,0,3,1,603937.SH,丽岛新材,002083.SZ,孚日股份,601515.SH,衢州东峰,,,,,,,,,,,0
锂电池,EP000413,15,2026-04-07,2026-04-07,,0,1,1,0,4,1,600110.SH,诺德股份,000695.SZ,滨海能源,300165.SZ,天瑞仪器,,,,,,,,,,,0
锂电池,EP000430,16,2026-04-10,2026-04-16,2026-04-10,1,5,5,4,9,1,002824.SZ,和胜股份,002580.SZ,圣阳股份,002074.SZ,国轩高科,002824.SZ,和胜股份,Leader1,002580.SZ,圣阳股份,Leader2,002074.SZ,国轩高科,Leader3,1,1
锂电池,EP000462,17,2026-04-24,2026-04-27,2026-04-24,1,2,2,1,14,1,300283.SZ,温州宏丰,000546.SZ,金圆股份,603520.SH,司太立,300283.SZ,温州宏丰,Leader1,000546.SZ,金圆股份,Leader2,603520.SH,司太立,Leader3,1,1
锂电池,EP000473,18,2026-04-29,2026-05-06,2026-04-29,1,3,3,3,17,1,600338.SH,西藏珠峰,603937.SH,丽岛新材,603399.SH,永杉锂业,600338.SH,西藏珠峰,Leader1,603937.SH,丽岛新材,Leader2,603399.SH,永杉锂业,Leader3,1,1
锂电池,EP000486,19,2026-05-08,2026-05-08,2026-05-08,1,1,1,1,6,1,603937.SH,丽岛新材,000036.SZ,华联控股,002091.SZ,江苏国泰,603937.SH,丽岛新材,Leader1,000036.SZ,华联控股,Leader2,002091.SZ,江苏国泰,Leader3,1,1
锂电池,EP000494,20,2026-05-13,2026-05-14,,0,2,2,0,3,1,002805.SZ,丰元股份,002825.SZ,纳尔股份,001223.SZ,欧克科技,,,,,,,,,,,0
锂电池,EP000532,21,2026-05-28,2026-05-28,,0,1,1,0,3,1,603032.SH,德新科技,301565.SZ,中仑新材,002768.SZ,国恩股份,,,,,,,,,,,0
锂电池,EP000569,22,2026-06-12,2026-06-22,,0,6,2,0,4,1,600067.SH,冠城新材,002088.SZ,鲁阳节能,002882.SZ,金龙羽,,,,,,,,,,,0
锂电池,EP000619,23,2026-06-30,2026-07-01,,0,2,2,0,3,1,002805.SZ,丰元股份,300518.SZ,新迅达,301513.SZ,尚水智能,,,,,,,,,,,0
锂电池,EP000687,24,2026-07-23,2026-07-23,2026-07-23,1,1,1,1,9,1,603399.SH,永杉锂业,002083.SZ,孚日股份,000688.SZ,国城矿业,603399.SH,永杉锂业,Leader1,002083.SZ,孚日股份,Leader2,000688.SZ,国城矿业,Leader3,1,1
锂电池,EP000696,25,2026-07-27,2026-07-30,2026-07-29,1,4,3,1,6,1,002388.SZ,新亚制程,300214.SZ,日科化学,002580.SZ,圣阳股份,002580.SZ,圣阳股份,Leader1,002882.SZ,金龙羽,Leader2,002083.SZ,孚日股份,Leader3,1,0
锂电池,EP000737,26,2026-08-10,2026-08-10,,0,1,1,0,3,1,002388.SZ,新亚制程,002748.SZ,世龙实业,000973.SZ,佛塑科技,,,,,,,,,,,0
锂电池,EP000774,27,2026-08-24,2026-08-24,2026-08-24,1,1,1,1,4,1,603200.SH,上海洗霸,301152.SZ,天力锂能,603032.SH,德新科技,603200.SH,上海洗霸,Leader1,301152.SZ,天力锂能,Leader2,603032.SH,德新科技,Leader3,1,1
零售,EP000043,1,2025-11-10,2025-11-13,2025-11-12,1,4,4,1,4,1,600693.SH,东百集团,600113.SH,浙江东日,605188.SH,国光连锁,600693.SH,东百集团,Leader1,600113.SH,浙江东日,Leader2,000061.SZ,农产品,Leader3,1,0
零售,EP000095,2,2025-11-26,2025-11-28,2025-11-26,1,3,3,1,6,1,600828.SH,茂业商业,601116.SH,三江购物,002187.SZ,广百股份,600828.SH,茂业商业,Leader1,601116.SH,三江购物,Leader2,002187.SZ,广百股份,Leader3,1,1
零售,EP000128,3,2025-12-09,2025-12-19,2025-12-09,1,9,8,6,6,1,600693.SH,东百集团,601933.SH,永辉超市,600828.SH,茂业商业,600693.SH,东百集团,Leader1,601933.SH,永辉超市,Leader2,600828.SH,茂业商业,Leader3,1,1
零售,EP000211,4,2026-01-09,2026-01-12,2026-01-12,1,2,2,1,3,1,002187.SZ,广百股份,600828.SH,茂业商业,600858.SH,银座股份,600828.SH,茂业商业,Leader1,601116.SH,三江购物,Leader2,603708.SH,家家悦,Leader3,1,0
零售,EP000263,5,2026-02-02,2026-02-02,,0,1,1,0,2,0,600785.SH,新华百货,600828.SH,茂业商业,,,,,,,,,,,,,0
零售,EP000277,6,2026-02-05,2026-02-05,2026-02-05,1,1,1,1,3,1,600828.SH,茂业商业,600814.SH,杭州解百,601116.SH,三江购物,600828.SH,茂业商业,Leader1,600814.SH,杭州解百,Leader2,601116.SH,三江购物,Leader3,1,1
零售,EP000431,7,2026-04-10,2026-04-10,,0,1,1,0,3,1,601010.SH,文峰股份,001211.SZ,双枪科技,603101.SH,汇嘉时代,,,,,,,,,,,0
零售,EP000530,8,2026-05-27,2026-05-27,,0,1,1,0,2,0,002251.SZ,步步高,000759.SZ,中百集团,,,,,,,,,,,,,0
零售,EP000533,9,2026-05-29,2026-05-29,2026-05-29,1,1,1,1,8,1,002251.SZ,步步高,600280.SH,中央商场,600828.SH,茂业商业,002251.SZ,步步高,Leader1,600280.SH,中央商场,Leader2,600828.SH,茂业商业,Leader3,1,1
零售,EP000553,10,2026-06-08,2026-06-08,,0,1,1,0,2,0,000759.SZ,中百集团,600280.SH,中央商场,,,,,,,,,,,,,0
零售,EP000615,11,2026-06-29,2026-07-01,2026-06-29,1,3,2,1,3,1,600857.SH,宁波中百,000759.SZ,中百集团,600113.SH,浙江东日,600857.SH,宁波中百,Leader1,000759.SZ,中百集团,Leader2,600113.SH,浙江东日,Leader3,1,1
零售,EP000706,12,2026-07-29,2026-07-29,,0,1,1,0,3,1,600693.SH,东百集团,605188.SH,国光连锁,601086.SH,国芳集团,,,,,,,,,,,0
零售,EP000745,13,2026-08-12,2026-08-12,,0,1,1,0,4,1,603277.SH,银都股份,600857.SH,宁波中百,000715.SZ,中兴商业,,,,,,,,,,,0
零售,EP000760,14,2026-08-18,2026-08-18,,0,1,1,0,3,1,603708.SH,家家悦,601116.SH,三江购物,600113.SH,浙江东日,,,,,,,,,,,0
零售,EP000779,15,2026-08-25,2026-08-25,,0,1,1,0,3,1,600785.SH,新华百货,600838.SH,上海九百,000759.SZ,中百集团,,,,,,,,,,,0
非金属材料,EP000588,1,2026-06-18,2026-06-24,2026-06-18,1,4,4,3,11,1,600353.SH,旭光电子,603407.SH,长裕集团,603663.SH,三祥新材,600353.SH,旭光电子,Leader1,603407.SH,长裕集团,Leader2,603663.SH,三祥新材,Leader3,1,1
非金属材料,EP000676,2,2026-07-21,2026-07-21,2026-07-21,1,1,1,1,8,1,002167.SZ,东方锆业,603407.SH,长裕集团,002138.SZ,顺络电子,002167.SZ,东方锆业,Leader1,603407.SH,长裕集团,Leader2,002138.SZ,顺络电子,Leader3,1,1
面板,EP000330,1,2026-03-05,2026-03-05,2026-03-05,1,1,1,1,24,1,002952.SZ,亚世光电,300323.SZ,华灿光电,002429.SZ,兆驰股份,002952.SZ,亚世光电,Leader1,300323.SZ,华灿光电,Leader2,002429.SZ,兆驰股份,Leader3,1,1
面板,EP000514,2,2026-05-21,2026-05-21,,0,1,1,0,3,1,000536.SZ,华映科技,002952.SZ,亚世光电,688055.SH,龙腾光电,,,,,,,,,,,0
面板,EP000620,3,2026-06-30,2026-06-30,2026-06-30,1,1,1,1,8,1,000100.SZ,TCL科技,300545.SZ,联得装备,300269.SZ,联建光电,000100.SZ,TCL科技,Leader1,300545.SZ,联得装备,Leader2,300269.SZ,联建光电,Leader3,1,1
风电,EP000346,1,2026-03-12,2026-03-20,2026-03-12,1,7,6,5,7,1,603092.SH,德力佳,603507.SH,振江股份,603693.SH,江苏新能,603092.SH,德力佳,Leader1,603507.SH,振江股份,Leader2,603693.SH,江苏新能,Leader3,1,1
风电,EP000697,2,2026-07-27,2026-07-27,,0,1,1,0,3,1,603988.SH,中电电机,601218.SH,吉鑫科技,603507.SH,振江股份,,,,,,,,,,,0
食品饮料,EP000044,1,2025-11-10,2025-11-13,2025-11-10,1,4,4,1,5,1,300997.SZ,欢乐家,603536.SH,惠发食品,600429.SH,三元股份,300997.SZ,欢乐家,Leader1,603536.SH,惠发食品,Leader2,600429.SH,三元股份,Leader3,1,1
食品饮料,EP000101,2,2025-11-27,2025-12-05,2025-12-01,1,7,6,4,2,0,002702.SZ,海欣食品,002495.SZ,佳隆股份,,,002702.SZ,海欣食品,Leader1,001318.SZ,阳光乳业,Leader2,,,,0,0
食品饮料,EP000129,3,2025-12-09,2025-12-09,,0,1,1,0,3,1,603696.SH,安记食品,002329.SZ,皇氏集团,605388.SH,均瑶健康,,,,,,,,,,,0
食品饮料,EP000142,4,2025-12-15,2025-12-22,2025-12-15,1,6,5,2,8,1,002329.SZ,皇氏集团,001318.SZ,阳光乳业,605388.SH,均瑶健康,002329.SZ,皇氏集团,Leader1,001318.SZ,阳光乳业,Leader2,605388.SH,均瑶健康,Leader3,1,1
食品饮料,EP000234,5,2026-01-20,2026-01-20,,0,1,1,0,3,1,600187.SH,国中水务,605089.SH,味知香,000523.SZ,红棉股份,,,,,,,,,,,0
食品饮料,EP000559,6,2026-06-09,2026-06-09,,0,1,1,0,2,0,603020.SH,爱普股份,001215.SZ,千味央厨,,,,,,,,,,,,,0
食品饮料,EP000570,7,2026-06-12,2026-06-12,,0,1,1,0,2,0,603020.SH,爱普股份,605198.SH,安德利,,,,,,,,,,,,,0
食品饮料,EP000609,8,2026-06-25,2026-06-29,,0,3,2,0,2,0,002303.SZ,美盈森,605300.SH,佳禾食品,,,,,,,,,,,,,0
食品饮料,EP000640,9,2026-07-06,2026-07-06,,0,1,1,0,3,1,002329.SZ,皇氏集团,603020.SH,爱普股份,002910.SZ,庄园牧场,,,,,,,,,,,0
食品饮料,EP000700,10,2026-07-28,2026-08-03,2026-07-29,1,5,5,2,3,1,600191.SH,华资实业,605179.SH,一鸣食品,002847.SZ,盐津铺子,605179.SH,一鸣食品,Leader1,605388.SH,均瑶健康,Leader2,300997.SZ,欢乐家,Leader3,1,0
食品饮料,EP000738,11,2026-08-10,2026-08-12,,0,3,3,0,4,1,605179.SH,一鸣食品,603711.SH,香飘飘,002329.SZ,皇氏集团,,,,,,,,,,,0
食品饮料,EP000756,12,2026-08-17,2026-08-18,,0,2,2,0,4,1,605179.SH,一鸣食品,002820.SZ,桂发祥,001318.SZ,阳光乳业,,,,,,,,,,,0
黄金,EP000215,1,2026-01-13,2026-01-14,2026-01-14,1,2,2,1,2,0,002574.SZ,明牌珠宝,600170.SH,上海建工,,,002574.SZ,明牌珠宝,Leader1,001360.SZ,南矿集团,Leader2,002716.SZ,湖南白银,Leader3,1,0
黄金,EP000233,2,2026-01-19,2026-01-29,2026-01-21,1,9,8,6,3,1,001337.SZ,四川黄金,000506.SZ,招金黄金,002574.SZ,明牌珠宝,001337.SZ,四川黄金,Leader1,601212.SH,白银有色,Leader2,000506.SZ,招金黄金,Leader3,1,0
黄金,EP000268,3,2026-02-03,2026-02-03,,0,1,1,0,2,0,002155.SZ,湖南黄金,605599.SH,菜百股份,,,,,,,,,,,,,0
黄金,EP000284,4,2026-02-06,2026-02-06,,0,1,1,0,4,1,001360.SZ,南矿集团,002345.SZ,潮宏基,600987.SH,航民股份,,,,,,,,,,,0
黄金,EP000305,5,2026-02-24,2026-02-24,,0,1,1,0,5,1,002716.SZ,湖南白银,601212.SH,白银有色,001337.SZ,四川黄金,,,,,,,,,,,0
黄金,EP000321,6,2026-03-02,2026-03-02,2026-03-02,1,1,1,1,8,1,002155.SZ,湖南黄金,601069.SH,西部黄金,001337.SZ,四川黄金,002155.SZ,湖南黄金,Leader1,601069.SH,西部黄金,Leader2,001337.SZ,四川黄金,Leader3,1,1
黄金,EP000424,7,2026-04-08,2026-04-08,,0,1,1,0,4,1,601069.SH,西部黄金,000506.SZ,招金黄金,001337.SZ,四川黄金,,,,,,,,,,,0
黄金,EP000571,8,2026-06-12,2026-06-12,,0,1,1,0,5,1,002345.SZ,潮宏基,600531.SH,豫光金铅,000506.SZ,招金黄金,,,,,,,,,,,0
黄金,EP000634,9,2026-07-02,2026-07-03,2026-07-03,1,2,2,1,4,1,600988.SH,赤峰黄金,000506.SZ,招金黄金,600490.SH,鹏欣资源,000506.SZ,招金黄金,Leader1,600988.SH,赤峰黄金,Leader2,000975.SZ,山金国际,Leader3,1,0
黄金,EP000680,10,2026-07-22,2026-07-23,2026-07-22,1,2,2,1,5,1,000603.SZ,盛达资源,000975.SZ,山金国际,000506.SZ,招金黄金,000603.SZ,盛达资源,Leader1,000975.SZ,山金国际,Leader2,000506.SZ,招金黄金,Leader3,1,1
黄金,EP000724,11,2026-08-05,2026-08-10,,0,4,4,0,3,1,001337.SZ,四川黄金,002721.SZ,金一文化,603988.SH,中电电机,,,,,,,,,,,0
黄金,EP000767,12,2026-08-20,2026-08-24,2026-08-21,1,3,3,2,7,1,603988.SH,中电电机,000017.SZ,深中华A,001360.SZ,南矿集团,000017.SZ,深中华A,Leader1,601212.SH,白银有色,Leader2,002716.SZ,湖南白银,Leader3,1,0
黄金,EP000784,13,2026-08-26,2026-08-28,2026-08-26,1,3,3,1,5,1,000017.SZ,深中华A,601212.SH,白银有色,002721.SZ,金一文化,000017.SZ,深中华A,Leader1,601212.SH,白银有色,Leader2,002721.SZ,金一文化,Leader3,1,1
