日期,接力情绪分_reference,档位_reference,方向_reference,M1连板接力_reference,M2强势股反馈_reference,M3涨跌停结构_reference,M4中位股生态_reference,M5流动性_reference,涨停数_reference,炸板数_reference,跌停数_reference,连板数_reference,最高板_reference,1进2_reference,连板晋级率_reference,昨日涨停今日开盘均值_reference,昨日涨停今日收盘均值_reference,中位大面率_reference,两市成交额_万亿_reference,成交额较20日均_reference,恐慌放量_reference,合格股票数_reference,数据质量_reference,一行摘要_reference,接力情绪分_computed,档位_computed,方向_computed,M1连板接力_computed,M2强势股反馈_computed,M3涨跌停结构_computed,M4中位股生态_computed,M5流动性_computed,涨停数_computed,炸板数_computed,跌停数_computed,连板数_computed,最高板_computed,1进2_computed,连板晋级率_computed,昨日涨停今日开盘均值_computed,昨日涨停今日收盘均值_computed,中位大面率_computed,两市成交额_万亿_computed,成交额较20日均_computed,恐慌放量_computed,合格股票数_computed,数据质量_computed,一行摘要_computed,_merge,接力情绪分_diff,M1连板接力_diff,M2强势股反馈_diff,M3涨跌停结构_diff,M4中位股生态_diff,M5流动性_diff,涨停数_diff,炸板数_diff,跌停数_diff,合格股票数_diff,grade_match
2025-01-02,37.3,C,↓,64.0,38.0,40.0,0.0,19.0,59,42,14,15,6,0.286,0.455,0.0169,0.0153,0.444,1.397,0.887,False,5004,正常,情绪 37 C ↓｜涨停 59、炸板 42、跌停 14｜1进2 29%、连板晋级 45%｜最高 6 板｜昨日涨停今日均 +1.5%｜中位大面率 44%｜成交 1.40 万亿（较20日均 0.89 倍）,37.3,C,↓,64.0,38.0,40.0,0.0,19.0,59,42,14,15,6,0.286,0.455,0.0169,0.0153,0.444,1.397,0.887,False,5004,正常,情绪 37 C ↓｜涨停 59、炸板 42、跌停 14｜1进2 29%、连板晋级 45%｜最高 6 板｜昨日涨停今日均 +1.5%｜中位大面率 44%｜成交 1.40 万亿（较20日均 0.89 倍）,both,0.0,0.0,0.0,0.0,0.0,0.0,0,0,0,0,True
2025-01-03,32.1,D,↓,58.0,35.0,38.0,0.0,0.0,45,22,86,15,7,0.205,0.4,0.0241,-0.0043,0.5,1.269,0.812,False,5005,正常,情绪 32 D ↓｜涨停 45、炸板 22、跌停 86｜1进2 20%、连板晋级 40%｜最高 7 板｜昨日涨停今日均 -0.4%｜中位大面率 50%｜成交 1.27 万亿（较20日均 0.81 倍）,32.1,D,↓,58.0,35.0,38.0,0.0,0.0,45,22,86,15,7,0.205,0.4,0.0241,-0.0043,0.5,1.269,0.812,False,5005,正常,情绪 32 D ↓｜涨停 45、炸板 22、跌停 86｜1进2 20%、连板晋级 40%｜最高 7 板｜昨日涨停今日均 -0.4%｜中位大面率 50%｜成交 1.27 万亿（较20日均 0.81 倍）,both,0.0,0.0,0.0,0.0,0.0,0.0,0,0,0,0,True
2025-01-06,21.3,D,↓,48.0,16.0,20.0,0.0,0.0,60,25,65,15,4,0.367,0.267,0.0072,0.022,0.385,1.059,0.683,False,5004,正常,情绪 21 D ↓｜涨停 60、炸板 25、跌停 65｜1进2 37%、连板晋级 27%｜最高 4 板｜昨日涨停今日均 +2.2%｜中位大面率 38%｜成交 1.06 万亿（较20日均 0.68 倍）,21.3,D,↓,48.0,16.0,20.0,0.0,0.0,60,25,65,15,4,0.367,0.267,0.0072,0.022,0.385,1.059,0.683,False,5004,正常,情绪 21 D ↓｜涨停 60、炸板 25、跌停 65｜1进2 37%、连板晋级 27%｜最高 4 板｜昨日涨停今日均 +2.2%｜中位大面率 38%｜成交 1.06 万亿（较20日均 0.68 倍）,both,0.0,0.0,0.0,0.0,0.0,0.0,0,0,0,0,True
2025-01-07,45.0,C,↑,50.0,48.0,82.0,13.0,0.0,95,24,11,16,5,0.239,0.333,0.0228,0.032,0.333,1.077,0.712,False,5007,正常,情绪 45 C ↑｜涨停 95、炸板 24、跌停 11｜1进2 24%、连板晋级 33%｜最高 5 板｜昨日涨停今日均 +3.2%｜中位大面率 33%｜成交 1.08 万亿（较20日均 0.71 倍）,45.0,C,↑,50.0,48.0,82.0,13.0,0.0,95,24,11,16,5,0.239,0.333,0.0228,0.032,0.333,1.077,0.712,False,5007,正常,情绪 45 C ↑｜涨停 95、炸板 24、跌停 11｜1进2 24%、连板晋级 33%｜最高 5 板｜昨日涨停今日均 +3.2%｜中位大面率 33%｜成交 1.08 万亿（较20日均 0.71 倍）,both,0.0,0.0,0.0,0.0,0.0,0.0,0,0,0,0,True
2025-01-08,74.8,A,↑,100.0,75.0,81.0,71.0,5.0,66,30,5,23,6,0.165,0.625,0.0153,0.0384,0.133,1.244,0.837,False,5007,正常,情绪 75 A ↑｜涨停 66、炸板 30、跌停 5｜1进2 16%、连板晋级 62%｜最高 6 板｜昨日涨停今日均 +3.8%｜中位大面率 13%｜成交 1.24 万亿（较20日均 0.84 倍）,74.8,A,↑,100.0,75.0,81.0,71.0,5.0,66,30,5,23,6,0.165,0.625,0.0153,0.0384,0.133,1.244,0.837,False,5007,正常,情绪 75 A ↑｜涨停 66、炸板 30、跌停 5｜1进2 16%、连板晋级 62%｜最高 6 板｜昨日涨停今日均 +3.8%｜中位大面率 13%｜成交 1.24 万亿（较20日均 0.84 倍）,both,0.0,0.0,0.0,0.0,0.0,0.0,0,0,0,0,True
2025-01-09,72.8,A,→,100.0,78.0,95.0,40.0,0.0,87,22,5,25,7,0.302,0.522,0.0202,0.0349,0.238,1.113,0.774,False,5008,正常,情绪 73 A →｜涨停 87、炸板 22、跌停 5｜1进2 30%、连板晋级 52%｜最高 7 板｜昨日涨停今日均 +3.5%｜中位大面率 24%｜成交 1.11 万亿（较20日均 0.77 倍）,72.8,A,→,100.0,78.0,95.0,40.0,0.0,87,22,5,25,7,0.302,0.522,0.0202,0.0349,0.238,1.113,0.774,False,5008,正常,情绪 73 A →｜涨停 87、炸板 22、跌停 5｜1进2 30%、连板晋级 52%｜最高 7 板｜昨日涨停今日均 +3.5%｜中位大面率 24%｜成交 1.11 万亿（较20日均 0.77 倍）,both,0.0,0.0,0.0,0.0,0.0,0.0,0,0,0,0,True
2025-01-10,3.9,D,↓,0.0,14.0,3.0,0.0,0.0,38,47,45,13,7,0.145,0.16,0.0133,-0.0195,0.714,1.149,0.818,False,5008,正常,情绪 4 D ↓｜涨停 38、炸板 47、跌停 45｜1进2 15%、连板晋级 16%｜最高 7 板｜昨日涨停今日均 -2.0%｜中位大面率 71%｜成交 1.15 万亿（较20日均 0.82 倍）,3.9,D,↓,0.0,14.0,3.0,0.0,0.0,38,47,45,13,7,0.145,0.16,0.0133,-0.0195,0.714,1.149,0.818,False,5008,正常,情绪 4 D ↓｜涨停 38、炸板 47、跌停 45｜1进2 15%、连板晋级 16%｜最高 7 板｜昨日涨停今日均 -2.0%｜中位大面率 71%｜成交 1.15 万亿（较20日均 0.82 倍）,both,0.0,0.0,0.0,0.0,0.0,0.0,0,0,0,0,True
2025-01-13,12.2,D,↑,24.0,15.0,10.0,0.0,0.0,47,20,30,8,8,0.154,0.308,0.0112,0.003,0.455,0.967,0.706,False,5009,正常,情绪 12 D ↑｜涨停 47、炸板 20、跌停 30｜1进2 15%、连板晋级 31%｜最高 8 板｜昨日涨停今日均 +0.3%｜中位大面率 45%｜成交 0.97 万亿（较20日均 0.71 倍）,12.2,D,↑,24.0,15.0,10.0,0.0,0.0,47,20,30,8,8,0.154,0.308,0.0112,0.003,0.455,0.967,0.706,False,5009,正常,情绪 12 D ↑｜涨停 47、炸板 20、跌停 30｜1进2 15%、连板晋级 31%｜最高 8 板｜昨日涨停今日均 +0.3%｜中位大面率 45%｜成交 0.97 万亿（较20日均 0.71 倍）,both,0.0,0.0,0.0,0.0,0.0,0.0,0,0,0,0,True
2025-01-14,93.4,S,↑,100.0,97.0,100.0,95.0,54.0,134,35,0,16,9,0.211,1.0,0.0314,0.0613,0.0,1.351,1.029,False,5009,正常,情绪 93 S ↑｜涨停 134、炸板 35、跌停 0｜1进2 21%、连板晋级 100%｜最高 9 板｜昨日涨停今日均 +6.1%｜中位大面率 0%｜成交 1.35 万亿（较20日均 1.03 倍）,93.4,S,↑,100.0,97.0,100.0,95.0,54.0,134,35,0,16,9,0.211,1.0,0.0314,0.0613,0.0,1.351,1.029,False,5009,正常,情绪 93 S ↑｜涨停 134、炸板 35、跌停 0｜1进2 21%、连板晋级 100%｜最高 9 板｜昨日涨停今日均 +6.1%｜中位大面率 0%｜成交 1.35 万亿（较20日均 1.03 倍）,both,0.0,0.0,0.0,0.0,0.0,0.0,0,0,0,0,True
2025-01-15,42.2,C,↓,32.0,64.0,48.0,32.0,27.0,66,34,8,26,10,0.169,0.375,0.0346,0.0249,0.267,1.189,0.918,False,5009,正常,情绪 42 C ↓｜涨停 66、炸板 34、跌停 8｜1进2 17%、连板晋级 38%｜最高 10 板｜昨日涨停今日均 +2.5%｜中位大面率 27%｜成交 1.19 万亿（较20日均 0.92 倍）,42.2,C,↓,32.0,64.0,48.0,32.0,27.0,66,34,8,26,10,0.169,0.375,0.0346,0.0249,0.267,1.189,0.918,False,5009,正常,情绪 42 C ↓｜涨停 66、炸板 34、跌停 8｜1进2 17%、连板晋级 38%｜最高 10 板｜昨日涨停今日均 +2.5%｜中位大面率 27%｜成交 1.19 万亿（较20日均 0.92 倍）,both,0.0,0.0,0.0,0.0,0.0,0.0,0,0,0,0,True
2025-01-16,83.4,S,↑,100.0,79.0,73.0,100.0,46.0,72,34,4,23,6,0.175,0.615,0.0211,0.032,0.045,1.274,0.996,False,5009,正常,情绪 83 S ↑｜涨停 72、炸板 34、跌停 4｜1进2 18%、连板晋级 62%｜最高 6 板｜昨日涨停今日均 +3.2%｜中位大面率 5%｜成交 1.27 万亿（较20日均 1.00 倍）,83.4,S,↑,100.0,79.0,73.0,100.0,46.0,72,34,4,23,6,0.175,0.615,0.0211,0.032,0.045,1.274,0.996,False,5009,正常,情绪 83 S ↑｜涨停 72、炸板 34、跌停 4｜1进2 18%、连板晋级 62%｜最高 6 板｜昨日涨停今日均 +3.2%｜中位大面率 5%｜成交 1.27 万亿（较20日均 1.00 倍）,both,0.0,0.0,0.0,0.0,0.0,0.0,0,0,0,0,True
2025-01-17,21.0,D,↓,13.0,23.0,45.0,0.0,20.0,57,24,12,14,7,0.102,0.391,0.0132,-0.0056,0.4,1.137,0.891,False,5009,正常,情绪 21 D ↓｜涨停 57、炸板 24、跌停 12｜1进2 10%、连板晋级 39%｜最高 7 板｜昨日涨停今日均 -0.6%｜中位大面率 40%｜成交 1.14 万亿（较20日均 0.89 倍）,21.0,D,↓,13.0,23.0,45.0,0.0,20.0,57,24,12,14,7,0.102,0.391,0.0132,-0.0056,0.4,1.137,0.891,False,5009,正常,情绪 21 D ↓｜涨停 57、炸板 24、跌停 12｜1进2 10%、连板晋级 39%｜最高 7 板｜昨日涨停今日均 -0.6%｜中位大面率 40%｜成交 1.14 万亿（较20日均 0.89 倍）,both,0.0,0.0,0.0,0.0,0.0,0.0,0,0,0,0,True
2025-01-20,39.8,C,↑,62.0,43.0,43.0,0.0,33.0,70,40,20,16,5,0.233,0.429,0.0291,0.0161,0.462,1.184,0.94,False,5010,正常,情绪 40 C ↑｜涨停 70、炸板 40、跌停 20｜1进2 23%、连板晋级 43%｜最高 5 板｜昨日涨停今日均 +1.6%｜中位大面率 46%｜成交 1.18 万亿（较20日均 0.94 倍）,39.8,C,↑,62.0,43.0,43.0,0.0,33.0,70,40,20,16,5,0.233,0.429,0.0291,0.0161,0.462,1.184,0.94,False,5010,正常,情绪 40 C ↑｜涨停 70、炸板 40、跌停 20｜1进2 23%、连板晋级 43%｜最高 5 板｜昨日涨停今日均 +1.6%｜中位大面率 46%｜成交 1.18 万亿（较20日均 0.94 倍）,both,0.0,0.0,0.0,0.0,0.0,0.0,0,0,0,0,True
2025-01-21,51.7,B,↑,67.0,62.0,19.0,64.0,40.0,46,33,19,15,6,0.13,0.5,0.025,0.0156,0.154,1.206,0.97,False,5012,正常,情绪 52 B ↑｜涨停 46、炸板 33、跌停 19｜1进2 13%、连板晋级 50%｜最高 6 板｜昨日涨停今日均 +1.6%｜中位大面率 15%｜成交 1.21 万亿（较20日均 0.97 倍）,51.7,B,↑,67.0,62.0,19.0,64.0,40.0,46,33,19,15,6,0.13,0.5,0.025,0.0156,0.154,1.206,0.97,False,5012,正常,情绪 52 B ↑｜涨停 46、炸板 33、跌停 19｜1进2 13%、连板晋级 50%｜最高 6 板｜昨日涨停今日均 +1.6%｜中位大面率 15%｜成交 1.21 万亿（较20日均 0.97 倍）,both,0.0,0.0,0.0,0.0,0.0,0.0,0,0,0,0,True
2025-01-22,51.9,B,→,89.0,54.0,34.0,27.0,29.0,40,21,24,13,7,0.129,0.6,0.0211,0.01,0.286,1.136,0.926,False,5015,正常,情绪 52 B →｜涨停 40、炸板 21、跌停 24｜1进2 13%、连板晋级 60%｜最高 7 板｜昨日涨停今日均 +1.0%｜中位大面率 29%｜成交 1.14 万亿（较20日均 0.93 倍）,51.9,B,→,89.0,54.0,34.0,27.0,29.0,40,21,24,13,7,0.129,0.6,0.0211,0.01,0.286,1.136,0.926,False,5015,正常,情绪 52 B →｜涨停 40、炸板 21、跌停 24｜1进2 13%、连板晋级 60%｜最高 7 板｜昨日涨停今日均 +1.0%｜中位大面率 29%｜成交 1.14 万亿（较20日均 0.93 倍）,both,0.0,0.0,0.0,0.0,0.0,0.0,0,0,0,0,True
2025-01-23,31.2,D,↓,44.0,49.0,6.0,8.0,50.0,40,42,21,11,5,0.222,0.385,0.0481,0.0088,0.364,1.356,1.113,True,5015,正常,情绪 31 D ↓｜涨停 40、炸板 42、跌停 21｜1进2 22%、连板晋级 38%｜最高 5 板｜昨日涨停今日均 +0.9%｜中位大面率 36%｜成交 1.36 万亿（较20日均 1.11 倍）｜恐慌放量,31.2,D,↓,44.0,49.0,6.0,8.0,50.0,40,42,21,11,5,0.222,0.385,0.0481,0.0088,0.364,1.356,1.113,True,5015,正常,情绪 31 D ↓｜涨停 40、炸板 42、跌停 21｜1进2 22%、连板晋级 38%｜最高 5 板｜昨日涨停今日均 +0.9%｜中位大面率 36%｜成交 1.36 万亿（较20日均 1.11 倍）｜恐慌放量,both,0.0,0.0,0.0,0.0,0.0,0.0,0,0,0,0,True
2025-01-24,61.1,B,↑,88.0,40.0,67.0,45.0,47.0,66,12,21,13,6,0.241,0.545,0.0078,0.0159,0.222,1.223,1.0,False,5012,正常,情绪 61 B ↑｜涨停 66、炸板 12、跌停 21｜1进2 24%、连板晋级 55%｜最高 6 板｜昨日涨停今日均 +1.6%｜中位大面率 22%｜成交 1.22 万亿（较20日均 1.00 倍）,61.1,B,↑,88.0,40.0,67.0,45.0,47.0,66,12,21,13,6,0.241,0.545,0.0078,0.0159,0.222,1.223,1.0,False,5012,正常,情绪 61 B ↑｜涨停 66、炸板 12、跌停 21｜1进2 24%、连板晋级 55%｜最高 6 板｜昨日涨停今日均 +1.6%｜中位大面率 22%｜成交 1.22 万亿（较20日均 1.00 倍）,both,0.0,0.0,0.0,0.0,0.0,0.0,0,0,0,0,True
2025-01-27,6.9,D,↓,0.0,12.0,5.0,0.0,27.0,41,25,40,8,6,0.094,0.231,0.0138,-0.0068,0.4,1.118,0.917,False,5011,正常,情绪 7 D ↓｜涨停 41、炸板 25、跌停 40｜1进2 9%、连板晋级 23%｜最高 6 板｜昨日涨停今日均 -0.7%｜中位大面率 40%｜成交 1.12 万亿（较20日均 0.92 倍）,6.9,D,↓,0.0,12.0,5.0,0.0,27.0,41,25,40,8,6,0.094,0.231,0.0138,-0.0068,0.4,1.118,0.917,False,5011,正常,情绪 7 D ↓｜涨停 41、炸板 25、跌停 40｜1进2 9%、连板晋级 23%｜最高 6 板｜昨日涨停今日均 -0.7%｜中位大面率 40%｜成交 1.12 万亿（较20日均 0.92 倍）,both,0.0,0.0,0.0,0.0,0.0,0.0,0,0,0,0,True
2025-02-05,49.3,C,↑,64.0,52.0,35.0,31.0,64.0,76,33,33,14,5,0.324,0.375,0.0279,0.029,0.286,1.29,1.072,False,5014,正常,情绪 49 C ↑｜涨停 76、炸板 33、跌停 33｜1进2 32%、连板晋级 38%｜最高 5 板｜昨日涨停今日均 +2.9%｜中位大面率 29%｜成交 1.29 万亿（较20日均 1.07 倍）,49.3,C,↑,64.0,52.0,35.0,31.0,64.0,76,33,33,14,5,0.324,0.375,0.0279,0.029,0.286,1.29,1.072,False,5014,正常,情绪 49 C ↑｜涨停 76、炸板 33、跌停 33｜1进2 32%、连板晋级 38%｜最高 5 板｜昨日涨停今日均 +2.9%｜中位大面率 29%｜成交 1.29 万亿（较20日均 1.07 倍）,both,0.0,0.0,0.0,0.0,0.0,0.0,0,0,0,0,True
2025-02-06,92.0,S,↑,99.0,89.0,87.0,85.0,100.0,89,27,0,23,6,0.242,0.571,0.0272,0.0557,0.077,1.536,1.276,False,5014,正常,情绪 92 S ↑｜涨停 89、炸板 27、跌停 0｜1进2 24%、连板晋级 57%｜最高 6 板｜昨日涨停今日均 +5.6%｜中位大面率 8%｜成交 1.54 万亿（较20日均 1.28 倍）,92.0,S,↑,99.0,89.0,87.0,85.0,100.0,89,27,0,23,6,0.242,0.571,0.0272,0.0557,0.077,1.536,1.276,False,5014,正常,情绪 92 S ↑｜涨停 89、炸板 27、跌停 0｜1进2 24%、连板晋级 57%｜最高 6 板｜昨日涨停今日均 +5.6%｜中位大面率 8%｜成交 1.54 万亿（较20日均 1.28 倍）,both,0.0,0.0,0.0,0.0,0.0,0.0,0,0,0,0,True
2025-02-07,97.3,S,↑,100.0,98.0,90.0,100.0,100.0,80,49,1,25,7,0.152,0.652,0.0395,0.0499,0.0,1.961,1.616,False,5014,正常,情绪 97 S ↑｜涨停 80、炸板 49、跌停 1｜1进2 15%、连板晋级 65%｜最高 7 板｜昨日涨停今日均 +5.0%｜中位大面率 0%｜成交 1.96 万亿（较20日均 1.62 倍）,97.3,S,↑,100.0,98.0,90.0,100.0,100.0,80,49,1,25,7,0.152,0.652,0.0395,0.0499,0.0,1.961,1.616,False,5014,正常,情绪 97 S ↑｜涨停 80、炸板 49、跌停 1｜1进2 15%、连板晋级 65%｜最高 7 板｜昨日涨停今日均 +5.0%｜中位大面率 0%｜成交 1.96 万亿（较20日均 1.62 倍）,both,0.0,0.0,0.0,0.0,0.0,0.0,0,0,0,0,True
2025-02-10,91.7,S,↓,100.0,93.0,100.0,60.0,100.0,119,26,1,31,8,0.327,0.52,0.0346,0.0441,0.174,1.731,1.394,False,5019,正常,情绪 92 S ↓｜涨停 119、炸板 26、跌停 1｜1进2 33%、连板晋级 52%｜最高 8 板｜昨日涨停今日均 +4.4%｜中位大面率 17%｜成交 1.73 万亿（较20日均 1.39 倍）,91.7,S,↓,100.0,93.0,100.0,60.0,100.0,119,26,1,31,8,0.327,0.52,0.0346,0.0441,0.174,1.731,1.394,False,5019,正常,情绪 92 S ↓｜涨停 119、炸板 26、跌停 1｜1进2 33%、连板晋级 52%｜最高 8 板｜昨日涨停今日均 +4.4%｜中位大面率 17%｜成交 1.73 万亿（较20日均 1.39 倍）,both,0.0,0.0,0.0,0.0,0.0,0.0,0,0,0,0,True
2025-02-11,75.5,A,↓,62.0,70.0,81.0,81.0,100.0,69,33,0,25,9,0.125,0.452,0.0243,0.0154,0.111,1.636,1.293,False,5018,正常,情绪 75 A ↓｜涨停 69、炸板 33、跌停 0｜1进2 12%、连板晋级 45%｜最高 9 板｜昨日涨停今日均 +1.5%｜中位大面率 11%｜成交 1.64 万亿（较20日均 1.29 倍）,75.5,A,↓,62.0,70.0,81.0,81.0,100.0,69,33,0,25,9,0.125,0.452,0.0243,0.0154,0.111,1.636,1.293,False,5018,正常,情绪 75 A ↓｜涨停 69、炸板 33、跌停 0｜1进2 12%、连板晋级 45%｜最高 9 板｜昨日涨停今日均 +1.5%｜中位大面率 11%｜成交 1.64 万亿（较20日均 1.29 倍）,both,0.0,0.0,0.0,0.0,0.0,0.0,0,0,0,0,True
2025-02-12,65.8,A,↓,26.0,70.0,75.0,92.0,100.0,82,29,0,17,10,0.136,0.44,0.019,0.0277,0.062,1.677,1.296,False,5018,正常,情绪 66 A ↓｜涨停 82、炸板 29、跌停 0｜1进2 14%、连板晋级 44%｜最高 10 板｜昨日涨停今日均 +2.8%｜中位大面率 6%｜成交 1.68 万亿（较20日均 1.30 倍）,65.8,A,↓,26.0,70.0,75.0,92.0,100.0,82,29,0,17,10,0.136,0.44,0.019,0.0277,0.062,1.677,1.296,False,5018,正常,情绪 66 A ↓｜涨停 82、炸板 29、跌停 0｜1进2 14%、连板晋级 44%｜最高 10 板｜昨日涨停今日均 +2.8%｜中位大面率 6%｜成交 1.68 万亿（较20日均 1.30 倍）,both,0.0,0.0,0.0,0.0,0.0,0.0,0,0,0,0,True
2025-02-13,59.7,B,↓,42.0,65.0,46.0,73.0,100.0,64,39,2,18,7,0.185,0.353,0.0326,0.0245,0.111,1.821,1.375,False,5019,正常,情绪 60 B ↓｜涨停 64、炸板 39、跌停 2｜1进2 18%、连板晋级 35%｜最高 7 板｜昨日涨停今日均 +2.5%｜中位大面率 11%｜成交 1.82 万亿（较20日均 1.38 倍）,59.7,B,↓,42.0,65.0,46.0,73.0,100.0,64,39,2,18,7,0.185,0.353,0.0326,0.0245,0.111,1.821,1.375,False,5019,正常,情绪 60 B ↓｜涨停 64、炸板 39、跌停 2｜1进2 18%、连板晋级 35%｜最高 7 板｜昨日涨停今日均 +2.5%｜中位大面率 11%｜成交 1.82 万亿（较20日均 1.38 倍）,both,0.0,0.0,0.0,0.0,0.0,0.0,0,0,0,0,True
2025-02-14,59.4,B,→,67.0,55.0,78.0,0.0,100.0,77,35,6,16,8,0.174,0.444,0.0187,0.0214,0.375,1.716,1.268,False,5017,正常,情绪 59 B →｜涨停 77、炸板 35、跌停 6｜1进2 17%、连板晋级 44%｜最高 8 板｜昨日涨停今日均 +2.1%｜中位大面率 38%｜成交 1.72 万亿（较20日均 1.27 倍）,59.4,B,→,67.0,55.0,78.0,0.0,100.0,77,35,6,16,8,0.174,0.444,0.0187,0.0214,0.375,1.716,1.268,False,5017,正常,情绪 59 B →｜涨停 77、炸板 35、跌停 6｜1进2 17%、连板晋级 44%｜最高 8 板｜昨日涨停今日均 +2.1%｜中位大面率 38%｜成交 1.72 万亿（较20日均 1.27 倍）,both,0.0,0.0,0.0,0.0,0.0,0.0,0,0,0,0,True
2025-02-17,69.9,A,↑,55.0,75.0,59.0,83.0,100.0,101,71,6,21,9,0.246,0.375,0.0541,0.0401,0.083,1.941,1.404,False,5023,正常,情绪 70 A ↑｜涨停 101、炸板 71、跌停 6｜1进2 25%、连板晋级 38%｜最高 9 板｜昨日涨停今日均 +4.0%｜中位大面率 8%｜成交 1.94 万亿（较20日均 1.40 倍）,69.9,A,↑,55.0,75.0,59.0,83.0,100.0,101,71,6,21,9,0.246,0.375,0.0541,0.0401,0.083,1.941,1.404,False,5023,正常,情绪 70 A ↑｜涨停 101、炸板 71、跌停 6｜1进2 25%、连板晋级 38%｜最高 9 板｜昨日涨停今日均 +4.0%｜中位大面率 8%｜成交 1.94 万亿（较20日均 1.40 倍）,both,0.0,0.0,0.0,0.0,0.0,0.0,0,0,0,0,True
2025-02-18,26.9,D,↓,15.0,29.0,24.0,0.0,100.0,46,32,19,17,6,0.15,0.238,0.0242,0.0062,0.421,1.799,1.264,False,5023,正常,情绪 27 D ↓｜涨停 46、炸板 32、跌停 19｜1进2 15%、连板晋级 24%｜最高 6 板｜昨日涨停今日均 +0.6%｜中位大面率 42%｜成交 1.80 万亿（较20日均 1.26 倍）,26.9,D,↓,15.0,29.0,24.0,0.0,100.0,46,32,19,17,6,0.15,0.238,0.0242,0.0062,0.421,1.799,1.264,False,5023,正常,情绪 27 D ↓｜涨停 46、炸板 32、跌停 19｜1进2 15%、连板晋级 24%｜最高 6 板｜昨日涨停今日均 +0.6%｜中位大面率 42%｜成交 1.80 万亿（较20日均 1.26 倍）,both,0.0,0.0,0.0,0.0,0.0,0.0,0,0,0,0,True
2025-02-19,63.3,B,↑,28.0,45.0,94.0,90.0,86.0,107,22,2,11,6,0.172,0.353,0.0195,0.0367,0.067,1.721,1.175,False,5023,正常,情绪 63 B ↑｜涨停 107、炸板 22、跌停 2｜1进2 17%、连板晋级 35%｜最高 6 板｜昨日涨停今日均 +3.7%｜中位大面率 7%｜成交 1.72 万亿（较20日均 1.18 倍）,63.3,B,↑,28.0,45.0,94.0,90.0,86.0,107,22,2,11,6,0.172,0.353,0.0195,0.0367,0.067,1.721,1.175,False,5023,正常,情绪 63 B ↑｜涨停 107、炸板 22、跌停 2｜1进2 17%、连板晋级 35%｜最高 6 板｜昨日涨停今日均 +3.7%｜中位大面率 7%｜成交 1.72 万亿（较20日均 1.18 倍）,both,0.0,0.0,0.0,0.0,0.0,0.0,0,0,0,0,True
2025-02-20,85.8,S,↑,100.0,79.0,100.0,51.0,87.0,96,25,1,25,7,0.177,0.727,0.0274,0.0292,0.2,1.756,1.185,False,5024,正常,情绪 86 S ↑｜涨停 96、炸板 25、跌停 1｜1进2 18%、连板晋级 73%｜最高 7 板｜昨日涨停今日均 +2.9%｜中位大面率 20%｜成交 1.76 万亿（较20日均 1.18 倍）,85.8,S,↑,100.0,79.0,100.0,51.0,87.0,96,25,1,25,7,0.177,0.727,0.0274,0.0292,0.2,1.756,1.185,False,5024,正常,情绪 86 S ↑｜涨停 96、炸板 25、跌停 1｜1进2 18%、连板晋级 73%｜最高 7 板｜昨日涨停今日均 +2.9%｜中位大面率 20%｜成交 1.76 万亿（较20日均 1.18 倍）,both,0.0,0.0,0.0,0.0,0.0,0.0,0,0,0,0,True
2025-02-21,55.8,B,↓,25.0,59.0,84.0,36.0,100.0,110,21,0,18,8,0.113,0.4,0.0262,0.0189,0.25,2.192,1.451,False,5023,正常,情绪 56 B ↓｜涨停 110、炸板 21、跌停 0｜1进2 11%、连板晋级 40%｜最高 8 板｜昨日涨停今日均 +1.9%｜中位大面率 25%｜成交 2.19 万亿（较20日均 1.45 倍）,55.8,B,↓,25.0,59.0,84.0,36.0,100.0,110,21,0,18,8,0.113,0.4,0.0262,0.0189,0.25,2.192,1.451,False,5023,正常,情绪 56 B ↓｜涨停 110、炸板 21、跌停 0｜1进2 11%、连板晋级 40%｜最高 8 板｜昨日涨停今日均 +1.9%｜中位大面率 25%｜成交 2.19 万亿（较20日均 1.45 倍）,both,0.0,0.0,0.0,0.0,0.0,0.0,0,0,0,0,True
2025-02-24,36.8,C,↓,4.0,40.0,43.0,37.0,100.0,85,41,10,18,6,0.141,0.278,0.0225,0.0156,0.25,2.08,1.336,False,5020,正常,情绪 37 C ↓｜涨停 85、炸板 41、跌停 10｜1进2 14%、连板晋级 28%｜最高 6 板｜昨日涨停今日均 +1.6%｜中位大面率 25%｜成交 2.08 万亿（较20日均 1.34 倍）,36.8,C,↓,4.0,40.0,43.0,37.0,100.0,85,41,10,18,6,0.141,0.278,0.0225,0.0156,0.25,2.08,1.336,False,5020,正常,情绪 37 C ↓｜涨停 85、炸板 41、跌停 10｜1进2 14%、连板晋级 28%｜最高 6 板｜昨日涨停今日均 +1.6%｜中位大面率 25%｜成交 2.08 万亿（较20日均 1.34 倍）,both,0.0,0.0,0.0,0.0,0.0,0.0,0,0,0,0,True
2025-02-25,50.2,B,↑,21.0,41.0,40.0,100.0,87.0,59,40,4,15,5,0.104,0.444,0.0055,0.0135,0.0,1.896,1.182,False,5019,正常,情绪 50 B ↑｜涨停 59、炸板 40、跌停 4｜1进2 10%、连板晋级 44%｜最高 5 板｜昨日涨停今日均 +1.4%｜中位大面率 0%｜成交 1.90 万亿（较20日均 1.18 倍）,50.2,B,↑,21.0,41.0,40.0,100.0,87.0,59,40,4,15,5,0.104,0.444,0.0055,0.0135,0.0,1.896,1.182,False,5019,正常,情绪 50 B ↑｜涨停 59、炸板 40、跌停 4｜1进2 10%、连板晋级 44%｜最高 5 板｜昨日涨停今日均 +1.4%｜中位大面率 0%｜成交 1.90 万亿（较20日均 1.18 倍）,both,0.0,0.0,0.0,0.0,0.0,0.0,0,0,0,0,True
2025-02-26,82.9,S,↑,83.0,88.0,73.0,88.0,87.0,99,47,0,16,4,0.159,0.6,0.031,0.0325,0.071,1.938,1.182,False,5020,正常,情绪 83 S ↑｜涨停 99、炸板 47、跌停 0｜1进2 16%、连板晋级 60%｜最高 4 板｜昨日涨停今日均 +3.2%｜中位大面率 7%｜成交 1.94 万亿（较20日均 1.18 倍）,82.9,S,↑,83.0,88.0,73.0,88.0,87.0,99,47,0,16,4,0.159,0.6,0.031,0.0325,0.071,1.938,1.182,False,5020,正常,情绪 83 S ↑｜涨停 99、炸板 47、跌停 0｜1进2 16%、连板晋级 60%｜最高 4 板｜昨日涨停今日均 +3.2%｜中位大面率 7%｜成交 1.94 万亿（较20日均 1.18 倍）,both,0.0,0.0,0.0,0.0,0.0,0.0,0,0,0,0,True
2025-02-27,60.5,B,↓,55.0,49.0,68.0,55.0,90.0,74,18,5,18,5,0.12,0.5,0.0186,0.0063,0.188,2.004,1.196,False,5020,正常,情绪 61 B ↓｜涨停 74、炸板 18、跌停 5｜1进2 12%、连板晋级 50%｜最高 5 板｜昨日涨停今日均 +0.6%｜中位大面率 19%｜成交 2.00 万亿（较20日均 1.20 倍）,60.5,B,↓,55.0,49.0,68.0,55.0,90.0,74,18,5,18,5,0.12,0.5,0.0186,0.0063,0.188,2.004,1.196,False,5020,正常,情绪 61 B ↓｜涨停 74、炸板 18、跌停 5｜1进2 12%、连板晋级 50%｜最高 5 板｜昨日涨停今日均 +0.6%｜中位大面率 19%｜成交 2.00 万亿（较20日均 1.20 倍）,both,0.0,0.0,0.0,0.0,0.0,0.0,0,0,0,0,True
2025-02-28,11.2,D,↓,0.0,21.0,4.0,0.0,50.0,46,26,47,11,6,0.143,0.167,0.018,-0.0119,0.571,1.867,1.085,True,5021,正常,情绪 11 D ↓｜涨停 46、炸板 26、跌停 47｜1进2 14%、连板晋级 17%｜最高 6 板｜昨日涨停今日均 -1.2%｜中位大面率 57%｜成交 1.87 万亿（较20日均 1.09 倍）｜恐慌放量,11.2,D,↓,0.0,21.0,4.0,0.0,50.0,46,26,47,11,6,0.143,0.167,0.018,-0.0119,0.571,1.867,1.085,True,5021,正常,情绪 11 D ↓｜涨停 46、炸板 26、跌停 47｜1进2 14%、连板晋级 17%｜最高 6 板｜昨日涨停今日均 -1.2%｜中位大面率 57%｜成交 1.87 万亿（较20日均 1.09 倍）｜恐慌放量,both,0.0,0.0,0.0,0.0,0.0,0.0,0,0,0,0,True
2025-03-03,25.2,D,↑,38.0,32.0,18.0,0.0,30.0,62,40,26,9,4,0.143,0.364,0.0226,0.003,0.4,1.624,0.931,False,5018,正常,情绪 25 D ↑｜涨停 62、炸板 40、跌停 26｜1进2 14%、连板晋级 36%｜最高 4 板｜昨日涨停今日均 +0.3%｜中位大面率 40%｜成交 1.62 万亿（较20日均 0.93 倍）,25.2,D,↑,38.0,32.0,18.0,0.0,30.0,62,40,26,9,4,0.143,0.364,0.0226,0.003,0.4,1.624,0.931,False,5018,正常,情绪 25 D ↑｜涨停 62、炸板 40、跌停 26｜1进2 14%、连板晋级 36%｜最高 4 板｜昨日涨停今日均 +0.3%｜中位大面率 40%｜成交 1.62 万亿（较20日均 0.93 倍）,both,0.0,0.0,0.0,0.0,0.0,0.0,0,0,0,0,True
2025-03-04,25.4,D,→,26.0,26.0,56.0,0.0,0.0,76,20,9,9,4,0.113,0.333,0.0055,0.0091,0.444,1.435,0.813,False,5020,正常,情绪 25 D →｜涨停 76、炸板 20、跌停 9｜1进2 11%、连板晋级 33%｜最高 4 板｜昨日涨停今日均 +0.9%｜中位大面率 44%｜成交 1.44 万亿（较20日均 0.81 倍）,25.4,D,→,26.0,26.0,56.0,0.0,0.0,76,20,9,9,4,0.113,0.333,0.0055,0.0091,0.444,1.435,0.813,False,5020,正常,情绪 25 D →｜涨停 76、炸板 20、跌停 9｜1进2 11%、连板晋级 33%｜最高 4 板｜昨日涨停今日均 +0.9%｜中位大面率 44%｜成交 1.44 万亿（较20日均 0.81 倍）,both,0.0,0.0,0.0,0.0,0.0,0.0,0,0,0,0,True
2025-03-05,34.7,D,↑,33.0,39.0,60.0,18.0,6.0,64,21,4,13,5,0.149,0.333,0.0164,0.0172,0.333,1.494,0.839,False,5019,正常,情绪 35 D ↑｜涨停 64、炸板 21、跌停 4｜1进2 15%、连板晋级 33%｜最高 5 板｜昨日涨停今日均 +1.7%｜中位大面率 33%｜成交 1.49 万亿（较20日均 0.84 倍）,34.7,D,↑,33.0,39.0,60.0,18.0,6.0,64,21,4,13,5,0.149,0.333,0.0164,0.0172,0.333,1.494,0.839,False,5019,正常,情绪 35 D ↑｜涨停 64、炸板 21、跌停 4｜1进2 15%、连板晋级 33%｜最高 5 板｜昨日涨停今日均 +1.7%｜中位大面率 33%｜成交 1.49 万亿（较20日均 0.84 倍）,both,0.0,0.0,0.0,0.0,0.0,0.0,0,0,0,0,True
2025-03-06,74.3,A,↑,71.0,68.0,85.0,83.0,62.0,108,36,1,15,4,0.176,0.462,0.0193,0.032,0.083,1.906,1.064,False,5017,正常,情绪 74 A ↑｜涨停 108、炸板 36、跌停 1｜1进2 18%、连板晋级 46%｜最高 4 板｜昨日涨停今日均 +3.2%｜中位大面率 8%｜成交 1.91 万亿（较20日均 1.06 倍）,74.3,A,↑,71.0,68.0,85.0,83.0,62.0,108,36,1,15,4,0.176,0.462,0.0193,0.032,0.083,1.906,1.064,False,5017,正常,情绪 74 A ↑｜涨停 108、炸板 36、跌停 1｜1进2 18%、连板晋级 46%｜最高 4 板｜昨日涨停今日均 +3.2%｜中位大面率 8%｜成交 1.91 万亿（较20日均 1.06 倍）,both,0.0,0.0,0.0,0.0,0.0,0.0,0,0,0,0,True
2025-03-07,31.1,D,↓,15.0,31.0,41.0,32.0,48.0,52,49,7,17,5,0.14,0.267,0.0158,0.0072,0.267,1.818,1.004,False,5018,正常,情绪 31 D ↓｜涨停 52、炸板 49、跌停 7｜1进2 14%、连板晋级 27%｜最高 5 板｜昨日涨停今日均 +0.7%｜中位大面率 27%｜成交 1.82 万亿（较20日均 1.00 倍）,31.1,D,↓,15.0,31.0,41.0,32.0,48.0,52,49,7,17,5,0.14,0.267,0.0158,0.0072,0.267,1.818,1.004,False,5018,正常,情绪 31 D ↓｜涨停 52、炸板 49、跌停 7｜1进2 14%、连板晋级 27%｜最高 5 板｜昨日涨停今日均 +0.7%｜中位大面率 27%｜成交 1.82 万亿（较20日均 1.00 倍）,both,0.0,0.0,0.0,0.0,0.0,0.0,0,0,0,0,True
2025-03-10,20.2,D,↓,11.0,20.0,54.0,0.0,5.0,78,22,6,10,5,0.171,0.235,0.0215,0.0077,0.375,1.505,0.835,False,5017,正常,情绪 20 D ↓｜涨停 78、炸板 22、跌停 6｜1进2 17%、连板晋级 24%｜最高 5 板｜昨日涨停今日均 +0.8%｜中位大面率 38%｜成交 1.51 万亿（较20日均 0.84 倍）,20.2,D,↓,11.0,20.0,54.0,0.0,5.0,78,22,6,10,5,0.171,0.235,0.0215,0.0077,0.375,1.505,0.835,False,5017,正常,情绪 20 D ↓｜涨停 78、炸板 22、跌停 6｜1进2 17%、连板晋级 24%｜最高 5 板｜昨日涨停今日均 +0.8%｜中位大面率 38%｜成交 1.51 万亿（较20日均 0.84 倍）,both,0.0,0.0,0.0,0.0,0.0,0.0,0,0,0,0,True
2025-03-11,49.7,C,↑,65.0,41.0,66.0,45.0,2.0,54,16,2,14,6,0.134,0.5,-0.0022,0.0174,0.222,1.482,0.827,False,5018,正常,情绪 50 C ↑｜涨停 54、炸板 16、跌停 2｜1进2 13%、连板晋级 50%｜最高 6 板｜昨日涨停今日均 +1.7%｜中位大面率 22%｜成交 1.48 万亿（较20日均 0.83 倍）,49.7,C,↑,65.0,41.0,66.0,45.0,2.0,54,16,2,14,6,0.134,0.5,-0.0022,0.0174,0.222,1.482,0.827,False,5018,正常,情绪 50 C ↑｜涨停 54、炸板 16、跌停 2｜1进2 13%、连板晋级 50%｜最高 6 板｜昨日涨停今日均 +1.7%｜中位大面率 22%｜成交 1.48 万亿（较20日均 0.83 倍）,both,0.0,0.0,0.0,0.0,0.0,0.0,0,0,0,0,True
2025-03-12,73.5,A,↑,80.0,82.0,69.0,85.0,34.0,79,48,1,16,7,0.225,0.5,0.0338,0.0248,0.077,1.684,0.944,False,5018,正常,情绪 74 A ↑｜涨停 79、炸板 48、跌停 1｜1进2 22%、连板晋级 50%｜最高 7 板｜昨日涨停今日均 +2.5%｜中位大面率 8%｜成交 1.68 万亿（较20日均 0.94 倍）,73.5,A,↑,80.0,82.0,69.0,85.0,34.0,79,48,1,16,7,0.225,0.5,0.0338,0.0248,0.077,1.684,0.944,False,5018,正常,情绪 74 A ↑｜涨停 79、炸板 48、跌停 1｜1进2 22%、连板晋级 50%｜最高 7 板｜昨日涨停今日均 +2.5%｜中位大面率 8%｜成交 1.68 万亿（较20日均 0.94 倍）,both,0.0,0.0,0.0,0.0,0.0,0.0,0,0,0,0,True
2025-03-13,29.3,D,↓,43.0,26.0,36.0,7.0,23.0,43,15,12,11,8,0.063,0.438,0.0067,-0.004,0.357,1.606,0.9,False,5019,正常,情绪 29 D ↓｜涨停 43、炸板 15、跌停 12｜1进2 6%、连板晋级 44%｜最高 8 板｜昨日涨停今日均 -0.4%｜中位大面率 36%｜成交 1.61 万亿（较20日均 0.90 倍）,29.3,D,↓,43.0,26.0,36.0,7.0,23.0,43,15,12,11,8,0.063,0.438,0.0067,-0.004,0.357,1.606,0.9,False,5019,正常,情绪 29 D ↓｜涨停 43、炸板 15、跌停 12｜1进2 6%、连板晋级 44%｜最高 8 板｜昨日涨停今日均 -0.4%｜中位大面率 36%｜成交 1.61 万亿（较20日均 0.90 倍）,both,0.0,0.0,0.0,0.0,0.0,0.0,0,0,0,0,True
2025-03-14,47.3,C,↑,56.0,32.0,86.0,0.0,50.0,82,27,6,13,9,0.281,0.364,0.0194,0.0238,0.6,1.792,1.01,False,5019,正常,情绪 47 C ↑｜涨停 82、炸板 27、跌停 6｜1进2 28%、连板晋级 36%｜最高 9 板｜昨日涨停今日均 +2.4%｜中位大面率 60%｜成交 1.79 万亿（较20日均 1.01 倍）,47.3,C,↑,56.0,32.0,86.0,0.0,50.0,82,27,6,13,9,0.281,0.364,0.0194,0.0238,0.6,1.792,1.01,False,5019,正常,情绪 47 C ↑｜涨停 82、炸板 27、跌停 6｜1进2 28%、连板晋级 36%｜最高 9 板｜昨日涨停今日均 +2.4%｜中位大面率 60%｜成交 1.79 万亿（较20日均 1.01 倍）,both,0.0,0.0,0.0,0.0,0.0,0.0,0,0,0,0,True
2025-03-17,74.2,A,↑,87.0,73.0,81.0,83.0,18.0,65,25,2,19,5,0.174,0.538,0.0286,0.0218,0.083,1.573,0.885,False,5014,正常,情绪 74 A ↑｜涨停 65、炸板 25、跌停 2｜1进2 17%、连板晋级 54%｜最高 5 板｜昨日涨停今日均 +2.2%｜中位大面率 8%｜成交 1.57 万亿（较20日均 0.89 倍）,74.2,A,↑,87.0,73.0,81.0,83.0,18.0,65,25,2,19,5,0.174,0.538,0.0286,0.0218,0.083,1.573,0.885,False,5014,正常,情绪 74 A ↑｜涨停 65、炸板 25、跌停 2｜1进2 17%、连板晋级 54%｜最高 5 板｜昨日涨停今日均 +2.2%｜中位大面率 8%｜成交 1.57 万亿（较20日均 0.89 倍）,both,0.0,0.0,0.0,0.0,0.0,0.0,0,0,0,0,True
2025-03-18,65.6,A,↓,74.0,61.0,89.0,62.0,13.0,65,22,2,17,6,0.191,0.421,0.0237,0.0234,0.167,1.519,0.864,False,5017,正常,情绪 66 A ↓｜涨停 65、炸板 22、跌停 2｜1进2 19%、连板晋级 42%｜最高 6 板｜昨日涨停今日均 +2.3%｜中位大面率 17%｜成交 1.52 万亿（较20日均 0.86 倍）,65.6,A,↓,74.0,61.0,89.0,62.0,13.0,65,22,2,17,6,0.191,0.421,0.0237,0.0234,0.167,1.519,0.864,False,5017,正常,情绪 66 A ↓｜涨停 65、炸板 22、跌停 2｜1进2 19%、连板晋级 42%｜最高 6 板｜昨日涨停今日均 +2.3%｜中位大面率 17%｜成交 1.52 万亿（较20日均 0.86 倍）,both,0.0,0.0,0.0,0.0,0.0,0.0,0,0,0,0,True
2025-03-19,61.4,B,↓,88.0,48.0,64.0,67.0,6.0,48,25,3,18,6,0.188,0.562,0.0178,0.015,0.143,1.466,0.84,False,5013,正常,情绪 61 B ↓｜涨停 48、炸板 25、跌停 3｜1进2 19%、连板晋级 56%｜最高 6 板｜昨日涨停今日均 +1.5%｜中位大面率 14%｜成交 1.47 万亿（较20日均 0.84 倍）,61.4,B,↓,88.0,48.0,64.0,67.0,6.0,48,25,3,18,6,0.188,0.562,0.0178,0.015,0.143,1.466,0.84,False,5013,正常,情绪 61 B ↓｜涨停 48、炸板 25、跌停 3｜1进2 19%、连板晋级 56%｜最高 6 板｜昨日涨停今日均 +1.5%｜中位大面率 14%｜成交 1.47 万亿（较20日均 0.84 倍）,both,0.0,0.0,0.0,0.0,0.0,0.0,0,0,0,0,True
2025-03-20,75.6,A,↑,100.0,74.0,72.0,90.0,4.0,63,32,1,21,7,0.367,0.556,0.0226,0.0457,0.067,1.441,0.832,False,5014,正常,情绪 76 A ↑｜涨停 63、炸板 32、跌停 1｜1进2 37%、连板晋级 56%｜最高 7 板｜昨日涨停今日均 +4.6%｜中位大面率 7%｜成交 1.44 万亿（较20日均 0.83 倍）,75.6,A,↑,100.0,74.0,72.0,90.0,4.0,63,32,1,21,7,0.367,0.556,0.0226,0.0457,0.067,1.441,0.832,False,5014,正常,情绪 76 A ↑｜涨停 63、炸板 32、跌停 1｜1进2 37%、连板晋级 56%｜最高 7 板｜昨日涨停今日均 +4.6%｜中位大面率 7%｜成交 1.44 万亿（较20日均 0.83 倍）,both,0.0,0.0,0.0,0.0,0.0,0.0,0,0,0,0,True
2025-03-21,52.2,B,↓,82.0,55.0,30.0,48.0,23.0,47,26,21,19,7,0.19,0.5,0.0269,0.0183,0.211,1.55,0.903,False,5015,正常,情绪 52 B ↓｜涨停 47、炸板 26、跌停 21｜1进2 19%、连板晋级 50%｜最高 7 板｜昨日涨停今日均 +1.8%｜中位大面率 21%｜成交 1.55 万亿（较20日均 0.90 倍）,52.2,B,↓,82.0,55.0,30.0,48.0,23.0,47,26,21,19,7,0.19,0.5,0.0269,0.0183,0.211,1.55,0.903,False,5015,正常,情绪 52 B ↓｜涨停 47、炸板 26、跌停 21｜1进2 19%、连板晋级 50%｜最高 7 板｜昨日涨停今日均 +1.8%｜中位大面率 21%｜成交 1.55 万亿（较20日均 0.90 倍）,both,0.0,0.0,0.0,0.0,0.0,0.0,0,0,0,0,True
2025-03-24,17.3,D,↓,26.0,23.0,16.0,0.0,12.0,48,26,39,12,5,0.214,0.316,0.0276,0.0021,0.471,1.45,0.861,False,5014,正常,情绪 17 D ↓｜涨停 48、炸板 26、跌停 39｜1进2 21%、连板晋级 32%｜最高 5 板｜昨日涨停今日均 +0.2%｜中位大面率 47%｜成交 1.45 万亿（较20日均 0.86 倍）,17.3,D,↓,26.0,23.0,16.0,0.0,12.0,48,26,39,12,5,0.214,0.316,0.0276,0.0021,0.471,1.45,0.861,False,5014,正常,情绪 17 D ↓｜涨停 48、炸板 26、跌停 39｜1进2 21%、连板晋级 32%｜最高 5 板｜昨日涨停今日均 +0.2%｜中位大面率 47%｜成交 1.45 万亿（较20日均 0.86 倍）,both,0.0,0.0,0.0,0.0,0.0,0.0,0,0,0,0,True
2025-03-25,18.6,D,→,19.0,33.0,3.0,32.0,0.0,48,30,42,11,3,0.222,0.25,0.0197,0.019,0.273,1.258,0.761,False,5016,正常,情绪 19 D →｜涨停 48、炸板 30、跌停 42｜1进2 22%、连板晋级 25%｜最高 3 板｜昨日涨停今日均 +1.9%｜中位大面率 27%｜成交 1.26 万亿（较20日均 0.76 倍）,18.6,D,→,19.0,33.0,3.0,32.0,0.0,48,30,42,11,3,0.222,0.25,0.0197,0.019,0.273,1.258,0.761,False,5016,正常,情绪 19 D →｜涨停 48、炸板 30、跌停 42｜1进2 22%、连板晋级 25%｜最高 3 板｜昨日涨停今日均 +1.9%｜中位大面率 27%｜成交 1.26 万亿（较20日均 0.76 倍）,both,0.0,0.0,0.0,0.0,0.0,0.0,0,0,0,0,True
2025-03-26,41.5,C,↑,37.0,43.0,55.0,56.0,0.0,75,25,3,9,4,0.108,0.455,0.0166,0.0205,0.182,1.154,0.712,False,5016,正常,情绪 41 C ↑｜涨停 75、炸板 25、跌停 3｜1进2 11%、连板晋级 45%｜最高 4 板｜昨日涨停今日均 +2.1%｜中位大面率 18%｜成交 1.15 万亿（较20日均 0.71 倍）,41.5,C,↑,37.0,43.0,55.0,56.0,0.0,75,25,3,9,4,0.108,0.455,0.0166,0.0205,0.182,1.154,0.712,False,5016,正常,情绪 41 C ↑｜涨停 75、炸板 25、跌停 3｜1进2 11%、连板晋级 45%｜最高 4 板｜昨日涨停今日均 +2.1%｜中位大面率 18%｜成交 1.15 万亿（较20日均 0.71 倍）,both,0.0,0.0,0.0,0.0,0.0,0.0,0,0,0,0,True
2025-03-27,3.9,D,↓,0.0,12.0,5.0,0.0,0.0,49,29,21,8,5,0.091,0.222,0.0111,-0.0133,0.444,1.19,0.753,False,5015,正常,情绪 4 D ↓｜涨停 49、炸板 29、跌停 21｜1进2 9%、连板晋级 22%｜最高 5 板｜昨日涨停今日均 -1.3%｜中位大面率 44%｜成交 1.19 万亿（较20日均 0.75 倍）,3.9,D,↓,0.0,12.0,5.0,0.0,0.0,49,29,21,8,5,0.091,0.222,0.0111,-0.0133,0.444,1.19,0.753,False,5015,正常,情绪 4 D ↓｜涨停 49、炸板 29、跌停 21｜1进2 9%、连板晋级 22%｜最高 5 板｜昨日涨停今日均 -1.3%｜中位大面率 44%｜成交 1.19 万亿（较20日均 0.75 倍）,both,0.0,0.0,0.0,0.0,0.0,0.0,0,0,0,0,True
2025-03-28,1.5,D,↓,0.0,7.0,0.0,0.0,0.0,31,32,26,6,3,0.122,0.125,0.0069,-0.0083,0.714,1.119,0.726,False,5013,正常,情绪 2 D ↓｜涨停 31、炸板 32、跌停 26｜1进2 12%、连板晋级 12%｜最高 3 板｜昨日涨停今日均 -0.8%｜中位大面率 71%｜成交 1.12 万亿（较20日均 0.73 倍）,1.5,D,↓,0.0,7.0,0.0,0.0,0.0,31,32,26,6,3,0.122,0.125,0.0069,-0.0083,0.714,1.119,0.726,False,5013,正常,情绪 2 D ↓｜涨停 31、炸板 32、跌停 26｜1进2 12%、连板晋级 12%｜最高 3 板｜昨日涨停今日均 -0.8%｜中位大面率 71%｜成交 1.12 万亿（较20日均 0.73 倍）,both,0.0,0.0,0.0,0.0,0.0,0.0,0,0,0,0,True
2025-03-31,34.8,D,↑,42.0,57.0,4.0,57.0,0.0,34,18,35,8,4,0.24,0.333,0.0056,0.0234,0.167,1.221,0.812,False,5016,正常,情绪 35 D ↑｜涨停 34、炸板 18、跌停 35｜1进2 24%、连板晋级 33%｜最高 4 板｜昨日涨停今日均 +2.3%｜中位大面率 17%｜成交 1.22 万亿（较20日均 0.81 倍）,34.8,D,↑,42.0,57.0,4.0,57.0,0.0,34,18,35,8,4,0.24,0.333,0.0056,0.0234,0.167,1.221,0.812,False,5016,正常,情绪 35 D ↑｜涨停 34、炸板 18、跌停 35｜1进2 24%、连板晋级 33%｜最高 4 板｜昨日涨停今日均 +2.3%｜中位大面率 17%｜成交 1.22 万亿（较20日均 0.81 倍）,both,0.0,0.0,0.0,0.0,0.0,0.0,0,0,0,0,True
2025-04-01,46.7,C,↑,73.0,54.0,37.0,39.0,0.0,55,38,10,9,4,0.192,0.5,0.0215,0.0245,0.25,1.132,0.763,False,5017,正常,情绪 47 C ↑｜涨停 55、炸板 38、跌停 10｜1进2 19%、连板晋级 50%｜最高 4 板｜昨日涨停今日均 +2.5%｜中位大面率 25%｜成交 1.13 万亿（较20日均 0.76 倍）,46.7,C,↑,73.0,54.0,37.0,39.0,0.0,55,38,10,9,4,0.192,0.5,0.0215,0.0245,0.25,1.132,0.763,False,5017,正常,情绪 47 C ↑｜涨停 55、炸板 38、跌停 10｜1进2 19%、连板晋级 50%｜最高 4 板｜昨日涨停今日均 +2.5%｜中位大面率 25%｜成交 1.13 万亿（较20日均 0.76 倍）,both,0.0,0.0,0.0,0.0,0.0,0.0,0,0,0,0,True
2025-04-02,16.0,D,↓,6.0,25.0,25.0,18.0,0.0,40,25,12,7,5,0.109,0.222,0.0185,0.0026,0.333,0.974,0.664,False,5018,正常,情绪 16 D ↓｜涨停 40、炸板 25、跌停 12｜1进2 11%、连板晋级 22%｜最高 5 板｜昨日涨停今日均 +0.3%｜中位大面率 33%｜成交 0.97 万亿（较20日均 0.66 倍）,16.0,D,↓,6.0,25.0,25.0,18.0,0.0,40,25,12,7,5,0.109,0.222,0.0185,0.0026,0.333,0.974,0.664,False,5018,正常,情绪 16 D ↓｜涨停 40、炸板 25、跌停 12｜1进2 11%、连板晋级 22%｜最高 5 板｜昨日涨停今日均 +0.3%｜中位大面率 33%｜成交 0.97 万亿（较20日均 0.66 倍）,both,0.0,0.0,0.0,0.0,0.0,0.0,0,0,0,0,True
2025-04-03,40.3,C,↑,36.0,54.0,13.0,92.0,0.0,50,19,27,9,3,0.212,0.286,0.0082,0.0329,0.0,1.137,0.789,False,5017,正常,情绪 40 C ↑｜涨停 50、炸板 19、跌停 27｜1进2 21%、连板晋级 29%｜最高 3 板｜昨日涨停今日均 +3.3%｜中位大面率 0%｜成交 1.14 万亿（较20日均 0.79 倍）,40.3,C,↑,36.0,54.0,13.0,92.0,0.0,50,19,27,9,3,0.212,0.286,0.0082,0.0329,0.0,1.137,0.789,False,5017,正常,情绪 40 C ↑｜涨停 50、炸板 19、跌停 27｜1进2 21%、连板晋级 29%｜最高 3 板｜昨日涨停今日均 +3.3%｜中位大面率 0%｜成交 1.14 万亿（较20日均 0.79 倍）,both,0.0,0.0,0.0,0.0,0.0,0.0,0,0,0,0,True
2025-04-07,15.9,D,↓,10.0,14.0,6.0,18.0,50.0,22,13,2935,11,4,0.22,0.222,0.0004,-0.0076,0.333,1.587,1.131,True,5015,正常,情绪 16 D ↓｜涨停 22、炸板 13、跌停 2935｜1进2 22%、连板晋级 22%｜最高 4 板｜昨日涨停今日均 -0.8%｜中位大面率 33%｜成交 1.59 万亿（较20日均 1.13 倍）｜恐慌放量,15.9,D,↓,10.0,14.0,6.0,18.0,50.0,22,13,2935,11,4,0.22,0.222,0.0004,-0.0076,0.333,1.587,1.131,True,5015,正常,情绪 16 D ↓｜涨停 22、炸板 13、跌停 2935｜1进2 22%、连板晋级 22%｜最高 4 板｜昨日涨停今日均 -0.8%｜中位大面率 33%｜成交 1.59 万亿（较20日均 1.13 倍）｜恐慌放量,both,0.0,0.0,0.0,0.0,0.0,0.0,0,0,0,0,True
2025-04-08,90.7,S,↑,100.0,91.0,75.0,100.0,84.0,122,25,121,17,5,0.727,0.818,0.0282,0.1035,0.0,1.625,1.167,False,5015,正常,情绪 91 S ↑｜涨停 122、炸板 25、跌停 121｜1进2 73%、连板晋级 82%｜最高 5 板｜昨日涨停今日均 +10.3%｜中位大面率 0%｜成交 1.63 万亿（较20日均 1.17 倍）,90.7,S,↑,100.0,91.0,75.0,100.0,84.0,122,25,121,17,5,0.727,0.818,0.0282,0.1035,0.0,1.625,1.167,False,5015,正常,情绪 91 S ↑｜涨停 122、炸板 25、跌停 121｜1进2 73%、连板晋级 82%｜最高 5 板｜昨日涨停今日均 +10.3%｜中位大面率 0%｜成交 1.63 万亿（较20日均 1.17 倍）,both,0.0,0.0,0.0,0.0,0.0,0.0,0,0,0,0,True
2025-04-09,82.0,S,↓,75.0,87.0,73.0,92.0,94.0,113,41,6,24,6,0.143,0.529,0.0206,0.0376,0.062,1.699,1.215,False,5019,正常,情绪 82 S ↓｜涨停 113、炸板 41、跌停 6｜1进2 14%、连板晋级 53%｜最高 6 板｜昨日涨停今日均 +3.8%｜中位大面率 6%｜成交 1.70 万亿（较20日均 1.22 倍）,82.0,S,↓,75.0,87.0,73.0,92.0,94.0,113,41,6,24,6,0.143,0.529,0.0206,0.0376,0.062,1.699,1.215,False,5019,正常,情绪 82 S ↓｜涨停 113、炸板 41、跌停 6｜1进2 14%、连板晋级 53%｜最高 6 板｜昨日涨停今日均 +3.8%｜中位大面率 6%｜成交 1.70 万亿（较20日均 1.22 倍）,both,0.0,0.0,0.0,0.0,0.0,0.0,0,0,0,0,True
2025-04-10,69.8,A,↓,40.0,65.0,85.0,100.0,79.0,152,51,0,25,6,0.169,0.417,0.0196,0.0466,0.045,1.609,1.142,False,5019,正常,情绪 70 A ↓｜涨停 152、炸板 51、跌停 0｜1进2 17%、连板晋级 42%｜最高 6 板｜昨日涨停今日均 +4.7%｜中位大面率 5%｜成交 1.61 万亿（较20日均 1.14 倍）,69.8,A,↓,40.0,65.0,85.0,100.0,79.0,152,51,0,25,6,0.169,0.417,0.0196,0.0466,0.045,1.609,1.142,False,5019,正常,情绪 70 A ↓｜涨停 152、炸板 51、跌停 0｜1进2 17%、连板晋级 42%｜最高 6 板｜昨日涨停今日均 +4.7%｜中位大面率 5%｜成交 1.61 万亿（较20日均 1.14 倍）,both,0.0,0.0,0.0,0.0,0.0,0.0,0,0,0,0,True
2025-04-11,38.0,C,↓,9.0,36.0,53.0,69.0,38.0,82,38,7,18,6,0.079,0.32,0.0088,0.0042,0.143,1.348,0.96,False,5018,正常,情绪 38 C ↓｜涨停 82、炸板 38、跌停 7｜1进2 8%、连板晋级 32%｜最高 6 板｜昨日涨停今日均 +0.4%｜中位大面率 14%｜成交 1.35 万亿（较20日均 0.96 倍）,38.0,C,↓,9.0,36.0,53.0,69.0,38.0,82,38,7,18,6,0.079,0.32,0.0088,0.0042,0.143,1.348,0.96,False,5018,正常,情绪 38 C ↓｜涨停 82、炸板 38、跌停 7｜1进2 8%、连板晋级 32%｜最高 6 板｜昨日涨停今日均 +0.4%｜中位大面率 14%｜成交 1.35 万亿（较20日均 0.96 倍）,both,0.0,0.0,0.0,0.0,0.0,0.0,0,0,0,0,True
2025-04-14,41.3,C,↑,1.0,48.0,83.0,55.0,27.0,103,37,2,13,7,0.125,0.278,0.0275,0.0258,0.188,1.277,0.917,False,5018,正常,情绪 41 C ↑｜涨停 103、炸板 37、跌停 2｜1进2 12%、连板晋级 28%｜最高 7 板｜昨日涨停今日均 +2.6%｜中位大面率 19%｜成交 1.28 万亿（较20日均 0.92 倍）,41.3,C,↑,1.0,48.0,83.0,55.0,27.0,103,37,2,13,7,0.125,0.278,0.0275,0.0258,0.188,1.277,0.917,False,5018,正常,情绪 41 C ↑｜涨停 103、炸板 37、跌停 2｜1进2 12%、连板晋级 28%｜最高 7 板｜昨日涨停今日均 +2.6%｜中位大面率 19%｜成交 1.28 万亿（较20日均 0.92 倍）,both,0.0,0.0,0.0,0.0,0.0,0.0,0,0,0,0,True
2025-04-15,12.2,D,↓,0.0,19.0,30.0,8.0,0.0,56,30,10,10,4,0.067,0.231,0.0157,-0.0045,0.364,1.077,0.788,False,5016,正常,情绪 12 D ↓｜涨停 56、炸板 30、跌停 10｜1进2 7%、连板晋级 23%｜最高 4 板｜昨日涨停今日均 -0.4%｜中位大面率 36%｜成交 1.08 万亿（较20日均 0.79 倍）,12.2,D,↓,0.0,19.0,30.0,8.0,0.0,56,30,10,10,4,0.067,0.231,0.0157,-0.0045,0.364,1.077,0.788,False,5016,正常,情绪 12 D ↓｜涨停 56、炸板 30、跌停 10｜1进2 7%、连板晋级 23%｜最高 4 板｜昨日涨停今日均 -0.4%｜中位大面率 36%｜成交 1.08 万亿（较20日均 0.79 倍）,both,0.0,0.0,0.0,0.0,0.0,0.0,0,0,0,0,True
2025-04-16,58.8,B,↑,91.0,58.0,52.0,51.0,3.0,45,18,6,15,5,0.196,0.6,0.022,0.0128,0.2,1.112,0.828,False,5018,正常,情绪 59 B ↑｜涨停 45、炸板 18、跌停 6｜1进2 20%、连板晋级 60%｜最高 5 板｜昨日涨停今日均 +1.3%｜中位大面率 20%｜成交 1.11 万亿（较20日均 0.83 倍）,58.8,B,↑,91.0,58.0,52.0,51.0,3.0,45,18,6,15,5,0.196,0.6,0.022,0.0128,0.2,1.112,0.828,False,5018,正常,情绪 59 B ↑｜涨停 45、炸板 18、跌停 6｜1进2 20%、连板晋级 60%｜最高 5 板｜昨日涨停今日均 +1.3%｜中位大面率 20%｜成交 1.11 万亿（较20日均 0.83 倍）,both,0.0,0.0,0.0,0.0,0.0,0.0,0,0,0,0,True
2025-04-17,82.2,S,↑,100.0,76.0,94.0,100.0,0.0,87,25,3,20,6,0.3,0.733,0.0122,0.04,0.0,0.999,0.756,False,5019,正常,情绪 82 S ↑｜涨停 87、炸板 25、跌停 3｜1进2 30%、连板晋级 73%｜最高 6 板｜昨日涨停今日均 +4.0%｜中位大面率 0%｜成交 1.00 万亿（较20日均 0.76 倍）,82.2,S,↑,100.0,76.0,94.0,100.0,0.0,87,25,3,20,6,0.3,0.733,0.0122,0.04,0.0,0.999,0.756,False,5019,正常,情绪 82 S ↑｜涨停 87、炸板 25、跌停 3｜1进2 30%、连板晋级 73%｜最高 6 板｜昨日涨停今日均 +4.0%｜中位大面率 0%｜成交 1.00 万亿（较20日均 0.76 倍）,both,0.0,0.0,0.0,0.0,0.0,0.0,0,0,0,0,True
2025-04-18,31.0,D,↓,37.0,28.0,41.0,32.0,0.0,59,25,13,17,5,0.136,0.4,0.0119,-0.0024,0.263,0.915,0.704,False,5020,正常,情绪 31 D ↓｜涨停 59、炸板 25、跌停 13｜1进2 14%、连板晋级 40%｜最高 5 板｜昨日涨停今日均 -0.2%｜中位大面率 26%｜成交 0.91 万亿（较20日均 0.70 倍）,31.0,D,↓,37.0,28.0,41.0,32.0,0.0,59,25,13,17,5,0.136,0.4,0.0119,-0.0024,0.263,0.915,0.704,False,5020,正常,情绪 31 D ↓｜涨停 59、炸板 25、跌停 13｜1进2 14%、连板晋级 40%｜最高 5 板｜昨日涨停今日均 -0.2%｜中位大面率 26%｜成交 0.91 万亿（较20日均 0.70 倍）,both,0.0,0.0,0.0,0.0,0.0,0.0,0,0,0,0,True
2025-04-21,60.6,B,↑,73.0,53.0,87.0,55.0,0.0,100,26,12,18,6,0.214,0.471,0.014,0.0252,0.188,1.041,0.819,False,5020,正常,情绪 61 B ↑｜涨停 100、炸板 26、跌停 12｜1进2 21%、连板晋级 47%｜最高 6 板｜昨日涨停今日均 +2.5%｜中位大面率 19%｜成交 1.04 万亿（较20日均 0.82 倍）,60.6,B,↑,73.0,53.0,87.0,55.0,0.0,100,26,12,18,6,0.214,0.471,0.014,0.0252,0.188,1.041,0.819,False,5020,正常,情绪 61 B ↑｜涨停 100、炸板 26、跌停 12｜1进2 21%、连板晋级 47%｜最高 6 板｜昨日涨停今日均 +2.5%｜中位大面率 19%｜成交 1.04 万亿（较20日均 0.82 倍）,both,0.0,0.0,0.0,0.0,0.0,0.0,0,0,0,0,True
2025-04-22,70.0,A,↑,76.0,60.0,85.0,90.0,16.0,80,25,13,23,6,0.175,0.5,0.0194,0.0223,0.067,1.09,0.874,False,5018,正常,情绪 70 A ↑｜涨停 80、炸板 25、跌停 13｜1进2 18%、连板晋级 50%｜最高 6 板｜昨日涨停今日均 +2.2%｜中位大面率 7%｜成交 1.09 万亿（较20日均 0.87 倍）,70.0,A,↑,76.0,60.0,85.0,90.0,16.0,80,25,13,23,6,0.175,0.5,0.0194,0.0223,0.067,1.09,0.874,False,5018,正常,情绪 70 A ↑｜涨停 80、炸板 25、跌停 13｜1进2 18%、连板晋级 50%｜最高 6 板｜昨日涨停今日均 +2.2%｜中位大面率 7%｜成交 1.09 万亿（较20日均 0.87 倍）,both,0.0,0.0,0.0,0.0,0.0,0.0,0,0,0,0,True
2025-04-23,19.2,D,↓,0.0,13.0,23.0,36.0,48.0,61,35,19,11,4,0.105,0.217,0.0169,-0.0118,0.25,1.23,1.001,False,5016,正常,情绪 19 D ↓｜涨停 61、炸板 35、跌停 19｜1进2 11%、连板晋级 22%｜最高 4 板｜昨日涨停今日均 -1.2%｜中位大面率 25%｜成交 1.23 万亿（较20日均 1.00 倍）,19.2,D,↓,0.0,13.0,23.0,36.0,48.0,61,35,19,11,4,0.105,0.217,0.0169,-0.0118,0.25,1.23,1.001,False,5016,正常,情绪 19 D ↓｜涨停 61、炸板 35、跌停 19｜1进2 11%、连板晋级 22%｜最高 4 板｜昨日涨停今日均 -1.2%｜中位大面率 25%｜成交 1.23 万亿（较20日均 1.00 倍）,both,0.0,0.0,0.0,0.0,0.0,0.0,0,0,0,0,True
2025-04-24,60.5,B,↑,81.0,70.0,48.0,56.0,23.0,52,30,12,15,5,0.18,0.545,0.0264,0.0152,0.182,1.109,0.904,False,5014,正常,情绪 61 B ↑｜涨停 52、炸板 30、跌停 12｜1进2 18%、连板晋级 55%｜最高 5 板｜昨日涨停今日均 +1.5%｜中位大面率 18%｜成交 1.11 万亿（较20日均 0.90 倍）,60.5,B,↑,81.0,70.0,48.0,56.0,23.0,52,30,12,15,5,0.18,0.545,0.0264,0.0152,0.182,1.109,0.904,False,5014,正常,情绪 61 B ↑｜涨停 52、炸板 30、跌停 12｜1进2 18%、连板晋级 55%｜最高 5 板｜昨日涨停今日均 +1.5%｜中位大面率 18%｜成交 1.11 万亿（较20日均 0.90 倍）,both,0.0,0.0,0.0,0.0,0.0,0.0,0,0,0,0,True
2025-04-25,12.9,D,↓,0.0,29.0,17.0,0.0,25.0,65,32,20,8,6,0.128,0.2,0.017,-0.0028,0.385,1.113,0.909,False,5014,正常,情绪 13 D ↓｜涨停 65、炸板 32、跌停 20｜1进2 13%、连板晋级 20%｜最高 6 板｜昨日涨停今日均 -0.3%｜中位大面率 38%｜成交 1.11 万亿（较20日均 0.91 倍）,12.9,D,↓,0.0,29.0,17.0,0.0,25.0,65,32,20,8,6,0.128,0.2,0.017,-0.0028,0.385,1.113,0.909,False,5014,正常,情绪 13 D ↓｜涨停 65、炸板 32、跌停 20｜1进2 13%、连板晋级 20%｜最高 6 板｜昨日涨停今日均 -0.3%｜中位大面率 38%｜成交 1.11 万亿（较20日均 0.91 倍）,both,0.0,0.0,0.0,0.0,0.0,0.0,0,0,0,0,True
2025-04-28,42.2,C,↑,51.0,32.0,18.0,92.0,13.0,42,21,45,13,4,0.175,0.375,0.0111,-0.0054,0.0,1.056,0.865,False,5004,正常,情绪 42 C ↑｜涨停 42、炸板 21、跌停 45｜1进2 18%、连板晋级 38%｜最高 4 板｜昨日涨停今日均 -0.5%｜中位大面率 0%｜成交 1.06 万亿（较20日均 0.87 倍）,42.2,C,↑,51.0,32.0,18.0,92.0,13.0,42,21,45,13,4,0.175,0.375,0.0111,-0.0054,0.0,1.056,0.865,False,5004,正常,情绪 42 C ↑｜涨停 42、炸板 21、跌停 45｜1进2 18%、连板晋级 38%｜最高 4 板｜昨日涨停今日均 -0.5%｜中位大面率 0%｜成交 1.06 万亿（较20日均 0.87 倍）,both,0.0,0.0,0.0,0.0,0.0,0.0,0,0,0,0,True
2025-04-29,24.2,D,↓,17.0,41.0,20.0,32.0,6.0,61,27,27,6,4,0.1,0.273,0.0144,0.0188,0.273,1.022,0.839,False,4970,正常,情绪 24 D ↓｜涨停 61、炸板 27、跌停 27｜1进2 10%、连板晋级 27%｜最高 4 板｜昨日涨停今日均 +1.9%｜中位大面率 27%｜成交 1.02 万亿（较20日均 0.84 倍）,24.2,D,↓,17.0,41.0,20.0,32.0,6.0,61,27,27,6,4,0.1,0.273,0.0144,0.0188,0.273,1.022,0.839,False,4970,正常,情绪 24 D ↓｜涨停 61、炸板 27、跌停 27｜1进2 10%、连板晋级 27%｜最高 4 板｜昨日涨停今日均 +1.9%｜中位大面率 27%｜成交 1.02 万亿（较20日均 0.84 倍）,both,0.0,0.0,0.0,0.0,0.0,0.0,0,0,0,0,True
2025-04-30,43.5,C,↑,65.0,38.0,28.0,39.0,40.0,71,29,15,10,4,0.145,0.5,0.0085,0.0176,0.25,1.169,0.968,False,4958,正常,情绪 43 C ↑｜涨停 71、炸板 29、跌停 15｜1进2 15%、连板晋级 50%｜最高 4 板｜昨日涨停今日均 +1.8%｜中位大面率 25%｜成交 1.17 万亿（较20日均 0.97 倍）,43.5,C,↑,65.0,38.0,28.0,39.0,40.0,71,29,15,10,4,0.145,0.5,0.0085,0.0176,0.25,1.169,0.968,False,4958,正常,情绪 43 C ↑｜涨停 71、炸板 29、跌停 15｜1进2 15%、连板晋级 50%｜最高 4 板｜昨日涨停今日均 +1.8%｜中位大面率 25%｜成交 1.17 万亿（较20日均 0.97 倍）,both,0.0,0.0,0.0,0.0,0.0,0.0,0,0,0,0,True
2025-05-06,71.3,A,↑,58.0,86.0,70.0,76.0,71.0,100,25,6,18,5,0.213,0.5,0.0271,0.0448,0.1,1.336,1.105,False,4968,正常,情绪 71 A ↑｜涨停 100、炸板 25、跌停 6｜1进2 21%、连板晋级 50%｜最高 5 板｜昨日涨停今日均 +4.5%｜中位大面率 10%｜成交 1.34 万亿（较20日均 1.10 倍）,71.3,A,↑,58.0,86.0,70.0,76.0,71.0,100,25,6,18,5,0.213,0.5,0.0271,0.0448,0.1,1.336,1.105,False,4968,正常,情绪 71 A ↑｜涨停 100、炸板 25、跌停 6｜1进2 21%、连板晋级 50%｜最高 5 板｜昨日涨停今日均 +4.5%｜中位大面率 10%｜成交 1.34 万亿（较20日均 1.10 倍）,both,0.0,0.0,0.0,0.0,0.0,0.0,0,0,0,0,True
2025-05-07,73.1,A,→,58.0,91.0,46.0,100.0,90.0,64,49,0,22,6,0.183,0.389,0.0411,0.0389,0.0,1.468,1.196,False,4970,正常,情绪 73 A →｜涨停 64、炸板 49、跌停 0｜1进2 18%、连板晋级 39%｜最高 6 板｜昨日涨停今日均 +3.9%｜中位大面率 0%｜成交 1.47 万亿（较20日均 1.20 倍）,73.1,A,→,58.0,91.0,46.0,100.0,90.0,64,49,0,22,6,0.183,0.389,0.0411,0.0389,0.0,1.468,1.196,False,4970,正常,情绪 73 A →｜涨停 64、炸板 49、跌停 0｜1进2 18%、连板晋级 39%｜最高 6 板｜昨日涨停今日均 +3.9%｜中位大面率 0%｜成交 1.47 万亿（较20日均 1.20 倍）,both,0.0,0.0,0.0,0.0,0.0,0.0,0,0,0,0,True
2025-05-08,37.5,C,↓,16.0,31.0,59.0,40.0,57.0,66,25,4,14,4,0.19,0.273,0.0142,0.0127,0.238,1.293,1.039,False,4971,正常,情绪 37 C ↓｜涨停 66、炸板 25、跌停 4｜1进2 19%、连板晋级 27%｜最高 4 板｜昨日涨停今日均 +1.3%｜中位大面率 24%｜成交 1.29 万亿（较20日均 1.04 倍）,37.5,C,↓,16.0,31.0,59.0,40.0,57.0,66,25,4,14,4,0.19,0.273,0.0142,0.0127,0.238,1.293,1.039,False,4971,正常,情绪 37 C ↓｜涨停 66、炸板 25、跌停 4｜1进2 19%、连板晋级 27%｜最高 4 板｜昨日涨停今日均 +1.3%｜中位大面率 24%｜成交 1.29 万亿（较20日均 1.04 倍）,both,0.0,0.0,0.0,0.0,0.0,0.0,0,0,0,0,True
2025-05-09,47.9,C,↑,58.0,54.0,19.0,67.0,40.0,33,27,6,12,4,0.096,0.5,0.018,0.0011,0.143,1.192,0.969,False,4972,正常,情绪 48 C ↑｜涨停 33、炸板 27、跌停 6｜1进2 10%、连板晋级 50%｜最高 4 板｜昨日涨停今日均 +0.1%｜中位大面率 14%｜成交 1.19 万亿（较20日均 0.97 倍）,47.9,C,↑,58.0,54.0,19.0,67.0,40.0,33,27,6,12,4,0.096,0.5,0.018,0.0011,0.143,1.192,0.969,False,4972,正常,情绪 48 C ↑｜涨停 33、炸板 27、跌停 6｜1进2 10%、连板晋级 50%｜最高 4 板｜昨日涨停今日均 +0.1%｜中位大面率 14%｜成交 1.19 万亿（较20日均 0.97 倍）,both,0.0,0.0,0.0,0.0,0.0,0.0,0,0,0,0,True
2025-05-12,46.3,C,→,43.0,51.0,42.0,38.0,66.0,50,29,0,8,5,0.143,0.417,0.0261,0.0225,0.25,1.308,1.083,False,4973,正常,情绪 46 C →｜涨停 50、炸板 29、跌停 0｜1进2 14%、连板晋级 42%｜最高 5 板｜昨日涨停今日均 +2.3%｜中位大面率 25%｜成交 1.31 万亿（较20日均 1.08 倍）,46.3,C,→,43.0,51.0,42.0,38.0,66.0,50,29,0,8,5,0.143,0.417,0.0261,0.0225,0.25,1.308,1.083,False,4973,正常,情绪 46 C →｜涨停 50、炸板 29、跌停 0｜1进2 14%、连板晋级 42%｜最高 5 板｜昨日涨停今日均 +2.3%｜中位大面率 25%｜成交 1.31 万亿（较20日均 1.08 倍）,both,0.0,0.0,0.0,0.0,0.0,0.0,0,0,0,0,True
2025-05-13,77.9,A,↑,94.0,83.0,45.0,95.0,67.0,48,29,1,11,5,0.119,0.75,0.0391,0.0175,0.0,1.291,1.087,False,4974,正常,情绪 78 A ↑｜涨停 48、炸板 29、跌停 1｜1进2 12%、连板晋级 75%｜最高 5 板｜昨日涨停今日均 +1.8%｜中位大面率 0%｜成交 1.29 万亿（较20日均 1.09 倍）,77.9,A,↑,94.0,83.0,45.0,95.0,67.0,48,29,1,11,5,0.119,0.75,0.0391,0.0175,0.0,1.291,1.087,False,4974,正常,情绪 78 A ↑｜涨停 48、炸板 29、跌停 1｜1进2 12%、连板晋级 75%｜最高 5 板｜昨日涨停今日均 +1.8%｜中位大面率 0%｜成交 1.29 万亿（较20日均 1.09 倍）,both,0.0,0.0,0.0,0.0,0.0,0.0,0,0,0,0,True
2025-05-14,78.9,A,→,94.0,78.0,70.0,68.0,75.0,61,22,0,17,6,0.297,0.545,0.0155,0.0445,0.125,1.317,1.123,False,4975,正常,情绪 79 A →｜涨停 61、炸板 22、跌停 0｜1进2 30%、连板晋级 55%｜最高 6 板｜昨日涨停今日均 +4.5%｜中位大面率 12%｜成交 1.32 万亿（较20日均 1.12 倍）,78.9,A,→,94.0,78.0,70.0,68.0,75.0,61,22,0,17,6,0.297,0.545,0.0155,0.0445,0.125,1.317,1.123,False,4975,正常,情绪 79 A →｜涨停 61、炸板 22、跌停 0｜1进2 30%、连板晋级 55%｜最高 6 板｜昨日涨停今日均 +4.5%｜中位大面率 12%｜成交 1.32 万亿（较20日均 1.12 倍）,both,0.0,0.0,0.0,0.0,0.0,0.0,0,0,0,0,True
2025-05-15,74.9,A,↓,99.0,72.0,66.0,71.0,44.0,50,21,4,20,7,0.205,0.647,0.023,0.0244,0.133,1.152,0.984,False,4975,正常,情绪 75 A ↓｜涨停 50、炸板 21、跌停 4｜1进2 20%、连板晋级 65%｜最高 7 板｜昨日涨停今日均 +2.4%｜中位大面率 13%｜成交 1.15 万亿（较20日均 0.98 倍）,74.9,A,↓,99.0,72.0,66.0,71.0,44.0,50,21,4,20,7,0.205,0.647,0.023,0.0244,0.133,1.152,0.984,False,4975,正常,情绪 75 A ↓｜涨停 50、炸板 21、跌停 4｜1进2 20%、连板晋级 65%｜最高 7 板｜昨日涨停今日均 +2.4%｜中位大面率 13%｜成交 1.15 万亿（较20日均 0.98 倍）,both,0.0,0.0,0.0,0.0,0.0,0.0,0,0,0,0,True
2025-05-16,39.7,C,↓,40.0,40.0,55.0,24.0,32.0,57,35,3,15,8,0.267,0.35,0.0194,0.0182,0.294,1.089,0.936,False,4975,正常,情绪 40 C ↓｜涨停 57、炸板 35、跌停 3｜1进2 27%、连板晋级 35%｜最高 8 板｜昨日涨停今日均 +1.8%｜中位大面率 29%｜成交 1.09 万亿（较20日均 0.94 倍）,39.7,C,↓,40.0,40.0,55.0,24.0,32.0,57,35,3,15,8,0.267,0.35,0.0194,0.0182,0.294,1.089,0.936,False,4975,正常,情绪 40 C ↓｜涨停 57、炸板 35、跌停 3｜1进2 27%、连板晋级 35%｜最高 8 板｜昨日涨停今日均 +1.8%｜中位大面率 29%｜成交 1.09 万亿（较20日均 0.94 倍）,both,0.0,0.0,0.0,0.0,0.0,0.0,0,0,0,0,True
2025-05-19,60.5,B,↑,72.0,63.0,83.0,27.0,31.0,83,25,1,23,9,0.405,0.4,0.0275,0.0443,0.286,1.086,0.932,False,4976,正常,情绪 60 B ↑｜涨停 83、炸板 25、跌停 1｜1进2 40%、连板晋级 40%｜最高 9 板｜昨日涨停今日均 +4.4%｜中位大面率 29%｜成交 1.09 万亿（较20日均 0.93 倍）,60.5,B,↑,72.0,63.0,83.0,27.0,31.0,83,25,1,23,9,0.405,0.4,0.0275,0.0443,0.286,1.086,0.932,False,4976,正常,情绪 60 B ↑｜涨停 83、炸板 25、跌停 1｜1进2 40%、连板晋级 40%｜最高 9 板｜昨日涨停今日均 +4.4%｜中位大面率 29%｜成交 1.09 万亿（较20日均 0.93 倍）,both,0.0,0.0,0.0,0.0,0.0,0.0,0,0,0,0,True
2025-05-20,57.1,B,↓,68.0,71.0,52.0,32.0,49.0,75,36,8,27,4,0.317,0.348,0.0411,0.0366,0.263,1.17,1.005,False,4983,正常,情绪 57 B ↓｜涨停 75、炸板 36、跌停 8｜1进2 32%、连板晋级 35%｜最高 4 板｜昨日涨停今日均 +3.7%｜中位大面率 26%｜成交 1.17 万亿（较20日均 1.00 倍）,57.1,B,↓,68.0,71.0,52.0,32.0,49.0,75,36,8,27,4,0.317,0.348,0.0411,0.0366,0.263,1.17,1.005,False,4983,正常,情绪 57 B ↓｜涨停 75、炸板 36、跌停 8｜1进2 32%、连板晋级 35%｜最高 4 板｜昨日涨停今日均 +3.7%｜中位大面率 26%｜成交 1.17 万亿（较20日均 1.00 倍）,both,0.0,0.0,0.0,0.0,0.0,0.0,0,0,0,0,True
2025-05-21,55.3,B,→,53.0,71.0,46.0,57.0,48.0,54,24,3,18,5,0.125,0.444,0.0341,0.0167,0.185,1.173,1.001,False,4981,正常,情绪 55 B →｜涨停 54、炸板 24、跌停 3｜1进2 12%、连板晋级 44%｜最高 5 板｜昨日涨停今日均 +1.7%｜中位大面率 19%｜成交 1.17 万亿（较20日均 1.00 倍）,55.3,B,→,53.0,71.0,46.0,57.0,48.0,54,24,3,18,5,0.125,0.444,0.0341,0.0167,0.185,1.173,1.001,False,4981,正常,情绪 55 B →｜涨停 54、炸板 24、跌停 3｜1进2 12%、连板晋级 44%｜最高 5 板｜昨日涨停今日均 +1.7%｜中位大面率 19%｜成交 1.17 万亿（较20日均 1.00 倍）,both,0.0,0.0,0.0,0.0,0.0,0.0,0,0,0,0,True
2025-05-22,37.0,C,↓,31.0,60.0,12.0,55.0,30.0,40,30,12,13,4,0.167,0.389,0.0219,0.0163,0.188,1.103,0.93,False,4978,正常,情绪 37 C ↓｜涨停 40、炸板 30、跌停 12｜1进2 17%、连板晋级 39%｜最高 4 板｜昨日涨停今日均 +1.6%｜中位大面率 19%｜成交 1.10 万亿（较20日均 0.93 倍）,37.0,C,↓,31.0,60.0,12.0,55.0,30.0,40,30,12,13,4,0.167,0.389,0.0219,0.0163,0.188,1.103,0.93,False,4978,正常,情绪 37 C ↓｜涨停 40、炸板 30、跌停 12｜1进2 17%、连板晋级 39%｜最高 4 板｜昨日涨停今日均 +1.6%｜中位大面率 19%｜成交 1.10 万亿（较20日均 0.93 倍）,both,0.0,0.0,0.0,0.0,0.0,0.0,0,0,0,0,True
2025-05-23,22.7,D,↓,18.0,44.0,15.0,0.0,41.0,42,31,10,10,5,0.259,0.231,0.0286,0.0083,0.385,1.155,0.972,False,4980,正常,情绪 23 D ↓｜涨停 42、炸板 31、跌停 10｜1进2 26%、连板晋级 23%｜最高 5 板｜昨日涨停今日均 +0.8%｜中位大面率 38%｜成交 1.16 万亿（较20日均 0.97 倍）,22.7,D,↓,18.0,44.0,15.0,0.0,41.0,42,31,10,10,5,0.259,0.231,0.0286,0.0083,0.385,1.155,0.972,False,4980,正常,情绪 23 D ↓｜涨停 42、炸板 31、跌停 10｜1进2 26%、连板晋级 23%｜最高 5 板｜昨日涨停今日均 +0.8%｜中位大面率 38%｜成交 1.16 万亿（较20日均 0.97 倍）,both,0.0,0.0,0.0,0.0,0.0,0.0,0,0,0,0,True
2025-05-26,57.4,B,↑,51.0,56.0,60.0,100.0,8.0,61,25,1,10,4,0.188,0.4,0.0104,0.0251,0.0,1.01,0.847,False,4977,正常,情绪 57 B ↑｜涨停 61、炸板 25、跌停 1｜1进2 19%、连板晋级 40%｜最高 4 板｜昨日涨停今日均 +2.5%｜中位大面率 0%｜成交 1.01 万亿（较20日均 0.85 倍）,57.4,B,↑,51.0,56.0,60.0,100.0,8.0,61,25,1,10,4,0.188,0.4,0.0104,0.0251,0.0,1.01,0.847,False,4977,正常,情绪 57 B ↑｜涨停 61、炸板 25、跌停 1｜1进2 19%、连板晋级 40%｜最高 4 板｜昨日涨停今日均 +2.5%｜中位大面率 0%｜成交 1.01 万亿（较20日均 0.85 倍）,both,0.0,0.0,0.0,0.0,0.0,0.0,0,0,0,0,True
2025-05-27,84.3,S,↑,100.0,95.0,81.0,100.0,8.0,63,26,1,21,5,0.255,0.8,0.0297,0.0398,0.0,0.999,0.846,False,4979,正常,情绪 84 S ↑｜涨停 63、炸板 26、跌停 1｜1进2 25%、连板晋级 80%｜最高 5 板｜昨日涨停今日均 +4.0%｜中位大面率 0%｜成交 1.00 万亿（较20日均 0.85 倍）,84.3,S,↑,100.0,95.0,81.0,100.0,8.0,63,26,1,21,5,0.255,0.8,0.0297,0.0398,0.0,0.999,0.846,False,4979,正常,情绪 84 S ↑｜涨停 63、炸板 26、跌停 1｜1进2 25%、连板晋级 80%｜最高 5 板｜昨日涨停今日均 +4.0%｜中位大面率 0%｜成交 1.00 万亿（较20日均 0.85 倍）,both,0.0,0.0,0.0,0.0,0.0,0.0,0,0,0,0,True
2025-05-28,56.3,B,↓,41.0,64.0,59.0,98.0,11.0,57,25,6,17,5,0.214,0.381,0.0383,0.0219,0.05,1.01,0.859,False,4980,正常,情绪 56 B ↓｜涨停 57、炸板 25、跌停 6｜1进2 21%、连板晋级 38%｜最高 5 板｜昨日涨停今日均 +2.2%｜中位大面率 5%｜成交 1.01 万亿（较20日均 0.86 倍）,56.3,B,↓,41.0,64.0,59.0,98.0,11.0,57,25,6,17,5,0.214,0.381,0.0383,0.0219,0.05,1.01,0.859,False,4980,正常,情绪 56 B ↓｜涨停 57、炸板 25、跌停 6｜1进2 21%、连板晋级 38%｜最高 5 板｜昨日涨停今日均 +2.2%｜中位大面率 5%｜成交 1.01 万亿（较20日均 0.86 倍）,both,0.0,0.0,0.0,0.0,0.0,0.0,0,0,0,0,True
2025-05-29,79.4,A,↑,100.0,70.0,95.0,55.0,50.0,106,16,5,23,6,0.325,0.588,0.0182,0.0406,0.188,1.185,1.013,False,4981,正常,情绪 79 A ↑｜涨停 106、炸板 16、跌停 5｜1进2 32%、连板晋级 59%｜最高 6 板｜昨日涨停今日均 +4.1%｜中位大面率 19%｜成交 1.19 万亿（较20日均 1.01 倍）,79.4,A,↑,100.0,70.0,95.0,55.0,50.0,106,16,5,23,6,0.325,0.588,0.0182,0.0406,0.188,1.185,1.013,False,4981,正常,情绪 79 A ↑｜涨停 106、炸板 16、跌停 5｜1进2 32%、连板晋级 59%｜最高 6 板｜昨日涨停今日均 +4.1%｜中位大面率 19%｜成交 1.19 万亿（较20日均 1.01 倍）,both,0.0,0.0,0.0,0.0,0.0,0.0,0,0,0,0,True
2025-05-30,11.0,D,↓,0.0,21.0,8.0,0.0,40.0,41,23,16,16,4,0.145,0.174,0.0224,-0.005,0.429,1.139,0.968,False,4980,正常,情绪 11 D ↓｜涨停 41、炸板 23、跌停 16｜1进2 14%、连板晋级 17%｜最高 4 板｜昨日涨停今日均 -0.5%｜中位大面率 43%｜成交 1.14 万亿（较20日均 0.97 倍）,11.0,D,↓,0.0,21.0,8.0,0.0,40.0,41,23,16,16,4,0.145,0.174,0.0224,-0.005,0.429,1.139,0.968,False,4980,正常,情绪 11 D ↓｜涨停 41、炸板 23、跌停 16｜1进2 14%、连板晋级 17%｜最高 4 板｜昨日涨停今日均 -0.5%｜中位大面率 43%｜成交 1.14 万亿（较20日均 0.97 倍）,both,0.0,0.0,0.0,0.0,0.0,0.0,0,0,0,0,True
2025-06-03,74.5,A,↑,91.0,83.0,50.0,92.0,39.0,68,31,7,15,5,0.391,0.375,0.0376,0.0447,0.062,1.141,0.965,False,4979,正常,情绪 74 A ↑｜涨停 68、炸板 31、跌停 7｜1进2 39%、连板晋级 38%｜最高 5 板｜昨日涨停今日均 +4.5%｜中位大面率 6%｜成交 1.14 万亿（较20日均 0.97 倍）,74.5,A,↑,91.0,83.0,50.0,92.0,39.0,68,31,7,15,5,0.391,0.375,0.0376,0.0447,0.062,1.141,0.965,False,4979,正常,情绪 74 A ↑｜涨停 68、炸板 31、跌停 7｜1进2 39%、连板晋级 38%｜最高 5 板｜昨日涨停今日均 +4.5%｜中位大面率 6%｜成交 1.14 万亿（较20日均 0.97 倍）,both,0.0,0.0,0.0,0.0,0.0,0.0,0,0,0,0,True
2025-06-04,52.7,B,↓,41.0,62.0,53.0,67.0,42.0,71,34,2,20,5,0.283,0.333,0.0305,0.0307,0.143,1.153,0.976,False,4985,正常,情绪 53 B ↓｜涨停 71、炸板 34、跌停 2｜1进2 28%、连板晋级 33%｜最高 5 板｜昨日涨停今日均 +3.1%｜中位大面率 14%｜成交 1.15 万亿（较20日均 0.98 倍）,52.7,B,↓,41.0,62.0,53.0,67.0,42.0,71,34,2,20,5,0.283,0.333,0.0305,0.0307,0.143,1.153,0.976,False,4985,正常,情绪 53 B ↓｜涨停 71、炸板 34、跌停 2｜1进2 28%、连板晋级 33%｜最高 5 板｜昨日涨停今日均 +3.1%｜中位大面率 14%｜成交 1.15 万亿（较20日均 0.98 倍）,both,0.0,0.0,0.0,0.0,0.0,0.0,0,0,0,0,True
2025-06-05,29.5,D,↓,3.0,37.0,44.0,17.0,70.0,66,25,5,12,4,0.14,0.25,0.0245,0.004,0.316,1.29,1.101,False,4985,正常,情绪 30 D ↓｜涨停 66、炸板 25、跌停 5｜1进2 14%、连板晋级 25%｜最高 4 板｜昨日涨停今日均 +0.4%｜中位大面率 32%｜成交 1.29 万亿（较20日均 1.10 倍）,29.5,D,↓,3.0,37.0,44.0,17.0,70.0,66,25,5,12,4,0.14,0.25,0.0245,0.004,0.316,1.29,1.101,False,4985,正常,情绪 30 D ↓｜涨停 66、炸板 25、跌停 5｜1进2 14%、连板晋级 25%｜最高 4 板｜昨日涨停今日均 +0.4%｜中位大面率 32%｜成交 1.29 万亿（较20日均 1.10 倍）,both,0.0,0.0,0.0,0.0,0.0,0.0,0,0,0,0,True
2025-06-06,69.7,A,↑,76.0,70.0,51.0,100.0,45.0,50,30,4,12,5,0.091,0.583,0.0184,0.0145,0.0,1.152,0.991,False,4987,正常,情绪 70 A ↑｜涨停 50、炸板 30、跌停 4｜1进2 9%、连板晋级 58%｜最高 5 板｜昨日涨停今日均 +1.4%｜中位大面率 0%｜成交 1.15 万亿（较20日均 0.99 倍）,69.7,A,↑,76.0,70.0,51.0,100.0,45.0,50,30,4,12,5,0.091,0.583,0.0184,0.0145,0.0,1.152,0.991,False,4987,正常,情绪 70 A ↑｜涨停 50、炸板 30、跌停 4｜1进2 9%、连板晋级 58%｜最高 5 板｜昨日涨停今日均 +1.4%｜中位大面率 0%｜成交 1.15 万亿（较20日均 0.99 倍）,both,0.0,0.0,0.0,0.0,0.0,0.0,0,0,0,0,True
2025-06-09,70.5,A,→,52.0,66.0,75.0,100.0,73.0,67,37,2,14,6,0.237,0.417,0.0205,0.0315,0.0,1.286,1.113,False,4984,正常,情绪 70 A →｜涨停 67、炸板 37、跌停 2｜1进2 24%、连板晋级 42%｜最高 6 板｜昨日涨停今日均 +3.2%｜中位大面率 0%｜成交 1.29 万亿（较20日均 1.11 倍）,70.5,A,→,52.0,66.0,75.0,100.0,73.0,67,37,2,14,6,0.237,0.417,0.0205,0.0315,0.0,1.286,1.113,False,4984,正常,情绪 70 A →｜涨停 67、炸板 37、跌停 2｜1进2 24%、连板晋级 42%｜最高 6 板｜昨日涨停今日均 +3.2%｜中位大面率 0%｜成交 1.29 万亿（较20日均 1.11 倍）,both,0.0,0.0,0.0,0.0,0.0,0.0,0,0,0,0,True
2025-06-10,66.8,A,↓,44.0,81.0,42.0,100.0,94.0,45,30,2,16,7,0.185,0.462,0.0285,0.0286,0.0,1.415,1.219,False,4989,正常,情绪 67 A ↓｜涨停 45、炸板 30、跌停 2｜1进2 19%、连板晋级 46%｜最高 7 板｜昨日涨停今日均 +2.9%｜中位大面率 0%｜成交 1.42 万亿（较20日均 1.22 倍）,66.8,A,↓,44.0,81.0,42.0,100.0,94.0,45,30,2,16,7,0.185,0.462,0.0285,0.0286,0.0,1.415,1.219,False,4989,正常,情绪 67 A ↓｜涨停 45、炸板 30、跌停 2｜1进2 19%、连板晋级 46%｜最高 7 板｜昨日涨停今日均 +2.9%｜中位大面率 0%｜成交 1.42 万亿（较20日均 1.22 倍）,both,0.0,0.0,0.0,0.0,0.0,0.0,0,0,0,0,True
2025-06-11,56.4,B,↓,40.0,67.0,39.0,88.0,65.0,51,32,6,10,6,0.138,0.375,0.0324,0.0213,0.071,1.255,1.077,False,4992,正常,情绪 56 B ↓｜涨停 51、炸板 32、跌停 6｜1进2 14%、连板晋级 38%｜最高 6 板｜昨日涨停今日均 +2.1%｜中位大面率 7%｜成交 1.26 万亿（较20日均 1.08 倍）,56.4,B,↓,40.0,67.0,39.0,88.0,65.0,51,32,6,10,6,0.138,0.375,0.0324,0.0213,0.071,1.255,1.077,False,4992,正常,情绪 56 B ↓｜涨停 51、炸板 32、跌停 6｜1进2 14%、连板晋级 38%｜最高 6 板｜昨日涨停今日均 +2.1%｜中位大面率 7%｜成交 1.26 万亿（较20日均 1.08 倍）,both,0.0,0.0,0.0,0.0,0.0,0.0,0,0,0,0,True
2025-06-12,79.1,A,↑,89.0,83.0,72.0,73.0,68.0,64,20,0,18,7,0.317,0.5,0.0329,0.0368,0.111,1.272,1.092,False,4992,正常,情绪 79 A ↑｜涨停 64、炸板 20、跌停 0｜1进2 32%、连板晋级 50%｜最高 7 板｜昨日涨停今日均 +3.7%｜中位大面率 11%｜成交 1.27 万亿（较20日均 1.09 倍）,79.1,A,↑,89.0,83.0,72.0,73.0,68.0,64,20,0,18,7,0.317,0.5,0.0329,0.0368,0.111,1.272,1.092,False,4992,正常,情绪 79 A ↑｜涨停 64、炸板 20、跌停 0｜1进2 32%、连板晋级 50%｜最高 7 板｜昨日涨停今日均 +3.7%｜中位大面率 11%｜成交 1.27 万亿（较20日均 1.09 倍）,both,0.0,0.0,0.0,0.0,0.0,0.0,0,0,0,0,True
2025-06-13,21.9,D,↓,0.0,7.0,41.0,0.0,100.0,56,15,10,8,5,0.065,0.263,0.0067,-0.0265,0.588,1.467,1.263,False,4993,正常,情绪 22 D ↓｜涨停 56、炸板 15、跌停 10｜1进2 7%、连板晋级 26%｜最高 5 板｜昨日涨停今日均 -2.6%｜中位大面率 59%｜成交 1.47 万亿（较20日均 1.26 倍）,21.9,D,↓,0.0,7.0,41.0,0.0,100.0,56,15,10,8,5,0.065,0.263,0.0067,-0.0265,0.588,1.467,1.263,False,4993,正常,情绪 22 D ↓｜涨停 56、炸板 15、跌停 10｜1进2 7%、连板晋级 26%｜最高 5 板｜昨日涨停今日均 -2.6%｜中位大面率 59%｜成交 1.47 万亿（较20日均 1.26 倍）,both,0.0,0.0,0.0,0.0,0.0,0.0,0,0,0,0,True
2025-06-16,41.2,C,↑,20.0,64.0,21.0,63.0,55.0,55,24,4,17,4,0.333,0.125,0.0233,0.0459,0.143,1.215,1.032,False,4998,正常,情绪 41 C ↑｜涨停 55、炸板 24、跌停 4｜1进2 33%、连板晋级 12%｜最高 4 板｜昨日涨停今日均 +4.6%｜中位大面率 14%｜成交 1.21 万亿（较20日均 1.03 倍）,41.2,C,↑,20.0,64.0,21.0,63.0,55.0,55,24,4,17,4,0.333,0.125,0.0233,0.0459,0.143,1.215,1.032,False,4998,正常,情绪 41 C ↑｜涨停 55、炸板 24、跌停 4｜1进2 33%、连板晋级 12%｜最高 4 板｜昨日涨停今日均 +4.6%｜中位大面率 14%｜成交 1.21 万亿（较20日均 1.03 倍）,both,0.0,0.0,0.0,0.0,0.0,0.0,0,0,0,0,True
2025-06-17,32.6,D,↓,0.0,47.0,29.0,58.0,52.0,45,25,8,10,3,0.128,0.294,0.0213,0.0162,0.176,1.207,1.02,False,5005,正常,情绪 33 D ↓｜涨停 45、炸板 25、跌停 8｜1进2 13%、连板晋级 29%｜最高 3 板｜昨日涨停今日均 +1.6%｜中位大面率 18%｜成交 1.21 万亿（较20日均 1.02 倍）,32.6,D,↓,0.0,47.0,29.0,58.0,52.0,45,25,8,10,3,0.128,0.294,0.0213,0.0162,0.176,1.207,1.02,False,5005,正常,情绪 33 D ↓｜涨停 45、炸板 25、跌停 8｜1进2 13%、连板晋级 29%｜最高 3 板｜昨日涨停今日均 +1.6%｜中位大面率 18%｜成交 1.21 万亿（较20日均 1.02 倍）,both,0.0,0.0,0.0,0.0,0.0,0.0,0,0,0,0,True
2025-06-18,55.6,B,↑,81.0,64.0,23.0,51.0,48.0,40,21,10,11,4,0.114,0.7,0.0236,0.0092,0.2,1.191,1.001,False,5005,正常,情绪 56 B ↑｜涨停 40、炸板 21、跌停 10｜1进2 11%、连板晋级 70%｜最高 4 板｜昨日涨停今日均 +0.9%｜中位大面率 20%｜成交 1.19 万亿（较20日均 1.00 倍）,55.6,B,↑,81.0,64.0,23.0,51.0,48.0,40,21,10,11,4,0.114,0.7,0.0236,0.0092,0.2,1.191,1.001,False,5005,正常,情绪 56 B ↑｜涨停 40、炸板 21、跌停 10｜1进2 11%、连板晋级 70%｜最高 4 板｜昨日涨停今日均 +0.9%｜中位大面率 20%｜成交 1.19 万亿（较20日均 1.00 倍）,both,0.0,0.0,0.0,0.0,0.0,0.0,0,0,0,0,True
2025-06-19,34.4,D,↓,13.0,58.0,9.0,56.0,59.0,34,21,14,8,5,0.172,0.273,0.0263,0.0239,0.182,1.251,1.05,False,5005,正常,情绪 34 D ↓｜涨停 34、炸板 21、跌停 14｜1进2 17%、连板晋级 27%｜最高 5 板｜昨日涨停今日均 +2.4%｜中位大面率 18%｜成交 1.25 万亿（较20日均 1.05 倍）,34.4,D,↓,13.0,58.0,9.0,56.0,59.0,34,21,14,8,5,0.172,0.273,0.0263,0.0239,0.182,1.251,1.05,False,5005,正常,情绪 34 D ↓｜涨停 34、炸板 21、跌停 14｜1进2 17%、连板晋级 27%｜最高 5 板｜昨日涨停今日均 +2.4%｜中位大面率 18%｜成交 1.25 万亿（较20日均 1.05 倍）,both,0.0,0.0,0.0,0.0,0.0,0.0,0,0,0,0,True
2025-06-20,44.0,C,↑,67.0,42.0,45.0,23.0,21.0,44,14,14,8,6,0.154,0.5,0.0244,0.0082,0.333,1.068,0.894,False,5005,正常,情绪 44 C ↑｜涨停 44、炸板 14、跌停 14｜1进2 15%、连板晋级 50%｜最高 6 板｜昨日涨停今日均 +0.8%｜中位大面率 33%｜成交 1.07 万亿（较20日均 0.89 倍）,44.0,C,↑,67.0,42.0,45.0,23.0,21.0,44,14,14,8,6,0.154,0.5,0.0244,0.0082,0.333,1.068,0.894,False,5005,正常,情绪 44 C ↑｜涨停 44、炸板 14、跌停 14｜1进2 15%、连板晋级 50%｜最高 6 板｜昨日涨停今日均 +0.8%｜中位大面率 33%｜成交 1.07 万亿（较20日均 0.89 倍）,both,0.0,0.0,0.0,0.0,0.0,0.0,0,0,0,0,True
2025-06-23,87.0,S,↑,100.0,82.0,96.0,95.0,33.0,72,19,0,17,7,0.306,0.75,0.0175,0.043,0.0,1.122,0.941,False,5002,正常,情绪 87 S ↑｜涨停 72、炸板 19、跌停 0｜1进2 31%、连板晋级 75%｜最高 7 板｜昨日涨停今日均 +4.3%｜中位大面率 0%｜成交 1.12 万亿（较20日均 0.94 倍）,87.0,S,↑,100.0,82.0,96.0,95.0,33.0,72,19,0,17,7,0.306,0.75,0.0175,0.043,0.0,1.122,0.941,False,5002,正常,情绪 87 S ↑｜涨停 72、炸板 19、跌停 0｜1进2 31%、连板晋级 75%｜最高 7 板｜昨日涨停今日均 +4.3%｜中位大面率 0%｜成交 1.12 万亿（较20日均 0.94 倍）,both,0.0,0.0,0.0,0.0,0.0,0.0,0,0,0,0,True
2025-06-24,57.2,B,↓,61.0,34.0,64.0,51.0,88.0,71,21,19,14,6,0.13,0.471,0.0056,0.0152,0.2,1.414,1.187,False,5004,正常,情绪 57 B ↓｜涨停 71、炸板 21、跌停 19｜1进2 13%、连板晋级 47%｜最高 6 板｜昨日涨停今日均 +1.5%｜中位大面率 20%｜成交 1.41 万亿（较20日均 1.19 倍）,57.2,B,↓,61.0,34.0,64.0,51.0,88.0,71,21,19,14,6,0.13,0.471,0.0056,0.0152,0.2,1.414,1.187,False,5004,正常,情绪 57 B ↓｜涨停 71、炸板 21、跌停 19｜1进2 13%、连板晋级 47%｜最高 6 板｜昨日涨停今日均 +1.5%｜中位大面率 20%｜成交 1.41 万亿（较20日均 1.19 倍）,both,0.0,0.0,0.0,0.0,0.0,0.0,0,0,0,0,True
2025-06-25,90.9,S,↑,94.0,90.0,88.0,85.0,100.0,66,23,4,21,7,0.228,0.571,0.0313,0.037,0.077,1.603,1.323,False,5006,正常,情绪 91 S ↑｜涨停 66、炸板 23、跌停 4｜1进2 23%、连板晋级 57%｜最高 7 板｜昨日涨停今日均 +3.7%｜中位大面率 8%｜成交 1.60 万亿（较20日均 1.32 倍）,90.9,S,↑,94.0,90.0,88.0,85.0,100.0,66,23,4,21,7,0.228,0.571,0.0313,0.037,0.077,1.603,1.323,False,5006,正常,情绪 91 S ↑｜涨停 66、炸板 23、跌停 4｜1进2 23%、连板晋级 57%｜最高 7 板｜昨日涨停今日均 +3.7%｜中位大面率 8%｜成交 1.60 万亿（较20日均 1.32 倍）,both,0.0,0.0,0.0,0.0,0.0,0.0,0,0,0,0,True
2025-06-26,57.6,B,↓,47.0,67.0,62.0,28.0,100.0,63,25,3,21,5,0.311,0.333,0.0359,0.0334,0.278,1.583,1.275,False,5006,正常,情绪 58 B ↓｜涨停 63、炸板 25、跌停 3｜1进2 31%、连板晋级 33%｜最高 5 板｜昨日涨停今日均 +3.3%｜中位大面率 28%｜成交 1.58 万亿（较20日均 1.27 倍）,57.6,B,↓,47.0,67.0,62.0,28.0,100.0,63,25,3,21,5,0.311,0.333,0.0359,0.0334,0.278,1.583,1.275,False,5006,正常,情绪 58 B ↓｜涨停 63、炸板 25、跌停 3｜1进2 31%、连板晋级 33%｜最高 5 板｜昨日涨停今日均 +3.3%｜中位大面率 28%｜成交 1.58 万亿（较20日均 1.27 倍）,both,0.0,0.0,0.0,0.0,0.0,0.0,0,0,0,0,True
2025-06-27,32.6,D,↓,0.0,32.0,30.0,52.0,93.0,54,35,3,9,4,0.119,0.19,0.0182,-0.0014,0.2,1.541,1.213,False,5006,正常,情绪 33 D ↓｜涨停 54、炸板 35、跌停 3｜1进2 12%、连板晋级 19%｜最高 4 板｜昨日涨停今日均 -0.1%｜中位大面率 20%｜成交 1.54 万亿（较20日均 1.21 倍）,32.6,D,↓,0.0,32.0,30.0,52.0,93.0,54,35,3,9,4,0.119,0.19,0.0182,-0.0014,0.2,1.541,1.213,False,5006,正常,情绪 33 D ↓｜涨停 54、炸板 35、跌停 3｜1进2 12%、连板晋级 19%｜最高 4 板｜昨日涨停今日均 -0.1%｜中位大面率 20%｜成交 1.54 万亿（较20日均 1.21 倍）,both,0.0,0.0,0.0,0.0,0.0,0.0,0,0,0,0,True
2025-06-30,92.2,S,↑,100.0,89.0,85.0,100.0,81.0,78,20,5,14,5,0.156,0.778,0.0279,0.0425,0.0,1.487,1.154,False,5004,正常,情绪 92 S ↑｜涨停 78、炸板 20、跌停 5｜1进2 16%、连板晋级 78%｜最高 5 板｜昨日涨停今日均 +4.2%｜中位大面率 0%｜成交 1.49 万亿（较20日均 1.15 倍）,92.2,S,↑,100.0,89.0,85.0,100.0,81.0,78,20,5,14,5,0.156,0.778,0.0279,0.0425,0.0,1.487,1.154,False,5004,正常,情绪 92 S ↑｜涨停 78、炸板 20、跌停 5｜1进2 16%、连板晋级 78%｜最高 5 板｜昨日涨停今日均 +4.2%｜中位大面率 0%｜成交 1.49 万亿（较20日均 1.15 倍）,both,0.0,0.0,0.0,0.0,0.0,0.0,0,0,0,0,True
2025-07-01,34.9,D,↓,0.0,57.0,34.0,38.0,75.0,67,32,5,15,4,0.2,0.143,0.0371,0.0269,0.25,1.466,1.123,False,5005,正常,情绪 35 D ↓｜涨停 67、炸板 32、跌停 5｜1进2 20%、连板晋级 14%｜最高 4 板｜昨日涨停今日均 +2.7%｜中位大面率 25%｜成交 1.47 万亿（较20日均 1.12 倍）,34.9,D,↓,0.0,57.0,34.0,38.0,75.0,67,32,5,15,4,0.2,0.143,0.0371,0.0269,0.25,1.466,1.123,False,5005,正常,情绪 35 D ↓｜涨停 67、炸板 32、跌停 5｜1进2 20%、连板晋级 14%｜最高 4 板｜昨日涨停今日均 +2.7%｜中位大面率 25%｜成交 1.47 万亿（较20日均 1.12 倍）,both,0.0,0.0,0.0,0.0,0.0,0.0,0,0,0,0,True
2025-07-02,56.1,B,↑,63.0,52.0,55.0,51.0,57.0,60,24,8,13,5,0.096,0.533,0.0227,0.0016,0.2,1.377,1.042,False,5003,正常,情绪 56 B ↑｜涨停 60、炸板 24、跌停 8｜1进2 10%、连板晋级 53%｜最高 5 板｜昨日涨停今日均 +0.2%｜中位大面率 20%｜成交 1.38 万亿（较20日均 1.04 倍）,56.1,B,↑,63.0,52.0,55.0,51.0,57.0,60,24,8,13,5,0.096,0.533,0.0227,0.0016,0.2,1.377,1.042,False,5003,正常,情绪 56 B ↑｜涨停 60、炸板 24、跌停 8｜1进2 10%、连板晋级 53%｜最高 5 板｜昨日涨停今日均 +0.2%｜中位大面率 20%｜成交 1.38 万亿（较20日均 1.04 倍）,both,0.0,0.0,0.0,0.0,0.0,0.0,0,0,0,0,True
2025-07-03,51.7,B,↓,50.0,51.0,70.0,38.0,43.0,62,17,3,14,6,0.191,0.385,0.0266,0.0147,0.25,1.31,0.982,False,5007,正常,情绪 52 B ↓｜涨停 62、炸板 17、跌停 3｜1进2 19%、连板晋级 38%｜最高 6 板｜昨日涨停今日均 +1.5%｜中位大面率 25%｜成交 1.31 万亿（较20日均 0.98 倍）,51.7,B,↓,50.0,51.0,70.0,38.0,43.0,62,17,3,14,6,0.191,0.385,0.0266,0.0147,0.25,1.31,0.982,False,5007,正常,情绪 52 B ↓｜涨停 62、炸板 17、跌停 3｜1进2 19%、连板晋级 38%｜最高 6 板｜昨日涨停今日均 +1.5%｜中位大面率 25%｜成交 1.31 万亿（较20日均 0.98 倍）,both,0.0,0.0,0.0,0.0,0.0,0.0,0,0,0,0,True
2025-07-04,20.0,D,↓,15.0,32.0,14.0,0.0,50.0,39,25,10,10,4,0.146,0.214,0.0239,0.006,0.615,1.428,1.071,True,5007,正常,情绪 20 D ↓｜涨停 39、炸板 25、跌停 10｜1进2 15%、连板晋级 21%｜最高 4 板｜昨日涨停今日均 +0.6%｜中位大面率 62%｜成交 1.43 万亿（较20日均 1.07 倍）｜恐慌放量,20.0,D,↓,15.0,32.0,14.0,0.0,50.0,39,25,10,10,4,0.146,0.214,0.0239,0.006,0.615,1.428,1.071,True,5007,正常,情绪 20 D ↓｜涨停 39、炸板 25、跌停 10｜1进2 15%、连板晋级 21%｜最高 4 板｜昨日涨停今日均 +0.6%｜中位大面率 62%｜成交 1.43 万亿（较20日均 1.07 倍）｜恐慌放量,both,0.0,0.0,0.0,0.0,0.0,0.0,0,0,0,0,True
2025-07-07,67.4,A,↑,75.0,79.0,62.0,76.0,22.0,69,11,4,13,3,0.276,0.5,0.0193,0.0373,0.1,1.208,0.897,False,5007,正常,情绪 67 A ↑｜涨停 69、炸板 11、跌停 4｜1进2 28%、连板晋级 50%｜最高 3 板｜昨日涨停今日均 +3.7%｜中位大面率 10%｜成交 1.21 万亿（较20日均 0.90 倍）,67.4,A,↑,75.0,79.0,62.0,76.0,22.0,69,11,4,13,3,0.276,0.5,0.0193,0.0373,0.1,1.208,0.897,False,5007,正常,情绪 67 A ↑｜涨停 69、炸板 11、跌停 4｜1进2 28%、连板晋级 50%｜最高 3 板｜昨日涨停今日均 +3.7%｜中位大面率 10%｜成交 1.21 万亿（较20日均 0.90 倍）,both,0.0,0.0,0.0,0.0,0.0,0.0,0,0,0,0,True
2025-07-08,65.5,A,→,53.0,64.0,68.0,85.0,66.0,67,18,3,17,4,0.196,0.462,0.0232,0.023,0.077,1.454,1.082,False,5005,正常,情绪 65 A →｜涨停 67、炸板 18、跌停 3｜1进2 20%、连板晋级 46%｜最高 4 板｜昨日涨停今日均 +2.3%｜中位大面率 8%｜成交 1.45 万亿（较20日均 1.08 倍）,65.5,A,→,53.0,64.0,68.0,85.0,66.0,67,18,3,17,4,0.196,0.462,0.0232,0.023,0.077,1.454,1.082,False,5005,正常,情绪 65 A →｜涨停 67、炸板 18、跌停 3｜1进2 20%、连板晋级 46%｜最高 4 板｜昨日涨停今日均 +2.3%｜中位大面率 8%｜成交 1.45 万亿（较20日均 1.08 倍）,both,0.0,0.0,0.0,0.0,0.0,0.0,0,0,0,0,True
2025-07-09,76.6,A,↑,84.0,75.0,57.0,93.0,74.0,53,33,3,18,5,0.18,0.529,0.0219,0.0342,0.059,1.505,1.118,False,5008,正常,情绪 77 A ↑｜涨停 53、炸板 33、跌停 3｜1进2 18%、连板晋级 53%｜最高 5 板｜昨日涨停今日均 +3.4%｜中位大面率 6%｜成交 1.50 万亿（较20日均 1.12 倍）,76.6,A,↑,84.0,75.0,57.0,93.0,74.0,53,33,3,18,5,0.18,0.529,0.0219,0.0342,0.059,1.505,1.118,False,5008,正常,情绪 77 A ↑｜涨停 53、炸板 33、跌停 3｜1进2 18%、连板晋级 53%｜最高 5 板｜昨日涨停今日均 +3.4%｜中位大面率 6%｜成交 1.50 万亿（较20日均 1.12 倍）,both,0.0,0.0,0.0,0.0,0.0,0.0,0,0,0,0,True
2025-07-10,68.2,A,↓,74.0,73.0,56.0,67.0,70.0,61,25,5,17,6,0.257,0.444,0.029,0.0322,0.143,1.494,1.1,False,5008,正常,情绪 68 A ↓｜涨停 61、炸板 25、跌停 5｜1进2 26%、连板晋级 44%｜最高 6 板｜昨日涨停今日均 +3.2%｜中位大面率 14%｜成交 1.49 万亿（较20日均 1.10 倍）,68.2,A,↓,74.0,73.0,56.0,67.0,70.0,61,25,5,17,6,0.257,0.444,0.029,0.0322,0.143,1.494,1.1,False,5008,正常,情绪 68 A ↓｜涨停 61、炸板 25、跌停 5｜1进2 26%、连板晋级 44%｜最高 6 板｜昨日涨停今日均 +3.2%｜中位大面率 14%｜成交 1.49 万亿（较20日均 1.10 倍）,both,0.0,0.0,0.0,0.0,0.0,0.0,0,0,0,0,True
2025-07-11,69.1,A,→,68.0,75.0,49.0,71.0,100.0,61,30,6,17,5,0.214,0.471,0.0354,0.025,0.133,1.712,1.25,False,5011,正常,情绪 69 A →｜涨停 61、炸板 30、跌停 6｜1进2 21%、连板晋级 47%｜最高 5 板｜昨日涨停今日均 +2.5%｜中位大面率 13%｜成交 1.71 万亿（较20日均 1.25 倍）,69.1,A,→,68.0,75.0,49.0,71.0,100.0,61,30,6,17,5,0.214,0.471,0.0354,0.025,0.133,1.712,1.25,False,5011,正常,情绪 69 A →｜涨停 61、炸板 30、跌停 6｜1进2 21%、连板晋级 47%｜最高 5 板｜昨日涨停今日均 +2.5%｜中位大面率 13%｜成交 1.71 万亿（较20日均 1.25 倍）,both,0.0,0.0,0.0,0.0,0.0,0.0,0,0,0,0,True
2025-07-14,49.9,C,↓,49.0,49.0,60.0,32.0,60.0,64,24,10,19,4,0.295,0.353,0.0311,0.0249,0.267,1.458,1.056,False,5009,正常,情绪 50 C ↓｜涨停 64、炸板 24、跌停 10｜1进2 30%、连板晋级 35%｜最高 4 板｜昨日涨停今日均 +2.5%｜中位大面率 27%｜成交 1.46 万亿（较20日均 1.06 倍）,49.9,C,↓,49.0,49.0,60.0,32.0,60.0,64,24,10,19,4,0.295,0.353,0.0311,0.0249,0.267,1.458,1.056,False,5009,正常,情绪 50 C ↓｜涨停 64、炸板 24、跌停 10｜1进2 30%、连板晋级 35%｜最高 4 板｜昨日涨停今日均 +2.5%｜中位大面率 27%｜成交 1.46 万亿（较20日均 1.06 倍）,both,0.0,0.0,0.0,0.0,0.0,0.0,0,0,0,0,True
2025-07-15,32.1,D,↓,29.0,42.0,16.0,12.0,82.0,45,23,17,13,5,0.133,0.389,0.0174,0.0127,0.333,1.612,1.156,False,5010,正常,情绪 32 D ↓｜涨停 45、炸板 23、跌停 17｜1进2 13%、连板晋级 39%｜最高 5 板｜昨日涨停今日均 +1.3%｜中位大面率 33%｜成交 1.61 万亿（较20日均 1.16 倍）,32.1,D,↓,29.0,42.0,16.0,12.0,82.0,45,23,17,13,5,0.133,0.389,0.0174,0.0127,0.333,1.612,1.156,False,5010,正常,情绪 32 D ↓｜涨停 45、炸板 23、跌停 17｜1进2 13%、连板晋级 39%｜最高 5 板｜昨日涨停今日均 +1.3%｜中位大面率 33%｜成交 1.61 万亿（较20日均 1.16 倍）,both,0.0,0.0,0.0,0.0,0.0,0.0,0,0,0,0,True
2025-07-16,66.2,A,↑,69.0,78.0,63.0,60.0,52.0,57,23,5,14,6,0.25,0.462,0.0312,0.031,0.167,1.442,1.02,False,5009,正常,情绪 66 A ↑｜涨停 57、炸板 23、跌停 5｜1进2 25%、连板晋级 46%｜最高 6 板｜昨日涨停今日均 +3.1%｜中位大面率 17%｜成交 1.44 万亿（较20日均 1.02 倍）,66.2,A,↑,69.0,78.0,63.0,60.0,52.0,57,23,5,14,6,0.25,0.462,0.0312,0.031,0.167,1.442,1.02,False,5009,正常,情绪 66 A ↑｜涨停 57、炸板 23、跌停 5｜1进2 25%、连板晋级 46%｜最高 6 板｜昨日涨停今日均 +3.1%｜中位大面率 17%｜成交 1.44 万亿（较20日均 1.02 倍）,both,0.0,0.0,0.0,0.0,0.0,0.0,0,0,0,0,True
2025-07-17,53.6,B,↓,48.0,68.0,65.0,22.0,65.0,59,30,1,17,7,0.279,0.357,0.0266,0.0352,0.308,1.539,1.079,False,5010,正常,情绪 54 B ↓｜涨停 59、炸板 30、跌停 1｜1进2 28%、连板晋级 36%｜最高 7 板｜昨日涨停今日均 +3.5%｜中位大面率 31%｜成交 1.54 万亿（较20日均 1.08 倍）,53.6,B,↓,48.0,68.0,65.0,22.0,65.0,59,30,1,17,7,0.279,0.357,0.0266,0.0352,0.308,1.539,1.079,False,5010,正常,情绪 54 B ↓｜涨停 59、炸板 30、跌停 1｜1进2 28%、连板晋级 36%｜最高 7 板｜昨日涨停今日均 +3.5%｜中位大面率 31%｜成交 1.54 万亿（较20日均 1.08 倍）,both,0.0,0.0,0.0,0.0,0.0,0.0,0,0,0,0,True
2025-07-18,29.5,D,↓,15.0,45.0,35.0,0.0,68.0,45,24,1,13,8,0.209,0.235,0.0274,0.0184,0.429,1.571,1.09,False,5011,正常,情绪 30 D ↓｜涨停 45、炸板 24、跌停 1｜1进2 21%、连板晋级 24%｜最高 8 板｜昨日涨停今日均 +1.8%｜中位大面率 43%｜成交 1.57 万亿（较20日均 1.09 倍）,29.5,D,↓,15.0,45.0,35.0,0.0,68.0,45,24,1,13,8,0.209,0.235,0.0274,0.0184,0.429,1.571,1.09,False,5011,正常,情绪 30 D ↓｜涨停 45、炸板 24、跌停 1｜1进2 21%、连板晋级 24%｜最高 8 板｜昨日涨停今日均 +1.8%｜中位大面率 43%｜成交 1.57 万亿（较20日均 1.09 倍）,both,0.0,0.0,0.0,0.0,0.0,0.0,0,0,0,0,True
2025-07-21,67.2,A,↑,57.0,58.0,90.0,56.0,82.0,118,29,1,12,9,0.194,0.462,0.0205,0.0254,0.182,1.7,1.159,False,5008,正常,情绪 67 A ↑｜涨停 118、炸板 29、跌停 1｜1进2 19%、连板晋级 46%｜最高 9 板｜昨日涨停今日均 +2.5%｜中位大面率 18%｜成交 1.70 万亿（较20日均 1.16 倍）,67.2,A,↑,57.0,58.0,90.0,56.0,82.0,118,29,1,12,9,0.194,0.462,0.0205,0.0254,0.182,1.7,1.159,False,5008,正常,情绪 67 A ↑｜涨停 118、炸板 29、跌停 1｜1进2 19%、连板晋级 46%｜最高 9 板｜昨日涨停今日均 +2.5%｜中位大面率 18%｜成交 1.70 万亿（较20日均 1.16 倍）,both,0.0,0.0,0.0,0.0,0.0,0.0,0,0,0,0,True
2025-07-22,85.4,S,↑,100.0,89.0,96.0,32.0,100.0,100,21,4,58,10,0.491,0.5,0.053,0.0658,0.273,1.893,1.266,False,5006,正常,情绪 85 S ↑｜涨停 100、炸板 21、跌停 4｜1进2 49%、连板晋级 50%｜最高 10 板｜昨日涨停今日均 +6.6%｜中位大面率 27%｜成交 1.89 万亿（较20日均 1.27 倍）,85.4,S,↑,100.0,89.0,96.0,32.0,100.0,100,21,4,58,10,0.491,0.5,0.053,0.0658,0.273,1.893,1.266,False,5006,正常,情绪 85 S ↑｜涨停 100、炸板 21、跌停 4｜1进2 49%、连板晋级 50%｜最高 10 板｜昨日涨停今日均 +6.6%｜中位大面率 27%｜成交 1.89 万亿（较20日均 1.27 倍）,both,0.0,0.0,0.0,0.0,0.0,0.0,0,0,0,0,True
2025-07-23,40.9,C,↓,19.0,61.0,19.0,42.0,96.0,51,59,6,26,4,0.0,0.448,0.0573,0.008,0.228,1.864,1.227,False,5008,正常,情绪 41 C ↓｜涨停 51、炸板 59、跌停 6｜1进2 0%、连板晋级 45%｜最高 4 板｜昨日涨停今日均 +0.8%｜中位大面率 23%｜成交 1.86 万亿（较20日均 1.23 倍）,40.9,C,↓,19.0,61.0,19.0,42.0,96.0,51,59,6,26,4,0.0,0.448,0.0573,0.008,0.228,1.864,1.227,False,5008,正常,情绪 41 C ↓｜涨停 51、炸板 59、跌停 6｜1进2 0%、连板晋级 45%｜最高 4 板｜昨日涨停今日均 +0.8%｜中位大面率 23%｜成交 1.86 万亿（较20日均 1.23 倍）,both,0.0,0.0,0.0,0.0,0.0,0.0,0,0,0,0,True
2025-07-24,53.4,B,↑,44.0,56.0,61.0,30.0,91.0,72,23,0,17,4,0.167,0.5,0.0206,0.031,0.269,1.844,1.204,False,5007,正常,情绪 53 B ↑｜涨停 72、炸板 23、跌停 0｜1进2 17%、连板晋级 50%｜最高 4 板｜昨日涨停今日均 +3.1%｜中位大面率 27%｜成交 1.84 万亿（较20日均 1.20 倍）,53.4,B,↑,44.0,56.0,61.0,30.0,91.0,72,23,0,17,4,0.167,0.5,0.0206,0.031,0.269,1.844,1.204,False,5007,正常,情绪 53 B ↑｜涨停 72、炸板 23、跌停 0｜1进2 17%、连板晋级 50%｜最高 4 板｜昨日涨停今日均 +3.1%｜中位大面率 27%｜成交 1.84 万亿（较20日均 1.20 倍）,both,0.0,0.0,0.0,0.0,0.0,0.0,0,0,0,0,True
2025-07-25,20.8,D,↓,0.0,28.0,20.0,6.0,82.0,45,29,11,9,5,0.073,0.294,0.0213,-0.0112,0.353,1.787,1.156,False,5009,正常,情绪 21 D ↓｜涨停 45、炸板 29、跌停 11｜1进2 7%、连板晋级 29%｜最高 5 板｜昨日涨停今日均 -1.1%｜中位大面率 35%｜成交 1.79 万亿（较20日均 1.16 倍）,20.8,D,↓,0.0,28.0,20.0,6.0,82.0,45,29,11,9,5,0.073,0.294,0.0213,-0.0112,0.353,1.787,1.156,False,5009,正常,情绪 21 D ↓｜涨停 45、炸板 29、跌停 11｜1进2 7%、连板晋级 29%｜最高 5 板｜昨日涨停今日均 -1.1%｜中位大面率 35%｜成交 1.79 万亿（较20日均 1.16 倍）,both,0.0,0.0,0.0,0.0,0.0,0.0,0,0,0,0,True
2025-07-28,31.0,D,↑,0.0,31.0,29.0,57.0,74.0,55,24,4,5,6,0.081,0.222,0.006,0.0079,0.167,1.742,1.118,False,5010,正常,情绪 31 D ↑｜涨停 55、炸板 24、跌停 4｜1进2 8%、连板晋级 22%｜最高 6 板｜昨日涨停今日均 +0.8%｜中位大面率 17%｜成交 1.74 万亿（较20日均 1.12 倍）,31.0,D,↑,0.0,31.0,29.0,57.0,74.0,55,24,4,5,6,0.081,0.222,0.006,0.0079,0.167,1.742,1.118,False,5010,正常,情绪 31 D ↑｜涨停 55、炸板 24、跌停 4｜1进2 8%、连板晋级 22%｜最高 6 板｜昨日涨停今日均 +0.8%｜中位大面率 17%｜成交 1.74 万亿（较20日均 1.12 倍）,both,0.0,0.0,0.0,0.0,0.0,0.0,0,0,0,0,True
2025-07-29,32.0,D,→,0.0,42.0,31.0,41.0,80.0,43,24,2,9,7,0.16,0.2,0.0197,0.0188,0.25,1.803,1.148,False,5015,正常,情绪 32 D →｜涨停 43、炸板 24、跌停 2｜1进2 16%、连板晋级 20%｜最高 7 板｜昨日涨停今日均 +1.9%｜中位大面率 25%｜成交 1.80 万亿（较20日均 1.15 倍）,32.0,D,→,0.0,42.0,31.0,41.0,80.0,43,24,2,9,7,0.16,0.2,0.0197,0.0188,0.25,1.803,1.148,False,5015,正常,情绪 32 D →｜涨停 43、炸板 24、跌停 2｜1进2 16%、连板晋级 20%｜最高 7 板｜昨日涨停今日均 +1.9%｜中位大面率 25%｜成交 1.80 万亿（较20日均 1.15 倍）,both,0.0,0.0,0.0,0.0,0.0,0.0,0,0,0,0,True
2025-07-30,80.1,S,↑,85.0,85.0,55.0,98.0,83.0,48,20,7,12,8,0.171,0.667,0.0222,0.0341,0.0,1.844,1.162,False,5014,正常,情绪 80 S ↑｜涨停 48、炸板 20、跌停 7｜1进2 17%、连板晋级 67%｜最高 8 板｜昨日涨停今日均 +3.4%｜中位大面率 0%｜成交 1.84 万亿（较20日均 1.16 倍）,80.1,S,↑,85.0,85.0,55.0,98.0,83.0,48,20,7,12,8,0.171,0.667,0.0222,0.0341,0.0,1.844,1.162,False,5014,正常,情绪 80 S ↑｜涨停 48、炸板 20、跌停 7｜1进2 17%、连板晋级 67%｜最高 8 板｜昨日涨停今日均 +3.4%｜中位大面率 0%｜成交 1.84 万亿（较20日均 1.16 倍）,both,0.0,0.0,0.0,0.0,0.0,0.0,0,0,0,0,True
2025-07-31,52.8,B,↓,58.0,53.0,42.0,32.0,91.0,44,29,7,12,9,0.2,0.417,0.0226,0.0157,0.273,1.936,1.202,False,5009,正常,情绪 53 B ↓｜涨停 44、炸板 29、跌停 7｜1进2 20%、连板晋级 42%｜最高 9 板｜昨日涨停今日均 +1.6%｜中位大面率 27%｜成交 1.94 万亿（较20日均 1.20 倍）,52.8,B,↓,58.0,53.0,42.0,32.0,91.0,44,29,7,12,9,0.2,0.417,0.0226,0.0157,0.273,1.936,1.202,False,5009,正常,情绪 53 B ↓｜涨停 44、炸板 29、跌停 7｜1进2 20%、连板晋级 42%｜最高 9 板｜昨日涨停今日均 +1.6%｜中位大面率 27%｜成交 1.94 万亿（较20日均 1.20 倍）,both,0.0,0.0,0.0,0.0,0.0,0.0,0,0,0,0,True
2025-08-01,21.2,D,↓,9.0,29.0,28.0,8.0,41.0,40,33,8,11,3,0.281,0.167,0.0235,0.0185,0.364,1.598,0.973,False,5010,正常,情绪 21 D ↓｜涨停 40、炸板 33、跌停 8｜1进2 28%、连板晋级 17%｜最高 3 板｜昨日涨停今日均 +1.8%｜中位大面率 36%｜成交 1.60 万亿（较20日均 0.97 倍）,21.2,D,↓,9.0,29.0,28.0,8.0,41.0,40,33,8,11,3,0.281,0.167,0.0235,0.0185,0.364,1.598,0.973,False,5010,正常,情绪 21 D ↓｜涨停 40、炸板 33、跌停 8｜1进2 28%、连板晋级 17%｜最高 3 板｜昨日涨停今日均 +1.8%｜中位大面率 36%｜成交 1.60 万亿（较20日均 0.97 倍）,both,0.0,0.0,0.0,0.0,0.0,0.0,0,0,0,0,True
2025-08-04,46.6,C,↑,29.0,79.0,40.0,56.0,24.0,55,18,4,9,4,0.172,0.364,0.0319,0.0333,0.182,1.498,0.908,False,5007,正常,情绪 47 C ↑｜涨停 55、炸板 18、跌停 4｜1进2 17%、连板晋级 36%｜最高 4 板｜昨日涨停今日均 +3.3%｜中位大面率 18%｜成交 1.50 万亿（较20日均 0.91 倍）,46.6,C,↑,29.0,79.0,40.0,56.0,24.0,55,18,4,9,4,0.172,0.364,0.0319,0.0333,0.182,1.498,0.908,False,5007,正常,情绪 47 C ↑｜涨停 55、炸板 18、跌停 4｜1进2 17%、连板晋级 36%｜最高 4 板｜昨日涨停今日均 +3.3%｜中位大面率 18%｜成交 1.50 万亿（较20日均 0.91 倍）,both,0.0,0.0,0.0,0.0,0.0,0.0,0,0,0,0,True
2025-08-05,53.1,B,↑,49.0,71.0,53.0,45.0,37.0,53,20,1,10,4,0.13,0.444,0.0341,0.0306,0.222,1.596,0.959,False,5010,正常,情绪 53 B ↑｜涨停 53、炸板 20、跌停 1｜1进2 13%、连板晋级 44%｜最高 4 板｜昨日涨停今日均 +3.1%｜中位大面率 22%｜成交 1.60 万亿（较20日均 0.96 倍）,53.1,B,↑,49.0,71.0,53.0,45.0,37.0,53,20,1,10,4,0.13,0.444,0.0341,0.0306,0.222,1.596,0.959,False,5010,正常,情绪 53 B ↑｜涨停 53、炸板 20、跌停 1｜1进2 13%、连板晋级 44%｜最高 4 板｜昨日涨停今日均 +3.1%｜中位大面率 22%｜成交 1.60 万亿（较20日均 0.96 倍）,both,0.0,0.0,0.0,0.0,0.0,0.0,0,0,0,0,True
2025-08-06,73.2,A,↑,88.0,63.0,71.0,76.0,56.0,63,20,5,14,5,0.186,0.6,0.0158,0.026,0.1,1.734,1.037,False,5011,正常,情绪 73 A ↑｜涨停 63、炸板 20、跌停 5｜1进2 19%、连板晋级 60%｜最高 5 板｜昨日涨停今日均 +2.6%｜中位大面率 10%｜成交 1.73 万亿（较20日均 1.04 倍）,73.2,A,↑,88.0,63.0,71.0,76.0,56.0,63,20,5,14,5,0.186,0.6,0.0158,0.026,0.1,1.734,1.037,False,5011,正常,情绪 73 A ↑｜涨停 63、炸板 20、跌停 5｜1进2 19%、连板晋级 60%｜最高 5 板｜昨日涨停今日均 +2.6%｜中位大面率 10%｜成交 1.73 万亿（较20日均 1.04 倍）,both,0.0,0.0,0.0,0.0,0.0,0.0,0,0,0,0,True
2025-08-07,81.2,S,↑,96.0,88.0,57.0,100.0,50.0,60,18,8,14,5,0.1,0.643,0.0339,0.0269,0.0,1.825,1.084,True,5013,正常,情绪 81 S ↑｜涨停 60、炸板 18、跌停 8｜1进2 10%、连板晋级 64%｜最高 5 板｜昨日涨停今日均 +2.7%｜中位大面率 0%｜成交 1.83 万亿（较20日均 1.08 倍）｜恐慌放量,81.2,S,↑,96.0,88.0,57.0,100.0,50.0,60,18,8,14,5,0.1,0.643,0.0339,0.0269,0.0,1.825,1.084,True,5013,正常,情绪 81 S ↑｜涨停 60、炸板 18、跌停 8｜1进2 10%、连板晋级 64%｜最高 5 板｜昨日涨停今日均 +2.7%｜中位大面率 0%｜成交 1.83 万亿（较20日均 1.08 倍）｜恐慌放量,both,0.0,0.0,0.0,0.0,0.0,0.0,0,0,0,0,True
2025-08-08,42.7,C,↓,10.0,35.0,57.0,85.0,49.0,61,29,2,10,5,0.13,0.286,0.0185,0.0064,0.077,1.71,1.006,False,5013,正常,情绪 43 C ↓｜涨停 61、炸板 29、跌停 2｜1进2 13%、连板晋级 29%｜最高 5 板｜昨日涨停今日均 +0.6%｜中位大面率 8%｜成交 1.71 万亿（较20日均 1.01 倍）,42.7,C,↓,10.0,35.0,57.0,85.0,49.0,61,29,2,10,5,0.13,0.286,0.0185,0.0064,0.077,1.71,1.006,False,5013,正常,情绪 43 C ↓｜涨停 61、炸板 29、跌停 2｜1进2 13%、连板晋级 29%｜最高 5 板｜昨日涨停今日均 +0.6%｜中位大面率 8%｜成交 1.71 万亿（较20日均 1.01 倍）,both,0.0,0.0,0.0,0.0,0.0,0.0,0,0,0,0,True
2025-08-11,54.6,B,↑,29.0,70.0,53.0,73.0,64.0,79,30,4,17,3,0.275,0.3,0.0305,0.0383,0.111,1.827,1.075,False,5014,正常,情绪 55 B ↑｜涨停 79、炸板 30、跌停 4｜1进2 27%、连板晋级 30%｜最高 3 板｜昨日涨停今日均 +3.8%｜中位大面率 11%｜成交 1.83 万亿（较20日均 1.07 倍）,54.6,B,↑,29.0,70.0,53.0,73.0,64.0,79,30,4,17,3,0.275,0.3,0.0305,0.0383,0.111,1.827,1.075,False,5014,正常,情绪 55 B ↑｜涨停 79、炸板 30、跌停 4｜1进2 27%、连板晋级 30%｜最高 3 板｜昨日涨停今日均 +3.8%｜中位大面率 11%｜成交 1.83 万亿（较20日均 1.07 倍）,both,0.0,0.0,0.0,0.0,0.0,0.0,0,0,0,0,True
2025-08-12,40.8,C,↓,27.0,53.0,44.0,24.0,69.0,51,24,4,19,4,0.21,0.353,0.0226,0.0218,0.294,1.881,1.095,False,5015,正常,情绪 41 C ↓｜涨停 51、炸板 24、跌停 4｜1进2 21%、连板晋级 35%｜最高 4 板｜昨日涨停今日均 +2.2%｜中位大面率 29%｜成交 1.88 万亿（较20日均 1.09 倍）,40.8,C,↓,27.0,53.0,44.0,24.0,69.0,51,24,4,19,4,0.21,0.353,0.0226,0.0218,0.294,1.881,1.095,False,5015,正常,情绪 41 C ↓｜涨停 51、炸板 24、跌停 4｜1进2 21%、连板晋级 35%｜最高 4 板｜昨日涨停今日均 +2.2%｜中位大面率 29%｜成交 1.88 万亿（较20日均 1.09 倍）,both,0.0,0.0,0.0,0.0,0.0,0.0,0,0,0,0,True
2025-08-13,98.2,S,↑,100.0,96.0,100.0,96.0,99.0,93,32,0,24,5,0.375,0.632,0.0403,0.059,0.053,2.151,1.242,False,5014,正常,情绪 98 S ↑｜涨停 93、炸板 32、跌停 0｜1进2 38%、连板晋级 63%｜最高 5 板｜昨日涨停今日均 +5.9%｜中位大面率 5%｜成交 2.15 万亿（较20日均 1.24 倍）,98.2,S,↑,100.0,96.0,100.0,96.0,99.0,93,32,0,24,5,0.375,0.632,0.0403,0.059,0.053,2.151,1.242,False,5014,正常,情绪 98 S ↑｜涨停 93、炸板 32、跌停 0｜1进2 38%、连板晋级 63%｜最高 5 板｜昨日涨停今日均 +5.9%｜中位大面率 5%｜成交 2.15 万亿（较20日均 1.24 倍）,both,0.0,0.0,0.0,0.0,0.0,0.0,0,0,0,0,True
2025-08-14,26.8,D,↓,0.0,32.0,25.0,19.0,100.0,44,34,11,15,4,0.145,0.208,0.0252,0.0028,0.304,2.279,1.29,False,5015,正常,情绪 27 D ↓｜涨停 44、炸板 34、跌停 11｜1进2 14%、连板晋级 21%｜最高 4 板｜昨日涨停今日均 +0.3%｜中位大面率 30%｜成交 2.28 万亿（较20日均 1.29 倍）,26.8,D,↓,0.0,32.0,25.0,19.0,100.0,44,34,11,15,4,0.145,0.208,0.0252,0.0028,0.304,2.279,1.29,False,5015,正常,情绪 27 D ↓｜涨停 44、炸板 34、跌停 11｜1进2 14%、连板晋级 21%｜最高 4 板｜昨日涨停今日均 +0.3%｜中位大面率 30%｜成交 2.28 万亿（较20日均 1.29 倍）,both,0.0,0.0,0.0,0.0,0.0,0.0,0,0,0,0,True
2025-08-15,81.4,S,↑,77.0,77.0,69.0,100.0,99.0,86,30,2,14,5,0.207,0.533,0.0212,0.0484,0.0,2.244,1.244,False,5014,正常,情绪 81 S ↑｜涨停 86、炸板 30、跌停 2｜1进2 21%、连板晋级 53%｜最高 5 板｜昨日涨停今日均 +4.8%｜中位大面率 0%｜成交 2.24 万亿（较20日均 1.24 倍）,81.4,S,↑,77.0,77.0,69.0,100.0,99.0,86,30,2,14,5,0.207,0.533,0.0212,0.0484,0.0,2.244,1.244,False,5014,正常,情绪 81 S ↑｜涨停 86、炸板 30、跌停 2｜1进2 21%、连板晋级 53%｜最高 5 板｜昨日涨停今日均 +4.8%｜中位大面率 0%｜成交 2.24 万亿（较20日均 1.24 倍）,both,0.0,0.0,0.0,0.0,0.0,0.0,0,0,0,0,True
2025-08-18,89.6,S,↑,83.0,95.0,80.0,100.0,100.0,104,49,1,26,6,0.264,0.5,0.0503,0.0556,0.0,2.764,1.504,False,5012,正常,情绪 90 S ↑｜涨停 104、炸板 49、跌停 1｜1进2 26%、连板晋级 50%｜最高 6 板｜昨日涨停今日均 +5.6%｜中位大面率 0%｜成交 2.76 万亿（较20日均 1.50 倍）,89.6,S,↑,83.0,95.0,80.0,100.0,100.0,104,49,1,26,6,0.264,0.5,0.0503,0.0556,0.0,2.764,1.504,False,5012,正常,情绪 90 S ↑｜涨停 104、炸板 49、跌停 1｜1进2 26%、连板晋级 50%｜最高 6 板｜昨日涨停今日均 +5.6%｜中位大面率 0%｜成交 2.76 万亿（较20日均 1.50 倍）,both,0.0,0.0,0.0,0.0,0.0,0.0,0,0,0,0,True
2025-08-19,69.0,A,↓,42.0,80.0,70.0,77.0,100.0,85,37,5,26,4,0.205,0.385,0.0318,0.0383,0.12,2.588,1.368,False,5013,正常,情绪 69 A ↓｜涨停 85、炸板 37、跌停 5｜1进2 21%、连板晋级 38%｜最高 4 板｜昨日涨停今日均 +3.8%｜中位大面率 12%｜成交 2.59 万亿（较20日均 1.37 倍）,69.0,A,↓,42.0,80.0,70.0,77.0,100.0,85,37,5,26,4,0.205,0.385,0.0318,0.0383,0.12,2.588,1.368,False,5013,正常,情绪 69 A ↓｜涨停 85、炸板 37、跌停 5｜1进2 21%、连板晋级 38%｜最高 4 板｜昨日涨停今日均 +3.8%｜中位大面率 12%｜成交 2.59 万亿（较20日均 1.37 倍）,both,0.0,0.0,0.0,0.0,0.0,0.0,0,0,0,0,True
2025-08-20,34.1,D,↓,0.0,23.0,67.0,17.0,100.0,86,24,14,16,5,0.207,0.154,0.0135,0.0102,0.308,2.408,1.25,False,5013,正常,情绪 34 D ↓｜涨停 86、炸板 24、跌停 14｜1进2 21%、连板晋级 15%｜最高 5 板｜昨日涨停今日均 +1.0%｜中位大面率 31%｜成交 2.41 万亿（较20日均 1.25 倍）,34.1,D,↓,0.0,23.0,67.0,17.0,100.0,86,24,14,16,5,0.207,0.154,0.0135,0.0102,0.308,2.408,1.25,False,5013,正常,情绪 34 D ↓｜涨停 86、炸板 24、跌停 14｜1进2 21%、连板晋级 15%｜最高 5 板｜昨日涨停今日均 +1.0%｜中位大面率 31%｜成交 2.41 万亿（较20日均 1.25 倍）,both,0.0,0.0,0.0,0.0,0.0,0.0,0,0,0,0,True
2025-08-21,27.4,D,↓,14.0,24.0,22.0,13.0,99.0,42,32,12,9,5,0.071,0.25,0.0182,-0.0125,0.333,2.424,1.241,False,5014,正常,情绪 27 D ↓｜涨停 42、炸板 32、跌停 12｜1进2 7%、连板晋级 25%｜最高 5 板｜昨日涨停今日均 -1.3%｜中位大面率 33%｜成交 2.42 万亿（较20日均 1.24 倍）,27.4,D,↓,14.0,24.0,22.0,13.0,99.0,42,32,12,9,5,0.071,0.25,0.0182,-0.0125,0.333,2.424,1.241,False,5014,正常,情绪 27 D ↓｜涨停 42、炸板 32、跌停 12｜1进2 7%、连板晋级 25%｜最高 5 板｜昨日涨停今日均 -1.3%｜中位大面率 33%｜成交 2.42 万亿（较20日均 1.24 倍）,both,0.0,0.0,0.0,0.0,0.0,0.0,0,0,0,0,True
2025-08-22,87.0,S,↑,96.0,76.0,93.0,68.0,100.0,70,10,2,11,6,0.152,0.667,0.0172,0.0239,0.125,2.546,1.285,False,5014,正常,情绪 87 S ↑｜涨停 70、炸板 10、跌停 2｜1进2 15%、连板晋级 67%｜最高 6 板｜昨日涨停今日均 +2.4%｜中位大面率 12%｜成交 2.55 万亿（较20日均 1.28 倍）,87.0,S,↑,96.0,76.0,93.0,68.0,100.0,70,10,2,11,6,0.152,0.667,0.0172,0.0239,0.125,2.546,1.285,False,5014,正常,情绪 87 S ↑｜涨停 70、炸板 10、跌停 2｜1进2 15%、连板晋级 67%｜最高 6 板｜昨日涨停今日均 +2.4%｜中位大面率 12%｜成交 2.55 万亿（较20日均 1.28 倍）,both,0.0,0.0,0.0,0.0,0.0,0.0,0,0,0,0,True
2025-08-25,51.6,B,↓,19.0,71.0,54.0,45.0,100.0,77,42,2,12,6,0.153,0.273,0.045,0.0366,0.222,3.14,1.555,False,5014,正常,情绪 52 B ↓｜涨停 77、炸板 42、跌停 2｜1进2 15%、连板晋级 27%｜最高 6 板｜昨日涨停今日均 +3.7%｜中位大面率 22%｜成交 3.14 万亿（较20日均 1.55 倍）,51.6,B,↓,19.0,71.0,54.0,45.0,100.0,77,42,2,12,6,0.153,0.273,0.045,0.0366,0.222,3.14,1.555,False,5014,正常,情绪 52 B ↓｜涨停 77、炸板 42、跌停 2｜1进2 15%、连板晋级 27%｜最高 6 板｜昨日涨停今日均 +3.7%｜中位大面率 22%｜成交 3.14 万亿（较20日均 1.55 倍）,both,0.0,0.0,0.0,0.0,0.0,0.0,0,0,0,0,True
2025-08-26,61.2,B,↑,22.0,64.0,59.0,100.0,100.0,72,28,1,15,7,0.185,0.25,0.0189,0.0267,0.0,2.678,1.281,False,5015,正常,情绪 61 B ↑｜涨停 72、炸板 28、跌停 1｜1进2 18%、连板晋级 25%｜最高 7 板｜昨日涨停今日均 +2.7%｜中位大面率 0%｜成交 2.68 万亿（较20日均 1.28 倍）,61.2,B,↑,22.0,64.0,59.0,100.0,100.0,72,28,1,15,7,0.185,0.25,0.0189,0.0267,0.0,2.678,1.281,False,5015,正常,情绪 61 B ↑｜涨停 72、炸板 28、跌停 1｜1进2 18%、连板晋级 25%｜最高 7 板｜昨日涨停今日均 +2.7%｜中位大面率 0%｜成交 2.68 万亿（较20日均 1.28 倍）,both,0.0,0.0,0.0,0.0,0.0,0.0,0,0,0,0,True
2025-08-27,38.7,C,↓,14.0,36.0,21.0,67.0,100.0,47,45,8,13,4,0.175,0.2,0.0185,0.0019,0.143,3.165,1.483,False,5017,正常,情绪 39 C ↓｜涨停 47、炸板 45、跌停 8｜1进2 18%、连板晋级 20%｜最高 4 板｜昨日涨停今日均 +0.2%｜中位大面率 14%｜成交 3.16 万亿（较20日均 1.48 倍）,38.7,C,↓,14.0,36.0,21.0,67.0,100.0,47,45,8,13,4,0.175,0.2,0.0185,0.0019,0.143,3.165,1.483,False,5017,正常,情绪 39 C ↓｜涨停 47、炸板 45、跌停 8｜1进2 18%、连板晋级 20%｜最高 4 板｜昨日涨停今日均 +0.2%｜中位大面率 14%｜成交 3.16 万亿（较20日均 1.48 倍）,both,0.0,0.0,0.0,0.0,0.0,0.0,0,0,0,0,True
2025-08-28,61.3,B,↑,45.0,71.0,51.0,64.0,100.0,57,24,3,13,5,0.265,0.308,0.0177,0.0348,0.154,2.97,1.35,False,5017,正常,情绪 61 B ↑｜涨停 57、炸板 24、跌停 3｜1进2 26%、连板晋级 31%｜最高 5 板｜昨日涨停今日均 +3.5%｜中位大面率 15%｜成交 2.97 万亿（较20日均 1.35 倍）,61.3,B,↑,45.0,71.0,51.0,64.0,100.0,57,24,3,13,5,0.265,0.308,0.0177,0.0348,0.154,2.97,1.35,False,5017,正常,情绪 61 B ↑｜涨停 57、炸板 24、跌停 3｜1进2 26%、连板晋级 31%｜最高 5 板｜昨日涨停今日均 +3.5%｜中位大面率 15%｜成交 2.97 万亿（较20日均 1.35 倍）,both,0.0,0.0,0.0,0.0,0.0,0.0,0,0,0,0,True
2025-08-29,59.5,B,→,26.0,77.0,46.0,83.0,99.0,65,22,12,9,6,0.114,0.308,0.0366,0.0256,0.083,2.798,1.243,False,5014,正常,情绪 59 B →｜涨停 65、炸板 22、跌停 12｜1进2 11%、连板晋级 31%｜最高 6 板｜昨日涨停今日均 +2.6%｜中位大面率 8%｜成交 2.80 万亿（较20日均 1.24 倍）,59.5,B,→,26.0,77.0,46.0,83.0,99.0,65,22,12,9,6,0.114,0.308,0.0366,0.0256,0.083,2.798,1.243,False,5014,正常,情绪 59 B →｜涨停 65、炸板 22、跌停 12｜1进2 11%、连板晋级 31%｜最高 6 板｜昨日涨停今日均 +2.6%｜中位大面率 8%｜成交 2.80 万亿（较20日均 1.24 倍）,both,0.0,0.0,0.0,0.0,0.0,0.0,0,0,0,0,True
2025-09-01,84.6,S,↑,71.0,79.0,96.0,98.0,89.0,102,31,1,13,7,0.143,0.556,0.0244,0.0361,0.0,2.75,1.19,False,5014,正常,情绪 85 S ↑｜涨停 102、炸板 31、跌停 1｜1进2 14%、连板晋级 56%｜最高 7 板｜昨日涨停今日均 +3.6%｜中位大面率 0%｜成交 2.75 万亿（较20日均 1.19 倍）,84.6,S,↑,71.0,79.0,96.0,98.0,89.0,102,31,1,13,7,0.143,0.556,0.0244,0.0361,0.0,2.75,1.19,False,5014,正常,情绪 85 S ↑｜涨停 102、炸板 31、跌停 1｜1进2 14%、连板晋级 56%｜最高 7 板｜昨日涨停今日均 +3.6%｜中位大面率 0%｜成交 2.75 万亿（较20日均 1.19 倍）,both,0.0,0.0,0.0,0.0,0.0,0.0,0,0,0,0,True
2025-09-02,29.2,D,↓,17.0,31.0,8.0,32.0,93.0,42,44,20,12,8,0.09,0.308,0.0209,-0.0022,0.273,2.875,1.211,False,5015,正常,情绪 29 D ↓｜涨停 42、炸板 44、跌停 20｜1进2 9%、连板晋级 31%｜最高 8 板｜昨日涨停今日均 -0.2%｜中位大面率 27%｜成交 2.87 万亿（较20日均 1.21 倍）,29.2,D,↓,17.0,31.0,8.0,32.0,93.0,42,44,20,12,8,0.09,0.308,0.0209,-0.0022,0.273,2.875,1.211,False,5015,正常,情绪 29 D ↓｜涨停 42、炸板 44、跌停 20｜1进2 9%、连板晋级 31%｜最高 8 板｜昨日涨停今日均 -0.2%｜中位大面率 27%｜成交 2.87 万亿（较20日均 1.21 倍）,both,0.0,0.0,0.0,0.0,0.0,0.0,0,0,0,0,True
2025-09-03,26.5,D,↓,13.0,53.0,6.0,32.0,40.0,33,36,17,8,9,0.161,0.25,0.0365,0.0036,0.273,2.364,0.97,False,5018,正常,情绪 27 D ↓｜涨停 33、炸板 36、跌停 17｜1进2 16%、连板晋级 25%｜最高 9 板｜昨日涨停今日均 +0.4%｜中位大面率 27%｜成交 2.36 万亿（较20日均 0.97 倍）,26.5,D,↓,13.0,53.0,6.0,32.0,40.0,33,36,17,8,9,0.161,0.25,0.0365,0.0036,0.273,2.364,0.97,False,5018,正常,情绪 27 D ↓｜涨停 33、炸板 36、跌停 17｜1进2 16%、连板晋级 25%｜最高 9 板｜昨日涨停今日均 +0.4%｜中位大面率 27%｜成交 2.36 万亿（较20日均 0.97 倍）,both,0.0,0.0,0.0,0.0,0.0,0.0,0,0,0,0,True
2025-09-04,24.7,D,→,0.0,39.0,0.0,63.0,50.0,38,28,33,6,3,0.2,0.143,0.0276,0.0006,0.143,2.544,1.03,True,5017,正常,情绪 25 D →｜涨停 38、炸板 28、跌停 33｜1进2 20%、连板晋级 14%｜最高 3 板｜昨日涨停今日均 +0.1%｜中位大面率 14%｜成交 2.54 万亿（较20日均 1.03 倍）｜恐慌放量,24.7,D,→,0.0,39.0,0.0,63.0,50.0,38,28,33,6,3,0.2,0.143,0.0276,0.0006,0.143,2.544,1.03,True,5017,正常,情绪 25 D →｜涨停 38、炸板 28、跌停 33｜1进2 20%、连板晋级 14%｜最高 3 板｜昨日涨停今日均 +0.1%｜中位大面率 14%｜成交 2.54 万亿（较20日均 1.03 倍）｜恐慌放量,both,0.0,0.0,0.0,0.0,0.0,0.0,0,0,0,0,True
2025-09-05,59.6,B,↑,41.0,65.0,68.0,92.0,28.0,91,19,3,6,4,0.094,0.5,0.0143,0.0203,0.0,2.304,0.92,False,5019,正常,情绪 60 B ↑｜涨停 91、炸板 19、跌停 3｜1进2 9%、连板晋级 50%｜最高 4 板｜昨日涨停今日均 +2.0%｜中位大面率 0%｜成交 2.30 万亿（较20日均 0.92 倍）,59.6,B,↑,41.0,65.0,68.0,92.0,28.0,91,19,3,6,4,0.094,0.5,0.0143,0.0203,0.0,2.304,0.92,False,5019,正常,情绪 60 B ↑｜涨停 91、炸板 19、跌停 3｜1进2 9%、连板晋级 50%｜最高 4 板｜昨日涨停今日均 +2.0%｜中位大面率 0%｜成交 2.30 万亿（较20日均 0.92 倍）,both,0.0,0.0,0.0,0.0,0.0,0.0,0,0,0,0,True
2025-09-08,64.1,B,↑,75.0,84.0,49.0,57.0,36.0,70,27,3,11,4,0.082,0.667,0.0305,0.0327,0.167,2.418,0.954,False,5019,正常,情绪 64 B ↑｜涨停 70、炸板 27、跌停 3｜1进2 8%、连板晋级 67%｜最高 4 板｜昨日涨停今日均 +3.3%｜中位大面率 17%｜成交 2.42 万亿（较20日均 0.95 倍）,64.1,B,↑,75.0,84.0,49.0,57.0,36.0,70,27,3,11,4,0.082,0.667,0.0305,0.0327,0.167,2.418,0.954,False,5019,正常,情绪 64 B ↑｜涨停 70、炸板 27、跌停 3｜1进2 8%、连板晋级 67%｜最高 4 板｜昨日涨停今日均 +3.3%｜中位大面率 17%｜成交 2.42 万亿（较20日均 0.95 倍）,both,0.0,0.0,0.0,0.0,0.0,0.0,0,0,0,0,True
2025-09-09,37.7,C,↓,22.0,49.0,50.0,56.0,2.0,51,23,5,9,10,0.085,0.333,0.0153,0.013,0.182,2.118,0.826,False,5021,正常,情绪 38 C ↓｜涨停 51、炸板 23、跌停 5｜1进2 8%、连板晋级 33%｜最高 10 板｜昨日涨停今日均 +1.3%｜中位大面率 18%｜成交 2.12 万亿（较20日均 0.83 倍）,37.7,C,↓,22.0,49.0,50.0,56.0,2.0,51,23,5,9,10,0.085,0.333,0.0153,0.013,0.182,2.118,0.826,False,5021,正常,情绪 38 C ↓｜涨停 51、炸板 23、跌停 5｜1进2 8%、连板晋级 33%｜最高 10 板｜昨日涨停今日均 +1.3%｜中位大面率 18%｜成交 2.12 万亿（较20日均 0.83 倍）,both,0.0,0.0,0.0,0.0,0.0,0.0,0,0,0,0,True
2025-09-10,47.5,C,↑,33.0,50.0,51.0,95.0,0.0,49,24,3,11,11,0.19,0.333,-0.0,0.0215,0.0,1.978,0.768,False,5022,正常,情绪 48 C ↑｜涨停 49、炸板 24、跌停 3｜1进2 19%、连板晋级 33%｜最高 11 板｜昨日涨停今日均 +2.2%｜中位大面率 0%｜成交 1.98 万亿（较20日均 0.77 倍）,47.5,C,↑,33.0,50.0,51.0,95.0,0.0,49,24,3,11,11,0.19,0.333,-0.0,0.0215,0.0,1.978,0.768,False,5022,正常,情绪 48 C ↑｜涨停 49、炸板 24、跌停 3｜1进2 19%、连板晋级 33%｜最高 11 板｜昨日涨停今日均 +2.2%｜中位大面率 0%｜成交 1.98 万亿（较20日均 0.77 倍）,both,0.0,0.0,0.0,0.0,0.0,0.0,0,0,0,0,True
2025-09-11,54.5,B,↑,45.0,60.0,56.0,73.0,35.0,89,14,3,11,3,0.184,0.4,0.0215,0.0286,0.111,2.437,0.949,False,5021,正常,情绪 54 B ↑｜涨停 89、炸板 14、跌停 3｜1进2 18%、连板晋级 40%｜最高 3 板｜昨日涨停今日均 +2.9%｜中位大面率 11%｜成交 2.44 万亿（较20日均 0.95 倍）,54.5,B,↑,45.0,60.0,56.0,73.0,35.0,89,14,3,11,3,0.184,0.4,0.0215,0.0286,0.111,2.437,0.949,False,5021,正常,情绪 54 B ↑｜涨停 89、炸板 14、跌停 3｜1进2 18%、连板晋级 40%｜最高 3 板｜昨日涨停今日均 +2.9%｜中位大面率 11%｜成交 2.44 万亿（较20日均 0.95 倍）,both,0.0,0.0,0.0,0.0,0.0,0.0,0,0,0,0,True
2025-09-12,76.8,A,↑,82.0,78.0,69.0,100.0,42.0,66,23,2,18,4,0.141,0.636,0.0173,0.0286,0.0,2.521,0.979,False,5023,正常,情绪 77 A ↑｜涨停 66、炸板 23、跌停 2｜1进2 14%、连板晋级 64%｜最高 4 板｜昨日涨停今日均 +2.9%｜中位大面率 0%｜成交 2.52 万亿（较20日均 0.98 倍）,76.8,A,↑,82.0,78.0,69.0,100.0,42.0,66,23,2,18,4,0.141,0.636,0.0173,0.0286,0.0,2.521,0.979,False,5023,正常,情绪 77 A ↑｜涨停 66、炸板 23、跌停 2｜1进2 14%、连板晋级 64%｜最高 4 板｜昨日涨停今日均 +2.9%｜中位大面率 0%｜成交 2.52 万亿（较20日均 0.98 倍）,both,0.0,0.0,0.0,0.0,0.0,0.0,0,0,0,0,True
2025-09-15,25.1,D,↓,0.0,34.0,26.0,58.0,17.0,67,34,4,10,3,0.188,0.059,0.0198,0.012,0.176,2.277,0.879,False,5021,正常,情绪 25 D ↓｜涨停 67、炸板 34、跌停 4｜1进2 19%、连板晋级 6%｜最高 3 板｜昨日涨停今日均 +1.2%｜中位大面率 18%｜成交 2.28 万亿（较20日均 0.88 倍）,25.1,D,↓,0.0,34.0,26.0,58.0,17.0,67,34,4,10,3,0.188,0.059,0.0198,0.012,0.176,2.277,0.879,False,5021,正常,情绪 25 D ↓｜涨停 67、炸板 34、跌停 4｜1进2 19%、连板晋级 6%｜最高 3 板｜昨日涨停今日均 +1.2%｜中位大面率 18%｜成交 2.28 万亿（较20日均 0.88 倍）,both,0.0,0.0,0.0,0.0,0.0,0.0,0,0,0,0,True
2025-09-16,77.1,A,↑,90.0,78.0,68.0,100.0,26.0,70,30,2,14,4,0.123,0.7,0.0186,0.0241,0.0,2.341,0.913,False,5023,正常,情绪 77 A ↑｜涨停 70、炸板 30、跌停 2｜1进2 12%、连板晋级 70%｜最高 4 板｜昨日涨停今日均 +2.4%｜中位大面率 0%｜成交 2.34 万亿（较20日均 0.91 倍）,77.1,A,↑,90.0,78.0,68.0,100.0,26.0,70,30,2,14,4,0.123,0.7,0.0186,0.0241,0.0,2.341,0.913,False,5023,正常,情绪 77 A ↑｜涨停 70、炸板 30、跌停 2｜1进2 12%、连板晋级 70%｜最高 4 板｜昨日涨停今日均 +2.4%｜中位大面率 0%｜成交 2.34 万亿（较20日均 0.91 倍）,both,0.0,0.0,0.0,0.0,0.0,0.0,0,0,0,0,True
2025-09-17,55.2,B,↓,46.0,69.0,56.0,67.0,30.0,67,26,1,15,4,0.161,0.429,0.0268,0.0289,0.143,2.376,0.931,False,5022,正常,情绪 55 B ↓｜涨停 67、炸板 26、跌停 1｜1进2 16%、连板晋级 43%｜最高 4 板｜昨日涨停今日均 +2.9%｜中位大面率 14%｜成交 2.38 万亿（较20日均 0.93 倍）,55.2,B,↓,46.0,69.0,56.0,67.0,30.0,67,26,1,15,4,0.161,0.429,0.0268,0.0289,0.143,2.376,0.931,False,5022,正常,情绪 55 B ↓｜涨停 67、炸板 26、跌停 1｜1进2 16%、连板晋级 43%｜最高 4 板｜昨日涨停今日均 +2.9%｜中位大面率 14%｜成交 2.38 万亿（较20日均 0.93 倍）,both,0.0,0.0,0.0,0.0,0.0,0.0,0,0,0,0,True
2025-09-18,89.5,S,↑,100.0,92.0,62.0,100.0,96.0,54,64,1,19,12,0.154,0.688,0.0298,0.031,0.0,3.135,1.229,False,5022,正常,情绪 89 S ↑｜涨停 54、炸板 64、跌停 1｜1进2 15%、连板晋级 69%｜最高 12 板｜昨日涨停今日均 +3.1%｜中位大面率 0%｜成交 3.13 万亿（较20日均 1.23 倍）,89.5,S,↑,100.0,92.0,62.0,100.0,96.0,54,64,1,19,12,0.154,0.688,0.0298,0.031,0.0,3.135,1.229,False,5022,正常,情绪 89 S ↑｜涨停 54、炸板 64、跌停 1｜1进2 15%、连板晋级 69%｜最高 12 板｜昨日涨停今日均 +3.1%｜中位大面率 0%｜成交 3.13 万亿（较20日均 1.23 倍）,both,0.0,0.0,0.0,0.0,0.0,0.0,0,0,0,0,True
2025-09-19,20.3,D,↓,5.0,35.0,39.0,0.0,22.0,50,24,22,11,13,0.171,0.263,0.0322,-0.0105,0.571,2.323,0.898,False,5022,正常,情绪 20 D ↓｜涨停 50、炸板 24、跌停 22｜1进2 17%、连板晋级 26%｜最高 13 板｜昨日涨停今日均 -1.1%｜中位大面率 57%｜成交 2.32 万亿（较20日均 0.90 倍）,20.3,D,↓,5.0,35.0,39.0,0.0,22.0,50,24,22,11,13,0.171,0.263,0.0322,-0.0105,0.571,2.323,0.898,False,5022,正常,情绪 20 D ↓｜涨停 50、炸板 24、跌停 22｜1进2 17%、连板晋级 26%｜最高 13 板｜昨日涨停今日均 -1.1%｜中位大面率 57%｜成交 2.32 万亿（较20日均 0.90 倍）,both,0.0,0.0,0.0,0.0,0.0,0.0,0,0,0,0,True
2025-09-22,44.8,C,↑,55.0,52.0,67.0,18.0,1.0,64,21,9,11,14,0.154,0.455,0.0242,0.0114,0.333,2.121,0.824,False,5018,正常,情绪 45 C ↑｜涨停 64、炸板 21、跌停 9｜1进2 15%、连板晋级 45%｜最高 14 板｜昨日涨停今日均 +1.1%｜中位大面率 33%｜成交 2.12 万亿（较20日均 0.82 倍）,44.8,C,↑,55.0,52.0,67.0,18.0,1.0,64,21,9,11,14,0.154,0.455,0.0242,0.0114,0.333,2.121,0.824,False,5018,正常,情绪 45 C ↑｜涨停 64、炸板 21、跌停 9｜1进2 15%、连板晋级 45%｜最高 14 板｜昨日涨停今日均 +1.1%｜中位大面率 33%｜成交 2.12 万亿（较20日均 0.82 倍）,both,0.0,0.0,0.0,0.0,0.0,0.0,0,0,0,0,True
2025-09-23,69.7,A,↑,100.0,74.0,58.0,45.0,44.0,52,18,10,18,15,0.208,0.636,0.0318,0.0298,0.222,2.494,0.988,False,5020,正常,情绪 70 A ↑｜涨停 52、炸板 18、跌停 10｜1进2 21%、连板晋级 64%｜最高 15 板｜昨日涨停今日均 +3.0%｜中位大面率 22%｜成交 2.49 万亿（较20日均 0.99 倍）,69.7,A,↑,100.0,74.0,58.0,45.0,44.0,52,18,10,18,15,0.208,0.636,0.0318,0.0298,0.222,2.494,0.988,False,5020,正常,情绪 70 A ↑｜涨停 52、炸板 18、跌停 10｜1进2 21%、连板晋级 64%｜最高 15 板｜昨日涨停今日均 +3.0%｜中位大面率 22%｜成交 2.49 万亿（较20日均 0.99 倍）,both,0.0,0.0,0.0,0.0,0.0,0.0,0,0,0,0,True
2025-09-24,40.3,C,↓,12.0,49.0,47.0,73.0,29.0,77,32,8,12,4,0.235,0.235,0.0189,0.0272,0.125,2.326,0.925,False,5019,正常,情绪 40 C ↓｜涨停 77、炸板 32、跌停 8｜1进2 24%、连板晋级 24%｜最高 4 板｜昨日涨停今日均 +2.7%｜中位大面率 12%｜成交 2.33 万亿（较20日均 0.92 倍）,40.3,C,↓,12.0,49.0,47.0,73.0,29.0,77,32,8,12,4,0.235,0.235,0.0189,0.0272,0.125,2.326,0.925,False,5019,正常,情绪 40 C ↓｜涨停 77、炸板 32、跌停 8｜1进2 24%、连板晋级 24%｜最高 4 板｜昨日涨停今日均 +2.7%｜中位大面率 12%｜成交 2.33 万亿（较20日均 0.92 倍）,both,0.0,0.0,0.0,0.0,0.0,0.0,0,0,0,0,True
2025-09-25,33.9,D,↓,32.0,36.0,46.0,15.0,37.0,41,21,6,10,5,0.092,0.333,0.0186,0.005,0.333,2.371,0.958,False,5019,正常,情绪 34 D ↓｜涨停 41、炸板 21、跌停 6｜1进2 9%、连板晋级 33%｜最高 5 板｜昨日涨停今日均 +0.5%｜中位大面率 33%｜成交 2.37 万亿（较20日均 0.96 倍）,33.9,D,↓,32.0,36.0,46.0,15.0,37.0,41,21,6,10,5,0.092,0.333,0.0186,0.005,0.333,2.371,0.958,False,5019,正常,情绪 34 D ↓｜涨停 41、炸板 21、跌停 6｜1进2 9%、连板晋级 33%｜最高 5 板｜昨日涨停今日均 +0.5%｜中位大面率 33%｜成交 2.37 万亿（较20日均 0.96 倍）,both,0.0,0.0,0.0,0.0,0.0,0.0,0,0,0,0,True
2025-09-26,20.2,D,↓,37.0,7.0,29.0,0.0,17.0,47,25,21,9,5,0.194,0.333,0.0127,-0.0059,0.5,2.147,0.878,False,5018,正常,情绪 20 D ↓｜涨停 47、炸板 25、跌停 21｜1进2 19%、连板晋级 33%｜最高 5 板｜昨日涨停今日均 -0.6%｜中位大面率 50%｜成交 2.15 万亿（较20日均 0.88 倍）,20.2,D,↓,37.0,7.0,29.0,0.0,17.0,47,25,21,9,5,0.194,0.333,0.0127,-0.0059,0.5,2.147,0.878,False,5018,正常,情绪 20 D ↓｜涨停 47、炸板 25、跌停 21｜1进2 19%、连板晋级 33%｜最高 5 板｜昨日涨停今日均 -0.6%｜中位大面率 50%｜成交 2.15 万亿（较20日均 0.88 倍）,both,0.0,0.0,0.0,0.0,0.0,0.0,0,0,0,0,True
2025-09-29,32.6,D,↑,37.0,38.0,38.0,18.0,21.0,55,23,2,8,6,0.105,0.4,0.0121,0.0053,0.333,2.161,0.896,False,5013,正常,情绪 33 D ↑｜涨停 55、炸板 23、跌停 2｜1进2 11%、连板晋级 40%｜最高 6 板｜昨日涨停今日均 +0.5%｜中位大面率 33%｜成交 2.16 万亿（较20日均 0.90 倍）,32.6,D,↑,37.0,38.0,38.0,18.0,21.0,55,23,2,8,6,0.105,0.4,0.0121,0.0053,0.333,2.161,0.896,False,5013,正常,情绪 33 D ↑｜涨停 55、炸板 23、跌停 2｜1进2 11%、连板晋级 40%｜最高 6 板｜昨日涨停今日均 +0.5%｜中位大面率 33%｜成交 2.16 万亿（较20日均 0.90 倍）,both,0.0,0.0,0.0,0.0,0.0,0.0,0,0,0,0,True
2025-09-30,39.1,C,↑,40.0,54.0,59.0,0.0,27.0,52,26,3,10,7,0.149,0.375,0.0214,0.0219,0.429,2.181,0.916,False,5013,正常,情绪 39 C ↑｜涨停 52、炸板 26、跌停 3｜1进2 15%、连板晋级 38%｜最高 7 板｜昨日涨停今日均 +2.2%｜中位大面率 43%｜成交 2.18 万亿（较20日均 0.92 倍）,39.1,C,↑,40.0,54.0,59.0,0.0,27.0,52,26,3,10,7,0.149,0.375,0.0214,0.0219,0.429,2.181,0.916,False,5013,正常,情绪 39 C ↑｜涨停 52、炸板 26、跌停 3｜1进2 15%、连板晋级 38%｜最高 7 板｜昨日涨停今日均 +2.2%｜中位大面率 43%｜成交 2.18 万亿（较20日均 0.92 倍）,both,0.0,0.0,0.0,0.0,0.0,0.0,0,0,0,0,True
2025-10-09,45.3,C,↑,34.0,44.0,44.0,45.0,76.0,87,42,18,9,4,0.146,0.3,0.0282,0.0136,0.222,2.653,1.13,False,5010,正常,情绪 45 C ↑｜涨停 87、炸板 42、跌停 18｜1进2 15%、连板晋级 30%｜最高 4 板｜昨日涨停今日均 +1.4%｜中位大面率 22%｜成交 2.65 万亿（较20日均 1.13 倍）,45.3,C,↑,34.0,44.0,44.0,45.0,76.0,87,42,18,9,4,0.146,0.3,0.0282,0.0136,0.222,2.653,1.13,False,5010,正常,情绪 45 C ↑｜涨停 87、炸板 42、跌停 18｜1进2 15%、连板晋级 30%｜最高 4 板｜昨日涨停今日均 +1.4%｜中位大面率 22%｜成交 2.65 万亿（较20日均 1.13 倍）,both,0.0,0.0,0.0,0.0,0.0,0.0,0,0,0,0,True
2025-10-10,32.7,D,↓,0.0,33.0,28.0,73.0,62.0,59,26,6,11,3,0.128,0.111,0.0191,0.0117,0.111,2.515,1.065,False,5011,正常,情绪 33 D ↓｜涨停 59、炸板 26、跌停 6｜1进2 13%、连板晋级 11%｜最高 3 板｜昨日涨停今日均 +1.2%｜中位大面率 11%｜成交 2.52 万亿（较20日均 1.07 倍）,32.7,D,↓,0.0,33.0,28.0,73.0,62.0,59,26,6,11,3,0.128,0.111,0.0191,0.0117,0.111,2.515,1.065,False,5011,正常,情绪 33 D ↓｜涨停 59、炸板 26、跌停 6｜1进2 13%、连板晋级 11%｜最高 3 板｜昨日涨停今日均 +1.2%｜中位大面率 11%｜成交 2.52 万亿（较20日均 1.07 倍）,both,0.0,0.0,0.0,0.0,0.0,0.0,0,0,0,0,True
2025-10-13,39.9,C,↑,34.0,29.0,56.0,38.0,47.0,58,20,3,12,4,0.167,0.333,-0.0209,0.0161,0.25,2.354,0.998,False,5015,正常,情绪 40 C ↑｜涨停 58、炸板 20、跌停 3｜1进2 17%、连板晋级 33%｜最高 4 板｜昨日涨停今日均 +1.6%｜中位大面率 25%｜成交 2.35 万亿（较20日均 1.00 倍）,39.9,C,↑,34.0,29.0,56.0,38.0,47.0,58,20,3,12,4,0.167,0.333,-0.0209,0.0161,0.25,2.354,0.998,False,5015,正常,情绪 40 C ↑｜涨停 58、炸板 20、跌停 3｜1进2 17%、连板晋级 33%｜最高 4 板｜昨日涨停今日均 +1.6%｜中位大面率 25%｜成交 2.35 万亿（较20日均 1.00 倍）,both,0.0,0.0,0.0,0.0,0.0,0.0,0,0,0,0,True
2025-10-14,58.2,B,↑,35.0,87.0,23.0,100.0,68.0,37,48,3,11,4,0.152,0.333,0.046,0.0244,0.0,2.576,1.09,False,5015,正常,情绪 58 B ↑｜涨停 37、炸板 48、跌停 3｜1进2 15%、连板晋级 33%｜最高 4 板｜昨日涨停今日均 +2.4%｜中位大面率 0%｜成交 2.58 万亿（较20日均 1.09 倍）,58.2,B,↑,35.0,87.0,23.0,100.0,68.0,37,48,3,11,4,0.152,0.333,0.046,0.0244,0.0,2.576,1.09,False,5015,正常,情绪 58 B ↑｜涨停 37、炸板 48、跌停 3｜1进2 15%、连板晋级 33%｜最高 4 板｜昨日涨停今日均 +2.4%｜中位大面率 0%｜成交 2.58 万亿（较20日均 1.09 倍）,both,0.0,0.0,0.0,0.0,0.0,0.0,0,0,0,0,True
2025-10-15,15.8,D,↓,0.0,31.0,32.0,0.0,16.0,66,14,4,7,3,0.231,0.091,0.0289,0.0047,0.545,2.073,0.874,False,5015,正常,情绪 16 D ↓｜涨停 66、炸板 14、跌停 4｜1进2 23%、连板晋级 9%｜最高 3 板｜昨日涨停今日均 +0.5%｜中位大面率 55%｜成交 2.07 万亿（较20日均 0.87 倍）,15.8,D,↓,0.0,31.0,32.0,0.0,16.0,66,14,4,7,3,0.231,0.091,0.0289,0.0047,0.545,2.073,0.874,False,5015,正常,情绪 16 D ↓｜涨停 66、炸板 14、跌停 4｜1进2 23%、连板晋级 9%｜最高 3 板｜昨日涨停今日均 +0.5%｜中位大面率 55%｜成交 2.07 万亿（较20日均 0.87 倍）,both,0.0,0.0,0.0,0.0,0.0,0.0,0,0,0,0,True
2025-10-16,51.6,B,↑,54.0,46.0,46.0,95.0,0.0,39,19,7,12,3,0.136,0.5,0.0218,0.0123,0.0,1.931,0.815,False,5018,正常,情绪 52 B ↑｜涨停 39、炸板 19、跌停 7｜1进2 14%、连板晋级 50%｜最高 3 板｜昨日涨停今日均 +1.2%｜中位大面率 0%｜成交 1.93 万亿（较20日均 0.82 倍）,51.6,B,↑,54.0,46.0,46.0,95.0,0.0,39,19,7,12,3,0.136,0.5,0.0218,0.0123,0.0,1.931,0.815,False,5018,正常,情绪 52 B ↑｜涨停 39、炸板 19、跌停 7｜1进2 14%、连板晋级 50%｜最高 3 板｜昨日涨停今日均 +1.2%｜中位大面率 0%｜成交 1.93 万亿（较20日均 0.82 倍）,both,0.0,0.0,0.0,0.0,0.0,0.0,0,0,0,0,True
2025-10-17,21.6,D,↓,13.0,38.0,15.0,38.0,0.0,37,17,23,10,4,0.259,0.25,0.0175,0.0134,0.25,1.938,0.819,False,5020,正常,情绪 22 D ↓｜涨停 37、炸板 17、跌停 23｜1进2 26%、连板晋级 25%｜最高 4 板｜昨日涨停今日均 +1.3%｜中位大面率 25%｜成交 1.94 万亿（较20日均 0.82 倍）,21.6,D,↓,13.0,38.0,15.0,38.0,0.0,37,17,23,10,4,0.259,0.25,0.0175,0.0134,0.25,1.938,0.819,False,5020,正常,情绪 22 D ↓｜涨停 37、炸板 17、跌停 23｜1进2 26%、连板晋级 25%｜最高 4 板｜昨日涨停今日均 +1.3%｜中位大面率 25%｜成交 1.94 万亿（较20日均 0.82 倍）,both,0.0,0.0,0.0,0.0,0.0,0.0,0,0,0,0,True
2025-10-20,66.9,A,↑,79.0,58.0,87.0,76.0,0.0,75,20,2,10,5,0.192,0.5,0.0143,0.0283,0.1,1.737,0.742,False,5019,正常,情绪 67 A ↑｜涨停 75、炸板 20、跌停 2｜1进2 19%、连板晋级 50%｜最高 5 板｜昨日涨停今日均 +2.8%｜中位大面率 10%｜成交 1.74 万亿（较20日均 0.74 倍）,66.9,A,↑,79.0,58.0,87.0,76.0,0.0,75,20,2,10,5,0.192,0.5,0.0143,0.0283,0.1,1.737,0.742,False,5019,正常,情绪 67 A ↑｜涨停 75、炸板 20、跌停 2｜1进2 19%、连板晋级 50%｜最高 5 板｜昨日涨停今日均 +2.8%｜中位大面率 10%｜成交 1.74 万亿（较20日均 0.74 倍）,both,0.0,0.0,0.0,0.0,0.0,0.0,0,0,0,0,True
2025-10-21,27.3,D,↓,1.0,28.0,64.0,39.0,0.0,76,21,3,12,6,0.154,0.2,0.015,0.0173,0.25,1.874,0.814,False,5018,正常,情绪 27 D ↓｜涨停 76、炸板 21、跌停 3｜1进2 15%、连板晋级 20%｜最高 6 板｜昨日涨停今日均 +1.7%｜中位大面率 25%｜成交 1.87 万亿（较20日均 0.81 倍）,27.3,D,↓,1.0,28.0,64.0,39.0,0.0,76,21,3,12,6,0.154,0.2,0.015,0.0173,0.25,1.874,0.814,False,5018,正常,情绪 27 D ↓｜涨停 76、炸板 21、跌停 3｜1进2 15%、连板晋级 20%｜最高 6 板｜昨日涨停今日均 +1.7%｜中位大面率 25%｜成交 1.87 万亿（较20日均 0.81 倍）,both,0.0,0.0,0.0,0.0,0.0,0.0,0,0,0,0,True
2025-10-22,67.7,A,↑,88.0,78.0,57.0,80.0,0.0,56,20,5,21,7,0.219,0.583,0.0223,0.0219,0.091,1.668,0.731,False,5018,正常,情绪 68 A ↑｜涨停 56、炸板 20、跌停 5｜1进2 22%、连板晋级 58%｜最高 7 板｜昨日涨停今日均 +2.2%｜中位大面率 9%｜成交 1.67 万亿（较20日均 0.73 倍）,67.7,A,↑,88.0,78.0,57.0,80.0,0.0,56,20,5,21,7,0.219,0.583,0.0223,0.0219,0.091,1.668,0.731,False,5018,正常,情绪 68 A ↑｜涨停 56、炸板 20、跌停 5｜1进2 22%、连板晋级 58%｜最高 7 板｜昨日涨停今日均 +2.2%｜中位大面率 9%｜成交 1.67 万亿（较20日均 0.73 倍）,both,0.0,0.0,0.0,0.0,0.0,0.0,0,0,0,0,True
2025-10-23,20.7,D,↓,23.0,16.0,49.0,0.0,0.0,57,17,8,10,8,0.111,0.286,0.0124,-0.009,0.4,1.644,0.731,False,5019,正常,情绪 21 D ↓｜涨停 57、炸板 17、跌停 8｜1进2 11%、连板晋级 29%｜最高 8 板｜昨日涨停今日均 -0.9%｜中位大面率 40%｜成交 1.64 万亿（较20日均 0.73 倍）,20.7,D,↓,23.0,16.0,49.0,0.0,0.0,57,17,8,10,8,0.111,0.286,0.0124,-0.009,0.4,1.644,0.731,False,5019,正常,情绪 21 D ↓｜涨停 57、炸板 17、跌停 8｜1进2 11%、连板晋级 29%｜最高 8 板｜昨日涨停今日均 -0.9%｜中位大面率 40%｜成交 1.64 万亿（较20日均 0.73 倍）,both,0.0,0.0,0.0,0.0,0.0,0.0,0,0,0,0,True
2025-10-24,33.6,D,↑,44.0,21.0,52.0,18.0,21.0,56,21,8,10,5,0.128,0.4,0.0102,-0.0157,0.333,1.974,0.893,False,5019,正常,情绪 34 D ↑｜涨停 56、炸板 21、跌停 8｜1进2 13%、连板晋级 40%｜最高 5 板｜昨日涨停今日均 -1.6%｜中位大面率 33%｜成交 1.97 万亿（较20日均 0.89 倍）,33.6,D,↑,44.0,21.0,52.0,18.0,21.0,56,21,8,10,5,0.128,0.4,0.0102,-0.0157,0.333,1.974,0.893,False,5019,正常,情绪 34 D ↑｜涨停 56、炸板 21、跌停 8｜1进2 13%、连板晋级 40%｜最高 5 板｜昨日涨停今日均 -1.6%｜中位大面率 33%｜成交 1.97 万亿（较20日均 0.89 倍）,both,0.0,0.0,0.0,0.0,0.0,0.0,0,0,0,0,True
2025-10-27,72.7,A,↑,80.0,74.0,65.0,73.0,67.0,51,35,8,12,6,0.13,0.6,0.0281,0.0271,0.111,2.34,1.087,False,5017,正常,情绪 73 A ↑｜涨停 51、炸板 35、跌停 8｜1进2 13%、连板晋级 60%｜最高 6 板｜昨日涨停今日均 +2.7%｜中位大面率 11%｜成交 2.34 万亿（较20日均 1.09 倍）,72.7,A,↑,80.0,74.0,65.0,73.0,67.0,51,35,8,12,6,0.13,0.6,0.0281,0.0271,0.111,2.34,1.087,False,5017,正常,情绪 73 A ↑｜涨停 51、炸板 35、跌停 8｜1进2 13%、连板晋级 60%｜最高 6 板｜昨日涨停今日均 +2.7%｜中位大面率 11%｜成交 2.34 万亿（较20日均 1.09 倍）,both,0.0,0.0,0.0,0.0,0.0,0.0,0,0,0,0,True
2025-10-28,74.9,A,↑,84.0,73.0,78.0,76.0,47.0,57,22,4,13,7,0.154,0.583,0.0225,0.0353,0.1,2.148,0.997,False,5015,正常,情绪 75 A ↑｜涨停 57、炸板 22、跌停 4｜1进2 15%、连板晋级 58%｜最高 7 板｜昨日涨停今日均 +3.5%｜中位大面率 10%｜成交 2.15 万亿（较20日均 1.00 倍）,74.9,A,↑,84.0,73.0,78.0,76.0,47.0,57,22,4,13,7,0.154,0.583,0.0225,0.0353,0.1,2.148,0.997,False,5015,正常,情绪 75 A ↑｜涨停 57、炸板 22、跌停 4｜1进2 15%、连板晋级 58%｜最高 7 板｜昨日涨停今日均 +3.5%｜中位大面率 10%｜成交 2.15 万亿（较20日均 1.00 倍）,both,0.0,0.0,0.0,0.0,0.0,0.0,0,0,0,0,True
2025-10-29,32.2,D,↓,7.0,47.0,54.0,8.0,58.0,56,35,1,12,6,0.2,0.231,0.0256,0.0129,0.364,2.256,1.047,False,5017,正常,情绪 32 D ↓｜涨停 56、炸板 35、跌停 1｜1进2 20%、连板晋级 23%｜最高 6 板｜昨日涨停今日均 +1.3%｜中位大面率 36%｜成交 2.26 万亿（较20日均 1.05 倍）,32.2,D,↓,7.0,47.0,54.0,8.0,58.0,56,35,1,12,6,0.2,0.231,0.0256,0.0129,0.364,2.256,1.047,False,5017,正常,情绪 32 D ↓｜涨停 56、炸板 35、跌停 1｜1进2 20%、连板晋级 23%｜最高 6 板｜昨日涨停今日均 +1.3%｜中位大面率 36%｜成交 2.26 万亿（较20日均 1.05 倍）,both,0.0,0.0,0.0,0.0,0.0,0.0,0,0,0,0,True
2025-10-30,43.7,C,↑,31.0,54.0,47.0,25.0,76.0,46,21,11,12,7,0.159,0.417,0.0222,0.0139,0.3,2.421,1.13,False,5016,正常,情绪 44 C ↑｜涨停 46、炸板 21、跌停 11｜1进2 16%、连板晋级 42%｜最高 7 板｜昨日涨停今日均 +1.4%｜中位大面率 30%｜成交 2.42 万亿（较20日均 1.13 倍）,43.7,C,↑,31.0,54.0,47.0,25.0,76.0,46,21,11,12,7,0.159,0.417,0.0222,0.0139,0.3,2.421,1.13,False,5016,正常,情绪 44 C ↑｜涨停 46、炸板 21、跌停 11｜1进2 16%、连板晋级 42%｜最高 7 板｜昨日涨停今日均 +1.4%｜中位大面率 30%｜成交 2.42 万亿（较20日均 1.13 倍）,both,0.0,0.0,0.0,0.0,0.0,0.0,0,0,0,0,True
2025-10-31,31.2,D,↓,34.0,29.0,36.0,0.0,65.0,57,40,12,9,8,0.147,0.333,0.0106,0.0074,0.4,2.317,1.079,False,5017,正常,情绪 31 D ↓｜涨停 57、炸板 40、跌停 12｜1进2 15%、连板晋级 33%｜最高 8 板｜昨日涨停今日均 +0.7%｜中位大面率 40%｜成交 2.32 万亿（较20日均 1.08 倍）,31.2,D,↓,34.0,29.0,36.0,0.0,65.0,57,40,12,9,8,0.147,0.333,0.0106,0.0074,0.4,2.317,1.079,False,5017,正常,情绪 31 D ↓｜涨停 57、炸板 40、跌停 12｜1进2 15%、连板晋级 33%｜最高 8 板｜昨日涨停今日均 +0.7%｜中位大面率 40%｜成交 2.32 万亿（较20日均 1.08 倍）,both,0.0,0.0,0.0,0.0,0.0,0.0,0,0,0,0,True
2025-11-03,27.5,D,↓,0.0,50.0,23.0,39.0,43.0,67,26,7,10,5,0.188,0.111,0.0296,0.0277,0.25,2.107,0.982,False,5019,正常,情绪 27 D ↓｜涨停 67、炸板 26、跌停 7｜1进2 19%、连板晋级 11%｜最高 5 板｜昨日涨停今日均 +2.8%｜中位大面率 25%｜成交 2.11 万亿（较20日均 0.98 倍）,27.5,D,↓,0.0,50.0,23.0,39.0,43.0,67,26,7,10,5,0.188,0.111,0.0296,0.0277,0.25,2.107,0.982,False,5019,正常,情绪 27 D ↓｜涨停 67、炸板 26、跌停 7｜1进2 19%、连板晋级 11%｜最高 5 板｜昨日涨停今日均 +2.8%｜中位大面率 25%｜成交 2.11 万亿（较20日均 0.98 倍）,both,0.0,0.0,0.0,0.0,0.0,0.0,0,0,0,0,True
2025-11-04,61.7,B,↑,52.0,86.0,40.0,100.0,21.0,50,20,6,14,6,0.158,0.5,0.0298,0.0278,0.0,1.915,0.894,False,5019,正常,情绪 62 B ↑｜涨停 50、炸板 20、跌停 6｜1进2 16%、连板晋级 50%｜最高 6 板｜昨日涨停今日均 +2.8%｜中位大面率 0%｜成交 1.92 万亿（较20日均 0.89 倍）,61.7,B,↑,52.0,86.0,40.0,100.0,21.0,50,20,6,14,6,0.158,0.5,0.0298,0.0278,0.0,1.915,0.894,False,5019,正常,情绪 62 B ↑｜涨停 50、炸板 20、跌停 6｜1进2 16%、连板晋级 50%｜最高 6 板｜昨日涨停今日均 +2.8%｜中位大面率 0%｜成交 1.92 万亿（较20日均 0.89 倍）,both,0.0,0.0,0.0,0.0,0.0,0.0,0,0,0,0,True
2025-11-05,75.0,A,↑,100.0,59.0,81.0,85.0,17.0,66,32,2,19,7,0.306,0.571,0.0108,0.0365,0.077,1.872,0.878,False,5019,正常,情绪 75 A ↑｜涨停 66、炸板 32、跌停 2｜1进2 31%、连板晋级 57%｜最高 7 板｜昨日涨停今日均 +3.7%｜中位大面率 8%｜成交 1.87 万亿（较20日均 0.88 倍）,75.0,A,↑,100.0,59.0,81.0,85.0,17.0,66,32,2,19,7,0.306,0.571,0.0108,0.0365,0.077,1.872,0.878,False,5019,正常,情绪 75 A ↑｜涨停 66、炸板 32、跌停 2｜1进2 31%、连板晋级 57%｜最高 7 板｜昨日涨停今日均 +3.7%｜中位大面率 8%｜成交 1.87 万亿（较20日均 0.88 倍）,both,0.0,0.0,0.0,0.0,0.0,0.0,0,0,0,0,True
2025-11-06,25.1,D,↓,0.0,52.0,31.0,12.0,40.0,62,36,12,11,8,0.149,0.211,0.0346,0.0065,0.333,2.055,0.971,False,5018,正常,情绪 25 D ↓｜涨停 62、炸板 36、跌停 12｜1进2 15%、连板晋级 21%｜最高 8 板｜昨日涨停今日均 +0.7%｜中位大面率 33%｜成交 2.05 万亿（较20日均 0.97 倍）,25.1,D,↓,0.0,52.0,31.0,12.0,40.0,62,36,12,11,8,0.149,0.211,0.0346,0.0065,0.333,2.055,0.971,False,5018,正常,情绪 25 D ↓｜涨停 62、炸板 36、跌停 12｜1进2 15%、连板晋级 21%｜最高 8 板｜昨日涨停今日均 +0.7%｜中位大面率 33%｜成交 2.05 万亿（较20日均 0.97 倍）,both,0.0,0.0,0.0,0.0,0.0,0.0,0,0,0,0,True
2025-11-07,53.2,B,↑,44.0,52.0,57.0,76.0,37.0,54,28,4,12,9,0.157,0.364,0.0124,0.031,0.1,1.999,0.958,False,5019,正常,情绪 53 B ↑｜涨停 54、炸板 28、跌停 4｜1进2 16%、连板晋级 36%｜最高 9 板｜昨日涨停今日均 +3.1%｜中位大面率 10%｜成交 2.00 万亿（较20日均 0.96 倍）,53.2,B,↑,44.0,52.0,57.0,76.0,37.0,54,28,4,12,9,0.157,0.364,0.0124,0.031,0.1,1.999,0.958,False,5019,正常,情绪 53 B ↑｜涨停 54、炸板 28、跌停 4｜1进2 16%、连板晋级 36%｜最高 9 板｜昨日涨停今日均 +3.1%｜中位大面率 10%｜成交 2.00 万亿（较20日均 0.96 倍）,both,0.0,0.0,0.0,0.0,0.0,0.0,0,0,0,0,True
2025-11-10,67.9,A,↑,67.0,91.0,43.0,76.0,60.0,71,46,10,11,5,0.119,0.5,0.0453,0.034,0.1,2.174,1.055,False,5022,正常,情绪 68 A ↑｜涨停 71、炸板 46、跌停 10｜1进2 12%、连板晋级 50%｜最高 5 板｜昨日涨停今日均 +3.4%｜中位大面率 10%｜成交 2.17 万亿（较20日均 1.06 倍）,67.9,A,↑,67.0,91.0,43.0,76.0,60.0,71,46,10,11,5,0.119,0.5,0.0453,0.034,0.1,2.174,1.055,False,5022,正常,情绪 68 A ↑｜涨停 71、炸板 46、跌停 10｜1进2 12%、连板晋级 50%｜最高 5 板｜昨日涨停今日均 +3.4%｜中位大面率 10%｜成交 2.17 万亿（较20日均 1.06 倍）,both,0.0,0.0,0.0,0.0,0.0,0.0,0,0,0,0,True
2025-11-11,53.1,B,↓,30.0,69.0,54.0,76.0,41.0,66,31,2,18,6,0.25,0.273,0.0304,0.0335,0.1,1.993,0.972,False,5024,正常,情绪 53 B ↓｜涨停 66、炸板 31、跌停 2｜1进2 25%、连板晋级 27%｜最高 6 板｜昨日涨停今日均 +3.3%｜中位大面率 10%｜成交 1.99 万亿（较20日均 0.97 倍）,53.1,B,↓,30.0,69.0,54.0,76.0,41.0,66,31,2,18,6,0.25,0.273,0.0304,0.0335,0.1,1.993,0.972,False,5024,正常,情绪 53 B ↓｜涨停 66、炸板 31、跌停 2｜1进2 25%、连板晋级 27%｜最高 6 板｜昨日涨停今日均 +3.3%｜中位大面率 10%｜成交 1.99 万亿（较20日均 0.97 倍）,both,0.0,0.0,0.0,0.0,0.0,0.0,0,0,0,0,True
2025-11-12,76.9,A,↑,96.0,76.0,74.0,76.0,38.0,58,23,5,19,7,0.208,0.5,0.0289,0.0208,0.118,1.945,0.962,False,5025,正常,情绪 77 A ↑｜涨停 58、炸板 23、跌停 5｜1进2 21%、连板晋级 50%｜最高 7 板｜昨日涨停今日均 +2.1%｜中位大面率 12%｜成交 1.94 万亿（较20日均 0.96 倍）,76.9,A,↑,96.0,76.0,74.0,76.0,38.0,58,23,5,19,7,0.208,0.5,0.0289,0.0208,0.118,1.945,0.962,False,5025,正常,情绪 77 A ↑｜涨停 58、炸板 23、跌停 5｜1进2 21%、连板晋级 50%｜最高 7 板｜昨日涨停今日均 +2.1%｜中位大面率 12%｜成交 1.94 万亿（较20日均 0.96 倍）,both,0.0,0.0,0.0,0.0,0.0,0.0,0,0,0,0,True
2025-11-13,90.8,S,↑,100.0,91.0,92.0,100.0,50.0,86,41,0,19,8,0.179,0.632,0.0278,0.0382,0.0,2.042,1.013,False,5025,正常,情绪 91 S ↑｜涨停 86、炸板 41、跌停 0｜1进2 18%、连板晋级 63%｜最高 8 板｜昨日涨停今日均 +3.8%｜中位大面率 0%｜成交 2.04 万亿（较20日均 1.01 倍）,90.8,S,↑,100.0,91.0,92.0,100.0,50.0,86,41,0,19,8,0.179,0.632,0.0278,0.0382,0.0,2.042,1.013,False,5025,正常,情绪 91 S ↑｜涨停 86、炸板 41、跌停 0｜1进2 18%、连板晋级 63%｜最高 8 板｜昨日涨停今日均 +3.8%｜中位大面率 0%｜成交 2.04 万亿（较20日均 1.01 倍）,both,0.0,0.0,0.0,0.0,0.0,0.0,0,0,0,0,True
2025-11-14,54.7,B,↓,69.0,47.0,78.0,19.0,40.0,71,31,6,21,7,0.164,0.526,0.0186,0.0172,0.312,1.958,0.969,False,5025,正常,情绪 55 B ↓｜涨停 71、炸板 31、跌停 6｜1进2 16%、连板晋级 53%｜最高 7 板｜昨日涨停今日均 +1.7%｜中位大面率 31%｜成交 1.96 万亿（较20日均 0.97 倍）,54.7,B,↓,69.0,47.0,78.0,19.0,40.0,71,31,6,21,7,0.164,0.526,0.0186,0.0172,0.312,1.958,0.969,False,5025,正常,情绪 55 B ↓｜涨停 71、炸板 31、跌停 6｜1进2 16%、连板晋级 53%｜最高 7 板｜昨日涨停今日均 +1.7%｜中位大面率 31%｜成交 1.96 万亿（较20日均 0.97 倍）,both,0.0,0.0,0.0,0.0,0.0,0.0,0,0,0,0,True
2025-11-17,71.3,A,↑,100.0,71.0,94.0,19.0,34.0,85,26,6,25,8,0.26,0.571,0.0297,0.0275,0.312,1.911,0.945,False,5024,正常,情绪 71 A ↑｜涨停 85、炸板 26、跌停 6｜1进2 26%、连板晋级 57%｜最高 8 板｜昨日涨停今日均 +2.7%｜中位大面率 31%｜成交 1.91 万亿（较20日均 0.94 倍）,71.3,A,↑,100.0,71.0,94.0,19.0,34.0,85,26,6,25,8,0.26,0.571,0.0297,0.0275,0.312,1.911,0.945,False,5024,正常,情绪 71 A ↑｜涨停 85、炸板 26、跌停 6｜1进2 26%、连板晋级 57%｜最高 8 板｜昨日涨停今日均 +2.7%｜中位大面率 31%｜成交 1.91 万亿（较20日均 0.94 倍）,both,0.0,0.0,0.0,0.0,0.0,0.0,0,0,0,0,True
2025-11-18,31.1,D,↓,35.0,35.0,31.0,17.0,35.0,45,26,32,17,6,0.136,0.375,0.0289,-0.0022,0.316,1.926,0.948,False,5023,正常,情绪 31 D ↓｜涨停 45、炸板 26、跌停 32｜1进2 14%、连板晋级 38%｜最高 6 板｜昨日涨停今日均 -0.2%｜中位大面率 32%｜成交 1.93 万亿（较20日均 0.95 倍）,31.1,D,↓,35.0,35.0,31.0,17.0,35.0,45,26,32,17,6,0.136,0.375,0.0289,-0.0022,0.316,1.926,0.948,False,5023,正常,情绪 31 D ↓｜涨停 45、炸板 26、跌停 32｜1进2 14%、连板晋级 38%｜最高 6 板｜昨日涨停今日均 -0.2%｜中位大面率 32%｜成交 1.93 万亿（较20日均 0.95 倍）,both,0.0,0.0,0.0,0.0,0.0,0.0,0,0,0,0,True
2025-11-19,57.7,B,↑,78.0,64.0,43.0,67.0,9.0,55,23,22,15,6,0.25,0.471,0.0282,0.0273,0.143,1.726,0.849,False,5026,正常,情绪 58 B ↑｜涨停 55、炸板 23、跌停 22｜1进2 25%、连板晋级 47%｜最高 6 板｜昨日涨停今日均 +2.7%｜中位大面率 14%｜成交 1.73 万亿（较20日均 0.85 倍）,57.7,B,↑,78.0,64.0,43.0,67.0,9.0,55,23,22,15,6,0.25,0.471,0.0282,0.0273,0.143,1.726,0.849,False,5026,正常,情绪 58 B ↑｜涨停 55、炸板 23、跌停 22｜1进2 25%、连板晋级 47%｜最高 6 板｜昨日涨停今日均 +2.7%｜中位大面率 14%｜成交 1.73 万亿（较20日均 0.85 倍）,both,0.0,0.0,0.0,0.0,0.0,0.0,0,0,0,0,True
2025-11-20,27.2,D,↓,41.0,41.0,27.0,0.0,6.0,43,45,10,13,7,0.175,0.4,0.0259,-0.009,0.538,1.708,0.839,False,5025,正常,情绪 27 D ↓｜涨停 43、炸板 45、跌停 10｜1进2 18%、连板晋级 40%｜最高 7 板｜昨日涨停今日均 -0.9%｜中位大面率 54%｜成交 1.71 万亿（较20日均 0.84 倍）,27.2,D,↓,41.0,41.0,27.0,0.0,6.0,43,45,10,13,7,0.175,0.4,0.0259,-0.009,0.538,1.708,0.839,False,5025,正常,情绪 27 D ↓｜涨停 43、炸板 45、跌停 10｜1进2 18%、连板晋级 40%｜最高 7 板｜昨日涨停今日均 -0.9%｜中位大面率 54%｜成交 1.71 万亿（较20日均 0.84 倍）,both,0.0,0.0,0.0,0.0,0.0,0.0,0,0,0,0,True
2025-11-21,15.5,D,↓,23.0,12.0,9.0,0.0,39.0,28,20,75,9,6,0.129,0.357,-0.002,-0.0146,0.545,1.965,0.964,False,5028,正常,情绪 16 D ↓｜涨停 28、炸板 20、跌停 75｜1进2 13%、连板晋级 36%｜最高 6 板｜昨日涨停今日均 -1.5%｜中位大面率 55%｜成交 1.97 万亿（较20日均 0.96 倍）,15.5,D,↓,23.0,12.0,9.0,0.0,39.0,28,20,75,9,6,0.129,0.357,-0.002,-0.0146,0.545,1.965,0.964,False,5028,正常,情绪 16 D ↓｜涨停 28、炸板 20、跌停 75｜1进2 13%、连板晋级 36%｜最高 6 板｜昨日涨停今日均 -1.5%｜中位大面率 55%｜成交 1.97 万亿（较20日均 0.96 倍）,both,0.0,0.0,0.0,0.0,0.0,0.0,0,0,0,0,True
2025-11-24,56.3,B,↑,93.0,70.0,39.0,31.0,8.0,66,24,23,13,7,0.474,0.444,0.0424,0.0425,0.286,1.728,0.847,False,5024,正常,情绪 56 B ↑｜涨停 66、炸板 24、跌停 23｜1进2 47%、连板晋级 44%｜最高 7 板｜昨日涨停今日均 +4.2%｜中位大面率 29%｜成交 1.73 万亿（较20日均 0.85 倍）,56.3,B,↑,93.0,70.0,39.0,31.0,8.0,66,24,23,13,7,0.474,0.444,0.0424,0.0425,0.286,1.728,0.847,False,5024,正常,情绪 56 B ↑｜涨停 66、炸板 24、跌停 23｜1进2 47%、连板晋级 44%｜最高 7 板｜昨日涨停今日均 +4.2%｜中位大面率 29%｜成交 1.73 万亿（较20日均 0.85 倍）,both,0.0,0.0,0.0,0.0,0.0,0.0,0,0,0,0,True
2025-11-25,64.6,B,↑,72.0,49.0,79.0,83.0,23.0,77,26,6,12,5,0.098,0.538,0.0134,0.0265,0.083,1.812,0.902,False,5024,正常,情绪 65 B ↑｜涨停 77、炸板 26、跌停 6｜1进2 10%、连板晋级 54%｜最高 5 板｜昨日涨停今日均 +2.6%｜中位大面率 8%｜成交 1.81 万亿（较20日均 0.90 倍）,64.6,B,↑,72.0,49.0,79.0,83.0,23.0,77,26,6,12,5,0.098,0.538,0.0134,0.0265,0.083,1.812,0.902,False,5024,正常,情绪 65 B ↑｜涨停 77、炸板 26、跌停 6｜1进2 10%、连板晋级 54%｜最高 5 板｜昨日涨停今日均 +2.6%｜中位大面率 8%｜成交 1.81 万亿（较20日均 0.90 倍）,both,0.0,0.0,0.0,0.0,0.0,0.0,0,0,0,0,True
2025-11-26,72.3,A,↑,92.0,80.0,59.0,80.0,21.0,68,27,5,21,5,0.215,0.583,0.025,0.0297,0.091,1.783,0.895,False,5021,正常,情绪 72 A ↑｜涨停 68、炸板 27、跌停 5｜1进2 22%、连板晋级 58%｜最高 5 板｜昨日涨停今日均 +3.0%｜中位大面率 9%｜成交 1.78 万亿（较20日均 0.90 倍）,72.3,A,↑,92.0,80.0,59.0,80.0,21.0,68,27,5,21,5,0.215,0.583,0.025,0.0297,0.091,1.783,0.895,False,5021,正常,情绪 72 A ↑｜涨停 68、炸板 27、跌停 5｜1进2 22%、连板晋级 58%｜最高 5 板｜昨日涨停今日均 +3.0%｜中位大面率 9%｜成交 1.78 万亿（较20日均 0.90 倍）,both,0.0,0.0,0.0,0.0,0.0,0.0,0,0,0,0,True
2025-11-27,12.9,D,↓,0.0,16.0,31.0,6.0,14.0,53,36,8,10,4,0.128,0.19,0.0151,-0.0099,0.35,1.71,0.869,False,5021,正常,情绪 13 D ↓｜涨停 53、炸板 36、跌停 8｜1进2 13%、连板晋级 19%｜最高 4 板｜昨日涨停今日均 -1.0%｜中位大面率 35%｜成交 1.71 万亿（较20日均 0.87 倍）,12.9,D,↓,0.0,16.0,31.0,6.0,14.0,53,36,8,10,4,0.128,0.19,0.0151,-0.0099,0.35,1.71,0.869,False,5021,正常,情绪 13 D ↓｜涨停 53、炸板 36、跌停 8｜1进2 13%、连板晋级 19%｜最高 4 板｜昨日涨停今日均 -1.0%｜中位大面率 35%｜成交 1.71 万亿（较20日均 0.87 倍）,both,0.0,0.0,0.0,0.0,0.0,0.0,0,0,0,0,True
2025-11-28,35.0,C,↑,41.0,23.0,83.0,0.0,1.0,70,27,3,9,5,0.116,0.4,0.0066,0.0086,0.4,1.586,0.821,False,5019,正常,情绪 35 C ↑｜涨停 70、炸板 27、跌停 3｜1进2 12%、连板晋级 40%｜最高 5 板｜昨日涨停今日均 +0.9%｜中位大面率 40%｜成交 1.59 万亿（较20日均 0.82 倍）,35.0,C,↑,41.0,23.0,83.0,0.0,1.0,70,27,3,9,5,0.116,0.4,0.0066,0.0086,0.4,1.586,0.821,False,5019,正常,情绪 35 C ↑｜涨停 70、炸板 27、跌停 3｜1进2 12%、连板晋级 40%｜最高 5 板｜昨日涨停今日均 +0.9%｜中位大面率 40%｜成交 1.59 万亿（较20日均 0.82 倍）,both,0.0,0.0,0.0,0.0,0.0,0.0,0,0,0,0,True
2025-12-01,82.4,S,↑,100.0,80.0,70.0,98.0,45.0,63,30,4,18,6,0.18,0.778,0.0238,0.0304,0.0,1.874,0.988,False,5018,正常,情绪 82 S ↑｜涨停 63、炸板 30、跌停 4｜1进2 18%、连板晋级 78%｜最高 6 板｜昨日涨停今日均 +3.0%｜中位大面率 0%｜成交 1.87 万亿（较20日均 0.99 倍）,82.4,S,↑,100.0,80.0,70.0,98.0,45.0,63,30,4,18,6,0.18,0.778,0.0238,0.0304,0.0,1.874,0.988,False,5018,正常,情绪 82 S ↑｜涨停 63、炸板 30、跌停 4｜1进2 18%、连板晋级 78%｜最高 6 板｜昨日涨停今日均 +3.0%｜中位大面率 0%｜成交 1.87 万亿（较20日均 0.99 倍）,both,0.0,0.0,0.0,0.0,0.0,0.0,0,0,0,0,True
2025-12-02,74.9,A,↓,100.0,72.0,62.0,100.0,8.0,47,22,4,16,7,0.106,0.611,0.0217,0.0208,0.0,1.593,0.846,False,5020,正常,情绪 75 A ↓｜涨停 47、炸板 22、跌停 4｜1进2 11%、连板晋级 61%｜最高 7 板｜昨日涨停今日均 +2.1%｜中位大面率 0%｜成交 1.59 万亿（较20日均 0.85 倍）,74.9,A,↓,100.0,72.0,62.0,100.0,8.0,47,22,4,16,7,0.106,0.611,0.0217,0.0208,0.0,1.593,0.846,False,5020,正常,情绪 75 A ↓｜涨停 47、炸板 22、跌停 4｜1进2 11%、连板晋级 61%｜最高 7 板｜昨日涨停今日均 +2.1%｜中位大面率 0%｜成交 1.59 万亿（较20日均 0.85 倍）,both,0.0,0.0,0.0,0.0,0.0,0.0,0,0,0,0,True
2025-12-03,37.5,C,↓,31.0,53.0,34.0,43.0,21.0,48,27,11,11,6,0.161,0.375,0.0268,0.0128,0.231,1.67,0.894,False,5025,正常,情绪 37 C ↓｜涨停 48、炸板 27、跌停 11｜1进2 16%、连板晋级 38%｜最高 6 板｜昨日涨停今日均 +1.3%｜中位大面率 23%｜成交 1.67 万亿（较20日均 0.89 倍）,37.5,C,↓,31.0,53.0,34.0,43.0,21.0,48,27,11,11,6,0.161,0.375,0.0268,0.0128,0.231,1.67,0.894,False,5025,正常,情绪 37 C ↓｜涨停 48、炸板 27、跌停 11｜1进2 16%、连板晋级 38%｜最高 6 板｜昨日涨停今日均 +1.3%｜中位大面率 23%｜成交 1.67 万亿（较20日均 0.89 倍）,both,0.0,0.0,0.0,0.0,0.0,0.0,0,0,0,0,True
2025-12-04,19.0,D,↓,30.0,20.0,19.0,10.0,4.0,38,26,14,10,4,0.194,0.273,0.0209,0.0005,0.375,1.549,0.834,False,5024,正常,情绪 19 D ↓｜涨停 38、炸板 26、跌停 14｜1进2 19%、连板晋级 27%｜最高 4 板｜昨日涨停今日均 +0.0%｜中位大面率 38%｜成交 1.55 万亿（较20日均 0.83 倍）,19.0,D,↓,30.0,20.0,19.0,10.0,4.0,38,26,14,10,4,0.194,0.273,0.0209,0.0005,0.375,1.549,0.834,False,5024,正常,情绪 19 D ↓｜涨停 38、炸板 26、跌停 14｜1进2 19%、连板晋级 27%｜最高 4 板｜昨日涨停今日均 +0.0%｜中位大面率 38%｜成交 1.55 万亿（较20日均 0.83 倍）,both,0.0,0.0,0.0,0.0,0.0,0.0,0,0,0,0,True
2025-12-05,69.3,A,↑,100.0,64.0,68.0,51.0,33.0,73,25,2,11,4,0.143,0.7,0.0229,0.0149,0.2,1.726,0.942,False,5022,正常,情绪 69 A ↑｜涨停 73、炸板 25、跌停 2｜1进2 14%、连板晋级 70%｜最高 4 板｜昨日涨停今日均 +1.5%｜中位大面率 20%｜成交 1.73 万亿（较20日均 0.94 倍）,69.3,A,↑,100.0,64.0,68.0,51.0,33.0,73,25,2,11,4,0.143,0.7,0.0229,0.0149,0.2,1.726,0.942,False,5022,正常,情绪 69 A ↑｜涨停 73、炸板 25、跌停 2｜1进2 14%、连板晋级 70%｜最高 4 板｜昨日涨停今日均 +1.5%｜中位大面率 20%｜成交 1.73 万亿（较20日均 0.94 倍）,both,0.0,0.0,0.0,0.0,0.0,0.0,0,0,0,0,True
2025-12-08,92.1,S,↑,98.0,93.0,87.0,100.0,74.0,74,30,2,26,5,0.328,0.545,0.0389,0.056,0.0,2.037,1.12,False,5024,正常,情绪 92 S ↑｜涨停 74、炸板 30、跌停 2｜1进2 33%、连板晋级 55%｜最高 5 板｜昨日涨停今日均 +5.6%｜中位大面率 0%｜成交 2.04 万亿（较20日均 1.12 倍）,92.1,S,↑,98.0,93.0,87.0,100.0,74.0,74,30,2,26,5,0.328,0.545,0.0389,0.056,0.0,2.037,1.12,False,5024,正常,情绪 92 S ↑｜涨停 74、炸板 30、跌停 2｜1进2 33%、连板晋级 55%｜最高 5 板｜昨日涨停今日均 +5.6%｜中位大面率 0%｜成交 2.04 万亿（较20日均 1.12 倍）,both,0.0,0.0,0.0,0.0,0.0,0.0,0,0,0,0,True
2025-12-09,44.9,C,↓,40.0,47.0,56.0,26.0,59.0,53,26,7,17,6,0.213,0.269,0.0206,0.02,0.28,1.904,1.051,False,5025,正常,情绪 45 C ↓｜涨停 53、炸板 26、跌停 7｜1进2 21%、连板晋级 27%｜最高 6 板｜昨日涨停今日均 +2.0%｜中位大面率 28%｜成交 1.90 万亿（较20日均 1.05 倍）,44.9,C,↓,40.0,47.0,56.0,26.0,59.0,53,26,7,17,6,0.213,0.269,0.0206,0.02,0.28,1.904,1.051,False,5025,正常,情绪 45 C ↓｜涨停 53、炸板 26、跌停 7｜1进2 21%、连板晋级 27%｜最高 6 板｜昨日涨停今日均 +2.0%｜中位大面率 28%｜成交 1.90 万亿（较20日均 1.05 倍）,both,0.0,0.0,0.0,0.0,0.0,0.0,0,0,0,0,True
2025-12-10,62.1,B,↑,75.0,56.0,57.0,67.0,44.0,57,30,3,16,6,0.222,0.471,0.0282,0.0147,0.143,1.778,0.984,False,5023,正常,情绪 62 B ↑｜涨停 57、炸板 30、跌停 3｜1进2 22%、连板晋级 47%｜最高 6 板｜昨日涨停今日均 +1.5%｜中位大面率 14%｜成交 1.78 万亿（较20日均 0.98 倍）,62.1,B,↑,75.0,56.0,57.0,67.0,44.0,57,30,3,16,6,0.222,0.471,0.0282,0.0147,0.143,1.778,0.984,False,5023,正常,情绪 62 B ↑｜涨停 57、炸板 30、跌停 3｜1进2 22%、连板晋级 47%｜最高 6 板｜昨日涨停今日均 +1.5%｜中位大面率 14%｜成交 1.78 万亿（较20日均 0.98 倍）,both,0.0,0.0,0.0,0.0,0.0,0.0,0,0,0,0,True
2025-12-11,20.5,D,↓,0.0,40.0,1.0,32.0,55.0,32,30,21,9,5,0.122,0.25,0.0293,-0.0029,0.267,1.857,1.032,False,5025,正常,情绪 21 D ↓｜涨停 32、炸板 30、跌停 21｜1进2 12%、连板晋级 25%｜最高 5 板｜昨日涨停今日均 -0.3%｜中位大面率 27%｜成交 1.86 万亿（较20日均 1.03 倍）,20.5,D,↓,0.0,40.0,1.0,32.0,55.0,32,30,21,9,5,0.122,0.25,0.0293,-0.0029,0.267,1.857,1.032,False,5025,正常,情绪 21 D ↓｜涨停 32、炸板 30、跌停 21｜1进2 12%、连板晋级 25%｜最高 5 板｜昨日涨停今日均 -0.3%｜中位大面率 27%｜成交 1.86 万亿（较20日均 1.03 倍）,both,0.0,0.0,0.0,0.0,0.0,0.0,0,0,0,0,True
2025-12-12,45.9,C,↑,50.0,33.0,61.0,10.0,84.0,77,13,16,12,5,0.435,0.222,0.015,0.0343,0.375,2.092,1.169,False,5026,正常,情绪 46 C ↑｜涨停 77、炸板 13、跌停 16｜1进2 43%、连板晋级 22%｜最高 5 板｜昨日涨停今日均 +3.4%｜中位大面率 38%｜成交 2.09 万亿（较20日均 1.17 倍）,45.9,C,↑,50.0,33.0,61.0,10.0,84.0,77,13,16,12,5,0.435,0.222,0.015,0.0343,0.375,2.092,1.169,False,5026,正常,情绪 46 C ↑｜涨停 77、炸板 13、跌停 16｜1进2 43%、连板晋级 22%｜最高 5 板｜昨日涨停今日均 +3.4%｜中位大面率 38%｜成交 2.09 万亿（较20日均 1.17 倍）,both,0.0,0.0,0.0,0.0,0.0,0.0,0,0,0,0,True
2025-12-15,46.0,C,→,69.0,53.0,40.0,8.0,44.0,58,33,10,13,6,0.094,0.583,0.0194,0.0138,0.364,1.773,0.987,False,5025,正常,情绪 46 C →｜涨停 58、炸板 33、跌停 10｜1进2 9%、连板晋级 58%｜最高 6 板｜昨日涨停今日均 +1.4%｜中位大面率 36%｜成交 1.77 万亿（较20日均 0.99 倍）,46.0,C,→,69.0,53.0,40.0,8.0,44.0,58,33,10,13,6,0.094,0.583,0.0194,0.0138,0.364,1.773,0.987,False,5025,正常,情绪 46 C →｜涨停 58、炸板 33、跌停 10｜1进2 9%、连板晋级 58%｜最高 6 板｜昨日涨停今日均 +1.4%｜中位大面率 36%｜成交 1.77 万亿（较20日均 0.99 倍）,both,0.0,0.0,0.0,0.0,0.0,0.0,0,0,0,0,True
2025-12-16,38.5,C,↓,39.0,43.0,34.0,38.0,38.0,40,24,15,13,4,0.174,0.385,0.0207,0.0057,0.25,1.724,0.963,False,5027,正常,情绪 38 C ↓｜涨停 40、炸板 24、跌停 15｜1进2 17%、连板晋级 38%｜最高 4 板｜昨日涨停今日均 +0.6%｜中位大面率 25%｜成交 1.72 万亿（较20日均 0.96 倍）,38.5,C,↓,39.0,43.0,34.0,38.0,38.0,40,24,15,13,4,0.174,0.385,0.0207,0.0057,0.25,1.724,0.963,False,5027,正常,情绪 38 C ↓｜涨停 40、炸板 24、跌停 15｜1进2 17%、连板晋级 38%｜最高 4 板｜昨日涨停今日均 +0.6%｜中位大面率 25%｜成交 1.72 万亿（较20日均 0.96 倍）,both,0.0,0.0,0.0,0.0,0.0,0.0,0,0,0,0,True
2025-12-17,30.8,D,↓,27.0,22.0,25.0,43.0,52.0,50,19,21,8,5,0.148,0.308,0.0121,-0.0006,0.231,1.811,1.018,False,5027,正常,情绪 31 D ↓｜涨停 50、炸板 19、跌停 21｜1进2 15%、连板晋级 31%｜最高 5 板｜昨日涨停今日均 -0.1%｜中位大面率 23%｜成交 1.81 万亿（较20日均 1.02 倍）,30.8,D,↓,27.0,22.0,25.0,43.0,52.0,50,19,21,8,5,0.148,0.308,0.0121,-0.0006,0.231,1.811,1.018,False,5027,正常,情绪 31 D ↓｜涨停 50、炸板 19、跌停 21｜1进2 15%、连板晋级 31%｜最高 5 板｜昨日涨停今日均 -0.1%｜中位大面率 23%｜成交 1.81 万亿（较20日均 1.02 倍）,both,0.0,0.0,0.0,0.0,0.0,0.0,0,0,0,0,True
2025-12-18,75.5,A,↑,100.0,79.0,74.0,63.0,30.0,59,24,4,17,6,0.262,0.75,0.0298,0.0307,0.143,1.655,0.928,False,5029,正常,情绪 76 A ↑｜涨停 59、炸板 24、跌停 4｜1进2 26%、连板晋级 75%｜最高 6 板｜昨日涨停今日均 +3.1%｜中位大面率 14%｜成交 1.66 万亿（较20日均 0.93 倍）,75.5,A,↑,100.0,79.0,74.0,63.0,30.0,59,24,4,17,6,0.262,0.75,0.0298,0.0307,0.143,1.655,0.928,False,5029,正常,情绪 76 A ↑｜涨停 59、炸板 24、跌停 4｜1进2 26%、连板晋级 75%｜最高 6 板｜昨日涨停今日均 +3.1%｜中位大面率 14%｜成交 1.66 万亿（较20日均 0.93 倍）,both,0.0,0.0,0.0,0.0,0.0,0.0,0,0,0,0,True
2025-12-19,65.1,A,↓,50.0,64.0,80.0,90.0,40.0,72,24,2,15,6,0.19,0.412,0.0161,0.0346,0.067,1.726,0.969,False,5027,正常,情绪 65 A ↓｜涨停 72、炸板 24、跌停 2｜1进2 19%、连板晋级 41%｜最高 6 板｜昨日涨停今日均 +3.5%｜中位大面率 7%｜成交 1.73 万亿（较20日均 0.97 倍）,65.1,A,↓,50.0,64.0,80.0,90.0,40.0,72,24,2,15,6,0.19,0.412,0.0161,0.0346,0.067,1.726,0.969,False,5027,正常,情绪 65 A ↓｜涨停 72、炸板 24、跌停 2｜1进2 19%、连板晋级 41%｜最高 6 板｜昨日涨停今日均 +3.5%｜中位大面率 7%｜成交 1.73 万亿（较20日均 0.97 倍）,both,0.0,0.0,0.0,0.0,0.0,0.0,0,0,0,0,True
2025-12-22,47.1,C,↓,35.0,62.0,56.0,27.0,59.0,82,38,8,16,7,0.19,0.333,0.0264,0.0185,0.286,1.862,1.052,False,5024,正常,情绪 47 C ↓｜涨停 82、炸板 38、跌停 8｜1进2 19%、连板晋级 33%｜最高 7 板｜昨日涨停今日均 +1.9%｜中位大面率 29%｜成交 1.86 万亿（较20日均 1.05 倍）,47.1,C,↓,35.0,62.0,56.0,27.0,59.0,82,38,8,16,7,0.19,0.333,0.0264,0.0185,0.286,1.862,1.052,False,5024,正常,情绪 47 C ↓｜涨停 82、炸板 38、跌停 8｜1进2 19%、连板晋级 33%｜最高 7 板｜昨日涨停今日均 +1.9%｜中位大面率 29%｜成交 1.86 万亿（较20日均 1.05 倍）,both,0.0,0.0,0.0,0.0,0.0,0.0,0,0,0,0,True
2025-12-23,61.7,B,↑,86.0,66.0,62.0,13.0,63.0,54,27,10,17,8,0.121,0.562,0.0318,0.0135,0.333,1.9,1.07,False,5026,正常,情绪 62 B ↑｜涨停 54、炸板 27、跌停 10｜1进2 12%、连板晋级 56%｜最高 8 板｜昨日涨停今日均 +1.4%｜中位大面率 33%｜成交 1.90 万亿（较20日均 1.07 倍）,61.7,B,↑,86.0,66.0,62.0,13.0,63.0,54,27,10,17,8,0.121,0.562,0.0318,0.0135,0.333,1.9,1.07,False,5026,正常,情绪 62 B ↑｜涨停 54、炸板 27、跌停 10｜1进2 12%、连板晋级 56%｜最高 8 板｜昨日涨停今日均 +1.4%｜中位大面率 33%｜成交 1.90 万亿（较20日均 1.07 倍）,both,0.0,0.0,0.0,0.0,0.0,0.0,0,0,0,0,True
2025-12-24,73.1,A,↑,71.0,68.0,91.0,67.0,60.0,75,24,4,14,9,0.139,0.529,0.0211,0.0269,0.143,1.88,1.056,False,5028,正常,情绪 73 A ↑｜涨停 75、炸板 24、跌停 4｜1进2 14%、连板晋级 53%｜最高 9 板｜昨日涨停今日均 +2.7%｜中位大面率 14%｜成交 1.88 万亿（较20日均 1.06 倍）,73.1,A,↑,71.0,68.0,91.0,67.0,60.0,75,24,4,14,9,0.139,0.529,0.0211,0.0269,0.143,1.88,1.056,False,5028,正常,情绪 73 A ↑｜涨停 75、炸板 24、跌停 4｜1进2 14%、连板晋级 53%｜最高 9 板｜昨日涨停今日均 +2.7%｜中位大面率 14%｜成交 1.88 万亿（较20日均 1.06 倍）,both,0.0,0.0,0.0,0.0,0.0,0.0,0,0,0,0,True
2025-12-25,91.3,S,↑,100.0,96.0,83.0,100.0,65.0,80,23,0,22,10,0.21,0.643,0.0317,0.0349,0.0,1.924,1.078,False,5029,正常,情绪 91 S ↑｜涨停 80、炸板 23、跌停 0｜1进2 21%、连板晋级 64%｜最高 10 板｜昨日涨停今日均 +3.5%｜中位大面率 0%｜成交 1.92 万亿（较20日均 1.08 倍）,91.3,S,↑,100.0,96.0,83.0,100.0,65.0,80,23,0,22,10,0.21,0.643,0.0317,0.0349,0.0,1.924,1.078,False,5029,正常,情绪 91 S ↑｜涨停 80、炸板 23、跌停 0｜1进2 21%、连板晋级 64%｜最高 10 板｜昨日涨停今日均 +3.5%｜中位大面率 0%｜成交 1.92 万亿（较20日均 1.08 倍）,both,0.0,0.0,0.0,0.0,0.0,0.0,0,0,0,0,True
2025-12-26,94.3,S,↑,99.0,84.0,96.0,100.0,91.0,81,23,1,21,11,0.121,0.636,0.0248,0.0256,0.0,2.16,1.203,False,5030,正常,情绪 94 S ↑｜涨停 81、炸板 23、跌停 1｜1进2 12%、连板晋级 64%｜最高 11 板｜昨日涨停今日均 +2.6%｜中位大面率 0%｜成交 2.16 万亿（较20日均 1.20 倍）,94.3,S,↑,99.0,84.0,96.0,100.0,91.0,81,23,1,21,11,0.121,0.636,0.0248,0.0256,0.0,2.16,1.203,False,5030,正常,情绪 94 S ↑｜涨停 81、炸板 23、跌停 1｜1进2 12%、连板晋级 64%｜最高 11 板｜昨日涨停今日均 +2.6%｜中位大面率 0%｜成交 2.16 万亿（较20日均 1.20 倍）,both,0.0,0.0,0.0,0.0,0.0,0.0,0,0,0,0,True
2025-12-29,49.8,C,↓,57.0,41.0,65.0,6.0,85.0,75,25,17,18,12,0.131,0.476,0.0134,0.0033,0.353,2.139,1.172,False,5032,正常,情绪 50 C ↓｜涨停 75、炸板 25、跌停 17｜1进2 13%、连板晋级 48%｜最高 12 板｜昨日涨停今日均 +0.3%｜中位大面率 35%｜成交 2.14 万亿（较20日均 1.17 倍）,49.8,C,↓,57.0,41.0,65.0,6.0,85.0,75,25,17,18,12,0.131,0.476,0.0134,0.0033,0.353,2.139,1.172,False,5032,正常,情绪 50 C ↓｜涨停 75、炸板 25、跌停 17｜1进2 13%、连板晋级 48%｜最高 12 板｜昨日涨停今日均 +0.3%｜中位大面率 35%｜成交 2.14 万亿（较20日均 1.17 倍）,both,0.0,0.0,0.0,0.0,0.0,0.0,0,0,0,0,True
2025-12-30,50.7,B,→,41.0,34.0,48.0,71.0,84.0,53,30,13,18,10,0.214,0.353,0.0129,0.0083,0.133,2.142,1.166,False,5028,正常,情绪 51 B →｜涨停 53、炸板 30、跌停 13｜1进2 21%、连板晋级 35%｜最高 10 板｜昨日涨停今日均 +0.8%｜中位大面率 13%｜成交 2.14 万亿（较20日均 1.17 倍）,50.7,B,→,41.0,34.0,48.0,71.0,84.0,53,30,13,18,10,0.214,0.353,0.0129,0.0083,0.133,2.142,1.166,False,5028,正常,情绪 51 B →｜涨停 53、炸板 30、跌停 13｜1进2 21%、连板晋级 35%｜最高 10 板｜昨日涨停今日均 +0.8%｜中位大面率 13%｜成交 2.14 万亿（较20日均 1.17 倍）,both,0.0,0.0,0.0,0.0,0.0,0.0,0,0,0,0,True
2025-12-31,53.1,B,↑,41.0,56.0,61.0,47.0,69.0,56,20,7,12,6,0.139,0.412,0.0214,0.017,0.214,2.045,1.096,False,5031,正常,情绪 53 B ↑｜涨停 56、炸板 20、跌停 7｜1进2 14%、连板晋级 41%｜最高 6 板｜昨日涨停今日均 +1.7%｜中位大面率 21%｜成交 2.05 万亿（较20日均 1.10 倍）,53.1,B,↑,41.0,56.0,61.0,47.0,69.0,56,20,7,12,6,0.139,0.412,0.0214,0.017,0.214,2.045,1.096,False,5031,正常,情绪 53 B ↑｜涨停 56、炸板 20、跌停 7｜1进2 14%、连板晋级 41%｜最高 6 板｜昨日涨停今日均 +1.7%｜中位大面率 21%｜成交 2.05 万亿（较20日均 1.10 倍）,both,0.0,0.0,0.0,0.0,0.0,0.0,0,0,0,0,True
2026-01-05,48.6,C,↓,38.0,48.0,73.0,0.0,100.0,109,34,9,14,7,0.227,0.333,0.0263,0.0233,0.444,2.546,1.351,False,5031,正常,情绪 49 C ↓｜涨停 109、炸板 34、跌停 9｜1进2 23%、连板晋级 33%｜最高 7 板｜昨日涨停今日均 +2.3%｜中位大面率 44%｜成交 2.55 万亿（较20日均 1.35 倍）,48.6,C,↓,38.0,48.0,73.0,0.0,100.0,109,34,9,14,7,0.227,0.333,0.0263,0.0233,0.444,2.546,1.351,False,5031,正常,情绪 49 C ↓｜涨停 109、炸板 34、跌停 9｜1进2 23%、连板晋级 33%｜最高 7 板｜昨日涨停今日均 +2.3%｜中位大面率 44%｜成交 2.55 万亿（较20日均 1.35 倍）,both,0.0,0.0,0.0,0.0,0.0,0.0,0,0,0,0,True
2026-01-06,99.0,S,↑,100.0,95.0,100.0,100.0,100.0,118,26,1,42,13,0.337,0.667,0.0433,0.061,0.0,2.806,1.451,False,5032,正常,情绪 99 S ↑｜涨停 118、炸板 26、跌停 1｜1进2 34%、连板晋级 67%｜最高 13 板｜昨日涨停今日均 +6.1%｜中位大面率 0%｜成交 2.81 万亿（较20日均 1.45 倍）,99.0,S,↑,100.0,95.0,100.0,100.0,100.0,118,26,1,42,13,0.337,0.667,0.0433,0.061,0.0,2.806,1.451,False,5032,正常,情绪 99 S ↑｜涨停 118、炸板 26、跌停 1｜1进2 34%、连板晋级 67%｜最高 13 板｜昨日涨停今日均 +6.1%｜中位大面率 0%｜成交 2.81 万亿（较20日均 1.45 倍）,both,0.0,0.0,0.0,0.0,0.0,0.0,0,0,0,0,True
2026-01-07,58.9,B,↓,35.0,61.0,81.0,40.0,100.0,80,48,3,23,14,0.093,0.39,0.0228,0.0129,0.237,2.854,1.436,False,5033,正常,情绪 59 B ↓｜涨停 80、炸板 48、跌停 3｜1进2 9%、连板晋级 39%｜最高 14 板｜昨日涨停今日均 +1.3%｜中位大面率 24%｜成交 2.85 万亿（较20日均 1.44 倍）,58.9,B,↓,35.0,61.0,81.0,40.0,100.0,80,48,3,23,14,0.093,0.39,0.0228,0.0129,0.237,2.854,1.436,False,5033,正常,情绪 59 B ↓｜涨停 80、炸板 48、跌停 3｜1进2 9%、连板晋级 39%｜最高 14 板｜昨日涨停今日均 +1.3%｜中位大面率 24%｜成交 2.85 万亿（较20日均 1.44 倍）,both,0.0,0.0,0.0,0.0,0.0,0.0,0,0,0,0,True
2026-01-08,94.2,S,↑,100.0,92.0,84.0,96.0,100.0,93,35,4,26,10,0.211,0.609,0.0341,0.0433,0.053,2.8,1.38,False,5033,正常,情绪 94 S ↑｜涨停 93、炸板 35、跌停 4｜1进2 21%、连板晋级 61%｜最高 10 板｜昨日涨停今日均 +4.3%｜中位大面率 5%｜成交 2.80 万亿（较20日均 1.38 倍）,94.2,S,↑,100.0,92.0,84.0,96.0,100.0,93,35,4,26,10,0.211,0.609,0.0341,0.0433,0.053,2.8,1.38,False,5033,正常,情绪 94 S ↑｜涨停 93、炸板 35、跌停 4｜1进2 21%、连板晋级 61%｜最高 10 板｜昨日涨停今日均 +4.3%｜中位大面率 5%｜成交 2.80 万亿（较20日均 1.38 倍）,both,0.0,0.0,0.0,0.0,0.0,0.0,0,0,0,0,True
2026-01-09,73.7,A,↓,46.0,85.0,72.0,90.0,100.0,97,50,1,20,11,0.136,0.423,0.0348,0.0306,0.08,3.123,1.506,False,5033,正常,情绪 74 A ↓｜涨停 97、炸板 50、跌停 1｜1进2 14%、连板晋级 42%｜最高 11 板｜昨日涨停今日均 +3.1%｜中位大面率 8%｜成交 3.12 万亿（较20日均 1.51 倍）,73.7,A,↓,46.0,85.0,72.0,90.0,100.0,97,50,1,20,11,0.136,0.423,0.0348,0.0306,0.08,3.123,1.506,False,5033,正常,情绪 74 A ↓｜涨停 97、炸板 50、跌停 1｜1进2 14%、连板晋级 42%｜最高 11 板｜昨日涨停今日均 +3.1%｜中位大面率 8%｜成交 3.12 万亿（较20日均 1.51 倍）,both,0.0,0.0,0.0,0.0,0.0,0.0,0,0,0,0,True
2026-01-12,96.4,S,↑,100.0,96.0,93.0,93.0,100.0,179,61,3,44,12,0.372,0.682,0.0543,0.0651,0.059,3.601,1.682,False,5033,正常,情绪 96 S ↑｜涨停 179、炸板 61、跌停 3｜1进2 37%、连板晋级 68%｜最高 12 板｜昨日涨停今日均 +6.5%｜中位大面率 6%｜成交 3.60 万亿（较20日均 1.68 倍）,96.4,S,↑,100.0,96.0,93.0,93.0,100.0,179,61,3,44,12,0.372,0.682,0.0543,0.0651,0.059,3.601,1.682,False,5033,正常,情绪 96 S ↑｜涨停 179、炸板 61、跌停 3｜1进2 37%、连板晋级 68%｜最高 12 板｜昨日涨停今日均 +6.5%｜中位大面率 6%｜成交 3.60 万亿（较20日均 1.68 倍）,both,0.0,0.0,0.0,0.0,0.0,0.0,0,0,0,0,True
2026-01-13,38.2,C,↓,9.0,63.0,22.0,68.0,50.0,66,66,50,30,13,0.128,0.302,0.0511,0.0098,0.154,3.651,1.638,True,5028,正常,情绪 38 C ↓｜涨停 66、炸板 66、跌停 50｜1进2 13%、连板晋级 30%｜最高 13 板｜昨日涨停今日均 +1.0%｜中位大面率 15%｜成交 3.65 万亿（较20日均 1.64 倍）｜恐慌放量,38.2,C,↓,9.0,63.0,22.0,68.0,50.0,66,66,50,30,13,0.128,0.302,0.0511,0.0098,0.154,3.651,1.638,True,5028,正常,情绪 38 C ↓｜涨停 66、炸板 66、跌停 50｜1进2 13%、连板晋级 30%｜最高 13 板｜昨日涨停今日均 +1.0%｜中位大面率 15%｜成交 3.65 万亿（较20日均 1.64 倍）｜恐慌放量,both,0.0,0.0,0.0,0.0,0.0,0.0,0,0,0,0,True
2026-01-14,74.6,A,↑,69.0,64.0,60.0,100.0,100.0,100,64,15,20,5,0.139,0.517,0.0098,0.0482,0.0,3.941,1.709,False,5029,正常,情绪 75 A ↑｜涨停 100、炸板 64、跌停 15｜1进2 14%、连板晋级 52%｜最高 5 板｜昨日涨停今日均 +4.8%｜中位大面率 0%｜成交 3.94 万亿（较20日均 1.71 倍）,74.6,A,↑,69.0,64.0,60.0,100.0,100.0,100,64,15,20,5,0.139,0.517,0.0098,0.0482,0.0,3.941,1.709,False,5029,正常,情绪 75 A ↑｜涨停 100、炸板 64、跌停 15｜1进2 14%、连板晋级 52%｜最高 5 板｜昨日涨停今日均 +4.8%｜中位大面率 0%｜成交 3.94 万亿（较20日均 1.71 倍）,both,0.0,0.0,0.0,0.0,0.0,0.0,0,0,0,0,True
2026-01-15,15.2,D,↓,0.0,10.0,34.0,0.0,50.0,55,21,64,16,4,0.146,0.2,0.0044,-0.02,0.474,2.905,1.203,True,5031,正常,情绪 15 D ↓｜涨停 55、炸板 21、跌停 64｜1进2 15%、连板晋级 20%｜最高 4 板｜昨日涨停今日均 -2.0%｜中位大面率 47%｜成交 2.91 万亿（较20日均 1.20 倍）｜恐慌放量,15.2,D,↓,0.0,10.0,34.0,0.0,50.0,55,21,64,16,4,0.146,0.2,0.0044,-0.02,0.474,2.905,1.203,True,5031,正常,情绪 15 D ↓｜涨停 55、炸板 21、跌停 64｜1进2 15%、连板晋级 20%｜最高 4 板｜昨日涨停今日均 -2.0%｜中位大面率 47%｜成交 2.91 万亿（较20日均 1.20 倍）｜恐慌放量,both,0.0,0.0,0.0,0.0,0.0,0.0,0,0,0,0,True
2026-01-16,9.1,D,↓,0.0,7.0,9.0,0.0,50.0,58,43,51,6,5,0.051,0.235,0.0128,-0.0076,0.562,3.026,1.223,True,5033,正常,情绪 9 D ↓｜涨停 58、炸板 43、跌停 51｜1进2 5%、连板晋级 24%｜最高 5 板｜昨日涨停今日均 -0.8%｜中位大面率 56%｜成交 3.03 万亿（较20日均 1.22 倍）｜恐慌放量,9.1,D,↓,0.0,7.0,9.0,0.0,50.0,58,43,51,6,5,0.051,0.235,0.0128,-0.0076,0.562,3.026,1.223,True,5033,正常,情绪 9 D ↓｜涨停 58、炸板 43、跌停 51｜1进2 5%、连板晋级 24%｜最高 5 板｜昨日涨停今日均 -0.8%｜中位大面率 56%｜成交 3.03 万亿（较20日均 1.22 倍）｜恐慌放量,both,0.0,0.0,0.0,0.0,0.0,0.0,0,0,0,0,True
2026-01-19,50.6,B,↑,22.0,67.0,36.0,88.0,63.0,87,28,24,11,14,0.173,0.286,0.0219,0.0302,0.0,2.708,1.069,False,5035,正常,情绪 51 B ↑｜涨停 87、炸板 28、跌停 24｜1进2 17%、连板晋级 29%｜最高 14 板｜昨日涨停今日均 +3.0%｜中位大面率 0%｜成交 2.71 万亿（较20日均 1.07 倍）,50.6,B,↑,22.0,67.0,36.0,88.0,63.0,87,28,24,11,14,0.173,0.286,0.0219,0.0302,0.0,2.708,1.069,False,5035,正常,情绪 51 B ↑｜涨停 87、炸板 28、跌停 24｜1进2 17%、连板晋级 29%｜最高 14 板｜昨日涨停今日均 +3.0%｜中位大面率 0%｜成交 2.71 万亿（较20日均 1.07 倍）,both,0.0,0.0,0.0,0.0,0.0,0.0,0,0,0,0,True
2026-01-20,47.2,C,↓,13.0,59.0,31.0,100.0,64.0,56,18,16,14,15,0.13,0.364,0.0193,0.0242,0.0,2.778,1.074,False,5041,正常,情绪 47 C ↓｜涨停 56、炸板 18、跌停 16｜1进2 13%、连板晋级 36%｜最高 15 板｜昨日涨停今日均 +2.4%｜中位大面率 0%｜成交 2.78 万亿（较20日均 1.07 倍）,47.2,C,↓,13.0,59.0,31.0,100.0,64.0,56,18,16,14,15,0.13,0.364,0.0193,0.0242,0.0,2.778,1.074,False,5041,正常,情绪 47 C ↓｜涨停 56、炸板 18、跌停 16｜1进2 13%、连板晋级 36%｜最高 15 板｜昨日涨停今日均 +2.4%｜中位大面率 0%｜成交 2.78 万亿（较20日均 1.07 倍）,both,0.0,0.0,0.0,0.0,0.0,0.0,0,0,0,0,True
2026-01-21,60.4,B,↑,48.0,65.0,76.0,64.0,44.0,82,24,4,13,16,0.195,0.357,0.0265,0.024,0.154,2.6,0.985,False,5039,正常,情绪 60 B ↑｜涨停 82、炸板 24、跌停 4｜1进2 20%、连板晋级 36%｜最高 16 板｜昨日涨停今日均 +2.4%｜中位大面率 15%｜成交 2.60 万亿（较20日均 0.99 倍）,60.4,B,↑,48.0,65.0,76.0,64.0,44.0,82,24,4,13,16,0.195,0.357,0.0265,0.024,0.154,2.6,0.985,False,5039,正常,情绪 60 B ↑｜涨停 82、炸板 24、跌停 4｜1进2 20%、连板晋级 36%｜最高 16 板｜昨日涨停今日均 +2.4%｜中位大面率 15%｜成交 2.60 万亿（较20日均 0.99 倍）,both,0.0,0.0,0.0,0.0,0.0,0.0,0,0,0,0,True
2026-01-22,78.6,A,↑,75.0,73.0,87.0,100.0,49.0,75,26,2,19,17,0.174,0.538,0.0212,0.0295,0.0,2.691,1.006,False,5041,正常,情绪 79 A ↑｜涨停 75、炸板 26、跌停 2｜1进2 17%、连板晋级 54%｜最高 17 板｜昨日涨停今日均 +2.9%｜中位大面率 0%｜成交 2.69 万亿（较20日均 1.01 倍）,78.6,A,↑,75.0,73.0,87.0,100.0,49.0,75,26,2,19,17,0.174,0.538,0.0212,0.0295,0.0,2.691,1.006,False,5041,正常,情绪 79 A ↑｜涨停 75、炸板 26、跌停 2｜1进2 17%、连板晋级 54%｜最高 17 板｜昨日涨停今日均 +2.9%｜中位大面率 0%｜成交 2.69 万亿（较20日均 1.01 倍）,both,0.0,0.0,0.0,0.0,0.0,0.0,0,0,0,0,True
2026-01-23,62.3,B,↓,19.0,71.0,100.0,62.0,78.0,104,24,0,13,18,0.14,0.263,0.0249,0.0242,0.167,3.085,1.136,False,5043,正常,情绪 62 B ↓｜涨停 104、炸板 24、跌停 0｜1进2 14%、连板晋级 26%｜最高 18 板｜昨日涨停今日均 +2.4%｜中位大面率 17%｜成交 3.08 万亿（较20日均 1.14 倍）,62.3,B,↓,19.0,71.0,100.0,62.0,78.0,104,24,0,13,18,0.14,0.263,0.0249,0.0242,0.167,3.085,1.136,False,5043,正常,情绪 62 B ↓｜涨停 104、炸板 24、跌停 0｜1进2 14%、连板晋级 26%｜最高 18 板｜昨日涨停今日均 +2.4%｜中位大面率 17%｜成交 3.08 万亿（较20日均 1.14 倍）,both,0.0,0.0,0.0,0.0,0.0,0.0,0,0,0,0,True
2026-01-26,26.2,D,↓,6.0,44.0,23.0,25.0,50.0,71,40,32,16,5,0.154,0.182,0.03,0.0022,0.3,3.248,1.17,True,5039,正常,情绪 26 D ↓｜涨停 71、炸板 40、跌停 32｜1进2 15%、连板晋级 18%｜最高 5 板｜昨日涨停今日均 +0.2%｜中位大面率 30%｜成交 3.25 万亿（较20日均 1.17 倍）｜恐慌放量,26.2,D,↓,6.0,44.0,23.0,25.0,50.0,71,40,32,16,5,0.154,0.182,0.03,0.0022,0.3,3.248,1.17,True,5039,正常,情绪 26 D ↓｜涨停 71、炸板 40、跌停 32｜1进2 15%、连板晋级 18%｜最高 5 板｜昨日涨停今日均 +0.2%｜中位大面率 30%｜成交 3.25 万亿（较20日均 1.17 倍）｜恐慌放量,both,0.0,0.0,0.0,0.0,0.0,0.0,0,0,0,0,True
2026-01-27,58.6,B,↑,44.0,54.0,55.0,100.0,52.0,54,20,2,14,6,0.145,0.375,0.0001,0.028,0.0,2.895,1.018,False,5039,正常,情绪 59 B ↑｜涨停 54、炸板 20、跌停 2｜1进2 15%、连板晋级 38%｜最高 6 板｜昨日涨停今日均 +2.8%｜中位大面率 0%｜成交 2.89 万亿（较20日均 1.02 倍）,58.6,B,↑,44.0,54.0,55.0,100.0,52.0,54,20,2,14,6,0.145,0.375,0.0001,0.028,0.0,2.895,1.018,False,5039,正常,情绪 59 B ↑｜涨停 54、炸板 20、跌停 2｜1进2 15%、连板晋级 38%｜最高 6 板｜昨日涨停今日均 +2.8%｜中位大面率 0%｜成交 2.89 万亿（较20日均 1.02 倍）,both,0.0,0.0,0.0,0.0,0.0,0.0,0,0,0,0,True
2026-01-28,66.0,A,↑,73.0,63.0,68.0,64.0,54.0,81,33,7,10,7,0.05,0.571,0.0216,0.023,0.154,2.965,1.03,False,5038,正常,情绪 66 A ↑｜涨停 81、炸板 33、跌停 7｜1进2 5%、连板晋级 57%｜最高 7 板｜昨日涨停今日均 +2.3%｜中位大面率 15%｜成交 2.97 万亿（较20日均 1.03 倍）,66.0,A,↑,73.0,63.0,68.0,64.0,54.0,81,33,7,10,7,0.05,0.571,0.0216,0.023,0.154,2.965,1.03,False,5038,正常,情绪 66 A ↑｜涨停 81、炸板 33、跌停 7｜1进2 5%、连板晋级 57%｜最高 7 板｜昨日涨停今日均 +2.3%｜中位大面率 15%｜成交 2.97 万亿（较20日均 1.03 倍）,both,0.0,0.0,0.0,0.0,0.0,0.0,0,0,0,0,True
2026-01-29,59.4,B,↓,54.0,85.0,55.0,45.0,50.0,85,39,14,19,8,0.197,0.5,0.0368,0.032,0.222,3.23,1.106,True,5041,正常,情绪 59 B ↓｜涨停 85、炸板 39、跌停 14｜1进2 20%、连板晋级 50%｜最高 8 板｜昨日涨停今日均 +3.2%｜中位大面率 22%｜成交 3.23 万亿（较20日均 1.11 倍）｜恐慌放量,59.4,B,↓,54.0,85.0,55.0,45.0,50.0,85,39,14,19,8,0.197,0.5,0.0368,0.032,0.222,3.23,1.106,True,5041,正常,情绪 59 B ↓｜涨停 85、炸板 39、跌停 14｜1进2 20%、连板晋级 50%｜最高 8 板｜昨日涨停今日均 +3.2%｜中位大面率 22%｜成交 3.23 万亿（较20日均 1.11 倍）｜恐慌放量,both,0.0,0.0,0.0,0.0,0.0,0.0,0,0,0,0,True
2026-01-30,6.8,D,↓,0.0,9.0,4.0,0.0,36.0,48,24,52,7,5,0.077,0.105,-0.0014,-0.0132,0.375,2.835,0.953,False,5040,正常,情绪 7 D ↓｜涨停 48、炸板 24、跌停 52｜1进2 8%、连板晋级 11%｜最高 5 板｜昨日涨停今日均 -1.3%｜中位大面率 38%｜成交 2.84 万亿（较20日均 0.95 倍）,6.8,D,↓,0.0,9.0,4.0,0.0,36.0,48,24,52,7,5,0.077,0.105,-0.0014,-0.0132,0.375,2.835,0.953,False,5040,正常,情绪 7 D ↓｜涨停 48、炸板 24、跌停 52｜1进2 8%、连板晋级 11%｜最高 5 板｜昨日涨停今日均 -1.3%｜中位大面率 38%｜成交 2.84 万亿（较20日均 0.95 倍）,both,0.0,0.0,0.0,0.0,0.0,0.0,0,0,0,0,True
2026-02-02,36.3,C,↑,43.0,23.0,13.0,92.0,11.0,36,20,102,10,3,0.171,0.375,0.0119,0.0076,0.0,2.584,0.857,False,5042,正常,情绪 36 C ↑｜涨停 36、炸板 20、跌停 102｜1进2 17%、连板晋级 38%｜最高 3 板｜昨日涨停今日均 +0.8%｜中位大面率 0%｜成交 2.58 万亿（较20日均 0.86 倍）,36.3,C,↑,43.0,23.0,13.0,92.0,11.0,36,20,102,10,3,0.171,0.375,0.0119,0.0076,0.0,2.584,0.857,False,5042,正常,情绪 36 C ↑｜涨停 36、炸板 20、跌停 102｜1进2 17%、连板晋级 38%｜最高 3 板｜昨日涨停今日均 +0.8%｜中位大面率 0%｜成交 2.58 万亿（较20日均 0.86 倍）,both,0.0,0.0,0.0,0.0,0.0,0.0,0,0,0,0,True
2026-02-03,64.4,B,↑,66.0,72.0,58.0,100.0,7.0,69,20,10,10,4,0.192,0.5,0.0151,0.0467,0.0,2.544,0.843,False,5043,正常,情绪 64 B ↑｜涨停 69、炸板 20、跌停 10｜1进2 19%、连板晋级 50%｜最高 4 板｜昨日涨停今日均 +4.7%｜中位大面率 0%｜成交 2.54 万亿（较20日均 0.84 倍）,64.4,B,↑,66.0,72.0,58.0,100.0,7.0,69,20,10,10,4,0.192,0.5,0.0151,0.0467,0.0,2.544,0.843,False,5043,正常,情绪 64 B ↑｜涨停 69、炸板 20、跌停 10｜1进2 19%、连板晋级 50%｜最高 4 板｜昨日涨停今日均 +4.7%｜中位大面率 0%｜成交 2.54 万亿（较20日均 0.84 倍）,both,0.0,0.0,0.0,0.0,0.0,0.0,0,0,0,0,True
2026-02-04,51.4,B,↓,54.0,74.0,50.0,51.0,2.0,69,21,7,14,4,0.164,0.4,0.0293,0.0384,0.2,2.481,0.826,False,5046,正常,情绪 51 B ↓｜涨停 69、炸板 21、跌停 7｜1进2 16%、连板晋级 40%｜最高 4 板｜昨日涨停今日均 +3.8%｜中位大面率 20%｜成交 2.48 万亿（较20日均 0.83 倍）,51.4,B,↓,54.0,74.0,50.0,51.0,2.0,69,21,7,14,4,0.164,0.4,0.0293,0.0384,0.2,2.481,0.826,False,5046,正常,情绪 51 B ↓｜涨停 69、炸板 21、跌停 7｜1进2 16%、连板晋级 40%｜最高 4 板｜昨日涨停今日均 +3.8%｜中位大面率 20%｜成交 2.48 万亿（较20日均 0.83 倍）,both,0.0,0.0,0.0,0.0,0.0,0.0,0,0,0,0,True
2026-02-05,26.8,D,↓,18.0,34.0,29.0,47.0,0.0,46,14,17,11,4,0.127,0.286,0.0025,0.0068,0.214,2.176,0.729,False,5045,正常,情绪 27 D ↓｜涨停 46、炸板 14、跌停 17｜1进2 13%、连板晋级 29%｜最高 4 板｜昨日涨停今日均 +0.7%｜中位大面率 21%｜成交 2.18 万亿（较20日均 0.73 倍）,26.8,D,↓,18.0,34.0,29.0,47.0,0.0,46,14,17,11,4,0.127,0.286,0.0025,0.0068,0.214,2.176,0.729,False,5045,正常,情绪 27 D ↓｜涨停 46、炸板 14、跌停 17｜1进2 13%、连板晋级 29%｜最高 4 板｜昨日涨停今日均 +0.7%｜中位大面率 21%｜成交 2.18 万亿（较20日均 0.73 倍）,both,0.0,0.0,0.0,0.0,0.0,0.0,0,0,0,0,True
2026-02-06,47.1,C,↑,40.0,44.0,60.0,76.0,0.0,57,25,5,8,4,0.114,0.4,0.0101,0.0002,0.1,2.146,0.726,False,5043,正常,情绪 47 C ↑｜涨停 57、炸板 25、跌停 5｜1进2 11%、连板晋级 40%｜最高 4 板｜昨日涨停今日均 +0.0%｜中位大面率 10%｜成交 2.15 万亿（较20日均 0.73 倍）,47.1,C,↑,40.0,44.0,60.0,76.0,0.0,57,25,5,8,4,0.114,0.4,0.0101,0.0002,0.1,2.146,0.726,False,5043,正常,情绪 47 C ↑｜涨停 57、炸板 25、跌停 5｜1进2 11%、连板晋级 40%｜最高 4 板｜昨日涨停今日均 +0.0%｜中位大面率 10%｜成交 2.15 万亿（较20日均 0.73 倍）,both,0.0,0.0,0.0,0.0,0.0,0.0,0,0,0,0,True
2026-02-09,74.9,A,↑,73.0,80.0,93.0,98.0,0.0,86,23,3,15,5,0.229,0.5,0.0276,0.0331,0.0,2.249,0.774,False,5042,正常,情绪 75 A ↑｜涨停 86、炸板 23、跌停 3｜1进2 23%、连板晋级 50%｜最高 5 板｜昨日涨停今日均 +3.3%｜中位大面率 0%｜成交 2.25 万亿（较20日均 0.77 倍）,74.9,A,↑,73.0,80.0,93.0,98.0,0.0,86,23,3,15,5,0.229,0.5,0.0276,0.0331,0.0,2.249,0.774,False,5042,正常,情绪 75 A ↑｜涨停 86、炸板 23、跌停 3｜1进2 23%、连板晋级 50%｜最高 5 板｜昨日涨停今日均 +3.3%｜中位大面率 0%｜成交 2.25 万亿（较20日均 0.77 倍）,both,0.0,0.0,0.0,0.0,0.0,0.0,0,0,0,0,True
2026-02-10,31.9,D,↓,0.0,51.0,42.0,67.0,0.0,60,13,4,21,3,0.282,0.067,0.0339,0.0313,0.143,2.105,0.742,False,5044,正常,情绪 32 D ↓｜涨停 60、炸板 13、跌停 4｜1进2 28%、连板晋级 7%｜最高 3 板｜昨日涨停今日均 +3.1%｜中位大面率 14%｜成交 2.11 万亿（较20日均 0.74 倍）,31.9,D,↓,0.0,51.0,42.0,67.0,0.0,60,13,4,21,3,0.282,0.067,0.0339,0.0313,0.143,2.105,0.742,False,5044,正常,情绪 32 D ↓｜涨停 60、炸板 13、跌停 4｜1进2 28%、连板晋级 7%｜最高 3 板｜昨日涨停今日均 +3.1%｜中位大面率 14%｜成交 2.11 万亿（较20日均 0.74 倍）,both,0.0,0.0,0.0,0.0,0.0,0.0,0,0,0,0,True
2026-02-11,34.2,D,↑,13.0,46.0,48.0,57.0,0.0,51,18,7,11,4,0.077,0.364,0.016,-0.0014,0.182,1.984,0.719,False,5044,正常,情绪 34 D ↑｜涨停 51、炸板 18、跌停 7｜1进2 8%、连板晋级 36%｜最高 4 板｜昨日涨停今日均 -0.1%｜中位大面率 18%｜成交 1.98 万亿（较20日均 0.72 倍）,34.2,D,↑,13.0,46.0,48.0,57.0,0.0,51,18,7,11,4,0.077,0.364,0.016,-0.0014,0.182,1.984,0.719,False,5044,正常,情绪 34 D ↑｜涨停 51、炸板 18、跌停 7｜1进2 8%、连板晋级 36%｜最高 4 板｜昨日涨停今日均 -0.1%｜中位大面率 18%｜成交 1.98 万亿（较20日均 0.72 倍）,both,0.0,0.0,0.0,0.0,0.0,0.0,0,0,0,0,True
2026-02-12,44.3,C,↑,66.0,39.0,54.0,32.0,0.0,61,18,15,17,4,0.3,0.455,0.0112,0.0276,0.273,2.142,0.805,False,5047,正常,情绪 44 C ↑｜涨停 61、炸板 18、跌停 15｜1进2 30%、连板晋级 45%｜最高 4 板｜昨日涨停今日均 +2.8%｜中位大面率 27%｜成交 2.14 万亿（较20日均 0.80 倍）,44.3,C,↑,66.0,39.0,54.0,32.0,0.0,61,18,15,17,4,0.3,0.455,0.0112,0.0276,0.273,2.142,0.805,False,5047,正常,情绪 44 C ↑｜涨停 61、炸板 18、跌停 15｜1进2 30%、连板晋级 45%｜最高 4 板｜昨日涨停今日均 +2.8%｜中位大面率 27%｜成交 2.14 万亿（较20日均 0.80 倍）,both,0.0,0.0,0.0,0.0,0.0,0.0,0,0,0,0,True
2026-02-13,9.7,D,↓,0.0,15.0,24.0,6.0,0.0,32,12,13,5,5,0.023,0.235,0.0008,-0.0172,0.353,1.983,0.756,False,5045,正常,情绪 10 D ↓｜涨停 32、炸板 12、跌停 13｜1进2 2%、连板晋级 24%｜最高 5 板｜昨日涨停今日均 -1.7%｜中位大面率 35%｜成交 1.98 万亿（较20日均 0.76 倍）,9.7,D,↓,0.0,15.0,24.0,6.0,0.0,32,12,13,5,5,0.023,0.235,0.0008,-0.0172,0.353,1.983,0.756,False,5045,正常,情绪 10 D ↓｜涨停 32、炸板 12、跌停 13｜1进2 2%、连板晋级 24%｜最高 5 板｜昨日涨停今日均 -1.7%｜中位大面率 35%｜成交 1.98 万亿（较20日均 0.76 倍）,both,0.0,0.0,0.0,0.0,0.0,0.0,0,0,0,0,True
2026-02-24,51.4,B,↑,69.0,51.0,58.0,41.0,11.0,93,46,16,7,4,0.143,0.6,0.0177,0.0221,0.25,2.202,0.856,False,5045,正常,情绪 51 B ↑｜涨停 93、炸板 46、跌停 16｜1进2 14%、连板晋级 60%｜最高 4 板｜昨日涨停今日均 +2.2%｜中位大面率 25%｜成交 2.20 万亿（较20日均 0.86 倍）,51.4,B,↑,69.0,51.0,58.0,41.0,11.0,93,46,16,7,4,0.143,0.6,0.0177,0.0221,0.25,2.202,0.856,False,5045,正常,情绪 51 B ↑｜涨停 93、炸板 46、跌停 16｜1进2 14%、连板晋级 60%｜最高 4 板｜昨日涨停今日均 +2.2%｜中位大面率 25%｜成交 2.20 万亿（较20日均 0.86 倍）,both,0.0,0.0,0.0,0.0,0.0,0.0,0,0,0,0,True
2026-02-25,68.5,A,↑,77.0,71.0,74.0,63.0,39.0,75,37,3,18,5,0.163,0.571,0.0185,0.0357,0.143,2.462,0.967,False,5042,正常,情绪 68 A ↑｜涨停 75、炸板 37、跌停 3｜1进2 16%、连板晋级 57%｜最高 5 板｜昨日涨停今日均 +3.6%｜中位大面率 14%｜成交 2.46 万亿（较20日均 0.97 倍）,68.5,A,↑,77.0,71.0,74.0,63.0,39.0,75,37,3,18,5,0.163,0.571,0.0185,0.0357,0.143,2.462,0.967,False,5042,正常,情绪 68 A ↑｜涨停 75、炸板 37、跌停 3｜1进2 16%、连板晋级 57%｜最高 5 板｜昨日涨停今日均 +3.6%｜中位大面率 14%｜成交 2.46 万亿（较20日均 0.97 倍）,both,0.0,0.0,0.0,0.0,0.0,0.0,0,0,0,0,True
2026-02-26,47.9,C,↓,7.0,49.0,58.0,100.0,48.0,63,24,4,9,6,0.088,0.222,0.0155,0.0138,0.0,2.538,1.003,False,5042,正常,情绪 48 C ↓｜涨停 63、炸板 24、跌停 4｜1进2 9%、连板晋级 22%｜最高 6 板｜昨日涨停今日均 +1.4%｜中位大面率 0%｜成交 2.54 万亿（较20日均 1.00 倍）,47.9,C,↓,7.0,49.0,58.0,100.0,48.0,63,24,4,9,6,0.088,0.222,0.0155,0.0138,0.0,2.538,1.003,False,5042,正常,情绪 48 C ↓｜涨停 63、炸板 24、跌停 4｜1进2 9%、连板晋级 22%｜最高 6 板｜昨日涨停今日均 +1.4%｜中位大面率 0%｜成交 2.54 万亿（较20日均 1.00 倍）,both,0.0,0.0,0.0,0.0,0.0,0.0,0,0,0,0,True
2026-02-27,69.4,A,↑,67.0,56.0,77.0,98.0,44.0,75,18,0,11,7,0.111,0.556,0.0016,0.0249,0.0,2.487,0.984,False,5044,正常,情绪 69 A ↑｜涨停 75、炸板 18、跌停 0｜1进2 11%、连板晋级 56%｜最高 7 板｜昨日涨停今日均 +2.5%｜中位大面率 0%｜成交 2.49 万亿（较20日均 0.98 倍）,69.4,A,↑,67.0,56.0,77.0,98.0,44.0,75,18,0,11,7,0.111,0.556,0.0016,0.0249,0.0,2.487,0.984,False,5044,正常,情绪 69 A ↑｜涨停 75、炸板 18、跌停 0｜1进2 11%、连板晋级 56%｜最高 7 板｜昨日涨停今日均 +2.5%｜中位大面率 0%｜成交 2.49 万亿（较20日均 0.98 倍）,both,0.0,0.0,0.0,0.0,0.0,0.0,0,0,0,0,True
2026-03-02,49.8,C,↓,32.0,54.0,47.0,51.0,91.0,91,28,8,20,3,0.266,0.273,0.0172,0.0282,0.2,3.02,1.2,False,5042,正常,情绪 50 C ↓｜涨停 91、炸板 28、跌停 8｜1进2 27%、连板晋级 27%｜最高 3 板｜昨日涨停今日均 +2.8%｜中位大面率 20%｜成交 3.02 万亿（较20日均 1.20 倍）,49.8,C,↓,32.0,54.0,47.0,51.0,91.0,91,28,8,20,3,0.266,0.273,0.0172,0.0282,0.2,3.02,1.2,False,5042,正常,情绪 50 C ↓｜涨停 91、炸板 28、跌停 8｜1进2 27%、连板晋级 27%｜最高 3 板｜昨日涨停今日均 +2.8%｜中位大面率 20%｜成交 3.02 万亿（较20日均 1.20 倍）,both,0.0,0.0,0.0,0.0,0.0,0.0,0,0,0,0,True
2026-03-03,37.4,C,↓,27.0,51.0,32.0,36.0,50.0,77,29,57,37,3,0.465,0.2,0.0344,0.0356,0.25,3.129,1.245,True,5043,正常,情绪 37 C ↓｜涨停 77、炸板 29、跌停 57｜1进2 46%、连板晋级 20%｜最高 3 板｜昨日涨停今日均 +3.6%｜中位大面率 25%｜成交 3.13 万亿（较20日均 1.24 倍）｜恐慌放量,37.4,C,↓,27.0,51.0,32.0,36.0,50.0,77,29,57,37,3,0.465,0.2,0.0344,0.0356,0.25,3.129,1.245,True,5043,正常,情绪 37 C ↓｜涨停 77、炸板 29、跌停 57｜1进2 46%、连板晋级 20%｜最高 3 板｜昨日涨停今日均 +3.6%｜中位大面率 25%｜成交 3.13 万亿（较20日均 1.24 倍）｜恐慌放量,both,0.0,0.0,0.0,0.0,0.0,0.0,0,0,0,0,True
2026-03-04,14.9,D,↓,0.0,15.0,28.0,10.0,34.0,44,20,16,6,4,0.0,0.162,0.0037,-0.0301,0.324,2.366,0.943,False,5043,正常,情绪 15 D ↓｜涨停 44、炸板 20、跌停 16｜1进2 0%、连板晋级 16%｜最高 4 板｜昨日涨停今日均 -3.0%｜中位大面率 32%｜成交 2.37 万亿（较20日均 0.94 倍）,14.9,D,↓,0.0,15.0,28.0,10.0,34.0,44,20,16,6,4,0.0,0.162,0.0037,-0.0301,0.324,2.366,0.943,False,5043,正常,情绪 15 D ↓｜涨停 44、炸板 20、跌停 16｜1进2 0%、连板晋级 16%｜最高 4 板｜昨日涨停今日均 -3.0%｜中位大面率 32%｜成交 2.37 万亿（较20日均 0.94 倍）,both,0.0,0.0,0.0,0.0,0.0,0.0,0,0,0,0,True
2026-03-05,18.2,D,↑,0.0,40.0,23.0,0.0,38.0,68,30,3,7,2,0.184,0.0,0.0419,0.0249,0.667,2.39,0.963,False,5045,正常,情绪 18 D ↑｜涨停 68、炸板 30、跌停 3｜1进2 18%、连板晋级 0%｜最高 2 板｜昨日涨停今日均 +2.5%｜中位大面率 67%｜成交 2.39 万亿（较20日均 0.96 倍）,18.2,D,↑,0.0,40.0,23.0,0.0,38.0,68,30,3,7,2,0.184,0.0,0.0419,0.0249,0.667,2.39,0.963,False,5045,正常,情绪 18 D ↑｜涨停 68、炸板 30、跌停 3｜1进2 18%、连板晋级 0%｜最高 2 板｜昨日涨停今日均 +2.5%｜中位大面率 67%｜成交 2.39 万亿（较20日均 0.96 倍）,both,0.0,0.0,0.0,0.0,0.0,0.0,0,0,0,0,True
2026-03-06,46.2,C,↑,5.0,62.0,57.0,95.0,22.0,74,26,0,8,3,0.066,0.571,0.0005,0.0152,0.0,2.2,0.897,False,5046,正常,情绪 46 C ↑｜涨停 74、炸板 26、跌停 0｜1进2 7%、连板晋级 57%｜最高 3 板｜昨日涨停今日均 +1.5%｜中位大面率 0%｜成交 2.20 万亿（较20日均 0.90 倍）,46.2,C,↑,5.0,62.0,57.0,95.0,22.0,74,26,0,8,3,0.066,0.571,0.0005,0.0152,0.0,2.2,0.897,False,5046,正常,情绪 46 C ↑｜涨停 74、炸板 26、跌停 0｜1进2 7%、连板晋级 57%｜最高 3 板｜昨日涨停今日均 +1.5%｜中位大面率 0%｜成交 2.20 万亿（较20日均 0.90 倍）,both,0.0,0.0,0.0,0.0,0.0,0.0,0,0,0,0,True
2026-03-09,39.8,C,↓,12.0,40.0,37.0,68.0,70.0,42,38,4,11,4,0.121,0.375,0.0038,0.0153,0.125,2.647,1.102,False,5049,正常,情绪 40 C ↓｜涨停 42、炸板 38、跌停 4｜1进2 12%、连板晋级 38%｜最高 4 板｜昨日涨停今日均 +1.5%｜中位大面率 12%｜成交 2.65 万亿（较20日均 1.10 倍）,39.8,C,↓,12.0,40.0,37.0,68.0,70.0,42,38,4,11,4,0.121,0.375,0.0038,0.0153,0.125,2.647,1.102,False,5049,正常,情绪 40 C ↓｜涨停 42、炸板 38、跌停 4｜1进2 12%、连板晋级 38%｜最高 4 板｜昨日涨停今日均 +1.5%｜中位大面率 12%｜成交 2.65 万亿（较20日均 1.10 倍）,both,0.0,0.0,0.0,0.0,0.0,0.0,0,0,0,0,True
2026-03-10,46.4,C,↑,2.0,78.0,29.0,100.0,48.0,55,25,4,6,5,0.129,0.182,0.0356,0.0342,0.0,2.398,1.002,False,5048,正常,情绪 46 C ↑｜涨停 55、炸板 25、跌停 4｜1进2 13%、连板晋级 18%｜最高 5 板｜昨日涨停今日均 +3.4%｜中位大面率 0%｜成交 2.40 万亿（较20日均 1.00 倍）,46.4,C,↑,2.0,78.0,29.0,100.0,48.0,55,25,4,6,5,0.129,0.182,0.0356,0.0342,0.0,2.398,1.002,False,5048,正常,情绪 46 C ↑｜涨停 55、炸板 25、跌停 4｜1进2 13%、连板晋级 18%｜最高 5 板｜昨日涨停今日均 +3.4%｜中位大面率 0%｜成交 2.40 万亿（较20日均 1.00 倍）,both,0.0,0.0,0.0,0.0,0.0,0.0,0,0,0,0,True
2026-03-11,55.6,B,↑,43.0,60.0,41.0,88.0,60.0,53,22,2,10,4,0.163,0.333,0.0274,0.0244,0.0,2.508,1.053,False,5051,正常,情绪 56 B ↑｜涨停 53、炸板 22、跌停 2｜1进2 16%、连板晋级 33%｜最高 4 板｜昨日涨停今日均 +2.4%｜中位大面率 0%｜成交 2.51 万亿（较20日均 1.05 倍）,55.6,B,↑,43.0,60.0,41.0,88.0,60.0,53,22,2,10,4,0.163,0.333,0.0274,0.0244,0.0,2.508,1.053,False,5051,正常,情绪 56 B ↑｜涨停 53、炸板 22、跌停 2｜1进2 16%、连板晋级 33%｜最高 4 板｜昨日涨停今日均 +2.4%｜中位大面率 0%｜成交 2.51 万亿（较20日均 1.05 倍）,both,0.0,0.0,0.0,0.0,0.0,0.0,0,0,0,0,True
2026-03-12,53.1,B,↓,32.0,48.0,49.0,100.0,53.0,52,23,2,8,4,0.116,0.3,0.0164,0.0206,0.0,2.442,1.026,False,5051,正常,情绪 53 B ↓｜涨停 52、炸板 23、跌停 2｜1进2 12%、连板晋级 30%｜最高 4 板｜昨日涨停今日均 +2.1%｜中位大面率 0%｜成交 2.44 万亿（较20日均 1.03 倍）,53.1,B,↓,32.0,48.0,49.0,100.0,53.0,52,23,2,8,4,0.116,0.3,0.0164,0.0206,0.0,2.442,1.026,False,5051,正常,情绪 53 B ↓｜涨停 52、炸板 23、跌停 2｜1进2 12%、连板晋级 30%｜最高 4 板｜昨日涨停今日均 +2.1%｜中位大面率 0%｜成交 2.44 万亿（较20日均 1.03 倍）,both,0.0,0.0,0.0,0.0,0.0,0.0,0,0,0,0,True
2026-03-13,54.6,B,→,38.0,51.0,49.0,98.0,49.0,59,21,13,8,5,0.114,0.375,0.0208,0.0069,0.0,2.4,1.009,False,5052,正常,情绪 55 B →｜涨停 59、炸板 21、跌停 13｜1进2 11%、连板晋级 38%｜最高 5 板｜昨日涨停今日均 +0.7%｜中位大面率 0%｜成交 2.40 万亿（较20日均 1.01 倍）,54.6,B,→,38.0,51.0,49.0,98.0,49.0,59,21,13,8,5,0.114,0.375,0.0208,0.0069,0.0,2.4,1.009,False,5052,正常,情绪 55 B →｜涨停 59、炸板 21、跌停 13｜1进2 11%、连板晋级 38%｜最高 5 板｜昨日涨停今日均 +0.7%｜中位大面率 0%｜成交 2.40 万亿（较20日均 1.01 倍）,both,0.0,0.0,0.0,0.0,0.0,0.0,0,0,0,0,True
2026-03-16,21.9,D,↓,8.0,23.0,21.0,31.0,41.0,47,23,8,6,3,0.078,0.25,0.005,-0.0163,0.286,2.325,0.973,False,5052,正常,情绪 22 D ↓｜涨停 47、炸板 23、跌停 8｜1进2 8%、连板晋级 25%｜最高 3 板｜昨日涨停今日均 -1.6%｜中位大面率 29%｜成交 2.33 万亿（较20日均 0.97 倍）,21.9,D,↓,8.0,23.0,21.0,31.0,41.0,47,23,8,6,3,0.078,0.25,0.005,-0.0163,0.286,2.325,0.973,False,5052,正常,情绪 22 D ↓｜涨停 47、炸板 23、跌停 8｜1进2 8%、连板晋级 25%｜最高 3 板｜昨日涨停今日均 -1.6%｜中位大面率 29%｜成交 2.33 万亿（较20日均 0.97 倍）,both,0.0,0.0,0.0,0.0,0.0,0.0,0,0,0,0,True
2026-03-17,70.0,A,↑,100.0,59.0,48.0,92.0,28.0,38,17,10,11,4,0.122,1.0,0.0084,0.0153,0.0,2.208,0.92,False,5050,正常,情绪 70 A ↑｜涨停 38、炸板 17、跌停 10｜1进2 12%、连板晋级 100%｜最高 4 板｜昨日涨停今日均 +1.5%｜中位大面率 0%｜成交 2.21 万亿（较20日均 0.92 倍）,70.0,A,↑,100.0,59.0,48.0,92.0,28.0,38,17,10,11,4,0.122,1.0,0.0084,0.0153,0.0,2.208,0.92,False,5050,正常,情绪 70 A ↑｜涨停 38、炸板 17、跌停 10｜1进2 12%、连板晋级 100%｜最高 4 板｜昨日涨停今日均 +1.5%｜中位大面率 0%｜成交 2.21 万亿（较20日均 0.92 倍）,both,0.0,0.0,0.0,0.0,0.0,0.0,0,0,0,0,True
2026-03-18,31.5,D,↓,16.0,32.0,61.0,32.0,10.0,57,22,4,7,5,0.148,0.273,0.0088,0.0073,0.273,2.046,0.854,False,5052,正常,情绪 32 D ↓｜涨停 57、炸板 22、跌停 4｜1进2 15%、连板晋级 27%｜最高 5 板｜昨日涨停今日均 +0.7%｜中位大面率 27%｜成交 2.05 万亿（较20日均 0.85 倍）,31.5,D,↓,16.0,32.0,61.0,32.0,10.0,57,22,4,7,5,0.148,0.273,0.0088,0.0073,0.273,2.046,0.854,False,5052,正常,情绪 32 D ↓｜涨停 57、炸板 22、跌停 4｜1进2 15%、连板晋级 27%｜最高 5 板｜昨日涨停今日均 +0.7%｜中位大面率 27%｜成交 2.05 万亿（较20日均 0.85 倍）,both,0.0,0.0,0.0,0.0,0.0,0.0,0,0,0,0,True
2026-03-19,26.3,D,↓,25.0,25.0,37.0,23.0,18.0,28,11,7,8,4,0.12,0.286,0.009,0.0068,0.333,2.111,0.882,False,5053,正常,情绪 26 D ↓｜涨停 28、炸板 11、跌停 7｜1进2 12%、连板晋级 29%｜最高 4 板｜昨日涨停今日均 +0.7%｜中位大面率 33%｜成交 2.11 万亿（较20日均 0.88 倍）,26.3,D,↓,25.0,25.0,37.0,23.0,18.0,28,11,7,8,4,0.12,0.286,0.009,0.0068,0.333,2.111,0.882,False,5053,正常,情绪 26 D ↓｜涨停 28、炸板 11、跌停 7｜1进2 12%、连板晋级 29%｜最高 4 板｜昨日涨停今日均 +0.7%｜中位大面率 33%｜成交 2.11 万亿（较20日均 0.88 倍）,both,0.0,0.0,0.0,0.0,0.0,0.0,0,0,0,0,True
2026-03-20,25.9,D,→,30.0,15.0,32.0,18.0,36.0,29,24,15,7,5,0.15,0.444,-0.0056,-0.0165,0.333,2.287,0.953,False,5053,正常,情绪 26 D →｜涨停 29、炸板 24、跌停 15｜1进2 15%、连板晋级 44%｜最高 5 板｜昨日涨停今日均 -1.7%｜中位大面率 33%｜成交 2.29 万亿（较20日均 0.95 倍）,25.9,D,→,30.0,15.0,32.0,18.0,36.0,29,24,15,7,5,0.15,0.444,-0.0056,-0.0165,0.333,2.287,0.953,False,5053,正常,情绪 26 D →｜涨停 29、炸板 24、跌停 15｜1进2 15%、连板晋级 44%｜最高 5 板｜昨日涨停今日均 -1.7%｜中位大面率 33%｜成交 2.29 万亿（较20日均 0.95 倍）,both,0.0,0.0,0.0,0.0,0.0,0.0,0,0,0,0,True
2026-03-23,34.5,D,↑,39.0,30.0,14.0,50.0,50.0,28,17,78,5,6,0.091,0.429,0.0043,-0.0159,0.2,2.431,1.01,True,5055,正常,情绪 34 D ↑｜涨停 28、炸板 17、跌停 78｜1进2 9%、连板晋级 43%｜最高 6 板｜昨日涨停今日均 -1.6%｜中位大面率 20%｜成交 2.43 万亿（较20日均 1.01 倍）｜恐慌放量,34.5,D,↑,39.0,30.0,14.0,50.0,50.0,28,17,78,5,6,0.091,0.429,0.0043,-0.0159,0.2,2.431,1.01,True,5055,正常,情绪 34 D ↑｜涨停 28、炸板 17、跌停 78｜1进2 9%、连板晋级 43%｜最高 6 板｜昨日涨停今日均 -1.6%｜中位大面率 20%｜成交 2.43 万亿（较20日均 1.01 倍）｜恐慌放量,both,0.0,0.0,0.0,0.0,0.0,0.0,0,0,0,0,True
2026-03-24,58.9,B,↑,46.0,68.0,71.0,84.0,11.0,84,24,1,6,7,0.174,0.4,0.0289,0.0391,0.0,2.083,0.857,False,5052,正常,情绪 59 B ↑｜涨停 84、炸板 24、跌停 1｜1进2 17%、连板晋级 40%｜最高 7 板｜昨日涨停今日均 +3.9%｜中位大面率 0%｜成交 2.08 万亿（较20日均 0.86 倍）,58.9,B,↑,46.0,68.0,71.0,84.0,11.0,84,24,1,6,7,0.174,0.4,0.0289,0.0391,0.0,2.083,0.857,False,5052,正常,情绪 59 B ↑｜涨停 84、炸板 24、跌停 1｜1进2 17%、连板晋级 40%｜最高 7 板｜昨日涨停今日均 +3.9%｜中位大面率 0%｜成交 2.08 万亿（较20日均 0.86 倍）,both,0.0,0.0,0.0,0.0,0.0,0.0,0,0,0,0,True
2026-03-25,86.9,S,↑,100.0,95.0,94.0,88.0,22.0,84,17,1,23,8,0.244,0.667,0.0295,0.0498,0.0,2.18,0.899,False,5052,正常,情绪 87 S ↑｜涨停 84、炸板 17、跌停 1｜1进2 24%、连板晋级 67%｜最高 8 板｜昨日涨停今日均 +5.0%｜中位大面率 0%｜成交 2.18 万亿（较20日均 0.90 倍）,86.9,S,↑,100.0,95.0,94.0,88.0,22.0,84,17,1,23,8,0.244,0.667,0.0295,0.0498,0.0,2.18,0.899,False,5052,正常,情绪 87 S ↑｜涨停 84、炸板 17、跌停 1｜1进2 24%、连板晋级 67%｜最高 8 板｜昨日涨停今日均 +5.0%｜中位大面率 0%｜成交 2.18 万亿（较20日均 0.90 倍）,both,0.0,0.0,0.0,0.0,0.0,0.0,0,0,0,0,True
2026-03-26,24.5,D,↓,0.0,30.0,16.0,86.0,0.0,39,20,9,10,3,0.1,0.174,0.0153,0.0039,0.091,1.943,0.807,False,5050,正常,情绪 24 D ↓｜涨停 39、炸板 20、跌停 9｜1进2 10%、连板晋级 17%｜最高 3 板｜昨日涨停今日均 +0.4%｜中位大面率 9%｜成交 1.94 万亿（较20日均 0.81 倍）,24.5,D,↓,0.0,30.0,16.0,86.0,0.0,39,20,9,10,3,0.1,0.174,0.0153,0.0039,0.091,1.943,0.807,False,5050,正常,情绪 24 D ↓｜涨停 39、炸板 20、跌停 9｜1进2 10%、连板晋级 17%｜最高 3 板｜昨日涨停今日均 +0.4%｜中位大面率 9%｜成交 1.94 万亿（较20日均 0.81 倍）,both,0.0,0.0,0.0,0.0,0.0,0.0,0,0,0,0,True
2026-03-27,33.7,D,↑,28.0,32.0,65.0,25.0,0.0,79,17,2,11,4,0.286,0.3,0.0043,0.0208,0.3,1.853,0.779,False,5046,正常,情绪 34 D ↑｜涨停 79、炸板 17、跌停 2｜1进2 29%、连板晋级 30%｜最高 4 板｜昨日涨停今日均 +2.1%｜中位大面率 30%｜成交 1.85 万亿（较20日均 0.78 倍）,33.7,D,↑,28.0,32.0,65.0,25.0,0.0,79,17,2,11,4,0.286,0.3,0.0043,0.0208,0.3,1.853,0.779,False,5046,正常,情绪 34 D ↑｜涨停 79、炸板 17、跌停 2｜1进2 29%、连板晋级 30%｜最高 4 板｜昨日涨停今日均 +2.1%｜中位大面率 30%｜成交 1.85 万亿（较20日均 0.78 倍）,both,0.0,0.0,0.0,0.0,0.0,0.0,0,0,0,0,True
2026-03-30,28.6,D,↓,0.0,41.0,45.0,56.0,0.0,63,18,11,14,5,0.162,0.273,0.0093,0.019,0.182,1.916,0.816,False,5043,正常,情绪 29 D ↓｜涨停 63、炸板 18、跌停 11｜1进2 16%、连板晋级 27%｜最高 5 板｜昨日涨停今日均 +1.9%｜中位大面率 18%｜成交 1.92 万亿（较20日均 0.82 倍）,28.6,D,↓,0.0,41.0,45.0,56.0,0.0,63,18,11,14,5,0.162,0.273,0.0093,0.019,0.182,1.916,0.816,False,5043,正常,情绪 29 D ↓｜涨停 63、炸板 18、跌停 11｜1进2 16%、连板晋级 27%｜最高 5 板｜昨日涨停今日均 +1.9%｜中位大面率 18%｜成交 1.92 万亿（较20日均 0.82 倍）,both,0.0,0.0,0.0,0.0,0.0,0.0,0,0,0,0,True
2026-03-31,17.2,D,↓,0.0,22.0,48.0,0.0,14.0,53,18,2,8,4,0.125,0.143,0.0142,0.0133,0.385,1.992,0.869,False,5044,正常,情绪 17 D ↓｜涨停 53、炸板 18、跌停 2｜1进2 12%、连板晋级 14%｜最高 4 板｜昨日涨停今日均 +1.3%｜中位大面率 38%｜成交 1.99 万亿（较20日均 0.87 倍）,17.2,D,↓,0.0,22.0,48.0,0.0,14.0,53,18,2,8,4,0.125,0.143,0.0142,0.0133,0.385,1.992,0.869,False,5044,正常,情绪 17 D ↓｜涨停 53、炸板 18、跌停 2｜1进2 12%、连板晋级 14%｜最高 4 板｜昨日涨停今日均 +1.3%｜中位大面率 38%｜成交 1.99 万亿（较20日均 0.87 倍）,both,0.0,0.0,0.0,0.0,0.0,0.0,0,0,0,0,True
2026-04-01,22.5,D,↑,2.0,40.0,18.0,39.0,22.0,57,38,7,5,4,0.089,0.125,0.0214,-0.0018,0.25,2.012,0.9,False,5046,正常,情绪 23 D ↑｜涨停 57、炸板 38、跌停 7｜1进2 9%、连板晋级 12%｜最高 4 板｜昨日涨停今日均 -0.2%｜中位大面率 25%｜成交 2.01 万亿（较20日均 0.90 倍）,22.5,D,↑,2.0,40.0,18.0,39.0,22.0,57,38,7,5,4,0.089,0.125,0.0214,-0.0018,0.25,2.012,0.9,False,5046,正常,情绪 23 D ↑｜涨停 57、炸板 38、跌停 7｜1进2 9%、连板晋级 12%｜最高 4 板｜昨日涨停今日均 -0.2%｜中位大面率 25%｜成交 2.01 万亿（较20日均 0.90 倍）,both,0.0,0.0,0.0,0.0,0.0,0.0,0,0,0,0,True
2026-04-02,54.5,B,↑,60.0,71.0,31.0,88.0,3.0,27,19,8,6,5,0.038,0.8,0.0186,0.009,0.0,1.843,0.831,False,5046,正常,情绪 54 B ↑｜涨停 27、炸板 19、跌停 8｜1进2 4%、连板晋级 80%｜最高 5 板｜昨日涨停今日均 +0.9%｜中位大面率 0%｜成交 1.84 万亿（较20日均 0.83 倍）,54.5,B,↑,60.0,71.0,31.0,88.0,3.0,27,19,8,6,5,0.038,0.8,0.0186,0.009,0.0,1.843,0.831,False,5046,正常,情绪 54 B ↑｜涨停 27、炸板 19、跌停 8｜1进2 4%、连板晋级 80%｜最高 5 板｜昨日涨停今日均 +0.9%｜中位大面率 0%｜成交 1.84 万亿（较20日均 0.83 倍）,both,0.0,0.0,0.0,0.0,0.0,0.0,0,0,0,0,True
2026-04-03,17.8,D,↓,8.0,33.0,0.0,50.0,0.0,36,14,28,4,6,0.143,0.167,0.0165,0.0018,0.2,1.656,0.756,False,5047,正常,情绪 18 D ↓｜涨停 36、炸板 14、跌停 28｜1进2 14%、连板晋级 17%｜最高 6 板｜昨日涨停今日均 +0.2%｜中位大面率 20%｜成交 1.66 万亿（较20日均 0.76 倍）,17.8,D,↓,8.0,33.0,0.0,50.0,0.0,36,14,28,4,6,0.143,0.167,0.0165,0.0018,0.2,1.656,0.756,False,5047,正常,情绪 18 D ↓｜涨停 36、炸板 14、跌停 28｜1进2 14%、连板晋级 17%｜最高 6 板｜昨日涨停今日均 +0.2%｜中位大面率 20%｜成交 1.66 万亿（较20日均 0.76 倍）,both,0.0,0.0,0.0,0.0,0.0,0.0,0,0,0,0,True
2026-04-07,63.1,B,↑,62.0,66.0,81.0,78.0,0.0,93,29,5,7,7,0.121,0.75,0.0092,0.0137,0.0,1.614,0.746,False,5046,正常,情绪 63 B ↑｜涨停 93、炸板 29、跌停 5｜1进2 12%、连板晋级 75%｜最高 7 板｜昨日涨停今日均 +1.4%｜中位大面率 0%｜成交 1.61 万亿（较20日均 0.75 倍）,63.1,B,↑,62.0,66.0,81.0,78.0,0.0,93,29,5,7,7,0.121,0.75,0.0092,0.0137,0.0,1.614,0.746,False,5046,正常,情绪 63 B ↑｜涨停 93、炸板 29、跌停 5｜1进2 12%、连板晋级 75%｜最高 7 板｜昨日涨停今日均 +1.4%｜中位大面率 0%｜成交 1.61 万亿（较20日均 0.75 倍）,both,0.0,0.0,0.0,0.0,0.0,0.0,0,0,0,0,True
2026-04-08,60.7,B,↓,20.0,54.0,84.0,92.0,81.0,122,19,4,11,4,0.105,0.286,0.0102,0.0173,0.0,2.434,1.152,False,5049,正常,情绪 61 B ↓｜涨停 122、炸板 19、跌停 4｜1进2 10%、连板晋级 29%｜最高 4 板｜昨日涨停今日均 +1.7%｜中位大面率 0%｜成交 2.43 万亿（较20日均 1.15 倍）,60.7,B,↓,20.0,54.0,84.0,92.0,81.0,122,19,4,11,4,0.105,0.286,0.0102,0.0173,0.0,2.434,1.152,False,5049,正常,情绪 61 B ↓｜涨停 122、炸板 19、跌停 4｜1进2 10%、连板晋级 29%｜最高 4 板｜昨日涨停今日均 +1.7%｜中位大面率 0%｜成交 2.43 万亿（较20日均 1.15 倍）,both,0.0,0.0,0.0,0.0,0.0,0.0,0,0,0,0,True
2026-04-09,37.6,C,↓,5.0,43.0,36.0,80.0,50.0,54,18,3,13,5,0.099,0.182,0.0099,0.0183,0.091,2.134,1.009,False,5050,正常,情绪 38 C ↓｜涨停 54、炸板 18、跌停 3｜1进2 10%、连板晋级 18%｜最高 5 板｜昨日涨停今日均 +1.8%｜中位大面率 9%｜成交 2.13 万亿（较20日均 1.01 倍）,37.6,C,↓,5.0,43.0,36.0,80.0,50.0,54,18,3,13,5,0.099,0.182,0.0099,0.0183,0.091,2.134,1.009,False,5050,正常,情绪 38 C ↓｜涨停 54、炸板 18、跌停 3｜1进2 10%、连板晋级 18%｜最高 5 板｜昨日涨停今日均 +1.8%｜中位大面率 9%｜成交 2.13 万亿（较20日均 1.01 倍）,both,0.0,0.0,0.0,0.0,0.0,0.0,0,0,0,0,True
2026-04-10,62.4,B,↑,48.0,55.0,54.0,100.0,72.0,60,28,8,13,4,0.214,0.308,0.0192,0.019,0.0,2.323,1.108,False,5051,正常,情绪 62 B ↑｜涨停 60、炸板 28、跌停 8｜1进2 21%、连板晋级 31%｜最高 4 板｜昨日涨停今日均 +1.9%｜中位大面率 0%｜成交 2.32 万亿（较20日均 1.11 倍）,62.4,B,↑,48.0,55.0,54.0,100.0,72.0,60,28,8,13,4,0.214,0.308,0.0192,0.019,0.0,2.323,1.108,False,5051,正常,情绪 62 B ↑｜涨停 60、炸板 28、跌停 8｜1进2 21%、连板晋级 31%｜最高 4 板｜昨日涨停今日均 +1.9%｜中位大面率 0%｜成交 2.32 万亿（较20日均 1.11 倍）,both,0.0,0.0,0.0,0.0,0.0,0.0,0,0,0,0,True
2026-04-13,49.9,C,↓,25.0,47.0,55.0,85.0,54.0,59,17,4,9,5,0.106,0.308,0.011,0.026,0.077,2.15,1.029,False,5050,正常,情绪 50 C ↓｜涨停 59、炸板 17、跌停 4｜1进2 11%、连板晋级 31%｜最高 5 板｜昨日涨停今日均 +2.6%｜中位大面率 8%｜成交 2.15 万亿（较20日均 1.03 倍）,49.9,C,↓,25.0,47.0,55.0,85.0,54.0,59,17,4,9,5,0.106,0.308,0.011,0.026,0.077,2.15,1.029,False,5050,正常,情绪 50 C ↓｜涨停 59、炸板 17、跌停 4｜1进2 11%、连板晋级 31%｜最高 5 板｜昨日涨停今日均 +2.6%｜中位大面率 8%｜成交 2.15 万亿（较20日均 1.03 倍）,both,0.0,0.0,0.0,0.0,0.0,0.0,0,0,0,0,True
2026-04-14,68.3,A,↑,49.0,70.0,63.0,98.0,80.0,55,19,4,9,6,0.1,0.444,0.0221,0.0238,0.0,2.384,1.148,False,5052,正常,情绪 68 A ↑｜涨停 55、炸板 19、跌停 4｜1进2 10%、连板晋级 44%｜最高 6 板｜昨日涨停今日均 +2.4%｜中位大面率 0%｜成交 2.38 万亿（较20日均 1.15 倍）,68.3,A,↑,49.0,70.0,63.0,98.0,80.0,55,19,4,9,6,0.1,0.444,0.0221,0.0238,0.0,2.384,1.148,False,5052,正常,情绪 68 A ↑｜涨停 55、炸板 19、跌停 4｜1进2 10%、连板晋级 44%｜最高 6 板｜昨日涨停今日均 +2.4%｜中位大面率 0%｜成交 2.38 万亿（较20日均 1.15 倍）,both,0.0,0.0,0.0,0.0,0.0,0.0,0,0,0,0,True
2026-04-15,47.0,C,↓,37.0,54.0,34.0,68.0,50.0,57,27,9,12,5,0.196,0.333,0.0306,0.0126,0.125,2.415,1.161,True,5050,正常,情绪 47 C ↓｜涨停 57、炸板 27、跌停 9｜1进2 20%、连板晋级 33%｜最高 5 板｜昨日涨停今日均 +1.3%｜中位大面率 12%｜成交 2.42 万亿（较20日均 1.16 倍）｜恐慌放量,47.0,C,↓,37.0,54.0,34.0,68.0,50.0,57,27,9,12,5,0.196,0.333,0.0306,0.0126,0.125,2.415,1.161,True,5050,正常,情绪 47 C ↓｜涨停 57、炸板 27、跌停 9｜1进2 20%、连板晋级 33%｜最高 5 板｜昨日涨停今日均 +1.3%｜中位大面率 12%｜成交 2.42 万亿（较20日均 1.16 倍）｜恐慌放量,both,0.0,0.0,0.0,0.0,0.0,0.0,0,0,0,0,True
2026-04-16,53.6,B,↑,36.0,48.0,69.0,56.0,74.0,80,22,2,9,6,0.111,0.333,0.0124,0.0219,0.182,2.342,1.12,False,5051,正常,情绪 54 B ↑｜涨停 80、炸板 22、跌停 2｜1进2 11%、连板晋级 33%｜最高 6 板｜昨日涨停今日均 +2.2%｜中位大面率 18%｜成交 2.34 万亿（较20日均 1.12 倍）,53.6,B,↑,36.0,48.0,69.0,56.0,74.0,80,22,2,9,6,0.111,0.333,0.0124,0.0219,0.182,2.342,1.12,False,5051,正常,情绪 54 B ↑｜涨停 80、炸板 22、跌停 2｜1进2 11%、连板晋级 33%｜最高 6 板｜昨日涨停今日均 +2.2%｜中位大面率 18%｜成交 2.34 万亿（较20日均 1.12 倍）,both,0.0,0.0,0.0,0.0,0.0,0.0,0,0,0,0,True
2026-04-17,82.3,S,↑,80.0,68.0,91.0,95.0,81.0,69,21,3,13,7,0.113,0.625,0.0203,0.022,0.0,2.425,1.152,False,5051,正常,情绪 82 S ↑｜涨停 69、炸板 21、跌停 3｜1进2 11%、连板晋级 62%｜最高 7 板｜昨日涨停今日均 +2.2%｜中位大面率 0%｜成交 2.43 万亿（较20日均 1.15 倍）,82.3,S,↑,80.0,68.0,91.0,95.0,81.0,69,21,3,13,7,0.113,0.625,0.0203,0.022,0.0,2.425,1.152,False,5051,正常,情绪 82 S ↑｜涨停 69、炸板 21、跌停 3｜1进2 11%、连板晋级 62%｜最高 7 板｜昨日涨停今日均 +2.2%｜中位大面率 0%｜成交 2.43 万亿（较20日均 1.15 倍）,both,0.0,0.0,0.0,0.0,0.0,0.0,0,0,0,0,True
2026-04-20,61.3,B,↓,26.0,76.0,61.0,80.0,94.0,75,15,6,16,6,0.196,0.308,0.0291,0.0325,0.091,2.579,1.216,False,5047,正常,情绪 61 B ↓｜涨停 75、炸板 15、跌停 6｜1进2 20%、连板晋级 31%｜最高 6 板｜昨日涨停今日均 +3.3%｜中位大面率 9%｜成交 2.58 万亿（较20日均 1.22 倍）,61.3,B,↓,26.0,76.0,61.0,80.0,94.0,75,15,6,16,6,0.196,0.308,0.0291,0.0325,0.091,2.579,1.216,False,5047,正常,情绪 61 B ↓｜涨停 75、炸板 15、跌停 6｜1进2 20%、连板晋级 31%｜最高 6 板｜昨日涨停今日均 +3.3%｜中位大面率 9%｜成交 2.58 万亿（较20日均 1.22 倍）,both,0.0,0.0,0.0,0.0,0.0,0.0,0,0,0,0,True
2026-04-21,42.2,C,↓,0.0,35.0,50.0,90.0,76.0,53,11,10,8,4,0.068,0.25,0.0143,0.0042,0.067,2.408,1.128,False,5049,正常,情绪 42 C ↓｜涨停 53、炸板 11、跌停 10｜1进2 7%、连板晋级 25%｜最高 4 板｜昨日涨停今日均 +0.4%｜中位大面率 7%｜成交 2.41 万亿（较20日均 1.13 倍）,42.2,C,↓,0.0,35.0,50.0,90.0,76.0,53,11,10,8,4,0.068,0.25,0.0143,0.0042,0.067,2.408,1.128,False,5049,正常,情绪 42 C ↓｜涨停 53、炸板 11、跌停 10｜1进2 7%、连板晋级 25%｜最高 4 板｜昨日涨停今日均 +0.4%｜中位大面率 7%｜成交 2.41 万亿（较20日均 1.13 倍）,both,0.0,0.0,0.0,0.0,0.0,0.0,0,0,0,0,True
2026-04-22,36.8,C,↓,3.0,40.0,22.0,73.0,90.0,54,25,5,8,4,0.133,0.222,0.0159,0.0213,0.111,2.56,1.199,False,5047,正常,情绪 37 C ↓｜涨停 54、炸板 25、跌停 5｜1进2 13%、连板晋级 22%｜最高 4 板｜昨日涨停今日均 +2.1%｜中位大面率 11%｜成交 2.56 万亿（较20日均 1.20 倍）,36.8,C,↓,3.0,40.0,22.0,73.0,90.0,54,25,5,8,4,0.133,0.222,0.0159,0.0213,0.111,2.56,1.199,False,5047,正常,情绪 37 C ↓｜涨停 54、炸板 25、跌停 5｜1进2 13%、连板晋级 22%｜最高 4 板｜昨日涨停今日均 +2.1%｜中位大面率 11%｜成交 2.56 万亿（较20日均 1.20 倍）,both,0.0,0.0,0.0,0.0,0.0,0.0,0,0,0,0,True
2026-04-23,58.6,B,↑,34.0,77.0,21.0,98.0,100.0,50,23,16,9,5,0.109,0.5,0.0242,0.0189,0.0,2.804,1.299,False,5045,正常,情绪 59 B ↑｜涨停 50、炸板 23、跌停 16｜1进2 11%、连板晋级 50%｜最高 5 板｜昨日涨停今日均 +1.9%｜中位大面率 0%｜成交 2.80 万亿（较20日均 1.30 倍）,58.6,B,↑,34.0,77.0,21.0,98.0,100.0,50,23,16,9,5,0.109,0.5,0.0242,0.0189,0.0,2.804,1.299,False,5045,正常,情绪 59 B ↑｜涨停 50、炸板 23、跌停 16｜1进2 11%、连板晋级 50%｜最高 5 板｜昨日涨停今日均 +1.9%｜中位大面率 0%｜成交 2.80 万亿（较20日均 1.30 倍）,both,0.0,0.0,0.0,0.0,0.0,0.0,0,0,0,0,True
2026-04-24,14.8,D,↓,10.0,16.0,13.0,0.0,50.0,59,24,23,8,3,0.146,0.222,0.0106,0.0007,0.5,2.641,1.207,True,5043,正常,情绪 15 D ↓｜涨停 59、炸板 24、跌停 23｜1进2 15%、连板晋级 22%｜最高 3 板｜昨日涨停今日均 +0.1%｜中位大面率 50%｜成交 2.64 万亿（较20日均 1.21 倍）｜恐慌放量,14.8,D,↓,10.0,16.0,13.0,0.0,50.0,59,24,23,8,3,0.146,0.222,0.0106,0.0007,0.5,2.641,1.207,True,5043,正常,情绪 15 D ↓｜涨停 59、炸板 24、跌停 23｜1进2 15%、连板晋级 22%｜最高 3 板｜昨日涨停今日均 +0.1%｜中位大面率 50%｜成交 2.64 万亿（较20日均 1.21 倍）｜恐慌放量,both,0.0,0.0,0.0,0.0,0.0,0.0,0,0,0,0,True
2026-04-27,35.8,C,↑,19.0,30.0,36.0,39.0,83.0,67,24,35,9,4,0.118,0.375,0.012,0.0108,0.25,2.589,1.164,False,5036,正常,情绪 36 C ↑｜涨停 67、炸板 24、跌停 35｜1进2 12%、连板晋级 38%｜最高 4 板｜昨日涨停今日均 +1.1%｜中位大面率 25%｜成交 2.59 万亿（较20日均 1.16 倍）,35.8,C,↑,19.0,30.0,36.0,39.0,83.0,67,24,35,9,4,0.118,0.375,0.012,0.0108,0.25,2.589,1.164,False,5036,正常,情绪 36 C ↑｜涨停 67、炸板 24、跌停 35｜1进2 12%、连板晋级 38%｜最高 4 板｜昨日涨停今日均 +1.1%｜中位大面率 25%｜成交 2.59 万亿（较20日均 1.16 倍）,both,0.0,0.0,0.0,0.0,0.0,0.0,0,0,0,0,True
2026-04-28,48.3,C,↑,42.0,38.0,51.0,68.0,50.0,58,13,31,11,5,0.138,0.375,0.0132,0.0155,0.125,2.536,1.122,True,5024,正常,情绪 48 C ↑｜涨停 58、炸板 13、跌停 31｜1进2 14%、连板晋级 38%｜最高 5 板｜昨日涨停今日均 +1.5%｜中位大面率 12%｜成交 2.54 万亿（较20日均 1.12 倍）｜恐慌放量,48.3,C,↑,42.0,38.0,51.0,68.0,50.0,58,13,31,11,5,0.138,0.375,0.0132,0.0155,0.125,2.536,1.122,True,5024,正常,情绪 48 C ↑｜涨停 58、炸板 13、跌停 31｜1进2 14%、连板晋级 38%｜最高 5 板｜昨日涨停今日均 +1.5%｜中位大面率 12%｜成交 2.54 万亿（较20日均 1.12 倍）｜恐慌放量,both,0.0,0.0,0.0,0.0,0.0,0.0,0,0,0,0,True
2026-04-29,48.6,C,→,23.0,33.0,61.0,76.0,76.0,101,22,16,11,3,0.191,0.273,-0.0002,0.0124,0.1,2.59,1.13,False,4996,正常,情绪 49 C →｜涨停 101、炸板 22、跌停 16｜1进2 19%、连板晋级 27%｜最高 3 板｜昨日涨停今日均 +1.2%｜中位大面率 10%｜成交 2.59 万亿（较20日均 1.13 倍）,48.6,C,→,23.0,33.0,61.0,76.0,76.0,101,22,16,11,3,0.191,0.273,-0.0002,0.0124,0.1,2.59,1.13,False,4996,正常,情绪 49 C →｜涨停 101、炸板 22、跌停 16｜1进2 19%、连板晋级 27%｜最高 3 板｜昨日涨停今日均 +1.2%｜中位大面率 10%｜成交 2.59 万亿（较20日均 1.13 倍）,both,0.0,0.0,0.0,0.0,0.0,0.0,0,0,0,0,True
2026-04-30,49.6,C,→,17.0,54.0,59.0,60.0,87.0,78,16,14,17,4,0.144,0.333,0.0228,0.0239,0.167,2.741,1.18,False,4975,正常,情绪 50 C →｜涨停 78、炸板 16、跌停 14｜1进2 14%、连板晋级 33%｜最高 4 板｜昨日涨停今日均 +2.4%｜中位大面率 17%｜成交 2.74 万亿（较20日均 1.18 倍）,49.6,C,→,17.0,54.0,59.0,60.0,87.0,78,16,14,17,4,0.144,0.333,0.0228,0.0239,0.167,2.741,1.18,False,4975,正常,情绪 50 C →｜涨停 78、炸板 16、跌停 14｜1进2 14%、连板晋级 33%｜最高 4 板｜昨日涨停今日均 +2.4%｜中位大面率 17%｜成交 2.74 万亿（较20日均 1.18 倍）,both,0.0,0.0,0.0,0.0,0.0,0.0,0,0,0,0,True
2026-05-06,76.4,A,↑,55.0,67.0,83.0,100.0,100.0,101,33,9,17,4,0.18,0.353,0.026,0.0312,0.0,3.226,1.368,False,4984,正常,情绪 76 A ↑｜涨停 101、炸板 33、跌停 9｜1进2 18%、连板晋级 35%｜最高 4 板｜昨日涨停今日均 +3.1%｜中位大面率 0%｜成交 3.23 万亿（较20日均 1.37 倍）,76.4,A,↑,55.0,67.0,83.0,100.0,100.0,101,33,9,17,4,0.18,0.353,0.026,0.0312,0.0,3.226,1.368,False,4984,正常,情绪 76 A ↑｜涨停 101、炸板 33、跌停 9｜1进2 18%、连板晋级 35%｜最高 4 板｜昨日涨停今日均 +3.1%｜中位大面率 0%｜成交 3.23 万亿（较20日均 1.37 倍）,both,0.0,0.0,0.0,0.0,0.0,0.0,0,0,0,0,True
2026-05-07,55.5,B,↓,0.0,65.0,65.0,93.0,100.0,99,32,7,20,5,0.202,0.176,0.0251,0.0393,0.059,3.144,1.295,False,4986,正常,情绪 55 B ↓｜涨停 99、炸板 32、跌停 7｜1进2 20%、连板晋级 18%｜最高 5 板｜昨日涨停今日均 +3.9%｜中位大面率 6%｜成交 3.14 万亿（较20日均 1.29 倍）,55.5,B,↓,0.0,65.0,65.0,93.0,100.0,99,32,7,20,5,0.202,0.176,0.0251,0.0393,0.059,3.144,1.295,False,4986,正常,情绪 55 B ↓｜涨停 99、炸板 32、跌停 7｜1进2 20%、连板晋级 18%｜最高 5 板｜昨日涨停今日均 +3.9%｜中位大面率 6%｜成交 3.14 万亿（较20日均 1.29 倍）,both,0.0,0.0,0.0,0.0,0.0,0.0,0,0,0,0,True
2026-05-08,60.2,B,↑,18.0,48.0,81.0,96.0,94.0,96,20,2,17,4,0.152,0.25,0.0156,0.0288,0.053,3.048,1.218,False,4986,正常,情绪 60 B ↑｜涨停 96、炸板 20、跌停 2｜1进2 15%、连板晋级 25%｜最高 4 板｜昨日涨停今日均 +2.9%｜中位大面率 5%｜成交 3.05 万亿（较20日均 1.22 倍）,60.2,B,↑,18.0,48.0,81.0,96.0,94.0,96,20,2,17,4,0.152,0.25,0.0156,0.0288,0.053,3.048,1.218,False,4986,正常,情绪 60 B ↑｜涨停 96、炸板 20、跌停 2｜1进2 15%、连板晋级 25%｜最高 4 板｜昨日涨停今日均 +2.9%｜中位大面率 5%｜成交 3.05 万亿（较20日均 1.22 倍）,both,0.0,0.0,0.0,0.0,0.0,0.0,0,0,0,0,True
2026-05-11,70.7,A,↑,38.0,73.0,77.0,93.0,100.0,93,38,5,19,5,0.154,0.353,0.031,0.024,0.059,3.539,1.375,False,4984,正常,情绪 71 A ↑｜涨停 93、炸板 38、跌停 5｜1进2 15%、连板晋级 35%｜最高 5 板｜昨日涨停今日均 +2.4%｜中位大面率 6%｜成交 3.54 万亿（较20日均 1.37 倍）,70.7,A,↑,38.0,73.0,77.0,93.0,100.0,93,38,5,19,5,0.154,0.353,0.031,0.024,0.059,3.539,1.375,False,4984,正常,情绪 71 A ↑｜涨停 93、炸板 38、跌停 5｜1进2 15%、连板晋级 35%｜最高 5 板｜昨日涨停今日均 +2.4%｜中位大面率 6%｜成交 3.54 万亿（较20日均 1.37 倍）,both,0.0,0.0,0.0,0.0,0.0,0.0,0,0,0,0,True
2026-05-12,60.5,B,↓,35.0,73.0,48.0,78.0,97.0,57,27,10,17,5,0.135,0.368,0.0322,0.0196,0.111,3.242,1.233,False,4983,正常,情绪 60 B ↓｜涨停 57、炸板 27、跌停 10｜1进2 14%、连板晋级 37%｜最高 5 板｜昨日涨停今日均 +2.0%｜中位大面率 11%｜成交 3.24 万亿（较20日均 1.23 倍）,60.5,B,↓,35.0,73.0,48.0,78.0,97.0,57,27,10,17,5,0.135,0.368,0.0322,0.0196,0.111,3.242,1.233,False,4983,正常,情绪 60 B ↓｜涨停 57、炸板 27、跌停 10｜1进2 14%、连板晋级 37%｜最高 5 板｜昨日涨停今日均 +2.0%｜中位大面率 11%｜成交 3.24 万亿（较20日均 1.23 倍）,both,0.0,0.0,0.0,0.0,0.0,0.0,0,0,0,0,True
2026-05-13,75.8,A,↑,52.0,65.0,96.0,92.0,92.0,112,26,4,17,6,0.275,0.353,0.0204,0.0433,0.062,3.24,1.207,False,4989,正常,情绪 76 A ↑｜涨停 112、炸板 26、跌停 4｜1进2 28%、连板晋级 35%｜最高 6 板｜昨日涨停今日均 +4.3%｜中位大面率 6%｜成交 3.24 万亿（较20日均 1.21 倍）,75.8,A,↑,52.0,65.0,96.0,92.0,92.0,112,26,4,17,6,0.275,0.353,0.0204,0.0433,0.062,3.24,1.207,False,4989,正常,情绪 76 A ↑｜涨停 112、炸板 26、跌停 4｜1进2 28%、连板晋级 35%｜最高 6 板｜昨日涨停今日均 +4.3%｜中位大面率 6%｜成交 3.24 万亿（较20日均 1.21 倍）,both,0.0,0.0,0.0,0.0,0.0,0.0,0,0,0,0,True
2026-05-14,32.0,D,↓,13.0,50.0,16.0,19.0,97.0,55,35,21,16,5,0.117,0.294,0.0304,-0.0005,0.312,3.362,1.231,False,4989,正常,情绪 32 D ↓｜涨停 55、炸板 35、跌停 21｜1进2 12%、连板晋级 29%｜最高 5 板｜昨日涨停今日均 -0.0%｜中位大面率 31%｜成交 3.36 万亿（较20日均 1.23 倍）,32.0,D,↓,13.0,50.0,16.0,19.0,97.0,55,35,21,16,5,0.117,0.294,0.0304,-0.0005,0.312,3.362,1.231,False,4989,正常,情绪 32 D ↓｜涨停 55、炸板 35、跌停 21｜1进2 12%、连板晋级 29%｜最高 5 板｜昨日涨停今日均 -0.0%｜中位大面率 31%｜成交 3.36 万亿（较20日均 1.23 倍）,both,0.0,0.0,0.0,0.0,0.0,0.0,0,0,0,0,True
2026-05-15,29.7,D,↓,1.0,23.0,39.0,32.0,90.0,55,38,17,7,6,0.077,0.25,0.0076,-0.0101,0.267,3.344,1.198,False,4990,正常,情绪 30 D ↓｜涨停 55、炸板 38、跌停 17｜1进2 8%、连板晋级 25%｜最高 6 板｜昨日涨停今日均 -1.0%｜中位大面率 27%｜成交 3.34 万亿（较20日均 1.20 倍）,29.7,D,↓,1.0,23.0,39.0,32.0,90.0,55,38,17,7,6,0.077,0.25,0.0076,-0.0101,0.267,3.344,1.198,False,4990,正常,情绪 30 D ↓｜涨停 55、炸板 38、跌停 17｜1进2 8%、连板晋级 25%｜最高 6 板｜昨日涨停今日均 -1.0%｜中位大面率 27%｜成交 3.34 万亿（较20日均 1.20 倍）,both,0.0,0.0,0.0,0.0,0.0,0.0,0,0,0,0,True
2026-05-18,70.9,A,↑,89.0,61.0,54.0,88.0,52.0,79,35,20,10,6,0.102,0.714,0.0186,0.0152,0.0,2.894,1.019,False,4992,正常,情绪 71 A ↑｜涨停 79、炸板 35、跌停 20｜1进2 10%、连板晋级 71%｜最高 6 板｜昨日涨停今日均 +1.5%｜中位大面率 0%｜成交 2.89 万亿（较20日均 1.02 倍）,70.9,A,↑,89.0,61.0,54.0,88.0,52.0,79,35,20,10,6,0.102,0.714,0.0186,0.0152,0.0,2.894,1.019,False,4992,正常,情绪 71 A ↑｜涨停 79、炸板 35、跌停 20｜1进2 10%、连板晋级 71%｜最高 6 板｜昨日涨停今日均 +1.5%｜中位大面率 0%｜成交 2.89 万亿（较20日均 1.02 倍）,both,0.0,0.0,0.0,0.0,0.0,0.0,0,0,0,0,True
2026-05-19,77.4,A,↑,70.0,76.0,85.0,100.0,49.0,91,14,9,19,7,0.203,0.5,0.0176,0.0356,0.0,2.886,1.008,False,4993,正常,情绪 77 A ↑｜涨停 91、炸板 14、跌停 9｜1进2 20%、连板晋级 50%｜最高 7 板｜昨日涨停今日均 +3.6%｜中位大面率 0%｜成交 2.89 万亿（较20日均 1.01 倍）,77.4,A,↑,70.0,76.0,85.0,100.0,49.0,91,14,9,19,7,0.203,0.5,0.0176,0.0356,0.0,2.886,1.008,False,4993,正常,情绪 77 A ↑｜涨停 91、炸板 14、跌停 9｜1进2 20%、连板晋级 50%｜最高 7 板｜昨日涨停今日均 +3.6%｜中位大面率 0%｜成交 2.89 万亿（较20日均 1.01 倍）,both,0.0,0.0,0.0,0.0,0.0,0.0,0,0,0,0,True
2026-05-20,45.0,C,↓,29.0,39.0,45.0,76.0,50.0,62,18,23,11,8,0.042,0.368,0.0154,-0.0018,0.118,2.953,1.022,True,5000,正常,情绪 45 C ↓｜涨停 62、炸板 18、跌停 23｜1进2 4%、连板晋级 37%｜最高 8 板｜昨日涨停今日均 -0.2%｜中位大面率 12%｜成交 2.95 万亿（较20日均 1.02 倍）｜恐慌放量,45.0,C,↓,29.0,39.0,45.0,76.0,50.0,62,18,23,11,8,0.042,0.368,0.0154,-0.0018,0.118,2.953,1.022,True,5000,正常,情绪 45 C ↓｜涨停 62、炸板 18、跌停 23｜1进2 4%、连板晋级 37%｜最高 8 板｜昨日涨停今日均 -0.2%｜中位大面率 12%｜成交 2.95 万亿（较20日均 1.02 倍）｜恐慌放量,both,0.0,0.0,0.0,0.0,0.0,0.0,0,0,0,0,True
2026-05-21,13.8,D,↓,2.0,34.0,1.0,0.0,50.0,34,68,27,7,7,0.077,0.273,0.0213,-0.0087,0.444,3.481,1.194,True,5003,正常,情绪 14 D ↓｜涨停 34、炸板 68、跌停 27｜1进2 8%、连板晋级 27%｜最高 7 板｜昨日涨停今日均 -0.9%｜中位大面率 44%｜成交 3.48 万亿（较20日均 1.19 倍）｜恐慌放量,13.8,D,↓,2.0,34.0,1.0,0.0,50.0,34,68,27,7,7,0.077,0.273,0.0213,-0.0087,0.444,3.481,1.194,True,5003,正常,情绪 14 D ↓｜涨停 34、炸板 68、跌停 27｜1进2 8%、连板晋级 27%｜最高 7 板｜昨日涨停今日均 -0.9%｜中位大面率 44%｜成交 3.48 万亿（较20日均 1.19 倍）｜恐慌放量,both,0.0,0.0,0.0,0.0,0.0,0.0,0,0,0,0,True
2026-05-22,75.4,A,↑,88.0,58.0,80.0,92.0,43.0,116,21,5,11,3,0.259,0.571,0.0095,0.0357,0.0,2.903,0.98,False,5006,正常,情绪 75 A ↑｜涨停 116、炸板 21、跌停 5｜1进2 26%、连板晋级 57%｜最高 3 板｜昨日涨停今日均 +3.6%｜中位大面率 0%｜成交 2.90 万亿（较20日均 0.98 倍）,75.4,A,↑,88.0,58.0,80.0,92.0,43.0,116,21,5,11,3,0.259,0.571,0.0095,0.0357,0.0,2.903,0.98,False,5006,正常,情绪 75 A ↑｜涨停 116、炸板 21、跌停 5｜1进2 26%、连板晋级 57%｜最高 3 板｜昨日涨停今日均 +3.6%｜中位大面率 0%｜成交 2.90 万亿（较20日均 0.98 倍）,both,0.0,0.0,0.0,0.0,0.0,0.0,0,0,0,0,True
2026-05-25,50.9,B,↓,0.0,67.0,55.0,100.0,64.0,103,42,15,23,4,0.2,0.182,0.0357,0.0395,0.0,3.205,1.073,False,5006,正常,情绪 51 B ↓｜涨停 103、炸板 42、跌停 15｜1进2 20%、连板晋级 18%｜最高 4 板｜昨日涨停今日均 +4.0%｜中位大面率 0%｜成交 3.21 万亿（较20日均 1.07 倍）,50.9,B,↓,0.0,67.0,55.0,100.0,64.0,103,42,15,23,4,0.2,0.182,0.0357,0.0395,0.0,3.205,1.073,False,5006,正常,情绪 51 B ↓｜涨停 103、炸板 42、跌停 15｜1进2 20%、连板晋级 18%｜最高 4 板｜昨日涨停今日均 +4.0%｜中位大面率 0%｜成交 3.21 万亿（较20日均 1.07 倍）,both,0.0,0.0,0.0,0.0,0.0,0.0,0,0,0,0,True
2026-05-26,31.7,D,↓,0.0,42.0,13.0,74.0,64.0,49,27,17,13,3,0.112,0.174,0.0164,0.0164,0.13,3.243,1.075,False,5006,正常,情绪 32 D ↓｜涨停 49、炸板 27、跌停 17｜1进2 11%、连板晋级 17%｜最高 3 板｜昨日涨停今日均 +1.6%｜中位大面率 13%｜成交 3.24 万亿（较20日均 1.07 倍）,31.7,D,↓,0.0,42.0,13.0,74.0,64.0,49,27,17,13,3,0.112,0.174,0.0164,0.0164,0.13,3.243,1.075,False,5006,正常,情绪 32 D ↓｜涨停 49、炸板 27、跌停 17｜1进2 11%、连板晋级 17%｜最高 3 板｜昨日涨停今日均 +1.6%｜中位大面率 13%｜成交 3.24 万亿（较20日均 1.07 倍）,both,0.0,0.0,0.0,0.0,0.0,0.0,0,0,0,0,True
2026-05-27,29.5,D,↓,0.0,38.0,6.0,85.0,50.0,47,26,22,8,3,0.139,0.231,0.0153,0.0111,0.077,3.238,1.065,True,5006,正常,情绪 30 D ↓｜涨停 47、炸板 26、跌停 22｜1进2 14%、连板晋级 23%｜最高 3 板｜昨日涨停今日均 +1.1%｜中位大面率 8%｜成交 3.24 万亿（较20日均 1.07 倍）｜恐慌放量,29.5,D,↓,0.0,38.0,6.0,85.0,50.0,47,26,22,8,3,0.139,0.231,0.0153,0.0111,0.077,3.238,1.065,True,5006,正常,情绪 30 D ↓｜涨停 47、炸板 26、跌停 22｜1进2 14%、连板晋级 23%｜最高 3 板｜昨日涨停今日均 +1.1%｜中位大面率 8%｜成交 3.24 万亿（较20日均 1.07 倍）｜恐慌放量,both,0.0,0.0,0.0,0.0,0.0,0.0,0,0,0,0,True
2026-05-28,62.6,B,↑,45.0,49.0,84.0,98.0,39.0,101,26,8,9,4,0.128,0.5,0.0148,0.0084,0.0,2.968,0.967,False,5006,正常,情绪 63 B ↑｜涨停 101、炸板 26、跌停 8｜1进2 13%、连板晋级 50%｜最高 4 板｜昨日涨停今日均 +0.8%｜中位大面率 0%｜成交 2.97 万亿（较20日均 0.97 倍）,62.6,B,↑,45.0,49.0,84.0,98.0,39.0,101,26,8,9,4,0.128,0.5,0.0148,0.0084,0.0,2.968,0.967,False,5006,正常,情绪 63 B ↑｜涨停 101、炸板 26、跌停 8｜1进2 13%、连板晋级 50%｜最高 4 板｜昨日涨停今日均 +0.8%｜中位大面率 0%｜成交 2.97 万亿（较20日均 0.97 倍）,both,0.0,0.0,0.0,0.0,0.0,0.0,0,0,0,0,True
2026-05-29,25.2,D,↓,32.0,43.0,5.0,0.0,50.0,51,43,55,9,5,0.054,0.444,0.0242,-0.0082,0.444,3.319,1.074,True,5006,正常,情绪 25 D ↓｜涨停 51、炸板 43、跌停 55｜1进2 5%、连板晋级 44%｜最高 5 板｜昨日涨停今日均 -0.8%｜中位大面率 44%｜成交 3.32 万亿（较20日均 1.07 倍）｜恐慌放量,25.2,D,↓,32.0,43.0,5.0,0.0,50.0,51,43,55,9,5,0.054,0.444,0.0242,-0.0082,0.444,3.319,1.074,True,5006,正常,情绪 25 D ↓｜涨停 51、炸板 43、跌停 55｜1进2 5%、连板晋级 44%｜最高 5 板｜昨日涨停今日均 -0.8%｜中位大面率 44%｜成交 3.32 万亿（较20日均 1.07 倍）｜恐慌放量,both,0.0,0.0,0.0,0.0,0.0,0.0,0,0,0,0,True
2026-06-01,53.7,B,↑,44.0,40.0,62.0,95.0,28.0,118,44,22,11,4,0.19,0.333,0.0099,0.0207,0.0,2.877,0.92,False,5006,正常,情绪 54 B ↑｜涨停 118、炸板 44、跌停 22｜1进2 19%、连板晋级 33%｜最高 4 板｜昨日涨停今日均 +2.1%｜中位大面率 0%｜成交 2.88 万亿（较20日均 0.92 倍）,53.7,B,↑,44.0,40.0,62.0,95.0,28.0,118,44,22,11,4,0.19,0.333,0.0099,0.0207,0.0,2.877,0.92,False,5006,正常,情绪 54 B ↑｜涨停 118、炸板 44、跌停 22｜1进2 19%、连板晋级 33%｜最高 4 板｜昨日涨停今日均 +2.1%｜中位大面率 0%｜成交 2.88 万亿（较20日均 0.92 倍）,both,0.0,0.0,0.0,0.0,0.0,0.0,0,0,0,0,True
2026-06-02,21.4,D,↓,0.0,32.0,31.0,32.0,19.0,67,27,15,17,3,0.14,0.182,0.0168,0.0076,0.273,2.793,0.889,False,5013,正常,情绪 21 D ↓｜涨停 67、炸板 27、跌停 15｜1进2 14%、连板晋级 18%｜最高 3 板｜昨日涨停今日均 +0.8%｜中位大面率 27%｜成交 2.79 万亿（较20日均 0.89 倍）,21.4,D,↓,0.0,32.0,31.0,32.0,19.0,67,27,15,17,3,0.14,0.182,0.0168,0.0076,0.273,2.793,0.889,False,5013,正常,情绪 21 D ↓｜涨停 67、炸板 27、跌停 15｜1进2 14%、连板晋级 18%｜最高 3 板｜昨日涨停今日均 +0.8%｜中位大面率 27%｜成交 2.79 万亿（较20日均 0.89 倍）,both,0.0,0.0,0.0,0.0,0.0,0.0,0,0,0,0,True
2026-06-03,35.6,C,↑,0.0,63.0,17.0,76.0,46.0,66,58,11,11,3,0.12,0.294,0.0237,0.0323,0.118,3.13,0.995,False,5017,正常,情绪 36 C ↑｜涨停 66、炸板 58、跌停 11｜1进2 12%、连板晋级 29%｜最高 3 板｜昨日涨停今日均 +3.2%｜中位大面率 12%｜成交 3.13 万亿（较20日均 1.00 倍）,35.6,C,↑,0.0,63.0,17.0,76.0,46.0,66,58,11,11,3,0.12,0.294,0.0237,0.0323,0.118,3.13,0.995,False,5017,正常,情绪 36 C ↑｜涨停 66、炸板 58、跌停 11｜1进2 12%、连板晋级 29%｜最高 3 板｜昨日涨停今日均 +3.2%｜中位大面率 12%｜成交 3.13 万亿（较20日均 1.00 倍）,both,0.0,0.0,0.0,0.0,0.0,0.0,0,0,0,0,True
2026-06-04,42.1,C,↑,6.0,53.0,61.0,80.0,17.0,79,26,7,10,4,0.109,0.364,0.0117,0.0189,0.091,2.757,0.878,False,5017,正常,情绪 42 C ↑｜涨停 79、炸板 26、跌停 7｜1进2 11%、连板晋级 36%｜最高 4 板｜昨日涨停今日均 +1.9%｜中位大面率 9%｜成交 2.76 万亿（较20日均 0.88 倍）,42.1,C,↑,6.0,53.0,61.0,80.0,17.0,79,26,7,10,4,0.109,0.364,0.0117,0.0189,0.091,2.757,0.878,False,5017,正常,情绪 42 C ↑｜涨停 79、炸板 26、跌停 7｜1进2 11%、连板晋级 36%｜最高 4 板｜昨日涨停今日均 +1.9%｜中位大面率 9%｜成交 2.76 万亿（较20日均 0.88 倍）,both,0.0,0.0,0.0,0.0,0.0,0.0,0,0,0,0,True
2026-06-05,14.8,D,↓,0.0,15.0,30.0,0.0,43.0,75,51,12,6,5,0.058,0.2,0.0075,-0.0074,0.5,3.069,0.983,False,5019,正常,情绪 15 D ↓｜涨停 75、炸板 51、跌停 12｜1进2 6%、连板晋级 20%｜最高 5 板｜昨日涨停今日均 -0.7%｜中位大面率 50%｜成交 3.07 万亿（较20日均 0.98 倍）,14.8,D,↓,0.0,15.0,30.0,0.0,43.0,75,51,12,6,5,0.058,0.2,0.0075,-0.0074,0.5,3.069,0.983,False,5019,正常,情绪 15 D ↓｜涨停 75、炸板 51、跌停 12｜1进2 6%、连板晋级 20%｜最高 5 板｜昨日涨停今日均 -0.7%｜中位大面率 50%｜成交 3.07 万亿（较20日均 0.98 倍）,both,0.0,0.0,0.0,0.0,0.0,0.0,0,0,0,0,True
2026-06-08,48.7,C,↑,65.0,45.0,45.0,50.0,21.0,55,15,36,14,6,0.159,0.5,-0.0118,0.0114,0.2,2.793,0.894,False,5020,正常,情绪 49 C ↑｜涨停 55、炸板 15、跌停 36｜1进2 16%、连板晋级 50%｜最高 6 板｜昨日涨停今日均 +1.1%｜中位大面率 20%｜成交 2.79 万亿（较20日均 0.89 倍）,48.7,C,↑,65.0,45.0,45.0,50.0,21.0,55,15,36,14,6,0.159,0.5,-0.0118,0.0114,0.2,2.793,0.894,False,5020,正常,情绪 49 C ↑｜涨停 55、炸板 15、跌停 36｜1进2 16%、连板晋级 50%｜最高 6 板｜昨日涨停今日均 +1.1%｜中位大面率 20%｜成交 2.79 万亿（较20日均 0.89 倍）,both,0.0,0.0,0.0,0.0,0.0,0.0,0,0,0,0,True
2026-06-09,39.1,C,↓,0.0,27.0,80.0,85.0,10.0,130,24,10,10,3,0.195,0.143,0.0185,0.0177,0.077,2.64,0.856,False,5022,正常,情绪 39 C ↓｜涨停 130、炸板 24、跌停 10｜1进2 20%、连板晋级 14%｜最高 3 板｜昨日涨停今日均 +1.8%｜中位大面率 8%｜成交 2.64 万亿（较20日均 0.86 倍）,39.1,C,↓,0.0,27.0,80.0,85.0,10.0,130,24,10,10,3,0.195,0.143,0.0185,0.0177,0.077,2.64,0.856,False,5022,正常,情绪 39 C ↓｜涨停 130、炸板 24、跌停 10｜1进2 20%、连板晋级 14%｜最高 3 板｜昨日涨停今日均 +1.8%｜中位大面率 8%｜成交 2.64 万亿（较20日均 0.86 倍）,both,0.0,0.0,0.0,0.0,0.0,0.0,0,0,0,0,True
2026-06-10,22.1,D,↓,0.0,34.0,21.0,51.0,11.0,70,19,29,15,4,0.108,0.2,0.0106,0.0082,0.2,2.619,0.857,False,5020,正常,情绪 22 D ↓｜涨停 70、炸板 19、跌停 29｜1进2 11%、连板晋级 20%｜最高 4 板｜昨日涨停今日均 +0.8%｜中位大面率 20%｜成交 2.62 万亿（较20日均 0.86 倍）,22.1,D,↓,0.0,34.0,21.0,51.0,11.0,70,19,29,15,4,0.108,0.2,0.0106,0.0082,0.2,2.619,0.857,False,5020,正常,情绪 22 D ↓｜涨停 70、炸板 19、跌停 29｜1进2 11%、连板晋级 20%｜最高 4 板｜昨日涨停今日均 +0.8%｜中位大面率 20%｜成交 2.62 万亿（较20日均 0.86 倍）,both,0.0,0.0,0.0,0.0,0.0,0.0,0,0,0,0,True
2026-06-11,22.0,D,→,12.0,33.0,23.0,32.0,7.0,70,32,35,11,3,0.127,0.267,0.0107,0.0092,0.267,2.552,0.844,False,5020,正常,情绪 22 D →｜涨停 70、炸板 32、跌停 35｜1进2 13%、连板晋级 27%｜最高 3 板｜昨日涨停今日均 +0.9%｜中位大面率 27%｜成交 2.55 万亿（较20日均 0.84 倍）,22.0,D,→,12.0,33.0,23.0,32.0,7.0,70,32,35,11,3,0.127,0.267,0.0107,0.0092,0.267,2.552,0.844,False,5020,正常,情绪 22 D →｜涨停 70、炸板 32、跌停 35｜1进2 13%、连板晋级 27%｜最高 3 板｜昨日涨停今日均 +0.9%｜中位大面率 27%｜成交 2.55 万亿（较20日均 0.84 倍）,both,0.0,0.0,0.0,0.0,0.0,0.0,0,0,0,0,True
2026-06-12,28.6,D,↑,0.0,33.0,39.0,32.0,65.0,91,62,15,11,4,0.136,0.273,0.0309,0.0052,0.273,3.215,1.078,False,5024,正常,情绪 29 D ↑｜涨停 91、炸板 62、跌停 15｜1进2 14%、连板晋级 27%｜最高 4 板｜昨日涨停今日均 +0.5%｜中位大面率 27%｜成交 3.21 万亿（较20日均 1.08 倍）,28.6,D,↑,0.0,33.0,39.0,32.0,65.0,91,62,15,11,4,0.136,0.273,0.0309,0.0052,0.273,3.215,1.078,False,5024,正常,情绪 29 D ↑｜涨停 91、炸板 62、跌停 15｜1进2 14%、连板晋级 27%｜最高 4 板｜昨日涨停今日均 +0.5%｜中位大面率 27%｜成交 3.21 万亿（较20日均 1.08 倍）,both,0.0,0.0,0.0,0.0,0.0,0.0,0,0,0,0,True
2026-06-15,52.1,B,↑,0.0,47.0,87.0,100.0,52.0,149,42,4,11,3,0.088,0.364,0.0098,0.0224,0.0,3.031,1.018,False,5024,正常,情绪 52 B ↑｜涨停 149、炸板 42、跌停 4｜1进2 9%、连板晋级 36%｜最高 3 板｜昨日涨停今日均 +2.2%｜中位大面率 0%｜成交 3.03 万亿（较20日均 1.02 倍）,52.1,B,↑,0.0,47.0,87.0,100.0,52.0,149,42,4,11,3,0.088,0.364,0.0098,0.0224,0.0,3.031,1.018,False,5024,正常,情绪 52 B ↑｜涨停 149、炸板 42、跌停 4｜1进2 9%、连板晋级 36%｜最高 3 板｜昨日涨停今日均 +2.2%｜中位大面率 0%｜成交 3.03 万亿（较20日均 1.02 倍）,both,0.0,0.0,0.0,0.0,0.0,0.0,0,0,0,0,True
2026-06-16,68.1,A,↑,28.0,84.0,85.0,100.0,54.0,118,38,7,31,4,0.197,0.364,0.0278,0.0418,0.0,3.065,1.027,False,5028,正常,情绪 68 A ↑｜涨停 118、炸板 38、跌停 7｜1进2 20%、连板晋级 36%｜最高 4 板｜昨日涨停今日均 +4.2%｜中位大面率 0%｜成交 3.06 万亿（较20日均 1.03 倍）,68.1,A,↑,28.0,84.0,85.0,100.0,54.0,118,38,7,31,4,0.197,0.364,0.0278,0.0418,0.0,3.065,1.027,False,5028,正常,情绪 68 A ↑｜涨停 118、炸板 38、跌停 7｜1进2 20%、连板晋级 36%｜最高 4 板｜昨日涨停今日均 +4.2%｜中位大面率 0%｜成交 3.06 万亿（较20日均 1.03 倍）,both,0.0,0.0,0.0,0.0,0.0,0.0,0,0,0,0,True
2026-06-17,46.9,C,↓,0.0,53.0,56.0,100.0,55.0,87,31,1,19,3,0.106,0.323,0.011,0.023,0.0,3.092,1.033,False,5025,正常,情绪 47 C ↓｜涨停 87、炸板 31、跌停 1｜1进2 11%、连板晋级 32%｜最高 3 板｜昨日涨停今日均 +2.3%｜中位大面率 0%｜成交 3.09 万亿（较20日均 1.03 倍）,46.9,C,↓,0.0,53.0,56.0,100.0,55.0,87,31,1,19,3,0.106,0.323,0.011,0.023,0.0,3.092,1.033,False,5025,正常,情绪 47 C ↓｜涨停 87、炸板 31、跌停 1｜1进2 11%、连板晋级 32%｜最高 3 板｜昨日涨停今日均 +2.3%｜中位大面率 0%｜成交 3.09 万亿（较20日均 1.03 倍）,both,0.0,0.0,0.0,0.0,0.0,0.0,0,0,0,0,True
2026-06-18,39.6,C,↓,0.0,29.0,65.0,64.0,71.0,93,41,14,14,4,0.132,0.263,0.0088,0.0086,0.158,3.31,1.103,False,5025,正常,情绪 40 C ↓｜涨停 93、炸板 41、跌停 14｜1进2 13%、连板晋级 26%｜最高 4 板｜昨日涨停今日均 +0.9%｜中位大面率 16%｜成交 3.31 万亿（较20日均 1.10 倍）,39.6,C,↓,0.0,29.0,65.0,64.0,71.0,93,41,14,14,4,0.132,0.263,0.0088,0.0086,0.158,3.31,1.103,False,5025,正常,情绪 40 C ↓｜涨停 93、炸板 41、跌停 14｜1进2 13%、连板晋级 26%｜最高 4 板｜昨日涨停今日均 +0.9%｜中位大面率 16%｜成交 3.31 万亿（较20日均 1.10 倍）,both,0.0,0.0,0.0,0.0,0.0,0.0,0,0,0,0,True
2026-06-22,84.9,S,↑,56.0,91.0,95.0,100.0,100.0,138,26,4,24,5,0.241,0.357,0.0343,0.0428,0.0,3.737,1.249,False,5030,正常,情绪 85 S ↑｜涨停 138、炸板 26、跌停 4｜1进2 24%、连板晋级 36%｜最高 5 板｜昨日涨停今日均 +4.3%｜中位大面率 0%｜成交 3.74 万亿（较20日均 1.25 倍）,84.9,S,↑,56.0,91.0,95.0,100.0,100.0,138,26,4,24,5,0.241,0.357,0.0343,0.0428,0.0,3.737,1.249,False,5030,正常,情绪 85 S ↑｜涨停 138、炸板 26、跌停 4｜1进2 24%、连板晋级 36%｜最高 5 板｜昨日涨停今日均 +4.3%｜中位大面率 0%｜成交 3.74 万亿（较20日均 1.25 倍）,both,0.0,0.0,0.0,0.0,0.0,0.0,0,0,0,0,True
2026-06-23,43.3,C,↓,0.0,56.0,35.0,87.0,77.0,96,52,41,22,5,0.14,0.25,0.031,0.0127,0.087,3.44,1.135,False,5029,正常,情绪 43 C ↓｜涨停 96、炸板 52、跌停 41｜1进2 14%、连板晋级 25%｜最高 5 板｜昨日涨停今日均 +1.3%｜中位大面率 9%｜成交 3.44 万亿（较20日均 1.13 倍）,43.3,C,↓,0.0,56.0,35.0,87.0,77.0,96,52,41,22,5,0.14,0.25,0.031,0.0127,0.087,3.44,1.135,False,5029,正常,情绪 43 C ↓｜涨停 96、炸板 52、跌停 41｜1进2 14%、连板晋级 25%｜最高 5 板｜昨日涨停今日均 +1.3%｜中位大面率 9%｜成交 3.44 万亿（较20日均 1.13 倍）,both,0.0,0.0,0.0,0.0,0.0,0.0,0,0,0,0,True
2026-06-24,43.4,C,→,1.0,30.0,68.0,84.0,65.0,97,27,13,12,4,0.095,0.227,0.0037,0.0059,0.095,3.284,1.079,False,5030,正常,情绪 43 C →｜涨停 97、炸板 27、跌停 13｜1进2 9%、连板晋级 23%｜最高 4 板｜昨日涨停今日均 +0.6%｜中位大面率 10%｜成交 3.28 万亿（较20日均 1.08 倍）,43.4,C,→,1.0,30.0,68.0,84.0,65.0,97,27,13,12,4,0.095,0.227,0.0037,0.0059,0.095,3.284,1.079,False,5030,正常,情绪 43 C →｜涨停 97、炸板 27、跌停 13｜1进2 9%、连板晋级 23%｜最高 4 板｜昨日涨停今日均 +0.6%｜中位大面率 10%｜成交 3.28 万亿（较20日均 1.08 倍）,both,0.0,0.0,0.0,0.0,0.0,0.0,0,0,0,0,True
2026-06-25,41.0,C,↓,0.0,48.0,48.0,60.0,87.0,87,33,18,17,5,0.174,0.167,0.0258,0.0247,0.167,3.594,1.18,False,5033,正常,情绪 41 C ↓｜涨停 87、炸板 33、跌停 18｜1进2 17%、连板晋级 17%｜最高 5 板｜昨日涨停今日均 +2.5%｜中位大面率 17%｜成交 3.59 万亿（较20日均 1.18 倍）,41.0,C,↓,0.0,48.0,48.0,60.0,87.0,87,33,18,17,5,0.174,0.167,0.0258,0.0247,0.167,3.594,1.18,False,5033,正常,情绪 41 C ↓｜涨停 87、炸板 33、跌停 18｜1进2 17%、连板晋级 17%｜最高 5 板｜昨日涨停今日均 +2.5%｜中位大面率 17%｜成交 3.59 万亿（较20日均 1.18 倍）,both,0.0,0.0,0.0,0.0,0.0,0.0,0,0,0,0,True
2026-06-26,40.3,C,→,24.0,36.0,22.0,92.0,50.0,60,38,32,8,6,0.057,0.235,0.0123,0.001,0.062,3.552,1.159,True,5034,正常,情绪 40 C →｜涨停 60、炸板 38、跌停 32｜1进2 6%、连板晋级 24%｜最高 6 板｜昨日涨停今日均 +0.1%｜中位大面率 6%｜成交 3.55 万亿（较20日均 1.16 倍）｜恐慌放量,40.3,C,→,24.0,36.0,22.0,92.0,50.0,60,38,32,8,6,0.057,0.235,0.0123,0.001,0.062,3.552,1.159,True,5034,正常,情绪 40 C →｜涨停 60、炸板 38、跌停 32｜1进2 6%、连板晋级 24%｜最高 6 板｜昨日涨停今日均 +0.1%｜中位大面率 6%｜成交 3.55 万亿（较20日均 1.16 倍）｜恐慌放量,both,0.0,0.0,0.0,0.0,0.0,0.0,0,0,0,0,True
2026-06-29,16.8,D,↓,0.0,29.0,22.0,0.0,50.0,109,45,41,9,3,0.16,0.125,0.0202,0.0139,0.429,3.518,1.137,True,5032,正常,情绪 17 D ↓｜涨停 109、炸板 45、跌停 41｜1进2 16%、连板晋级 12%｜最高 3 板｜昨日涨停今日均 +1.4%｜中位大面率 43%｜成交 3.52 万亿（较20日均 1.14 倍）｜恐慌放量,16.8,D,↓,0.0,29.0,22.0,0.0,50.0,109,45,41,9,3,0.16,0.125,0.0202,0.0139,0.429,3.518,1.137,True,5032,正常,情绪 17 D ↓｜涨停 109、炸板 45、跌停 41｜1进2 16%、连板晋级 12%｜最高 3 板｜昨日涨停今日均 +1.4%｜中位大面率 43%｜成交 3.52 万亿（较20日均 1.14 倍）｜恐慌放量,both,0.0,0.0,0.0,0.0,0.0,0.0,0,0,0,0,True
2026-06-30,54.3,B,↑,0.0,53.0,87.0,100.0,60.0,144,26,9,21,3,0.202,0.111,0.0177,0.0328,0.0,3.273,1.055,False,5031,正常,情绪 54 B ↑｜涨停 144、炸板 26、跌停 9｜1进2 20%、连板晋级 11%｜最高 3 板｜昨日涨停今日均 +3.3%｜中位大面率 0%｜成交 3.27 万亿（较20日均 1.05 倍）,54.3,B,↑,0.0,53.0,87.0,100.0,60.0,144,26,9,21,3,0.202,0.111,0.0177,0.0328,0.0,3.273,1.055,False,5031,正常,情绪 54 B ↑｜涨停 144、炸板 26、跌停 9｜1进2 20%、连板晋级 11%｜最高 3 板｜昨日涨停今日均 +3.3%｜中位大面率 0%｜成交 3.27 万亿（较20日均 1.05 倍）,both,0.0,0.0,0.0,0.0,0.0,0.0,0,0,0,0,True
2026-07-01,55.7,B,→,0.0,60.0,74.0,99.0,85.0,154,77,9,26,3,0.169,0.238,0.0222,0.0312,0.048,3.66,1.172,False,5036,正常,情绪 56 B →｜涨停 154、炸板 77、跌停 9｜1进2 17%、连板晋级 24%｜最高 3 板｜昨日涨停今日均 +3.1%｜中位大面率 5%｜成交 3.66 万亿（较20日均 1.17 倍）,55.7,B,→,0.0,60.0,74.0,99.0,85.0,154,77,9,26,3,0.169,0.238,0.0222,0.0312,0.048,3.66,1.172,False,5036,正常,情绪 56 B →｜涨停 154、炸板 77、跌停 9｜1进2 17%、连板晋级 24%｜最高 3 板｜昨日涨停今日均 +3.1%｜中位大面率 5%｜成交 3.66 万亿（较20日均 1.17 倍）,both,0.0,0.0,0.0,0.0,0.0,0.0,0,0,0,0,True
2026-07-02,33.6,D,↓,0.0,17.0,59.0,67.0,50.0,94,40,42,20,4,0.109,0.192,0.0069,-0.0011,0.154,3.45,1.09,True,5040,正常,情绪 34 D ↓｜涨停 94、炸板 40、跌停 42｜1进2 11%、连板晋级 19%｜最高 4 板｜昨日涨停今日均 -0.1%｜中位大面率 15%｜成交 3.45 万亿（较20日均 1.09 倍）｜恐慌放量,33.6,D,↓,0.0,17.0,59.0,67.0,50.0,94,40,42,20,4,0.109,0.192,0.0069,-0.0011,0.154,3.45,1.09,True,5040,正常,情绪 34 D ↓｜涨停 94、炸板 40、跌停 42｜1进2 11%、连板晋级 19%｜最高 4 板｜昨日涨停今日均 -0.1%｜中位大面率 15%｜成交 3.45 万亿（较20日均 1.09 倍）｜恐慌放量,both,0.0,0.0,0.0,0.0,0.0,0.0,0,0,0,0,True
2026-07-03,36.3,C,↑,18.0,15.0,75.0,36.0,47.0,106,53,22,17,5,0.162,0.25,0.0051,-0.0022,0.25,3.182,1.0,False,5040,正常,情绪 36 C ↑｜涨停 106、炸板 53、跌停 22｜1进2 16%、连板晋级 25%｜最高 5 板｜昨日涨停今日均 -0.2%｜中位大面率 25%｜成交 3.18 万亿（较20日均 1.00 倍）,36.3,C,↑,18.0,15.0,75.0,36.0,47.0,106,53,22,17,5,0.162,0.25,0.0051,-0.0022,0.25,3.182,1.0,False,5040,正常,情绪 36 C ↑｜涨停 106、炸板 53、跌停 22｜1进2 16%、连板晋级 25%｜最高 5 板｜昨日涨停今日均 -0.2%｜中位大面率 25%｜成交 3.18 万亿（较20日均 1.00 倍）,both,0.0,0.0,0.0,0.0,0.0,0.0,0,0,0,0,True
2026-07-06,12.4,D,↓,0.0,13.0,23.0,0.0,39.0,66,44,48,8,5,0.056,0.176,0.0103,-0.0088,0.375,3.091,0.965,False,4990,正常,情绪 12 D ↓｜涨停 66、炸板 44、跌停 48｜1进2 6%、连板晋级 18%｜最高 5 板｜昨日涨停今日均 -0.9%｜中位大面率 38%｜成交 3.09 万亿（较20日均 0.96 倍）,12.4,D,↓,0.0,13.0,23.0,0.0,39.0,66,44,48,8,5,0.056,0.176,0.0103,-0.0088,0.375,3.091,0.965,False,4990,正常,情绪 12 D ↓｜涨停 66、炸板 44、跌停 48｜1进2 6%、连板晋级 18%｜最高 5 板｜昨日涨停今日均 -0.9%｜中位大面率 38%｜成交 3.09 万亿（较20日均 0.96 倍）,both,0.0,0.0,0.0,0.0,0.0,0.0,0,0,0,0,True
2026-07-07,10.0,D,↓,2.0,34.0,9.0,0.0,0.0,33,25,32,5,6,0.052,0.25,0.0075,-0.0209,0.429,2.581,0.805,False,4988,正常,情绪 10 D ↓｜涨停 33、炸板 25、跌停 32｜1进2 5%、连板晋级 25%｜最高 6 板｜昨日涨停今日均 -2.1%｜中位大面率 43%｜成交 2.58 万亿（较20日均 0.81 倍）,10.0,D,↓,2.0,34.0,9.0,0.0,0.0,33,25,32,5,6,0.052,0.25,0.0075,-0.0209,0.429,2.581,0.805,False,4988,正常,情绪 10 D ↓｜涨停 33、炸板 25、跌停 32｜1进2 5%、连板晋级 25%｜最高 6 板｜昨日涨停今日均 -2.1%｜中位大面率 43%｜成交 2.58 万亿（较20日均 0.81 倍）,both,0.0,0.0,0.0,0.0,0.0,0.0,0,0,0,0,True
2026-07-08,30.3,D,↑,32.0,43.0,31.0,30.0,0.0,47,14,44,8,7,0.214,0.4,0.02,0.0165,0.333,2.563,0.802,False,4989,正常,情绪 30 D ↑｜涨停 47、炸板 14、跌停 44｜1进2 21%、连板晋级 40%｜最高 7 板｜昨日涨停今日均 +1.6%｜中位大面率 33%｜成交 2.56 万亿（较20日均 0.80 倍）,30.3,D,↑,32.0,43.0,31.0,30.0,0.0,47,14,44,8,7,0.214,0.4,0.02,0.0165,0.333,2.563,0.802,False,4989,正常,情绪 30 D ↑｜涨停 47、炸板 14、跌停 44｜1进2 21%、连板晋级 40%｜最高 7 板｜昨日涨停今日均 +1.6%｜中位大面率 33%｜成交 2.56 万亿（较20日均 0.80 倍）,both,0.0,0.0,0.0,0.0,0.0,0.0,0,0,0,0,True
2026-07-09,42.3,C,↑,17.0,29.0,55.0,95.0,26.0,75,21,12,6,8,0.103,0.25,0.002,0.0126,0.0,2.914,0.913,False,4990,正常,情绪 42 C ↑｜涨停 75、炸板 21、跌停 12｜1进2 10%、连板晋级 25%｜最高 8 板｜昨日涨停今日均 +1.3%｜中位大面率 0%｜成交 2.91 万亿（较20日均 0.91 倍）,42.3,C,↑,17.0,29.0,55.0,95.0,26.0,75,21,12,6,8,0.103,0.25,0.002,0.0126,0.0,2.914,0.913,False,4990,正常,情绪 42 C ↑｜涨停 75、炸板 21、跌停 12｜1进2 10%、连板晋级 25%｜最高 8 板｜昨日涨停今日均 +1.3%｜中位大面率 0%｜成交 2.91 万亿（较20日均 0.91 倍）,both,0.0,0.0,0.0,0.0,0.0,0.0,0,0,0,0,True
2026-07-10,37.6,C,↓,0.0,55.0,21.0,84.0,61.0,91,95,6,10,2,0.145,0.0,0.0334,0.0068,0.0,3.388,1.057,False,4989,正常,情绪 38 C ↓｜涨停 91、炸板 95、跌停 6｜1进2 14%、连板晋级 0%｜最高 2 板｜昨日涨停今日均 +0.7%｜中位大面率 0%｜成交 3.39 万亿（较20日均 1.06 倍）,37.6,C,↓,0.0,55.0,21.0,84.0,61.0,91,95,6,10,2,0.145,0.0,0.0334,0.0068,0.0,3.388,1.057,False,4989,正常,情绪 38 C ↓｜涨停 91、炸板 95、跌停 6｜1进2 14%、连板晋级 0%｜最高 2 板｜昨日涨停今日均 +0.7%｜中位大面率 0%｜成交 3.39 万亿（较20日均 1.06 倍）,both,0.0,0.0,0.0,0.0,0.0,0.0,0,0,0,0,True
2026-07-13,20.3,D,↓,0.0,29.0,17.0,51.0,14.0,29,18,182,10,3,0.073,0.4,0.0066,-0.0273,0.2,2.818,0.868,False,4991,正常,情绪 20 D ↓｜涨停 29、炸板 18、跌停 182｜1进2 7%、连板晋级 40%｜最高 3 板｜昨日涨停今日均 -2.7%｜中位大面率 20%｜成交 2.82 万亿（较20日均 0.87 倍）,20.3,D,↓,0.0,29.0,17.0,51.0,14.0,29,18,182,10,3,0.073,0.4,0.0066,-0.0273,0.2,2.818,0.868,False,4991,正常,情绪 20 D ↓｜涨停 29、炸板 18、跌停 182｜1进2 7%、连板晋级 40%｜最高 3 板｜昨日涨停今日均 -2.7%｜中位大面率 20%｜成交 2.82 万亿（较20日均 0.87 倍）,both,0.0,0.0,0.0,0.0,0.0,0.0,0,0,0,0,True
2026-07-14,18.3,D,→,0.0,26.0,40.0,18.0,5.0,81,21,25,5,3,0.211,0.111,0.0063,0.0223,0.333,2.704,0.838,False,4992,正常,情绪 18 D →｜涨停 81、炸板 21、跌停 25｜1进2 21%、连板晋级 11%｜最高 3 板｜昨日涨停今日均 +2.2%｜中位大面率 33%｜成交 2.70 万亿（较20日均 0.84 倍）,18.3,D,→,0.0,26.0,40.0,18.0,5.0,81,21,25,5,3,0.211,0.111,0.0063,0.0223,0.333,2.704,0.838,False,4992,正常,情绪 18 D →｜涨停 81、炸板 21、跌停 25｜1进2 21%、连板晋级 11%｜最高 3 板｜昨日涨停今日均 +2.2%｜中位大面率 33%｜成交 2.70 万亿（较20日均 0.84 倍）,both,0.0,0.0,0.0,0.0,0.0,0.0,0,0,0,0,True
2026-07-15,49.9,C,↑,63.0,58.0,50.0,50.0,0.0,71,29,35,15,4,0.158,0.6,0.0205,0.0143,0.2,2.571,0.801,False,4992,正常,情绪 50 C ↑｜涨停 71、炸板 29、跌停 35｜1进2 16%、连板晋级 60%｜最高 4 板｜昨日涨停今日均 +1.4%｜中位大面率 20%｜成交 2.57 万亿（较20日均 0.80 倍）,49.9,C,↑,63.0,58.0,50.0,50.0,0.0,71,29,35,15,4,0.158,0.6,0.0205,0.0143,0.2,2.571,0.801,False,4992,正常,情绪 50 C ↑｜涨停 71、炸板 29、跌停 35｜1进2 16%、连板晋级 60%｜最高 4 板｜昨日涨停今日均 +1.4%｜中位大面率 20%｜成交 2.57 万亿（较20日均 0.80 倍）,both,0.0,0.0,0.0,0.0,0.0,0.0,0,0,0,0,True
2026-07-16,9.3,D,↓,0.0,26.0,5.0,13.0,0.0,40,26,36,9,5,0.125,0.133,0.006,0.022,0.333,2.403,0.754,False,4991,正常,情绪 9 D ↓｜涨停 40、炸板 26、跌停 36｜1进2 12%、连板晋级 13%｜最高 5 板｜昨日涨停今日均 +2.2%｜中位大面率 33%｜成交 2.40 万亿（较20日均 0.75 倍）,9.3,D,↓,0.0,26.0,5.0,13.0,0.0,40,26,36,9,5,0.125,0.133,0.006,0.022,0.333,2.403,0.754,False,4991,正常,情绪 9 D ↓｜涨停 40、炸板 26、跌停 36｜1进2 12%、连板晋级 13%｜最高 5 板｜昨日涨停今日均 +2.2%｜中位大面率 33%｜成交 2.40 万亿（较20日均 0.75 倍）,both,0.0,0.0,0.0,0.0,0.0,0.0,0,0,0,0,True
2026-07-17,30.4,D,↑,50.0,36.0,22.0,18.0,7.0,32,12,206,8,4,0.129,0.4,0.0173,-0.0101,0.333,2.655,0.842,False,4989,正常,情绪 30 D ↑｜涨停 32、炸板 12、跌停 206｜1进2 13%、连板晋级 40%｜最高 4 板｜昨日涨停今日均 -1.0%｜中位大面率 33%｜成交 2.65 万亿（较20日均 0.84 倍）,30.4,D,↑,50.0,36.0,22.0,18.0,7.0,32,12,206,8,4,0.129,0.4,0.0173,-0.0101,0.333,2.655,0.842,False,4989,正常,情绪 30 D ↑｜涨停 32、炸板 12、跌停 206｜1进2 13%、连板晋级 40%｜最高 4 板｜昨日涨停今日均 -1.0%｜中位大面率 33%｜成交 2.65 万亿（较20日均 0.84 倍）,both,0.0,0.0,0.0,0.0,0.0,0.0,0,0,0,0,True
2026-07-20,9.5,D,↓,16.0,15.0,0.0,0.0,13.0,54,41,239,8,3,0.292,0.125,0.0161,0.0079,0.625,2.702,0.866,False,4991,正常,情绪 10 D ↓｜涨停 54、炸板 41、跌停 239｜1进2 29%、连板晋级 12%｜最高 3 板｜昨日涨停今日均 +0.8%｜中位大面率 62%｜成交 2.70 万亿（较20日均 0.87 倍）,9.5,D,↓,16.0,15.0,0.0,0.0,13.0,54,41,239,8,3,0.292,0.125,0.0161,0.0079,0.625,2.702,0.866,False,4991,正常,情绪 10 D ↓｜涨停 54、炸板 41、跌停 239｜1进2 29%、连板晋级 12%｜最高 3 板｜昨日涨停今日均 +0.8%｜中位大面率 62%｜成交 2.70 万亿（较20日均 0.87 倍）,both,0.0,0.0,0.0,0.0,0.0,0.0,0,0,0,0,True
2026-07-21,31.9,D,↑,0.0,19.0,76.0,39.0,39.0,117,10,21,5,4,0.065,0.25,0.0104,0.0115,0.25,2.957,0.964,False,4991,正常,情绪 32 D ↑｜涨停 117、炸板 10、跌停 21｜1进2 7%、连板晋级 25%｜最高 4 板｜昨日涨停今日均 +1.2%｜中位大面率 25%｜成交 2.96 万亿（较20日均 0.96 倍）,31.9,D,↑,0.0,19.0,76.0,39.0,39.0,117,10,21,5,4,0.065,0.25,0.0104,0.0115,0.25,2.957,0.964,False,4991,正常,情绪 32 D ↑｜涨停 117、炸板 10、跌停 21｜1进2 7%、连板晋级 25%｜最高 4 板｜昨日涨停今日均 +1.2%｜中位大面率 25%｜成交 2.96 万亿（较20日均 0.96 倍）,both,0.0,0.0,0.0,0.0,0.0,0.0,0,0,0,0,True
2026-07-22,55.9,B,↑,59.0,69.0,36.0,88.0,15.0,45,40,9,11,5,0.071,0.6,0.0131,0.0151,0.0,2.653,0.872,False,4992,正常,情绪 56 B ↑｜涨停 45、炸板 40、跌停 9｜1进2 7%、连板晋级 60%｜最高 5 板｜昨日涨停今日均 +1.5%｜中位大面率 0%｜成交 2.65 万亿（较20日均 0.87 倍）,55.9,B,↑,59.0,69.0,36.0,88.0,15.0,45,40,9,11,5,0.071,0.6,0.0131,0.0151,0.0,2.653,0.872,False,4992,正常,情绪 56 B ↑｜涨停 45、炸板 40、跌停 9｜1进2 7%、连板晋级 60%｜最高 5 板｜昨日涨停今日均 +1.5%｜中位大面率 0%｜成交 2.65 万亿（较20日均 0.87 倍）,both,0.0,0.0,0.0,0.0,0.0,0.0,0,0,0,0,True
2026-07-23,83.8,S,↑,97.0,83.0,99.0,100.0,0.0,116,24,2,15,6,0.265,0.545,0.0294,0.0456,0.0,2.195,0.729,False,4992,正常,情绪 84 S ↑｜涨停 116、炸板 24、跌停 2｜1进2 26%、连板晋级 55%｜最高 6 板｜昨日涨停今日均 +4.6%｜中位大面率 0%｜成交 2.19 万亿（较20日均 0.73 倍）,83.8,S,↑,97.0,83.0,99.0,100.0,0.0,116,24,2,15,6,0.265,0.545,0.0294,0.0456,0.0,2.195,0.729,False,4992,正常,情绪 84 S ↑｜涨停 116、炸板 24、跌停 2｜1进2 26%、连板晋级 55%｜最高 6 板｜昨日涨停今日均 +4.6%｜中位大面率 0%｜成交 2.19 万亿（较20日均 0.73 倍）,both,0.0,0.0,0.0,0.0,0.0,0.0,0,0,0,0,True
2026-07-24,19.2,D,↓,10.0,33.0,20.0,27.0,0.0,40,13,24,18,4,0.139,0.267,0.0164,-0.003,0.286,1.931,0.656,False,4992,正常,情绪 19 D ↓｜涨停 40、炸板 13、跌停 24｜1进2 14%、连板晋级 27%｜最高 4 板｜昨日涨停今日均 -0.3%｜中位大面率 29%｜成交 1.93 万亿（较20日均 0.66 倍）,19.2,D,↓,10.0,33.0,20.0,27.0,0.0,40,13,24,18,4,0.139,0.267,0.0164,-0.003,0.286,1.931,0.656,False,4992,正常,情绪 19 D ↓｜涨停 40、炸板 13、跌停 24｜1进2 14%、连板晋级 27%｜最高 4 板｜昨日涨停今日均 -0.3%｜中位大面率 29%｜成交 1.93 万亿（较20日均 0.66 倍）,both,0.0,0.0,0.0,0.0,0.0,0.0,0,0,0,0,True
2026-07-27,54.0,B,↑,34.0,53.0,76.0,95.0,0.0,110,14,6,8,5,0.136,0.278,0.0025,0.0326,0.056,2.076,0.726,False,4987,正常,情绪 54 B ↑｜涨停 110、炸板 14、跌停 6｜1进2 14%、连板晋级 28%｜最高 5 板｜昨日涨停今日均 +3.3%｜中位大面率 6%｜成交 2.08 万亿（较20日均 0.73 倍）,54.0,B,↑,34.0,53.0,76.0,95.0,0.0,110,14,6,8,5,0.136,0.278,0.0025,0.0326,0.056,2.076,0.726,False,4987,正常,情绪 54 B ↑｜涨停 110、炸板 14、跌停 6｜1进2 14%、连板晋级 28%｜最高 5 板｜昨日涨停今日均 +3.3%｜中位大面率 6%｜成交 2.08 万亿（较20日均 0.73 倍）,both,0.0,0.0,0.0,0.0,0.0,0.0,0,0,0,0,True
2026-07-28,44.0,C,↓,35.0,52.0,33.0,92.0,0.0,60,21,48,16,6,0.127,0.375,0.0136,0.0059,0.0,2.026,0.726,False,4988,正常,情绪 44 C ↓｜涨停 60、炸板 21、跌停 48｜1进2 13%、连板晋级 38%｜最高 6 板｜昨日涨停今日均 +0.6%｜中位大面率 0%｜成交 2.03 万亿（较20日均 0.73 倍）,44.0,C,↓,35.0,52.0,33.0,92.0,0.0,60,21,48,16,6,0.127,0.375,0.0136,0.0059,0.0,2.026,0.726,False,4988,正常,情绪 44 C ↓｜涨停 60、炸板 21、跌停 48｜1进2 13%、连板晋级 38%｜最高 6 板｜昨日涨停今日均 +0.6%｜中位大面率 0%｜成交 2.03 万亿（较20日均 0.73 倍）,both,0.0,0.0,0.0,0.0,0.0,0.0,0,0,0,0,True
2026-07-29,34.3,D,↓,25.0,33.0,63.0,32.0,7.0,81,16,11,11,7,0.136,0.312,0.0138,0.0065,0.267,2.296,0.842,False,4987,正常,情绪 34 D ↓｜涨停 81、炸板 16、跌停 11｜1进2 14%、连板晋级 31%｜最高 7 板｜昨日涨停今日均 +0.6%｜中位大面率 27%｜成交 2.30 万亿（较20日均 0.84 倍）,34.3,D,↓,25.0,33.0,63.0,32.0,7.0,81,16,11,11,7,0.136,0.312,0.0138,0.0065,0.267,2.296,0.842,False,4987,正常,情绪 34 D ↓｜涨停 81、炸板 16、跌停 11｜1进2 14%、连板晋级 31%｜最高 7 板｜昨日涨停今日均 +0.6%｜中位大面率 27%｜成交 2.30 万亿（较20日均 0.84 倍）,both,0.0,0.0,0.0,0.0,0.0,0.0,0,0,0,0,True
2026-07-30,29.5,D,↓,29.0,25.0,25.0,51.0,17.0,51,22,80,10,8,0.087,0.364,0.0092,-0.0022,0.2,2.343,0.881,False,4992,正常,情绪 30 D ↓｜涨停 51、炸板 22、跌停 80｜1进2 9%、连板晋级 36%｜最高 8 板｜昨日涨停今日均 -0.2%｜中位大面率 20%｜成交 2.34 万亿（较20日均 0.88 倍）,29.5,D,↓,29.0,25.0,25.0,51.0,17.0,51,22,80,10,8,0.087,0.364,0.0092,-0.0022,0.2,2.343,0.881,False,4992,正常,情绪 30 D ↓｜涨停 51、炸板 22、跌停 80｜1进2 9%、连板晋级 36%｜最高 8 板｜昨日涨停今日均 -0.2%｜中位大面率 20%｜成交 2.34 万亿（较20日均 0.88 倍）,both,0.0,0.0,0.0,0.0,0.0,0.0,0,0,0,0,True
2026-07-31,63.9,B,↑,49.0,63.0,67.0,100.0,42.0,99,121,0,10,9,0.146,0.4,-0.003,0.0298,0.0,2.542,0.977,False,4993,正常,情绪 64 B ↑｜涨停 99、炸板 121、跌停 0｜1进2 15%、连板晋级 40%｜最高 9 板｜昨日涨停今日均 +3.0%｜中位大面率 0%｜成交 2.54 万亿（较20日均 0.98 倍）,63.9,B,↑,49.0,63.0,67.0,100.0,42.0,99,121,0,10,9,0.146,0.4,-0.003,0.0298,0.0,2.542,0.977,False,4993,正常,情绪 64 B ↑｜涨停 99、炸板 121、跌停 0｜1进2 15%、连板晋级 40%｜最高 9 板｜昨日涨停今日均 +3.0%｜中位大面率 0%｜成交 2.54 万亿（较20日均 0.98 倍）,both,0.0,0.0,0.0,0.0,0.0,0.0,0,0,0,0,True
2026-08-03,62.3,B,→,60.0,66.0,88.0,68.0,0.0,75,18,8,17,6,0.146,0.444,0.0227,0.0113,0.125,1.997,0.777,False,4993,正常,情绪 62 B →｜涨停 75、炸板 18、跌停 8｜1进2 15%、连板晋级 44%｜最高 6 板｜昨日涨停今日均 +1.1%｜中位大面率 12%｜成交 2.00 万亿（较20日均 0.78 倍）,62.3,B,→,60.0,66.0,88.0,68.0,0.0,75,18,8,17,6,0.146,0.444,0.0227,0.0113,0.125,1.997,0.777,False,4993,正常,情绪 62 B →｜涨停 75、炸板 18、跌停 8｜1进2 15%、连板晋级 44%｜最高 6 板｜昨日涨停今日均 +1.1%｜中位大面率 12%｜成交 2.00 万亿（较20日均 0.78 倍）,both,0.0,0.0,0.0,0.0,0.0,0.0,0,0,0,0,True
2026-08-04,87.3,S,↑,92.0,95.0,100.0,100.0,17.0,138,23,0,20,7,0.19,0.529,0.0347,0.0477,0.0,2.213,0.88,False,4991,正常,情绪 87 S ↑｜涨停 138、炸板 23、跌停 0｜1进2 19%、连板晋级 53%｜最高 7 板｜昨日涨停今日均 +4.8%｜中位大面率 0%｜成交 2.21 万亿（较20日均 0.88 倍）,87.3,S,↑,92.0,95.0,100.0,100.0,17.0,138,23,0,20,7,0.19,0.529,0.0347,0.0477,0.0,2.213,0.88,False,4991,正常,情绪 87 S ↑｜涨停 138、炸板 23、跌停 0｜1进2 19%、连板晋级 53%｜最高 7 板｜昨日涨停今日均 +4.8%｜中位大面率 0%｜成交 2.21 万亿（较20日均 0.88 倍）,both,0.0,0.0,0.0,0.0,0.0,0.0,0,0,0,0,True
2026-08-05,59.2,B,↓,14.0,71.0,71.0,100.0,62.0,103,46,1,32,8,0.229,0.25,0.0127,0.0535,0.0,2.659,1.065,False,4993,正常,情绪 59 B ↓｜涨停 103、炸板 46、跌停 1｜1进2 23%、连板晋级 25%｜最高 8 板｜昨日涨停今日均 +5.3%｜中位大面率 0%｜成交 2.66 万亿（较20日均 1.06 倍）,59.2,B,↓,14.0,71.0,71.0,100.0,62.0,103,46,1,32,8,0.229,0.25,0.0127,0.0535,0.0,2.659,1.065,False,4993,正常,情绪 59 B ↓｜涨停 103、炸板 46、跌停 1｜1进2 23%、连板晋级 25%｜最高 8 板｜昨日涨停今日均 +5.3%｜中位大面率 0%｜成交 2.66 万亿（较20日均 1.06 倍）,both,0.0,0.0,0.0,0.0,0.0,0.0,0,0,0,0,True
2026-08-06,77.6,A,↑,65.0,75.0,94.0,100.0,50.0,79,23,1,22,10,0.127,0.394,0.02,0.0395,0.0,2.529,1.011,False,4993,正常,情绪 78 A ↑｜涨停 79、炸板 23、跌停 1｜1进2 13%、连板晋级 39%｜最高 10 板｜昨日涨停今日均 +3.9%｜中位大面率 0%｜成交 2.53 万亿（较20日均 1.01 倍）,77.6,A,↑,65.0,75.0,94.0,100.0,50.0,79,23,1,22,10,0.127,0.394,0.02,0.0395,0.0,2.529,1.011,False,4993,正常,情绪 78 A ↑｜涨停 79、炸板 23、跌停 1｜1进2 13%、连板晋级 39%｜最高 10 板｜昨日涨停今日均 +3.9%｜中位大面率 0%｜成交 2.53 万亿（较20日均 1.01 倍）,both,0.0,0.0,0.0,0.0,0.0,0.0,0,0,0,0,True
2026-08-07,41.2,C,↓,5.0,37.0,72.0,52.0,64.0,75,27,4,14,4,0.123,0.318,0.0179,0.0121,0.2,2.664,1.073,False,4995,正常,情绪 41 C ↓｜涨停 75、炸板 27、跌停 4｜1进2 12%、连板晋级 32%｜最高 4 板｜昨日涨停今日均 +1.2%｜中位大面率 20%｜成交 2.66 万亿（较20日均 1.07 倍）,41.2,C,↓,5.0,37.0,72.0,52.0,64.0,75,27,4,14,4,0.123,0.318,0.0179,0.0121,0.2,2.664,1.073,False,4995,正常,情绪 41 C ↓｜涨停 75、炸板 27、跌停 4｜1进2 12%、连板晋级 32%｜最高 4 板｜昨日涨停今日均 +1.2%｜中位大面率 20%｜成交 2.66 万亿（较20日均 1.07 倍）,both,0.0,0.0,0.0,0.0,0.0,0.0,0,0,0,0,True
2026-08-10,47.0,C,↑,10.0,59.0,77.0,47.0,55.0,99,16,6,13,5,0.148,0.286,0.0272,0.0233,0.214,2.523,1.031,False,4997,正常,情绪 47 C ↑｜涨停 99、炸板 16、跌停 6｜1进2 15%、连板晋级 29%｜最高 5 板｜昨日涨停今日均 +2.3%｜中位大面率 21%｜成交 2.52 万亿（较20日均 1.03 倍）,47.0,C,↑,10.0,59.0,77.0,47.0,55.0,99,16,6,13,5,0.148,0.286,0.0272,0.0233,0.214,2.523,1.031,False,4997,正常,情绪 47 C ↑｜涨停 99、炸板 16、跌停 6｜1进2 15%、连板晋级 29%｜最高 5 板｜昨日涨停今日均 +2.3%｜中位大面率 21%｜成交 2.52 万亿（较20日均 1.03 倍）,both,0.0,0.0,0.0,0.0,0.0,0.0,0,0,0,0,True
2026-08-11,44.1,C,↓,30.0,36.0,65.0,56.0,36.0,58,20,1,16,6,0.143,0.308,0.0105,0.0081,0.182,2.321,0.954,False,4995,正常,情绪 44 C ↓｜涨停 58、炸板 20、跌停 1｜1进2 14%、连板晋级 31%｜最高 6 板｜昨日涨停今日均 +0.8%｜中位大面率 18%｜成交 2.32 万亿（较20日均 0.95 倍）,44.1,C,↓,30.0,36.0,65.0,56.0,36.0,58,20,1,16,6,0.143,0.308,0.0105,0.0081,0.182,2.321,0.954,False,4995,正常,情绪 44 C ↓｜涨停 58、炸板 20、跌停 1｜1进2 14%、连板晋级 31%｜最高 6 板｜昨日涨停今日均 +0.8%｜中位大面率 18%｜成交 2.32 万亿（较20日均 0.95 倍）,both,0.0,0.0,0.0,0.0,0.0,0.0,0,0,0,0,True
2026-08-12,86.3,S,↑,100.0,78.0,100.0,100.0,20.0,92,12,0,17,7,0.167,0.625,0.0174,0.0329,0.0,2.152,0.892,False,4994,正常,情绪 86 S ↑｜涨停 92、炸板 12、跌停 0｜1进2 17%、连板晋级 62%｜最高 7 板｜昨日涨停今日均 +3.3%｜中位大面率 0%｜成交 2.15 万亿（较20日均 0.89 倍）,86.3,S,↑,100.0,78.0,100.0,100.0,20.0,92,12,0,17,7,0.167,0.625,0.0174,0.0329,0.0,2.152,0.892,False,4994,正常,情绪 86 S ↑｜涨停 92、炸板 12、跌停 0｜1进2 17%、连板晋级 62%｜最高 7 板｜昨日涨停今日均 +3.3%｜中位大面率 0%｜成交 2.15 万亿（较20日均 0.89 倍）,both,0.0,0.0,0.0,0.0,0.0,0.0,0,0,0,0,True
2026-08-13,71.8,A,↓,71.0,69.0,58.0,100.0,63.0,59,37,4,22,5,0.171,0.529,0.0259,0.0122,0.0,2.551,1.066,False,4995,正常,情绪 72 A ↓｜涨停 59、炸板 37、跌停 4｜1进2 17%、连板晋级 53%｜最高 5 板｜昨日涨停今日均 +1.2%｜中位大面率 0%｜成交 2.55 万亿（较20日均 1.07 倍）,71.8,A,↓,71.0,69.0,58.0,100.0,63.0,59,37,4,22,5,0.171,0.529,0.0259,0.0122,0.0,2.551,1.066,False,4995,正常,情绪 72 A ↓｜涨停 59、炸板 37、跌停 4｜1进2 17%、连板晋级 53%｜最高 5 板｜昨日涨停今日均 +1.2%｜中位大面率 0%｜成交 2.55 万亿（较20日均 1.07 倍）,both,0.0,0.0,0.0,0.0,0.0,0.0,0,0,0,0,True
2026-08-14,17.3,D,↓,0.0,28.0,39.0,0.0,21.0,62,21,13,11,5,0.135,0.273,0.0241,0.0006,0.429,2.143,0.893,False,4995,正常,情绪 17 D ↓｜涨停 62、炸板 21、跌停 13｜1进2 14%、连板晋级 27%｜最高 5 板｜昨日涨停今日均 +0.1%｜中位大面率 43%｜成交 2.14 万亿（较20日均 0.89 倍）,17.3,D,↓,0.0,28.0,39.0,0.0,21.0,62,21,13,11,5,0.135,0.273,0.0241,0.0006,0.429,2.143,0.893,False,4995,正常,情绪 17 D ↓｜涨停 62、炸板 21、跌停 13｜1进2 14%、连板晋级 27%｜最高 5 板｜昨日涨停今日均 +0.1%｜中位大面率 43%｜成交 2.14 万亿（较20日均 0.89 倍）,both,0.0,0.0,0.0,0.0,0.0,0.0,0,0,0,0,True
2026-08-17,71.6,A,↑,58.0,74.0,94.0,76.0,49.0,106,15,1,15,4,0.196,0.455,0.0228,0.0357,0.1,2.387,1.006,False,4991,正常,情绪 72 A ↑｜涨停 106、炸板 15、跌停 1｜1进2 20%、连板晋级 45%｜最高 4 板｜昨日涨停今日均 +3.6%｜中位大面率 10%｜成交 2.39 万亿（较20日均 1.01 倍）,71.6,A,↑,58.0,74.0,94.0,76.0,49.0,106,15,1,15,4,0.196,0.455,0.0228,0.0357,0.1,2.387,1.006,False,4991,正常,情绪 72 A ↑｜涨停 106、炸板 15、跌停 1｜1进2 20%、连板晋级 45%｜最高 4 板｜昨日涨停今日均 +3.6%｜中位大面率 10%｜成交 2.39 万亿（较20日均 1.01 倍）,both,0.0,0.0,0.0,0.0,0.0,0.0,0,0,0,0,True
2026-08-18,45.2,C,↓,28.0,54.0,50.0,51.0,52.0,79,26,6,18,4,0.141,0.333,0.0231,0.0125,0.2,2.401,1.018,False,4994,正常,情绪 45 C ↓｜涨停 79、炸板 26、跌停 6｜1进2 14%、连板晋级 33%｜最高 4 板｜昨日涨停今日均 +1.2%｜中位大面率 20%｜成交 2.40 万亿（较20日均 1.02 倍）,45.2,C,↓,28.0,54.0,50.0,51.0,52.0,79,26,6,18,4,0.141,0.333,0.0231,0.0125,0.2,2.401,1.018,False,4994,正常,情绪 45 C ↓｜涨停 79、炸板 26、跌停 6｜1进2 14%、连板晋级 33%｜最高 4 板｜昨日涨停今日均 +1.2%｜中位大面率 20%｜成交 2.40 万亿（较20日均 1.02 倍）,both,0.0,0.0,0.0,0.0,0.0,0.0,0,0,0,0,True
2026-08-19,10.5,D,↓,0.0,10.0,12.0,0.0,50.0,37,14,127,8,3,0.082,0.167,-0.0012,-0.0273,0.556,2.511,1.078,True,4993,正常,情绪 10 D ↓｜涨停 37、炸板 14、跌停 127｜1进2 8%、连板晋级 17%｜最高 3 板｜昨日涨停今日均 -2.7%｜中位大面率 56%｜成交 2.51 万亿（较20日均 1.08 倍）｜恐慌放量,10.5,D,↓,0.0,10.0,12.0,0.0,50.0,37,14,127,8,3,0.082,0.167,-0.0012,-0.0273,0.556,2.511,1.078,True,4993,正常,情绪 10 D ↓｜涨停 37、炸板 14、跌停 127｜1进2 8%、连板晋级 17%｜最高 3 板｜昨日涨停今日均 -2.7%｜中位大面率 56%｜成交 2.51 万亿（较20日均 1.08 倍）｜恐慌放量,both,0.0,0.0,0.0,0.0,0.0,0.0,0,0,0,0,True
2026-08-20,20.3,D,↑,0.0,12.0,40.0,39.0,21.0,79,48,11,4,4,0.103,0.125,-0.0084,-0.0189,0.25,2.079,0.895,False,4992,正常,情绪 20 D ↑｜涨停 79、炸板 48、跌停 11｜1进2 10%、连板晋级 12%｜最高 4 板｜昨日涨停今日均 -1.9%｜中位大面率 25%｜成交 2.08 万亿（较20日均 0.90 倍）,20.3,D,↑,0.0,12.0,40.0,39.0,21.0,79,48,11,4,4,0.103,0.125,-0.0084,-0.0189,0.25,2.079,0.895,False,4992,正常,情绪 20 D ↑｜涨停 79、炸板 48、跌停 11｜1进2 10%、连板晋级 12%｜最高 4 板｜昨日涨停今日均 -1.9%｜中位大面率 25%｜成交 2.08 万亿（较20日均 0.90 倍）,both,0.0,0.0,0.0,0.0,0.0,0.0,0,0,0,0,True
2026-08-21,26.2,D,↑,3.0,28.0,23.0,84.0,0.0,55,16,14,12,3,0.147,0.25,0.0059,-0.0081,0.0,1.879,0.811,False,4993,正常,情绪 26 D ↑｜涨停 55、炸板 16、跌停 14｜1进2 15%、连板晋级 25%｜最高 3 板｜昨日涨停今日均 -0.8%｜中位大面率 0%｜成交 1.88 万亿（较20日均 0.81 倍）,26.2,D,↑,3.0,28.0,23.0,84.0,0.0,55,16,14,12,3,0.147,0.25,0.0059,-0.0081,0.0,1.879,0.811,False,4993,正常,情绪 26 D ↑｜涨停 55、炸板 16、跌停 14｜1进2 15%、连板晋级 25%｜最高 3 板｜昨日涨停今日均 -0.8%｜中位大面率 0%｜成交 1.88 万亿（较20日均 0.81 倍）,both,0.0,0.0,0.0,0.0,0.0,0.0,0,0,0,0,True
2026-08-24,30.5,D,↑,29.0,35.0,31.0,38.0,14.0,46,21,13,10,4,0.14,0.333,0.0152,0.0047,0.25,2.007,0.867,False,4998,正常,情绪 30 D ↑｜涨停 46、炸板 21、跌停 13｜1进2 14%、连板晋级 33%｜最高 4 板｜昨日涨停今日均 +0.5%｜中位大面率 25%｜成交 2.01 万亿（较20日均 0.87 倍）,30.5,D,↑,29.0,35.0,31.0,38.0,14.0,46,21,13,10,4,0.14,0.333,0.0152,0.0047,0.25,2.007,0.867,False,4998,正常,情绪 30 D ↑｜涨停 46、炸板 21、跌停 13｜1进2 14%、连板晋级 33%｜最高 4 板｜昨日涨停今日均 +0.5%｜中位大面率 25%｜成交 2.01 万亿（较20日均 0.87 倍）,both,0.0,0.0,0.0,0.0,0.0,0.0,0,0,0,0,True
2026-08-25,46.1,C,↑,45.0,42.0,71.0,51.0,0.0,65,26,2,9,5,0.135,0.4,0.0156,0.0122,0.2,1.832,0.793,False,4997,正常,情绪 46 C ↑｜涨停 65、炸板 26、跌停 2｜1进2 14%、连板晋级 40%｜最高 5 板｜昨日涨停今日均 +1.2%｜中位大面率 20%｜成交 1.83 万亿（较20日均 0.79 倍）,46.1,C,↑,45.0,42.0,71.0,51.0,0.0,65,26,2,9,5,0.135,0.4,0.0156,0.0122,0.2,1.832,0.793,False,4997,正常,情绪 46 C ↑｜涨停 65、炸板 26、跌停 2｜1进2 14%、连板晋级 40%｜最高 5 板｜昨日涨停今日均 +1.2%｜中位大面率 20%｜成交 1.83 万亿（较20日均 0.79 倍）,both,0.0,0.0,0.0,0.0,0.0,0.0,0,0,0,0,True
2026-08-26,43.5,C,↓,37.0,55.0,43.0,68.0,0.0,52,23,0,13,5,0.179,0.333,0.0165,0.022,0.125,1.808,0.786,False,4998,正常,情绪 43 C ↓｜涨停 52、炸板 23、跌停 0｜1进2 18%、连板晋级 33%｜最高 5 板｜昨日涨停今日均 +2.2%｜中位大面率 12%｜成交 1.81 万亿（较20日均 0.79 倍）,43.5,C,↓,37.0,55.0,43.0,68.0,0.0,52,23,0,13,5,0.179,0.333,0.0165,0.022,0.125,1.808,0.786,False,4998,正常,情绪 43 C ↓｜涨停 52、炸板 23、跌停 0｜1进2 18%、连板晋级 33%｜最高 5 板｜昨日涨停今日均 +2.2%｜中位大面率 12%｜成交 1.81 万亿（较20日均 0.79 倍）,both,0.0,0.0,0.0,0.0,0.0,0.0,0,0,0,0,True
2026-08-27,82.3,S,↑,100.0,71.0,97.0,83.0,31.0,75,20,3,16,6,0.205,0.615,0.0136,0.0314,0.083,2.126,0.933,False,5000,正常,情绪 82 S ↑｜涨停 75、炸板 20、跌停 3｜1进2 21%、连板晋级 62%｜最高 6 板｜昨日涨停今日均 +3.1%｜中位大面率 8%｜成交 2.13 万亿（较20日均 0.93 倍）,82.3,S,↑,100.0,71.0,97.0,83.0,31.0,75,20,3,16,6,0.205,0.615,0.0136,0.0314,0.083,2.126,0.933,False,5000,正常,情绪 82 S ↑｜涨停 75、炸板 20、跌停 3｜1进2 21%、连板晋级 62%｜最高 6 板｜昨日涨停今日均 +3.1%｜中位大面率 8%｜成交 2.13 万亿（较20日均 0.93 倍）,both,0.0,0.0,0.0,0.0,0.0,0.0,0,0,0,0,True
2026-08-28,76.0,A,↓,69.0,84.0,82.0,100.0,29.0,81,21,2,17,7,0.153,0.5,0.034,0.0274,0.0,2.101,0.927,False,4997,正常,情绪 76 A ↓｜涨停 81、炸板 21、跌停 2｜1进2 15%、连板晋级 50%｜最高 7 板｜昨日涨停今日均 +2.7%｜中位大面率 0%｜成交 2.10 万亿（较20日均 0.93 倍）,76.0,A,↓,69.0,84.0,82.0,100.0,29.0,81,21,2,17,7,0.153,0.5,0.034,0.0274,0.0,2.101,0.927,False,4997,正常,情绪 76 A ↓｜涨停 81、炸板 21、跌停 2｜1进2 15%、连板晋级 50%｜最高 7 板｜昨日涨停今日均 +2.7%｜中位大面率 0%｜成交 2.10 万亿（较20日均 0.93 倍）,both,0.0,0.0,0.0,0.0,0.0,0.0,0,0,0,0,True
2026-08-31,45.4,C,↓,58.0,31.0,73.0,13.0,35.0,86,35,11,18,6,0.159,0.471,0.0017,0.0074,0.333,2.131,0.949,False,4996,正常,情绪 45 C ↓｜涨停 86、炸板 35、跌停 11｜1进2 16%、连板晋级 47%｜最高 6 板｜昨日涨停今日均 +0.7%｜中位大面率 33%｜成交 2.13 万亿（较20日均 0.95 倍）,45.4,C,↓,58.0,31.0,73.0,13.0,35.0,86,35,11,18,6,0.159,0.471,0.0017,0.0074,0.333,2.131,0.949,False,4996,正常,情绪 45 C ↓｜涨停 86、炸板 35、跌停 11｜1进2 16%、连板晋级 47%｜最高 6 板｜昨日涨停今日均 +0.7%｜中位大面率 33%｜成交 2.13 万亿（较20日均 0.95 倍）,both,0.0,0.0,0.0,0.0,0.0,0.0,0,0,0,0,True
2026-09-01,69.8,A,↑,62.0,66.0,92.0,90.0,23.0,80,14,0,18,7,0.132,0.5,0.0198,0.014,0.067,2.033,0.903,False,4997,正常,情绪 70 A ↑｜涨停 80、炸板 14、跌停 0｜1进2 13%、连板晋级 50%｜最高 7 板｜昨日涨停今日均 +1.4%｜中位大面率 7%｜成交 2.03 万亿（较20日均 0.90 倍）,69.8,A,↑,62.0,66.0,92.0,90.0,23.0,80,14,0,18,7,0.132,0.5,0.0198,0.014,0.067,2.033,0.903,False,4997,正常,情绪 70 A ↑｜涨停 80、炸板 14、跌停 0｜1进2 13%、连板晋级 50%｜最高 7 板｜昨日涨停今日均 +1.4%｜中位大面率 7%｜成交 2.03 万亿（较20日均 0.90 倍）,both,0.0,0.0,0.0,0.0,0.0,0.0,0,0,0,0,True
2026-09-02,35.5,C,↓,32.0,44.0,38.0,51.0,0.0,50,19,9,14,5,0.113,0.389,0.0119,-0.0094,0.2,1.791,0.799,False,4998,正常,情绪 35 C ↓｜涨停 50、炸板 19、跌停 9｜1进2 11%、连板晋级 39%｜最高 5 板｜昨日涨停今日均 -0.9%｜中位大面率 20%｜成交 1.79 万亿（较20日均 0.80 倍）,35.5,C,↓,32.0,44.0,38.0,51.0,0.0,50,19,9,14,5,0.113,0.389,0.0119,-0.0094,0.2,1.791,0.799,False,4998,正常,情绪 35 C ↓｜涨停 50、炸板 19、跌停 9｜1进2 11%、连板晋级 39%｜最高 5 板｜昨日涨停今日均 -0.9%｜中位大面率 20%｜成交 1.79 万亿（较20日均 0.80 倍）,both,0.0,0.0,0.0,0.0,0.0,0.0,0,0,0,0,True
2026-09-03,19.0,D,↓,2.0,28.0,7.0,64.0,0.0,44,35,17,9,5,0.167,0.214,0.01,0.0019,0.154,1.759,0.8,False,4999,正常,情绪 19 D ↓｜涨停 44、炸板 35、跌停 17｜1进2 17%、连板晋级 21%｜最高 5 板｜昨日涨停今日均 +0.2%｜中位大面率 15%｜成交 1.76 万亿（较20日均 0.80 倍）,19.0,D,↓,2.0,28.0,7.0,64.0,0.0,44,35,17,9,5,0.167,0.214,0.01,0.0019,0.154,1.759,0.8,False,4999,正常,情绪 19 D ↓｜涨停 44、炸板 35、跌停 17｜1进2 17%、连板晋级 21%｜最高 5 板｜昨日涨停今日均 +0.2%｜中位大面率 15%｜成交 1.76 万亿（较20日均 0.80 倍）,both,0.0,0.0,0.0,0.0,0.0,0.0,0,0,0,0,True
2026-09-04,21.9,D,↑,0.0,16.0,15.0,68.0,33.0,39,48,9,7,5,0.171,0.111,0.0166,-0.0057,0.125,2.03,0.94,False,4999,正常,情绪 22 D ↑｜涨停 39、炸板 48、跌停 9｜1进2 17%、连板晋级 11%｜最高 5 板｜昨日涨停今日均 -0.6%｜中位大面率 12%｜成交 2.03 万亿（较20日均 0.94 倍）,21.9,D,↑,0.0,16.0,15.0,68.0,33.0,39,48,9,7,5,0.171,0.111,0.0166,-0.0057,0.125,2.03,0.94,False,4999,正常,情绪 22 D ↑｜涨停 39、炸板 48、跌停 9｜1进2 17%、连板晋级 11%｜最高 5 板｜昨日涨停今日均 -0.6%｜中位大面率 12%｜成交 2.03 万亿（较20日均 0.94 倍）,both,0.0,0.0,0.0,0.0,0.0,0.0,0,0,0,0,True
2026-09-07,81.3,S,↑,83.0,96.0,84.0,92.0,26.0,92,23,2,13,6,0.281,0.571,0.0374,0.0475,0.0,1.946,0.914,False,4999,正常,情绪 81 S ↑｜涨停 92、炸板 23、跌停 2｜1进2 28%、连板晋级 57%｜最高 6 板｜昨日涨停今日均 +4.7%｜中位大面率 0%｜成交 1.95 万亿（较20日均 0.91 倍）,81.3,S,↑,83.0,96.0,84.0,92.0,26.0,92,23,2,13,6,0.281,0.571,0.0374,0.0475,0.0,1.946,0.914,False,4999,正常,情绪 81 S ↑｜涨停 92、炸板 23、跌停 2｜1进2 28%、连板晋级 57%｜最高 6 板｜昨日涨停今日均 +4.7%｜中位大面率 0%｜成交 1.95 万亿（较20日均 0.91 倍）,both,0.0,0.0,0.0,0.0,0.0,0.0,0,0,0,0,True
2026-09-08,69.5,A,↓,68.0,89.0,48.0,100.0,31.0,73,38,0,19,4,0.165,0.462,0.0322,0.0299,0.0,1.96,0.934,False,5000,正常,情绪 69 A ↓｜涨停 73、炸板 38、跌停 0｜1进2 16%、连板晋级 46%｜最高 4 板｜昨日涨停今日均 +3.0%｜中位大面率 0%｜成交 1.96 万亿（较20日均 0.93 倍）,69.5,A,↓,68.0,89.0,48.0,100.0,31.0,73,38,0,19,4,0.165,0.462,0.0322,0.0299,0.0,1.96,0.934,False,5000,正常,情绪 69 A ↓｜涨停 73、炸板 38、跌停 0｜1进2 16%、连板晋级 46%｜最高 4 板｜昨日涨停今日均 +3.0%｜中位大面率 0%｜成交 1.96 万亿（较20日均 0.93 倍）,both,0.0,0.0,0.0,0.0,0.0,0.0,0,0,0,0,True
2026-09-09,23.3,D,↓,7.0,36.0,37.0,17.0,20.0,48,28,8,15,5,0.185,0.263,0.0186,0.0111,0.316,1.855,0.891,False,4999,正常,情绪 23 D ↓｜涨停 48、炸板 28、跌停 8｜1进2 19%、连板晋级 26%｜最高 5 板｜昨日涨停今日均 +1.1%｜中位大面率 32%｜成交 1.86 万亿（较20日均 0.89 倍）,23.3,D,↓,7.0,36.0,37.0,17.0,20.0,48,28,8,15,5,0.185,0.263,0.0186,0.0111,0.316,1.855,0.891,False,4999,正常,情绪 23 D ↓｜涨停 48、炸板 28、跌停 8｜1进2 19%、连板晋级 26%｜最高 5 板｜昨日涨停今日均 +1.1%｜中位大面率 32%｜成交 1.86 万亿（较20日均 0.89 倍）,both,0.0,0.0,0.0,0.0,0.0,0.0,0,0,0,0,True
2026-09-11,6.0,D,↓,0.0,8.0,1.0,0.0,36.0,40,24,21,4,3,0.061,0.133,-0.0038,-0.029,0.571,1.972,0.954,False,4998,降级：9/10行情缺失，昨日对比不可靠,情绪 6 D ↓｜涨停 40、炸板 24、跌停 21｜1进2 6%、连板晋级 13%｜最高 3 板｜昨日涨停今日均 -2.9%｜中位大面率 57%｜成交 1.97 万亿（较20日均 0.95 倍）,6.0,D,↓,0.0,8.0,1.0,0.0,36.0,40,24,21,4,3,0.061,0.133,-0.0038,-0.029,0.571,1.972,0.954,False,4998,降级：9/10行情缺失，昨日对比不可靠,情绪 6 D ↓｜涨停 40、炸板 24、跌停 21｜1进2 6%、连板晋级 13%｜最高 3 板｜昨日涨停今日均 -2.9%｜中位大面率 57%｜成交 1.97 万亿（较20日均 0.95 倍）,both,0.0,0.0,0.0,0.0,0.0,0.0,0,0,0,0,True
2026-09-14,33.5,D,↑,57.0,57.0,23.0,0.0,0.0,53,33,16,11,4,0.243,0.5,0.0252,0.0326,0.5,1.629,0.8,False,4998,正常,情绪 34 D ↑｜涨停 53、炸板 33、跌停 16｜1进2 24%、连板晋级 50%｜最高 4 板｜昨日涨停今日均 +3.3%｜中位大面率 50%｜成交 1.63 万亿（较20日均 0.80 倍）,33.5,D,↑,57.0,57.0,23.0,0.0,0.0,53,33,16,11,4,0.243,0.5,0.0252,0.0326,0.5,1.629,0.8,False,4998,正常,情绪 34 D ↑｜涨停 53、炸板 33、跌停 16｜1进2 24%、连板晋级 50%｜最高 4 板｜昨日涨停今日均 +3.3%｜中位大面率 50%｜成交 1.63 万亿（较20日均 0.80 倍）,both,0.0,0.0,0.0,0.0,0.0,0.0,0,0,0,0,True
2026-09-15,35.0,D,→,36.0,53.0,0.0,80.0,0.0,32,25,28,7,4,0.073,0.364,0.0293,0.0081,0.091,1.613,0.802,False,4997,正常,情绪 35 D →｜涨停 32、炸板 25、跌停 28｜1进2 7%、连板晋级 36%｜最高 4 板｜昨日涨停今日均 +0.8%｜中位大面率 9%｜成交 1.61 万亿（较20日均 0.80 倍）,35.0,D,→,36.0,53.0,0.0,80.0,0.0,32,25,28,7,4,0.073,0.364,0.0293,0.0081,0.091,1.613,0.802,False,4997,正常,情绪 35 D →｜涨停 32、炸板 25、跌停 28｜1进2 7%、连板晋级 36%｜最高 4 板｜昨日涨停今日均 +0.8%｜中位大面率 9%｜成交 1.61 万亿（较20日均 0.80 倍）,both,0.0,0.0,0.0,0.0,0.0,0.0,0,0,0,0,True
2026-09-16,65.0,B,↑,77.0,62.0,95.0,31.0,31.0,89,14,4,12,5,0.36,0.429,0.0285,0.0365,0.286,1.839,0.932,False,4998,正常,情绪 65 B ↑｜涨停 89、炸板 14、跌停 4｜1进2 36%、连板晋级 43%｜最高 5 板｜昨日涨停今日均 +3.7%｜中位大面率 29%｜成交 1.84 万亿（较20日均 0.93 倍）,65.0,B,↑,77.0,62.0,95.0,31.0,31.0,89,14,4,12,5,0.36,0.429,0.0285,0.0365,0.286,1.839,0.932,False,4998,正常,情绪 65 B ↑｜涨停 89、炸板 14、跌停 4｜1进2 36%、连板晋级 43%｜最高 5 板｜昨日涨停今日均 +3.7%｜中位大面率 29%｜成交 1.84 万亿（较20日均 0.93 倍）,both,0.0,0.0,0.0,0.0,0.0,0.0,0,0,0,0,True
2026-09-17,38.8,C,↓,17.0,36.0,41.0,80.0,32.0,47,23,1,9,5,0.065,0.333,0.0039,0.0015,0.091,1.823,0.937,False,5001,正常,情绪 39 C ↓｜涨停 47、炸板 23、跌停 1｜1进2 6%、连板晋级 33%｜最高 5 板｜昨日涨停今日均 +0.1%｜中位大面率 9%｜成交 1.82 万亿（较20日均 0.94 倍）,38.8,C,↓,17.0,36.0,41.0,80.0,32.0,47,23,1,9,5,0.065,0.333,0.0039,0.0015,0.091,1.823,0.937,False,5001,正常,情绪 39 C ↓｜涨停 47、炸板 23、跌停 1｜1进2 6%、连板晋级 33%｜最高 5 板｜昨日涨停今日均 +0.1%｜中位大面率 9%｜成交 1.82 万亿（较20日均 0.94 倍）,both,0.0,0.0,0.0,0.0,0.0,0.0,0,0,0,0,True
