N,U,Z,D,Touch,lianban,max_h,ladder,cohort_original_n,cohort_suspended_n,cohort_missing_n,cohort_observed_n,cohort_unobservable_n,k_h1,n_h1,original_h1,k_h2,n_h2,original_h2,k_h3,n_h3,original_h3,k_h4,n_h4,original_h4,P_open,P_close,P_n,C_open,C_close,C_n,H_score,H_n,H_original_n,H_h2l,kz_b1,nz_b1,kz_b2,nz_b2,kz_b3,nz_b3,k_mid,n_mid,MID_original_n,median_ret,amount,amount_observed_n,amount_original_n,amount_complete,Udens,Ddens,BL,date,cls_U,cls_Z,cls_D,comparison_delisting_excluded_n,cls_lianban,cls_1to2,cls_lb_promo,amt_ma20,ratio20,lr20,M1raw,SQ,MIDfail,Q_M1raw,clip_low_M1raw,clip_high_M1raw,endpoint_low_M1raw,endpoint_high_M1raw,constant_anchor_M1raw,Q_P_open,clip_low_P_open,clip_high_P_open,endpoint_low_P_open,endpoint_high_P_open,constant_anchor_P_open,Q_P_close,clip_low_P_close,clip_high_P_close,endpoint_low_P_close,endpoint_high_P_close,constant_anchor_P_close,Q_C_open,clip_low_C_open,clip_high_C_open,endpoint_low_C_open,endpoint_high_C_open,constant_anchor_C_open,Q_C_close,clip_low_C_close,clip_high_C_close,endpoint_low_C_close,endpoint_high_C_close,constant_anchor_C_close,Q_BL,clip_low_BL,clip_high_BL,endpoint_low_BL,endpoint_high_BL,constant_anchor_BL,Q_SQ,clip_low_SQ,clip_high_SQ,endpoint_low_SQ,endpoint_high_SQ,constant_anchor_SQ,Q_Ddens,clip_low_Ddens,clip_high_Ddens,endpoint_low_Ddens,endpoint_high_Ddens,constant_anchor_Ddens,Q_MIDfail,clip_low_MIDfail,clip_high_MIDfail,endpoint_low_MIDfail,endpoint_high_MIDfail,constant_anchor_MIDfail,Q_lr20,clip_low_lr20,clip_high_lr20,endpoint_low_lr20,endpoint_high_lr20,constant_anchor_lr20,M1,M2,M3,M4,panic,M5,score5,available_weight_sum,score_available,grade5,delta1,delta5,direction,pseudocount,eligible_n,market_observed_n,excluded_n,excluded_pct,historical_name_n,st_fallback_n,name_unknown_n,name_overlap_n,name_st_conflict_n,latest_name_st_conflict_n,missing_listing_date_n,ref_validated_n,ref_candidate_n,ambiguous_nominal_regime_n,nominal_regime_unmatched_n,reference_price_mismatch_n,invalid_price_n,invalid_limit_n,amount_missing_n,amount_nonpositive_n,amount_coverage,prev_cohort_original_n,prev_cohort_observed_n,prev_cohort_suspended_n,missing_prev_cohort_n,prev_cohort_unobservable_n,exclusion_reasons_json,st_fallback_pct,namechange_coverage,limit_up_n,touched_n,broken_n,limit_down_n,chain_n,max_height,ladder_coverage,yesterday_limit_open_mean,yesterday_limit_close_mean,turnover_cny,turnover_ratio20,promo_1to2,promo_chain,mid_failure_rate,trade_date,method_version,calibration_version,input_snapshot_id,information_cutoff,available_at_basis,quality_reasons,quality_status,phase,phase_trigger,phase_tag,phase_consecutive_days,lo5,hi5,breadth_up,M4_delta,phase_quality,cycle_version,theme_heat_score,theme_heat_level,top3_heat_composite,history_window_sessions,structure,structure_label,structure_evidence,theme_method_version,point_in_time,theme_quality,top3_themes,case,relative_market_day,display_role
4982,81,23,1,104,21,11,1.0,80,0,0,80,0,8,59,59,8,12,12,1,2,2,4,7,7,0.024771094041789943,0.02563428940343379,80,0.05130209580569174,0.058617781925219624,21,100.0,3,3,0,18,78,3,11,2,15,0,18,18,-0.004760286167492189,2160030689974.0,5166,5166,True,16.25853071055801,0.2007226013649137,16.25853071055801,20251226,81,23,1,1,21,0.13559322033898305,0.6190476190476191,1796004893525.6,1.2026864168136027,0.1845577353599585,0.435598717292183,0.784486818424497,0.04622025546702141,97.65929433556975,False,False,False,False,False,58.55147622408092,False,False,False,False,False,68.79192718247081,False,False,False,False,False,89.74197325683802,False,False,False,False,False,92.23859133447635,False,False,False,False,False,100.0,False,True,False,False,False,91.22255028368771,False,False,False,False,False,0.0,False,False,True,False,False,0.0,True,False,False,False,False,91.0886788202807,False,False,False,False,False,97.65929433556975,82.8122791558433,96.9278925992907,100.0,False,91.0886788202807,93.85747312994144,1.0,93.85747312994144,S,2.798659484021769,29.375152056958825,上,5,4982,5166,184,0.03561749903213318,5166,0,0,1,0,0,0,5162,5162,0,4,0,0,0,0,0,1.0,80,80,0,0,0,"{""eligible"": 4982, ""historical_ST"": 172, ""new_listing_age_le_20"": 11, ""unmatched_or_special_limit_regime"": 1}",0.0,1.0,81,104,23,1,21,11,1.0,0.024771094041789943,0.02563428940343379,2160030689974.0,1.2026864168136027,0.13559322033898305,0.6190476190476191,0.0,2025-12-26,F1-formal-live-v1,F1-2025-a5-v1,d8ea4bf3c634204d1f9009d9f82093d593f4f3a7742ef98d3ba53907a56c7c63,2025-12-26 market close,post-close research convention; provider first-publication timestamp unverified,,OK,强势,score_ge_65,高强度区,1,47.9883677151195,91.05881364591967,2,0.0,observed,C0-v1,100.0,高热,92.65,120.0,multiple_mainlines,多主线,"{""code"": ""multiple_mainlines"", ""label"": ""多主线"", ""confidence"": ""中高"", ""summary"": ""待归类、待归类同时具备宽度与封板质量，热度接近，市场呈多主线共存。"", ""evidence"": {""top_theme"": ""机器人概念"", ""top_heat"": 96.59, ""top_width"": 10, ""top_share"": 0.1235, ""top3_share"": 0.5062, ""heat_gap_top1_top2"": 0.4, ""strong_theme_count"": 5, ""broad_strong_theme_count"": 3, ""broad_level1_themes"": [""待归类"", ""待归类"", ""待归类""], ""theme_width_hhi"": 0.1099, ""previous_top_theme"": ""商业航天"", ""same_level1_as_previous_top"": false, ""previous_top_weakened"": false}}",theme-market-review-v2,True,source_tags_first_publication_unverified,机器人概念 / 商业航天 / 锂电池,high_score,-5,available_by_event_date
4983,74,25,16,99,18,12,0.8333333333333334,81,0,0,81,0,8,60,60,4,8,8,3,8,8,3,5,5,0.012289058530087818,0.003123850430495167,81,0.0211931913441283,0.021789056932813605,21,100.0,3,3,0,19,75,6,14,0,10,6,17,17,-0.004255319148936287,2139207301146.9998,5168,5168,True,14.850491671683725,3.2109171182018863,12.375409726403104,20251229,74,25,15,1,18,0.13333333333333333,0.47619047619047616,1824723075886.0,1.1723462751235834,0.1590071041062061,0.37946677803934364,0.7854648642599891,0.3210484488973406,59.997878552058424,False,False,False,False,False,6.122694280662628,False,False,False,False,False,13.18022787361869,False,False,False,False,False,22.230134193571484,False,False,False,False,False,40.03169392226301,False,False,False,False,False,69.62569835735223,False,False,False,False,False,91.75401915385412,False,False,False,False,False,72.01587220001056,False,False,False,False,False,93.69456971090484,False,False,False,False,False,85.03621082093053,False,False,False,False,False,59.997878552058424,40.66176028534974,66.9602179967872,6.305430289095156,False,85.03621082093053,51.0814454665548,1.0,51.0814454665548,B,-42.77602766338664,3.0930777514352954,下,5,4983,5168,185,0.03579721362229102,5168,0,0,1,0,0,0,5164,5164,0,4,0,0,0,0,0,1.0,81,81,0,0,0,"{""eligible"": 4983, ""historical_ST"": 173, ""new_listing_age_le_20"": 11, ""unmatched_or_special_limit_regime"": 1}",0.0,1.0,74,99,25,16,18,12,0.8333333333333334,0.012289058530087818,0.003123850430495167,2139207301146.9998,1.1723462751235834,0.13333333333333333,0.47619047619047616,0.35294117647058826,2025-12-29,F1-formal-live-v1,F1-2025-a5-v1,d8ea4bf3c634204d1f9009d9f82093d593f4f3a7742ef98d3ba53907a56c7c63,2025-12-29 market close,post-close research convention; provider first-publication timestamp unverified,,OK,退潮,panic_or_five_day_decline_or_mid_failure,,1,47.9883677151195,93.85747312994144,0,-93.69456971090484,observed,C0-v1,99.2,高热,90.98,120.0,multiple_mainlines,多主线,"{""code"": ""multiple_mainlines"", ""label"": ""多主线"", ""confidence"": ""中高"", ""summary"": ""待归类、待归类同时具备宽度与封板质量，热度接近，市场呈多主线共存。"", ""evidence"": {""top_theme"": ""商业航天"", ""top_heat"": 96.53, ""top_width"": 22, ""top_share"": 0.3056, ""top3_share"": 0.4861, ""heat_gap_top1_top2"": 3.25, ""strong_theme_count"": 3, ""broad_strong_theme_count"": 2, ""broad_level1_themes"": [""待归类"", ""待归类""], ""theme_width_hhi"": 0.1292, ""previous_top_theme"": ""机器人概念"", ""same_level1_as_previous_top"": false, ""previous_top_weakened"": false}}",theme-market-review-v2,True,source_tags_first_publication_unverified,商业航天 / 机器人概念 / 实控人变更,high_score,-4,available_by_event_date
4979,53,30,12,83,18,10,1.0,74,2,0,72,0,12,55,56,1,8,8,3,4,4,2,5,6,0.013080544017117968,0.008431522952756166,72,0.019551701214612523,0.021480729167713153,17,50.0,2,3,0,23,58,5,17,2,8,2,15,15,-0.005136986301369939,2142446854428.0,5170,5170,True,10.64470777264511,2.410122514561157,10.64470777264511,20251230,53,30,12,0,18,0.21818181818181817,0.35294117647058826,1837991252137.05,1.1656458385952362,0.1532753013054567,0.355993386268447,0.7051976354632175,0.15315329378707462,44.24853550244567,False,False,False,False,False,9.447201727543401,False,False,False,False,False,26.292752631251282,False,False,False,False,False,18.54949488006605,False,False,False,False,False,39.59462106662504,False,False,False,False,False,52.00242304742396,False,False,False,False,False,48.13690853189166,False,False,False,False,False,52.85766780103145,False,False,False,False,False,29.49216405889747,False,False,False,False,False,83.67845364125121,False,False,False,False,False,44.24853550244567,31.233612615107756,49.4344702548738,70.50783594110253,False,83.67845364125121,51.26641244988693,1.0,51.26641244988693,B,0.18496698333213146,-11.01040329733403,平,5,4979,5170,191,0.03694390715667312,5170,0,0,1,0,0,0,5165,5165,0,5,0,0,0,0,0,1.0,74,72,2,0,0,"{""eligible"": 4979, ""historical_ST"": 175, ""new_listing_age_le_20"": 14, ""unmatched_or_special_limit_regime"": 2}",0.0,1.0,53,83,30,12,18,10,1.0,0.013080544017117968,0.008431522952756166,2142446854428.0,1.1656458385952362,0.21818181818181817,0.35294117647058826,0.13333333333333333,2025-12-30,F1-formal-live-v1,F1-2025-a5-v1,d8ea4bf3c634204d1f9009d9f82093d593f4f3a7742ef98d3ba53907a56c7c63,2025-12-30 market close,post-close research convention; provider first-publication timestamp unverified,,OK,中性/混沌,none_of_above,,1,51.0814454665548,93.85747312994144,1,64.20240565200737,observed,C0-v1,87.5,高热,84.72,120.0,clear_single_mainline,主线明确,"{""code"": ""clear_single_mainline"", ""label"": ""主线明确"", ""confidence"": ""中高"", ""summary"": ""机器人概念在热度、宽度和持续性上显著领先，单一主线较明确。"", ""evidence"": {""top_theme"": ""机器人概念"", ""top_heat"": 92.87, ""top_width"": 19, ""top_share"": 0.3585, ""top3_share"": 0.566, ""heat_gap_top1_top2"": 12.87, ""strong_theme_count"": 2, ""broad_strong_theme_count"": 1, ""broad_level1_themes"": [""待归类""], ""theme_width_hhi"": 0.1762, ""previous_top_theme"": ""商业航天"", ""same_level1_as_previous_top"": false, ""previous_top_weakened"": false}}",theme-market-review-v2,True,source_tags_first_publication_unverified,机器人概念 / 实控人变更 / 商业航天,high_score,-3,available_by_event_date
4982,56,20,7,76,11,6,0.8333333333333334,53,1,0,52,0,4,35,35,4,11,12,0,1,1,3,5,5,0.019870591097639556,0.015403855742490275,52,0.03546241364375659,0.027116195958989946,17,82.0,5,5,0,17,62,2,6,1,8,3,15,16,-0.0005738960775478197,2045100283637.0,5171,5171,True,11.240465676435166,1.4050582095543958,9.36705473036264,20251231,56,20,7,1,11,0.11428571428571428,0.4117647058823529,1865447493225.6,1.0963054661489062,0.09194585968328767,0.3470708336222451,0.7584654011809683,0.20315329378707464,38.26199789958027,False,False,False,False,False,37.96770204469599,False,False,False,False,False,43.517795423623156,False,False,False,False,False,54.22536805139138,False,False,False,False,False,47.58322878255298,False,False,False,False,False,38.9924236851306,False,False,False,False,False,77.0825450603246,False,False,False,False,False,28.812516520171762,False,False,False,False,False,48.611955100468066,False,False,False,False,False,69.15065277599165,False,False,False,False,False,38.26199789958027,54.60313280035183,60.37273111512292,51.388044899531934,False,69.15065277599165,52.42660474502107,1.0,52.42660474502107,B,1.160192295134145,-21.251867661103255,平,5,4982,5171,189,0.03654999033069039,5171,0,0,1,0,0,0,5167,5167,0,4,0,0,0,0,0,1.0,53,52,1,0,0,"{""eligible"": 4982, ""historical_ST"": 174, ""new_listing_age_le_20"": 14, ""unmatched_or_special_limit_regime"": 1}",0.0,1.0,56,76,20,7,11,6,0.8333333333333334,0.019870591097639556,0.015403855742490275,2045100283637.0,1.0963054661489062,0.11428571428571428,0.4117647058823529,0.2,2025-12-31,F1-formal-live-v1,F1-2025-a5-v1,d8ea4bf3c634204d1f9009d9f82093d593f4f3a7742ef98d3ba53907a56c7c63,2025-12-31 market close,post-close research convention; provider first-publication timestamp unverified,,OK,中性/混沌,none_of_above,,2,51.0814454665548,93.85747312994144,2,-19.119791041570593,observed,C0-v1,86.7,高热,84.51,120.0,clear_single_mainline,主线明确,"{""code"": ""clear_single_mainline"", ""label"": ""主线明确"", ""confidence"": ""中高"", ""summary"": ""商业航天在热度、宽度和持续性上显著领先，单一主线较明确。"", ""evidence"": {""top_theme"": ""商业航天"", ""top_heat"": 94.97, ""top_width"": 17, ""top_share"": 0.3036, ""top3_share"": 0.5714, ""heat_gap_top1_top2"": 5.18, ""strong_theme_count"": 2, ""broad_strong_theme_count"": 1, ""broad_level1_themes"": [""待归类""], ""theme_width_hhi"": 0.1416, ""previous_top_theme"": ""机器人概念"", ""same_level1_as_previous_top"": false, ""previous_top_weakened"": false}}",theme-market-review-v2,True,source_tags_first_publication_unverified,商业航天 / 机器人概念 / 人工智能,high_score,-2,available_by_event_date
4982,107,34,9,141,14,6,0.8333333333333334,56,0,0,56,0,11,45,45,1,4,4,1,4,4,1,3,3,0.026271516807029795,0.023316050703200093,56,0.016765531930139563,2.4772146489599418e-05,11,56.42857142857143,7,7,0,29,122,2,13,3,6,4,8,8,0.01191873628033735,2546101380973.0,5171,5171,True,21.477318346045763,1.8065034122842232,17.89776528837147,20260105,107,34,9,1,14,0.24444444444444444,0.2727272727272727,1884211239796.55,1.3512823441430688,0.301054026145914,0.3317939090501763,0.6965192297371241,0.3894666058262687,28.012029417101363,False,False,False,False,False,64.85376064779938,False,False,False,False,False,63.06475350635877,False,False,False,False,False,12.30219310339464,False,False,False,False,False,9.179532102267782,False,False,False,False,False,100.0,False,True,False,False,False,43.421073835073145,False,False,False,False,False,38.41668869356235,False,False,False,False,False,100.0,False,True,False,False,False,100.0,False,True,False,False,False,28.012029417101363,43.26929417826835,70.59320366888501,0.0,False,100.0,44.19500769300668,1.0,44.19500769300668,C,-8.231597052014394,-46.86380595291299,下,5,4982,5171,189,0.03654999033069039,5171,0,0,1,0,0,0,5167,5167,0,4,0,0,0,0,0,1.0,56,56,0,0,0,"{""eligible"": 4982, ""historical_ST"": 174, ""new_listing_age_le_20"": 14, ""unmatched_or_special_limit_regime"": 1}",0.0,1.0,107,141,34,9,14,6,0.8333333333333334,0.026271516807029795,0.023316050703200093,2546101380973.0,1.3512823441430688,0.24444444444444444,0.2727272727272727,0.5,2026-01-05,F1-formal-live-v1,F1-2025-a5-v1,d8ea4bf3c634204d1f9009d9f82093d593f4f3a7742ef98d3ba53907a56c7c63,2026-01-05 market close,post-close research convention; provider first-publication timestamp unverified,,OK,退潮,panic_or_five_day_decline_or_mid_failure,,1,51.0814454665548,93.85747312994144,2,-51.388044899531934,observed,C0-v1,82.5,高热,81.91,120.0,clear_single_mainline,主线明确,"{""code"": ""clear_single_mainline"", ""label"": ""主线明确"", ""confidence"": ""中高"", ""summary"": ""商业航天在热度、宽度和持续性上显著领先，单一主线较明确。"", ""evidence"": {""top_theme"": ""商业航天"", ""top_heat"": 90.08, ""top_width"": 12, ""top_share"": 0.1121, ""top3_share"": 0.514, ""heat_gap_top1_top2"": 15.58, ""strong_theme_count"": 5, ""broad_strong_theme_count"": 2, ""broad_level1_themes"": [""待归类"", ""待归类""], ""theme_width_hhi"": 0.1362, ""previous_top_theme"": ""商业航天"", ""same_level1_as_previous_top"": false, ""previous_top_weakened"": false}}",theme-market-review-v2,True,source_tags_first_publication_unverified,商业航天 / 脑机接口 / 人工智能,high_score,-1,available_by_event_date
4982,118,26,1,144,41,7,1.0,107,0,0,107,0,32,93,93,6,11,11,1,1,1,2,2,2,0.0428597172225556,0.060327497916934834,107,0.03689312765634843,0.06390814660310058,14,100.0,3,3,0,20,97,5,37,1,10,0,13,13,0.007905138339921125,2806288611168.9995,5173,5173,True,23.685266961059813,0.2007226013649137,23.685266961059813,20260106,118,26,1,1,41,0.34408602150537637,0.6428571428571429,1934073453113.4,1.4509731296148758,0.37223445520189413,0.4969341796545065,0.8338392593230248,0.0590592153189718,100.0,False,True,False,False,False,100.0,False,True,False,False,False,100.0,False,True,False,False,False,57.43339358041607,False,False,False,False,False,99.73799637954046,False,False,False,False,False,100.0,False,True,False,False,False,100.0,False,True,False,False,False,0.0,False,False,True,False,False,0.0,True,False,False,False,False,100.0,False,True,False,False,False,100.0,93.98565434096174,100.0,100.0,False,100.0,98.66347874243594,1.0,98.66347874243594,S,54.46847104942926,4.806005612494502,上,5,4982,5173,191,0.036922482118693215,5173,0,0,1,0,0,0,5168,5168,0,5,0,0,0,0,0,1.0,107,107,0,0,0,"{""eligible"": 4982, ""historical_ST"": 176, ""new_listing_age_le_20"": 14, ""unmatched_or_special_limit_regime"": 1}",0.0,1.0,118,144,26,1,41,7,1.0,0.0428597172225556,0.060327497916934834,2806288611168.9995,1.4509731296148758,0.34408602150537637,0.6428571428571429,0.0,2026-01-06,F1-formal-live-v1,F1-2025-a5-v1,d8ea4bf3c634204d1f9009d9f82093d593f4f3a7742ef98d3ba53907a56c7c63,2026-01-06 market close,post-close research convention; provider first-publication timestamp unverified,,OK,修复,improve_after_low_with_breadth,,1,44.19500769300668,93.85747312994144,4,100.0,observed,C0-v1,95.0,高热,88.3,120.0,scattered_no_mainline,热点分散、无明确主线,"{""code"": ""scattered_no_mainline"", ""label"": ""热点分散、无明确主线"", ""confidence"": ""中"", ""summary"": ""局部题材仍有活跃度，但领先差、持续性或板块宽度不足，尚不能确认单一或多主线。"", ""evidence"": {""top_theme"": ""商业航天"", ""top_heat"": 94.56, ""top_width"": 15, ""top_share"": 0.1282, ""top3_share"": 0.2906, ""heat_gap_top1_top2"": 11.15, ""strong_theme_count"": 6, ""broad_strong_theme_count"": 1, ""broad_level1_themes"": [""待归类""], ""theme_width_hhi"": 0.0756, ""previous_top_theme"": ""商业航天"", ""same_level1_as_previous_top"": false, ""previous_top_weakened"": false}}",theme-market-review-v2,True,source_tags_first_publication_unverified,商业航天 / 脑机接口 / 实控人变更,high_score,0,available_by_event_date
4983,80,48,3,128,23,8,0.8333333333333334,118,2,0,116,0,8,76,77,11,31,32,2,6,6,2,3,3,0.022838950041506698,0.01292110268042585,116,0.03918195531509498,0.02410730859040481,40,71.66666666666667,3,3,0,40,97,5,13,3,18,9,38,39,-0.003895062435559704,2854018138766.0,5174,5174,True,16.05458559100943,0.6020469596628537,13.378821325841193,20260107,80,48,3,1,23,0.10526315789473684,0.375,1988104932923.05,1.4355470335108642,0.36154598459177517,0.34334459091308156,0.7153626076799154,0.23402478780794167,35.761895856998734,False,False,False,False,False,50.43581621180457,False,False,False,False,False,37.3841915027204,False,False,False,False,False,62.565528651557955,False,False,False,False,False,43.317952854346956,False,False,False,False,False,79.84317042276228,False,False,False,False,False,53.66054157978783,False,False,False,False,False,9.601281092062052,False,False,False,False,False,60.41708539686954,False,False,False,False,False,100.0,False,True,False,False,False,35.761895856998734,52.814547331839265,73.31813744901514,39.58291460313046,False,100.0,55.67160901210015,1.0,55.67160901210015,B,-42.99186973033579,4.5901635455453516,下,5,4983,5174,191,0.03691534596057209,5174,0,0,1,0,0,0,5169,5169,0,5,0,0,0,0,0,1.0,118,116,2,0,0,"{""eligible"": 4983, ""historical_ST"": 176, ""new_listing_age_le_20"": 14, ""unmatched_or_special_limit_regime"": 1}",0.0,1.0,80,128,48,3,23,8,0.8333333333333334,0.022838950041506698,0.01292110268042585,2854018138766.0,1.4355470335108642,0.10526315789473684,0.375,0.23684210526315788,2026-01-07,F1-formal-live-v1,F1-2025-a5-v1,d8ea4bf3c634204d1f9009d9f82093d593f4f3a7742ef98d3ba53907a56c7c63,2026-01-07 market close,post-close research convention; provider first-publication timestamp unverified,,OK,退潮,panic_or_five_day_decline_or_mid_failure,,1,44.19500769300668,98.66347874243594,0,-60.41708539686954,observed,C0-v1,91.7,高热,87.22,120.0,clear_single_mainline,主线明确,"{""code"": ""clear_single_mainline"", ""label"": ""主线明确"", ""confidence"": ""中高"", ""summary"": ""商业航天在热度、宽度和持续性上显著领先，单一主线较明确。"", ""evidence"": {""top_theme"": ""商业航天"", ""top_heat"": 96.64, ""top_width"": 11, ""top_share"": 0.1375, ""top3_share"": 0.3875, ""heat_gap_top1_top2"": 12.48, ""strong_theme_count"": 4, ""broad_strong_theme_count"": 1, ""broad_level1_themes"": [""待归类""], ""theme_width_hhi"": 0.0822, ""previous_top_theme"": ""商业航天"", ""same_level1_as_previous_top"": false, ""previous_top_weakened"": false}}",theme-market-review-v2,True,source_tags_first_publication_unverified,商业航天 / 机器人概念 / 芯片,high_score,1,future_outcome_only
4983,93,35,4,128,26,9,0.8333333333333334,80,0,0,80,0,12,57,57,5,8,8,8,11,11,1,4,4,0.03405177475951206,0.04330278358385019,80,0.045158879447735424,0.07495903026066134,23,75.0,4,4,0,26,93,5,17,4,18,1,21,21,0.006981382978723527,2800153710562.0005,5173,5173,True,18.663455749548465,0.8027292795504716,15.552879791290389,20260108,93,35,4,1,26,0.21052631578947367,0.6086956521739131,2028980137173.95,1.3800794099749907,0.3221410409736901,0.44640271610716437,0.7387752176429723,0.07934868752851895,100.0,False,True,False,False,False,97.53348241848464,False,False,False,False,False,100.0,False,True,False,False,False,75.96731617429211,False,False,False,False,False,100.0,False,True,False,False,False,100.0,False,True,False,False,False,66.38292422604886,False,False,False,False,False,14.40240348498117,False,False,False,False,False,1.2695910675179096,False,False,False,False,False,100.0,False,True,False,False,False,100.0,89.99078145135844,84.63342260787181,98.73040893248209,False,100.0,94.14933572413152,1.0,94.14933572413152,S,38.47772671203137,42.88292327424459,上,5,4983,5173,190,0.03672917069398801,5173,0,0,1,0,0,0,5171,5171,0,2,0,0,0,0,0,1.0,80,80,0,0,0,"{""eligible"": 4983, ""historical_ST"": 175, ""new_listing_age_le_20"": 14, ""unmatched_or_special_limit_regime"": 1}",0.0,1.0,93,128,35,4,26,9,0.8333333333333334,0.03405177475951206,0.04330278358385019,2800153710562.0005,1.3800794099749907,0.21052631578947367,0.6086956521739131,0.047619047619047616,2026-01-08,F1-formal-live-v1,F1-2025-a5-v1,d8ea4bf3c634204d1f9009d9f82093d593f4f3a7742ef98d3ba53907a56c7c63,2026-01-08 market close,post-close research convention; provider first-publication timestamp unverified,,OK,修复,improve_after_low_with_breadth,,1,44.19500769300668,98.66347874243594,4,59.14749432935163,observed,C0-v1,95.0,高热,88.49,120.0,multiple_mainlines,多主线,"{""code"": ""multiple_mainlines"", ""label"": ""多主线"", ""confidence"": ""中高"", ""summary"": ""待归类、待归类同时具备宽度与封板质量，热度接近，市场呈多主线共存。"", ""evidence"": {""top_theme"": ""商业航天"", ""top_heat"": 95.82, ""top_width"": 28, ""top_share"": 0.3043, ""top3_share"": 0.4348, ""heat_gap_top1_top2"": 12.68, ""strong_theme_count"": 4, ""broad_strong_theme_count"": 2, ""broad_level1_themes"": [""待归类"", ""待归类""], ""theme_width_hhi"": 0.1255, ""previous_top_theme"": ""商业航天"", ""same_level1_as_previous_top"": false, ""previous_top_weakened"": false}}",theme-market-review-v2,True,source_tags_first_publication_unverified,商业航天 / 脑机接口 / 机器人概念,high_score,2,future_outcome_only
4983,96,50,1,146,20,10,1.0,93,1,0,92,0,9,66,67,3,12,12,3,5,5,5,9,9,0.03484794900917469,0.030646352258707245,92,0.05982691023822862,0.051271847398118346,26,72.5,14,14,0,37,113,8,17,5,16,2,25,25,0.0072727272727273196,3122538578495.0005,5172,5172,True,19.26550270921132,0.2006823198876179,19.26550270921132,20260109,96,50,1,1,20,0.13636363636363635,0.4230769230769231,2073799166705.0,1.5057092454407301,0.4092640466220452,0.36007289386980124,0.6539490574724619,0.10210219585804975,46.985658680651646,False,False,False,False,False,100.0,False,True,False,False,False,81.17415272501196,False,False,False,False,False,100.0,False,True,False,False,False,81.82529436771222,False,False,False,False,False,100.0,False,True,False,False,False,20.28849606083647,False,False,False,False,False,0.0,True,False,False,False,False,9.970437561983207,False,False,False,False,False,100.0,False,True,False,False,False,46.985658680651646,84.79010847122242,72.10097362129277,90.0295624380168,False,100.0,74.0322949492983,1.0,74.0322949492983,A,-20.117040774833214,21.60569020427723,下,5,4983,5172,189,0.03654292343387471,5172,0,0,1,0,0,0,5171,5171,0,1,0,0,0,0,0,1.0,93,92,1,0,0,"{""eligible"": 4983, ""historical_ST"": 175, ""new_listing_age_le_20"": 13, ""unmatched_or_special_limit_regime"": 1}",0.0,1.0,96,146,50,1,20,10,1.0,0.03484794900917469,0.030646352258707245,3122538578495.0005,1.5057092454407301,0.13636363636363635,0.4230769230769231,0.08,2026-01-09,F1-formal-live-v1,F1-2025-a5-v1,d8ea4bf3c634204d1f9009d9f82093d593f4f3a7742ef98d3ba53907a56c7c63,2026-01-09 market close,post-close research convention; provider first-publication timestamp unverified,,OK,分歧,decline_after_recent_strength,,1,44.19500769300668,98.66347874243594,0,-8.700846494465296,observed,C0-v1,100.0,高热,92.83,120.0,multiple_mainlines,多主线,"{""code"": ""multiple_mainlines"", ""label"": ""多主线"", ""confidence"": ""中高"", ""summary"": ""待归类、待归类同时具备宽度与封板质量，热度接近，市场呈多主线共存。"", ""evidence"": {""top_theme"": ""商业航天"", ""top_heat"": 95.64, ""top_width"": 20, ""top_share"": 0.2174, ""top3_share"": 0.6087, ""heat_gap_top1_top2"": 1.72, ""strong_theme_count"": 3, ""broad_strong_theme_count"": 2, ""broad_level1_themes"": [""待归类"", ""待归类""], ""theme_width_hhi"": 0.1692, ""previous_top_theme"": ""商业航天"", ""same_level1_as_previous_top"": false, ""previous_top_weakened"": false}}",theme-market-review-v2,True,source_tags_first_publication_unverified,商业航天 / 人工智能 / 机器人概念,high_score,3,future_outcome_only
4983,179,61,3,240,42,11,1.0,96,0,0,96,0,28,76,76,6,9,9,3,3,3,5,8,8,0.0550657004664565,0.06590702436941441,96,0.06860220878704269,0.08510209755503703,20,83.125,8,8,0,51,188,6,34,4,18,0,15,15,0.012232415902140747,3601093290654.0005,5172,5172,True,35.9221352598836,0.6020469596628537,35.9221352598836,20260112,179,61,3,1,42,0.3684210526315789,0.7,2141008202639.7,1.6819614638627385,0.5199606503862396,0.5387955543469489,0.7718967106494411,0.05315329378707462,100.0,False,True,False,False,False,100.0,False,True,False,False,False,100.0,False,True,False,False,False,100.0,False,True,False,False,False,100.0,False,True,False,False,False,100.0,False,True,False,False,False,84.38110164021431,False,False,False,False,False,9.601281092062052,False,False,False,False,False,0.0,True,False,False,False,False,100.0,False,True,False,False,False,100.0,95.78125,92.13306530105949,100.0,False,100.0,97.31429228912432,1.0,97.31429228912432,S,23.28199733982602,53.119284596117645,上,5,4983,5172,189,0.03654292343387471,5172,0,0,1,0,0,0,5171,5171,0,1,0,0,0,0,0,1.0,96,96,0,0,0,"{""eligible"": 4983, ""historical_ST"": 175, ""new_listing_age_le_20"": 13, ""unmatched_or_special_limit_regime"": 1}",0.0,1.0,179,240,61,3,42,11,1.0,0.0550657004664565,0.06590702436941441,3601093290654.0005,1.6819614638627385,0.3684210526315789,0.7,0.0,2026-01-12,F1-formal-live-v1,F1-2025-a5-v1,d8ea4bf3c634204d1f9009d9f82093d593f4f3a7742ef98d3ba53907a56c7c63,2026-01-12 market close,post-close research convention; provider first-publication timestamp unverified,,OK,修复,improve_after_low_with_breadth,,1,44.19500769300668,98.66347874243594,4,9.970437561983204,observed,C0-v1,100.0,高热,93.53,120.0,multiple_mainlines,多主线,"{""code"": ""multiple_mainlines"", ""label"": ""多主线"", ""confidence"": ""中高"", ""summary"": ""待归类、待归类同时具备宽度与封板质量，热度接近，市场呈多主线共存。"", ""evidence"": {""top_theme"": ""人工智能"", ""top_heat"": 96.86, ""top_width"": 73, ""top_share"": 0.4101, ""top3_share"": 0.6798, ""heat_gap_top1_top2"": 0.41, ""strong_theme_count"": 5, ""broad_strong_theme_count"": 2, ""broad_level1_themes"": [""待归类"", ""待归类""], ""theme_width_hhi"": 0.2324, ""previous_top_theme"": ""商业航天"", ""same_level1_as_previous_top"": false, ""previous_top_weakened"": false}}",theme-market-review-v2,True,source_tags_first_publication_unverified,人工智能 / 商业航天 / 实控人变更,high_score,4,future_outcome_only
4980,66,66,50,132,30,12,0.8333333333333334,179,3,0,176,0,17,135,137,8,28,28,3,6,6,2,7,8,0.05107285160132298,0.00981315499132846,176,0.07818607612879705,0.0252850735577199,41,62.5,4,5,0,39,75,16,33,11,24,6,37,37,-0.010584639071847424,3650766443824.0005,5165,5165,True,13.25301204819277,10.040160642570282,11.04417670682731,20260113,66,66,50,1,30,0.1259259259259259,0.3170731707317073,2228213732900.25,1.6384274048397285,0.49373688230991214,0.3167100317904194,0.5476902006318962,0.1681682351367022,17.891584966602164,False,False,False,False,False,100.0,False,True,False,False,False,29.70605370356389,False,False,False,False,False,100.0,False,True,False,False,False,44.987504402411574,False,False,False,False,False,56.07010841033131,False,False,False,False,False,0.0,True,False,False,False,False,100.0,False,True,False,False,False,35.23381488102381,False,False,False,False,False,100.0,False,True,False,False,False,17.891584966602164,62.201828813361765,22.428043364132524,64.76618511897618,True,50.0,40.126442716662034,1.0,40.126442716662034,C,-57.18784957246229,-58.53703602577391,下,5,4980,5165,185,0.03581800580832527,5165,0,0,1,0,0,0,5165,5165,0,0,0,0,0,0,0,1.0,179,176,3,0,0,"{""eligible"": 4980, ""historical_ST"": 171, ""new_listing_age_le_20"": 13, ""unmatched_or_special_limit_regime"": 1}",0.0,1.0,66,132,66,50,30,12,0.8333333333333334,0.05107285160132298,0.00981315499132846,3650766443824.0005,1.6384274048397285,0.1259259259259259,0.3170731707317073,0.16216216216216217,2026-01-13,F1-formal-live-v1,F1-2025-a5-v1,d8ea4bf3c634204d1f9009d9f82093d593f4f3a7742ef98d3ba53907a56c7c63,2026-01-13 market close,post-close research convention; provider first-publication timestamp unverified,,OK,退潮,panic_or_five_day_decline_or_mid_failure,,1,55.67160901210015,98.66347874243594,0,-35.23381488102382,observed,C0-v1,91.7,高热,88.22,120.0,clear_single_mainline,主线明确,"{""code"": ""clear_single_mainline"", ""label"": ""主线明确"", ""confidence"": ""中高"", ""summary"": ""人工智能在热度、宽度和持续性上显著领先，单一主线较明确。"", ""evidence"": {""top_theme"": ""人工智能"", ""top_heat"": 95.3, ""top_width"": 31, ""top_share"": 0.4769, ""top3_share"": 0.6154, ""heat_gap_top1_top2"": 8.4, ""strong_theme_count"": 2, ""broad_strong_theme_count"": 1, ""broad_level1_themes"": [""待归类""], ""theme_width_hhi"": 0.2516, ""previous_top_theme"": ""人工智能"", ""same_level1_as_previous_top"": false, ""previous_top_weakened"": false}}",theme-market-review-v2,True,source_tags_first_publication_unverified,人工智能 / 商业航天 / 机器人概念,high_score,5,future_outcome_only
5006,28,11,7,39,8,4,0.5,57,0,0,57,0,6,50,50,0,4,4,2,2,2,0,1,1,0.009007981652504094,0.006807419838031848,57,0.03126509756795404,-0.0012251841207476005,7,48.57142857142857,7,7,0,8,28,2,8,1,3,2,6,6,-0.02637046777340868,2110758511052.0,5180,5180,True,5.593288054334798,1.3983220135836996,2.796644027167399,20260319,28,11,7,0,8,0.12,0.2857142857142857,2393785104692.6,0.8817660812218375,-0.125828472185005,0.3277510754507037,0.7154161808434568,0.2784605341583175,25.29951245866427,False,False,False,False,False,0.0,True,False,False,False,False,22.280430429485346,False,False,False,False,False,44.81391544377534,False,False,False,False,False,7.407645113867795,False,False,False,False,False,0.0,True,False,False,False,False,53.68965316910742,False,False,False,False,False,28.651359815704165,False,False,False,False,False,77.40912909677793,False,False,False,False,False,17.56397526409533,False,False,False,False,False,25.29951245866427,25.31971408197441,36.62853865526155,22.59087090322207,False,17.56397526409533,26.510618693340117,1.0,26.510618693340117,D,-5.244723078196916,-26.97796245677956,下,5,5006,5180,174,0.03359073359073359,5180,0,0,1,0,0,0,5180,5180,0,0,0,0,0,0,0,1.0,57,57,0,0,0,"{""eligible"": 5006, ""historical_ST"": 172, ""new_listing_age_le_20"": 1, ""unmatched_or_special_limit_regime"": 1}",0.0,1.0,28,39,11,7,8,4,0.5,0.009007981652504094,0.006807419838031848,2110758511052.0,0.8817660812218375,0.12,0.2857142857142857,0.3333333333333333,2026-03-19,F1-formal-live-v1,F1-2025-a5-v1,d8ea4bf3c634204d1f9009d9f82093d593f4f3a7742ef98d3ba53907a56c7c63,2026-03-19 market close,post-close research convention; provider first-publication timestamp unverified,,OK,冰点,score_lt_35,,2,22.205416657323113,70.05640905345211,2,-9.37593136323153,observed,C0-v1,4.2,低迷,50.28,120.0,cold_no_mainline,热点低迷、无主线,"{""code"": ""cold_no_mainline"", ""label"": ""热点低迷、无主线"", ""confidence"": ""中高"", ""summary"": ""前三题材绝对热度较低，当前没有形成具备宽度和持续性的有效主线。"", ""evidence"": {""top_theme"": ""风电"", ""top_heat"": 52.33, ""top_width"": 3, ""top_share"": 0.1071, ""top3_share"": 0.5, ""heat_gap_top1_top2"": 2.5, ""strong_theme_count"": 0, ""broad_strong_theme_count"": 0, ""broad_level1_themes"": [], ""theme_width_hhi"": 0.125, ""previous_top_theme"": ""算力"", ""same_level1_as_previous_top"": false, ""previous_top_weakened"": false}}",theme-market-review-v2,True,source_tags_first_publication_unverified,风电 / 算力 / 电力,longest_low,-5,available_by_event_date
5006,29,24,15,53,7,5,0.6666666666666666,28,0,0,28,0,3,20,20,2,6,6,0,0,0,2,2,2,0.016299967035160037,0.0015012342543755466,28,0.04582524536822115,0.038224435726992564,8,65.625,8,8,0,23,45,1,4,0,4,2,8,8,-0.025475845075376757,2286594329871.0005,5181,5181,True,5.793048341989612,2.9964043148222133,3.8620322279930748,20260320,29,24,15,0,7,0.15,0.5,2400118366993.85,0.95270065064956,-0.04845453731638791,0.3563878010798082,0.7434182937622162,0.2356204519801148,44.51316594991588,False,False,False,False,False,22.969870144750296,False,False,False,False,False,9.171579131205299,False,False,False,False,False,77.46147843577552,False,False,False,False,False,63.329816103128444,False,False,False,False,False,0.0,True,False,False,False,False,68.9059659175966,False,False,False,False,False,66.8838694184464,False,False,False,False,False,61.027260707758956,False,False,False,False,False,35.89241733369521,False,False,False,False,False,44.51316594991588,46.426476577314865,32.396120716547216,38.972739292241044,False,35.89241733369521,40.36440397050785,1.0,40.36440397050785,C,13.853785277167734,-14.5140299073188,上,5,5006,5181,175,0.03377726307662613,5181,0,0,1,0,0,0,5180,5180,0,1,0,0,0,0,0,1.0,28,28,0,0,0,"{""eligible"": 5006, ""historical_ST"": 172, ""new_listing_age_le_20"": 1, ""unmatched_or_special_limit_regime"": 2}",0.0,1.0,29,53,24,15,7,5,0.6666666666666666,0.016299967035160037,0.0015012342543755466,2286594329871.0005,0.95270065064956,0.15,0.5,0.25,2026-03-20,F1-formal-live-v1,F1-2025-a5-v1,d8ea4bf3c634204d1f9009d9f82093d593f4f3a7742ef98d3ba53907a56c7c63,2026-03-20 market close,post-close research convention; provider first-publication timestamp unverified,,OK,退潮,panic_or_five_day_decline_or_mid_failure,,1,22.205416657323113,70.05640905345211,4,16.381868389018976,observed,C0-v1,11.7,低迷,58.2,120.0,scattered_no_mainline,热点分散、无明确主线,"{""code"": ""scattered_no_mainline"", ""label"": ""热点分散、无明确主线"", ""confidence"": ""中"", ""summary"": ""局部题材仍有活跃度，但领先差、持续性或板块宽度不足，尚不能确认单一或多主线。"", ""evidence"": {""top_theme"": ""风电"", ""top_heat"": 59.5, ""top_width"": 2, ""top_share"": 0.0714, ""top3_share"": 0.3929, ""heat_gap_top1_top2"": 2.17, ""strong_theme_count"": 3, ""broad_strong_theme_count"": 0, ""broad_level1_themes"": [], ""theme_width_hhi"": 0.1276, ""previous_top_theme"": ""风电"", ""same_level1_as_previous_top"": false, ""previous_top_weakened"": false}}",theme-market-review-v2,True,source_tags_first_publication_unverified,风电 / 地产链 / 电力,longest_low,-4,available_by_event_date
5008,28,17,78,45,5,6,0.8333333333333334,29,0,0,29,0,2,22,22,1,3,3,1,2,2,1,2,2,0.0043079400230703795,-0.015880659290754145,29,0.039878911246245936,0.013678809582901796,7,58.57142857142857,7,7,1,15,38,0,2,2,5,1,5,5,-0.05678936101007054,2431159717836.0,5183,5183,True,5.5910543130990416,15.575079872204473,4.659211927582535,20260323,28,17,77,1,5,0.09090909090909091,0.42857142857142855,2407372720062.75,1.0098808952909586,0.00983239844491854,0.34985788730221534,0.6903091336341434,0.20630658757414927,40.13195623078143,False,False,False,False,False,0.0,True,False,False,False,False,0.0,True,False,False,False,False,64.12828151485523,False,False,False,False,False,28.534938292742112,False,False,False,False,False,0.0,True,False,False,False,False,40.0465154660215,False,False,False,False,False,100.0,False,True,False,False,False,49.817761466499064,False,False,False,False,False,49.699505306274204,False,False,False,False,False,40.13195623078143,29.61315359641272,14.016280413107525,50.182238533500936,True,49.699505306274204,34.72906907805774,1.0,34.72906907805774,D,-5.6353348924501105,12.523652420734628,下,5,5008,5183,175,0.03376422921088173,5183,0,0,1,0,0,0,5183,5183,0,0,0,0,0,0,0,1.0,29,29,0,0,0,"{""eligible"": 5008, ""historical_ST"": 173, ""new_listing_age_le_20"": 1, ""unmatched_or_special_limit_regime"": 1}",0.0,1.0,28,45,17,78,5,6,0.8333333333333334,0.0043079400230703795,-0.015880659290754145,2431159717836.0,1.0098808952909586,0.09090909090909091,0.42857142857142855,0.2,2026-03-23,F1-formal-live-v1,F1-2025-a5-v1,d8ea4bf3c634204d1f9009d9f82093d593f4f3a7742ef98d3ba53907a56c7c63,2026-03-23 market close,post-close research convention; provider first-publication timestamp unverified,,OK,冰点,score_lt_35,,1,22.205416657323113,70.05640905345211,2,11.209499241259891,observed,C0-v1,9.2,低迷,54.55,120.0,cold_no_mainline,热点低迷、无主线,"{""code"": ""cold_no_mainline"", ""label"": ""热点低迷、无主线"", ""confidence"": ""中高"", ""summary"": ""前三题材绝对热度较低，当前没有形成具备宽度和持续性的有效主线。"", ""evidence"": {""top_theme"": ""电力"", ""top_heat"": 66.0, ""top_width"": 4, ""top_share"": 0.1429, ""top3_share"": 0.2857, ""heat_gap_top1_top2"": 21.17, ""strong_theme_count"": 1, ""broad_strong_theme_count"": 0, ""broad_level1_themes"": [], ""theme_width_hhi"": 0.0816, ""previous_top_theme"": ""风电"", ""same_level1_as_previous_top"": false, ""previous_top_weakened"": true}}",theme-market-review-v2,True,source_tags_first_publication_unverified,电力 / 并购重组 / 风电,longest_low,-3,available_by_event_date
5005,84,24,1,108,6,7,0.6666666666666666,28,0,0,28,0,4,23,23,1,2,2,0,1,1,1,2,2,0.028913063556019275,0.03911070503288012,28,0.022024234798328334,0.031327042729065835,5,70.0,3,3,0,20,98,4,8,0,2,0,4,4,0.03360215053763449,2082712144064.0,5181,5181,True,16.783216783216783,0.1998001998001998,11.188811188811188,20260324,84,23,1,1,6,0.17391304347826086,0.4,2429805458304.75,0.8571518089835417,-0.15414023606766256,0.3604535564966529,0.7361022767006808,0.1181184306379436,47.24106217559465,False,False,False,False,False,75.94915277084495,False,False,False,False,False,100.0,False,True,False,False,False,24.093545464684222,False,False,False,False,False,53.552353301233204,False,False,False,False,False,57.5428826738468,False,False,False,False,False,64.93045149821765,False,False,False,False,False,0.0,True,False,False,False,False,16.09497880726932,False,False,False,False,False,10.857446442824937,False,False,False,False,False,47.24106217559465,68.27095500164995,70.7428110939149,83.90502119273069,False,10.857446442824937,59.20501842911526,1.0,59.20501842911526,B,24.475949351057523,-10.851390624336851,上,5,5005,5181,176,0.03397027600849257,5181,0,0,1,0,0,0,5181,5181,0,0,0,0,0,0,0,1.0,28,28,0,0,0,"{""eligible"": 5005, ""historical_ST"": 174, ""new_listing_age_le_20"": 1, ""unmatched_or_special_limit_regime"": 1}",0.0,1.0,84,108,24,1,6,7,0.6666666666666666,0.028913063556019275,0.03911070503288012,2082712144064.0,0.8571518089835417,0.17391304347826086,0.4,0.0,2026-03-24,F1-formal-live-v1,F1-2025-a5-v1,d8ea4bf3c634204d1f9009d9f82093d593f4f3a7742ef98d3ba53907a56c7c63,2026-03-24 market close,post-close research convention; provider first-publication timestamp unverified,,OK,启动候选,cross_50_after_low_with_breadth,,1,26.510618693340117,70.05640905345211,4,33.72278265922975,observed,C0-v1,54.2,中性,74.3,120.0,clear_single_mainline,主线明确,"{""code"": ""clear_single_mainline"", ""label"": ""主线明确"", ""confidence"": ""中高"", ""summary"": ""电力在热度、宽度和持续性上显著领先，单一主线较明确。"", ""evidence"": {""top_theme"": ""电力"", ""top_heat"": 96.36, ""top_width"": 13, ""top_share"": 0.1566, ""top3_share"": 0.3133, ""heat_gap_top1_top2"": 40.19, ""strong_theme_count"": 2, ""broad_strong_theme_count"": 1, ""broad_level1_themes"": [""待归类""], ""theme_width_hhi"": 0.0623, ""previous_top_theme"": ""电力"", ""same_level1_as_previous_top"": false, ""previous_top_weakened"": false}}",theme-market-review-v2,True,source_tags_first_publication_unverified,电力 / 光伏 / 智能电网,longest_low,-2,available_by_event_date
5005,84,17,1,101,23,8,0.8333333333333334,84,0,0,84,0,19,78,78,2,4,4,1,1,1,1,1,1,0.029527659471098436,0.04981726662999538,84,0.06948610573363806,0.08707709340516534,6,91.66666666666667,6,6,0,12,73,5,24,0,4,0,5,5,0.016822429906542258,2179631929456.0002,5182,5182,True,16.783216783216783,0.1998001998001998,13.986013986013987,20260325,84,17,1,1,23,0.24358974358974358,0.6666666666666666,2423851996602.45,0.8992429952452637,-0.10620198598885394,0.4409329232164885,0.8245489628211596,0.10630658757414924,100.0,False,True,False,False,False,78.53066403035001,False,False,False,False,False,100.0,False,True,False,False,False,100.0,False,True,False,False,False,100.0,False,True,False,False,False,86.02605095465145,False,False,False,False,False,100.0,False,True,False,False,False,0.0,True,False,False,False,False,11.57817938335786,False,False,False,False,False,22.21312379049217,False,False,False,False,False,100.0,94.48157291152268,94.41042038186058,88.42182061664214,False,22.21312379049217,86.95887125580242,1.0,86.95887125580242,S,27.753852826687158,55.20352948426539,上,5,5005,5182,177,0.03415669625627171,5182,0,0,1,0,0,0,5180,5180,0,2,0,0,0,0,0,1.0,84,84,0,0,0,"{""eligible"": 5005, ""historical_ST"": 173, ""new_listing_age_le_20"": 3, ""unmatched_or_special_limit_regime"": 1}",0.0,1.0,84,101,17,1,23,8,0.8333333333333334,0.029527659471098436,0.04981726662999538,2179631929456.0002,0.8992429952452637,0.24358974358974358,0.6666666666666666,0.0,2026-03-25,F1-formal-live-v1,F1-2025-a5-v1,d8ea4bf3c634204d1f9009d9f82093d593f4f3a7742ef98d3ba53907a56c7c63,2026-03-25 market close,post-close research convention; provider first-publication timestamp unverified,,OK,修复,improve_after_low_with_breadth,,1,26.510618693340117,59.20501842911526,5,4.516799423911451,observed,C0-v1,78.3,偏高,81.65,120.0,clear_single_mainline,主线明确,"{""code"": ""clear_single_mainline"", ""label"": ""主线明确"", ""confidence"": ""中高"", ""summary"": ""电力在热度、宽度和持续性上显著领先，单一主线较明确。"", ""evidence"": {""top_theme"": ""电力"", ""top_heat"": 96.82, ""top_width"": 15, ""top_share"": 0.1786, ""top3_share"": 0.4762, ""heat_gap_top1_top2"": 28.92, ""strong_theme_count"": 3, ""broad_strong_theme_count"": 1, ""broad_level1_themes"": [""待归类""], ""theme_width_hhi"": 0.0901, ""previous_top_theme"": ""电力"", ""same_level1_as_previous_top"": false, ""previous_top_weakened"": false}}",theme-market-review-v2,True,source_tags_first_publication_unverified,电力 / 通信 / 算力,longest_low,-1,available_by_event_date
5003,39,20,9,59,10,3,0.5,84,1,0,83,0,6,60,61,4,19,19,0,2,2,0,2,2,0.01529266725678577,0.0039281627148564395,83,0.025437858694220845,0.01567791459814589,23,50.0,4,4,0,12,41,3,9,5,9,2,22,22,-0.01632653061224487,1943452612141.9998,5181,5181,True,7.795322806316211,1.798920647611433,3.8976614031581054,20260326,39,20,9,1,10,0.1,0.17391304347826086,2409721806686.0,0.8065049694739482,-0.21504521965786805,0.25254998719730304,0.6178422053366968,0.11344688428672195,0.0,True,False,False,False,False,18.73886948924613,False,False,False,False,False,15.167269217507501,False,False,False,False,False,31.74776042877293,False,False,False,False,False,31.368787970367652,False,False,False,False,False,0.0,True,False,False,False,False,0.668078271106424,False,False,False,False,False,38.23527868549011,False,False,False,False,False,14.308599005741934,False,False,False,False,False,0.0,True,False,False,False,False,0.0,30.170495664286598,15.675007723514721,85.69140099425806,False,0.0,24.469789807443306,1.0,24.469789807443306,D,-62.489081448359116,-2.0408288858968113,下,5,5003,5181,178,0.034356301872225437,5181,0,0,1,0,0,0,5179,5179,0,2,0,0,0,0,0,1.0,84,83,1,0,0,"{""eligible"": 5003, ""historical_ST"": 174, ""new_listing_age_le_20"": 3, ""unmatched_or_special_limit_regime"": 1}",0.0,1.0,39,59,20,9,10,3,0.5,0.01529266725678577,0.0039281627148564395,1943452612141.9998,0.8065049694739482,0.1,0.17391304347826086,0.09090909090909091,2026-03-26,F1-formal-live-v1,F1-2025-a5-v1,d8ea4bf3c634204d1f9009d9f82093d593f4f3a7742ef98d3ba53907a56c7c63,2026-03-26 market close,post-close research convention; provider first-publication timestamp unverified,,OK,冰点,score_lt_35,,1,26.510618693340117,86.95887125580242,0,-2.730419622384076,observed,C0-v1,19.2,低迷,61.04,120.0,scattered_no_mainline,热点分散、无明确主线,"{""code"": ""scattered_no_mainline"", ""label"": ""热点分散、无明确主线"", ""confidence"": ""中"", ""summary"": ""局部题材仍有活跃度，但领先差、持续性或板块宽度不足，尚不能确认单一或多主线。"", ""evidence"": {""top_theme"": ""电力"", ""top_heat"": 66.92, ""top_width"": 7, ""top_share"": 0.1795, ""top3_share"": 0.4103, ""heat_gap_top1_top2"": 10.67, ""strong_theme_count"": 2, ""broad_strong_theme_count"": 0, ""broad_level1_themes"": [], ""theme_width_hhi"": 0.0927, ""previous_top_theme"": ""电力"", ""same_level1_as_previous_top"": false, ""previous_top_weakened"": true}}",theme-market-review-v2,True,source_tags_first_publication_unverified,电力 / 医药 / 锂电池,longest_low,0,available_by_event_date
5000,79,17,2,96,11,4,0.5,39,1,0,38,0,8,28,29,0,6,6,3,4,4,0,0,0,0.004277663753507866,0.02077206009604753,38,0.022349229666913616,0.0035958226585217855,10,48.5,10,10,0,13,81,4,12,0,3,3,10,10,0.012406092828938009,1853070652626.0,5177,5177,True,15.8,0.4,7.9,20260327,79,17,2,1,11,0.2857142857142857,0.3,2379982595246.35,0.778606808439366,-0.25024909938040524,0.3337607464197956,0.7860406986018791,0.27087105838276615,29.33166812799861,False,False,False,False,False,0.0,True,False,False,False,False,56.77986315572677,False,False,False,False,False,24.82226680664891,False,False,False,False,False,14.241707558353713,False,False,False,False,False,24.053797567690744,False,False,False,False,False,92.06692680703514,False,False,False,False,False,4.767511066871088,False,False,False,False,False,74.50694527790584,False,False,False,False,False,0.0,True,False,False,False,False,29.33166812799861,32.21804309755955,65.65306564282082,25.493054722094158,False,0.0,34.14566332043317,1.0,34.14566332043317,D,9.675873512989867,-6.218740650074679,上,5,5000,5177,177,0.03418968514583736,5177,0,0,1,0,0,0,5175,5175,0,2,0,0,0,0,0,1.0,39,38,1,0,0,"{""eligible"": 5000, ""historical_ST"": 173, ""new_listing_age_le_20"": 3, ""unmatched_or_special_limit_regime"": 1}",0.0,1.0,79,96,17,2,11,4,0.5,0.004277663753507866,0.02077206009604753,1853070652626.0,0.778606808439366,0.2857142857142857,0.3,0.3,2026-03-27,F1-formal-live-v1,F1-2025-a5-v1,d8ea4bf3c634204d1f9009d9f82093d593f4f3a7742ef98d3ba53907a56c7c63,2026-03-27 market close,post-close research convention; provider first-publication timestamp unverified,,OK,冰点,score_lt_35,冰点内改善,2,24.469789807443306,86.95887125580242,3,-60.1983462721639,observed,C0-v1,66.7,偏高,78.65,120.0,multiple_mainlines,多主线,"{""code"": ""multiple_mainlines"", ""label"": ""多主线"", ""confidence"": ""中高"", ""summary"": ""待归类、待归类同时具备宽度与封板质量，热度接近，市场呈多主线共存。"", ""evidence"": {""top_theme"": ""医药"", ""top_heat"": 82.33, ""top_width"": 10, ""top_share"": 0.1282, ""top3_share"": 0.4744, ""heat_gap_top1_top2"": 4.52, ""strong_theme_count"": 3, ""broad_strong_theme_count"": 3, ""broad_level1_themes"": [""待归类"", ""待归类"", ""待归类""], ""theme_width_hhi"": 0.096, ""previous_top_theme"": ""电力"", ""same_level1_as_previous_top"": false, ""previous_top_weakened"": true}}",theme-market-review-v2,True,source_tags_first_publication_unverified,医药 / 锂电池 / 化工,longest_low,1,future_outcome_only
4998,63,18,11,81,14,5,0.6666666666666666,79,0,0,79,0,11,68,68,2,8,8,0,0,0,1,3,3,0.0093396693240352,0.019018680029722995,79,0.03157152568723573,0.018497026057128885,11,60.90909090909091,11,11,0,15,64,0,11,3,6,2,11,11,0.002218530823182019,1915659167355.0,5174,5174,True,12.605042016806722,2.2008803521408566,8.403361344537814,20260330,63,18,11,1,14,0.16176470588235295,0.2727272727272727,2348281479789.75,0.8157706747857654,-0.2036219993177495,0.2834399193710045,0.7267238126833369,0.1914416172338433,0.0,True,False,False,False,False,0.0,True,False,False,False,False,52.44816419864304,False,False,False,False,False,45.501005400828234,False,False,False,False,False,35.365045314684295,False,False,False,False,False,29.17939157069258,False,False,False,False,False,59.834206011229575,False,False,False,False,False,47.851759796272994,False,False,False,False,False,44.133458931583164,False,False,False,False,False,0.0,True,False,False,False,False,0.0,41.61163240714671,45.650788783139134,55.866541068416836,False,0.0,28.702739331466322,1.0,28.702739331466322,D,-5.44292398896685,-6.0263297465914185,下,5,4998,5174,176,0.034016235021260145,5174,0,0,1,0,0,0,5172,5172,0,2,0,0,0,0,0,1.0,79,79,0,0,0,"{""eligible"": 4998, ""historical_ST"": 172, ""new_listing_age_le_20"": 3, ""unmatched_or_special_limit_regime"": 1}",0.0,1.0,63,81,18,11,14,5,0.6666666666666666,0.0093396693240352,0.019018680029722995,1915659167355.0,0.8157706747857654,0.16176470588235295,0.2727272727272727,0.18181818181818182,2026-03-30,F1-formal-live-v1,F1-2025-a5-v1,d8ea4bf3c634204d1f9009d9f82093d593f4f3a7742ef98d3ba53907a56c7c63,2026-03-30 market close,post-close research convention; provider first-publication timestamp unverified,,OK,冰点,score_lt_35,,3,24.469789807443306,86.95887125580242,2,30.37348634632268,observed,C0-v1,53.3,中性,73.92,120.0,clear_single_mainline,主线明确,"{""code"": ""clear_single_mainline"", ""label"": ""主线明确"", ""confidence"": ""中高"", ""summary"": ""医药在热度、宽度和持续性上显著领先，单一主线较明确。"", ""evidence"": {""top_theme"": ""医药"", ""top_heat"": 85.79, ""top_width"": 7, ""top_share"": 0.1129, ""top3_share"": 0.3226, ""heat_gap_top1_top2"": 20.64, ""strong_theme_count"": 3, ""broad_strong_theme_count"": 0, ""broad_level1_themes"": [], ""theme_width_hhi"": 0.0718, ""previous_top_theme"": ""医药"", ""same_level1_as_previous_top"": false, ""previous_top_weakened"": false}}",theme-market-review-v2,True,source_tags_first_publication_unverified,医药 / 通信 / 商业航天,longest_low,2,future_outcome_only
4999,53,18,2,71,8,4,0.6666666666666666,63,1,0,62,0,6,48,49,1,11,11,1,2,2,0,1,1,0.014183398998222248,0.013281162199512616,62,-0.0006693400100703517,-0.006281348518242881,14,44.285714285714285,14,14,0,14,59,3,9,1,3,5,13,13,-0.014740108611326685,1992432806901.0,5179,5179,True,10.602120424084816,0.40008001600320064,7.06808028272321,20260331,53,18,2,1,8,0.125,0.14285714285714285,2293051368301.45,0.8689002062683272,-0.14052699774682514,0.2855545449716357,0.7091543277058807,0.3368369930967496,0.0,True,False,False,False,False,14.079566638324218,False,False,False,False,False,38.27371310346816,False,False,False,False,False,0.0,True,False,False,False,False,0.24023282756815206,False,False,False,False,False,15.582581491755906,False,False,False,False,False,50.28697009290878,False,False,False,False,False,4.769425369162258,False,False,False,False,False,99.73204302977088,False,False,False,False,False,14.082168700608502,False,False,False,False,False,0.0,22.56029927218212,47.64111578692987,0.2679569702291218,False,14.082168700608502,17.209659363797353,1.0,17.209659363797353,D,-11.493079967668969,-41.99535906531791,下,5,4999,5179,180,0.034755744352191545,5179,0,0,1,0,0,0,5174,5174,0,5,0,0,0,0,0,1.0,63,62,1,0,0,"{""eligible"": 4999, ""historical_ST"": 173, ""new_listing_age_le_20"": 5, ""unmatched_or_special_limit_regime"": 2}",0.0,1.0,53,71,18,2,8,4,0.6666666666666666,0.014183398998222248,0.013281162199512616,1992432806901.0,0.8689002062683272,0.125,0.14285714285714285,0.38461538461538464,2026-03-31,F1-formal-live-v1,F1-2025-a5-v1,d8ea4bf3c634204d1f9009d9f82093d593f4f3a7742ef98d3ba53907a56c7c63,2026-03-31 market close,post-close research convention; provider first-publication timestamp unverified,,OK,冰点,score_lt_35,,4,24.469789807443306,86.95887125580242,1,-55.598584098187715,observed,C0-v1,10.8,低迷,55.85,120.0,scattered_no_mainline,热点分散、无明确主线,"{""code"": ""scattered_no_mainline"", ""label"": ""热点分散、无明确主线"", ""confidence"": ""中"", ""summary"": ""局部题材仍有活跃度，但领先差、持续性或板块宽度不足，尚不能确认单一或多主线。"", ""evidence"": {""top_theme"": ""医药"", ""top_heat"": 57.64, ""top_width"": 5, ""top_share"": 0.0943, ""top3_share"": 0.2264, ""heat_gap_top1_top2"": 2.0, ""strong_theme_count"": 2, ""broad_strong_theme_count"": 0, ""broad_level1_themes"": [], ""theme_width_hhi"": 0.063, ""previous_top_theme"": ""医药"", ""same_level1_as_previous_top"": false, ""previous_top_weakened"": true}}",theme-market-review-v2,True,source_tags_first_publication_unverified,医药 / 商业航天 / 智能电网,longest_low,3,future_outcome_only
5001,57,38,7,95,5,4,0.5,53,0,0,53,0,4,45,45,0,6,6,1,1,1,0,1,1,0.021420819074466267,-0.0017993548230893287,53,0.056414623904789324,0.008379493223722112,8,55.0,8,8,0,32,84,4,8,2,3,2,8,8,0.015355086372360827,2012230966624.0,5182,5182,True,11.397720455908818,1.3997200559888023,5.698860227954409,20260401,57,38,6,2,5,0.08888888888888889,0.125,2236219144645.4,0.8998362130304908,-0.10554251774087758,0.2944898578173851,0.5892465087148036,0.2356204519801148,2.983081502808691,False,False,False,False,False,44.47918524656927,False,False,False,False,False,1.0175236932496812,False,False,False,False,False,100.0,False,True,False,False,False,21.022843709625143,False,False,False,False,False,1.6401797208038509,False,False,False,False,False,0.0,True,False,False,False,False,28.68480657225525,False,False,False,False,False,61.027260707758956,False,False,False,False,False,22.3693395186996,False,False,False,False,False,2.983081502808691,39.52567250485228,18.484870245257728,38.972739292241044,False,22.3693395186996,22.7008041904781,1.0,22.7008041904781,D,5.491144826680745,-64.25806706532433,上,5,5001,5182,181,0.034928598996526436,5182,0,0,1,0,0,0,5179,5179,0,3,0,0,0,0,0,1.0,53,53,0,0,0,"{""eligible"": 5001, ""historical_ST"": 174, ""new_listing_age_le_20"": 6, ""unmatched_or_special_limit_regime"": 1}",0.0,1.0,57,95,38,7,5,4,0.5,0.021420819074466267,-0.0017993548230893287,2012230966624.0,0.8998362130304908,0.08888888888888889,0.125,0.25,2026-04-01,F1-formal-live-v1,F1-2025-a5-v1,d8ea4bf3c634204d1f9009d9f82093d593f4f3a7742ef98d3ba53907a56c7c63,2026-04-01 market close,post-close research convention; provider first-publication timestamp unverified,,OK,冰点,score_lt_35,冰点内改善,5,17.209659363797353,86.95887125580242,4,38.70478232201192,observed,C0-v1,16.7,低迷,59.71,120.0,clear_single_mainline,主线明确,"{""code"": ""clear_single_mainline"", ""label"": ""主线明确"", ""confidence"": ""中高"", ""summary"": ""医药在热度、宽度和持续性上显著领先，单一主线较明确。"", ""evidence"": {""top_theme"": ""医药"", ""top_heat"": 75.98, ""top_width"": 12, ""top_share"": 0.2143, ""top3_share"": 0.375, ""heat_gap_top1_top2"": 29.58, ""strong_theme_count"": 1, ""broad_strong_theme_count"": 1, ""broad_level1_themes"": [""待归类""], ""theme_width_hhi"": 0.0867, ""previous_top_theme"": ""医药"", ""same_level1_as_previous_top"": false, ""previous_top_weakened"": false}}",theme-market-review-v2,True,source_tags_first_publication_unverified,医药 / 算力 / 医疗器械,longest_low,4,future_outcome_only
5001,27,19,8,46,6,5,0.6666666666666666,57,0,0,57,0,2,52,52,3,4,4,0,0,0,1,1,1,0.019661875265005842,0.010886299415421788,57,0.07879595481646202,0.10812599832437568,5,95.0,5,5,0,15,36,4,6,0,4,0,5,5,-0.018560179977502922,1842796860826.0,5182,5182,True,5.398920215956808,1.5996800639872024,3.5992801439712054,20260402,27,19,8,2,6,0.038461538461538464,0.8,2218555508181.7,0.8306291431654702,-0.18557186151747193,0.3799058289649129,0.6946375194994021,0.10630658757414924,60.29245735475251,False,False,False,False,False,37.09102476982099,False,False,False,False,False,32.357240786116755,False,False,False,False,False,100.0,False,True,False,False,False,100.0,False,True,False,False,False,0.0,True,False,False,False,False,42.39855487151201,False,False,False,False,False,33.468648380676754,False,False,False,False,False,11.57817938335786,False,False,False,False,False,3.411880604814859,False,False,False,False,False,60.29245735475251,72.45030175183938,31.472332109860012,88.42182061664214,False,3.411880604814859,54.9578914044509,1.0,54.9578914044509,B,32.257087213972795,30.488101597007592,上,5,5001,5182,181,0.034928598996526436,5182,0,0,1,0,0,0,5179,5179,0,3,0,0,0,0,0,1.0,57,57,0,0,0,"{""eligible"": 5001, ""historical_ST"": 174, ""new_listing_age_le_20"": 6, ""unmatched_or_special_limit_regime"": 1}",0.0,1.0,27,46,19,8,6,5,0.6666666666666666,0.019661875265005842,0.010886299415421788,1842796860826.0,0.8306291431654702,0.038461538461538464,0.8,0.0,2026-04-02,F1-formal-live-v1,F1-2025-a5-v1,d8ea4bf3c634204d1f9009d9f82093d593f4f3a7742ef98d3ba53907a56c7c63,2026-04-02 market close,post-close research convention; provider first-publication timestamp unverified,,OK,启动候选,cross_50_after_low_with_breadth,,1,17.209659363797353,34.14566332043317,4,49.44908132440109,observed,C0-v1,44.2,中性,70.02,120.0,clear_single_mainline,主线明确,"{""code"": ""clear_single_mainline"", ""label"": ""主线明确"", ""confidence"": ""中高"", ""summary"": ""医药在热度、宽度和持续性上显著领先，单一主线较明确。"", ""evidence"": {""top_theme"": ""医药"", ""top_heat"": 81.64, ""top_width"": 7, ""top_share"": 0.2593, ""top3_share"": 0.4444, ""heat_gap_top1_top2"": 13.31, ""strong_theme_count"": 2, ""broad_strong_theme_count"": 0, ""broad_level1_themes"": [], ""theme_width_hhi"": 0.1385, ""previous_top_theme"": ""医药"", ""same_level1_as_previous_top"": false, ""previous_top_weakened"": false}}",theme-market-review-v2,True,source_tags_first_publication_unverified,医药 / 智能电网 / 电力,longest_low,5,future_outcome_only
4979,53,30,12,83,18,10,1.0,74,2,0,72,0,12,55,56,1,8,8,3,4,4,2,5,6,0.013080544017117968,0.008431522952756166,72,0.019551701214612523,0.021480729167713153,17,50.0,2,3,0,23,58,5,17,2,8,2,15,15,-0.005136986301369939,2142446854428.0,5170,5170,True,10.64470777264511,2.410122514561157,10.64470777264511,20251230,53,30,12,0,18,0.21818181818181817,0.35294117647058826,1837991252137.05,1.1656458385952362,0.1532753013054567,0.355993386268447,0.7051976354632175,0.15315329378707462,44.24853550244567,False,False,False,False,False,9.447201727543401,False,False,False,False,False,26.292752631251282,False,False,False,False,False,18.54949488006605,False,False,False,False,False,39.59462106662504,False,False,False,False,False,52.00242304742396,False,False,False,False,False,48.13690853189166,False,False,False,False,False,52.85766780103145,False,False,False,False,False,29.49216405889747,False,False,False,False,False,83.67845364125121,False,False,False,False,False,44.24853550244567,31.233612615107756,49.4344702548738,70.50783594110253,False,83.67845364125121,51.26641244988693,1.0,51.26641244988693,B,0.18496698333213146,-11.01040329733403,平,5,4979,5170,191,0.03694390715667312,5170,0,0,1,0,0,0,5165,5165,0,5,0,0,0,0,0,1.0,74,72,2,0,0,"{""eligible"": 4979, ""historical_ST"": 175, ""new_listing_age_le_20"": 14, ""unmatched_or_special_limit_regime"": 2}",0.0,1.0,53,83,30,12,18,10,1.0,0.013080544017117968,0.008431522952756166,2142446854428.0,1.1656458385952362,0.21818181818181817,0.35294117647058826,0.13333333333333333,2025-12-30,F1-formal-live-v1,F1-2025-a5-v1,d8ea4bf3c634204d1f9009d9f82093d593f4f3a7742ef98d3ba53907a56c7c63,2025-12-30 market close,post-close research convention; provider first-publication timestamp unverified,,OK,中性/混沌,none_of_above,,1,51.0814454665548,93.85747312994144,1,64.20240565200737,observed,C0-v1,87.5,高热,84.72,120.0,clear_single_mainline,主线明确,"{""code"": ""clear_single_mainline"", ""label"": ""主线明确"", ""confidence"": ""中高"", ""summary"": ""机器人概念在热度、宽度和持续性上显著领先，单一主线较明确。"", ""evidence"": {""top_theme"": ""机器人概念"", ""top_heat"": 92.87, ""top_width"": 19, ""top_share"": 0.3585, ""top3_share"": 0.566, ""heat_gap_top1_top2"": 12.87, ""strong_theme_count"": 2, ""broad_strong_theme_count"": 1, ""broad_level1_themes"": [""待归类""], ""theme_width_hhi"": 0.1762, ""previous_top_theme"": ""商业航天"", ""same_level1_as_previous_top"": false, ""previous_top_weakened"": false}}",theme-market-review-v2,True,source_tags_first_publication_unverified,机器人概念 / 实控人变更 / 商业航天,repair_failure,-5,available_by_event_date
4982,56,20,7,76,11,6,0.8333333333333334,53,1,0,52,0,4,35,35,4,11,12,0,1,1,3,5,5,0.019870591097639556,0.015403855742490275,52,0.03546241364375659,0.027116195958989946,17,82.0,5,5,0,17,62,2,6,1,8,3,15,16,-0.0005738960775478197,2045100283637.0,5171,5171,True,11.240465676435166,1.4050582095543958,9.36705473036264,20251231,56,20,7,1,11,0.11428571428571428,0.4117647058823529,1865447493225.6,1.0963054661489062,0.09194585968328767,0.3470708336222451,0.7584654011809683,0.20315329378707464,38.26199789958027,False,False,False,False,False,37.96770204469599,False,False,False,False,False,43.517795423623156,False,False,False,False,False,54.22536805139138,False,False,False,False,False,47.58322878255298,False,False,False,False,False,38.9924236851306,False,False,False,False,False,77.0825450603246,False,False,False,False,False,28.812516520171762,False,False,False,False,False,48.611955100468066,False,False,False,False,False,69.15065277599165,False,False,False,False,False,38.26199789958027,54.60313280035183,60.37273111512292,51.388044899531934,False,69.15065277599165,52.42660474502107,1.0,52.42660474502107,B,1.160192295134145,-21.251867661103255,平,5,4982,5171,189,0.03654999033069039,5171,0,0,1,0,0,0,5167,5167,0,4,0,0,0,0,0,1.0,53,52,1,0,0,"{""eligible"": 4982, ""historical_ST"": 174, ""new_listing_age_le_20"": 14, ""unmatched_or_special_limit_regime"": 1}",0.0,1.0,56,76,20,7,11,6,0.8333333333333334,0.019870591097639556,0.015403855742490275,2045100283637.0,1.0963054661489062,0.11428571428571428,0.4117647058823529,0.2,2025-12-31,F1-formal-live-v1,F1-2025-a5-v1,d8ea4bf3c634204d1f9009d9f82093d593f4f3a7742ef98d3ba53907a56c7c63,2025-12-31 market close,post-close research convention; provider first-publication timestamp unverified,,OK,中性/混沌,none_of_above,,2,51.0814454665548,93.85747312994144,2,-19.119791041570593,observed,C0-v1,86.7,高热,84.51,120.0,clear_single_mainline,主线明确,"{""code"": ""clear_single_mainline"", ""label"": ""主线明确"", ""confidence"": ""中高"", ""summary"": ""商业航天在热度、宽度和持续性上显著领先，单一主线较明确。"", ""evidence"": {""top_theme"": ""商业航天"", ""top_heat"": 94.97, ""top_width"": 17, ""top_share"": 0.3036, ""top3_share"": 0.5714, ""heat_gap_top1_top2"": 5.18, ""strong_theme_count"": 2, ""broad_strong_theme_count"": 1, ""broad_level1_themes"": [""待归类""], ""theme_width_hhi"": 0.1416, ""previous_top_theme"": ""机器人概念"", ""same_level1_as_previous_top"": false, ""previous_top_weakened"": false}}",theme-market-review-v2,True,source_tags_first_publication_unverified,商业航天 / 机器人概念 / 人工智能,repair_failure,-4,available_by_event_date
4982,107,34,9,141,14,6,0.8333333333333334,56,0,0,56,0,11,45,45,1,4,4,1,4,4,1,3,3,0.026271516807029795,0.023316050703200093,56,0.016765531930139563,2.4772146489599418e-05,11,56.42857142857143,7,7,0,29,122,2,13,3,6,4,8,8,0.01191873628033735,2546101380973.0,5171,5171,True,21.477318346045763,1.8065034122842232,17.89776528837147,20260105,107,34,9,1,14,0.24444444444444444,0.2727272727272727,1884211239796.55,1.3512823441430688,0.301054026145914,0.3317939090501763,0.6965192297371241,0.3894666058262687,28.012029417101363,False,False,False,False,False,64.85376064779938,False,False,False,False,False,63.06475350635877,False,False,False,False,False,12.30219310339464,False,False,False,False,False,9.179532102267782,False,False,False,False,False,100.0,False,True,False,False,False,43.421073835073145,False,False,False,False,False,38.41668869356235,False,False,False,False,False,100.0,False,True,False,False,False,100.0,False,True,False,False,False,28.012029417101363,43.26929417826835,70.59320366888501,0.0,False,100.0,44.19500769300668,1.0,44.19500769300668,C,-8.231597052014394,-46.86380595291299,下,5,4982,5171,189,0.03654999033069039,5171,0,0,1,0,0,0,5167,5167,0,4,0,0,0,0,0,1.0,56,56,0,0,0,"{""eligible"": 4982, ""historical_ST"": 174, ""new_listing_age_le_20"": 14, ""unmatched_or_special_limit_regime"": 1}",0.0,1.0,107,141,34,9,14,6,0.8333333333333334,0.026271516807029795,0.023316050703200093,2546101380973.0,1.3512823441430688,0.24444444444444444,0.2727272727272727,0.5,2026-01-05,F1-formal-live-v1,F1-2025-a5-v1,d8ea4bf3c634204d1f9009d9f82093d593f4f3a7742ef98d3ba53907a56c7c63,2026-01-05 market close,post-close research convention; provider first-publication timestamp unverified,,OK,退潮,panic_or_five_day_decline_or_mid_failure,,1,51.0814454665548,93.85747312994144,2,-51.388044899531934,observed,C0-v1,82.5,高热,81.91,120.0,clear_single_mainline,主线明确,"{""code"": ""clear_single_mainline"", ""label"": ""主线明确"", ""confidence"": ""中高"", ""summary"": ""商业航天在热度、宽度和持续性上显著领先，单一主线较明确。"", ""evidence"": {""top_theme"": ""商业航天"", ""top_heat"": 90.08, ""top_width"": 12, ""top_share"": 0.1121, ""top3_share"": 0.514, ""heat_gap_top1_top2"": 15.58, ""strong_theme_count"": 5, ""broad_strong_theme_count"": 2, ""broad_level1_themes"": [""待归类"", ""待归类""], ""theme_width_hhi"": 0.1362, ""previous_top_theme"": ""商业航天"", ""same_level1_as_previous_top"": false, ""previous_top_weakened"": false}}",theme-market-review-v2,True,source_tags_first_publication_unverified,商业航天 / 脑机接口 / 人工智能,repair_failure,-3,available_by_event_date
4982,118,26,1,144,41,7,1.0,107,0,0,107,0,32,93,93,6,11,11,1,1,1,2,2,2,0.0428597172225556,0.060327497916934834,107,0.03689312765634843,0.06390814660310058,14,100.0,3,3,0,20,97,5,37,1,10,0,13,13,0.007905138339921125,2806288611168.9995,5173,5173,True,23.685266961059813,0.2007226013649137,23.685266961059813,20260106,118,26,1,1,41,0.34408602150537637,0.6428571428571429,1934073453113.4,1.4509731296148758,0.37223445520189413,0.4969341796545065,0.8338392593230248,0.0590592153189718,100.0,False,True,False,False,False,100.0,False,True,False,False,False,100.0,False,True,False,False,False,57.43339358041607,False,False,False,False,False,99.73799637954046,False,False,False,False,False,100.0,False,True,False,False,False,100.0,False,True,False,False,False,0.0,False,False,True,False,False,0.0,True,False,False,False,False,100.0,False,True,False,False,False,100.0,93.98565434096174,100.0,100.0,False,100.0,98.66347874243594,1.0,98.66347874243594,S,54.46847104942926,4.806005612494502,上,5,4982,5173,191,0.036922482118693215,5173,0,0,1,0,0,0,5168,5168,0,5,0,0,0,0,0,1.0,107,107,0,0,0,"{""eligible"": 4982, ""historical_ST"": 176, ""new_listing_age_le_20"": 14, ""unmatched_or_special_limit_regime"": 1}",0.0,1.0,118,144,26,1,41,7,1.0,0.0428597172225556,0.060327497916934834,2806288611168.9995,1.4509731296148758,0.34408602150537637,0.6428571428571429,0.0,2026-01-06,F1-formal-live-v1,F1-2025-a5-v1,d8ea4bf3c634204d1f9009d9f82093d593f4f3a7742ef98d3ba53907a56c7c63,2026-01-06 market close,post-close research convention; provider first-publication timestamp unverified,,OK,修复,improve_after_low_with_breadth,,1,44.19500769300668,93.85747312994144,4,100.0,observed,C0-v1,95.0,高热,88.3,120.0,scattered_no_mainline,热点分散、无明确主线,"{""code"": ""scattered_no_mainline"", ""label"": ""热点分散、无明确主线"", ""confidence"": ""中"", ""summary"": ""局部题材仍有活跃度，但领先差、持续性或板块宽度不足，尚不能确认单一或多主线。"", ""evidence"": {""top_theme"": ""商业航天"", ""top_heat"": 94.56, ""top_width"": 15, ""top_share"": 0.1282, ""top3_share"": 0.2906, ""heat_gap_top1_top2"": 11.15, ""strong_theme_count"": 6, ""broad_strong_theme_count"": 1, ""broad_level1_themes"": [""待归类""], ""theme_width_hhi"": 0.0756, ""previous_top_theme"": ""商业航天"", ""same_level1_as_previous_top"": false, ""previous_top_weakened"": false}}",theme-market-review-v2,True,source_tags_first_publication_unverified,商业航天 / 脑机接口 / 实控人变更,repair_failure,-2,available_by_event_date
4983,80,48,3,128,23,8,0.8333333333333334,118,2,0,116,0,8,76,77,11,31,32,2,6,6,2,3,3,0.022838950041506698,0.01292110268042585,116,0.03918195531509498,0.02410730859040481,40,71.66666666666667,3,3,0,40,97,5,13,3,18,9,38,39,-0.003895062435559704,2854018138766.0,5174,5174,True,16.05458559100943,0.6020469596628537,13.378821325841193,20260107,80,48,3,1,23,0.10526315789473684,0.375,1988104932923.05,1.4355470335108642,0.36154598459177517,0.34334459091308156,0.7153626076799154,0.23402478780794167,35.761895856998734,False,False,False,False,False,50.43581621180457,False,False,False,False,False,37.3841915027204,False,False,False,False,False,62.565528651557955,False,False,False,False,False,43.317952854346956,False,False,False,False,False,79.84317042276228,False,False,False,False,False,53.66054157978783,False,False,False,False,False,9.601281092062052,False,False,False,False,False,60.41708539686954,False,False,False,False,False,100.0,False,True,False,False,False,35.761895856998734,52.814547331839265,73.31813744901514,39.58291460313046,False,100.0,55.67160901210015,1.0,55.67160901210015,B,-42.99186973033579,4.5901635455453516,下,5,4983,5174,191,0.03691534596057209,5174,0,0,1,0,0,0,5169,5169,0,5,0,0,0,0,0,1.0,118,116,2,0,0,"{""eligible"": 4983, ""historical_ST"": 176, ""new_listing_age_le_20"": 14, ""unmatched_or_special_limit_regime"": 1}",0.0,1.0,80,128,48,3,23,8,0.8333333333333334,0.022838950041506698,0.01292110268042585,2854018138766.0,1.4355470335108642,0.10526315789473684,0.375,0.23684210526315788,2026-01-07,F1-formal-live-v1,F1-2025-a5-v1,d8ea4bf3c634204d1f9009d9f82093d593f4f3a7742ef98d3ba53907a56c7c63,2026-01-07 market close,post-close research convention; provider first-publication timestamp unverified,,OK,退潮,panic_or_five_day_decline_or_mid_failure,,1,44.19500769300668,98.66347874243594,0,-60.41708539686954,observed,C0-v1,91.7,高热,87.22,120.0,clear_single_mainline,主线明确,"{""code"": ""clear_single_mainline"", ""label"": ""主线明确"", ""confidence"": ""中高"", ""summary"": ""商业航天在热度、宽度和持续性上显著领先，单一主线较明确。"", ""evidence"": {""top_theme"": ""商业航天"", ""top_heat"": 96.64, ""top_width"": 11, ""top_share"": 0.1375, ""top3_share"": 0.3875, ""heat_gap_top1_top2"": 12.48, ""strong_theme_count"": 4, ""broad_strong_theme_count"": 1, ""broad_level1_themes"": [""待归类""], ""theme_width_hhi"": 0.0822, ""previous_top_theme"": ""商业航天"", ""same_level1_as_previous_top"": false, ""previous_top_weakened"": false}}",theme-market-review-v2,True,source_tags_first_publication_unverified,商业航天 / 机器人概念 / 芯片,repair_failure,-1,available_by_event_date
4983,93,35,4,128,26,9,0.8333333333333334,80,0,0,80,0,12,57,57,5,8,8,8,11,11,1,4,4,0.03405177475951206,0.04330278358385019,80,0.045158879447735424,0.07495903026066134,23,75.0,4,4,0,26,93,5,17,4,18,1,21,21,0.006981382978723527,2800153710562.0005,5173,5173,True,18.663455749548465,0.8027292795504716,15.552879791290389,20260108,93,35,4,1,26,0.21052631578947367,0.6086956521739131,2028980137173.95,1.3800794099749907,0.3221410409736901,0.44640271610716437,0.7387752176429723,0.07934868752851895,100.0,False,True,False,False,False,97.53348241848464,False,False,False,False,False,100.0,False,True,False,False,False,75.96731617429211,False,False,False,False,False,100.0,False,True,False,False,False,100.0,False,True,False,False,False,66.38292422604886,False,False,False,False,False,14.40240348498117,False,False,False,False,False,1.2695910675179096,False,False,False,False,False,100.0,False,True,False,False,False,100.0,89.99078145135844,84.63342260787181,98.73040893248209,False,100.0,94.14933572413152,1.0,94.14933572413152,S,38.47772671203137,42.88292327424459,上,5,4983,5173,190,0.03672917069398801,5173,0,0,1,0,0,0,5171,5171,0,2,0,0,0,0,0,1.0,80,80,0,0,0,"{""eligible"": 4983, ""historical_ST"": 175, ""new_listing_age_le_20"": 14, ""unmatched_or_special_limit_regime"": 1}",0.0,1.0,93,128,35,4,26,9,0.8333333333333334,0.03405177475951206,0.04330278358385019,2800153710562.0005,1.3800794099749907,0.21052631578947367,0.6086956521739131,0.047619047619047616,2026-01-08,F1-formal-live-v1,F1-2025-a5-v1,d8ea4bf3c634204d1f9009d9f82093d593f4f3a7742ef98d3ba53907a56c7c63,2026-01-08 market close,post-close research convention; provider first-publication timestamp unverified,,OK,修复,improve_after_low_with_breadth,,1,44.19500769300668,98.66347874243594,4,59.14749432935163,observed,C0-v1,95.0,高热,88.49,120.0,multiple_mainlines,多主线,"{""code"": ""multiple_mainlines"", ""label"": ""多主线"", ""confidence"": ""中高"", ""summary"": ""待归类、待归类同时具备宽度与封板质量，热度接近，市场呈多主线共存。"", ""evidence"": {""top_theme"": ""商业航天"", ""top_heat"": 95.82, ""top_width"": 28, ""top_share"": 0.3043, ""top3_share"": 0.4348, ""heat_gap_top1_top2"": 12.68, ""strong_theme_count"": 4, ""broad_strong_theme_count"": 2, ""broad_level1_themes"": [""待归类"", ""待归类""], ""theme_width_hhi"": 0.1255, ""previous_top_theme"": ""商业航天"", ""same_level1_as_previous_top"": false, ""previous_top_weakened"": false}}",theme-market-review-v2,True,source_tags_first_publication_unverified,商业航天 / 脑机接口 / 机器人概念,repair_failure,0,available_by_event_date
4983,96,50,1,146,20,10,1.0,93,1,0,92,0,9,66,67,3,12,12,3,5,5,5,9,9,0.03484794900917469,0.030646352258707245,92,0.05982691023822862,0.051271847398118346,26,72.5,14,14,0,37,113,8,17,5,16,2,25,25,0.0072727272727273196,3122538578495.0005,5172,5172,True,19.26550270921132,0.2006823198876179,19.26550270921132,20260109,96,50,1,1,20,0.13636363636363635,0.4230769230769231,2073799166705.0,1.5057092454407301,0.4092640466220452,0.36007289386980124,0.6539490574724619,0.10210219585804975,46.985658680651646,False,False,False,False,False,100.0,False,True,False,False,False,81.17415272501196,False,False,False,False,False,100.0,False,True,False,False,False,81.82529436771222,False,False,False,False,False,100.0,False,True,False,False,False,20.28849606083647,False,False,False,False,False,0.0,True,False,False,False,False,9.970437561983207,False,False,False,False,False,100.0,False,True,False,False,False,46.985658680651646,84.79010847122242,72.10097362129277,90.0295624380168,False,100.0,74.0322949492983,1.0,74.0322949492983,A,-20.117040774833214,21.60569020427723,下,5,4983,5172,189,0.03654292343387471,5172,0,0,1,0,0,0,5171,5171,0,1,0,0,0,0,0,1.0,93,92,1,0,0,"{""eligible"": 4983, ""historical_ST"": 175, ""new_listing_age_le_20"": 13, ""unmatched_or_special_limit_regime"": 1}",0.0,1.0,96,146,50,1,20,10,1.0,0.03484794900917469,0.030646352258707245,3122538578495.0005,1.5057092454407301,0.13636363636363635,0.4230769230769231,0.08,2026-01-09,F1-formal-live-v1,F1-2025-a5-v1,d8ea4bf3c634204d1f9009d9f82093d593f4f3a7742ef98d3ba53907a56c7c63,2026-01-09 market close,post-close research convention; provider first-publication timestamp unverified,,OK,分歧,decline_after_recent_strength,,1,44.19500769300668,98.66347874243594,0,-8.700846494465296,observed,C0-v1,100.0,高热,92.83,120.0,multiple_mainlines,多主线,"{""code"": ""multiple_mainlines"", ""label"": ""多主线"", ""confidence"": ""中高"", ""summary"": ""待归类、待归类同时具备宽度与封板质量，热度接近，市场呈多主线共存。"", ""evidence"": {""top_theme"": ""商业航天"", ""top_heat"": 95.64, ""top_width"": 20, ""top_share"": 0.2174, ""top3_share"": 0.6087, ""heat_gap_top1_top2"": 1.72, ""strong_theme_count"": 3, ""broad_strong_theme_count"": 2, ""broad_level1_themes"": [""待归类"", ""待归类""], ""theme_width_hhi"": 0.1692, ""previous_top_theme"": ""商业航天"", ""same_level1_as_previous_top"": false, ""previous_top_weakened"": false}}",theme-market-review-v2,True,source_tags_first_publication_unverified,商业航天 / 人工智能 / 机器人概念,repair_failure,1,future_outcome_only
4983,179,61,3,240,42,11,1.0,96,0,0,96,0,28,76,76,6,9,9,3,3,3,5,8,8,0.0550657004664565,0.06590702436941441,96,0.06860220878704269,0.08510209755503703,20,83.125,8,8,0,51,188,6,34,4,18,0,15,15,0.012232415902140747,3601093290654.0005,5172,5172,True,35.9221352598836,0.6020469596628537,35.9221352598836,20260112,179,61,3,1,42,0.3684210526315789,0.7,2141008202639.7,1.6819614638627385,0.5199606503862396,0.5387955543469489,0.7718967106494411,0.05315329378707462,100.0,False,True,False,False,False,100.0,False,True,False,False,False,100.0,False,True,False,False,False,100.0,False,True,False,False,False,100.0,False,True,False,False,False,100.0,False,True,False,False,False,84.38110164021431,False,False,False,False,False,9.601281092062052,False,False,False,False,False,0.0,True,False,False,False,False,100.0,False,True,False,False,False,100.0,95.78125,92.13306530105949,100.0,False,100.0,97.31429228912432,1.0,97.31429228912432,S,23.28199733982602,53.119284596117645,上,5,4983,5172,189,0.03654292343387471,5172,0,0,1,0,0,0,5171,5171,0,1,0,0,0,0,0,1.0,96,96,0,0,0,"{""eligible"": 4983, ""historical_ST"": 175, ""new_listing_age_le_20"": 13, ""unmatched_or_special_limit_regime"": 1}",0.0,1.0,179,240,61,3,42,11,1.0,0.0550657004664565,0.06590702436941441,3601093290654.0005,1.6819614638627385,0.3684210526315789,0.7,0.0,2026-01-12,F1-formal-live-v1,F1-2025-a5-v1,d8ea4bf3c634204d1f9009d9f82093d593f4f3a7742ef98d3ba53907a56c7c63,2026-01-12 market close,post-close research convention; provider first-publication timestamp unverified,,OK,修复,improve_after_low_with_breadth,,1,44.19500769300668,98.66347874243594,4,9.970437561983204,observed,C0-v1,100.0,高热,93.53,120.0,multiple_mainlines,多主线,"{""code"": ""multiple_mainlines"", ""label"": ""多主线"", ""confidence"": ""中高"", ""summary"": ""待归类、待归类同时具备宽度与封板质量，热度接近，市场呈多主线共存。"", ""evidence"": {""top_theme"": ""人工智能"", ""top_heat"": 96.86, ""top_width"": 73, ""top_share"": 0.4101, ""top3_share"": 0.6798, ""heat_gap_top1_top2"": 0.41, ""strong_theme_count"": 5, ""broad_strong_theme_count"": 2, ""broad_level1_themes"": [""待归类"", ""待归类""], ""theme_width_hhi"": 0.2324, ""previous_top_theme"": ""商业航天"", ""same_level1_as_previous_top"": false, ""previous_top_weakened"": false}}",theme-market-review-v2,True,source_tags_first_publication_unverified,人工智能 / 商业航天 / 实控人变更,repair_failure,2,future_outcome_only
4980,66,66,50,132,30,12,0.8333333333333334,179,3,0,176,0,17,135,137,8,28,28,3,6,6,2,7,8,0.05107285160132298,0.00981315499132846,176,0.07818607612879705,0.0252850735577199,41,62.5,4,5,0,39,75,16,33,11,24,6,37,37,-0.010584639071847424,3650766443824.0005,5165,5165,True,13.25301204819277,10.040160642570282,11.04417670682731,20260113,66,66,50,1,30,0.1259259259259259,0.3170731707317073,2228213732900.25,1.6384274048397285,0.49373688230991214,0.3167100317904194,0.5476902006318962,0.1681682351367022,17.891584966602164,False,False,False,False,False,100.0,False,True,False,False,False,29.70605370356389,False,False,False,False,False,100.0,False,True,False,False,False,44.987504402411574,False,False,False,False,False,56.07010841033131,False,False,False,False,False,0.0,True,False,False,False,False,100.0,False,True,False,False,False,35.23381488102381,False,False,False,False,False,100.0,False,True,False,False,False,17.891584966602164,62.201828813361765,22.428043364132524,64.76618511897618,True,50.0,40.126442716662034,1.0,40.126442716662034,C,-57.18784957246229,-58.53703602577391,下,5,4980,5165,185,0.03581800580832527,5165,0,0,1,0,0,0,5165,5165,0,0,0,0,0,0,0,1.0,179,176,3,0,0,"{""eligible"": 4980, ""historical_ST"": 171, ""new_listing_age_le_20"": 13, ""unmatched_or_special_limit_regime"": 1}",0.0,1.0,66,132,66,50,30,12,0.8333333333333334,0.05107285160132298,0.00981315499132846,3650766443824.0005,1.6384274048397285,0.1259259259259259,0.3170731707317073,0.16216216216216217,2026-01-13,F1-formal-live-v1,F1-2025-a5-v1,d8ea4bf3c634204d1f9009d9f82093d593f4f3a7742ef98d3ba53907a56c7c63,2026-01-13 market close,post-close research convention; provider first-publication timestamp unverified,,OK,退潮,panic_or_five_day_decline_or_mid_failure,,1,55.67160901210015,98.66347874243594,0,-35.23381488102382,observed,C0-v1,91.7,高热,88.22,120.0,clear_single_mainline,主线明确,"{""code"": ""clear_single_mainline"", ""label"": ""主线明确"", ""confidence"": ""中高"", ""summary"": ""人工智能在热度、宽度和持续性上显著领先，单一主线较明确。"", ""evidence"": {""top_theme"": ""人工智能"", ""top_heat"": 95.3, ""top_width"": 31, ""top_share"": 0.4769, ""top3_share"": 0.6154, ""heat_gap_top1_top2"": 8.4, ""strong_theme_count"": 2, ""broad_strong_theme_count"": 1, ""broad_level1_themes"": [""待归类""], ""theme_width_hhi"": 0.2516, ""previous_top_theme"": ""人工智能"", ""same_level1_as_previous_top"": false, ""previous_top_weakened"": false}}",theme-market-review-v2,True,source_tags_first_publication_unverified,人工智能 / 商业航天 / 机器人概念,repair_failure,3,future_outcome_only
4980,100,64,15,164,20,5,0.8333333333333334,66,1,0,65,0,5,36,36,10,17,17,4,8,8,1,4,5,0.009769580208000391,0.04821620211827044,65,0.009863435749262375,0.06294937106643136,29,62.5,4,5,0,55,135,5,10,4,19,0,28,28,0.0,3941126054921.0005,5167,5167,True,20.080321285140563,3.0120481927710845,16.73360107095047,20260114,100,64,15,1,20,0.1388888888888889,0.5172413793103449,2306148861592.85,1.7089642913159024,0.5358875094247586,0.3948293502342321,0.6772213937108441,0.03221411744671189,70.30531183580406,False,False,False,False,False,0.0,True,False,False,False,False,100.0,False,True,False,False,False,0.0,True,False,False,False,False,98.37887531046869,False,False,False,False,False,100.0,False,True,False,False,False,32.93465414249992,False,False,False,False,False,67.25813344317204,False,False,False,False,False,0.0,True,False,False,False,False,100.0,False,True,False,False,False,70.30531183580406,60.284563815198425,59.71259558908196,100.0,False,100.0,73.97306648867455,1.0,73.97306648867455,A,33.846623772012514,18.3014574765744,上,5,4980,5167,187,0.0361912134700987,5167,0,0,1,0,0,0,5167,5167,0,0,0,0,0,0,0,1.0,66,65,1,0,0,"{""eligible"": 4980, ""historical_ST"": 173, ""new_listing_age_le_20"": 13, ""unmatched_or_special_limit_regime"": 1}",0.0,1.0,100,164,64,15,20,5,0.8333333333333334,0.009769580208000391,0.04821620211827044,3941126054921.0005,1.7089642913159024,0.1388888888888889,0.5172413793103449,0.0,2026-01-14,F1-formal-live-v1,F1-2025-a5-v1,d8ea4bf3c634204d1f9009d9f82093d593f4f3a7742ef98d3ba53907a56c7c63,2026-01-14 market close,post-close research convention; provider first-publication timestamp unverified,,OK,修复,improve_after_low_with_breadth,,1,40.126442716662034,97.31429228912432,4,35.23381488102382,observed,C0-v1,97.5,高热,92.13,120.0,clear_single_mainline,主线明确,"{""code"": ""clear_single_mainline"", ""label"": ""主线明确"", ""confidence"": ""中高"", ""summary"": ""人工智能在热度、宽度和持续性上显著领先，单一主线较明确。"", ""evidence"": {""top_theme"": ""人工智能"", ""top_heat"": 93.82, ""top_width"": 35, ""top_share"": 0.3535, ""top3_share"": 0.5253, ""heat_gap_top1_top2"": 0.08, ""strong_theme_count"": 3, ""broad_strong_theme_count"": 1, ""broad_level1_themes"": [""待归类""], ""theme_width_hhi"": 0.1548, ""previous_top_theme"": ""人工智能"", ""same_level1_as_previous_top"": false, ""previous_top_weakened"": false}}",theme-market-review-v2,True,source_tags_first_publication_unverified,人工智能 / 商业航天 / 实控人变更,repair_failure,4,future_outcome_only
4982,55,21,64,76,14,4,0.6666666666666666,100,0,0,100,0,10,80,80,2,5,5,2,10,10,0,5,5,0.0025203718245066374,-0.022365338778906042,100,0.0008322374500375595,-0.01901077446435495,20,40.0,15,15,0,17,58,3,13,1,5,9,19,19,-0.0033784169377389373,2905274764073.0,5170,5170,True,11.039743075070254,12.846246487354477,7.359828716713502,20260115,56,21,64,1,14,0.125,0.2,2414538834974.45,1.2032420940969222,0.18501965872192055,0.26699887636209674,0.7494854570824623,0.4192944114892288,0.0,True,False,False,False,False,0.0,True,False,False,False,False,0.0,True,False,False,False,False,0.0,True,False,False,False,False,0.0,True,False,False,False,False,18.553377799165805,False,False,False,False,False,72.20285479326348,False,False,False,False,False,100.0,False,True,False,False,False,100.0,False,True,False,False,False,91.19809984939977,False,False,False,False,False,0.0,10.0,32.692350297308536,0.0,True,50.0,15.042744510513007,1.0,15.042744510513007,D,-58.930321978161544,-79.10659121361851,下,5,4982,5170,188,0.03636363636363636,5170,0,0,1,0,0,0,5169,5169,0,1,0,0,0,0,0,1.0,100,100,0,0,0,"{""eligible"": 4982, ""historical_ST"": 174, ""new_listing_age_le_20"": 13, ""unmatched_or_special_limit_regime"": 1}",0.0,1.0,55,76,21,64,14,4,0.6666666666666666,0.0025203718245066374,-0.022365338778906042,2905274764073.0,1.2032420940969222,0.125,0.2,0.47368421052631576,2026-01-15,F1-formal-live-v1,F1-2025-a5-v1,d8ea4bf3c634204d1f9009d9f82093d593f4f3a7742ef98d3ba53907a56c7c63,2026-01-15 market close,post-close research convention; provider first-publication timestamp unverified,,OK,冰点,score_lt_35,,1,40.126442716662034,97.31429228912432,0,-100.0,observed,C0-v1,30.0,偏低,66.02,120.0,clear_single_mainline,主线明确,"{""code"": ""clear_single_mainline"", ""label"": ""主线明确"", ""confidence"": ""中高"", ""summary"": ""人工智能在热度、宽度和持续性上显著领先，单一主线较明确。"", ""evidence"": {""top_theme"": ""人工智能"", ""top_heat"": 83.76, ""top_width"": 8, ""top_share"": 0.1455, ""top3_share"": 0.3273, ""heat_gap_top1_top2"": 33.65, ""strong_theme_count"": 1, ""broad_strong_theme_count"": 1, ""broad_level1_themes"": [""待归类""], ""theme_width_hhi"": 0.0783, ""previous_top_theme"": ""人工智能"", ""same_level1_as_previous_top"": false, ""previous_top_weakened"": false}}",theme-market-review-v2,True,source_tags_first_publication_unverified,人工智能 / 芯片 / 核电,repair_failure,5,future_outcome_only
4929,55,38,15,93,7,6,0.8333333333333334,55,0,0,55,0,3,39,39,2,11,11,0,3,3,2,2,2,0.007611287565729003,-0.010111998655027703,55,0.017354114782111074,0.011561810000725696,16,65.0,5,5,0,36,84,1,4,1,5,4,15,15,-0.00885216878135131,3344257413821.9995,5184,5184,True,11.158449989855955,3.0432136335970785,9.298708324879962,20260515,55,38,15,0,7,0.07692307692307693,0.25,2790715399212.75,1.198351295429624,0.1809466916245162,0.2933487705713603,0.7145111195464333,0.25315329378707463,2.2174752937620297,False,False,False,False,False,0.0,True,False,False,False,False,0.0,True,False,False,False,False,13.621945897071535,False,False,False,False,False,25.533966088812825,False,False,False,False,False,38.29647050980205,False,False,False,False,False,53.19784400484836,False,False,False,False,False,68.00373522771721,False,False,False,False,False,67.73174614203866,False,False,False,False,False,90.23328990890856,False,False,False,False,False,2.2174752937620297,23.519205304240707,41.936899798688444,32.26825385796134,False,90.23328990890856,30.565729904012663,1.0,30.565729904012663,D,-2.224526818249835,-30.33897153840192,下,5,4929,5184,255,0.04918981481481482,5184,0,0,2,0,0,0,5181,5181,0,3,0,0,0,0,0,1.0,55,55,0,0,0,"{""eligible"": 4929, ""historical_ST"": 244, ""new_listing_age_le_20"": 10, ""unmatched_or_special_limit_regime"": 1}",0.0,1.0,55,93,38,15,7,6,0.8333333333333334,0.007611287565729003,-0.010111998655027703,3344257413821.9995,1.198351295429624,0.07692307692307693,0.25,0.26666666666666666,2026-05-15,F1-formal-live-v1,F1-2025-a5-v1,d8ea4bf3c634204d1f9009d9f82093d593f4f3a7742ef98d3ba53907a56c7c63,2026-05-15 market close,post-close research convention; provider first-publication timestamp unverified,,OK,冰点,score_lt_35,,2,32.7902567222625,76.60986297847346,2,13.599574250358472,observed,C0-v1,31.7,偏低,66.97,120.0,scattered_no_mainline,热点分散、无明确主线,"{""code"": ""scattered_no_mainline"", ""label"": ""热点分散、无明确主线"", ""confidence"": ""中"", ""summary"": ""局部题材仍有活跃度，但领先差、持续性或板块宽度不足，尚不能确认单一或多主线。"", ""evidence"": {""top_theme"": ""芯片"", ""top_heat"": 71.83, ""top_width"": 5, ""top_share"": 0.0926, ""top3_share"": 0.3889, ""heat_gap_top1_top2"": 9.43, ""strong_theme_count"": 3, ""broad_strong_theme_count"": 0, ""broad_level1_themes"": [], ""theme_width_hhi"": 0.1324, ""previous_top_theme"": ""芯片"", ""same_level1_as_previous_top"": false, ""previous_top_weakened"": false}}",theme-market-review-v2,True,source_tags_first_publication_unverified,芯片 / 机器人概念 / 电力,low_repair,-5,available_by_event_date
4931,78,35,19,113,9,6,0.8333333333333334,55,0,0,55,0,4,48,48,2,3,3,2,2,2,1,2,2,0.017841792663434032,0.013610678207032241,55,0.03876113931289423,0.05509641062866555,7,75.0,4,4,0,31,100,3,7,1,6,0,5,5,-0.0022304832713754275,2893603968465.9995,5187,5187,True,15.818292435611436,3.8531737984181706,13.18191036300953,20260518,81,35,19,0,9,0.08333333333333333,0.7142857142857143,2838750756189.35,1.019323011066418,0.019138692299343084,0.41939353558920467,0.7187982369875793,0.10630658757414924,86.78651683871273,False,False,False,False,False,29.44606063337421,False,False,False,False,False,39.08777742045747,False,False,False,False,False,61.62195190162698,False,False,False,False,False,87.24683910663197,False,False,False,False,False,77.83807873034793,False,False,False,False,False,55.52745820086417,False,False,False,False,False,87.38121644715243,False,False,False,False,False,11.57817938335786,False,False,False,False,False,51.90399274875889,False,False,False,False,False,86.78651683871273,59.79134576087016,53.724537750653525,88.42182061664214,False,51.90399274875889,69.83719808817236,1.0,69.83719808817236,A,39.271468184159694,-1.0685216289221557,上,5,4931,5187,256,0.04935415461731251,5187,0,0,2,0,0,0,5185,5185,0,2,0,0,0,0,0,1.0,55,55,0,0,0,"{""eligible"": 4931, ""historical_ST"": 244, ""new_listing_age_le_20"": 11, ""unmatched_or_special_limit_regime"": 1}",0.0,1.0,78,113,35,19,9,6,0.8333333333333334,0.017841792663434032,0.013610678207032241,2893603968465.9995,1.019323011066418,0.08333333333333333,0.7142857142857143,0.0,2026-05-18,F1-formal-live-v1,F1-2025-a5-v1,d8ea4bf3c634204d1f9009d9f82093d593f4f3a7742ef98d3ba53907a56c7c63,2026-05-18 market close,post-close research convention; provider first-publication timestamp unverified,,OK,启动候选,cross_50_after_low_with_breadth,,1,30.565729904012663,76.60986297847346,4,56.153566758680796,observed,C0-v1,49.2,中性,73.93,120.0,clear_single_mainline,主线明确,"{""code"": ""clear_single_mainline"", ""label"": ""主线明确"", ""confidence"": ""中高"", ""summary"": ""芯片在热度、宽度和持续性上显著领先，单一主线较明确。"", ""evidence"": {""top_theme"": ""芯片"", ""top_heat"": 87.67, ""top_width"": 18, ""top_share"": 0.2278, ""top3_share"": 0.3165, ""heat_gap_top1_top2"": 25.67, ""strong_theme_count"": 4, ""broad_strong_theme_count"": 1, ""broad_level1_themes"": [""待归类""], ""theme_width_hhi"": 0.095, ""previous_top_theme"": ""芯片"", ""same_level1_as_previous_top"": false, ""previous_top_weakened"": false}}",theme-market-review-v2,True,source_tags_first_publication_unverified,芯片 / 股权转让 / 电力,low_repair,-4,available_by_event_date
4932,90,14,8,104,19,7,1.0,78,0,0,78,0,15,69,69,1,4,4,1,2,2,2,3,3,0.01714577173759717,0.03414330200129767,78,0.0450535743290381,0.04595221003545041,9,90.0,5,5,0,9,80,3,18,2,6,0,8,8,0.006493506493506551,2886309574647.0005,5182,5182,True,18.24817518248175,1.6220600162206003,18.24817518248175,20260519,90,14,8,0,19,0.2112676056338028,0.4444444444444444,2862677992162.3,1.0082550613619141,0.008221174706089074,0.37809788591919236,0.7651479051696182,0.08177429813396095,59.07942791618124,False,False,False,False,False,26.52253671657831,False,False,False,False,False,89.81331421879243,False,False,False,False,False,75.73119525414678,False,False,False,False,False,74.28439355943695,False,False,False,False,False,100.0,False,True,False,False,False,80.7138092770403,False,False,False,False,False,34.00406619865094,False,False,False,False,False,2.19713442600328,False,False,False,False,False,49.31783645346939,False,False,False,False,False,59.07942791618124,74.50089127022503,84.74881669730136,97.80286557399673,False,49.31783645346939,73.58001339333005,1.0,73.58001339333005,A,3.7428153051576913,12.306341284928997,上,5,4932,5182,250,0.048243921265920496,5182,0,0,2,0,0,0,5179,5179,0,3,0,0,0,0,0,1.0,78,78,0,0,0,"{""eligible"": 4932, ""historical_ST"": 239, ""new_listing_age_le_20"": 9, ""unmatched_or_special_limit_regime"": 2}",0.0,1.0,90,104,14,8,19,7,1.0,0.01714577173759717,0.03414330200129767,2886309574647.0005,1.0082550613619141,0.21739130434782608,0.4444444444444444,0.0,2026-05-19,F1-formal-live-v1,F1-2025-a5-v1,d8ea4bf3c634204d1f9009d9f82093d593f4f3a7742ef98d3ba53907a56c7c63,2026-05-19 market close,post-close research convention; provider first-publication timestamp unverified,,OK,扩散,high_and_broad_five_day_improvement,,1,30.565729904012663,76.60986297847346,3,9.38104495735459,observed,C0-v1,67.5,偏高,79.35,120.0,multiple_mainlines,多主线,"{""code"": ""multiple_mainlines"", ""label"": ""多主线"", ""confidence"": ""中高"", ""summary"": ""待归类、待归类同时具备宽度与封板质量，热度接近，市场呈多主线共存。"", ""evidence"": {""top_theme"": ""芯片"", ""top_heat"": 84.98, ""top_width"": 11, ""top_share"": 0.1222, ""top3_share"": 0.3111, ""heat_gap_top1_top2"": 8.45, ""strong_theme_count"": 6, ""broad_strong_theme_count"": 3, ""broad_level1_themes"": [""待归类"", ""待归类"", ""待归类""], ""theme_width_hhi"": 0.0864, ""previous_top_theme"": ""芯片"", ""same_level1_as_previous_top"": false, ""previous_top_weakened"": false}}",theme-market-review-v2,True,source_tags_first_publication_unverified,芯片 / 机器人概念 / 实控人变更,low_repair,-3,available_by_event_date
4939,61,18,23,79,10,8,0.8333333333333334,90,0,0,90,0,3,71,71,4,15,15,1,1,1,2,3,3,0.015282826991201339,-0.002318783170772234,90,0.034051795779752383,0.03252694250362204,19,66.66666666666667,3,3,0,15,66,1,4,2,9,2,17,17,-0.01115760111576014,2953417755024.0,5186,5186,True,12.350678274954445,4.656813120064791,10.292231895795371,20260520,61,18,23,1,10,0.04225352112676056,0.3684210526315789,2889918238920.45,1.0219727725332708,0.021734850069747545,0.3509726533852401,0.7495534094656447,0.13923026707915875,40.8799024003417,False,False,False,False,False,18.69753703685022,False,False,False,False,False,0.0,True,False,False,False,False,51.062403210342644,False,False,False,False,False,55.25328224862713,False,False,False,False,False,48.41325542422736,False,False,False,False,False,72.23978003235203,False,False,False,False,False,100.0,False,True,False,False,False,24.168056832466306,False,False,False,False,False,52.518974103645355,False,False,False,False,False,40.8799024003417,38.41019831422237,44.64922518101416,75.8319431675337,True,50.0,48.00739086029199,1.0,48.00739086029199,C,-25.572622533038057,-28.602472118181467,下,5,4939,5186,247,0.04762822984959506,5186,0,0,2,0,0,0,5184,5184,0,2,0,0,0,0,0,1.0,90,90,0,0,0,"{""eligible"": 4939, ""historical_ST"": 238, ""new_listing_age_le_20"": 8, ""unmatched_or_special_limit_regime"": 1}",0.0,1.0,61,79,18,23,10,8,0.8333333333333334,0.015282826991201339,-0.002318783170772234,2953417755024.0,1.0219727725332708,0.04225352112676056,0.3684210526315789,0.11764705882352941,2026-05-20,F1-formal-live-v1,F1-2025-a5-v1,d8ea4bf3c634204d1f9009d9f82093d593f4f3a7742ef98d3ba53907a56c7c63,2026-05-20 market close,post-close research convention; provider first-publication timestamp unverified,,OK,退潮,panic_or_five_day_decline_or_mid_failure,,1,30.565729904012663,76.60986297847346,0,-21.970922406463032,observed,C0-v1,60.0,偏高,77.38,120.0,clear_single_mainline,主线明确,"{""code"": ""clear_single_mainline"", ""label"": ""主线明确"", ""confidence"": ""中高"", ""summary"": ""芯片在热度、宽度和持续性上显著领先，单一主线较明确。"", ""evidence"": {""top_theme"": ""芯片"", ""top_heat"": 90.5, ""top_width"": 26, ""top_share"": 0.4407, ""top3_share"": 0.5424, ""heat_gap_top1_top2"": 24.06, ""strong_theme_count"": 1, ""broad_strong_theme_count"": 1, ""broad_level1_themes"": [""待归类""], ""theme_width_hhi"": 0.2186, ""previous_top_theme"": ""芯片"", ""same_level1_as_previous_top"": false, ""previous_top_weakened"": false}}",theme-market-review-v2,True,source_tags_first_publication_unverified,芯片 / 股权转让 / 实控人变更,low_repair,-2,available_by_event_date
4942,34,68,27,102,7,7,0.6666666666666666,61,0,0,61,0,5,51,51,0,3,3,1,4,4,1,3,3,0.023636448458688897,-0.009702075765252022,61,0.02927648536162534,0.00291450539340955,10,63.333333333333336,3,3,0,62,89,3,8,3,5,4,8,8,-0.030721974260449203,3481228862554.0,5189,5189,True,6.879805746661271,5.46337515176042,4.586537164440847,20260521,34,68,27,1,7,0.09803921568627451,0.2,2916320586638.5,1.193705821816607,0.1770626042256749,0.2728536563925839,0.5438736921290839,0.3894666058262687,0.0,True,False,False,False,False,53.7855800043741,False,False,False,False,False,0.0,True,False,False,False,False,40.354939946865514,False,False,False,False,False,13.275900010788098,False,False,False,False,False,0.0,True,False,False,False,False,0.0,True,False,False,False,False,100.0,False,True,False,False,False,100.0,False,True,False,False,False,89.31322204621284,False,False,False,False,False,0.0,32.876656728859864,0.0,0.0,True,50.0,12.861479273079972,1.0,12.861479273079972,D,-35.14591158721202,-19.928777449182526,下,5,4942,5189,247,0.04760069377529389,5189,0,0,2,0,0,0,5187,5187,0,2,0,0,0,0,0,1.0,61,61,0,0,0,"{""eligible"": 4942, ""historical_ST"": 238, ""new_listing_age_le_20"": 8, ""unmatched_or_special_limit_regime"": 1}",0.0,1.0,34,102,68,27,7,7,0.6666666666666666,0.023636448458688897,-0.009702075765252022,3481228862554.0,1.193705821816607,0.09803921568627451,0.2,0.5,2026-05-21,F1-formal-live-v1,F1-2025-a5-v1,d8ea4bf3c634204d1f9009d9f82093d593f4f3a7742ef98d3ba53907a56c7c63,2026-05-21 market close,post-close research convention; provider first-publication timestamp unverified,,OK,冰点,score_lt_35,,1,30.565729904012663,73.58001339333005,0,-75.8319431675337,observed,C0-v1,5.8,低迷,54.1,120.0,cold_no_mainline,热点低迷、无主线,"{""code"": ""cold_no_mainline"", ""label"": ""热点低迷、无主线"", ""confidence"": ""中高"", ""summary"": ""前三题材绝对热度较低，当前没有形成具备宽度和持续性的有效主线。"", ""evidence"": {""top_theme"": ""实控人变更"", ""top_heat"": 62.5, ""top_width"": 2, ""top_share"": 0.0645, ""top3_share"": 0.2581, ""heat_gap_top1_top2"": 9.65, ""strong_theme_count"": 0, ""broad_strong_theme_count"": 0, ""broad_level1_themes"": [], ""theme_width_hhi"": 0.0905, ""previous_top_theme"": ""芯片"", ""same_level1_as_previous_top"": false, ""previous_top_weakened"": true}}",theme-market-review-v2,True,source_tags_first_publication_unverified,实控人变更 / 芯片 / 化工,low_repair,-1,available_by_event_date
4945,116,21,5,137,11,3,0.5,34,0,0,34,0,7,27,27,4,5,5,0,0,0,0,2,2,0.009519445670153932,0.03569085068488892,34,0.037404391781159695,0.0561072153427788,7,72.85714285714286,7,7,0,21,126,0,7,0,4,0,6,6,0.012680167852581636,2903048134445.0,5191,5191,True,23.458038422649143,1.0111223458038423,11.729019211324571,20260522,116,21,5,1,11,0.25925925925925924,0.5714285714285714,2961451892601.45,0.9802786740171741,-0.019918386498500112,0.4043864765911911,0.8535970375766422,0.09664235234013567,76.71761317824843,False,False,False,False,False,0.0,True,False,False,False,False,93.63650985532121,False,False,False,False,False,58.57977807797037,False,False,False,False,False,88.67971461411621,False,False,False,False,False,63.04367654809725,False,False,False,False,False,100.0,False,True,False,False,False,19.387997719084236,False,False,False,False,False,7.882616218339389,False,False,False,False,False,42.652099234882314,False,False,False,False,False,76.71761317824843,67.51095707944307,80.37047118946785,92.1173837816606,False,42.652099234882314,74.26500715453511,1.0,74.26500715453511,A,61.40352788145514,43.69927725052245,上,5,4945,5191,246,0.04738971296474668,5191,0,0,2,0,0,0,5188,5188,0,3,0,0,0,0,0,1.0,34,34,0,0,0,"{""eligible"": 4945, ""historical_ST"": 237, ""new_listing_age_le_20"": 8, ""unmatched_or_special_limit_regime"": 1}",0.0,1.0,116,137,21,5,11,3,0.5,0.009519445670153932,0.03569085068488892,2903048134445.0,0.9802786740171741,0.25925925925925924,0.5714285714285714,0.0,2026-05-22,F1-formal-live-v1,F1-2025-a5-v1,d8ea4bf3c634204d1f9009d9f82093d593f4f3a7742ef98d3ba53907a56c7c63,2026-05-22 market close,post-close research convention; provider first-publication timestamp unverified,,OK,启动候选,cross_50_after_low_with_breadth,,1,12.861479273079972,73.58001339333005,4,92.1173837816606,observed,C0-v1,82.5,高热,84.3,120.0,multiple_mainlines,多主线,"{""code"": ""multiple_mainlines"", ""label"": ""多主线"", ""confidence"": ""中高"", ""summary"": ""待归类、待归类同时具备宽度与封板质量，热度接近，市场呈多主线共存。"", ""evidence"": {""top_theme"": ""芯片"", ""top_heat"": 87.12, ""top_width"": 14, ""top_share"": 0.1228, ""top3_share"": 0.4912, ""heat_gap_top1_top2"": 4.33, ""strong_theme_count"": 4, ""broad_strong_theme_count"": 2, ""broad_level1_themes"": [""待归类"", ""待归类""], ""theme_width_hhi"": 0.1071, ""previous_top_theme"": ""实控人变更"", ""same_level1_as_previous_top"": false, ""previous_top_weakened"": true}}",theme-market-review-v2,True,source_tags_first_publication_unverified,芯片 / 元器件 / 通信,low_repair,0,available_by_event_date
4945,103,42,15,145,23,4,0.6666666666666666,116,0,0,116,0,21,105,105,1,7,7,1,4,4,0,0,0,0.0356536178282443,0.03953559157929238,116,0.024833532448030396,0.01586151638057052,11,65.0,11,11,0,34,114,6,27,2,4,0,11,11,-0.004761904761904856,3205448447281.9995,5191,5191,True,20.829120323559152,3.033367037411527,13.886080215706102,20260525,103,42,16,1,23,0.2,0.18181818181818182,2986186699192.35,1.0734253314265152,0.07085477972427566,0.2684439898680893,0.6854288826151418,0.06644161723384327,0.0,True,False,False,False,False,100.0,False,True,False,False,False,100.0,False,True,False,False,False,30.392706932004188,False,False,False,False,False,31.629054363562602,False,False,False,False,False,85.00845208786167,False,False,False,False,False,37.394593233877636,False,False,False,False,False,67.7681653306433,False,False,False,False,False,0.0,True,False,False,False,False,64.15456930330215,False,False,False,False,False,0.0,67.14708038682873,55.14944713434102,100.0,False,64.15456930330215,50.97195826062685,1.0,50.97195826062685,B,-23.293048893908264,-18.86523982754551,下,5,4945,5191,246,0.04738971296474668,5191,0,0,2,0,0,0,5189,5189,0,2,0,0,0,0,0,1.0,116,116,0,0,0,"{""eligible"": 4945, ""historical_ST"": 237, ""new_listing_age_le_20"": 8, ""unmatched_or_special_limit_regime"": 1}",0.0,1.0,103,145,42,15,23,4,0.6666666666666666,0.0356536178282443,0.03953559157929238,3205448447281.9995,1.0734253314265152,0.2,0.18181818181818182,0.0,2026-05-25,F1-formal-live-v1,F1-2025-a5-v1,d8ea4bf3c634204d1f9009d9f82093d593f4f3a7742ef98d3ba53907a56c7c63,2026-05-25 market close,post-close research convention; provider first-publication timestamp unverified,,OK,分歧,decline_after_recent_strength,,1,12.861479273079972,74.26500715453511,2,7.882616218339393,observed,C0-v1,78.3,偏高,82.66,120.0,clear_single_mainline,主线明确,"{""code"": ""clear_single_mainline"", ""label"": ""主线明确"", ""confidence"": ""中高"", ""summary"": ""芯片在热度、宽度和持续性上显著领先，单一主线较明确。"", ""evidence"": {""top_theme"": ""芯片"", ""top_heat"": 95.0, ""top_width"": 15, ""top_share"": 0.1456, ""top3_share"": 0.3592, ""heat_gap_top1_top2"": 18.02, ""strong_theme_count"": 4, ""broad_strong_theme_count"": 1, ""broad_level1_themes"": [""待归类""], ""theme_width_hhi"": 0.0689, ""previous_top_theme"": ""芯片"", ""same_level1_as_previous_top"": false, ""previous_top_weakened"": false}}",theme-market-review-v2,True,source_tags_first_publication_unverified,芯片 / 通信 / 机器人概念,low_repair,1,future_outcome_only
4945,49,27,17,76,13,3,0.5,103,0,0,103,0,9,80,80,4,21,21,0,1,1,0,1,1,0.016392292348953615,0.016440983382776577,103,0.0192956407795997,0.022503945348529827,23,65.65217391304348,23,23,0,20,56,4,13,3,7,3,23,23,-0.015926640926640867,3243410557571.0,5191,5191,True,9.908998988877654,3.4378159757330637,4.954499494438827,20260526,49,27,17,1,13,0.1125,0.17391304347826086,3018482101611.8,1.0745170746048465,0.07187132771856101,0.2751237878548565,0.6569651854979348,0.14510949556219616,0.0,True,False,False,False,False,23.35766777120338,False,False,False,False,False,46.080003586060066,False,False,False,False,False,17.975342110704272,False,False,False,False,False,41.0450905627433,False,False,False,False,False,0.0,True,False,False,False,False,21.927456215672965,False,False,False,False,False,77.44419885295511,False,False,False,False,False,26.41624923409281,False,False,False,False,False,64.39537056351807,False,False,False,False,False,0.0,42.34548809598252,13.31355996224676,73.58375076590718,False,64.39537056351807,31.787676980981935,1.0,31.787676980981935,D,-19.184281279644914,-41.792336412348114,下,5,4945,5191,246,0.04738971296474668,5191,0,0,2,0,0,0,5189,5189,0,2,0,0,0,0,0,1.0,103,103,0,0,0,"{""eligible"": 4945, ""historical_ST"": 237, ""new_listing_age_le_20"": 8, ""unmatched_or_special_limit_regime"": 1}",0.0,1.0,49,76,27,17,13,3,0.5,0.016392292348953615,0.016440983382776577,3243410557571.0,1.0745170746048465,0.1125,0.17391304347826086,0.13043478260869565,2026-05-26,F1-formal-live-v1,F1-2025-a5-v1,d8ea4bf3c634204d1f9009d9f82093d593f4f3a7742ef98d3ba53907a56c7c63,2026-05-26 market close,post-close research convention; provider first-publication timestamp unverified,,OK,冰点,score_lt_35,,1,12.861479273079972,74.26500715453511,0,-26.416249234092817,observed,C0-v1,3.3,低迷,50.4,120.0,cold_no_mainline,热点低迷、无主线,"{""code"": ""cold_no_mainline"", ""label"": ""热点低迷、无主线"", ""confidence"": ""中高"", ""summary"": ""前三题材绝对热度较低，当前没有形成具备宽度和持续性的有效主线。"", ""evidence"": {""top_theme"": ""有色金属"", ""top_heat"": 54.0, ""top_width"": 7, ""top_share"": 0.1556, ""top3_share"": 0.3556, ""heat_gap_top1_top2"": 5.67, ""strong_theme_count"": 0, ""broad_strong_theme_count"": 0, ""broad_level1_themes"": [], ""theme_width_hhi"": 0.0815, ""previous_top_theme"": ""芯片"", ""same_level1_as_previous_top"": false, ""previous_top_weakened"": true}}",theme-market-review-v2,True,source_tags_first_publication_unverified,有色金属 / 芯片 / 通信,low_repair,2,future_outcome_only
4946,47,26,22,73,8,3,0.5,49,0,0,49,0,5,36,36,3,9,9,0,4,4,0,0,0,0.01532139625910167,0.011057859386656058,49,0.016154292146438938,0.029307095166323145,13,60.76923076923077,13,13,0,20,59,4,9,2,5,1,13,13,-0.023033123139172995,3238216363026.0,5191,5191,True,9.50262838657501,4.448038819247877,4.751314193287505,20260527,47,26,22,1,8,0.1388888888888889,0.23076923076923078,3040440110727.5,1.065048560437251,0.0630203947765884,0.2574335834330564,0.647845566630974,0.11461477087452737,0.0,True,False,False,False,False,18.85954104129068,False,False,False,False,False,32.78107710246692,False,False,False,False,False,10.931637693152402,False,False,False,False,False,50.68895807894671,False,False,False,False,False,0.0,True,False,False,False,False,16.971866856066683,False,False,False,False,False,100.0,False,True,False,False,False,14.755193956123785,False,False,False,False,False,62.29874962825972,False,False,False,False,False,0.0,38.25240323712641,5.940153399623338,85.24480604387621,True,50.0,29.58359137103487,1.0,29.58359137103487,D,-2.2040856099470645,-18.42379948925712,下,5,4946,5191,245,0.04719707185513389,5191,0,0,2,0,0,0,5188,5188,0,3,0,0,0,0,0,1.0,49,49,0,0,0,"{""eligible"": 4946, ""historical_ST"": 236, ""new_listing_age_le_20"": 8, ""unmatched_or_special_limit_regime"": 1}",0.0,1.0,47,73,26,22,8,3,0.5,0.01532139625910167,0.011057859386656058,3238216363026.0,1.065048560437251,0.1388888888888889,0.23076923076923078,0.07692307692307693,2026-05-27,F1-formal-live-v1,F1-2025-a5-v1,d8ea4bf3c634204d1f9009d9f82093d593f4f3a7742ef98d3ba53907a56c7c63,2026-05-27 market close,post-close research convention; provider first-publication timestamp unverified,,OK,冰点,score_lt_35,,2,12.861479273079972,74.26500715453511,1,11.661055277969027,observed,C0-v1,6.7,低迷,53.99,120.0,cold_no_mainline,热点低迷、无主线,"{""code"": ""cold_no_mainline"", ""label"": ""热点低迷、无主线"", ""confidence"": ""中高"", ""summary"": ""前三题材绝对热度较低，当前没有形成具备宽度和持续性的有效主线。"", ""evidence"": {""top_theme"": ""电力"", ""top_heat"": 59.18, ""top_width"": 7, ""top_share"": 0.1489, ""top3_share"": 0.2979, ""heat_gap_top1_top2"": 6.18, ""strong_theme_count"": 1, ""broad_strong_theme_count"": 0, ""broad_level1_themes"": [], ""theme_width_hhi"": 0.0656, ""previous_top_theme"": ""有色金属"", ""same_level1_as_previous_top"": false, ""previous_top_weakened"": true}}",theme-market-review-v2,True,source_tags_first_publication_unverified,电力 / 元器件 / 芯片,low_repair,3,future_outcome_only
4946,101,26,8,127,9,4,0.6666666666666666,47,0,0,47,0,5,39,39,1,5,5,3,3,3,0,0,0,0.014843206029613289,0.008388910209663612,47,0.03617062599314809,0.04014228396385783,8,72.5,8,8,0,25,117,1,6,0,4,0,8,8,0.0015845940547486448,2967879462705.0,5191,5191,True,20.42054185200162,1.6174686615446825,13.61369456800108,20260528,101,26,8,1,9,0.1282051282051282,0.5,3070276296487.4,0.9666489840345807,-0.033919844221008945,0.3585721742425593,0.8136616673171531,0.08177429813396095,45.97875910425451,False,False,False,False,False,16.85097991792141,False,False,False,False,False,26.187478493397403,False,False,False,False,False,55.81336067383216,False,False,False,False,False,66.04847948815913,False,False,False,False,False,82.2348218567549,False,False,False,False,False,100.0,False,True,False,False,False,33.89422266205675,False,False,False,False,False,2.19713442600328,False,False,False,False,False,39.33541504152042,False,False,False,False,False,45.97875910425451,48.79020281213272,84.42037307718779,97.80286557399673,False,39.33541504152042,63.04530699353253,1.0,63.04530699353253,B,33.46171562249766,50.183827720452555,上,5,4946,5191,245,0.04719707185513389,5191,0,0,2,0,0,0,5188,5188,0,3,0,0,0,0,0,1.0,47,47,0,0,0,"{""eligible"": 4946, ""historical_ST"": 236, ""new_listing_age_le_20"": 8, ""unmatched_or_special_limit_regime"": 1}",0.0,1.0,101,127,26,8,9,4,0.6666666666666666,0.014843206029613289,0.008388910209663612,2967879462705.0,0.9666489840345807,0.1282051282051282,0.5,0.0,2026-05-28,F1-formal-live-v1,F1-2025-a5-v1,d8ea4bf3c634204d1f9009d9f82093d593f4f3a7742ef98d3ba53907a56c7c63,2026-05-28 market close,post-close research convention; provider first-publication timestamp unverified,,OK,启动候选,cross_50_after_low_with_breadth,,1,12.861479273079972,74.26500715453511,4,12.558059530120516,observed,C0-v1,90.0,高热,87.44,120.0,multiple_mainlines,多主线,"{""code"": ""multiple_mainlines"", ""label"": ""多主线"", ""confidence"": ""中高"", ""summary"": ""待归类、待归类同时具备宽度与封板质量，热度接近，市场呈多主线共存。"", ""evidence"": {""top_theme"": ""元器件"", ""top_heat"": 93.75, ""top_width"": 14, ""top_share"": 0.1386, ""top3_share"": 0.4653, ""heat_gap_top1_top2"": 4.21, ""strong_theme_count"": 5, ""broad_strong_theme_count"": 2, ""broad_level1_themes"": [""待归类"", ""待归类""], ""theme_width_hhi"": 0.0936, ""previous_top_theme"": ""电力"", ""same_level1_as_previous_top"": false, ""previous_top_weakened"": true}}",theme-market-review-v2,True,source_tags_first_publication_unverified,元器件 / 通信 / 芯片,low_repair,4,future_outcome_only
4946,50,43,55,93,9,5,0.6666666666666666,101,0,0,101,0,5,92,92,2,5,5,0,1,1,2,3,3,0.024178972595372647,-0.008155194691107166,101,0.0537159189144913,0.015770469527199998,9,57.77777777777778,9,9,1,32,73,9,14,2,6,4,9,9,-0.023887402382156364,3318638030168.0,5190,5190,True,10.109179134654266,11.120097048119693,6.739452756436177,20260529,51,43,55,1,9,0.05434782608695652,0.4444444444444444,3089214723447.95,1.074265898378208,0.07163754307772899,0.33886081699939474,0.5966629785625492,0.36164756255296376,32.75353242095231,False,False,False,False,False,56.064365354292946,False,False,False,False,False,0.0,True,False,False,False,False,95.15437999041758,False,False,False,False,False,31.499990060234158,False,False,False,False,False,12.236255246730526,False,False,False,False,False,0.0,True,False,False,False,False,100.0,False,True,False,False,False,100.0,False,True,False,False,False,64.33999134242084,False,False,False,False,False,32.75353242095231,43.351354012438954,4.894502098692211,0.0,True,50.0,25.375060363849236,1.0,25.375060363849236,D,-37.67024662968329,-48.889946790685876,下,5,4946,5190,244,0.047013487475915224,5190,0,0,2,0,0,0,5189,5189,0,1,0,0,0,0,0,1.0,101,101,0,0,0,"{""eligible"": 4946, ""historical_ST"": 235, ""new_listing_age_le_20"": 8, ""unmatched_or_special_limit_regime"": 1}",0.0,1.0,50,93,43,55,9,5,0.6666666666666666,0.024178972595372647,-0.008155194691107166,3318638030168.0,1.074265898378208,0.05434782608695652,0.4444444444444444,0.4444444444444444,2026-05-29,F1-formal-live-v1,F1-2025-a5-v1,d8ea4bf3c634204d1f9009d9f82093d593f4f3a7742ef98d3ba53907a56c7c63,2026-05-29 market close,post-close research convention; provider first-publication timestamp unverified,,OK,冰点,score_lt_35,,1,29.58359137103487,74.26500715453511,1,-97.80286557399673,observed,C0-v1,46.7,中性,72.95,120.0,scattered_no_mainline,热点分散、无明确主线,"{""code"": ""scattered_no_mainline"", ""label"": ""热点分散、无明确主线"", ""confidence"": ""中"", ""summary"": ""局部题材仍有活跃度，但领先差、持续性或板块宽度不足，尚不能确认单一或多主线。"", ""evidence"": {""top_theme"": ""电力"", ""top_heat"": 78.67, ""top_width"": 8, ""top_share"": 0.1633, ""top3_share"": 0.4898, ""heat_gap_top1_top2"": 5.71, ""strong_theme_count"": 2, ""broad_strong_theme_count"": 0, ""broad_level1_themes"": [], ""theme_width_hhi"": 0.1037, ""previous_top_theme"": ""元器件"", ""same_level1_as_previous_top"": false, ""previous_top_weakened"": true}}",theme-market-review-v2,True,source_tags_first_publication_unverified,电力 / 地产链 / 零售,low_repair,5,future_outcome_only
4968,87,31,1,118,19,3,0.5,117,2,0,115,0,9,84,86,10,27,27,0,2,2,0,2,2,0.011047290961178237,0.023532400035157174,115,0.024871236400249824,0.04397982912254881,31,75.3225806451613,31,31,0,21,89,7,16,3,13,0,31,31,-0.012158022358893184,3091518575604.8296,5190,5190,True,17.51207729468599,0.20128824476650564,8.756038647342995,20260617,87,30,1,7,19,0.10588235294117647,0.3333333333333333,2992555752590.0464,1.03306966726656,0.0325346295541777,0.29192417781362096,0.7098991651827076,0.0295296076594859,1.2616526215801567,False,False,False,False,False,0.906849394327177,False,False,False,False,False,63.599241261525705,False,False,False,False,False,30.47724880424456,False,False,False,False,False,71.48842687856775,False,False,False,False,False,32.77061026054434,False,False,False,False,False,50.69171383589255,False,False,False,False,False,0.013532448714519368,False,False,False,False,False,0.0,True,False,False,False,False,55.07724043688721,False,False,False,False,False,1.2616526215801567,53.518943444242296,55.846960834601504,100.0,False,55.07724043688721,47.44035339428058,1.0,47.44035339428058,C,-21.009875414497117,25.270166303238014,下,5,4968,5190,222,0.04277456647398844,5190,0,0,2,0,0,0,5190,5190,0,0,0,0,0,0,0,1.0,117,115,2,0,0,"{""eligible"": 4968, ""historical_ST"": 217, ""new_listing_age_le_20"": 4, ""unmatched_or_special_limit_regime"": 1}",0.0,1.0,87,118,31,1,19,3,0.5,0.011047290961178237,0.023532400035157174,3091518575604.8296,1.03306966726656,0.10714285714285714,0.3225806451612903,0.0,2026-06-17,F1-formal-live-v1,F1-2025-a5-v1,d8ea4bf3c634204d1f9009d9f82093d593f4f3a7742ef98d3ba53907a56c7c63,2026-06-17 market close,post-close research convention; provider first-publication timestamp unverified,,OK,分歧,decline_after_recent_strength,,1,22.170187091042564,68.4502288087777,0,0.0,observed,C0-v1,71.7,偏高,81.02,120.0,multiple_mainlines,多主线,"{""code"": ""multiple_mainlines"", ""label"": ""多主线"", ""confidence"": ""中高"", ""summary"": ""待归类、待归类同时具备宽度与封板质量，热度接近，市场呈多主线共存。"", ""evidence"": {""top_theme"": ""通信"", ""top_heat"": 93.33, ""top_width"": 20, ""top_share"": 0.2381, ""top3_share"": 0.5238, ""heat_gap_top1_top2"": 10.08, ""strong_theme_count"": 2, ""broad_strong_theme_count"": 2, ""broad_level1_themes"": [""待归类"", ""待归类""], ""theme_width_hhi"": 0.1293, ""previous_top_theme"": ""通信"", ""same_level1_as_previous_top"": false, ""previous_top_weakened"": false}}",theme-market-review-v2,True,source_tags_first_publication_unverified,通信 / 芯片 / 电阻电容,heat_divergence,-5,available_by_event_date
4970,93,41,14,134,14,4,0.6666666666666666,87,0,0,87,0,9,68,68,4,9,9,1,10,10,0,0,0,0.008760281899236286,0.008602994583803654,87,0.015536312915332208,0.014813286563752312,19,60.78947368421053,19,19,0,38,117,2,11,1,6,3,19,19,-0.0066058515501620785,3309673850864.7603,5188,5188,True,18.712273641851105,2.8169014084507045,12.474849094567404,20260618,93,41,14,7,14,0.1323529411764706,0.2631578947368421,2999460793619.088,1.103422941185164,0.0984171129987328,0.26903019234810266,0.7632674049435622,0.16929441148922886,0.0,True,False,False,False,False,0.0,True,False,False,False,False,26.71637070450499,False,False,False,False,False,9.545970723828457,False,False,False,False,False,30.143126557961526,False,False,False,False,False,70.63826285928715,False,False,False,False,False,79.69194783228826,False,False,False,False,False,62.58944316377219,False,False,False,False,False,35.66446001174916,False,False,False,False,False,70.68357199111546,False,False,False,False,False,0.0,29.27578986864173,65.5001260940727,64.33553998825084,False,70.68357199111546,39.637634877657845,1.0,39.637634877657845,C,-7.802718516622733,17.35011867076408,下,5,4970,5188,218,0.042020046260601386,5188,0,0,2,0,0,0,5187,5187,0,1,0,0,0,0,0,1.0,87,87,0,0,0,"{""eligible"": 4970, ""historical_ST"": 212, ""new_listing_age_le_20"": 4, ""unmatched_or_special_limit_regime"": 2}",0.0,1.0,93,134,41,14,14,4,0.6666666666666666,0.008760281899236286,0.008602994583803654,3309673850864.7603,1.103422941185164,0.1323529411764706,0.2631578947368421,0.15789473684210525,2026-06-18,F1-formal-live-v1,F1-2025-a5-v1,d8ea4bf3c634204d1f9009d9f82093d593f4f3a7742ef98d3ba53907a56c7c63,2026-06-18 market close,post-close research convention; provider first-publication timestamp unverified,,OK,退潮,panic_or_five_day_decline_or_mid_failure,,1,22.287516206893766,68.4502288087777,2,-35.664460011749156,observed,C0-v1,67.5,偏高,79.99,120.0,multiple_mainlines,多主线,"{""code"": ""multiple_mainlines"", ""label"": ""多主线"", ""confidence"": ""中高"", ""summary"": ""待归类、待归类同时具备宽度与封板质量，热度接近，市场呈多主线共存。"", ""evidence"": {""top_theme"": ""非金属材料"", ""top_heat"": 84.59, ""top_width"": 11, ""top_share"": 0.1222, ""top3_share"": 0.3556, ""heat_gap_top1_top2"": 3.36, ""strong_theme_count"": 5, ""broad_strong_theme_count"": 2, ""broad_level1_themes"": [""待归类"", ""待归类""], ""theme_width_hhi"": 0.0768, ""previous_top_theme"": ""通信"", ""same_level1_as_previous_top"": false, ""previous_top_weakened"": false}}",theme-market-review-v2,True,source_tags_first_publication_unverified,非金属材料 / 通信 / 芯片,heat_divergence,-4,available_by_event_date
4976,136,26,4,162,24,5,0.8333333333333334,93,0,0,93,0,19,79,79,2,9,9,2,4,4,1,1,1,0.034313210636928715,0.04280483951463856,93,0.0572122121775799,0.05570095502700789,14,75.35714285714286,14,14,0,23,135,1,20,2,7,0,14,14,0.0024834454104570858,3736878681288.93,5191,5191,True,27.331189710610932,0.8038585209003215,22.775991425509112,20260622,136,26,3,8,24,0.24050632911392406,0.35714285714285715,2990883043034.626,1.2494232062974278,0.2226820098582786,0.37525994035053223,0.796203481841153,0.0559508355653417,57.175323952289126,False,False,False,False,False,98.63160175938972,False,False,False,False,False,100.0,False,True,False,False,False,100.0,False,True,False,False,False,88.10381657169204,False,False,False,False,False,100.0,False,True,False,False,False,97.58937036736725,False,False,False,False,False,14.4294194469992,False,False,False,False,False,0.0,True,False,False,False,False,100.0,False,True,False,False,False,57.175323952289126,91.12214347584339,95.54892476682875,100.0,False,100.0,85.1422718184519,1.0,85.1422718184519,S,45.50463694079406,56.511369878666954,上,5,4976,5191,215,0.041417838566750145,5191,0,0,2,0,0,0,5191,5191,0,0,0,0,0,0,0,1.0,93,93,0,0,0,"{""eligible"": 4976, ""historical_ST"": 212, ""new_listing_age_le_20"": 2, ""unmatched_or_special_limit_regime"": 1}",0.0,1.0,136,162,26,4,24,5,0.8333333333333334,0.034313210636928715,0.04280483951463856,3736878681288.93,1.2494232062974278,0.24050632911392406,0.35714285714285715,0.0,2026-06-22,F1-formal-live-v1,F1-2025-a5-v1,d8ea4bf3c634204d1f9009d9f82093d593f4f3a7742ef98d3ba53907a56c7c63,2026-06-22 market close,post-close research convention; provider first-publication timestamp unverified,,OK,启动候选,cross_50_after_low_with_breadth,,1,28.630901939784952,68.4502288087777,5,35.664460011749156,observed,C0-v1,95.0,高热,90.22,120.0,multiple_mainlines,多主线,"{""code"": ""multiple_mainlines"", ""label"": ""多主线"", ""confidence"": ""中高"", ""summary"": ""待归类、待归类同时具备宽度与封板质量，热度接近，市场呈多主线共存。"", ""evidence"": {""top_theme"": ""有色金属"", ""top_heat"": 92.77, ""top_width"": 20, ""top_share"": 0.1515, ""top3_share"": 0.2803, ""heat_gap_top1_top2"": 3.02, ""strong_theme_count"": 6, ""broad_strong_theme_count"": 2, ""broad_level1_themes"": [""待归类"", ""待归类""], ""theme_width_hhi"": 0.0677, ""previous_top_theme"": ""非金属材料"", ""same_level1_as_previous_top"": false, ""previous_top_weakened"": false}}",theme-market-review-v2,True,source_tags_first_publication_unverified,有色金属 / 非金属材料 / 通信,heat_divergence,-3,available_by_event_date
4976,95,52,41,147,22,5,0.6666666666666666,136,0,0,136,0,16,112,112,5,19,19,0,2,2,1,3,3,0.030094205370659394,0.012988144962374304,136,0.036920306243951935,0.025496065501476425,24,64.0,5,5,0,38,111,10,26,4,10,2,23,23,0.0,3440492116486.18,5193,5193,True,19.091639871382636,8.239549839228294,12.72775991425509,20260623,95,52,41,4,22,0.14285714285714285,0.25,3032574570376.8228,1.134511958945389,0.12620256634164548,0.29122797569038317,0.6428681600057513,0.10939520984791044,0.7945396377490233,False,False,False,False,False,80.9103489303947,False,False,False,False,False,37.54981844714288,False,False,False,False,False,57.494334902097066,False,False,False,False,False,45.28659797040155,False,False,False,False,False,73.21358612308639,False,False,False,False,False,14.267150390365552,False,False,False,False,False,100.0,False,True,False,False,False,12.759255632970955,False,False,False,False,False,77.26542766173488,False,False,False,False,False,0.7945396377490233,55.51700471625536,34.2789370858625,87.24074436702904,False,77.26542766173488,43.3005307678763,1.0,43.3005307678763,C,-41.8417410505756,-8.88511323679844,下,5,4976,5193,217,0.041787020989793956,5193,0,0,2,0,0,0,5191,5191,0,2,0,0,0,0,0,1.0,136,136,0,0,0,"{""eligible"": 4976, ""historical_ST"": 212, ""new_listing_age_le_20"": 2, ""unmatched_or_special_limit_regime"": 3}",0.0,1.0,95,147,52,41,22,5,0.6666666666666666,0.030094205370659394,0.012988144962374304,3440492116486.18,1.134511958945389,0.14285714285714285,0.25,0.08695652173913043,2026-06-23,F1-formal-live-v1,F1-2025-a5-v1,d8ea4bf3c634204d1f9009d9f82093d593f4f3a7742ef98d3ba53907a56c7c63,2026-06-23 market close,post-close research convention; provider first-publication timestamp unverified,,OK,退潮,panic_or_five_day_decline_or_mid_failure,,1,39.637634877657845,85.1422718184519,0,-12.759255632970962,observed,C0-v1,33.3,偏低,68.62,120.0,mainline_replacement,主线替换,"{""code"": ""mainline_replacement"", ""label"": ""主线替换"", ""confidence"": ""高"", ""summary"": ""有色金属明显降温，医药以更大宽度升至首位，处于新旧主线切换。"", ""evidence"": {""top_theme"": ""医药"", ""top_heat"": 71.02, ""top_width"": 14, ""top_share"": 0.1522, ""top3_share"": 0.337, ""heat_gap_top1_top2"": 1.75, ""strong_theme_count"": 4, ""broad_strong_theme_count"": 2, ""broad_level1_themes"": [""待归类"", ""待归类""], ""theme_width_hhi"": 0.061, ""previous_top_theme"": ""有色金属"", ""same_level1_as_previous_top"": false, ""previous_top_weakened"": true}}",theme-market-review-v2,True,source_tags_first_publication_unverified,医药 / 芯片 / 通信,heat_divergence,-2,available_by_event_date
4977,97,27,13,124,12,4,0.6666666666666666,95,0,0,95,0,7,73,73,2,16,16,3,5,5,0,1,1,0.0037714765255540588,0.005996963072784068,95,0.0028039312775481533,0.025070197695829185,22,63.18181818181818,22,22,0,23,108,3,10,1,6,2,21,21,-0.01940035273368612,3284086765348.32,5192,5192,True,19.489652401044804,2.6120152702431185,12.993101600696535,20260624,98,27,10,6,12,0.0958904109589041,0.22727272727272727,3044326753837.0317,1.0787563329754593,0.07580883405918079,0.29354396414758155,0.7601911239182881,0.1178102259900574,2.348439349702215,False,False,False,False,False,0.0,True,False,False,False,False,20.27820923842073,False,False,False,False,False,0.0,True,False,False,False,False,44.6829051505938,False,False,False,False,False,75.91548957977604,False,False,False,False,False,78.02030061342953,False,False,False,False,False,57.68774865128088,False,False,False,False,False,15.977122637956825,False,False,False,False,False,65.32809237720475,False,False,False,False,False,2.348439349702215,30.045634844300217,68.25136388379053,84.02287736204318,False,65.32809237720475,43.758611583411835,1.0,43.758611583411835,C,0.45808081553553137,-24.69161722536586,平,5,4977,5192,215,0.041409861325115566,5192,0,0,2,0,0,0,5191,5191,0,1,0,0,0,0,0,1.0,95,95,0,0,0,"{""eligible"": 4977, ""historical_ST"": 211, ""new_listing_age_le_20"": 3, ""unmatched_or_special_limit_regime"": 1}",0.0,1.0,97,124,27,13,12,4,0.6666666666666666,0.0037714765255540588,0.005996963072784068,3284086765348.32,1.0787563329754593,0.0958904109589041,0.22727272727272727,0.09523809523809523,2026-06-24,F1-formal-live-v1,F1-2025-a5-v1,d8ea4bf3c634204d1f9009d9f82093d593f4f3a7742ef98d3ba53907a56c7c63,2026-06-24 market close,post-close research convention; provider first-publication timestamp unverified,,OK,退潮,panic_or_five_day_decline_or_mid_failure,,2,39.637634877657845,85.1422718184519,1,-3.2178670049858624,observed,C0-v1,90.0,高热,87.68,120.0,multiple_mainlines,多主线,"{""code"": ""multiple_mainlines"", ""label"": ""多主线"", ""confidence"": ""中高"", ""summary"": ""待归类、待归类同时具备宽度与封板质量，热度接近，市场呈多主线共存。"", ""evidence"": {""top_theme"": ""通信"", ""top_heat"": 91.91, ""top_width"": 16, ""top_share"": 0.1649, ""top3_share"": 0.5155, ""heat_gap_top1_top2"": 1.07, ""strong_theme_count"": 4, ""broad_strong_theme_count"": 3, ""broad_level1_themes"": [""待归类"", ""待归类"", ""待归类""], ""theme_width_hhi"": 0.154, ""previous_top_theme"": ""医药"", ""same_level1_as_previous_top"": false, ""previous_top_weakened"": true}}",theme-market-review-v2,True,source_tags_first_publication_unverified,通信 / 芯片 / 非金属材料,heat_divergence,-1,available_by_event_date
4979,87,33,18,120,16,5,0.6666666666666666,97,1,0,96,0,14,84,85,1,7,7,0,2,2,1,3,3,0.02566787931575683,0.02489039103336675,96,0.027180648456598556,0.006902920970055099,12,54.583333333333336,12,12,0,26,97,6,20,1,3,2,12,12,-0.01831501831501836,3594003705150.4697,5191,5191,True,17.473388230568386,3.615183771841735,11.64892548704559,20260625,87,33,18,6,16,0.16470588235294117,0.16666666666666666,3046360564225.8975,1.1797696396663184,0.16531919879778337,0.28210206974711727,0.7108058078145172,0.1801803456318525,0.0,True,False,False,False,False,62.31827848440129,False,False,False,False,False,66.95413750088146,False,False,False,False,False,35.6555393421158,False,False,False,False,False,18.929715148025206,False,False,False,False,False,62.22810356598959,False,False,False,False,False,51.18438229547462,False,False,False,False,False,81.68754474489481,False,False,False,False,False,39.82719573373443,False,False,False,False,False,86.53142832652657,False,False,False,False,False,0.0,48.652766580030594,47.383889043588255,60.17280426626557,False,86.53142832652657,40.984882885906956,1.0,40.984882885906956,C,-2.773728697504879,-6.455470508373622,下,5,4979,5191,212,0.04083991523791177,5191,0,0,2,0,0,0,5190,5190,0,1,0,0,0,0,0,1.0,97,96,1,0,0,"{""eligible"": 4979, ""historical_ST"": 209, ""new_listing_age_le_20"": 2, ""unmatched_or_special_limit_regime"": 1}",0.0,1.0,87,120,33,18,16,5,0.6666666666666666,0.02566787931575683,0.02489039103336675,3594003705150.4697,1.1797696396663184,0.16666666666666666,0.16666666666666666,0.16666666666666666,2026-06-25,F1-formal-live-v1,F1-2025-a5-v1,d8ea4bf3c634204d1f9009d9f82093d593f4f3a7742ef98d3ba53907a56c7c63,2026-06-25 market close,post-close research convention; provider first-publication timestamp unverified,,OK,退潮,panic_or_five_day_decline_or_mid_failure,,3,39.637634877657845,85.1422718184519,2,-23.850073095777603,observed,C0-v1,100.0,高热,95.21,120.0,multiple_mainlines,多主线,"{""code"": ""multiple_mainlines"", ""label"": ""多主线"", ""confidence"": ""中高"", ""summary"": ""待归类、待归类同时具备宽度与封板质量，热度接近，市场呈多主线共存。"", ""evidence"": {""top_theme"": ""元器件"", ""top_heat"": 96.46, ""top_width"": 13, ""top_share"": 0.1512, ""top3_share"": 0.5698, ""heat_gap_top1_top2"": 1.87, ""strong_theme_count"": 4, ""broad_strong_theme_count"": 4, ""broad_level1_themes"": [""待归类"", ""待归类"", ""待归类"", ""待归类""], ""theme_width_hhi"": 0.1274, ""previous_top_theme"": ""通信"", ""same_level1_as_previous_top"": false, ""previous_top_weakened"": false}}",theme-market-review-v2,True,source_tags_first_publication_unverified,元器件 / 通信 / 芯片,heat_divergence,0,available_by_event_date
4980,60,37,32,97,8,6,0.8333333333333334,87,0,0,87,0,5,71,71,1,14,14,1,1,1,1,1,1,0.01225326383956962,0.0009557694013904467,87,0.02163019434476208,0.027265786735719694,16,65.9375,16,16,0,30,82,5,10,2,5,1,15,15,-0.028935945803415686,3552080880704.2305,5193,5193,True,12.048192771084338,6.42570281124498,10.040160642570282,20260626,60,37,32,6,8,0.07042253521126761,0.1875,3064149931332.121,1.1592386013435003,0.14776341145566968,0.31774454714066086,0.630615790868069,0.10315329378707463,18.58568734856998,False,False,False,False,False,5.972344442116562,False,False,False,False,False,7.824016454874486,False,False,False,False,False,23.210006320324393,False,False,False,False,False,47.79528256220876,False,False,False,False,False,45.84648124126739,False,False,False,False,False,7.609228495335531,False,False,False,False,False,100.0,False,True,False,False,False,10.372373017326876,False,False,False,False,False,82.37278973805978,False,False,False,False,False,18.58568734856998,32.60412428281778,21.001822469874394,89.62762698267312,True,50.0,37.56861692786878,1.0,37.56861692786878,C,-3.4162659580381742,-2.069017949789064,下,5,4980,5193,213,0.04101675332177932,5193,0,0,2,0,0,0,5190,5190,0,3,0,0,0,0,0,1.0,87,87,0,0,0,"{""eligible"": 4980, ""historical_ST"": 208, ""new_listing_age_le_20"": 3, ""unmatched_or_special_limit_regime"": 2}",0.0,1.0,60,97,37,32,8,6,0.8333333333333334,0.01225326383956962,0.0009557694013904467,3552080880704.2305,1.1592386013435003,0.07042253521126761,0.1875,0.06666666666666667,2026-06-26,F1-formal-live-v1,F1-2025-a5-v1,d8ea4bf3c634204d1f9009d9f82093d593f4f3a7742ef98d3ba53907a56c7c63,2026-06-26 market close,post-close research convention; provider first-publication timestamp unverified,,OK,中性/混沌,none_of_above,,1,39.637634877657845,85.1422718184519,2,29.45482271640755,observed,C0-v1,80.0,高热,83.62,120.0,clear_single_mainline,主线明确,"{""code"": ""clear_single_mainline"", ""label"": ""主线明确"", ""confidence"": ""中高"", ""summary"": ""芯片在热度、宽度和持续性上显著领先，单一主线较明确。"", ""evidence"": {""top_theme"": ""芯片"", ""top_heat"": 96.94, ""top_width"": 19, ""top_share"": 0.3276, ""top3_share"": 0.5, ""heat_gap_top1_top2"": 11.78, ""strong_theme_count"": 2, ""broad_strong_theme_count"": 1, ""broad_level1_themes"": [""待归类""], ""theme_width_hhi"": 0.148, ""previous_top_theme"": ""元器件"", ""same_level1_as_previous_top"": false, ""previous_top_weakened"": true}}",theme-market-review-v2,True,source_tags_first_publication_unverified,芯片 / 通信 / 机器人概念,heat_divergence,1,future_outcome_only
4977,108,45,41,153,9,3,0.5,60,2,0,58,0,8,50,52,1,5,5,0,1,1,0,2,2,0.020190326277725636,0.013933245177564101,58,0.02461578066183169,-0.014827676762491998,8,41.666666666666664,3,3,0,35,134,7,15,3,4,3,7,7,-0.0017767906718488824,3517515730932.88,5189,5189,True,21.699819168173597,8.23789431384368,10.849909584086799,20260629,105,45,40,7,9,0.16,0.125,3093360002232.0825,1.1371181266954826,0.12849710268363276,0.2925004199075696,0.5794564171269017,0.3385888229784577,1.6482790838230912,False,False,False,False,False,39.310698226741515,False,False,False,False,False,39.88467424658113,False,False,False,False,False,29.904451918795296,False,False,False,False,False,0.0,True,False,False,False,False,54.09193823476197,False,False,False,False,False,0.0,True,False,False,False,False,100.0,False,True,False,False,False,100.0,False,True,False,False,False,77.8089605257687,False,False,False,False,False,1.6482790838230912,30.46532347075612,21.63677529390479,0.0,True,50.0,17.59165502654217,1.0,17.59165502654217,D,-19.97696190132661,-67.55061679190973,下,5,4977,5189,212,0.040855656195798805,5189,0,0,2,0,0,0,5187,5187,0,2,0,0,0,0,0,1.0,60,58,2,0,0,"{""eligible"": 4977, ""historical_ST"": 208, ""new_listing_age_le_20"": 3, ""unmatched_or_special_limit_regime"": 1}",0.0,1.0,108,153,45,41,9,3,0.5,0.020190326277725636,0.013933245177564101,3517515730932.88,1.1371181266954826,0.16,0.125,0.42857142857142855,2026-06-29,F1-formal-live-v1,F1-2025-a5-v1,d8ea4bf3c634204d1f9009d9f82093d593f4f3a7742ef98d3ba53907a56c7c63,2026-06-29 market close,post-close research convention; provider first-publication timestamp unverified,,OK,冰点,score_lt_35,,1,37.56861692786878,85.1422718184519,0,-89.62762698267312,observed,C0-v1,52.5,中性,75.27,120.0,clear_single_mainline,主线明确,"{""code"": ""clear_single_mainline"", ""label"": ""主线明确"", ""confidence"": ""中高"", ""summary"": ""芯片在热度、宽度和持续性上显著领先，单一主线较明确。"", ""evidence"": {""top_theme"": ""芯片"", ""top_heat"": 90.4, ""top_width"": 26, ""top_share"": 0.2476, ""top3_share"": 0.5429, ""heat_gap_top1_top2"": 17.7, ""strong_theme_count"": 2, ""broad_strong_theme_count"": 1, ""broad_level1_themes"": [""待归类""], ""theme_width_hhi"": 0.1258, ""previous_top_theme"": ""芯片"", ""same_level1_as_previous_top"": false, ""previous_top_weakened"": false}}",theme-market-review-v2,True,source_tags_first_publication_unverified,芯片 / 医药 / 可控核聚变,heat_divergence,2,future_outcome_only
4974,142,26,7,168,21,3,0.5,108,1,0,107,0,20,98,99,1,8,8,0,1,1,0,0,0,0.017523347223836847,0.03352207792379375,107,0.016156539144389057,0.02805185971608669,9,64.44444444444444,9,9,0,24,145,2,22,0,1,0,9,9,0.005198284481194415,3273458545904.46,5186,5186,True,28.548451950140734,1.4073180538801768,14.274225975070367,20260630,139,26,7,4,19,0.1875,0.1111111111111111,3103303887270.3267,1.0548301632115706,0.05337977123107032,0.2700022831946232,0.8171478220128472,0.07593327683867802,0.0,True,False,False,False,False,28.108481798747093,False,False,False,False,False,88.27858952314793,False,False,False,False,False,10.936676035353713,False,False,False,False,False,48.909587536192916,False,False,False,False,False,88.96083658873115,False,False,False,False,False,100.0,False,True,False,False,False,28.866581019740504,False,False,False,False,False,0.0,True,False,False,False,False,60.015065717535975,False,False,False,False,False,0.0,53.597477712016186,88.36768938055734,100.0,False,60.015065717535975,54.88282221140923,1.0,54.88282221140923,B,37.29116718486706,11.582291443532924,上,5,4974,5186,212,0.040879290397223295,5186,0,0,2,0,0,0,5184,5184,0,2,0,0,0,0,0,1.0,108,107,1,0,0,"{""eligible"": 4974, ""historical_ST"": 208, ""new_listing_age_le_20"": 3, ""unmatched_or_special_limit_regime"": 1}",0.0,1.0,142,168,26,7,21,3,0.5,0.017523347223836847,0.03352207792379375,3273458545904.46,1.0548301632115706,0.20408163265306123,0.1111111111111111,0.0,2026-06-30,F1-formal-live-v1,F1-2025-a5-v1,d8ea4bf3c634204d1f9009d9f82093d593f4f3a7742ef98d3ba53907a56c7c63,2026-06-30 market close,post-close research convention; provider first-publication timestamp unverified,,OK,启动候选,cross_50_after_low_with_breadth,,1,17.59165502654217,43.758611583411835,4,100.0,observed,C0-v1,81.7,高热,83.77,120.0,multiple_mainlines,多主线,"{""code"": ""multiple_mainlines"", ""label"": ""多主线"", ""confidence"": ""中高"", ""summary"": ""待归类、待归类同时具备宽度与封板质量，热度接近，市场呈多主线共存。"", ""evidence"": {""top_theme"": ""芯片"", ""top_heat"": 88.33, ""top_width"": 33, ""top_share"": 0.2391, ""top3_share"": 0.5, ""heat_gap_top1_top2"": 7.28, ""strong_theme_count"": 4, ""broad_strong_theme_count"": 2, ""broad_level1_themes"": [""待归类"", ""待归类""], ""theme_width_hhi"": 0.1142, ""previous_top_theme"": ""芯片"", ""same_level1_as_previous_top"": false, ""previous_top_weakened"": false}}",theme-market-review-v2,True,source_tags_first_publication_unverified,芯片 / 算力 / 机器人概念,heat_divergence,3,future_outcome_only
4979,153,77,8,230,25,3,0.5,142,0,0,142,0,20,121,121,5,20,20,0,1,1,0,0,0,0.02191761710486989,0.030481481450189512,142,0.026495424787552724,0.03263976678913659,21,66.66666666666667,21,21,0,71,199,3,23,3,8,1,21,21,0.020370370370370372,3659715064081.2803,5189,5189,True,30.72906206065475,1.6067483430407712,15.364531030327376,20260701,151,77,8,4,23,0.16666666666666666,0.15789473684210525,3123114876319.1997,1.1718157061178933,0.15855443145048026,0.2795102453444454,0.7141676442277161,0.07934868752851895,0.0,True,False,False,False,False,46.56590544389063,False,False,False,False,False,80.76684188406755,False,False,False,False,False,34.119093201206915,False,False,False,False,False,55.41321735093325,False,False,False,False,False,100.0,False,True,False,False,False,53.01119995101743,False,False,False,False,False,33.63774983845587,False,False,False,False,False,1.2695910675179096,False,False,False,False,False,84.92898111158395,False,False,False,False,False,0.0,59.91470228173033,75.14448252324213,98.73040893248209,False,84.92898111158395,55.90477379113911,1.0,55.90477379113911,B,1.0219515797298797,12.146162207727272,平,5,4979,5189,210,0.04047022547697052,5189,0,0,2,0,0,0,5188,5188,0,1,0,0,0,0,0,1.0,142,142,0,0,0,"{""eligible"": 4979, ""historical_ST"": 206, ""new_listing_age_le_20"": 3, ""unmatched_or_special_limit_regime"": 1}",0.0,1.0,153,230,77,8,25,3,0.5,0.02191761710486989,0.030481481450189512,3659715064081.2803,1.1718157061178933,0.1652892561983471,0.23809523809523808,0.047619047619047616,2026-07-01,F1-formal-live-v1,F1-2025-a5-v1,d8ea4bf3c634204d1f9009d9f82093d593f4f3a7742ef98d3ba53907a56c7c63,2026-07-01 market close,post-close research convention; provider first-publication timestamp unverified,,OK,中性/混沌,none_of_above,,1,17.59165502654217,54.88282221140923,2,-1.2695910675179078,observed,C0-v1,59.2,中性,78.35,120.0,clear_single_mainline,主线明确,"{""code"": ""clear_single_mainline"", ""label"": ""主线明确"", ""confidence"": ""中高"", ""summary"": ""芯片在热度、宽度和持续性上显著领先，单一主线较明确。"", ""evidence"": {""top_theme"": ""芯片"", ""top_heat"": 88.8, ""top_width"": 22, ""top_share"": 0.1507, ""top3_share"": 0.3699, ""heat_gap_top1_top2"": 16.5, ""strong_theme_count"": 3, ""broad_strong_theme_count"": 1, ""broad_level1_themes"": [""待归类""], ""theme_width_hhi"": 0.0659, ""previous_top_theme"": ""芯片"", ""same_level1_as_previous_top"": false, ""previous_top_weakened"": false}}",theme-market-review-v2,True,source_tags_first_publication_unverified,芯片 / 机器人概念 / 化工,heat_divergence,4,future_outcome_only
4983,94,40,42,134,19,4,0.6666666666666666,153,0,0,153,0,15,128,128,1,20,20,3,5,5,0,0,0,0.007509542703962646,-0.0005450483299121634,153,0.007192650258895385,0.0009426816755852662,25,50.8,25,25,0,37,112,2,17,1,5,4,25,25,-0.005439005439005329,3450310137704.91,5194,5194,True,18.864138069436084,8.428657435279952,12.576092046290722,20260702,92,40,42,4,17,0.1171875,0.08695652173913043,3166469901464.864,1.0896393286759924,0.0858467503615627,0.2485698714478835,0.7699577603758667,0.16876886252471643,0.0,True,False,False,False,False,0.0,True,False,False,False,False,4.116268929784854,False,False,False,False,False,0.0,True,False,False,False,False,10.480723186919008,False,False,False,False,False,71.66919277043424,False,False,False,False,False,83.32747851355694,False,False,False,False,False,100.0,False,True,False,False,False,35.46349228407734,False,False,False,False,False,67.70588753212483,False,False,False,False,False,0.0,15.888856412401356,57.832294587918625,64.53650771592265,True,50.0,32.69411817494711,1.0,32.69411817494711,D,-23.210655616192,-8.290764710959849,下,5,4983,5194,211,0.040623796688486716,5194,0,0,2,0,0,0,5192,5192,0,2,0,0,0,0,0,1.0,153,153,0,0,0,"{""eligible"": 4983, ""historical_ST"": 206, ""new_listing_age_le_20"": 4, ""unmatched_or_special_limit_regime"": 1}",0.0,1.0,94,134,40,42,19,4,0.6666666666666666,0.007509542703962646,-0.0005450483299121634,3450310137704.91,1.0896393286759924,0.1171875,0.16,0.16,2026-07-02,F1-formal-live-v1,F1-2025-a5-v1,d8ea4bf3c634204d1f9009d9f82093d593f4f3a7742ef98d3ba53907a56c7c63,2026-07-02 market close,post-close research convention; provider first-publication timestamp unverified,,OK,冰点,score_lt_35,,1,17.59165502654217,55.90477379113911,0,-34.19390121655944,observed,C0-v1,25.0,偏低,63.93,120.0,scattered_no_mainline,热点分散、无明确主线,"{""code"": ""scattered_no_mainline"", ""label"": ""热点分散、无明确主线"", ""confidence"": ""中"", ""summary"": ""局部题材仍有活跃度，但领先差、持续性或板块宽度不足，尚不能确认单一或多主线。"", ""evidence"": {""top_theme"": ""机器人概念"", ""top_heat"": 68.73, ""top_width"": 16, ""top_share"": 0.1882, ""top3_share"": 0.3176, ""heat_gap_top1_top2"": 2.67, ""strong_theme_count"": 2, ""broad_strong_theme_count"": 0, ""broad_level1_themes"": [], ""theme_width_hhi"": 0.0696, ""previous_top_theme"": ""芯片"", ""same_level1_as_previous_top"": false, ""previous_top_weakened"": true}}",theme-market-review-v2,True,source_tags_first_publication_unverified,机器人概念 / 医药 / 芯片,heat_divergence,5,future_outcome_only
