N,U,Z,D,Touch,lianban,max_h,ladder,cohort_original_n,cohort_suspended_n,cohort_missing_n,cohort_observed_n,cohort_unobservable_n,k_h1,n_h1,original_h1,k_h2,n_h2,original_h2,k_h3,n_h3,original_h3,k_h4,n_h4,original_h4,P_open,P_close,P_n,C_open,C_close,C_n,H_score,H_n,H_original_n,H_h2l,kz_b1,nz_b1,kz_b2,nz_b2,kz_b3,nz_b3,k_mid,n_mid,MID_original_n,median_ret,amount,amount_observed_n,amount_original_n,amount_complete,Udens,Ddens,BL,date,cls_U,cls_Z,cls_D,comparison_delisting_excluded_n,cls_lianban,cls_1to2,cls_lb_promo,amt_ma20,ratio20,lr20,Q_M1raw,clip_low_M1raw,clip_high_M1raw,endpoint_low_M1raw,endpoint_high_M1raw,constant_anchor_M1raw,Q_P_open,clip_low_P_open,clip_high_P_open,endpoint_low_P_open,endpoint_high_P_open,constant_anchor_P_open,Q_P_close,clip_low_P_close,clip_high_P_close,endpoint_low_P_close,endpoint_high_P_close,constant_anchor_P_close,Q_C_open,clip_low_C_open,clip_high_C_open,endpoint_low_C_open,endpoint_high_C_open,constant_anchor_C_open,Q_C_close,clip_low_C_close,clip_high_C_close,endpoint_low_C_close,endpoint_high_C_close,constant_anchor_C_close,Q_BL,clip_low_BL,clip_high_BL,endpoint_low_BL,endpoint_high_BL,constant_anchor_BL,Q_SQ,clip_low_SQ,clip_high_SQ,endpoint_low_SQ,endpoint_high_SQ,constant_anchor_SQ,Q_Ddens,clip_low_Ddens,clip_high_Ddens,endpoint_low_Ddens,endpoint_high_Ddens,constant_anchor_Ddens,Q_MIDfail,clip_low_MIDfail,clip_high_MIDfail,endpoint_low_MIDfail,endpoint_high_MIDfail,constant_anchor_MIDfail,Q_lr20,clip_low_lr20,clip_high_lr20,endpoint_low_lr20,endpoint_high_lr20,constant_anchor_lr20,M1raw,SQ,MIDfail,trade_date
4960,98,76,148,174,0,1,0.16666666666666666,0,0,0,0,0,0,0,0,0,0,0,0,0,0,0,0,0,,,0,,,0,,0,0,0,76,174,0,0,0,0,0,0,0,-0.032023428275080035,2234136757242.0,5093,5093,True,19.758064516129032,29.838709677419356,3.293010752688172,20241101,98,76,148,0,0,,,,,,,False,False,False,False,False,,False,False,False,False,False,,False,False,False,False,False,,False,False,False,False,False,,False,False,False,False,False,0.0,True,False,False,False,False,0.0,True,False,False,False,False,100.0,False,True,False,False,False,,False,False,False,False,False,,False,False,False,False,False,,0.5667617622146889,,2024-11-01
4961,144,39,42,183,28,2,0.3333333333333333,98,0,0,98,0,28,98,98,0,0,0,0,0,0,0,0,0,0.033306482204405324,0.016724217496505836,98,,,0,,0,0,0,31,147,8,36,0,0,0,0,0,0.018905472636815857,1696729412230.0,5094,5094,True,29.026405966539002,8.466035073573876,9.675468655513,20241104,144,39,42,0,28,0.2857142857142857,,,,,0.0,True,False,False,False,False,94.40300095020883,False,False,False,False,False,46.77972918384411,False,False,False,False,False,,False,False,False,False,False,,False,False,False,False,False,42.13292023367754,False,False,False,False,False,85.69305244695504,False,False,False,False,False,100.0,False,True,False,False,False,,False,False,False,False,False,,False,False,False,False,False,0.2804542646130861,0.7743110534170645,,2024-11-04
4964,173,45,0,218,45,3,0.5,144,0,0,144,0,27,116,116,18,28,28,0,0,0,0,0,0,0.038905984129049394,0.058624893977776656,144,0.07098851297155097,0.08166660812218127,28,88.21428571428571,28,28,0,29,157,14,41,2,20,0,28,28,0.023261826314903478,2308443451762.0,5097,5097,True,34.85092667203868,0.0,17.42546333601934,20241105,174,45,0,0,45,0.23275862068965517,0.6428571428571429,,,,95.39024343165737,False,False,False,False,False,100.0,False,True,False,False,False,100.0,False,True,False,False,False,100.0,False,True,False,False,False,100.0,False,True,False,False,False,100.0,False,True,False,False,False,96.69451041703225,False,False,False,False,False,0.0,True,False,False,False,False,0.0,True,False,False,False,False,,False,False,False,False,False,0.4322168415753446,0.7945566985638939,0.03221411744671189,2024-11-05
4965,136,90,4,226,54,4,0.6666666666666666,173,0,0,173,0,27,128,128,13,27,27,14,18,18,0,0,0,0.04742052558625934,0.05117350782063656,173,0.07616639860598853,0.06593358374943219,45,79.55555555555556,45,45,0,56,138,24,51,10,37,4,45,45,0.0008285004142500885,2567738091807.0,5098,5098,True,27.391742195367573,0.8056394763343404,18.261161463578382,20241106,137,90,4,0,55,0.21705426356589147,0.6,,,,100.0,False,True,False,False,False,100.0,False,True,False,False,False,100.0,False,True,False,False,False,100.0,False,True,False,False,False,100.0,False,True,False,False,False,100.0,False,True,False,False,False,16.999857354653862,False,False,False,False,False,14.47202701212924,False,False,False,False,False,9.648889197708275,False,False,False,False,False,,False,False,False,False,False,0.46205919308006227,0.6478970766856795,0.10126131751482985,2024-11-06
4963,191,55,8,246,48,5,0.8333333333333334,136,0,0,136,0,22,82,82,12,27,27,4,13,13,10,14,14,0.03855463007852154,0.041814094659600475,136,0.04222407333796213,0.046447647539712894,54,72.77777777777777,54,54,0,40,183,10,32,5,31,5,54,54,0.02184873949579824,2508597419587.0005,5098,5098,True,38.4847874269595,1.611928269192021,32.07065618913292,20241107,191,55,8,0,48,0.2682926829268293,0.4727272727272727,,,,83.40351322210482,False,False,False,False,False,100.0,False,True,False,False,False,100.0,False,True,False,False,False,69.38673274529884,False,False,False,False,False,74.98670554456616,False,False,False,False,False,100.0,False,True,False,False,False,85.72161783579718,False,False,False,False,False,33.761674354837574,False,False,False,False,False,10.223443081868103,False,False,False,False,False,,False,False,False,False,False,0.41435138437027175,0.7743636214246461,0.10276382840239819,2024-11-07
4965,121,78,3,199,41,6,1.0,191,0,0,191,0,21,143,143,9,22,22,4,12,12,7,14,14,0.04716934035428323,0.01501069103837684,191,0.06650212831845109,0.031164626139534773,48,67.11538461538461,26,26,0,47,127,15,36,16,36,5,38,38,-0.003894839337877265,2684334473963.9995,5100,5100,True,24.370594159113796,0.6042296072507553,24.370594159113796,20241108,121,78,3,0,41,0.14685314685314685,0.4166666666666667,,,,40.132310821979,False,False,False,False,False,100.0,False,True,False,False,False,42.54648796354674,False,False,False,False,False,100.0,False,True,False,False,False,53.32211817282628,False,False,False,False,False,100.0,False,True,False,False,False,0.0,True,False,False,False,False,9.653498737423105,False,False,False,False,False,24.845381133482398,False,False,False,False,False,,False,False,False,False,False,0.3498584157977896,0.594111928775743,0.1410015319939882,2024-11-08
4964,157,58,15,215,40,5,0.8333333333333334,121,1,0,120,0,29,80,80,7,21,21,3,9,9,1,10,11,0.025833821764948982,0.044604804021261844,120,0.018675386214836238,0.013830922169761044,40,41.0,10,11,0,41,158,9,38,8,19,6,34,34,0.018089153779232148,2509495484017.9995,5095,5095,True,31.62771958098308,3.0217566478646254,26.356432984152566,20241111,158,58,15,0,40,0.3625,0.275,,,,27.440050037684333,False,False,False,False,False,63.01529304390125,False,False,False,False,False,100.0,False,True,False,False,False,16.58457326330155,False,False,False,False,False,28.75056688751167,False,False,False,False,False,100.0,False,True,False,False,False,34.50213647296369,False,False,False,False,False,67.49039845374372,False,False,False,False,False,40.1804941358599,False,False,False,False,False,,False,False,False,False,False,0.3309414102497098,0.6801059832918623,0.18110425322414084,2024-11-11
4964,83,70,17,153,22,6,1.0,157,0,0,157,0,17,117,117,2,29,29,1,7,7,2,4,4,0.03523351116129823,-0.0003920145113224964,157,0.03625365315720863,-0.00532818188933965,40,44.54545454545455,11,11,0,52,113,7,24,11,16,11,39,39,-0.011372875092387325,2552873000474.0,5096,5096,True,16.720386784850927,3.4246575342465753,16.720386784850927,20241112,83,70,17,0,22,0.1440677966101695,0.125,,,,0.0,True,False,False,False,False,100.0,False,True,False,False,False,4.494336665990488,False,False,False,False,False,55.99952874066071,False,False,False,False,False,1.5914029379142733,False,False,False,False,False,100.0,False,True,False,False,False,0.0,True,False,False,False,False,77.12939639246893,False,False,False,False,False,75.76484768855384,False,False,False,False,False,,False,False,False,False,False,0.23814914129112152,0.52750923621545,0.2741605880850339,2024-11-12
4964,66,45,8,111,11,7,1.0,83,1,0,82,0,6,61,61,2,16,17,1,2,2,2,3,3,0.007654508412761342,-0.003544245715937429,82,0.039361214252906486,0.024799296484818843,21,71.66666666666667,3,3,0,33,88,6,12,6,11,2,19,20,0.0,2010172976838.9998,5096,5096,True,13.295729250604351,1.6116035455278002,13.295729250604351,20241113,66,45,8,0,11,0.09836065573770492,0.23809523809523808,,,,14.22917116732029,False,False,False,False,False,0.0,True,False,False,False,False,0.0,True,False,False,False,False,62.96747288621557,False,False,False,False,False,44.298886650497,False,False,False,False,False,78.99706603442871,False,False,False,False,False,0.0,True,False,False,False,False,33.75390566820552,False,False,False,False,False,19.73130081044034,False,False,False,False,False,,False,False,False,False,False,0.31125143750703466,0.5637071786555612,0.1276277448225622,2024-11-13
4966,33,38,20,71,12,8,0.8333333333333334,66,0,0,66,0,8,55,55,1,6,6,2,2,2,1,3,3,0.028378148161202783,-0.005700743278298688,66,0.037899764528565694,0.0217560193183603,11,50.0,3,3,0,26,47,9,17,3,7,2,9,9,-0.03108128027742174,1839143045271.9998,5097,5097,True,6.645187273459524,4.0273862263391065,5.53765606121627,20241114,33,38,20,0,12,0.14545454545454545,0.36363636363636365,,,,43.67007299280221,False,False,False,False,False,73.70232671697588,False,False,False,False,False,0.0,True,False,False,False,False,59.6905300564057,False,False,False,False,False,39.98486114841967,False,False,False,False,False,0.0,True,False,False,False,False,0.0,True,False,False,False,False,91.54907333302262,False,False,False,False,False,54.59152669778723,False,False,False,False,False,,False,False,False,False,False,0.3551312247756874,0.5703530787392117,0.2187904196958209,2024-11-14
4968,66,33,24,99,12,9,1.0,33,0,0,33,0,5,21,21,4,8,8,1,1,1,2,3,3,0.013484227613253153,0.03767412993127919,33,0.01667161415390019,0.058067104963876744,12,93.75,4,4,0,29,83,2,7,2,9,1,11,11,-0.02099169655140537,1828337711077.0002,5098,5098,True,13.285024154589372,4.830917874396135,13.285024154589372,20241115,66,33,24,0,12,0.23809523809523808,0.5833333333333334,,,,100.0,False,True,False,False,False,11.14280972481791,False,False,False,False,False,98.5361712625614,False,False,False,False,False,12.091605507863,False,False,False,False,False,91.45797414954733,False,False,False,False,False,78.8880589036044,False,False,False,False,False,57.89123346854475,False,False,False,False,False,100.0,False,True,False,False,False,20.23372012961992,False,False,False,False,False,,False,False,False,False,False,0.44172761971179353,0.7231482199995106,0.1289416172338433,2024-11-15
4966,85,45,60,130,26,10,1.0,66,1,0,65,0,15,53,54,4,5,5,4,4,4,3,3,3,0.0408010023338316,0.02472967069817905,65,0.08726997056152934,0.0916637830521883,12,100.0,3,3,0,38,97,7,22,0,11,1,10,10,-0.022632802848630174,1758975792001.0,5095,5095,True,17.1163914619412,12.082158679017317,17.1163914619412,20241118,85,45,60,0,26,0.2830188679245283,0.9166666666666666,,,,100.0,False,True,False,False,False,100.0,False,True,False,False,False,66.55708034157767,False,False,False,False,False,100.0,False,True,False,False,False,100.0,False,True,False,False,False,100.0,False,True,False,False,False,92.21743797207245,False,False,False,False,False,100.0,False,True,False,False,False,23.520835833717605,False,False,False,False,False,,False,False,False,False,False,0.5548001284459454,0.7863176796753213,0.13753772504943285,2024-11-18
4968,94,40,14,134,16,11,0.8333333333333334,85,0,0,85,0,8,59,59,5,15,15,1,4,4,2,7,7,0.0029839614857658917,0.012880039513736072,85,-0.0026476297405587487,0.0026687835079734403,26,91.66666666666667,3,3,0,29,107,7,15,4,12,9,23,23,0.02396622645594282,1559162844049.0,5097,5097,True,18.92109500805153,2.818035426731079,15.767579173376276,20241119,94,40,14,0,16,0.13559322033898305,0.3076923076923077,,,,9.516961988310563,False,False,False,False,False,0.0,True,False,False,False,False,37.28274556995265,False,False,False,False,False,0.0,True,False,False,False,False,12.927574694949879,False,False,False,False,False,100.0,False,True,False,False,False,23.984128725437216,False,False,False,False,False,62.6165734090421,False,False,False,False,False,100.0,False,True,False,False,False,,False,False,False,False,False,0.3042281901362162,0.6607500167384103,0.3593952098479104,2024-11-19
4970,150,33,2,183,37,12,1.0,94,0,0,94,0,23,78,78,7,8,8,4,5,5,3,3,3,0.036678673442657454,0.06391502336876374,94,0.07329345951649954,0.091671575554997,16,100.0,3,3,0,28,141,4,27,1,15,0,14,14,0.016218122212480535,1615312340178.0,5101,5101,True,30.18108651911469,0.40241448692152915,30.18108651911469,20241120,150,34,2,0,37,0.2948717948717949,0.875,,,,100.0,False,True,False,False,False,100.0,False,True,False,False,False,100.0,False,True,False,False,False,100.0,False,True,False,False,False,100.0,False,True,False,False,False,100.0,False,True,False,False,False,100.0,False,True,False,False,False,4.825275234800058,False,False,False,False,False,0.0,True,False,False,False,False,,False,False,False,False,False,0.5694634970827236,0.8495734223338154,0.0559508355653417,2024-11-20
4971,105,46,3,151,42,13,1.0,150,0,0,150,0,21,113,113,10,23,23,5,7,7,6,7,7,0.03270860211436392,0.0315660428095965,150,0.07034444310590264,0.05751093285048143,37,100.0,3,3,0,29,92,10,31,7,28,3,34,34,-0.0008771929824561431,1611962135254.0,5101,5101,True,21.12251056125528,0.6035003017501509,21.12251056125528,20241121,105,46,3,0,42,0.18584070796460178,0.5675675675675675,,,,100.0,False,True,False,False,False,91.89170182438079,False,False,False,False,False,83.4462343327821,False,False,False,False,False,100.0,False,True,False,False,False,90.66956726134931,False,False,False,False,False,100.0,False,True,False,False,False,53.30109972872048,False,False,False,False,False,9.636050837816446,False,False,False,False,False,10.765430994982058,False,False,False,False,False,,False,False,False,False,False,0.4665819590896704,0.7147011378831465,0.10418117630106391,2024-11-21
4973,71,76,8,147,36,10,1.0,105,0,0,105,0,11,63,63,9,21,21,9,10,10,7,11,11,0.03125910958559187,0.03101526204919407,105,0.03684229355627624,0.05117846717680159,42,78.33333333333333,3,3,0,54,89,15,26,7,32,7,36,36,-0.040405904059040654,1790784569541.0,5103,5103,True,14.277096320128695,1.6086869093102756,14.277096320128695,20241122,71,76,8,0,36,0.1746031746031746,0.5952380952380952,,,,100.0,False,True,False,False,False,85.80334166482533,False,False,False,False,False,82.08553878750982,False,False,False,False,False,57.31941056959676,False,False,False,False,False,81.69292237721787,False,False,False,False,False,88.99006454510318,False,False,False,False,False,0.0,True,False,False,False,False,33.684128084092485,False,False,False,False,False,46.12900149429895,False,False,False,False,False,,False,False,False,False,False,0.4755791831904224,0.6091738465428409,0.1966601433107681,2024-11-22
4972,157,32,15,189,47,11,1.0,71,0,0,71,0,23,35,35,7,11,11,6,9,9,11,16,16,0.040361364878259635,0.06192726521272688,71,0.04678711267397336,0.04774902025587725,36,75.0,4,4,0,28,138,3,26,1,25,7,29,29,0.01273885350318471,1491062261610.0002,5102,5102,True,31.57683024939662,3.0168946098149636,31.57683024939662,20241125,157,32,15,0,47,0.6571428571428571,0.6666666666666666,,,,100.0,False,True,False,False,False,100.0,False,True,False,False,False,100.0,False,True,False,False,False,79.61823013124352,False,False,False,False,False,76.83147839244117,False,False,False,False,False,100.0,False,True,False,False,False,100.0,False,True,False,False,False,67.3740790900423,False,False,False,False,False,61.611769684975705,False,False,False,False,False,,False,False,False,False,False,0.5918955247883547,0.875964044097375,0.23714899634533798,2024-11-25
4974,92,64,58,156,31,7,1.0,157,0,0,157,0,19,110,110,3,23,23,2,7,7,7,17,17,0.028514398125540172,-0.013345909014330089,157,0.020910836500440216,-0.03570818621070257,47,0.0,3,3,1,40,101,14,33,10,22,22,36,36,-0.009499576185150738,1305446328573.0,5104,5104,True,18.496180136710898,11.660635303578609,18.496180136710898,20241126,92,64,58,0,31,0.17272727272727273,0.2553191489361702,,,,0.0,True,False,False,False,False,74.27462277104064,False,False,False,False,False,0.0,True,False,False,False,False,21.597022657077744,False,False,False,False,False,0.0,True,False,False,False,False,100.0,False,True,False,False,False,0.0,True,False,False,False,False,100.0,False,True,False,False,False,100.0,False,True,False,False,False,,False,False,False,False,False,0.2717253980179833,0.5892556950426767,0.5625138018473534,2024-11-26
4973,99,27,18,126,21,8,1.0,92,0,0,92,0,11,61,61,3,19,19,1,3,3,6,9,9,-0.0011840907370528812,0.013661470681236236,92,0.00512214004393707,0.014447978557080153,31,71.42857142857143,7,7,0,18,96,5,16,4,14,9,24,24,0.013654618473895486,1460173263910.0,5103,5103,True,19.907500502714658,3.6195455459481196,19.907500502714658,20241127,99,27,18,0,21,0.18032786885245902,0.3225806451612903,,,,27.561776174814597,False,False,False,False,False,0.0,True,False,False,False,False,39.21325946041151,False,False,False,False,False,0.0,True,False,False,False,False,29.625280837477693,False,False,False,False,False,100.0,False,True,False,False,False,60.376166867653545,False,False,False,False,False,81.79189579757721,False,False,False,False,False,100.0,False,True,False,False,False,,False,False,False,False,False,0.33112283529687625,0.7277211665988338,0.3470022715772928,2024-11-27
4972,92,71,6,163,32,9,1.0,99,1,0,98,0,19,77,78,7,11,11,1,3,3,5,7,7,0.04385947786760945,0.036535646882744945,98,0.05562190431543185,0.0564710774360025,21,90.0,5,5,0,55,115,12,31,4,17,3,15,15,-0.0013349736970528214,1491228783572.0,5101,5101,True,18.50362027353178,1.2067578439259854,18.50362027353178,20241128,92,71,6,0,32,0.24675324675324675,0.6190476190476191,,,,100.0,False,True,False,False,False,100.0,False,True,False,False,False,95.72356609571302,False,False,False,False,False,99.42808512670045,False,False,False,False,False,89.1955106667094,False,False,False,False,False,100.0,False,True,False,False,False,30.099767789664337,False,False,False,False,False,24.068379983999737,False,False,False,False,False,48.611955100468066,False,False,False,False,False,,False,False,False,False,False,0.45502819345121714,0.6720044394410369,0.20315329378707464,2024-11-28
4976,128,33,7,161,33,10,1.0,92,0,0,92,0,14,60,60,8,19,19,6,7,7,5,6,6,0.023031384933477783,0.03386190970553641,92,0.02993508190511191,0.05189347488585973,32,78.75,4,4,0,24,119,7,21,2,21,2,27,27,0.011935846494596336,1709273834852.0002,5106,5106,True,25.723472668810288,1.4067524115755627,25.723472668810288,20241129,128,33,7,0,33,0.23333333333333334,0.59375,1941205507148.0,0.8805218347866983,-0.127240553185602,100.0,False,True,False,False,False,51.24410801485213,False,False,False,False,False,89.11813880446509,False,False,False,False,False,41.83168128457343,False,False,False,False,False,82.70648812307078,False,False,False,False,False,100.0,False,True,False,False,False,97.62750468559595,False,False,False,False,False,28.853048597270075,False,False,False,False,False,7.530221749868926,False,False,False,False,False,17.22947961176781,False,False,False,False,False,0.4888733511487011,0.7962736592555352,0.09572080861692164,2024-11-29
4974,165,70,6,235,52,11,1.0,128,0,0,128,0,30,95,95,7,14,14,6,8,8,9,11,11,0.029434846527529434,0.056269816047977816,128,0.042544665180001884,0.06480724241510266,33,100.0,3,3,0,45,158,19,49,6,28,3,28,28,0.017149065445920653,1787475485742.0,5104,5104,True,33.17249698431846,1.2062726176115801,33.17249698431846,20241202,165,70,6,0,52,0.3157894736842105,0.6666666666666666,1914962361028.5,0.9334259106701039,-0.0688936864022718,100.0,False,True,False,False,False,78.14081819347956,False,False,False,False,False,100.0,False,True,False,False,False,70.10558137934376,False,False,False,False,False,100.0,False,True,False,False,False,100.0,False,True,False,False,False,55.018264723880314,False,False,False,False,False,24.056771433106817,False,False,False,False,False,18.008784890768855,False,False,False,False,False,31.05076412569113,False,False,False,False,False,0.520039394492981,0.7178611838738798,0.1231232083558028,2024-12-02
4974,116,66,6,182,47,12,1.0,165,0,0,165,0,22,113,113,13,30,30,3,7,7,9,15,15,0.04325457895214216,0.02485596055616738,165,0.050830628988089974,0.032058794199212065,52,38.333333333333336,3,3,1,34,103,20,42,12,37,11,43,43,-0.0009106622315847579,1716494168659.9998,5104,5104,True,23.321270607157217,1.2062726176115801,23.321270607157217,20241203,116,67,6,0,47,0.19469026548672566,0.4807692307692308,1919499664704.1,0.894240410781528,-0.11178062409700586,74.93277808813156,False,False,False,False,False,100.0,False,True,False,False,False,66.86907752726773,False,False,False,False,False,88.68482446704283,False,False,False,False,False,54.58965431942043,False,False,False,False,False,100.0,False,True,False,False,False,11.646990427975542,False,False,False,False,False,24.056771433106817,False,False,False,False,False,67.02835909518723,False,False,False,False,False,20.89164846981546,False,False,False,False,False,0.40172629367532103,0.6380463601160676,0.25131387241128106,2024-12-03
4973,86,63,16,149,31,9,1.0,116,0,0,116,0,10,69,69,6,22,22,5,13,13,10,12,12,0.03175492587430945,-0.001627726975910718,116,0.028697825685020585,0.01461052821900764,47,83.0,5,5,0,43,98,14,24,6,27,17,38,38,-0.01729559748427678,1663710439816.0,5104,5104,True,17.293384275085458,3.217373818620551,17.293384275085458,20241204,86,63,16,0,31,0.14492753623188406,0.44680851063829785,1889902200549.0,0.8803156265613674,-0.12747476926834675,54.898874064335324,False,False,False,False,False,87.885938214146,False,False,False,False,False,1.4415276960946122,False,False,False,False,False,39.05743744194331,False,False,False,False,False,29.855704603882526,False,False,False,False,False,100.0,False,True,False,False,False,11.744866504591235,False,False,False,False,False,72.17034225488027,False,False,False,False,False,100.0,False,True,False,False,False,17.17399819012828,False,False,False,False,False,0.3718670369196766,0.638226478453193,0.4200712994358487,2024-12-04
4977,130,32,9,162,39,8,1.0,86,0,0,86,0,22,55,55,3,10,10,5,6,6,9,15,15,0.025428404122453053,0.04153890362922012,86,0.02051158376216204,0.04029059695656799,31,50.0,8,8,0,23,114,6,28,3,20,2,21,21,0.008849557522123908,1499153405346.0,5107,5107,True,26.120152702431184,1.8083182640144664,26.120152702431184,20241205,130,32,9,0,39,0.4,0.5483870967741935,1844700817949.45,0.812681054162725,-0.2074165537098897,100.0,False,True,False,False,False,61.3124014638776,False,False,False,False,False,100.0,False,True,False,False,False,20.701796241695742,False,False,False,False,False,66.25872193334055,False,False,False,False,False,100.0,False,True,False,False,False,100.0,False,True,False,False,False,38.46010719344205,False,False,False,False,False,15.977122637956825,False,False,False,False,False,0.0,True,False,False,False,False,0.4735713892933853,0.8037406469771841,0.1178102259900574,2024-12-05
4975,121,65,7,186,43,9,1.0,130,1,0,129,0,27,90,91,6,22,22,2,3,3,8,14,14,0.039839421256311576,0.03306816568523588,129,0.051176990130863416,0.028262320813221508,39,85.0,5,5,0,42,120,13,40,10,26,7,30,30,0.008086253369272267,1789570379936.0,5105,5105,True,24.321608040201003,1.407035175879397,24.321608040201003,20241206,121,65,7,0,43,0.3,0.41025641025641024,1794228617237.4,0.9974037660214269,-0.0025996100386360774,78.48488611897201,False,False,False,False,False,100.0,False,True,False,False,False,87.1572061972326,False,False,False,False,False,89.46145444235597,False,False,False,False,False,49.20792859767807,False,False,False,False,False,100.0,False,True,False,False,False,18.567644450636408,False,False,False,False,False,28.859813448462834,False,False,False,False,False,59.02077582449511,False,False,False,False,False,46.754594365832624,False,False,False,False,False,0.4070204842430042,0.6507822271173198,0.23037331073547118,2024-12-06
4973,105,47,24,152,31,10,1.0,121,0,0,121,0,12,78,78,12,27,27,3,6,6,4,10,10,0.03390936016860086,0.013285487668939574,121,0.03918370444320187,0.026313406865175637,43,66.66666666666667,3,3,0,29,103,11,23,7,26,7,35,35,-0.004507405022536881,1635000811224.0,5103,5103,True,21.114015684697364,4.826060727930827,21.114015684697364,20241209,105,47,24,0,31,0.15384615384615385,0.4418604651162791,1749490412536.0,0.9345583145288348,-0.06768125218342354,57.682698126378305,False,False,False,False,False,96.93529284231784,False,False,False,False,False,38.28439911032173,False,False,False,False,False,62.56945064265545,False,False,False,False,False,46.44522772840165,False,False,False,False,False,100.0,False,True,False,False,False,31.58341294727856,False,False,False,False,False,100.0,False,True,False,False,False,48.00905191745256,False,False,False,False,False,31.33796717903325,False,False,False,False,False,0.3760161492111376,0.6747347460482673,0.2015766468935373,2024-12-09
4974,109,75,5,184,32,11,1.0,105,0,0,105,0,16,74,74,7,12,12,4,12,12,5,7,7,0.0492864999343064,0.02448426071917619,105,0.06321476394257217,0.02788147085693118,31,53.75,4,4,0,57,134,14,30,4,20,5,27,27,0.0019171332916014805,2200701894989.0005,5105,5105,True,21.91395255327704,1.0052271813429834,21.91395255327704,20241210,109,75,5,0,32,0.21621621621621623,0.5161290322580645,1705765678896.3,1.2901548684066293,0.25476226419618747,91.09494279881444,False,False,False,False,False,100.0,False,True,False,False,False,65.95079869704352,False,False,False,False,False,100.0,False,True,False,False,False,48.668051243748636,False,False,False,False,False,100.0,False,True,False,False,False,32.33447569198843,False,False,False,False,False,19.24696184647313,False,False,False,False,False,43.37982995281379,False,False,False,False,False,100.0,False,True,False,False,False,0.4258149698140345,0.6761169037453433,0.18947080861692164,2024-12-10
4974,146,35,12,181,37,12,0.8333333333333334,109,0,0,109,0,22,77,77,7,16,16,5,7,7,3,9,9,0.002710302976364016,0.030546815723176586,109,0.008542911811693983,0.03560806127522488,32,70.0,5,5,0,23,132,8,30,4,19,6,27,27,0.009559690897672612,1776798547200.0002,5106,5106,True,29.35263369521512,2.4125452352231602,24.460528079345934,20241211,146,35,12,0,37,0.2857142857142857,0.46875,1688157123622.05,1.052507804124159,0.05117570139171616,91.5947124597615,False,False,False,False,False,0.0,True,False,False,False,False,80.92824921816208,False,False,False,False,False,0.0,True,False,False,False,False,59.62095046568005,False,False,False,False,False,100.0,False,True,False,False,False,84.17966711167294,False,False,False,False,False,52.91562895290893,False,False,False,False,False,55.32969935379541,False,False,False,False,False,59.49296268068577,False,False,False,False,False,0.42655984463260077,0.7715260168744651,0.22072080861692164,2024-12-11
4973,141,47,6,188,53,7,1.0,146,1,0,145,0,30,108,109,14,22,22,4,7,7,5,8,8,0.030511144487938697,0.03567153432623076,145,0.03836266747711874,0.053235636667869374,37,78.125,8,8,0,31,119,11,41,5,28,4,34,34,0.006560449859418949,1868525086438.0,5107,5107,True,28.353106776593606,1.2065151819827067,28.353106776593606,20241212,141,47,6,0,53,0.2777777777777778,0.6216216216216216,1676488402140.1,1.114546980493726,0.10844802683037144,100.0,False,True,False,False,False,82.66163461156619,False,False,False,False,False,93.58878908316164,False,False,False,False,False,60.72847646872104,False,False,False,False,False,84.60908188591267,False,False,False,False,False,100.0,False,True,False,False,False,83.31240782587284,False,False,False,False,False,24.06257454139554,False,False,False,False,False,20.570452041941337,False,False,False,False,False,73.05970839131949,False,False,False,False,False,0.49074484983924205,0.7699300262522805,0.12982220194208954,2024-12-12
4973,99,55,11,154,34,6,1.0,141,0,0,141,0,14,88,88,8,30,30,7,14,14,5,9,9,0.017620326957665747,0.008879966349672462,141,0.032039504638052704,0.024725632187649515,53,67.77777777777777,9,9,2,31,96,7,21,17,37,5,48,48,-0.023084025854108958,2070326751412.0,5106,5106,True,19.907500502714658,2.2119445003016285,19.907500502714658,20241213,99,55,11,0,34,0.1590909090909091,0.37735849056603776,1677957504198.4,1.2338374161633159,0.21012916328860862,42.26188402719529,False,False,False,False,False,28.515829567713087,False,False,False,False,False,27.400625266535293,False,False,False,False,False,46.55033350417668,False,False,False,False,False,44.19446314938327,False,False,False,False,False,100.0,False,True,False,False,False,1.1356351005527243,False,False,False,False,False,48.116458398137894,False,False,False,False,False,14.672098762665847,False,False,False,False,False,97.14607316403546,False,False,False,False,False,0.3530324088966367,0.6187026358069756,0.11439746935361307,2024-12-13
4976,102,79,23,181,28,7,1.0,99,0,0,99,0,12,65,65,9,14,14,4,8,8,3,12,12,0.03305337254780608,0.016554225091638366,99,0.05426703110419121,0.03466637363412806,34,43.333333333333336,12,12,2,51,125,16,28,12,28,5,29,29,-0.0076832178137758445,1700285251179.9998,5110,5110,True,20.4983922829582,4.622186495176849,20.4983922829582,20241216,103,79,23,0,28,0.18461538461538463,0.47058823529411764,1690056956215.15,1.0060520415760164,0.006033801528418712,75.80429451001135,False,False,False,False,False,93.33985456024912,False,False,False,False,False,46.35976551651434,False,False,False,False,False,96.39011400738663,False,False,False,False,False,58.28605249994195,False,False,False,False,False,100.0,False,True,False,False,False,0.0,True,False,False,False,False,100.0,False,True,False,False,False,39.11789787136326,False,False,False,False,False,48.79968854436274,False,False,False,False,False,0.40302523334163665,0.557777176256349,0.17832546693357332,2024-12-16
4974,27,39,133,66,10,5,0.8333333333333334,102,0,0,102,0,5,74,74,1,12,12,2,9,9,2,7,7,0.021960011098555377,-0.03464335119470202,102,0.03205409197857526,-0.030117341392031666,28,65.71428571428571,7,7,0,23,40,9,14,7,12,15,25,25,-0.03597244941885491,1511098326972.0,5107,5107,True,5.428226779252111,26.73904302372336,4.523522316043426,20241217,27,39,133,0,10,0.06666666666666667,0.17857142857142858,1687122429174.1,0.8956660766532104,-0.11018761777720129,0.0,True,False,False,False,False,46.74397459363494,False,False,False,False,False,0.0,True,False,False,False,False,46.58304204018393,False,False,False,False,False,0.0,True,False,False,False,False,0.0,True,False,False,False,False,0.0,True,False,False,False,False,100.0,False,True,False,False,False,100.0,False,True,False,False,False,21.26900195582625,False,False,False,False,False,0.21960891434227198,0.47961429705908054,0.5354355291913832,2024-12-17
4975,99,35,12,134,19,6,1.0,27,0,0,27,0,9,17,17,5,5,5,1,1,1,4,4,4,0.02292682708632566,0.0785237749289237,27,0.0575373088026057,0.10005305226498495,10,100.0,5,5,0,33,113,2,11,0,10,0,8,8,0.001945525291829009,1362215256028.9998,5108,5108,True,19.899497487437188,2.412060301507538,19.899497487437188,20241218,99,35,12,0,19,0.5294117647058824,1.0,1684719203320.25,0.8085710979873332,-0.21248666568989327,100.0,False,True,False,False,False,50.80492960010778,False,False,False,False,False,100.0,False,True,False,False,False,100.0,False,True,False,False,False,100.0,False,True,False,False,False,100.0,False,True,False,False,False,100.0,False,True,False,False,False,52.904027402147214,False,False,False,False,False,2.19713442600328,False,False,False,False,False,0.0,True,False,False,False,False,0.6000473682159537,0.8308724691843975,0.08177429813396095,2024-12-18
4975,74,38,23,112,14,7,0.8333333333333334,99,0,0,99,0,8,80,80,2,9,9,2,5,5,2,5,5,0.015324283968625237,0.0017595099554342168,99,0.03386050361427234,-0.003769986884539579,19,43.0,5,5,0,19,79,13,21,6,12,6,15,15,-0.0018993352326684976,1445075393230.0,5107,5107,True,14.874371859296483,4.623115577889447,12.39530988274707,20241219,74,38,23,0,14,0.1,0.3157894736842105,1672064349112.8,0.8642462797539815,-0.14589750478442468,10.170319434098907,False,False,False,False,False,18.87167040054343,False,False,False,False,False,9.809645347653797,False,False,False,False,False,50.63347741178232,False,False,False,False,False,3.8002365801485465,False,False,False,False,False,69.82833632930276,False,False,False,False,False,0.0,True,False,False,False,False,100.0,False,True,False,False,False,100.0,False,True,False,False,False,12.809995748694355,False,False,False,False,False,0.30520197775663377,0.5679823420233132,0.3531532937870746,2024-12-19
4977,83,34,15,117,16,8,0.8333333333333334,74,0,0,74,0,12,60,60,2,8,8,0,2,2,2,4,4,0.012834176120942158,0.010775805336431361,74,0.01832351011515657,0.0009856131235599205,14,68.75,4,4,0,30,97,1,13,3,7,4,12,12,0.008094186902133815,1516679934327.0002,5112,5112,True,16.676712879244523,3.0138637733574445,13.897260732703769,20241220,83,34,15,0,16,0.2,0.2857142857142857,1663720012011.6,0.9116196976516415,-0.09253237406471784,20.379603740580155,False,False,False,False,False,8.412373017566527,False,False,False,False,False,32.08426683373798,False,False,False,False,False,15.795577348750426,False,False,False,False,False,10.541581055352758,False,False,False,False,False,85.12230030345384,False,False,False,False,False,53.875239503534125,False,False,False,False,False,67.30156938020029,False,False,False,False,False,84.81493936095936,False,False,False,False,False,25.451199903473476,False,False,False,False,False,0.3204182651580561,0.7157577096736467,0.2978274044553819,2024-12-20
4975,31,21,162,52,11,4,0.6666666666666666,83,1,0,82,0,7,66,67,2,12,12,2,2,2,0,2,2,0.01470103361353573,-0.020418173699505677,82,0.019537968821130763,0.009463436448329768,16,72.5,4,4,0,12,32,5,12,4,8,3,14,14,-0.04144527098831041,1531877676516.0,5110,5110,True,6.231155778894473,32.56281407035176,4.1541038525963145,20241223,31,21,162,0,11,0.10606060606060606,0.25,1650014780250.9,0.928402396664025,-0.07429002308580647,20.016999108096986,False,False,False,False,False,16.253807558179997,False,False,False,False,False,0.0,True,False,False,False,False,18.51870335326448,False,False,False,False,False,22.559397384492364,False,False,False,False,False,0.0,True,False,False,False,False,0.0,True,False,False,False,False,100.0,False,True,False,False,False,52.70063776006351,False,False,False,False,False,29.772472612403515,False,False,False,False,False,0.31987782606993626,0.6066229511992056,0.21384557240744698,2024-12-23
4975,73,34,24,107,13,5,0.8333333333333334,31,0,0,31,0,7,20,20,3,7,7,1,2,2,2,2,2,0.0410889557809487,0.0387238730623119,31,0.0581489797258389,0.04675233467359701,11,74.0909090909091,11,11,0,30,90,2,9,2,8,2,11,11,0.009554140127388422,1308828924754.0,5110,5110,True,14.673366834170855,4.824120603015076,12.22780569514238,20241224,74,34,24,0,13,0.35,0.5454545454545454,1652055550996.2,0.792242684554262,-0.23288751421295317,100.0,False,True,False,False,False,100.0,False,True,False,False,False,100.0,False,True,False,False,False,100.0,False,True,False,False,False,75.41861758998151,False,False,False,False,False,68.12268596742877,False,False,False,False,False,61.51262829609172,False,False,False,False,False,100.0,False,True,False,False,False,44.133458931583164,False,False,False,False,False,0.0,True,False,False,False,False,0.4454275249547256,0.7298125616544526,0.1914416172338433,2024-12-24
4975,36,18,39,54,11,5,0.8333333333333334,73,0,0,73,0,7,60,60,1,7,7,2,3,3,1,3,3,0.021649100833412118,-0.007761679012681559,73,0.05764315750886173,0.001484728436364303,13,61.666666666666664,6,6,0,12,37,1,8,5,9,3,11,11,-0.020233463035019494,1283068496378.0,5107,5107,True,7.236180904522613,7.839195979899497,6.030150753768845,20241225,36,18,39,0,11,0.11475409836065574,0.3076923076923077,1652224680805.25,0.7765702275750214,-0.2528681993045601,21.681408065850444,False,False,False,False,False,45.43804604697409,False,False,False,False,False,0.0,True,False,False,False,False,100.0,False,True,False,False,False,11.249106551763944,False,False,False,False,False,5.013622578091506,False,False,False,False,False,18.606839814693004,False,False,False,False,False,100.0,False,True,False,False,False,68.0331977335464,False,False,False,False,False,0.0,True,False,False,False,False,0.3223585215128676,0.6508543571417447,0.2539416172338433,2024-12-25
4976,95,29,7,124,16,6,0.8333333333333334,36,0,0,36,0,11,25,25,3,7,7,0,1,1,2,3,3,0.017284280935602865,0.05693537726561263,36,0.031482302659953394,0.049215518777410615,11,68.75,4,4,1,23,102,2,13,4,9,1,10,10,0.008336253000500893,1273610521125.0,5110,5110,True,19.091639871382636,1.4067524115755627,15.909699892818864,20241226,95,29,7,0,16,0.44,0.45454545454545453,1643369442428.65,0.7749995151685415,-0.25489287521796444,93.0233887333061,False,False,False,False,False,27.104322318180724,False,False,False,False,False,100.0,False,True,False,False,False,45.30094462922785,False,False,False,False,False,78.91032684252032,False,False,False,False,False,100.0,False,True,False,False,False,48.03163836072409,False,False,False,False,False,28.853048597270075,False,False,False,False,False,23.520835833717605,False,False,False,False,False,0.0,True,False,False,False,False,0.42868919553803564,0.7050039100010286,0.13753772504943285,2024-12-26
4976,66,41,7,107,11,6,0.6666666666666666,95,1,0,94,0,6,78,79,4,11,11,0,3,3,1,2,2,0.016528308758906343,-0.0016831031479851398,94,0.02725741010364917,0.005000059803560497,16,37.0,5,5,0,33,88,5,11,3,8,4,14,14,0.007394241061195905,1436975970094.0,5108,5108,True,13.263665594855304,1.4067524115755627,8.842443729903536,20241227,66,41,7,0,11,0.07692307692307693,0.3125,1632488529306.3,0.8802364882187687,-0.12756467100086313,7.308523439884521,False,False,False,False,False,23.928982817651736,False,False,False,False,False,1.3047216998197215,False,False,False,False,False,35.8276585226236,False,False,False,False,False,16.23229682226583,False,False,False,False,False,33.65045011675705,False,False,False,False,False,10.959092601357142,False,False,False,False,False,28.853048597270075,False,False,False,False,False,72.82673359329573,False,False,False,False,False,17.1527021464518,False,False,False,False,False,0.3009366532711005,0.6367804428773824,0.2664771513548154,2024-12-27
4972,41,24,15,65,9,4,0.6666666666666666,66,0,0,66,0,4,55,55,3,6,6,2,4,4,0,1,1,0.01458324838857886,0.015008269668416372,66,0.044147862160509414,0.011894448424419697,11,56.36363636363637,11,11,1,12,44,9,13,3,8,2,10,10,-0.010576417553161743,1277951000860.0002,5105,5105,True,8.246178600160901,3.0168946098149636,5.497452400107267,20241230,41,24,15,0,9,0.07272727272727272,0.45454545454545453,1618873636068.4,0.7894075067919661,-0.23647260630789566,42.00356566318156,False,False,False,False,False,15.759069671107756,False,False,False,False,False,42.54050600565073,False,False,False,False,False,73.70035769121223,False,False,False,False,False,26.005500741851563,False,False,False,False,False,0.0,True,False,False,False,False,0.0,True,False,False,False,False,67.3740790900423,False,False,False,False,False,49.01389055581172,False,False,False,False,False,0.0,True,False,False,False,False,0.35264740184326243,0.6027945247016889,0.2042043917160995,2024-12-30
4974,46,21,23,67,11,5,0.8333333333333334,41,0,0,41,0,5,32,32,2,4,4,2,3,3,2,2,2,0.025726934426374946,0.021158054574967895,41,0.04052255392896921,0.04391148266275408,9,72.22222222222223,9,9,1,16,51,4,9,1,7,2,9,9,-0.02545867348500047,1346868405916.0,5108,5108,True,9.248090068355449,4.624045034177724,7.706741723629541,20241231,46,21,23,0,11,0.15625,0.6666666666666666,1593397411824.3,0.8452809047643387,-0.16808627519435573,93.31278530122724,False,False,False,False,False,62.56632997522895,False,False,False,False,False,57.73345668281888,False,False,False,False,False,65.57149248474406,False,False,False,False,False,71.39154172667268,False,False,False,False,False,22.085900205003046,False,False,False,False,False,57.135487611766514,False,False,False,False,False,100.0,False,True,False,False,False,54.59152669778723,False,False,False,False,False,7.553889881199888,False,False,False,False,False,0.4291205226730511,0.7217574441151565,0.2187904196958209,2024-12-31
4973,59,42,13,101,15,6,0.8333333333333334,46,0,0,46,0,10,35,35,2,5,5,0,2,2,3,4,4,0.016931747944341522,0.015281477181271036,46,0.021971664885133437,0.011599014244331941,11,58.333333333333336,6,6,0,36,80,4,14,2,7,4,9,9,-0.021860265752250196,1397402917389.0002,5106,5106,True,11.864065956163282,2.614116227629198,9.88672163013607,20250102,59,42,13,0,15,0.2857142857142857,0.45454545454545453,1574916123687.1,0.887287199852576,-0.11958656119714167,65.39018152783494,False,False,False,False,False,25.623564207103893,False,False,False,False,False,43.215461037494315,False,False,False,False,False,23.975670318356183,False,False,False,False,False,25.586705306085506,False,False,False,False,False,44.28405279797591,False,False,False,False,False,37.60673356302503,False,False,False,False,False,57.73801194083485,False,False,False,False,False,100.0,False,True,False,False,False,19.04256755927734,False,False,False,False,False,0.38750366185723,0.6858192779460999,0.36164756255296376,2025-01-02
4974,45,22,86,67,15,7,0.8333333333333334,59,0,0,59,0,9,44,44,3,10,10,1,2,2,2,3,3,0.0240954046790668,-0.004346029986753042,59,0.04254866944304662,-0.003007394053299121,15,60.0,5,5,0,18,48,4,13,0,6,6,12,12,-0.038021746002999846,1268629521675.0,5109,5109,True,9.047044632086852,17.289907519099316,7.5392038600723765,20250103,45,22,86,0,15,0.20454545454545456,0.4,1561600747565.75,0.812390442084868,-0.2077742143809752,58.60197494306492,False,False,False,False,False,55.71335176701726,False,False,False,False,False,0.0,True,False,False,False,False,70.1145599578433,False,False,False,False,False,4.881257053055745,False,False,False,False,False,20.379906929907932,False,False,False,False,False,85.46260366855962,False,False,False,False,False,100.0,False,True,False,False,False,100.0,False,True,False,False,False,0.0,True,False,False,False,False,0.377386272701115,0.7738869656093754,0.41547446327891135,2025-01-03
4973,59,25,65,84,15,4,0.6666666666666666,45,0,0,45,0,11,30,30,2,9,9,2,3,3,0,3,3,0.007239079240947962,0.021975459334723474,45,0.00468392986435393,-0.005554783727244147,15,5.0,3,3,0,18,62,3,14,4,8,5,13,13,-0.0023419203747072626,1059216013695.0,5107,5107,True,11.864065956163282,13.07058113814599,7.909377304108855,20250106,59,25,65,0,15,0.36666666666666664,0.26666666666666666,1550074553382.2,0.6833323025552761,-0.38077400397462413,49.16353645007296,False,False,False,False,False,0.0,True,False,False,False,False,59.75284278931815,False,False,False,False,False,0.0,True,False,False,False,False,1.2701814210863518,False,False,False,False,False,24.14928414850636,False,False,False,False,False,26.450212684449927,False,False,False,False,False,100.0,False,True,False,False,False,99.73204302977088,False,False,False,False,False,0.0,True,False,False,False,False,0.36331888184210653,0.6652882752921635,0.3368369930967496,2025-01-06
4975,93,23,10,116,15,5,0.8333333333333334,59,0,0,59,0,10,44,44,3,11,11,1,2,2,1,2,2,0.021684146143051294,0.031135900235339693,59,0.01692374905336887,0.007941223010203561,15,54.333333333333336,15,15,0,18,96,4,14,1,6,5,15,15,0.0204241948153967,1077469216053.9999,5110,5110,True,18.693467336683415,2.0100502512562817,15.57788944723618,20250107,93,23,10,0,15,0.22727272727272727,0.3333333333333333,1513556835070.15,0.711878927231736,-0.3398474280524682,49.260211811597976,False,False,False,False,False,45.58524823170504,False,False,False,False,False,82.38357360331953,False,False,False,False,False,12.656956225850518,False,False,False,False,False,20.401569742614072,False,False,False,False,False,100.0,False,True,False,False,False,82.46874237281749,False,False,False,False,False,43.286341820673464,False,False,False,False,False,86.85153718360925,False,False,False,False,False,0.0,True,False,False,False,False,0.36346297030525837,0.7683774546357134,0.3031532937870746,2025-01-07
4975,65,30,4,95,22,6,1.0,93,0,0,93,0,13,78,78,5,10,10,2,3,3,2,2,2,0.01474179328317777,0.03614783002209653,93,0.03177158202641925,0.05522372297119246,15,87.0,5,5,0,24,67,5,18,1,10,2,14,14,-0.005429864253393757,1243648076090.0002,5110,5110,True,13.06532663316583,0.8040201005025126,13.06532663316583,20250108,66,30,4,0,22,0.16666666666666666,0.6,1485680255311.65,0.8370899940573829,-0.17782369449067967,100.0,False,True,False,False,False,16.425011992724738,False,False,False,False,False,94.76547040210129,False,False,False,False,False,45.94958271096536,False,False,False,False,False,87.42731188723954,False,False,False,False,False,76.65093777679867,False,False,False,False,False,81.373503351742,False,False,False,False,False,14.433285076252206,False,False,False,False,False,32.5745419268313,False,False,False,False,False,5.247276862447168,False,False,False,False,False,0.44035643452494055,0.7663619199100465,0.16121399346007856,2025-01-08
4976,86,22,5,108,24,7,1.0,65,0,0,65,0,13,43,43,4,13,13,3,5,5,4,4,4,0.020407767310842463,0.03229228028262195,65,0.04542420967799063,0.034778355922597086,22,100.0,4,4,0,17,79,3,16,2,13,5,20,20,0.0,1113082773542.0,5111,5111,True,17.282958199356916,1.0048231511254018,17.282958199356916,20250109,87,22,5,0,25,0.3181818181818182,0.5,1437827564366.7,0.7741420467427638,-0.2559998993072142,100.0,False,True,False,False,False,40.224024302456165,False,False,False,False,False,85.24039303511857,False,False,False,False,False,76.56225418761227,False,False,False,False,False,58.44479402160181,False,False,False,False,False,100.0,False,True,False,False,False,98.90899519322703,False,False,False,False,False,19.237295830422823,False,False,False,False,False,63.66662666051835,False,False,False,False,False,0.0,True,False,False,False,False,0.44570237803934226,0.7986319468704218,0.2425226350296597,2025-01-09
4976,38,47,45,85,13,7,0.8333333333333334,86,0,0,86,0,9,62,62,1,13,13,1,4,4,2,7,7,0.013115797315487853,-0.02033235737793111,86,-0.002686566116043195,-0.048489875715622376,24,50.0,4,4,0,37,62,7,16,3,7,15,20,20,-0.028080575662478846,1148902140005.0,5112,5112,True,7.636655948553055,9.043408360128618,6.363879957127546,20250110,39,47,45,0,13,0.14516129032258066,0.16,1404641775683.8,0.8179324863420766,-0.20097548081972952,0.0,True,False,False,False,False,9.595277535474581,False,False,False,False,False,0.0,True,False,False,False,False,0.0,True,False,False,False,False,0.0,True,False,False,False,False,8.41189783685731,False,False,False,False,False,0.0,True,False,False,False,False,100.0,False,True,False,False,False,100.0,False,True,False,False,False,0.0,True,False,False,False,False,0.2510905280690343,0.5829482216404306,0.6425226350296598,2025-01-10
4977,46,20,30,66,7,8,0.6666666666666666,38,0,0,38,0,3,25,25,3,9,9,0,1,1,1,3,3,0.008805310632404435,0.00047799214200671064,38,0.014339691726209662,-0.01322354100318024,13,45.0,3,3,0,14,53,3,6,3,7,5,11,11,0.0034129692832762792,966872762424.0,5111,5111,True,9.242515571629495,6.027727546714889,6.161677047752996,20250113,46,20,30,0,7,0.11538461538461539,0.3076923076923077,1368660628362.15,0.7064371856601429,-0.3475209899961374,19.99137026951065,False,False,False,False,False,0.0,True,False,False,False,False,6.643674955652839,False,False,False,False,False,6.862840979175469,False,False,False,False,False,0.0,True,False,False,False,False,6.352919667543677,False,False,False,False,False,13.909199735415037,False,False,False,False,False,100.0,False,True,False,False,False,100.0,False,True,False,False,False,0.0,True,False,False,False,False,0.3198396279199007,0.6422094344113879,0.3789416172338433,2025-01-13
4977,134,35,0,169,16,9,0.8333333333333334,46,1,0,45,0,9,38,39,3,3,3,3,3,3,1,1,1,0.032030475453997356,0.06184806086035019,45,0.04505309117571448,0.10029330475844898,7,100.0,7,7,0,32,150,3,12,0,7,0,6,6,0.043615898698557976,1351377903928.0,5114,5114,True,26.923849708659834,0.0,22.436541423883195,20250114,134,35,0,0,16,0.23684210526315788,1.0,1313487928912.75,1.0288468391533783,0.028438601413314845,100.0,False,True,False,False,False,89.04333989070058,False,False,False,False,False,100.0,False,True,False,False,False,75.73011190123141,False,False,False,False,False,100.0,False,True,False,False,False,100.0,False,True,False,False,False,100.0,False,True,False,False,False,0.0,True,False,False,False,False,7.882616218339389,False,False,False,False,False,54.10696776531204,False,False,False,False,False,0.5188697711762198,0.8215172934345003,0.09664235234013567,2025-01-14
4977,65,34,8,99,26,10,0.8333333333333334,134,0,0,134,0,20,118,118,2,9,9,0,3,3,4,4,4,0.03457215806374803,0.024921583565029597,134,0.0447642092798347,0.015611625062352037,16,67.85714285714286,7,7,0,22,61,8,28,4,10,4,15,15,-0.0066079295154185536,1189224184283.0,5116,5116,True,13.060076351215592,1.6073940124573036,10.883396959346328,20250115,65,34,8,0,26,0.1694915254237288,0.375,1296042561550.15,0.9175811192964309,-0.08601428955954163,33.99303186493745,False,False,False,False,False,99.71926876392527,False,False,False,False,False,67.03119817897847,False,False,False,False,False,75.08236504986975,False,False,False,False,False,31.274818629984395,False,False,False,False,False,54.432931224527835,False,False,False,False,False,26.109738964337815,False,False,False,False,False,33.65319682898235,False,False,False,False,False,67.73174614203866,False,False,False,False,False,26.99521255399636,False,False,False,False,False,0.34070821190068157,0.6646617119641065,0.25315329378707463,2025-01-15
4977,72,34,4,106,23,6,0.8333333333333334,65,0,0,65,0,7,39,39,12,20,20,1,2,2,3,4,4,0.020912170114346554,0.03286689258946254,65,0.05085236617082685,0.05954529759073672,26,79.16666666666667,6,6,0,28,77,4,11,2,18,1,22,22,0.0035335689045936647,1274207036185.0,5116,5116,True,14.466546112115731,0.8036970062286518,12.055455093429776,20250116,72,34,4,0,23,0.1794871794871795,0.6153846153846154,1279948854415.7,0.995514025258985,-0.004496066919184499,100.0,False,True,False,False,False,42.342687125660916,False,False,False,False,False,86.65996405572818,False,False,False,False,False,88.73356477190826,False,False,False,False,False,93.55339968605129,False,False,False,False,False,66.36768586633238,False,False,False,False,False,73.3324499301213,False,False,False,False,False,14.425555371143528,False,False,False,False,False,0.14579082680075256,False,False,False,False,False,46.30535910163612,False,False,False,False,False,0.45138499651750885,0.7515642163126125,0.07640984724968491,2025-01-16
4977,57,24,12,81,14,7,0.8333333333333334,72,0,0,72,0,5,49,49,1,7,7,7,12,12,1,4,4,0.013216377106115064,-0.005590891637726362,72,0.0254389346876755,-0.0011442128512687024,23,61.25,16,16,0,18,61,3,8,3,12,8,20,20,0.0005431830526887449,1136673755762.0,5115,5115,True,11.452682338758288,2.4110910186859553,9.54390194896524,20250117,57,24,12,0,14,0.10204081632653061,0.391304347826087,1275548443423.5,0.8911255088918707,-0.11526999847774287,13.736920098818317,False,False,False,False,False,10.017746763811973,False,False,False,False,False,0.0,True,False,False,False,False,31.75017308038689,False,False,False,False,False,7.522426680698933,False,False,False,False,False,40.793211633894025,False,False,False,False,False,49.97004551528375,False,False,False,False,False,52.88083828682117,False,False,False,False,False,100.0,False,True,False,False,False,20.065080759318622,False,False,False,False,False,0.3105177686711861,0.7085711011413329,0.36252263502965965,2025-01-17
4978,70,40,19,110,16,5,0.6666666666666666,57,0,0,57,0,10,43,43,3,5,5,0,1,1,3,8,8,0.0290981485152475,0.016120888655116874,57,0.03590370053030622,-0.0006116211454738856,14,40.55555555555556,9,9,0,36,90,3,13,1,7,6,13,13,0.007794739373686688,1183903841854.0,5114,5114,True,14.061872237846526,3.8167938931297707,9.374581491897683,20250120,71,40,19,0,16,0.23255813953488372,0.42857142857142855,1260128361550.1,0.9395105117685508,-0.0623962715072814,62.960746422014516,False,False,False,False,False,76.7265723639302,False,False,False,False,False,45.289214398591966,False,False,False,False,False,55.21484574240139,False,False,False,False,False,8.277406945499278,False,False,False,False,False,39.069066685640436,False,False,False,False,False,71.70424160320992,False,False,False,False,False,86.5108638519152,False,False,False,False,False,100.0,False,True,False,False,False,32.58988053106977,False,False,False,False,False,0.3838827437121843,0.7485678745457831,0.39239254865230516,2025-01-20
4980,46,33,19,79,15,6,0.8333333333333334,70,0,0,70,0,7,54,54,5,10,10,2,3,3,1,3,3,0.025026269166439744,0.015605668770283852,70,0.05171328894806515,0.03300086419555899,16,69.375,16,16,0,25,56,4,11,4,12,2,13,13,-0.0042478219058144084,1205933710879.0,5116,5116,True,9.236947791164658,3.8152610441767068,7.697456492637215,20250121,46,33,19,0,15,0.12727272727272726,0.5,1243489556926.45,0.9697980205476938,-0.030667455406292767,67.99585623469461,False,False,False,False,False,59.62329828027572,False,False,False,False,False,44.01637145902423,False,False,False,False,False,90.66397310200911,False,False,False,False,False,55.925094296355546,False,False,False,False,False,21.991351180118247,False,False,False,False,False,19.431384705641445,False,False,False,False,False,86.47419198446998,False,False,False,False,False,35.999406224535555,False,False,False,False,False,40.10584529144324,False,False,False,False,False,0.39138725389208234,0.6523717417752339,0.17017032643008292,2025-01-21
4983,39,20,24,59,13,7,1.0,46,0,0,46,0,4,31,31,4,7,7,3,5,5,2,3,3,0.02114755829377667,0.009983850111049198,46,0.04505453236622587,0.03538642189541164,15,66.25,8,8,0,17,43,0,4,3,12,4,14,14,-0.01088139281828071,1136325158475.0,5120,5120,True,7.826610475617099,4.81637567730283,7.826610475617099,20250122,39,20,24,0,13,0.12903225806451613,0.6,1227192358644.6,0.9259552102573713,-0.07692941455829284,89.47195645981529,False,False,False,False,False,43.33139730196427,False,False,False,False,False,30.127753417319365,False,False,False,False,False,75.73334341774138,False,False,False,False,False,59.30676352690326,False,False,False,False,False,23.30649166082666,False,False,False,False,False,69.03852458266041,False,False,False,False,False,100.0,False,True,False,False,False,72.82673359329573,False,False,False,False,False,29.14724999984535,False,False,False,False,False,0.42339601214360156,0.7436622374014429,0.2664771513548154,2025-01-22
4983,40,42,21,82,11,5,0.8333333333333334,39,0,0,39,0,6,26,26,1,4,4,2,4,4,2,5,5,0.047427196287139685,0.00951408641838568,39,0.05037586640548316,0.0035528378847206996,13,43.0,5,5,1,32,61,4,10,6,11,4,11,11,-0.0008726003490402423,1356009151175.0,5121,5121,True,8.027292795504716,4.214328717639976,6.689410662920596,20250123,40,42,21,0,11,0.23076923076923078,0.38461538461538464,1218567170330.65,1.1127898274225263,0.10687022016055234,46.19349379431908,False,False,False,False,False,100.0,False,True,False,False,False,28.9672093135804,False,False,False,False,False,87.6651308302936,False,False,False,False,False,14.18077409740487,False,False,False,False,False,11.72668998669525,False,False,False,False,False,0.0,True,False,False,False,False,96.02148416460614,False,False,False,False,False,91.93293653550964,False,False,False,False,False,72.68595541890167,False,False,False,False,False,0.3588922226084378,0.5585328353489324,0.3164416172338433,2025-01-23
4980,66,12,21,78,13,6,1.0,40,0,0,40,0,7,29,29,2,6,6,1,1,1,3,4,4,0.00777751712459836,0.01593963155248809,40,0.00243797401985113,0.023461654071143808,11,80.0,5,5,0,9,62,3,10,0,6,2,9,9,0.00860682994652573,1222535807461.0,5118,5118,True,13.25301204819277,4.216867469879518,13.25301204819277,20250124,66,12,21,0,13,0.2413793103448276,0.5454545454545454,1222214203070.5,1.0002631325914002,0.0002630979780916706,89.25466312887579,False,False,False,False,False,0.0,True,False,False,False,False,44.841421465672994,False,False,False,False,False,0.0,True,False,False,False,False,42.402699359751594,False,False,False,False,False,78.56208818227192,False,False,False,False,False,100.0,False,True,False,False,False,96.08222125511898,False,False,False,False,False,54.59152669778723,False,False,False,False,False,47.4327165026461,False,False,False,False,False,0.42307215028661627,0.8176048914062704,0.2187904196958209,2025-01-24
4979,41,25,40,66,8,6,0.8333333333333334,66,0,0,66,0,5,53,53,1,7,7,1,2,2,1,4,4,0.013824807721598564,-0.006810778503230056,66,0.020325283654247298,-0.003435749395289174,13,25.0,4,4,1,17,50,4,9,4,7,4,10,10,-0.008064516129032251,1118411191383.0,5119,5119,True,8.234585258083953,8.033741715203856,6.862154381736628,20250127,41,25,40,0,8,0.09433962264150944,0.23076923076923078,1219660467387.3,0.9169856868270958,-0.08666341554204116,1.3454688558300776,False,False,False,False,False,12.573361674294967,False,False,False,False,False,0.0,True,False,False,False,False,20.284063908755314,False,False,False,False,False,4.274038003255367,False,False,False,False,False,13.485693094160084,False,False,False,False,False,0.0,True,False,False,False,False,100.0,False,True,False,False,False,100.0,False,False,False,True,False,26.841446715586866,False,False,False,False,False,0.29204910056735817,0.5919814931694701,0.33753772504943286,2025-01-27
4982,76,33,33,109,13,5,0.6666666666666666,41,0,0,41,0,10,33,33,2,5,5,0,1,1,1,2,2,0.026186166697700488,0.027266965222941537,41,0.018177674073811045,0.010940656619837091,8,58.333333333333336,3,3,0,28,91,3,13,2,5,2,7,7,0.00904965667974933,1289939663527.0,5121,5121,True,15.25491770373344,6.623845845042151,10.169945135822292,20250205,76,33,33,0,13,0.30303030303030304,0.375,1203732228451.75,1.0716167873864528,0.06916852428645114,61.89946095717321,False,False,False,False,False,64.49526124546408,False,False,False,False,False,72.82542812185501,False,False,False,False,False,15.46857576802165,False,False,False,False,False,24.65344440797844,False,False,False,False,False,47.1680420395165,False,False,False,False,False,43.57987035480711,False,False,False,False,False,100.0,False,True,False,False,False,68.535617052726,False,False,False,False,False,63.75512684042116,False,False,False,False,False,0.38230096538539937,0.6968114580942955,0.2552554896451244,2025-02-05
4982,89,27,0,116,23,6,0.8333333333333334,76,0,0,76,0,16,63,63,5,10,10,1,2,2,1,1,1,0.027153241467384924,0.05573685737167626,76,0.05065763780144221,0.06276729499918715,13,77.6923076923077,13,13,0,19,85,5,21,3,10,1,12,12,0.01688031600393214,1536329633344.0,5121,5121,True,17.864311521477315,0.0,14.886926267897763,20250206,89,27,0,0,23,0.25396825396825395,0.5384615384615384,1204331661585.1,1.2756698859199098,0.24347144135725415,95.24530674723655,False,False,False,False,False,68.55730322373215,False,False,False,False,False,100.0,False,True,False,False,False,88.29693412824832,False,False,False,False,False,98.12077170884255,False,False,False,False,False,95.19979987153377,False,False,False,False,False,64.26998697749265,False,False,False,False,False,0.0,True,False,False,False,False,17.333323920121966,False,False,False,False,False,100.0,False,True,False,False,False,0.4320008226871493,0.7348868441321033,0.1213568162200878,2025-02-06
4982,79,49,1,128,25,7,1.0,89,0,0,89,0,10,66,66,10,16,16,3,5,5,2,2,2,0.039490193236603605,0.04994535773990272,89,0.07551984767212304,0.09409792521490241,23,92.85714285714286,7,7,0,43,97,4,14,2,17,0,22,22,0.009295125638994928,1960981741691.0,5122,5122,True,15.857085507828183,0.2007226013649137,15.857085507828183,20250207,79,49,1,0,25,0.15151515151515152,0.6521739130434783,1213804722956.5,1.6155660829153629,0.47968541099539685,100.0,False,True,False,False,False,100.0,False,True,False,False,False,100.0,False,True,False,False,False,100.0,False,True,False,False,False,100.0,False,True,False,False,False,100.0,False,True,False,False,False,72.21112114637117,False,False,False,False,False,0.0,False,False,True,False,False,0.0,True,False,False,False,False,100.0,False,True,False,False,False,0.4668051384702887,0.749500669398151,0.039372810212647866,2025-02-07
4987,119,26,1,145,31,8,1.0,79,0,0,79,0,18,54,54,3,10,10,6,10,10,4,5,5,0.034653439731646446,0.044889484126762906,79,0.053281660007326356,0.05657971200395413,25,83.0,5,5,0,21,109,3,21,2,15,4,23,23,0.011909058101768233,1731464279723.0,5123,5123,True,23.862041307399238,0.20052135552436334,23.862041307399238,20250210,119,26,0,1,31,0.3333333333333333,0.52,1241983664171.6,1.3941119594981808,0.33225762439169826,100.0,False,True,False,False,False,100.0,False,True,False,False,False,100.0,False,True,False,False,False,94.18066082073686,False,False,False,False,False,89.34950659639854,False,False,False,False,False,100.0,False,True,False,False,False,100.0,False,True,False,False,False,0.0,True,False,False,False,False,40.073242835214664,False,False,False,False,False,100.0,False,True,False,False,False,0.44356221999744605,0.8249820709833154,0.18082378127648188,2025-02-10
4986,69,33,0,102,25,9,1.0,119,0,0,119,0,11,88,88,3,18,18,2,3,3,9,10,10,0.024335281851388106,0.015410711779264492,119,0.04897139944827007,0.04108777239832027,31,100.0,4,4,0,25,69,5,16,3,17,3,27,27,-0.006525302846437209,1636427340240.0,5122,5122,True,13.838748495788208,0.0,13.838748495788208,20250211,69,33,0,1,25,0.125,0.45161290322580644,1265125402074.0,1.293490224413565,0.25734416514616987,63.010406075121836,False,False,False,False,False,56.72091723573003,False,False,False,False,False,43.53473315886664,False,False,False,False,False,84.51595789023898,False,False,False,False,False,67.38876530344578,False,False,False,False,False,84.5264858375814,False,False,False,False,False,65.12393841712196,False,False,False,False,False,0.0,True,False,False,False,False,19.480091150850548,False,False,False,False,False,100.0,False,True,False,False,False,0.3839567582592624,0.7364583447337856,0.12697080861692164,2025-02-11
4986,82,29,0,111,17,10,0.6666666666666666,69,0,0,69,0,6,44,44,3,11,11,0,3,3,8,11,11,0.018996700149218036,0.02772223427013496,69,0.03329253489518418,0.04964409067820461,25,93.75,4,4,0,24,89,4,10,1,12,1,16,16,0.004755866045619617,1677457767434.0,5122,5122,True,16.446048937023665,0.0,10.964032624682442,20250212,82,29,0,1,17,0.13636363636363635,0.44,1293985968401.25,1.2963492714735836,0.2595520612154052,26.896287914390665,False,False,False,False,False,34.29706371538146,False,False,False,False,False,73.95016342300063,False,False,False,False,False,49.35994675891518,False,False,False,False,False,79.51785287724249,False,False,False,False,False,55.25402264753797,False,False,False,False,False,81.35780972002874,False,False,False,False,False,0.0,True,False,False,False,False,8.49402118641391,False,False,False,False,False,100.0,False,True,False,False,False,0.3301309674706022,0.7663330394016997,0.09824123217816631,2025-02-12
4987,64,39,2,103,18,7,0.8333333333333334,82,0,0,82,0,12,65,65,2,6,6,2,3,3,2,8,8,0.0325547491919311,0.024512514870232923,82,0.05250687927708454,0.032057626394421564,17,41.666666666666664,3,3,0,27,73,7,19,5,11,1,9,9,-0.011737089201877882,1820930225851.9998,5123,5123,True,12.833366753559254,0.4010427110487267,10.694472294632712,20250213,64,39,2,1,18,0.18461538461538463,0.35294117647058826,1323985395970.25,1.3753401143202006,0.3187010564003523,43.46007174139437,False,False,False,False,False,91.24546737696029,False,False,False,False,False,66.02060015025742,False,False,False,False,False,92.44340491904242,False,False,False,False,False,54.58799888701251,False,False,False,False,False,52.50916187079571,False,False,False,False,False,3.2048788689118286,False,False,False,False,False,4.792456878580805,False,False,False,False,False,27.277539495543518,False,False,False,False,False,100.0,False,True,False,False,False,0.35481823129836293,0.6225106015484647,0.14736184826724946,2025-02-13
4986,77,35,6,112,16,8,1.0,64,0,0,64,0,8,46,46,3,12,12,1,2,2,4,4,4,0.018708369508614944,0.021408383295441712,64,0.028299307570924963,0.0280760056432706,18,83.33333333333333,6,6,0,29,90,3,11,3,11,6,16,16,-0.0009512503758645763,1715761941221.0002,5122,5122,True,15.443241075010027,1.203369434416366,15.443241075010027,20250214,78,35,6,1,16,0.17391304347826086,0.4444444444444444,1352849503458.35,1.268257804607919,0.23764415128599475,68.09015974471045,False,False,False,False,False,33.085977248786065,False,False,False,False,False,58.35189000382588,False,False,False,False,False,38.16385824124651,False,False,False,False,False,48.94381581707077,False,False,False,False,False,100.0,False,True,False,False,False,53.65067435150315,False,False,False,False,False,23.98731569900381,False,False,False,False,False,99.54064519389293,False,False,False,False,False,100.0,False,True,False,False,False,0.3915278072617689,0.715344449322816,0.3363364702734044,2025-02-14
4992,101,71,6,172,21,9,1.0,77,0,0,77,0,15,61,61,2,8,8,2,3,3,2,5,5,0.054110425208201605,0.04006382620732372,77,0.07517295292961282,0.02807132398688382,16,43.0,5,5,1,51,131,14,29,6,12,1,12,12,0.008495867127168322,1941042835344.0,5125,5125,True,20.232371794871796,1.201923076923077,20.232371794871796,20250217,101,71,6,1,21,0.24193548387096775,0.375,1382983461842.3,1.4035184721285805,0.3389822782070615,55.718443815389016,False,False,False,False,False,100.0,False,True,False,False,False,100.0,False,True,False,False,False,100.0,False,True,False,False,False,48.93717929205519,False,False,False,False,False,100.0,False,True,False,False,False,0.0,True,False,False,False,False,23.95271305262677,False,False,False,False,False,17.333323920121966,False,False,False,False,False,100.0,False,True,False,False,False,0.3730885533848051,0.5703610942889226,0.1213568162200878,2025-02-17
4992,46,32,19,78,17,6,1.0,101,0,0,101,0,12,80,80,2,15,15,1,2,2,2,4,4,0.02423174652349148,0.0062298088441520615,101,0.016860899253806908,-0.005038677806049867,21,50.0,4,4,0,18,47,12,24,2,7,8,19,19,-0.025064939423431853,1798808589496.0,5124,5124,True,9.21474358974359,3.8060897435897436,9.21474358974359,20250218,46,31,19,1,17,0.15,0.23809523809523808,1422590496609.25,1.2644598665487132,0.23464504803085637,15.863586824193657,False,False,False,False,False,56.2860337486062,False,False,False,False,False,20.853451197861034,False,False,False,False,False,12.516030953773535,False,False,False,False,False,2.001792110492012,False,False,False,False,False,37.4414800590081,False,False,False,False,False,16.263647493600526,False,False,False,False,False,86.25477785449122,False,False,False,False,False,100.0,False,True,False,False,False,100.0,False,True,False,False,False,0.3136874298471227,0.6465422522941286,0.3776277448225622,2025-02-18
4992,107,22,2,129,11,6,0.6666666666666666,46,0,0,46,0,5,29,29,5,12,12,0,2,2,1,3,3,0.019542546082080642,0.03670620545425741,46,0.013958309138193115,0.019242823801044428,17,33.333333333333336,3,3,0,21,117,1,6,0,6,1,15,15,0.015896888928529807,1720792319642.0,5124,5124,True,21.434294871794872,0.4006410256410256,14.289529914529915,20250219,107,22,2,1,11,0.1724137931034483,0.35294117647058826,1464187287962.85,1.1752542408943933,0.1614844994196495,29.148682477075095,False,False,False,False,False,36.58980173570879,False,False,False,False,False,96.14492846918345,False,False,False,False,False,6.007683996078509,False,False,False,False,False,36.422257757278686,False,False,False,False,False,89.11667251289849,False,False,False,False,False,100.0,False,True,False,False,False,4.782846959745391,False,False,False,False,False,10.372373017326876,False,False,False,False,False,85.62305956480077,False,False,False,False,False,0.3334880179727074,0.8334471739450524,0.10315329378707463,2025-02-19
4993,96,25,1,121,25,7,0.8333333333333334,107,0,0,107,0,17,96,96,2,5,5,5,5,5,1,1,1,0.027438018803762572,0.029173927432939933,107,0.04582416378584355,0.05733435513776928,11,78.63636363636364,11,11,0,20,91,5,22,0,8,2,10,10,0.005165289256198413,1756340515599.0,5123,5123,True,19.226917684758664,0.2002803925495694,16.022431403965555,20250220,95,25,1,1,25,0.17708333333333334,0.7272727272727273,1482658008748.55,1.1845890996005572,0.1693959630629948,100.0,False,True,False,False,False,69.7534646076165,False,False,False,False,False,77.53654944397867,False,False,False,False,False,77.45905325237162,False,False,False,False,False,90.41925790269659,False,False,False,False,False,100.0,False,True,False,False,False,100.0,False,True,False,False,False,0.0,True,False,False,False,False,49.01389055581172,False,False,False,False,False,87.49713774525031,False,False,False,False,False,0.455763836093087,0.8317490103725557,0.2042043917160995,2025-02-20
4993,110,21,0,131,18,8,0.8333333333333334,96,0,0,96,0,8,71,71,8,17,17,0,2,2,2,6,6,0.02615605306359925,0.018902297649677238,96,0.04893291768779357,0.032164465218252905,25,53.75,8,8,0,11,103,6,14,4,14,6,24,24,0.0016313213703098572,2192036913389.9998,5125,5125,True,22.030843180452635,0.0,18.35903598371053,20250221,110,21,0,1,18,0.11428571428571428,0.4,1511013825314.35,1.4507060601738506,0.37205037596755347,25.682175373926558,False,False,False,False,False,64.36877377037737,False,False,False,False,False,52.160643287490046,False,False,False,False,False,84.42967197360998,False,False,False,False,False,54.73944924312868,False,False,False,False,False,100.0,False,True,False,False,False,54.836019843826975,False,False,False,False,False,0.0,True,False,False,False,False,64.0610146764479,False,False,False,False,False,100.0,False,True,False,False,False,0.3283214101305598,0.7175258042195265,0.24355399571522388,2025-02-21
4990,85,41,10,126,18,6,0.6666666666666666,110,0,0,110,0,13,92,92,0,8,8,4,8,8,1,2,2,0.02248461534866089,0.015615889635624634,110,0.015549318533084007,0.0048736443871886925,18,70.0,10,10,0,26,93,12,25,3,8,4,16,16,0.0013054356737124406,2079906713636.0,5122,5122,True,17.034068136272545,2.004008016032064,11.356045424181696,20250224,85,41,10,1,18,0.14130434782608695,0.2777777777777778,1556905319174.6,1.3359236994184536,0.28962296226981415,4.515213803186059,False,False,False,False,False,48.94749034309636,False,False,False,False,False,44.04162195239271,False,False,False,False,False,9.575132634176233,False,False,False,False,False,16.053095487568367,False,False,False,False,False,59.24578418428902,False,False,False,False,False,13.977132161195449,False,False,False,False,False,43.14178742816633,False,False,False,False,False,63.12199559090133,False,False,False,False,False,100.0,False,True,False,False,False,0.2967734033353353,0.6423344483677248,0.24109837503530918,2025-02-24
4988,59,40,4,99,15,5,0.6666666666666666,85,0,0,85,0,7,67,67,7,13,13,0,0,0,1,5,5,0.00553548505774124,0.013528502685804925,85,0.011263064575459244,0.04063218968717358,18,70.55555555555556,18,18,0,30,74,8,15,2,10,0,17,17,-0.008273018154441092,1896392112268.0002,5120,5120,True,11.828388131515638,0.8019246190858059,7.885592087677091,20250225,58,40,4,1,15,0.1044776119402985,0.4444444444444444,1604066967068.3,1.1822399882306491,0.1674109341030721,21.328845008178348,False,False,False,False,False,0.0,True,False,False,False,False,38.8847640370874,False,False,False,False,False,0.0,True,False,False,False,False,66.74294984639378,False,False,False,False,False,23.907085648312258,False,False,False,False,False,26.986506842031645,False,False,False,False,False,14.38315279375054,False,False,False,False,False,0.0,True,False,False,False,False,87.02692140740736,False,False,False,False,False,0.321833048751838,0.6662752009558572,0.048321176170067835,2025-02-25
4989,99,47,0,146,16,4,0.6666666666666666,59,0,0,59,0,7,44,44,3,7,7,6,7,7,0,1,1,0.031014569674377893,0.03247100384435391,59,0.07083610135353294,0.06079619379234096,15,79.0,15,15,0,40,123,4,11,3,12,1,14,14,0.01036525172754188,1938039930477.0002,5121,5121,True,19.84365604329525,0.0,13.2291040288635,20250226,98,47,0,1,15,0.13953488372093023,0.6,1639691380589.0,1.1819540880801784,0.16716907565775319,83.3661994669909,False,False,False,False,False,84.77619111157779,False,False,False,False,False,85.68192689353835,False,False,False,False,False,100.0,False,True,False,False,False,95.32661908704726,False,False,False,False,False,78.31863921300256,False,False,False,False,False,47.43731871449111,False,False,False,False,False,0.0,True,False,False,False,False,12.448446093599093,False,False,False,False,False,86.96962965261166,False,False,False,False,False,0.41429577059708306,0.703910201813064,0.10858241451271014,2025-02-26
4989,74,18,5,92,18,5,0.8333333333333334,99,0,0,99,0,10,83,83,3,7,7,1,3,3,4,6,6,0.01862779561774829,0.006274972602926114,99,0.04650329063267645,0.03164500925563751,16,66.875,16,16,0,10,66,4,14,4,12,3,16,16,-0.004351610095735481,2004242820328.0,5119,5119,True,14.832631789937864,1.0022048506714774,12.360526491614888,20250227,74,18,5,1,18,0.12048192771084337,0.5333333333333333,1676296691568.9,1.1956372821163088,0.1786793337085433,55.9012972947743,False,False,False,False,False,32.74753958366164,False,False,False,False,False,20.965027581405558,False,False,False,False,False,78.98182876369772,False,False,False,False,False,54.003089671733896,False,False,False,False,False,69.47414635638204,False,False,False,False,False,58.0129879074316,False,False,False,False,False,19.17465562899518,False,False,False,False,False,44.912670789405524,False,False,False,False,False,89.69619510709289,False,False,False,False,False,0.3733610848386417,0.7233722809532005,0.19347932741626156,2025-02-27
4990,44,26,47,70,11,6,0.6666666666666666,74,0,0,74,0,8,56,56,2,10,10,0,3,3,1,5,5,0.01802550966571637,-0.011949634623777928,74,0.037414398779645947,-0.029309889808394593,18,34.375,8,8,0,19,52,3,11,4,7,8,14,14,-0.02966944097390195,1866642870248.0002,5119,5119,True,8.817635270541082,9.418837675350701,5.878423513694054,20250228,44,26,47,0,11,0.14285714285714285,0.16666666666666666,1719692574661.55,1.0854514915931246,0.08199602172195779,0.0,True,False,False,False,False,30.217734343397616,False,False,False,False,False,0.0,True,False,False,False,False,58.60221631952687,False,False,False,False,False,0.0,True,False,False,False,False,3.4686246551114577,False,False,False,False,False,2.382552287587058,False,False,False,False,False,100.0,False,True,False,False,False,100.0,False,True,False,False,False,66.79372173731821,False,False,False,False,False,0.2551057818232878,0.6209972992020313,0.47700346714428904,2025-02-28
4987,61,40,26,101,8,4,0.6666666666666666,44,0,0,44,0,4,33,33,3,8,8,1,2,2,0,1,1,0.023068943544162876,-0.0017470647894335287,44,0.03809570809656044,-0.006520369347892049,11,50.45454545454545,11,11,0,34,87,4,8,2,6,4,10,10,0.003782148260211615,1624429923767.0002,5117,5117,True,12.231802686986164,5.213555243633446,8.154535124657443,20250303,61,40,26,0,8,0.12121212121212122,0.36363636363636365,1745224260615.2,0.9307857794701874,-0.0717261254208274,35.8912363607144,False,False,False,False,False,51.401866916263714,False,False,False,False,False,1.1467054311985474,False,False,False,False,False,60.129885485123836,False,False,False,False,False,0.0,True,False,False,False,False,26.64566069475593,False,False,False,False,False,14.757486320600064,False,False,False,False,False,100.0,False,True,False,False,False,100.0,False,False,False,True,False,30.379812149997736,False,False,False,False,False,0.3435373646882161,0.6437705101554559,0.33753772504943286,2025-03-03
4989,76,20,9,96,9,4,0.6666666666666666,61,0,0,61,0,6,53,53,2,4,4,1,3,3,0,1,1,0.005500025806554115,0.01129110182496941,61,0.026494074562338765,0.014122437179361291,8,60.0,8,8,0,16,83,3,9,1,4,3,8,8,0.010327022375215211,1435348676704.0,5119,5119,True,15.233513730206456,1.8039687312086592,10.155675820137636,20250304,76,20,9,0,9,0.11320754716981132,0.375,1765318966430.5,0.8130817738883163,-0.20692359160398813,34.765475771322905,False,False,False,False,False,0.0,True,False,False,False,False,33.357299021601364,False,False,False,False,False,34.11606565208236,False,False,False,False,False,29.163806667152663,False,False,False,False,False,47.02274141265298,False,False,False,False,False,63.73384290780799,False,False,False,False,False,38.35604900154756,False,False,False,False,False,90.4423238486368,False,False,False,False,False,0.0,True,False,False,False,False,0.3418594902986763,0.7339001946705559,0.31254352890319176,2025-03-04
4988,63,21,4,84,13,5,0.6666666666666666,76,0,0,76,0,10,67,67,2,6,6,0,2,2,1,1,1,0.016355930507139824,0.017161594167800952,76,0.039471299004131905,0.0016245204515471018,9,50.0,9,9,0,14,64,7,17,0,3,3,9,9,-0.002558479873946251,1493602807048.9998,5118,5118,True,12.630312750601444,0.8019246190858059,8.420208500400962,20250305,63,21,4,0,13,0.14925373134328357,0.3333333333333333,1781165840696.55,0.8385534760002501,-0.17607692396206312,33.33134641368315,False,False,False,False,False,23.204935704888634,False,False,False,False,False,47.8602616407194,False,False,False,False,False,63.21431096089669,False,False,False,False,False,11.44727000697994,False,False,False,False,False,29.350941654934903,False,False,False,False,False,75.86866045787109,False,False,False,False,False,14.38315279375054,False,False,False,False,False,81.90551390003094,False,False,False,False,False,5.66105422167022,False,False,False,False,False,0.33972201191904,0.7562315266365836,0.2902189911243923,2025-03-05
4986,108,36,1,144,15,4,0.6666666666666666,63,0,0,63,0,9,50,50,4,10,10,2,2,2,0,1,1,0.021385392946994593,0.03364468180304409,63,0.04068659517452558,0.04932029106367438,13,68.07692307692308,13,13,0,31,124,3,12,2,8,1,12,12,0.011695906432748537,1906152146300.0,5116,5116,True,21.660649819494584,0.20056157240272762,14.440433212996389,20250306,108,36,1,0,15,0.18,0.46153846153846156,1791348997872.65,1.064087538812195,0.06211766085492092,71.92134336335802,False,False,False,False,False,44.330383497802345,False,False,False,False,False,88.58148055406765,False,False,False,False,False,65.93931477412283,False,False,False,False,False,79.05884775932489,False,False,False,False,False,90.65328045875327,False,False,False,False,False,67.92709219448577,False,False,False,False,False,0.0,True,False,False,False,False,17.333323920121966,False,False,False,False,False,62.084908799101434,False,False,False,False,False,0.39723794220158576,0.74161690251975,0.1213568162200878,2025-03-06
4987,52,49,7,101,17,5,0.8333333333333334,108,0,0,108,0,13,93,93,1,9,9,2,4,4,1,2,2,0.015825638145720872,0.007245830146039927,108,0.029009834196146236,0.0072358752299616375,15,51.333333333333336,15,15,0,40,75,8,21,1,5,4,15,15,-0.008022322985699382,1817966218592.0,5117,5117,True,10.427110487266892,1.4036494886705433,8.689258739389077,20250307,52,49,7,0,17,0.13978494623655913,0.26666666666666666,1809840123520.45,1.004489951883564,0.004479902120345763,16.130389865720797,False,False,False,False,False,20.977527959010235,False,False,False,False,False,23.363516470239876,False,False,False,False,False,39.75704006004503,False,False,False,False,False,19.40169751758821,False,False,False,False,False,32.09060831076428,False,False,False,False,False,29.139240790384136,False,False,False,False,False,28.77881429177105,False,False,False,False,False,67.73174614203866,False,False,False,False,False,48.431598756358405,False,False,False,False,False,0.3140850827714196,0.6702368111108403,0.25315329378707463,2025-03-07
4986,78,22,6,100,10,5,0.6666666666666666,52,0,0,52,0,6,35,35,3,13,13,0,1,1,1,3,3,0.0214807667877806,0.007735508412188873,52,0.011723533790334025,-0.010541123101154045,17,28.75,4,4,0,16,84,4,10,2,6,6,16,16,0.00410046237915096,1505389665564.0002,5117,5117,True,15.643802647412757,1.203369434416366,10.429201764941837,20250310,78,22,6,0,10,0.17142857142857143,0.23529411764705882,1802689347365.5,0.8350799142203943,-0.18022785305760858,11.766924420621429,False,False,False,False,False,44.73098597141235,False,False,False,False,False,24.57325922682905,False,False,False,False,False,0.9967479847792091,False,False,False,False,False,0.0,True,False,False,False,False,49.8079829842741,False,False,False,False,False,44.633202722295856,False,False,False,False,False,23.98731569900381,False,False,False,False,False,99.54064519389293,False,False,False,False,False,4.6777765378881115,False,False,False,False,False,0.3075816157030516,0.6987498732927037,0.3363364702734044,2025-03-10
4987,53,16,2,69,14,6,0.8333333333333334,78,1,0,77,0,9,67,68,2,6,6,2,3,3,1,1,1,-0.002190263689665956,0.01744240398877836,77,0.007569777074822803,0.03436766988153932,10,67.5,10,10,0,12,51,3,12,1,6,2,9,9,0.0015847860538826808,1481633068374.0,5120,5120,True,10.627631842791256,0.4010427110487267,8.856359868992714,20250311,53,16,2,0,14,0.13432835820895522,0.5,1791385616657.55,0.8270877328682025,-0.18984450389202434,65.71599118843382,False,False,False,False,False,0.0,True,False,False,False,False,48.553998059895484,False,False,False,False,False,0.0,True,False,False,False,False,57.86262225164366,False,False,False,False,False,33.79215444076691,False,False,False,False,False,81.17709497829502,False,False,False,False,False,4.792456878580805,False,False,False,False,False,54.59152669778723,False,False,False,False,False,2.3997713153096094,False,False,False,False,False,0.3879892603854917,0.7660004756138915,0.2187904196958209,2025-03-11
4987,79,48,1,127,16,7,1.0,53,0,0,53,0,9,39,39,4,9,9,1,2,2,2,3,3,0.038186294711430396,0.028112978477481548,53,0.06435075924034539,0.04746317852021531,14,82.0,5,5,0,38,101,5,14,5,12,1,13,13,0.0,1683510243484.0002,5119,5119,True,15.841187086424704,0.20052135552436334,15.841187086424704,20250312,79,48,1,0,16,0.23076923076923078,0.5,1783645903064.25,0.9438590028389493,-0.057778485391579114,81.43681170403207,False,False,False,False,False,100.0,False,True,False,False,False,74.91549108239266,False,False,False,False,False,100.0,False,True,False,False,False,76.42628081438465,False,False,False,False,False,100.0,False,True,False,False,False,10.580256113694018,False,False,False,False,False,0.0,True,False,False,False,False,14.755193956123785,False,False,False,False,False,33.68374793557966,False,False,False,False,False,0.41142014113779457,0.6360832817266732,0.11461477087452737,2025-03-12
4989,43,15,12,58,11,8,0.8333333333333334,79,0,0,79,0,4,63,63,3,9,9,3,4,4,1,3,3,0.006662751037111012,-0.003953020867836731,79,0.011342764202752272,0.02801839677803706,16,63.333333333333336,3,3,0,9,41,4,8,2,9,5,14,14,-0.010617760617760541,1606397973855.0,5121,5121,True,8.618961715774704,2.4052916416115453,7.18246809647892,20250313,43,15,12,0,11,0.06349206349206349,0.4375,1783948526866.75,0.9004732758048842,-0.1048347918693705,43.76451559890259,False,False,False,False,False,0.0,True,False,False,False,False,0.0,True,False,False,False,False,0.14296550492106,False,False,False,False,False,48.8621518409787,False,False,False,False,False,16.74736201883651,False,False,False,False,False,49.344833231568316,False,False,False,False,False,52.74209403096184,False,False,False,False,False,92.95282942652793,False,False,False,False,False,22.536986577868824,False,False,False,False,False,0.3552719854592204,0.7074205421816051,0.31910873030218384,2025-03-13
4988,82,27,6,109,13,9,0.8333333333333334,43,0,0,43,0,9,32,32,2,4,4,1,3,3,1,4,4,0.019439951844909487,0.023777996800144044,43,-0.014592514154383885,-7.3518018233792954e-06,11,35.0,7,7,0,24,93,3,12,0,4,6,10,10,0.014517592646800526,1791501380087.0,5121,5121,True,16.439454691259023,1.202886928628709,13.699545576049186,20250314,82,27,6,0,13,0.28125,0.36363636363636365,1773221914266.9,1.0103086171409388,0.01025584570443475,57.009591198800806,False,False,False,False,False,36.15887114876605,False,False,False,False,False,64.20598435801067,False,False,False,False,False,0.0,True,False,False,False,False,9.133994504254362,False,False,False,False,False,83.10901972033355,False,False,False,False,False,96.65084772572756,False,False,False,False,False,23.975772233973455,False,False,False,False,False,100.0,False,True,False,False,False,49.7998120643414,False,False,False,False,False,0.37501292624717275,0.7944763474543669,0.47087105838276616,2025-03-14
4983,65,25,2,90,19,5,0.8333333333333334,82,0,0,82,0,12,69,69,4,9,9,2,2,2,1,2,2,0.028607560782552444,0.02182202472089789,82,0.05324080307713252,0.04064749807508641,13,78.75,4,4,0,23,69,2,14,0,7,1,12,12,0.002557544757033181,1572730043377.9998,5116,5116,True,13.044350792695164,0.4013646397752358,10.87029232724597,20250317,65,25,2,0,19,0.17391304347826086,0.5384615384615384,1777008886210.2,0.8850434320180229,-0.12211855945180201,88.18951184936466,False,False,False,False,False,74.66593752296446,False,False,False,False,False,59.37378489453893,False,False,False,False,False,94.08904916813134,False,False,False,False,False,66.76465039229855,False,False,False,False,False,54.299490259237146,False,False,False,False,False,100.0,False,True,False,False,False,4.800158699142937,False,False,False,False,False,17.333323920121966,False,False,False,False,False,18.442784397031925,False,False,False,False,False,0.42148461020951755,0.8227332727909615,0.1213568162200878,2025-03-17
4985,65,22,1,87,16,6,1.0,65,0,0,65,0,8,46,46,2,12,12,4,4,4,2,3,3,0.02251732655445681,0.022215640203050026,65,0.026921116869712554,0.029187850264754806,19,85.71428571428571,7,7,0,21,70,0,8,1,9,3,18,18,0.001982160555004997,1519439433667.0,5123,5123,True,13.039117352056168,0.20060180541624872,13.039117352056168,20250318,66,22,1,0,16,0.17391304347826086,0.42105263157894735,1758593246611.9,0.8640084548228234,-0.1461727245513967,72.30221026808827,False,False,False,False,False,49.08488850016559,False,False,False,False,False,60.34620599494788,False,False,False,False,False,35.07360336540001,False,False,False,False,False,50.51992137337542,False,False,False,False,False,76.38405567403804,False,False,False,False,False,100.0,False,True,False,False,False,0.0,True,False,False,False,False,38.47913285712284,False,False,False,False,False,12.744801319020835,False,False,False,False,False,0.3978056000422423,0.8211781545423397,0.17665503807571706,2025-03-18
4981,48,25,3,73,18,6,1.0,65,1,0,64,0,9,49,49,5,7,8,1,2,2,3,6,6,0.0178333389276921,0.015036575911816086,64,0.01782697556675467,0.044971374032917906,15,60.833333333333336,6,6,0,21,51,3,12,1,10,2,13,14,-0.006747638326585648,1466232831898.0,5120,5120,True,9.636619152780566,0.6022886970487854,9.636619152780566,20250319,48,25,3,0,18,0.18,0.6,1744624788820.45,0.8404287508085494,-0.17384309973432163,97.4238990287729,False,False,False,False,False,29.41055207650418,False,False,False,False,False,42.61043615221075,False,False,False,False,False,14.682220316319889,False,False,False,False,False,72.89400047433887,False,False,False,False,False,41.737326133364164,False,False,False,False,False,78.92313705465907,False,False,False,False,False,9.607064415562858,False,False,False,False,False,35.999406224535555,False,False,False,False,False,6.190205518180472,False,False,False,False,False,0.4352478755942108,0.7618525860867094,0.17017032643008292,2025-03-19
4981,63,32,0,95,21,7,0.8333333333333334,48,0,0,48,0,11,30,30,3,9,9,4,5,5,3,4,4,0.02264309511841941,0.04566423769113067,48,0.028992862287690293,0.047947686271762935,18,83.75,4,4,0,28,70,1,12,3,13,1,15,15,-0.003336510962821726,1441304802938.0002,5122,5122,True,12.648062638024493,0.0,10.540052198353745,20250320,63,32,0,0,21,0.36666666666666664,0.5555555555555556,1731896814433.25,0.8322117062208791,-0.18366841593660474,100.0,False,True,False,False,False,49.61315911829916,False,False,False,False,False,100.0,False,True,False,False,False,39.718984714865115,False,False,False,False,False,77.11309922815501,False,False,False,False,False,50.93674331299567,False,False,False,False,False,75.82847126658459,False,False,False,False,False,0.0,True,False,False,False,False,10.372373017326876,False,False,False,False,False,3.862771361770668,False,False,False,False,False,0.4673026339186198,0.756157567702437,0.10315329378707463,2025-03-20
4982,47,26,21,73,18,7,1.0,63,0,0,63,0,8,42,42,6,11,11,2,3,3,2,7,7,0.02572811088600494,0.01705234637020356,63,0.03138011045520156,0.03064457445113647,21,50.0,7,7,0,18,47,3,11,5,15,4,18,18,-0.015975048518794388,1550423337952.0002,5123,5123,True,9.433962264150942,4.2151746286631875,9.433962264150942,20250321,47,26,21,0,18,0.19047619047619047,0.47619047619047616,1716145028800.2,0.9034337494401276,-0.10155249821267012,76.57095640316624,False,False,False,False,False,62.571271504625216,False,False,False,False,False,47.59036660768854,False,False,False,False,False,45.07180365568185,False,False,False,False,False,52.584914124875745,False,False,False,False,False,39.67372521466274,False,False,False,False,False,35.20718098934972,False,False,False,False,False,96.04172173390589,False,False,False,False,False,55.105038110662484,False,False,False,False,False,23.314500727102672,False,False,False,False,False,0.40416789401752334,0.6814034550569951,0.22013329894528227,2025-03-21
4982,48,26,39,74,12,5,0.8333333333333334,47,0,0,47,0,6,29,29,3,8,8,2,6,6,1,4,4,0.027590054436452724,0.002083466426259637,47,0.011076982813106644,-0.0006172332170344284,18,28.75,4,4,0,17,53,7,13,2,8,7,16,16,-0.016279783285440608,1450380238736.0,5123,5123,True,9.634684865515858,7.828181453231634,8.028904054596548,20250324,48,26,39,0,12,0.20689655172413793,0.3333333333333333,1684064350028.3,0.8612380154663489,-0.14938437202963697,31.168036025856154,False,False,False,False,False,70.39206582185503,False,False,False,False,False,10.609974913254815,False,False,False,False,False,0.0,True,False,False,False,False,8.269451501907579,False,False,False,False,False,25.36639309448741,False,False,False,False,False,26.79880367632208,False,False,False,False,False,100.0,False,True,False,False,False,100.0,False,True,False,False,False,11.984021931842754,False,False,False,False,False,0.33649773570030833,0.6659297765860848,0.38395551789245197,2025-03-24
4981,48,30,39,78,11,3,0.5,48,0,0,48,0,8,36,36,3,6,6,0,3,3,0,3,3,0.019700278282331157,0.019008456667618148,48,0.017589186187778383,0.00032315490554873,12,43.333333333333336,6,6,0,23,60,4,12,3,6,3,11,11,-0.002123142250530896,1258000548121.0,5126,5126,True,9.636619152780566,7.82975306163421,4.818309576390283,20250325,48,30,39,0,11,0.2222222222222222,0.25,1652588026283.3,0.761230583855957,-0.2728189658912421,19.862147338096403,False,False,False,False,False,37.252330465468994,False,False,False,False,False,52.42290753705666,False,False,False,False,False,14.149035912188051,False,False,False,False,False,9.602507323239598,False,False,False,False,False,0.0,True,False,False,False,False,7.436837883281244,False,False,False,False,False,100.0,False,True,False,False,False,68.0331977335464,False,False,False,False,False,0.0,True,False,False,False,False,0.31964702937878603,0.6302985457203996,0.2539416172338433,2025-03-25
4981,75,24,2,99,9,4,0.6666666666666666,48,0,0,48,0,4,37,37,3,8,8,2,3,3,0,0,0,0.016553547967349407,0.02054922278615599,48,0.00627393776733928,0.026425543013927844,11,64.54545454545455,11,11,0,16,82,7,11,1,6,2,11,11,0.006838905775075954,1154075860577.0,5127,5127,True,15.057217426219635,0.4015257980325236,10.03814495081309,20250326,75,24,2,0,9,0.10810810810810811,0.45454545454545453,1620668448075.95,0.7120986787563572,-0.3395387834144603,38.49938220663758,False,False,False,False,False,24.034996052003248,False,False,False,False,False,56.22934694911794,False,False,False,False,False,0.0,True,False,False,False,False,46.60418735611926,False,False,False,False,False,45.82595599097816,False,False,False,False,False,42.05695151908347,False,False,False,False,False,4.804014248143474,False,False,False,False,False,44.133458931583164,False,False,False,False,False,0.0,True,False,False,False,False,0.34742463979830374,0.6940088773436945,0.1914416172338433,2025-03-26
4980,49,29,20,78,8,5,0.6666666666666666,75,0,0,75,0,6,66,66,0,4,4,1,3,3,1,2,2,0.011053916574912843,-0.013334440360339903,75,0.017399095904698507,-0.006162068286886813,9,41.666666666666664,9,9,0,20,61,6,12,3,5,4,9,9,-0.005643344052903343,1190381318508.0,5128,5128,True,9.839357429718875,4.016064257028112,6.5595716198125835,20250327,49,29,20,0,8,0.09090909090909091,0.2222222222222222,1581470244580.95,0.752705479339209,-0.2840812573890197,0.0,True,False,False,False,False,0.9346792188303454,False,False,False,False,False,0.0,True,False,False,False,False,13.722805040348717,False,False,False,False,False,0.4093196152045791,False,False,False,False,False,10.404573721845807,False,False,False,False,False,0.0,True,False,False,False,False,91.27820661979446,False,False,False,False,False,100.0,False,True,False,False,False,0.0,True,False,False,False,False,0.28710608230029394,0.5856508207915219,0.36164756255296376,2025-03-27
4978,31,32,25,63,6,3,0.5,49,0,0,49,0,5,41,41,1,6,6,0,0,0,0,2,2,0.006873982006390886,-0.008332314548667088,49,0.006630089441535397,-0.026352037234464262,8,27.5,8,8,0,24,49,6,11,2,3,5,7,7,-0.013664065856543506,1118771212230.0,5126,5126,True,6.22740056247489,5.02209722780233,3.113700281237445,20250328,32,32,25,0,6,0.12195121951219512,0.125,1540777169489.95,0.7261083785401309,-0.320055993563033,0.0,True,False,False,False,False,0.0,True,False,False,False,False,0.0,True,False,False,False,False,0.0,True,False,False,False,False,0.0,True,False,False,False,False,0.0,True,False,False,False,False,0.0,True,False,False,False,False,100.0,False,True,False,False,False,100.0,False,True,False,False,False,0.0,True,False,False,False,False,0.2346677249436361,0.5566066514267087,0.5052554896451243,2025-03-28
4981,34,18,34,52,8,4,0.6666666666666666,31,0,0,31,0,6,25,25,1,5,5,1,1,1,0,0,0,0.00557502788833788,0.023445597893208617,31,0.04471649383901394,0.03856445403383583,6,73.33333333333333,6,6,0,13,39,2,8,3,5,1,6,6,-0.012382142451437095,1221300347141.0,5128,5128,True,6.825938566552901,6.825938566552901,4.550625711035267,20250331,34,18,34,0,8,0.23076923076923078,0.3333333333333333,1503383586589.05,0.8123677536695381,-0.20780214274027284,43.43488363418354,False,False,False,False,False,0.0,True,False,False,False,False,63.38479788158049,False,False,False,False,False,74.97537486809026,False,False,False,False,False,63.81181217731513,False,False,False,False,False,0.0,True,False,False,False,False,10.550149200674044,False,False,False,False,False,100.0,False,True,False,False,False,42.645872657558655,False,False,False,False,False,0.0,True,False,False,False,False,0.3547806900303453,0.6360278768995015,0.1875514432492266,2025-03-31
4983,55,38,10,93,9,4,0.6666666666666666,34,0,0,34,0,5,26,26,3,6,6,1,1,1,0,1,1,0.021512191327794472,0.0245239138154738,34,0.03401287233883281,0.023316654431233513,8,60.625,8,8,0,34,80,3,8,1,5,2,8,8,0.010090393104897899,1131944785845.0,5127,5127,True,11.037527593818986,2.006823198876179,7.358351729212657,20250401,56,38,10,0,9,0.19230769230769232,0.5,1483227107757.75,0.7631634966247369,-0.27028298936202466,73.33720939368779,False,False,False,False,False,44.86297969587459,False,False,False,False,False,66.04876107221615,False,False,False,False,False,50.975126933568596,False,False,False,False,False,42.19715378826724,False,False,False,False,False,18.538338030301965,False,False,False,False,False,42.83433883271554,False,False,False,False,False,43.209137842495856,False,False,False,False,False,61.027260707758956,False,False,False,False,False,0.0,True,False,False,False,False,0.3993482002561814,0.6954394793362895,0.2356204519801148,2025-04-01
4984,40,25,12,65,7,5,0.6666666666666666,55,0,0,55,0,5,46,46,1,5,5,0,3,3,1,1,1,0.01847436519119796,0.0025505811455089696,55,0.032125406991139194,-0.009564745874345908,9,42.22222222222222,9,9,0,22,55,2,7,1,3,3,9,9,0.0008602190321148617,974301059106.9999,5129,5129,True,8.025682182985554,2.407704654895666,5.350454788657036,20250402,40,25,12,0,7,0.10638297872340426,0.2222222222222222,1468056913214.8,0.663667089699842,-0.4099746261681089,6.955944187996148,False,False,False,False,False,32.103079762220545,False,False,False,False,False,11.76397476820485,False,False,False,False,False,46.7429484777349,False,False,False,False,False,0.0,True,False,False,False,False,0.0,True,False,False,False,False,38.75414368405669,False,False,False,False,False,52.79982294359994,False,False,False,False,False,81.90551390003094,False,False,False,False,False,0.0,True,False,False,False,False,0.3004111563736239,0.6879308215443639,0.2902189911243923,2025-04-02
4983,50,19,27,69,9,3,0.5,40,0,0,40,0,7,33,33,2,5,5,0,1,1,0,1,1,0.008214555081597802,0.03289218323336575,40,0.015225557136506609,0.041005990644488496,7,72.85714285714286,7,7,0,15,56,2,9,2,4,0,6,6,-0.005586592178770999,1137459652535.0,5128,5128,True,10.034115994380896,5.418422636965683,5.017057997190448,20250403,51,19,27,0,9,0.21212121212121213,0.2857142857142857,1442091825817.7,0.7887567436213944,-0.23729731540555235,37.017296882528385,False,False,False,False,False,0.0,True,False,False,False,False,86.72244420930329,False,False,False,False,False,8.84917705088575,False,False,False,False,False,67.27283482707533,False,False,False,False,False,0.0,True,False,False,False,False,37.37761421769585,False,False,False,False,False,100.0,False,True,False,False,False,7.882616218339389,False,False,False,False,False,0.0,True,False,False,False,False,0.3452156861079105,0.6853976366532435,0.09664235234013567,2025-04-03
4981,22,13,2933,35,11,4,0.6666666666666666,50,0,0,50,0,9,41,41,1,7,7,1,2,2,0,0,0,0.0003540513599727446,-0.0076184446091242045,50,0.00044145898608863,-0.0015872762309726562,9,51.111111111111114,9,9,0,7,18,4,13,2,4,3,9,9,-0.10010593220338981,1587079608379.0002,5126,5126,True,4.41678377835776,588.8375828146959,2.944522518905173,20250407,22,13,2939,0,11,0.21428571428571427,0.2222222222222222,1403657201129.45,1.1306746455630048,0.12281448604355062,11.553970497054697,False,False,False,False,False,0.0,True,False,False,False,False,0.0,True,False,False,False,False,0.0,True,False,False,False,False,6.89435811693295,False,False,False,False,False,0.0,True,False,False,False,False,17.58572625210666,False,False,False,False,False,100.0,False,True,False,False,False,81.90551390003094,False,False,False,False,False,76.46285463018067,False,False,False,False,False,0.3072642214561116,0.6489752332202638,0.2902189911243923,2025-04-07
4981,122,25,121,147,17,5,0.8333333333333334,22,0,0,22,0,8,11,11,7,9,9,1,1,1,1,1,1,0.02819088596359526,0.10346182237302136,22,0.04542308626138099,0.09932098887100994,11,95.45454545454545,11,11,0,23,128,2,10,0,9,0,11,11,0.014285714285714457,1625285555597.0,5127,5127,True,24.493073679983937,24.29231078096768,20.41089473331995,20250408,122,25,122,0,17,0.7272727272727273,0.8181818181818182,1392112870618.8,1.1674955313605813,0.15486088302518025,100.0,False,True,False,False,False,72.91576198437232,False,False,False,False,False,100.0,False,True,False,False,False,76.55973520119586,False,False,False,False,False,100.0,False,True,False,False,False,100.0,False,True,False,False,False,100.0,False,True,False,False,False,100.0,False,True,False,False,False,0.0,True,False,False,False,False,84.05404837797897,False,False,False,False,False,0.5816603202349113,0.844935305352704,0.06644161723384327,2025-04-08
4985,113,41,6,154,24,6,1.0,122,0,0,122,0,15,105,105,2,8,8,5,7,7,2,2,2,0.02056883565242949,0.03755912881405373,122,0.0666141816163716,0.06367475522038502,17,90.0,9,9,0,29,118,7,22,5,14,1,16,16,0.022408963585434094,1699274284111.0,5130,5130,True,22.668004012036107,1.2036108324974926,22.668004012036107,20250409,113,41,6,0,24,0.14285714285714285,0.5294117647058824,1398107665120.45,1.2154101765579004,0.19508161369533666,75.73413641629422,False,False,False,False,False,40.9005659571516,False,False,False,False,False,98.25206274033255,False,False,False,False,False,100.0,False,True,False,False,False,99.4071502810986,False,False,False,False,False,100.0,False,True,False,False,False,39.375673310412985,False,False,False,False,False,23.993090904978875,False,False,False,False,False,8.49402118641391,False,False,False,False,False,93.58158931714274,False,False,False,False,False,0.40292066717563635,0.6890746034228818,0.09824123217816631,2025-04-09
4985,152,51,0,203,25,6,0.8333333333333334,113,0,0,113,0,15,89,89,6,15,15,0,2,2,4,7,7,0.019644001610814553,0.04662166335769991,113,-0.00029756504620247204,0.047225461817626206,24,75.0,7,7,0,39,166,9,24,3,13,1,22,22,0.023577354096929293,1609186499682.9998,5130,5130,True,30.49147442326981,0.0,25.409562019391508,20250410,152,51,0,0,25,0.16853932584269662,0.4166666666666667,1408989725907.3,1.1420853325575426,0.13285583047163854,41.20128531674672,False,False,False,False,False,37.01594936106666,False,False,False,False,False,100.0,False,True,False,False,False,0.0,True,False,False,False,False,76.08930331902476,False,False,False,False,False,100.0,False,True,False,False,False,58.09862104350167,False,False,False,False,False,0.0,True,False,False,False,False,0.14579082680075256,False,False,False,False,False,78.84146184414256,False,False,False,False,False,0.3514516541334925,0.7235298689829326,0.07640984724968491,2025-04-10
4984,82,37,7,119,18,6,0.8333333333333334,152,0,0,152,0,10,127,127,4,15,15,2,6,6,2,4,4,0.008759737867767094,0.004182868277452682,152,0.038130909887127876,0.016008395452583337,25,66.0,10,10,1,23,87,8,18,6,14,3,21,21,0.004979561040580394,1348480829317.0,5129,5129,True,16.452648475120384,1.4044943820224718,13.710540395933654,20250411,82,37,7,0,18,0.07874015748031496,0.32,1405273538717.25,0.959586010954073,-0.041253326119863584,9.928075956033995,False,False,False,False,False,0.0,True,False,False,False,False,15.796515460835876,False,False,False,False,False,60.208816873097824,False,False,False,False,False,31.83726414128788,False,False,False,False,False,83.22097703186621,False,False,False,False,False,6.982582209586649,False,False,False,False,False,28.799027514310254,False,False,False,False,False,30.684654208395752,False,False,False,False,False,37.598249956406804,False,False,False,False,False,0.30484092929596784,0.6294625929584503,0.15627176445159588,2025-04-11
4984,103,37,2,140,13,7,0.8333333333333334,82,0,0,82,0,8,64,64,3,10,10,0,4,4,2,4,4,0.02749266290789457,0.025825843802175105,82,0.017581260560034125,0.012440690033505132,18,49.375,8,8,0,29,119,7,15,1,6,3,16,16,0.015003410641200476,1277280461934.0,5128,5128,True,20.6661316211878,0.4012841091492777,17.221776350989835,20250414,103,37,2,0,13,0.125,0.2777777777777778,1392377681490.35,0.9173376440269035,-0.0862796694508185,1.4437390543881161,False,False,False,False,False,69.98298837538209,False,False,False,False,False,69.26515942982486,False,False,False,False,False,14.131264634411114,False,False,False,False,False,26.779830552446032,False,False,False,False,False,100.0,False,True,False,False,False,54.665751323540945,False,False,False,False,False,4.798232085020579,False,False,False,False,False,44.912670789405524,False,False,False,False,False,26.932349007351565,False,False,False,False,False,0.29219556603343444,0.7172124642921494,0.19347932741626156,2025-04-14
4982,56,30,10,86,9,4,0.6666666666666666,103,0,0,103,0,6,90,90,2,8,8,1,3,3,0,2,2,0.015747755073354474,-0.004467363286068568,103,0.03308616781279276,-0.013605577386658668,13,38.0,5,5,0,24,71,4,10,2,5,4,11,11,-0.0015540475270478527,1077039201770.0,5126,5126,True,11.240465676435166,2.007226013649137,7.493643784290111,20250415,57,31,10,0,9,0.06666666666666667,0.23076923076923078,1366666635582.7,0.7880774826340787,-0.23815886574232412,0.0,True,False,False,False,False,20.650392644072763,False,False,False,False,False,0.0,True,False,False,False,False,48.89721915379255,False,False,False,False,False,0.0,True,False,False,False,False,19.915980858230117,False,False,False,False,False,21.35287571804301,False,False,False,False,False,43.21877478025765,False,False,False,False,False,91.93293653550964,False,False,False,False,False,0.0,True,False,False,False,False,0.27998583549510514,0.6559078026587744,0.3164416172338433,2025-04-15
4984,45,18,6,63,15,5,0.8333333333333334,56,0,0,56,0,10,47,47,3,6,6,1,2,2,1,1,1,0.022019118831190926,0.012780825471204803,56,0.027834297084408086,0.04190846086471034,9,71.11111111111111,9,9,0,13,43,4,14,1,6,2,9,9,-0.016945650651351785,1111714899829.0,5130,5130,True,9.028892455858749,1.203852327447833,7.524077046548958,20250416,45,18,6,0,15,0.20833333333333334,0.5555555555555556,1341882093502.3,0.8284743534563713,-0.18816939798828505,85.34698575627164,False,False,False,False,False,46.992247114780525,False,False,False,False,False,37.0376387771843,False,False,False,False,False,37.12118619156979,False,False,False,False,False,68.55213977761093,False,False,False,False,False,20.225874631795424,False,False,False,False,False,70.56214164305167,False,False,False,False,False,23.99886842845232,False,False,False,False,False,54.59152669778723,False,False,False,False,False,2.7965726615157083,False,False,False,False,False,0.41724800628312014,0.7464661030734507,0.2187904196958209,2025-04-16
4985,86,25,2,111,20,6,0.8333333333333334,45,0,0,45,0,9,30,30,7,10,10,3,3,3,1,2,2,0.012209354993621841,0.039966837659362306,45,0.0446597653719288,0.07142721467385055,15,87.0,5,5,0,25,91,0,9,0,11,0,14,14,0.0030384875084401575,999336315869.9999,5130,5130,True,17.251755265797392,0.40120361083249745,14.376462721497827,20250417,86,25,2,0,20,0.3,0.7333333333333333,1321495866810.4,0.7562159980734761,-0.2794282318730276,100.0,False,True,False,False,False,5.787912399167715,False,False,False,False,False,100.0,False,True,False,False,False,74.84817518385574,False,False,False,False,False,100.0,False,True,False,False,False,90.00188604566982,False,False,False,False,False,100.0,False,True,False,False,False,4.79630624386276,False,False,False,False,False,0.0,True,False,False,False,False,0.0,True,False,False,False,False,0.5118272507252071,0.8701454476294763,0.0559508355653417,2025-04-17
4986,59,25,12,84,17,5,0.8333333333333334,86,1,0,85,0,9,65,66,3,9,9,4,7,7,1,4,4,0.012479692433161845,-0.0014060989701935856,85,0.02439728181019175,0.01639943438346057,20,65.9090909090909,11,11,0,17,59,3,12,5,13,5,19,19,-0.001101333608262478,914518304372.9999,5129,5129,True,11.833132771760932,2.406738868832732,9.860943976467443,20250418,59,25,12,0,17,0.13846153846153847,0.4,1298151041009.0,0.7044775804071166,-0.35029877156054184,37.914349741480116,False,False,False,False,False,6.923421319607577,False,False,False,False,False,1.9890563350153638,False,False,False,False,False,29.414521794427756,False,False,False,False,False,32.39158496973629,False,False,False,False,False,44.02156584205622,False,False,False,False,False,37.78063716801236,False,False,False,False,False,52.776717484702914,False,False,False,False,False,67.53077841436682,False,False,False,False,False,0.0,True,False,False,False,False,0.3465526862056952,0.6861393074081861,0.2526277448225622,2025-04-18
4987,100,26,11,126,17,6,1.0,59,0,0,59,0,9,42,42,3,9,9,2,3,3,3,5,5,0.014048732133522554,0.025225085012950184,59,0.022143589958850365,0.035773618926545674,17,75.625,8,8,0,24,107,1,10,1,9,3,16,16,0.014107883817427336,1041175315300.0,5129,5129,True,20.052135552436336,2.2057349107679967,20.052135552436336,20250421,100,26,11,0,17,0.21428571428571427,0.47058823529411764,1271811716080.75,0.8186552318518613,-0.2000922460884229,74.20861805577992,False,False,False,False,False,13.513920139584105,False,False,False,False,False,67.7809939196058,False,False,False,False,False,24.36117016018984,False,False,False,False,False,59.85563823507999,False,False,False,False,False,100.0,False,True,False,False,False,100.0,False,True,False,False,False,47.96790022232325,False,False,False,False,False,44.912670789405524,False,False,False,False,False,0.0,True,False,False,False,False,0.4006469793134034,0.8205134130885394,0.19347932741626156,2025-04-21
4983,80,25,12,105,23,6,1.0,100,2,0,98,0,15,81,83,3,9,9,2,3,3,3,5,5,0.019402754242197815,0.022270650596773998,98,0.01258861370913901,0.043053887501872085,17,90.0,5,5,0,20,77,4,19,1,9,1,14,14,0.0,1089829198735.9999,5127,5127,True,16.05458559100943,2.408187838651415,16.05458559100943,20250422,80,25,12,0,23,0.18518518518518517,0.47058823529411764,1246349314948.15,0.8744171362434925,-0.13419774459512954,69.91002584783337,False,False,False,False,False,36.00262860326458,False,False,False,False,False,60.48210834133556,False,False,False,False,False,2.9364776859970783,False,False,False,False,False,70.17584982871506,False,False,False,False,False,100.0,False,True,False,False,False,97.12236332742913,False,False,False,False,False,52.811382628334094,False,False,False,False,False,12.448446093599093,False,False,False,False,False,15.581450725384228,False,False,False,False,False,0.3942402016692442,0.795344063131617,0.10858241451271014,2025-04-22
4981,61,35,19,96,11,4,0.6666666666666666,80,0,0,80,0,6,57,57,4,15,15,1,3,3,0,5,5,0.0168680922196486,-0.011771875681246876,80,0.019309328479058245,-0.017311151076622483,23,25.0,5,5,0,29,79,3,9,3,8,5,20,20,0.004487658937920802,1229580677205.0002,5129,5129,True,12.246536839991968,3.814495081308974,8.164357893327978,20250423,61,35,19,0,11,0.10526315789473684,0.21739130434782608,1228321762948.15,1.001024905928418,0.0010243810709260118,0.0,True,False,False,False,False,25.35618857704366,False,False,False,False,False,0.0,True,False,False,False,False,18.006033422112544,False,False,False,False,False,0.0,True,False,False,False,False,26.745683322112818,False,False,False,False,False,25.535798602847574,False,False,False,False,False,86.455867094273,False,False,False,False,False,63.66662666051835,False,False,False,False,False,47.61305026865235,False,False,False,False,False,0.2686477645647946,0.6636055071478195,0.2425226350296597,2025-04-23
4980,52,30,11,82,15,5,0.8333333333333334,61,0,0,61,0,9,50,50,2,6,6,3,4,4,1,1,1,0.02641592964080895,0.015162457980881425,61,0.07355853779284532,0.048948246622405205,11,74.0909090909091,11,11,0,26,63,3,12,1,7,2,11,11,-0.008618832548396183,1108858257163.0,5129,5129,True,10.441767068273093,2.208835341365462,8.701472556894243,20250424,52,30,11,0,15,0.18,0.5454545454545454,1226900769402.35,0.903788052641901,-0.10116040112098557,81.19793788893418,False,False,False,False,False,65.46034352163754,False,False,False,False,False,42.92142590152899,False,False,False,False,False,100.0,False,True,False,False,False,78.53145274409889,False,False,False,False,False,32.21497834918216,False,False,False,False,False,68.19619511479742,False,False,False,False,False,48.042074901874074,False,False,False,False,False,44.133458931583164,False,False,False,False,False,23.407381215122335,False,False,False,False,False,0.41106411494495987,0.7421121243573849,0.1914416172338433,2025-04-24
4978,65,32,18,97,8,6,0.8333333333333334,52,0,0,52,0,5,37,37,1,9,9,0,2,2,2,4,4,0.017537087225505493,-0.0009584660044231239,52,0.03224790408896922,-0.007530751879068554,15,73.33333333333333,6,6,0,24,81,6,11,2,5,5,14,14,0.0015416303572842738,1113407389191.0,5128,5128,True,13.057452792286059,3.6159100040176777,10.881210660238382,20250425,65,32,18,0,8,0.13513513513513514,0.2,1224639889231.65,0.9091712584093287,-0.09522179945972105,0.0,True,False,False,False,False,28.16619446513971,False,False,False,False,False,3.0949268124006775,False,False,False,False,False,47.01761819761711,False,False,False,False,False,0.0,True,False,False,False,False,54.410668725195976,False,False,False,False,False,9.00641861455536,False,False,False,False,False,81.70491911830413,False,False,False,False,False,92.95282942652793,False,False,False,False,False,24.814125187853442,False,False,False,False,False,0.2781833138826899,0.633186996923968,0.31910873030218384,2025-04-25
4968,42,21,44,63,12,4,0.6666666666666666,65,1,0,64,0,9,56,57,2,5,5,1,1,1,0,2,2,0.00973551139718831,-0.007077986597480509,64,0.05349477770398452,0.011052931579159084,8,38.333333333333336,3,3,0,18,48,1,10,2,5,0,6,6,-0.013256327452974614,1056155076085.0,5122,5122,True,8.454106280193237,8.856682769726248,5.636070853462158,20250428,42,21,44,0,12,0.16071428571428573,0.375,1220791192765.8,0.8651398227179181,-0.14486414035276537,49.81659102632999,False,False,False,False,False,0.0,True,False,False,False,False,0.0,True,False,False,False,False,94.65852502388937,False,False,False,False,False,24.812600807894327,False,False,False,False,False,1.000812306436295,False,False,False,False,False,50.404962641758424,False,False,False,False,False,100.0,False,True,False,False,False,7.882616218339389,False,False,False,False,False,13.054780509280892,False,False,False,False,False,0.36429221805479606,0.7093714657688972,0.09664235234013567,2025-04-28
4937,61,27,26,88,6,4,0.6666666666666666,42,2,0,40,0,3,29,30,2,8,9,1,2,2,0,1,1,0.015994016663034117,0.020564728168770384,40,0.029945027694958014,0.013477381006207505,11,59.54545454545455,11,12,0,21,76,5,8,1,4,3,11,12,0.008009153318077944,1021926197584.0001,5096,5096,True,12.355681588008913,5.266356086692324,8.237121058672608,20250429,61,27,26,1,6,0.10344827586206896,0.2727272727272727,1217660385958.55,0.8392538751924111,-0.1752420256856336,18.012229690127775,False,False,False,False,False,21.684774830716044,False,False,False,False,False,56.26765276255219,False,False,False,False,False,41.853982280755616,False,False,False,False,False,28.249401363577842,False,False,False,False,False,27.486611182340777,False,False,False,False,False,25.97985697894097,False,False,False,False,False,100.0,False,True,False,False,False,68.0331977335464,False,False,False,False,False,5.858826051673838,False,False,False,False,False,0.31688984505954987,0.6644226941362457,0.2539416172338433,2025-04-29
4917,71,29,12,100,10,4,0.5,61,0,0,61,0,8,55,55,0,3,3,2,2,2,0,1,1,0.009352896267146351,0.016579274545414656,61,0.030748321620993318,0.008972299172789836,6,54.166666666666664,6,6,0,25,86,2,10,2,4,2,6,6,0.00679501698754259,1169124865087.9998,5097,5097,True,14.439699003457392,2.4405125076266017,7.219849501728696,20250430,71,29,12,1,10,0.14545454545454545,0.3333333333333333,1207691678480.7,0.9680656792789878,-0.03245534351247865,34.20389788941333,False,False,False,False,False,0.0,True,False,False,False,False,46.421649813525725,False,False,False,False,False,43.655172035906844,False,False,False,False,False,21.8631812280896,False,False,False,False,False,17.12800687496459,False,False,False,False,False,37.925698788893776,False,False,False,False,False,53.58471777887141,False,False,False,False,False,77.40912909677793,False,False,False,False,False,39.68232794497769,False,False,False,False,False,0.3410224942671334,0.6864062598529236,0.2784605341583175,2025-04-30
4921,98,25,2,123,18,5,0.6666666666666666,71,0,0,71,0,13,61,61,4,8,8,0,0,0,1,2,2,0.02708371228895982,0.0447998549700439,71,0.04156578570445717,0.06728190749808642,10,81.5,10,10,0,17,97,5,18,3,8,1,10,10,0.02472356814511123,1335983513583.0,5121,5121,True,19.91465149359886,0.406421459053038,13.276434329065907,20250506,98,25,2,1,18,0.21311475409836064,0.5,1209550682442.85,1.1045287584682286,0.09941878108386112,58.22270822151364,False,False,False,False,False,68.2652570962446,False,False,False,False,False,100.0,False,True,False,False,False,67.91068406251598,False,False,False,False,False,100.0,False,True,False,False,False,78.80059100669958,False,False,False,False,False,51.93883341836278,False,False,False,False,False,4.921138007560326,False,False,False,False,False,23.520835833717605,False,False,False,False,False,70.92084847837717,False,False,False,False,False,0.37682099983147266,0.7121942010398665,0.13753772504943285,2025-05-06
4923,64,49,0,113,22,6,0.8333333333333334,98,0,0,98,0,15,80,80,4,13,13,2,4,4,1,1,1,0.04093048717285103,0.03814768516778898,98,0.06413265368500137,0.05137363086717468,18,78.05555555555556,18,18,0,35,77,8,23,6,13,0,17,17,0.0037878787878788955,1468097676661.9998,5123,5123,True,13.000203128173878,0.0,10.833502606811566,20250507,64,50,0,1,22,0.1875,0.3888888888888889,1227634805166.65,1.1958749218280003,0.17887806964815645,59.00276304155847,False,False,False,False,False,100.0,False,True,False,False,False,99.70608231807542,False,False,False,False,False,100.0,False,True,False,False,False,81.96957845922988,False,False,False,False,False,53.92487037140321,False,False,False,False,False,0.0,True,False,False,False,False,0.0,True,False,False,False,False,0.0,True,False,False,False,False,89.74327194456447,False,False,False,False,False,0.37798362181106937,0.6052870832428145,0.048321176170067835,2025-05-07
4924,65,25,4,90,14,4,0.6666666666666666,64,0,0,64,0,8,42,42,4,15,15,2,4,4,0,3,3,0.014248960684959937,0.012670074538041334,64,0.022003171525822544,0.005584354224419905,22,51.42857142857143,7,7,0,21,72,2,10,2,8,5,21,21,0.008039234264782369,1293258508199.9998,5124,5124,True,13.200649878147848,0.8123476848090982,8.800433252098564,20250508,65,25,4,1,14,0.19047619047619047,0.2727272727272727,1244166706373.0,1.0394575755608446,0.038699015131804064,17.327302410106434,False,False,False,False,False,14.354947955304967,False,False,False,False,False,36.764030270452565,False,False,False,False,False,24.046316238347806,False,False,False,False,False,17.060568745733875,False,False,False,False,False,33.222668652333866,False,False,False,False,False,68.54864187027633,False,False,False,False,False,14.632514143943173,False,False,False,False,False,60.09971734927358,False,False,False,False,False,56.53746840831002,False,False,False,False,False,0.31586900461383294,0.7427607212946259,0.23319484137467278,2025-05-08
4925,33,27,6,60,12,4,0.6666666666666666,65,0,0,65,0,5,51,51,4,8,8,3,4,4,0,2,2,0.019021594248415537,0.0019557276389573666,65,0.05654399081965826,0.043392128207889555,14,72.14285714285714,14,14,1,17,38,6,11,4,11,2,14,14,-0.012008733624454093,1191885624786.0,5124,5124,True,6.7005076142131985,1.218274111675127,4.467005076142132,20250509,33,27,6,1,12,0.09803921568627451,0.5,1229475651364.05,0.9694259690817418,-0.031051167110053183,59.02106114167802,False,False,False,False,False,34.4016273738713,False,False,False,False,False,10.29439816959063,False,False,False,False,False,100.0,False,True,False,False,False,70.65532604852255,False,False,False,False,False,0.0,True,False,False,False,False,0.0,True,False,False,False,False,24.343895091679475,False,False,False,False,False,32.5745419268313,False,False,False,False,False,40.01495114542698,False,False,False,False,False,0.3780108939627659,0.6058820739345333,0.16121399346007856,2025-05-09
4927,50,28,0,78,8,5,0.8333333333333334,33,0,0,33,0,3,21,21,1,5,5,3,4,4,1,3,3,0.026147845120996945,0.022517479478748006,33,0.013788992543731384,0.026340318222199777,12,63.75,12,12,0,21,63,5,8,2,7,3,12,12,0.009833841980332325,1308275702702.0002,5124,5124,True,10.148163182463975,0.0,8.456802652053312,20250512,50,29,0,1,8,0.14285714285714285,0.4166666666666667,1207805654823.5,1.0831839522171987,0.07990480790475296,44.19781083304485,False,False,False,False,False,64.33429762804491,False,False,False,False,False,61.09189536421772,False,False,False,False,False,5.628033029679741,False,False,False,False,False,46.48337616975204,False,False,False,False,False,29.723570118144472,False,False,False,False,False,14.985026437947713,False,False,False,False,False,0.0,True,False,False,False,False,62.321067547346885,False,False,False,False,False,66.29835218723822,False,False,False,False,False,0.35591778438247984,0.6441892452435705,0.2390038750436172,2025-05-12
4928,48,29,1,77,11,5,0.6666666666666666,50,0,0,50,0,5,42,42,3,3,3,0,1,1,3,4,4,0.03909484422741172,0.017524440039284914,50,0.0725045226023654,0.07526350346321306,8,82.0,5,5,0,20,57,9,14,0,6,0,7,7,-0.0032021152984887946,1291365201974.0,5125,5125,True,9.74025974025974,0.20292207792207795,6.493506493506493,20250513,48,28,1,1,11,0.11904761904761904,0.75,1188255725753.05,1.0867738096995956,0.08321349973311822,94.71162376801388,False,False,False,False,False,100.0,False,True,False,False,False,48.75666688295757,False,False,False,False,False,100.0,False,True,False,False,False,100.0,False,True,False,False,False,9.731850202496139,False,False,False,False,False,47.53057400457964,False,False,False,False,False,0.052620261501937174,False,False,False,False,False,4.802980247490665,False,False,False,False,False,67.08211957098733,False,False,False,False,False,0.43120540222971876,0.7040818166586901,0.0885888229784577,2025-05-13
4929,61,22,0,83,17,6,0.8333333333333334,48,0,0,48,0,11,37,37,2,5,5,2,3,3,2,3,3,0.015529994767409244,0.04453785260040339,48,0.050410288383569424,0.05837025875728503,11,77.72727272727273,11,11,0,18,62,2,13,2,8,1,8,8,-0.0016012810248198228,1316599190494.0,5125,5125,True,12.375735443294785,0.0,10.31311286941232,20250514,61,22,0,1,17,0.2972972972972973,0.5454545454545454,1172364660867.6,1.123028725140572,0.11602925436111379,95.13436827363347,False,False,False,False,False,19.735725514209932,False,False,False,False,False,100.0,False,True,False,False,False,87.74231367989765,False,False,False,False,False,91.88771259408628,False,False,False,False,False,48.62588079625736,False,False,False,False,False,75.1289463933192,False,False,False,False,False,0.0,True,False,False,False,False,31.612197566881132,False,False,False,False,False,74.85555979592507,False,False,False,False,False,0.43183547596474015,0.7548702535669805,0.1586973750570379,2025-05-14
4929,50,21,4,71,20,7,0.8333333333333334,61,0,0,61,0,9,44,44,8,11,11,0,2,2,3,4,4,0.02300178987490131,0.024370539787840862,61,0.03831645821146484,0.05985588830031962,17,80.83333333333333,6,6,0,18,48,2,11,1,12,2,15,15,-0.01018675721561968,1152244602000.0,5124,5124,True,10.144045445323595,0.8115236356258876,8.45337120443633,20250515,50,21,4,1,20,0.20454545454545456,0.6470588235294118,1170770578926.45,0.9841762534352054,-0.015950278625117144,100.0,False,True,False,False,False,51.11979873282405,False,False,False,False,False,65.6698528547103,False,False,False,False,False,60.62486351561475,False,False,False,False,False,93.99368039942718,False,False,False,False,False,29.68862860442261,False,False,False,False,False,94.96982187408913,False,False,False,False,False,14.612799597148044,False,False,False,False,False,29.49216405889747,False,False,False,False,False,43.592069980931605,False,False,False,False,False,0.4395278933376138,0.7913828072192921,0.15315329378707462,2025-05-15
4929,57,35,3,92,15,8,0.8333333333333334,50,0,0,50,0,8,30,30,1,9,9,5,8,8,1,3,3,0.01940223886587129,0.018155931826161556,50,0.012219399312945179,0.011522897346587563,20,66.81818181818181,11,11,0,30,72,2,10,3,10,5,17,17,0.0022988505747127963,1089431294234.0,5125,5125,True,11.5642118076689,0.6086427267194157,9.636843173057416,20250516,57,35,3,1,15,0.26666666666666666,0.35,1164518785929.75,0.9355205836067296,-0.06665213072359445,40.324545480205174,False,False,False,False,False,36.00046384792345,False,False,False,False,False,50.31675779944354,False,False,False,False,False,2.108604890841093,False,False,False,False,False,25.47880509849765,False,False,False,False,False,41.73960727195383,False,False,False,False,False,46.95521136805706,False,False,False,False,False,9.759078176187208,False,False,False,False,False,76.31294149129519,False,False,False,False,False,31.58174685872885,False,False,False,False,False,0.35014492930062413,0.7030229944733521,0.2755939034427951,2025-05-16
4931,83,25,1,108,23,9,0.8333333333333334,57,0,0,57,0,17,42,42,2,8,8,0,1,1,4,6,6,0.02747722617890234,0.04425822709441648,57,0.013030508680808647,0.02708230285139052,15,70.0,7,7,0,19,79,3,20,3,9,4,14,14,0.00586510263929596,1086305187718.9999,5122,5122,True,16.832285540458326,0.20279862096937742,14.026904617048606,20250519,83,25,1,1,23,0.40476190476190477,0.4,1165138390552.95,0.9323400520718079,-0.07005766810477698,73.17326371832968,False,False,False,False,False,69.91814887885171,False,False,False,False,False,100.0,False,True,False,False,False,3.927318858857147,False,False,False,False,False,47.535183296542,False,False,False,False,False,86.44242931879154,False,False,False,False,False,68.31583908089407,False,False,False,False,False,0.049666678244059896,False,False,False,False,False,72.82673359329573,False,False,False,False,False,30.77503856978311,False,False,False,False,False,0.39910384967884605,0.7423323014728309,0.2664771513548154,2025-05-19
4937,75,36,8,111,27,4,0.6666666666666666,83,0,0,83,0,19,60,60,6,17,17,2,2,2,0,4,4,0.04114089166685325,0.03662150302403428,83,0.03967807074000637,0.021314016298052397,23,60.833333333333336,6,6,0,25,73,8,27,3,11,5,19,19,0.0062893081761006275,1169532981591.0,5128,5128,True,15.191411788535548,1.6204172574437918,10.127607859023698,20250520,75,36,8,1,27,0.31666666666666665,0.34782608695652173,1163867904947.45,1.0048674567100515,0.004855648943001189,69.00475130049955,False,False,False,False,False,100.0,False,True,False,False,False,95.93567239532544,False,False,False,False,False,63.677945902281216,False,False,False,False,False,39.35829570685574,False,False,False,False,False,46.736932868307576,False,False,False,False,False,49.41054558722722,False,False,False,False,False,33.964764849364585,False,False,False,False,False,67.53077841436682,False,False,False,False,False,48.52060617059383,False,False,False,False,False,0.3928909476690711,0.7075414706110961,0.2526277448225622,2025-05-20
4935,54,24,3,78,18,5,0.8333333333333334,75,0,0,75,0,6,48,48,9,19,19,1,6,6,2,2,2,0.034082054994566575,0.016699122677319954,75,0.05997022965479822,0.03592256174470812,27,68.51851851851852,27,27,0,13,49,5,11,6,18,5,27,27,-0.006559766763848396,1173260727530.0,5124,5124,True,10.94224924012158,0.6079027355623101,9.118541033434651,20250521,54,24,3,1,18,0.125,0.4444444444444444,1172377738233.5,1.000753161091092,0.0007528776076076811,53.38718655985387,False,False,False,False,False,97.66066967407131,False,False,False,False,False,46.71773281227388,False,False,False,False,False,100.0,False,True,False,False,False,60.06677349511672,False,False,False,False,False,36.461875146868294,False,False,False,False,False,25.773219716229406,False,False,False,False,False,9.741374633010455,False,False,False,False,False,43.37982995281379,False,False,False,False,False,47.54873616200164,False,False,False,False,False,0.3696139630666225,0.6640424259293999,0.18947080861692164,2025-05-21
4933,40,30,12,70,13,4,0.6666666666666666,54,0,0,54,0,6,36,36,2,6,6,5,9,9,0,3,3,0.021922983443091907,0.016286352951890713,54,0.04715464380580994,0.03955971235157097,18,65.83333333333333,12,12,0,20,47,5,11,5,12,3,16,16,-0.013468013468013518,1102519969687.0,5120,5120,True,8.108655990269613,2.4325967970808837,5.4057706601797415,20250522,40,30,12,0,13,0.16666666666666666,0.3888888888888889,1185314859391.35,0.9301494543425664,-0.07241000215211739,31.628015986062984,False,False,False,False,False,46.58844588420687,False,False,False,False,False,45.697991443304396,False,False,False,False,False,80.44232861861849,False,False,False,False,False,65.22264974780839,False,False,False,False,False,0.0,True,False,False,False,False,0.0,True,False,False,False,False,53.3953423761045,False,False,False,False,False,44.912670789405524,False,False,False,False,False,30.21781450733577,False,False,False,False,False,0.3371833065065752,0.6083747437104527,0.19347932741626156,2025-05-22
4936,42,31,10,73,10,5,0.6666666666666666,40,0,0,40,0,7,27,27,2,6,6,0,2,2,1,5,5,0.028593412062782347,0.008334687093259616,40,0.05590462860246963,-0.008885245936146249,13,47.30769230769231,13,13,0,25,57,2,9,4,7,5,13,13,-0.011885862940269443,1155386222227.0002,5122,5122,True,8.508914100486223,2.025931928687196,5.6726094003241485,20250523,42,31,10,0,10,0.25925925925925924,0.23076923076923078,1188382092110.7,0.9722346288262428,-0.02815811596969704,19.279407059024013,False,False,False,False,False,74.60650810194498,False,False,False,False,False,26.053521103731526,False,False,False,False,False,100.0,False,True,False,False,False,0.0,True,False,False,False,False,1.3728745609309911,False,False,False,False,False,0.01908027647980152,False,False,False,False,False,43.66629495851531,False,False,False,False,False,99.73204302977088,False,False,False,False,False,40.70026100229862,False,False,False,False,False,0.3187784921434069,0.616647874263856,0.3368369930967496,2025-05-23
4934,61,25,1,86,10,4,0.6666666666666666,42,0,0,42,0,6,32,32,3,7,7,1,2,2,0,1,1,0.01038889430708322,0.025053614177850653,42,0.02563440636561848,0.04828052539626596,10,77.0,10,10,0,22,73,2,8,1,5,0,9,9,0.007504449987340789,1009772622666.0,5120,5120,True,12.363194162950952,0.20267531414673692,8.2421294419673,20250526,61,25,1,0,10,0.1875,0.4,1191659943285.25,0.8473664222380334,-0.16562206602833107,51.7488497457572,False,False,False,False,False,0.0,True,False,False,False,False,67.3573778127295,False,False,False,False,False,32.18847041131634,False,False,False,False,False,77.58491838646917,False,False,False,False,False,27.537610210491376,False,False,False,False,False,68.01513278099812,False,False,False,False,False,0.04671668669667026,False,False,False,False,False,0.0,True,False,False,False,False,8.13761507268138,False,False,False,False,False,0.3671721264916728,0.7417789209065762,0.07593327683867802,2025-05-26
4935,62,26,1,88,21,5,0.8333333333333334,61,0,0,61,0,13,51,51,4,6,6,3,3,3,1,1,1,0.029667426971588105,0.039841335712430065,61,0.05337174282217165,0.09803347664124444,10,95.0,10,10,0,22,63,4,17,0,8,0,10,10,0.0,998754226551.9999,5120,5120,True,12.563323201621074,0.20263424518743667,10.469436001350896,20250527,62,26,1,0,21,0.2549019607843137,0.8,1180669540558.3,0.8459219046844569,-0.16732823488454607,100.0,False,True,False,False,False,79.1177349290892,False,False,False,False,False,100.0,False,True,False,False,False,94.38264945522754,False,False,False,False,False,100.0,False,True,False,False,False,50.21767745742238,False,False,False,False,False,100.0,False,True,False,False,False,0.045734153206621116,False,False,False,False,False,0.0,True,False,False,False,False,7.733455492388719,False,False,False,False,False,0.501450180461847,0.8044287951084589,0.07087105838276615,2025-05-27
4936,57,25,6,82,17,5,0.8333333333333334,62,0,0,62,0,9,41,41,6,13,13,1,4,4,1,4,4,0.038262042258243846,0.0222971729510554,62,0.037232491026763924,0.030737847754189425,21,59.375,8,8,0,18,58,6,15,1,9,1,20,20,-0.005394470940101759,1009750764549.0,5118,5118,True,11.54781199351702,1.2155591572123177,9.623176661264184,20250528,57,25,6,0,17,0.21951219512195122,0.38095238095238093,1175164339027.75,0.8592421766171003,-0.15170446819082098,42.40639002462067,False,False,False,False,False,100.0,False,True,False,False,False,60.547631416786615,False,False,False,False,False,58.19433276625414,False,False,False,False,False,52.717134552403124,False,False,False,False,False,41.60044483596331,False,False,False,False,False,68.09161945429409,False,False,False,False,False,24.278942540431068,False,False,False,False,False,2.4832953274924354,False,False,False,False,False,11.434434423357262,False,False,False,False,False,0.3532477858733223,0.7419196769818367,0.0825226350296597,2025-05-28
4937,106,16,5,122,23,6,1.0,57,0,0,57,0,13,40,40,5,9,9,3,6,6,2,2,2,0.018233347148315083,0.04062335512420553,57,0.025161027996974315,0.04730914606529036,17,85.625,8,8,0,13,96,2,15,1,11,3,16,16,0.013227513227513255,1185231081846.0,5121,5121,True,21.47052866113024,1.0127607859023697,21.47052866113024,20250529,106,16,5,0,23,0.325,0.5882352941176471,1169981507795.65,1.0130340299814495,0.01294981797125825,100.0,False,True,False,False,False,31.09072225026755,False,False,False,False,False,100.0,False,True,False,False,False,31.12703543679794,False,False,False,False,False,76.20793069300315,False,False,False,False,False,100.0,False,True,False,False,False,100.0,False,True,False,False,False,19.427195748342125,False,False,False,False,False,44.912670789405524,False,False,False,False,False,50.437963849091986,False,False,False,False,False,0.47054687797513484,0.8454815098769868,0.19347932741626156,2025-05-29
4938,41,23,16,64,16,4,0.6666666666666666,106,0,0,106,0,12,83,83,2,13,13,2,5,5,0,5,5,0.02236189228038867,-0.005045910821535376,106,0.03472963525735252,-0.016619123130393428,23,25.0,5,5,0,14,39,4,16,5,9,9,21,21,-0.013859644456659381,1138815953051.0,5119,5119,True,8.302956662616445,3.240178209801539,5.535304441744296,20250530,41,23,16,0,16,0.14457831325301204,0.17391304347826086,1176435308083.7,0.9680225892794919,-0.032499855945308034,0.0,True,False,False,False,False,48.43201183962316,False,False,False,False,False,0.0,True,False,False,False,False,52.58229211167708,False,False,False,False,False,0.0,True,False,False,False,False,0.0,True,False,False,False,False,4.2437732767904714,False,False,False,False,False,72.71591434721626,False,False,False,False,False,100.0,False,True,False,False,False,39.67178377984152,False,False,False,False,False,0.25752592920784273,0.6244224470133244,0.3870409952208266,2025-05-30
4937,68,31,7,99,15,5,0.8333333333333334,41,2,0,39,0,9,23,25,3,12,12,2,2,2,1,2,2,0.03755982213802742,0.04471188692499913,39,0.041403165693812666,0.0481516626589336,16,70.625,16,16,0,23,76,3,12,5,11,1,16,16,0.004545454545454408,1141194832480.0,5115,5115,True,13.77354668827223,1.4178651002633178,11.477955573560193,20250603,68,31,7,0,15,0.391304347826087,0.375,1182279795857.05,0.9652493736922342,-0.03536879269349607,91.62221326359034,False,False,False,False,False,100.0,False,True,False,False,False,100.0,False,True,False,False,False,67.54604854410601,False,False,False,False,False,77.4022478294636,False,False,False,False,False,60.48716264399818,False,False,False,False,False,24.436368490561488,False,False,False,False,False,29.118908482357103,False,False,False,False,False,8.49402118641391,False,False,False,False,False,38.992186172717126,False,False,False,False,False,0.4266008328274896,0.6615822596857446,0.09824123217816631,2025-06-03
4943,71,34,2,105,19,5,0.6666666666666666,68,1,0,67,0,14,52,53,4,9,9,0,3,3,1,3,3,0.029506057242929925,0.029637120010104767,67,0.029640003795696,0.027578601701441264,15,55.833333333333336,6,6,0,27,79,3,17,4,9,2,14,14,0.007485029940119903,1152852725771.9998,5121,5121,True,14.36374671252276,0.4046125834513453,9.575831141681839,20250604,71,34,2,0,19,0.2692307692307692,0.3333333333333333,1180883294226.65,0.9762630493701691,-0.024023211085137147,39.5988473433999,False,False,False,False,False,78.43992734649127,False,False,False,False,False,78.68085970617969,False,False,False,False,False,41.17004094294588,False,False,False,False,False,48.23871629030547,False,False,False,False,False,41.118338067389146,False,False,False,False,False,34.49567513336246,False,False,False,False,False,4.877862480537541,False,False,False,False,False,32.5745419268313,False,False,False,False,False,41.67974284936571,False,False,False,False,False,0.34906332249207483,0.6800940926870811,0.16121399346007856,2025-06-04
4943,66,25,5,91,12,4,0.6666666666666666,71,1,0,70,0,8,51,52,3,14,14,1,4,4,0,1,1,0.024535983302254778,0.004047760776010832,70,0.029502547656071083,0.004928370868925473,19,51.31578947368421,19,19,0,17,71,5,13,3,7,6,18,18,0.0005184033177814129,1290192023370.0,5123,5123,True,13.352215253894396,1.0115314586283632,8.901476835929596,20250605,66,25,5,0,12,0.1568627450980392,0.21052631578947367,1171726754836.1,1.1011031522878136,0.0963125429866513,0.0,True,False,False,False,False,57.563931389419245,False,False,False,False,False,15.462734420244573,False,False,False,False,False,40.861829238051016,False,False,False,False,False,16.130673514457776,False,False,False,False,False,34.25156845353274,False,False,False,False,False,24.7384858905677,False,False,False,False,False,19.397785331386793,False,False,False,False,False,88.35684861774178,False,False,False,False,False,70.1850386075755,False,False,False,False,False,0.28893279796327836,0.6621382370561845,0.3070898206844127,2025-06-05
4945,50,30,4,80,12,5,0.8333333333333334,66,0,0,66,0,5,54,54,5,8,8,1,3,3,1,1,1,0.0173827385352634,0.015291023248292446,66,0.05081419348649813,0.07823044284364923,12,86.25,12,12,0,25,63,4,9,1,8,0,12,12,0.0,1151842137609.0,5126,5126,True,10.111223458038422,0.8088978766430738,8.426019548365351,20250606,50,30,4,0,12,0.09259259259259259,0.5833333333333334,1162831472171.5,0.9905495036679922,-0.009495435629018759,74.17295252075185,False,False,False,False,False,27.517877624799997,False,False,False,False,False,43.23904445181222,False,False,False,False,False,88.64797188279124,False,False,False,False,False,100.0,False,True,False,False,False,29.41011400283297,False,False,False,False,False,52.78429157314575,False,False,False,False,False,14.549980957928327,False,False,False,False,False,0.0,True,False,False,False,False,45.12110189747094,False,False,False,False,False,0.4005938221071761,0.7137500717103527,0.06253328680832308,2025-06-06
4943,67,37,2,104,14,6,0.8333333333333334,50,0,0,50,0,9,38,38,0,5,5,3,5,5,2,2,2,0.02054891532976203,0.031540184125828596,50,0.022397746489322485,0.0418511536904694,12,87.14285714285714,7,7,0,33,86,4,13,0,5,0,11,11,0.007881773399014858,1286224871812.0,5122,5122,True,13.554521545620068,0.4046125834513453,11.295434621350056,20250609,67,37,2,1,14,0.23684210526315788,0.4166666666666667,1155760653641.95,1.1128816920345408,0.10695277017861525,54.691172213691615,False,False,False,False,False,40.81689384674977,False,False,False,False,False,83.38235084530537,False,False,False,False,False,24.93105389023443,False,False,False,False,False,68.47090346635667,False,False,False,False,False,58.62860058272297,False,False,False,False,False,81.05362965923037,False,False,False,False,False,4.877862480537541,False,False,False,False,False,0.0,True,False,False,False,False,72.70550997854092,False,False,False,False,False,0.37155747055260074,0.7657732661799672,0.06644161723384327,2025-06-09
4947,45,30,2,75,16,7,0.8333333333333334,67,1,0,66,0,10,53,53,4,9,9,0,0,0,2,4,5,0.029999934568810595,0.02973311661132597,66,0.03892530334603665,0.06272044687491704,13,87.5,4,5,0,20,49,8,18,2,8,0,11,12,-0.010599078341013812,1415179821795.0,5128,5128,True,9.096422073984234,0.4042854255104103,7.5803517283201955,20250610,45,30,2,1,16,0.18867924528301888,0.46153846153846156,1160477615993.25,1.219480498625345,0.19842494725884588,45.38928204533168,False,False,False,False,False,80.51437959437348,False,False,False,False,False,78.91801785881292,False,False,False,False,False,61.99004951207429,False,False,False,False,False,98.0543617199486,False,False,False,False,False,20.798904671820328,False,False,False,False,False,27.969220341409915,False,False,False,False,False,4.870035556286695,False,False,False,False,False,0.0,True,False,False,False,False,94.37356268184469,False,False,False,False,False,0.3576935962662931,0.6680836584206338,0.06644161723384327,2025-06-10
4950,51,32,6,83,10,6,0.8333333333333334,45,0,0,45,0,4,29,29,3,10,10,2,4,4,1,2,2,0.03243628593542559,0.021294670381206568,45,0.029968576356105746,0.03801956189814765,16,77.5,6,6,0,25,66,5,9,2,8,1,14,14,0.0034482758620690834,1255274233469.0,5131,5131,True,10.303030303030303,1.2121212121212122,8.585858585858587,20250611,50,32,6,3,10,0.13793103448275862,0.375,1165822821947.9,1.0767281355597769,0.07392693878796372,40.61367363912952,False,False,False,False,False,90.7478815274559,False,False,False,False,False,58.07096396761751,False,False,False,False,False,41.906784381994164,False,False,False,False,False,63.03939532513084,False,False,False,False,False,31.037712190320267,False,False,False,False,False,22.03300329630784,False,False,False,False,False,24.196693166536164,False,False,False,False,False,12.448446093599093,False,False,False,False,False,64.88230648667036,False,False,False,False,False,0.3505758563891414,0.6571594205481099,0.10858241451271014,2025-06-11
4950,64,20,0,84,18,7,0.8333333333333334,51,0,0,51,0,13,41,41,2,4,4,2,3,3,1,3,3,0.03290637639872046,0.036772843387571766,51,0.04624246440083184,0.04757737015151906,10,74.16666666666667,6,6,0,13,59,6,19,1,6,1,9,9,-0.001482924542263675,1271629894239.0,5131,5131,True,12.929292929292929,0.0,10.774410774410775,20250612,64,19,0,3,18,0.325,0.5,1164018273522.65,1.0924483946379009,0.08842141084257046,90.0492958107895,False,False,False,False,False,92.72242088609342,False,False,False,False,False,96.30955647641586,False,False,False,False,False,78.39698986295821,False,False,False,False,False,76.58815421027435,False,False,False,False,False,53.32315403965353,False,False,False,False,False,75.1671597548675,False,False,False,False,False,0.0,True,False,False,False,False,27.277539495543518,False,False,False,False,False,68.31577658009903,False,False,False,False,False,0.4242564996399677,0.7549405764423556,0.14736184826724946,2025-06-12
4951,56,15,10,71,8,5,0.6666666666666666,64,0,0,64,0,3,46,46,4,13,13,0,2,2,1,3,3,0.008409162659716316,-0.025348642692584272,64,0.018464302954895165,-0.02339290966796942,18,33.0,5,5,0,11,59,2,5,2,7,10,17,17,-0.019696117051209994,1467064743460.0,5131,5131,True,11.310846293678045,2.0197939810139367,7.540564195785363,20250613,56,15,9,3,8,0.06521739130434782,0.2777777777777778,1161769808709.9,1.2627843592261347,0.23331909183637825,0.0,True,False,False,False,False,0.0,True,False,False,False,False,0.0,True,False,False,False,False,16.11127078588051,False,False,False,False,False,0.0,True,False,False,False,False,20.39375886480165,False,False,False,False,False,53.90768554269558,False,False,False,False,False,43.5194507420584,False,False,False,False,False,100.0,False,True,False,False,False,100.0,False,True,False,False,False,0.2859113656155694,0.7158174191228006,0.5028666307155224,2025-06-13
4957,55,24,4,79,17,4,0.5,56,0,0,56,0,16,48,48,0,3,3,1,4,4,0,1,1,0.02334555477265351,0.045899504440473304,56,-0.022478805424226755,0.040288695808681815,8,70.625,8,8,0,15,53,4,20,5,6,1,7,7,0.005102040816326481,1214911232977.0002,5134,5134,True,11.095420617308857,0.806939681258826,5.547710308654429,20250616,55,24,3,4,17,0.3333333333333333,0.125,1177510815782.9,1.031762270624439,0.03126828260085423,20.68151756392656,False,False,False,False,False,52.56372787780643,False,False,False,False,False,100.0,False,True,False,False,False,0.0,True,False,False,False,False,66.25602694369105,False,False,False,False,False,0.10106050093298174,False,False,False,False,False,0.0,True,False,False,False,False,14.503133105490265,False,False,False,False,False,36.66929865010833,False,False,False,False,False,54.777266462273985,False,False,False,False,False,0.3208682484642889,0.5893067202404588,0.17192215631179106,2025-06-16
4963,45,25,8,70,9,3,0.5,55,0,0,55,0,4,38,38,5,16,16,0,0,0,0,1,1,0.01989461245652454,0.014686722902460255,55,0.01638486154987979,0.033760134647209894,17,64.70588235294117,17,17,0,20,56,3,7,2,7,3,17,17,-0.0016103059581320522,1207077372707.0,5139,5139,True,9.067096514205119,1.611928269192021,4.533548257102559,20250617,45,25,6,5,9,0.10526315789473684,0.29411764705882354,1183784812720.05,1.0196763463567582,0.01948526945013091,0.0,True,False,False,False,False,38.0685998979175,False,False,False,False,False,41.74612957951428,False,False,False,False,False,11.448633071641972,False,False,False,False,False,57.00140509955705,False,False,False,False,False,0.0,True,False,False,False,False,32.936477043450175,False,False,False,False,False,33.761674354837574,False,False,False,False,False,41.54968505207594,False,False,False,False,False,51.986090411772246,False,False,False,False,False,0.27236738347817047,0.6772247483394649,0.1846848125337042,2025-06-17
4963,40,21,10,61,11,4,0.6666666666666666,45,0,0,45,0,5,36,36,1,4,4,5,5,5,0,0,0,0.023601728401797712,0.009190396187828893,45,0.03298865869191511,0.05575026262605546,9,76.66666666666667,9,9,0,12,41,7,12,2,8,2,9,9,-0.005840363400389403,1190925847746.0,5139,5139,True,8.059641345960106,2.0149103364900265,5.373094230640071,20250618,41,21,9,5,11,0.1388888888888889,0.6666666666666666,1189823421969.45,1.000926545700979,0.0009261167224693985,69.46463174623659,False,False,False,False,False,53.63974399148146,False,False,False,False,False,28.16753749053967,False,False,False,False,False,48.67857884808842,False,False,False,False,False,88.17371301164889,False,False,False,False,False,0.0,True,False,False,False,False,24.979481752652365,False,False,False,False,False,43.4026144652208,False,False,False,False,False,54.59152669778723,False,False,False,False,False,47.58977327723073,False,False,False,False,False,0.39357637015536495,0.6625817343379894,0.2187904196958209,2025-06-18
4963,34,21,14,55,8,5,0.6666666666666666,40,0,0,40,0,5,29,29,1,5,5,0,1,1,2,5,5,0.026286482655518063,0.023926460687250083,40,0.03672115652441488,0.022370429881610532,11,63.63636363636363,11,11,0,12,38,4,9,5,8,2,11,11,-0.018433179723502335,1250504302028.0,5138,5138,True,6.85069514406609,2.8208744710860367,4.5671300960440595,20250619,34,21,13,5,8,0.16666666666666666,0.2727272727272727,1190893065277.2,1.050055910550562,0.04884341089519234,16.87156287180142,False,False,False,False,False,64.91662228653242,False,False,False,False,False,64.572762147546,False,False,False,False,False,57.047790464319725,False,False,False,False,False,40.85582448617299,False,False,False,False,False,0.0,True,False,False,False,False,0.0,True,False,False,False,False,62.684494685987225,False,False,False,False,False,44.133458931583164,False,False,False,False,False,58.94048656159474,False,False,False,False,False,0.3151897538860774,0.5749695051357948,0.1914416172338433,2025-06-19
4963,44,14,14,58,8,6,0.8333333333333334,34,0,0,34,0,4,26,26,2,5,5,1,1,1,1,2,2,0.024357633940108675,0.008183346235137856,34,0.026816459765072187,0.01550848271487465,8,60.625,8,8,0,11,47,3,7,0,4,2,6,6,-0.005882352941176339,1067586956494.0001,5140,5140,True,8.865605480556116,2.8208744710860367,7.388004567130097,20250620,44,14,14,5,8,0.15384615384615385,0.5,1194755244002.1,0.8935612225629399,-0.11254042679389924,68.24166037893025,False,False,False,False,False,56.814803588193286,False,False,False,False,False,25.67963580077814,False,False,False,False,False,34.83893545795995,False,False,False,False,False,31.12860824787866,False,False,False,False,False,18.840284951437063,False,False,False,False,False,80.50090943781458,False,False,False,False,False,62.684494685987225,False,False,False,False,False,77.40912909677793,False,False,False,False,False,20.71166538199677,False,False,False,False,False,0.39175360929867786,0.7647561121355945,0.2784605341583175,2025-06-20
4960,72,19,0,91,17,7,1.0,44,0,0,44,0,11,36,36,3,4,4,1,2,2,2,2,2,0.017470125871994605,0.04295162923705676,44,0.041198332892771264,0.09883871425730814,8,93.75,4,4,0,19,74,0,11,0,6,0,7,7,0.012913648444421222,1122457004965.0002,5135,5135,True,14.516129032258066,0.0,14.516129032258066,20250623,71,18,0,6,17,0.3055555555555556,0.75,1193008593342.45,0.940862464217642,-0.06095830925265078,100.0,False,True,False,False,False,27.884934073069267,False,False,False,False,False,100.0,False,True,False,False,False,67.08676118888394,False,False,False,False,False,100.0,False,True,False,False,False,91.42407074980396,False,False,False,False,False,100.0,False,True,False,False,False,0.0,True,False,False,False,False,4.802980247490665,False,False,False,False,False,32.930506969766746,False,False,False,False,False,0.47913349024415985,0.8590330166725724,0.0885888229784577,2025-06-23
4962,72,21,18,93,15,6,0.8333333333333334,72,1,0,71,0,7,54,55,5,11,11,2,3,3,1,3,3,0.005572235832822286,0.01522100876292475,71,0.007690732268577031,0.023955687877582954,17,58.333333333333336,3,3,0,21,78,0,7,0,8,3,15,15,0.018498773631477783,1414273284144.0,5139,5139,True,14.510278113663846,3.6275695284159615,12.091898428053206,20250624,71,21,18,6,14,0.11320754716981132,0.47058823529411764,1191362132479.35,1.1871061246514092,0.17151851740311122,62.28342449419302,False,False,False,False,False,0.0,True,False,False,False,False,43.066074723757914,False,False,False,False,False,0.0,True,False,False,False,False,43.10302152013733,False,False,False,False,False,66.73877860005581,False,False,False,False,False,100.0,False,True,False,False,False,81.98386149703852,False,False,False,False,False,48.611955100468066,False,False,False,False,False,87.99993128067618,False,False,False,False,False,0.38287323855906846,0.856073548358278,0.20315329378707464,2025-06-24
4963,66,23,4,89,21,7,1.0,72,0,0,72,0,13,57,57,3,7,7,2,5,5,3,3,3,0.030305302843768853,0.035401743184675157,72,0.0369532207252397,0.05378106191651147,15,90.625,8,8,0,20,65,2,15,1,9,2,14,14,0.006125574272588086,1602535198296.0,5140,5140,True,13.298408220834173,0.8059641345960105,13.298408220834173,20250625,66,23,2,7,21,0.22807017543859648,0.5714285714285714,1211587165553.25,1.3226742935694853,0.2796556670454661,87.49876335425661,False,False,False,False,False,81.79702990290806,False,False,False,False,False,92.92227414498478,False,False,False,False,False,57.568137559592856,False,False,False,False,False,85.38225445726182,False,False,False,False,False,79.0243452720841,False,False,False,False,False,100.0,False,True,False,False,False,14.479794134071138,False,False,False,False,False,32.5745419268313,False,False,False,False,False,100.0,False,True,False,False,False,0.42045509361382516,0.8024116276369384,0.16121399346007856,2025-06-25
4965,63,24,4,87,21,5,0.8333333333333334,66,0,0,66,0,14,45,45,5,13,13,1,3,3,1,5,5,0.03592797996637422,0.03342104918615979,66,0.04029483201452448,0.01492561886511042,21,60.0,5,5,0,16,58,5,19,3,10,5,18,18,-0.0055205047318612754,1582954740261.9998,5142,5142,True,12.688821752265861,0.8056394763343404,10.574018126888218,20250626,63,23,1,8,21,0.3111111111111111,0.3333333333333333,1241776214140.45,1.274750411738005,0.24275040394817696,48.053484227487914,False,False,False,False,False,100.0,False,True,False,False,False,88.02899955355174,False,False,False,False,False,65.06088190245609,False,False,False,False,False,30.302364243607443,False,False,False,False,False,51.28260928282403,False,False,False,False,False,55.378090017312395,False,False,False,False,False,14.47202701212924,False,False,False,False,False,71.73094336420213,False,False,False,False,False,100.0,False,True,False,False,False,0.3616644197718595,0.7185233593078535,0.2636115598148475,2025-06-26
4965,54,35,3,89,9,4,0.6666666666666666,63,0,0,63,0,5,42,42,2,14,14,2,5,5,0,2,2,0.01815732461993197,-0.0014204560798500218,63,0.03808080439033329,0.01371491595678546,21,48.57142857142857,7,7,1,26,71,4,9,5,9,4,20,20,0.0035335689045936647,1540935604287.0002,5138,5138,True,10.876132930513595,0.6042296072507553,7.2507552870090635,20250627,54,35,3,7,9,0.11904761904761904,0.19047619047619047,1270436412926.1,1.2129183236631889,0.19302929353426396,0.0,True,False,False,False,False,30.771401850990614,False,False,False,False,False,1.9535873125712528,False,False,False,False,False,60.09646757656001,False,False,False,False,False,28.58612121470479,False,False,False,False,False,17.44271222413392,False,False,False,False,False,0.0,True,False,False,False,False,9.653498737423105,False,False,False,False,False,48.37079382726186,False,False,False,False,False,93.09543294879511,False,False,False,False,False,0.2690866571280601,0.582826067369631,0.2025226350296597,2025-06-27
4963,78,20,6,98,14,5,0.8333333333333334,54,0,0,54,0,7,45,45,4,5,5,1,2,2,2,2,2,0.027914341961165424,0.04245246724417783,54,0.03946423152736706,0.10389241472446534,9,94.44444444444444,9,9,0,16,80,4,11,0,7,0,9,9,0.008658008658008587,1486636853932.0,5138,5138,True,15.716300624622203,1.2089462018940156,13.09691718718517,20250630,78,20,5,7,14,0.15555555555555556,0.7777777777777778,1288221639048.15,1.1540225756729692,0.14325373086939863,100.0,False,True,False,False,False,71.75418339508204,False,False,False,False,False,100.0,False,True,False,False,False,63.19846387637257,False,False,False,False,False,100.0,False,True,False,False,False,76.97261594297115,False,False,False,False,False,99.50279616362359,False,False,False,False,False,24.120734244454354,False,False,False,False,False,0.0,True,False,False,False,False,81.3045305171966,False,False,False,False,False,0.4600496400110418,0.799724700555178,0.07593327683867802,2025-06-30
4963,66,32,5,98,14,4,0.6666666666666666,78,0,0,78,0,12,64,64,1,7,7,1,4,4,0,3,3,0.0362880870050389,0.025992458715279457,78,0.045601913006952446,-0.0061726119276846615,14,53.57142857142857,7,7,0,18,70,10,22,4,6,3,12,12,0.0,1465804681360.0002,5137,5137,True,13.298408220834173,1.0074551682450132,8.865605480556114,20250701,64,32,5,7,14,0.1875,0.14285714285714285,1305612684092.2,1.1226948843402074,0.11573194190341476,0.0,True,False,False,False,False,100.0,False,True,False,False,False,69.67677905479391,False,False,False,False,False,76.96071035067831,False,False,False,False,False,0.3943733803404066,False,False,False,False,False,33.88630003159881,False,False,False,False,False,0.0,True,False,False,False,False,19.30026418926275,False,False,False,False,False,62.321067547346885,False,False,False,False,False,74.78513201986897,False,False,False,False,False,0.2706244593048801,0.5779800444745453,0.2390038750436172,2025-07-01
4962,59,24,8,83,12,5,0.6666666666666666,66,0,0,66,0,4,52,52,7,12,12,0,1,1,1,1,1,0.021631187552905752,-0.0014075215628362111,66,0.058071229911974616,0.03536955248164581,14,67.85714285714286,14,14,0,21,68,2,6,1,9,3,14,14,-0.005355078216142672,1376726700191.0,5136,5136,True,11.89036678758565,1.6122531237404274,7.926911191723766,20250702,59,24,8,7,12,0.08,0.5714285714285714,1321843176536.2,1.0415204501025745,0.04068161676623081,66.56264734565517,False,False,False,False,False,45.36280419425871,False,False,False,False,False,1.9855418413897274,False,False,False,False,False,100.0,False,True,False,False,False,59.2828501344614,False,False,False,False,False,24.32782703858629,False,False,False,False,False,77.04844052388981,False,False,False,False,False,33.76944617274196,False,False,False,False,False,52.70063776006351,False,False,False,False,False,57.00710975801503,False,False,False,False,False,0.38925114741221356,0.7584026396502299,0.21384557240744698,2025-07-02
4964,62,18,3,80,14,6,0.8333333333333334,59,0,0,59,0,9,47,47,2,4,4,2,7,7,1,1,1,0.026718004803358886,0.014713696077201228,59,0.029651974073714588,0.022746142432928912,12,62.5,12,12,0,13,61,4,13,1,6,3,11,11,0.0028400129050759615,1309586711659.0,5136,5136,True,12.489927477840451,0.6043513295729251,10.408272898200376,20250703,61,16,3,7,14,0.19148936170212766,0.4166666666666667,1333036875257.15,0.9824084659371285,-0.017748104019378493,59.248443436609996,False,False,False,False,False,66.72916164132687,False,False,False,False,False,41.81276640009799,False,False,False,False,False,41.196881357686486,False,False,False,False,False,41.38841926449356,False,False,False,False,False,49.59486992936093,False,False,False,False,False,76.89204609123787,False,False,False,False,False,9.656410821392512,False,False,False,False,False,68.0331977335464,False,False,False,False,False,43.16619867626128,False,False,False,False,False,0.37834979277739517,0.7581148317801255,0.2539416172338433,2025-07-03
4963,39,25,10,64,10,4,0.6666666666666666,62,0,0,62,0,7,48,48,1,9,9,2,2,2,0,3,3,0.02394451128506999,0.005953150873741619,62,0.03289710735408046,-0.030086179001331932,14,47.0,5,5,1,16,45,5,12,4,7,8,13,13,-0.009756097560975618,1428364851324.0,5137,5137,True,7.858150312311102,2.0149103364900265,5.2387668748740674,20250704,38,25,10,6,10,0.14893617021276595,0.21428571428571427,1334006609671.6,1.070732964115994,0.06834342715188643,15.989845078392282,False,False,False,False,False,55.07954834263634,False,False,False,False,False,20.169971862768605,False,False,False,False,False,48.47329741070467,False,False,False,False,False,0.0,True,False,False,False,False,0.0,True,False,False,False,False,0.0,True,False,False,False,False,43.4026144652208,False,False,False,False,False,100.0,False,True,False,False,False,63.55967671812427,False,False,False,False,False,0.3138756097258502,0.5926477948194866,0.5035036597634162,2025-07-04
4962,69,11,3,80,13,3,0.5,39,0,0,39,0,8,29,29,5,7,7,0,1,1,0,2,2,0.019305540768532855,0.03732753702410896,39,0.04092743872307621,0.06633492732982985,10,81.5,10,10,0,9,65,1,9,1,6,1,10,10,0.004027238015211543,1208496828460.0,5137,5137,True,13.905683192261185,0.6045949214026601,6.952841596130592,20250707,67,11,3,5,12,0.25,0.5,1347832745357.35,0.8966222497729806,-0.10912063185045545,76.05164977981099,False,False,False,False,False,35.59429904772341,False,False,False,False,False,97.67991872304836,False,False,False,False,False,66.47934740499896,False,False,False,False,False,100.0,False,True,False,False,False,14.409136754049076,False,False,False,False,False,100.0,False,True,False,False,False,9.662238510593673,False,False,False,False,False,23.520835833717605,False,False,False,False,False,21.52175102152449,False,False,False,False,False,0.4033939006019987,0.8098301914235229,0.13753772504943285,2025-07-07
4960,67,18,1,85,17,4,0.6666666666666666,69,0,0,69,0,11,56,56,2,8,8,4,5,5,0,0,0,0.02318072044790496,0.02303141549357898,69,0.038305352972405886,0.043327944606202234,13,69.61538461538461,13,13,0,15,65,1,12,2,8,1,13,13,0.00849256900212314,1453764116712.0,5137,5137,True,13.508064516129032,0.20161290322580644,9.00537634408602,20250708,67,18,1,5,17,0.2,0.5,1343946343189.75,1.081712915161186,0.07854581727145458,54.4231210048246,False,False,False,False,False,51.87136781674666,False,False,False,False,False,62.36156652234701,False,False,False,False,False,60.59996273873445,False,False,False,False,False,70.56434199437659,False,False,False,False,False,35.309549368635366,False,False,False,False,False,88.8338065049007,False,False,False,False,False,0.021299575384534763,False,False,False,False,False,14.755193956123785,False,False,False,False,False,65.97643265273564,False,False,False,False,False,0.37115795731445633,0.780090886628588,0.11461477087452737,2025-07-08
4963,53,33,2,86,18,5,0.8333333333333334,67,0,0,67,0,9,50,50,4,11,11,1,2,2,4,4,4,0.021855242699643666,0.03416331336979658,67,0.028955980291579118,0.06479761651085057,17,80.0,17,17,0,28,63,3,12,2,11,1,17,17,-0.0035211267605632646,1504976155546.0,5140,5140,True,10.67902478339714,0.40298206729800523,8.899187319497617,20250709,53,33,2,5,18,0.18,0.5294117647058824,1345875557935.6,1.118213453444715,0.11173228087832433,85.15478956424364,False,False,False,False,False,46.303911790099924,False,False,False,False,False,89.86275200226072,False,False,False,False,False,39.63628587774972,False,False,False,False,False,100.0,False,True,False,False,False,34.22825491978433,False,False,False,False,False,61.09170351536167,False,False,False,False,False,4.838854023687922,False,False,False,False,False,6.786428612856674,False,False,False,False,False,73.83768692067781,False,False,False,False,False,0.4169615501117017,0.7290379467109291,0.0937757216246133,2025-07-09
4964,61,25,5,86,17,6,0.8333333333333334,53,0,0,53,0,9,35,35,3,9,9,3,4,4,2,5,5,0.02895066743631152,0.03218331351567064,53,0.03901184559352041,0.03603411380569582,18,76.11111111111111,9,9,0,18,62,3,12,4,12,2,14,14,0.0016590697648813935,1493936130912.0002,5140,5140,True,12.288477034649476,1.007252215954875,10.240397528874563,20250710,60,25,5,5,17,0.2571428571428571,0.4444444444444444,1358360654039.45,1.0998081595409732,0.09513576417750662,75.32719059155426,False,False,False,False,False,76.10710181995799,False,False,False,False,False,84.97119228405197,False,False,False,False,False,62.18409929199091,False,False,False,False,False,60.22490514385848,False,False,False,False,False,47.885439923252335,False,False,False,False,False,47.94897344339895,False,False,False,False,False,19.29540876011771,False,False,False,False,False,32.5745419268313,False,False,False,False,False,69.90628165578333,False,False,False,False,False,0.40231414036727614,0.7048517842930716,0.16121399346007856,2025-07-10
4965,61,30,6,91,17,5,0.8333333333333334,61,1,1,59,0,9,42,44,5,9,9,1,3,3,2,5,5,0.03541997125646695,0.024968686457489984,59,0.0572581095158792,0.03293767669657238,17,67.5,8,8,0,21,65,5,14,4,12,2,15,15,0.0016025641025640969,1711843953987.0,5143,5143,True,12.286002014098692,1.2084592145015105,10.23833501174891,20250711,60,29,6,4,17,0.21428571428571427,0.47058823529411764,1369475965873.1,1.2499992673442981,0.2231429651894765,68.57747673630793,False,False,False,False,False,100.0,False,True,False,False,False,67.14756516299123,False,False,False,False,False,100.0,False,True,False,False,False,55.83552227674291,False,False,False,False,False,47.864437862754336,False,False,False,False,False,32.10220406821481,False,False,False,False,False,24.109083561541507,False,False,False,False,False,29.49216405889747,False,False,False,False,False,100.0,False,True,False,False,False,0.3922541221705462,0.6756894614113009,0.15315329378707462,2025-07-11
4963,64,24,10,88,19,4,0.6666666666666666,61,0,0,61,0,13,44,44,4,9,9,2,5,5,0,3,3,0.0310804096849149,0.024941823787350232,61,0.0262301694682905,0.011823185292249834,17,35.625,8,8,0,19,64,5,18,0,6,4,15,15,0.003489932885906155,1458457647179.0,5140,5140,True,12.895426153536167,2.0149103364900265,8.596950769024112,20250714,63,24,10,4,18,0.27906976744186046,0.35294117647058826,1381714926399.45,1.0555416456124784,0.05405404334263735,49.99398449725836,False,False,False,False,False,85.0527414828983,False,False,False,False,False,67.08120134235493,False,False,False,False,False,33.52432315742909,False,False,False,False,False,25.904481034239303,False,False,False,False,False,31.15066092611486,False,False,False,False,False,97.05959119626357,False,False,False,False,False,43.4026144652208,False,False,False,False,False,67.73174614203866,False,False,False,False,False,60.17478820492127,False,False,False,False,False,0.36455661171411147,0.7952285455069399,0.25315329378707463,2025-07-14
4964,45,23,17,68,13,5,0.6666666666666666,64,1,0,63,0,6,45,45,6,12,13,0,4,4,1,2,2,0.01744808483832448,0.012705905181113707,63,0.0299894497120519,0.021303393298867393,18,58.611111111111114,18,19,0,14,46,6,12,3,10,6,18,19,-0.010479047787124718,1611801263374.0,5140,5140,True,9.065269943593876,3.4246575342465753,6.04351329572925,20250715,44,23,16,3,13,0.13333333333333333,0.3888888888888889,1393892247109.55,1.1563313209585016,0.14525233901112922,30.25884886198628,False,False,False,False,False,27.792354257300023,False,False,False,False,False,36.85254933269649,False,False,False,False,False,41.95358776699099,False,False,False,False,False,39.3432369767809,False,False,False,False,False,5.149689770537526,False,False,False,False,False,24.554791292790014,False,False,False,False,False,77.12939639246893,False,False,False,False,False,88.35684861774178,False,False,False,False,False,81.77796350994461,False,False,False,False,False,0.3351426501946235,0.6618001895308372,0.3070898206844127,2025-07-15
4963,56,23,5,79,14,6,0.8333333333333334,45,0,0,45,0,8,32,32,1,6,6,4,6,6,1,1,1,0.03123617678951342,0.0309736451641366,45,0.046735456781063264,0.04849299805068747,13,68.07692307692308,13,13,0,20,62,1,9,2,8,2,12,12,0.0034662045060658286,1441853697014.0002,5139,5139,True,11.283497884344147,1.0074551682450132,9.402914903620124,20250716,55,23,5,2,13,0.22580645161290322,0.46153846153846156,1414128441642.9,1.0196058961510523,0.019416176311118204,69.94983812081995,False,False,False,False,False,85.70701614453478,False,False,False,False,False,81.98272490188239,False,False,False,False,False,79.50240445139298,False,False,False,False,False,77.88611094946371,False,False,False,False,False,39.357578242566746,False,False,False,False,False,74.29422434460842,False,False,False,False,False,19.30026418926275,False,False,False,False,False,39.82719573373443,False,False,False,False,False,51.96972353579583,False,False,False,False,False,0.3942995393240378,0.7533341402226948,0.1801803456318525,2025-07-16
4964,58,30,1,88,16,7,0.8333333333333334,56,0,0,56,0,11,42,42,2,8,8,0,1,1,3,5,5,0.026186757637879903,0.032291801380765636,56,0.03608275963289593,0.031030314520401597,14,67.5,6,6,0,24,66,5,16,1,6,4,13,13,0.004598290290396934,1539116324350.0,5140,5140,True,11.684125705076552,0.20145044319097502,9.736771420897126,20250717,58,30,1,2,16,0.2619047619047619,0.38461538461538464,1426674834106.3003,1.078813677479729,0.07586199062328335,46.095940407900024,False,False,False,False,False,64.49774339461187,False,False,False,False,False,85.23920991531962,False,False,False,False,False,55.61634189555041,False,False,False,False,False,53.13172350337193,False,False,False,False,False,42.75714990492656,False,False,False,False,False,61.1837256780938,False,False,False,False,False,0.017412882667307162,False,False,False,False,False,78.4878307613591,False,False,False,False,False,65.34068417581791,False,False,False,False,False,0.3587468255051568,0.7292072922701619,0.28128143754119406,2025-07-17
4965,45,24,1,69,13,8,0.6666666666666666,58,0,0,58,0,9,42,42,2,11,11,0,2,2,2,3,3,0.02762225348978058,0.02040429451191343,58,0.028733870282471125,0.0038022627425018385,16,65.0,5,5,0,17,49,4,13,3,7,5,13,13,0.0,1570855948436.9998,5139,5139,True,9.06344410876133,0.2014098690835851,6.042296072507552,20250718,45,24,1,2,13,0.21428571428571427,0.25,1441105435222.4001,1.090035406184264,0.08621017845135659,19.464575486835496,False,False,False,False,False,70.52731276488193,False,False,False,False,False,55.87130383773228,False,False,False,False,False,39.138258617794705,False,False,False,False,False,14.534348595705335,False,False,False,False,False,5.137295111882963,False,False,False,False,False,22.988271112391086,False,False,False,False,False,0.016442188010839524,False,False,False,False,False,99.73204302977088,False,False,False,False,False,67.79197686830197,False,False,False,False,False,0.3190544738802913,0.6589173705650269,0.3368369930967496,2025-07-18
4963,118,29,1,147,12,9,0.6666666666666666,45,1,0,44,0,6,31,32,5,9,9,0,2,2,1,2,2,0.020490817268609893,0.025376853726243244,44,0.037983187669030846,0.045538021158229504,13,46.25,4,4,0,25,131,2,8,2,8,2,11,11,0.008849557522123908,1699687010080.0,5137,5137,True,23.77594197058231,0.20149103364900262,15.850627980388206,20250721,118,29,1,0,12,0.1935483870967742,0.46153846153846156,1466268884819.55,1.1591918969822348,0.14772312181894726,57.519615803865754,False,False,False,False,False,40.57286228822511,False,False,False,False,False,68.15593623229422,False,False,False,False,False,59.87758600327435,False,False,False,False,False,73.69725631189958,False,False,False,False,False,100.0,False,True,False,False,False,73.19243287041509,False,False,False,False,False,0.018383968496314237,False,False,False,False,False,44.133458931583164,False,False,False,False,False,82.36324587456201,False,False,False,False,False,0.3757730854061785,0.751306547218841,0.1914416172338433,2025-07-21
4960,100,21,4,121,58,10,0.8333333333333334,118,0,0,118,0,52,106,106,2,6,6,3,5,5,1,1,1,0.05297771918357142,0.06582680417545093,118,0.060008263340570155,0.050803653522316916,12,72.5,12,12,0,15,57,5,57,1,7,3,11,11,-0.0004954789539883819,1892724918270.0,5135,5135,True,20.161290322580644,0.8064516129032258,16.801075268817204,20250722,100,21,4,0,58,0.49056603773584906,0.5,1495130385075.3,1.2659263280069555,0.23580412930119868,100.0,False,True,False,False,False,100.0,False,True,False,False,False,100.0,False,True,False,False,False,100.0,False,True,False,False,False,81.16160183836097,False,False,False,False,False,100.0,False,True,False,False,False,100.0,False,True,False,False,False,14.491456561624021,False,False,False,False,False,68.0331977335464,False,False,False,False,False,100.0,False,True,False,False,False,0.4702097802057798,0.8185965786530681,0.2539416172338433,2025-07-22
4962,50,59,6,109,26,4,0.5,100,0,0,100,0,0,42,42,25,52,52,1,2,2,0,4,4,0.057269255212745965,0.007952567068627521,100,0.07919075417647577,0.034428064102220754,58,52.5,6,6,0,35,59,7,7,17,43,13,57,57,-0.008416327841292814,1864274638903.0,5139,5139,True,10.07658202337767,1.2091898428053203,5.038291011688835,20250723,50,59,6,0,26,0.0,0.4482758620689655,1519052966781.6,1.227261115754783,0.20478495136441197,20.099700819481598,False,False,False,False,False,100.0,False,True,False,False,False,25.10949935740851,False,False,False,False,False,100.0,False,True,False,False,False,57.948234633936465,False,False,False,False,False,0.0,True,False,False,False,False,0.0,True,False,False,False,False,24.12656310788264,False,False,False,False,False,57.66339777719318,False,False,False,False,False,95.88012903405647,False,False,False,False,False,0.32000108769839525,0.48083620730204446,0.22682364315712084,2025-07-23
4961,72,23,0,95,17,4,0.5,50,1,0,49,0,4,23,24,0,0,0,13,25,25,0,1,1,0.020993337643229856,0.03236296997793091,49,0.019493037430374043,0.03255871437760332,26,65.1923076923077,26,26,0,19,74,3,7,1,14,7,26,26,0.009661835748792313,1844401779579.0,5138,5138,True,14.513202983269501,0.0,7.2566014916347505,20250724,72,23,0,0,17,0.17391304347826086,0.5,1532139938811.95,1.2038076502393011,0.1854895751863534,45.60697865566967,False,False,False,False,False,42.68361827176438,False,False,False,False,False,85.4150308591291,False,False,False,False,False,18.41795572142923,False,False,False,False,False,55.29832076043758,False,False,False,False,False,17.502242562915214,False,False,False,False,False,84.96743601897495,False,False,False,False,False,0.0,True,False,False,False,False,70.38771663176485,False,False,False,False,False,91.30941429541487,False,False,False,False,False,0.35801805918551216,0.772975723794977,0.2600988992174675,2025-07-24
4963,45,28,11,73,9,5,0.6666666666666666,72,0,0,72,0,4,55,55,2,4,4,0,0,0,3,13,13,0.021342227275587138,-0.011202084445291914,72,0.0394579028586103,-0.013597419325444187,17,48.23529411764706,17,17,0,22,58,3,7,3,8,6,17,17,0.0,1786982193227.0,5140,5140,True,9.067096514205119,2.216401370139029,6.044731009470079,20250725,45,28,11,0,9,0.07272727272727272,0.29411764705882354,1545212290777.8,1.1564638748294593,0.14536696556461248,0.0,True,False,False,False,False,44.14907303994144,False,False,False,False,False,0.0,True,False,False,False,False,63.18427338773699,False,False,False,False,False,0.0,True,False,False,False,False,5.162089424017265,False,False,False,False,False,15.569399753997292,False,False,False,False,False,48.22308452041241,False,False,False,False,False,93.69456971090484,False,False,False,False,False,81.80511640256567,False,False,False,False,False,0.2758964587221689,0.6452646495056414,0.3210484488973406,2025-07-25
4964,55,24,4,79,5,6,0.6666666666666666,45,0,0,45,0,3,36,36,0,4,4,1,2,2,1,3,3,0.007592184132862714,0.008525454710877855,45,0.02070201085847338,0.014090337952763746,9,62.77777777777778,9,9,0,17,67,5,8,2,4,1,6,6,0.001134917892739673,1741913947657.0,5141,5141,True,11.079774375503625,0.8058017727639001,7.38651625033575,20250728,55,24,4,0,5,0.08333333333333333,0.2222222222222222,1557514620224.8,1.1183933203821772,0.1118931200029794,0.0,True,False,False,False,False,0.0,True,False,False,False,False,26.524809620210714,False,False,False,False,False,21.128782334659306,False,False,False,False,False,29.118304113634043,False,False,False,False,False,18.825129819406257,False,False,False,False,False,0.0,True,False,False,False,False,14.475909790755113,False,False,False,False,False,42.645872657558655,False,False,False,False,False,73.8757867094991,False,False,False,False,False,0.28979290174702255,0.613018482851193,0.1875514432492266,2025-07-28
4969,43,24,2,67,9,7,0.5,55,0,0,55,0,8,50,50,0,3,3,0,0,0,1,2,2,0.0196537884797933,0.018788432916085257,55,0.04033220621708615,-0.00225089998206196,5,52.0,5,5,0,18,52,5,13,1,2,1,4,4,-0.0018633540372671176,1802887807281.0002,5145,5145,True,8.653652646407727,0.4024954719259408,4.326826323203863,20250729,43,24,2,0,9,0.16,0.2,1570278474911.05,1.1481325357803982,0.1381367405196799,0.0,True,False,False,False,False,37.05705752961132,False,False,False,False,False,51.879342183854874,False,False,False,False,False,65.14468439190509,False,False,False,False,False,5.953632172698624,False,False,False,False,False,0.0,True,False,False,False,False,21.921126285708553,False,False,False,False,False,4.8272127194693075,False,False,False,False,False,58.58340334409288,False,False,False,False,False,80.09241094030325,False,False,False,False,False,0.2722991114284947,0.6569535367222714,0.22922954174905474,2025-07-29
4968,48,20,7,68,12,8,0.6666666666666666,43,0,0,43,0,6,34,34,5,8,8,0,0,0,1,1,1,0.025045205356450398,0.037245359185383235,43,0.05408983616607324,0.08512310207197808,9,87.22222222222223,9,9,0,19,55,0,6,1,7,0,8,8,-0.006936425455478512,1843965047283.0,5145,5145,True,9.66183574879227,1.4090177133655395,6.4412238325281805,20250730,48,20,7,0,12,0.17647058823529413,0.6666666666666666,1587132631207.1,1.1618216468024887,0.1499891585274297,85.60299573739026,False,False,False,False,False,59.702836699788854,False,False,False,False,False,97.4768996143335,False,False,False,False,False,95.99279778618975,False,False,False,False,False,100.0,False,True,False,False,False,9.199469842980305,False,False,False,False,False,95.56690359221547,False,False,False,False,False,28.9072436611734,False,False,False,False,False,2.19713442600328,False,False,False,False,False,82.90002770696502,False,False,False,False,False,0.41762957283895213,0.7924815983633136,0.08177429813396095,2025-07-30
4963,44,29,7,73,12,9,0.8333333333333334,48,1,0,47,0,7,35,36,3,6,6,1,5,5,1,1,1,0.02256120810961333,0.01568479293964181,47,0.04605704643370196,0.022075262699433117,12,61.25,12,12,0,24,56,4,11,1,6,3,11,11,-0.014553014553014387,1935750293999.0,5140,5140,True,8.865605480556116,1.4104372355430184,7.388004567130097,20250731,44,29,7,0,12,0.2,0.4166666666666667,1610494548561.7002,1.2019601654210994,0.1839536953151963,58.785999860634405,False,False,False,False,False,49.26920591253655,False,False,False,False,False,44.21184652371253,False,False,False,False,False,77.98123551452981,False,False,False,False,False,40.43740753574731,False,False,False,False,False,18.840284951437063,False,False,False,False,False,49.02586861536228,False,False,False,False,False,28.941204299645968,False,False,False,False,False,68.0331977335464,False,False,False,False,False,90.94559299962363,False,False,False,False,False,0.3776605501088842,0.7068335613967249,0.2539416172338433,2025-07-31
4963,40,33,7,73,11,3,0.5,44,0,0,44,0,9,32,32,2,7,7,0,3,3,0,2,2,0.023533317442899115,0.018461069574971945,44,0.003394075805889629,-0.010742814271177329,12,35.0,5,5,0,29,58,3,12,1,3,4,11,11,0.003634161114475898,1598153638557.0002,5141,5141,True,8.059641345960106,1.4104372355430184,4.029820672980053,20250801,40,33,7,0,11,0.28125,0.16666666666666666,1641802727678.7002,0.9734139258110417,-0.026945875324894477,9.863437861692354,False,False,False,False,False,53.35239476520566,False,False,False,False,False,51.07059599669165,False,False,False,False,False,0.0,True,False,False,False,False,0.0,True,False,False,False,False,0.0,True,False,False,False,False,33.38010406364222,False,False,False,False,False,28.941204299645968,False,False,False,False,False,91.93293653550964,False,False,False,False,False,40.987418201559656,False,False,False,False,False,0.30474459033712836,0.6780411415168767,0.3164416172338433,2025-08-01
4960,55,18,4,73,9,4,0.6666666666666666,40,0,0,40,0,5,29,29,3,9,9,1,2,2,0,0,0,0.031909118302978774,0.033320326174725086,40,0.05166265982828677,0.04067327260672285,11,69.54545454545455,11,11,0,11,57,5,10,2,6,2,11,11,0.0071987299955070805,1498392107705.9998,5138,5138,True,11.088709677419356,0.8064516129032258,7.39247311827957,20250804,55,18,4,0,9,0.1724137931034483,0.36363636363636365,1650292167040.35,0.907955656357038,-0.0965597381845815,30.31505796641393,False,False,False,False,False,88.53359870289009,False,False,False,False,False,87.78016487591074,False,False,False,False,False,90.55044970926143,False,False,False,False,False,66.80118731637802,False,False,False,False,False,18.885787013171413,False,False,False,False,False,33.19720196738391,False,False,False,False,False,14.491456561624021,False,False,False,False,False,44.133458931583164,False,False,False,False,False,24.497192457820795,False,False,False,False,False,0.3352264262813571,0.6777045524077305,0.1914416172338433,2025-08-04
4963,53,20,1,73,10,4,0.6666666666666666,55,0,0,55,0,6,46,46,2,5,5,2,3,3,0,1,1,0.034120451106554296,0.030626167110399175,55,0.04660489962454365,0.028861146461625003,9,59.44444444444444,9,9,0,16,59,3,9,1,5,2,9,9,0.006535947712418277,1595846389704.0,5139,5139,True,10.67902478339714,0.20149103364900262,7.1193498555980925,20250805,53,20,1,0,10,0.13043478260869565,0.4444444444444444,1664786931002.6501,0.9585889701469908,-0.0422928985329107,49.94243724752832,False,False,False,False,False,97.82194636495976,False,False,False,False,False,81.12428562115127,False,False,False,False,False,79.20966202528572,False,False,False,False,False,50.05679939623137,False,False,False,False,False,16.104645845953094,False,False,False,False,False,62.578546434003165,False,False,False,False,False,0.018383968496314237,False,False,False,False,False,54.59152669778723,False,False,False,False,False,37.35199464081453,False,False,False,False,False,0.36447978382460433,0.7317741380595455,0.2187904196958209,2025-08-05
4964,62,20,5,82,14,5,0.8333333333333334,53,0,0,53,0,8,43,43,4,6,6,1,2,2,1,2,2,0.015773807156575982,0.026029093885208937,53,0.03138223446446664,0.04938812735496747,10,80.0,10,10,0,17,65,2,10,1,7,1,10,10,0.0037204036574403077,1733773634061.0,5141,5141,True,12.489927477840451,1.007252215954875,10.408272898200376,20250806,62,20,5,0,14,0.18604651162790697,0.6,1671891044652.2502,1.0370135300423367,0.03634497645478874,88.85794361401847,False,False,False,False,False,20.759820228148428,False,False,False,False,False,69.76728568848046,False,False,False,False,False,45.07656622589945,False,False,False,False,False,79.15500971717418,False,False,False,False,False,49.59486992936093,False,False,False,False,False,88.45363309091942,False,False,False,False,False,19.29540876011771,False,False,False,False,False,23.520835833717605,False,False,False,False,False,55.97984055088574,False,False,False,False,False,0.4224808651411933,0.7793912651734447,0.13753772504943285,2025-08-06
4966,59,18,8,77,14,5,0.8333333333333334,62,0,0,62,0,5,48,48,4,8,8,4,4,4,1,2,2,0.035236386765973536,0.02740315965781529,62,0.06545459004931577,0.06225084539813826,14,83.33333333333333,6,6,1,12,57,4,9,2,11,0,13,13,-0.002980632551528084,1825228816591.0,5140,5140,True,11.880789367700363,1.6109544905356423,9.90065780641697,20250807,59,18,8,0,14,0.10416666666666667,0.6428571428571429,1683330918578.0002,1.0842959019209772,0.08093083801913205,97.82632441841488,False,False,False,False,False,100.0,False,True,False,False,False,73.16189441506428,False,False,False,False,False,100.0,False,True,False,False,False,97.38867383290204,False,False,False,False,False,44.42596115535235,False,False,False,False,False,63.535065423468055,False,False,False,False,False,33.738377681191864,False,False,False,False,False,0.0,True,False,False,False,False,66.54139958485337,False,False,False,False,False,0.4358476649822421,0.7335343905724017,0.0590592153189718,2025-08-07
4966,61,29,2,90,10,5,0.6666666666666666,59,0,0,59,0,6,45,45,0,5,5,3,4,4,1,5,5,0.01862349072064728,0.006272969231131283,59,0.019822586194958365,0.009067915563354663,14,70.55555555555556,9,9,0,26,77,2,8,1,5,1,13,13,-0.0006861083651085731,1709998497826.0,5141,5141,True,12.283527990334274,0.4027386226339106,8.18901866022285,20250808,61,29,2,0,10,0.13333333333333333,0.2857142857142857,1699895552861.95,1.0059432739541208,0.005925682368138364,10.836324656558713,False,False,False,False,False,32.729457555999886,False,False,False,False,False,20.96007828166103,False,False,False,False,False,19.15688805908758,False,False,False,False,False,21.998723120842428,False,False,False,False,False,26.996797318603438,False,False,False,False,False,64.31428796723256,False,False,False,False,False,4.833029855276496,False,False,False,False,False,14.755193956123785,False,False,False,False,False,48.77407713182211,False,False,False,False,False,0.30619461608186516,0.7349683698826326,0.11461477087452737,2025-08-08
4967,79,30,4,109,17,3,0.5,61,0,0,61,0,14,51,51,3,6,6,0,0,0,0,4,4,0.03054855495393936,0.03826924677508056,61,0.026178706774471927,0.03531723665597549,10,63.0,10,10,0,24,86,5,19,1,4,1,9,9,0.01047765793528499,1826691246059.0,5143,5143,True,15.904972820616065,0.8053150795248641,7.952486410308032,20250811,79,30,4,0,17,0.27450980392156865,0.3,1699803280053.9,1.0746486181630832,0.07199374132198272,29.08758804222141,False,False,False,False,False,82.81877125506568,False,False,False,False,False,100.0,False,True,False,False,False,33.40893067919139,False,False,False,False,False,59.20868935522267,False,False,False,False,False,24.58825265216085,False,False,False,False,False,63.47617212745672,False,False,False,False,False,14.464266145167764,False,False,False,False,False,27.277539495543518,False,False,False,False,False,64.42436806303333,False,False,False,False,False,0.333396960612421,0.7334260110489044,0.14736184826724946,2025-08-11
4968,51,24,4,75,19,4,0.6666666666666666,79,0,0,79,0,13,62,62,5,14,14,1,3,3,0,0,0,0.022637942725296387,0.021807747944636812,79,0.03743884639824512,0.020302052851917024,17,60.588235294117645,17,17,0,18,50,3,16,3,9,5,17,17,-0.0030000030000029154,1881105771919.0002,5146,5146,True,10.265700483091788,0.8051529790660226,6.843800322061192,20250812,51,24,4,0,19,0.20967741935483872,0.35294117647058826,1718214959997.9,1.094802347618542,0.09057384251762131,28.431715763496733,False,False,False,False,False,49.591517319949794,False,False,False,False,False,59.33851433453407,False,False,False,False,False,58.657034112530745,False,False,False,False,False,37.923777628149715,False,False,False,False,False,13.29879861125231,False,False,False,False,False,50.59833267151416,False,False,False,False,False,14.460388054943959,False,False,False,False,False,76.31294149129519,False,False,False,False,False,68.82564749892886,False,False,False,False,False,0.3324194247938363,0.7097273186944926,0.2755939034427951,2025-08-12
4968,92,32,0,124,24,5,0.8333333333333334,51,0,0,51,0,12,32,32,9,13,13,2,5,5,1,1,1,0.04032008491372578,0.05896438271365165,51,0.05355397305487624,0.06386360990848965,19,85.52631578947368,19,19,0,30,98,2,14,0,12,1,19,19,0.0009062121727246852,2150524026159.0,5142,5142,True,18.51851851851852,0.0,15.4320987654321,20250813,92,32,0,0,24,0.375,0.631578947368421,1731680185425.15,1.2418713595380306,0.21661940289581721,100.0,False,True,False,False,False,100.0,False,True,False,False,False,100.0,False,True,False,False,False,94.79125609046794,False,False,False,False,False,99.67486297899207,False,False,False,False,False,100.0,False,True,False,False,False,100.0,False,True,False,False,False,0.0,True,False,False,False,False,3.7981416091315103,False,False,False,False,False,98.68348987756485,False,False,False,False,False,0.48941300875065225,0.8438710514288721,0.08596107815589553,2025-08-13
4969,44,34,11,78,15,4,0.6666666666666666,92,0,0,92,0,10,68,68,4,12,12,1,9,9,0,3,3,0.025207020062261484,0.003041556328607992,92,0.022603404556632508,0.005258176790039727,24,48.75,12,12,0,27,56,5,15,2,7,7,23,23,-0.020270270270270174,2278897399488.0,5142,5142,True,8.854900382370698,2.2137250955926744,5.903266921580465,20250814,44,34,11,0,15,0.14705882352941177,0.20833333333333334,1767113701882.4,1.289615601452486,0.2543441905975487,0.0,True,False,False,False,False,60.38251333732559,False,False,False,False,False,12.976921538520408,False,False,False,False,False,25.39219170280484,False,False,False,False,False,16.598192927445943,False,False,False,False,False,3.721598435991743,False,False,False,False,False,28.990155079831602,False,False,False,False,False,48.15905734721001,False,False,False,False,False,81.04422363858022,False,False,False,False,False,100.0,False,True,False,False,False,0.2596542944960318,0.6699624532574977,0.287966638419339,2025-08-14
4968,86,29,2,115,14,5,0.6666666666666666,44,0,0,44,0,6,29,29,7,10,10,0,4,4,1,1,1,0.021222086211011217,0.04844033572482421,44,0.026816725415931355,0.06379223337831118,15,80.33333333333333,15,15,0,23,95,4,10,2,10,0,15,15,0.012172350857343028,2244262413043.9995,5141,5141,True,17.310789049919485,0.4025764895330113,11.540526033279656,20250815,86,29,2,0,14,0.20689655172413793,0.5333333333333333,1804102755639.3,1.2439770440064124,0.21831354077567103,77.60634810924195,False,False,False,False,False,43.644439827578296,False,False,False,False,False,100.0,False,True,False,False,False,34.83953111490503,False,False,False,False,False,99.57368252299106,False,False,False,False,False,61.124300907759036,False,False,False,False,False,61.18202763634359,False,False,False,False,False,4.8291509841243325,False,False,False,False,False,0.0,True,False,False,False,False,99.08479954394723,False,False,False,False,False,0.4057110793476346,0.7292041674160914,0.05315329378707462,2025-08-15
4967,104,49,1,153,26,6,0.8333333333333334,86,0,0,86,0,19,72,72,2,6,6,4,7,7,1,1,1,0.05025167257215919,0.05556424546360752,86,0.07510328045833048,0.0631750849761464,14,81.78571428571429,14,14,0,37,115,9,28,3,10,0,13,13,0.008726003490401313,2763666448793.0,5139,5139,True,20.938192067646465,0.20132876988121604,17.448493389705387,20250818,104,49,1,0,26,0.2638888888888889,0.5,1837773078869.65,1.50381267446405,0.4080036662173011,83.13625982244828,False,False,False,False,False,100.0,False,True,False,False,False,100.0,False,True,False,False,False,100.0,False,True,False,False,False,98.69883813653536,False,False,False,False,False,100.0,False,True,False,False,False,43.1483192669119,False,False,False,False,False,0.014501971270470702,False,False,False,False,False,0.0,True,False,False,False,False,100.0,False,True,False,False,False,0.413953060215894,0.6960172878841271,0.0590592153189718,2025-08-18
4968,84,37,5,121,26,4,0.6666666666666666,104,0,0,104,0,16,78,78,9,19,19,1,2,2,0,5,5,0.031783399410048443,0.03825629702602061,104,0.047444834450755285,0.04921295157569408,26,57.142857142857146,7,7,0,29,87,6,22,2,12,3,25,25,0.002031821623152741,2587785807256.0,5142,5142,True,16.908212560386474,1.006441223832528,11.272141706924316,20250819,85,37,5,0,26,0.20512820512820512,0.38461538461538464,1890972050805.3,1.3684950055998717,0.3137115999485478,43.54114140882915,False,False,False,False,False,88.00553671993605,False,False,False,False,False,99.97440627251338,False,False,False,False,False,81.09301001900705,False,False,False,False,False,78.90668768214539,False,False,False,False,False,58.39141506224437,False,False,False,False,False,73.65002410442557,False,False,False,False,False,19.27600659035377,False,False,False,False,False,22.716964923030268,False,False,False,False,False,100.0,False,True,False,False,False,0.35493906046935997,0.752148638309974,0.13543552919138307,2025-08-19
4968,86,23,14,109,16,5,0.8333333333333334,84,1,0,83,0,12,57,58,1,16,16,2,9,9,1,1,1,0.013243028153174682,0.009764309853024008,83,-0.000925835800061614,-0.0026162369944065854,26,51.53846153846154,26,26,0,19,89,1,13,3,7,8,26,26,0.005700713875618768,2407727513626.0,5139,5139,True,17.310789049919485,2.818035426731079,14.425657541599572,20250820,86,23,14,0,16,0.20689655172413793,0.15384615384615385,1925725095254.6,1.250296586755377,0.22338079257457796,0.0,True,False,False,False,False,10.129690199122864,False,False,False,False,False,29.585382527521876,False,False,False,False,False,0.0,True,False,False,False,False,5.435745334957344,False,False,False,False,False,90.50282374704175,False,False,False,False,False,63.73216660930407,False,False,False,False,False,62.6165734090421,False,False,False,False,False,82.72306569084263,False,False,False,False,False,100.0,False,True,False,False,False,0.28277371122157785,0.7338971098299136,0.2923569637335965,2025-08-20
4968,42,32,12,74,9,5,0.8333333333333334,86,0,0,86,0,5,70,70,2,12,12,1,1,1,1,3,3,0.018244447234948516,-0.012516215173124083,86,0.023240824690445097,-0.013082738244892554,16,62.5,4,4,0,22,55,9,14,1,5,5,15,15,-0.0034188134087614896,2423516486417.0,5142,5142,True,8.454106280193237,2.4154589371980677,7.0450885668276975,20250821,43,32,12,0,9,0.07142857142857142,0.25,1952897738990.75,1.2409848391086078,0.21590528947468549,15.334122028280115,False,False,False,False,False,31.13734637828831,False,False,False,False,False,0.0,True,False,False,False,False,26.82145013180471,False,False,False,False,False,0.0,True,False,False,False,False,15.348462995388312,False,False,False,False,False,12.244166881914824,False,False,False,False,False,52.98533633822247,False,False,False,False,False,86.85153718360925,False,False,False,False,False,98.5143297270237,False,False,False,False,False,0.31289829632299887,0.6391453255994954,0.3031532937870746,2025-08-21
4968,70,10,2,80,11,6,1.0,42,0,0,42,0,5,33,33,2,5,5,2,2,2,2,2,2,0.017238467813335483,0.02385958631348063,42,0.04550560782689404,0.06535429103570123,9,100.0,4,4,0,9,68,1,6,0,6,1,8,8,0.0016108475919132115,2546202602783.0,5142,5142,True,14.090177133655395,0.4025764895330113,14.090177133655395,20250822,70,10,2,0,11,0.14705882352941177,0.6666666666666666,1981853474332.65,1.2847582506776307,0.25057056887980134,97.2970774581013,False,False,False,False,False,26.91189166892869,False,False,False,False,False,64.40755001774234,False,False,False,False,False,76.74476958719548,False,False,False,False,False,100.0,False,True,False,False,False,87.08671644014841,False,False,False,False,False,100.0,False,True,False,False,False,4.8291509841243325,False,False,False,False,False,31.612197566881132,False,False,False,False,False,100.0,False,True,False,False,False,0.4350588561281926,0.8415106685865309,0.1586973750570379,2025-08-22
4968,76,42,2,118,12,6,0.8333333333333334,70,0,0,70,0,9,59,59,1,5,5,1,2,2,1,4,4,0.04503563180701614,0.036567001176354696,70,0.04274089598600805,0.02227938175019275,11,56.25,4,4,0,26,90,13,22,3,6,2,9,9,0.005204324954233397,3140392827273.0,5142,5142,True,15.297906602254429,0.4025764895330113,12.748255501878692,20250825,76,42,2,0,12,0.15254237288135594,0.2727272727272727,2019814494810.45,1.5547926977163866,0.4413422233785131,19.663756720068275,False,False,False,False,False,100.0,False,True,False,False,False,95.80102640425537,False,False,False,False,False,70.54558086890523,False,False,False,False,False,40.72675837113692,False,False,False,False,False,73.42228721257507,False,False,False,False,False,0.0,True,False,False,False,False,4.8291509841243325,False,False,False,False,False,54.59152669778723,False,False,False,False,False,100.0,False,True,False,False,False,0.31935134081031846,0.5842343903858322,0.2187904196958209,2025-08-25
4969,71,28,1,99,14,7,0.6666666666666666,76,0,0,76,0,11,64,64,2,9,9,0,1,1,1,2,2,0.018088584907742223,0.024454968189508618,76,0.025821670129769325,0.04937637761352131,12,83.33333333333333,3,3,0,23,80,3,14,2,5,0,11,11,0.001381692573402482,2677586227992.0,5143,5143,True,14.2885892533709,0.2012477359629704,9.525726168913932,20250826,71,28,1,0,14,0.171875,0.25,2089738438791.25,1.2813020894331513,0.2478768182455199,20.822178863545737,False,False,False,False,False,30.48267174940816,False,False,False,False,False,65.87843194516334,False,False,False,False,False,32.608363507190106,False,False,False,False,False,79.13835376325707,False,False,False,False,False,40.60813252473754,False,False,False,False,False,47.821453552589375,False,False,False,False,False,0.012563316387006505,False,False,False,False,False,0.0,True,False,False,False,False,100.0,False,True,False,False,False,0.3210778951639997,0.7046171133553182,0.06644161723384327,2025-08-26
4971,46,45,8,91,13,4,0.6666666666666666,71,0,0,71,0,10,57,57,2,11,11,1,2,2,0,1,1,0.01839012760296174,0.002052827924245625,71,0.04831315279747562,0.008883469876394181,14,52.142857142857146,14,14,0,39,72,3,13,3,6,2,13,13,-0.028275475923852156,3164916690630.0,5144,5144,True,9.253671293502315,1.6093341380004023,6.169114195668209,20250827,46,45,8,0,13,0.17543859649122806,0.21428571428571427,2133473359826.8,1.4834573284228563,0.3943753962115903,17.226009349966336,False,False,False,False,False,31.74925332574424,False,False,False,False,False,10.53428295703285,False,False,False,False,False,83.04000110114026,False,False,False,False,False,21.73726044302079,False,False,False,False,False,6.42865015652005,False,False,False,False,False,3.274371898120857,False,False,False,False,False,33.69961237866935,False,False,False,False,False,35.999406224535555,False,False,False,False,False,100.0,False,True,False,False,False,0.3157180337652806,0.6226384874353509,0.17017032643008292,2025-08-27
4971,57,24,3,81,13,5,0.6666666666666666,46,0,0,46,0,9,33,33,3,10,10,0,2,2,1,1,1,0.01638823317905054,0.036510314483539204,46,0.047487950348831284,0.05069630764542648,13,67.3076923076923,13,13,0,20,64,2,11,2,6,2,13,13,0.0020056157240273542,2970360066241.0,5144,5144,True,11.466505733252866,0.6035003017501509,7.64433715550191,20250828,57,24,3,0,13,0.2727272727272727,0.3076923076923077,2199520941994.15,1.3504577335590107,0.3004435968774069,46.431810925157485,False,False,False,False,False,23.340617881101718,False,False,False,False,False,95.66098278629401,False,False,False,False,False,81.18968685345284,False,False,False,False,False,81.0094327045232,False,False,False,False,False,21.45045117097243,False,False,False,False,False,56.28135196062871,False,False,False,False,False,9.636050837816446,False,False,False,False,False,35.999406224535555,False,False,False,False,False,100.0,False,True,False,False,False,0.3592474190988732,0.7201856045146939,0.17017032643008292,2025-08-28
4968,65,22,12,87,9,6,0.8333333333333334,57,0,0,57,0,5,44,44,2,9,9,1,3,3,1,1,1,0.03655242495687518,0.02555435607610859,57,0.04300531800857687,0.04808542725408785,13,75.0,13,13,0,17,73,2,7,3,7,1,12,12,-0.0062500080707748595,2797901814606.0,5141,5141,True,13.083735909822867,2.4154589371980677,10.903113258185723,20250829,65,22,12,0,9,0.11363636363636363,0.3076923076923077,2251251430606.25,1.2428206714576258,0.21738353137044839,26.92345054787485,False,False,False,False,False,100.0,False,True,False,False,False,68.59445310525227,False,False,False,False,False,71.13848244907528,False,False,False,False,False,77.30835522290306,False,False,False,False,False,54.6336970246617,False,False,False,False,False,36.42765876948539,False,False,False,False,False,52.98533633822247,False,False,False,False,False,17.333323920121966,False,False,False,False,False,98.86449766144956,False,False,False,False,False,0.33017145164415124,0.6836494628237314,0.1213568162200878,2025-08-29
4968,102,31,1,133,13,7,1.0,65,0,0,65,0,8,56,56,2,5,5,1,2,2,2,2,2,0.02437475647925669,0.03610326136892547,65,0.041688662528113776,0.0494909705690416,9,83.75,4,4,0,26,115,5,13,0,5,0,8,8,0.005139737118874388,2749602759969.0,5141,5141,True,20.531400966183575,0.20128824476650564,20.531400966183575,20250901,102,31,1,0,13,0.14285714285714285,0.5555555555555556,2311238839408.7,1.1896662141037961,0.1736727754283502,71.78649624906006,False,False,False,False,False,56.886724059054586,False,False,False,False,False,94.65536421795584,False,False,False,False,False,68.18620522449982,False,False,False,False,False,79.30079605997639,False,False,False,False,False,100.0,False,True,False,False,False,88.30829828560283,False,False,False,False,False,0.013532448714519368,False,False,False,False,False,2.19713442600328,False,False,False,False,False,88.51023482780232,False,False,False,False,False,0.3970369611744331,0.7791238099957831,0.08177429813396095,2025-09-01
4969,42,44,20,86,12,8,0.8333333333333334,102,0,0,102,0,8,89,89,2,8,8,1,2,2,1,3,3,0.02088242372474844,-0.0022022303295993217,102,0.048376124110206274,-0.0014727437693075223,13,43.333333333333336,3,3,0,35,65,7,15,2,6,3,11,11,-0.01568951279933939,2874648107039.0,5142,5142,True,8.452404910444757,4.024954719259408,7.043670758703965,20250902,42,44,20,0,12,0.0898876404494382,0.3076923076923077,2373799372021.85,1.2109903393354422,0.19143848711175485,18.29101390489897,False,False,False,False,False,42.21774220202395,False,False,False,False,False,0.022225842600506314,False,False,False,False,False,83.18119883671717,False,False,False,False,False,7.056714660032197,False,False,False,False,False,15.334025834300622,False,False,False,False,False,0.0,True,False,False,False,False,91.49090197495072,False,False,False,False,False,68.0331977335464,False,False,False,False,False,92.71860057742335,False,False,False,False,False,0.317305355158749,0.6166039832055114,0.2539416172338433,2025-09-02
4972,33,36,17,69,8,9,0.6666666666666666,42,0,0,42,0,5,30,30,2,8,8,0,2,2,1,2,2,0.03498327266859973,0.004392930682108302,42,0.051438518816061735,0.008577228113422356,12,66.25,4,4,0,31,56,3,8,2,5,3,11,11,-0.021174554512358668,2363666202847.0,5144,5144,True,6.6371681415929205,3.419147224456959,4.424778761061947,20250903,33,36,17,0,8,0.16666666666666666,0.25,2437739457888.6,0.9696139573891308,-0.03085726877365317,14.726824745189763,False,False,False,False,False,100.0,False,True,False,False,False,16.31547145711149,False,False,False,False,False,90.04786842258153,False,False,False,False,False,21.30314461886174,False,False,False,False,False,0.0,True,False,False,False,False,3.1260611538993093,False,False,False,False,False,76.99756778027398,False,False,False,False,False,68.0331977335464,False,False,False,False,False,40.06088204492349,False,False,False,False,False,0.3119931584386773,0.6223655557287409,0.2539416172338433,2025-09-03
4971,38,28,33,66,6,3,0.5,33,1,0,32,0,5,25,25,1,5,5,0,2,2,0,0,1,0.027628314413902517,0.0005873340128477074,32,0.033441137974560706,0.011466837944005239,7,52.857142857142854,7,8,0,22,54,4,9,2,3,1,7,7,-0.00412353044393754,2543932583279.0005,5143,5143,True,7.644337155501911,6.63850331925166,3.8221685777509555,20250904,38,28,33,0,6,0.2,0.14285714285714285,2469234086327.9,1.0302516870979161,0.02980312879712434,0.0,True,False,False,False,False,70.55277070151948,False,False,False,False,False,6.91380239521041,False,False,False,False,False,49.69315274427346,False,False,False,False,False,25.399337577419768,False,False,False,False,False,0.0,True,False,False,False,False,0.0,True,False,False,False,False,100.0,False,True,False,False,False,36.66929865010833,False,False,False,False,False,54.430198852744816,False,False,False,False,False,0.2743464745114684,0.5939890919331433,0.17192215631179106,2025-09-04
4973,91,19,3,110,6,4,0.6666666666666666,38,0,0,38,0,3,32,32,2,5,5,1,1,1,0,0,0,0.014343107112468173,0.02032401089526731,38,0.044064935965804485,0.05914848204569071,6,80.83333333333333,6,6,0,16,101,1,4,2,5,0,6,6,0.018561484918793614,2304300681047.0,5144,5144,True,18.298813593404386,0.6032575909913533,12.19920906226959,20250905,91,19,3,0,6,0.09375,0.5,2505169274662.3,0.919818354932372,-0.0835790687238513,42.48900210209395,False,False,False,False,False,14.750394876919119,False,False,False,False,False,55.67296437603992,False,False,False,False,False,73.51441602341774,False,False,False,False,False,92.99089016512542,False,False,False,False,False,67.83149409989791,False,False,False,False,False,53.88724682169141,False,False,False,False,False,9.630244227350124,False,False,False,False,False,7.882616218339389,False,False,False,False,False,27.572070950682814,False,False,False,False,False,0.35337091390815073,0.7157798063723969,0.09664235234013567,2025-09-05
4973,70,27,3,97,11,4,0.6666666666666666,91,0,0,91,0,7,85,85,3,3,3,1,2,2,0,1,1,0.030513850874055417,0.032676557207505605,91,0.06071451097413044,0.05008839530869521,6,79.16666666666667,6,6,0,14,73,12,19,1,5,1,6,6,0.010514018691588856,2418422967036.9995,5145,5145,True,14.07601045646491,0.6032575909913533,9.384006970976607,20250908,70,27,3,0,11,0.08235294117647059,0.6666666666666666,2534884383823.35,0.9540565173190689,-0.04703236681579793,75.57780684823918,False,False,False,False,False,82.67300235102142,False,False,False,False,False,86.18974337091836,False,False,False,False,False,100.0,False,True,False,False,False,80.14768098746289,False,False,False,False,False,39.1650438192972,False,False,False,False,False,31.748863355109023,False,False,False,False,False,9.630244227350124,False,False,False,False,False,42.645872657558655,False,False,False,False,False,36.22930300039185,False,False,False,False,False,0.4026876679206978,0.6750392193513008,0.1875514432492266,2025-09-08
4976,51,23,5,74,8,5,0.8333333333333334,70,0,0,70,0,5,59,59,1,7,7,1,3,3,1,1,1,0.014054551291953082,0.011780616330730945,70,0.03046590397582427,0.03408762357720916,11,65.9090909090909,11,11,0,17,60,4,9,2,5,2,11,11,-0.011576946052752612,2118143148826.0002,5146,5146,True,10.2491961414791,1.0048231511254018,8.540996784565918,20250909,51,23,5,0,8,0.0847457627118644,0.2727272727272727,2564470969872.25,0.8259571559632497,-0.1912123761003039,14.559355023692907,False,False,False,False,False,13.538362578332361,False,False,False,False,False,34.56663721062817,False,False,False,False,False,43.02191968248364,False,False,False,False,False,57.46564004050687,False,False,False,False,False,30.580896461093587,False,False,False,False,False,22.5508383368483,False,False,False,False,False,19.237295830422823,False,False,False,False,False,44.133458931583164,False,False,False,False,False,2.075747901344189,False,False,False,False,False,0.31174355549523547,0.6581123764657612,0.1914416172338433,2025-09-09
4977,49,24,3,73,11,6,0.6666666666666666,51,0,0,51,0,9,43,43,1,5,5,0,1,1,1,2,2,-4.6372009203188724e-05,0.021543789382934095,51,0.010879906290402974,0.020218427300411457,8,70.0,3,3,0,19,57,5,14,0,2,0,7,7,-0.0006218905472636926,1977839353634.0,5148,5148,True,9.845288326300984,0.6027727546714888,6.563525550867323,20250910,49,24,3,0,11,0.20930232558139536,0.25,2576322838717.6,0.7676985678621304,-0.26435811264158293,28.265067312634567,False,False,False,False,False,0.0,True,False,False,False,False,58.686408696742845,False,False,False,False,False,0.0,True,False,False,False,False,37.80523345945011,False,False,False,False,False,10.44483554473382,False,False,False,False,False,65.1195818634364,False,False,False,False,False,9.61864500668382,False,False,False,False,False,4.802980247490665,False,False,False,False,False,0.0,True,False,False,False,False,0.3321710459019182,0.7364503275018677,0.0885888229784577,2025-09-10
4975,89,14,3,103,11,3,0.5,49,1,0,48,0,7,38,38,4,8,9,0,1,1,0,1,1,0.021484437841414766,0.02861676562105168,48,0.010736776411955463,0.04802352376881451,10,75.0,10,11,0,9,87,2,9,3,7,1,9,10,0.010000000000000009,2437371438880.0,5146,5146,True,17.889447236180903,0.6030150753768845,8.944723618090451,20250911,89,14,3,0,11,0.18421052631578946,0.4,2567688605091.35,0.9492472856899585,-0.05208593930021972,46.23284364870978,False,False,False,False,False,44.74640564157015,False,False,False,False,False,76.16008960744001,False,False,False,False,False,0.0,True,False,False,False,False,77.22060336872428,False,False,False,False,False,34.69193887469875,False,False,False,False,False,56.73723155659414,False,False,False,False,False,9.624442285515332,False,False,False,False,False,27.277539495543518,False,False,False,False,False,35.03220593298115,False,False,False,False,False,0.3589508710577941,0.7210245457309127,0.14736184826724946,2025-09-11
4977,66,23,2,89,18,4,0.6666666666666666,89,0,0,89,0,11,78,78,4,7,7,3,4,4,0,0,0,0.017308720699583755,0.02863415040076069,89,0.056059394638440126,0.06522178655918724,11,83.63636363636364,11,11,0,16,64,7,18,0,7,0,11,11,-0.004901960784313819,2520597775656.0,5149,5149,True,13.261000602772755,0.4018485031143259,8.84066706851517,20250912,66,23,2,0,18,0.14102564102564102,0.6363636363636364,2575612307060.95,0.9786402125606677,-0.021591209043438718,83.31169379248152,False,False,False,False,False,27.206977614690764,False,False,False,False,False,76.20303844299539,False,False,False,False,False,100.0,False,True,False,False,False,100.0,False,True,False,False,False,33.632358848811286,False,False,False,False,False,90.30473423853323,False,False,False,False,False,4.811734642224116,False,False,False,False,False,0.0,True,False,False,False,False,42.255838773789186,False,False,False,False,False,0.4142145333640464,0.7827977897511335,0.06644161723384327,2025-09-12
4975,67,34,3,101,10,3,0.5,66,1,0,65,0,9,48,48,1,10,11,0,4,4,0,3,3,0.01976589161986792,0.012023728101173218,65,0.02670649125627588,0.0027091732724654287,17,50.0,17,18,0,27,84,2,11,5,6,3,17,18,-0.004945598417408381,2277167239734.0,5148,5148,True,13.467336683417084,0.6030150753768845,6.733668341708542,20250915,67,34,3,0,10,0.1875,0.058823529411764705,2589429075191.55,0.8794090023746062,-0.1285051853369419,0.0,True,False,False,False,False,37.52792873332121,False,False,False,False,False,35.16724116564351,False,False,False,False,False,34.59235802843703,False,False,False,False,False,12.984829576615523,False,False,False,False,False,12.177354097962212,False,False,False,False,False,0.0,True,False,False,False,False,9.624442285515332,False,False,False,False,False,41.54968505207594,False,False,False,False,False,16.92991184176174,False,False,False,False,False,0.2287351531511833,0.5821282013792424,0.1846848125337042,2025-09-15
4977,70,30,1,100,14,4,0.6666666666666666,67,0,0,67,0,7,57,57,6,9,9,1,1,1,0,0,0,0.018647330202944006,0.02406182107821913,67,0.05366658012046024,0.07318622277659825,10,92.5,10,10,0,27,83,2,9,1,8,0,10,10,0.007801990852838392,2341166548684.0,5149,5149,True,14.064697609001406,0.20092425155716295,9.376465072667603,20250916,70,30,1,1,14,0.12280701754385964,0.7,2565104114738.6,0.9126984496387895,-0.09134973811442455,91.62413961411426,False,False,False,False,False,32.82959146587437,False,False,False,False,False,64.90716794789262,False,False,False,False,False,95.04374983692087,False,False,False,False,False,100.0,False,True,False,False,False,39.08824668506478,False,False,False,False,False,83.24656006136993,False,False,False,False,False,0.004824277764411149,False,False,False,False,False,0.0,True,False,False,False,False,25.73134430276224,False,False,False,False,False,0.42660370393013775,0.7698088486340535,0.07087105838276615,2025-09-16
4976,67,26,0,93,15,4,0.6666666666666666,70,0,0,70,0,9,56,56,2,7,7,4,6,6,0,1,1,0.026787290582810312,0.028944240278614915,70,0.03640041622238316,0.0432822017938554,14,68.57142857142857,14,14,0,18,70,6,15,2,8,2,14,14,-0.0008849990718846623,2376475862485.0,5148,5148,True,13.464630225080386,0.0,8.97642015005359,20250917,67,26,0,1,15,0.16071428571428573,0.42857142857142855,2552773151810.0,0.9309389127662991,-0.07156161850195192,46.97086306819746,False,False,False,False,False,67.02018541058574,False,False,False,False,False,76.96911080021059,False,False,False,False,False,56.32860894512789,False,False,False,False,False,70.49949885055258,False,False,False,False,False,35.01469618594082,False,False,False,False,False,49.13973350037277,False,False,False,False,False,0.0,True,False,False,False,False,32.5745419268313,False,False,False,False,False,30.41878077086182,False,False,False,False,False,0.36005084195268106,0.7070431034467766,0.16121399346007856,2025-09-17
4976,54,64,0,118,18,5,0.8333333333333334,67,0,0,67,0,8,52,52,4,9,9,2,2,2,4,4,4,0.02877968585283422,0.02993283987098378,67,0.05968848037209655,0.0743531203723363,15,89.0,15,15,0,59,95,3,11,2,12,0,15,15,-0.018442893219546008,3134769548420.0,5147,5147,True,10.852090032154342,0.0,9.043408360128618,20250918,54,64,0,1,18,0.15384615384615385,0.6666666666666666,2551210569252.95,1.2287380689779475,0.2059876825463991,100.0,False,True,False,False,False,75.38892118763503,False,False,False,False,False,79.41143115361479,False,False,False,False,False,100.0,False,True,False,False,False,100.0,False,True,False,False,False,35.69681922053272,False,False,False,False,False,43.08132316855478,False,False,False,False,False,0.0,True,False,False,False,False,0.0,True,False,False,False,False,96.16503361893747,False,False,False,False,False,0.46227877766430875,0.6958939970223841,0.05315329378707462,2025-09-18
4976,50,24,22,74,11,5,0.8333333333333334,54,0,0,54,0,7,36,36,2,8,8,1,4,4,1,6,6,0.032153912074042265,-0.010515882418496365,54,0.038769592795173495,-0.03290636122122761,18,38.5,10,10,0,21,60,1,8,2,6,8,14,14,-0.006589803717213849,2323481191537.0,5148,5148,True,10.04823151125402,4.421221864951769,8.37352625937835,20250919,50,24,22,1,11,0.19444444444444445,0.2222222222222222,2586773222353.1,0.8982160366664874,-0.10734466426111129,1.1827999652202354,False,False,False,False,False,89.56181555359225,False,False,False,False,False,0.0,True,False,False,False,False,61.64090676383031,False,False,False,False,False,0.0,True,False,False,False,False,28.87558887461386,False,False,False,False,False,56.669332759233605,False,False,False,False,False,100.0,False,True,False,False,False,100.0,False,True,False,False,False,21.942444619879716,False,False,False,False,False,0.29180665295629316,0.7208995936599238,0.47700346714428904,2025-09-19
4972,64,21,9,85,11,5,0.8333333333333334,50,0,0,50,0,6,39,39,3,7,7,1,2,2,1,2,2,0.02417715303166866,0.011441559812364959,50,0.05227998628392495,0.010364973817633199,11,53.75,4,4,1,17,70,2,8,2,7,3,10,10,-0.0037867019725741913,2121245872968.0002,5144,5144,True,12.872083668543844,1.8101367658889782,10.726736390453205,20250922,64,21,9,1,11,0.15384615384615385,0.45454545454545453,2575637151790.8,0.8235810201344282,-0.1940933490983796,58.42176967408995,False,False,False,False,False,56.05672256970232,False,False,False,False,False,33.72900320576744,False,False,False,False,False,91.93465298958155,False,False,False,False,False,23.83737996363964,False,False,False,False,False,52.837698533064916,False,False,False,False,False,61.764883767088655,False,False,False,False,False,38.50361301934726,False,False,False,False,False,74.50694527790584,False,False,False,False,False,1.393299131109428,False,False,False,False,False,0.37711768823606756,0.7302767796486531,0.27087105838276615,2025-09-22
4972,51,18,9,69,18,6,0.8333333333333334,64,0,0,64,0,11,53,53,4,6,6,2,3,3,1,2,2,0.03181897669108957,0.02983302821092177,64,0.04199331635701325,0.04484696016040406,11,67.0,5,5,0,14,47,3,14,1,8,2,10,10,-0.015310029065224884,2494066387788.0,5149,5149,True,10.257441673370877,1.8101367658889782,8.547868061142399,20250923,51,18,9,1,18,0.20754716981132076,0.6363636363636364,2524679804075.55,0.9878743370790501,-0.012199778514745128,100.0,False,True,False,False,False,88.15497336495251,False,False,False,False,False,79.16484795576784,False,False,False,False,False,68.86931677021964,False,False,False,False,False,72.71763644652293,False,False,False,False,False,30.650864833507473,False,False,False,False,False,88.36258566000525,False,False,False,False,False,38.50361301934726,False,False,False,False,False,49.01389055581172,False,False,False,False,False,44.480493506524624,False,False,False,False,False,0.4434568499942202,0.7792237133832336,0.2042043917160995,2025-09-23
4971,77,31,8,108,12,4,0.6666666666666666,51,1,0,50,0,8,33,33,3,11,11,1,4,4,0,2,3,0.018022650466836532,0.024734184806119927,50,0.03157013818557909,0.02240724404586218,17,47.5,6,7,0,26,91,2,10,3,7,2,16,17,0.012635379061371799,2326466780288.0,5147,5147,True,15.489841078253873,1.6093341380004023,10.326560718835914,20250924,77,31,8,1,12,0.24242424242424243,0.23529411764705882,2515503812065.35,0.9248512242872963,-0.07812239301395627,13.890104030653442,False,False,False,False,False,30.205724738516803,False,False,False,False,False,66.5682323770292,False,False,False,False,False,45.4978942684168,False,False,False,False,False,40.90801074287339,False,False,False,False,False,48.762816651794964,False,False,False,False,False,40.781565410408,False,False,False,False,False,33.69961237866935,False,False,False,False,False,26.70334598790972,False,False,False,False,False,28.8646556539324,False,False,False,False,False,0.3107460795558779,0.6916618234666839,0.14586027979721394,2025-09-24
4971,41,21,6,62,10,5,0.8333333333333334,77,0,0,77,0,6,65,65,1,8,8,2,3,3,1,1,1,0.0186304932634037,0.004957558976390854,77,0.02734843039467319,0.016779128442395957,12,58.75,12,12,0,19,50,0,6,2,6,4,12,12,-0.00879745081740102,2370850488506.0,5150,5150,True,8.247837457252063,1.2070006035003018,6.873197881043386,20250925,41,21,6,1,10,0.09230769230769231,0.3333333333333333,2473581316548.25,0.9584687888144282,-0.04241827955719991,32.97290875730289,False,False,False,False,False,32.7588706102154,False,False,False,False,False,17.710377125573103,False,False,False,False,False,36.03174921768525,False,False,False,False,False,32.929823770752456,False,False,False,False,False,13.598146095235972,False,False,False,False,False,62.729243102663034,False,False,False,False,False,24.074187762328187,False,False,False,False,False,84.81493936095936,False,False,False,False,False,37.32229421464111,False,False,False,False,False,0.3391877834431505,0.7320514605096058,0.2978274044553819,2025-09-25
4970,47,25,21,72,9,5,0.6666666666666666,41,1,0,40,0,6,31,31,2,5,6,0,1,1,1,3,3,0.012705262764270881,-0.0059157618185953055,40,0.0013287056443331588,-0.022168311072475164,9,25.0,4,4,0,22,60,3,9,0,3,4,8,9,-0.006228291617431159,2146650825771.0,5150,5150,True,9.456740442655937,4.225352112676056,6.3044936284372906,20250926,47,25,21,1,9,0.1935483870967742,0.3333333333333333,2443605837661.5,0.8784767136688942,-0.1295658786284464,37.888128506653906,False,False,False,False,False,7.870893203623037,False,False,False,False,False,0.0,True,False,False,False,False,0.0,True,False,False,False,False,0.0,True,False,False,False,False,7.807182728122529,False,False,False,False,False,71.27965570273105,False,False,False,False,False,96.2852077890059,False,False,False,False,False,100.0,False,True,False,False,False,16.678653383988273,False,False,False,False,False,0.34651360512683027,0.7477865221560523,0.3894666058262687,2025-09-26
4965,55,23,2,78,8,6,0.6666666666666666,47,0,0,47,0,4,38,38,3,6,6,0,2,2,1,1,1,0.012325852451832367,0.0070469515747438325,47,0.044002294576886376,0.03516825326025666,9,63.888888888888886,9,9,0,18,65,3,7,2,6,2,8,8,0.005893909626718985,2161209753104.0,5144,5144,True,11.07754279959718,0.4028197381671702,7.385028533064787,20250929,55,23,2,1,8,0.10526315789473684,0.4444444444444444,2411043288219.75,0.8963794900172778,-0.10939141770838164,45.32980736596546,False,False,False,False,False,6.277241229209572,False,False,False,False,False,22.87218996527085,False,False,False,False,False,73.37395806113162,False,False,False,False,False,58.99749657409815,False,False,False,False,False,18.809980792161802,False,False,False,False,False,34.16572043237074,False,False,False,False,False,4.834970462716973,False,False,False,False,False,61.027260707758956,False,False,False,False,False,21.45760690220712,False,False,False,False,False,0.3576049530482989,0.679486887186776,0.2356204519801148,2025-09-29
4965,52,26,2,78,10,7,0.8333333333333334,55,0,0,55,0,7,47,47,1,4,4,1,3,3,1,1,1,0.02140467137736913,0.021947583726114647,55,0.0376316110605487,0.029878412902687945,8,55.0,8,8,0,24,66,1,8,1,4,3,7,7,0.0,2181107062363.0,5147,5147,True,10.473313192346424,0.4028197381671702,8.72776099362202,20250930,52,26,2,1,10,0.14893617021276595,0.375,2381623637876.5,0.9158067747042163,-0.08794988120601001,40.289240775129976,False,False,False,False,False,44.41135944290123,False,False,False,False,False,59.683976519501336,False,False,False,False,False,59.08926162433337,False,False,False,False,False,51.498834784108936,False,False,False,False,False,32.48266647244063,False,False,False,False,False,67.28631036991366,False,False,False,False,False,4.834970462716973,False,False,False,False,False,100.0,False,True,False,False,False,26.536706993655702,False,False,False,False,False,0.35009230988843815,0.7404376914122668,0.3385888229784577,2025-09-30
4961,87,42,18,129,9,4,0.6666666666666666,52,1,0,51,0,6,41,42,2,7,7,1,1,1,0,2,2,0.028167659401960247,0.013580845616470624,51,0.03436891960040629,0.010046692239236788,10,45.0,3,3,1,37,115,4,10,1,4,2,9,9,0.005015959872320952,2652688165818.0,5143,5143,True,17.536786938117316,3.6283007458173753,11.69119129207821,20251009,87,42,18,1,9,0.14634146341463414,0.3,2346946585642.7,1.1302720658602352,0.1224583699927033,34.95685651848094,False,False,False,False,False,72.81820254912509,False,False,False,False,False,39.014076456299854,False,False,False,False,False,51.773475656384186,False,False,False,False,False,23.38619698853081,False,False,False,False,False,62.65848495931283,False,False,False,False,False,43.17330859405136,False,False,False,False,False,82.00135513694654,False,False,False,False,False,54.59152669778723,False,False,False,False,False,76.37849737965318,False,False,False,False,False,0.3421447311015019,0.6960632749752108,0.2187904196958209,2025-10-09
4962,58,26,6,84,11,3,0.5,87,0,0,87,0,10,78,78,1,6,6,0,2,2,0,1,1,0.01914691303599775,0.01174372295217263,87,0.009488174242755363,0.014782632731024833,9,53.333333333333336,9,9,0,21,68,3,13,2,3,1,9,9,0.0007303638537502488,2515268732629.0,5145,5145,True,11.688835147118096,1.2091898428053203,5.844417573559048,20251010,58,26,6,1,11,0.1282051282051282,0.1111111111111111,2361397683791.25,1.0651610060829348,0.06312596715552754,0.0,True,False,False,False,False,34.92800877868317,False,False,False,False,False,34.47549267642609,False,False,False,False,False,0.0,True,False,False,False,False,30.099672935800438,False,False,False,False,False,3.1223512578515455,False,False,False,False,False,20.981058649096035,False,False,False,False,False,24.12656310788264,False,False,False,False,False,27.277539495543518,False,False,False,False,False,62.323757755800635,False,False,False,False,False,0.27410613363365266,0.6552235591286978,0.14736184826724946,2025-10-10
4966,58,20,3,78,12,4,0.6666666666666666,58,0,0,58,0,8,47,47,3,10,10,1,1,1,0,0,0,-0.018270002660898153,0.018072725481478952,58,-0.004435101821916582,0.025529074969542386,11,63.63636363636363,11,11,0,16,62,3,11,1,5,2,11,11,-0.007617558336497854,2354428388909.0,5147,5147,True,11.679420056383409,0.6041079339508658,7.786280037588939,20251013,58,20,3,1,12,0.1702127659574468,0.36363636363636365,2359964491258.75,0.997654158623888,-0.0023485971726108453,41.105796442051854,False,False,False,False,False,0.0,True,False,False,False,False,50.11119778230481,False,False,False,False,False,0.0,True,False,False,False,False,45.33339084507497,False,False,False,False,False,22.89581759230957,False,False,False,False,False,70.563050862221,False,False,False,False,False,9.650587826262388,False,False,False,False,False,44.133458931583164,False,False,False,False,False,46.81405463215461,False,False,False,False,False,0.35130933405332065,0.7464677762815576,0.1914416172338433,2025-10-13
4966,37,48,3,85,11,4,0.6666666666666666,58,0,0,58,0,7,46,46,2,8,8,2,3,3,0,1,1,0.04596536812292835,0.024392052446543678,58,0.07759228281857085,0.06823501253324363,12,80.0,12,12,0,38,64,6,13,4,8,0,12,12,-0.009887412219005742,2575902595673.0005,5147,5147,True,7.450664518727346,0.6041079339508658,4.967109679151564,20251014,37,48,3,0,11,0.15217391304347827,0.3333333333333333,2362470876651.85,1.0903425820527493,0.08649194232181814,35.52829848236634,False,False,False,False,False,100.0,False,True,False,False,False,65.72299955294008,False,False,False,False,False,100.0,False,True,False,False,False,100.0,False,True,False,False,False,0.0,True,False,False,False,False,0.0,True,False,False,False,False,9.650587826262388,False,False,False,False,False,0.0,True,False,False,False,False,67.85872147403813,False,False,False,False,False,0.34299642891837956,0.5550010070192936,0.06253328680832308,2025-10-14
4966,65,14,4,79,7,3,0.5,37,0,0,37,0,6,26,26,1,7,7,0,2,2,0,2,2,0.028855878906745867,0.004669275107117205,37,0.028594220525313654,-0.03489134033986012,11,37.27272727272727,11,11,0,9,67,2,8,3,4,6,11,11,0.010760135108634383,2072590181953.0,5147,5147,True,13.089005235602095,0.8054772452678212,6.544502617801047,20251015,65,14,4,0,7,0.23076923076923078,0.09090909090909091,2370344858083.65,0.8743833939963591,-0.1342363336126351,0.0,True,False,False,False,False,75.70895785195889,False,False,False,False,False,16.99817618302766,False,False,False,False,False,38.82512826320227,False,False,False,False,False,0.0,True,False,False,False,False,10.25113010290349,False,False,False,False,False,17.553494843229487,False,False,False,False,False,14.468145797248283,False,False,False,False,False,100.0,False,True,False,False,False,15.572309706860684,False,False,False,False,False,0.2792411125714901,0.6489159187486289,0.4414416172338433,2025-10-15
4969,39,19,7,58,12,3,0.5,65,0,0,65,0,8,58,58,4,6,6,0,1,1,0,0,0,0.023954583355673766,0.013878142485639016,65,0.038810114605423975,0.05111777844242471,7,72.14285714285714,7,7,0,16,43,3,11,0,4,0,7,7,-0.012875536480686844,1930913432613.0,5150,5150,True,7.848661702555846,1.408734151740793,3.924330851277923,20251016,40,19,7,0,12,0.13793103448275862,0.5714285714285714,2368067209740.0,0.815396380926622,-0.20408092700930858,52.123362330044564,False,False,False,False,False,55.12185445472111,False,False,False,False,False,39.748543878882394,False,False,False,False,False,61.73176699209516,False,False,False,False,False,81.60689250433076,False,False,False,False,False,0.0,True,False,False,False,False,82.51130682830893,False,False,False,False,False,28.900459734880812,False,False,False,False,False,4.802980247490665,False,False,False,False,False,0.0,True,False,False,False,False,0.3677303136228068,0.7684557846956102,0.0885888229784577,2025-10-16
4971,37,17,23,54,10,4,0.6666666666666666,39,0,0,39,0,7,27,27,1,8,8,2,4,4,0,0,0,0.01747455412886057,0.013350516961248827,39,0.0260232476167071,0.01232326916534962,12,58.333333333333336,12,12,0,13,40,2,9,2,5,3,12,12,-0.02162565249813575,1937843623639.0,5153,5153,True,7.443170388251861,4.626835646751157,4.962113592167907,20251017,37,17,23,0,10,0.25,0.25,2365720913688.95,0.8191345024790999,-0.19950698092174995,14.227896737139151,False,False,False,False,False,27.90353425357649,False,False,False,False,False,38.44505299426051,False,False,False,False,False,33.06035161835815,False,False,False,False,False,26.61337952219419,False,False,False,False,False,0.0,True,False,False,False,False,41.71536262762843,False,False,False,False,False,100.0,False,True,False,False,False,62.321067547346885,False,False,False,False,False,0.11091072176628658,False,False,False,False,False,0.31124953805009653,0.6933802618000723,0.2390038750436172,2025-10-17
4970,75,20,2,95,10,5,0.8333333333333334,37,1,0,36,0,5,26,27,2,7,7,1,1,1,2,2,2,0.014280508503836168,0.02829312427170067,36,0.019600701072631822,0.0484000981280727,10,76.0,10,10,0,18,83,2,7,0,5,1,10,10,0.010555313356494955,1737408668441.0,5152,5152,True,15.090543259557345,0.40241448692152915,12.575452716297788,20251020,75,20,2,0,10,0.19230769230769232,0.5,2340744522926.9,0.742246174848898,-0.2980743188053725,80.03678639410097,False,False,False,False,False,14.487459492794322,False,False,False,False,False,75.36053854467947,False,False,False,False,False,18.659365052623965,False,False,False,False,False,77.75441981080627,False,False,False,False,False,71.66268264403442,False,False,False,False,False,100.0,False,True,False,False,False,4.825275234800058,False,False,False,False,False,23.520835833717605,False,False,False,False,False,0.0,True,False,False,False,False,0.4093334926670832,0.8008684367381795,0.13753772504943285,2025-10-20
4969,76,21,3,97,12,6,0.6666666666666666,75,0,0,75,0,10,65,65,1,5,5,0,2,2,1,3,3,0.015000227934703328,0.017311533152700436,75,0.010177438316774812,0.00816653945527176,10,37.0,5,5,0,17,81,3,13,1,3,2,8,8,0.013404825737265424,1873700891092.0,5151,5151,True,15.29482793318575,0.6037432078889113,10.196551955457167,20251021,77,21,3,0,12,0.15384615384615385,0.2,2301585067566.15,0.8140915221844817,-0.20568248418387983,2.1328872774851595,False,False,False,False,False,17.510525167138795,False,False,False,False,False,48.230683637062015,False,False,False,False,False,0.0,True,False,False,False,False,20.720969139019612,False,False,False,False,False,47.438972170801584,False,False,False,False,False,65.07305142244972,False,False,False,False,False,9.64186212255161,False,False,False,False,False,61.027260707758956,False,False,False,False,False,0.0,True,False,False,False,False,0.29322269752571417,0.7363646989606958,0.2356204519801148,2025-10-21
4969,56,20,5,76,21,7,0.6666666666666666,76,0,0,76,0,14,64,64,6,10,10,0,1,1,1,1,1,0.022340822719981713,0.02190972820180747,76,0.06550595760908538,0.0725837375361102,12,84.58333333333333,12,12,0,16,51,2,16,2,9,1,11,11,-0.0026821636119804815,1667606042689.0002,5151,5151,True,11.269873213926344,1.006238679814852,7.513248809284229,20251022,56,20,5,0,21,0.2153846153846154,0.5833333333333334,2281411750134.05,0.7309535609216601,-0.31340534940130077,88.86257477438946,False,False,False,False,False,48.3435125409964,False,False,False,False,False,59.59045501876648,False,False,False,False,False,100.0,False,True,False,False,False,100.0,False,True,False,False,False,20.115613586545443,False,False,False,False,False,82.33951054699374,False,False,False,False,False,19.271160928716206,False,False,False,False,False,20.23372012961992,False,False,False,False,False,0.0,True,False,False,False,False,0.4224877675904828,0.7681396332765426,0.1289416172338433,2025-10-22
4970,57,17,8,74,9,8,0.8333333333333334,56,0,0,56,0,3,35,35,2,14,14,3,6,6,1,1,1,0.01084420052608562,-0.010932503438395394,56,0.021412552789479664,-0.00731434251901947,21,46.42857142857143,21,21,0,12,60,1,4,4,10,8,20,20,0.002432104169377669,1643684052377.0,5153,5153,True,11.46881287726358,1.6096579476861166,9.557344064386317,20251023,58,17,8,0,9,0.08571428571428572,0.2857142857142857,2247733724834.3,0.7312627978201335,-0.3129823792967264,19.64704726561454,False,False,False,False,False,0.053800696758393635,False,False,False,False,False,0.0,True,False,False,False,False,22.72199847292952,False,False,False,False,False,0.0,True,False,False,False,False,40.93008910161692,False,False,False,False,False,42.97275899815198,False,False,False,False,False,33.70735919928612,False,False,False,False,False,100.0,False,True,False,False,False,0.0,True,False,False,False,False,0.3193264364337083,0.6956942097145915,0.36252263502965965,2025-10-23
4970,56,21,8,77,10,5,0.8333333333333334,57,0,0,57,0,7,48,48,1,3,3,1,2,2,1,4,4,0.01019868858476523,-0.015652452499722226,57,0.011629275659825892,0.004371271593799563,9,48.333333333333336,6,6,0,16,62,4,11,1,4,3,8,8,0.0028513356562137604,1974020963329.0,5154,5154,True,11.267605633802818,1.6096579476861166,9.389671361502348,20251024,57,21,8,0,10,0.14285714285714285,0.3333333333333333,2211094134328.9,0.8927801547120222,-0.11341491574727586,32.858321465390155,False,False,False,False,False,0.0,True,False,False,False,False,0.0,True,False,False,False,False,0.7853972282150475,False,False,False,False,False,15.34095231963189,False,False,False,False,False,39.222722793704854,False,False,False,False,False,53.40196082361136,False,False,False,False,False,33.70735919928612,False,False,False,False,False,90.4423238486368,False,False,False,False,False,20.50451525902985,False,False,False,False,False,0.33901699838966853,0.7148867494577065,0.31254352890319176,2025-10-24
4968,51,34,8,85,12,6,0.8333333333333334,56,1,0,55,0,6,45,46,4,7,7,0,1,1,2,2,2,0.029889024936617888,0.028759556878703577,55,0.040819564049083636,0.05044026931919081,10,66.66666666666667,3,3,0,33,72,0,6,1,7,1,9,9,0.004545460415109059,2339921516681.0,5153,5153,True,10.265700483091788,1.6103059581320451,8.55475040257649,20251027,51,34,8,0,12,0.13043478260869565,0.6,2153056705074.35,1.0867904738255358,0.0832288331889234,76.87876652436155,False,False,False,False,False,80.04852152849917,False,False,False,False,False,76.51285325163266,False,False,False,False,False,66.23746488685931,False,False,False,False,False,80.64648322326539,False,False,False,False,False,30.720945876408333,False,False,False,False,False,84.02483116947121,False,False,False,False,False,33.722862196583215,False,False,False,False,False,27.277539495543518,False,False,False,False,False,67.0857517806834,False,False,False,False,False,0.404626665379802,0.7712410770464607,0.14736184826724946,2025-10-27
4966,57,22,4,79,13,7,0.8333333333333334,51,0,0,51,0,6,39,39,3,6,6,3,4,4,1,2,2,0.022488963476686906,0.03533874034714275,51,0.0483444140005005,0.040539836660467204,12,69.16666666666667,6,6,0,19,63,3,9,0,7,1,10,10,-0.001547190918890995,2147638379557.9995,5153,5153,True,11.47805074506645,0.8054772452678212,9.565042287555377,20251028,57,22,4,0,13,0.15384615384615385,0.5833333333333334,2153878721331.55,0.9971027422706081,-0.0029014629048492654,84.87294536522862,False,False,False,False,False,48.96575395530322,False,False,False,False,False,92.76662658694877,False,False,False,False,False,83.11009668732254,False,False,False,False,False,66.61203396505493,False,False,False,False,False,41.00847805010746,False,False,False,False,False,92.63703606379634,False,False,False,False,False,14.468145797248283,False,False,False,False,False,23.520835833717605,False,False,False,False,False,46.68309105168264,False,False,False,False,False,0.4165414793010658,0.7870898531538215,0.13753772504943285,2025-10-28
4968,56,35,1,91,11,5,0.6666666666666666,57,0,0,57,0,8,44,44,0,6,6,1,3,3,2,4,4,0.024341215480597155,0.011398398818290812,57,0.0369089474325427,0.003666124635349074,13,57.142857142857146,7,7,0,31,76,2,10,2,5,4,12,12,-0.0004902328227511243,2255773708444.0,5153,5153,True,11.272141706924316,0.20128824476650564,7.514761137949543,20251029,56,35,1,0,11,0.18181818181818182,0.23076923076923078,2155198346661.05,1.0466664063373874,0.04561026252978003,5.425125806082112,False,False,False,False,False,56.74584049056636,False,False,False,False,False,33.62237462214861,False,False,False,False,False,57.46886555136764,False,False,False,False,False,14.341364771381174,False,False,False,False,False,20.13101322503898,False,False,False,False,False,35.95205110848363,False,False,False,False,False,0.013532448714519368,False,False,False,False,False,84.81493936095936,False,False,False,False,False,58.17461401525852,False,False,False,False,False,0.29812956916737904,0.6827742166554558,0.2978274044553819,2025-10-29
4967,46,21,11,67,12,6,0.8333333333333334,56,0,0,56,0,8,45,45,2,8,8,0,0,0,2,3,3,0.02218654189689775,0.01390211091631741,56,0.0191961031531746,0.017563894992137175,11,59.09090909090909,11,11,0,18,52,2,10,1,5,3,9,9,-0.012718600953895098,2421395039066.0,5152,5152,True,9.261123414535936,2.214616468693376,7.7176028454466135,20251030,46,22,11,0,12,0.17777777777777778,0.36363636363636365,2143283712693.85,1.1297594549545646,0.12200473834222417,21.267043737488077,False,False,False,False,False,47.69548076573532,False,False,False,False,False,39.807757524666656,False,False,False,False,False,17.75215337846297,False,False,False,False,False,34.042276802002505,False,False,False,False,False,22.196496104858195,False,False,False,False,False,69.52009971413226,False,False,False,False,False,48.180382550928115,False,False,False,False,False,81.90551390003094,False,False,False,False,False,76.27104050233575,False,False,False,False,False,0.32174093789779906,0.7445484653223089,0.2902189911243923,2025-10-30
4968,57,40,12,97,9,7,0.8333333333333334,46,0,0,46,0,5,34,34,1,8,8,2,2,2,1,2,2,0.010572393105991543,0.007419948454024045,46,0.026786264286790956,0.0038511628195710503,12,75.0,4,4,0,35,83,3,8,2,6,4,10,10,0.008137050937590429,2317490120648.0,5153,5153,True,11.473429951690822,2.4154589371980677,9.561191626409018,20251031,57,40,13,0,9,0.14705882352941177,0.3333333333333333,2148030125632.75,1.0788908837883882,0.07593355399676643,44.27453755448295,False,False,False,False,False,0.0,True,False,False,False,False,23.793673118869407,False,False,False,False,False,34.77122949832388,False,False,False,False,False,14.603667349138371,False,False,False,False,False,40.96926779708834,False,False,False,False,False,24.153603104465525,False,False,False,False,False,52.98533633822247,False,False,False,False,False,100.0,False,False,False,True,False,65.35763620426802,False,False,False,False,False,0.35603214066933825,0.6610618952320262,0.33753772504943286,2025-10-31
4970,66,26,7,92,10,5,0.5,57,0,0,57,0,9,48,48,0,5,5,0,1,1,1,3,3,0.029632852193978362,0.02767586187807509,57,0.03397376412417154,-0.017178544550408473,9,51.25,4,4,0,19,75,4,13,3,4,2,8,8,0.006359302262882727,2106875815293.0,5154,5154,True,13.279678068410462,1.4084507042253522,6.639839034205231,20251103,66,26,7,0,10,0.1875,0.1111111111111111,2145362107239.85,0.9820607011669628,-0.018102158722421983,0.0,True,False,False,False,False,78.97250913844441,False,False,False,False,False,73.83560112918815,False,False,False,False,False,50.88743634696375,False,False,False,False,False,0.0,True,False,False,False,False,11.221915343946689,False,False,False,False,False,0.0,True,False,False,False,False,28.89367853853845,False,False,False,False,False,61.027260707758956,False,False,False,False,False,43.08232972058232,False,False,False,False,False,0.28532447811719797,0.6163903015911788,0.2356204519801148,2025-11-03
4970,50,20,6,70,14,6,0.6666666666666666,66,0,0,66,0,9,56,56,4,9,9,0,0,0,1,1,1,0.030403592795835023,0.0290134841737607,66,0.058271782087862586,0.06998378898182438,10,83.5,10,10,0,13,49,5,14,2,7,0,9,9,-0.007899964981502638,1915447304317.0,5154,5154,True,10.060362173038229,1.2072434607645874,6.706908115358819,20251104,51,20,6,0,14,0.16071428571428573,0.5,2143373356715.95,0.8936601261349187,-0.11242974820095175,53.14511520636922,False,False,False,False,False,82.20988103277988,False,False,False,False,False,77.14017679676668,False,False,False,False,False,100.0,False,True,False,False,False,100.0,False,True,False,False,False,11.904861867111519,False,False,False,False,False,47.754736851443695,False,False,False,False,False,24.079997877790767,False,False,False,False,False,0.0,True,False,False,False,False,20.737883076400283,False,False,False,False,False,0.3692531711466702,0.7044943366596805,0.07593327683867802,2025-11-04
4970,66,32,2,98,19,7,0.8333333333333334,50,0,0,50,0,11,36,36,5,9,9,2,4,4,1,1,1,0.010828189706679751,0.03653307941492976,50,0.01185120424627947,0.04992768453677952,14,78.21428571428571,14,14,0,29,76,3,14,0,8,1,13,13,0.004139317618400584,1872125713896.9998,5154,5154,True,13.279678068410462,0.40241448692152915,11.066398390342052,20251105,66,32,2,0,19,0.2972972972972973,0.5714285714285714,2131085234276.6,0.8784846724033051,-0.1295568189707055,100.0,False,True,False,False,False,0.0,True,False,False,False,False,95.71722320527475,False,False,False,False,False,1.2830176923312036,False,False,False,False,False,79.91986395648584,False,False,False,False,False,56.29638587282566,False,False,False,False,False,100.0,False,True,False,False,False,4.825275234800058,False,False,False,False,False,14.755193956123785,False,False,False,False,False,16.680799447935474,False,False,False,False,False,0.45283920414055534,0.8020603559446556,0.11461477087452737,2025-11-05
4969,62,36,12,98,11,8,0.8333333333333334,66,0,0,66,0,7,47,47,2,11,11,1,5,5,1,3,3,0.03458120826295319,0.006504970855142017,66,0.05114895733250806,0.003383120089357302,19,62.5,8,8,0,26,77,6,13,4,8,6,18,18,0.002002002002001957,2054992271824.0,5154,5154,True,12.477359629704166,2.4149728315556453,10.397799691420138,20251106,62,36,12,0,11,0.14893617021276595,0.21052631578947367,2115636166853.3,0.9713353855547389,-0.029083468109333824,0.0,True,False,False,False,False,99.7572826696081,False,False,False,False,False,21.533234787811832,False,False,False,False,False,89.39859776241678,False,False,False,False,False,13.940189077603316,False,False,False,False,False,49.4882240646208,False,False,False,False,False,0.0,True,False,False,False,False,52.97370675029233,False,False,False,False,False,88.35684861774178,False,False,False,False,False,40.481062339155635,False,False,False,False,False,0.27855715501881445,0.6024434028950949,0.3070898206844127,2025-11-06
4970,54,28,4,82,12,9,1.0,62,0,0,62,0,8,51,51,1,7,7,1,2,2,2,2,2,0.012380301092984458,0.03104303307724679,62,0.00818384071596106,0.029541620182192044,11,83.75,4,4,0,20,62,7,15,1,5,1,10,10,-0.0033344451856793245,1998714969985.0002,5155,5155,True,10.865191146881289,0.8048289738430583,10.865191146881289,20251107,54,28,4,0,12,0.1568627450980392,0.36363636363636365,2085751372153.6,0.958270960129475,-0.04262470161920877,44.40916797006607,False,False,False,False,False,6.505943986175946,False,False,False,False,False,82.15414669264317,False,False,False,False,False,0.0,True,False,False,False,False,51.021411169478355,False,False,False,False,False,54.247546303331184,False,False,False,False,False,40.78094106086876,False,False,False,False,False,14.452636556295412,False,False,False,False,False,23.520835833717605,False,False,False,False,False,37.273396678127796,False,False,False,False,False,0.3562327987208713,0.6916606744954064,0.13753772504943285,2025-11-07
4973,71,46,9,117,11,5,0.8333333333333334,54,0,0,54,0,5,42,42,4,8,8,1,1,1,1,3,3,0.04526324364462467,0.03402172286932315,54,0.05071910647960489,0.0641503148872639,12,83.33333333333333,3,3,0,35,95,9,14,2,8,1,10,10,0.005319148936170359,2174194968894.0,5158,5158,True,14.277096320128695,1.8097727729740598,11.897580266773913,20251110,71,46,9,0,11,0.11904761904761904,0.5,2059923684021.4,1.0554735526170167,0.05398953125807969,68.02895512488817,False,False,False,False,False,100.0,False,True,False,False,False,89.51295481053182,False,False,False,False,False,88.43476257407731,False,False,False,False,False,100.0,False,True,False,False,False,64.76008871269067,False,False,False,False,False,8.759374339618423,False,False,False,False,False,38.49490485544095,False,False,False,False,False,23.520835833717605,False,False,False,False,False,60.159506495304036,False,False,False,False,False,0.3914365856778113,0.6327323689337931,0.13753772504943285,2025-11-10
4975,66,31,1,97,18,6,0.8333333333333334,71,0,0,71,0,15,60,60,1,5,5,1,4,4,1,2,2,0.03043362234495412,0.033454420061603,71,0.025562358417707556,0.040298722909051204,11,66.66666666666667,6,6,0,23,71,5,20,3,6,1,10,10,0.0006226650062266526,1993405867827.0002,5158,5158,True,13.266331658291458,0.20100502512562815,11.055276381909549,20251111,66,31,1,0,18,0.25,0.2727272727272727,2050912013020.65,0.9719606961056546,-0.028439911444552934,30.888404633740805,False,False,False,False,False,82.33601532242746,False,False,False,False,False,88.1114417970394,False,False,False,False,False,32.02692054588001,False,False,False,False,False,66.27024095192607,False,False,False,False,False,56.1831334343109,False,False,False,False,False,23.945659619808996,False,False,False,False,False,0.006756704041581039,False,False,False,False,False,23.520835833717605,False,False,False,False,False,40.6335089100709,False,False,False,False,False,0.33608096293728656,0.6606792232250611,0.13753772504943285,2025-11-11
4976,58,22,5,80,19,7,1.0,66,0,0,66,0,10,48,48,6,15,15,1,1,1,2,2,2,0.028927037023450737,0.020832628131761,66,0.045549718397867665,0.04080798155710354,18,100.0,3,3,0,17,56,4,14,1,10,2,17,17,-0.006902596773998404,1944898655174.0002,5160,5160,True,11.655948553054662,1.0048231511254018,11.655948553054662,20251112,58,22,5,0,19,0.20833333333333334,0.5,2021787176628.35,0.9619700221946339,-0.03877199076181454,97.32471130281088,False,False,False,False,False,76.00784607261218,False,False,False,False,False,56.9294955726634,False,False,False,False,False,76.84367673183641,False,False,False,False,False,66.99214522639205,False,False,False,False,False,62.29961756961623,False,False,False,False,False,85.66861554560877,False,False,False,False,False,19.237295830422823,False,False,False,False,False,24.168056832466306,False,False,False,False,False,38.18603202335838,False,False,False,False,False,0.43510004261203267,0.774266082938198,0.13923026707915875,2025-11-12
4976,86,41,0,127,19,8,1.0,58,0,0,58,0,7,39,39,5,10,10,4,6,6,3,3,3,0.027800223876356847,0.03820778359610795,58,0.04721207052017171,0.05959641957819212,19,100.0,3,3,0,36,103,4,11,1,13,0,17,17,0.005967181982730496,2041814946132.0,5159,5159,True,17.282958199356916,0.0,17.282958199356916,20251113,86,42,0,0,19,0.1794871794871795,0.631578947368421,2015402600289.4,1.013105245492294,0.013020114728974583,100.0,False,True,False,False,False,71.27484874019983,False,False,False,False,False,99.85455457704056,False,False,False,False,False,80.57109395124203,False,False,False,False,False,93.62586812896217,False,False,False,False,False,100.0,False,True,False,False,False,78.94482810089156,False,False,False,False,False,0.0,True,False,False,False,False,0.0,True,False,False,False,False,50.45461583989059,False,False,False,False,False,0.46064622016321954,0.7618925034527604,0.048321176170067835,2025-11-13
4976,71,31,6,102,21,7,1.0,86,0,0,86,0,11,67,67,3,7,7,2,5,5,5,7,7,0.01856580081309576,0.017211432997853434,86,0.022145936701248273,0.02914957523803486,19,66.66666666666667,3,3,0,24,74,5,16,2,12,5,16,16,-0.004536176236980105,1957919982835.0,5157,5157,True,14.268488745980708,1.2057877813504825,14.268488745980708,20251114,71,31,6,0,21,0.16417910447761194,0.5263157894736842,2020947675965.35,0.9688128030824729,-0.031683871427529264,70.03512087809057,False,False,False,False,False,32.48714038100715,False,False,False,False,False,47.98338771720842,False,False,False,False,False,24.366432154869614,False,False,False,False,False,50.46566425766398,False,False,False,False,False,88.90241591869975,False,False,False,False,False,69.2958991312194,False,False,False,False,False,24.045172213846456,False,False,False,False,False,81.33132039239713,False,False,False,False,False,39.86507529318117,False,False,False,False,False,0.3944266478368443,0.7441358758768271,0.2887174226543568,2025-11-14
4975,85,26,6,111,25,8,1.0,71,0,0,71,0,13,50,50,5,11,11,2,3,3,5,7,7,0.02968218841254932,0.02749069915109252,71,0.03974758334067189,0.034582574224468074,21,78.0,5,5,0,23,83,2,15,1,13,5,16,16,0.0,1910643167283.0,5156,5156,True,17.085427135678394,1.206030150753769,17.085427135678394,20251117,85,26,6,0,25,0.26,0.5714285714285714,2021951493925.15,0.9449500509895662,-0.0566232089810241,100.0,False,True,False,False,False,79.1797379868918,False,False,False,False,False,73.37815941032424,False,False,False,False,False,63.833810872891185,False,False,False,False,False,58.16726187701854,False,False,False,False,False,100.0,False,True,False,False,False,100.0,False,True,False,False,False,24.05097065772596,False,False,False,False,False,81.33132039239713,False,False,False,False,False,33.95741137018703,False,False,False,False,False,0.45126950774661584,0.8265174322601111,0.2887174226543568,2025-11-17
4974,45,26,32,71,17,6,1.0,85,2,0,83,0,8,59,60,4,13,13,2,4,5,3,7,7,0.028859089613677086,-0.0022134760179998467,83,0.04066118819095324,0.008947964263571228,24,36.666666666666664,3,3,0,19,47,5,13,2,11,6,19,20,-0.011467197820755004,1925856512021.9998,5158,5158,True,9.047044632086852,6.433453960595094,9.047044632086852,20251118,45,26,32,0,17,0.13559322033898305,0.375,2030613218867.25,0.9484112947399764,-0.05296701560412896,35.770884798957624,False,False,False,False,False,75.72244390985571,False,False,False,False,False,0.0,True,False,False,False,False,65.88234584029104,False,False,False,False,False,21.828685053992526,False,False,False,False,False,35.73384640576388,False,False,False,False,False,49.69095819743689,False,False,False,False,False,100.0,False,True,False,False,False,83.46393761567566,False,False,False,False,False,34.823495389533676,False,False,False,False,False,0.34335798835801257,0.7080575053236262,0.29429441148922886,2025-11-18
4978,54,23,22,77,15,6,0.8333333333333334,45,0,0,45,0,7,28,28,3,8,8,3,4,4,2,5,5,0.028232041846364513,0.027265727361701395,45,0.043456654851812174,0.030963871394827546,17,55.0,5,5,0,20,59,1,8,2,10,2,14,14,-0.014737809463201246,1725727959382.0,5160,5160,True,10.847730012053034,4.41944556046605,9.039775010044195,20251119,54,23,22,0,15,0.25,0.47058823529411764,2033220999913.75,0.8487655594031372,-0.16397226813807309,79.27673239807274,False,False,False,False,False,73.08863064841154,False,False,False,False,False,72.82237000436757,False,False,False,False,False,72.15049470487564,False,False,False,False,False,53.03753644038491,False,False,False,False,False,35.65982178796144,False,False,False,False,False,79.57742705207433,False,False,False,False,False,100.0,False,True,False,False,False,32.5745419268313,False,False,False,False,False,8.528421422513361,False,False,False,False,False,0.4082006806406003,0.7630566558697162,0.16121399346007856,2025-11-19
4976,41,44,10,85,12,7,1.0,54,0,0,54,0,6,39,39,2,7,7,1,3,3,3,5,5,0.025668007613398488,-0.012885422107236822,54,0.05321266063295846,0.0013994017896026057,15,63.125,8,8,0,35,64,5,11,4,10,7,13,13,-0.007721297978650954,1708025149573.0,5159,5159,True,8.239549839228294,2.0096463022508035,8.239549839228294,20251120,41,45,10,0,12,0.15384615384615385,0.4,2036127095748.4,0.8388597907957202,-0.17571170114555348,38.965970645336185,False,False,False,False,False,62.31881737800337,False,False,False,False,False,0.0,True,False,False,False,False,94.0259466343161,False,False,False,False,False,11.128150979858193,False,False,False,False,False,27.511342805430072,False,False,False,False,False,0.0,True,False,False,False,False,43.27667774754094,False,False,False,False,False,100.0,False,True,False,False,False,5.747568695132885,False,False,False,False,False,0.34812006012046204,0.593906856715349,0.44794810420786063,2025-11-20
4979,28,20,75,48,9,6,0.8333333333333334,41,0,0,41,0,4,29,29,3,6,6,0,2,2,2,4,4,0.0014626156564148686,-0.008891603480695495,41,-0.0052746174612244845,-0.010328058221116848,12,50.0,4,4,0,15,34,3,7,2,7,5,9,9,-0.03880440482433134,1965354102593.0,5161,5161,True,5.6236192006426995,15.06326571600723,4.686349333868916,20251121,28,20,75,0,9,0.13793103448275862,0.4166666666666667,2039344150608.2,0.9637187043721219,-0.03695582739748172,40.2607141188975,False,False,False,False,False,0.0,True,False,False,False,False,0.0,True,False,False,False,False,0.0,True,False,False,False,False,0.0,True,False,False,False,False,0.0,True,False,False,False,False,25.211846779133772,False,False,False,False,False,100.0,False,True,False,False,False,100.0,False,True,False,False,False,38.61624725111727,False,False,False,False,False,0.35004979272594133,0.6630093485581656,0.43307613398153516,2025-11-21
4975,66,24,23,90,13,7,0.8333333333333334,28,0,0,28,0,9,19,19,1,4,4,2,3,3,1,2,2,0.042368044538866875,0.04248745084436415,28,0.02090825515195454,0.02034797260632901,9,75.0,5,5,0,18,71,4,13,2,6,2,7,7,0.013607815771109477,1727549924929.0002,5157,5157,True,13.266331658291458,4.623115577889447,11.055276381909549,20251124,66,24,23,0,13,0.47368421052631576,0.4444444444444444,2038910807571.4,0.8472905820665741,-0.16571157106836834,94.18972525468327,False,False,False,False,False,100.0,False,True,False,False,False,100.0,False,True,False,False,False,21.591234615744202,False,False,False,False,False,37.98887159782351,False,False,False,False,False,56.1831334343109,False,False,False,False,False,48.19453586516219,False,False,False,False,False,100.0,False,True,False,False,False,68.535617052726,False,False,False,False,False,8.116412998054495,False,False,False,False,False,0.43042754576742276,0.7053036852743721,0.2552554896451244,2025-11-24
4975,77,26,6,103,12,5,0.8333333333333334,66,2,0,64,0,5,51,53,5,9,9,1,1,1,1,3,3,0.013392462066834015,0.026483725268692776,64,0.017718947388165707,0.04082330388481658,13,58.75,4,4,0,22,87,4,9,0,7,1,12,12,0.009569377990430672,1811996167733.0002,5155,5155,True,15.477386934673367,1.206030150753769,12.89782244556114,20251125,78,26,6,0,12,0.09803921568627451,0.5384615384615384,2008292227983.8,0.9022572225717027,-0.10285563042427731,72.60295182421092,False,False,False,False,False,10.757363311160693,False,False,False,False,False,70.89044565106781,False,False,False,False,False,14.439993601744264,False,False,False,False,False,67.01386553278866,False,False,False,False,False,74.94528741492469,False,False,False,False,False,86.01663546694371,False,False,False,False,False,24.05097065772596,False,False,False,False,False,17.333323920121966,False,False,False,False,False,23.00581301088366,False,False,False,False,False,0.3982538361589119,0.7749065333085524,0.1213568162200878,2025-11-25
4973,68,27,5,95,21,5,0.8333333333333334,77,0,0,77,0,14,65,65,3,5,5,3,5,5,1,2,2,0.025019102475314338,0.029680525157950152,77,0.05170351638670118,0.06786015488952107,12,72.14285714285714,7,7,0,16,63,8,22,3,10,1,11,11,-0.006249999999999978,1783181747496.0,5151,5151,True,13.67383872913734,1.0054293183189222,11.39486560761445,20251126,68,27,5,0,21,0.21212121212121213,0.5833333333333334,1991510117392.55,0.8953917592096842,-0.11049393669128486,93.01172640760991,False,False,False,False,False,59.59319574724594,False,False,False,False,False,78.78809146800076,False,False,False,False,False,90.6420605282427,False,False,False,False,False,100.0,False,True,False,False,False,59.64107973401197,False,False,False,False,False,44.44850940510847,False,False,False,False,False,19.25179777004707,False,False,False,False,False,20.23372012961992,False,False,False,False,False,21.196440718232004,False,False,False,False,False,0.42867181358507644,0.6984099878547065,0.1289416172338433,2025-11-26
4973,53,36,8,89,10,4,0.6666666666666666,68,0,0,68,0,6,47,47,2,14,14,2,3,3,0,4,4,0.015147987498036404,-0.009908413314171716,68,0.01691901311884092,-0.010177432506368156,21,46.42857142857143,7,7,0,30,73,4,10,2,6,7,20,20,0.0014880952380953438,1709648635341.0,5150,5150,True,10.657550774180576,1.6086869093102756,7.105033849453717,20251127,53,36,8,0,10,0.1276595744680851,0.19047619047619047,1967880519345.15,0.8687766449915966,-0.14066921207954103,0.0,True,False,False,False,False,18.131165440015902,False,False,False,False,False,0.0,True,False,False,False,False,12.646337053370388,False,False,False,False,False,0.0,True,False,False,False,False,15.95886978262045,False,False,False,False,False,22.10436879570874,False,False,False,False,False,33.684128084092485,False,False,False,False,False,94.25829232703128,False,False,False,False,False,14.04848077762674,False,False,False,False,False,0.28348426455434067,0.6572907522843695,0.32252263502965967,2025-11-27
4971,70,27,3,97,9,5,0.8333333333333334,53,0,0,53,0,5,43,43,2,6,6,1,2,2,1,2,2,0.006584245952787611,0.008624200795678924,53,-0.002890204166389332,0.0036273358457104775,10,55.5,10,10,0,27,88,0,5,0,4,4,10,10,0.009369144284821829,1585667042765.9998,5149,5149,True,14.081673707503521,0.6035003017501509,11.734728089586268,20251128,70,27,3,0,9,0.11627906976744186,0.4,1932293199158.9,0.8206140990695503,-0.19770231770616115,41.77746323990297,False,False,False,False,False,0.0,True,False,False,False,False,26.7687603304783,False,False,False,False,False,0.0,True,False,False,False,False,14.286379366325106,False,False,False,False,False,63.10180852922681,False,False,False,False,False,100.0,False,True,False,False,False,9.636050837816446,False,False,False,False,False,100.0,False,False,False,True,False,0.5384017787769235,False,False,False,False,False,0.35231041059573875,0.8187826284636059,0.33753772504943286,2025-11-28
4972,63,30,4,93,18,6,0.8333333333333334,70,0,0,70,0,11,61,61,4,5,5,2,2,2,1,2,2,0.023794081964300603,0.030448886015014144,70,0.044545121823493065,0.07469242103935489,9,83.75,4,4,0,26,71,3,14,1,8,0,8,8,0.004069459468470815,1873843776126.0,5148,5148,True,12.670957361222849,0.8045052292839903,10.559131134352373,20251201,63,30,4,0,18,0.18032786885245902,0.7777777777777778,1895702045264.8,0.9884695650387681,-0.011597425880593435,100.0,False,True,False,False,False,54.44769418318288,False,False,False,False,False,80.68631535404329,False,False,False,False,False,74.59111512371588,False,False,False,False,False,100.0,False,True,False,False,False,51.131019017714344,False,False,False,False,False,81.46536712324216,False,False,False,False,False,14.44489129376806,False,False,False,False,False,2.19713442600328,False,False,False,False,False,44.62317961107994,False,False,False,False,False,0.47278426775371973,0.7665309739867607,0.08177429813396095,2025-12-01
4973,47,22,3,69,15,7,1.0,63,0,0,63,0,4,45,45,5,11,11,3,4,4,3,3,3,0.020863617323039884,0.020493212992809467,63,0.03385988766786422,0.06016433504194935,18,96.42857142857143,7,7,0,18,50,2,6,2,13,0,17,17,-0.007427213309566305,1593322032657.0,5151,5151,True,9.451035592197869,0.6032575909913533,9.451035592197869,20251202,47,22,3,0,15,0.08888888888888889,0.6111111111111112,1884050443306.45,0.8456896885737143,-0.16760278503911674,98.16512057435635,False,False,False,False,False,42.13874893739225,False,False,False,False,False,56.090975601065495,False,False,False,False,False,50.63209630292034,False,False,False,False,False,94.43092191133711,False,False,False,False,False,39.847578349787696,False,False,False,False,False,66.85563443367522,False,False,False,False,False,9.630244227350124,False,False,False,False,False,0.0,True,False,False,False,False,7.668419681404143,False,False,False,False,False,0.4363526190539031,0.7396451317168085,0.048321176170067835,2025-12-02
4978,47,27,10,74,11,6,1.0,47,0,0,47,0,6,32,32,1,4,4,1,5,5,3,6,6,0.02675133493397187,0.012836725210117675,47,0.03888364773586638,0.019427856121680787,15,58.333333333333336,6,6,1,18,54,6,12,3,8,3,12,12,-0.008746133909035003,1669825352218.0,5157,5157,True,9.44154278826838,2.008838891120932,9.44154278826838,20251203,48,27,10,0,11,0.1875,0.3333333333333333,1867944179723.45,0.8939375011009261,-0.1121194155354712,22.04154038397215,False,False,False,False,False,66.86915949251193,False,False,False,False,False,37.17573823742154,False,False,False,False,False,61.896647015364806,False,False,False,False,False,36.684552023056234,False,False,False,False,False,39.75091566517624,False,False,False,False,False,9.67032922795606,False,False,False,False,False,43.257361249415496,False,False,False,False,False,62.321067547346885,False,False,False,False,False,20.811395096840023,False,False,False,False,False,0.3228952757740455,0.6344087712310356,0.2390038750436172,2025-12-03
4977,38,26,14,64,10,3,0.5,47,1,0,46,0,7,35,36,3,6,6,0,1,1,0,4,4,0.02132673255992646,0.003277972824162592,46,0.01644185577729986,-0.005779113596233237,11,37.5,4,4,0,19,47,6,13,1,4,3,8,8,-0.008695652173912993,1548857114636.0,5155,5155,True,7.635121559172192,2.8129395218002813,3.817560779586096,20251204,38,26,14,0,10,0.19444444444444445,0.2727272727272727,1857829161639.5,0.8336918951520613,-0.1818913751528726,29.031174353849963,False,False,False,False,False,44.083989979739655,False,False,False,False,False,13.56098491810357,False,False,False,False,False,11.57642865829412,False,False,False,False,False,0.9521805546641883,False,False,False,False,False,0.0,True,False,False,False,False,27.111431682731467,False,False,False,False,False,62.49465901574058,False,False,False,False,False,90.4423238486368,False,False,False,False,False,4.283719179860264,False,False,False,False,False,0.33331287960636174,0.6665050963026115,0.31254352890319176,2025-12-04
4976,73,25,2,98,11,4,0.6666666666666666,38,0,0,38,0,4,28,28,5,7,7,2,3,3,0,0,0,0.02286547095389539,0.014933294974025863,38,0.04234970729190024,0.04927076600552901,10,76.5,10,10,0,22,84,2,6,1,8,2,10,10,0.011673151750972832,1725659014976.0,5153,5153,True,14.67041800643087,0.40192926045016075,9.780278670953912,20251205,73,25,2,0,11,0.14285714285714285,0.7,1832522403780.1,0.9416850846769109,-0.06008436531204722,94.84650103697363,False,False,False,False,False,50.54721303736749,False,False,False,False,False,42.35528215616336,False,False,False,False,False,69.66843609621216,False,False,False,False,False,78.98864305822643,False,False,False,False,False,43.20017260104345,False,False,False,False,False,78.4146999620842,False,False,False,False,False,4.813666680151953,False,False,False,False,False,49.01389055581172,False,False,False,False,False,33.13752798937275,False,False,False,False,False,0.4314064282004724,0.7609169249240022,0.2042043917160995,2025-12-05
4977,74,30,2,104,26,5,0.8333333333333334,73,1,0,72,0,20,61,62,2,4,4,3,5,5,1,2,2,0.03886026717264008,0.056012146014552594,72,0.045599053136440644,0.06434946873408408,11,85.0,11,11,0,26,74,4,24,0,6,0,11,11,0.004542278127183774,2036514053748.0,5155,5155,True,14.868394615230057,0.4018485031143259,12.390328846025048,20251208,74,30,2,0,26,0.32786885245901637,0.5454545454545454,1818869606029.65,1.1196591811732117,0.11302433647367709,98.81778646597057,False,False,False,False,False,100.0,False,True,False,False,False,100.0,False,True,False,False,False,76.9542977919623,False,False,False,False,False,100.0,False,True,False,False,False,69.77761576399082,False,False,False,False,False,100.0,False,True,False,False,False,4.811734642224116,False,False,False,False,False,0.0,True,False,False,False,False,74.14375079309605,False,False,False,False,False,0.43732537595691173,0.8131186627502391,0.06644161723384327,2025-12-08
4978,53,26,7,79,17,6,1.0,74,1,0,73,0,10,47,48,3,20,20,1,2,2,3,4,4,0.02062175231171913,0.020018258169611787,73,0.01702486524051789,0.021001551468809485,26,69.16666666666667,6,6,0,21,57,0,10,5,12,7,25,25,-0.00960417136102909,1903773119941.0,5156,5156,True,10.646846122940941,1.4061872237846524,10.646846122940941,20251209,53,26,7,0,17,0.2127659574468085,0.2692307692307692,1811985560272.35,1.0506557898037852,0.04941453092982401,40.840567275195134,False,False,False,False,False,41.122833870783936,False,False,False,False,False,54.91760688778934,False,False,False,False,False,12.883684493636233,False,False,False,False,False,38.91535831794062,False,False,False,False,False,52.02419729682069,False,False,False,False,False,50.91286210201454,False,False,False,False,False,28.83952704858226,False,False,False,False,False,73.70307436721852,False,False,False,False,False,59.075774245842794,False,False,False,False,False,0.3509140268888831,0.7103061375433638,0.2687688625247164,2025-12-09
4976,57,30,3,87,16,6,0.8333333333333334,53,0,0,53,0,8,36,36,5,10,10,2,3,3,1,4,4,0.02821775219549695,0.014702861329827852,53,0.0567285547208942,0.027089041537614416,17,42.5,4,4,0,25,66,1,9,4,12,2,14,14,-0.0010109554525503106,1778357859801.0,5153,5153,True,11.454983922829582,0.6028938906752412,9.545819935691318,20251210,56,30,3,1,16,0.2222222222222222,0.47058823529411764,1807503922878.05,0.9838749655211584,-0.016256457563448345,75.67455975047237,False,False,False,False,False,73.02860926899145,False,False,False,False,False,41.78599932044486,False,False,False,False,False,100.0,False,True,False,False,False,47.54473578309854,False,False,False,False,False,40.81274197997185,False,False,False,False,False,52.920738485615146,False,False,False,False,False,9.62154306357558,False,False,False,False,False,32.5745419268313,False,False,False,False,False,43.519541900982404,False,False,False,False,False,0.40283187195333187,0.7140011707718361,0.16121399346007856,2025-12-10
4977,32,30,20,62,9,5,0.8333333333333334,57,0,0,57,0,5,41,41,1,8,8,2,5,5,1,3,3,0.029269837346669488,-0.0029238549164357992,57,0.03637769750484181,0.003078026894233879,16,66.875,8,8,0,22,45,5,10,3,7,4,15,15,-0.017663043478260865,1856982685442.9998,5156,5156,True,6.4295760498292145,4.018485031143259,5.357980041524345,20251211,32,30,20,1,9,0.125,0.25,1799176883109.4,1.0321290268212528,0.03162368523385944,0.6732613130168289,False,False,False,False,False,77.44772367745632,False,False,False,False,False,0.0,True,False,False,False,False,56.277667789021294,False,False,False,False,False,13.507701416348217,False,False,False,False,False,0.0,True,False,False,False,False,0.0,True,False,False,False,False,91.33612120249882,False,False,False,False,False,67.73174614203866,False,False,False,False,False,54.861454717420635,False,False,False,False,False,0.2910472180790473,0.5948583380531735,0.25315329378707463,2025-12-11
4978,77,13,16,90,12,5,0.6666666666666666,32,0,0,32,0,10,23,23,1,5,5,0,1,1,1,3,3,0.014987719509737547,0.03432902984451961,32,-0.0023077033920264243,-0.01310193499740638,9,37.5,4,4,0,12,77,1,11,0,2,3,8,8,0.0,2092063869972.0,5158,5158,True,15.468059461631176,3.2141422257934913,10.31203964108745,20251212,77,13,15,1,12,0.43478260869565216,0.2222222222222222,1789935270074.95,1.1687930312052006,0.15597161908647567,50.890060074795365,False,False,False,False,False,17.457985540539294,False,False,False,False,False,90.27215204878574,False,False,False,False,False,0.0,True,False,False,False,False,0.0,True,False,False,False,False,48.61495239914165,False,False,False,False,False,100.0,False,True,False,False,False,72.09302965108198,False,False,False,False,False,90.4423238486368,False,False,False,False,False,84.31716103456853,False,False,False,False,False,0.3658921552362507,0.825244329374245,0.31254352890319176,2025-12-12
4977,58,33,10,91,13,6,0.6666666666666666,77,1,0,76,0,6,64,65,6,10,10,0,1,1,1,1,1,0.019369766942011854,0.013764649296516183,76,0.038859710404655835,0.037130739160100096,12,66.25,12,12,0,26,71,6,12,1,8,4,11,11,-0.002577319587628857,1773326587289.0,5157,5157,True,11.653606590315452,2.0092425155716294,7.769071060210301,20251215,58,34,9,1,13,0.09375,0.5833333333333334,1796642464431.8,0.9870225280742355,-0.013062415012545972,69.41490817615129,False,False,False,False,False,35.86407075613056,False,False,False,False,False,39.468160670243535,False,False,False,False,False,61.84297341676697,False,False,False,False,False,61.779436488313685,False,False,False,False,False,22.720583176304242,False,False,False,False,False,48.08535608810419,False,False,False,False,False,43.26701755790175,False,False,False,False,False,91.93293653550964,False,False,False,False,False,44.27615100922353,False,False,False,False,False,0.39350226034410596,0.7051027650845629,0.3164416172338433,2025-12-15
4979,40,24,15,64,12,4,0.6666666666666666,58,0,0,58,0,7,45,45,2,6,6,3,6,6,0,1,1,0.01937969546149979,0.0040410120568544535,58,0.037412444544035105,0.019271286338987455,13,63.46153846153846,13,13,0,22,50,1,8,1,6,3,12,12,-0.017401910957511646,1723990568635.0,5159,5159,True,8.033741715203856,3.012653143201446,5.355827810135904,20251216,40,24,16,1,12,0.15555555555555556,0.38461538461538464,1789776635432.1,0.9632434207181291,-0.03744912579441693,36.80531019612834,False,False,False,False,False,35.90577390484904,False,False,False,False,False,15.446061811554197,False,False,False,False,False,58.59783442512021,False,False,False,False,False,36.46260508938941,False,False,False,False,False,0.0,True,False,False,False,False,72.53820388170266,False,False,False,False,False,67.27260627296313,False,False,False,False,False,62.321067547346885,False,False,False,False,False,38.499394061388635,False,False,False,False,False,0.3448997334663046,0.7501025897082759,0.2390038750436172,2025-12-16
4979,50,19,21,69,8,5,0.8333333333333334,40,0,0,40,0,5,28,28,1,7,7,1,2,2,1,3,3,0.01211146452698808,-0.0005689053901985541,40,0.011733520412075019,0.0027867342531427697,12,55.833333333333336,12,12,0,14,56,3,8,2,5,3,12,12,0.006119510439164699,1811002236592.0,5160,5160,True,10.04217714400482,4.217714400482024,8.36848095333735,20251217,50,19,21,1,8,0.17857142857142858,0.25,1779683338262.75,1.0175980173865211,0.017444965278828474,20.49913575658414,False,False,False,False,False,5.376739243581889,False,False,False,False,False,4.057330422871024,False,False,False,False,False,1.019140536478471,False,False,False,False,False,13.094776857229975,False,False,False,False,False,28.824213872008524,False,False,False,False,False,33.41385952027217,False,False,False,False,False,96.1024832168265,False,False,False,False,False,62.321067547346885,False,False,False,False,False,51.50278040729104,False,False,False,False,False,0.3205964200075624,0.6781032606467736,0.2390038750436172,2025-12-17
4981,59,24,4,83,17,6,0.8333333333333334,50,1,0,49,0,11,41,42,4,5,5,0,1,1,2,2,2,0.028363407091877978,0.03337042884635743,49,0.03301414381553243,0.06203486434535063,8,71.66666666666667,3,3,0,20,62,3,14,1,7,1,7,7,0.0016501650165017256,1655274140069.0,5163,5163,True,11.845011041959445,0.8030515960650472,9.870842534966204,20251218,59,24,4,1,17,0.2682926829268293,0.75,1783947052123.25,0.9278717875056304,-0.0748617157563951,100.0,False,True,False,False,False,73.64040922695445,False,False,False,False,False,87.90394276903568,False,False,False,False,False,48.73572299182026,False,False,False,False,False,97.08250790757634,False,False,False,False,False,44.12236021697232,False,False,False,False,False,81.88337766604451,False,False,False,False,False,14.410114582982242,False,False,False,False,False,36.66929865010833,False,False,False,False,False,29.637049281377493,False,False,False,False,False,0.46385089595322626,0.7673002259477488,0.17192215631179106,2025-12-18
4980,72,24,2,96,15,6,0.8333333333333334,59,0,0,59,0,8,42,42,5,11,11,1,4,4,1,2,2,0.016124343953388933,0.03457150214056357,59,0.02067204356963713,0.0450423080859505,17,64.16666666666667,6,6,0,21,78,1,9,2,9,1,15,15,0.012247529572757432,1725718526835.0,5162,5162,True,14.457831325301205,0.40160642570281124,12.048192771084338,20251219,72,24,2,1,15,0.19047619047619047,0.4117647058823529,1781309501648.05,0.9687920741670003,-0.031705267859502305,50.708763974007,False,False,False,False,False,22.232193645610717,False,False,False,False,False,90.87117619196367,False,False,False,False,False,21.061588033928174,False,False,False,False,False,72.99455369279725,False,False,False,False,False,66.29373557939522,False,False,False,False,False,84.66394060888491,False,False,False,False,False,4.805943183953683,False,False,False,False,False,10.372373017326876,False,False,False,False,False,39.86000687751147,False,False,False,False,False,0.36562194495592754,0.7724172105149112,0.10315329378707463,2025-12-19
4976,79,38,8,117,16,7,0.8333333333333334,72,1,0,71,0,11,56,57,1,8,8,3,5,5,1,2,2,0.02930777392464334,0.021870373378364456,71,0.05576631906214603,0.020335144805944384,15,70.0,7,7,0,30,93,2,13,6,11,4,14,14,0.0017683479783607847,1861722993532.0,5158,5158,True,15.876205787781352,1.607717041800643,13.230171489817794,20251222,79,38,7,1,16,0.19642857142857142,0.3333333333333333,1769327722860.15,1.0522205521781411,0.05090274270140239,36.71076490768637,False,False,False,False,False,77.60707016965351,False,False,False,False,False,59.49322952217367,False,False,False,False,False,99.75189980255414,False,False,False,False,False,37.9706874315554,False,False,False,False,False,78.32950888252554,False,False,False,False,False,16.896879703324906,False,False,False,False,False,33.66092498069369,False,False,False,False,False,72.82673359329573,False,False,False,False,False,59.428303857901255,False,False,False,False,False,0.34475881974128764,0.6477075700773254,0.2664771513548154,2025-12-22
4978,54,27,10,81,17,8,1.0,79,0,0,79,0,8,63,63,5,11,11,1,1,1,3,4,4,0.0302824339515144,0.015232197887939477,79,0.0470010360205773,0.0302108692565283,16,83.0,5,5,0,20,57,7,15,0,9,5,15,15,-0.007537688442211032,1899687155909.0,5163,5163,True,10.847730012053034,2.008838891120932,10.847730012053034,20251223,54,27,10,1,17,0.12698412698412698,0.5625,1776036376290.3,1.0696217607192122,0.06730509132490947,88.2140276299727,False,False,False,False,False,81.70097280034878,False,False,False,False,False,43.09371728801871,False,False,False,False,False,80.09790080694803,False,False,False,False,False,51.97011134235419,False,False,False,False,False,54.06974423542808,False,False,False,False,False,75.29799250147528,False,False,False,False,False,43.257361249415496,False,False,False,False,False,86.85153718360925,False,False,False,False,False,63.31371432670845,False,False,False,False,False,0.42152114941759555,0.7551813439268663,0.3031532937870746,2025-12-23
4979,75,22,4,97,14,9,1.0,54,1,0,53,0,5,36,37,5,8,8,1,5,5,3,4,4,0.021094552836956944,0.026856434576468982,53,0.030674241380336892,0.04348762258143564,17,93.75,4,4,0,19,80,2,7,1,10,2,14,14,0.008583690987124415,1880129002704.0,5165,5165,True,15.06326571600723,0.8033741715203856,15.06326571600723,20251224,75,21,4,1,14,0.1388888888888889,0.5294117647058824,1780420925699.1,1.0560025303936194,0.05449058148727777,72.01428691460873,False,False,False,False,False,43.10875640859337,False,False,False,False,False,71.81121836361145,False,False,False,False,False,43.48906525206988,False,False,False,False,False,70.79069497492966,False,False,False,False,False,96.99541732911277,False,False,False,False,False,91.74073765520616,False,False,False,False,False,14.417831875880285,False,False,False,False,False,32.5745419268313,False,False,False,False,False,60.278195949516366,False,False,False,False,False,0.3973764686394323,0.7854404227260237,0.16121399346007856,2025-12-24
4980,80,23,0,103,21,10,0.8333333333333334,75,0,0,75,0,12,61,61,2,5,5,4,5,5,3,4,4,0.030794692101000803,0.03400193697020683,75,0.0622904925978608,0.07382105786740376,14,100.0,3,3,0,16,75,4,16,3,12,0,11,11,0.0056174140398724814,1924380736663.0,5167,5167,True,16.064257028112447,0.0,13.386880856760373,20251225,80,23,0,1,21,0.19672131147540983,0.6428571428571429,1785268288459.5,1.0779224327809798,0.07503551514931099,100.0,False,True,False,False,False,83.85263074051268,False,False,False,False,False,89.46407404576597,False,False,False,False,False,100.0,False,True,False,False,False,100.0,False,True,False,False,False,79.92523847148043,False,False,False,False,False,72.38375300934048,False,False,False,False,False,0.0,True,False,False,False,False,0.0,True,False,False,False,False,65.14490755062276,False,False,False,False,False,0.44244955432881206,0.7498183585124683,0.06644161723384327,2025-12-25
4982,81,23,1,104,21,11,1.0,80,0,0,80,0,8,59,59,8,12,12,1,2,2,4,7,7,0.024771094041789943,0.02563428940343379,80,0.05130209580569174,0.058617781925219624,21,100.0,3,3,0,18,78,3,11,2,15,0,18,18,-0.004760286167492189,2160030689974.0,5166,5166,True,16.25853071055801,0.2007226013649137,16.25853071055801,20251226,81,23,1,1,21,0.13559322033898305,0.6190476190476191,1796004893525.6,1.2026864168136027,0.1845577353599585,97.65929433556975,False,False,False,False,False,58.55147622408092,False,False,False,False,False,68.79192718247081,False,False,False,False,False,89.74197325683802,False,False,False,False,False,92.23859133447635,False,False,False,False,False,100.0,False,True,False,False,False,91.22255028368771,False,False,False,False,False,0.0,False,False,True,False,False,0.0,True,False,False,False,False,91.0886788202807,False,False,False,False,False,0.435598717292183,0.784486818424497,0.04622025546702141,2025-12-26
4983,74,25,16,99,18,12,0.8333333333333334,81,0,0,81,0,8,60,60,4,8,8,3,8,8,3,5,5,0.012289058530087818,0.003123850430495167,81,0.0211931913441283,0.021789056932813605,21,100.0,3,3,0,19,75,6,14,0,10,6,17,17,-0.004255319148936287,2139207301146.9998,5168,5168,True,14.850491671683725,3.2109171182018863,12.375409726403104,20251229,74,25,15,1,18,0.13333333333333333,0.47619047619047616,1824723075886.0,1.1723462751235834,0.1590071041062061,59.997878552058424,False,False,False,False,False,6.122694280662628,False,False,False,False,False,13.18022787361869,False,False,False,False,False,22.230134193571484,False,False,False,False,False,40.03169392226301,False,False,False,False,False,69.62569835735223,False,False,False,False,False,91.75401915385412,False,False,False,False,False,72.01587220001056,False,False,False,False,False,93.69456971090484,False,False,False,False,False,85.03621082093053,False,False,False,False,False,0.37946677803934364,0.7854648642599891,0.3210484488973406,2025-12-29
4979,53,30,12,83,18,10,1.0,74,2,0,72,0,12,55,56,1,8,8,3,4,4,2,5,6,0.013080544017117968,0.008431522952756166,72,0.019551701214612523,0.021480729167713153,17,50.0,2,3,0,23,58,5,17,2,8,2,15,15,-0.005136986301369939,2142446854428.0,5170,5170,True,10.64470777264511,2.410122514561157,10.64470777264511,20251230,53,30,12,0,18,0.21818181818181817,0.35294117647058826,1837991252137.05,1.1656458385952362,0.1532753013054567,44.24853550244567,False,False,False,False,False,9.447201727543401,False,False,False,False,False,26.292752631251282,False,False,False,False,False,18.54949488006605,False,False,False,False,False,39.59462106662504,False,False,False,False,False,52.00242304742396,False,False,False,False,False,48.13690853189166,False,False,False,False,False,52.85766780103145,False,False,False,False,False,29.49216405889747,False,False,False,False,False,83.67845364125121,False,False,False,False,False,0.355993386268447,0.7051976354632175,0.15315329378707462,2025-12-30
4982,56,20,7,76,11,6,0.8333333333333334,53,1,0,52,0,4,35,35,4,11,12,0,1,1,3,5,5,0.019870591097639556,0.015403855742490275,52,0.03546241364375659,0.027116195958989946,17,82.0,5,5,0,17,62,2,6,1,8,3,15,16,-0.0005738960775478197,2045100283637.0,5171,5171,True,11.240465676435166,1.4050582095543958,9.36705473036264,20251231,56,20,7,1,11,0.11428571428571428,0.4117647058823529,1865447493225.6,1.0963054661489062,0.09194585968328767,38.26199789958027,False,False,False,False,False,37.96770204469599,False,False,False,False,False,43.517795423623156,False,False,False,False,False,54.22536805139138,False,False,False,False,False,47.58322878255298,False,False,False,False,False,38.9924236851306,False,False,False,False,False,77.0825450603246,False,False,False,False,False,28.812516520171762,False,False,False,False,False,48.611955100468066,False,False,False,False,False,69.15065277599165,False,False,False,False,False,0.3470708336222451,0.7584654011809683,0.20315329378707464,2025-12-31
4982,107,34,9,141,14,6,0.8333333333333334,56,0,0,56,0,11,45,45,1,4,4,1,4,4,1,3,3,0.026271516807029795,0.023316050703200093,56,0.016765531930139563,2.4772146489599418e-05,11,56.42857142857143,7,7,0,29,122,2,13,3,6,4,8,8,0.01191873628033735,2546101380973.0,5171,5171,True,21.477318346045763,1.8065034122842232,17.89776528837147,20260105,107,34,9,1,14,0.24444444444444444,0.2727272727272727,1884211239796.55,1.3512823441430688,0.301054026145914,28.012029417101363,False,False,False,False,False,64.85376064779938,False,False,False,False,False,63.06475350635877,False,False,False,False,False,12.30219310339464,False,False,False,False,False,9.179532102267782,False,False,False,False,False,100.0,False,True,False,False,False,43.421073835073145,False,False,False,False,False,38.41668869356235,False,False,False,False,False,100.0,False,True,False,False,False,100.0,False,True,False,False,False,0.3317939090501763,0.6965192297371241,0.3894666058262687,2026-01-05
4982,118,26,1,144,41,7,1.0,107,0,0,107,0,32,93,93,6,11,11,1,1,1,2,2,2,0.0428597172225556,0.060327497916934834,107,0.03689312765634843,0.06390814660310058,14,100.0,3,3,0,20,97,5,37,1,10,0,13,13,0.007905138339921125,2806288611168.9995,5173,5173,True,23.685266961059813,0.2007226013649137,23.685266961059813,20260106,118,26,1,1,41,0.34408602150537637,0.6428571428571429,1934073453113.4,1.4509731296148758,0.37223445520189413,100.0,False,True,False,False,False,100.0,False,True,False,False,False,100.0,False,True,False,False,False,57.43339358041607,False,False,False,False,False,99.73799637954046,False,False,False,False,False,100.0,False,True,False,False,False,100.0,False,True,False,False,False,0.0,False,False,True,False,False,0.0,True,False,False,False,False,100.0,False,True,False,False,False,0.4969341796545065,0.8338392593230248,0.0590592153189718,2026-01-06
4983,80,48,3,128,23,8,0.8333333333333334,118,2,0,116,0,8,76,77,11,31,32,2,6,6,2,3,3,0.022838950041506698,0.01292110268042585,116,0.03918195531509498,0.02410730859040481,40,71.66666666666667,3,3,0,40,97,5,13,3,18,9,38,39,-0.003895062435559704,2854018138766.0,5174,5174,True,16.05458559100943,0.6020469596628537,13.378821325841193,20260107,80,48,3,1,23,0.10526315789473684,0.375,1988104932923.05,1.4355470335108642,0.36154598459177517,35.761895856998734,False,False,False,False,False,50.43581621180457,False,False,False,False,False,37.3841915027204,False,False,False,False,False,62.565528651557955,False,False,False,False,False,43.317952854346956,False,False,False,False,False,79.84317042276228,False,False,False,False,False,53.66054157978783,False,False,False,False,False,9.601281092062052,False,False,False,False,False,60.41708539686954,False,False,False,False,False,100.0,False,True,False,False,False,0.34334459091308156,0.7153626076799154,0.23402478780794167,2026-01-07
4983,93,35,4,128,26,9,0.8333333333333334,80,0,0,80,0,12,57,57,5,8,8,8,11,11,1,4,4,0.03405177475951206,0.04330278358385019,80,0.045158879447735424,0.07495903026066134,23,75.0,4,4,0,26,93,5,17,4,18,1,21,21,0.006981382978723527,2800153710562.0005,5173,5173,True,18.663455749548465,0.8027292795504716,15.552879791290389,20260108,93,35,4,1,26,0.21052631578947367,0.6086956521739131,2028980137173.95,1.3800794099749907,0.3221410409736901,100.0,False,True,False,False,False,97.53348241848464,False,False,False,False,False,100.0,False,True,False,False,False,75.96731617429211,False,False,False,False,False,100.0,False,True,False,False,False,100.0,False,True,False,False,False,66.38292422604886,False,False,False,False,False,14.40240348498117,False,False,False,False,False,1.2695910675179096,False,False,False,False,False,100.0,False,True,False,False,False,0.44640271610716437,0.7387752176429723,0.07934868752851895,2026-01-08
4983,96,50,1,146,20,10,1.0,93,1,0,92,0,9,66,67,3,12,12,3,5,5,5,9,9,0.03484794900917469,0.030646352258707245,92,0.05982691023822862,0.051271847398118346,26,72.5,14,14,0,37,113,8,17,5,16,2,25,25,0.0072727272727273196,3122538578495.0005,5172,5172,True,19.26550270921132,0.2006823198876179,19.26550270921132,20260109,96,50,1,1,20,0.13636363636363635,0.4230769230769231,2073799166705.0,1.5057092454407301,0.4092640466220452,46.985658680651646,False,False,False,False,False,100.0,False,True,False,False,False,81.17415272501196,False,False,False,False,False,100.0,False,True,False,False,False,81.82529436771222,False,False,False,False,False,100.0,False,True,False,False,False,20.28849606083647,False,False,False,False,False,0.0,True,False,False,False,False,9.970437561983207,False,False,False,False,False,100.0,False,True,False,False,False,0.36007289386980124,0.6539490574724619,0.10210219585804975,2026-01-09
4983,179,61,3,240,42,11,1.0,96,0,0,96,0,28,76,76,6,9,9,3,3,3,5,8,8,0.0550657004664565,0.06590702436941441,96,0.06860220878704269,0.08510209755503703,20,83.125,8,8,0,51,188,6,34,4,18,0,15,15,0.012232415902140747,3601093290654.0005,5172,5172,True,35.9221352598836,0.6020469596628537,35.9221352598836,20260112,179,61,3,1,42,0.3684210526315789,0.7,2141008202639.7,1.6819614638627385,0.5199606503862396,100.0,False,True,False,False,False,100.0,False,True,False,False,False,100.0,False,True,False,False,False,100.0,False,True,False,False,False,100.0,False,True,False,False,False,100.0,False,True,False,False,False,84.38110164021431,False,False,False,False,False,9.601281092062052,False,False,False,False,False,0.0,True,False,False,False,False,100.0,False,True,False,False,False,0.5387955543469489,0.7718967106494411,0.05315329378707462,2026-01-12
4980,66,66,50,132,30,12,0.8333333333333334,179,3,0,176,0,17,135,137,8,28,28,3,6,6,2,7,8,0.05107285160132298,0.00981315499132846,176,0.07818607612879705,0.0252850735577199,41,62.5,4,5,0,39,75,16,33,11,24,6,37,37,-0.010584639071847424,3650766443824.0005,5165,5165,True,13.25301204819277,10.040160642570282,11.04417670682731,20260113,66,66,50,1,30,0.1259259259259259,0.3170731707317073,2228213732900.25,1.6384274048397285,0.49373688230991214,17.891584966602164,False,False,False,False,False,100.0,False,True,False,False,False,29.70605370356389,False,False,False,False,False,100.0,False,True,False,False,False,44.987504402411574,False,False,False,False,False,56.07010841033131,False,False,False,False,False,0.0,True,False,False,False,False,100.0,False,True,False,False,False,35.23381488102381,False,False,False,False,False,100.0,False,True,False,False,False,0.3167100317904194,0.5476902006318962,0.1681682351367022,2026-01-13
4980,100,64,15,164,20,5,0.8333333333333334,66,1,0,65,0,5,36,36,10,17,17,4,8,8,1,4,5,0.009769580208000391,0.04821620211827044,65,0.009863435749262375,0.06294937106643136,29,62.5,4,5,0,55,135,5,10,4,19,0,28,28,0.0,3941126054921.0005,5167,5167,True,20.080321285140563,3.0120481927710845,16.73360107095047,20260114,100,64,15,1,20,0.1388888888888889,0.5172413793103449,2306148861592.85,1.7089642913159024,0.5358875094247586,70.30531183580406,False,False,False,False,False,0.0,True,False,False,False,False,100.0,False,True,False,False,False,0.0,True,False,False,False,False,98.37887531046869,False,False,False,False,False,100.0,False,True,False,False,False,32.93465414249992,False,False,False,False,False,67.25813344317204,False,False,False,False,False,0.0,True,False,False,False,False,100.0,False,True,False,False,False,0.3948293502342321,0.6772213937108441,0.03221411744671189,2026-01-14
4982,55,21,64,76,14,4,0.6666666666666666,100,0,0,100,0,10,80,80,2,5,5,2,10,10,0,5,5,0.0025203718245066374,-0.022365338778906042,100,0.0008322374500375595,-0.01901077446435495,20,40.0,15,15,0,17,58,3,13,1,5,9,19,19,-0.0033784169377389373,2905274764073.0,5170,5170,True,11.039743075070254,12.846246487354477,7.359828716713502,20260115,56,21,64,1,14,0.125,0.2,2414538834974.45,1.2032420940969222,0.18501965872192055,0.0,True,False,False,False,False,0.0,True,False,False,False,False,0.0,True,False,False,False,False,0.0,True,False,False,False,False,0.0,True,False,False,False,False,18.553377799165805,False,False,False,False,False,72.20285479326348,False,False,False,False,False,100.0,False,True,False,False,False,100.0,False,True,False,False,False,91.19809984939977,False,False,False,False,False,0.26699887636209674,0.7494854570824623,0.4192944114892288,2026-01-15
4984,58,43,50,101,6,5,0.6666666666666666,55,0,0,55,0,3,41,41,2,10,10,0,2,2,1,2,2,0.01660640180051759,-0.004118280968381015,55,-0.004136889814869696,-0.03955740122159341,14,34.642857142857146,14,14,0,33,85,8,11,2,5,9,14,14,-0.0030632821832301538,3026091310771.0,5172,5172,True,11.637239165329053,10.032102728731942,7.758159443552701,20260116,58,43,50,1,6,0.07142857142857142,0.21428571428571427,2473603044746.35,1.2233536489203762,0.20159598000738027,0.0,True,False,False,False,False,24.25700007462043,False,False,False,False,False,0.0,True,False,False,False,False,0.0,True,False,False,False,False,0.0,True,False,False,False,False,22.609473100987273,False,False,False,False,False,0.0,True,False,False,False,False,100.0,False,True,False,False,False,100.0,False,True,False,False,False,95.12472119706051,False,False,False,False,False,0.2793417114330198,0.5783277870597374,0.5296350460916575,2026-01-16
4987,87,28,24,115,10,4,0.5,58,0,0,58,0,9,52,52,0,3,3,1,2,2,0,1,1,0.020554937788413913,0.028967405708154016,58,0.03733390493140015,0.021691260132579344,6,66.66666666666667,6,6,0,22,99,4,13,2,3,0,5,5,0.008597528210639416,2708185279909.0,5173,5173,True,17.44535793061961,4.81251253258472,8.722678965309806,20260119,87,28,24,1,10,0.17307692307692307,0.16666666666666666,2534357498455.3,1.0685885008565874,0.06633861954089397,14.491908504317102,False,False,False,False,False,40.84219021536904,False,False,False,False,False,77.02634064381503,False,False,False,False,False,58.42172859253931,False,False,False,False,False,39.89306116975459,False,False,False,False,False,32.430917536764824,False,False,False,False,False,20.886183102359983,False,False,False,False,False,100.0,False,True,False,False,False,11.57817938335786,False,False,False,False,False,63.08477518673439,False,False,False,False,False,0.31164303075792393,0.6550489625745362,0.10630658757414924,2026-01-19
4992,54,18,16,72,13,3,0.5,87,0,0,87,0,10,77,77,3,9,9,0,0,0,0,1,1,0.018355491805733537,0.023358840155969545,87,0.02648841552119908,0.03180312296128916,10,66.5,10,10,0,10,51,6,16,2,5,0,10,10,-0.003834277683518794,2777606515866.0,5179,5179,True,10.817307692307692,3.205128205128205,5.408653846153846,20260120,54,18,16,1,13,0.12987012987012986,0.3,2587003055447.3,1.0736773232707855,0.07108950706241758,0.0,True,False,False,False,False,31.603771232009496,False,False,False,False,False,63.170464202799025,False,False,False,False,False,34.1033766392635,False,False,False,False,False,54.227225207572374,False,False,False,False,False,0.0,True,False,False,False,False,37.24063842021787,False,False,False,False,False,71.8773782848302,False,False,False,False,False,0.0,True,False,False,False,False,64.21017183180986,False,False,False,False,False,0.2864663682122243,0.6851455643009257,0.07087105838276615,2026-01-20
4990,80,24,4,104,11,4,0.6666666666666666,54,1,0,53,0,7,40,41,3,10,10,1,3,3,0,0,0,0.021812279919850328,0.017202894865959693,53,0.035227800474015254,0.03197951331723018,13,67.3076923076923,13,13,0,19,88,3,10,2,6,2,13,13,0.0034305317324183626,2600447825932.0,5176,5176,True,16.03206412825651,0.8016032064128257,10.688042752171008,20260121,80,24,4,1,11,0.175,0.3076923076923077,2639597454898.85,0.9851683335676082,-0.01494275538832835,12.226650396451838,False,False,False,False,False,46.12345354582107,False,False,False,False,False,47.96229439139169,False,False,False,False,False,53.69930551803286,False,False,False,False,False,54.47726897691315,False,False,False,False,False,52.44369155877956,False,False,False,False,False,52.917109683439925,False,False,False,False,False,14.375463319249357,False,False,False,False,False,35.999406224535555,False,False,False,False,False,43.83073344441728,False,False,False,False,False,0.3082668079617973,0.7139944927986668,0.17017032643008292,2026-01-21
4992,73,26,2,99,17,4,0.6666666666666666,80,0,0,80,0,12,69,69,4,7,7,1,3,3,0,1,1,0.016950563013843012,0.025206793639594577,80,0.008100856160130232,0.04812778494052469,11,75.45454545454545,11,11,0,24,80,2,14,0,5,0,11,11,0.006000352982703849,2691489192865.0,5176,5176,True,14.623397435897436,0.4006410256410256,9.748931623931623,20260122,73,26,2,0,17,0.17391304347826086,0.45454545454545453,2676533696518.85,1.0055876361151743,0.005572083185673203,56.29736722547496,False,False,False,False,False,25.70259387940526,False,False,False,False,False,67.73580535814679,False,False,False,False,False,0.0,True,False,False,False,False,77.36839975039845,False,False,False,False,False,42.88097400152288,False,False,False,False,False,100.0,False,True,False,False,False,4.782846959745391,False,False,False,False,False,0.0,True,False,False,False,False,48.69031608047225,False,False,False,False,False,0.37395140182029113,0.8180536458630581,0.06644161723384327,2026-01-22
4994,103,23,0,126,11,5,0.8333333333333334,73,0,0,73,0,7,56,56,1,12,12,2,4,4,1,1,1,0.019879228013907724,0.019214810968277464,73,0.03920837958283457,0.022401700066293634,17,58.529411764705884,17,17,0,22,114,1,8,0,4,3,17,17,0.008789277506324855,3084972579427.9995,5177,5177,True,20.624749699639565,0.0,17.187291416366307,20260123,103,23,0,0,11,0.125,0.23529411764705882,2716123798366.65,1.1357996941388158,0.12733697916974818,17.64114588240333,False,False,False,False,False,38.003980021894726,False,False,False,False,False,52.932702718445626,False,False,False,False,False,62.62477859581538,False,False,False,False,False,40.900151823710424,False,False,False,False,False,100.0,False,True,False,False,False,100.0,False,True,False,False,False,0.0,True,False,False,False,False,41.54968505207594,False,False,False,False,False,77.53414890278584,False,False,False,False,False,0.3163367683012932,0.8283848421637364,0.1846848125337042,2026-01-23
4991,71,40,32,111,16,5,0.5,103,1,0,102,0,15,92,92,0,7,7,0,1,1,1,2,3,0.030023118158518148,0.0021922525444433316,102,0.03412740562218129,-0.005580010591937745,10,63.333333333333336,3,4,0,32,87,6,21,2,3,4,10,10,-0.013250194855806696,3247830806238.0,5173,5173,True,14.225606090963735,6.4115407733921055,7.112803045481868,20260126,71,40,32,0,16,0.16304347826086957,0.1,2776365977202.85,1.1698136459337194,0.15684445914401254,0.0,True,False,False,False,False,80.61175853295313,False,False,False,False,False,10.878729374270959,False,False,False,False,False,51.23193975127444,False,False,False,False,False,1.234420847312428,False,False,False,False,False,16.037981428761256,False,False,False,False,False,8.84178422930416,False,False,False,False,False,100.0,False,True,False,False,False,100.0,False,False,False,True,False,84.52392056486454,False,False,False,False,False,0.2825666236644585,0.6328840253222195,0.33753772504943286,2026-01-26
4991,53,20,2,73,14,6,0.6666666666666666,71,0,0,71,0,8,55,55,5,15,15,0,0,0,1,1,1,7.72694579906168e-05,0.027989038604875796,71,-0.004623288733101243,0.04927555914495044,16,76.875,16,16,0,16,55,2,10,2,8,0,15,15,-0.006310958118187049,2894728130199.0,5173,5173,True,10.619114405930675,0.4007212983370066,7.079409603953783,20260127,53,20,2,0,14,0.14545454545454545,0.375,2842538480681.6,1.0183602262105123,0.01819371232410556,30.020670758805267,False,False,False,False,False,0.0,True,False,False,False,False,74.6092995000777,False,False,False,False,False,0.0,True,False,False,False,False,78.99543761704182,False,False,False,False,False,15.697944941070482,False,False,False,False,False,68.58759820605164,False,False,False,False,False,4.784767403152814,False,False,False,False,False,0.0,True,False,False,False,False,51.68014461744072,False,False,False,False,False,0.3347876609160482,0.7428324114426474,0.05315329378707462,2026-01-27
4990,81,33,7,114,10,7,0.8333333333333334,53,0,0,53,0,2,39,39,3,8,8,4,5,5,1,1,1,0.02272877718615186,0.020244667585055522,53,0.025593011301222903,0.051219498555467535,14,77.85714285714286,14,14,0,29,100,2,4,2,10,2,13,13,-0.01038062283737029,2965088401977.0,5173,5173,True,16.23246492985972,1.402805611222445,13.527054108216435,20260128,81,33,7,0,10,0.05128205128205128,0.5714285714285714,2879273352692.85,1.0298044120069014,0.029368892954481713,73.49503168963139,False,False,False,False,False,49.97305285849836,False,False,False,False,False,55.476947927183836,False,False,False,False,False,32.09565212465117,False,False,False,False,False,81.7510867849495,False,False,False,False,False,81.3525852171948,False,False,False,False,False,52.1207398842223,False,False,False,False,False,28.758625373707847,False,False,False,False,False,35.999406224535555,False,False,False,False,False,54.32733648055276,False,False,False,False,False,0.39958342432687416,0.7125289579209747,0.17017032643008292,2026-01-28
4993,84,39,12,123,19,8,0.8333333333333334,81,0,0,81,0,14,71,71,0,2,2,2,3,3,3,5,5,0.03677156319060585,0.0319865952651079,81,0.069435307556328,0.04869224979987211,10,76.25,8,8,1,29,94,7,21,3,8,2,9,9,-0.009202453987730008,3229714126776.0,5174,5174,True,16.823552974163828,2.403364710594833,14.019627478469857,20260129,84,39,12,0,19,0.19718309859154928,0.5,2920567407734.35,1.1058515952150108,0.10061571255541303,54.688409832353635,False,False,False,False,False,100.0,False,True,False,False,False,84.4852028188083,False,False,False,False,False,100.0,False,True,False,False,False,78.16856209679591,False,False,False,False,False,86.36832816211154,False,False,False,False,False,30.998804554899063,False,False,False,False,False,52.69599414703021,False,False,False,False,False,54.59152669778723,False,False,False,False,False,71.20437922002641,False,False,False,False,False,0.3715533533993225,0.6736589091824478,0.2187904196958209,2026-01-29
4993,48,24,52,72,7,5,0.6666666666666666,84,0,0,84,0,5,65,65,1,14,14,0,0,0,1,5,5,-0.0014466130045664755,-0.013247155914415457,84,-0.016644206486678567,-0.014951268751675961,19,35.0,5,5,0,17,58,2,7,5,7,6,16,16,-0.0020691693762932006,2835214471090.0,5171,5171,True,9.613458842379332,10.414580412577608,6.408972561586221,20260130,48,24,52,0,7,0.07692307692307693,0.10526315789473684,2974930771351.75,0.9530354448556577,-0.04810318309653392,0.0,True,False,False,False,False,0.0,True,False,False,False,False,0.0,True,False,False,False,False,0.0,True,False,False,False,False,0.0,True,False,False,False,False,8.871063773020607,False,False,False,False,False,0.0,True,False,False,False,False,100.0,False,True,False,False,False,99.54064519389293,False,False,False,False,False,35.975646595273254,False,False,False,False,False,0.17673116442359194,0.5889915601597688,0.3363364702734044,2026-01-30
4995,36,20,102,56,10,3,0.5,48,0,0,48,0,7,41,41,3,5,5,0,1,1,0,1,1,0.014253135015575335,0.00859401244117474,48,0.0075556420376193655,0.039085224293322285,7,69.28571428571429,7,7,0,16,42,2,9,2,5,0,6,6,-0.021126760563380254,2584483013386.0,5173,5173,True,7.207207207207207,20.42042042042042,3.6036036036036037,20260202,36,20,102,0,10,0.17073170731707318,0.42857142857142855,3014436480724.4,0.8573685429805183,-0.15388741434071973,51.091172023625276,False,False,False,False,False,14.37248155945064,False,False,False,False,False,26.694180456876815,False,False,False,False,False,0.0,True,False,False,False,False,64.55003484231227,False,False,False,False,False,0.0,True,False,False,False,False,36.27363096182019,False,False,False,False,False,100.0,False,True,False,False,False,7.882616218339389,False,False,False,False,False,10.917335194561243,False,False,False,False,False,0.36619189977478933,0.6833660101808894,0.09664235234013567,2026-02-02
4996,69,20,10,89,10,4,0.6666666666666666,36,0,0,36,0,5,26,26,2,7,7,3,3,3,0,0,0,0.015088122015385305,0.04667045468147046,36,0.03446987214112372,0.0578019544577578,10,75.5,10,10,0,18,77,0,5,2,7,0,10,10,0.019340801157112675,2544062680233.0,5174,5174,True,13.811048839071256,2.00160128102482,9.20736589271417,20260203,69,20,10,0,10,0.19230769230769232,0.5,3016355562345.05,0.8434226760240201,-0.17028705159049,66.92093238349162,False,False,False,False,False,17.879710111843714,False,False,False,False,False,100.0,False,True,False,False,False,51.99983698715407,False,False,False,False,False,91.08210761399383,False,False,False,False,False,37.366354942508195,False,False,False,False,False,81.91205418942694,False,False,False,False,False,43.084208716979546,False,False,False,False,False,0.0,True,False,False,False,False,7.0325669996224836,False,False,False,False,False,0.3897851484198932,0.7673529984728109,0.07087105838276615,2026-02-03
4998,68,21,7,89,12,4,0.6666666666666666,69,0,0,69,0,8,59,59,2,5,5,2,2,2,0,3,3,0.03159642926902498,0.03514519229068171,69,0.04905528686502677,0.031111465323136345,10,59.5,10,10,0,14,70,5,13,2,6,2,10,10,0.005039848889704213,2480754511605.0,5177,5177,True,13.605442176870747,1.4005602240896358,9.070294784580497,20260204,68,21,7,0,12,0.13559322033898305,0.4,3003244265798.25,0.8260248891029267,-0.1911303738292535,50.61614299084314,False,False,False,False,False,87.2201987240251,False,False,False,False,False,92.28846903832594,False,False,False,False,False,84.70405486290502,False,False,False,False,False,53.24675956921905,False,False,False,False,False,35.97059649291991,False,False,False,False,False,44.56139776389436,False,False,False,False,False,28.704906747920884,False,False,False,False,False,49.01389055581172,False,False,False,False,False,2.0951727099321844,False,False,False,False,False,0.3654838992852502,0.6986177328335451,0.2042043917160995,2026-02-04
4997,44,14,16,58,10,4,0.6666666666666666,68,0,0,68,0,8,56,56,1,8,8,1,2,2,0,2,2,0.0018727431261612484,0.0040188130263249175,68,0.0002730672722409122,0.017554397855320886,12,55.0,12,12,1,10,44,2,10,2,4,3,12,12,-0.007950530035335746,2175983555252.0002,5177,5177,True,8.805283169901942,3.201921152691615,5.870188779934628,20260205,44,14,16,0,10,0.14285714285714285,0.16666666666666666,2984581084440.2,0.7290750338787114,-0.31597862513882125,0.260393727730751,False,False,False,False,False,0.0,True,False,False,False,False,15.39121944209882,False,False,False,False,False,0.0,True,False,False,False,False,34.02881404847031,False,False,False,False,False,3.3847725627097494,False,False,False,False,False,44.01690560707245,False,False,False,False,False,71.80065278515887,False,False,False,False,False,62.321067547346885,False,False,False,False,False,0.0,True,False,False,False,False,0.29043186526411435,0.6976157206436853,0.2390038750436172,2026-02-05
4996,57,25,5,82,8,3,0.5,44,0,0,44,0,4,34,34,4,8,8,0,1,1,0,1,1,0.008388416044461638,-0.0009170845720193661,44,0.03753197267972478,0.044836577297914196,10,75.0,10,10,0,24,73,1,5,0,4,1,10,10,0.0,2145564942984.0002,5175,5175,True,11.409127301841474,1.00080064051241,5.704563650920737,20260206,57,25,5,0,8,0.11764705882352941,0.4,2953372576674.7,0.7264796050215117,-0.3195448692887534,36.48546011019862,False,False,False,False,False,0.0,True,False,False,False,False,3.1971590158052363,False,False,False,False,False,58.86584697504593,False,False,False,False,False,72.7029181244261,False,False,False,False,False,1.6982561521190858,False,False,False,False,False,91.32089783889596,False,False,False,False,False,19.14106131514213,False,False,False,False,False,23.520835833717605,False,False,False,False,False,0.0,True,False,False,False,False,0.34442301730415537,0.7846678044091928,0.13753772504943285,2026-02-06
4995,86,23,3,109,15,4,0.6666666666666666,57,1,0,56,0,11,48,49,1,4,4,3,4,4,0,0,0,0.02759184758054117,0.03308971975298947,56,0.059560568004727046,0.049716486340582206,8,67.5,8,8,0,21,92,2,13,0,4,0,8,8,0.013537906137184086,2249286017967.0,5174,5174,True,17.217217217217215,0.6006006006006006,11.478144811478142,20260209,86,23,3,0,15,0.22916666666666666,0.5,2904523894899.15,0.7744078201309131,-0.25565664476121047,57.05507546891351,False,False,False,False,False,70.3995976351012,False,False,False,False,False,87.21045519589657,False,False,False,False,False,100.0,False,True,False,False,False,79.62047801345385,False,False,False,False,False,60.48908960312587,False,False,False,False,False,100.0,False,True,False,False,False,9.566678408149123,False,False,False,False,False,2.19713442600328,False,False,False,False,False,0.0,True,False,False,False,False,0.3750807176520844,0.8212703004978978,0.08177429813396095,2026-02-09
4997,60,13,4,73,21,3,0.5,86,0,0,86,0,20,71,71,1,11,11,0,1,1,0,3,3,0.03394941148904985,0.031307823548359044,86,0.023358973451095336,-0.0029282984603933157,15,51.333333333333336,15,15,0,9,48,2,22,2,3,3,15,15,-0.0022050716648290836,2105412309048.0002,5178,5178,True,12.007204322593557,0.8004802881729037,6.0036021612967785,20260210,60,13,4,0,21,0.28169014084507044,0.06666666666666667,2836933531264.8,0.7421436864293881,-0.29821240708304975,0.0,True,False,False,False,False,97.10352197004282,False,False,False,False,False,82.80830755005898,False,False,False,False,False,27.086369771266376,False,False,False,False,False,4.993379737331213,False,False,False,False,False,4.743285358438876,False,False,False,False,False,52.75004703306768,False,False,False,False,False,14.348598631268247,False,False,False,False,False,48.611955100468066,False,False,False,False,False,0.0,True,False,False,False,False,0.280769085349194,0.7136870525352104,0.20315329378707464,2026-02-10
4997,51,18,7,69,11,4,0.6666666666666666,60,0,0,60,0,3,39,39,7,20,20,1,1,1,0,0,0,0.01669640007855553,-0.002246946613409323,60,0.05882327887094758,0.03250854354889433,21,64.76190476190476,21,21,0,15,55,0,3,3,11,4,21,21,-0.00294213795357956,1984093265027.0,5178,5178,True,10.206123674204523,1.4008405043025816,6.804082449469682,20260211,51,18,7,0,11,0.07692307692307693,0.38095238095238093,2759665824526.0,0.7189614218481645,-0.3299475779882579,31.770763975970823,False,False,False,False,False,24.635023361776653,False,False,False,False,False,0.0,True,False,False,False,False,100.0,False,True,False,False,False,55.22720064134477,False,False,False,False,False,12.894362132813628,False,False,False,False,False,73.20410388266141,False,False,False,False,False,28.711612169740903,False,False,False,False,False,45.39218577883467,False,False,False,False,False,0.0,True,False,False,False,False,0.33739606328513155,0.7513280250241543,0.19473330291313434,2026-02-11
4999,61,18,14,79,17,4,0.6666666666666666,51,0,0,51,0,12,40,40,1,3,3,4,7,7,0,1,1,0.011186382931118191,0.027632827159147996,51,2.2365974144612398e-05,0.0161572832911086,11,60.0,11,11,0,18,62,0,12,0,5,3,11,11,-0.0051203277009729264,2141507268493.0,5182,5182,True,12.20244048809762,2.8005601120224046,8.134960325398414,20260212,61,18,14,0,17,0.3,0.45454545454545453,2661814185031.3,0.804529211894563,-0.21749800258795302,66.47721115097887,False,False,False,False,False,1.4910828356777934,False,False,False,False,False,73.72928450641186,False,False,False,False,False,0.0,True,False,False,False,False,32.048321464434885,False,False,False,False,False,26.446335747020477,False,False,False,False,False,100.0,False,True,False,False,False,62.19849410430758,False,False,False,False,False,68.0331977335464,False,False,False,False,False,0.0,True,False,False,False,False,0.3891238102107358,0.8484779790046826,0.2539416172338433,2026-02-12
4997,32,12,12,44,5,5,0.6666666666666666,61,0,0,61,0,1,44,44,3,12,12,0,1,1,1,4,4,0.0008026982210671187,-0.017171796823091712,61,0.021302033713218288,-0.008987374502613365,17,46.76470588235294,17,17,0,9,36,1,2,2,6,6,17,17,-0.007707509881422991,1982504952996.0,5180,5180,True,6.40384230538323,2.4014408645187113,4.26922820358882,20260213,32,12,12,0,5,0.022727272727272728,0.23529411764705882,2623625810252.3,0.7556355579553296,-0.2801960852305227,0.0,True,False,False,False,False,0.0,True,False,False,False,False,0.0,True,False,False,False,False,22.474186530801106,False,False,False,False,False,0.0,True,False,False,False,False,0.0,True,False,False,False,False,38.79660857233635,False,False,False,False,False,52.64996806719533,False,False,False,False,False,93.69456971090484,False,False,False,False,False,0.0,True,False,False,False,False,0.2695580106602934,0.6880089683737795,0.3210484488973406,2026-02-13
4998,93,46,16,139,7,4,0.6666666666666666,32,0,0,32,0,4,27,27,1,1,1,2,3,3,0,1,1,0.021402528090668466,0.02589241016267493,32,0.04020974554194181,0.02005579320374522,5,60.0,5,5,0,43,129,3,7,0,3,1,4,4,0.012269938650306789,2201781378110.0,5180,5180,True,18.607442977190875,3.201280512204882,12.404961984793916,20260224,93,46,16,0,7,0.14814814814814814,0.6,2571446492363.55,0.8562423463403388,-0.15520182802627758,70.50253537768249,False,False,False,False,False,44.40235691194657,False,False,False,False,False,69.42961061750054,False,False,False,False,False,64.87009634096894,False,False,False,False,False,37.574690001805756,False,False,False,False,False,69.92662110405657,False,False,False,False,False,65.6560807624705,False,False,False,False,False,71.78532610671311,False,False,False,False,False,58.58340334409288,False,False,False,False,False,10.60597510757402,False,False,False,False,False,0.39512329935010143,0.7374376299449668,0.22922954174905474,2026-02-24
4995,75,37,3,112,18,5,0.8333333333333334,93,0,0,93,0,14,86,86,2,4,4,1,1,1,1,2,2,0.01849592866289539,0.03568772708330909,93,0.03940336360842204,0.04659123933846706,7,75.0,7,7,0,32,89,4,18,1,5,1,7,7,0.0060606060606061,2462235727785.0,5177,5177,True,15.015015015015015,0.6006006006006006,12.512512512512513,20260225,75,37,3,0,18,0.16279069767441862,0.5714285714285714,2546126297273.6,0.9670516857005756,-0.03350333542197972,77.76385417565426,False,False,False,False,False,32.193653655758006,False,False,False,False,False,93.62879304482156,False,False,False,False,False,63.061982485853086,False,False,False,False,False,75.19025541788758,False,False,False,False,False,71.02177937529865,False,False,False,False,False,67.32089156457026,False,False,False,False,False,9.566678408149123,False,False,False,False,False,36.66929865010833,False,False,False,False,False,39.434078207707444,False,False,False,False,False,0.4059458320983711,0.7405013301224882,0.17192215631179106,2026-02-25
4995,63,24,4,87,9,6,0.8333333333333334,75,0,0,75,0,5,57,57,2,14,14,1,2,2,1,2,2,0.015472148410004473,0.013821219138613188,75,0.02235914740642562,0.03295677918190988,18,87.5,4,4,0,20,74,2,7,2,6,0,17,17,-0.00121212121212122,2538236840935.0,5176,5176,True,12.612612612612612,0.8008008008008008,10.51051051051051,20260226,63,25,4,0,9,0.08771929824561403,0.2222222222222222,2530357757869.55,1.0031138217672761,0.003108983864586435,7.768343935228897,False,False,False,False,False,19.492751196779697,False,False,False,False,False,39.60791561027069,False,False,False,False,False,24.844504906831553,False,False,False,False,False,55.86260118030361,False,False,False,False,False,50.63592820335138,False,False,False,False,False,48.45714256933701,False,False,False,False,False,14.356266573097262,False,False,False,False,False,0.0,True,False,False,False,False,48.10685379055683,False,False,False,False,False,0.301621986405156,0.7057869523250088,0.048321176170067835,2026-02-26
4997,75,18,0,93,11,7,0.8333333333333334,63,0,0,63,0,6,54,54,3,5,5,1,2,2,1,2,2,0.0016133457296169337,0.02488658667238605,63,0.0258375475085821,0.05690527480925359,9,67.5,4,4,0,14,78,2,8,2,7,0,8,8,0.0037878787878786735,2487092961758.0,5176,5176,True,15.009005403241945,0.0,12.507504502701622,20260227,75,18,0,0,11,0.1111111111111111,0.5555555555555556,2527247208619.7,0.984111468508207,-0.0160161073414167,67.88737905212183,False,False,False,False,False,0.0,True,False,False,False,False,66.94473888456946,False,False,False,False,False,32.64396463789624,False,False,False,False,False,89.81101114158727,False,False,False,False,False,70.97078415023374,False,False,False,False,False,68.28387308909589,False,False,False,False,False,0.0,True,False,False,False,False,2.19713442600328,False,False,False,False,False,43.57647638581121,False,False,False,False,False,0.39122557556704285,0.742273475440093,0.08177429813396095,2026-02-27
4995,91,27,8,118,20,3,0.5,75,0,0,75,0,17,64,64,3,6,6,0,3,3,0,2,2,0.017181998846755864,0.02820537370965436,75,0.04066346521779404,0.028750034965830173,11,48.0,5,5,0,21,92,3,20,3,6,2,10,10,-0.02415458937198056,3020261397121.0005,5175,5175,True,18.21821821821822,1.6016016016016017,9.10910910910911,20260302,91,27,8,0,20,0.265625,0.2727272727272727,2517027397064.35,1.199931872272658,0.18226478207618246,32.6347242626987,False,False,False,False,False,26.674702860052335,False,False,False,False,False,75.14375210721511,False,False,False,False,False,65.88745151492013,False,False,False,False,False,49.89929227472569,False,False,False,False,False,36.365832382988295,False,False,False,False,False,46.828297359297785,False,False,False,False,False,33.51461923288982,False,False,False,False,False,49.01389055581172,False,False,False,False,False,90.54552095321151,False,False,False,False,False,0.33868374101371834,0.7027894385217237,0.2042043917160995,2026-03-02
4996,77,29,57,106,37,3,0.5,91,0,0,91,0,33,71,71,4,17,17,0,3,3,0,0,0,0.03443076414464921,0.03555042257842798,91,0.015042455172704545,-0.010565889609841839,20,45.5,20,20,0,23,63,4,37,2,6,5,20,20,-0.03490048943537227,3129077280022.0,5177,5177,True,15.412329863891111,11.409127301841474,7.706164931945556,20260303,77,29,57,0,37,0.4647887323943662,0.2,2513791837949.0,1.24476387932543,0.2189458567695597,28.51698482011799,False,False,False,False,False,99.12536635549137,False,False,False,False,False,93.28958434043429,False,False,False,False,False,8.438615772306067,False,False,False,False,False,0.0,True,False,False,False,False,22.080026889484287,False,False,False,False,False,65.7345157649606,False,False,False,False,False,100.0,False,True,False,False,False,63.66662666051835,False,False,False,False,False,99.2345834095778,False,False,False,False,False,0.33254651288669834,0.7375819714705922,0.2425226350296597,2026-03-03
4996,44,20,16,64,6,4,0.5,77,0,0,77,0,0,40,40,4,33,33,2,4,4,0,0,0,0.0037340286906456335,-0.030079134119239844,77,0.013860555773869137,-0.0015422454067279643,37,51.21621621621622,37,37,0,18,56,0,0,2,8,12,37,37,-0.007914188538145184,2365503695898.0,5178,5178,True,8.807045636509208,3.2025620496397114,4.403522818254604,20260304,44,20,16,0,6,0.0,0.16216216216216217,2507854161638.2,0.943238140431893,-0.05843649330778169,0.0,True,False,False,False,False,0.0,True,False,False,False,False,0.0,True,False,False,False,False,5.788496034306001,False,False,False,False,False,6.958191975482624,False,False,False,False,False,0.0,True,False,False,False,False,59.76000232589405,False,False,False,False,False,71.81598559918444,False,False,False,False,False,89.86178928551124,False,False,False,False,False,33.52787813273281,False,False,False,False,False,0.21664319838667018,0.7265872579206885,0.31102537799384505,2026-03-04
4998,68,30,3,98,7,2,0.3333333333333333,44,0,0,44,0,7,38,38,0,0,0,0,4,4,0,2,2,0.04193242164222341,0.024905053231663175,44,-0.01631540587857529,-0.02475628750824782,6,32.5,6,6,0,25,86,3,10,2,2,4,6,6,0.009930874584720417,2389842668222.0,5179,5179,True,13.605442176870747,0.6002400960384153,4.5351473922902485,20260305,68,30,3,0,7,0.18421052631578946,0.0,2481392939923.15,0.9631052904889843,-0.037592537242798936,0.0,True,False,False,False,False,100.0,False,True,False,False,False,66.9903602402002,False,False,False,False,False,0.0,True,False,False,False,False,0.0,True,False,False,False,False,0.0,True,False,False,False,False,0.0,True,False,False,False,False,9.558053699568783,False,False,False,False,False,100.0,False,True,False,False,False,38.46542256403296,False,False,False,False,False,0.25735111271578087,0.6138731673403334,0.46027871597649933,2026-03-05
4999,74,26,0,100,8,3,0.5,68,0,0,68,0,4,61,61,4,7,7,0,0,0,0,0,0,0.0004779868807982257,0.015175711687129246,68,0.051558902493056454,0.05617056587411425,7,83.57142857142857,7,7,0,22,88,4,8,0,4,0,7,7,0.01497797356828201,2199973031194.0,5180,5180,True,14.802960592118424,0.0,7.401480296059212,20260306,74,26,0,0,8,0.06557377049180328,0.5714285714285714,2452630653235.4,0.8969850508440375,-0.10871608278792644,5.205066963876594,False,False,False,False,False,0.0,True,False,False,False,False,42.95416898252656,False,False,False,False,False,90.31779931420488,False,False,False,False,False,88.76951774173253,False,False,False,False,False,18.977504696526093,False,False,False,False,False,71.44397319136208,False,False,False,False,False,0.0,True,False,False,False,False,4.802980247490665,False,False,False,False,False,21.617581149195576,False,False,False,False,False,0.2978015854921573,0.7480889105826855,0.0885888229784577,2026-03-06
5002,42,38,4,80,11,4,0.6666666666666666,74,0,0,74,0,8,66,66,1,4,4,2,4,4,0,0,0,0.003773662581469918,0.01534764114438904,74,0.0028667678454550316,0.033934563355149175,8,71.875,8,8,0,32,63,6,14,0,3,1,8,8,-0.009592873896406007,2647244431741.0,5183,5183,True,8.396641343462615,0.7996801279488205,5.597760895641743,20260309,42,38,4,0,11,0.12121212121212122,0.375,2401143598456.3,1.102493175936216,0.09757413869269321,12.977354091144225,False,False,False,False,False,0.0,True,False,False,False,False,43.37891810851917,False,False,False,False,False,0.0,True,False,False,False,False,57.24866811675378,False,False,False,False,False,0.6107122477202823,False,False,False,False,False,45.294765159576755,False,False,False,False,False,14.329455603761287,False,False,False,False,False,31.612197566881132,False,False,False,False,False,70.4838871003232,False,False,False,False,False,0.309385683960235,0.699967326323392,0.1586973750570379,2026-03-09
5001,55,25,4,80,6,5,0.6666666666666666,42,0,0,42,0,4,31,31,1,8,8,0,1,1,1,2,2,0.035624872803309775,0.034173895026677184,42,0.044704654373254764,0.037485830217687595,11,68.63636363636364,11,11,0,19,68,2,6,4,6,0,11,11,0.015873015873015817,2397692701555.0,5181,5181,True,10.997800439912016,0.7998400319936012,7.331866959941344,20260310,55,25,4,0,6,0.12903225806451613,0.18181818181818182,2391745096488.85,1.0024867219650127,0.002483635188191788,3.4267715798580367,False,False,False,False,False,100.0,False,True,False,False,False,89.88889382567609,False,False,False,False,False,74.94882776778148,False,False,False,False,False,62.282799078772285,False,False,False,False,False,18.268650705240134,False,False,False,False,False,0.0,True,False,False,False,False,14.333281146990728,False,False,False,False,False,0.0,True,False,False,False,False,47.958720352493195,False,False,False,False,False,0.29515114959131056,0.6050224992216492,0.06644161723384327,2026-03-10
5004,53,22,2,75,10,4,0.6666666666666666,55,0,0,55,0,8,49,49,1,4,4,1,1,1,0,1,1,0.027364557759110373,0.024391748808592687,55,0.05286238318018723,0.012114627398015313,6,56.666666666666664,6,6,0,17,60,3,11,2,4,0,5,5,-0.004624664946550172,2508199010432.0,5184,5184,True,10.591526778577139,0.3996802557953637,7.061017852384759,20260311,53,22,2,0,10,0.16326530612244897,0.3333333333333333,2382405580897.3,1.0528010136239363,0.05145424437714551,43.923426322365074,False,False,False,False,False,69.44490330863646,False,False,False,False,False,65.7222494199707,False,False,False,False,False,93.24053529365538,False,False,False,False,False,26.317617468379638,False,False,False,False,False,15.510666651686844,False,False,False,False,False,30.853963790443135,False,False,False,False,False,4.759861508794695,False,False,False,False,False,11.57817938335786,False,False,False,False,False,59.5589443188305,False,False,False,False,False,0.35550883176174114,0.6733923631730055,0.10630658757414924,2026-03-11
5004,52,23,2,75,8,4,0.6666666666666666,53,0,0,53,0,5,43,43,2,8,8,1,1,1,0,1,1,0.016431725386145752,0.02057192544267156,53,0.022778514956671568,0.030787146992589554,10,66.5,10,10,0,20,64,2,7,1,4,0,10,10,-0.010617681163569703,2441671314663.0,5184,5184,True,10.391686650679457,0.3996802557953637,6.927791100452971,20260312,52,23,2,0,8,0.11627906976744186,0.3,2380612397407.25,1.0256484076627719,0.025325005429590784,33.02849176490973,False,False,False,False,False,23.523299899583,False,False,False,False,False,56.285433518961106,False,False,False,False,False,25.784833858245364,False,False,False,False,False,52.787019140647395,False,False,False,False,False,14.154054253553666,False,False,False,False,False,56.183582522259535,False,False,False,False,False,4.759861508794695,False,False,False,False,False,0.0,True,False,False,False,False,53.36941494842704,False,False,False,False,False,0.3392706263724873,0.7200056824206578,0.07087105838276615,2026-03-12
5005,59,21,13,80,8,5,0.8333333333333334,52,0,0,52,0,5,44,44,1,5,5,1,2,2,1,1,1,0.020753311705516666,0.006889192058066495,52,0.046513944826932524,0.03170383355445777,8,64.375,8,8,0,18,69,2,7,1,4,0,8,8,-0.008459815874595544,2400085534939.0,5183,5183,True,11.78821178821179,2.5974025974025974,9.823509823509825,20260313,59,21,13,0,8,0.11363636363636363,0.375,2378658237560.15,1.009008144608798,0.008967813300041426,38.92822348328146,False,False,False,False,False,41.675427937957735,False,False,False,False,False,22.482447463353537,False,False,False,False,False,79.00571818315113,False,False,False,False,False,54.08647659687149,False,False,False,False,False,43.64038387012074,False,False,False,False,False,61.41426303558523,False,False,False,False,False,57.33815517022926,False,False,False,False,False,2.19713442600328,False,False,False,False,False,49.49470121082495,False,False,False,False,False,0.3480638003818584,0.7296315430872403,0.08177429813396095,2026-03-13
5005,47,23,8,70,6,3,0.5,59,0,0,59,0,4,51,51,2,5,5,0,1,1,0,2,2,0.005016225424960117,-0.016262321083549386,59,0.032186652365537305,0.006806806947921976,8,50.0,3,3,0,18,59,3,7,2,4,2,7,7,0.001908396946564972,2325121736244.0005,5182,5182,True,9.390609390609391,1.5984015984015985,4.695304695304696,20260316,47,23,8,0,6,0.0784313725490196,0.25,2389863336544.5,0.9729099152614687,-0.027463785602930377,9.311489675901521,False,False,False,False,False,0.0,True,False,False,False,False,0.0,True,False,False,False,False,46.88027621959987,False,False,False,False,False,18.793467833071624,False,False,False,False,False,0.0,True,False,False,False,False,13.154305353118634,False,False,False,False,False,33.43806237910443,False,False,False,False,False,68.535617052726,False,False,False,False,False,40.864734916234305,False,False,False,False,False,0.3039219467537427,0.6408202254693661,0.2552554896451244,2026-03-16
5003,38,17,10,55,11,4,0.6666666666666666,47,0,0,47,0,5,41,41,4,4,4,2,2,2,0,0,0,0.008386200075507957,0.015307848316116026,47,0.01866663051715149,0.09988437202317109,6,100.0,6,6,0,16,43,1,6,0,6,0,6,6,-0.019323671497584627,2207702928835.0,5180,5180,True,7.595442734359384,1.9988007195682589,5.063628489572922,20260317,39,17,10,0,11,0.12195121951219512,1.0,2398841176207.5,0.9203205909302073,-0.08303320123766432,100.0,False,True,False,False,False,0.0,True,False,False,False,False,43.280610527612914,False,False,False,False,False,16.564940757119402,False,False,False,False,False,100.0,False,True,False,False,False,0.0,True,False,False,False,False,98.1799380263602,False,False,False,False,False,43.017208104621815,False,False,False,False,False,7.882616218339389,False,False,False,False,False,27.70137677718944,False,False,False,False,False,0.4790166266639396,0.7972902853622577,0.09664235234013567,2026-03-17
5005,57,22,4,79,7,5,0.6666666666666666,38,0,0,38,0,4,27,27,2,5,5,0,4,4,1,2,2,0.008839372200112184,0.007287983296138392,38,0.031190218823773295,0.010735224717446529,11,58.18181818181818,11,11,0,21,71,1,5,0,3,3,11,11,0.009069533087000314,2045873967882.0,5180,5180,True,11.38861138861139,0.7992007992007992,7.592407592407593,20260318,57,22,4,0,7,0.14285714285714285,0.2727272727272727,2396762021750.9,0.8535991263694312,-0.15829360246110682,16.997993460659984,False,False,False,False,False,0.0,True,False,False,False,False,23.467655190547145,False,False,False,False,False,44.64601821148504,False,False,False,False,False,24.36223252769989,False,False,False,False,False,20.921666312812263,False,False,False,False,False,89.73221737643607,False,False,False,False,False,14.317988146204568,False,False,False,False,False,68.0331977335464,False,False,False,False,False,9.873591408628627,False,False,False,False,False,0.31537819061862893,0.7817442045570508,0.2539416172338433,2026-03-18
5006,28,11,7,39,8,4,0.5,57,0,0,57,0,6,50,50,0,4,4,2,2,2,0,1,1,0.009007981652504094,0.006807419838031848,57,0.03126509756795404,-0.0012251841207476005,7,48.57142857142857,7,7,0,8,28,2,8,1,3,2,6,6,-0.02637046777340868,2110758511052.0,5180,5180,True,5.593288054334798,1.3983220135836996,2.796644027167399,20260319,28,11,7,0,8,0.12,0.2857142857142857,2393785104692.6,0.8817660812218375,-0.125828472185005,25.29951245866427,False,False,False,False,False,0.0,True,False,False,False,False,22.280430429485346,False,False,False,False,False,44.81391544377534,False,False,False,False,False,7.407645113867795,False,False,False,False,False,0.0,True,False,False,False,False,53.68965316910742,False,False,False,False,False,28.651359815704165,False,False,False,False,False,77.40912909677793,False,False,False,False,False,17.56397526409533,False,False,False,False,False,0.3277510754507037,0.7154161808434568,0.2784605341583175,2026-03-19
5006,29,24,15,53,7,5,0.6666666666666666,28,0,0,28,0,3,20,20,2,6,6,0,0,0,2,2,2,0.016299967035160037,0.0015012342543755466,28,0.04582524536822115,0.038224435726992564,8,65.625,8,8,0,23,45,1,4,0,4,2,8,8,-0.025475845075376757,2286594329871.0005,5181,5181,True,5.793048341989612,2.9964043148222133,3.8620322279930748,20260320,29,24,15,0,7,0.15,0.5,2400118366993.85,0.95270065064956,-0.04845453731638791,44.51316594991588,False,False,False,False,False,22.969870144750296,False,False,False,False,False,9.171579131205299,False,False,False,False,False,77.46147843577552,False,False,False,False,False,63.329816103128444,False,False,False,False,False,0.0,True,False,False,False,False,68.9059659175966,False,False,False,False,False,66.8838694184464,False,False,False,False,False,61.027260707758956,False,False,False,False,False,35.89241733369521,False,False,False,False,False,0.3563878010798082,0.7434182937622162,0.2356204519801148,2026-03-20
5008,28,17,78,45,5,6,0.8333333333333334,29,0,0,29,0,2,22,22,1,3,3,1,2,2,1,2,2,0.0043079400230703795,-0.015880659290754145,29,0.039878911246245936,0.013678809582901796,7,58.57142857142857,7,7,1,15,38,0,2,2,5,1,5,5,-0.05678936101007054,2431159717836.0,5183,5183,True,5.5910543130990416,15.575079872204473,4.659211927582535,20260323,28,17,77,1,5,0.09090909090909091,0.42857142857142855,2407372720062.75,1.0098808952909586,0.00983239844491854,40.13195623078143,False,False,False,False,False,0.0,True,False,False,False,False,0.0,True,False,False,False,False,64.12828151485523,False,False,False,False,False,28.534938292742112,False,False,False,False,False,0.0,True,False,False,False,False,40.0465154660215,False,False,False,False,False,100.0,False,True,False,False,False,49.817761466499064,False,False,False,False,False,49.699505306274204,False,False,False,False,False,0.34985788730221534,0.6903091336341434,0.20630658757414927,2026-03-23
5005,84,24,1,108,6,7,0.6666666666666666,28,0,0,28,0,4,23,23,1,2,2,0,1,1,1,2,2,0.028913063556019275,0.03911070503288012,28,0.022024234798328334,0.031327042729065835,5,70.0,3,3,0,20,98,4,8,0,2,0,4,4,0.03360215053763449,2082712144064.0,5181,5181,True,16.783216783216783,0.1998001998001998,11.188811188811188,20260324,84,23,1,1,6,0.17391304347826086,0.4,2429805458304.75,0.8571518089835417,-0.15414023606766256,47.24106217559465,False,False,False,False,False,75.94915277084495,False,False,False,False,False,100.0,False,True,False,False,False,24.093545464684222,False,False,False,False,False,53.552353301233204,False,False,False,False,False,57.5428826738468,False,False,False,False,False,64.93045149821765,False,False,False,False,False,0.0,True,False,False,False,False,16.09497880726932,False,False,False,False,False,10.857446442824937,False,False,False,False,False,0.3604535564966529,0.7361022767006808,0.1181184306379436,2026-03-24
5005,84,17,1,101,23,8,0.8333333333333334,84,0,0,84,0,19,78,78,2,4,4,1,1,1,1,1,1,0.029527659471098436,0.04981726662999538,84,0.06948610573363806,0.08707709340516534,6,91.66666666666667,6,6,0,12,73,5,24,0,4,0,5,5,0.016822429906542258,2179631929456.0002,5182,5182,True,16.783216783216783,0.1998001998001998,13.986013986013987,20260325,84,17,1,1,23,0.24358974358974358,0.6666666666666666,2423851996602.45,0.8992429952452637,-0.10620198598885394,100.0,False,True,False,False,False,78.53066403035001,False,False,False,False,False,100.0,False,True,False,False,False,100.0,False,True,False,False,False,100.0,False,True,False,False,False,86.02605095465145,False,False,False,False,False,100.0,False,True,False,False,False,0.0,True,False,False,False,False,11.57817938335786,False,False,False,False,False,22.21312379049217,False,False,False,False,False,0.4409329232164885,0.8245489628211596,0.10630658757414924,2026-03-25
5003,39,20,9,59,10,3,0.5,84,1,0,83,0,6,60,61,4,19,19,0,2,2,0,2,2,0.01529266725678577,0.0039281627148564395,83,0.025437858694220845,0.01567791459814589,23,50.0,4,4,0,12,41,3,9,5,9,2,22,22,-0.01632653061224487,1943452612141.9998,5181,5181,True,7.795322806316211,1.798920647611433,3.8976614031581054,20260326,39,20,9,1,10,0.1,0.17391304347826086,2409721806686.0,0.8065049694739482,-0.21504521965786805,0.0,True,False,False,False,False,18.73886948924613,False,False,False,False,False,15.167269217507501,False,False,False,False,False,31.74776042877293,False,False,False,False,False,31.368787970367652,False,False,False,False,False,0.0,True,False,False,False,False,0.668078271106424,False,False,False,False,False,38.23527868549011,False,False,False,False,False,14.308599005741934,False,False,False,False,False,0.0,True,False,False,False,False,0.25254998719730304,0.6178422053366968,0.11344688428672195,2026-03-26
5000,79,17,2,96,11,4,0.5,39,1,0,38,0,8,28,29,0,6,6,3,4,4,0,0,0,0.004277663753507866,0.02077206009604753,38,0.022349229666913616,0.0035958226585217855,10,48.5,10,10,0,13,81,4,12,0,3,3,10,10,0.012406092828938009,1853070652626.0,5177,5177,True,15.8,0.4,7.9,20260327,79,17,2,1,11,0.2857142857142857,0.3,2379982595246.35,0.778606808439366,-0.25024909938040524,29.33166812799861,False,False,False,False,False,0.0,True,False,False,False,False,56.77986315572677,False,False,False,False,False,24.82226680664891,False,False,False,False,False,14.241707558353713,False,False,False,False,False,24.053797567690744,False,False,False,False,False,92.06692680703514,False,False,False,False,False,4.767511066871088,False,False,False,False,False,74.50694527790584,False,False,False,False,False,0.0,True,False,False,False,False,0.3337607464197956,0.7860406986018791,0.27087105838276615,2026-03-27
4998,63,18,11,81,14,5,0.6666666666666666,79,0,0,79,0,11,68,68,2,8,8,0,0,0,1,3,3,0.0093396693240352,0.019018680029722995,79,0.03157152568723573,0.018497026057128885,11,60.90909090909091,11,11,0,15,64,0,11,3,6,2,11,11,0.002218530823182019,1915659167355.0,5174,5174,True,12.605042016806722,2.2008803521408566,8.403361344537814,20260330,63,18,11,1,14,0.16176470588235295,0.2727272727272727,2348281479789.75,0.8157706747857654,-0.2036219993177495,0.0,True,False,False,False,False,0.0,True,False,False,False,False,52.44816419864304,False,False,False,False,False,45.501005400828234,False,False,False,False,False,35.365045314684295,False,False,False,False,False,29.17939157069258,False,False,False,False,False,59.834206011229575,False,False,False,False,False,47.851759796272994,False,False,False,False,False,44.133458931583164,False,False,False,False,False,0.0,True,False,False,False,False,0.2834399193710045,0.7267238126833369,0.1914416172338433,2026-03-30
4999,53,18,2,71,8,4,0.6666666666666666,63,1,0,62,0,6,48,49,1,11,11,1,2,2,0,1,1,0.014183398998222248,0.013281162199512616,62,-0.0006693400100703517,-0.006281348518242881,14,44.285714285714285,14,14,0,14,59,3,9,1,3,5,13,13,-0.014740108611326685,1992432806901.0,5179,5179,True,10.602120424084816,0.40008001600320064,7.06808028272321,20260331,53,18,2,1,8,0.125,0.14285714285714285,2293051368301.45,0.8689002062683272,-0.14052699774682514,0.0,True,False,False,False,False,14.079566638324218,False,False,False,False,False,38.27371310346816,False,False,False,False,False,0.0,True,False,False,False,False,0.24023282756815206,False,False,False,False,False,15.582581491755906,False,False,False,False,False,50.28697009290878,False,False,False,False,False,4.769425369162258,False,False,False,False,False,99.73204302977088,False,False,False,False,False,14.082168700608502,False,False,False,False,False,0.2855545449716357,0.7091543277058807,0.3368369930967496,2026-03-31
5001,57,38,7,95,5,4,0.5,53,0,0,53,0,4,45,45,0,6,6,1,1,1,0,1,1,0.021420819074466267,-0.0017993548230893287,53,0.056414623904789324,0.008379493223722112,8,55.0,8,8,0,32,84,4,8,2,3,2,8,8,0.015355086372360827,2012230966624.0,5182,5182,True,11.397720455908818,1.3997200559888023,5.698860227954409,20260401,57,38,6,2,5,0.08888888888888889,0.125,2236219144645.4,0.8998362130304908,-0.10554251774087758,2.983081502808691,False,False,False,False,False,44.47918524656927,False,False,False,False,False,1.0175236932496812,False,False,False,False,False,100.0,False,True,False,False,False,21.022843709625143,False,False,False,False,False,1.6401797208038509,False,False,False,False,False,0.0,True,False,False,False,False,28.68480657225525,False,False,False,False,False,61.027260707758956,False,False,False,False,False,22.3693395186996,False,False,False,False,False,0.2944898578173851,0.5892465087148036,0.2356204519801148,2026-04-01
5001,27,19,8,46,6,5,0.6666666666666666,57,0,0,57,0,2,52,52,3,4,4,0,0,0,1,1,1,0.019661875265005842,0.010886299415421788,57,0.07879595481646202,0.10812599832437568,5,95.0,5,5,0,15,36,4,6,0,4,0,5,5,-0.018560179977502922,1842796860826.0,5182,5182,True,5.398920215956808,1.5996800639872024,3.5992801439712054,20260402,27,19,8,2,6,0.038461538461538464,0.8,2218555508181.7,0.8306291431654702,-0.18557186151747193,60.29245735475251,False,False,False,False,False,37.09102476982099,False,False,False,False,False,32.357240786116755,False,False,False,False,False,100.0,False,True,False,False,False,100.0,False,True,False,False,False,0.0,True,False,False,False,False,42.39855487151201,False,False,False,False,False,33.468648380676754,False,False,False,False,False,11.57817938335786,False,False,False,False,False,3.411880604814859,False,False,False,False,False,0.3799058289649129,0.6946375194994021,0.10630658757414924,2026-04-02
5002,36,14,28,50,4,6,0.5,27,0,0,27,0,3,21,21,0,2,2,0,3,3,1,1,1,0.01653203074829585,0.0017512649320414989,27,0.0485415398010588,0.002828325198583855,6,49.166666666666664,6,6,0,9,41,2,5,3,4,1,5,5,-0.02295500167280029,1656325418738.9998,5183,5183,True,7.197121151539384,5.597760895641743,3.598560575769692,20260403,36,14,28,2,4,0.14285714285714285,0.16666666666666666,2191203217811.9,0.7558976754301134,-0.2798492619234039,8.165776804877543,False,False,False,False,False,23.944616435254826,False,False,False,False,False,9.789276141959432,False,False,False,False,False,83.5521029828189,False,False,False,False,False,13.153734483983751,False,False,False,False,False,0.0,True,False,False,False,False,0.0,True,False,False,False,False,100.0,False,True,False,False,False,49.817761466499064,False,False,False,False,False,0.0,True,False,False,False,False,0.3022143347604179,0.6076450270382753,0.20630658757414927,2026-04-03
5001,93,29,4,122,7,7,0.6666666666666666,36,0,0,36,0,4,32,32,2,3,3,0,0,0,1,1,1,0.009498601878352239,0.015558050290867681,36,0.06499703181912653,0.07497899947684739,4,87.5,4,4,0,28,114,1,5,0,3,0,3,3,0.012232415902140747,1614196388152.0,5181,5181,True,18.59628074385123,0.7998400319936012,12.397520495900821,20260407,93,29,4,2,7,0.125,0.75,2164020837189.15,0.7459246049814762,-0.29313074959433605,62.89054026818417,False,False,False,False,False,0.0,True,False,False,False,False,43.89873072522866,False,False,False,False,False,100.0,False,True,False,False,False,100.0,False,True,False,False,False,69.85084641206294,False,False,False,False,False,94.99117693784682,False,False,False,False,False,14.333281146990728,False,False,False,False,False,21.740978087158652,False,False,False,False,False,0.0,True,False,False,False,False,0.38377810591564915,0.7914221062871158,0.13288323446768655,2026-04-07
5003,122,19,4,141,11,4,0.6666666666666666,93,0,0,93,0,9,86,86,1,4,4,1,2,2,0,1,1,0.010205259199852526,0.017305703149368752,93,0.04599149215413777,0.03487630267347234,7,76.42857142857143,7,7,0,16,127,1,10,2,4,0,6,6,0.03725346968590215,2434169372378.0005,5186,5186,True,24.38536877873276,0.7995202878273037,16.256912519155172,20260408,122,20,4,2,11,0.10465116279069768,0.2857142857142857,2112368435009.7,1.1523412923782033,0.14179577914211883,20.922920727023097,False,False,False,False,False,0.0,True,False,False,False,False,48.21628070193308,False,False,False,False,False,77.8342461088709,False,False,False,False,False,58.58363933801878,False,False,False,False,False,100.0,False,True,False,False,False,66.05228719669438,False,False,False,False,False,14.325631589831552,False,False,False,False,False,7.882616218339389,False,False,False,False,False,80.95916894525256,False,False,False,False,False,0.32122804448906583,0.7381667564747417,0.09664235234013567,2026-04-08
5004,54,18,2,72,13,5,0.6666666666666666,122,0,0,122,0,11,111,111,1,9,9,0,1,1,1,1,1,0.009911171187936513,0.018278533597970284,122,0.041136820805943615,0.016459018412769855,11,59.54545454545455,11,11,0,10,51,5,16,3,5,1,11,11,-0.0158200040043604,2133919501797.0,5187,5187,True,10.79136690647482,0.3996802557953637,7.194244604316546,20260409,54,18,2,2,13,0.0990990990990991,0.18181818181818182,2114192268550.85,1.0093308605558717,0.0092875969924718,5.461795612706995,False,False,False,False,False,0.0,True,False,False,False,False,50.619643623960606,False,False,False,False,False,66.94883540976252,False,False,False,False,False,32.476048857807285,False,False,False,False,False,16.867279049820024,False,False,False,False,False,17.83354072747896,False,False,False,False,False,4.759861508794695,False,False,False,False,False,20.23372012961992,False,False,False,False,False,49.57045200327806,False,False,False,False,False,0.29818422317639753,0.64943127858664,0.1289416172338433,2026-04-09
5005,59,28,8,87,12,4,0.6666666666666666,54,0,0,54,0,8,41,41,3,11,11,1,1,1,0,1,1,0.017678105735042988,0.017463921219881554,54,0.030149716730718208,0.03918721373589616,13,70.76923076923077,13,13,0,26,73,1,9,1,5,0,12,12,0.007913369429404238,2322709926538.0,5190,5190,True,11.78821178821179,1.5984015984015985,7.858807858807859,20260410,59,28,8,2,12,0.1951219512195122,0.3076923076923077,2095478293119.1,1.1084390299651674,0.10295274627482473,46.37799577813029,False,False,False,False,False,28.758520026110567,False,False,False,False,False,48.60715605417131,False,False,False,False,False,42.31294727756905,False,False,False,False,False,64.69461091348175,False,False,False,False,False,23.634349006222227,False,False,False,False,False,77.28273572543404,False,False,False,False,False,33.43806237910443,False,False,False,False,False,0.0,True,False,False,False,False,71.75797892015375,False,False,False,False,False,0.35916721105302657,0.7588338059122809,0.06253328680832308,2026-04-10
5004,58,17,4,75,8,5,0.8333333333333334,59,0,0,59,0,4,47,47,2,8,8,1,3,3,1,1,1,0.007837105259148519,0.023088485483577687,59,0.024198909916307475,0.03578383410152971,12,67.08333333333333,12,12,0,12,62,3,7,2,6,1,12,12,-0.0018418455347383733,2150173211444.9998,5188,5188,True,11.590727418065548,0.7993605115907274,9.658939515054623,20260413,59,17,4,1,8,0.0851063829787234,0.3333333333333333,2089530223712.85,1.0290223070448794,0.02860913498902887,26.75018454988566,False,False,False,False,False,0.0,True,False,False,False,False,62.502557070207175,False,False,False,False,False,28.969721440044648,False,False,False,False,False,59.87011885021259,False,False,False,False,False,41.964608415283884,False,False,False,False,False,42.539183650567466,False,False,False,False,False,14.321809104284682,False,False,False,False,False,17.333323920121966,False,False,False,False,False,54.14736398877804,False,False,False,False,False,0.329913209720119,0.6948963143215005,0.1213568162200878,2026-04-13
5005,54,19,4,73,9,6,0.8333333333333334,58,0,0,58,0,5,50,50,1,4,4,2,2,2,1,2,2,0.02181498127864348,0.023891048287924568,58,0.03476562811377855,0.051616808706137426,8,93.75,4,4,0,15,60,4,9,0,4,0,7,7,0.006451612903225712,2383550274290.0,5190,5190,True,10.78921078921079,0.7992007992007992,8.991008991008991,20260414,55,19,4,1,10,0.11764705882352941,0.5,2077034607538.15,1.1475736926286242,0.13764988104620104,56.25441979344073,False,False,False,False,False,46.134800168812525,False,False,False,False,False,64.48527635015826,False,False,False,False,False,52.662997270961874,False,False,False,False,False,82.31429743862083,False,False,False,False,False,35.16325045321459,False,False,False,False,False,76.28122220773632,False,False,False,False,False,14.317988146204568,False,False,False,False,False,4.802980247490665,False,False,False,False,False,79.97708301144911,False,False,False,False,False,0.3738873914108082,0.7569907513513118,0.0885888229784577,2026-04-14
5004,56,27,9,83,11,5,0.6666666666666666,54,0,0,54,0,8,45,45,2,5,5,0,1,1,1,3,3,0.028993171023898725,0.009094816827530276,54,0.0474607925684344,0.026812830598243687,9,43.75,4,4,1,22,67,2,10,3,6,1,8,8,-0.007062058188440967,2415059249007.0,5188,5188,True,11.191047162270184,1.7985611510791368,7.4606981081801225,20260415,57,28,9,1,11,0.17777777777777778,0.3,2079956034440.45,1.1611107201391877,0.14937706435231324,35.61296973304708,False,False,False,False,False,76.285631301254,False,False,False,False,False,27.931410125300403,False,False,False,False,False,81.12879218683318,False,False,False,False,False,47.15319042879067,False,False,False,False,False,19.580503846086387,False,False,False,False,False,27.55264738653567,False,False,False,False,False,38.22667809300967,False,False,False,False,False,31.612197566881132,False,False,False,False,False,82.75503401304456,False,False,False,False,False,0.3431226260195983,0.6673170520085483,0.1586973750570379,2026-04-15
5005,79,22,2,101,8,6,0.8333333333333334,56,0,0,56,0,5,45,45,1,8,8,1,2,2,1,1,1,0.010430977694410459,0.018782336187094233,56,0.0073398806752614084,0.030343527004111068,11,60.0,11,11,0,17,88,2,7,3,6,2,10,10,0.011231448054552784,2341504639484.0,5191,5191,True,15.784215784215784,0.3996003996003996,13.153513153513153,20260416,79,22,2,1,8,0.10869565217391304,0.2727272727272727,2090323850449.05,1.1201635760798454,0.11347472471402038,25.467109954236637,False,False,False,False,False,0.0,True,False,False,False,False,51.86428030701524,False,False,False,False,False,0.0,True,False,False,False,False,52.158161551000205,False,False,False,False,False,77.5489175377453,False,False,False,False,False,31.72579117002926,False,False,False,False,False,4.757951029754637,False,False,False,False,False,49.01389055581172,False,False,False,False,False,74.25043936704512,False,False,False,False,False,0.3280008688332593,0.6749967603178566,0.2042043917160995,2026-04-16
5006,69,21,3,90,13,7,1.0,79,0,0,79,0,8,71,71,2,5,5,1,1,1,2,2,2,0.02028202096221607,0.022013861800414862,79,0.03243934201994439,0.04724378390880067,8,100.0,3,3,0,18,74,3,11,0,5,0,7,7,-0.003510826245942622,2425370800663.0,5190,5190,True,13.783459848182183,0.5992808629644426,13.783459848182183,20260417,69,21,3,1,13,0.11267605633802817,0.625,2105105384029.15,1.152137474476867,0.1416188906371787,80.5834812483534,False,False,False,False,False,39.695846996268116,False,False,False,False,False,59.84771550047741,False,False,False,False,False,47.44687083957555,False,False,False,False,False,76.11527596767117,False,False,False,False,False,83.96349631985488,False,False,False,False,False,99.30570727713052,False,False,False,False,False,9.535105014333043,False,False,False,False,False,4.802980247490665,False,False,False,False,False,80.91726735757865,False,False,False,False,False,0.41014830649471873,0.799362003931769,0.0885888229784577,2026-04-17
5003,75,15,6,90,15,6,0.6666666666666666,69,0,0,69,0,11,56,56,3,8,8,0,2,2,1,3,3,0.029147563848252823,0.03252642769130229,69,0.057591247680123435,0.03473323940529998,13,70.0,3,3,0,11,71,1,12,3,7,1,11,11,0.004568296025582397,2578602743295.0,5185,5185,True,14.991005396761942,1.1992804317409553,9.994003597841294,20260420,76,15,6,1,15,0.19642857142857142,0.3076923076923077,2120835998509.7,1.2158425946687863,0.19543732999153024,26.64018615257051,False,False,False,False,False,76.93413351983051,False,False,False,False,False,85.81885066986891,False,False,False,False,False,100.0,False,True,False,False,False,58.38083868807854,False,False,False,False,False,45.37647639439855,False,False,False,False,False,68.17650791268105,False,False,False,False,False,23.889490428094973,False,False,False,False,False,20.23372012961992,False,False,False,False,False,93.66585187324858,False,False,False,False,False,0.32974926412148575,0.7420758946041044,0.1289416172338433,2026-04-20
5004,53,11,9,64,8,4,0.6666666666666666,75,0,0,75,0,4,60,60,3,11,11,1,3,3,0,1,1,0.01426353599701573,0.0041765184005804245,75,0.02953129963480888,0.014995964052283732,15,63.333333333333336,15,15,0,9,54,1,5,1,5,1,14,14,-0.005067359682702222,2408352002627.0,5190,5190,True,10.591526778577139,1.7985611510791368,7.061017852384759,20260421,53,11,9,1,8,0.06557377049180328,0.26666666666666666,2135436419180.9,1.127803188610403,0.12027165967051148,2.748492764243035,False,False,False,False,False,14.416169208586451,False,False,False,False,False,15.780828185981186,False,False,False,False,False,40.92629850373867,False,False,False,False,False,30.402082709857826,False,False,False,False,False,15.510666651686844,False,False,False,False,False,84.27077385728586,False,False,False,False,False,38.22667809300967,False,False,False,False,False,12.448446093599093,False,False,False,False,False,75.8605064886465,False,False,False,False,False,0.29414021825794157,0.7716936778196942,0.10858241451271014,2026-04-21
5000,54,25,4,79,8,4,0.5,53,0,0,53,0,6,45,45,0,4,4,2,3,3,0,1,1,0.019965892225292527,0.02543570185748844,53,0.036591968168569036,0.04270471104122528,8,71.25,8,8,0,19,65,3,9,3,5,0,8,8,0.001124965092017871,2559540398892.9995,5189,5189,True,10.8,0.8,5.4,20260422,54,25,4,0,8,0.13333333333333333,0.25,2134296033420.45,1.1992433846166353,0.18169084511768402,14.189515634285014,False,False,False,False,False,38.36799909848943,False,False,False,False,False,68.30131965123287,False,False,False,False,False,56.758117238253114,False,False,False,False,False,69.68087152947973,False,False,False,False,False,0.0,True,False,False,False,False,6.1353769469622605,False,False,False,False,False,14.33710822043747,False,False,False,False,False,2.19713442600328,False,False,False,False,False,90.40956599223786,False,False,False,False,False,0.31119233346314606,0.6279035071390733,0.08177429813396095,2026-04-22
4998,50,23,15,73,9,5,0.6666666666666666,54,0,0,54,0,5,46,46,3,6,6,0,0,0,1,2,2,0.024211441657933666,0.0188554958201215,54,0.07669844225695127,0.08233482880772115,8,82.5,8,8,0,18,59,1,6,4,8,0,8,8,-0.01301911751774315,2804250375256.9995,5187,5187,True,10.004001600640256,3.001200480192077,6.669334400426838,20260423,50,23,15,0,9,0.10869565217391304,0.5,2158137446161.9,1.299384513365526,0.2618907010967686,34.39551635798699,False,False,False,False,False,56.20074642766218,False,False,False,False,False,52.0450200748336,False,False,False,False,False,100.0,False,True,False,False,False,100.0,False,True,False,False,False,11.522258772901537,False,False,False,False,False,26.094108190954508,False,False,False,False,False,66.9986128446251,False,False,False,False,False,2.19713442600328,False,False,False,False,False,100.0,False,True,False,False,False,0.3413080893785739,0.6646329471320134,0.08177429813396095,2026-04-23
4995,59,24,23,83,8,3,0.5,50,0,0,50,0,6,41,41,2,5,5,0,3,3,0,1,1,0.010621021177489776,0.0006592657203103136,50,0.02401864996467979,-0.02410999595555727,9,41.111111111111114,9,9,0,18,69,5,11,1,3,4,8,8,-0.005286343612334821,2641492647828.0,5187,5187,True,11.811811811811813,4.604604604604604,5.9059059059059065,20260424,59,24,23,0,8,0.14634146341463414,0.2222222222222222,2189368368451.95,1.206509003186036,0.1877310682896996,10.470391096666331,False,False,False,False,False,0.0,True,False,False,False,False,7.091508591477473,False,False,False,False,False,28.56553267723609,False,False,False,False,False,0.0,True,False,False,False,False,3.74847050787267,False,False,False,False,False,34.253316438662345,False,False,False,False,False,100.0,False,True,False,False,False,100.0,False,True,False,False,False,91.84038220552372,False,False,False,False,False,0.30564921543966606,0.679648087426279,0.3894666058262687,2026-04-24
4988,65,24,35,89,9,4,0.6666666666666666,59,0,0,59,0,6,51,51,2,6,6,1,2,2,0,0,0,0.011958572578880191,0.010783065181236803,59,0.02866445767500253,0.004768634272586683,8,50.625,8,8,0,21,77,2,8,1,4,2,8,8,0.006896551724137945,2589110923494.0,5185,5185,True,13.031275060144345,7.016840417000802,8.687516706762896,20260427,65,24,35,0,9,0.11764705882352941,0.375,2224270370236.25,1.164027070692399,0.15188560564740552,20.505955746544487,False,False,False,False,False,4.734541214202955,False,False,False,False,False,32.10220217062033,False,False,False,False,False,38.98261785742218,False,False,False,False,False,15.904237435018292,False,False,False,False,False,32.07286965824621,False,False,False,False,False,63.96873806361199,False,False,False,False,False,100.0,False,True,False,False,False,61.027260707758956,False,False,False,False,False,83.34926065906392,False,False,False,False,False,0.32060658476781356,0.734332465010001,0.2356204519801148,2026-04-27
4978,58,13,29,71,11,5,0.8333333333333334,65,1,0,64,0,8,56,56,1,5,6,1,2,2,1,1,1,0.016192789639798345,0.018206106469483042,64,0.008771145155335877,0.02525052638986873,8,66.875,8,9,0,10,57,3,11,0,3,1,8,9,-0.011191029227365867,2535946662286.0005,5178,5178,True,11.651265568501406,5.825632784250703,9.709387973751172,20260428,58,13,29,0,11,0.14285714285714285,0.375,2261072383779.65,1.1215681021440214,0.11472779729322392,43.21329665482105,False,False,False,False,False,22.519688739208423,False,False,False,False,False,50.440713497538894,False,False,False,False,False,0.0,True,False,False,False,False,44.93853174728273,False,False,False,False,False,42.47831158331945,False,False,False,False,False,97.05932013331177,False,False,False,False,False,100.0,False,True,False,False,False,31.612197566881132,False,False,False,False,False,74.5472688900096,False,False,False,False,False,0.35445042876411215,0.7952280466781165,0.1586973750570379,2026-04-28
4949,101,22,13,123,11,3,0.5,58,1,0,57,0,9,47,47,2,7,8,0,1,1,0,2,2,-0.0010852205750787427,0.011716697556145428,57,0.001973701847993037,0.02664760951477011,10,55.0,3,3,0,21,111,1,10,0,2,1,9,10,0.01128991490437281,2589918619647.0005,5152,5152,True,20.408163265306122,2.6267932915740553,10.204081632653061,20260429,101,22,13,0,11,0.19148936170212766,0.2,2292086758526.2,1.1299391744282423,0.1221638033358651,13.780352979516703,False,False,False,False,False,0.0,True,False,False,False,False,34.408726843943924,False,False,False,False,False,0.0,True,False,False,False,False,46.91897976423417,False,False,False,False,False,47.51564486070639,False,False,False,False,False,100.0,False,True,False,False,False,58.04129792844057,False,False,False,False,False,27.277539495543518,False,False,False,False,False,76.30872003260909,False,False,False,False,False,0.3105825026109549,0.8162024798467613,0.14736184826724946,2026-04-29
4922,78,16,10,94,17,4,0.6666666666666666,101,0,0,101,0,13,90,90,3,9,9,1,2,2,0,0,0,0.023547624834936266,0.02465298795751212,101,0.04416359601207719,0.028767009500218377,11,62.72727272727273,11,11,0,13,74,1,14,2,6,1,11,11,0.0014788014765054758,2740577434784.0005,5151,5151,True,15.847216578626574,2.031694433157253,10.564811052417715,20260430,78,16,10,0,17,0.14444444444444443,0.36363636363636365,2321961049163.5,1.1802857053830897,0.16575653237648874,24.66148433330406,False,False,False,False,False,53.412490663554244,False,False,False,False,False,66.3676367895761,False,False,False,False,False,73.7356369972476,False,False,False,False,False,49.92335468187141,False,False,False,False,False,51.18885610490662,False,False,False,False,False,84.52903859753592,False,False,False,False,False,43.80415707445049,False,False,False,False,False,20.23372012961992,False,False,False,False,False,86.63502449461602,False,False,False,False,False,0.3268001352051168,0.7721689544875016,0.1289416172338433,2026-04-30
4921,101,33,1,134,17,4,0.6666666666666666,78,0,0,78,0,11,61,61,3,13,13,3,3,3,0,1,1,0.0259816127293617,0.031230519968206607,78,0.0307368083147808,0.03641981233863506,17,75.29411764705883,17,17,0,33,117,0,11,0,6,0,17,17,0.010752688172043001,3226459719548.0,5180,5180,True,20.524283682178417,0.203210729526519,13.682855788118944,20260506,101,34,1,0,17,0.18032786885245902,0.35294117647058826,2358378372571.5,1.3680840008848842,0.31341122147081785,55.5565312015914,False,False,False,False,False,63.63606521196131,False,False,False,False,False,82.6173302234905,False,False,False,False,False,43.62935626844517,False,False,False,False,False,60.77165564215436,False,False,False,False,False,82.93907207168134,False,False,False,False,False,100.0,False,True,False,False,False,0.05952596043251586,False,False,False,False,False,0.0,True,False,False,False,False,100.0,False,True,False,False,False,0.37284723295611494,0.854418671709583,0.048321176170067835,2026-05-06
4923,99,32,4,131,20,5,0.6666666666666666,101,0,0,101,0,17,84,84,2,11,11,0,3,3,1,3,3,0.02508062775975207,0.039322685367965945,101,0.026737827754095604,0.026666572743176128,17,66.47058823529412,17,17,0,26,105,3,20,3,6,1,17,17,0.006651884700665134,3143614761437.0,5182,5182,True,20.10968921389397,0.8125126955108674,13.406459475929312,20260507,100,32,4,0,20,0.20238095238095238,0.17647058823529413,2427561515507.6,1.294968115681169,0.2584860737527745,0.0,True,False,False,False,False,59.851622805778874,False,False,False,False,False,100.0,False,True,False,False,False,34.66262244474325,False,False,False,False,False,46.94586126285248,False,False,False,False,False,80.12460231633727,False,False,False,False,False,44.874153811893244,False,False,False,False,False,14.636461858798066,False,False,False,False,False,6.786428612856674,False,False,False,False,False,100.0,False,True,False,False,False,0.28094843006285647,0.6991932881810756,0.0937757216246133,2026-05-07
4923,96,20,1,116,17,4,0.6666666666666666,99,0,0,99,0,12,79,79,4,17,17,1,2,2,0,1,1,0.015630717680345428,0.028763105612458876,99,0.0180349811523701,0.02202710061972818,20,66.25,20,20,0,15,94,3,15,2,7,1,19,19,0.0064436943847803185,3048331390670.0,5180,5180,True,19.50030469226082,0.20312817387771684,13.00020312817388,20260508,97,20,1,0,18,0.1625,0.25,2501925982642.5,1.2183939140559203,0.19753352755672748,18.728099304528463,False,False,False,False,False,20.158795904779346,False,False,False,False,False,76.52162034474729,False,False,False,False,False,15.148621863352476,False,False,False,False,False,40.36913493725706,False,False,False,False,False,75.98780253555822,False,False,False,False,False,77.98937903546997,False,False,False,False,False,0.05755089967804585,False,False,False,False,False,3.7981416091315103,False,False,False,False,False,94.16240198027612,False,False,False,False,False,0.3179568030820384,0.7601342198882539,0.08596107815589553,2026-05-08
4922,93,38,5,131,19,5,0.8333333333333334,96,1,0,95,0,12,78,79,4,12,12,1,4,4,1,1,1,0.031035801190872375,0.023992974188966208,95,0.056901927900862015,0.03666021184142365,17,68.52941176470588,17,17,0,31,106,4,16,3,9,1,17,17,0.004103332182782915,3538609994767.0,5180,5180,True,18.894758228362456,1.0158472165786265,15.745631856968714,20260511,93,38,5,0,19,0.15384615384615385,0.3888888888888889,2573632732768.4,1.374947539993632,0.3184155776587966,38.88064688640923,False,False,False,False,False,84.86537068069323,False,False,False,False,False,64.73708274839535,False,False,False,False,False,100.0,False,True,False,False,False,61.11243616558054,False,False,False,False,False,100.0,False,True,False,False,False,49.59624785014714,False,False,False,False,False,19.501035493877595,False,False,False,False,False,6.786428612856674,False,False,False,False,False,100.0,False,True,False,False,False,0.3479928904973007,0.7078832127809308,0.0937757216246133,2026-05-11
4921,57,27,8,84,17,5,0.8333333333333334,93,0,0,93,0,10,74,74,4,12,12,2,5,5,1,2,2,0.03224117486175108,0.019607632024454633,93,0.048082821518071854,0.03665833576732084,19,85.71428571428571,7,7,0,19,59,6,16,2,9,2,18,18,-0.015247776365946653,3242389772352.0,5179,5179,True,11.583011583011583,1.625685836212152,9.652509652509654,20260512,57,27,8,0,17,0.13513513513513514,0.3684210526315789,2628854763887.85,1.2333849008671687,0.20976234162191262,35.64543306274419,False,False,False,False,False,89.92834885373155,False,False,False,False,False,53.903161201488636,False,False,False,False,False,82.5235396574436,False,False,False,False,False,61.10977671950296,False,False,False,False,False,41.899134843945426,False,False,False,False,False,50.451136925743235,False,False,False,False,False,34.09081029032719,False,False,False,False,False,21.85322760358319,False,False,False,False,False,97.05917995278381,False,False,False,False,False,0.34317101054292526,0.7094564388852794,0.13317677720615184,2026-05-12
4928,112,26,2,138,17,6,0.8333333333333334,57,0,0,57,0,11,40,40,3,10,10,2,4,4,1,3,3,0.020386068357355513,0.043311547216230636,57,0.020797796477436032,0.04109441614377081,17,71.42857142857143,7,7,0,23,118,3,14,0,6,1,16,16,0.0036359209258177705,3239703716696.0,5183,5183,True,22.727272727272727,0.4058441558441559,18.93939393939394,20260513,112,26,2,0,17,0.275,0.35294117647058826,2684278277415.6,1.2069179801339966,0.18806998631349073,52.76902214657747,False,False,False,False,False,40.132881339459374,False,False,False,False,False,100.0,False,True,False,False,False,21.34355810972071,False,False,False,False,False,67.39818320583694,False,False,False,False,False,100.0,False,True,False,False,False,100.0,False,True,False,False,False,4.907326609699168,False,False,False,False,False,8.49402118641391,False,False,False,False,False,91.92066556420191,False,False,False,False,False,0.3686926284175547,0.8284155199855061,0.09824123217816631,2026-05-13
4928,55,35,19,90,16,5,0.8333333333333334,112,1,0,111,0,11,94,95,3,11,11,1,3,3,1,3,3,0.030391814638127533,-0.0004720235324096465,111,0.05719183388680038,0.011118691111112874,17,63.333333333333336,6,6,0,23,62,8,19,4,9,5,16,16,-0.02026624359759044,3361921857230.0,5183,5183,True,11.160714285714286,3.8555194805194803,9.300595238095239,20260514,55,35,19,0,16,0.11702127659574468,0.29411764705882354,2730127966923.5,1.231415485999526,0.2081643093453475,13.873803466379279,False,False,False,False,False,82.16040877630678,False,False,False,False,False,4.2966755884769325,False,False,False,False,False,100.0,False,True,False,False,False,24.905818836465627,False,False,False,False,False,38.31568444262656,False,False,False,False,False,0.4706007902998936,False,False,False,False,False,87.4373345290521,False,False,False,False,False,81.33132039239713,False,False,False,False,False,96.68063591135552,False,False,False,False,False,0.310721784604013,0.61747879359511,0.2887174226543568,2026-05-14
4929,55,38,15,93,7,6,0.8333333333333334,55,0,0,55,0,3,39,39,2,11,11,0,3,3,2,2,2,0.007611287565729003,-0.010111998655027703,55,0.017354114782111074,0.011561810000725696,16,65.0,5,5,0,36,84,1,4,1,5,4,15,15,-0.00885216878135131,3344257413821.9995,5184,5184,True,11.158449989855955,3.0432136335970785,9.298708324879962,20260515,55,38,15,0,7,0.07692307692307693,0.25,2790715399212.75,1.198351295429624,0.1809466916245162,2.2174752937620297,False,False,False,False,False,0.0,True,False,False,False,False,0.0,True,False,False,False,False,13.621945897071535,False,False,False,False,False,25.533966088812825,False,False,False,False,False,38.29647050980205,False,False,False,False,False,53.19784400484836,False,False,False,False,False,68.00373522771721,False,False,False,False,False,67.73174614203866,False,False,False,False,False,90.23328990890856,False,False,False,False,False,0.2933487705713603,0.7145111195464333,0.25315329378707463,2026-05-15
4931,78,35,19,113,9,6,0.8333333333333334,55,0,0,55,0,4,48,48,2,3,3,2,2,2,1,2,2,0.017841792663434032,0.013610678207032241,55,0.03876113931289423,0.05509641062866555,7,75.0,4,4,0,31,100,3,7,1,6,0,5,5,-0.0022304832713754275,2893603968465.9995,5187,5187,True,15.818292435611436,3.8531737984181706,13.18191036300953,20260518,81,35,19,0,9,0.08333333333333333,0.7142857142857143,2838750756189.35,1.019323011066418,0.019138692299343084,86.78651683871273,False,False,False,False,False,29.44606063337421,False,False,False,False,False,39.08777742045747,False,False,False,False,False,61.62195190162698,False,False,False,False,False,87.24683910663197,False,False,False,False,False,77.83807873034793,False,False,False,False,False,55.52745820086417,False,False,False,False,False,87.38121644715243,False,False,False,False,False,11.57817938335786,False,False,False,False,False,51.90399274875889,False,False,False,False,False,0.41939353558920467,0.7187982369875793,0.10630658757414924,2026-05-18
4932,90,14,8,104,19,7,1.0,78,0,0,78,0,15,69,69,1,4,4,1,2,2,2,3,3,0.01714577173759717,0.03414330200129767,78,0.0450535743290381,0.04595221003545041,9,90.0,5,5,0,9,80,3,18,2,6,0,8,8,0.006493506493506551,2886309574647.0005,5182,5182,True,18.24817518248175,1.6220600162206003,18.24817518248175,20260519,90,14,8,0,19,0.2112676056338028,0.4444444444444444,2862677992162.3,1.0082550613619141,0.008221174706089074,59.07942791618124,False,False,False,False,False,26.52253671657831,False,False,False,False,False,89.81331421879243,False,False,False,False,False,75.73119525414678,False,False,False,False,False,74.28439355943695,False,False,False,False,False,100.0,False,True,False,False,False,80.7138092770403,False,False,False,False,False,34.00406619865094,False,False,False,False,False,2.19713442600328,False,False,False,False,False,49.31783645346939,False,False,False,False,False,0.37809788591919236,0.7651479051696182,0.08177429813396095,2026-05-19
4939,61,18,23,79,10,8,0.8333333333333334,90,0,0,90,0,3,71,71,4,15,15,1,1,1,2,3,3,0.015282826991201339,-0.002318783170772234,90,0.034051795779752383,0.03252694250362204,19,66.66666666666667,3,3,0,15,66,1,4,2,9,2,17,17,-0.01115760111576014,2953417755024.0,5186,5186,True,12.350678274954445,4.656813120064791,10.292231895795371,20260520,61,18,23,1,10,0.04225352112676056,0.3684210526315789,2889918238920.45,1.0219727725332708,0.021734850069747545,40.8799024003417,False,False,False,False,False,18.69753703685022,False,False,False,False,False,0.0,True,False,False,False,False,51.062403210342644,False,False,False,False,False,55.25328224862713,False,False,False,False,False,48.41325542422736,False,False,False,False,False,72.23978003235203,False,False,False,False,False,100.0,False,True,False,False,False,24.168056832466306,False,False,False,False,False,52.518974103645355,False,False,False,False,False,0.3509726533852401,0.7495534094656447,0.13923026707915875,2026-05-20
4942,34,68,27,102,7,7,0.6666666666666666,61,0,0,61,0,5,51,51,0,3,3,1,4,4,1,3,3,0.023636448458688897,-0.009702075765252022,61,0.02927648536162534,0.00291450539340955,10,63.333333333333336,3,3,0,62,89,3,8,3,5,4,8,8,-0.030721974260449203,3481228862554.0,5189,5189,True,6.879805746661271,5.46337515176042,4.586537164440847,20260521,34,68,27,1,7,0.09803921568627451,0.2,2916320586638.5,1.193705821816607,0.1770626042256749,0.0,True,False,False,False,False,53.7855800043741,False,False,False,False,False,0.0,True,False,False,False,False,40.354939946865514,False,False,False,False,False,13.275900010788098,False,False,False,False,False,0.0,True,False,False,False,False,0.0,True,False,False,False,False,100.0,False,True,False,False,False,100.0,False,True,False,False,False,89.31322204621284,False,False,False,False,False,0.2728536563925839,0.5438736921290839,0.3894666058262687,2026-05-21
4945,116,21,5,137,11,3,0.5,34,0,0,34,0,7,27,27,4,5,5,0,0,0,0,2,2,0.009519445670153932,0.03569085068488892,34,0.037404391781159695,0.0561072153427788,7,72.85714285714286,7,7,0,21,126,0,7,0,4,0,6,6,0.012680167852581636,2903048134445.0,5191,5191,True,23.458038422649143,1.0111223458038423,11.729019211324571,20260522,116,21,5,1,11,0.25925925925925924,0.5714285714285714,2961451892601.45,0.9802786740171741,-0.019918386498500112,76.71761317824843,False,False,False,False,False,0.0,True,False,False,False,False,93.63650985532121,False,False,False,False,False,58.57977807797037,False,False,False,False,False,88.67971461411621,False,False,False,False,False,63.04367654809725,False,False,False,False,False,100.0,False,True,False,False,False,19.387997719084236,False,False,False,False,False,7.882616218339389,False,False,False,False,False,42.652099234882314,False,False,False,False,False,0.4043864765911911,0.8535970375766422,0.09664235234013567,2026-05-22
4945,103,42,15,145,23,4,0.6666666666666666,116,0,0,116,0,21,105,105,1,7,7,1,4,4,0,0,0,0.0356536178282443,0.03953559157929238,116,0.024833532448030396,0.01586151638057052,11,65.0,11,11,0,34,114,6,27,2,4,0,11,11,-0.004761904761904856,3205448447281.9995,5191,5191,True,20.829120323559152,3.033367037411527,13.886080215706102,20260525,103,42,16,1,23,0.2,0.18181818181818182,2986186699192.35,1.0734253314265152,0.07085477972427566,0.0,True,False,False,False,False,100.0,False,True,False,False,False,100.0,False,True,False,False,False,30.392706932004188,False,False,False,False,False,31.629054363562602,False,False,False,False,False,85.00845208786167,False,False,False,False,False,37.394593233877636,False,False,False,False,False,67.7681653306433,False,False,False,False,False,0.0,True,False,False,False,False,64.15456930330215,False,False,False,False,False,0.2684439898680893,0.6854288826151418,0.06644161723384327,2026-05-25
4945,49,27,17,76,13,3,0.5,103,0,0,103,0,9,80,80,4,21,21,0,1,1,0,1,1,0.016392292348953615,0.016440983382776577,103,0.0192956407795997,0.022503945348529827,23,65.65217391304348,23,23,0,20,56,4,13,3,7,3,23,23,-0.015926640926640867,3243410557571.0,5191,5191,True,9.908998988877654,3.4378159757330637,4.954499494438827,20260526,49,27,17,1,13,0.1125,0.17391304347826086,3018482101611.8,1.0745170746048465,0.07187132771856101,0.0,True,False,False,False,False,23.35766777120338,False,False,False,False,False,46.080003586060066,False,False,False,False,False,17.975342110704272,False,False,False,False,False,41.0450905627433,False,False,False,False,False,0.0,True,False,False,False,False,21.927456215672965,False,False,False,False,False,77.44419885295511,False,False,False,False,False,26.41624923409281,False,False,False,False,False,64.39537056351807,False,False,False,False,False,0.2751237878548565,0.6569651854979348,0.14510949556219616,2026-05-26
4946,47,26,22,73,8,3,0.5,49,0,0,49,0,5,36,36,3,9,9,0,4,4,0,0,0,0.01532139625910167,0.011057859386656058,49,0.016154292146438938,0.029307095166323145,13,60.76923076923077,13,13,0,20,59,4,9,2,5,1,13,13,-0.023033123139172995,3238216363026.0,5191,5191,True,9.50262838657501,4.448038819247877,4.751314193287505,20260527,47,26,22,1,8,0.1388888888888889,0.23076923076923078,3040440110727.5,1.065048560437251,0.0630203947765884,0.0,True,False,False,False,False,18.85954104129068,False,False,False,False,False,32.78107710246692,False,False,False,False,False,10.931637693152402,False,False,False,False,False,50.68895807894671,False,False,False,False,False,0.0,True,False,False,False,False,16.971866856066683,False,False,False,False,False,100.0,False,True,False,False,False,14.755193956123785,False,False,False,False,False,62.29874962825972,False,False,False,False,False,0.2574335834330564,0.647845566630974,0.11461477087452737,2026-05-27
4946,101,26,8,127,9,4,0.6666666666666666,47,0,0,47,0,5,39,39,1,5,5,3,3,3,0,0,0,0.014843206029613289,0.008388910209663612,47,0.03617062599314809,0.04014228396385783,8,72.5,8,8,0,25,117,1,6,0,4,0,8,8,0.0015845940547486448,2967879462705.0,5191,5191,True,20.42054185200162,1.6174686615446825,13.61369456800108,20260528,101,26,8,1,9,0.1282051282051282,0.5,3070276296487.4,0.9666489840345807,-0.033919844221008945,45.97875910425451,False,False,False,False,False,16.85097991792141,False,False,False,False,False,26.187478493397403,False,False,False,False,False,55.81336067383216,False,False,False,False,False,66.04847948815913,False,False,False,False,False,82.2348218567549,False,False,False,False,False,100.0,False,True,False,False,False,33.89422266205675,False,False,False,False,False,2.19713442600328,False,False,False,False,False,39.33541504152042,False,False,False,False,False,0.3585721742425593,0.8136616673171531,0.08177429813396095,2026-05-28
4946,50,43,55,93,9,5,0.6666666666666666,101,0,0,101,0,5,92,92,2,5,5,0,1,1,2,3,3,0.024178972595372647,-0.008155194691107166,101,0.0537159189144913,0.015770469527199998,9,57.77777777777778,9,9,1,32,73,9,14,2,6,4,9,9,-0.023887402382156364,3318638030168.0,5190,5190,True,10.109179134654266,11.120097048119693,6.739452756436177,20260529,51,43,55,1,9,0.05434782608695652,0.4444444444444444,3089214723447.95,1.074265898378208,0.07163754307772899,32.75353242095231,False,False,False,False,False,56.064365354292946,False,False,False,False,False,0.0,True,False,False,False,False,95.15437999041758,False,False,False,False,False,31.499990060234158,False,False,False,False,False,12.236255246730526,False,False,False,False,False,0.0,True,False,False,False,False,100.0,False,True,False,False,False,100.0,False,True,False,False,False,64.33999134242084,False,False,False,False,False,0.33886081699939474,0.5966629785625492,0.36164756255296376,2026-05-29
4946,117,44,22,161,11,4,0.6666666666666666,50,0,0,50,0,8,41,41,1,5,5,2,2,2,0,2,2,0.009650398793761892,0.020962127115868853,50,0.015469159691047958,0.02497252478945813,9,63.333333333333336,9,9,0,40,146,3,11,1,4,0,7,7,0.011860268441728494,2877238764926.9995,5192,5192,True,23.655479175090985,4.448038819247877,15.770319450060656,20260601,118,44,22,1,11,0.19047619047619047,0.3333333333333333,3128349291842.05,0.919730661927719,-0.08367441057548519,45.249251722831275,False,False,False,False,False,0.0,True,False,False,False,False,57.249420855935995,False,False,False,False,False,9.395396076509579,False,False,False,False,False,44.54444802496923,False,False,False,False,False,100.0,False,True,False,False,False,62.15304799265123,False,False,False,False,False,100.0,False,True,False,False,False,4.802980247490665,False,False,False,False,False,27.549486244251025,False,False,False,False,False,0.3574848899977521,0.7309911063488785,0.0885888229784577,2026-06-01
4954,65,27,15,92,16,3,0.5,117,0,0,117,0,14,106,106,2,8,8,0,1,1,0,2,2,0.016667205136315078,0.0059558344378804525,117,0.021673183460192827,0.009273229375597835,11,55.90909090909091,11,11,0,20,69,6,20,1,3,3,11,11,-0.015100671140939603,2792614561168.0,5191,5191,True,13.120710536939846,3.0278562777553493,6.560355268469923,20260602,64,27,13,5,16,0.1308411214953271,0.18181818181818182,3142715299106.05,0.8885992829074792,-0.1181088954720126,0.0,True,False,False,False,False,24.51239470404368,False,False,False,False,False,20.176601567420043,False,False,False,False,False,23.30639887576054,False,False,False,False,False,22.289767601347787,False,False,False,False,False,10.412553406623168,False,False,False,False,False,48.889407457147676,False,False,False,False,False,67.63632595584393,False,False,False,False,False,68.0331977335464,False,False,False,False,False,19.392599009626217,False,False,False,False,False,0.289249412231434,0.7065824361192342,0.2539416172338433,2026-06-02
4958,66,57,11,123,11,3,0.5,65,0,0,65,0,6,49,49,5,14,14,0,2,2,0,0,0,0.023374860825155847,0.029943305131564624,65,0.02841104459716754,0.03880099400919139,16,65.3125,16,16,0,47,102,8,14,2,7,2,16,16,-0.00974970079386206,3129983550522.0,5195,5195,True,13.311819281968535,2.2186365469947558,6.655909640984268,20260603,66,56,10,5,11,0.125,0.3125,3145317155425.25,0.9951249415732841,-0.004886980286337975,0.0,True,False,False,False,False,52.68682323631801,False,False,False,False,False,79.43728542173059,False,False,False,False,False,38.41440113770848,False,False,False,False,False,64.14712159217598,False,False,False,False,False,11.385558036467835,False,False,False,False,False,1.985430883037909,False,False,False,False,False,48.2765588756031,False,False,False,False,False,26.70334598790972,False,False,False,False,False,46.21275901588023,False,False,False,False,False,0.2818912186466585,0.6202664888804739,0.14586027979721394,2026-06-03
4958,79,24,7,103,10,4,0.6666666666666666,66,0,0,66,0,6,55,55,1,6,6,3,5,5,0,0,0,0.011738504650510332,0.018889320280592956,66,0.023626220507770634,0.04892217926978976,11,78.63636363636364,11,11,0,20,89,3,9,1,5,1,11,11,-0.016015775446380442,2757415675917.0,5195,5195,True,15.933844292053248,1.4118596208148448,10.62256286136883,20260604,79,24,7,5,10,0.10909090909090909,0.36363636363636365,3140493346973.95,0.8780199068321326,-0.1300860126745114,7.202868303490866,False,False,False,False,False,3.810181287616769,False,False,False,False,False,52.12858289327904,False,False,False,False,False,27.68560579805131,False,False,False,False,False,78.49450072895085,False,False,False,False,False,51.776927336109615,False,False,False,False,False,67.46496809668994,False,False,False,False,False,28.97523343476733,False,False,False,False,False,20.23372012961992,False,False,False,False,False,16.55544332949232,False,False,False,False,False,0.3007791810259812,0.7407664697386386,0.1289416172338433,2026-06-04
4960,75,51,12,126,6,5,0.6666666666666666,79,0,0,79,0,4,69,69,1,6,6,0,1,1,1,3,3,0.007451768342637849,-0.007412770095558423,79,0.023470447079429003,-0.016993968559797356,10,44.5,10,10,0,40,109,8,12,3,5,5,10,10,0.004317525751233009,3068810356786.0,5197,5197,True,15.120967741935484,2.4193548387096775,10.080645161290322,20260605,74,50,12,5,6,0.057971014492753624,0.2,3121183392697.95,0.9832201350185069,-0.01692224187317556,0.0,True,False,False,False,False,0.0,True,False,False,False,False,0.0,True,False,False,False,False,27.336322062472068,False,False,False,False,False,0.0,True,False,False,False,False,46.25872427227802,False,False,False,False,False,0.0,True,False,False,False,False,53.07854185826266,False,False,False,False,False,100.0,False,True,False,False,False,43.36183001554703,False,False,False,False,False,0.27753116035838477,0.5427645430979823,0.4042043917160995,2026-06-05
4961,55,15,36,70,14,6,0.8333333333333334,75,0,0,75,0,11,69,69,1,4,4,1,1,1,1,1,1,-0.011813622702575771,0.011437361935267181,75,0.016695899660129448,0.04690609035747948,6,77.5,6,6,0,13,54,1,12,1,4,1,5,5,-0.0313664596273292,2792523062913.9995,5198,5198,True,11.086474501108649,7.2566014916347505,9.238728750923874,20260608,55,14,36,5,14,0.16176470588235295,0.5,3122207341003.75,0.8944066674368394,-0.11159472196145907,65.62771748298272,False,False,False,False,False,0.0,True,False,False,False,False,33.71863241383497,False,False,False,False,False,12.14605980360839,False,False,False,False,False,75.6365753720294,False,False,False,False,False,37.685714543123254,False,False,False,False,False,87.17390032639794,False,False,False,False,False,100.0,False,True,False,False,False,49.817761466499064,False,False,False,False,False,20.935685218466926,False,False,False,False,False,0.3878576940550997,0.7770362122792063,0.20630658757414927,2026-06-08
4962,130,24,10,154,10,3,0.5,55,0,0,55,0,8,41,41,2,11,11,0,1,1,0,2,2,0.018496581720737062,0.017745972206320043,55,0.010483029169796765,-0.0022361675207407316,14,36.666666666666664,3,3,0,23,143,1,9,0,2,1,13,13,0.006565450428424602,2640107722301.0996,5198,5198,True,26.199113260781946,2.015316404675534,13.099556630390973,20260609,129,24,5,7,10,0.1951219512195122,0.14285714285714285,3084902994411.1,0.8558154752626473,-0.15570049236009953,0.0,True,False,False,False,False,32.19639672015206,False,False,False,False,False,49.30395875386272,False,False,False,False,False,0.0,True,False,False,False,False,5.974516308573144,False,False,False,False,False,76.99949268750811,False,False,False,False,False,100.0,False,True,False,False,False,43.41232923760126,False,False,False,False,False,14.755193956123785,False,False,False,False,False,10.487850827476972,False,False,False,False,False,0.2875275529871571,0.8182361927868163,0.11461477087452737,2026-06-09
4961,70,19,29,89,15,4,0.6666666666666666,130,0,0,130,0,13,120,120,1,8,8,1,2,2,0,0,0,0.010570234937593225,0.008177877147323065,130,0.023182412961776543,0.024426938083217532,10,61.5,10,10,0,11,66,4,17,4,6,2,10,10,-0.012992125984251923,2619010619642.03,5195,5195,True,14.11005845595646,5.845595646039105,9.406705637304306,20260610,70,19,25,7,15,0.1092436974789916,0.2,3054788891908.555,0.8573458632703544,-0.1539138673874575,0.0,True,False,False,False,False,0.0,True,False,False,False,False,25.666124501979592,False,False,False,False,False,26.69047614600882,False,False,False,False,False,43.771046577918234,False,False,False,False,False,39.396178270259504,False,False,False,False,False,16.710850615957266,False,False,False,False,False,100.0,False,True,False,False,False,49.01389055581172,False,False,False,False,False,10.911068961164675,False,False,False,False,False,0.2680577849250779,0.6473652264624993,0.2042043917160995,2026-06-10
4962,70,32,34,102,11,3,0.5,70,0,0,70,0,7,55,55,4,13,13,0,1,1,0,1,1,0.010668757505688508,0.00923227373431539,70,0.023418694620455753,0.02027927615406536,15,58.333333333333336,15,15,0,28,87,2,9,2,6,4,15,15,-0.013639374786094283,2551812530604.98,5193,5193,True,14.107214832728738,6.852075775896815,7.053607416364369,20260611,70,31,34,7,11,0.12727272727272726,0.26666666666666666,3023754237055.8564,0.8439219362912269,-0.16969528120981892,12.52246875751945,False,False,False,False,False,0.0,True,False,False,False,False,28.270995336288447,False,False,False,False,False,27.220279856891633,False,False,False,False,False,37.89149031088917,False,False,False,False,False,15.435208162794309,False,False,False,False,False,50.121902238259665,False,False,False,False,False,100.0,False,True,False,False,False,67.73174614203866,False,False,False,False,False,7.172746365697795,False,False,False,False,False,0.30870770637009853,0.7088505584037151,0.25315329378707463,2026-06-11
4965,91,62,15,153,11,4,0.5,70,0,0,70,0,8,59,59,0,7,7,3,4,4,0,0,0,0.030875219689280486,0.005203771659442283,70,0.017867482598729997,-0.002876007220653297,11,48.18181818181818,11,11,0,58,138,3,11,1,4,3,11,11,0.013280212483399723,3214761838044.59,5194,5194,True,18.328298086606242,3.0211480362537766,9.164149043303121,20260612,91,62,15,7,11,0.13559322033898305,0.2727272727272727,2983248770724.6055,1.07760434516621,0.0747403783685176,0.0,True,False,False,False,False,84.19087391907011,False,False,False,False,False,18.318641838328915,False,False,False,False,False,14.773047407924633,False,False,False,False,False,5.067505664558602,False,False,False,False,False,36.926289318531246,False,False,False,False,False,46.80009141131087,False,False,False,False,False,67.47583803389672,False,False,False,False,False,68.0331977335464,False,False,False,False,False,65.07499515184705,False,False,False,False,False,0.28785258140667447,0.7027375319821063,0.2539416172338433,2026-06-12
4967,149,42,4,191,11,3,0.5,91,0,0,91,0,7,80,80,4,8,8,0,0,0,0,3,3,0.00975132351420492,0.022431737487643596,91,0.009833630740291461,0.04083623767400044,11,73.18181818181819,11,11,0,36,174,6,13,0,4,0,11,11,0.01335833138036091,3031014841131.96,5189,5189,True,29.997986712301188,0.8053150795248641,14.998993356150594,20260615,147,43,4,7,11,0.0875,0.36363636363636365,2976773991935.7354,1.018221352827983,0.018057333419205547,0.0,True,False,False,False,False,0.0,True,False,False,False,False,60.88007107091216,False,False,False,False,False,0.0,True,False,False,False,False,67.03219994445271,False,False,False,False,False,96.3409490712404,False,False,False,False,False,77.45066239653599,False,False,False,False,False,14.464266145167764,False,False,False,False,False,0.0,True,False,False,False,False,51.647838998472004,False,False,False,False,False,0.2882960563829135,0.7591428362065442,0.06644161723384327,2026-06-15
4971,117,38,7,155,31,4,0.6666666666666666,149,1,0,148,0,27,137,138,2,7,7,2,4,4,0,0,0,0.02781828318939408,0.04181405468173291,148,0.042584847855665894,0.06002502303945618,11,76.81818181818181,11,11,0,29,115,8,35,1,5,0,11,11,0.0004977600796416404,3064533915067.2705,5194,5194,True,23.536511768255885,1.408167370750352,15.691007845503922,20260616,117,38,7,7,30,0.1925925925925926,0.36363636363636365,2983644535569.033,1.0271109304523136,0.02674993918568119,29.229457818706578,False,False,False,False,False,71.35070397906605,False,False,False,False,False,100.0,False,True,False,False,False,70.19568118141471,False,False,False,False,False,94.23343890251856,False,False,False,False,False,100.0,False,True,False,False,False,78.91536905203132,False,False,False,False,False,28.88690007049876,False,False,False,False,False,0.0,True,False,False,False,False,53.70695517881428,False,False,False,False,False,0.33360840846985834,0.7618382908701,0.06644161723384327,2026-06-16
4968,87,31,1,118,19,3,0.5,117,2,0,115,0,9,84,86,10,27,27,0,2,2,0,2,2,0.011047290961178237,0.023532400035157174,115,0.024871236400249824,0.04397982912254881,31,75.3225806451613,31,31,0,21,89,7,16,3,13,0,31,31,-0.012158022358893184,3091518575604.8296,5190,5190,True,17.51207729468599,0.20128824476650564,8.756038647342995,20260617,87,30,1,7,19,0.10588235294117647,0.3333333333333333,2992555752590.0464,1.03306966726656,0.0325346295541777,1.2616526215801567,False,False,False,False,False,0.906849394327177,False,False,False,False,False,63.599241261525705,False,False,False,False,False,30.47724880424456,False,False,False,False,False,71.48842687856775,False,False,False,False,False,32.77061026054434,False,False,False,False,False,50.69171383589255,False,False,False,False,False,0.013532448714519368,False,False,False,False,False,0.0,True,False,False,False,False,55.07724043688721,False,False,False,False,False,0.29192417781362096,0.7098991651827076,0.0295296076594859,2026-06-17
4970,93,41,14,134,14,4,0.6666666666666666,87,0,0,87,0,9,68,68,4,9,9,1,10,10,0,0,0,0.008760281899236286,0.008602994583803654,87,0.015536312915332208,0.014813286563752312,19,60.78947368421053,19,19,0,38,117,2,11,1,6,3,19,19,-0.0066058515501620785,3309673850864.7603,5188,5188,True,18.712273641851105,2.8169014084507045,12.474849094567404,20260618,93,41,14,7,14,0.1323529411764706,0.2631578947368421,2999460793619.088,1.103422941185164,0.0984171129987328,0.0,True,False,False,False,False,0.0,True,False,False,False,False,26.71637070450499,False,False,False,False,False,9.545970723828457,False,False,False,False,False,30.143126557961526,False,False,False,False,False,70.63826285928715,False,False,False,False,False,79.69194783228826,False,False,False,False,False,62.58944316377219,False,False,False,False,False,35.66446001174916,False,False,False,False,False,70.68357199111546,False,False,False,False,False,0.26903019234810266,0.7632674049435622,0.16929441148922886,2026-06-18
4976,136,26,4,162,24,5,0.8333333333333334,93,0,0,93,0,19,79,79,2,9,9,2,4,4,1,1,1,0.034313210636928715,0.04280483951463856,93,0.0572122121775799,0.05570095502700789,14,75.35714285714286,14,14,0,23,135,1,20,2,7,0,14,14,0.0024834454104570858,3736878681288.93,5191,5191,True,27.331189710610932,0.8038585209003215,22.775991425509112,20260622,136,26,3,8,24,0.24050632911392406,0.35714285714285715,2990883043034.626,1.2494232062974278,0.2226820098582786,57.175323952289126,False,False,False,False,False,98.63160175938972,False,False,False,False,False,100.0,False,True,False,False,False,100.0,False,True,False,False,False,88.10381657169204,False,False,False,False,False,100.0,False,True,False,False,False,97.58937036736725,False,False,False,False,False,14.4294194469992,False,False,False,False,False,0.0,True,False,False,False,False,100.0,False,True,False,False,False,0.37525994035053223,0.796203481841153,0.0559508355653417,2026-06-22
4976,95,52,41,147,22,5,0.6666666666666666,136,0,0,136,0,16,112,112,5,19,19,0,2,2,1,3,3,0.030094205370659394,0.012988144962374304,136,0.036920306243951935,0.025496065501476425,24,64.0,5,5,0,38,111,10,26,4,10,2,23,23,0.0,3440492116486.18,5193,5193,True,19.091639871382636,8.239549839228294,12.72775991425509,20260623,95,52,41,4,22,0.14285714285714285,0.25,3032574570376.8228,1.134511958945389,0.12620256634164548,0.7945396377490233,False,False,False,False,False,80.9103489303947,False,False,False,False,False,37.54981844714288,False,False,False,False,False,57.494334902097066,False,False,False,False,False,45.28659797040155,False,False,False,False,False,73.21358612308639,False,False,False,False,False,14.267150390365552,False,False,False,False,False,100.0,False,True,False,False,False,12.759255632970955,False,False,False,False,False,77.26542766173488,False,False,False,False,False,0.29122797569038317,0.6428681600057513,0.10939520984791044,2026-06-23
4977,97,27,13,124,12,4,0.6666666666666666,95,0,0,95,0,7,73,73,2,16,16,3,5,5,0,1,1,0.0037714765255540588,0.005996963072784068,95,0.0028039312775481533,0.025070197695829185,22,63.18181818181818,22,22,0,23,108,3,10,1,6,2,21,21,-0.01940035273368612,3284086765348.32,5192,5192,True,19.489652401044804,2.6120152702431185,12.993101600696535,20260624,98,27,10,6,12,0.0958904109589041,0.22727272727272727,3044326753837.0317,1.0787563329754593,0.07580883405918079,2.348439349702215,False,False,False,False,False,0.0,True,False,False,False,False,20.27820923842073,False,False,False,False,False,0.0,True,False,False,False,False,44.6829051505938,False,False,False,False,False,75.91548957977604,False,False,False,False,False,78.02030061342953,False,False,False,False,False,57.68774865128088,False,False,False,False,False,15.977122637956825,False,False,False,False,False,65.32809237720475,False,False,False,False,False,0.29354396414758155,0.7601911239182881,0.1178102259900574,2026-06-24
4979,87,33,18,120,16,5,0.6666666666666666,97,1,0,96,0,14,84,85,1,7,7,0,2,2,1,3,3,0.02566787931575683,0.02489039103336675,96,0.027180648456598556,0.006902920970055099,12,54.583333333333336,12,12,0,26,97,6,20,1,3,2,12,12,-0.01831501831501836,3594003705150.4697,5191,5191,True,17.473388230568386,3.615183771841735,11.64892548704559,20260625,87,33,18,6,16,0.16470588235294117,0.16666666666666666,3046360564225.8975,1.1797696396663184,0.16531919879778337,0.0,True,False,False,False,False,62.31827848440129,False,False,False,False,False,66.95413750088146,False,False,False,False,False,35.6555393421158,False,False,False,False,False,18.929715148025206,False,False,False,False,False,62.22810356598959,False,False,False,False,False,51.18438229547462,False,False,False,False,False,81.68754474489481,False,False,False,False,False,39.82719573373443,False,False,False,False,False,86.53142832652657,False,False,False,False,False,0.28210206974711727,0.7108058078145172,0.1801803456318525,2026-06-25
4980,60,37,32,97,8,6,0.8333333333333334,87,0,0,87,0,5,71,71,1,14,14,1,1,1,1,1,1,0.01225326383956962,0.0009557694013904467,87,0.02163019434476208,0.027265786735719694,16,65.9375,16,16,0,30,82,5,10,2,5,1,15,15,-0.028935945803415686,3552080880704.2305,5193,5193,True,12.048192771084338,6.42570281124498,10.040160642570282,20260626,60,37,32,6,8,0.07042253521126761,0.1875,3064149931332.121,1.1592386013435003,0.14776341145566968,18.58568734856998,False,False,False,False,False,5.972344442116562,False,False,False,False,False,7.824016454874486,False,False,False,False,False,23.210006320324393,False,False,False,False,False,47.79528256220876,False,False,False,False,False,45.84648124126739,False,False,False,False,False,7.609228495335531,False,False,False,False,False,100.0,False,True,False,False,False,10.372373017326876,False,False,False,False,False,82.37278973805978,False,False,False,False,False,0.31774454714066086,0.630615790868069,0.10315329378707463,2026-06-26
4977,108,45,41,153,9,3,0.5,60,2,0,58,0,8,50,52,1,5,5,0,1,1,0,2,2,0.020190326277725636,0.013933245177564101,58,0.02461578066183169,-0.014827676762491998,8,41.666666666666664,3,3,0,35,134,7,15,3,4,3,7,7,-0.0017767906718488824,3517515730932.88,5189,5189,True,21.699819168173597,8.23789431384368,10.849909584086799,20260629,105,45,40,7,9,0.16,0.125,3093360002232.0825,1.1371181266954826,0.12849710268363276,1.6482790838230912,False,False,False,False,False,39.310698226741515,False,False,False,False,False,39.88467424658113,False,False,False,False,False,29.904451918795296,False,False,False,False,False,0.0,True,False,False,False,False,54.09193823476197,False,False,False,False,False,0.0,True,False,False,False,False,100.0,False,True,False,False,False,100.0,False,True,False,False,False,77.8089605257687,False,False,False,False,False,0.2925004199075696,0.5794564171269017,0.3385888229784577,2026-06-29
4974,142,26,7,168,21,3,0.5,108,1,0,107,0,20,98,99,1,8,8,0,1,1,0,0,0,0.017523347223836847,0.03352207792379375,107,0.016156539144389057,0.02805185971608669,9,64.44444444444444,9,9,0,24,145,2,22,0,1,0,9,9,0.005198284481194415,3273458545904.46,5186,5186,True,28.548451950140734,1.4073180538801768,14.274225975070367,20260630,139,26,7,4,19,0.1875,0.1111111111111111,3103303887270.3267,1.0548301632115706,0.05337977123107032,0.0,True,False,False,False,False,28.108481798747093,False,False,False,False,False,88.27858952314793,False,False,False,False,False,10.936676035353713,False,False,False,False,False,48.909587536192916,False,False,False,False,False,88.96083658873115,False,False,False,False,False,100.0,False,True,False,False,False,28.866581019740504,False,False,False,False,False,0.0,True,False,False,False,False,60.015065717535975,False,False,False,False,False,0.2700022831946232,0.8171478220128472,0.07593327683867802,2026-06-30
4979,153,77,8,230,25,3,0.5,142,0,0,142,0,20,121,121,5,20,20,0,1,1,0,0,0,0.02191761710486989,0.030481481450189512,142,0.026495424787552724,0.03263976678913659,21,66.66666666666667,21,21,0,71,199,3,23,3,8,1,21,21,0.020370370370370372,3659715064081.2803,5189,5189,True,30.72906206065475,1.6067483430407712,15.364531030327376,20260701,151,77,8,4,23,0.16666666666666666,0.15789473684210525,3123114876319.1997,1.1718157061178933,0.15855443145048026,0.0,True,False,False,False,False,46.56590544389063,False,False,False,False,False,80.76684188406755,False,False,False,False,False,34.119093201206915,False,False,False,False,False,55.41321735093325,False,False,False,False,False,100.0,False,True,False,False,False,53.01119995101743,False,False,False,False,False,33.63774983845587,False,False,False,False,False,1.2695910675179096,False,False,False,False,False,84.92898111158395,False,False,False,False,False,0.2795102453444454,0.7141676442277161,0.07934868752851895,2026-07-01
4983,94,40,42,134,19,4,0.6666666666666666,153,0,0,153,0,15,128,128,1,20,20,3,5,5,0,0,0,0.007509542703962646,-0.0005450483299121634,153,0.007192650258895385,0.0009426816755852662,25,50.8,25,25,0,37,112,2,17,1,5,4,25,25,-0.005439005439005329,3450310137704.91,5194,5194,True,18.864138069436084,8.428657435279952,12.576092046290722,20260702,92,40,42,4,17,0.1171875,0.08695652173913043,3166469901464.864,1.0896393286759924,0.0858467503615627,0.0,True,False,False,False,False,0.0,True,False,False,False,False,4.116268929784854,False,False,False,False,False,0.0,True,False,False,False,False,10.480723186919008,False,False,False,False,False,71.66919277043424,False,False,False,False,False,83.32747851355694,False,False,False,False,False,100.0,False,True,False,False,False,35.46349228407734,False,False,False,False,False,67.70588753212483,False,False,False,False,False,0.2485698714478835,0.7699577603758667,0.16876886252471643,2026-07-02
4983,106,53,22,159,17,5,0.6666666666666666,94,0,0,94,0,13,75,75,3,15,15,0,1,1,1,3,3,0.005063412221599561,-0.0021950093873462726,94,0.007542867218964829,-0.007724152829945477,19,49.73684210526316,19,19,0,51,140,2,15,0,4,5,19,19,0.0113924050632912,3182238515930.7705,5193,5193,True,21.2723259080875,4.415011037527594,14.181550605391665,20260703,105,53,23,4,16,0.17333333333333334,0.17647058823529413,3182486230824.009,0.9999221630903414,-7.783993910802409e-05,6.6241995702047305,False,False,False,False,False,0.0,True,False,False,False,False,0.04006507131505536,False,False,False,False,False,0.0,True,False,False,False,False,0.0,True,False,False,False,False,88.01714807509033,False,False,False,False,False,100.0,False,True,False,False,False,100.0,False,True,False,False,False,67.53077841436682,False,False,False,False,False,47.35195466889245,False,False,False,False,False,0.2999167121700293,0.8012302320682537,0.2526277448225622,2026-07-03
4984,66,44,48,110,7,4,0.6666666666666666,106,0,0,106,0,4,89,89,1,13,13,2,3,3,0,1,1,0.009410092903110543,-0.00984496518451112,106,0.01517480695980061,-0.0038103469656678435,17,50.588235294117645,17,17,1,36,95,5,9,3,6,6,16,16,-0.011552616678799643,3090905981136.1504,5194,5194,True,13.242375601926165,9.630818619582664,8.828250401284109,20260706,66,43,47,4,7,0.0449438202247191,0.1875,3203727372824.6978,0.9647843344457011,-0.035850690241266074,0.0,True,False,False,False,False,0.0,True,False,False,False,False,0.0,True,False,False,False,False,8.73538221764691,False,False,False,False,False,3.7430237764078145,False,False,False,False,False,33.50592324586439,False,False,False,False,False,0.0,True,False,False,False,False,100.0,False,True,False,False,False,99.54064519389293,False,False,False,False,False,38.87803363151856,False,False,False,False,False,0.27623496268112535,0.5882493672832069,0.3363364702734044,2026-07-06
4982,33,25,33,58,5,5,0.5,66,0,0,66,0,3,59,59,0,4,4,0,1,1,2,2,2,0.007509069925735725,-0.020866738309146045,66,0.036270135569832815,0.010891323701861062,7,56.42857142857143,7,7,0,22,50,3,6,0,2,3,7,7,-0.029233075769807437,2580999912640.12,5194,5194,True,6.623845845042151,6.623845845042151,3.3119229225210756,20260707,33,25,32,4,5,0.05084745762711865,0.2857142857142857,3204832154042.205,0.8053463609271222,-0.2164828320784651,6.9947038543991855,False,False,False,False,False,0.0,True,False,False,False,False,0.0,True,False,False,False,False,56.036486511405194,False,False,False,False,False,24.583512076941975,False,False,False,False,False,0.0,True,False,False,False,False,43.25743398404026,False,False,False,False,False,100.0,False,True,False,False,False,100.0,False,True,False,False,False,0.0,True,False,False,False,False,0.30046892518541,0.6962180883461464,0.3385888229784577,2026-07-07
4983,47,14,44,61,8,6,0.6666666666666666,33,0,0,33,0,6,28,28,1,3,3,0,0,0,1,2,2,0.019981091972269643,0.016451217613917424,33,0.018548136369865697,0.01980068801218222,5,62.0,5,5,0,11,50,3,9,0,2,1,3,3,-0.014285714285714235,2563357348010.34,5194,5194,True,9.432069034718042,8.830022075055188,6.288046023145361,20260708,47,14,43,4,8,0.21428571428571427,0.4,3194255996528.5107,0.8024896410294522,-0.22003633243579432,32.17819311269559,False,False,False,False,False,38.43184319019316,False,False,False,False,False,46.10528709943563,False,False,False,False,False,16.29924667277602,False,False,False,False,False,37.213063294174724,False,False,False,False,False,7.6397011605312315,False,False,False,False,False,79.50271965704563,False,False,False,False,False,100.0,False,True,False,False,False,69.54045569108514,False,False,False,False,False,0.0,True,False,False,False,False,0.33800331043919324,0.762919174145593,0.2578832344676866,2026-07-08
4983,75,21,13,96,6,7,0.6666666666666666,47,0,0,47,0,4,39,39,1,6,6,0,1,1,1,1,1,0.0019706675328143002,0.012604851745634258,47,0.003493840389040881,0.01506947099251224,8,56.25,8,8,0,18,87,3,7,0,2,0,7,7,-0.0014224751066856944,2913539561920.0596,5194,5194,True,15.051173991571343,2.6088701585390326,10.034115994380894,20260709,74,21,13,4,6,0.10256410256410256,0.25,3190418477813.973,0.9132154863635235,-0.09078340612214555,17.92588481088289,False,False,False,False,False,0.0,True,False,False,False,False,36.60289834744625,False,False,False,False,False,0.0,True,False,False,False,False,30.50628314819466,False,False,False,False,False,45.78493020472876,False,False,False,False,False,72.33991662607794,False,False,False,False,False,57.6125050212532,False,False,False,False,False,4.802980247490665,False,False,False,False,False,25.865497789078685,False,False,False,False,False,0.3167611535216526,0.7497376877629669,0.0885888229784577,2026-07-09
4981,91,95,6,186,10,2,0.3333333333333333,75,1,0,74,0,10,69,69,0,3,4,0,1,1,0,1,1,0.03340443739409806,0.006761905750882388,74,0.02415565416589529,0.030889189370881677,5,75.0,5,6,0,84,165,9,19,2,2,0,4,5,0.011848341232227444,3388361992985.56,5194,5194,True,18.26942381047982,1.2045773940975708,6.089807936826607,20260710,89,95,6,3,9,0.1323529411764706,0.0,3205144924927.8745,1.0571634270365509,0.05558930897305431,0.0,True,False,False,False,False,94.81444596459066,False,False,False,False,False,22.16798856498348,False,False,False,False,False,28.872731021010427,False,False,False,False,False,52.93167025133052,False,False,False,False,False,5.621095724440508,False,False,False,False,False,0.0,True,False,False,False,False,24.016214917821014,False,False,False,False,False,16.09497880726932,False,False,False,False,False,60.53846399853736,False,False,False,False,False,0.28369270012010095,0.5308437872926148,0.1181184306379436,2026-07-10
4985,29,18,182,47,10,3,0.5,91,0,0,91,0,6,81,81,4,10,10,0,0,0,0,0,0,0.005597285950746735,-0.028110037448974216,91,0.031115886860127295,0.02070359419087412,10,61.0,10,10,0,15,34,2,8,1,5,2,10,10,-0.04104477611940305,2817577669927.7705,5197,5197,True,5.817452357071214,36.509528585757266,2.908726178535607,20260713,28,16,183,3,9,0.075,0.3333333333333333,3246972398046.9033,0.8677553500678296,-0.14184545881087024,0.0,True,False,False,False,False,0.0,True,False,False,False,False,0.0,True,False,False,False,False,44.47934700053708,False,False,False,False,False,38.49298624164416,False,False,False,False,False,0.0,True,False,False,False,False,54.70932565450533,False,False,False,False,False,100.0,False,True,False,False,False,49.01389055581172,False,False,False,False,False,13.76984986514528,False,False,False,False,False,0.24771633006372273,0.7172926527948564,0.2042043917160995,2026-07-13
4985,81,21,25,102,5,3,0.5,29,0,1,28,0,4,19,19,1,6,6,0,3,4,0,0,0,0.0063263718903749655,0.022271263523010842,28,-0.001570499944776624,-0.012960875941558382,9,47.22222222222222,9,10,0,20,96,1,5,0,1,3,9,10,0.015280135823429575,2703781531944.44,5197,5197,True,16.248746238716148,5.015045135406218,8.124373119358074,20260714,81,21,26,1,5,0.21052631578947367,0.1111111111111111,3227113189641.0625,0.8378328781969899,-0.17693662774793353,0.0,True,False,False,False,False,0.0,True,False,False,False,False,60.48362256634125,False,False,False,False,False,0.0,True,False,False,False,False,0.0,True,False,False,False,False,26.33852905829126,False,False,False,False,False,83.96435994672031,False,False,False,False,False,100.0,False,True,False,False,False,81.90551390003094,False,False,False,False,False,5.457406429127454,False,False,False,False,False,0.253621481709978,0.7711297937128572,0.2902189911243923,2026-07-14
4985,71,29,35,100,15,4,0.6666666666666666,81,0,0,81,0,12,76,76,2,4,4,1,1,1,0,0,0,0.020531597779371656,0.014282798003158835,81,0.02726085370333442,0.05350497244773304,5,75.0,5,5,0,27,83,2,14,0,3,1,5,5,0.008474576271186418,2570931271938.0303,5198,5198,True,14.24272818455366,7.021063189568706,9.495152123035773,20260715,71,29,35,1,15,0.15789473684210525,0.6,3210751524181.6865,0.8007257031804337,-0.2222368335315056,64.47584677920212,False,False,False,False,False,40.744154262540135,False,False,False,False,False,40.748239219832136,False,False,False,False,False,35.835379950948756,False,False,False,False,False,84.99088129470786,False,False,False,False,False,40.29680518921382,False,False,False,False,False,97.97605756970448,False,False,False,False,False,100.0,False,True,False,False,False,49.817761466499064,False,False,False,False,False,0.0,True,False,False,False,False,0.3861409042046224,0.7969150904209097,0.20630658757414927,2026-07-15
4984,40,26,36,66,9,5,0.6666666666666666,71,0,0,71,0,7,56,56,1,12,12,0,2,2,1,1,1,0.006006225633286221,0.02195826289561959,71,0.006078035871841081,-0.006713148897363445,15,48.333333333333336,15,15,0,21,52,3,10,2,4,5,15,15,-0.0021401874295764456,2403386691867.65,5197,5197,True,8.025682182985554,7.223113964686998,5.350454788657036,20260716,40,26,36,1,9,0.125,0.13333333333333333,3186071392025.2246,0.7543417570250799,-0.28190975501090343,0.0,True,False,False,False,False,0.0,True,False,False,False,False,59.71035924638157,False,False,False,False,False,0.0,True,False,False,False,False,0.0,True,False,False,False,False,0.0,True,False,False,False,False,15.770955934741163,False,False,False,False,False,100.0,False,True,False,False,False,86.85153718360925,False,False,False,False,False,0.0,True,False,False,False,False,0.27991104263253963,0.6456355671534286,0.3031532937870746,2026-07-16
4984,32,12,206,44,7,4,0.6666666666666666,40,0,0,40,0,4,31,31,2,7,7,1,1,1,0,1,1,0.015228679530588166,-0.012829755727892786,40,0.040369389965778595,0.00540373709114846,9,52.77777777777778,9,9,0,9,34,2,6,1,4,3,8,8,-0.043171680272362456,2654743228475.8403,5195,5195,True,6.420545746388443,41.3322632423756,4.280363830925628,20260717,32,12,206,0,7,0.12903225806451613,0.3333333333333333,3151664797838.3657,0.8423304503374378,-0.1715828828985732,40.143811296008245,False,False,False,False,False,18.470099340280907,False,False,False,False,False,0.0,True,False,False,False,False,65.22805983522944,False,False,False,False,False,16.80453326936225,False,False,False,False,False,0.0,True,False,False,False,False,56.31995832358586,False,False,False,False,False,100.0,False,True,False,False,False,90.4423238486368,False,False,False,False,False,6.725608731279199,False,False,False,False,False,0.3498755565211575,0.7202566506184891,0.31254352890319176,2026-07-17
4986,54,41,237,95,8,3,0.5,32,0,0,32,0,7,25,25,1,4,4,0,2,2,0,1,1,0.016096312659392476,0.007885133223051444,32,-0.028635111459915295,-0.05061600441180179,7,26.428571428571427,7,7,1,33,79,7,14,1,2,4,7,7,-0.01811799366454936,2701921073630.0796,5197,5197,True,10.830324909747292,47.533092659446446,5.415162454873646,20260720,54,42,237,0,8,0.28,0.14285714285714285,3118918266718.9194,0.8663006986946413,-0.14352320355901996,22.833401057062233,False,False,False,False,False,22.114452705108327,False,False,False,False,False,24.94290506096122,False,False,False,False,False,0.0,True,False,False,False,False,0.0,True,False,False,False,False,0.0,True,False,False,False,False,0.46632567497273714,False,False,False,False,False,100.0,False,True,False,False,False,100.0,False,True,False,False,False,13.372423425915422,False,False,False,False,False,0.32407549362496507,0.6174709262317014,0.42192215631179103,2026-07-20
4986,117,10,21,127,5,4,0.6666666666666666,54,0,0,54,0,3,46,46,1,7,7,1,1,1,0,0,0,0.010387184467163415,0.01152275305480666,54,0.004904808480307915,-0.013881267979517678,8,44.375,8,8,0,10,122,0,3,0,2,2,8,8,0.005908904430441675,2956903456345.75,5198,5198,True,23.465703971119133,4.21179302045728,15.643802647412755,20260721,120,10,21,0,5,0.06521739130434782,0.25,3067170386335.977,0.9640492975279567,-0.03661284716464284,0.0,True,False,False,False,False,0.0,True,False,False,False,False,33.929589884241665,False,False,False,False,False,0.0,True,False,False,False,False,0.0,True,False,False,False,False,100.0,False,True,False,False,False,100.0,False,True,False,False,False,95.96082016325155,False,False,False,False,False,61.027260707758956,False,False,False,False,False,38.69749287135462,False,False,False,False,False,0.2892893359228524,0.8294378427018279,0.2356204519801148,2026-07-21
4988,45,40,9,85,11,5,0.8333333333333334,117,0,0,117,0,8,112,112,1,3,3,1,1,1,1,1,1,0.01313539917325863,0.015050798709848242,117,0.0548554716948626,0.0705339735979833,5,90.0,5,5,0,31,65,9,17,0,3,0,5,5,-0.01295080908934415,2653166113394.0,5198,5198,True,9.021651964715316,1.8043303929430634,7.5180433039294305,20260722,46,40,9,0,12,0.0782608695652174,0.6,3042990953328.9556,0.8718941837442872,-0.13708721135363483,59.28338612067877,False,False,False,False,False,9.677611985315435,False,False,False,False,False,42.645573359816765,False,False,False,False,False,97.70954781496388,False,False,False,False,False,100.0,False,True,False,False,False,20.16443464375919,False,False,False,False,False,35.00492437029847,False,False,False,False,False,38.36470139430783,False,False,False,False,False,11.57817938335786,False,False,False,False,False,14.896989941720772,False,False,False,False,False,0.37840187262035047,0.6810312484141077,0.10630658757414924,2026-07-22
4988,116,24,2,140,15,6,0.8333333333333334,45,0,0,45,0,9,34,34,4,8,8,1,1,1,1,2,2,0.029369336777826247,0.045603854477808445,45,0.03585035901877964,0.05754660064241681,11,78.33333333333333,3,3,0,21,122,2,11,1,7,0,10,10,0.017753575191702065,2194997488854.8604,5198,5198,True,23.25581395348837,0.40096230954290296,19.37984496124031,20260723,116,24,2,0,15,0.2647058823529412,0.5,3011444920731.2393,0.7288851520225949,-0.31623910119163307,97.58595064310076,False,False,False,False,False,77.86565502965614,False,False,False,False,False,100.0,False,True,False,False,False,55.09524047592047,False,False,False,False,False,90.7201284674425,False,False,False,False,False,100.0,False,True,False,False,False,100.0,False,True,False,False,False,4.790533353527622,False,False,False,False,False,0.0,True,False,False,False,False,0.0,True,False,False,False,False,0.4354894031943298,0.8013400639333463,0.07087105838276615,2026-07-23
4988,40,13,24,53,18,4,0.6666666666666666,116,0,0,116,0,14,101,101,2,9,9,2,4,4,0,2,2,0.016425159601370674,-0.0029651678907489693,116,0.04540252388247285,0.012177856594581498,15,54.166666666666664,6,6,0,6,28,5,19,2,6,4,14,14,-0.028484480032547,1930921625909.7097,5197,5197,True,8.019246190858059,4.811547714514836,5.346164127238706,20260724,41,13,24,0,18,0.13861386138613863,0.26666666666666666,2941494609916.459,0.656442347166004,-0.4209204075784124,11.126493907509111,False,False,False,False,False,23.495721376998503,False,False,False,False,False,0.0,True,False,False,False,False,76.51362910599151,False,False,False,False,False,26.407248596779233,False,False,False,False,False,0.0,True,False,False,False,False,57.10332087171266,False,False,False,False,False,100.0,False,True,False,False,False,72.82673359329573,False,False,False,False,False,0.0,True,False,False,False,False,0.30662709485167605,0.7216982486515705,0.2664771513548154,2026-07-24
4983,110,14,6,124,8,5,0.8333333333333334,40,0,0,40,0,3,22,22,2,14,14,1,2,2,2,2,2,0.0024788667893213823,0.03260169568377498,40,0.006020042180046463,0.043263163699693234,18,69.72222222222223,18,18,0,9,111,2,5,3,8,1,18,18,0.028037383177570208,2076474844705.9202,5193,5193,True,22.07505518763797,1.2040939193257074,18.395879323031643,20260727,111,14,6,0,8,0.13043478260869565,0.2777777777777778,2860436647176.7334,0.7259293250753909,-0.32030261727700643,35.15842154800121,False,False,False,False,False,0.0,True,False,False,False,False,86.00479910783602,False,False,False,False,False,0.0,True,False,False,False,False,70.47251122529396,False,False,False,False,False,100.0,False,True,False,False,False,50.19882731092258,False,False,False,False,False,24.004648270819402,False,False,False,False,False,5.227322350043546,False,False,False,False,False,0.0,True,False,False,False,False,0.34244515092792494,0.7089921212518634,0.08969851633658664,2026-07-27
4983,60,21,48,81,16,6,0.8333333333333334,110,0,0,110,0,13,102,102,1,3,3,1,2,2,1,3,3,0.013623687170519013,0.005854559910815615,110,0.07034749349453934,0.04151947552432228,8,69.0,5,5,0,13,57,6,19,2,5,0,6,6,-0.0017656146546017881,2025614009305.98,5194,5194,True,12.040939193257074,9.63275135460566,10.034115994380896,20260728,60,21,48,0,16,0.1262135922330097,0.375,2788384602865.3853,0.7264471361749842,-0.31958956369159175,35.92350184049467,False,False,False,False,False,11.728587157590201,False,False,False,False,False,19.926404378749194,False,False,False,False,False,100.0,False,True,False,False,False,68.0007300352242,False,False,False,False,False,45.784930204728774,False,False,False,False,False,41.49555987458151,False,False,False,False,False,100.0,False,True,False,False,False,7.882616218339389,False,False,False,False,False,0.0,True,False,False,False,False,0.34358545432885523,0.6929757655457951,0.09664235234013567,2026-07-28
4983,81,16,11,97,11,7,0.6666666666666666,60,0,0,60,0,6,44,44,4,13,13,0,1,1,1,2,2,0.013804407439732368,0.006464141759204707,60,0.027657605384095292,0.0101019954271599,16,63.333333333333336,3,3,0,12,82,3,9,1,6,4,15,15,0.015704154002026405,2296338608649.03,5193,5193,True,16.25526791089705,2.207505518763797,10.836845273931367,20260729,81,16,11,0,11,0.13636363636363635,0.3125,2725992376035.461,0.8423862916259154,-0.17151659129345392,25.68874485217724,False,False,False,False,False,12.487673572499045,False,False,False,False,False,21.432367123300818,False,False,False,False,False,36.72499835781582,False,False,False,False,False,23.46459253057213,False,False,False,False,False,53.958907857056815,False,False,False,False,False,81.15851420330628,False,False,False,False,False,48.01026023541498,False,False,False,False,False,67.73174614203866,False,False,False,False,False,6.741311976127645,False,False,False,False,False,0.32833120151907824,0.7659662819844655,0.25315329378707463,2026-07-29
4988,51,22,80,73,10,8,0.8333333333333334,81,1,0,80,0,6,69,70,1,6,6,2,4,4,1,1,1,0.00924739637900933,-0.0021736737060918886,80,0.02386479295285261,0.015024347674414386,11,57.27272727272727,11,11,0,16,57,4,10,2,6,2,10,10,-0.011805216825772846,2342574867663.8003,5197,5197,True,10.224538893344025,16.038492381716118,8.520449077786688,20260730,51,22,80,0,10,0.08695652173913043,0.36363636363636365,2657823553263.8486,0.8813884069870184,-0.12625687961398663,29.720206873970923,False,False,False,False,False,0.0,True,False,False,False,False,0.09277454943295022,False,False,False,False,False,28.220546036008678,False,False,False,False,False,30.442318174133813,False,False,False,False,False,30.371664656176655,False,False,False,False,False,35.30068094311305,False,False,False,False,False,100.0,False,True,False,False,False,49.01389055581172,False,False,False,False,False,17.462493534393865,False,False,False,False,False,0.33433983865073186,0.681575520149666,0.2042043917160995,2026-07-30
4988,99,121,0,220,10,9,1.0,51,0,0,51,0,6,41,41,1,6,6,1,1,1,2,3,3,-0.0029608259398111367,0.029774110319167917,51,0.01957386693231733,0.05527125029315601,10,93.75,4,4,0,115,204,4,10,2,6,0,9,9,0.020220588235293935,2541755785188.93,5197,5197,True,19.847634322373697,0.0,19.847634322373697,20260731,99,121,0,0,10,0.14634146341463414,0.4,2602436789761.793,0.9766830054003283,-0.023593136700228834,50.369709809801755,False,False,False,False,False,0.0,True,False,False,False,False,79.01929219454675,False,False,False,False,False,18.59919606957027,False,False,False,False,False,87.49468467906276,False,False,False,False,False,100.0,False,True,False,False,False,5.4577637880498555,False,False,False,False,False,0.0,True,False,False,False,False,0.0,True,False,False,False,False,41.78161944983582,False,False,False,False,False,0.3651166063393978,0.6266565164584311,0.07593327683867802,2026-07-31
4987,75,18,8,93,17,6,1.0,99,1,0,98,0,13,89,89,1,6,6,1,1,1,2,2,3,0.022743367359572865,0.01130278343154676,98,0.04750809810142817,0.04046254875696715,9,100.0,2,3,0,15,73,2,15,1,5,1,8,8,0.014216922724145764,1997163703585.51,5197,5197,True,15.03910166432725,1.6041708441949067,15.03910166432725,20260803,75,18,8,0,17,0.14606741573033707,0.4444444444444444,2570412653224.701,0.7769817430209022,-0.25233842564613834,60.47738692826855,False,False,False,False,False,50.03433653455339,False,False,False,False,False,33.38615825412033,False,False,False,False,False,81.23486325077225,False,False,False,False,False,66.50247378750156,False,False,False,False,False,96.74936125086373,False,False,False,False,False,93.43210040631735,False,False,False,False,False,33.5760857744091,False,False,False,False,False,31.612197566881132,False,False,False,False,False,0.0,True,False,False,False,False,0.3801814547046972,0.7885529856396574,0.1586973750570379,2026-08-03
4987,138,23,0,161,20,7,1.0,75,0,0,75,0,11,58,58,6,13,13,1,1,1,2,3,3,0.03467748026950158,0.047719806620574574,75,0.045942477960229544,0.06660072141962914,17,91.66666666666667,3,3,0,17,135,5,16,1,10,0,15,15,0.010486177311725298,2213371117297.5903,5197,5197,True,27.671947062362143,0.0,27.671947062362143,20260804,138,23,0,0,20,0.1896551724137931,0.5294117647058824,2515725539347.169,0.8798142256297006,-0.12804450103513126,92.81301584297144,False,False,False,False,False,100.0,False,True,False,False,False,100.0,False,True,False,False,False,77.72434379159556,False,False,False,False,False,100.0,False,True,False,False,False,100.0,False,True,False,False,False,100.0,False,True,False,False,False,0.0,True,False,False,False,False,0.0,True,False,False,False,False,17.039039360640647,False,False,False,False,False,0.42837564815658324,0.8026735974087016,0.05315329378707462,2026-08-04
4989,103,46,1,149,32,8,0.8333333333333334,138,0,0,138,0,27,118,118,2,11,11,2,6,6,1,3,3,0.012708815217302107,0.05345387077560775,138,0.048302312851627185,0.0513334809113168,20,70.0,3,3,0,32,103,9,36,5,10,0,18,18,0.00887812752219519,2659431975613.47,5199,5199,True,20.64541992383243,0.20044097013429546,17.204516603193692,20260805,103,46,1,0,32,0.2288135593220339,0.25,2497344099580.0425,1.0649041019460173,0.06288474998597257,14.930566647584293,False,False,False,False,False,7.885814711029723,False,False,False,False,False,100.0,False,True,False,False,False,83.01569517926562,False,False,False,False,False,81.91266352049634,False,False,False,False,False,100.0,False,True,False,False,False,18.261298207215372,False,False,False,False,False,0.0,True,False,False,False,False,0.0,True,False,False,False,False,62.26661790727297,False,False,False,False,False,0.3122968227553405,0.6502184675362501,0.04622025546702141,2026-08-05
4990,79,23,1,102,21,5,0.8333333333333334,103,0,0,103,0,9,71,71,9,27,27,2,2,2,1,3,3,0.019238302297524445,0.03889529095171608,103,0.03056539167829992,0.05933058430117345,32,78.0,5,5,0,16,74,5,14,2,14,0,31,31,0.0005632345365076397,2528606636534.4697,5200,5200,True,15.831663326653308,0.20040080160320642,13.19305277221109,20260806,79,23,1,0,21,0.1267605633802817,0.375,2502147830960.199,1.0105744373881047,0.010518919065462005,57.209554526232644,False,False,False,False,False,35.311874668189816,False,False,False,False,False,100.0,False,True,False,False,False,43.24499647250383,False,False,False,False,False,93.24903089012963,False,False,False,False,False,77.95153890444006,False,False,False,False,False,80.50164157679124,False,False,False,False,False,0.0,True,False,False,False,False,0.0,True,False,False,False,False,49.86212923698915,False,False,False,False,False,0.37531095883874394,0.7647574594684625,0.0295296076594859,2026-08-06
4992,75,26,4,101,14,4,0.6666666666666666,79,0,0,79,0,7,58,58,2,9,9,5,9,9,0,3,3,0.017873264172249107,0.012116644600788313,79,0.035558097943963266,0.02358455411211709,21,61.25,12,12,0,24,85,0,7,2,9,4,20,20,0.001546393396103074,2664251481306.0,5202,5202,True,15.024038461538462,0.8012820512820512,10.01602564102564,20260807,75,26,4,0,14,0.1206896551724138,0.3333333333333333,2482901184690.9194,1.0730396754140885,0.07049543911974918,9.507544127845039,False,False,False,False,False,29.578251642729136,False,False,False,False,False,35.39678997380481,False,False,False,False,False,54.43991664397405,False,False,False,False,False,42.576917441761545,False,False,False,False,False,45.600720972780266,False,False,False,False,False,91.93735003686076,False,False,False,False,False,14.367780006186075,False,False,False,False,False,48.37079382726186,False,False,False,False,False,64.0694482161492,False,False,False,False,False,0.30421415341559527,0.7858022424522162,0.2025226350296597,2026-08-07
4994,99,16,6,115,13,5,0.6666666666666666,75,0,0,75,0,9,61,61,2,7,7,0,2,2,2,5,5,0.027244424867182378,0.023271338535320502,75,0.039865236103183044,0.01885144083889925,14,66.42857142857143,14,14,0,10,96,5,14,1,5,3,14,14,0.013557352728800431,2522941760530.61,5205,5205,True,19.823788546255507,1.2014417300760913,13.215859030837004,20260810,99,16,6,0,13,0.14754098360655737,0.2857142857142857,2446695659106.942,1.0311628874395837,0.030687182312868776,10.67291494697064,False,False,False,False,False,68.94030442416602,False,False,False,False,False,62.95429277129466,False,False,False,False,False,64.09761835808685,False,False,False,False,False,35.867449244146215,False,False,False,False,False,78.1837689390114,False,False,False,False,False,76.79239788866568,False,False,False,False,False,23.941197314084786,False,False,False,False,False,52.70063776006351,False,False,False,False,False,54.63961464214807,False,False,False,False,False,0.3059510643273414,0.7579314522540406,0.21384557240744698,2026-08-10
4992,58,20,1,78,16,6,0.8333333333333334,99,2,0,97,0,12,84,86,2,9,9,1,2,2,1,2,2,0.010509579333130074,0.00809993140822664,97,0.022643563150198272,0.028485790924001924,13,64.23076923076923,13,13,0,16,58,2,14,2,6,2,11,11,-0.006640109169391006,2320839464589.6504,5205,5205,True,11.618589743589745,0.2003205128205128,9.682158119658121,20260811,58,20,1,0,16,0.14285714285714285,0.3076923076923077,2431963863637.0835,0.9543067227646866,-0.04677014687590809,30.549319172220564,False,False,False,False,False,0.0,True,False,False,False,False,25.473560731444167,False,False,False,False,False,25.482237506672593,False,False,False,False,False,49.524710705954014,False,False,False,False,False,42.20103725870855,False,False,False,False,False,65.6904435121109,False,False,False,False,False,0.0,True,False,False,False,False,44.133458931583164,False,False,False,False,False,36.2914180134893,False,False,False,False,False,0.33557557767410406,0.7375008666575353,0.1914416172338433,2026-08-11
4992,92,12,0,104,17,7,1.0,58,0,0,58,0,7,42,42,7,12,12,1,2,2,2,2,2,0.017359936376029606,0.03291901734207739,58,0.03931870257357783,0.06925028244016318,16,93.75,4,4,0,11,86,1,8,0,10,0,15,15,0.008300759755326181,2152276155263.91,5204,5204,True,18.42948717948718,0.0,18.42948717948718,20260812,92,12,0,0,17,0.16666666666666666,0.625,2412816760269.344,0.8920180722814814,-0.11426888620211866,100.0,False,True,False,False,False,27.422100823557365,False,False,False,False,False,86.78873746936307,False,False,False,False,False,62.87215086422672,False,False,False,False,False,100.0,False,True,False,False,False,100.0,False,True,False,False,False,100.0,False,True,False,False,False,0.0,True,False,False,False,False,0.0,True,False,False,False,False,20.302225585675206,False,False,False,False,False,0.4437223135912483,0.8694843253940892,0.05315329378707462,2026-08-12
4993,59,37,4,96,21,5,0.8333333333333334,92,0,0,92,0,12,75,75,2,7,7,6,7,7,1,3,3,0.02399616185799074,0.010163897666364293,92,0.059029484127296084,0.06375062342659046,17,63.333333333333336,3,3,0,31,69,3,15,3,12,0,15,15,-0.014517506404782332,2550760276435.5796,5205,5205,True,11.816543160424594,0.8011215701982776,9.847119300353828,20260813,59,37,4,0,21,0.16,0.5294117647058824,2391884004435.6377,1.0664230672161832,0.06431012057131928,70.21049472900667,False,False,False,False,False,55.29649826417564,False,False,False,False,False,30.57255818187833,False,False,False,False,False,100.0,False,True,False,False,False,99.51469795371102,False,False,False,False,False,43.88079286107484,False,False,False,False,False,54.41048516979951,False,False,False,False,False,14.363940657879873,False,False,False,False,False,0.0,True,False,False,False,False,62.60426161436374,False,False,False,False,False,0.3946880313812852,0.7167427058309798,0.05315329378707462,2026-08-13
4993,62,21,13,83,11,5,0.6666666666666666,59,0,0,59,0,5,38,38,5,12,12,0,2,2,1,7,7,0.024069018984658276,0.000607938278973844,59,0.03652233600893863,-0.007219098919844872,21,26.11111111111111,9,9,1,16,67,3,8,2,8,9,20,20,-0.0014450867052022698,2142724385391.39,5205,5205,True,12.417384338073303,2.603645103144402,8.2782562253822,20260814,62,21,13,0,11,0.13157894736842105,0.2857142857142857,2399252683664.0347,0.8930799160841676,-0.1130792104141845,4.301417452624815,False,False,False,False,False,55.60252290282494,False,False,False,False,False,6.964704923306986,False,False,False,False,False,56.601984185966316,False,False,False,False,False,0.0,True,False,False,False,False,27.905479587885036,False,False,False,False,False,55.37855033250405,False,False,False,False,False,57.487500833173996,False,False,False,False,False,100.0,False,True,False,False,False,20.584037591201124,False,False,False,False,False,0.296454753504666,0.7185242064117602,0.4025226350296597,2026-08-14
4991,106,15,1,121,15,4,0.6666666666666666,62,0,0,62,0,10,51,51,2,5,5,3,5,5,0,1,1,0.022823934000897304,0.03569567364963075,62,0.033358287959785064,0.056834127898892,11,73.63636363636364,11,11,0,11,102,3,13,1,6,1,10,10,0.014219991635298967,2387307370454.1704,5203,5203,True,21.23822881186135,0.2003606491685033,14.158819207907566,20260817,106,15,1,0,15,0.19607843137254902,0.45454545454545453,2373651741509.812,1.0057530044132221,0.005736519079910374,58.18044532354585,False,False,False,False,False,50.37274374914211,False,False,False,False,False,93.64842491683211,False,False,False,False,False,49.50738189129996,False,False,False,False,False,89.71015618526692,False,False,False,False,False,87.78568033151274,False,False,False,False,False,97.16039459200981,False,False,False,False,False,0.0,True,False,False,False,False,23.520835833717605,False,False,False,False,False,48.729267876924204,False,False,False,False,False,0.3767580096763756,0.7954140508995364,0.13753772504943285,2026-08-17
4992,79,26,6,105,17,4,0.6666666666666666,106,0,0,106,0,12,91,91,4,10,10,1,2,2,0,3,3,0.0232607211245504,0.011641914894227902,106,0.05747453237905753,0.023818151428805293,15,57.0,15,15,0,16,78,6,18,4,9,3,15,15,-0.005476952304769522,2400635806726.92,5204,5204,True,15.825320512820513,1.201923076923077,10.550213675213675,20260818,79,26,6,0,17,0.13186813186813187,0.3333333333333333,2357921056351.0166,1.0181154285300824,0.017953299254556635,27.14577857682129,False,False,False,False,False,52.20739778775878,False,False,False,False,False,34.2239774077791,False,False,False,False,False,100.0,False,True,False,False,False,42.90805546379799,False,False,False,False,False,51.040214915295046,False,False,False,False,False,28.662515256809428,False,False,False,False,False,23.95271305262677,False,False,False,False,False,48.611955100468066,False,False,False,False,False,51.62319524520724,False,False,False,False,False,0.3305028173975462,0.6693595077560088,0.20315329378707464,2026-08-18
4991,37,14,128,51,8,3,0.5,79,0,0,79,0,5,62,62,3,12,12,0,4,4,0,1,1,-0.0011635090356525112,-0.027320635470684567,79,0.015580535098540424,-0.015912406412710144,17,41.76470588235294,17,17,0,10,39,1,6,3,6,9,17,17,-0.03958529688972667,2510868422289.74,5204,5204,True,7.413344019234622,25.646163093568422,3.706672009617311,20260819,37,14,129,0,8,0.08064516129032258,0.17647058823529413,2330107673870.075,1.0775761354064122,0.07471419980940965,0.0,True,False,False,False,False,0.0,True,False,False,False,False,0.0,True,False,False,False,False,9.645128131551168,False,False,False,False,False,0.0,True,False,False,False,False,0.0,True,False,False,False,False,35.28778255031767,False,False,False,False,False,100.0,False,True,False,False,False,100.0,False,True,False,False,False,65.06879393945052,False,False,False,False,False,0.2523847218251294,0.6815517836336324,0.4574120852609769,2026-08-19
4990,79,48,11,127,4,4,0.5,37,0,0,37,0,3,29,29,0,5,5,1,3,3,0,0,0,-0.008426388103884302,-0.01886165250740285,37,-0.049311436775133416,-0.022640988856608285,8,46.25,8,8,0,46,121,2,5,0,1,2,8,8,0.012415163392675121,2079246616283.8901,5204,5204,True,15.831663326653308,2.2044088176352705,7.915831663326654,20260820,79,48,11,0,4,0.10344827586206896,0.125,2322992789314.8623,0.895072350567708,-0.11085072535140972,0.0,True,False,False,False,False,0.0,True,False,False,False,False,0.0,True,False,False,False,False,0.0,True,False,False,False,False,0.0,True,False,False,False,False,24.21500716291532,False,False,False,False,False,49.83725504261629,False,False,False,False,False,47.9361747796525,False,False,False,False,False,61.027260707758956,False,False,False,False,False,21.111924139111498,False,False,False,False,False,0.23686175741257073,0.7083267309136942,0.2356204519801148,2026-08-20
4991,55,16,14,71,12,3,0.5,79,0,0,79,0,11,75,75,1,3,3,0,0,0,0,1,1,0.005857756754657894,-0.008104797538894525,79,0.07500287710734327,-0.0019917056829442392,4,51.25,4,4,0,12,55,2,13,2,3,0,4,4,-0.001170275014628408,1879151070526.9,5205,5205,True,11.019835704267681,2.805049088359046,5.5099178521338406,20260821,55,17,14,0,12,0.14666666666666667,0.25,2317205245686.3135,0.8109558158583963,-0.20954170741326783,3.215874950051951,False,False,False,False,False,0.0,True,False,False,False,False,0.0,True,False,False,False,False,100.0,False,True,False,False,False,6.3210554323053465,False,False,False,False,False,0.0,True,False,False,False,False,39.065929843710535,False,False,False,False,False,62.30588834224145,False,False,False,False,False,16.09497880726932,False,False,False,False,False,0.0,True,False,False,False,False,0.2948368216095652,0.6885045920361672,0.1181184306379436,2026-08-21
4995,46,21,13,67,10,4,0.6666666666666666,55,0,0,55,0,6,43,43,3,11,11,1,1,1,0,0,0,0.015160502485166103,0.004740916439973919,55,0.025098499606173007,0.02494996560688419,12,57.083333333333336,12,12,0,16,52,4,10,1,5,3,12,12,-0.012004801920768249,2007227840432.3901,5207,5207,True,9.209209209209208,2.6026026026026026,6.139472806139471,20260824,46,21,13,0,10,0.13953488372093023,0.3333333333333333,2314616717917.173,0.8671966398992447,-0.14248952295919182,30.311750696247504,False,False,False,False,False,18.183732629929157,False,False,False,False,False,17.175165013218955,False,False,False,False,False,30.986830845094786,False,False,False,False,False,44.512469048488676,False,False,False,False,False,6.126819811266496,False,False,False,False,False,51.59747475718879,False,False,False,False,False,57.462560057630505,False,False,False,False,False,62.321067547346885,False,False,False,False,False,13.617283080844302,False,False,False,False,False,0.33522149700601755,0.711566009181958,0.2390038750436172,2026-08-24
4996,65,26,2,91,8,5,0.8333333333333334,46,0,0,46,0,4,36,36,2,6,6,1,3,3,1,1,1,0.013773294169522308,0.010260452455475045,46,0.026337372221540443,0.029628414254012737,10,61.0,10,10,0,22,79,4,8,0,4,2,10,10,0.015350798363731766,1831626390684.53,5208,5208,True,13.010408326661329,0.4003202562049639,10.842006938884442,20260825,65,26,2,0,8,0.1111111111111111,0.4,2311154367703.4966,0.7925158164595233,-0.23254281575222124,41.708500806732474,False,False,False,False,False,12.356987286767797,False,False,False,False,False,30.81109532925746,False,False,False,False,False,33.76469905797998,False,False,False,False,False,51.14444690325588,False,False,False,False,False,54.011467711356474,False,False,False,False,False,68.49539091604278,False,False,False,False,False,4.775172874039674,False,False,False,False,False,49.01389055581172,False,False,False,False,False,0.0,True,False,False,False,False,0.35220762648555803,0.7426627251993743,0.2042043917160995,2026-08-25
4997,52,23,0,75,13,5,0.8333333333333334,65,0,0,65,0,10,57,57,1,4,4,1,2,2,1,2,2,0.01654112855298435,0.021981427729574555,65,0.02519988800472242,0.039713286854494934,8,77.5,4,4,0,16,55,4,14,3,6,0,7,7,0.0014204545454545858,1808381226550.7998,5209,5209,True,10.406243746247748,0.0,8.67186978853979,20260826,52,24,0,0,13,0.17543859649122806,0.375,2301454986772.4243,0.7857556358670675,-0.24110943073448776,43.79224642613986,False,False,False,False,False,23.982830300111253,False,False,False,False,False,59.76758761860441,False,False,False,False,False,31.21416948023139,False,False,False,False,False,65.44035069512427,False,False,False,False,False,31.913541273021384,False,False,False,False,False,22.316817966618427,False,False,False,False,False,0.0,True,False,False,False,False,4.802980247490665,False,False,False,False,False,0.0,True,False,False,False,False,0.3553133164893352,0.6576817159673354,0.0885888229784577,2026-08-26
4999,75,20,3,95,16,6,1.0,52,0,0,52,0,8,39,39,5,10,10,1,1,1,2,2,2,0.013564141581626858,0.03137368486825647,52,0.03919670422736056,0.048654412815063074,13,100.0,3,3,0,20,79,0,8,0,8,1,12,12,0.005773672055427337,2125624988404.41,5209,5209,True,15.003000600120023,0.6001200240048009,15.003000600120023,20260827,76,20,3,0,16,0.20512820512820512,0.6153846153846154,2277057117667.5127,0.9334965609390505,-0.06881800005743989,100.0,False,True,False,False,False,11.478475491685037,False,False,False,False,False,82.97101694558091,False,False,False,False,False,62.59859947260039,False,False,False,False,False,78.11492593141901,False,False,False,False,False,96.38175376528605,False,False,False,False,False,100.0,False,True,False,False,False,9.555181097091033,False,False,False,False,False,17.333323920121966,False,False,False,False,False,31.068692809156268,False,False,False,False,False,0.45329644520655943,0.8621183877098804,0.1213568162200878,2026-08-27
4998,81,21,2,102,17,7,1.0,75,0,0,75,0,9,59,59,3,8,8,3,5,5,2,3,3,0.03403503257282193,0.027431863258851278,75,0.06311631033754145,0.050581084289849094,16,78.33333333333333,3,3,0,13,77,4,13,4,12,0,14,14,0.0019056801798364997,2101472024635.45,5208,5208,True,16.206482593037215,0.4001600640256103,16.206482593037215,20260828,81,21,2,0,17,0.15,0.5,2266209623704.5435,0.9273069898980487,-0.07547060330072299,69.63340430579575,False,False,False,False,False,97.46315955692815,False,False,False,False,False,73.23280622765992,False,False,False,False,False,100.0,False,True,False,False,False,80.84609677841227,False,False,False,False,False,100.0,False,True,False,False,False,53.753999127545306,False,False,False,False,False,4.771340437480758,False,False,False,False,False,0.0,True,False,False,False,False,29.492815178484,False,False,False,False,False,0.39382791489588076,0.7155345947341165,0.0559508355653417,2026-08-28
4997,86,35,11,121,18,6,1.0,81,1,0,80,0,10,63,64,4,9,9,1,3,3,3,5,5,0.0016884671703883026,0.007443605344505855,80,0.009657409448508746,0.0212294562844796,17,67.0,5,5,0,27,95,6,16,2,10,5,15,15,0.004849660523763344,2130563343897.24,5206,5206,True,17.21032619571743,2.2013207924754856,17.21032619571743,20260831,86,35,11,0,18,0.15873015873015872,0.47058823529411764,2244195435676.8687,0.9493662227570853,-0.05196065096033047,59.18900708882767,False,False,False,False,False,0.0,True,False,False,False,False,23.852117109305954,False,False,False,False,False,0.0,True,False,False,False,False,39.23842688286902,False,False,False,False,False,100.0,False,True,False,False,False,58.60120179235177,False,False,False,False,False,47.86229688770445,False,False,False,False,False,86.85153718360925,False,False,False,False,False,35.06188440394886,False,False,False,False,False,0.3782612066901831,0.724454752896185,0.3031532937870746,2026-08-31
4998,80,14,0,94,18,7,0.8333333333333334,86,0,0,86,0,9,68,68,5,10,10,1,4,4,3,4,4,0.019821973075735484,0.014038597460557573,86,0.036748499481894556,0.056515929788737505,18,93.75,4,4,0,12,74,0,9,2,11,1,15,15,0.0049261083743842304,2032896635883.58,5207,5207,True,16.00640256102441,0.0,13.338668800853675,20260901,80,14,0,0,18,0.1323529411764706,0.5,2250865417692.4556,0.9031622325814873,-0.10185308214331822,62.94275024093602,False,False,False,False,False,37.76348986579782,False,False,False,False,False,40.14494546965135,False,False,False,False,False,57.109100345163725,False,False,False,False,False,89.25909153133112,False,False,False,False,False,79.43430799517485,False,False,False,False,False,100.0,False,True,False,False,False,0.0,True,False,False,False,False,10.372373017326876,False,False,False,False,False,23.24329800012115,False,False,False,False,False,0.38385592155157067,0.8286543095076224,0.10315329378707463,2026-09-01
4999,50,19,9,69,14,5,0.8333333333333334,80,0,0,80,0,7,62,62,4,9,9,2,5,5,1,4,4,0.011891732555087464,-0.00941011991975468,80,0.04511196914719064,0.03507920533346228,18,81.25,4,4,0,10,46,5,12,4,11,3,15,15,-0.010893246187363759,1790878522399.05,5208,5208,True,10.002000400080016,1.8003600720144028,8.335000333400014,20260902,50,19,9,0,14,0.11290322580645161,0.3888888888888889,2241841693621.755,0.798842544276995,-0.22459141862215434,32.719062300376905,False,False,False,False,False,4.453790448093022,False,False,False,False,False,0.0,True,False,False,False,False,75.86213132225501,False,False,False,False,False,58.871265867499346,False,False,False,False,False,28.483289669882588,False,False,False,False,False,30.565669795239973,False,False,False,False,False,38.2697154646637,False,False,False,False,False,48.611955100468066,False,False,False,False,False,0.0,True,False,False,False,False,0.33880944148219966,0.6728618245897814,0.20315329378707464,2026-09-02
5000,44,35,17,79,9,5,0.6666666666666666,50,0,0,50,0,6,36,36,0,7,7,2,4,4,1,3,3,0.010048370293063729,0.0018748390975389384,50,0.02150816032444228,0.011219258155438378,14,69.28571428571429,7,7,0,26,61,3,9,6,9,2,13,13,-0.005952380952380931,1758698810002.77,5209,5209,True,8.8,3.4,5.866666666666667,20260903,44,35,17,0,9,0.16666666666666666,0.21428571428571427,2198414020961.034,0.7999852590250298,-0.22316197770268734,2.4555388163683562,False,False,False,False,False,0.0,True,False,False,False,False,10.094564250389809,False,False,False,False,False,22.93637493826627,False,False,False,False,False,25.04837857393234,False,False,False,False,False,3.348907824902503,False,False,False,False,False,0.0,True,False,False,False,False,76.53948971861895,False,False,False,False,False,35.999406224535555,False,False,False,False,False,0.0,True,False,False,False,False,0.2937035890748937,0.5575556463201325,0.17017032643008292,2026-09-03
5000,39,48,9,87,7,5,0.5,44,0,0,44,0,6,35,35,0,6,6,0,0,0,1,3,3,0.016591552898305436,-0.00569941329757212,44,0.005199101780862741,-0.008934282119174377,9,47.22222222222222,9,9,0,41,73,5,11,2,3,1,8,8,-0.002458009425222618,2030440647534.1602,5207,5207,True,7.8,1.8,3.9,20260904,39,48,9,0,7,0.17142857142857143,0.1111111111111111,2159918629634.4487,0.9400542315234339,-0.06181771227223485,0.0,True,False,False,False,False,24.194629649904826,False,False,False,False,False,0.0,True,False,False,False,False,0.0,True,False,False,False,False,0.0,True,False,False,False,False,0.0,True,False,False,False,False,0.0,True,False,False,False,False,38.26110110435342,False,False,False,False,False,31.612197566881132,False,False,False,False,False,32.72693042314762,False,False,False,False,False,0.23514644782045038,0.5608833118980143,0.1586973750570379,2026-09-04
4999,92,23,2,115,13,6,0.6666666666666666,39,0,0,39,0,9,32,32,3,6,6,0,0,0,1,1,1,0.03738112183063319,0.0474532525001109,39,0.06280320589902548,0.07189222188112922,7,83.57142857142857,7,7,0,21,100,1,10,1,5,0,6,6,0.003869541182974112,1945818882312.91,5207,5207,True,18.40368073614723,0.40008001600320064,12.26912049076482,20260907,92,23,2,0,13,0.28125,0.5714285714285714,2128228087945.857,0.9142905750252519,-0.08960684226995004,82.64153939917168,False,False,False,False,False,100.0,False,True,False,False,False,100.0,False,True,False,False,False,100.0,False,True,False,False,False,100.0,False,True,False,False,False,68.54338348617064,False,False,False,False,False,94.32274171180777,False,False,False,False,False,4.769425369162258,False,False,False,False,False,7.882616218339389,False,False,False,False,False,26.14420382157875,False,False,False,False,False,0.413215710964179,0.7901920054744022,0.09664235234013567,2026-09-07
5000,73,38,0,111,19,4,0.6666666666666666,92,0,0,92,0,13,79,79,3,9,9,3,3,3,0,1,1,0.03219736098213447,0.02989714587996128,92,0.06251344552679827,0.06618898607935499,13,83.46153846153847,13,13,0,26,80,8,21,4,10,0,12,12,0.005929775663281123,1960144220139.2898,5207,5207,True,14.6,0.0,9.733333333333333,20260908,73,38,0,0,19,0.16455696202531644,0.46153846153846156,2099371944034.972,0.9336812496274063,-0.06862017348954379,68.44842622361779,False,False,False,False,False,89.74431570157776,False,False,False,False,False,79.323249688195,False,False,False,False,False,100.0,False,True,False,False,False,100.0,False,True,False,False,False,42.722140778401446,False,False,False,False,False,16.936949830022012,False,False,False,False,False,0.0,True,False,False,False,False,0.0,True,False,False,False,False,31.115554233428767,False,False,False,False,False,0.39206178060854785,0.6477813099005656,0.06253328680832308,2026-09-08
4999,48,28,8,76,15,5,0.6666666666666666,73,0,0,73,0,10,54,54,4,13,13,0,3,3,1,3,3,0.018636823612446528,0.011090216164921226,73,0.032089673897973015,0.006227695868550957,19,52.10526315789474,19,19,0,23,56,3,13,2,7,6,19,19,-0.00610102156640191,1855427618435.3599,5207,5207,True,9.601920384076815,1.6003200640128026,6.401280256051209,20260909,48,28,8,0,15,0.18518518518518517,0.2631578947368421,2081337181812.4539,0.8914594111174389,-0.11489537146757882,8.175221008717003,False,False,False,False,False,32.785460222885625,False,False,False,False,False,32.86101403420108,False,False,False,False,False,46.66282577389666,False,False,False,False,False,17.972543602943293,False,False,False,False,False,8.79273508221556,False,False,False,False,False,48.28081018641408,False,False,False,False,False,33.48395973673492,False,False,False,False,False,83.46393761567566,False,False,False,False,False,20.153822910860463,False,False,False,False,False,0.3022284107441583,0.7054624532574977,0.29429441148922886,2026-09-09
4997,34,25,12,59,9,4,0.6666666666666666,48,0,0,48,0,6,33,33,2,10,10,1,4,4,0,1,1,0.025876366213770607,-0.0010446808253113092,48,0.03949003651367768,-0.00445201111114896,15,52.666666666666664,15,15,0,16,41,5,11,4,7,5,14,14,-0.014367816091954033,1646971393576.19,5206,5206,True,6.804082449469681,2.4014408645187113,4.53605496631312,20260910,34,25,12,0,9,0.18181818181818182,0.2,2066494754971.0266,0.7969879379632305,-0.22691573460603195,3.2080718264198396,False,False,False,False,False,63.19399415623832,False,False,False,False,False,2.8819344002596186,False,False,False,False,False,63.2563252338011,False,False,False,False,False,2.8334268728186824,False,False,False,False,False,0.0,True,False,False,False,False,0.0,True,False,False,False,False,52.64996806719533,False,False,False,False,False,92.95282942652793,False,False,False,False,False,0.0,True,False,False,False,False,0.29482519155125253,0.5792985127642527,0.31910873030218384,2026-09-10
4998,40,24,21,64,7,4,0.6666666666666666,34,0,0,34,0,4,25,25,2,6,6,1,2,2,0,1,1,0.011662649555886877,0.00031714875464094035,34,0.03421036496416648,0.0038104938824218035,9,58.888888888888886,9,9,0,16,49,5,9,3,6,3,9,9,-0.022144775184288867,1971662906469.51,5207,5207,True,8.003201280512204,4.201680672268908,5.335467520341469,20260911,40,24,21,0,7,0.16,0.3333333333333333,2021305310828.0571,0.9754404225365586,-0.02486619455487648,36.88926081551224,False,False,False,False,False,3.4915641669090154,False,False,False,False,False,6.24631379780267,False,False,False,False,False,51.41795574372108,False,False,False,False,False,14.546016723708025,False,False,False,False,False,0.0,True,False,False,False,False,0.0,True,False,False,False,False,95.71889241715327,False,False,False,False,False,81.90551390003094,False,False,False,False,False,41.480055787863876,False,False,False,False,False,0.34502485651251674,0.5983499728415679,0.2902189911243923,2026-09-11
4998,53,33,16,86,11,4,0.6666666666666666,40,0,0,40,0,7,33,33,3,4,4,1,2,2,0,1,1,0.023388762074442442,0.03213136596231169,40,0.03446462505820215,0.03531988272214618,7,70.0,7,7,1,27,69,5,12,1,5,2,7,7,0.0030211756115371413,1629029122389.3198,5207,5207,True,10.604241696678672,3.201280512204882,7.069494464452448,20260914,55,33,16,0,11,0.21212121212121213,0.5714285714285714,2012752236881.963,0.8093540240764634,-0.21151885062902911,82.24183271173621,False,False,False,False,False,52.74521319738684,False,False,False,False,False,84.84285663850096,False,False,False,False,False,51.98807168967521,False,False,False,False,False,59.21244031062901,False,False,False,False,False,15.596981726237935,False,False,False,False,False,40.66028307733943,False,False,False,False,False,71.78532610671311,False,False,False,False,False,68.535617052726,False,False,False,False,False,0.0,True,False,False,False,False,0.4126199736284651,0.6914386313148287,0.2552554896451244,2026-09-14
4997,32,25,28,57,7,5,0.8333333333333334,53,1,0,52,0,3,41,42,2,7,7,1,3,3,1,1,1,0.029275904004169864,0.008066925133127846,52,0.028342501419550244,0.03345420351244133,11,67.72727272727273,11,11,0,16,41,5,8,4,8,1,11,11,-0.014760147601476148,1612602366841.82,5205,5205,True,6.40384230538323,5.603362017210326,5.336535254486025,20260915,32,25,28,0,7,0.06976744186046512,0.36363636363636365,1974838324478.7207,0.8165743731287387,-0.20263728299328929,30.07735127693863,False,False,False,False,False,77.47320569622758,False,False,False,False,False,25.39201922759762,False,False,False,False,False,38.260709860694696,False,False,False,False,False,56.56772960926087,False,False,False,False,False,0.0,True,False,False,False,False,0.0,True,False,False,False,False,100.0,False,True,False,False,False,20.23372012961992,False,False,False,False,False,0.0,True,False,False,False,False,0.33487213961485685,0.5678934935611151,0.1289416172338433,2026-09-15
4998,89,14,4,103,12,6,0.8333333333333334,32,0,0,32,0,9,25,25,1,3,3,1,2,2,1,2,2,0.028535785266845498,0.03654816122950143,32,0.0033154652425242564,0.03508563777719642,7,68.75,4,4,0,11,88,3,12,0,3,2,6,6,0.009987872327387293,1839009283772.53,5206,5206,True,17.807122849139656,0.8003201280512205,14.839269040949715,20260916,89,14,4,0,12,0.36,0.42857142857142855,1935436652484.4656,0.9501779773633229,-0.05110596734138584,77.47698214252695,False,False,False,False,False,74.36445601713571,False,False,False,False,False,95.75448260026032,False,False,False,False,False,0.0,True,False,False,False,False,58.880384237201454,False,False,False,False,False,94.71451907018636,False,False,False,False,False,100.0,False,True,False,False,False,14.344766961656811,False,False,False,False,False,77.40912909677793,False,False,False,False,False,35.26434301257802,False,False,False,False,False,0.4055182676215229,0.8105356571989767,0.2784605341583175,2026-09-16
5001,47,23,1,70,9,5,0.6666666666666666,89,0,0,89,0,5,77,77,3,9,9,0,1,1,1,2,2,0.0038524944794352685,0.001489102580428596,89,0.0182273143639943,0.041322723216017127,12,70.0,3,3,0,16,54,6,11,1,5,1,11,11,0.0,1823032260335.4302,5209,5209,True,9.398120375924815,0.1999600079984003,6.265413583949877,20260917,47,23,1,0,9,0.06493506493506493,0.3333333333333333,1901843695558.605,0.9585605087278076,-0.042322589925782174,18.345066964473425,False,False,False,False,False,0.0,True,False,False,False,False,9.14160801405108,False,False,False,False,False,15.579881952747968,False,False,False,False,False,67.72182199326996,False,False,False,False,False,7.409241082751136,False,False,False,False,False,36.13693588181137,False,False,False,False,False,0.0,True,False,False,False,False,20.23372012961992,False,False,False,False,False,37.344961303617254,False,False,False,False,False,0.31738591779808006,0.6831144544243066,0.1289416172338433,2026-09-17
5001,76,26,0,102,12,4,0.6666666666666666,47,0,0,47,0,8,38,38,2,5,5,2,3,3,0,1,1,0.020534073697441924,0.027792236129460364,47,0.025385420546061657,0.03875533793072783,9,72.77777777777777,9,9,0,24,88,1,9,1,5,0,8,8,0.010471204188481575,2076852470794.62,5209,5209,True,15.196960607878424,0.0,10.131307071918949,20260918,78,26,0,0,12,0.21052631578947367,0.4444444444444444,1889032977761.1821,1.0994262647844482,0.09478846626679777,61.95811960233208,False,False,False,False,False,40.75455395804606,False,False,False,False,False,74.12310195860825,False,False,False,False,False,31.630180733244046,False,False,False,False,False,64.08240139876493,False,False,False,False,False,46.77460096427378,False,False,False,False,False,85.81118438738528,False,False,False,False,False,0.0,True,False,False,False,False,2.19713442600328,False,False,False,False,False,69.82401325818756,False,False,False,False,False,0.3823883923564309,0.7745284479981248,0.08177429813396095,2026-09-18
5001,101,29,2,130,21,5,0.8333333333333334,76,0,0,76,0,13,64,64,5,8,8,2,2,2,1,2,2,0.02058419472355273,0.032251162959336555,76,0.053297776139049576,0.06006686765856925,12,80.0,12,12,0,28,108,1,14,0,8,1,12,12,0.015384615384615552,2031361031023.1199,5209,5209,True,20.195960807838436,0.3999200159968006,16.829967339865362,20260921,102,29,2,0,22,0.21212121212121213,0.6666666666666666,1898918047774.5679,1.0697465503599632,0.06742175159350025,100.0,False,True,False,False,False,40.96507926429762,False,False,False,False,False,85.13881330929975,False,False,False,False,False,94.2167972963303,False,False,False,False,False,94.29275612671624,False,False,False,False,False,100.0,False,True,False,False,False,100.0,False,True,False,False,False,4.765597530147718,False,False,False,False,False,17.333323920121966,False,False,False,False,False,63.34134896850766,False,False,False,False,False,0.4609184582413899,0.8567702685929688,0.1213568162200878,2026-09-21
5001,63,25,3,88,24,6,1.0,101,1,0,100,0,17,79,80,4,13,13,1,5,5,2,3,3,0.024385458785587143,0.025856941260435376,100,0.026467438223301352,0.026978780253813506,21,69.375,8,8,0,22,61,1,18,2,9,3,20,20,-0.001607717041800627,2135366308340.12,5209,5209,True,12.59748050389922,0.5998800239952009,12.59748050389922,20260922,63,25,3,0,24,0.21518987341772153,0.3181818181818182,1900124707304.1042,1.123803243088069,0.1167186855149583,36.38124987594231,False,False,False,False,False,56.93167737491118,False,False,False,False,False,69.34198523051755,False,False,False,False,False,34.056340189914714,False,False,False,False,False,47.388433887414664,False,False,False,False,False,71.88698571627961,False,False,False,False,False,87.11684295890485,False,False,False,False,False,9.549439338569224,False,False,False,False,False,33.07496099400538,False,False,False,False,False,75.0188731776947,False,False,False,False,False,0.3442676985935571,0.7769312113585629,0.1625226350296597,2026-09-22
5002,51,28,13,79,12,4,0.6666666666666666,63,0,0,63,0,3,39,39,7,17,17,2,4,4,0,3,3,0.01291454990469094,-0.0016930860511472263,63,0.022036703045645648,0.014194525919660653,24,75.0,3,3,0,22,61,4,7,2,11,6,22,22,-0.006179993196994749,1764781868614.7603,5210,5210,True,10.19592163134746,2.5989604158336665,6.797281087564973,20260923,51,28,13,0,12,0.07692307692307693,0.375,1915311703186.884,0.9214071347647188,-0.08185328311468631,22.55971996574487,False,False,False,False,False,8.749970164937379,False,False,False,False,False,1.2800590884176626,False,False,False,False,False,24.12150245353322,False,False,False,False,False,29.265996723152714,False,False,False,False,False,12.82510568281143,False,False,False,False,False,37.70037497332005,False,False,False,False,False,57.37542440728859,False,False,False,False,False,70.95983172150666,False,False,False,False,False,27.980877373877394,False,False,False,False,False,0.323667589405942,0.6859916033568807,0.2615950324348701,2026-09-23
5003,50,13,11,63,13,5,0.8333333333333334,51,0,0,51,0,8,39,39,1,3,3,3,7,7,1,2,2,0.010712720052040561,0.005530142372643254,51,0.02719121380253774,0.013992643830273507,12,60.833333333333336,12,12,0,10,47,2,10,1,6,4,12,12,-0.012836438923395366,1653132781025.0898,5210,5210,True,9.994003597841296,2.198680791525085,8.328336331534414,20260924,52,13,12,0,13,0.20512820512820512,0.4166666666666667,1913131735290.082,0.8640977254890556,-0.14606940836940666,49.982007778142574,False,False,False,False,False,0.0,True,False,False,False,False,19.12493575323513,False,False,False,False,False,35.67922954099382,False,False,False,False,False,28.979816912904838,False,False,False,False,False,28.415431920436856,False,False,False,False,False,88.36062889081543,False,False,False,False,False,47.79913752375354,False,False,False,False,False,84.81493936095936,False,False,False,False,False,12.769274995584814,False,False,False,False,False,0.3645387611778034,0.7792201124010039,0.2978274044553819,2026-09-24
5004,33,15,59,48,7,5,0.6666666666666666,50,0,0,50,0,3,37,37,3,8,8,0,1,1,1,4,4,0.0037091141341893084,-0.02152060608546456,50,0.023512039427787942,-0.006826144314914129,13,38.0,5,5,0,10,36,3,6,2,6,5,12,12,-0.018226505771819168,1702660149848.98,5210,5210,True,6.594724220623501,11.79056754596323,4.396482813749,20260928,33,15,59,0,7,0.07692307692307693,0.3076923076923077,1889507124921.116,0.9011133789294726,-0.10412419252091135,12.847010198492335,False,False,False,False,False,0.0,True,False,False,False,False,0.0,True,False,False,False,False,27.42958271007406,False,False,False,False,False,0.0,True,False,False,False,False,0.0,True,False,False,False,False,28.260411923609784,False,False,False,False,False,100.0,False,True,False,False,False,100.0,False,True,False,False,False,22.705314310134792,False,False,False,False,False,0.3091914146978586,0.6686195293441966,0.35665093386714664,2026-09-28
5005,56,12,11,68,10,6,0.8333333333333334,33,0,0,33,0,7,26,26,1,3,3,1,3,3,1,1,1,0.01902570776435711,0.02641391727583635,33,0.03128396521443032,0.021031393111208878,7,63.57142857142857,7,7,0,11,57,1,8,0,3,1,6,6,0.004950495049504955,1409070711069.8901,5211,5211,True,11.188811188811188,2.197802197802198,9.324009324009324,20260929,56,12,11,0,10,0.2692307692307692,0.42857142857142855,1869566531181.7925,0.7536884553550426,-0.2827761855446469,65.3820735625523,False,False,False,False,False,34.418905535764,False,False,False,False,False,70.71798605964212,False,False,False,False,False,44.85622151685201,False,False,False,False,False,38.95766061224156,False,False,False,False,False,38.554103819977044,False,False,False,False,False,100.0,False,True,False,False,False,47.77811805377933,False,False,False,False,False,42.645872657558655,False,False,False,False,False,0.0,True,False,False,False,False,0.38749157745187135,0.818387013240375,0.1875514432492266,2026-09-29
5007,52,14,9,66,12,7,0.8333333333333334,56,1,0,55,0,6,45,46,4,7,7,1,1,1,1,2,2,0.016092380378904588,0.013323103038799711,55,0.019281448954912683,0.04251636789373912,10,66.66666666666667,3,3,0,12,52,2,8,0,6,3,9,9,-0.0016666666666665941,1437835918152.61,5213,5213,True,10.385460355502296,1.797483523067705,8.654550296251914,20260930,52,14,9,0,12,0.13333333333333333,0.6,1833491899540.425,0.7842063106540104,-0.24308314190557018,85.66494446963702,False,False,False,False,False,22.097935793580028,False,False,False,False,False,38.37732731312434,False,False,False,False,False,17.943520422023866,False,False,False,False,False,69.41388397068883,False,False,False,False,False,31.73718151324029,False,False,False,False,False,100.0,False,True,False,False,False,38.20089692813266,False,False,False,False,False,81.90551390003094,False,False,False,False,False,0.0,True,False,False,False,False,0.4177219034750401,0.8105726707223986,0.2902189911243923,2026-09-30
