trade_date,database,table,row_count,status
2024-11-01,basic,tbl_cn_day,5349,present
2024-11-01,basic,tbl_cn_stk_limit,5446,present
2024-11-01,basic,tbl_cn_suspend,20,present
2024-11-01,basic,tbl_cn_daily_basic,5349,present
2024-11-01,kpl,tbl_cn_kpl_list,189,present
2024-11-01,kpl,tbl_cn_limit_list,305,present
2024-11-01,index,tbl_cn_index_daily,12,present
2024-11-04,basic,tbl_cn_day,5350,present
2024-11-04,basic,tbl_cn_stk_limit,5446,present
2024-11-04,basic,tbl_cn_suspend,17,present
2024-11-04,basic,tbl_cn_daily_basic,5350,present
2024-11-04,kpl,tbl_cn_kpl_list,210,present
2024-11-04,kpl,tbl_cn_limit_list,221,present
2024-11-04,index,tbl_cn_index_daily,12,present
2024-11-05,basic,tbl_cn_day,5353,present
2024-11-05,basic,tbl_cn_stk_limit,5446,present
2024-11-05,basic,tbl_cn_suspend,16,present
2024-11-05,basic,tbl_cn_daily_basic,5353,present
2024-11-05,kpl,tbl_cn_kpl_list,248,present
2024-11-05,kpl,tbl_cn_limit_list,224,present
2024-11-05,index,tbl_cn_index_daily,12,present
2024-11-06,basic,tbl_cn_day,5354,present
2024-11-06,basic,tbl_cn_stk_limit,5446,present
2024-11-06,basic,tbl_cn_suspend,12,present
2024-11-06,basic,tbl_cn_daily_basic,5354,present
2024-11-06,kpl,tbl_cn_kpl_list,246,present
2024-11-06,kpl,tbl_cn_limit_list,232,present
2024-11-06,index,tbl_cn_index_daily,12,present
2024-11-07,basic,tbl_cn_day,5354,present
2024-11-07,basic,tbl_cn_stk_limit,5448,present
2024-11-07,basic,tbl_cn_suspend,12,present
2024-11-07,basic,tbl_cn_daily_basic,5354,present
2024-11-07,kpl,tbl_cn_kpl_list,279,present
2024-11-07,kpl,tbl_cn_limit_list,252,present
2024-11-07,index,tbl_cn_index_daily,12,present
2024-11-08,basic,tbl_cn_day,5356,present
2024-11-08,basic,tbl_cn_stk_limit,5448,present
2024-11-08,basic,tbl_cn_suspend,12,present
2024-11-08,basic,tbl_cn_daily_basic,5356,present
2024-11-08,kpl,tbl_cn_kpl_list,218,present
2024-11-08,kpl,tbl_cn_limit_list,186,present
2024-11-08,index,tbl_cn_index_daily,12,present
2024-11-11,basic,tbl_cn_day,5352,present
2024-11-11,basic,tbl_cn_stk_limit,5449,present
2024-11-11,basic,tbl_cn_suspend,17,present
2024-11-11,basic,tbl_cn_daily_basic,5352,present
2024-11-11,kpl,tbl_cn_kpl_list,267,present
2024-11-11,kpl,tbl_cn_limit_list,224,present
2024-11-11,index,tbl_cn_index_daily,12,present
2024-11-12,basic,tbl_cn_day,5353,present
2024-11-12,basic,tbl_cn_stk_limit,5449,present
2024-11-12,basic,tbl_cn_suspend,17,present
2024-11-12,basic,tbl_cn_daily_basic,5353,present
2024-11-12,kpl,tbl_cn_kpl_list,198,present
2024-11-12,kpl,tbl_cn_limit_list,162,present
2024-11-12,index,tbl_cn_index_daily,12,present
2024-11-13,basic,tbl_cn_day,5353,present
2024-11-13,basic,tbl_cn_stk_limit,5449,present
2024-11-13,basic,tbl_cn_suspend,15,present
2024-11-13,basic,tbl_cn_daily_basic,5353,present
2024-11-13,kpl,tbl_cn_kpl_list,131,present
2024-11-13,kpl,tbl_cn_limit_list,118,present
2024-11-13,index,tbl_cn_index_daily,12,present
2024-11-14,basic,tbl_cn_day,5354,present
2024-11-14,basic,tbl_cn_stk_limit,5449,present
2024-11-14,basic,tbl_cn_suspend,15,present
2024-11-14,basic,tbl_cn_daily_basic,5354,present
2024-11-14,kpl,tbl_cn_kpl_list,105,present
2024-11-14,kpl,tbl_cn_limit_list,87,present
2024-11-14,index,tbl_cn_index_daily,12,present
2024-11-15,basic,tbl_cn_day,5355,present
2024-11-15,basic,tbl_cn_stk_limit,5449,present
2024-11-15,basic,tbl_cn_suspend,15,present
2024-11-15,basic,tbl_cn_daily_basic,5355,present
2024-11-15,kpl,tbl_cn_kpl_list,112,present
2024-11-15,kpl,tbl_cn_limit_list,128,present
2024-11-15,index,tbl_cn_index_daily,12,present
2024-11-18,basic,tbl_cn_day,5352,present
2024-11-18,basic,tbl_cn_stk_limit,5449,present
2024-11-18,basic,tbl_cn_suspend,17,present
2024-11-18,basic,tbl_cn_daily_basic,5352,present
2024-11-18,kpl,tbl_cn_kpl_list,133,present
2024-11-18,kpl,tbl_cn_limit_list,187,present
2024-11-18,index,tbl_cn_index_daily,12,present
2024-11-19,basic,tbl_cn_day,5355,present
2024-11-19,basic,tbl_cn_stk_limit,5450,present
2024-11-19,basic,tbl_cn_suspend,16,present
2024-11-19,basic,tbl_cn_daily_basic,5355,present
2024-11-19,kpl,tbl_cn_kpl_list,135,present
2024-11-19,kpl,tbl_cn_limit_list,141,present
2024-11-19,index,tbl_cn_index_daily,12,present
2024-11-20,basic,tbl_cn_day,5359,present
2024-11-20,basic,tbl_cn_stk_limit,5451,present
2024-11-20,basic,tbl_cn_suspend,13,present
2024-11-20,basic,tbl_cn_daily_basic,5359,present
2024-11-20,kpl,tbl_cn_kpl_list,206,present
2024-11-20,kpl,tbl_cn_limit_list,189,present
2024-11-20,index,tbl_cn_index_daily,12,present
2024-11-21,basic,tbl_cn_day,5359,present
2024-11-21,basic,tbl_cn_stk_limit,5451,present
2024-11-21,basic,tbl_cn_suspend,11,present
2024-11-21,basic,tbl_cn_daily_basic,5359,present
2024-11-21,kpl,tbl_cn_kpl_list,169,present
2024-11-21,kpl,tbl_cn_limit_list,161,present
2024-11-21,index,tbl_cn_index_daily,12,present
2024-11-22,basic,tbl_cn_day,5361,present
2024-11-22,basic,tbl_cn_stk_limit,5452,present
2024-11-22,basic,tbl_cn_suspend,10,present
2024-11-22,basic,tbl_cn_daily_basic,5361,present
2024-11-22,kpl,tbl_cn_kpl_list,148,present
2024-11-22,kpl,tbl_cn_limit_list,151,present
2024-11-22,index,tbl_cn_index_daily,12,present
2024-11-25,basic,tbl_cn_day,5360,present
2024-11-25,basic,tbl_cn_stk_limit,5452,present
2024-11-25,basic,tbl_cn_suspend,11,present
2024-11-25,basic,tbl_cn_daily_basic,5360,present
2024-11-25,kpl,tbl_cn_kpl_list,193,present
2024-11-25,kpl,tbl_cn_limit_list,198,present
2024-11-25,index,tbl_cn_index_daily,12,present
2024-11-26,basic,tbl_cn_day,5361,present
2024-11-26,basic,tbl_cn_stk_limit,5453,present
2024-11-26,basic,tbl_cn_suspend,12,present
2024-11-26,basic,tbl_cn_daily_basic,5361,present
2024-11-26,kpl,tbl_cn_kpl_list,171,present
2024-11-26,kpl,tbl_cn_limit_list,209,present
2024-11-26,index,tbl_cn_index_daily,12,present
2024-11-27,basic,tbl_cn_day,5360,present
2024-11-27,basic,tbl_cn_stk_limit,5453,present
2024-11-27,basic,tbl_cn_suspend,11,present
2024-11-27,basic,tbl_cn_daily_basic,5360,present
2024-11-27,kpl,tbl_cn_kpl_list,126,present
2024-11-27,kpl,tbl_cn_limit_list,140,present
2024-11-27,index,tbl_cn_index_daily,12,present
2024-11-28,basic,tbl_cn_day,5358,present
2024-11-28,basic,tbl_cn_stk_limit,5453,present
2024-11-28,basic,tbl_cn_suspend,13,present
2024-11-28,basic,tbl_cn_daily_basic,5358,present
2024-11-28,kpl,tbl_cn_kpl_list,174,present
2024-11-28,kpl,tbl_cn_limit_list,162,present
2024-11-28,index,tbl_cn_index_daily,12,present
2024-11-29,basic,tbl_cn_day,5364,present
2024-11-29,basic,tbl_cn_stk_limit,5455,present
2024-11-29,basic,tbl_cn_suspend,13,present
2024-11-29,basic,tbl_cn_daily_basic,5364,present
2024-11-29,kpl,tbl_cn_kpl_list,168,present
2024-11-29,kpl,tbl_cn_limit_list,170,present
2024-11-29,index,tbl_cn_index_daily,12,present
2024-12-02,basic,tbl_cn_day,5362,present
2024-12-02,basic,tbl_cn_stk_limit,5455,present
2024-12-02,basic,tbl_cn_suspend,11,present
2024-12-02,basic,tbl_cn_daily_basic,5362,present
2024-12-02,kpl,tbl_cn_kpl_list,239,present
2024-12-02,kpl,tbl_cn_limit_list,232,present
2024-12-02,index,tbl_cn_index_daily,12,present
2024-12-03,basic,tbl_cn_day,5362,present
2024-12-03,basic,tbl_cn_stk_limit,5455,present
2024-12-03,basic,tbl_cn_suspend,12,present
2024-12-03,basic,tbl_cn_daily_basic,5362,present
2024-12-03,kpl,tbl_cn_kpl_list,187,present
2024-12-03,kpl,tbl_cn_limit_list,175,present
2024-12-03,index,tbl_cn_index_daily,12,present
2024-12-04,basic,tbl_cn_day,5362,present
2024-12-04,basic,tbl_cn_stk_limit,5456,present
2024-12-04,basic,tbl_cn_suspend,12,present
2024-12-04,basic,tbl_cn_daily_basic,5362,present
2024-12-04,kpl,tbl_cn_kpl_list,156,present
2024-12-04,kpl,tbl_cn_limit_list,157,present
2024-12-04,index,tbl_cn_index_daily,12,present
2024-12-05,basic,tbl_cn_day,5366,present
2024-12-05,basic,tbl_cn_stk_limit,5458,present
2024-12-05,basic,tbl_cn_suspend,12,present
2024-12-05,basic,tbl_cn_daily_basic,5366,present
2024-12-05,kpl,tbl_cn_kpl_list,169,present
2024-12-05,kpl,tbl_cn_limit_list,165,present
2024-12-05,index,tbl_cn_index_daily,12,present
2024-12-06,basic,tbl_cn_day,5364,present
2024-12-06,basic,tbl_cn_stk_limit,5458,present
2024-12-06,basic,tbl_cn_suspend,12,present
2024-12-06,basic,tbl_cn_daily_basic,5364,present
2024-12-06,kpl,tbl_cn_kpl_list,192,present
2024-12-06,kpl,tbl_cn_limit_list,183,present
2024-12-06,index,tbl_cn_index_daily,12,present
2024-12-09,basic,tbl_cn_day,5362,present
2024-12-09,basic,tbl_cn_stk_limit,5458,present
2024-12-09,basic,tbl_cn_suspend,15,present
2024-12-09,basic,tbl_cn_daily_basic,5362,present
2024-12-09,kpl,tbl_cn_kpl_list,163,present
2024-12-09,kpl,tbl_cn_limit_list,167,present
2024-12-09,index,tbl_cn_index_daily,12,present
2024-12-10,basic,tbl_cn_day,5365,present
2024-12-10,basic,tbl_cn_stk_limit,5458,present
2024-12-10,basic,tbl_cn_suspend,14,present
2024-12-10,basic,tbl_cn_daily_basic,5365,present
2024-12-10,kpl,tbl_cn_kpl_list,181,present
2024-12-10,kpl,tbl_cn_limit_list,179,present
2024-12-10,index,tbl_cn_index_daily,12,present
2024-12-11,basic,tbl_cn_day,5366,present
2024-12-11,basic,tbl_cn_stk_limit,5459,present
2024-12-11,basic,tbl_cn_suspend,12,present
2024-12-11,basic,tbl_cn_daily_basic,5366,present
2024-12-11,kpl,tbl_cn_kpl_list,194,present
2024-12-11,kpl,tbl_cn_limit_list,191,present
2024-12-11,index,tbl_cn_index_daily,12,present
2024-12-12,basic,tbl_cn_day,5367,present
2024-12-12,basic,tbl_cn_stk_limit,5460,present
2024-12-12,basic,tbl_cn_suspend,12,present
2024-12-12,basic,tbl_cn_daily_basic,5367,present
2024-12-12,kpl,tbl_cn_kpl_list,198,present
2024-12-12,kpl,tbl_cn_limit_list,182,present
2024-12-12,index,tbl_cn_index_daily,12,present
2024-12-13,basic,tbl_cn_day,5366,present
2024-12-13,basic,tbl_cn_stk_limit,5460,present
2024-12-13,basic,tbl_cn_suspend,13,present
2024-12-13,basic,tbl_cn_daily_basic,5366,present
2024-12-13,kpl,tbl_cn_kpl_list,151,present
2024-12-13,kpl,tbl_cn_limit_list,154,present
2024-12-13,index,tbl_cn_index_daily,12,present
2024-12-16,basic,tbl_cn_day,5370,present
2024-12-16,basic,tbl_cn_stk_limit,5460,present
2024-12-16,basic,tbl_cn_suspend,12,present
2024-12-16,basic,tbl_cn_daily_basic,5370,present
2024-12-16,kpl,tbl_cn_kpl_list,196,present
2024-12-16,kpl,tbl_cn_limit_list,196,present
2024-12-16,index,tbl_cn_index_daily,12,present
2024-12-17,basic,tbl_cn_day,5367,present
2024-12-17,basic,tbl_cn_stk_limit,5460,present
2024-12-17,basic,tbl_cn_suspend,11,present
2024-12-17,basic,tbl_cn_daily_basic,5367,present
2024-12-17,kpl,tbl_cn_kpl_list,70,present
2024-12-17,kpl,tbl_cn_limit_list,186,present
2024-12-17,index,tbl_cn_index_daily,12,present
2024-12-18,basic,tbl_cn_day,5369,present
2024-12-18,basic,tbl_cn_stk_limit,5461,present
2024-12-18,basic,tbl_cn_suspend,12,present
2024-12-18,basic,tbl_cn_daily_basic,5369,present
2024-12-18,kpl,tbl_cn_kpl_list,135,present
2024-12-18,kpl,tbl_cn_limit_list,136,present
2024-12-18,index,tbl_cn_index_daily,12,present
2024-12-19,basic,tbl_cn_day,5368,present
2024-12-19,basic,tbl_cn_stk_limit,5461,present
2024-12-19,basic,tbl_cn_suspend,11,present
2024-12-19,basic,tbl_cn_daily_basic,5368,present
2024-12-19,kpl,tbl_cn_kpl_list,115,present
2024-12-19,kpl,tbl_cn_limit_list,130,present
2024-12-19,index,tbl_cn_index_daily,12,present
2024-12-20,basic,tbl_cn_day,5373,present
2024-12-20,basic,tbl_cn_stk_limit,5463,present
2024-12-20,basic,tbl_cn_suspend,12,present
2024-12-20,basic,tbl_cn_daily_basic,5373,present
2024-12-20,kpl,tbl_cn_kpl_list,127,present
2024-12-20,kpl,tbl_cn_limit_list,123,present
2024-12-20,index,tbl_cn_index_daily,12,present
2024-12-23,basic,tbl_cn_day,5371,present
2024-12-23,basic,tbl_cn_stk_limit,5463,present
2024-12-23,basic,tbl_cn_suspend,11,present
2024-12-23,basic,tbl_cn_daily_basic,5371,present
2024-12-23,kpl,tbl_cn_kpl_list,51,present
2024-12-23,kpl,tbl_cn_limit_list,201,present
2024-12-23,index,tbl_cn_index_daily,12,present
2024-12-24,basic,tbl_cn_day,5371,present
2024-12-24,basic,tbl_cn_stk_limit,5464,present
2024-12-24,basic,tbl_cn_suspend,11,present
2024-12-24,basic,tbl_cn_daily_basic,5371,present
2024-12-24,kpl,tbl_cn_kpl_list,111,present
2024-12-24,kpl,tbl_cn_limit_list,126,present
2024-12-24,index,tbl_cn_index_daily,12,present
2024-12-25,basic,tbl_cn_day,5368,present
2024-12-25,basic,tbl_cn_stk_limit,5464,present
2024-12-25,basic,tbl_cn_suspend,14,present
2024-12-25,basic,tbl_cn_daily_basic,5368,present
2024-12-25,kpl,tbl_cn_kpl_list,63,present
2024-12-25,kpl,tbl_cn_limit_list,91,present
2024-12-25,index,tbl_cn_index_daily,12,present
2024-12-26,basic,tbl_cn_day,5372,present
2024-12-26,basic,tbl_cn_stk_limit,5465,present
2024-12-26,basic,tbl_cn_suspend,15,present
2024-12-26,basic,tbl_cn_daily_basic,5372,present
2024-12-26,kpl,tbl_cn_kpl_list,134,present
2024-12-26,kpl,tbl_cn_limit_list,128,present
2024-12-26,index,tbl_cn_index_daily,12,present
2024-12-27,basic,tbl_cn_day,5370,present
2024-12-27,basic,tbl_cn_stk_limit,5465,present
2024-12-27,basic,tbl_cn_suspend,13,present
2024-12-27,basic,tbl_cn_daily_basic,5370,present
2024-12-27,kpl,tbl_cn_kpl_list,116,present
2024-12-27,kpl,tbl_cn_limit_list,106,present
2024-12-27,index,tbl_cn_index_daily,12,present
2024-12-30,basic,tbl_cn_day,5367,present
2024-12-30,basic,tbl_cn_stk_limit,5466,present
2024-12-30,basic,tbl_cn_suspend,18,present
2024-12-30,basic,tbl_cn_daily_basic,5367,present
2024-12-30,kpl,tbl_cn_kpl_list,76,present
2024-12-30,kpl,tbl_cn_limit_list,67,present
2024-12-30,index,tbl_cn_index_daily,12,present
2024-12-31,basic,tbl_cn_day,5370,present
2024-12-31,basic,tbl_cn_stk_limit,5466,present
2024-12-31,basic,tbl_cn_suspend,17,present
2024-12-31,basic,tbl_cn_daily_basic,5370,present
2024-12-31,kpl,tbl_cn_kpl_list,82,present
2024-12-31,kpl,tbl_cn_limit_list,89,present
2024-12-31,index,tbl_cn_index_daily,12,present
2025-01-02,basic,tbl_cn_day,5369,present
2025-01-02,basic,tbl_cn_stk_limit,5467,present
2025-01-02,basic,tbl_cn_suspend,17,present
2025-01-02,basic,tbl_cn_daily_basic,5369,present
2025-01-02,kpl,tbl_cn_kpl_list,107,present
2025-01-02,kpl,tbl_cn_limit_list,106,present
2025-01-02,index,tbl_cn_index_daily,12,present
2025-01-03,basic,tbl_cn_day,5372,present
2025-01-03,basic,tbl_cn_stk_limit,5469,present
2025-01-03,basic,tbl_cn_suspend,17,present
2025-01-03,basic,tbl_cn_daily_basic,5372,present
2025-01-03,kpl,tbl_cn_kpl_list,76,present
2025-01-03,kpl,tbl_cn_limit_list,149,present
2025-01-03,index,tbl_cn_index_daily,12,present
2025-01-06,basic,tbl_cn_day,5370,present
2025-01-06,basic,tbl_cn_stk_limit,5469,present
2025-01-06,basic,tbl_cn_suspend,18,present
2025-01-06,basic,tbl_cn_daily_basic,5370,present
2025-01-06,kpl,tbl_cn_kpl_list,93,present
2025-01-06,kpl,tbl_cn_limit_list,144,present
2025-01-06,index,tbl_cn_index_daily,12,present
2025-01-07,basic,tbl_cn_day,5373,present
2025-01-07,basic,tbl_cn_stk_limit,5469,present
2025-01-07,basic,tbl_cn_suspend,19,present
2025-01-07,basic,tbl_cn_daily_basic,5373,present
2025-01-07,kpl,tbl_cn_kpl_list,127,present
2025-01-07,kpl,tbl_cn_limit_list,121,present
2025-01-07,index,tbl_cn_index_daily,12,present
2025-01-08,basic,tbl_cn_day,5373,present
2025-01-08,basic,tbl_cn_stk_limit,5469,present
2025-01-08,basic,tbl_cn_suspend,15,present
2025-01-08,basic,tbl_cn_daily_basic,5373,present
2025-01-08,kpl,tbl_cn_kpl_list,105,present
2025-01-08,kpl,tbl_cn_limit_list,99,present
2025-01-08,index,tbl_cn_index_daily,12,present
2025-01-09,basic,tbl_cn_day,5374,present
2025-01-09,basic,tbl_cn_stk_limit,5469,present
2025-01-09,basic,tbl_cn_suspend,14,present
2025-01-09,basic,tbl_cn_daily_basic,5374,present
2025-01-09,kpl,tbl_cn_kpl_list,118,present
2025-01-09,kpl,tbl_cn_limit_list,110,present
2025-01-09,index,tbl_cn_index_daily,12,present
2025-01-10,basic,tbl_cn_day,5375,present
2025-01-10,basic,tbl_cn_stk_limit,5471,present
2025-01-10,basic,tbl_cn_suspend,15,present
2025-01-10,basic,tbl_cn_daily_basic,5375,present
2025-01-10,kpl,tbl_cn_kpl_list,83,present
2025-01-10,kpl,tbl_cn_limit_list,114,present
2025-01-10,index,tbl_cn_index_daily,12,present
2025-01-13,basic,tbl_cn_day,5374,present
2025-01-13,basic,tbl_cn_stk_limit,5471,present
2025-01-13,basic,tbl_cn_suspend,17,present
2025-01-13,basic,tbl_cn_daily_basic,5374,present
2025-01-13,kpl,tbl_cn_kpl_list,72,present
2025-01-13,kpl,tbl_cn_limit_list,92,present
2025-01-13,index,tbl_cn_index_daily,12,present
2025-01-14,basic,tbl_cn_day,5377,present
2025-01-14,basic,tbl_cn_stk_limit,5471,present
2025-01-14,basic,tbl_cn_suspend,19,present
2025-01-14,basic,tbl_cn_daily_basic,5377,present
2025-01-14,kpl,tbl_cn_kpl_list,186,present
2025-01-14,kpl,tbl_cn_limit_list,165,present
2025-01-14,index,tbl_cn_index_daily,12,present
2025-01-15,basic,tbl_cn_day,5379,present
2025-01-15,basic,tbl_cn_stk_limit,5473,present
2025-01-15,basic,tbl_cn_suspend,13,present
2025-01-15,basic,tbl_cn_daily_basic,5379,present
2025-01-15,kpl,tbl_cn_kpl_list,110,present
2025-01-15,kpl,tbl_cn_limit_list,97,present
2025-01-15,index,tbl_cn_index_daily,12,present
2025-01-16,basic,tbl_cn_day,5379,present
2025-01-16,basic,tbl_cn_stk_limit,5473,present
2025-01-16,basic,tbl_cn_suspend,14,present
2025-01-16,basic,tbl_cn_daily_basic,5379,present
2025-01-16,kpl,tbl_cn_kpl_list,120,present
2025-01-16,kpl,tbl_cn_limit_list,106,present
2025-01-16,index,tbl_cn_index_daily,12,present
2025-01-17,basic,tbl_cn_day,5378,present
2025-01-17,basic,tbl_cn_stk_limit,5473,present
2025-01-17,basic,tbl_cn_suspend,14,present
2025-01-17,basic,tbl_cn_daily_basic,5378,present
2025-01-17,kpl,tbl_cn_kpl_list,86,present
2025-01-17,kpl,tbl_cn_limit_list,90,present
2025-01-17,index,tbl_cn_index_daily,12,present
2025-01-20,basic,tbl_cn_day,5377,present
2025-01-20,basic,tbl_cn_stk_limit,5473,present
2025-01-20,basic,tbl_cn_suspend,14,present
2025-01-20,basic,tbl_cn_daily_basic,5377,present
2025-01-20,kpl,tbl_cn_kpl_list,117,present
2025-01-20,kpl,tbl_cn_limit_list,125,present
2025-01-20,index,tbl_cn_index_daily,12,present
2025-01-21,basic,tbl_cn_day,5379,present
2025-01-21,basic,tbl_cn_stk_limit,5473,present
2025-01-21,basic,tbl_cn_suspend,14,present
2025-01-21,basic,tbl_cn_daily_basic,5379,present
2025-01-21,kpl,tbl_cn_kpl_list,82,present
2025-01-21,kpl,tbl_cn_limit_list,92,present
2025-01-21,index,tbl_cn_index_daily,12,present
2025-01-22,basic,tbl_cn_day,5383,present
2025-01-22,basic,tbl_cn_stk_limit,5475,present
2025-01-22,basic,tbl_cn_suspend,12,present
2025-01-22,basic,tbl_cn_daily_basic,5383,present
2025-01-22,kpl,tbl_cn_kpl_list,65,present
2025-01-22,kpl,tbl_cn_limit_list,75,present
2025-01-22,index,tbl_cn_index_daily,12,present
2025-01-23,basic,tbl_cn_day,5384,present
2025-01-23,basic,tbl_cn_stk_limit,5476,present
2025-01-23,basic,tbl_cn_suspend,12,present
2025-01-23,basic,tbl_cn_daily_basic,5384,present
2025-01-23,kpl,tbl_cn_kpl_list,83,present
2025-01-23,kpl,tbl_cn_limit_list,96,present
2025-01-23,index,tbl_cn_index_daily,12,present
2025-01-24,basic,tbl_cn_day,5381,present
2025-01-24,basic,tbl_cn_stk_limit,5476,present
2025-01-24,basic,tbl_cn_suspend,14,present
2025-01-24,basic,tbl_cn_daily_basic,5381,present
2025-01-24,kpl,tbl_cn_kpl_list,83,present
2025-01-24,kpl,tbl_cn_limit_list,95,present
2025-01-24,index,tbl_cn_index_daily,12,present
2025-01-27,basic,tbl_cn_day,5382,present
2025-01-27,basic,tbl_cn_stk_limit,5478,present
2025-01-27,basic,tbl_cn_suspend,14,present
2025-01-27,basic,tbl_cn_daily_basic,5382,present
2025-01-27,kpl,tbl_cn_kpl_list,71,present
2025-01-27,kpl,tbl_cn_limit_list,98,present
2025-01-27,index,tbl_cn_index_daily,12,present
2025-02-05,basic,tbl_cn_day,5384,present
2025-02-05,basic,tbl_cn_stk_limit,5478,present
2025-02-05,basic,tbl_cn_suspend,14,present
2025-02-05,basic,tbl_cn_daily_basic,5384,present
2025-02-05,kpl,tbl_cn_kpl_list,111,present
2025-02-05,kpl,tbl_cn_limit_list,133,present
2025-02-05,index,tbl_cn_index_daily,12,present
2025-02-06,basic,tbl_cn_day,5385,present
2025-02-06,basic,tbl_cn_stk_limit,5479,present
2025-02-06,basic,tbl_cn_suspend,14,present
2025-02-06,basic,tbl_cn_daily_basic,5385,present
2025-02-06,kpl,tbl_cn_kpl_list,123,present
2025-02-06,kpl,tbl_cn_limit_list,112,present
2025-02-06,index,tbl_cn_index_daily,12,present
2025-02-07,basic,tbl_cn_day,5386,present
2025-02-07,basic,tbl_cn_stk_limit,5479,present
2025-02-07,basic,tbl_cn_suspend,13,present
2025-02-07,basic,tbl_cn_daily_basic,5386,present
2025-02-07,kpl,tbl_cn_kpl_list,136,present
2025-02-07,kpl,tbl_cn_limit_list,129,present
2025-02-07,index,tbl_cn_index_daily,12,present
2025-02-10,basic,tbl_cn_day,5387,present
2025-02-10,basic,tbl_cn_stk_limit,5478,present
2025-02-10,basic,tbl_cn_suspend,12,present
2025-02-10,basic,tbl_cn_daily_basic,5387,present
2025-02-10,kpl,tbl_cn_kpl_list,150,present
2025-02-10,kpl,tbl_cn_limit_list,139,present
2025-02-10,index,tbl_cn_index_daily,12,present
2025-02-11,basic,tbl_cn_day,5386,present
2025-02-11,basic,tbl_cn_stk_limit,5478,present
2025-02-11,basic,tbl_cn_suspend,11,present
2025-02-11,basic,tbl_cn_daily_basic,5386,present
2025-02-11,kpl,tbl_cn_kpl_list,113,present
2025-02-11,kpl,tbl_cn_limit_list,104,present
2025-02-11,index,tbl_cn_index_daily,12,present
2025-02-12,basic,tbl_cn_day,5386,present
2025-02-12,basic,tbl_cn_stk_limit,5478,present
2025-02-12,basic,tbl_cn_suspend,10,present
2025-02-12,basic,tbl_cn_daily_basic,5386,present
2025-02-12,kpl,tbl_cn_kpl_list,119,present
2025-02-12,kpl,tbl_cn_limit_list,107,present
2025-02-12,index,tbl_cn_index_daily,12,present
2025-02-13,basic,tbl_cn_day,5387,present
2025-02-13,basic,tbl_cn_stk_limit,5478,present
2025-02-13,basic,tbl_cn_suspend,10,present
2025-02-13,basic,tbl_cn_daily_basic,5387,present
2025-02-13,kpl,tbl_cn_kpl_list,107,present
2025-02-13,kpl,tbl_cn_limit_list,97,present
2025-02-13,index,tbl_cn_index_daily,12,present
2025-02-14,basic,tbl_cn_day,5386,present
2025-02-14,basic,tbl_cn_stk_limit,5478,present
2025-02-14,basic,tbl_cn_suspend,10,present
2025-02-14,basic,tbl_cn_daily_basic,5386,present
2025-02-14,kpl,tbl_cn_kpl_list,118,present
2025-02-14,kpl,tbl_cn_limit_list,117,present
2025-02-14,index,tbl_cn_index_daily,12,present
2025-02-17,basic,tbl_cn_day,5389,present
2025-02-17,basic,tbl_cn_stk_limit,5477,present
2025-02-17,basic,tbl_cn_suspend,11,present
2025-02-17,basic,tbl_cn_daily_basic,5389,present
2025-02-17,kpl,tbl_cn_kpl_list,164,present
2025-02-17,kpl,tbl_cn_limit_list,158,present
2025-02-17,index,tbl_cn_index_daily,12,present
2025-02-18,basic,tbl_cn_day,5388,present
2025-02-18,basic,tbl_cn_stk_limit,5477,present
2025-02-18,basic,tbl_cn_suspend,7,present
2025-02-18,basic,tbl_cn_daily_basic,5388,present
2025-02-18,kpl,tbl_cn_kpl_list,86,present
2025-02-18,kpl,tbl_cn_limit_list,89,present
2025-02-18,index,tbl_cn_index_daily,12,present
2025-02-19,basic,tbl_cn_day,5388,present
2025-02-19,basic,tbl_cn_stk_limit,5477,present
2025-02-19,basic,tbl_cn_suspend,7,present
2025-02-19,basic,tbl_cn_daily_basic,5388,present
2025-02-19,kpl,tbl_cn_kpl_list,132,present
2025-02-19,kpl,tbl_cn_limit_list,123,present
2025-02-19,index,tbl_cn_index_daily,12,present
2025-02-20,basic,tbl_cn_day,5387,present
2025-02-20,basic,tbl_cn_stk_limit,5477,present
2025-02-20,basic,tbl_cn_suspend,8,present
2025-02-20,basic,tbl_cn_daily_basic,5387,present
2025-02-20,kpl,tbl_cn_kpl_list,131,present
2025-02-20,kpl,tbl_cn_limit_list,122,present
2025-02-20,index,tbl_cn_index_daily,12,present
2025-02-21,basic,tbl_cn_day,5389,present
2025-02-21,basic,tbl_cn_stk_limit,5477,present
2025-02-21,basic,tbl_cn_suspend,9,present
2025-02-21,basic,tbl_cn_daily_basic,5389,present
2025-02-21,kpl,tbl_cn_kpl_list,136,present
2025-02-21,kpl,tbl_cn_limit_list,124,present
2025-02-21,index,tbl_cn_index_daily,12,present
2025-02-24,basic,tbl_cn_day,5386,present
2025-02-24,basic,tbl_cn_stk_limit,5477,present
2025-02-24,basic,tbl_cn_suspend,9,present
2025-02-24,basic,tbl_cn_daily_basic,5386,present
2025-02-24,kpl,tbl_cn_kpl_list,126,present
2025-02-24,kpl,tbl_cn_limit_list,126,present
2025-02-24,index,tbl_cn_index_daily,12,present
2025-02-25,basic,tbl_cn_day,5384,present
2025-02-25,basic,tbl_cn_stk_limit,5477,present
2025-02-25,basic,tbl_cn_suspend,11,present
2025-02-25,basic,tbl_cn_daily_basic,5384,present
2025-02-25,kpl,tbl_cn_kpl_list,102,present
2025-02-25,kpl,tbl_cn_limit_list,95,present
2025-02-25,index,tbl_cn_index_daily,12,present
2025-02-26,basic,tbl_cn_day,5385,present
2025-02-26,basic,tbl_cn_stk_limit,5477,present
2025-02-26,basic,tbl_cn_suspend,11,present
2025-02-26,basic,tbl_cn_daily_basic,5385,present
2025-02-26,kpl,tbl_cn_kpl_list,142,present
2025-02-26,kpl,tbl_cn_limit_list,136,present
2025-02-26,index,tbl_cn_index_daily,12,present
2025-02-27,basic,tbl_cn_day,5383,present
2025-02-27,basic,tbl_cn_stk_limit,5477,present
2025-02-27,basic,tbl_cn_suspend,12,present
2025-02-27,basic,tbl_cn_daily_basic,5383,present
2025-02-27,kpl,tbl_cn_kpl_list,101,present
2025-02-27,kpl,tbl_cn_limit_list,94,present
2025-02-27,index,tbl_cn_index_daily,12,present
2025-02-28,basic,tbl_cn_day,5383,present
2025-02-28,basic,tbl_cn_stk_limit,5477,present
2025-02-28,basic,tbl_cn_suspend,13,present
2025-02-28,basic,tbl_cn_daily_basic,5383,present
2025-02-28,kpl,tbl_cn_kpl_list,80,present
2025-02-28,kpl,tbl_cn_limit_list,112,present
2025-02-28,index,tbl_cn_index_daily,12,present
2025-03-03,basic,tbl_cn_day,5381,present
2025-03-03,basic,tbl_cn_stk_limit,5478,present
2025-03-03,basic,tbl_cn_suspend,15,present
2025-03-03,basic,tbl_cn_daily_basic,5381,present
2025-03-03,kpl,tbl_cn_kpl_list,112,present
2025-03-03,kpl,tbl_cn_limit_list,127,present
2025-03-03,index,tbl_cn_index_daily,12,present
2025-03-04,basic,tbl_cn_day,5383,present
2025-03-04,basic,tbl_cn_stk_limit,5479,present
2025-03-04,basic,tbl_cn_suspend,17,present
2025-03-04,basic,tbl_cn_daily_basic,5383,present
2025-03-04,kpl,tbl_cn_kpl_list,105,present
2025-03-04,kpl,tbl_cn_limit_list,106,present
2025-03-04,index,tbl_cn_index_daily,12,present
2025-03-05,basic,tbl_cn_day,5382,present
2025-03-05,basic,tbl_cn_stk_limit,5478,present
2025-03-05,basic,tbl_cn_suspend,14,present
2025-03-05,basic,tbl_cn_daily_basic,5382,present
2025-03-05,kpl,tbl_cn_kpl_list,95,present
2025-03-05,kpl,tbl_cn_limit_list,91,present
2025-03-05,index,tbl_cn_index_daily,12,present
2025-03-06,basic,tbl_cn_day,5380,present
2025-03-06,basic,tbl_cn_stk_limit,5477,present
2025-03-06,basic,tbl_cn_suspend,16,present
2025-03-06,basic,tbl_cn_daily_basic,5380,present
2025-03-06,kpl,tbl_cn_kpl_list,146,present
2025-03-06,kpl,tbl_cn_limit_list,143,present
2025-03-06,index,tbl_cn_index_daily,12,present
2025-03-07,basic,tbl_cn_day,5381,present
2025-03-07,basic,tbl_cn_stk_limit,5477,present
2025-03-07,basic,tbl_cn_suspend,16,present
2025-03-07,basic,tbl_cn_daily_basic,5381,present
2025-03-07,kpl,tbl_cn_kpl_list,102,present
2025-03-07,kpl,tbl_cn_limit_list,102,present
2025-03-07,index,tbl_cn_index_daily,12,present
2025-03-10,basic,tbl_cn_day,5381,present
2025-03-10,basic,tbl_cn_stk_limit,5477,present
2025-03-10,basic,tbl_cn_suspend,17,present
2025-03-10,basic,tbl_cn_daily_basic,5381,present
2025-03-10,kpl,tbl_cn_kpl_list,113,present
2025-03-10,kpl,tbl_cn_limit_list,103,present
2025-03-10,index,tbl_cn_index_daily,12,present
2025-03-11,basic,tbl_cn_day,5384,present
2025-03-11,basic,tbl_cn_stk_limit,5479,present
2025-03-11,basic,tbl_cn_suspend,15,present
2025-03-11,basic,tbl_cn_daily_basic,5384,present
2025-03-11,kpl,tbl_cn_kpl_list,80,present
2025-03-11,kpl,tbl_cn_limit_list,68,present
2025-03-11,index,tbl_cn_index_daily,12,present
2025-03-12,basic,tbl_cn_day,5383,present
2025-03-12,basic,tbl_cn_stk_limit,5479,present
2025-03-12,basic,tbl_cn_suspend,14,present
2025-03-12,basic,tbl_cn_daily_basic,5383,present
2025-03-12,kpl,tbl_cn_kpl_list,142,present
2025-03-12,kpl,tbl_cn_limit_list,128,present
2025-03-12,index,tbl_cn_index_daily,12,present
2025-03-13,basic,tbl_cn_day,5385,present
2025-03-13,basic,tbl_cn_stk_limit,5479,present
2025-03-13,basic,tbl_cn_suspend,16,present
2025-03-13,basic,tbl_cn_daily_basic,5385,present
2025-03-13,kpl,tbl_cn_kpl_list,68,present
2025-03-13,kpl,tbl_cn_limit_list,69,present
2025-03-13,index,tbl_cn_index_daily,12,present
2025-03-14,basic,tbl_cn_day,5385,present
2025-03-14,basic,tbl_cn_stk_limit,5479,present
2025-03-14,basic,tbl_cn_suspend,13,present
2025-03-14,basic,tbl_cn_daily_basic,5385,present
2025-03-14,kpl,tbl_cn_kpl_list,120,present
2025-03-14,kpl,tbl_cn_limit_list,119,present
2025-03-14,index,tbl_cn_index_daily,12,present
2025-03-17,basic,tbl_cn_day,5380,present
2025-03-17,basic,tbl_cn_stk_limit,5479,present
2025-03-17,basic,tbl_cn_suspend,21,present
2025-03-17,basic,tbl_cn_daily_basic,5380,present
2025-03-17,kpl,tbl_cn_kpl_list,107,present
2025-03-17,kpl,tbl_cn_limit_list,94,present
2025-03-17,index,tbl_cn_index_daily,12,present
2025-03-18,basic,tbl_cn_day,5387,present
2025-03-18,basic,tbl_cn_stk_limit,5480,present
2025-03-18,basic,tbl_cn_suspend,17,present
2025-03-18,basic,tbl_cn_daily_basic,5387,present
2025-03-18,kpl,tbl_cn_kpl_list,102,present
2025-03-18,kpl,tbl_cn_limit_list,92,present
2025-03-18,index,tbl_cn_index_daily,12,present
2025-03-19,basic,tbl_cn_day,5384,present
2025-03-19,basic,tbl_cn_stk_limit,5481,present
2025-03-19,basic,tbl_cn_suspend,16,present
2025-03-19,basic,tbl_cn_daily_basic,5384,present
2025-03-19,kpl,tbl_cn_kpl_list,80,present
2025-03-19,kpl,tbl_cn_limit_list,71,present
2025-03-19,index,tbl_cn_index_daily,12,present
2025-03-20,basic,tbl_cn_day,5386,present
2025-03-20,basic,tbl_cn_stk_limit,5482,present
2025-03-20,basic,tbl_cn_suspend,15,present
2025-03-20,basic,tbl_cn_daily_basic,5386,present
2025-03-20,kpl,tbl_cn_kpl_list,107,present
2025-03-20,kpl,tbl_cn_limit_list,90,present
2025-03-20,index,tbl_cn_index_daily,12,present
2025-03-21,basic,tbl_cn_day,5387,present
2025-03-21,basic,tbl_cn_stk_limit,5482,present
2025-03-21,basic,tbl_cn_suspend,14,present
2025-03-21,basic,tbl_cn_daily_basic,5387,present
2025-03-21,kpl,tbl_cn_kpl_list,79,present
2025-03-21,kpl,tbl_cn_limit_list,88,present
2025-03-21,index,tbl_cn_index_daily,12,present
2025-03-24,basic,tbl_cn_day,5387,present
2025-03-24,basic,tbl_cn_stk_limit,5483,present
2025-03-24,basic,tbl_cn_suspend,19,present
2025-03-24,basic,tbl_cn_daily_basic,5387,present
2025-03-24,kpl,tbl_cn_kpl_list,81,present
2025-03-24,kpl,tbl_cn_limit_list,107,present
2025-03-24,index,tbl_cn_index_daily,12,present
2025-03-25,basic,tbl_cn_day,5390,present
2025-03-25,basic,tbl_cn_stk_limit,5484,present
2025-03-25,basic,tbl_cn_suspend,15,present
2025-03-25,basic,tbl_cn_daily_basic,5390,present
2025-03-25,kpl,tbl_cn_kpl_list,90,present
2025-03-25,kpl,tbl_cn_limit_list,112,present
2025-03-25,index,tbl_cn_index_daily,12,present
2025-03-26,basic,tbl_cn_day,5391,present
2025-03-26,basic,tbl_cn_stk_limit,5484,present
2025-03-26,basic,tbl_cn_suspend,12,present
2025-03-26,basic,tbl_cn_daily_basic,5391,present
2025-03-26,kpl,tbl_cn_kpl_list,114,present
2025-03-26,kpl,tbl_cn_limit_list,96,present
2025-03-26,index,tbl_cn_index_daily,12,present
2025-03-27,basic,tbl_cn_day,5392,present
2025-03-27,basic,tbl_cn_stk_limit,5486,present
2025-03-27,basic,tbl_cn_suspend,14,present
2025-03-27,basic,tbl_cn_daily_basic,5392,present
2025-03-27,kpl,tbl_cn_kpl_list,81,present
2025-03-27,kpl,tbl_cn_limit_list,93,present
2025-03-27,index,tbl_cn_index_daily,12,present
2025-03-28,basic,tbl_cn_day,5391,present
2025-03-28,basic,tbl_cn_stk_limit,5487,present
2025-03-28,basic,tbl_cn_suspend,15,present
2025-03-28,basic,tbl_cn_daily_basic,5391,present
2025-03-28,kpl,tbl_cn_kpl_list,59,present
2025-03-28,kpl,tbl_cn_limit_list,76,present
2025-03-28,index,tbl_cn_index_daily,12,present
2025-03-31,basic,tbl_cn_day,5393,present
2025-03-31,basic,tbl_cn_stk_limit,5487,present
2025-03-31,basic,tbl_cn_suspend,18,present
2025-03-31,basic,tbl_cn_daily_basic,5393,present
2025-03-31,kpl,tbl_cn_kpl_list,59,present
2025-03-31,kpl,tbl_cn_limit_list,80,present
2025-03-31,index,tbl_cn_index_daily,12,present
2025-04-01,basic,tbl_cn_day,5392,present
2025-04-01,basic,tbl_cn_stk_limit,5487,present
2025-04-01,basic,tbl_cn_suspend,15,present
2025-04-01,basic,tbl_cn_daily_basic,5392,present
2025-04-01,kpl,tbl_cn_kpl_list,99,present
2025-04-01,kpl,tbl_cn_limit_list,100,present
2025-04-01,index,tbl_cn_index_daily,12,present
2025-04-02,basic,tbl_cn_day,5394,present
2025-04-02,basic,tbl_cn_stk_limit,5488,present
2025-04-02,basic,tbl_cn_suspend,14,present
2025-04-02,basic,tbl_cn_daily_basic,5394,present
2025-04-02,kpl,tbl_cn_kpl_list,77,present
2025-04-02,kpl,tbl_cn_limit_list,75,present
2025-04-02,index,tbl_cn_index_daily,12,present
2025-04-03,basic,tbl_cn_day,5393,present
2025-04-03,basic,tbl_cn_stk_limit,5488,present
2025-04-03,basic,tbl_cn_suspend,13,present
2025-04-03,basic,tbl_cn_daily_basic,5393,present
2025-04-03,kpl,tbl_cn_kpl_list,73,present
2025-04-03,kpl,tbl_cn_limit_list,91,present
2025-04-03,index,tbl_cn_index_daily,12,present
2025-04-07,basic,tbl_cn_day,5391,present
2025-04-07,basic,tbl_cn_stk_limit,5488,present
2025-04-07,basic,tbl_cn_suspend,15,present
2025-04-07,basic,tbl_cn_daily_basic,5391,present
2025-04-07,kpl,tbl_cn_kpl_list,31,present
2025-04-07,kpl,tbl_cn_limit_list,2836,present
2025-04-07,index,tbl_cn_index_daily,12,present
2025-04-08,basic,tbl_cn_day,5392,present
2025-04-08,basic,tbl_cn_stk_limit,5489,present
2025-04-08,basic,tbl_cn_suspend,19,present
2025-04-08,basic,tbl_cn_daily_basic,5392,present
2025-04-08,kpl,tbl_cn_kpl_list,145,present
2025-04-08,kpl,tbl_cn_limit_list,257,present
2025-04-08,index,tbl_cn_index_daily,12,present
2025-04-09,basic,tbl_cn_day,5395,present
2025-04-09,basic,tbl_cn_stk_limit,5490,present
2025-04-09,basic,tbl_cn_suspend,16,present
2025-04-09,basic,tbl_cn_daily_basic,5395,present
2025-04-09,kpl,tbl_cn_kpl_list,145,present
2025-04-09,kpl,tbl_cn_limit_list,159,present
2025-04-09,index,tbl_cn_index_daily,12,present
2025-04-10,basic,tbl_cn_day,5395,present
2025-04-10,basic,tbl_cn_stk_limit,5490,present
2025-04-10,basic,tbl_cn_suspend,14,present
2025-04-10,basic,tbl_cn_daily_basic,5395,present
2025-04-10,kpl,tbl_cn_kpl_list,223,present
2025-04-10,kpl,tbl_cn_limit_list,204,present
2025-04-10,index,tbl_cn_index_daily,12,present
2025-04-11,basic,tbl_cn_day,5394,present
2025-04-11,basic,tbl_cn_stk_limit,5491,present
2025-04-11,basic,tbl_cn_suspend,15,present
2025-04-11,basic,tbl_cn_daily_basic,5394,present
2025-04-11,kpl,tbl_cn_kpl_list,139,present
2025-04-11,kpl,tbl_cn_limit_list,124,present
2025-04-11,index,tbl_cn_index_daily,12,present
2025-04-14,basic,tbl_cn_day,5393,present
2025-04-14,basic,tbl_cn_stk_limit,5491,present
2025-04-14,basic,tbl_cn_suspend,17,present
2025-04-14,basic,tbl_cn_daily_basic,5393,present
2025-04-14,kpl,tbl_cn_kpl_list,166,present
2025-04-14,kpl,tbl_cn_limit_list,136,present
2025-04-14,index,tbl_cn_index_daily,12,present
2025-04-15,basic,tbl_cn_day,5391,present
2025-04-15,basic,tbl_cn_stk_limit,5492,present
2025-04-15,basic,tbl_cn_suspend,21,present
2025-04-15,basic,tbl_cn_daily_basic,5391,present
2025-04-15,kpl,tbl_cn_kpl_list,107,present
2025-04-15,kpl,tbl_cn_limit_list,91,present
2025-04-15,index,tbl_cn_index_daily,12,present
2025-04-16,basic,tbl_cn_day,5395,present
2025-04-16,basic,tbl_cn_stk_limit,5493,present
2025-04-16,basic,tbl_cn_suspend,20,present
2025-04-16,basic,tbl_cn_daily_basic,5395,present
2025-04-16,kpl,tbl_cn_kpl_list,73,present
2025-04-16,kpl,tbl_cn_limit_list,65,present
2025-04-16,index,tbl_cn_index_daily,12,present
2025-04-17,basic,tbl_cn_day,5395,present
2025-04-17,basic,tbl_cn_stk_limit,5494,present
2025-04-17,basic,tbl_cn_suspend,18,present
2025-04-17,basic,tbl_cn_daily_basic,5395,present
2025-04-17,kpl,tbl_cn_kpl_list,127,present
2025-04-17,kpl,tbl_cn_limit_list,112,present
2025-04-17,index,tbl_cn_index_daily,12,present
2025-04-18,basic,tbl_cn_day,5394,present
2025-04-18,basic,tbl_cn_stk_limit,5494,present
2025-04-18,basic,tbl_cn_suspend,21,present
2025-04-18,basic,tbl_cn_daily_basic,5394,present
2025-04-18,kpl,tbl_cn_kpl_list,91,present
2025-04-18,kpl,tbl_cn_limit_list,92,present
2025-04-18,index,tbl_cn_index_daily,12,present
2025-04-21,basic,tbl_cn_day,5394,present
2025-04-21,basic,tbl_cn_stk_limit,5494,present
2025-04-21,basic,tbl_cn_suspend,22,present
2025-04-21,basic,tbl_cn_daily_basic,5394,present
2025-04-21,kpl,tbl_cn_kpl_list,138,present
2025-04-21,kpl,tbl_cn_limit_list,131,present
2025-04-21,index,tbl_cn_index_daily,12,present
2025-04-22,basic,tbl_cn_day,5392,present
2025-04-22,basic,tbl_cn_stk_limit,5494,present
2025-04-22,basic,tbl_cn_suspend,25,present
2025-04-22,basic,tbl_cn_daily_basic,5392,present
2025-04-22,kpl,tbl_cn_kpl_list,118,present
2025-04-22,kpl,tbl_cn_limit_list,114,present
2025-04-22,index,tbl_cn_index_daily,12,present
2025-04-23,basic,tbl_cn_day,5394,present
2025-04-23,basic,tbl_cn_stk_limit,5494,present
2025-04-23,basic,tbl_cn_suspend,23,present
2025-04-23,basic,tbl_cn_daily_basic,5394,present
2025-04-23,kpl,tbl_cn_kpl_list,109,present
2025-04-23,kpl,tbl_cn_limit_list,114,present
2025-04-23,index,tbl_cn_index_daily,12,present
2025-04-24,basic,tbl_cn_day,5394,present
2025-04-24,basic,tbl_cn_stk_limit,5496,present
2025-04-24,basic,tbl_cn_suspend,24,present
2025-04-24,basic,tbl_cn_daily_basic,5394,present
2025-04-24,kpl,tbl_cn_kpl_list,92,present
2025-04-24,kpl,tbl_cn_limit_list,86,present
2025-04-24,index,tbl_cn_index_daily,12,present
2025-04-25,basic,tbl_cn_day,5393,present
2025-04-25,basic,tbl_cn_stk_limit,5497,present
2025-04-25,basic,tbl_cn_suspend,30,present
2025-04-25,basic,tbl_cn_daily_basic,5393,present
2025-04-25,kpl,tbl_cn_kpl_list,110,present
2025-04-25,kpl,tbl_cn_limit_list,113,present
2025-04-25,index,tbl_cn_index_daily,12,present
2025-04-28,basic,tbl_cn_day,5387,present
2025-04-28,basic,tbl_cn_stk_limit,5497,present
2025-04-28,basic,tbl_cn_suspend,38,present
2025-04-28,basic,tbl_cn_daily_basic,5387,present
2025-04-28,kpl,tbl_cn_kpl_list,74,present
2025-04-28,kpl,tbl_cn_limit_list,101,present
2025-04-28,index,tbl_cn_index_daily,12,present
2025-04-29,basic,tbl_cn_day,5361,present
2025-04-29,basic,tbl_cn_stk_limit,5497,present
2025-04-29,basic,tbl_cn_suspend,69,present
2025-04-29,basic,tbl_cn_daily_basic,5361,present
2025-04-29,kpl,tbl_cn_kpl_list,100,present
2025-04-29,kpl,tbl_cn_limit_list,108,present
2025-04-29,index,tbl_cn_index_daily,12,present
2025-04-30,basic,tbl_cn_day,5360,present
2025-04-30,basic,tbl_cn_stk_limit,5493,present
2025-04-30,basic,tbl_cn_suspend,92,present
2025-04-30,basic,tbl_cn_daily_basic,5360,present
2025-04-30,kpl,tbl_cn_kpl_list,130,present
2025-04-30,kpl,tbl_cn_limit_list,110,present
2025-04-30,index,tbl_cn_index_daily,12,present
2025-05-06,basic,tbl_cn_day,5386,present
2025-05-06,basic,tbl_cn_stk_limit,5493,present
2025-05-06,basic,tbl_cn_suspend,60,present
2025-05-06,basic,tbl_cn_daily_basic,5386,present
2025-05-06,kpl,tbl_cn_kpl_list,168,present
2025-05-06,kpl,tbl_cn_limit_list,122,present
2025-05-06,index,tbl_cn_index_daily,12,present
2025-05-07,basic,tbl_cn_day,5388,present
2025-05-07,basic,tbl_cn_stk_limit,5493,present
2025-05-07,basic,tbl_cn_suspend,26,present
2025-05-07,basic,tbl_cn_daily_basic,5388,present
2025-05-07,kpl,tbl_cn_kpl_list,155,present
2025-05-07,kpl,tbl_cn_limit_list,111,present
2025-05-07,index,tbl_cn_index_daily,12,present
2025-05-08,basic,tbl_cn_day,5389,present
2025-05-08,basic,tbl_cn_stk_limit,5493,present
2025-05-08,basic,tbl_cn_suspend,23,present
2025-05-08,basic,tbl_cn_daily_basic,5389,present
2025-05-08,kpl,tbl_cn_kpl_list,133,present
2025-05-08,kpl,tbl_cn_limit_list,93,present
2025-05-08,index,tbl_cn_index_daily,12,present
2025-05-09,basic,tbl_cn_day,5389,present
2025-05-09,basic,tbl_cn_stk_limit,5493,present
2025-05-09,basic,tbl_cn_suspend,22,present
2025-05-09,basic,tbl_cn_daily_basic,5389,present
2025-05-09,kpl,tbl_cn_kpl_list,102,present
2025-05-09,kpl,tbl_cn_limit_list,62,present
2025-05-09,index,tbl_cn_index_daily,12,present
2025-05-12,basic,tbl_cn_day,5389,present
2025-05-12,basic,tbl_cn_stk_limit,5493,present
2025-05-12,basic,tbl_cn_suspend,23,present
2025-05-12,basic,tbl_cn_daily_basic,5389,present
2025-05-12,kpl,tbl_cn_kpl_list,118,present
2025-05-12,kpl,tbl_cn_limit_list,75,present
2025-05-12,index,tbl_cn_index_daily,12,present
2025-05-13,basic,tbl_cn_day,5391,present
2025-05-13,basic,tbl_cn_stk_limit,5494,present
2025-05-13,basic,tbl_cn_suspend,23,present
2025-05-13,basic,tbl_cn_daily_basic,5391,present
2025-05-13,kpl,tbl_cn_kpl_list,102,present
2025-05-13,kpl,tbl_cn_limit_list,69,present
2025-05-13,index,tbl_cn_index_daily,12,present
2025-05-14,basic,tbl_cn_day,5391,present
2025-05-14,basic,tbl_cn_stk_limit,5494,present
2025-05-14,basic,tbl_cn_suspend,21,present
2025-05-14,basic,tbl_cn_daily_basic,5391,present
2025-05-14,kpl,tbl_cn_kpl_list,112,present
2025-05-14,kpl,tbl_cn_limit_list,84,present
2025-05-14,index,tbl_cn_index_daily,12,present
2025-05-15,basic,tbl_cn_day,5390,present
2025-05-15,basic,tbl_cn_stk_limit,5494,present
2025-05-15,basic,tbl_cn_suspend,22,present
2025-05-15,basic,tbl_cn_daily_basic,5390,present
2025-05-15,kpl,tbl_cn_kpl_list,109,present
2025-05-15,kpl,tbl_cn_limit_list,74,present
2025-05-15,index,tbl_cn_index_daily,12,present
2025-05-16,basic,tbl_cn_day,5391,present
2025-05-16,basic,tbl_cn_stk_limit,5496,present
2025-05-16,basic,tbl_cn_suspend,23,present
2025-05-16,basic,tbl_cn_daily_basic,5391,present
2025-05-16,kpl,tbl_cn_kpl_list,104,present
2025-05-16,kpl,tbl_cn_limit_list,87,present
2025-05-16,index,tbl_cn_index_daily,12,present
2025-05-19,basic,tbl_cn_day,5388,present
2025-05-19,basic,tbl_cn_stk_limit,5498,present
2025-05-19,basic,tbl_cn_suspend,31,present
2025-05-19,basic,tbl_cn_daily_basic,5388,present
2025-05-19,kpl,tbl_cn_kpl_list,153,present
2025-05-19,kpl,tbl_cn_limit_list,106,present
2025-05-19,index,tbl_cn_index_daily,12,present
2025-05-20,basic,tbl_cn_day,5394,present
2025-05-20,basic,tbl_cn_stk_limit,5498,present
2025-05-20,basic,tbl_cn_suspend,30,present
2025-05-20,basic,tbl_cn_daily_basic,5394,present
2025-05-20,kpl,tbl_cn_kpl_list,141,present
2025-05-20,kpl,tbl_cn_limit_list,115,present
2025-05-20,index,tbl_cn_index_daily,12,present
2025-05-21,basic,tbl_cn_day,5390,present
2025-05-21,basic,tbl_cn_stk_limit,5498,present
2025-05-21,basic,tbl_cn_suspend,26,present
2025-05-21,basic,tbl_cn_daily_basic,5390,present
2025-05-21,kpl,tbl_cn_kpl_list,107,present
2025-05-21,kpl,tbl_cn_limit_list,77,present
2025-05-21,index,tbl_cn_index_daily,12,present
2025-05-22,basic,tbl_cn_day,5386,present
2025-05-22,basic,tbl_cn_stk_limit,5497,present
2025-05-22,basic,tbl_cn_suspend,30,present
2025-05-22,basic,tbl_cn_daily_basic,5386,present
2025-05-22,kpl,tbl_cn_kpl_list,87,present
2025-05-22,kpl,tbl_cn_limit_list,79,present
2025-05-22,index,tbl_cn_index_daily,12,present
2025-05-23,basic,tbl_cn_day,5388,present
2025-05-23,basic,tbl_cn_stk_limit,5497,present
2025-05-23,basic,tbl_cn_suspend,30,present
2025-05-23,basic,tbl_cn_daily_basic,5388,present
2025-05-23,kpl,tbl_cn_kpl_list,81,present
2025-05-23,kpl,tbl_cn_limit_list,75,present
2025-05-23,index,tbl_cn_index_daily,12,present
2025-05-26,basic,tbl_cn_day,5385,present
2025-05-26,basic,tbl_cn_stk_limit,5497,present
2025-05-26,basic,tbl_cn_suspend,33,present
2025-05-26,basic,tbl_cn_daily_basic,5385,present
2025-05-26,kpl,tbl_cn_kpl_list,114,present
2025-05-26,kpl,tbl_cn_limit_list,86,present
2025-05-26,index,tbl_cn_index_daily,12,present
2025-05-27,basic,tbl_cn_day,5385,present
2025-05-27,basic,tbl_cn_stk_limit,5495,present
2025-05-27,basic,tbl_cn_suspend,29,present
2025-05-27,basic,tbl_cn_daily_basic,5385,present
2025-05-27,kpl,tbl_cn_kpl_list,127,present
2025-05-27,kpl,tbl_cn_limit_list,88,present
2025-05-27,index,tbl_cn_index_daily,12,present
2025-05-28,basic,tbl_cn_day,5383,present
2025-05-28,basic,tbl_cn_stk_limit,5495,present
2025-05-28,basic,tbl_cn_suspend,31,present
2025-05-28,basic,tbl_cn_daily_basic,5383,present
2025-05-28,kpl,tbl_cn_kpl_list,115,present
2025-05-28,kpl,tbl_cn_limit_list,83,present
2025-05-28,index,tbl_cn_index_daily,12,present
2025-05-29,basic,tbl_cn_day,5386,present
2025-05-29,basic,tbl_cn_stk_limit,5495,present
2025-05-29,basic,tbl_cn_suspend,30,present
2025-05-29,basic,tbl_cn_daily_basic,5386,present
2025-05-29,kpl,tbl_cn_kpl_list,144,present
2025-05-29,kpl,tbl_cn_limit_list,129,present
2025-05-29,index,tbl_cn_index_daily,12,present
2025-05-30,basic,tbl_cn_day,5384,present
2025-05-30,basic,tbl_cn_stk_limit,5495,present
2025-05-30,basic,tbl_cn_suspend,30,present
2025-05-30,basic,tbl_cn_daily_basic,5384,present
2025-05-30,kpl,tbl_cn_kpl_list,79,present
2025-05-30,kpl,tbl_cn_limit_list,79,present
2025-05-30,index,tbl_cn_index_daily,12,present
2025-06-03,basic,tbl_cn_day,5380,present
2025-06-03,basic,tbl_cn_stk_limit,5495,present
2025-06-03,basic,tbl_cn_suspend,35,present
2025-06-03,basic,tbl_cn_daily_basic,5380,present
2025-06-03,kpl,tbl_cn_kpl_list,116,present
2025-06-03,kpl,tbl_cn_limit_list,105,present
2025-06-03,index,tbl_cn_index_daily,12,present
2025-06-04,basic,tbl_cn_day,5386,present
2025-06-04,basic,tbl_cn_stk_limit,5495,present
2025-06-04,basic,tbl_cn_suspend,35,present
2025-06-04,basic,tbl_cn_daily_basic,5386,present
2025-06-04,kpl,tbl_cn_kpl_list,122,present
2025-06-04,kpl,tbl_cn_limit_list,98,present
2025-06-04,index,tbl_cn_index_daily,12,present
2025-06-05,basic,tbl_cn_day,5388,present
2025-06-05,basic,tbl_cn_stk_limit,5497,present
2025-06-05,basic,tbl_cn_suspend,30,present
2025-06-05,basic,tbl_cn_daily_basic,5388,present
2025-06-05,kpl,tbl_cn_kpl_list,107,present
2025-06-05,kpl,tbl_cn_limit_list,94,present
2025-06-05,index,tbl_cn_index_daily,12,present
2025-06-06,basic,tbl_cn_day,5391,present
2025-06-06,basic,tbl_cn_stk_limit,5497,present
2025-06-06,basic,tbl_cn_suspend,28,present
2025-06-06,basic,tbl_cn_daily_basic,5391,present
2025-06-06,kpl,tbl_cn_kpl_list,94,present
2025-06-06,kpl,tbl_cn_limit_list,78,present
2025-06-06,index,tbl_cn_index_daily,12,present
2025-06-09,basic,tbl_cn_day,5387,present
2025-06-09,basic,tbl_cn_stk_limit,5497,present
2025-06-09,basic,tbl_cn_suspend,28,present
2025-06-09,basic,tbl_cn_daily_basic,5387,present
2025-06-09,kpl,tbl_cn_kpl_list,128,present
2025-06-09,kpl,tbl_cn_limit_list,104,present
2025-06-09,index,tbl_cn_index_daily,12,present
2025-06-10,basic,tbl_cn_day,5395,present
2025-06-10,basic,tbl_cn_stk_limit,5498,present
2025-06-10,basic,tbl_cn_suspend,32,present
2025-06-10,basic,tbl_cn_daily_basic,5395,present
2025-06-10,kpl,tbl_cn_kpl_list,95,present
2025-06-10,kpl,tbl_cn_limit_list,77,present
2025-06-10,index,tbl_cn_index_daily,12,present
2025-06-11,basic,tbl_cn_day,5398,present
2025-06-11,basic,tbl_cn_stk_limit,5499,present
2025-06-11,basic,tbl_cn_suspend,21,present
2025-06-11,basic,tbl_cn_daily_basic,5398,present
2025-06-11,kpl,tbl_cn_kpl_list,105,present
2025-06-11,kpl,tbl_cn_limit_list,86,present
2025-06-11,index,tbl_cn_index_daily,12,present
2025-06-12,basic,tbl_cn_day,5398,present
2025-06-12,basic,tbl_cn_stk_limit,5500,present
2025-06-12,basic,tbl_cn_suspend,22,present
2025-06-12,basic,tbl_cn_daily_basic,5398,present
2025-06-12,kpl,tbl_cn_kpl_list,93,present
2025-06-12,kpl,tbl_cn_limit_list,82,present
2025-06-12,index,tbl_cn_index_daily,12,present
2025-06-13,basic,tbl_cn_day,5398,present
2025-06-13,basic,tbl_cn_stk_limit,5500,present
2025-06-13,basic,tbl_cn_suspend,23,present
2025-06-13,basic,tbl_cn_daily_basic,5398,present
2025-06-13,kpl,tbl_cn_kpl_list,80,present
2025-06-13,kpl,tbl_cn_limit_list,73,present
2025-06-13,index,tbl_cn_index_daily,12,present
2025-06-16,basic,tbl_cn_day,5400,present
2025-06-16,basic,tbl_cn_stk_limit,5500,present
2025-06-16,basic,tbl_cn_suspend,23,present
2025-06-16,basic,tbl_cn_daily_basic,5400,present
2025-06-16,kpl,tbl_cn_kpl_list,98,present
2025-06-16,kpl,tbl_cn_limit_list,81,present
2025-06-16,index,tbl_cn_index_daily,12,present
2025-06-17,basic,tbl_cn_day,5406,present
2025-06-17,basic,tbl_cn_stk_limit,5500,present
2025-06-17,basic,tbl_cn_suspend,18,present
2025-06-17,basic,tbl_cn_daily_basic,5406,present
2025-06-17,kpl,tbl_cn_kpl_list,86,present
2025-06-17,kpl,tbl_cn_limit_list,72,present
2025-06-17,index,tbl_cn_index_daily,12,present
2025-06-18,basic,tbl_cn_day,5406,present
2025-06-18,basic,tbl_cn_stk_limit,5500,present
2025-06-18,basic,tbl_cn_suspend,12,present
2025-06-18,basic,tbl_cn_daily_basic,5406,present
2025-06-18,kpl,tbl_cn_kpl_list,69,present
2025-06-18,kpl,tbl_cn_limit_list,67,present
2025-06-18,index,tbl_cn_index_daily,12,present
2025-06-19,basic,tbl_cn_day,5405,present
2025-06-19,basic,tbl_cn_stk_limit,5500,present
2025-06-19,basic,tbl_cn_suspend,13,present
2025-06-19,basic,tbl_cn_daily_basic,5405,present
2025-06-19,kpl,tbl_cn_kpl_list,57,present
2025-06-19,kpl,tbl_cn_limit_list,60,present
2025-06-19,index,tbl_cn_index_daily,12,present
2025-06-20,basic,tbl_cn_day,5407,present
2025-06-20,basic,tbl_cn_stk_limit,5502,present
2025-06-20,basic,tbl_cn_suspend,15,present
2025-06-20,basic,tbl_cn_daily_basic,5407,present
2025-06-20,kpl,tbl_cn_kpl_list,66,present
2025-06-20,kpl,tbl_cn_limit_list,69,present
2025-06-20,index,tbl_cn_index_daily,12,present
2025-06-23,basic,tbl_cn_day,5402,present
2025-06-23,basic,tbl_cn_stk_limit,5502,present
2025-06-23,basic,tbl_cn_suspend,18,present
2025-06-23,basic,tbl_cn_daily_basic,5402,present
2025-06-23,kpl,tbl_cn_kpl_list,101,present
2025-06-23,kpl,tbl_cn_limit_list,87,present
2025-06-23,index,tbl_cn_index_daily,12,present
2025-06-24,basic,tbl_cn_day,5406,present
2025-06-24,basic,tbl_cn_stk_limit,5502,present
2025-06-24,basic,tbl_cn_suspend,19,present
2025-06-24,basic,tbl_cn_daily_basic,5406,present
2025-06-24,kpl,tbl_cn_kpl_list,103,present
2025-06-24,kpl,tbl_cn_limit_list,109,present
2025-06-24,index,tbl_cn_index_daily,12,present
2025-06-25,basic,tbl_cn_day,5407,present
2025-06-25,basic,tbl_cn_stk_limit,5502,present
2025-06-25,basic,tbl_cn_suspend,16,present
2025-06-25,basic,tbl_cn_daily_basic,5407,present
2025-06-25,kpl,tbl_cn_kpl_list,96,present
2025-06-25,kpl,tbl_cn_limit_list,88,present
2025-06-25,index,tbl_cn_index_daily,12,present
2025-06-26,basic,tbl_cn_day,5410,present
2025-06-26,basic,tbl_cn_stk_limit,5503,present
2025-06-26,basic,tbl_cn_suspend,13,present
2025-06-26,basic,tbl_cn_daily_basic,5410,present
2025-06-26,kpl,tbl_cn_kpl_list,97,present
2025-06-26,kpl,tbl_cn_limit_list,88,present
2025-06-26,index,tbl_cn_index_daily,12,present
2025-06-27,basic,tbl_cn_day,5405,present
2025-06-27,basic,tbl_cn_stk_limit,5502,present
2025-06-27,basic,tbl_cn_suspend,16,present
2025-06-27,basic,tbl_cn_daily_basic,5405,present
2025-06-27,kpl,tbl_cn_kpl_list,89,present
2025-06-27,kpl,tbl_cn_limit_list,83,present
2025-06-27,index,tbl_cn_index_daily,12,present
2025-06-30,basic,tbl_cn_day,5405,present
2025-06-30,basic,tbl_cn_stk_limit,5502,present
2025-06-30,basic,tbl_cn_suspend,19,present
2025-06-30,basic,tbl_cn_daily_basic,5405,present
2025-06-30,kpl,tbl_cn_kpl_list,112,present
2025-06-30,kpl,tbl_cn_limit_list,97,present
2025-06-30,index,tbl_cn_index_daily,12,present
2025-07-01,basic,tbl_cn_day,5404,present
2025-07-01,basic,tbl_cn_stk_limit,5503,present
2025-07-01,basic,tbl_cn_suspend,18,present
2025-07-01,basic,tbl_cn_daily_basic,5404,present
2025-07-01,kpl,tbl_cn_kpl_list,105,present
2025-07-01,kpl,tbl_cn_limit_list,96,present
2025-07-01,index,tbl_cn_index_daily,12,present
2025-07-02,basic,tbl_cn_day,5403,present
2025-07-02,basic,tbl_cn_stk_limit,5503,present
2025-07-02,basic,tbl_cn_suspend,19,present
2025-07-02,basic,tbl_cn_daily_basic,5403,present
2025-07-02,kpl,tbl_cn_kpl_list,81,present
2025-07-02,kpl,tbl_cn_limit_list,84,present
2025-07-02,index,tbl_cn_index_daily,12,present
2025-07-03,basic,tbl_cn_day,5403,present
2025-07-03,basic,tbl_cn_stk_limit,5501,present
2025-07-03,basic,tbl_cn_suspend,17,present
2025-07-03,basic,tbl_cn_daily_basic,5403,present
2025-07-03,kpl,tbl_cn_kpl_list,85,present
2025-07-03,kpl,tbl_cn_limit_list,78,present
2025-07-03,index,tbl_cn_index_daily,12,present
2025-07-04,basic,tbl_cn_day,5405,present
2025-07-04,basic,tbl_cn_stk_limit,5499,present
2025-07-04,basic,tbl_cn_suspend,17,present
2025-07-04,basic,tbl_cn_daily_basic,5405,present
2025-07-04,kpl,tbl_cn_kpl_list,66,present
2025-07-04,kpl,tbl_cn_limit_list,72,present
2025-07-04,index,tbl_cn_index_daily,12,present
2025-07-07,basic,tbl_cn_day,5403,present
2025-07-07,basic,tbl_cn_stk_limit,5499,present
2025-07-07,basic,tbl_cn_suspend,18,present
2025-07-07,basic,tbl_cn_daily_basic,5403,present
2025-07-07,kpl,tbl_cn_kpl_list,89,present
2025-07-07,kpl,tbl_cn_limit_list,80,present
2025-07-07,index,tbl_cn_index_daily,12,present
2025-07-08,basic,tbl_cn_day,5403,present
2025-07-08,basic,tbl_cn_stk_limit,5500,present
2025-07-08,basic,tbl_cn_suspend,20,present
2025-07-08,basic,tbl_cn_daily_basic,5403,present
2025-07-08,kpl,tbl_cn_kpl_list,95,present
2025-07-08,kpl,tbl_cn_limit_list,83,present
2025-07-08,index,tbl_cn_index_daily,12,present
2025-07-09,basic,tbl_cn_day,5406,present
2025-07-09,basic,tbl_cn_stk_limit,5500,present
2025-07-09,basic,tbl_cn_suspend,17,present
2025-07-09,basic,tbl_cn_daily_basic,5406,present
2025-07-09,kpl,tbl_cn_kpl_list,93,present
2025-07-09,kpl,tbl_cn_limit_list,86,present
2025-07-09,index,tbl_cn_index_daily,12,present
2025-07-10,basic,tbl_cn_day,5406,present
2025-07-10,basic,tbl_cn_stk_limit,5501,present
2025-07-10,basic,tbl_cn_suspend,16,present
2025-07-10,basic,tbl_cn_daily_basic,5406,present
2025-07-10,kpl,tbl_cn_kpl_list,86,present
2025-07-10,kpl,tbl_cn_limit_list,87,present
2025-07-10,index,tbl_cn_index_daily,12,present
2025-07-11,basic,tbl_cn_day,5409,present
2025-07-11,basic,tbl_cn_stk_limit,5499,present
2025-07-11,basic,tbl_cn_suspend,14,present
2025-07-11,basic,tbl_cn_daily_basic,5409,present
2025-07-11,kpl,tbl_cn_kpl_list,96,present
2025-07-11,kpl,tbl_cn_limit_list,94,present
2025-07-11,index,tbl_cn_index_daily,12,present
2025-07-14,basic,tbl_cn_day,5408,present
2025-07-14,basic,tbl_cn_stk_limit,5499,present
2025-07-14,basic,tbl_cn_suspend,13,present
2025-07-14,basic,tbl_cn_daily_basic,5408,present
2025-07-14,kpl,tbl_cn_kpl_list,95,present
2025-07-14,kpl,tbl_cn_limit_list,93,present
2025-07-14,index,tbl_cn_index_daily,12,present
2025-07-15,basic,tbl_cn_day,5408,present
2025-07-15,basic,tbl_cn_stk_limit,5499,present
2025-07-15,basic,tbl_cn_suspend,13,present
2025-07-15,basic,tbl_cn_daily_basic,5408,present
2025-07-15,kpl,tbl_cn_kpl_list,73,present
2025-07-15,kpl,tbl_cn_limit_list,81,present
2025-07-15,index,tbl_cn_index_daily,12,present
2025-07-16,basic,tbl_cn_day,5407,present
2025-07-16,basic,tbl_cn_stk_limit,5499,present
2025-07-16,basic,tbl_cn_suspend,14,present
2025-07-16,basic,tbl_cn_daily_basic,5407,present
2025-07-16,kpl,tbl_cn_kpl_list,91,present
2025-07-16,kpl,tbl_cn_limit_list,80,present
2025-07-16,index,tbl_cn_index_daily,12,present
2025-07-17,basic,tbl_cn_day,5407,present
2025-07-17,basic,tbl_cn_stk_limit,5499,present
2025-07-17,basic,tbl_cn_suspend,12,present
2025-07-17,basic,tbl_cn_daily_basic,5407,present
2025-07-17,kpl,tbl_cn_kpl_list,95,present
2025-07-17,kpl,tbl_cn_limit_list,86,present
2025-07-17,index,tbl_cn_index_daily,12,present
2025-07-18,basic,tbl_cn_day,5406,present
2025-07-18,basic,tbl_cn_stk_limit,5499,present
2025-07-18,basic,tbl_cn_suspend,13,present
2025-07-18,basic,tbl_cn_daily_basic,5406,present
2025-07-18,kpl,tbl_cn_kpl_list,72,present
2025-07-18,kpl,tbl_cn_limit_list,67,present
2025-07-18,index,tbl_cn_index_daily,12,present
2025-07-21,basic,tbl_cn_day,5404,present
2025-07-21,basic,tbl_cn_stk_limit,5497,present
2025-07-21,basic,tbl_cn_suspend,16,present
2025-07-21,basic,tbl_cn_daily_basic,5404,present
2025-07-21,kpl,tbl_cn_kpl_list,146,present
2025-07-21,kpl,tbl_cn_limit_list,143,present
2025-07-21,index,tbl_cn_index_daily,12,present
2025-07-22,basic,tbl_cn_day,5402,present
2025-07-22,basic,tbl_cn_stk_limit,5497,present
2025-07-22,basic,tbl_cn_suspend,15,present
2025-07-22,basic,tbl_cn_daily_basic,5402,present
2025-07-22,kpl,tbl_cn_kpl_list,124,present
2025-07-22,kpl,tbl_cn_limit_list,121,present
2025-07-22,index,tbl_cn_index_daily,12,present
2025-07-23,basic,tbl_cn_day,5406,present
2025-07-23,basic,tbl_cn_stk_limit,5499,present
2025-07-23,basic,tbl_cn_suspend,14,present
2025-07-23,basic,tbl_cn_daily_basic,5406,present
2025-07-23,kpl,tbl_cn_kpl_list,111,present
2025-07-23,kpl,tbl_cn_limit_list,111,present
2025-07-23,index,tbl_cn_index_daily,12,present
2025-07-24,basic,tbl_cn_day,5405,present
2025-07-24,basic,tbl_cn_stk_limit,5499,present
2025-07-24,basic,tbl_cn_suspend,13,present
2025-07-24,basic,tbl_cn_daily_basic,5405,present
2025-07-24,kpl,tbl_cn_kpl_list,101,present
2025-07-24,kpl,tbl_cn_limit_list,92,present
2025-07-24,index,tbl_cn_index_daily,12,present
2025-07-25,basic,tbl_cn_day,5407,present
2025-07-25,basic,tbl_cn_stk_limit,5497,present
2025-07-25,basic,tbl_cn_suspend,12,present
2025-07-25,basic,tbl_cn_daily_basic,5407,present
2025-07-25,kpl,tbl_cn_kpl_list,80,present
2025-07-25,kpl,tbl_cn_limit_list,82,present
2025-07-25,index,tbl_cn_index_daily,12,present
2025-07-28,basic,tbl_cn_day,5408,present
2025-07-28,basic,tbl_cn_stk_limit,5497,present
2025-07-28,basic,tbl_cn_suspend,11,present
2025-07-28,basic,tbl_cn_daily_basic,5408,present
2025-07-28,kpl,tbl_cn_kpl_list,85,present
2025-07-28,kpl,tbl_cn_limit_list,79,present
2025-07-28,index,tbl_cn_index_daily,12,present
2025-07-29,basic,tbl_cn_day,5412,present
2025-07-29,basic,tbl_cn_stk_limit,5497,present
2025-07-29,basic,tbl_cn_suspend,10,present
2025-07-29,basic,tbl_cn_daily_basic,5412,present
2025-07-29,kpl,tbl_cn_kpl_list,73,present
2025-07-29,kpl,tbl_cn_limit_list,67,present
2025-07-29,index,tbl_cn_index_daily,12,present
2025-07-30,basic,tbl_cn_day,5412,present
2025-07-30,basic,tbl_cn_stk_limit,5498,present
2025-07-30,basic,tbl_cn_suspend,8,present
2025-07-30,basic,tbl_cn_daily_basic,5412,present
2025-07-30,kpl,tbl_cn_kpl_list,75,present
2025-07-30,kpl,tbl_cn_limit_list,74,present
2025-07-30,index,tbl_cn_index_daily,12,present
2025-07-31,basic,tbl_cn_day,5409,present
2025-07-31,basic,tbl_cn_stk_limit,5499,present
2025-07-31,basic,tbl_cn_suspend,11,present
2025-07-31,basic,tbl_cn_daily_basic,5409,present
2025-07-31,kpl,tbl_cn_kpl_list,84,present
2025-07-31,kpl,tbl_cn_limit_list,77,present
2025-07-31,index,tbl_cn_index_daily,12,present
2025-08-01,basic,tbl_cn_day,5410,present
2025-08-01,basic,tbl_cn_stk_limit,5499,present
2025-08-01,basic,tbl_cn_suspend,10,present
2025-08-01,basic,tbl_cn_daily_basic,5410,present
2025-08-01,kpl,tbl_cn_kpl_list,78,present
2025-08-01,kpl,tbl_cn_limit_list,76,present
2025-08-01,index,tbl_cn_index_daily,12,present
2025-08-04,basic,tbl_cn_day,5407,present
2025-08-04,basic,tbl_cn_stk_limit,5499,present
2025-08-04,basic,tbl_cn_suspend,12,present
2025-08-04,basic,tbl_cn_daily_basic,5407,present
2025-08-04,kpl,tbl_cn_kpl_list,89,present
2025-08-04,kpl,tbl_cn_limit_list,76,present
2025-08-04,index,tbl_cn_index_daily,12,present
2025-08-05,basic,tbl_cn_day,5408,present
2025-08-05,basic,tbl_cn_stk_limit,5499,present
2025-08-05,basic,tbl_cn_suspend,13,present
2025-08-05,basic,tbl_cn_daily_basic,5408,present
2025-08-05,kpl,tbl_cn_kpl_list,89,present
2025-08-05,kpl,tbl_cn_limit_list,72,present
2025-08-05,index,tbl_cn_index_daily,12,present
2025-08-06,basic,tbl_cn_day,5410,present
2025-08-06,basic,tbl_cn_stk_limit,5500,present
2025-08-06,basic,tbl_cn_suspend,11,present
2025-08-06,basic,tbl_cn_daily_basic,5410,present
2025-08-06,kpl,tbl_cn_kpl_list,101,present
2025-08-06,kpl,tbl_cn_limit_list,83,present
2025-08-06,index,tbl_cn_index_daily,12,present
2025-08-07,basic,tbl_cn_day,5409,present
2025-08-07,basic,tbl_cn_stk_limit,5500,present
2025-08-07,basic,tbl_cn_suspend,12,present
2025-08-07,basic,tbl_cn_daily_basic,5409,present
2025-08-07,kpl,tbl_cn_kpl_list,93,present
2025-08-07,kpl,tbl_cn_limit_list,82,present
2025-08-07,index,tbl_cn_index_daily,12,present
2025-08-08,basic,tbl_cn_day,5411,present
2025-08-08,basic,tbl_cn_stk_limit,5502,present
2025-08-08,basic,tbl_cn_suspend,11,present
2025-08-08,basic,tbl_cn_daily_basic,5411,present
2025-08-08,kpl,tbl_cn_kpl_list,103,present
2025-08-08,kpl,tbl_cn_limit_list,87,present
2025-08-08,index,tbl_cn_index_daily,12,present
2025-08-11,basic,tbl_cn_day,5413,present
2025-08-11,basic,tbl_cn_stk_limit,5502,present
2025-08-11,basic,tbl_cn_suspend,12,present
2025-08-11,basic,tbl_cn_daily_basic,5413,present
2025-08-11,kpl,tbl_cn_kpl_list,116,present
2025-08-11,kpl,tbl_cn_limit_list,110,present
2025-08-11,index,tbl_cn_index_daily,12,present
2025-08-12,basic,tbl_cn_day,5416,present
2025-08-12,basic,tbl_cn_stk_limit,5503,present
2025-08-12,basic,tbl_cn_suspend,9,present
2025-08-12,basic,tbl_cn_daily_basic,5416,present
2025-08-12,kpl,tbl_cn_kpl_list,92,present
2025-08-12,kpl,tbl_cn_limit_list,76,present
2025-08-12,index,tbl_cn_index_daily,12,present
2025-08-13,basic,tbl_cn_day,5412,present
2025-08-13,basic,tbl_cn_stk_limit,5503,present
2025-08-13,basic,tbl_cn_suspend,14,present
2025-08-13,basic,tbl_cn_daily_basic,5412,present
2025-08-13,kpl,tbl_cn_kpl_list,130,present
2025-08-13,kpl,tbl_cn_limit_list,120,present
2025-08-13,index,tbl_cn_index_daily,12,present
2025-08-14,basic,tbl_cn_day,5413,present
2025-08-14,basic,tbl_cn_stk_limit,5504,present
2025-08-14,basic,tbl_cn_suspend,13,present
2025-08-14,basic,tbl_cn_daily_basic,5413,present
2025-08-14,kpl,tbl_cn_kpl_list,86,present
2025-08-14,kpl,tbl_cn_limit_list,85,present
2025-08-14,index,tbl_cn_index_daily,12,present
2025-08-15,basic,tbl_cn_day,5412,present
2025-08-15,basic,tbl_cn_stk_limit,5504,present
2025-08-15,basic,tbl_cn_suspend,12,present
2025-08-15,basic,tbl_cn_daily_basic,5412,present
2025-08-15,kpl,tbl_cn_kpl_list,135,present
2025-08-15,kpl,tbl_cn_limit_list,116,present
2025-08-15,index,tbl_cn_index_daily,12,present
2025-08-18,basic,tbl_cn_day,5410,present
2025-08-18,basic,tbl_cn_stk_limit,5504,present
2025-08-18,basic,tbl_cn_suspend,15,present
2025-08-18,basic,tbl_cn_daily_basic,5410,present
2025-08-18,kpl,tbl_cn_kpl_list,162,present
2025-08-18,kpl,tbl_cn_limit_list,152,present
2025-08-18,index,tbl_cn_index_daily,12,present
2025-08-19,basic,tbl_cn_day,5413,present
2025-08-19,basic,tbl_cn_stk_limit,5504,present
2025-08-19,basic,tbl_cn_suspend,14,present
2025-08-19,basic,tbl_cn_daily_basic,5413,present
2025-08-19,kpl,tbl_cn_kpl_list,140,present
2025-08-19,kpl,tbl_cn_limit_list,125,present
2025-08-19,index,tbl_cn_index_daily,12,present
2025-08-20,basic,tbl_cn_day,5411,present
2025-08-20,basic,tbl_cn_stk_limit,5505,present
2025-08-20,basic,tbl_cn_suspend,14,present
2025-08-20,basic,tbl_cn_daily_basic,5411,present
2025-08-20,kpl,tbl_cn_kpl_list,127,present
2025-08-20,kpl,tbl_cn_limit_list,118,present
2025-08-20,index,tbl_cn_index_daily,12,present
2025-08-21,basic,tbl_cn_day,5414,present
2025-08-21,basic,tbl_cn_stk_limit,5505,present
2025-08-21,basic,tbl_cn_suspend,14,present
2025-08-21,basic,tbl_cn_daily_basic,5414,present
2025-08-21,kpl,tbl_cn_kpl_list,91,present
2025-08-21,kpl,tbl_cn_limit_list,82,present
2025-08-21,index,tbl_cn_index_daily,12,present
2025-08-22,basic,tbl_cn_day,5415,present
2025-08-22,basic,tbl_cn_stk_limit,5506,present
2025-08-22,basic,tbl_cn_suspend,12,present
2025-08-22,basic,tbl_cn_daily_basic,5415,present
2025-08-22,kpl,tbl_cn_kpl_list,93,present
2025-08-22,kpl,tbl_cn_limit_list,80,present
2025-08-22,index,tbl_cn_index_daily,12,present
2025-08-25,basic,tbl_cn_day,5415,present
2025-08-25,basic,tbl_cn_stk_limit,5506,present
2025-08-25,basic,tbl_cn_suspend,13,present
2025-08-25,basic,tbl_cn_daily_basic,5415,present
2025-08-25,kpl,tbl_cn_kpl_list,132,present
2025-08-25,kpl,tbl_cn_limit_list,119,present
2025-08-25,index,tbl_cn_index_daily,12,present
2025-08-26,basic,tbl_cn_day,5416,present
2025-08-26,basic,tbl_cn_stk_limit,5506,present
2025-08-26,basic,tbl_cn_suspend,13,present
2025-08-26,basic,tbl_cn_daily_basic,5416,present
2025-08-26,kpl,tbl_cn_kpl_list,119,present
2025-08-26,kpl,tbl_cn_limit_list,97,present
2025-08-26,index,tbl_cn_index_daily,12,present
2025-08-27,basic,tbl_cn_day,5417,present
2025-08-27,basic,tbl_cn_stk_limit,5506,present
2025-08-27,basic,tbl_cn_suspend,11,present
2025-08-27,basic,tbl_cn_daily_basic,5417,present
2025-08-27,kpl,tbl_cn_kpl_list,108,present
2025-08-27,kpl,tbl_cn_limit_list,93,present
2025-08-27,index,tbl_cn_index_daily,12,present
2025-08-28,basic,tbl_cn_day,5417,present
2025-08-28,basic,tbl_cn_stk_limit,5507,present
2025-08-28,basic,tbl_cn_suspend,11,present
2025-08-28,basic,tbl_cn_daily_basic,5417,present
2025-08-28,kpl,tbl_cn_kpl_list,90,present
2025-08-28,kpl,tbl_cn_limit_list,81,present
2025-08-28,index,tbl_cn_index_daily,12,present
2025-08-29,basic,tbl_cn_day,5414,present
2025-08-29,basic,tbl_cn_stk_limit,5507,present
2025-08-29,basic,tbl_cn_suspend,13,present
2025-08-29,basic,tbl_cn_daily_basic,5414,present
2025-08-29,kpl,tbl_cn_kpl_list,97,present
2025-08-29,kpl,tbl_cn_limit_list,92,present
2025-08-29,index,tbl_cn_index_daily,12,present
2025-09-01,basic,tbl_cn_day,5414,present
2025-09-01,basic,tbl_cn_stk_limit,5507,present
2025-09-01,basic,tbl_cn_suspend,15,present
2025-09-01,basic,tbl_cn_daily_basic,5414,present
2025-09-01,kpl,tbl_cn_kpl_list,151,present
2025-09-01,kpl,tbl_cn_limit_list,133,present
2025-09-01,index,tbl_cn_index_daily,12,present
2025-09-02,basic,tbl_cn_day,5415,present
2025-09-02,basic,tbl_cn_stk_limit,5507,present
2025-09-02,basic,tbl_cn_suspend,13,present
2025-09-02,basic,tbl_cn_daily_basic,5415,present
2025-09-02,kpl,tbl_cn_kpl_list,93,present
2025-09-02,kpl,tbl_cn_limit_list,102,present
2025-09-02,index,tbl_cn_index_daily,12,present
2025-09-03,basic,tbl_cn_day,5417,present
2025-09-03,basic,tbl_cn_stk_limit,5507,present
2025-09-03,basic,tbl_cn_suspend,12,present
2025-09-03,basic,tbl_cn_daily_basic,5417,present
2025-09-03,kpl,tbl_cn_kpl_list,83,present
2025-09-03,kpl,tbl_cn_limit_list,84,present
2025-09-03,index,tbl_cn_index_daily,12,present
2025-09-04,basic,tbl_cn_day,5416,present
2025-09-04,basic,tbl_cn_stk_limit,5507,present
2025-09-04,basic,tbl_cn_suspend,11,present
2025-09-04,basic,tbl_cn_daily_basic,5416,present
2025-09-04,kpl,tbl_cn_kpl_list,71,present
2025-09-04,kpl,tbl_cn_limit_list,102,present
2025-09-04,index,tbl_cn_index_daily,12,present
2025-09-05,basic,tbl_cn_day,5417,present
2025-09-05,basic,tbl_cn_stk_limit,5507,present
2025-09-05,basic,tbl_cn_suspend,11,present
2025-09-05,basic,tbl_cn_daily_basic,5417,present
2025-09-05,kpl,tbl_cn_kpl_list,120,present
2025-09-05,kpl,tbl_cn_limit_list,115,present
2025-09-05,index,tbl_cn_index_daily,12,present
2025-09-08,basic,tbl_cn_day,5419,present
2025-09-08,basic,tbl_cn_stk_limit,5508,present
2025-09-08,basic,tbl_cn_suspend,11,present
2025-09-08,basic,tbl_cn_daily_basic,5419,present
2025-09-08,kpl,tbl_cn_kpl_list,113,present
2025-09-08,kpl,tbl_cn_limit_list,98,present
2025-09-08,index,tbl_cn_index_daily,12,present
2025-09-09,basic,tbl_cn_day,5420,present
2025-09-09,basic,tbl_cn_stk_limit,5508,present
2025-09-09,basic,tbl_cn_suspend,11,present
2025-09-09,basic,tbl_cn_daily_basic,5420,present
2025-09-09,kpl,tbl_cn_kpl_list,91,present
2025-09-09,kpl,tbl_cn_limit_list,74,present
2025-09-09,index,tbl_cn_index_daily,12,present
2025-09-10,basic,tbl_cn_day,5422,present
2025-09-10,basic,tbl_cn_stk_limit,5509,present
2025-09-10,basic,tbl_cn_suspend,8,present
2025-09-10,basic,tbl_cn_daily_basic,5422,present
2025-09-10,kpl,tbl_cn_kpl_list,91,present
2025-09-10,kpl,tbl_cn_limit_list,72,present
2025-09-10,index,tbl_cn_index_daily,12,present
2025-09-11,basic,tbl_cn_day,5421,present
2025-09-11,basic,tbl_cn_stk_limit,5509,present
2025-09-11,basic,tbl_cn_suspend,10,present
2025-09-11,basic,tbl_cn_daily_basic,5421,present
2025-09-11,kpl,tbl_cn_kpl_list,111,present
2025-09-11,kpl,tbl_cn_limit_list,104,present
2025-09-11,index,tbl_cn_index_daily,12,present
2025-09-12,basic,tbl_cn_day,5424,present
2025-09-12,basic,tbl_cn_stk_limit,5509,present
2025-09-12,basic,tbl_cn_suspend,8,present
2025-09-12,basic,tbl_cn_daily_basic,5424,present
2025-09-12,kpl,tbl_cn_kpl_list,100,present
2025-09-12,kpl,tbl_cn_limit_list,90,present
2025-09-12,index,tbl_cn_index_daily,12,present
2025-09-15,basic,tbl_cn_day,5422,present
2025-09-15,basic,tbl_cn_stk_limit,5509,present
2025-09-15,basic,tbl_cn_suspend,8,present
2025-09-15,basic,tbl_cn_daily_basic,5422,present
2025-09-15,kpl,tbl_cn_kpl_list,113,present
2025-09-15,kpl,tbl_cn_limit_list,98,present
2025-09-15,index,tbl_cn_index_daily,12,present
2025-09-16,basic,tbl_cn_day,5422,present
2025-09-16,basic,tbl_cn_stk_limit,5509,present
2025-09-16,basic,tbl_cn_suspend,8,present
2025-09-16,basic,tbl_cn_daily_basic,5422,present
2025-09-16,kpl,tbl_cn_kpl_list,119,present
2025-09-16,kpl,tbl_cn_limit_list,99,present
2025-09-16,index,tbl_cn_index_daily,12,present
2025-09-17,basic,tbl_cn_day,5421,present
2025-09-17,basic,tbl_cn_stk_limit,5509,present
2025-09-17,basic,tbl_cn_suspend,8,present
2025-09-17,basic,tbl_cn_daily_basic,5421,present
2025-09-17,kpl,tbl_cn_kpl_list,108,present
2025-09-17,kpl,tbl_cn_limit_list,92,present
2025-09-17,index,tbl_cn_index_daily,12,present
2025-09-18,basic,tbl_cn_day,5420,present
2025-09-18,basic,tbl_cn_stk_limit,5509,present
2025-09-18,basic,tbl_cn_suspend,10,present
2025-09-18,basic,tbl_cn_daily_basic,5420,present
2025-09-18,kpl,tbl_cn_kpl_list,128,present
2025-09-18,kpl,tbl_cn_limit_list,117,present
2025-09-18,index,tbl_cn_index_daily,12,present
2025-09-19,basic,tbl_cn_day,5422,present
2025-09-19,basic,tbl_cn_stk_limit,5510,present
2025-09-19,basic,tbl_cn_suspend,9,present
2025-09-19,basic,tbl_cn_daily_basic,5422,present
2025-09-19,kpl,tbl_cn_kpl_list,86,present
2025-09-19,kpl,tbl_cn_limit_list,94,present
2025-09-19,index,tbl_cn_index_daily,12,present
2025-09-22,basic,tbl_cn_day,5418,present
2025-09-22,basic,tbl_cn_stk_limit,5510,present
2025-09-22,basic,tbl_cn_suspend,13,present
2025-09-22,basic,tbl_cn_daily_basic,5418,present
2025-09-22,kpl,tbl_cn_kpl_list,97,present
2025-09-22,kpl,tbl_cn_limit_list,91,present
2025-09-22,index,tbl_cn_index_daily,12,present
2025-09-23,basic,tbl_cn_day,5424,present
2025-09-23,basic,tbl_cn_stk_limit,5511,present
2025-09-23,basic,tbl_cn_suspend,12,present
2025-09-23,basic,tbl_cn_daily_basic,5424,present
2025-09-23,kpl,tbl_cn_kpl_list,73,present
2025-09-23,kpl,tbl_cn_limit_list,76,present
2025-09-23,index,tbl_cn_index_daily,12,present
2025-09-24,basic,tbl_cn_day,5422,present
2025-09-24,basic,tbl_cn_stk_limit,5511,present
2025-09-24,basic,tbl_cn_suspend,9,present
2025-09-24,basic,tbl_cn_daily_basic,5422,present
2025-09-24,kpl,tbl_cn_kpl_list,119,present
2025-09-24,kpl,tbl_cn_limit_list,113,present
2025-09-24,index,tbl_cn_index_daily,12,present
2025-09-25,basic,tbl_cn_day,5426,present
2025-09-25,basic,tbl_cn_stk_limit,5514,present
2025-09-25,basic,tbl_cn_suspend,10,present
2025-09-25,basic,tbl_cn_daily_basic,5426,present
2025-09-25,kpl,tbl_cn_kpl_list,74,present
2025-09-25,kpl,tbl_cn_limit_list,66,present
2025-09-25,index,tbl_cn_index_daily,12,present
2025-09-26,basic,tbl_cn_day,5426,present
2025-09-26,basic,tbl_cn_stk_limit,5515,present
2025-09-26,basic,tbl_cn_suspend,9,present
2025-09-26,basic,tbl_cn_daily_basic,5426,present
2025-09-26,kpl,tbl_cn_kpl_list,85,present
2025-09-26,kpl,tbl_cn_limit_list,91,present
2025-09-26,index,tbl_cn_index_daily,12,present
2025-09-29,basic,tbl_cn_day,5420,present
2025-09-29,basic,tbl_cn_stk_limit,5515,present
2025-09-29,basic,tbl_cn_suspend,18,present
2025-09-29,basic,tbl_cn_daily_basic,5420,present
2025-09-29,kpl,tbl_cn_kpl_list,91,present
2025-09-29,kpl,tbl_cn_limit_list,77,present
2025-09-29,index,tbl_cn_index_daily,12,present
2025-09-30,basic,tbl_cn_day,5423,present
2025-09-30,basic,tbl_cn_stk_limit,5516,present
2025-09-30,basic,tbl_cn_suspend,16,present
2025-09-30,basic,tbl_cn_daily_basic,5423,present
2025-09-30,kpl,tbl_cn_kpl_list,89,present
2025-09-30,kpl,tbl_cn_limit_list,76,present
2025-09-30,index,tbl_cn_index_daily,12,present
2025-10-09,basic,tbl_cn_day,5419,present
2025-10-09,basic,tbl_cn_stk_limit,5516,present
2025-10-09,basic,tbl_cn_suspend,19,present
2025-10-09,basic,tbl_cn_daily_basic,5419,present
2025-10-09,kpl,tbl_cn_kpl_list,137,present
2025-10-09,kpl,tbl_cn_limit_list,139,present
2025-10-09,index,tbl_cn_index_daily,12,present
2025-10-10,basic,tbl_cn_day,5422,present
2025-10-10,basic,tbl_cn_stk_limit,5517,present
2025-10-10,basic,tbl_cn_suspend,17,present
2025-10-10,basic,tbl_cn_daily_basic,5422,present
2025-10-10,kpl,tbl_cn_kpl_list,100,present
2025-10-10,kpl,tbl_cn_limit_list,89,present
2025-10-10,index,tbl_cn_index_daily,12,present
2025-10-13,basic,tbl_cn_day,5424,present
2025-10-13,basic,tbl_cn_stk_limit,5517,present
2025-10-13,basic,tbl_cn_suspend,16,present
2025-10-13,basic,tbl_cn_daily_basic,5424,present
2025-10-13,kpl,tbl_cn_kpl_list,94,present
2025-10-13,kpl,tbl_cn_limit_list,82,present
2025-10-13,index,tbl_cn_index_daily,12,present
2025-10-14,basic,tbl_cn_day,5424,present
2025-10-14,basic,tbl_cn_stk_limit,5516,present
2025-10-14,basic,tbl_cn_suspend,14,present
2025-10-14,basic,tbl_cn_daily_basic,5424,present
2025-10-14,kpl,tbl_cn_kpl_list,96,present
2025-10-14,kpl,tbl_cn_limit_list,83,present
2025-10-14,index,tbl_cn_index_daily,12,present
2025-10-15,basic,tbl_cn_day,5424,present
2025-10-15,basic,tbl_cn_stk_limit,5516,present
2025-10-15,basic,tbl_cn_suspend,12,present
2025-10-15,basic,tbl_cn_daily_basic,5424,present
2025-10-15,kpl,tbl_cn_kpl_list,98,present
2025-10-15,kpl,tbl_cn_limit_list,83,present
2025-10-15,index,tbl_cn_index_daily,12,present
2025-10-16,basic,tbl_cn_day,5428,present
2025-10-16,basic,tbl_cn_stk_limit,5517,present
2025-10-16,basic,tbl_cn_suspend,12,present
2025-10-16,basic,tbl_cn_daily_basic,5428,present
2025-10-16,kpl,tbl_cn_kpl_list,81,present
2025-10-16,kpl,tbl_cn_limit_list,63,present
2025-10-16,index,tbl_cn_index_daily,12,present
2025-10-17,basic,tbl_cn_day,5431,present
2025-10-17,basic,tbl_cn_stk_limit,5518,present
2025-10-17,basic,tbl_cn_suspend,9,present
2025-10-17,basic,tbl_cn_daily_basic,5431,present
2025-10-17,kpl,tbl_cn_kpl_list,64,present
2025-10-17,kpl,tbl_cn_limit_list,73,present
2025-10-17,index,tbl_cn_index_daily,12,present
2025-10-20,basic,tbl_cn_day,5430,present
2025-10-20,basic,tbl_cn_stk_limit,5518,present
2025-10-20,basic,tbl_cn_suspend,10,present
2025-10-20,basic,tbl_cn_daily_basic,5430,present
2025-10-20,kpl,tbl_cn_kpl_list,122,present
2025-10-20,kpl,tbl_cn_limit_list,95,present
2025-10-20,index,tbl_cn_index_daily,12,present
2025-10-21,basic,tbl_cn_day,5429,present
2025-10-21,basic,tbl_cn_stk_limit,5518,present
2025-10-21,basic,tbl_cn_suspend,10,present
2025-10-21,basic,tbl_cn_daily_basic,5429,present
2025-10-21,kpl,tbl_cn_kpl_list,113,present
2025-10-21,kpl,tbl_cn_limit_list,100,present
2025-10-21,index,tbl_cn_index_daily,12,present
2025-10-22,basic,tbl_cn_day,5429,present
2025-10-22,basic,tbl_cn_stk_limit,5519,present
2025-10-22,basic,tbl_cn_suspend,10,present
2025-10-22,basic,tbl_cn_daily_basic,5429,present
2025-10-22,kpl,tbl_cn_kpl_list,98,present
2025-10-22,kpl,tbl_cn_limit_list,82,present
2025-10-22,index,tbl_cn_index_daily,12,present
2025-10-23,basic,tbl_cn_day,5431,present
2025-10-23,basic,tbl_cn_stk_limit,5519,present
2025-10-23,basic,tbl_cn_suspend,10,present
2025-10-23,basic,tbl_cn_daily_basic,5431,present
2025-10-23,kpl,tbl_cn_kpl_list,96,present
2025-10-23,kpl,tbl_cn_limit_list,80,present
2025-10-23,index,tbl_cn_index_daily,12,present
2025-10-24,basic,tbl_cn_day,5432,present
2025-10-24,basic,tbl_cn_stk_limit,5520,present
2025-10-24,basic,tbl_cn_suspend,9,present
2025-10-24,basic,tbl_cn_daily_basic,5432,present
2025-10-24,kpl,tbl_cn_kpl_list,95,present
2025-10-24,kpl,tbl_cn_limit_list,84,present
2025-10-24,index,tbl_cn_index_daily,12,present
2025-10-27,basic,tbl_cn_day,5431,present
2025-10-27,basic,tbl_cn_stk_limit,5520,present
2025-10-27,basic,tbl_cn_suspend,12,present
2025-10-27,basic,tbl_cn_daily_basic,5431,present
2025-10-27,kpl,tbl_cn_kpl_list,100,present
2025-10-27,kpl,tbl_cn_limit_list,84,present
2025-10-27,index,tbl_cn_index_daily,12,present
2025-10-28,basic,tbl_cn_day,5432,present
2025-10-28,basic,tbl_cn_stk_limit,5524,present
2025-10-28,basic,tbl_cn_suspend,15,present
2025-10-28,basic,tbl_cn_daily_basic,5432,present
2025-10-28,kpl,tbl_cn_kpl_list,95,present
2025-10-28,kpl,tbl_cn_limit_list,80,present
2025-10-28,index,tbl_cn_index_daily,12,present
2025-10-29,basic,tbl_cn_day,5432,present
2025-10-29,basic,tbl_cn_stk_limit,5524,present
2025-10-29,basic,tbl_cn_suspend,15,present
2025-10-29,basic,tbl_cn_daily_basic,5432,present
2025-10-29,kpl,tbl_cn_kpl_list,95,present
2025-10-29,kpl,tbl_cn_limit_list,91,present
2025-10-29,index,tbl_cn_index_daily,12,present
2025-10-30,basic,tbl_cn_day,5431,present
2025-10-30,basic,tbl_cn_stk_limit,5524,present
2025-10-30,basic,tbl_cn_suspend,14,present
2025-10-30,basic,tbl_cn_daily_basic,5431,present
2025-10-30,kpl,tbl_cn_kpl_list,84,present
2025-10-30,kpl,tbl_cn_limit_list,77,present
2025-10-30,index,tbl_cn_index_daily,12,present
2025-10-31,basic,tbl_cn_day,5432,present
2025-10-31,basic,tbl_cn_stk_limit,5524,present
2025-10-31,basic,tbl_cn_suspend,14,present
2025-10-31,basic,tbl_cn_daily_basic,5432,present
2025-10-31,kpl,tbl_cn_kpl_list,119,present
2025-10-31,kpl,tbl_cn_limit_list,106,present
2025-10-31,index,tbl_cn_index_daily,12,present
2025-11-03,basic,tbl_cn_day,5434,present
2025-11-03,basic,tbl_cn_stk_limit,5525,present
2025-11-03,basic,tbl_cn_suspend,15,present
2025-11-03,basic,tbl_cn_daily_basic,5434,present
2025-11-03,kpl,tbl_cn_kpl_list,117,present
2025-11-03,kpl,tbl_cn_limit_list,94,present
2025-11-03,index,tbl_cn_index_daily,12,present
2025-11-04,basic,tbl_cn_day,5434,present
2025-11-04,basic,tbl_cn_stk_limit,5525,present
2025-11-04,basic,tbl_cn_suspend,13,present
2025-11-04,basic,tbl_cn_daily_basic,5434,present
2025-11-04,kpl,tbl_cn_kpl_list,96,present
2025-11-04,kpl,tbl_cn_limit_list,72,present
2025-11-04,index,tbl_cn_index_daily,12,present
2025-11-05,basic,tbl_cn_day,5434,present
2025-11-05,basic,tbl_cn_stk_limit,5526,present
2025-11-05,basic,tbl_cn_suspend,13,present
2025-11-05,basic,tbl_cn_daily_basic,5434,present
2025-11-05,kpl,tbl_cn_kpl_list,115,present
2025-11-05,kpl,tbl_cn_limit_list,95,present
2025-11-05,index,tbl_cn_index_daily,12,present
2025-11-06,basic,tbl_cn_day,5434,present
2025-11-06,basic,tbl_cn_stk_limit,5527,present
2025-11-06,basic,tbl_cn_suspend,13,present
2025-11-06,basic,tbl_cn_daily_basic,5434,present
2025-11-06,kpl,tbl_cn_kpl_list,109,present
2025-11-06,kpl,tbl_cn_limit_list,104,present
2025-11-06,index,tbl_cn_index_daily,12,present
2025-11-07,basic,tbl_cn_day,5436,present
2025-11-07,basic,tbl_cn_stk_limit,5529,present
2025-11-07,basic,tbl_cn_suspend,14,present
2025-11-07,basic,tbl_cn_daily_basic,5436,present
2025-11-07,kpl,tbl_cn_kpl_list,98,present
2025-11-07,kpl,tbl_cn_limit_list,82,present
2025-11-07,index,tbl_cn_index_daily,12,present
2025-11-10,basic,tbl_cn_day,5439,present
2025-11-10,basic,tbl_cn_stk_limit,5529,present
2025-11-10,basic,tbl_cn_suspend,14,present
2025-11-10,basic,tbl_cn_daily_basic,5439,present
2025-11-10,kpl,tbl_cn_kpl_list,140,present
2025-11-10,kpl,tbl_cn_limit_list,120,present
2025-11-10,index,tbl_cn_index_daily,12,present
2025-11-11,basic,tbl_cn_day,5439,present
2025-11-11,basic,tbl_cn_stk_limit,5528,present
2025-11-11,basic,tbl_cn_suspend,11,present
2025-11-11,basic,tbl_cn_daily_basic,5439,present
2025-11-11,kpl,tbl_cn_kpl_list,116,present
2025-11-11,kpl,tbl_cn_limit_list,96,present
2025-11-11,index,tbl_cn_index_daily,12,present
2025-11-12,basic,tbl_cn_day,5441,present
2025-11-12,basic,tbl_cn_stk_limit,5528,present
2025-11-12,basic,tbl_cn_suspend,10,present
2025-11-12,basic,tbl_cn_daily_basic,5441,present
2025-11-12,kpl,tbl_cn_kpl_list,103,present
2025-11-12,kpl,tbl_cn_limit_list,82,present
2025-11-12,index,tbl_cn_index_daily,12,present
2025-11-13,basic,tbl_cn_day,5440,present
2025-11-13,basic,tbl_cn_stk_limit,5528,present
2025-11-13,basic,tbl_cn_suspend,8,present
2025-11-13,basic,tbl_cn_daily_basic,5440,present
2025-11-13,kpl,tbl_cn_kpl_list,150,present
2025-11-13,kpl,tbl_cn_limit_list,126,present
2025-11-13,index,tbl_cn_index_daily,12,present
2025-11-14,basic,tbl_cn_day,5438,present
2025-11-14,basic,tbl_cn_stk_limit,5528,present
2025-11-14,basic,tbl_cn_suspend,10,present
2025-11-14,basic,tbl_cn_daily_basic,5438,present
2025-11-14,kpl,tbl_cn_kpl_list,128,present
2025-11-14,kpl,tbl_cn_limit_list,105,present
2025-11-14,index,tbl_cn_index_daily,12,present
2025-11-17,basic,tbl_cn_day,5437,present
2025-11-17,basic,tbl_cn_stk_limit,5528,present
2025-11-17,basic,tbl_cn_suspend,12,present
2025-11-17,basic,tbl_cn_daily_basic,5437,present
2025-11-17,kpl,tbl_cn_kpl_list,130,present
2025-11-17,kpl,tbl_cn_limit_list,114,present
2025-11-17,index,tbl_cn_index_daily,12,present
2025-11-18,basic,tbl_cn_day,5440,present
2025-11-18,basic,tbl_cn_stk_limit,5531,present
2025-11-18,basic,tbl_cn_suspend,13,present
2025-11-18,basic,tbl_cn_daily_basic,5440,present
2025-11-18,kpl,tbl_cn_kpl_list,95,present
2025-11-18,kpl,tbl_cn_limit_list,102,present
2025-11-18,index,tbl_cn_index_daily,12,present
2025-11-19,basic,tbl_cn_day,5442,present
2025-11-19,basic,tbl_cn_stk_limit,5531,present
2025-11-19,basic,tbl_cn_suspend,15,present
2025-11-19,basic,tbl_cn_daily_basic,5442,present
2025-11-19,kpl,tbl_cn_kpl_list,93,present
2025-11-19,kpl,tbl_cn_limit_list,97,present
2025-11-19,index,tbl_cn_index_daily,12,present
2025-11-20,basic,tbl_cn_day,5441,present
2025-11-20,basic,tbl_cn_stk_limit,5531,present
2025-11-20,basic,tbl_cn_suspend,12,present
2025-11-20,basic,tbl_cn_daily_basic,5441,present
2025-11-20,kpl,tbl_cn_kpl_list,94,present
2025-11-20,kpl,tbl_cn_limit_list,90,present
2025-11-20,index,tbl_cn_index_daily,12,present
2025-11-21,basic,tbl_cn_day,5444,present
2025-11-21,basic,tbl_cn_stk_limit,5532,present
2025-11-21,basic,tbl_cn_suspend,11,present
2025-11-21,basic,tbl_cn_daily_basic,5444,present
2025-11-21,kpl,tbl_cn_kpl_list,54,present
2025-11-21,kpl,tbl_cn_limit_list,119,present
2025-11-21,index,tbl_cn_index_daily,12,present
2025-11-24,basic,tbl_cn_day,5440,present
2025-11-24,basic,tbl_cn_stk_limit,5532,present
2025-11-24,basic,tbl_cn_suspend,12,present
2025-11-24,basic,tbl_cn_daily_basic,5440,present
2025-11-24,kpl,tbl_cn_kpl_list,102,present
2025-11-24,kpl,tbl_cn_limit_list,109,present
2025-11-24,index,tbl_cn_index_daily,12,present
2025-11-25,basic,tbl_cn_day,5438,present
2025-11-25,basic,tbl_cn_stk_limit,5533,present
2025-11-25,basic,tbl_cn_suspend,15,present
2025-11-25,basic,tbl_cn_daily_basic,5438,present
2025-11-25,kpl,tbl_cn_kpl_list,125,present
2025-11-25,kpl,tbl_cn_limit_list,106,present
2025-11-25,index,tbl_cn_index_daily,12,present
2025-11-26,basic,tbl_cn_day,5434,present
2025-11-26,basic,tbl_cn_stk_limit,5533,present
2025-11-26,basic,tbl_cn_suspend,19,present
2025-11-26,basic,tbl_cn_daily_basic,5434,present
2025-11-26,kpl,tbl_cn_kpl_list,106,present
2025-11-26,kpl,tbl_cn_limit_list,94,present
2025-11-26,index,tbl_cn_index_daily,12,present
2025-11-27,basic,tbl_cn_day,5434,present
2025-11-27,basic,tbl_cn_stk_limit,5534,present
2025-11-27,basic,tbl_cn_suspend,20,present
2025-11-27,basic,tbl_cn_daily_basic,5434,present
2025-11-27,kpl,tbl_cn_kpl_list,101,present
2025-11-27,kpl,tbl_cn_limit_list,95,present
2025-11-27,index,tbl_cn_index_daily,12,present
2025-11-28,basic,tbl_cn_day,5433,present
2025-11-28,basic,tbl_cn_stk_limit,5534,present
2025-11-28,basic,tbl_cn_suspend,22,present
2025-11-28,basic,tbl_cn_daily_basic,5433,present
2025-11-28,kpl,tbl_cn_kpl_list,113,present
2025-11-28,kpl,tbl_cn_limit_list,100,present
2025-11-28,index,tbl_cn_index_daily,12,present
2025-12-01,basic,tbl_cn_day,5432,present
2025-12-01,basic,tbl_cn_stk_limit,5534,present
2025-12-01,basic,tbl_cn_suspend,26,present
2025-12-01,basic,tbl_cn_daily_basic,5432,present
2025-12-01,kpl,tbl_cn_kpl_list,106,present
2025-12-01,kpl,tbl_cn_limit_list,94,present
2025-12-01,index,tbl_cn_index_daily,12,present
2025-12-02,basic,tbl_cn_day,5436,present
2025-12-02,basic,tbl_cn_stk_limit,5535,present
2025-12-02,basic,tbl_cn_suspend,23,present
2025-12-02,basic,tbl_cn_daily_basic,5436,present
2025-12-02,kpl,tbl_cn_kpl_list,75,present
2025-12-02,kpl,tbl_cn_limit_list,68,present
2025-12-02,index,tbl_cn_index_daily,12,present
2025-12-03,basic,tbl_cn_day,5442,present
2025-12-03,basic,tbl_cn_stk_limit,5536,present
2025-12-03,basic,tbl_cn_suspend,19,present
2025-12-03,basic,tbl_cn_daily_basic,5442,present
2025-12-03,kpl,tbl_cn_kpl_list,85,present
2025-12-03,kpl,tbl_cn_limit_list,80,present
2025-12-03,index,tbl_cn_index_daily,12,present
2025-12-04,basic,tbl_cn_day,5440,present
2025-12-04,basic,tbl_cn_stk_limit,5536,present
2025-12-04,basic,tbl_cn_suspend,16,present
2025-12-04,basic,tbl_cn_daily_basic,5440,present
2025-12-04,kpl,tbl_cn_kpl_list,68,present
2025-12-04,kpl,tbl_cn_limit_list,77,present
2025-12-04,index,tbl_cn_index_daily,12,present
2025-12-05,basic,tbl_cn_day,5438,present
2025-12-05,basic,tbl_cn_stk_limit,5536,present
2025-12-05,basic,tbl_cn_suspend,18,present
2025-12-05,basic,tbl_cn_daily_basic,5438,present
2025-12-05,kpl,tbl_cn_kpl_list,101,present
2025-12-05,kpl,tbl_cn_limit_list,96,present
2025-12-05,index,tbl_cn_index_daily,12,present
2025-12-08,basic,tbl_cn_day,5440,present
2025-12-08,basic,tbl_cn_stk_limit,5536,present
2025-12-08,basic,tbl_cn_suspend,20,present
2025-12-08,basic,tbl_cn_daily_basic,5440,present
2025-12-08,kpl,tbl_cn_kpl_list,111,present
2025-12-08,kpl,tbl_cn_limit_list,104,present
2025-12-08,index,tbl_cn_index_daily,12,present
2025-12-09,basic,tbl_cn_day,5441,present
2025-12-09,basic,tbl_cn_stk_limit,5536,present
2025-12-09,basic,tbl_cn_suspend,18,present
2025-12-09,basic,tbl_cn_daily_basic,5441,present
2025-12-09,kpl,tbl_cn_kpl_list,80,present
2025-12-09,kpl,tbl_cn_limit_list,83,present
2025-12-09,index,tbl_cn_index_daily,12,present
2025-12-10,basic,tbl_cn_day,5438,present
2025-12-10,basic,tbl_cn_stk_limit,5537,present
2025-12-10,basic,tbl_cn_suspend,21,present
2025-12-10,basic,tbl_cn_daily_basic,5438,present
2025-12-10,kpl,tbl_cn_kpl_list,90,present
2025-12-10,kpl,tbl_cn_limit_list,88,present
2025-12-10,index,tbl_cn_index_daily,12,present
2025-12-11,basic,tbl_cn_day,5442,present
2025-12-11,basic,tbl_cn_stk_limit,5537,present
2025-12-11,basic,tbl_cn_suspend,20,present
2025-12-11,basic,tbl_cn_daily_basic,5442,present
2025-12-11,kpl,tbl_cn_kpl_list,62,present
2025-12-11,kpl,tbl_cn_limit_list,80,present
2025-12-11,index,tbl_cn_index_daily,12,present
2025-12-12,basic,tbl_cn_day,5444,present
2025-12-12,basic,tbl_cn_stk_limit,5537,present
2025-12-12,basic,tbl_cn_suspend,16,present
2025-12-12,basic,tbl_cn_daily_basic,5444,present
2025-12-12,kpl,tbl_cn_kpl_list,97,present
2025-12-12,kpl,tbl_cn_limit_list,105,present
2025-12-12,index,tbl_cn_index_daily,12,present
2025-12-15,basic,tbl_cn_day,5443,present
2025-12-15,basic,tbl_cn_stk_limit,5537,present
2025-12-15,basic,tbl_cn_suspend,16,present
2025-12-15,basic,tbl_cn_daily_basic,5443,present
2025-12-15,kpl,tbl_cn_kpl_list,97,present
2025-12-15,kpl,tbl_cn_limit_list,101,present
2025-12-15,index,tbl_cn_index_daily,12,present
2025-12-16,basic,tbl_cn_day,5445,present
2025-12-16,basic,tbl_cn_stk_limit,5538,present
2025-12-16,basic,tbl_cn_suspend,15,present
2025-12-16,basic,tbl_cn_daily_basic,5445,present
2025-12-16,kpl,tbl_cn_kpl_list,63,present
2025-12-16,kpl,tbl_cn_limit_list,76,present
2025-12-16,index,tbl_cn_index_daily,12,present
2025-12-17,basic,tbl_cn_day,5446,present
2025-12-17,basic,tbl_cn_stk_limit,5539,present
2025-12-17,basic,tbl_cn_suspend,14,present
2025-12-17,basic,tbl_cn_daily_basic,5446,present
2025-12-17,kpl,tbl_cn_kpl_list,78,present
2025-12-17,kpl,tbl_cn_limit_list,88,present
2025-12-17,index,tbl_cn_index_daily,12,present
2025-12-18,basic,tbl_cn_day,5449,present
2025-12-18,basic,tbl_cn_stk_limit,5540,present
2025-12-18,basic,tbl_cn_suspend,16,present
2025-12-18,basic,tbl_cn_daily_basic,5449,present
2025-12-18,kpl,tbl_cn_kpl_list,96,present
2025-12-18,kpl,tbl_cn_limit_list,84,present
2025-12-18,index,tbl_cn_index_daily,12,present
2025-12-19,basic,tbl_cn_day,5448,present
2025-12-19,basic,tbl_cn_stk_limit,5541,present
2025-12-19,basic,tbl_cn_suspend,14,present
2025-12-19,basic,tbl_cn_daily_basic,5448,present
2025-12-19,kpl,tbl_cn_kpl_list,105,present
2025-12-19,kpl,tbl_cn_limit_list,93,present
2025-12-19,index,tbl_cn_index_daily,12,present
2025-12-22,basic,tbl_cn_day,5444,present
2025-12-22,basic,tbl_cn_stk_limit,5540,present
2025-12-22,basic,tbl_cn_suspend,21,present
2025-12-22,basic,tbl_cn_daily_basic,5444,present
2025-12-22,kpl,tbl_cn_kpl_list,139,present
2025-12-22,kpl,tbl_cn_limit_list,120,present
2025-12-22,index,tbl_cn_index_daily,12,present
2025-12-23,basic,tbl_cn_day,5449,present
2025-12-23,basic,tbl_cn_stk_limit,5543,present
2025-12-23,basic,tbl_cn_suspend,23,present
2025-12-23,basic,tbl_cn_daily_basic,5449,present
2025-12-23,kpl,tbl_cn_kpl_list,91,present
2025-12-23,kpl,tbl_cn_limit_list,84,present
2025-12-23,index,tbl_cn_index_daily,12,present
2025-12-24,basic,tbl_cn_day,5451,present
2025-12-24,basic,tbl_cn_stk_limit,5544,present
2025-12-24,basic,tbl_cn_suspend,17,present
2025-12-24,basic,tbl_cn_daily_basic,5451,present
2025-12-24,kpl,tbl_cn_kpl_list,110,present
2025-12-24,kpl,tbl_cn_limit_list,101,present
2025-12-24,index,tbl_cn_index_daily,12,present
2025-12-25,basic,tbl_cn_day,5454,present
2025-12-25,basic,tbl_cn_stk_limit,5545,present
2025-12-25,basic,tbl_cn_suspend,15,present
2025-12-25,basic,tbl_cn_daily_basic,5454,present
2025-12-25,kpl,tbl_cn_kpl_list,120,present
2025-12-25,kpl,tbl_cn_limit_list,103,present
2025-12-25,index,tbl_cn_index_daily,12,present
2025-12-26,basic,tbl_cn_day,5453,present
2025-12-26,basic,tbl_cn_stk_limit,5545,present
2025-12-26,basic,tbl_cn_suspend,16,present
2025-12-26,basic,tbl_cn_daily_basic,5453,present
2025-12-26,kpl,tbl_cn_kpl_list,115,present
2025-12-26,kpl,tbl_cn_limit_list,103,present
2025-12-26,index,tbl_cn_index_daily,12,present
2025-12-29,basic,tbl_cn_day,5455,present
2025-12-29,basic,tbl_cn_stk_limit,5545,present
2025-12-29,basic,tbl_cn_suspend,17,present
2025-12-29,basic,tbl_cn_daily_basic,5455,present
2025-12-29,kpl,tbl_cn_kpl_list,117,present
2025-12-29,kpl,tbl_cn_limit_list,114,present
2025-12-29,index,tbl_cn_index_daily,12,present
2025-12-30,basic,tbl_cn_day,5457,present
2025-12-30,basic,tbl_cn_stk_limit,5548,present
2025-12-30,basic,tbl_cn_suspend,15,present
2025-12-30,basic,tbl_cn_daily_basic,5457,present
2025-12-30,kpl,tbl_cn_kpl_list,95,present
2025-12-30,kpl,tbl_cn_limit_list,93,present
2025-12-30,index,tbl_cn_index_daily,12,present
2025-12-31,basic,tbl_cn_day,5458,present
2025-12-31,basic,tbl_cn_stk_limit,5549,present
2025-12-31,basic,tbl_cn_suspend,15,present
2025-12-31,basic,tbl_cn_daily_basic,5458,present
2025-12-31,kpl,tbl_cn_kpl_list,82,present
2025-12-31,kpl,tbl_cn_limit_list,82,present
2025-12-31,index,tbl_cn_index_daily,12,present
2026-01-05,basic,tbl_cn_day,5457,present
2026-01-05,basic,tbl_cn_stk_limit,5548,present
2026-01-05,basic,tbl_cn_suspend,16,present
2026-01-05,basic,tbl_cn_daily_basic,5457,present
2026-01-05,kpl,tbl_cn_kpl_list,155,present
2026-01-05,kpl,tbl_cn_limit_list,142,present
2026-01-05,index,tbl_cn_index_daily,12,present
2026-01-06,basic,tbl_cn_day,5459,present
2026-01-06,basic,tbl_cn_stk_limit,5549,present
2026-01-06,basic,tbl_cn_suspend,14,present
2026-01-06,basic,tbl_cn_daily_basic,5459,present
2026-01-06,kpl,tbl_cn_kpl_list,167,present
2026-01-06,kpl,tbl_cn_limit_list,146,present
2026-01-06,index,tbl_cn_index_daily,12,present
2026-01-07,basic,tbl_cn_day,5460,present
2026-01-07,basic,tbl_cn_stk_limit,5549,present
2026-01-07,basic,tbl_cn_suspend,13,present
2026-01-07,basic,tbl_cn_daily_basic,5460,present
2026-01-07,kpl,tbl_cn_kpl_list,148,present
2026-01-07,kpl,tbl_cn_limit_list,127,present
2026-01-07,index,tbl_cn_index_daily,12,present
2026-01-08,basic,tbl_cn_day,5459,present
2026-01-08,basic,tbl_cn_stk_limit,5549,present
2026-01-08,basic,tbl_cn_suspend,11,present
2026-01-08,basic,tbl_cn_daily_basic,5459,present
2026-01-08,kpl,tbl_cn_kpl_list,145,present
2026-01-08,kpl,tbl_cn_limit_list,124,present
2026-01-08,index,tbl_cn_index_daily,12,present
2026-01-09,basic,tbl_cn_day,5459,present
2026-01-09,basic,tbl_cn_stk_limit,5549,present
2026-01-09,basic,tbl_cn_suspend,14,present
2026-01-09,basic,tbl_cn_daily_basic,5459,present
2026-01-09,kpl,tbl_cn_kpl_list,162,present
2026-01-09,kpl,tbl_cn_limit_list,141,present
2026-01-09,index,tbl_cn_index_daily,12,present
2026-01-12,basic,tbl_cn_day,5459,present
2026-01-12,basic,tbl_cn_stk_limit,5549,present
2026-01-12,basic,tbl_cn_suspend,16,present
2026-01-12,basic,tbl_cn_daily_basic,5459,present
2026-01-12,kpl,tbl_cn_kpl_list,245,present
2026-01-12,kpl,tbl_cn_limit_list,234,present
2026-01-12,index,tbl_cn_index_daily,12,present
2026-01-13,basic,tbl_cn_day,5452,present
2026-01-13,basic,tbl_cn_stk_limit,5549,present
2026-01-13,basic,tbl_cn_suspend,19,present
2026-01-13,basic,tbl_cn_daily_basic,5452,present
2026-01-13,kpl,tbl_cn_kpl_list,140,present
2026-01-13,kpl,tbl_cn_limit_list,177,present
2026-01-13,index,tbl_cn_index_daily,12,present
2026-01-14,basic,tbl_cn_day,5454,present
2026-01-14,basic,tbl_cn_stk_limit,5549,present
2026-01-14,basic,tbl_cn_suspend,20,present
2026-01-14,basic,tbl_cn_daily_basic,5454,present
2026-01-14,kpl,tbl_cn_kpl_list,171,present
2026-01-14,kpl,tbl_cn_limit_list,175,present
2026-01-14,index,tbl_cn_index_daily,12,present
2026-01-15,basic,tbl_cn_day,5457,present
2026-01-15,basic,tbl_cn_stk_limit,5550,present
2026-01-15,basic,tbl_cn_suspend,18,present
2026-01-15,basic,tbl_cn_daily_basic,5457,present
2026-01-15,kpl,tbl_cn_kpl_list,86,present
2026-01-15,kpl,tbl_cn_limit_list,136,present
2026-01-15,index,tbl_cn_index_daily,12,present
2026-01-16,basic,tbl_cn_day,5460,present
2026-01-16,basic,tbl_cn_stk_limit,5551,present
2026-01-16,basic,tbl_cn_suspend,16,present
2026-01-16,basic,tbl_cn_daily_basic,5460,present
2026-01-16,kpl,tbl_cn_kpl_list,111,present
2026-01-16,kpl,tbl_cn_limit_list,143,present
2026-01-16,index,tbl_cn_index_daily,12,present
2026-01-19,basic,tbl_cn_day,5461,present
2026-01-19,basic,tbl_cn_stk_limit,5551,present
2026-01-19,basic,tbl_cn_suspend,14,present
2026-01-19,basic,tbl_cn_daily_basic,5461,present
2026-01-19,kpl,tbl_cn_kpl_list,124,present
2026-01-19,kpl,tbl_cn_limit_list,131,present
2026-01-19,index,tbl_cn_index_daily,12,present
2026-01-20,basic,tbl_cn_day,5467,present
2026-01-20,basic,tbl_cn_stk_limit,5551,present
2026-01-20,basic,tbl_cn_suspend,11,present
2026-01-20,basic,tbl_cn_daily_basic,5467,present
2026-01-20,kpl,tbl_cn_kpl_list,85,present
2026-01-20,kpl,tbl_cn_limit_list,85,present
2026-01-20,index,tbl_cn_index_daily,12,present
2026-01-21,basic,tbl_cn_day,5465,present
2026-01-21,basic,tbl_cn_stk_limit,5552,present
2026-01-21,basic,tbl_cn_suspend,9,present
2026-01-21,basic,tbl_cn_daily_basic,5465,present
2026-01-21,kpl,tbl_cn_kpl_list,121,present
2026-01-21,kpl,tbl_cn_limit_list,108,present
2026-01-21,index,tbl_cn_index_daily,12,present
2026-01-22,basic,tbl_cn_day,5466,present
2026-01-22,basic,tbl_cn_stk_limit,5552,present
2026-01-22,basic,tbl_cn_suspend,8,present
2026-01-22,basic,tbl_cn_daily_basic,5466,present
2026-01-22,kpl,tbl_cn_kpl_list,120,present
2026-01-22,kpl,tbl_cn_limit_list,102,present
2026-01-22,index,tbl_cn_index_daily,12,present
2026-01-23,basic,tbl_cn_day,5467,present
2026-01-23,basic,tbl_cn_stk_limit,5552,present
2026-01-23,basic,tbl_cn_suspend,7,present
2026-01-23,basic,tbl_cn_daily_basic,5467,present
2026-01-23,kpl,tbl_cn_kpl_list,139,present
2026-01-23,kpl,tbl_cn_limit_list,122,present
2026-01-23,index,tbl_cn_index_daily,12,present
2026-01-26,basic,tbl_cn_day,5463,present
2026-01-26,basic,tbl_cn_stk_limit,5552,present
2026-01-26,basic,tbl_cn_suspend,11,present
2026-01-26,basic,tbl_cn_daily_basic,5463,present
2026-01-26,kpl,tbl_cn_kpl_list,124,present
2026-01-26,kpl,tbl_cn_limit_list,140,present
2026-01-26,index,tbl_cn_index_daily,12,present
2026-01-27,basic,tbl_cn_day,5463,present
2026-01-27,basic,tbl_cn_stk_limit,5552,present
2026-01-27,basic,tbl_cn_suspend,11,present
2026-01-27,basic,tbl_cn_daily_basic,5463,present
2026-01-27,kpl,tbl_cn_kpl_list,80,present
2026-01-27,kpl,tbl_cn_limit_list,73,present
2026-01-27,index,tbl_cn_index_daily,12,present
2026-01-28,basic,tbl_cn_day,5464,present
2026-01-28,basic,tbl_cn_stk_limit,5554,present
2026-01-28,basic,tbl_cn_suspend,12,present
2026-01-28,basic,tbl_cn_daily_basic,5464,present
2026-01-28,kpl,tbl_cn_kpl_list,111,present
2026-01-28,kpl,tbl_cn_limit_list,111,present
2026-01-28,index,tbl_cn_index_daily,12,present
2026-01-29,basic,tbl_cn_day,5465,present
2026-01-29,basic,tbl_cn_stk_limit,5555,present
2026-01-29,basic,tbl_cn_suspend,12,present
2026-01-29,basic,tbl_cn_daily_basic,5465,present
2026-01-29,kpl,tbl_cn_kpl_list,126,present
2026-01-29,kpl,tbl_cn_limit_list,128,present
2026-01-29,index,tbl_cn_index_daily,12,present
2026-01-30,basic,tbl_cn_day,5462,present
2026-01-30,basic,tbl_cn_stk_limit,5556,present
2026-01-30,basic,tbl_cn_suspend,15,present
2026-01-30,basic,tbl_cn_daily_basic,5462,present
2026-01-30,kpl,tbl_cn_kpl_list,85,present
2026-01-30,kpl,tbl_cn_limit_list,121,present
2026-01-30,index,tbl_cn_index_daily,12,present
2026-02-02,basic,tbl_cn_day,5464,present
2026-02-02,basic,tbl_cn_stk_limit,5556,present
2026-02-02,basic,tbl_cn_suspend,16,present
2026-02-02,basic,tbl_cn_daily_basic,5464,present
2026-02-02,kpl,tbl_cn_kpl_list,70,present
2026-02-02,kpl,tbl_cn_limit_list,152,present
2026-02-02,index,tbl_cn_index_daily,12,present
2026-02-03,basic,tbl_cn_day,5465,present
2026-02-03,basic,tbl_cn_stk_limit,5557,present
2026-02-03,basic,tbl_cn_suspend,13,present
2026-02-03,basic,tbl_cn_daily_basic,5465,present
2026-02-03,kpl,tbl_cn_kpl_list,103,present
2026-02-03,kpl,tbl_cn_limit_list,96,present
2026-02-03,index,tbl_cn_index_daily,12,present
2026-02-04,basic,tbl_cn_day,5468,present
2026-02-04,basic,tbl_cn_stk_limit,5557,present
2026-02-04,basic,tbl_cn_suspend,14,present
2026-02-04,basic,tbl_cn_daily_basic,5468,present
2026-02-04,kpl,tbl_cn_kpl_list,100,present
2026-02-04,kpl,tbl_cn_limit_list,92,present
2026-02-04,index,tbl_cn_index_daily,12,present
2026-02-05,basic,tbl_cn_day,5467,present
2026-02-05,basic,tbl_cn_stk_limit,5558,present
2026-02-05,basic,tbl_cn_suspend,12,present
2026-02-05,basic,tbl_cn_daily_basic,5467,present
2026-02-05,kpl,tbl_cn_kpl_list,69,present
2026-02-05,kpl,tbl_cn_limit_list,68,present
2026-02-05,index,tbl_cn_index_daily,12,present
2026-02-06,basic,tbl_cn_day,5466,present
2026-02-06,basic,tbl_cn_stk_limit,5558,present
2026-02-06,basic,tbl_cn_suspend,15,present
2026-02-06,basic,tbl_cn_daily_basic,5466,present
2026-02-06,kpl,tbl_cn_kpl_list,91,present
2026-02-06,kpl,tbl_cn_limit_list,86,present
2026-02-06,index,tbl_cn_index_daily,12,present
2026-02-09,basic,tbl_cn_day,5465,present
2026-02-09,basic,tbl_cn_stk_limit,5558,present
2026-02-09,basic,tbl_cn_suspend,16,present
2026-02-09,basic,tbl_cn_daily_basic,5465,present
2026-02-09,kpl,tbl_cn_kpl_list,123,present
2026-02-09,kpl,tbl_cn_limit_list,112,present
2026-02-09,index,tbl_cn_index_daily,12,present
2026-02-10,basic,tbl_cn_day,5470,present
2026-02-10,basic,tbl_cn_stk_limit,5561,present
2026-02-10,basic,tbl_cn_suspend,15,present
2026-02-10,basic,tbl_cn_daily_basic,5470,present
2026-02-10,kpl,tbl_cn_kpl_list,82,present
2026-02-10,kpl,tbl_cn_limit_list,70,present
2026-02-10,index,tbl_cn_index_daily,12,present
2026-02-11,basic,tbl_cn_day,5470,present
2026-02-11,basic,tbl_cn_stk_limit,5562,present
2026-02-11,basic,tbl_cn_suspend,14,present
2026-02-11,basic,tbl_cn_daily_basic,5470,present
2026-02-11,kpl,tbl_cn_kpl_list,80,present
2026-02-11,kpl,tbl_cn_limit_list,73,present
2026-02-11,index,tbl_cn_index_daily,12,present
2026-02-12,basic,tbl_cn_day,5476,present
2026-02-12,basic,tbl_cn_stk_limit,5563,present
2026-02-12,basic,tbl_cn_suspend,14,present
2026-02-12,basic,tbl_cn_daily_basic,5476,present
2026-02-12,kpl,tbl_cn_kpl_list,89,present
2026-02-12,kpl,tbl_cn_limit_list,92,present
2026-02-12,index,tbl_cn_index_daily,12,present
2026-02-13,basic,tbl_cn_day,5474,present
2026-02-13,basic,tbl_cn_stk_limit,5563,present
2026-02-13,basic,tbl_cn_suspend,10,present
2026-02-13,basic,tbl_cn_daily_basic,5474,present
2026-02-13,kpl,tbl_cn_kpl_list,57,present
2026-02-13,kpl,tbl_cn_limit_list,55,present
2026-02-13,index,tbl_cn_index_daily,12,present
2026-02-24,basic,tbl_cn_day,5474,present
2026-02-24,basic,tbl_cn_stk_limit,5563,present
2026-02-24,basic,tbl_cn_suspend,12,present
2026-02-24,basic,tbl_cn_daily_basic,5474,present
2026-02-24,kpl,tbl_cn_kpl_list,153,present
2026-02-24,kpl,tbl_cn_limit_list,149,present
2026-02-24,index,tbl_cn_index_daily,12,present
2026-02-25,basic,tbl_cn_day,5471,present
2026-02-25,basic,tbl_cn_stk_limit,5563,present
2026-02-25,basic,tbl_cn_suspend,13,present
2026-02-25,basic,tbl_cn_daily_basic,5471,present
2026-02-25,kpl,tbl_cn_kpl_list,144,present
2026-02-25,kpl,tbl_cn_limit_list,113,present
2026-02-25,index,tbl_cn_index_daily,12,present
2026-02-26,basic,tbl_cn_day,5471,present
2026-02-26,basic,tbl_cn_stk_limit,5564,present
2026-02-26,basic,tbl_cn_suspend,16,present
2026-02-26,basic,tbl_cn_daily_basic,5471,present
2026-02-26,kpl,tbl_cn_kpl_list,104,present
2026-02-26,kpl,tbl_cn_limit_list,87,present
2026-02-26,index,tbl_cn_index_daily,12,present
2026-02-27,basic,tbl_cn_day,5471,present
2026-02-27,basic,tbl_cn_stk_limit,5564,present
2026-02-27,basic,tbl_cn_suspend,16,present
2026-02-27,basic,tbl_cn_daily_basic,5471,present
2026-02-27,kpl,tbl_cn_kpl_list,113,present
2026-02-27,kpl,tbl_cn_limit_list,90,present
2026-02-27,index,tbl_cn_index_daily,12,present
2026-03-02,basic,tbl_cn_day,5470,present
2026-03-02,basic,tbl_cn_stk_limit,5564,present
2026-03-02,basic,tbl_cn_suspend,16,present
2026-03-02,basic,tbl_cn_daily_basic,5470,present
2026-03-02,kpl,tbl_cn_kpl_list,122,present
2026-03-02,kpl,tbl_cn_limit_list,119,present
2026-03-02,index,tbl_cn_index_daily,12,present
2026-03-03,basic,tbl_cn_day,5472,present
2026-03-03,basic,tbl_cn_stk_limit,5564,present
2026-03-03,basic,tbl_cn_suspend,16,present
2026-03-03,basic,tbl_cn_daily_basic,5472,present
2026-03-03,kpl,tbl_cn_kpl_list,111,present
2026-03-03,kpl,tbl_cn_limit_list,159,present
2026-03-03,index,tbl_cn_index_daily,12,present
2026-03-04,basic,tbl_cn_day,5474,present
2026-03-04,basic,tbl_cn_stk_limit,5565,present
2026-03-04,basic,tbl_cn_suspend,13,present
2026-03-04,basic,tbl_cn_daily_basic,5474,present
2026-03-04,kpl,tbl_cn_kpl_list,67,present
2026-03-04,kpl,tbl_cn_limit_list,74,present
2026-03-04,index,tbl_cn_index_daily,12,present
2026-03-05,basic,tbl_cn_day,5476,present
2026-03-05,basic,tbl_cn_stk_limit,5566,present
2026-03-05,basic,tbl_cn_suspend,12,present
2026-03-05,basic,tbl_cn_daily_basic,5476,present
2026-03-05,kpl,tbl_cn_kpl_list,119,present
2026-03-05,kpl,tbl_cn_limit_list,102,present
2026-03-05,index,tbl_cn_index_daily,12,present
2026-03-06,basic,tbl_cn_day,5477,present
2026-03-06,basic,tbl_cn_stk_limit,5567,present
2026-03-06,basic,tbl_cn_suspend,11,present
2026-03-06,basic,tbl_cn_daily_basic,5477,present
2026-03-06,kpl,tbl_cn_kpl_list,116,present
2026-03-06,kpl,tbl_cn_limit_list,100,present
2026-03-06,index,tbl_cn_index_daily,12,present
2026-03-09,basic,tbl_cn_day,5481,present
2026-03-09,basic,tbl_cn_stk_limit,5568,present
2026-03-09,basic,tbl_cn_suspend,11,present
2026-03-09,basic,tbl_cn_daily_basic,5481,present
2026-03-09,kpl,tbl_cn_kpl_list,87,present
2026-03-09,kpl,tbl_cn_limit_list,79,present
2026-03-09,index,tbl_cn_index_daily,12,present
2026-03-10,basic,tbl_cn_day,5479,present
2026-03-10,basic,tbl_cn_stk_limit,5568,present
2026-03-10,basic,tbl_cn_suspend,10,present
2026-03-10,basic,tbl_cn_daily_basic,5479,present
2026-03-10,kpl,tbl_cn_kpl_list,104,present
2026-03-10,kpl,tbl_cn_limit_list,82,present
2026-03-10,index,tbl_cn_index_daily,12,present
2026-03-11,basic,tbl_cn_day,5482,present
2026-03-11,basic,tbl_cn_stk_limit,5568,present
2026-03-11,basic,tbl_cn_suspend,10,present
2026-03-11,basic,tbl_cn_daily_basic,5482,present
2026-03-11,kpl,tbl_cn_kpl_list,91,present
2026-03-11,kpl,tbl_cn_limit_list,73,present
2026-03-11,index,tbl_cn_index_daily,12,present
2026-03-12,basic,tbl_cn_day,5482,present
2026-03-12,basic,tbl_cn_stk_limit,5568,present
2026-03-12,basic,tbl_cn_suspend,7,present
2026-03-12,basic,tbl_cn_daily_basic,5482,present
2026-03-12,kpl,tbl_cn_kpl_list,88,present
2026-03-12,kpl,tbl_cn_limit_list,75,present
2026-03-12,index,tbl_cn_index_daily,12,present
2026-03-13,basic,tbl_cn_day,5481,present
2026-03-13,basic,tbl_cn_stk_limit,5568,present
2026-03-13,basic,tbl_cn_suspend,8,present
2026-03-13,basic,tbl_cn_daily_basic,5481,present
2026-03-13,kpl,tbl_cn_kpl_list,91,present
2026-03-13,kpl,tbl_cn_limit_list,90,present
2026-03-13,index,tbl_cn_index_daily,12,present
2026-03-16,basic,tbl_cn_day,5480,present
2026-03-16,basic,tbl_cn_stk_limit,5568,present
2026-03-16,basic,tbl_cn_suspend,10,present
2026-03-16,basic,tbl_cn_daily_basic,5480,present
2026-03-16,kpl,tbl_cn_kpl_list,86,present
2026-03-16,kpl,tbl_cn_limit_list,73,present
2026-03-16,index,tbl_cn_index_daily,12,present
2026-03-17,basic,tbl_cn_day,5478,present
2026-03-17,basic,tbl_cn_stk_limit,5568,present
2026-03-17,basic,tbl_cn_suspend,12,present
2026-03-17,basic,tbl_cn_daily_basic,5478,present
2026-03-17,kpl,tbl_cn_kpl_list,74,present
2026-03-17,kpl,tbl_cn_limit_list,66,present
2026-03-17,index,tbl_cn_index_daily,12,present
2026-03-18,basic,tbl_cn_day,5479,present
2026-03-18,basic,tbl_cn_stk_limit,5569,present
2026-03-18,basic,tbl_cn_suspend,11,present
2026-03-18,basic,tbl_cn_daily_basic,5479,present
2026-03-18,kpl,tbl_cn_kpl_list,94,present
2026-03-18,kpl,tbl_cn_limit_list,82,present
2026-03-18,index,tbl_cn_index_daily,12,present
2026-03-19,basic,tbl_cn_day,5479,present
2026-03-19,basic,tbl_cn_stk_limit,5569,present
2026-03-19,basic,tbl_cn_suspend,12,present
2026-03-19,basic,tbl_cn_daily_basic,5479,present
2026-03-19,kpl,tbl_cn_kpl_list,49,present
2026-03-19,kpl,tbl_cn_limit_list,43,present
2026-03-19,index,tbl_cn_index_daily,12,present
2026-03-20,basic,tbl_cn_day,5481,present
2026-03-20,basic,tbl_cn_stk_limit,5570,present
2026-03-20,basic,tbl_cn_suspend,12,present
2026-03-20,basic,tbl_cn_daily_basic,5481,present
2026-03-20,kpl,tbl_cn_kpl_list,65,present
2026-03-20,kpl,tbl_cn_limit_list,64,present
2026-03-20,index,tbl_cn_index_daily,12,present
2026-03-23,basic,tbl_cn_day,5483,present
2026-03-23,basic,tbl_cn_stk_limit,5570,present
2026-03-23,basic,tbl_cn_suspend,11,present
2026-03-23,basic,tbl_cn_daily_basic,5483,present
2026-03-23,kpl,tbl_cn_kpl_list,55,present
2026-03-23,kpl,tbl_cn_limit_list,113,present
2026-03-23,index,tbl_cn_index_daily,12,present
2026-03-24,basic,tbl_cn_day,5481,present
2026-03-24,basic,tbl_cn_stk_limit,5570,present
2026-03-24,basic,tbl_cn_suspend,11,present
2026-03-24,basic,tbl_cn_daily_basic,5481,present
2026-03-24,kpl,tbl_cn_kpl_list,128,present
2026-03-24,kpl,tbl_cn_limit_list,106,present
2026-03-24,index,tbl_cn_index_daily,12,present
2026-03-25,basic,tbl_cn_day,5482,present
2026-03-25,basic,tbl_cn_stk_limit,5572,present
2026-03-25,basic,tbl_cn_suspend,11,present
2026-03-25,basic,tbl_cn_daily_basic,5482,present
2026-03-25,kpl,tbl_cn_kpl_list,127,present
2026-03-25,kpl,tbl_cn_limit_list,99,present
2026-03-25,index,tbl_cn_index_daily,12,present
2026-03-26,basic,tbl_cn_day,5481,present
2026-03-26,basic,tbl_cn_stk_limit,5572,present
2026-03-26,basic,tbl_cn_suspend,13,present
2026-03-26,basic,tbl_cn_daily_basic,5481,present
2026-03-26,kpl,tbl_cn_kpl_list,75,present
2026-03-26,kpl,tbl_cn_limit_list,65,present
2026-03-26,index,tbl_cn_index_daily,12,present
2026-03-27,basic,tbl_cn_day,5478,present
2026-03-27,basic,tbl_cn_stk_limit,5572,present
2026-03-27,basic,tbl_cn_suspend,16,present
2026-03-27,basic,tbl_cn_daily_basic,5478,present
2026-03-27,kpl,tbl_cn_kpl_list,113,present
2026-03-27,kpl,tbl_cn_limit_list,96,present
2026-03-27,index,tbl_cn_index_daily,12,present
2026-03-30,basic,tbl_cn_day,5476,present
2026-03-30,basic,tbl_cn_stk_limit,5573,present
2026-03-30,basic,tbl_cn_suspend,20,present
2026-03-30,basic,tbl_cn_daily_basic,5476,present
2026-03-30,kpl,tbl_cn_kpl_list,97,present
2026-03-30,kpl,tbl_cn_limit_list,89,present
2026-03-30,index,tbl_cn_index_daily,12,present
2026-03-31,basic,tbl_cn_day,5482,present
2026-03-31,basic,tbl_cn_stk_limit,5575,present
2026-03-31,basic,tbl_cn_suspend,20,present
2026-03-31,basic,tbl_cn_daily_basic,5482,present
2026-03-31,kpl,tbl_cn_kpl_list,90,present
2026-03-31,kpl,tbl_cn_limit_list,71,present
2026-03-31,index,tbl_cn_index_daily,12,present
2026-04-01,basic,tbl_cn_day,5485,present
2026-04-01,basic,tbl_cn_stk_limit,5576,present
2026-04-01,basic,tbl_cn_suspend,15,present
2026-04-01,basic,tbl_cn_daily_basic,5485,present
2026-04-01,kpl,tbl_cn_kpl_list,107,present
2026-04-01,kpl,tbl_cn_limit_list,100,present
2026-04-01,index,tbl_cn_index_daily,12,present
2026-04-02,basic,tbl_cn_day,5485,present
2026-04-02,basic,tbl_cn_stk_limit,5576,present
2026-04-02,basic,tbl_cn_suspend,14,present
2026-04-02,basic,tbl_cn_daily_basic,5485,present
2026-04-02,kpl,tbl_cn_kpl_list,53,present
2026-04-02,kpl,tbl_cn_limit_list,51,present
2026-04-02,index,tbl_cn_index_daily,12,present
2026-04-03,basic,tbl_cn_day,5486,present
2026-04-03,basic,tbl_cn_stk_limit,5576,present
2026-04-03,basic,tbl_cn_suspend,13,present
2026-04-03,basic,tbl_cn_daily_basic,5486,present
2026-04-03,kpl,tbl_cn_kpl_list,51,present
2026-04-03,kpl,tbl_cn_limit_list,72,present
2026-04-03,index,tbl_cn_index_daily,12,present
2026-04-07,basic,tbl_cn_day,5484,present
2026-04-07,basic,tbl_cn_stk_limit,5576,present
2026-04-07,basic,tbl_cn_suspend,15,present
2026-04-07,basic,tbl_cn_daily_basic,5484,present
2026-04-07,kpl,tbl_cn_kpl_list,128,present
2026-04-07,kpl,tbl_cn_limit_list,123,present
2026-04-07,index,tbl_cn_index_daily,12,present
2026-04-08,basic,tbl_cn_day,5490,present
2026-04-08,basic,tbl_cn_stk_limit,5578,present
2026-04-08,basic,tbl_cn_suspend,14,present
2026-04-08,basic,tbl_cn_daily_basic,5490,present
2026-04-08,kpl,tbl_cn_kpl_list,155,present
2026-04-08,kpl,tbl_cn_limit_list,143,present
2026-04-08,index,tbl_cn_index_daily,12,present
2026-04-09,basic,tbl_cn_day,5491,present
2026-04-09,basic,tbl_cn_stk_limit,5578,present
2026-04-09,basic,tbl_cn_suspend,9,present
2026-04-09,basic,tbl_cn_daily_basic,5491,present
2026-04-09,kpl,tbl_cn_kpl_list,83,present
2026-04-09,kpl,tbl_cn_limit_list,70,present
2026-04-09,index,tbl_cn_index_daily,12,present
2026-04-10,basic,tbl_cn_day,5495,present
2026-04-10,basic,tbl_cn_stk_limit,5581,present
2026-04-10,basic,tbl_cn_suspend,8,present
2026-04-10,basic,tbl_cn_daily_basic,5495,present
2026-04-10,kpl,tbl_cn_kpl_list,77,present
2026-04-10,kpl,tbl_cn_limit_list,94,present
2026-04-10,index,tbl_cn_index_daily,12,present
2026-04-13,basic,tbl_cn_day,5494,present
2026-04-13,basic,tbl_cn_stk_limit,5581,present
2026-04-13,basic,tbl_cn_suspend,10,present
2026-04-13,basic,tbl_cn_daily_basic,5494,present
2026-04-13,kpl,tbl_cn_kpl_list,104,present
2026-04-13,kpl,tbl_cn_limit_list,78,present
2026-04-13,index,tbl_cn_index_daily,12,present
2026-04-14,basic,tbl_cn_day,5496,present
2026-04-14,basic,tbl_cn_stk_limit,5581,present
2026-04-14,basic,tbl_cn_suspend,9,present
2026-04-14,basic,tbl_cn_daily_basic,5496,present
2026-04-14,kpl,tbl_cn_kpl_list,96,present
2026-04-14,kpl,tbl_cn_limit_list,77,present
2026-04-14,index,tbl_cn_index_daily,12,present
2026-04-15,basic,tbl_cn_day,5494,present
2026-04-15,basic,tbl_cn_stk_limit,5581,present
2026-04-15,basic,tbl_cn_suspend,8,present
2026-04-15,basic,tbl_cn_daily_basic,5494,present
2026-04-15,kpl,tbl_cn_kpl_list,95,present
2026-04-15,kpl,tbl_cn_limit_list,88,present
2026-04-15,index,tbl_cn_index_daily,12,present
2026-04-16,basic,tbl_cn_day,5498,present
2026-04-16,basic,tbl_cn_stk_limit,5584,present
2026-04-16,basic,tbl_cn_suspend,8,present
2026-04-16,basic,tbl_cn_daily_basic,5498,present
2026-04-16,kpl,tbl_cn_kpl_list,112,present
2026-04-16,kpl,tbl_cn_limit_list,103,present
2026-04-16,index,tbl_cn_index_daily,12,present
2026-04-17,basic,tbl_cn_day,5497,present
2026-04-17,basic,tbl_cn_stk_limit,5585,present
2026-04-17,basic,tbl_cn_suspend,10,present
2026-04-17,basic,tbl_cn_daily_basic,5497,present
2026-04-17,kpl,tbl_cn_kpl_list,98,present
2026-04-17,kpl,tbl_cn_limit_list,94,present
2026-04-17,index,tbl_cn_index_daily,12,present
2026-04-20,basic,tbl_cn_day,5493,present
2026-04-20,basic,tbl_cn_stk_limit,5586,present
2026-04-20,basic,tbl_cn_suspend,16,present
2026-04-20,basic,tbl_cn_daily_basic,5493,present
2026-04-20,kpl,tbl_cn_kpl_list,112,present
2026-04-20,kpl,tbl_cn_limit_list,96,present
2026-04-20,index,tbl_cn_index_daily,12,present
2026-04-21,basic,tbl_cn_day,5498,present
2026-04-21,basic,tbl_cn_stk_limit,5588,present
2026-04-21,basic,tbl_cn_suspend,18,present
2026-04-21,basic,tbl_cn_daily_basic,5498,present
2026-04-21,kpl,tbl_cn_kpl_list,82,present
2026-04-21,kpl,tbl_cn_limit_list,72,present
2026-04-21,index,tbl_cn_index_daily,12,present
2026-04-22,basic,tbl_cn_day,5497,present
2026-04-22,basic,tbl_cn_stk_limit,5587,present
2026-04-22,basic,tbl_cn_suspend,15,present
2026-04-22,basic,tbl_cn_daily_basic,5497,present
2026-04-22,kpl,tbl_cn_kpl_list,85,present
2026-04-22,kpl,tbl_cn_limit_list,79,present
2026-04-22,index,tbl_cn_index_daily,12,present
2026-04-23,basic,tbl_cn_day,5494,present
2026-04-23,basic,tbl_cn_stk_limit,5587,present
2026-04-23,basic,tbl_cn_suspend,16,present
2026-04-23,basic,tbl_cn_daily_basic,5494,present
2026-04-23,kpl,tbl_cn_kpl_list,81,present
2026-04-23,kpl,tbl_cn_limit_list,85,present
2026-04-23,index,tbl_cn_index_daily,12,present
2026-04-24,basic,tbl_cn_day,5496,present
2026-04-24,basic,tbl_cn_stk_limit,5589,present
2026-04-24,basic,tbl_cn_suspend,19,present
2026-04-24,basic,tbl_cn_daily_basic,5496,present
2026-04-24,kpl,tbl_cn_kpl_list,95,present
2026-04-24,kpl,tbl_cn_limit_list,99,present
2026-04-24,index,tbl_cn_index_daily,12,present
2026-04-27,basic,tbl_cn_day,5495,present
2026-04-27,basic,tbl_cn_stk_limit,5589,present
2026-04-27,basic,tbl_cn_suspend,22,present
2026-04-27,basic,tbl_cn_daily_basic,5495,present
2026-04-27,kpl,tbl_cn_kpl_list,110,present
2026-04-27,kpl,tbl_cn_limit_list,117,present
2026-04-27,index,tbl_cn_index_daily,12,present
2026-04-28,basic,tbl_cn_day,5488,present
2026-04-28,basic,tbl_cn_stk_limit,5589,present
2026-04-28,basic,tbl_cn_suspend,31,present
2026-04-28,basic,tbl_cn_daily_basic,5488,present
2026-04-28,kpl,tbl_cn_kpl_list,94,present
2026-04-28,kpl,tbl_cn_limit_list,103,present
2026-04-28,index,tbl_cn_index_daily,12,present
2026-04-29,basic,tbl_cn_day,5462,present
2026-04-29,basic,tbl_cn_stk_limit,5590,present
2026-04-29,basic,tbl_cn_suspend,64,present
2026-04-29,basic,tbl_cn_daily_basic,5462,present
2026-04-29,kpl,tbl_cn_kpl_list,148,present
2026-04-29,kpl,tbl_cn_limit_list,136,present
2026-04-29,index,tbl_cn_index_daily,12,present
2026-04-30,basic,tbl_cn_day,5460,present
2026-04-30,basic,tbl_cn_stk_limit,5591,present
2026-04-30,basic,tbl_cn_suspend,94,present
2026-04-30,basic,tbl_cn_daily_basic,5460,present
2026-04-30,kpl,tbl_cn_kpl_list,117,present
2026-04-30,kpl,tbl_cn_limit_list,104,present
2026-04-30,index,tbl_cn_index_daily,12,present
2026-05-06,basic,tbl_cn_day,5490,present
2026-05-06,basic,tbl_cn_stk_limit,5591,present
2026-05-06,basic,tbl_cn_suspend,58,present
2026-05-06,basic,tbl_cn_daily_basic,5490,present
2026-05-06,kpl,tbl_cn_kpl_list,159,present
2026-05-06,kpl,tbl_cn_limit_list,133,present
2026-05-06,index,tbl_cn_index_daily,12,present
2026-05-07,basic,tbl_cn_day,5493,present
2026-05-07,basic,tbl_cn_stk_limit,5592,present
2026-05-07,basic,tbl_cn_suspend,23,present
2026-05-07,basic,tbl_cn_daily_basic,5493,present
2026-05-07,kpl,tbl_cn_kpl_list,165,present
2026-05-07,kpl,tbl_cn_limit_list,135,present
2026-05-07,index,tbl_cn_index_daily,12,present
2026-05-08,basic,tbl_cn_day,5491,present
2026-05-08,basic,tbl_cn_stk_limit,5592,present
2026-05-08,basic,tbl_cn_suspend,23,present
2026-05-08,basic,tbl_cn_daily_basic,5491,present
2026-05-08,kpl,tbl_cn_kpl_list,156,present
2026-05-08,kpl,tbl_cn_limit_list,117,present
2026-05-08,index,tbl_cn_index_daily,12,present
2026-05-11,basic,tbl_cn_day,5491,present
2026-05-11,basic,tbl_cn_stk_limit,5594,present
2026-05-11,basic,tbl_cn_suspend,26,present
2026-05-11,basic,tbl_cn_daily_basic,5491,present
2026-05-11,kpl,tbl_cn_kpl_list,173,present
2026-05-11,kpl,tbl_cn_limit_list,132,present
2026-05-11,index,tbl_cn_index_daily,12,present
2026-05-12,basic,tbl_cn_day,5490,present
2026-05-12,basic,tbl_cn_stk_limit,5594,present
2026-05-12,basic,tbl_cn_suspend,28,present
2026-05-12,basic,tbl_cn_daily_basic,5490,present
2026-05-12,kpl,tbl_cn_kpl_list,125,present
2026-05-12,kpl,tbl_cn_limit_list,88,present
2026-05-12,index,tbl_cn_index_daily,12,present
2026-05-13,basic,tbl_cn_day,5493,present
2026-05-13,basic,tbl_cn_stk_limit,5594,present
2026-05-13,basic,tbl_cn_suspend,27,present
2026-05-13,basic,tbl_cn_daily_basic,5493,present
2026-05-13,kpl,tbl_cn_kpl_list,174,present
2026-05-13,kpl,tbl_cn_limit_list,139,present
2026-05-13,index,tbl_cn_index_daily,12,present
2026-05-14,basic,tbl_cn_day,5493,present
2026-05-14,basic,tbl_cn_stk_limit,5594,present
2026-05-14,basic,tbl_cn_suspend,23,present
2026-05-14,basic,tbl_cn_daily_basic,5493,present
2026-05-14,kpl,tbl_cn_kpl_list,121,present
2026-05-14,kpl,tbl_cn_limit_list,103,present
2026-05-14,index,tbl_cn_index_daily,12,present
2026-05-15,basic,tbl_cn_day,5495,present
2026-05-15,basic,tbl_cn_stk_limit,5596,present
2026-05-15,basic,tbl_cn_suspend,23,present
2026-05-15,basic,tbl_cn_daily_basic,5495,present
2026-05-15,kpl,tbl_cn_kpl_list,120,present
2026-05-15,kpl,tbl_cn_limit_list,107,present
2026-05-15,index,tbl_cn_index_daily,12,present
2026-05-18,basic,tbl_cn_day,5499,present
2026-05-18,basic,tbl_cn_stk_limit,5598,present
2026-05-18,basic,tbl_cn_suspend,23,present
2026-05-18,basic,tbl_cn_daily_basic,5499,present
2026-05-18,kpl,tbl_cn_kpl_list,140,present
2026-05-18,kpl,tbl_cn_limit_list,133,present
2026-05-18,index,tbl_cn_index_daily,12,present
2026-05-19,basic,tbl_cn_day,5494,present
2026-05-19,basic,tbl_cn_stk_limit,5598,present
2026-05-19,basic,tbl_cn_suspend,26,present
2026-05-19,basic,tbl_cn_daily_basic,5494,present
2026-05-19,kpl,tbl_cn_kpl_list,139,present
2026-05-19,kpl,tbl_cn_limit_list,111,present
2026-05-19,index,tbl_cn_index_daily,12,present
2026-05-20,basic,tbl_cn_day,5498,present
2026-05-20,basic,tbl_cn_stk_limit,5598,present
2026-05-20,basic,tbl_cn_suspend,27,present
2026-05-20,basic,tbl_cn_daily_basic,5498,present
2026-05-20,kpl,tbl_cn_kpl_list,103,present
2026-05-20,kpl,tbl_cn_limit_list,102,present
2026-05-20,index,tbl_cn_index_daily,12,present
2026-05-21,basic,tbl_cn_day,5501,present
2026-05-21,basic,tbl_cn_stk_limit,5598,present
2026-05-21,basic,tbl_cn_suspend,21,present
2026-05-21,basic,tbl_cn_daily_basic,5501,present
2026-05-21,kpl,tbl_cn_kpl_list,110,present
2026-05-21,kpl,tbl_cn_limit_list,125,present
2026-05-21,index,tbl_cn_index_daily,12,present
2026-05-22,basic,tbl_cn_day,5504,present
2026-05-22,basic,tbl_cn_stk_limit,5601,present
2026-05-22,basic,tbl_cn_suspend,21,present
2026-05-22,basic,tbl_cn_daily_basic,5504,present
2026-05-22,kpl,tbl_cn_kpl_list,161,present
2026-05-22,kpl,tbl_cn_limit_list,141,present
2026-05-22,index,tbl_cn_index_daily,12,present
2026-05-25,basic,tbl_cn_day,5504,present
2026-05-25,basic,tbl_cn_stk_limit,5601,present
2026-05-25,basic,tbl_cn_suspend,19,present
2026-05-25,basic,tbl_cn_daily_basic,5504,present
2026-05-25,kpl,tbl_cn_kpl_list,165,present
2026-05-25,kpl,tbl_cn_limit_list,151,present
2026-05-25,index,tbl_cn_index_daily,12,present
2026-05-26,basic,tbl_cn_day,5504,present
2026-05-26,basic,tbl_cn_stk_limit,5601,present
2026-05-26,basic,tbl_cn_suspend,19,present
2026-05-26,basic,tbl_cn_daily_basic,5504,present
2026-05-26,kpl,tbl_cn_kpl_list,94,present
2026-05-26,kpl,tbl_cn_limit_list,86,present
2026-05-26,index,tbl_cn_index_daily,12,present
2026-05-27,basic,tbl_cn_day,5506,present
2026-05-27,basic,tbl_cn_stk_limit,5603,present
2026-05-27,basic,tbl_cn_suspend,19,present
2026-05-27,basic,tbl_cn_daily_basic,5506,present
2026-05-27,kpl,tbl_cn_kpl_list,87,present
2026-05-27,kpl,tbl_cn_limit_list,91,present
2026-05-27,index,tbl_cn_index_daily,12,present
2026-05-28,basic,tbl_cn_day,5506,present
2026-05-28,basic,tbl_cn_stk_limit,5603,present
2026-05-28,basic,tbl_cn_suspend,19,present
2026-05-28,basic,tbl_cn_daily_basic,5506,present
2026-05-28,kpl,tbl_cn_kpl_list,159,present
2026-05-28,kpl,tbl_cn_limit_list,131,present
2026-05-28,index,tbl_cn_index_daily,12,present
2026-05-29,basic,tbl_cn_day,5506,present
2026-05-29,basic,tbl_cn_stk_limit,5604,present
2026-05-29,basic,tbl_cn_suspend,19,present
2026-05-29,basic,tbl_cn_daily_basic,5506,present
2026-05-29,kpl,tbl_cn_kpl_list,125,present
2026-05-29,kpl,tbl_cn_limit_list,136,present
2026-05-29,index,tbl_cn_index_daily,12,present
2026-06-01,basic,tbl_cn_day,5508,present
2026-06-01,basic,tbl_cn_stk_limit,5604,present
2026-06-01,basic,tbl_cn_suspend,23,present
2026-06-01,basic,tbl_cn_daily_basic,5508,present
2026-06-01,kpl,tbl_cn_kpl_list,212,present
2026-06-01,kpl,tbl_cn_limit_list,182,present
2026-06-01,index,tbl_cn_index_daily,12,present
2026-06-02,basic,tbl_cn_day,5507,present
2026-06-02,basic,tbl_cn_stk_limit,5604,present
2026-06-02,basic,tbl_cn_suspend,21,present
2026-06-02,basic,tbl_cn_daily_basic,5507,present
2026-06-02,kpl,tbl_cn_kpl_list,127,present
2026-06-02,kpl,tbl_cn_limit_list,104,present
2026-06-02,index,tbl_cn_index_daily,12,present
2026-06-03,basic,tbl_cn_day,5511,present
2026-06-03,basic,tbl_cn_stk_limit,5603,present
2026-06-03,basic,tbl_cn_suspend,17,present
2026-06-03,basic,tbl_cn_daily_basic,5511,present
2026-06-03,kpl,tbl_cn_kpl_list,140,present
2026-06-03,kpl,tbl_cn_limit_list,128,present
2026-06-03,index,tbl_cn_index_daily,12,present
2026-06-04,basic,tbl_cn_day,5511,present
2026-06-04,basic,tbl_cn_stk_limit,5603,present
2026-06-04,basic,tbl_cn_suspend,13,present
2026-06-04,basic,tbl_cn_daily_basic,5511,present
2026-06-04,kpl,tbl_cn_kpl_list,113,present
2026-06-04,kpl,tbl_cn_limit_list,106,present
2026-06-04,index,tbl_cn_index_daily,12,present
2026-06-05,basic,tbl_cn_day,5514,present
2026-06-05,basic,tbl_cn_stk_limit,5604,present
2026-06-05,basic,tbl_cn_suspend,13,present
2026-06-05,basic,tbl_cn_daily_basic,5514,present
2026-06-05,kpl,tbl_cn_kpl_list,140,present
2026-06-05,kpl,tbl_cn_limit_list,136,present
2026-06-05,index,tbl_cn_index_daily,12,present
2026-06-08,basic,tbl_cn_day,5515,present
2026-06-08,basic,tbl_cn_stk_limit,5605,present
2026-06-08,basic,tbl_cn_suspend,15,present
2026-06-08,basic,tbl_cn_daily_basic,5515,present
2026-06-08,kpl,tbl_cn_kpl_list,78,present
2026-06-08,kpl,tbl_cn_limit_list,102,present
2026-06-08,index,tbl_cn_index_daily,12,present
2026-06-09,basic,tbl_cn_day,5515,present
2026-06-09,basic,tbl_cn_stk_limit,5606,present
2026-06-09,basic,tbl_cn_suspend,14,present
2026-06-09,basic,tbl_cn_daily_basic,5515,present
2026-06-09,kpl,tbl_cn_kpl_list,169,present
2026-06-09,kpl,tbl_cn_limit_list,163,present
2026-06-09,index,tbl_cn_index_daily,12,present
2026-06-10,basic,tbl_cn_day,5512,present
2026-06-10,basic,tbl_cn_stk_limit,5605,present
2026-06-10,basic,tbl_cn_suspend,14,present
2026-06-10,basic,tbl_cn_daily_basic,5512,present
2026-06-10,kpl,tbl_cn_kpl_list,99,present
2026-06-10,kpl,tbl_cn_limit_list,115,present
2026-06-10,index,tbl_cn_index_daily,12,present
2026-06-11,basic,tbl_cn_day,5511,present
2026-06-11,basic,tbl_cn_stk_limit,5606,present
2026-06-11,basic,tbl_cn_suspend,19,present
2026-06-11,basic,tbl_cn_daily_basic,5511,present
2026-06-11,kpl,tbl_cn_kpl_list,110,present
2026-06-11,kpl,tbl_cn_limit_list,131,present
2026-06-11,index,tbl_cn_index_daily,12,present
2026-06-12,basic,tbl_cn_day,5512,present
2026-06-12,basic,tbl_cn_stk_limit,5606,present
2026-06-12,basic,tbl_cn_suspend,19,present
2026-06-12,basic,tbl_cn_daily_basic,5512,present
2026-06-12,kpl,tbl_cn_kpl_list,167,present
2026-06-12,kpl,tbl_cn_limit_list,166,present
2026-06-12,index,tbl_cn_index_daily,12,present
2026-06-15,basic,tbl_cn_day,5508,present
2026-06-15,basic,tbl_cn_stk_limit,5607,present
2026-06-15,basic,tbl_cn_suspend,22,present
2026-06-15,basic,tbl_cn_daily_basic,5508,present
2026-06-15,kpl,tbl_cn_kpl_list,207,present
2026-06-15,kpl,tbl_cn_limit_list,191,present
2026-06-15,index,tbl_cn_index_daily,12,present
2026-06-16,basic,tbl_cn_day,5513,present
2026-06-16,basic,tbl_cn_stk_limit,5607,present
2026-06-16,basic,tbl_cn_suspend,22,present
2026-06-16,basic,tbl_cn_daily_basic,5513,present
2026-06-16,kpl,tbl_cn_kpl_list,179,present
2026-06-16,kpl,tbl_cn_limit_list,162,present
2026-06-16,index,tbl_cn_index_daily,12,present
2026-06-17,basic,tbl_cn_day,5509,present
2026-06-17,basic,tbl_cn_stk_limit,5607,present
2026-06-17,basic,tbl_cn_suspend,19,present
2026-06-17,basic,tbl_cn_daily_basic,5509,present
2026-06-17,kpl,tbl_cn_kpl_list,125,present
2026-06-17,kpl,tbl_cn_limit_list,115,present
2026-06-17,index,tbl_cn_index_daily,12,present
2026-06-18,basic,tbl_cn_day,5507,present
2026-06-18,basic,tbl_cn_stk_limit,5607,present
2026-06-18,basic,tbl_cn_suspend,24,present
2026-06-18,basic,tbl_cn_daily_basic,5507,present
2026-06-18,kpl,tbl_cn_kpl_list,152,present
2026-06-18,kpl,tbl_cn_limit_list,145,present
2026-06-18,index,tbl_cn_index_daily,12,present
2026-06-22,basic,tbl_cn_day,5510,present
2026-06-22,basic,tbl_cn_stk_limit,5607,present
2026-06-22,basic,tbl_cn_suspend,23,present
2026-06-22,basic,tbl_cn_daily_basic,5510,present
2026-06-22,kpl,tbl_cn_kpl_list,177,present
2026-06-22,kpl,tbl_cn_limit_list,164,present
2026-06-22,index,tbl_cn_index_daily,12,present
2026-06-23,basic,tbl_cn_day,5513,present
2026-06-23,basic,tbl_cn_stk_limit,5607,present
2026-06-23,basic,tbl_cn_suspend,24,present
2026-06-23,basic,tbl_cn_daily_basic,5513,present
2026-06-23,kpl,tbl_cn_kpl_list,182,present
2026-06-23,kpl,tbl_cn_limit_list,185,present
2026-06-23,index,tbl_cn_index_daily,12,present
2026-06-24,basic,tbl_cn_day,5512,present
2026-06-24,basic,tbl_cn_stk_limit,5608,present
2026-06-24,basic,tbl_cn_suspend,18,present
2026-06-24,basic,tbl_cn_daily_basic,5512,present
2026-06-24,kpl,tbl_cn_kpl_list,132,present
2026-06-24,kpl,tbl_cn_limit_list,133,present
2026-06-24,index,tbl_cn_index_daily,12,present
2026-06-25,basic,tbl_cn_day,5511,present
2026-06-25,basic,tbl_cn_stk_limit,5608,present
2026-06-25,basic,tbl_cn_suspend,20,present
2026-06-25,basic,tbl_cn_daily_basic,5511,present
2026-06-25,kpl,tbl_cn_kpl_list,128,present
2026-06-25,kpl,tbl_cn_limit_list,134,present
2026-06-25,index,tbl_cn_index_daily,12,present
2026-06-26,basic,tbl_cn_day,5513,present
2026-06-26,basic,tbl_cn_stk_limit,5607,present
2026-06-26,basic,tbl_cn_suspend,20,present
2026-06-26,basic,tbl_cn_daily_basic,5513,present
2026-06-26,kpl,tbl_cn_kpl_list,111,present
2026-06-26,kpl,tbl_cn_limit_list,125,present
2026-06-26,index,tbl_cn_index_daily,12,present
2026-06-29,basic,tbl_cn_day,5510,present
2026-06-29,basic,tbl_cn_stk_limit,5606,present
2026-06-29,basic,tbl_cn_suspend,20,present
2026-06-29,basic,tbl_cn_daily_basic,5510,present
2026-06-29,kpl,tbl_cn_kpl_list,166,present
2026-06-29,kpl,tbl_cn_limit_list,183,present
2026-06-29,index,tbl_cn_index_daily,12,present
2026-06-30,basic,tbl_cn_day,5508,present
2026-06-30,basic,tbl_cn_stk_limit,5607,present
2026-06-30,basic,tbl_cn_suspend,23,present
2026-06-30,basic,tbl_cn_daily_basic,5508,present
2026-06-30,kpl,tbl_cn_kpl_list,202,present
2026-06-30,kpl,tbl_cn_limit_list,171,present
2026-06-30,index,tbl_cn_index_daily,12,present
2026-07-01,basic,tbl_cn_day,5511,present
2026-07-01,basic,tbl_cn_stk_limit,5607,present
2026-07-01,basic,tbl_cn_suspend,23,present
2026-07-01,basic,tbl_cn_daily_basic,5511,present
2026-07-01,kpl,tbl_cn_kpl_list,304,present
2026-07-01,kpl,tbl_cn_limit_list,232,present
2026-07-01,index,tbl_cn_index_daily,12,present
2026-07-02,basic,tbl_cn_day,5517,present
2026-07-02,basic,tbl_cn_stk_limit,5609,present
2026-07-02,basic,tbl_cn_suspend,18,present
2026-07-02,basic,tbl_cn_daily_basic,5517,present
2026-07-02,kpl,tbl_cn_kpl_list,209,present
2026-07-02,kpl,tbl_cn_limit_list,173,present
2026-07-02,index,tbl_cn_index_daily,12,present
2026-07-03,basic,tbl_cn_day,5516,present
2026-07-03,basic,tbl_cn_stk_limit,5607,present
2026-07-03,basic,tbl_cn_suspend,12,present
2026-07-03,basic,tbl_cn_daily_basic,5516,present
2026-07-03,kpl,tbl_cn_kpl_list,212,present
2026-07-03,kpl,tbl_cn_limit_list,179,present
2026-07-03,index,tbl_cn_index_daily,12,present
2026-07-06,basic,tbl_cn_day,5517,present
2026-07-06,basic,tbl_cn_stk_limit,5606,present
2026-07-06,basic,tbl_cn_suspend,12,present
2026-07-06,basic,tbl_cn_daily_basic,5517,present
2026-07-06,kpl,tbl_cn_kpl_list,115,present
2026-07-06,kpl,tbl_cn_limit_list,151,present
2026-07-06,index,tbl_cn_index_daily,12,present
2026-07-07,basic,tbl_cn_day,5517,present
2026-07-07,basic,tbl_cn_stk_limit,5606,present
2026-07-07,basic,tbl_cn_suspend,12,present
2026-07-07,basic,tbl_cn_daily_basic,5517,present
2026-07-07,kpl,tbl_cn_kpl_list,58,present
2026-07-07,kpl,tbl_cn_limit_list,86,present
2026-07-07,index,tbl_cn_index_daily,12,present
2026-07-08,basic,tbl_cn_day,5518,present
2026-07-08,basic,tbl_cn_stk_limit,5607,present
2026-07-08,basic,tbl_cn_suspend,11,present
2026-07-08,basic,tbl_cn_daily_basic,5518,present
2026-07-08,kpl,tbl_cn_kpl_list,72,present
2026-07-08,kpl,tbl_cn_limit_list,102,present
2026-07-08,index,tbl_cn_index_daily,12,present
2026-07-09,basic,tbl_cn_day,5520,present
2026-07-09,basic,tbl_cn_stk_limit,5608,present
2026-07-09,basic,tbl_cn_suspend,11,present
2026-07-09,basic,tbl_cn_daily_basic,5520,present
2026-07-09,kpl,tbl_cn_kpl_list,97,present
2026-07-09,kpl,tbl_cn_limit_list,104,present
2026-07-09,index,tbl_cn_index_daily,12,present
2026-07-10,basic,tbl_cn_day,5521,present
2026-07-10,basic,tbl_cn_stk_limit,5609,present
2026-07-10,basic,tbl_cn_suspend,11,present
2026-07-10,basic,tbl_cn_daily_basic,5521,present
2026-07-10,kpl,tbl_cn_kpl_list,182,present
2026-07-10,kpl,tbl_cn_limit_list,187,present
2026-07-10,index,tbl_cn_index_daily,12,present
2026-07-13,basic,tbl_cn_day,5524,present
2026-07-13,basic,tbl_cn_stk_limit,5609,present
2026-07-13,basic,tbl_cn_suspend,10,present
2026-07-13,basic,tbl_cn_daily_basic,5524,present
2026-07-13,kpl,tbl_cn_kpl_list,43,present
2026-07-13,kpl,tbl_cn_limit_list,215,present
2026-07-13,index,tbl_cn_index_daily,12,present
2026-07-14,basic,tbl_cn_day,5524,present
2026-07-14,basic,tbl_cn_stk_limit,5607,present
2026-07-14,basic,tbl_cn_suspend,7,present
2026-07-14,basic,tbl_cn_daily_basic,5524,present
2026-07-14,kpl,tbl_cn_kpl_list,105,present
2026-07-14,kpl,tbl_cn_limit_list,124,present
2026-07-14,index,tbl_cn_index_daily,12,present
2026-07-15,basic,tbl_cn_day,5525,present
2026-07-15,basic,tbl_cn_stk_limit,5607,present
2026-07-15,basic,tbl_cn_suspend,4,present
2026-07-15,basic,tbl_cn_daily_basic,5525,present
2026-07-15,kpl,tbl_cn_kpl_list,94,present
2026-07-15,kpl,tbl_cn_limit_list,124,present
2026-07-15,index,tbl_cn_index_daily,12,present
2026-07-16,basic,tbl_cn_day,5524,present
2026-07-16,basic,tbl_cn_stk_limit,5608,present
2026-07-16,basic,tbl_cn_suspend,6,present
2026-07-16,basic,tbl_cn_daily_basic,5524,present
2026-07-16,kpl,tbl_cn_kpl_list,72,present
2026-07-16,kpl,tbl_cn_limit_list,100,present
2026-07-16,index,tbl_cn_index_daily,12,present
2026-07-17,basic,tbl_cn_day,5522,present
2026-07-17,basic,tbl_cn_stk_limit,5607,present
2026-07-17,basic,tbl_cn_suspend,7,present
2026-07-17,basic,tbl_cn_daily_basic,5522,present
2026-07-17,kpl,tbl_cn_kpl_list,44,present
2026-07-17,kpl,tbl_cn_limit_list,235,present
2026-07-17,index,tbl_cn_index_daily,12,present
2026-07-20,basic,tbl_cn_day,5524,present
2026-07-20,basic,tbl_cn_stk_limit,5607,present
2026-07-20,basic,tbl_cn_suspend,6,present
2026-07-20,basic,tbl_cn_daily_basic,5524,present
2026-07-20,kpl,tbl_cn_kpl_list,93,present
2026-07-20,kpl,tbl_cn_limit_list,301,present
2026-07-20,index,tbl_cn_index_daily,12,present
2026-07-21,basic,tbl_cn_day,5525,present
2026-07-21,basic,tbl_cn_stk_limit,5608,present
2026-07-21,basic,tbl_cn_suspend,5,present
2026-07-21,basic,tbl_cn_daily_basic,5525,present
2026-07-21,kpl,tbl_cn_kpl_list,128,present
2026-07-21,kpl,tbl_cn_limit_list,150,present
2026-07-21,index,tbl_cn_index_daily,12,present
2026-07-22,basic,tbl_cn_day,5526,present
2026-07-22,basic,tbl_cn_stk_limit,5609,present
2026-07-22,basic,tbl_cn_suspend,6,present
2026-07-22,basic,tbl_cn_daily_basic,5526,present
2026-07-22,kpl,tbl_cn_kpl_list,85,present
2026-07-22,kpl,tbl_cn_limit_list,91,present
2026-07-22,index,tbl_cn_index_daily,12,present
2026-07-23,basic,tbl_cn_day,5526,present
2026-07-23,basic,tbl_cn_stk_limit,5609,present
2026-07-23,basic,tbl_cn_suspend,6,present
2026-07-23,basic,tbl_cn_daily_basic,5526,present
2026-07-23,kpl,tbl_cn_kpl_list,153,present
2026-07-23,kpl,tbl_cn_limit_list,143,present
2026-07-23,index,tbl_cn_index_daily,12,present
2026-07-24,basic,tbl_cn_day,5526,present
2026-07-24,basic,tbl_cn_stk_limit,5610,present
2026-07-24,basic,tbl_cn_suspend,5,present
2026-07-24,basic,tbl_cn_daily_basic,5526,present
2026-07-24,kpl,tbl_cn_kpl_list,56,present
2026-07-24,kpl,tbl_cn_limit_list,76,present
2026-07-24,index,tbl_cn_index_daily,12,present
2026-07-27,basic,tbl_cn_day,5523,present
2026-07-27,basic,tbl_cn_stk_limit,5612,present
2026-07-27,basic,tbl_cn_suspend,11,present
2026-07-27,basic,tbl_cn_daily_basic,5523,present
2026-07-27,kpl,tbl_cn_kpl_list,134,present
2026-07-27,kpl,tbl_cn_limit_list,130,present
2026-07-27,index,tbl_cn_index_daily,12,present
2026-07-28,basic,tbl_cn_day,5524,present
2026-07-28,basic,tbl_cn_stk_limit,5612,present
2026-07-28,basic,tbl_cn_suspend,10,present
2026-07-28,basic,tbl_cn_daily_basic,5524,present
2026-07-28,kpl,tbl_cn_kpl_list,90,present
2026-07-28,kpl,tbl_cn_limit_list,130,present
2026-07-28,index,tbl_cn_index_daily,12,present
2026-07-29,basic,tbl_cn_day,5524,present
2026-07-29,basic,tbl_cn_stk_limit,5613,present
2026-07-29,basic,tbl_cn_suspend,11,present
2026-07-29,basic,tbl_cn_daily_basic,5524,present
2026-07-29,kpl,tbl_cn_kpl_list,100,present
2026-07-29,kpl,tbl_cn_limit_list,104,present
2026-07-29,index,tbl_cn_index_daily,12,present
2026-07-30,basic,tbl_cn_day,5528,present
2026-07-30,basic,tbl_cn_stk_limit,5613,present
2026-07-30,basic,tbl_cn_suspend,12,present
2026-07-30,basic,tbl_cn_daily_basic,5528,present
2026-07-30,kpl,tbl_cn_kpl_list,76,present
2026-07-30,kpl,tbl_cn_limit_list,145,present
2026-07-30,index,tbl_cn_index_daily,12,present
2026-07-31,basic,tbl_cn_day,5528,present
2026-07-31,basic,tbl_cn_stk_limit,5613,present
2026-07-31,basic,tbl_cn_suspend,8,present
2026-07-31,basic,tbl_cn_daily_basic,5528,present
2026-07-31,kpl,tbl_cn_kpl_list,214,present
2026-07-31,kpl,tbl_cn_limit_list,206,present
2026-07-31,index,tbl_cn_index_daily,12,present
2026-08-03,basic,tbl_cn_day,5529,present
2026-08-03,basic,tbl_cn_stk_limit,5614,present
2026-08-03,basic,tbl_cn_suspend,10,present
2026-08-03,basic,tbl_cn_daily_basic,5529,present
2026-08-03,kpl,tbl_cn_kpl_list,103,present
2026-08-03,kpl,tbl_cn_limit_list,99,present
2026-08-03,index,tbl_cn_index_daily,12,present
2026-08-04,basic,tbl_cn_day,5529,present
2026-08-04,basic,tbl_cn_stk_limit,5615,present
2026-08-04,basic,tbl_cn_suspend,8,present
2026-08-04,basic,tbl_cn_daily_basic,5529,present
2026-08-04,kpl,tbl_cn_kpl_list,157,present
2026-08-04,kpl,tbl_cn_limit_list,153,present
2026-08-04,index,tbl_cn_index_daily,12,present
2026-08-05,basic,tbl_cn_day,5532,present
2026-08-05,basic,tbl_cn_stk_limit,5616,present
2026-08-05,basic,tbl_cn_suspend,7,present
2026-08-05,basic,tbl_cn_daily_basic,5532,present
2026-08-05,kpl,tbl_cn_kpl_list,148,present
2026-08-05,kpl,tbl_cn_limit_list,147,present
2026-08-05,index,tbl_cn_index_daily,12,present
2026-08-06,basic,tbl_cn_day,5533,present
2026-08-06,basic,tbl_cn_stk_limit,5617,present
2026-08-06,basic,tbl_cn_suspend,6,present
2026-08-06,basic,tbl_cn_daily_basic,5533,present
2026-08-06,kpl,tbl_cn_kpl_list,103,present
2026-08-06,kpl,tbl_cn_limit_list,100,present
2026-08-06,index,tbl_cn_index_daily,12,present
2026-08-07,basic,tbl_cn_day,5535,present
2026-08-07,basic,tbl_cn_stk_limit,5618,present
2026-08-07,basic,tbl_cn_suspend,5,present
2026-08-07,basic,tbl_cn_daily_basic,5535,present
2026-08-07,kpl,tbl_cn_kpl_list,100,present
2026-08-07,kpl,tbl_cn_limit_list,104,present
2026-08-07,index,tbl_cn_index_daily,12,present
2026-08-10,basic,tbl_cn_day,5538,present
2026-08-10,basic,tbl_cn_stk_limit,5618,present
2026-08-10,basic,tbl_cn_suspend,4,present
2026-08-10,basic,tbl_cn_daily_basic,5538,present
2026-08-10,kpl,tbl_cn_kpl_list,118,present
2026-08-10,kpl,tbl_cn_limit_list,118,present
2026-08-10,index,tbl_cn_index_daily,12,present
2026-08-11,basic,tbl_cn_day,5539,present
2026-08-11,basic,tbl_cn_stk_limit,5621,present
2026-08-11,basic,tbl_cn_suspend,3,present
2026-08-11,basic,tbl_cn_daily_basic,5539,present
2026-08-11,kpl,tbl_cn_kpl_list,78,present
2026-08-11,kpl,tbl_cn_limit_list,76,present
2026-08-11,index,tbl_cn_index_daily,12,present
2026-08-12,basic,tbl_cn_day,5539,present
2026-08-12,basic,tbl_cn_stk_limit,5622,present
2026-08-12,basic,tbl_cn_suspend,4,present
2026-08-12,basic,tbl_cn_daily_basic,5539,present
2026-08-12,kpl,tbl_cn_kpl_list,108,present
2026-08-12,kpl,tbl_cn_limit_list,105,present
2026-08-12,index,tbl_cn_index_daily,12,present
2026-08-13,basic,tbl_cn_day,5540,present
2026-08-13,basic,tbl_cn_stk_limit,5622,present
2026-08-13,basic,tbl_cn_suspend,5,present
2026-08-13,basic,tbl_cn_daily_basic,5540,present
2026-08-13,kpl,tbl_cn_kpl_list,100,present
2026-08-13,kpl,tbl_cn_limit_list,99,present
2026-08-13,index,tbl_cn_index_daily,12,present
2026-08-14,basic,tbl_cn_day,5540,present
2026-08-14,basic,tbl_cn_stk_limit,5622,present
2026-08-14,basic,tbl_cn_suspend,3,present
2026-08-14,basic,tbl_cn_daily_basic,5540,present
2026-08-14,kpl,tbl_cn_kpl_list,83,present
2026-08-14,kpl,tbl_cn_limit_list,91,present
2026-08-14,index,tbl_cn_index_daily,12,present
2026-08-17,basic,tbl_cn_day,5539,present
2026-08-17,basic,tbl_cn_stk_limit,5623,present
2026-08-17,basic,tbl_cn_suspend,5,present
2026-08-17,basic,tbl_cn_daily_basic,5539,present
2026-08-17,kpl,tbl_cn_kpl_list,123,present
2026-08-17,kpl,tbl_cn_limit_list,119,present
2026-08-17,index,tbl_cn_index_daily,12,present
2026-08-18,basic,tbl_cn_day,5540,present
2026-08-18,basic,tbl_cn_stk_limit,5624,present
2026-08-18,basic,tbl_cn_suspend,6,present
2026-08-18,basic,tbl_cn_daily_basic,5540,present
2026-08-18,kpl,tbl_cn_kpl_list,105,present
2026-08-18,kpl,tbl_cn_limit_list,107,present
2026-08-18,index,tbl_cn_index_daily,12,present
2026-08-19,basic,tbl_cn_day,5541,present
2026-08-19,basic,tbl_cn_stk_limit,5626,present
2026-08-19,basic,tbl_cn_suspend,7,present
2026-08-19,basic,tbl_cn_daily_basic,5541,present
2026-08-19,kpl,tbl_cn_kpl_list,51,present
2026-08-19,kpl,tbl_cn_limit_list,166,present
2026-08-19,index,tbl_cn_index_daily,12,present
2026-08-20,basic,tbl_cn_day,5541,present
2026-08-20,basic,tbl_cn_stk_limit,5627,present
2026-08-20,basic,tbl_cn_suspend,7,present
2026-08-20,basic,tbl_cn_daily_basic,5541,present
2026-08-20,kpl,tbl_cn_kpl_list,132,present
2026-08-20,kpl,tbl_cn_limit_list,137,present
2026-08-20,index,tbl_cn_index_daily,12,present
2026-08-21,basic,tbl_cn_day,5543,present
2026-08-21,basic,tbl_cn_stk_limit,5628,present
2026-08-21,basic,tbl_cn_suspend,7,present
2026-08-21,basic,tbl_cn_daily_basic,5543,present
2026-08-21,kpl,tbl_cn_kpl_list,78,present
2026-08-21,kpl,tbl_cn_limit_list,85,present
2026-08-21,index,tbl_cn_index_daily,12,present
2026-08-24,basic,tbl_cn_day,5545,present
2026-08-24,basic,tbl_cn_stk_limit,5628,present
2026-08-24,basic,tbl_cn_suspend,8,present
2026-08-24,basic,tbl_cn_daily_basic,5545,present
2026-08-24,kpl,tbl_cn_kpl_list,64,present
2026-08-24,kpl,tbl_cn_limit_list,73,present
2026-08-24,index,tbl_cn_index_daily,12,present
2026-08-25,basic,tbl_cn_day,5546,present
2026-08-25,basic,tbl_cn_stk_limit,5629,present
2026-08-25,basic,tbl_cn_suspend,6,present
2026-08-25,basic,tbl_cn_daily_basic,5546,present
2026-08-25,kpl,tbl_cn_kpl_list,94,present
2026-08-25,kpl,tbl_cn_limit_list,89,present
2026-08-25,index,tbl_cn_index_daily,12,present
2026-08-26,basic,tbl_cn_day,5547,present
2026-08-26,basic,tbl_cn_stk_limit,5629,present
2026-08-26,basic,tbl_cn_suspend,5,present
2026-08-26,basic,tbl_cn_daily_basic,5547,present
2026-08-26,kpl,tbl_cn_kpl_list,79,present
2026-08-26,kpl,tbl_cn_limit_list,72,present
2026-08-26,index,tbl_cn_index_daily,12,present
2026-08-27,basic,tbl_cn_day,5547,present
2026-08-27,basic,tbl_cn_stk_limit,5629,present
2026-08-27,basic,tbl_cn_suspend,4,present
2026-08-27,basic,tbl_cn_daily_basic,5547,present
2026-08-27,kpl,tbl_cn_kpl_list,96,present
2026-08-27,kpl,tbl_cn_limit_list,97,present
2026-08-27,index,tbl_cn_index_daily,12,present
2026-08-28,basic,tbl_cn_day,5547,present
2026-08-28,basic,tbl_cn_stk_limit,5630,present
2026-08-28,basic,tbl_cn_suspend,7,present
2026-08-28,basic,tbl_cn_daily_basic,5547,present
2026-08-28,kpl,tbl_cn_kpl_list,101,present
2026-08-28,kpl,tbl_cn_limit_list,99,present
2026-08-28,index,tbl_cn_index_daily,12,present
2026-08-31,basic,tbl_cn_day,5545,present
2026-08-31,basic,tbl_cn_stk_limit,5630,present
2026-08-31,basic,tbl_cn_suspend,8,present
2026-08-31,basic,tbl_cn_daily_basic,5545,present
2026-08-31,kpl,tbl_cn_kpl_list,120,present
2026-08-31,kpl,tbl_cn_limit_list,129,present
2026-08-31,index,tbl_cn_index_daily,12,present
2026-09-01,basic,tbl_cn_day,5546,present
2026-09-01,basic,tbl_cn_stk_limit,5632,present
2026-09-01,basic,tbl_cn_suspend,9,present
2026-09-01,basic,tbl_cn_daily_basic,5546,present
2026-09-01,kpl,tbl_cn_kpl_list,92,present
2026-09-01,kpl,tbl_cn_limit_list,89,present
2026-09-01,index,tbl_cn_index_daily,12,present
2026-09-02,basic,tbl_cn_day,5547,present
2026-09-02,basic,tbl_cn_stk_limit,5633,present
2026-09-02,basic,tbl_cn_suspend,8,present
2026-09-02,basic,tbl_cn_daily_basic,5547,present
2026-09-02,kpl,tbl_cn_kpl_list,70,present
2026-09-02,kpl,tbl_cn_limit_list,75,present
2026-09-02,index,tbl_cn_index_daily,12,present
2026-09-03,basic,tbl_cn_day,5549,present
2026-09-03,basic,tbl_cn_stk_limit,5634,present
2026-09-03,basic,tbl_cn_suspend,7,present
2026-09-03,basic,tbl_cn_daily_basic,5549,present
2026-09-03,kpl,tbl_cn_kpl_list,79,present
2026-09-03,kpl,tbl_cn_limit_list,93,present
2026-09-03,index,tbl_cn_index_daily,12,present
2026-09-04,basic,tbl_cn_day,5548,present
2026-09-04,basic,tbl_cn_stk_limit,5635,present
2026-09-04,basic,tbl_cn_suspend,8,present
2026-09-04,basic,tbl_cn_daily_basic,5548,present
2026-09-04,kpl,tbl_cn_kpl_list,90,present
2026-09-04,kpl,tbl_cn_limit_list,96,present
2026-09-04,index,tbl_cn_index_daily,12,present
2026-09-07,basic,tbl_cn_day,5549,present
2026-09-07,basic,tbl_cn_stk_limit,5637,present
2026-09-07,basic,tbl_cn_suspend,10,present
2026-09-07,basic,tbl_cn_daily_basic,5549,present
2026-09-07,kpl,tbl_cn_kpl_list,116,present
2026-09-07,kpl,tbl_cn_limit_list,114,present
2026-09-07,index,tbl_cn_index_daily,12,present
2026-09-08,basic,tbl_cn_day,5549,present
2026-09-08,basic,tbl_cn_stk_limit,5637,present
2026-09-08,basic,tbl_cn_suspend,10,present
2026-09-08,basic,tbl_cn_daily_basic,5549,present
2026-09-08,kpl,tbl_cn_kpl_list,111,present
2026-09-08,kpl,tbl_cn_limit_list,110,present
2026-09-08,index,tbl_cn_index_daily,12,present
2026-09-09,basic,tbl_cn_day,5550,present
2026-09-09,basic,tbl_cn_stk_limit,5639,present
2026-09-09,basic,tbl_cn_suspend,10,present
2026-09-09,basic,tbl_cn_daily_basic,5550,present
2026-09-09,kpl,tbl_cn_kpl_list,76,present
2026-09-09,kpl,tbl_cn_limit_list,82,present
2026-09-09,index,tbl_cn_index_daily,12,present
2026-09-10,basic,tbl_cn_day,5549,present
2026-09-10,basic,tbl_cn_stk_limit,5640,present
2026-09-10,basic,tbl_cn_suspend,12,present
2026-09-10,basic,tbl_cn_daily_basic,5549,present
2026-09-10,kpl,tbl_cn_kpl_list,63,present
2026-09-10,kpl,tbl_cn_limit_list,68,present
2026-09-10,index,tbl_cn_index_daily,12,present
2026-09-11,basic,tbl_cn_day,5550,present
2026-09-11,basic,tbl_cn_stk_limit,5641,present
2026-09-11,basic,tbl_cn_suspend,13,present
2026-09-11,basic,tbl_cn_daily_basic,5550,present
2026-09-11,kpl,tbl_cn_kpl_list,59,present
2026-09-11,kpl,tbl_cn_limit_list,79,present
2026-09-11,index,tbl_cn_index_daily,12,present
2026-09-14,basic,tbl_cn_day,5550,present
2026-09-14,basic,tbl_cn_stk_limit,5641,present
2026-09-14,basic,tbl_cn_suspend,15,present
2026-09-14,basic,tbl_cn_daily_basic,5550,present
2026-09-14,kpl,tbl_cn_kpl_list,92,present
2026-09-14,kpl,tbl_cn_limit_list,100,present
2026-09-14,index,tbl_cn_index_daily,12,present
2026-09-15,basic,tbl_cn_day,5548,present
2026-09-15,basic,tbl_cn_stk_limit,5641,present
2026-09-15,basic,tbl_cn_suspend,16,present
2026-09-15,basic,tbl_cn_daily_basic,5548,present
2026-09-15,kpl,tbl_cn_kpl_list,56,present
2026-09-15,kpl,tbl_cn_limit_list,83,present
2026-09-15,index,tbl_cn_index_daily,12,present
2026-09-16,basic,tbl_cn_day,5550,present
2026-09-16,basic,tbl_cn_stk_limit,5643,present
2026-09-16,basic,tbl_cn_suspend,14,present
2026-09-16,basic,tbl_cn_daily_basic,5550,present
2026-09-16,kpl,tbl_cn_kpl_list,102,present
2026-09-16,kpl,tbl_cn_limit_list,104,present
2026-09-16,index,tbl_cn_index_daily,12,present
2026-09-17,basic,tbl_cn_day,5553,present
2026-09-17,basic,tbl_cn_stk_limit,5644,present
2026-09-17,basic,tbl_cn_suspend,15,present
2026-09-17,basic,tbl_cn_daily_basic,5553,present
2026-09-17,kpl,tbl_cn_kpl_list,70,present
2026-09-17,kpl,tbl_cn_limit_list,68,present
2026-09-17,index,tbl_cn_index_daily,12,present
2026-09-18,basic,tbl_cn_day,5553,present
2026-09-18,basic,tbl_cn_stk_limit,5644,present
2026-09-18,basic,tbl_cn_suspend,14,present
2026-09-18,basic,tbl_cn_daily_basic,0,missing
2026-09-18,kpl,tbl_cn_kpl_list,105,present
2026-09-18,kpl,tbl_cn_limit_list,103,present
2026-09-18,index,tbl_cn_index_daily,11,present
2026-09-21,basic,tbl_cn_day,5553,present
2026-09-21,basic,tbl_cn_stk_limit,5644,present
2026-09-21,basic,tbl_cn_suspend,16,present
2026-09-21,basic,tbl_cn_daily_basic,0,missing
2026-09-21,kpl,tbl_cn_kpl_list,131,present
2026-09-21,kpl,tbl_cn_limit_list,130,present
2026-09-21,index,tbl_cn_index_daily,11,present
2026-09-22,basic,tbl_cn_day,5554,present
2026-09-22,basic,tbl_cn_stk_limit,5646,present
2026-09-22,basic,tbl_cn_suspend,15,present
2026-09-22,basic,tbl_cn_daily_basic,0,missing
2026-09-22,kpl,tbl_cn_kpl_list,85,present
2026-09-22,kpl,tbl_cn_limit_list,84,present
2026-09-22,index,tbl_cn_index_daily,11,present
2026-09-23,basic,tbl_cn_day,5556,present
2026-09-23,basic,tbl_cn_stk_limit,5647,present
2026-09-23,basic,tbl_cn_suspend,13,present
2026-09-23,basic,tbl_cn_daily_basic,0,missing
2026-09-23,kpl,tbl_cn_kpl_list,79,present
2026-09-23,kpl,tbl_cn_limit_list,90,present
2026-09-23,index,tbl_cn_index_daily,11,present
2026-09-24,basic,tbl_cn_day,5557,present
2026-09-24,basic,tbl_cn_stk_limit,5648,present
2026-09-24,basic,tbl_cn_suspend,13,present
2026-09-24,basic,tbl_cn_daily_basic,0,missing
2026-09-24,kpl,tbl_cn_kpl_list,63,present
2026-09-24,kpl,tbl_cn_limit_list,75,present
2026-09-24,index,tbl_cn_index_daily,11,present
2026-09-28,basic,tbl_cn_day,5557,present
2026-09-28,basic,tbl_cn_stk_limit,5648,present
2026-09-28,basic,tbl_cn_suspend,13,present
2026-09-28,basic,tbl_cn_daily_basic,0,missing
2026-09-28,kpl,tbl_cn_kpl_list,46,present
2026-09-28,kpl,tbl_cn_limit_list,100,present
2026-09-28,index,tbl_cn_index_daily,11,present
2026-09-29,basic,tbl_cn_day,5559,present
2026-09-29,basic,tbl_cn_stk_limit,5650,present
2026-09-29,basic,tbl_cn_suspend,16,present
2026-09-29,basic,tbl_cn_daily_basic,0,missing
2026-09-29,kpl,tbl_cn_kpl_list,65,present
2026-09-29,kpl,tbl_cn_limit_list,75,present
2026-09-29,index,tbl_cn_index_daily,11,present
2026-09-30,basic,tbl_cn_day,5561,present
2026-09-30,basic,tbl_cn_stk_limit,5651,present
2026-09-30,basic,tbl_cn_suspend,16,present
2026-09-30,basic,tbl_cn_daily_basic,0,missing
2026-09-30,kpl,tbl_cn_kpl_list,68,present
2026-09-30,kpl,tbl_cn_limit_list,73,present
2026-09-30,index,tbl_cn_index_daily,11,present
