trade_date,ts_code,required_main_five,row_count,status
2026-09-30,000001.SH,True,1,present
2026-09-30,399001.SZ,True,1,present
2026-09-30,399006.SZ,True,1,present
2026-09-30,000688.SH,True,1,present
2026-09-30,000016.SH,True,1,present
2026-09-30,000300.SH,False,1,present
2026-09-30,000905.SH,False,1,present
2026-09-30,000852.SH,False,1,present
2026-09-30,399106.SZ,False,1,present
2026-09-30,399102.SZ,False,1,present
2026-09-30,899050.BJ,False,1,present
2026-09-29,000001.SH,True,1,present
2026-09-29,399001.SZ,True,1,present
2026-09-29,399006.SZ,True,1,present
2026-09-29,000688.SH,True,1,present
2026-09-29,000016.SH,True,1,present
2026-09-29,000300.SH,False,1,present
2026-09-29,000905.SH,False,1,present
2026-09-29,000852.SH,False,1,present
2026-09-29,399106.SZ,False,1,present
2026-09-29,399102.SZ,False,1,present
2026-09-29,899050.BJ,False,1,present
2026-09-28,000001.SH,True,1,present
2026-09-28,399001.SZ,True,1,present
2026-09-28,399006.SZ,True,1,present
2026-09-28,000688.SH,True,1,present
2026-09-28,000016.SH,True,1,present
2026-09-28,000300.SH,False,1,present
2026-09-28,000905.SH,False,1,present
2026-09-28,000852.SH,False,1,present
2026-09-28,399106.SZ,False,1,present
2026-09-28,399102.SZ,False,1,present
2026-09-28,899050.BJ,False,1,present
2026-09-24,000001.SH,True,1,present
2026-09-24,399001.SZ,True,1,present
2026-09-24,399006.SZ,True,1,present
2026-09-24,000688.SH,True,1,present
2026-09-24,000016.SH,True,1,present
2026-09-24,000300.SH,False,1,present
2026-09-24,000905.SH,False,1,present
2026-09-24,000852.SH,False,1,present
2026-09-24,399106.SZ,False,1,present
2026-09-24,399102.SZ,False,1,present
2026-09-24,899050.BJ,False,1,present
2026-09-23,000001.SH,True,1,present
2026-09-23,399001.SZ,True,1,present
2026-09-23,399006.SZ,True,1,present
2026-09-23,000688.SH,True,1,present
2026-09-23,000016.SH,True,1,present
2026-09-23,000300.SH,False,1,present
2026-09-23,000905.SH,False,1,present
2026-09-23,000852.SH,False,1,present
2026-09-23,399106.SZ,False,1,present
2026-09-23,399102.SZ,False,1,present
2026-09-23,899050.BJ,False,1,present
2026-09-22,000001.SH,True,1,present
2026-09-22,399001.SZ,True,1,present
2026-09-22,399006.SZ,True,1,present
2026-09-22,000688.SH,True,1,present
2026-09-22,000016.SH,True,1,present
2026-09-22,000300.SH,False,1,present
2026-09-22,000905.SH,False,1,present
2026-09-22,000852.SH,False,1,present
2026-09-22,399106.SZ,False,1,present
2026-09-22,399102.SZ,False,1,present
2026-09-22,899050.BJ,False,1,present
2026-09-21,000001.SH,True,1,present
2026-09-21,399001.SZ,True,1,present
2026-09-21,399006.SZ,True,1,present
2026-09-21,000688.SH,True,1,present
2026-09-21,000016.SH,True,1,present
2026-09-21,000300.SH,False,1,present
2026-09-21,000905.SH,False,1,present
2026-09-21,000852.SH,False,1,present
2026-09-21,399106.SZ,False,1,present
2026-09-21,399102.SZ,False,1,present
2026-09-21,899050.BJ,False,1,present
2026-09-18,000001.SH,True,1,present
2026-09-18,399001.SZ,True,1,present
2026-09-18,399006.SZ,True,1,present
2026-09-18,000688.SH,True,1,present
2026-09-18,000016.SH,True,1,present
2026-09-18,000300.SH,False,1,present
2026-09-18,000905.SH,False,1,present
2026-09-18,000852.SH,False,1,present
2026-09-18,399106.SZ,False,1,present
2026-09-18,399102.SZ,False,1,present
2026-09-18,899050.BJ,False,1,present
2026-09-17,000001.SH,True,1,present
2026-09-17,399001.SZ,True,1,present
2026-09-17,399006.SZ,True,1,present
2026-09-17,000688.SH,True,1,present
2026-09-17,000016.SH,True,1,present
2026-09-17,000300.SH,False,1,present
2026-09-17,000905.SH,False,1,present
2026-09-17,000852.SH,False,1,present
2026-09-17,399106.SZ,False,1,present
2026-09-17,399102.SZ,False,1,present
2026-09-17,899050.BJ,False,1,present
2026-09-16,000001.SH,True,1,present
2026-09-16,399001.SZ,True,1,present
2026-09-16,399006.SZ,True,1,present
2026-09-16,000688.SH,True,1,present
2026-09-16,000016.SH,True,1,present
2026-09-16,000300.SH,False,1,present
2026-09-16,000905.SH,False,1,present
2026-09-16,000852.SH,False,1,present
2026-09-16,399106.SZ,False,1,present
2026-09-16,399102.SZ,False,1,present
2026-09-16,899050.BJ,False,1,present
2026-09-15,000001.SH,True,1,present
2026-09-15,399001.SZ,True,1,present
2026-09-15,399006.SZ,True,1,present
2026-09-15,000688.SH,True,1,present
2026-09-15,000016.SH,True,1,present
2026-09-15,000300.SH,False,1,present
2026-09-15,000905.SH,False,1,present
2026-09-15,000852.SH,False,1,present
2026-09-15,399106.SZ,False,1,present
2026-09-15,399102.SZ,False,1,present
2026-09-15,899050.BJ,False,1,present
2026-09-14,000001.SH,True,1,present
2026-09-14,399001.SZ,True,1,present
2026-09-14,399006.SZ,True,1,present
2026-09-14,000688.SH,True,1,present
2026-09-14,000016.SH,True,1,present
2026-09-14,000300.SH,False,1,present
2026-09-14,000905.SH,False,1,present
2026-09-14,000852.SH,False,1,present
2026-09-14,399106.SZ,False,1,present
2026-09-14,399102.SZ,False,1,present
2026-09-14,899050.BJ,False,1,present
2026-09-11,000001.SH,True,1,present
2026-09-11,399001.SZ,True,1,present
2026-09-11,399006.SZ,True,1,present
2026-09-11,000688.SH,True,1,present
2026-09-11,000016.SH,True,1,present
2026-09-11,000300.SH,False,1,present
2026-09-11,000905.SH,False,1,present
2026-09-11,000852.SH,False,1,present
2026-09-11,399106.SZ,False,1,present
2026-09-11,399102.SZ,False,1,present
2026-09-11,899050.BJ,False,1,present
2026-09-10,000001.SH,True,1,present
2026-09-10,399001.SZ,True,1,present
2026-09-10,399006.SZ,True,1,present
2026-09-10,000688.SH,True,1,present
2026-09-10,000016.SH,True,1,present
2026-09-10,000300.SH,False,1,present
2026-09-10,000905.SH,False,1,present
2026-09-10,000852.SH,False,1,present
2026-09-10,399106.SZ,False,1,present
2026-09-10,399102.SZ,False,1,present
2026-09-10,899050.BJ,False,1,present
2026-09-09,000001.SH,True,1,present
2026-09-09,399001.SZ,True,1,present
2026-09-09,399006.SZ,True,1,present
2026-09-09,000688.SH,True,1,present
2026-09-09,000016.SH,True,1,present
2026-09-09,000300.SH,False,1,present
2026-09-09,000905.SH,False,1,present
2026-09-09,000852.SH,False,1,present
2026-09-09,399106.SZ,False,1,present
2026-09-09,399102.SZ,False,1,present
2026-09-09,899050.BJ,False,1,present
2026-09-08,000001.SH,True,1,present
2026-09-08,399001.SZ,True,1,present
2026-09-08,399006.SZ,True,1,present
2026-09-08,000688.SH,True,1,present
2026-09-08,000016.SH,True,1,present
2026-09-08,000300.SH,False,1,present
2026-09-08,000905.SH,False,1,present
2026-09-08,000852.SH,False,1,present
2026-09-08,399106.SZ,False,1,present
2026-09-08,399102.SZ,False,1,present
2026-09-08,899050.BJ,False,1,present
2026-09-07,000001.SH,True,1,present
2026-09-07,399001.SZ,True,1,present
2026-09-07,399006.SZ,True,1,present
2026-09-07,000688.SH,True,1,present
2026-09-07,000016.SH,True,1,present
2026-09-07,000300.SH,False,1,present
2026-09-07,000905.SH,False,1,present
2026-09-07,000852.SH,False,1,present
2026-09-07,399106.SZ,False,1,present
2026-09-07,399102.SZ,False,1,present
2026-09-07,899050.BJ,False,1,present
2026-09-04,000001.SH,True,1,present
2026-09-04,399001.SZ,True,1,present
2026-09-04,399006.SZ,True,1,present
2026-09-04,000688.SH,True,1,present
2026-09-04,000016.SH,True,1,present
2026-09-04,000300.SH,False,1,present
2026-09-04,000905.SH,False,1,present
2026-09-04,000852.SH,False,1,present
2026-09-04,399106.SZ,False,1,present
2026-09-04,399102.SZ,False,1,present
2026-09-04,899050.BJ,False,1,present
2026-09-03,000001.SH,True,1,present
2026-09-03,399001.SZ,True,1,present
2026-09-03,399006.SZ,True,1,present
2026-09-03,000688.SH,True,1,present
2026-09-03,000016.SH,True,1,present
2026-09-03,000300.SH,False,1,present
2026-09-03,000905.SH,False,1,present
2026-09-03,000852.SH,False,1,present
2026-09-03,399106.SZ,False,1,present
2026-09-03,399102.SZ,False,1,present
2026-09-03,899050.BJ,False,1,present
2026-09-02,000001.SH,True,1,present
2026-09-02,399001.SZ,True,1,present
2026-09-02,399006.SZ,True,1,present
2026-09-02,000688.SH,True,1,present
2026-09-02,000016.SH,True,1,present
2026-09-02,000300.SH,False,1,present
2026-09-02,000905.SH,False,1,present
2026-09-02,000852.SH,False,1,present
2026-09-02,399106.SZ,False,1,present
2026-09-02,399102.SZ,False,1,present
2026-09-02,899050.BJ,False,1,present
2026-09-01,000001.SH,True,1,present
2026-09-01,399001.SZ,True,1,present
2026-09-01,399006.SZ,True,1,present
2026-09-01,000688.SH,True,1,present
2026-09-01,000016.SH,True,1,present
2026-09-01,000300.SH,False,1,present
2026-09-01,000905.SH,False,1,present
2026-09-01,000852.SH,False,1,present
2026-09-01,399106.SZ,False,1,present
2026-09-01,399102.SZ,False,1,present
2026-09-01,899050.BJ,False,1,present
2026-08-31,000001.SH,True,1,present
2026-08-31,399001.SZ,True,1,present
2026-08-31,399006.SZ,True,1,present
2026-08-31,000688.SH,True,1,present
2026-08-31,000016.SH,True,1,present
2026-08-31,000300.SH,False,1,present
2026-08-31,000905.SH,False,1,present
2026-08-31,000852.SH,False,1,present
2026-08-31,399106.SZ,False,1,present
2026-08-31,399102.SZ,False,1,present
2026-08-31,899050.BJ,False,1,present
2026-08-28,000001.SH,True,1,present
2026-08-28,399001.SZ,True,1,present
2026-08-28,399006.SZ,True,1,present
2026-08-28,000688.SH,True,1,present
2026-08-28,000016.SH,True,1,present
2026-08-28,000300.SH,False,1,present
2026-08-28,000905.SH,False,1,present
2026-08-28,000852.SH,False,1,present
2026-08-28,399106.SZ,False,1,present
2026-08-28,399102.SZ,False,1,present
2026-08-28,899050.BJ,False,1,present
2026-08-27,000001.SH,True,1,present
2026-08-27,399001.SZ,True,1,present
2026-08-27,399006.SZ,True,1,present
2026-08-27,000688.SH,True,1,present
2026-08-27,000016.SH,True,1,present
2026-08-27,000300.SH,False,1,present
2026-08-27,000905.SH,False,1,present
2026-08-27,000852.SH,False,1,present
2026-08-27,399106.SZ,False,1,present
2026-08-27,399102.SZ,False,1,present
2026-08-27,899050.BJ,False,1,present
2026-08-26,000001.SH,True,1,present
2026-08-26,399001.SZ,True,1,present
2026-08-26,399006.SZ,True,1,present
2026-08-26,000688.SH,True,1,present
2026-08-26,000016.SH,True,1,present
2026-08-26,000300.SH,False,1,present
2026-08-26,000905.SH,False,1,present
2026-08-26,000852.SH,False,1,present
2026-08-26,399106.SZ,False,1,present
2026-08-26,399102.SZ,False,1,present
2026-08-26,899050.BJ,False,1,present
2026-08-25,000001.SH,True,1,present
2026-08-25,399001.SZ,True,1,present
2026-08-25,399006.SZ,True,1,present
2026-08-25,000688.SH,True,1,present
2026-08-25,000016.SH,True,1,present
2026-08-25,000300.SH,False,1,present
2026-08-25,000905.SH,False,1,present
2026-08-25,000852.SH,False,1,present
2026-08-25,399106.SZ,False,1,present
2026-08-25,399102.SZ,False,1,present
2026-08-25,899050.BJ,False,1,present
2026-08-24,000001.SH,True,1,present
2026-08-24,399001.SZ,True,1,present
2026-08-24,399006.SZ,True,1,present
2026-08-24,000688.SH,True,1,present
2026-08-24,000016.SH,True,1,present
2026-08-24,000300.SH,False,1,present
2026-08-24,000905.SH,False,1,present
2026-08-24,000852.SH,False,1,present
2026-08-24,399106.SZ,False,1,present
2026-08-24,399102.SZ,False,1,present
2026-08-24,899050.BJ,False,1,present
2026-08-21,000001.SH,True,1,present
2026-08-21,399001.SZ,True,1,present
2026-08-21,399006.SZ,True,1,present
2026-08-21,000688.SH,True,1,present
2026-08-21,000016.SH,True,1,present
2026-08-21,000300.SH,False,1,present
2026-08-21,000905.SH,False,1,present
2026-08-21,000852.SH,False,1,present
2026-08-21,399106.SZ,False,1,present
2026-08-21,399102.SZ,False,1,present
2026-08-21,899050.BJ,False,1,present
2026-08-20,000001.SH,True,1,present
2026-08-20,399001.SZ,True,1,present
2026-08-20,399006.SZ,True,1,present
2026-08-20,000688.SH,True,1,present
2026-08-20,000016.SH,True,1,present
2026-08-20,000300.SH,False,1,present
2026-08-20,000905.SH,False,1,present
2026-08-20,000852.SH,False,1,present
2026-08-20,399106.SZ,False,1,present
2026-08-20,399102.SZ,False,1,present
2026-08-20,899050.BJ,False,1,present
2026-08-19,000001.SH,True,1,present
2026-08-19,399001.SZ,True,1,present
2026-08-19,399006.SZ,True,1,present
2026-08-19,000688.SH,True,1,present
2026-08-19,000016.SH,True,1,present
2026-08-19,000300.SH,False,1,present
2026-08-19,000905.SH,False,1,present
2026-08-19,000852.SH,False,1,present
2026-08-19,399106.SZ,False,1,present
2026-08-19,399102.SZ,False,1,present
2026-08-19,899050.BJ,False,1,present
2026-08-18,000001.SH,True,1,present
2026-08-18,399001.SZ,True,1,present
2026-08-18,399006.SZ,True,1,present
2026-08-18,000688.SH,True,1,present
2026-08-18,000016.SH,True,1,present
2026-08-18,000300.SH,False,1,present
2026-08-18,000905.SH,False,1,present
2026-08-18,000852.SH,False,1,present
2026-08-18,399106.SZ,False,1,present
2026-08-18,399102.SZ,False,1,present
2026-08-18,899050.BJ,False,1,present
2026-08-17,000001.SH,True,1,present
2026-08-17,399001.SZ,True,1,present
2026-08-17,399006.SZ,True,1,present
2026-08-17,000688.SH,True,1,present
2026-08-17,000016.SH,True,1,present
2026-08-17,000300.SH,False,1,present
2026-08-17,000905.SH,False,1,present
2026-08-17,000852.SH,False,1,present
2026-08-17,399106.SZ,False,1,present
2026-08-17,399102.SZ,False,1,present
2026-08-17,899050.BJ,False,1,present
2026-08-14,000001.SH,True,1,present
2026-08-14,399001.SZ,True,1,present
2026-08-14,399006.SZ,True,1,present
2026-08-14,000688.SH,True,1,present
2026-08-14,000016.SH,True,1,present
2026-08-14,000300.SH,False,1,present
2026-08-14,000905.SH,False,1,present
2026-08-14,000852.SH,False,1,present
2026-08-14,399106.SZ,False,1,present
2026-08-14,399102.SZ,False,1,present
2026-08-14,899050.BJ,False,1,present
2026-08-13,000001.SH,True,1,present
2026-08-13,399001.SZ,True,1,present
2026-08-13,399006.SZ,True,1,present
2026-08-13,000688.SH,True,1,present
2026-08-13,000016.SH,True,1,present
2026-08-13,000300.SH,False,1,present
2026-08-13,000905.SH,False,1,present
2026-08-13,000852.SH,False,1,present
2026-08-13,399106.SZ,False,1,present
2026-08-13,399102.SZ,False,1,present
2026-08-13,899050.BJ,False,1,present
2026-08-12,000001.SH,True,1,present
2026-08-12,399001.SZ,True,1,present
2026-08-12,399006.SZ,True,1,present
2026-08-12,000688.SH,True,1,present
2026-08-12,000016.SH,True,1,present
2026-08-12,000300.SH,False,1,present
2026-08-12,000905.SH,False,1,present
2026-08-12,000852.SH,False,1,present
2026-08-12,399106.SZ,False,1,present
2026-08-12,399102.SZ,False,1,present
2026-08-12,899050.BJ,False,1,present
2026-08-11,000001.SH,True,1,present
2026-08-11,399001.SZ,True,1,present
2026-08-11,399006.SZ,True,1,present
2026-08-11,000688.SH,True,1,present
2026-08-11,000016.SH,True,1,present
2026-08-11,000300.SH,False,1,present
2026-08-11,000905.SH,False,1,present
2026-08-11,000852.SH,False,1,present
2026-08-11,399106.SZ,False,1,present
2026-08-11,399102.SZ,False,1,present
2026-08-11,899050.BJ,False,1,present
2026-08-10,000001.SH,True,1,present
2026-08-10,399001.SZ,True,1,present
2026-08-10,399006.SZ,True,1,present
2026-08-10,000688.SH,True,1,present
2026-08-10,000016.SH,True,1,present
2026-08-10,000300.SH,False,1,present
2026-08-10,000905.SH,False,1,present
2026-08-10,000852.SH,False,1,present
2026-08-10,399106.SZ,False,1,present
2026-08-10,399102.SZ,False,1,present
2026-08-10,899050.BJ,False,1,present
2026-08-07,000001.SH,True,1,present
2026-08-07,399001.SZ,True,1,present
2026-08-07,399006.SZ,True,1,present
2026-08-07,000688.SH,True,1,present
2026-08-07,000016.SH,True,1,present
2026-08-07,000300.SH,False,1,present
2026-08-07,000905.SH,False,1,present
2026-08-07,000852.SH,False,1,present
2026-08-07,399106.SZ,False,1,present
2026-08-07,399102.SZ,False,1,present
2026-08-07,899050.BJ,False,1,present
2026-08-06,000001.SH,True,1,present
2026-08-06,399001.SZ,True,1,present
2026-08-06,399006.SZ,True,1,present
2026-08-06,000688.SH,True,1,present
2026-08-06,000016.SH,True,1,present
2026-08-06,000300.SH,False,1,present
2026-08-06,000905.SH,False,1,present
2026-08-06,000852.SH,False,1,present
2026-08-06,399106.SZ,False,1,present
2026-08-06,399102.SZ,False,1,present
2026-08-06,899050.BJ,False,1,present
2026-08-05,000001.SH,True,1,present
2026-08-05,399001.SZ,True,1,present
2026-08-05,399006.SZ,True,1,present
2026-08-05,000688.SH,True,1,present
2026-08-05,000016.SH,True,1,present
2026-08-05,000300.SH,False,1,present
2026-08-05,000905.SH,False,1,present
2026-08-05,000852.SH,False,1,present
2026-08-05,399106.SZ,False,1,present
2026-08-05,399102.SZ,False,1,present
2026-08-05,899050.BJ,False,1,present
2026-08-04,000001.SH,True,1,present
2026-08-04,399001.SZ,True,1,present
2026-08-04,399006.SZ,True,1,present
2026-08-04,000688.SH,True,1,present
2026-08-04,000016.SH,True,1,present
2026-08-04,000300.SH,False,1,present
2026-08-04,000905.SH,False,1,present
2026-08-04,000852.SH,False,1,present
2026-08-04,399106.SZ,False,1,present
2026-08-04,399102.SZ,False,1,present
2026-08-04,899050.BJ,False,1,present
2026-08-03,000001.SH,True,1,present
2026-08-03,399001.SZ,True,1,present
2026-08-03,399006.SZ,True,1,present
2026-08-03,000688.SH,True,1,present
2026-08-03,000016.SH,True,1,present
2026-08-03,000300.SH,False,1,present
2026-08-03,000905.SH,False,1,present
2026-08-03,000852.SH,False,1,present
2026-08-03,399106.SZ,False,1,present
2026-08-03,399102.SZ,False,1,present
2026-08-03,899050.BJ,False,1,present
2026-07-31,000001.SH,True,1,present
2026-07-31,399001.SZ,True,1,present
2026-07-31,399006.SZ,True,1,present
2026-07-31,000688.SH,True,1,present
2026-07-31,000016.SH,True,1,present
2026-07-31,000300.SH,False,1,present
2026-07-31,000905.SH,False,1,present
2026-07-31,000852.SH,False,1,present
2026-07-31,399106.SZ,False,1,present
2026-07-31,399102.SZ,False,1,present
2026-07-31,899050.BJ,False,1,present
2026-07-30,000001.SH,True,1,present
2026-07-30,399001.SZ,True,1,present
2026-07-30,399006.SZ,True,1,present
2026-07-30,000688.SH,True,1,present
2026-07-30,000016.SH,True,1,present
2026-07-30,000300.SH,False,1,present
2026-07-30,000905.SH,False,1,present
2026-07-30,000852.SH,False,1,present
2026-07-30,399106.SZ,False,1,present
2026-07-30,399102.SZ,False,1,present
2026-07-30,899050.BJ,False,1,present
2026-07-29,000001.SH,True,1,present
2026-07-29,399001.SZ,True,1,present
2026-07-29,399006.SZ,True,1,present
2026-07-29,000688.SH,True,1,present
2026-07-29,000016.SH,True,1,present
2026-07-29,000300.SH,False,1,present
2026-07-29,000905.SH,False,1,present
2026-07-29,000852.SH,False,1,present
2026-07-29,399106.SZ,False,1,present
2026-07-29,399102.SZ,False,1,present
2026-07-29,899050.BJ,False,1,present
2026-07-28,000001.SH,True,1,present
2026-07-28,399001.SZ,True,1,present
2026-07-28,399006.SZ,True,1,present
2026-07-28,000688.SH,True,1,present
2026-07-28,000016.SH,True,1,present
2026-07-28,000300.SH,False,1,present
2026-07-28,000905.SH,False,1,present
2026-07-28,000852.SH,False,1,present
2026-07-28,399106.SZ,False,1,present
2026-07-28,399102.SZ,False,1,present
2026-07-28,899050.BJ,False,1,present
2026-07-27,000001.SH,True,1,present
2026-07-27,399001.SZ,True,1,present
2026-07-27,399006.SZ,True,1,present
2026-07-27,000688.SH,True,1,present
2026-07-27,000016.SH,True,1,present
2026-07-27,000300.SH,False,1,present
2026-07-27,000905.SH,False,1,present
2026-07-27,000852.SH,False,1,present
2026-07-27,399106.SZ,False,1,present
2026-07-27,399102.SZ,False,1,present
2026-07-27,899050.BJ,False,1,present
2026-07-24,000001.SH,True,1,present
2026-07-24,399001.SZ,True,1,present
2026-07-24,399006.SZ,True,1,present
2026-07-24,000688.SH,True,1,present
2026-07-24,000016.SH,True,1,present
2026-07-24,000300.SH,False,1,present
2026-07-24,000905.SH,False,1,present
2026-07-24,000852.SH,False,1,present
2026-07-24,399106.SZ,False,1,present
2026-07-24,399102.SZ,False,1,present
2026-07-24,899050.BJ,False,1,present
2026-07-23,000001.SH,True,1,present
2026-07-23,399001.SZ,True,1,present
2026-07-23,399006.SZ,True,1,present
2026-07-23,000688.SH,True,1,present
2026-07-23,000016.SH,True,1,present
2026-07-23,000300.SH,False,1,present
2026-07-23,000905.SH,False,1,present
2026-07-23,000852.SH,False,1,present
2026-07-23,399106.SZ,False,1,present
2026-07-23,399102.SZ,False,1,present
2026-07-23,899050.BJ,False,1,present
2026-07-22,000001.SH,True,1,present
2026-07-22,399001.SZ,True,1,present
2026-07-22,399006.SZ,True,1,present
2026-07-22,000688.SH,True,1,present
2026-07-22,000016.SH,True,1,present
2026-07-22,000300.SH,False,1,present
2026-07-22,000905.SH,False,1,present
2026-07-22,000852.SH,False,1,present
2026-07-22,399106.SZ,False,1,present
2026-07-22,399102.SZ,False,1,present
2026-07-22,899050.BJ,False,1,present
2026-07-21,000001.SH,True,1,present
2026-07-21,399001.SZ,True,1,present
2026-07-21,399006.SZ,True,1,present
2026-07-21,000688.SH,True,1,present
2026-07-21,000016.SH,True,1,present
2026-07-21,000300.SH,False,1,present
2026-07-21,000905.SH,False,1,present
2026-07-21,000852.SH,False,1,present
2026-07-21,399106.SZ,False,1,present
2026-07-21,399102.SZ,False,1,present
2026-07-21,899050.BJ,False,1,present
2026-07-20,000001.SH,True,1,present
2026-07-20,399001.SZ,True,1,present
2026-07-20,399006.SZ,True,1,present
2026-07-20,000688.SH,True,1,present
2026-07-20,000016.SH,True,1,present
2026-07-20,000300.SH,False,1,present
2026-07-20,000905.SH,False,1,present
2026-07-20,000852.SH,False,1,present
2026-07-20,399106.SZ,False,1,present
2026-07-20,399102.SZ,False,1,present
2026-07-20,899050.BJ,False,1,present
2026-07-17,000001.SH,True,1,present
2026-07-17,399001.SZ,True,1,present
2026-07-17,399006.SZ,True,1,present
2026-07-17,000688.SH,True,1,present
2026-07-17,000016.SH,True,1,present
2026-07-17,000300.SH,False,1,present
2026-07-17,000905.SH,False,1,present
2026-07-17,000852.SH,False,1,present
2026-07-17,399106.SZ,False,1,present
2026-07-17,399102.SZ,False,1,present
2026-07-17,899050.BJ,False,1,present
2026-07-16,000001.SH,True,1,present
2026-07-16,399001.SZ,True,1,present
2026-07-16,399006.SZ,True,1,present
2026-07-16,000688.SH,True,1,present
2026-07-16,000016.SH,True,1,present
2026-07-16,000300.SH,False,1,present
2026-07-16,000905.SH,False,1,present
2026-07-16,000852.SH,False,1,present
2026-07-16,399106.SZ,False,1,present
2026-07-16,399102.SZ,False,1,present
2026-07-16,899050.BJ,False,1,present
2026-07-15,000001.SH,True,1,present
2026-07-15,399001.SZ,True,1,present
2026-07-15,399006.SZ,True,1,present
2026-07-15,000688.SH,True,1,present
2026-07-15,000016.SH,True,1,present
2026-07-15,000300.SH,False,1,present
2026-07-15,000905.SH,False,1,present
2026-07-15,000852.SH,False,1,present
2026-07-15,399106.SZ,False,1,present
2026-07-15,399102.SZ,False,1,present
2026-07-15,899050.BJ,False,1,present
2026-07-14,000001.SH,True,1,present
2026-07-14,399001.SZ,True,1,present
2026-07-14,399006.SZ,True,1,present
2026-07-14,000688.SH,True,1,present
2026-07-14,000016.SH,True,1,present
2026-07-14,000300.SH,False,1,present
2026-07-14,000905.SH,False,1,present
2026-07-14,000852.SH,False,1,present
2026-07-14,399106.SZ,False,1,present
2026-07-14,399102.SZ,False,1,present
2026-07-14,899050.BJ,False,1,present
2026-07-13,000001.SH,True,1,present
2026-07-13,399001.SZ,True,1,present
2026-07-13,399006.SZ,True,1,present
2026-07-13,000688.SH,True,1,present
2026-07-13,000016.SH,True,1,present
2026-07-13,000300.SH,False,1,present
2026-07-13,000905.SH,False,1,present
2026-07-13,000852.SH,False,1,present
2026-07-13,399106.SZ,False,1,present
2026-07-13,399102.SZ,False,1,present
2026-07-13,899050.BJ,False,1,present
2026-07-10,000001.SH,True,1,present
2026-07-10,399001.SZ,True,1,present
2026-07-10,399006.SZ,True,1,present
2026-07-10,000688.SH,True,1,present
2026-07-10,000016.SH,True,1,present
2026-07-10,000300.SH,False,1,present
2026-07-10,000905.SH,False,1,present
2026-07-10,000852.SH,False,1,present
2026-07-10,399106.SZ,False,1,present
2026-07-10,399102.SZ,False,1,present
2026-07-10,899050.BJ,False,1,present
2026-07-09,000001.SH,True,1,present
2026-07-09,399001.SZ,True,1,present
2026-07-09,399006.SZ,True,1,present
2026-07-09,000688.SH,True,1,present
2026-07-09,000016.SH,True,1,present
2026-07-09,000300.SH,False,1,present
2026-07-09,000905.SH,False,1,present
2026-07-09,000852.SH,False,1,present
2026-07-09,399106.SZ,False,1,present
2026-07-09,399102.SZ,False,1,present
2026-07-09,899050.BJ,False,1,present
2026-07-08,000001.SH,True,1,present
2026-07-08,399001.SZ,True,1,present
2026-07-08,399006.SZ,True,1,present
2026-07-08,000688.SH,True,1,present
2026-07-08,000016.SH,True,1,present
2026-07-08,000300.SH,False,1,present
2026-07-08,000905.SH,False,1,present
2026-07-08,000852.SH,False,1,present
2026-07-08,399106.SZ,False,1,present
2026-07-08,399102.SZ,False,1,present
2026-07-08,899050.BJ,False,1,present
2026-07-07,000001.SH,True,1,present
2026-07-07,399001.SZ,True,1,present
2026-07-07,399006.SZ,True,1,present
2026-07-07,000688.SH,True,1,present
2026-07-07,000016.SH,True,1,present
2026-07-07,000300.SH,False,1,present
2026-07-07,000905.SH,False,1,present
2026-07-07,000852.SH,False,1,present
2026-07-07,399106.SZ,False,1,present
2026-07-07,399102.SZ,False,1,present
2026-07-07,899050.BJ,False,1,present
2026-07-06,000001.SH,True,1,present
2026-07-06,399001.SZ,True,1,present
2026-07-06,399006.SZ,True,1,present
2026-07-06,000688.SH,True,1,present
2026-07-06,000016.SH,True,1,present
2026-07-06,000300.SH,False,1,present
2026-07-06,000905.SH,False,1,present
2026-07-06,000852.SH,False,1,present
2026-07-06,399106.SZ,False,1,present
2026-07-06,399102.SZ,False,1,present
2026-07-06,899050.BJ,False,1,present
2026-07-03,000001.SH,True,1,present
2026-07-03,399001.SZ,True,1,present
2026-07-03,399006.SZ,True,1,present
2026-07-03,000688.SH,True,1,present
2026-07-03,000016.SH,True,1,present
2026-07-03,000300.SH,False,1,present
2026-07-03,000905.SH,False,1,present
2026-07-03,000852.SH,False,1,present
2026-07-03,399106.SZ,False,1,present
2026-07-03,399102.SZ,False,1,present
2026-07-03,899050.BJ,False,1,present
2026-07-02,000001.SH,True,1,present
2026-07-02,399001.SZ,True,1,present
2026-07-02,399006.SZ,True,1,present
2026-07-02,000688.SH,True,1,present
2026-07-02,000016.SH,True,1,present
2026-07-02,000300.SH,False,1,present
2026-07-02,000905.SH,False,1,present
2026-07-02,000852.SH,False,1,present
2026-07-02,399106.SZ,False,1,present
2026-07-02,399102.SZ,False,1,present
2026-07-02,899050.BJ,False,1,present
2026-07-01,000001.SH,True,1,present
2026-07-01,399001.SZ,True,1,present
2026-07-01,399006.SZ,True,1,present
2026-07-01,000688.SH,True,1,present
2026-07-01,000016.SH,True,1,present
2026-07-01,000300.SH,False,1,present
2026-07-01,000905.SH,False,1,present
2026-07-01,000852.SH,False,1,present
2026-07-01,399106.SZ,False,1,present
2026-07-01,399102.SZ,False,1,present
2026-07-01,899050.BJ,False,1,present
2026-06-30,000001.SH,True,1,present
2026-06-30,399001.SZ,True,1,present
2026-06-30,399006.SZ,True,1,present
2026-06-30,000688.SH,True,1,present
2026-06-30,000016.SH,True,1,present
2026-06-30,000300.SH,False,1,present
2026-06-30,000905.SH,False,1,present
2026-06-30,000852.SH,False,1,present
2026-06-30,399106.SZ,False,1,present
2026-06-30,399102.SZ,False,1,present
2026-06-30,899050.BJ,False,1,present
2026-06-29,000001.SH,True,1,present
2026-06-29,399001.SZ,True,1,present
2026-06-29,399006.SZ,True,1,present
2026-06-29,000688.SH,True,1,present
2026-06-29,000016.SH,True,1,present
2026-06-29,000300.SH,False,1,present
2026-06-29,000905.SH,False,1,present
2026-06-29,000852.SH,False,1,present
2026-06-29,399106.SZ,False,1,present
2026-06-29,399102.SZ,False,1,present
2026-06-29,899050.BJ,False,1,present
2026-06-26,000001.SH,True,1,present
2026-06-26,399001.SZ,True,1,present
2026-06-26,399006.SZ,True,1,present
2026-06-26,000688.SH,True,1,present
2026-06-26,000016.SH,True,1,present
2026-06-26,000300.SH,False,1,present
2026-06-26,000905.SH,False,1,present
2026-06-26,000852.SH,False,1,present
2026-06-26,399106.SZ,False,1,present
2026-06-26,399102.SZ,False,1,present
2026-06-26,899050.BJ,False,1,present
2026-06-25,000001.SH,True,1,present
2026-06-25,399001.SZ,True,1,present
2026-06-25,399006.SZ,True,1,present
2026-06-25,000688.SH,True,1,present
2026-06-25,000016.SH,True,1,present
2026-06-25,000300.SH,False,1,present
2026-06-25,000905.SH,False,1,present
2026-06-25,000852.SH,False,1,present
2026-06-25,399106.SZ,False,1,present
2026-06-25,399102.SZ,False,1,present
2026-06-25,899050.BJ,False,1,present
2026-06-24,000001.SH,True,1,present
2026-06-24,399001.SZ,True,1,present
2026-06-24,399006.SZ,True,1,present
2026-06-24,000688.SH,True,1,present
2026-06-24,000016.SH,True,1,present
2026-06-24,000300.SH,False,1,present
2026-06-24,000905.SH,False,1,present
2026-06-24,000852.SH,False,1,present
2026-06-24,399106.SZ,False,1,present
2026-06-24,399102.SZ,False,1,present
2026-06-24,899050.BJ,False,1,present
2026-06-23,000001.SH,True,1,present
2026-06-23,399001.SZ,True,1,present
2026-06-23,399006.SZ,True,1,present
2026-06-23,000688.SH,True,1,present
2026-06-23,000016.SH,True,1,present
2026-06-23,000300.SH,False,1,present
2026-06-23,000905.SH,False,1,present
2026-06-23,000852.SH,False,1,present
2026-06-23,399106.SZ,False,1,present
2026-06-23,399102.SZ,False,1,present
2026-06-23,899050.BJ,False,1,present
2026-06-22,000001.SH,True,1,present
2026-06-22,399001.SZ,True,1,present
2026-06-22,399006.SZ,True,1,present
2026-06-22,000688.SH,True,1,present
2026-06-22,000016.SH,True,1,present
2026-06-22,000300.SH,False,1,present
2026-06-22,000905.SH,False,1,present
2026-06-22,000852.SH,False,1,present
2026-06-22,399106.SZ,False,1,present
2026-06-22,399102.SZ,False,1,present
2026-06-22,899050.BJ,False,1,present
2026-06-18,000001.SH,True,1,present
2026-06-18,399001.SZ,True,1,present
2026-06-18,399006.SZ,True,1,present
2026-06-18,000688.SH,True,1,present
2026-06-18,000016.SH,True,1,present
2026-06-18,000300.SH,False,1,present
2026-06-18,000905.SH,False,1,present
2026-06-18,000852.SH,False,1,present
2026-06-18,399106.SZ,False,1,present
2026-06-18,399102.SZ,False,1,present
2026-06-18,899050.BJ,False,1,present
2026-06-17,000001.SH,True,1,present
2026-06-17,399001.SZ,True,1,present
2026-06-17,399006.SZ,True,1,present
2026-06-17,000688.SH,True,1,present
2026-06-17,000016.SH,True,1,present
2026-06-17,000300.SH,False,1,present
2026-06-17,000905.SH,False,1,present
2026-06-17,000852.SH,False,1,present
2026-06-17,399106.SZ,False,1,present
2026-06-17,399102.SZ,False,1,present
2026-06-17,899050.BJ,False,1,present
2026-06-16,000001.SH,True,1,present
2026-06-16,399001.SZ,True,1,present
2026-06-16,399006.SZ,True,1,present
2026-06-16,000688.SH,True,1,present
2026-06-16,000016.SH,True,1,present
2026-06-16,000300.SH,False,1,present
2026-06-16,000905.SH,False,1,present
2026-06-16,000852.SH,False,1,present
2026-06-16,399106.SZ,False,1,present
2026-06-16,399102.SZ,False,1,present
2026-06-16,899050.BJ,False,1,present
2026-06-15,000001.SH,True,1,present
2026-06-15,399001.SZ,True,1,present
2026-06-15,399006.SZ,True,1,present
2026-06-15,000688.SH,True,1,present
2026-06-15,000016.SH,True,1,present
2026-06-15,000300.SH,False,1,present
2026-06-15,000905.SH,False,1,present
2026-06-15,000852.SH,False,1,present
2026-06-15,399106.SZ,False,1,present
2026-06-15,399102.SZ,False,1,present
2026-06-15,899050.BJ,False,1,present
2026-06-12,000001.SH,True,1,present
2026-06-12,399001.SZ,True,1,present
2026-06-12,399006.SZ,True,1,present
2026-06-12,000688.SH,True,1,present
2026-06-12,000016.SH,True,1,present
2026-06-12,000300.SH,False,1,present
2026-06-12,000905.SH,False,1,present
2026-06-12,000852.SH,False,1,present
2026-06-12,399106.SZ,False,1,present
2026-06-12,399102.SZ,False,1,present
2026-06-12,899050.BJ,False,1,present
2026-06-11,000001.SH,True,1,present
2026-06-11,399001.SZ,True,1,present
2026-06-11,399006.SZ,True,1,present
2026-06-11,000688.SH,True,1,present
2026-06-11,000016.SH,True,1,present
2026-06-11,000300.SH,False,1,present
2026-06-11,000905.SH,False,1,present
2026-06-11,000852.SH,False,1,present
2026-06-11,399106.SZ,False,1,present
2026-06-11,399102.SZ,False,1,present
2026-06-11,899050.BJ,False,1,present
2026-06-10,000001.SH,True,1,present
2026-06-10,399001.SZ,True,1,present
2026-06-10,399006.SZ,True,1,present
2026-06-10,000688.SH,True,1,present
2026-06-10,000016.SH,True,1,present
2026-06-10,000300.SH,False,1,present
2026-06-10,000905.SH,False,1,present
2026-06-10,000852.SH,False,1,present
2026-06-10,399106.SZ,False,1,present
2026-06-10,399102.SZ,False,1,present
2026-06-10,899050.BJ,False,1,present
2026-06-09,000001.SH,True,1,present
2026-06-09,399001.SZ,True,1,present
2026-06-09,399006.SZ,True,1,present
2026-06-09,000688.SH,True,1,present
2026-06-09,000016.SH,True,1,present
2026-06-09,000300.SH,False,1,present
2026-06-09,000905.SH,False,1,present
2026-06-09,000852.SH,False,1,present
2026-06-09,399106.SZ,False,1,present
2026-06-09,399102.SZ,False,1,present
2026-06-09,899050.BJ,False,1,present
2026-06-08,000001.SH,True,1,present
2026-06-08,399001.SZ,True,1,present
2026-06-08,399006.SZ,True,1,present
2026-06-08,000688.SH,True,1,present
2026-06-08,000016.SH,True,1,present
2026-06-08,000300.SH,False,1,present
2026-06-08,000905.SH,False,1,present
2026-06-08,000852.SH,False,1,present
2026-06-08,399106.SZ,False,1,present
2026-06-08,399102.SZ,False,1,present
2026-06-08,899050.BJ,False,1,present
2026-06-05,000001.SH,True,1,present
2026-06-05,399001.SZ,True,1,present
2026-06-05,399006.SZ,True,1,present
2026-06-05,000688.SH,True,1,present
2026-06-05,000016.SH,True,1,present
2026-06-05,000300.SH,False,1,present
2026-06-05,000905.SH,False,1,present
2026-06-05,000852.SH,False,1,present
2026-06-05,399106.SZ,False,1,present
2026-06-05,399102.SZ,False,1,present
2026-06-05,899050.BJ,False,1,present
2026-06-04,000001.SH,True,1,present
2026-06-04,399001.SZ,True,1,present
2026-06-04,399006.SZ,True,1,present
2026-06-04,000688.SH,True,1,present
2026-06-04,000016.SH,True,1,present
2026-06-04,000300.SH,False,1,present
2026-06-04,000905.SH,False,1,present
2026-06-04,000852.SH,False,1,present
2026-06-04,399106.SZ,False,1,present
2026-06-04,399102.SZ,False,1,present
2026-06-04,899050.BJ,False,1,present
2026-06-03,000001.SH,True,1,present
2026-06-03,399001.SZ,True,1,present
2026-06-03,399006.SZ,True,1,present
2026-06-03,000688.SH,True,1,present
2026-06-03,000016.SH,True,1,present
2026-06-03,000300.SH,False,1,present
2026-06-03,000905.SH,False,1,present
2026-06-03,000852.SH,False,1,present
2026-06-03,399106.SZ,False,1,present
2026-06-03,399102.SZ,False,1,present
2026-06-03,899050.BJ,False,1,present
2026-06-02,000001.SH,True,1,present
2026-06-02,399001.SZ,True,1,present
2026-06-02,399006.SZ,True,1,present
2026-06-02,000688.SH,True,1,present
2026-06-02,000016.SH,True,1,present
2026-06-02,000300.SH,False,1,present
2026-06-02,000905.SH,False,1,present
2026-06-02,000852.SH,False,1,present
2026-06-02,399106.SZ,False,1,present
2026-06-02,399102.SZ,False,1,present
2026-06-02,899050.BJ,False,1,present
2026-06-01,000001.SH,True,1,present
2026-06-01,399001.SZ,True,1,present
2026-06-01,399006.SZ,True,1,present
2026-06-01,000688.SH,True,1,present
2026-06-01,000016.SH,True,1,present
2026-06-01,000300.SH,False,1,present
2026-06-01,000905.SH,False,1,present
2026-06-01,000852.SH,False,1,present
2026-06-01,399106.SZ,False,1,present
2026-06-01,399102.SZ,False,1,present
2026-06-01,899050.BJ,False,1,present
2026-05-29,000001.SH,True,1,present
2026-05-29,399001.SZ,True,1,present
2026-05-29,399006.SZ,True,1,present
2026-05-29,000688.SH,True,1,present
2026-05-29,000016.SH,True,1,present
2026-05-29,000300.SH,False,1,present
2026-05-29,000905.SH,False,1,present
2026-05-29,000852.SH,False,1,present
2026-05-29,399106.SZ,False,1,present
2026-05-29,399102.SZ,False,1,present
2026-05-29,899050.BJ,False,1,present
2026-05-28,000001.SH,True,1,present
2026-05-28,399001.SZ,True,1,present
2026-05-28,399006.SZ,True,1,present
2026-05-28,000688.SH,True,1,present
2026-05-28,000016.SH,True,1,present
2026-05-28,000300.SH,False,1,present
2026-05-28,000905.SH,False,1,present
2026-05-28,000852.SH,False,1,present
2026-05-28,399106.SZ,False,1,present
2026-05-28,399102.SZ,False,1,present
2026-05-28,899050.BJ,False,1,present
2026-05-27,000001.SH,True,1,present
2026-05-27,399001.SZ,True,1,present
2026-05-27,399006.SZ,True,1,present
2026-05-27,000688.SH,True,1,present
2026-05-27,000016.SH,True,1,present
2026-05-27,000300.SH,False,1,present
2026-05-27,000905.SH,False,1,present
2026-05-27,000852.SH,False,1,present
2026-05-27,399106.SZ,False,1,present
2026-05-27,399102.SZ,False,1,present
2026-05-27,899050.BJ,False,1,present
2026-05-26,000001.SH,True,1,present
2026-05-26,399001.SZ,True,1,present
2026-05-26,399006.SZ,True,1,present
2026-05-26,000688.SH,True,1,present
2026-05-26,000016.SH,True,1,present
2026-05-26,000300.SH,False,1,present
2026-05-26,000905.SH,False,1,present
2026-05-26,000852.SH,False,1,present
2026-05-26,399106.SZ,False,1,present
2026-05-26,399102.SZ,False,1,present
2026-05-26,899050.BJ,False,1,present
2026-05-25,000001.SH,True,1,present
2026-05-25,399001.SZ,True,1,present
2026-05-25,399006.SZ,True,1,present
2026-05-25,000688.SH,True,1,present
2026-05-25,000016.SH,True,1,present
2026-05-25,000300.SH,False,1,present
2026-05-25,000905.SH,False,1,present
2026-05-25,000852.SH,False,1,present
2026-05-25,399106.SZ,False,1,present
2026-05-25,399102.SZ,False,1,present
2026-05-25,899050.BJ,False,1,present
2026-05-22,000001.SH,True,1,present
2026-05-22,399001.SZ,True,1,present
2026-05-22,399006.SZ,True,1,present
2026-05-22,000688.SH,True,1,present
2026-05-22,000016.SH,True,1,present
2026-05-22,000300.SH,False,1,present
2026-05-22,000905.SH,False,1,present
2026-05-22,000852.SH,False,1,present
2026-05-22,399106.SZ,False,1,present
2026-05-22,399102.SZ,False,1,present
2026-05-22,899050.BJ,False,1,present
2026-05-21,000001.SH,True,1,present
2026-05-21,399001.SZ,True,1,present
2026-05-21,399006.SZ,True,1,present
2026-05-21,000688.SH,True,1,present
2026-05-21,000016.SH,True,1,present
2026-05-21,000300.SH,False,1,present
2026-05-21,000905.SH,False,1,present
2026-05-21,000852.SH,False,1,present
2026-05-21,399106.SZ,False,1,present
2026-05-21,399102.SZ,False,1,present
2026-05-21,899050.BJ,False,1,present
2026-05-20,000001.SH,True,1,present
2026-05-20,399001.SZ,True,1,present
2026-05-20,399006.SZ,True,1,present
2026-05-20,000688.SH,True,1,present
2026-05-20,000016.SH,True,1,present
2026-05-20,000300.SH,False,1,present
2026-05-20,000905.SH,False,1,present
2026-05-20,000852.SH,False,1,present
2026-05-20,399106.SZ,False,1,present
2026-05-20,399102.SZ,False,1,present
2026-05-20,899050.BJ,False,1,present
2026-05-19,000001.SH,True,1,present
2026-05-19,399001.SZ,True,1,present
2026-05-19,399006.SZ,True,1,present
2026-05-19,000688.SH,True,1,present
2026-05-19,000016.SH,True,1,present
2026-05-19,000300.SH,False,1,present
2026-05-19,000905.SH,False,1,present
2026-05-19,000852.SH,False,1,present
2026-05-19,399106.SZ,False,1,present
2026-05-19,399102.SZ,False,1,present
2026-05-19,899050.BJ,False,1,present
2026-05-18,000001.SH,True,1,present
2026-05-18,399001.SZ,True,1,present
2026-05-18,399006.SZ,True,1,present
2026-05-18,000688.SH,True,1,present
2026-05-18,000016.SH,True,1,present
2026-05-18,000300.SH,False,1,present
2026-05-18,000905.SH,False,1,present
2026-05-18,000852.SH,False,1,present
2026-05-18,399106.SZ,False,1,present
2026-05-18,399102.SZ,False,1,present
2026-05-18,899050.BJ,False,1,present
2026-05-15,000001.SH,True,1,present
2026-05-15,399001.SZ,True,1,present
2026-05-15,399006.SZ,True,1,present
2026-05-15,000688.SH,True,1,present
2026-05-15,000016.SH,True,1,present
2026-05-15,000300.SH,False,1,present
2026-05-15,000905.SH,False,1,present
2026-05-15,000852.SH,False,1,present
2026-05-15,399106.SZ,False,1,present
2026-05-15,399102.SZ,False,1,present
2026-05-15,899050.BJ,False,1,present
2026-05-14,000001.SH,True,1,present
2026-05-14,399001.SZ,True,1,present
2026-05-14,399006.SZ,True,1,present
2026-05-14,000688.SH,True,1,present
2026-05-14,000016.SH,True,1,present
2026-05-14,000300.SH,False,1,present
2026-05-14,000905.SH,False,1,present
2026-05-14,000852.SH,False,1,present
2026-05-14,399106.SZ,False,1,present
2026-05-14,399102.SZ,False,1,present
2026-05-14,899050.BJ,False,1,present
2026-05-13,000001.SH,True,1,present
2026-05-13,399001.SZ,True,1,present
2026-05-13,399006.SZ,True,1,present
2026-05-13,000688.SH,True,1,present
2026-05-13,000016.SH,True,1,present
2026-05-13,000300.SH,False,1,present
2026-05-13,000905.SH,False,1,present
2026-05-13,000852.SH,False,1,present
2026-05-13,399106.SZ,False,1,present
2026-05-13,399102.SZ,False,1,present
2026-05-13,899050.BJ,False,1,present
2026-05-12,000001.SH,True,1,present
2026-05-12,399001.SZ,True,1,present
2026-05-12,399006.SZ,True,1,present
2026-05-12,000688.SH,True,1,present
2026-05-12,000016.SH,True,1,present
2026-05-12,000300.SH,False,1,present
2026-05-12,000905.SH,False,1,present
2026-05-12,000852.SH,False,1,present
2026-05-12,399106.SZ,False,1,present
2026-05-12,399102.SZ,False,1,present
2026-05-12,899050.BJ,False,1,present
2026-05-11,000001.SH,True,1,present
2026-05-11,399001.SZ,True,1,present
2026-05-11,399006.SZ,True,1,present
2026-05-11,000688.SH,True,1,present
2026-05-11,000016.SH,True,1,present
2026-05-11,000300.SH,False,1,present
2026-05-11,000905.SH,False,1,present
2026-05-11,000852.SH,False,1,present
2026-05-11,399106.SZ,False,1,present
2026-05-11,399102.SZ,False,1,present
2026-05-11,899050.BJ,False,1,present
2026-05-08,000001.SH,True,1,present
2026-05-08,399001.SZ,True,1,present
2026-05-08,399006.SZ,True,1,present
2026-05-08,000688.SH,True,1,present
2026-05-08,000016.SH,True,1,present
2026-05-08,000300.SH,False,1,present
2026-05-08,000905.SH,False,1,present
2026-05-08,000852.SH,False,1,present
2026-05-08,399106.SZ,False,1,present
2026-05-08,399102.SZ,False,1,present
2026-05-08,899050.BJ,False,1,present
2026-05-07,000001.SH,True,1,present
2026-05-07,399001.SZ,True,1,present
2026-05-07,399006.SZ,True,1,present
2026-05-07,000688.SH,True,1,present
2026-05-07,000016.SH,True,1,present
2026-05-07,000300.SH,False,1,present
2026-05-07,000905.SH,False,1,present
2026-05-07,000852.SH,False,1,present
2026-05-07,399106.SZ,False,1,present
2026-05-07,399102.SZ,False,1,present
2026-05-07,899050.BJ,False,1,present
2026-05-06,000001.SH,True,1,present
2026-05-06,399001.SZ,True,1,present
2026-05-06,399006.SZ,True,1,present
2026-05-06,000688.SH,True,1,present
2026-05-06,000016.SH,True,1,present
2026-05-06,000300.SH,False,1,present
2026-05-06,000905.SH,False,1,present
2026-05-06,000852.SH,False,1,present
2026-05-06,399106.SZ,False,1,present
2026-05-06,399102.SZ,False,1,present
2026-05-06,899050.BJ,False,1,present
2026-04-30,000001.SH,True,1,present
2026-04-30,399001.SZ,True,1,present
2026-04-30,399006.SZ,True,1,present
2026-04-30,000688.SH,True,1,present
2026-04-30,000016.SH,True,1,present
2026-04-30,000300.SH,False,1,present
2026-04-30,000905.SH,False,1,present
2026-04-30,000852.SH,False,1,present
2026-04-30,399106.SZ,False,1,present
2026-04-30,399102.SZ,False,1,present
2026-04-30,899050.BJ,False,1,present
2026-04-29,000001.SH,True,1,present
2026-04-29,399001.SZ,True,1,present
2026-04-29,399006.SZ,True,1,present
2026-04-29,000688.SH,True,1,present
2026-04-29,000016.SH,True,1,present
2026-04-29,000300.SH,False,1,present
2026-04-29,000905.SH,False,1,present
2026-04-29,000852.SH,False,1,present
2026-04-29,399106.SZ,False,1,present
2026-04-29,399102.SZ,False,1,present
2026-04-29,899050.BJ,False,1,present
2026-04-28,000001.SH,True,1,present
2026-04-28,399001.SZ,True,1,present
2026-04-28,399006.SZ,True,1,present
2026-04-28,000688.SH,True,1,present
2026-04-28,000016.SH,True,1,present
2026-04-28,000300.SH,False,1,present
2026-04-28,000905.SH,False,1,present
2026-04-28,000852.SH,False,1,present
2026-04-28,399106.SZ,False,1,present
2026-04-28,399102.SZ,False,1,present
2026-04-28,899050.BJ,False,1,present
2026-04-27,000001.SH,True,1,present
2026-04-27,399001.SZ,True,1,present
2026-04-27,399006.SZ,True,1,present
2026-04-27,000688.SH,True,1,present
2026-04-27,000016.SH,True,1,present
2026-04-27,000300.SH,False,1,present
2026-04-27,000905.SH,False,1,present
2026-04-27,000852.SH,False,1,present
2026-04-27,399106.SZ,False,1,present
2026-04-27,399102.SZ,False,1,present
2026-04-27,899050.BJ,False,1,present
2026-04-24,000001.SH,True,1,present
2026-04-24,399001.SZ,True,1,present
2026-04-24,399006.SZ,True,1,present
2026-04-24,000688.SH,True,1,present
2026-04-24,000016.SH,True,1,present
2026-04-24,000300.SH,False,1,present
2026-04-24,000905.SH,False,1,present
2026-04-24,000852.SH,False,1,present
2026-04-24,399106.SZ,False,1,present
2026-04-24,399102.SZ,False,1,present
2026-04-24,899050.BJ,False,1,present
2026-04-23,000001.SH,True,1,present
2026-04-23,399001.SZ,True,1,present
2026-04-23,399006.SZ,True,1,present
2026-04-23,000688.SH,True,1,present
2026-04-23,000016.SH,True,1,present
2026-04-23,000300.SH,False,1,present
2026-04-23,000905.SH,False,1,present
2026-04-23,000852.SH,False,1,present
2026-04-23,399106.SZ,False,1,present
2026-04-23,399102.SZ,False,1,present
2026-04-23,899050.BJ,False,1,present
2026-04-22,000001.SH,True,1,present
2026-04-22,399001.SZ,True,1,present
2026-04-22,399006.SZ,True,1,present
2026-04-22,000688.SH,True,1,present
2026-04-22,000016.SH,True,1,present
2026-04-22,000300.SH,False,1,present
2026-04-22,000905.SH,False,1,present
2026-04-22,000852.SH,False,1,present
2026-04-22,399106.SZ,False,1,present
2026-04-22,399102.SZ,False,1,present
2026-04-22,899050.BJ,False,1,present
2026-04-21,000001.SH,True,1,present
2026-04-21,399001.SZ,True,1,present
2026-04-21,399006.SZ,True,1,present
2026-04-21,000688.SH,True,1,present
2026-04-21,000016.SH,True,1,present
2026-04-21,000300.SH,False,1,present
2026-04-21,000905.SH,False,1,present
2026-04-21,000852.SH,False,1,present
2026-04-21,399106.SZ,False,1,present
2026-04-21,399102.SZ,False,1,present
2026-04-21,899050.BJ,False,1,present
2026-04-20,000001.SH,True,1,present
2026-04-20,399001.SZ,True,1,present
2026-04-20,399006.SZ,True,1,present
2026-04-20,000688.SH,True,1,present
2026-04-20,000016.SH,True,1,present
2026-04-20,000300.SH,False,1,present
2026-04-20,000905.SH,False,1,present
2026-04-20,000852.SH,False,1,present
2026-04-20,399106.SZ,False,1,present
2026-04-20,399102.SZ,False,1,present
2026-04-20,899050.BJ,False,1,present
2026-04-17,000001.SH,True,1,present
2026-04-17,399001.SZ,True,1,present
2026-04-17,399006.SZ,True,1,present
2026-04-17,000688.SH,True,1,present
2026-04-17,000016.SH,True,1,present
2026-04-17,000300.SH,False,1,present
2026-04-17,000905.SH,False,1,present
2026-04-17,000852.SH,False,1,present
2026-04-17,399106.SZ,False,1,present
2026-04-17,399102.SZ,False,1,present
2026-04-17,899050.BJ,False,1,present
2026-04-16,000001.SH,True,1,present
2026-04-16,399001.SZ,True,1,present
2026-04-16,399006.SZ,True,1,present
2026-04-16,000688.SH,True,1,present
2026-04-16,000016.SH,True,1,present
2026-04-16,000300.SH,False,1,present
2026-04-16,000905.SH,False,1,present
2026-04-16,000852.SH,False,1,present
2026-04-16,399106.SZ,False,1,present
2026-04-16,399102.SZ,False,1,present
2026-04-16,899050.BJ,False,1,present
2026-04-15,000001.SH,True,1,present
2026-04-15,399001.SZ,True,1,present
2026-04-15,399006.SZ,True,1,present
2026-04-15,000688.SH,True,1,present
2026-04-15,000016.SH,True,1,present
2026-04-15,000300.SH,False,1,present
2026-04-15,000905.SH,False,1,present
2026-04-15,000852.SH,False,1,present
2026-04-15,399106.SZ,False,1,present
2026-04-15,399102.SZ,False,1,present
2026-04-15,899050.BJ,False,1,present
2026-04-14,000001.SH,True,1,present
2026-04-14,399001.SZ,True,1,present
2026-04-14,399006.SZ,True,1,present
2026-04-14,000688.SH,True,1,present
2026-04-14,000016.SH,True,1,present
2026-04-14,000300.SH,False,1,present
2026-04-14,000905.SH,False,1,present
2026-04-14,000852.SH,False,1,present
2026-04-14,399106.SZ,False,1,present
2026-04-14,399102.SZ,False,1,present
2026-04-14,899050.BJ,False,1,present
2026-04-13,000001.SH,True,1,present
2026-04-13,399001.SZ,True,1,present
2026-04-13,399006.SZ,True,1,present
2026-04-13,000688.SH,True,1,present
2026-04-13,000016.SH,True,1,present
2026-04-13,000300.SH,False,1,present
2026-04-13,000905.SH,False,1,present
2026-04-13,000852.SH,False,1,present
2026-04-13,399106.SZ,False,1,present
2026-04-13,399102.SZ,False,1,present
2026-04-13,899050.BJ,False,1,present
2026-04-10,000001.SH,True,1,present
2026-04-10,399001.SZ,True,1,present
2026-04-10,399006.SZ,True,1,present
2026-04-10,000688.SH,True,1,present
2026-04-10,000016.SH,True,1,present
2026-04-10,000300.SH,False,1,present
2026-04-10,000905.SH,False,1,present
2026-04-10,000852.SH,False,1,present
2026-04-10,399106.SZ,False,1,present
2026-04-10,399102.SZ,False,1,present
2026-04-10,899050.BJ,False,1,present
2026-04-09,000001.SH,True,1,present
2026-04-09,399001.SZ,True,1,present
2026-04-09,399006.SZ,True,1,present
2026-04-09,000688.SH,True,1,present
2026-04-09,000016.SH,True,1,present
2026-04-09,000300.SH,False,1,present
2026-04-09,000905.SH,False,1,present
2026-04-09,000852.SH,False,1,present
2026-04-09,399106.SZ,False,1,present
2026-04-09,399102.SZ,False,1,present
2026-04-09,899050.BJ,False,1,present
2026-04-08,000001.SH,True,1,present
2026-04-08,399001.SZ,True,1,present
2026-04-08,399006.SZ,True,1,present
2026-04-08,000688.SH,True,1,present
2026-04-08,000016.SH,True,1,present
2026-04-08,000300.SH,False,1,present
2026-04-08,000905.SH,False,1,present
2026-04-08,000852.SH,False,1,present
2026-04-08,399106.SZ,False,1,present
2026-04-08,399102.SZ,False,1,present
2026-04-08,899050.BJ,False,1,present
2026-04-07,000001.SH,True,1,present
2026-04-07,399001.SZ,True,1,present
2026-04-07,399006.SZ,True,1,present
2026-04-07,000688.SH,True,1,present
2026-04-07,000016.SH,True,1,present
2026-04-07,000300.SH,False,1,present
2026-04-07,000905.SH,False,1,present
2026-04-07,000852.SH,False,1,present
2026-04-07,399106.SZ,False,1,present
2026-04-07,399102.SZ,False,1,present
2026-04-07,899050.BJ,False,1,present
2026-04-03,000001.SH,True,1,present
2026-04-03,399001.SZ,True,1,present
2026-04-03,399006.SZ,True,1,present
2026-04-03,000688.SH,True,1,present
2026-04-03,000016.SH,True,1,present
2026-04-03,000300.SH,False,1,present
2026-04-03,000905.SH,False,1,present
2026-04-03,000852.SH,False,1,present
2026-04-03,399106.SZ,False,1,present
2026-04-03,399102.SZ,False,1,present
2026-04-03,899050.BJ,False,1,present
2026-04-02,000001.SH,True,1,present
2026-04-02,399001.SZ,True,1,present
2026-04-02,399006.SZ,True,1,present
2026-04-02,000688.SH,True,1,present
2026-04-02,000016.SH,True,1,present
2026-04-02,000300.SH,False,1,present
2026-04-02,000905.SH,False,1,present
2026-04-02,000852.SH,False,1,present
2026-04-02,399106.SZ,False,1,present
2026-04-02,399102.SZ,False,1,present
2026-04-02,899050.BJ,False,1,present
2026-04-01,000001.SH,True,1,present
2026-04-01,399001.SZ,True,1,present
2026-04-01,399006.SZ,True,1,present
2026-04-01,000688.SH,True,1,present
2026-04-01,000016.SH,True,1,present
2026-04-01,000300.SH,False,1,present
2026-04-01,000905.SH,False,1,present
2026-04-01,000852.SH,False,1,present
2026-04-01,399106.SZ,False,1,present
2026-04-01,399102.SZ,False,1,present
2026-04-01,899050.BJ,False,1,present
2026-03-31,000001.SH,True,1,present
2026-03-31,399001.SZ,True,1,present
2026-03-31,399006.SZ,True,1,present
2026-03-31,000688.SH,True,1,present
2026-03-31,000016.SH,True,1,present
2026-03-31,000300.SH,False,1,present
2026-03-31,000905.SH,False,1,present
2026-03-31,000852.SH,False,1,present
2026-03-31,399106.SZ,False,1,present
2026-03-31,399102.SZ,False,1,present
2026-03-31,899050.BJ,False,1,present
2026-03-30,000001.SH,True,1,present
2026-03-30,399001.SZ,True,1,present
2026-03-30,399006.SZ,True,1,present
2026-03-30,000688.SH,True,1,present
2026-03-30,000016.SH,True,1,present
2026-03-30,000300.SH,False,1,present
2026-03-30,000905.SH,False,1,present
2026-03-30,000852.SH,False,1,present
2026-03-30,399106.SZ,False,1,present
2026-03-30,399102.SZ,False,1,present
2026-03-30,899050.BJ,False,1,present
2026-03-27,000001.SH,True,1,present
2026-03-27,399001.SZ,True,1,present
2026-03-27,399006.SZ,True,1,present
2026-03-27,000688.SH,True,1,present
2026-03-27,000016.SH,True,1,present
2026-03-27,000300.SH,False,1,present
2026-03-27,000905.SH,False,1,present
2026-03-27,000852.SH,False,1,present
2026-03-27,399106.SZ,False,1,present
2026-03-27,399102.SZ,False,1,present
2026-03-27,899050.BJ,False,1,present
2026-03-26,000001.SH,True,1,present
2026-03-26,399001.SZ,True,1,present
2026-03-26,399006.SZ,True,1,present
2026-03-26,000688.SH,True,1,present
2026-03-26,000016.SH,True,1,present
2026-03-26,000300.SH,False,1,present
2026-03-26,000905.SH,False,1,present
2026-03-26,000852.SH,False,1,present
2026-03-26,399106.SZ,False,1,present
2026-03-26,399102.SZ,False,1,present
2026-03-26,899050.BJ,False,1,present
2026-03-25,000001.SH,True,1,present
2026-03-25,399001.SZ,True,1,present
2026-03-25,399006.SZ,True,1,present
2026-03-25,000688.SH,True,1,present
2026-03-25,000016.SH,True,1,present
2026-03-25,000300.SH,False,1,present
2026-03-25,000905.SH,False,1,present
2026-03-25,000852.SH,False,1,present
2026-03-25,399106.SZ,False,1,present
2026-03-25,399102.SZ,False,1,present
2026-03-25,899050.BJ,False,1,present
2026-03-24,000001.SH,True,1,present
2026-03-24,399001.SZ,True,1,present
2026-03-24,399006.SZ,True,1,present
2026-03-24,000688.SH,True,1,present
2026-03-24,000016.SH,True,1,present
2026-03-24,000300.SH,False,1,present
2026-03-24,000905.SH,False,1,present
2026-03-24,000852.SH,False,1,present
2026-03-24,399106.SZ,False,1,present
2026-03-24,399102.SZ,False,1,present
2026-03-24,899050.BJ,False,1,present
2026-03-23,000001.SH,True,1,present
2026-03-23,399001.SZ,True,1,present
2026-03-23,399006.SZ,True,1,present
2026-03-23,000688.SH,True,1,present
2026-03-23,000016.SH,True,1,present
2026-03-23,000300.SH,False,1,present
2026-03-23,000905.SH,False,1,present
2026-03-23,000852.SH,False,1,present
2026-03-23,399106.SZ,False,1,present
2026-03-23,399102.SZ,False,1,present
2026-03-23,899050.BJ,False,1,present
2026-03-20,000001.SH,True,1,present
2026-03-20,399001.SZ,True,1,present
2026-03-20,399006.SZ,True,1,present
2026-03-20,000688.SH,True,1,present
2026-03-20,000016.SH,True,1,present
2026-03-20,000300.SH,False,1,present
2026-03-20,000905.SH,False,1,present
2026-03-20,000852.SH,False,1,present
2026-03-20,399106.SZ,False,1,present
2026-03-20,399102.SZ,False,1,present
2026-03-20,899050.BJ,False,1,present
2026-03-19,000001.SH,True,1,present
2026-03-19,399001.SZ,True,1,present
2026-03-19,399006.SZ,True,1,present
2026-03-19,000688.SH,True,1,present
2026-03-19,000016.SH,True,1,present
2026-03-19,000300.SH,False,1,present
2026-03-19,000905.SH,False,1,present
2026-03-19,000852.SH,False,1,present
2026-03-19,399106.SZ,False,1,present
2026-03-19,399102.SZ,False,1,present
2026-03-19,899050.BJ,False,1,present
2026-03-18,000001.SH,True,1,present
2026-03-18,399001.SZ,True,1,present
2026-03-18,399006.SZ,True,1,present
2026-03-18,000688.SH,True,1,present
2026-03-18,000016.SH,True,1,present
2026-03-18,000300.SH,False,1,present
2026-03-18,000905.SH,False,1,present
2026-03-18,000852.SH,False,1,present
2026-03-18,399106.SZ,False,1,present
2026-03-18,399102.SZ,False,1,present
2026-03-18,899050.BJ,False,1,present
2026-03-17,000001.SH,True,1,present
2026-03-17,399001.SZ,True,1,present
2026-03-17,399006.SZ,True,1,present
2026-03-17,000688.SH,True,1,present
2026-03-17,000016.SH,True,1,present
2026-03-17,000300.SH,False,1,present
2026-03-17,000905.SH,False,1,present
2026-03-17,000852.SH,False,1,present
2026-03-17,399106.SZ,False,1,present
2026-03-17,399102.SZ,False,1,present
2026-03-17,899050.BJ,False,1,present
2026-03-16,000001.SH,True,1,present
2026-03-16,399001.SZ,True,1,present
2026-03-16,399006.SZ,True,1,present
2026-03-16,000688.SH,True,1,present
2026-03-16,000016.SH,True,1,present
2026-03-16,000300.SH,False,1,present
2026-03-16,000905.SH,False,1,present
2026-03-16,000852.SH,False,1,present
2026-03-16,399106.SZ,False,1,present
2026-03-16,399102.SZ,False,1,present
2026-03-16,899050.BJ,False,1,present
2026-03-13,000001.SH,True,1,present
2026-03-13,399001.SZ,True,1,present
2026-03-13,399006.SZ,True,1,present
2026-03-13,000688.SH,True,1,present
2026-03-13,000016.SH,True,1,present
2026-03-13,000300.SH,False,1,present
2026-03-13,000905.SH,False,1,present
2026-03-13,000852.SH,False,1,present
2026-03-13,399106.SZ,False,1,present
2026-03-13,399102.SZ,False,1,present
2026-03-13,899050.BJ,False,1,present
2026-03-12,000001.SH,True,1,present
2026-03-12,399001.SZ,True,1,present
2026-03-12,399006.SZ,True,1,present
2026-03-12,000688.SH,True,1,present
2026-03-12,000016.SH,True,1,present
2026-03-12,000300.SH,False,1,present
2026-03-12,000905.SH,False,1,present
2026-03-12,000852.SH,False,1,present
2026-03-12,399106.SZ,False,1,present
2026-03-12,399102.SZ,False,1,present
2026-03-12,899050.BJ,False,1,present
2026-03-11,000001.SH,True,1,present
2026-03-11,399001.SZ,True,1,present
2026-03-11,399006.SZ,True,1,present
2026-03-11,000688.SH,True,1,present
2026-03-11,000016.SH,True,1,present
2026-03-11,000300.SH,False,1,present
2026-03-11,000905.SH,False,1,present
2026-03-11,000852.SH,False,1,present
2026-03-11,399106.SZ,False,1,present
2026-03-11,399102.SZ,False,1,present
2026-03-11,899050.BJ,False,1,present
2026-03-10,000001.SH,True,1,present
2026-03-10,399001.SZ,True,1,present
2026-03-10,399006.SZ,True,1,present
2026-03-10,000688.SH,True,1,present
2026-03-10,000016.SH,True,1,present
2026-03-10,000300.SH,False,1,present
2026-03-10,000905.SH,False,1,present
2026-03-10,000852.SH,False,1,present
2026-03-10,399106.SZ,False,1,present
2026-03-10,399102.SZ,False,1,present
2026-03-10,899050.BJ,False,1,present
2026-03-09,000001.SH,True,1,present
2026-03-09,399001.SZ,True,1,present
2026-03-09,399006.SZ,True,1,present
2026-03-09,000688.SH,True,1,present
2026-03-09,000016.SH,True,1,present
2026-03-09,000300.SH,False,1,present
2026-03-09,000905.SH,False,1,present
2026-03-09,000852.SH,False,1,present
2026-03-09,399106.SZ,False,1,present
2026-03-09,399102.SZ,False,1,present
2026-03-09,899050.BJ,False,1,present
2026-03-06,000001.SH,True,1,present
2026-03-06,399001.SZ,True,1,present
2026-03-06,399006.SZ,True,1,present
2026-03-06,000688.SH,True,1,present
2026-03-06,000016.SH,True,1,present
2026-03-06,000300.SH,False,1,present
2026-03-06,000905.SH,False,1,present
2026-03-06,000852.SH,False,1,present
2026-03-06,399106.SZ,False,1,present
2026-03-06,399102.SZ,False,1,present
2026-03-06,899050.BJ,False,1,present
2026-03-05,000001.SH,True,1,present
2026-03-05,399001.SZ,True,1,present
2026-03-05,399006.SZ,True,1,present
2026-03-05,000688.SH,True,1,present
2026-03-05,000016.SH,True,1,present
2026-03-05,000300.SH,False,1,present
2026-03-05,000905.SH,False,1,present
2026-03-05,000852.SH,False,1,present
2026-03-05,399106.SZ,False,1,present
2026-03-05,399102.SZ,False,1,present
2026-03-05,899050.BJ,False,1,present
2026-03-04,000001.SH,True,1,present
2026-03-04,399001.SZ,True,1,present
2026-03-04,399006.SZ,True,1,present
2026-03-04,000688.SH,True,1,present
2026-03-04,000016.SH,True,1,present
2026-03-04,000300.SH,False,1,present
2026-03-04,000905.SH,False,1,present
2026-03-04,000852.SH,False,1,present
2026-03-04,399106.SZ,False,1,present
2026-03-04,399102.SZ,False,1,present
2026-03-04,899050.BJ,False,1,present
2026-03-03,000001.SH,True,1,present
2026-03-03,399001.SZ,True,1,present
2026-03-03,399006.SZ,True,1,present
2026-03-03,000688.SH,True,1,present
2026-03-03,000016.SH,True,1,present
2026-03-03,000300.SH,False,1,present
2026-03-03,000905.SH,False,1,present
2026-03-03,000852.SH,False,1,present
2026-03-03,399106.SZ,False,1,present
2026-03-03,399102.SZ,False,1,present
2026-03-03,899050.BJ,False,1,present
2026-03-02,000001.SH,True,1,present
2026-03-02,399001.SZ,True,1,present
2026-03-02,399006.SZ,True,1,present
2026-03-02,000688.SH,True,1,present
2026-03-02,000016.SH,True,1,present
2026-03-02,000300.SH,False,1,present
2026-03-02,000905.SH,False,1,present
2026-03-02,000852.SH,False,1,present
2026-03-02,399106.SZ,False,1,present
2026-03-02,399102.SZ,False,1,present
2026-03-02,899050.BJ,False,1,present
2026-02-27,000001.SH,True,1,present
2026-02-27,399001.SZ,True,1,present
2026-02-27,399006.SZ,True,1,present
2026-02-27,000688.SH,True,1,present
2026-02-27,000016.SH,True,1,present
2026-02-27,000300.SH,False,1,present
2026-02-27,000905.SH,False,1,present
2026-02-27,000852.SH,False,1,present
2026-02-27,399106.SZ,False,1,present
2026-02-27,399102.SZ,False,1,present
2026-02-27,899050.BJ,False,1,present
2026-02-26,000001.SH,True,1,present
2026-02-26,399001.SZ,True,1,present
2026-02-26,399006.SZ,True,1,present
2026-02-26,000688.SH,True,1,present
2026-02-26,000016.SH,True,1,present
2026-02-26,000300.SH,False,1,present
2026-02-26,000905.SH,False,1,present
2026-02-26,000852.SH,False,1,present
2026-02-26,399106.SZ,False,1,present
2026-02-26,399102.SZ,False,1,present
2026-02-26,899050.BJ,False,1,present
2026-02-25,000001.SH,True,1,present
2026-02-25,399001.SZ,True,1,present
2026-02-25,399006.SZ,True,1,present
2026-02-25,000688.SH,True,1,present
2026-02-25,000016.SH,True,1,present
2026-02-25,000300.SH,False,1,present
2026-02-25,000905.SH,False,1,present
2026-02-25,000852.SH,False,1,present
2026-02-25,399106.SZ,False,1,present
2026-02-25,399102.SZ,False,1,present
2026-02-25,899050.BJ,False,1,present
2026-02-24,000001.SH,True,1,present
2026-02-24,399001.SZ,True,1,present
2026-02-24,399006.SZ,True,1,present
2026-02-24,000688.SH,True,1,present
2026-02-24,000016.SH,True,1,present
2026-02-24,000300.SH,False,1,present
2026-02-24,000905.SH,False,1,present
2026-02-24,000852.SH,False,1,present
2026-02-24,399106.SZ,False,1,present
2026-02-24,399102.SZ,False,1,present
2026-02-24,899050.BJ,False,1,present
2026-02-13,000001.SH,True,1,present
2026-02-13,399001.SZ,True,1,present
2026-02-13,399006.SZ,True,1,present
2026-02-13,000688.SH,True,1,present
2026-02-13,000016.SH,True,1,present
2026-02-13,000300.SH,False,1,present
2026-02-13,000905.SH,False,1,present
2026-02-13,000852.SH,False,1,present
2026-02-13,399106.SZ,False,1,present
2026-02-13,399102.SZ,False,1,present
2026-02-13,899050.BJ,False,1,present
2026-02-12,000001.SH,True,1,present
2026-02-12,399001.SZ,True,1,present
2026-02-12,399006.SZ,True,1,present
2026-02-12,000688.SH,True,1,present
2026-02-12,000016.SH,True,1,present
2026-02-12,000300.SH,False,1,present
2026-02-12,000905.SH,False,1,present
2026-02-12,000852.SH,False,1,present
2026-02-12,399106.SZ,False,1,present
2026-02-12,399102.SZ,False,1,present
2026-02-12,899050.BJ,False,1,present
2026-02-11,000001.SH,True,1,present
2026-02-11,399001.SZ,True,1,present
2026-02-11,399006.SZ,True,1,present
2026-02-11,000688.SH,True,1,present
2026-02-11,000016.SH,True,1,present
2026-02-11,000300.SH,False,1,present
2026-02-11,000905.SH,False,1,present
2026-02-11,000852.SH,False,1,present
2026-02-11,399106.SZ,False,1,present
2026-02-11,399102.SZ,False,1,present
2026-02-11,899050.BJ,False,1,present
2026-02-10,000001.SH,True,1,present
2026-02-10,399001.SZ,True,1,present
2026-02-10,399006.SZ,True,1,present
2026-02-10,000688.SH,True,1,present
2026-02-10,000016.SH,True,1,present
2026-02-10,000300.SH,False,1,present
2026-02-10,000905.SH,False,1,present
2026-02-10,000852.SH,False,1,present
2026-02-10,399106.SZ,False,1,present
2026-02-10,399102.SZ,False,1,present
2026-02-10,899050.BJ,False,1,present
2026-02-09,000001.SH,True,1,present
2026-02-09,399001.SZ,True,1,present
2026-02-09,399006.SZ,True,1,present
2026-02-09,000688.SH,True,1,present
2026-02-09,000016.SH,True,1,present
2026-02-09,000300.SH,False,1,present
2026-02-09,000905.SH,False,1,present
2026-02-09,000852.SH,False,1,present
2026-02-09,399106.SZ,False,1,present
2026-02-09,399102.SZ,False,1,present
2026-02-09,899050.BJ,False,1,present
2026-02-06,000001.SH,True,1,present
2026-02-06,399001.SZ,True,1,present
2026-02-06,399006.SZ,True,1,present
2026-02-06,000688.SH,True,1,present
2026-02-06,000016.SH,True,1,present
2026-02-06,000300.SH,False,1,present
2026-02-06,000905.SH,False,1,present
2026-02-06,000852.SH,False,1,present
2026-02-06,399106.SZ,False,1,present
2026-02-06,399102.SZ,False,1,present
2026-02-06,899050.BJ,False,1,present
2026-02-05,000001.SH,True,1,present
2026-02-05,399001.SZ,True,1,present
2026-02-05,399006.SZ,True,1,present
2026-02-05,000688.SH,True,1,present
2026-02-05,000016.SH,True,1,present
2026-02-05,000300.SH,False,1,present
2026-02-05,000905.SH,False,1,present
2026-02-05,000852.SH,False,1,present
2026-02-05,399106.SZ,False,1,present
2026-02-05,399102.SZ,False,1,present
2026-02-05,899050.BJ,False,1,present
2026-02-04,000001.SH,True,1,present
2026-02-04,399001.SZ,True,1,present
2026-02-04,399006.SZ,True,1,present
2026-02-04,000688.SH,True,1,present
2026-02-04,000016.SH,True,1,present
2026-02-04,000300.SH,False,1,present
2026-02-04,000905.SH,False,1,present
2026-02-04,000852.SH,False,1,present
2026-02-04,399106.SZ,False,1,present
2026-02-04,399102.SZ,False,1,present
2026-02-04,899050.BJ,False,1,present
2026-02-03,000001.SH,True,1,present
2026-02-03,399001.SZ,True,1,present
2026-02-03,399006.SZ,True,1,present
2026-02-03,000688.SH,True,1,present
2026-02-03,000016.SH,True,1,present
2026-02-03,000300.SH,False,1,present
2026-02-03,000905.SH,False,1,present
2026-02-03,000852.SH,False,1,present
2026-02-03,399106.SZ,False,1,present
2026-02-03,399102.SZ,False,1,present
2026-02-03,899050.BJ,False,1,present
2026-02-02,000001.SH,True,1,present
2026-02-02,399001.SZ,True,1,present
2026-02-02,399006.SZ,True,1,present
2026-02-02,000688.SH,True,1,present
2026-02-02,000016.SH,True,1,present
2026-02-02,000300.SH,False,1,present
2026-02-02,000905.SH,False,1,present
2026-02-02,000852.SH,False,1,present
2026-02-02,399106.SZ,False,1,present
2026-02-02,399102.SZ,False,1,present
2026-02-02,899050.BJ,False,1,present
2026-01-30,000001.SH,True,1,present
2026-01-30,399001.SZ,True,1,present
2026-01-30,399006.SZ,True,1,present
2026-01-30,000688.SH,True,1,present
2026-01-30,000016.SH,True,1,present
2026-01-30,000300.SH,False,1,present
2026-01-30,000905.SH,False,1,present
2026-01-30,000852.SH,False,1,present
2026-01-30,399106.SZ,False,1,present
2026-01-30,399102.SZ,False,1,present
2026-01-30,899050.BJ,False,1,present
2026-01-29,000001.SH,True,1,present
2026-01-29,399001.SZ,True,1,present
2026-01-29,399006.SZ,True,1,present
2026-01-29,000688.SH,True,1,present
2026-01-29,000016.SH,True,1,present
2026-01-29,000300.SH,False,1,present
2026-01-29,000905.SH,False,1,present
2026-01-29,000852.SH,False,1,present
2026-01-29,399106.SZ,False,1,present
2026-01-29,399102.SZ,False,1,present
2026-01-29,899050.BJ,False,1,present
2026-01-28,000001.SH,True,1,present
2026-01-28,399001.SZ,True,1,present
2026-01-28,399006.SZ,True,1,present
2026-01-28,000688.SH,True,1,present
2026-01-28,000016.SH,True,1,present
2026-01-28,000300.SH,False,1,present
2026-01-28,000905.SH,False,1,present
2026-01-28,000852.SH,False,1,present
2026-01-28,399106.SZ,False,1,present
2026-01-28,399102.SZ,False,1,present
2026-01-28,899050.BJ,False,1,present
2026-01-27,000001.SH,True,1,present
2026-01-27,399001.SZ,True,1,present
2026-01-27,399006.SZ,True,1,present
2026-01-27,000688.SH,True,1,present
2026-01-27,000016.SH,True,1,present
2026-01-27,000300.SH,False,1,present
2026-01-27,000905.SH,False,1,present
2026-01-27,000852.SH,False,1,present
2026-01-27,399106.SZ,False,1,present
2026-01-27,399102.SZ,False,1,present
2026-01-27,899050.BJ,False,1,present
2026-01-26,000001.SH,True,1,present
2026-01-26,399001.SZ,True,1,present
2026-01-26,399006.SZ,True,1,present
2026-01-26,000688.SH,True,1,present
2026-01-26,000016.SH,True,1,present
2026-01-26,000300.SH,False,1,present
2026-01-26,000905.SH,False,1,present
2026-01-26,000852.SH,False,1,present
2026-01-26,399106.SZ,False,1,present
2026-01-26,399102.SZ,False,1,present
2026-01-26,899050.BJ,False,1,present
2026-01-23,000001.SH,True,1,present
2026-01-23,399001.SZ,True,1,present
2026-01-23,399006.SZ,True,1,present
2026-01-23,000688.SH,True,1,present
2026-01-23,000016.SH,True,1,present
2026-01-23,000300.SH,False,1,present
2026-01-23,000905.SH,False,1,present
2026-01-23,000852.SH,False,1,present
2026-01-23,399106.SZ,False,1,present
2026-01-23,399102.SZ,False,1,present
2026-01-23,899050.BJ,False,1,present
2026-01-22,000001.SH,True,1,present
2026-01-22,399001.SZ,True,1,present
2026-01-22,399006.SZ,True,1,present
2026-01-22,000688.SH,True,1,present
2026-01-22,000016.SH,True,1,present
2026-01-22,000300.SH,False,1,present
2026-01-22,000905.SH,False,1,present
2026-01-22,000852.SH,False,1,present
2026-01-22,399106.SZ,False,1,present
2026-01-22,399102.SZ,False,1,present
2026-01-22,899050.BJ,False,1,present
2026-01-21,000001.SH,True,1,present
2026-01-21,399001.SZ,True,1,present
2026-01-21,399006.SZ,True,1,present
2026-01-21,000688.SH,True,1,present
2026-01-21,000016.SH,True,1,present
2026-01-21,000300.SH,False,1,present
2026-01-21,000905.SH,False,1,present
2026-01-21,000852.SH,False,1,present
2026-01-21,399106.SZ,False,1,present
2026-01-21,399102.SZ,False,1,present
2026-01-21,899050.BJ,False,1,present
2026-01-20,000001.SH,True,1,present
2026-01-20,399001.SZ,True,1,present
2026-01-20,399006.SZ,True,1,present
2026-01-20,000688.SH,True,1,present
2026-01-20,000016.SH,True,1,present
2026-01-20,000300.SH,False,1,present
2026-01-20,000905.SH,False,1,present
2026-01-20,000852.SH,False,1,present
2026-01-20,399106.SZ,False,1,present
2026-01-20,399102.SZ,False,1,present
2026-01-20,899050.BJ,False,1,present
2026-01-19,000001.SH,True,1,present
2026-01-19,399001.SZ,True,1,present
2026-01-19,399006.SZ,True,1,present
2026-01-19,000688.SH,True,1,present
2026-01-19,000016.SH,True,1,present
2026-01-19,000300.SH,False,1,present
2026-01-19,000905.SH,False,1,present
2026-01-19,000852.SH,False,1,present
2026-01-19,399106.SZ,False,1,present
2026-01-19,399102.SZ,False,1,present
2026-01-19,899050.BJ,False,1,present
2026-01-16,000001.SH,True,1,present
2026-01-16,399001.SZ,True,1,present
2026-01-16,399006.SZ,True,1,present
2026-01-16,000688.SH,True,1,present
2026-01-16,000016.SH,True,1,present
2026-01-16,000300.SH,False,1,present
2026-01-16,000905.SH,False,1,present
2026-01-16,000852.SH,False,1,present
2026-01-16,399106.SZ,False,1,present
2026-01-16,399102.SZ,False,1,present
2026-01-16,899050.BJ,False,1,present
2026-01-15,000001.SH,True,1,present
2026-01-15,399001.SZ,True,1,present
2026-01-15,399006.SZ,True,1,present
2026-01-15,000688.SH,True,1,present
2026-01-15,000016.SH,True,1,present
2026-01-15,000300.SH,False,1,present
2026-01-15,000905.SH,False,1,present
2026-01-15,000852.SH,False,1,present
2026-01-15,399106.SZ,False,1,present
2026-01-15,399102.SZ,False,1,present
2026-01-15,899050.BJ,False,1,present
2026-01-14,000001.SH,True,1,present
2026-01-14,399001.SZ,True,1,present
2026-01-14,399006.SZ,True,1,present
2026-01-14,000688.SH,True,1,present
2026-01-14,000016.SH,True,1,present
2026-01-14,000300.SH,False,1,present
2026-01-14,000905.SH,False,1,present
2026-01-14,000852.SH,False,1,present
2026-01-14,399106.SZ,False,1,present
2026-01-14,399102.SZ,False,1,present
2026-01-14,899050.BJ,False,1,present
2026-01-13,000001.SH,True,1,present
2026-01-13,399001.SZ,True,1,present
2026-01-13,399006.SZ,True,1,present
2026-01-13,000688.SH,True,1,present
2026-01-13,000016.SH,True,1,present
2026-01-13,000300.SH,False,1,present
2026-01-13,000905.SH,False,1,present
2026-01-13,000852.SH,False,1,present
2026-01-13,399106.SZ,False,1,present
2026-01-13,399102.SZ,False,1,present
2026-01-13,899050.BJ,False,1,present
2026-01-12,000001.SH,True,1,present
2026-01-12,399001.SZ,True,1,present
2026-01-12,399006.SZ,True,1,present
2026-01-12,000688.SH,True,1,present
2026-01-12,000016.SH,True,1,present
2026-01-12,000300.SH,False,1,present
2026-01-12,000905.SH,False,1,present
2026-01-12,000852.SH,False,1,present
2026-01-12,399106.SZ,False,1,present
2026-01-12,399102.SZ,False,1,present
2026-01-12,899050.BJ,False,1,present
2026-01-09,000001.SH,True,1,present
2026-01-09,399001.SZ,True,1,present
2026-01-09,399006.SZ,True,1,present
2026-01-09,000688.SH,True,1,present
2026-01-09,000016.SH,True,1,present
2026-01-09,000300.SH,False,1,present
2026-01-09,000905.SH,False,1,present
2026-01-09,000852.SH,False,1,present
2026-01-09,399106.SZ,False,1,present
2026-01-09,399102.SZ,False,1,present
2026-01-09,899050.BJ,False,1,present
2026-01-08,000001.SH,True,1,present
2026-01-08,399001.SZ,True,1,present
2026-01-08,399006.SZ,True,1,present
2026-01-08,000688.SH,True,1,present
2026-01-08,000016.SH,True,1,present
2026-01-08,000300.SH,False,1,present
2026-01-08,000905.SH,False,1,present
2026-01-08,000852.SH,False,1,present
2026-01-08,399106.SZ,False,1,present
2026-01-08,399102.SZ,False,1,present
2026-01-08,899050.BJ,False,1,present
2026-01-07,000001.SH,True,1,present
2026-01-07,399001.SZ,True,1,present
2026-01-07,399006.SZ,True,1,present
2026-01-07,000688.SH,True,1,present
2026-01-07,000016.SH,True,1,present
2026-01-07,000300.SH,False,1,present
2026-01-07,000905.SH,False,1,present
2026-01-07,000852.SH,False,1,present
2026-01-07,399106.SZ,False,1,present
2026-01-07,399102.SZ,False,1,present
2026-01-07,899050.BJ,False,1,present
2026-01-06,000001.SH,True,1,present
2026-01-06,399001.SZ,True,1,present
2026-01-06,399006.SZ,True,1,present
2026-01-06,000688.SH,True,1,present
2026-01-06,000016.SH,True,1,present
2026-01-06,000300.SH,False,1,present
2026-01-06,000905.SH,False,1,present
2026-01-06,000852.SH,False,1,present
2026-01-06,399106.SZ,False,1,present
2026-01-06,399102.SZ,False,1,present
2026-01-06,899050.BJ,False,1,present
2026-01-05,000001.SH,True,1,present
2026-01-05,399001.SZ,True,1,present
2026-01-05,399006.SZ,True,1,present
2026-01-05,000688.SH,True,1,present
2026-01-05,000016.SH,True,1,present
2026-01-05,000300.SH,False,1,present
2026-01-05,000905.SH,False,1,present
2026-01-05,000852.SH,False,1,present
2026-01-05,399106.SZ,False,1,present
2026-01-05,399102.SZ,False,1,present
2026-01-05,899050.BJ,False,1,present
2025-12-31,000001.SH,True,1,present
2025-12-31,399001.SZ,True,1,present
2025-12-31,399006.SZ,True,1,present
2025-12-31,000688.SH,True,1,present
2025-12-31,000016.SH,True,1,present
2025-12-31,000300.SH,False,1,present
2025-12-31,000905.SH,False,1,present
2025-12-31,000852.SH,False,1,present
2025-12-31,399106.SZ,False,1,present
2025-12-31,399102.SZ,False,1,present
2025-12-31,899050.BJ,False,1,present
2025-12-30,000001.SH,True,1,present
2025-12-30,399001.SZ,True,1,present
2025-12-30,399006.SZ,True,1,present
2025-12-30,000688.SH,True,1,present
2025-12-30,000016.SH,True,1,present
2025-12-30,000300.SH,False,1,present
2025-12-30,000905.SH,False,1,present
2025-12-30,000852.SH,False,1,present
2025-12-30,399106.SZ,False,1,present
2025-12-30,399102.SZ,False,1,present
2025-12-30,899050.BJ,False,1,present
2025-12-29,000001.SH,True,1,present
2025-12-29,399001.SZ,True,1,present
2025-12-29,399006.SZ,True,1,present
2025-12-29,000688.SH,True,1,present
2025-12-29,000016.SH,True,1,present
2025-12-29,000300.SH,False,1,present
2025-12-29,000905.SH,False,1,present
2025-12-29,000852.SH,False,1,present
2025-12-29,399106.SZ,False,1,present
2025-12-29,399102.SZ,False,1,present
2025-12-29,899050.BJ,False,1,present
2025-12-26,000001.SH,True,1,present
2025-12-26,399001.SZ,True,1,present
2025-12-26,399006.SZ,True,1,present
2025-12-26,000688.SH,True,1,present
2025-12-26,000016.SH,True,1,present
2025-12-26,000300.SH,False,1,present
2025-12-26,000905.SH,False,1,present
2025-12-26,000852.SH,False,1,present
2025-12-26,399106.SZ,False,1,present
2025-12-26,399102.SZ,False,1,present
2025-12-26,899050.BJ,False,1,present
2025-12-25,000001.SH,True,1,present
2025-12-25,399001.SZ,True,1,present
2025-12-25,399006.SZ,True,1,present
2025-12-25,000688.SH,True,1,present
2025-12-25,000016.SH,True,1,present
2025-12-25,000300.SH,False,1,present
2025-12-25,000905.SH,False,1,present
2025-12-25,000852.SH,False,1,present
2025-12-25,399106.SZ,False,1,present
2025-12-25,399102.SZ,False,1,present
2025-12-25,899050.BJ,False,1,present
2025-12-24,000001.SH,True,1,present
2025-12-24,399001.SZ,True,1,present
2025-12-24,399006.SZ,True,1,present
2025-12-24,000688.SH,True,1,present
2025-12-24,000016.SH,True,1,present
2025-12-24,000300.SH,False,1,present
2025-12-24,000905.SH,False,1,present
2025-12-24,000852.SH,False,1,present
2025-12-24,399106.SZ,False,1,present
2025-12-24,399102.SZ,False,1,present
2025-12-24,899050.BJ,False,1,present
2025-12-23,000001.SH,True,1,present
2025-12-23,399001.SZ,True,1,present
2025-12-23,399006.SZ,True,1,present
2025-12-23,000688.SH,True,1,present
2025-12-23,000016.SH,True,1,present
2025-12-23,000300.SH,False,1,present
2025-12-23,000905.SH,False,1,present
2025-12-23,000852.SH,False,1,present
2025-12-23,399106.SZ,False,1,present
2025-12-23,399102.SZ,False,1,present
2025-12-23,899050.BJ,False,1,present
2025-12-22,000001.SH,True,1,present
2025-12-22,399001.SZ,True,1,present
2025-12-22,399006.SZ,True,1,present
2025-12-22,000688.SH,True,1,present
2025-12-22,000016.SH,True,1,present
2025-12-22,000300.SH,False,1,present
2025-12-22,000905.SH,False,1,present
2025-12-22,000852.SH,False,1,present
2025-12-22,399106.SZ,False,1,present
2025-12-22,399102.SZ,False,1,present
2025-12-22,899050.BJ,False,1,present
2025-12-19,000001.SH,True,1,present
2025-12-19,399001.SZ,True,1,present
2025-12-19,399006.SZ,True,1,present
2025-12-19,000688.SH,True,1,present
2025-12-19,000016.SH,True,1,present
2025-12-19,000300.SH,False,1,present
2025-12-19,000905.SH,False,1,present
2025-12-19,000852.SH,False,1,present
2025-12-19,399106.SZ,False,1,present
2025-12-19,399102.SZ,False,1,present
2025-12-19,899050.BJ,False,1,present
2025-12-18,000001.SH,True,1,present
2025-12-18,399001.SZ,True,1,present
2025-12-18,399006.SZ,True,1,present
2025-12-18,000688.SH,True,1,present
2025-12-18,000016.SH,True,1,present
2025-12-18,000300.SH,False,1,present
2025-12-18,000905.SH,False,1,present
2025-12-18,000852.SH,False,1,present
2025-12-18,399106.SZ,False,1,present
2025-12-18,399102.SZ,False,1,present
2025-12-18,899050.BJ,False,1,present
2025-12-17,000001.SH,True,1,present
2025-12-17,399001.SZ,True,1,present
2025-12-17,399006.SZ,True,1,present
2025-12-17,000688.SH,True,1,present
2025-12-17,000016.SH,True,1,present
2025-12-17,000300.SH,False,1,present
2025-12-17,000905.SH,False,1,present
2025-12-17,000852.SH,False,1,present
2025-12-17,399106.SZ,False,1,present
2025-12-17,399102.SZ,False,1,present
2025-12-17,899050.BJ,False,1,present
2025-12-16,000001.SH,True,1,present
2025-12-16,399001.SZ,True,1,present
2025-12-16,399006.SZ,True,1,present
2025-12-16,000688.SH,True,1,present
2025-12-16,000016.SH,True,1,present
2025-12-16,000300.SH,False,1,present
2025-12-16,000905.SH,False,1,present
2025-12-16,000852.SH,False,1,present
2025-12-16,399106.SZ,False,1,present
2025-12-16,399102.SZ,False,1,present
2025-12-16,899050.BJ,False,1,present
2025-12-15,000001.SH,True,1,present
2025-12-15,399001.SZ,True,1,present
2025-12-15,399006.SZ,True,1,present
2025-12-15,000688.SH,True,1,present
2025-12-15,000016.SH,True,1,present
2025-12-15,000300.SH,False,1,present
2025-12-15,000905.SH,False,1,present
2025-12-15,000852.SH,False,1,present
2025-12-15,399106.SZ,False,1,present
2025-12-15,399102.SZ,False,1,present
2025-12-15,899050.BJ,False,1,present
2025-12-12,000001.SH,True,1,present
2025-12-12,399001.SZ,True,1,present
2025-12-12,399006.SZ,True,1,present
2025-12-12,000688.SH,True,1,present
2025-12-12,000016.SH,True,1,present
2025-12-12,000300.SH,False,1,present
2025-12-12,000905.SH,False,1,present
2025-12-12,000852.SH,False,1,present
2025-12-12,399106.SZ,False,1,present
2025-12-12,399102.SZ,False,1,present
2025-12-12,899050.BJ,False,1,present
2025-12-11,000001.SH,True,1,present
2025-12-11,399001.SZ,True,1,present
2025-12-11,399006.SZ,True,1,present
2025-12-11,000688.SH,True,1,present
2025-12-11,000016.SH,True,1,present
2025-12-11,000300.SH,False,1,present
2025-12-11,000905.SH,False,1,present
2025-12-11,000852.SH,False,1,present
2025-12-11,399106.SZ,False,1,present
2025-12-11,399102.SZ,False,1,present
2025-12-11,899050.BJ,False,1,present
2025-12-10,000001.SH,True,1,present
2025-12-10,399001.SZ,True,1,present
2025-12-10,399006.SZ,True,1,present
2025-12-10,000688.SH,True,1,present
2025-12-10,000016.SH,True,1,present
2025-12-10,000300.SH,False,1,present
2025-12-10,000905.SH,False,1,present
2025-12-10,000852.SH,False,1,present
2025-12-10,399106.SZ,False,1,present
2025-12-10,399102.SZ,False,1,present
2025-12-10,899050.BJ,False,1,present
2025-12-09,000001.SH,True,1,present
2025-12-09,399001.SZ,True,1,present
2025-12-09,399006.SZ,True,1,present
2025-12-09,000688.SH,True,1,present
2025-12-09,000016.SH,True,1,present
2025-12-09,000300.SH,False,1,present
2025-12-09,000905.SH,False,1,present
2025-12-09,000852.SH,False,1,present
2025-12-09,399106.SZ,False,1,present
2025-12-09,399102.SZ,False,1,present
2025-12-09,899050.BJ,False,1,present
2025-12-08,000001.SH,True,1,present
2025-12-08,399001.SZ,True,1,present
2025-12-08,399006.SZ,True,1,present
2025-12-08,000688.SH,True,1,present
2025-12-08,000016.SH,True,1,present
2025-12-08,000300.SH,False,1,present
2025-12-08,000905.SH,False,1,present
2025-12-08,000852.SH,False,1,present
2025-12-08,399106.SZ,False,1,present
2025-12-08,399102.SZ,False,1,present
2025-12-08,899050.BJ,False,1,present
2025-12-05,000001.SH,True,1,present
2025-12-05,399001.SZ,True,1,present
2025-12-05,399006.SZ,True,1,present
2025-12-05,000688.SH,True,1,present
2025-12-05,000016.SH,True,1,present
2025-12-05,000300.SH,False,1,present
2025-12-05,000905.SH,False,1,present
2025-12-05,000852.SH,False,1,present
2025-12-05,399106.SZ,False,1,present
2025-12-05,399102.SZ,False,1,present
2025-12-05,899050.BJ,False,1,present
2025-12-04,000001.SH,True,1,present
2025-12-04,399001.SZ,True,1,present
2025-12-04,399006.SZ,True,1,present
2025-12-04,000688.SH,True,1,present
2025-12-04,000016.SH,True,1,present
2025-12-04,000300.SH,False,1,present
2025-12-04,000905.SH,False,1,present
2025-12-04,000852.SH,False,1,present
2025-12-04,399106.SZ,False,1,present
2025-12-04,399102.SZ,False,1,present
2025-12-04,899050.BJ,False,1,present
2025-12-03,000001.SH,True,1,present
2025-12-03,399001.SZ,True,1,present
2025-12-03,399006.SZ,True,1,present
2025-12-03,000688.SH,True,1,present
2025-12-03,000016.SH,True,1,present
2025-12-03,000300.SH,False,1,present
2025-12-03,000905.SH,False,1,present
2025-12-03,000852.SH,False,1,present
2025-12-03,399106.SZ,False,1,present
2025-12-03,399102.SZ,False,1,present
2025-12-03,899050.BJ,False,1,present
2025-12-02,000001.SH,True,1,present
2025-12-02,399001.SZ,True,1,present
2025-12-02,399006.SZ,True,1,present
2025-12-02,000688.SH,True,1,present
2025-12-02,000016.SH,True,1,present
2025-12-02,000300.SH,False,1,present
2025-12-02,000905.SH,False,1,present
2025-12-02,000852.SH,False,1,present
2025-12-02,399106.SZ,False,1,present
2025-12-02,399102.SZ,False,1,present
2025-12-02,899050.BJ,False,1,present
2025-12-01,000001.SH,True,1,present
2025-12-01,399001.SZ,True,1,present
2025-12-01,399006.SZ,True,1,present
2025-12-01,000688.SH,True,1,present
2025-12-01,000016.SH,True,1,present
2025-12-01,000300.SH,False,1,present
2025-12-01,000905.SH,False,1,present
2025-12-01,000852.SH,False,1,present
2025-12-01,399106.SZ,False,1,present
2025-12-01,399102.SZ,False,1,present
2025-12-01,899050.BJ,False,1,present
2025-11-28,000001.SH,True,1,present
2025-11-28,399001.SZ,True,1,present
2025-11-28,399006.SZ,True,1,present
2025-11-28,000688.SH,True,1,present
2025-11-28,000016.SH,True,1,present
2025-11-28,000300.SH,False,1,present
2025-11-28,000905.SH,False,1,present
2025-11-28,000852.SH,False,1,present
2025-11-28,399106.SZ,False,1,present
2025-11-28,399102.SZ,False,1,present
2025-11-28,899050.BJ,False,1,present
2025-11-27,000001.SH,True,1,present
2025-11-27,399001.SZ,True,1,present
2025-11-27,399006.SZ,True,1,present
2025-11-27,000688.SH,True,1,present
2025-11-27,000016.SH,True,1,present
2025-11-27,000300.SH,False,1,present
2025-11-27,000905.SH,False,1,present
2025-11-27,000852.SH,False,1,present
2025-11-27,399106.SZ,False,1,present
2025-11-27,399102.SZ,False,1,present
2025-11-27,899050.BJ,False,1,present
2025-11-26,000001.SH,True,1,present
2025-11-26,399001.SZ,True,1,present
2025-11-26,399006.SZ,True,1,present
2025-11-26,000688.SH,True,1,present
2025-11-26,000016.SH,True,1,present
2025-11-26,000300.SH,False,1,present
2025-11-26,000905.SH,False,1,present
2025-11-26,000852.SH,False,1,present
2025-11-26,399106.SZ,False,1,present
2025-11-26,399102.SZ,False,1,present
2025-11-26,899050.BJ,False,1,present
2025-11-25,000001.SH,True,1,present
2025-11-25,399001.SZ,True,1,present
2025-11-25,399006.SZ,True,1,present
2025-11-25,000688.SH,True,1,present
2025-11-25,000016.SH,True,1,present
2025-11-25,000300.SH,False,1,present
2025-11-25,000905.SH,False,1,present
2025-11-25,000852.SH,False,1,present
2025-11-25,399106.SZ,False,1,present
2025-11-25,399102.SZ,False,1,present
2025-11-25,899050.BJ,False,1,present
2025-11-24,000001.SH,True,1,present
2025-11-24,399001.SZ,True,1,present
2025-11-24,399006.SZ,True,1,present
2025-11-24,000688.SH,True,1,present
2025-11-24,000016.SH,True,1,present
2025-11-24,000300.SH,False,1,present
2025-11-24,000905.SH,False,1,present
2025-11-24,000852.SH,False,1,present
2025-11-24,399106.SZ,False,1,present
2025-11-24,399102.SZ,False,1,present
2025-11-24,899050.BJ,False,1,present
2025-11-21,000001.SH,True,1,present
2025-11-21,399001.SZ,True,1,present
2025-11-21,399006.SZ,True,1,present
2025-11-21,000688.SH,True,1,present
2025-11-21,000016.SH,True,1,present
2025-11-21,000300.SH,False,1,present
2025-11-21,000905.SH,False,1,present
2025-11-21,000852.SH,False,1,present
2025-11-21,399106.SZ,False,1,present
2025-11-21,399102.SZ,False,1,present
2025-11-21,899050.BJ,False,1,present
2025-11-20,000001.SH,True,1,present
2025-11-20,399001.SZ,True,1,present
2025-11-20,399006.SZ,True,1,present
2025-11-20,000688.SH,True,1,present
2025-11-20,000016.SH,True,1,present
2025-11-20,000300.SH,False,1,present
2025-11-20,000905.SH,False,1,present
2025-11-20,000852.SH,False,1,present
2025-11-20,399106.SZ,False,1,present
2025-11-20,399102.SZ,False,1,present
2025-11-20,899050.BJ,False,1,present
2025-11-19,000001.SH,True,1,present
2025-11-19,399001.SZ,True,1,present
2025-11-19,399006.SZ,True,1,present
2025-11-19,000688.SH,True,1,present
2025-11-19,000016.SH,True,1,present
2025-11-19,000300.SH,False,1,present
2025-11-19,000905.SH,False,1,present
2025-11-19,000852.SH,False,1,present
2025-11-19,399106.SZ,False,1,present
2025-11-19,399102.SZ,False,1,present
2025-11-19,899050.BJ,False,1,present
2025-11-18,000001.SH,True,1,present
2025-11-18,399001.SZ,True,1,present
2025-11-18,399006.SZ,True,1,present
2025-11-18,000688.SH,True,1,present
2025-11-18,000016.SH,True,1,present
2025-11-18,000300.SH,False,1,present
2025-11-18,000905.SH,False,1,present
2025-11-18,000852.SH,False,1,present
2025-11-18,399106.SZ,False,1,present
2025-11-18,399102.SZ,False,1,present
2025-11-18,899050.BJ,False,1,present
2025-11-17,000001.SH,True,1,present
2025-11-17,399001.SZ,True,1,present
2025-11-17,399006.SZ,True,1,present
2025-11-17,000688.SH,True,1,present
2025-11-17,000016.SH,True,1,present
2025-11-17,000300.SH,False,1,present
2025-11-17,000905.SH,False,1,present
2025-11-17,000852.SH,False,1,present
2025-11-17,399106.SZ,False,1,present
2025-11-17,399102.SZ,False,1,present
2025-11-17,899050.BJ,False,1,present
2025-11-14,000001.SH,True,1,present
2025-11-14,399001.SZ,True,1,present
2025-11-14,399006.SZ,True,1,present
2025-11-14,000688.SH,True,1,present
2025-11-14,000016.SH,True,1,present
2025-11-14,000300.SH,False,1,present
2025-11-14,000905.SH,False,1,present
2025-11-14,000852.SH,False,1,present
2025-11-14,399106.SZ,False,1,present
2025-11-14,399102.SZ,False,1,present
2025-11-14,899050.BJ,False,1,present
2025-11-13,000001.SH,True,1,present
2025-11-13,399001.SZ,True,1,present
2025-11-13,399006.SZ,True,1,present
2025-11-13,000688.SH,True,1,present
2025-11-13,000016.SH,True,1,present
2025-11-13,000300.SH,False,1,present
2025-11-13,000905.SH,False,1,present
2025-11-13,000852.SH,False,1,present
2025-11-13,399106.SZ,False,1,present
2025-11-13,399102.SZ,False,1,present
2025-11-13,899050.BJ,False,1,present
2025-11-12,000001.SH,True,1,present
2025-11-12,399001.SZ,True,1,present
2025-11-12,399006.SZ,True,1,present
2025-11-12,000688.SH,True,1,present
2025-11-12,000016.SH,True,1,present
2025-11-12,000300.SH,False,1,present
2025-11-12,000905.SH,False,1,present
2025-11-12,000852.SH,False,1,present
2025-11-12,399106.SZ,False,1,present
2025-11-12,399102.SZ,False,1,present
2025-11-12,899050.BJ,False,1,present
2025-11-11,000001.SH,True,1,present
2025-11-11,399001.SZ,True,1,present
2025-11-11,399006.SZ,True,1,present
2025-11-11,000688.SH,True,1,present
2025-11-11,000016.SH,True,1,present
2025-11-11,000300.SH,False,1,present
2025-11-11,000905.SH,False,1,present
2025-11-11,000852.SH,False,1,present
2025-11-11,399106.SZ,False,1,present
2025-11-11,399102.SZ,False,1,present
2025-11-11,899050.BJ,False,1,present
2025-11-10,000001.SH,True,1,present
2025-11-10,399001.SZ,True,1,present
2025-11-10,399006.SZ,True,1,present
2025-11-10,000688.SH,True,1,present
2025-11-10,000016.SH,True,1,present
2025-11-10,000300.SH,False,1,present
2025-11-10,000905.SH,False,1,present
2025-11-10,000852.SH,False,1,present
2025-11-10,399106.SZ,False,1,present
2025-11-10,399102.SZ,False,1,present
2025-11-10,899050.BJ,False,1,present
2025-11-07,000001.SH,True,1,present
2025-11-07,399001.SZ,True,1,present
2025-11-07,399006.SZ,True,1,present
2025-11-07,000688.SH,True,1,present
2025-11-07,000016.SH,True,1,present
2025-11-07,000300.SH,False,1,present
2025-11-07,000905.SH,False,1,present
2025-11-07,000852.SH,False,1,present
2025-11-07,399106.SZ,False,1,present
2025-11-07,399102.SZ,False,1,present
2025-11-07,899050.BJ,False,1,present
2025-11-06,000001.SH,True,1,present
2025-11-06,399001.SZ,True,1,present
2025-11-06,399006.SZ,True,1,present
2025-11-06,000688.SH,True,1,present
2025-11-06,000016.SH,True,1,present
2025-11-06,000300.SH,False,1,present
2025-11-06,000905.SH,False,1,present
2025-11-06,000852.SH,False,1,present
2025-11-06,399106.SZ,False,1,present
2025-11-06,399102.SZ,False,1,present
2025-11-06,899050.BJ,False,1,present
2025-11-05,000001.SH,True,1,present
2025-11-05,399001.SZ,True,1,present
2025-11-05,399006.SZ,True,1,present
2025-11-05,000688.SH,True,1,present
2025-11-05,000016.SH,True,1,present
2025-11-05,000300.SH,False,1,present
2025-11-05,000905.SH,False,1,present
2025-11-05,000852.SH,False,1,present
2025-11-05,399106.SZ,False,1,present
2025-11-05,399102.SZ,False,1,present
2025-11-05,899050.BJ,False,1,present
2025-11-04,000001.SH,True,1,present
2025-11-04,399001.SZ,True,1,present
2025-11-04,399006.SZ,True,1,present
2025-11-04,000688.SH,True,1,present
2025-11-04,000016.SH,True,1,present
2025-11-04,000300.SH,False,1,present
2025-11-04,000905.SH,False,1,present
2025-11-04,000852.SH,False,1,present
2025-11-04,399106.SZ,False,1,present
2025-11-04,399102.SZ,False,1,present
2025-11-04,899050.BJ,False,1,present
2025-11-03,000001.SH,True,1,present
2025-11-03,399001.SZ,True,1,present
2025-11-03,399006.SZ,True,1,present
2025-11-03,000688.SH,True,1,present
2025-11-03,000016.SH,True,1,present
2025-11-03,000300.SH,False,1,present
2025-11-03,000905.SH,False,1,present
2025-11-03,000852.SH,False,1,present
2025-11-03,399106.SZ,False,1,present
2025-11-03,399102.SZ,False,1,present
2025-11-03,899050.BJ,False,1,present
2025-10-31,000001.SH,True,1,present
2025-10-31,399001.SZ,True,1,present
2025-10-31,399006.SZ,True,1,present
2025-10-31,000688.SH,True,1,present
2025-10-31,000016.SH,True,1,present
2025-10-31,000300.SH,False,1,present
2025-10-31,000905.SH,False,1,present
2025-10-31,000852.SH,False,1,present
2025-10-31,399106.SZ,False,1,present
2025-10-31,399102.SZ,False,1,present
2025-10-31,899050.BJ,False,1,present
2025-10-30,000001.SH,True,1,present
2025-10-30,399001.SZ,True,1,present
2025-10-30,399006.SZ,True,1,present
2025-10-30,000688.SH,True,1,present
2025-10-30,000016.SH,True,1,present
2025-10-30,000300.SH,False,1,present
2025-10-30,000905.SH,False,1,present
2025-10-30,000852.SH,False,1,present
2025-10-30,399106.SZ,False,1,present
2025-10-30,399102.SZ,False,1,present
2025-10-30,899050.BJ,False,1,present
2025-10-29,000001.SH,True,1,present
2025-10-29,399001.SZ,True,1,present
2025-10-29,399006.SZ,True,1,present
2025-10-29,000688.SH,True,1,present
2025-10-29,000016.SH,True,1,present
2025-10-29,000300.SH,False,1,present
2025-10-29,000905.SH,False,1,present
2025-10-29,000852.SH,False,1,present
2025-10-29,399106.SZ,False,1,present
2025-10-29,399102.SZ,False,1,present
2025-10-29,899050.BJ,False,1,present
2025-10-28,000001.SH,True,1,present
2025-10-28,399001.SZ,True,1,present
2025-10-28,399006.SZ,True,1,present
2025-10-28,000688.SH,True,1,present
2025-10-28,000016.SH,True,1,present
2025-10-28,000300.SH,False,1,present
2025-10-28,000905.SH,False,1,present
2025-10-28,000852.SH,False,1,present
2025-10-28,399106.SZ,False,1,present
2025-10-28,399102.SZ,False,1,present
2025-10-28,899050.BJ,False,1,present
2025-10-27,000001.SH,True,1,present
2025-10-27,399001.SZ,True,1,present
2025-10-27,399006.SZ,True,1,present
2025-10-27,000688.SH,True,1,present
2025-10-27,000016.SH,True,1,present
2025-10-27,000300.SH,False,1,present
2025-10-27,000905.SH,False,1,present
2025-10-27,000852.SH,False,1,present
2025-10-27,399106.SZ,False,1,present
2025-10-27,399102.SZ,False,1,present
2025-10-27,899050.BJ,False,1,present
2025-10-24,000001.SH,True,1,present
2025-10-24,399001.SZ,True,1,present
2025-10-24,399006.SZ,True,1,present
2025-10-24,000688.SH,True,1,present
2025-10-24,000016.SH,True,1,present
2025-10-24,000300.SH,False,1,present
2025-10-24,000905.SH,False,1,present
2025-10-24,000852.SH,False,1,present
2025-10-24,399106.SZ,False,1,present
2025-10-24,399102.SZ,False,1,present
2025-10-24,899050.BJ,False,1,present
2025-10-23,000001.SH,True,1,present
2025-10-23,399001.SZ,True,1,present
2025-10-23,399006.SZ,True,1,present
2025-10-23,000688.SH,True,1,present
2025-10-23,000016.SH,True,1,present
2025-10-23,000300.SH,False,1,present
2025-10-23,000905.SH,False,1,present
2025-10-23,000852.SH,False,1,present
2025-10-23,399106.SZ,False,1,present
2025-10-23,399102.SZ,False,1,present
2025-10-23,899050.BJ,False,1,present
2025-10-22,000001.SH,True,1,present
2025-10-22,399001.SZ,True,1,present
2025-10-22,399006.SZ,True,1,present
2025-10-22,000688.SH,True,1,present
2025-10-22,000016.SH,True,1,present
2025-10-22,000300.SH,False,1,present
2025-10-22,000905.SH,False,1,present
2025-10-22,000852.SH,False,1,present
2025-10-22,399106.SZ,False,1,present
2025-10-22,399102.SZ,False,1,present
2025-10-22,899050.BJ,False,1,present
2025-10-21,000001.SH,True,1,present
2025-10-21,399001.SZ,True,1,present
2025-10-21,399006.SZ,True,1,present
2025-10-21,000688.SH,True,1,present
2025-10-21,000016.SH,True,1,present
2025-10-21,000300.SH,False,1,present
2025-10-21,000905.SH,False,1,present
2025-10-21,000852.SH,False,1,present
2025-10-21,399106.SZ,False,1,present
2025-10-21,399102.SZ,False,1,present
2025-10-21,899050.BJ,False,1,present
2025-10-20,000001.SH,True,1,present
2025-10-20,399001.SZ,True,1,present
2025-10-20,399006.SZ,True,1,present
2025-10-20,000688.SH,True,1,present
2025-10-20,000016.SH,True,1,present
2025-10-20,000300.SH,False,1,present
2025-10-20,000905.SH,False,1,present
2025-10-20,000852.SH,False,1,present
2025-10-20,399106.SZ,False,1,present
2025-10-20,399102.SZ,False,1,present
2025-10-20,899050.BJ,False,1,present
2025-10-17,000001.SH,True,1,present
2025-10-17,399001.SZ,True,1,present
2025-10-17,399006.SZ,True,1,present
2025-10-17,000688.SH,True,1,present
2025-10-17,000016.SH,True,1,present
2025-10-17,000300.SH,False,1,present
2025-10-17,000905.SH,False,1,present
2025-10-17,000852.SH,False,1,present
2025-10-17,399106.SZ,False,1,present
2025-10-17,399102.SZ,False,1,present
2025-10-17,899050.BJ,False,1,present
2025-10-16,000001.SH,True,1,present
2025-10-16,399001.SZ,True,1,present
2025-10-16,399006.SZ,True,1,present
2025-10-16,000688.SH,True,1,present
2025-10-16,000016.SH,True,1,present
2025-10-16,000300.SH,False,1,present
2025-10-16,000905.SH,False,1,present
2025-10-16,000852.SH,False,1,present
2025-10-16,399106.SZ,False,1,present
2025-10-16,399102.SZ,False,1,present
2025-10-16,899050.BJ,False,1,present
2025-10-15,000001.SH,True,1,present
2025-10-15,399001.SZ,True,1,present
2025-10-15,399006.SZ,True,1,present
2025-10-15,000688.SH,True,1,present
2025-10-15,000016.SH,True,1,present
2025-10-15,000300.SH,False,1,present
2025-10-15,000905.SH,False,1,present
2025-10-15,000852.SH,False,1,present
2025-10-15,399106.SZ,False,1,present
2025-10-15,399102.SZ,False,1,present
2025-10-15,899050.BJ,False,1,present
2025-10-14,000001.SH,True,1,present
2025-10-14,399001.SZ,True,1,present
2025-10-14,399006.SZ,True,1,present
2025-10-14,000688.SH,True,1,present
2025-10-14,000016.SH,True,1,present
2025-10-14,000300.SH,False,1,present
2025-10-14,000905.SH,False,1,present
2025-10-14,000852.SH,False,1,present
2025-10-14,399106.SZ,False,1,present
2025-10-14,399102.SZ,False,1,present
2025-10-14,899050.BJ,False,1,present
2025-10-13,000001.SH,True,1,present
2025-10-13,399001.SZ,True,1,present
2025-10-13,399006.SZ,True,1,present
2025-10-13,000688.SH,True,1,present
2025-10-13,000016.SH,True,1,present
2025-10-13,000300.SH,False,1,present
2025-10-13,000905.SH,False,1,present
2025-10-13,000852.SH,False,1,present
2025-10-13,399106.SZ,False,1,present
2025-10-13,399102.SZ,False,1,present
2025-10-13,899050.BJ,False,1,present
2025-10-10,000001.SH,True,1,present
2025-10-10,399001.SZ,True,1,present
2025-10-10,399006.SZ,True,1,present
2025-10-10,000688.SH,True,1,present
2025-10-10,000016.SH,True,1,present
2025-10-10,000300.SH,False,1,present
2025-10-10,000905.SH,False,1,present
2025-10-10,000852.SH,False,1,present
2025-10-10,399106.SZ,False,1,present
2025-10-10,399102.SZ,False,1,present
2025-10-10,899050.BJ,False,1,present
2025-10-09,000001.SH,True,1,present
2025-10-09,399001.SZ,True,1,present
2025-10-09,399006.SZ,True,1,present
2025-10-09,000688.SH,True,1,present
2025-10-09,000016.SH,True,1,present
2025-10-09,000300.SH,False,1,present
2025-10-09,000905.SH,False,1,present
2025-10-09,000852.SH,False,1,present
2025-10-09,399106.SZ,False,1,present
2025-10-09,399102.SZ,False,1,present
2025-10-09,899050.BJ,False,1,present
2025-09-30,000001.SH,True,1,present
2025-09-30,399001.SZ,True,1,present
2025-09-30,399006.SZ,True,1,present
2025-09-30,000688.SH,True,1,present
2025-09-30,000016.SH,True,1,present
2025-09-30,000300.SH,False,1,present
2025-09-30,000905.SH,False,1,present
2025-09-30,000852.SH,False,1,present
2025-09-30,399106.SZ,False,1,present
2025-09-30,399102.SZ,False,1,present
2025-09-30,899050.BJ,False,1,present
2025-09-29,000001.SH,True,1,present
2025-09-29,399001.SZ,True,1,present
2025-09-29,399006.SZ,True,1,present
2025-09-29,000688.SH,True,1,present
2025-09-29,000016.SH,True,1,present
2025-09-29,000300.SH,False,1,present
2025-09-29,000905.SH,False,1,present
2025-09-29,000852.SH,False,1,present
2025-09-29,399106.SZ,False,1,present
2025-09-29,399102.SZ,False,1,present
2025-09-29,899050.BJ,False,1,present
2025-09-26,000001.SH,True,1,present
2025-09-26,399001.SZ,True,1,present
2025-09-26,399006.SZ,True,1,present
2025-09-26,000688.SH,True,1,present
2025-09-26,000016.SH,True,1,present
2025-09-26,000300.SH,False,1,present
2025-09-26,000905.SH,False,1,present
2025-09-26,000852.SH,False,1,present
2025-09-26,399106.SZ,False,1,present
2025-09-26,399102.SZ,False,1,present
2025-09-26,899050.BJ,False,1,present
2025-09-25,000001.SH,True,1,present
2025-09-25,399001.SZ,True,1,present
2025-09-25,399006.SZ,True,1,present
2025-09-25,000688.SH,True,1,present
2025-09-25,000016.SH,True,1,present
2025-09-25,000300.SH,False,1,present
2025-09-25,000905.SH,False,1,present
2025-09-25,000852.SH,False,1,present
2025-09-25,399106.SZ,False,1,present
2025-09-25,399102.SZ,False,1,present
2025-09-25,899050.BJ,False,1,present
2025-09-24,000001.SH,True,1,present
2025-09-24,399001.SZ,True,1,present
2025-09-24,399006.SZ,True,1,present
2025-09-24,000688.SH,True,1,present
2025-09-24,000016.SH,True,1,present
2025-09-24,000300.SH,False,1,present
2025-09-24,000905.SH,False,1,present
2025-09-24,000852.SH,False,1,present
2025-09-24,399106.SZ,False,1,present
2025-09-24,399102.SZ,False,1,present
2025-09-24,899050.BJ,False,1,present
2025-09-23,000001.SH,True,1,present
2025-09-23,399001.SZ,True,1,present
2025-09-23,399006.SZ,True,1,present
2025-09-23,000688.SH,True,1,present
2025-09-23,000016.SH,True,1,present
2025-09-23,000300.SH,False,1,present
2025-09-23,000905.SH,False,1,present
2025-09-23,000852.SH,False,1,present
2025-09-23,399106.SZ,False,1,present
2025-09-23,399102.SZ,False,1,present
2025-09-23,899050.BJ,False,1,present
2025-09-22,000001.SH,True,1,present
2025-09-22,399001.SZ,True,1,present
2025-09-22,399006.SZ,True,1,present
2025-09-22,000688.SH,True,1,present
2025-09-22,000016.SH,True,1,present
2025-09-22,000300.SH,False,1,present
2025-09-22,000905.SH,False,1,present
2025-09-22,000852.SH,False,1,present
2025-09-22,399106.SZ,False,1,present
2025-09-22,399102.SZ,False,1,present
2025-09-22,899050.BJ,False,1,present
2025-09-19,000001.SH,True,1,present
2025-09-19,399001.SZ,True,1,present
2025-09-19,399006.SZ,True,1,present
2025-09-19,000688.SH,True,1,present
2025-09-19,000016.SH,True,1,present
2025-09-19,000300.SH,False,1,present
2025-09-19,000905.SH,False,1,present
2025-09-19,000852.SH,False,1,present
2025-09-19,399106.SZ,False,1,present
2025-09-19,399102.SZ,False,1,present
2025-09-19,899050.BJ,False,1,present
2025-09-18,000001.SH,True,1,present
2025-09-18,399001.SZ,True,1,present
2025-09-18,399006.SZ,True,1,present
2025-09-18,000688.SH,True,1,present
2025-09-18,000016.SH,True,1,present
2025-09-18,000300.SH,False,1,present
2025-09-18,000905.SH,False,1,present
2025-09-18,000852.SH,False,1,present
2025-09-18,399106.SZ,False,1,present
2025-09-18,399102.SZ,False,1,present
2025-09-18,899050.BJ,False,1,present
2025-09-17,000001.SH,True,1,present
2025-09-17,399001.SZ,True,1,present
2025-09-17,399006.SZ,True,1,present
2025-09-17,000688.SH,True,1,present
2025-09-17,000016.SH,True,1,present
2025-09-17,000300.SH,False,1,present
2025-09-17,000905.SH,False,1,present
2025-09-17,000852.SH,False,1,present
2025-09-17,399106.SZ,False,1,present
2025-09-17,399102.SZ,False,1,present
2025-09-17,899050.BJ,False,1,present
2025-09-16,000001.SH,True,1,present
2025-09-16,399001.SZ,True,1,present
2025-09-16,399006.SZ,True,1,present
2025-09-16,000688.SH,True,1,present
2025-09-16,000016.SH,True,1,present
2025-09-16,000300.SH,False,1,present
2025-09-16,000905.SH,False,1,present
2025-09-16,000852.SH,False,1,present
2025-09-16,399106.SZ,False,1,present
2025-09-16,399102.SZ,False,1,present
2025-09-16,899050.BJ,False,1,present
2025-09-15,000001.SH,True,1,present
2025-09-15,399001.SZ,True,1,present
2025-09-15,399006.SZ,True,1,present
2025-09-15,000688.SH,True,1,present
2025-09-15,000016.SH,True,1,present
2025-09-15,000300.SH,False,1,present
2025-09-15,000905.SH,False,1,present
2025-09-15,000852.SH,False,1,present
2025-09-15,399106.SZ,False,1,present
2025-09-15,399102.SZ,False,1,present
2025-09-15,899050.BJ,False,1,present
2025-09-12,000001.SH,True,1,present
2025-09-12,399001.SZ,True,1,present
2025-09-12,399006.SZ,True,1,present
2025-09-12,000688.SH,True,1,present
2025-09-12,000016.SH,True,1,present
2025-09-12,000300.SH,False,1,present
2025-09-12,000905.SH,False,1,present
2025-09-12,000852.SH,False,1,present
2025-09-12,399106.SZ,False,1,present
2025-09-12,399102.SZ,False,1,present
2025-09-12,899050.BJ,False,1,present
2025-09-11,000001.SH,True,1,present
2025-09-11,399001.SZ,True,1,present
2025-09-11,399006.SZ,True,1,present
2025-09-11,000688.SH,True,1,present
2025-09-11,000016.SH,True,1,present
2025-09-11,000300.SH,False,1,present
2025-09-11,000905.SH,False,1,present
2025-09-11,000852.SH,False,1,present
2025-09-11,399106.SZ,False,1,present
2025-09-11,399102.SZ,False,1,present
2025-09-11,899050.BJ,False,1,present
2025-09-10,000001.SH,True,1,present
2025-09-10,399001.SZ,True,1,present
2025-09-10,399006.SZ,True,1,present
2025-09-10,000688.SH,True,1,present
2025-09-10,000016.SH,True,1,present
2025-09-10,000300.SH,False,1,present
2025-09-10,000905.SH,False,1,present
2025-09-10,000852.SH,False,1,present
2025-09-10,399106.SZ,False,1,present
2025-09-10,399102.SZ,False,1,present
2025-09-10,899050.BJ,False,1,present
2025-09-09,000001.SH,True,1,present
2025-09-09,399001.SZ,True,1,present
2025-09-09,399006.SZ,True,1,present
2025-09-09,000688.SH,True,1,present
2025-09-09,000016.SH,True,1,present
2025-09-09,000300.SH,False,1,present
2025-09-09,000905.SH,False,1,present
2025-09-09,000852.SH,False,1,present
2025-09-09,399106.SZ,False,1,present
2025-09-09,399102.SZ,False,1,present
2025-09-09,899050.BJ,False,1,present
2025-09-08,000001.SH,True,1,present
2025-09-08,399001.SZ,True,1,present
2025-09-08,399006.SZ,True,1,present
2025-09-08,000688.SH,True,1,present
2025-09-08,000016.SH,True,1,present
2025-09-08,000300.SH,False,1,present
2025-09-08,000905.SH,False,1,present
2025-09-08,000852.SH,False,1,present
2025-09-08,399106.SZ,False,1,present
2025-09-08,399102.SZ,False,1,present
2025-09-08,899050.BJ,False,1,present
2025-09-05,000001.SH,True,1,present
2025-09-05,399001.SZ,True,1,present
2025-09-05,399006.SZ,True,1,present
2025-09-05,000688.SH,True,1,present
2025-09-05,000016.SH,True,1,present
2025-09-05,000300.SH,False,1,present
2025-09-05,000905.SH,False,1,present
2025-09-05,000852.SH,False,1,present
2025-09-05,399106.SZ,False,1,present
2025-09-05,399102.SZ,False,1,present
2025-09-05,899050.BJ,False,1,present
2025-09-04,000001.SH,True,1,present
2025-09-04,399001.SZ,True,1,present
2025-09-04,399006.SZ,True,1,present
2025-09-04,000688.SH,True,1,present
2025-09-04,000016.SH,True,1,present
2025-09-04,000300.SH,False,1,present
2025-09-04,000905.SH,False,1,present
2025-09-04,000852.SH,False,1,present
2025-09-04,399106.SZ,False,1,present
2025-09-04,399102.SZ,False,1,present
2025-09-04,899050.BJ,False,1,present
2025-09-03,000001.SH,True,1,present
2025-09-03,399001.SZ,True,1,present
2025-09-03,399006.SZ,True,1,present
2025-09-03,000688.SH,True,1,present
2025-09-03,000016.SH,True,1,present
2025-09-03,000300.SH,False,1,present
2025-09-03,000905.SH,False,1,present
2025-09-03,000852.SH,False,1,present
2025-09-03,399106.SZ,False,1,present
2025-09-03,399102.SZ,False,1,present
2025-09-03,899050.BJ,False,1,present
2025-09-02,000001.SH,True,1,present
2025-09-02,399001.SZ,True,1,present
2025-09-02,399006.SZ,True,1,present
2025-09-02,000688.SH,True,1,present
2025-09-02,000016.SH,True,1,present
2025-09-02,000300.SH,False,1,present
2025-09-02,000905.SH,False,1,present
2025-09-02,000852.SH,False,1,present
2025-09-02,399106.SZ,False,1,present
2025-09-02,399102.SZ,False,1,present
2025-09-02,899050.BJ,False,1,present
2025-09-01,000001.SH,True,1,present
2025-09-01,399001.SZ,True,1,present
2025-09-01,399006.SZ,True,1,present
2025-09-01,000688.SH,True,1,present
2025-09-01,000016.SH,True,1,present
2025-09-01,000300.SH,False,1,present
2025-09-01,000905.SH,False,1,present
2025-09-01,000852.SH,False,1,present
2025-09-01,399106.SZ,False,1,present
2025-09-01,399102.SZ,False,1,present
2025-09-01,899050.BJ,False,1,present
2025-08-29,000001.SH,True,1,present
2025-08-29,399001.SZ,True,1,present
2025-08-29,399006.SZ,True,1,present
2025-08-29,000688.SH,True,1,present
2025-08-29,000016.SH,True,1,present
2025-08-29,000300.SH,False,1,present
2025-08-29,000905.SH,False,1,present
2025-08-29,000852.SH,False,1,present
2025-08-29,399106.SZ,False,1,present
2025-08-29,399102.SZ,False,1,present
2025-08-29,899050.BJ,False,1,present
2025-08-28,000001.SH,True,1,present
2025-08-28,399001.SZ,True,1,present
2025-08-28,399006.SZ,True,1,present
2025-08-28,000688.SH,True,1,present
2025-08-28,000016.SH,True,1,present
2025-08-28,000300.SH,False,1,present
2025-08-28,000905.SH,False,1,present
2025-08-28,000852.SH,False,1,present
2025-08-28,399106.SZ,False,1,present
2025-08-28,399102.SZ,False,1,present
2025-08-28,899050.BJ,False,1,present
2025-08-27,000001.SH,True,1,present
2025-08-27,399001.SZ,True,1,present
2025-08-27,399006.SZ,True,1,present
2025-08-27,000688.SH,True,1,present
2025-08-27,000016.SH,True,1,present
2025-08-27,000300.SH,False,1,present
2025-08-27,000905.SH,False,1,present
2025-08-27,000852.SH,False,1,present
2025-08-27,399106.SZ,False,1,present
2025-08-27,399102.SZ,False,1,present
2025-08-27,899050.BJ,False,1,present
2025-08-26,000001.SH,True,1,present
2025-08-26,399001.SZ,True,1,present
2025-08-26,399006.SZ,True,1,present
2025-08-26,000688.SH,True,1,present
2025-08-26,000016.SH,True,1,present
2025-08-26,000300.SH,False,1,present
2025-08-26,000905.SH,False,1,present
2025-08-26,000852.SH,False,1,present
2025-08-26,399106.SZ,False,1,present
2025-08-26,399102.SZ,False,1,present
2025-08-26,899050.BJ,False,1,present
2025-08-25,000001.SH,True,1,present
2025-08-25,399001.SZ,True,1,present
2025-08-25,399006.SZ,True,1,present
2025-08-25,000688.SH,True,1,present
2025-08-25,000016.SH,True,1,present
2025-08-25,000300.SH,False,1,present
2025-08-25,000905.SH,False,1,present
2025-08-25,000852.SH,False,1,present
2025-08-25,399106.SZ,False,1,present
2025-08-25,399102.SZ,False,1,present
2025-08-25,899050.BJ,False,1,present
2025-08-22,000001.SH,True,1,present
2025-08-22,399001.SZ,True,1,present
2025-08-22,399006.SZ,True,1,present
2025-08-22,000688.SH,True,1,present
2025-08-22,000016.SH,True,1,present
2025-08-22,000300.SH,False,1,present
2025-08-22,000905.SH,False,1,present
2025-08-22,000852.SH,False,1,present
2025-08-22,399106.SZ,False,1,present
2025-08-22,399102.SZ,False,1,present
2025-08-22,899050.BJ,False,1,present
2025-08-21,000001.SH,True,1,present
2025-08-21,399001.SZ,True,1,present
2025-08-21,399006.SZ,True,1,present
2025-08-21,000688.SH,True,1,present
2025-08-21,000016.SH,True,1,present
2025-08-21,000300.SH,False,1,present
2025-08-21,000905.SH,False,1,present
2025-08-21,000852.SH,False,1,present
2025-08-21,399106.SZ,False,1,present
2025-08-21,399102.SZ,False,1,present
2025-08-21,899050.BJ,False,1,present
2025-08-20,000001.SH,True,1,present
2025-08-20,399001.SZ,True,1,present
2025-08-20,399006.SZ,True,1,present
2025-08-20,000688.SH,True,1,present
2025-08-20,000016.SH,True,1,present
2025-08-20,000300.SH,False,1,present
2025-08-20,000905.SH,False,1,present
2025-08-20,000852.SH,False,1,present
2025-08-20,399106.SZ,False,1,present
2025-08-20,399102.SZ,False,1,present
2025-08-20,899050.BJ,False,1,present
2025-08-19,000001.SH,True,1,present
2025-08-19,399001.SZ,True,1,present
2025-08-19,399006.SZ,True,1,present
2025-08-19,000688.SH,True,1,present
2025-08-19,000016.SH,True,1,present
2025-08-19,000300.SH,False,1,present
2025-08-19,000905.SH,False,1,present
2025-08-19,000852.SH,False,1,present
2025-08-19,399106.SZ,False,1,present
2025-08-19,399102.SZ,False,1,present
2025-08-19,899050.BJ,False,1,present
2025-08-18,000001.SH,True,1,present
2025-08-18,399001.SZ,True,1,present
2025-08-18,399006.SZ,True,1,present
2025-08-18,000688.SH,True,1,present
2025-08-18,000016.SH,True,1,present
2025-08-18,000300.SH,False,1,present
2025-08-18,000905.SH,False,1,present
2025-08-18,000852.SH,False,1,present
2025-08-18,399106.SZ,False,1,present
2025-08-18,399102.SZ,False,1,present
2025-08-18,899050.BJ,False,1,present
2025-08-15,000001.SH,True,1,present
2025-08-15,399001.SZ,True,1,present
2025-08-15,399006.SZ,True,1,present
2025-08-15,000688.SH,True,1,present
2025-08-15,000016.SH,True,1,present
2025-08-15,000300.SH,False,1,present
2025-08-15,000905.SH,False,1,present
2025-08-15,000852.SH,False,1,present
2025-08-15,399106.SZ,False,1,present
2025-08-15,399102.SZ,False,1,present
2025-08-15,899050.BJ,False,1,present
2025-08-14,000001.SH,True,1,present
2025-08-14,399001.SZ,True,1,present
2025-08-14,399006.SZ,True,1,present
2025-08-14,000688.SH,True,1,present
2025-08-14,000016.SH,True,1,present
2025-08-14,000300.SH,False,1,present
2025-08-14,000905.SH,False,1,present
2025-08-14,000852.SH,False,1,present
2025-08-14,399106.SZ,False,1,present
2025-08-14,399102.SZ,False,1,present
2025-08-14,899050.BJ,False,1,present
2025-08-13,000001.SH,True,1,present
2025-08-13,399001.SZ,True,1,present
2025-08-13,399006.SZ,True,1,present
2025-08-13,000688.SH,True,1,present
2025-08-13,000016.SH,True,1,present
2025-08-13,000300.SH,False,1,present
2025-08-13,000905.SH,False,1,present
2025-08-13,000852.SH,False,1,present
2025-08-13,399106.SZ,False,1,present
2025-08-13,399102.SZ,False,1,present
2025-08-13,899050.BJ,False,1,present
2025-08-12,000001.SH,True,1,present
2025-08-12,399001.SZ,True,1,present
2025-08-12,399006.SZ,True,1,present
2025-08-12,000688.SH,True,1,present
2025-08-12,000016.SH,True,1,present
2025-08-12,000300.SH,False,1,present
2025-08-12,000905.SH,False,1,present
2025-08-12,000852.SH,False,1,present
2025-08-12,399106.SZ,False,1,present
2025-08-12,399102.SZ,False,1,present
2025-08-12,899050.BJ,False,1,present
2025-08-11,000001.SH,True,1,present
2025-08-11,399001.SZ,True,1,present
2025-08-11,399006.SZ,True,1,present
2025-08-11,000688.SH,True,1,present
2025-08-11,000016.SH,True,1,present
2025-08-11,000300.SH,False,1,present
2025-08-11,000905.SH,False,1,present
2025-08-11,000852.SH,False,1,present
2025-08-11,399106.SZ,False,1,present
2025-08-11,399102.SZ,False,1,present
2025-08-11,899050.BJ,False,1,present
2025-08-08,000001.SH,True,1,present
2025-08-08,399001.SZ,True,1,present
2025-08-08,399006.SZ,True,1,present
2025-08-08,000688.SH,True,1,present
2025-08-08,000016.SH,True,1,present
2025-08-08,000300.SH,False,1,present
2025-08-08,000905.SH,False,1,present
2025-08-08,000852.SH,False,1,present
2025-08-08,399106.SZ,False,1,present
2025-08-08,399102.SZ,False,1,present
2025-08-08,899050.BJ,False,1,present
2025-08-07,000001.SH,True,1,present
2025-08-07,399001.SZ,True,1,present
2025-08-07,399006.SZ,True,1,present
2025-08-07,000688.SH,True,1,present
2025-08-07,000016.SH,True,1,present
2025-08-07,000300.SH,False,1,present
2025-08-07,000905.SH,False,1,present
2025-08-07,000852.SH,False,1,present
2025-08-07,399106.SZ,False,1,present
2025-08-07,399102.SZ,False,1,present
2025-08-07,899050.BJ,False,1,present
2025-08-06,000001.SH,True,1,present
2025-08-06,399001.SZ,True,1,present
2025-08-06,399006.SZ,True,1,present
2025-08-06,000688.SH,True,1,present
2025-08-06,000016.SH,True,1,present
2025-08-06,000300.SH,False,1,present
2025-08-06,000905.SH,False,1,present
2025-08-06,000852.SH,False,1,present
2025-08-06,399106.SZ,False,1,present
2025-08-06,399102.SZ,False,1,present
2025-08-06,899050.BJ,False,1,present
2025-08-05,000001.SH,True,1,present
2025-08-05,399001.SZ,True,1,present
2025-08-05,399006.SZ,True,1,present
2025-08-05,000688.SH,True,1,present
2025-08-05,000016.SH,True,1,present
2025-08-05,000300.SH,False,1,present
2025-08-05,000905.SH,False,1,present
2025-08-05,000852.SH,False,1,present
2025-08-05,399106.SZ,False,1,present
2025-08-05,399102.SZ,False,1,present
2025-08-05,899050.BJ,False,1,present
2025-08-04,000001.SH,True,1,present
2025-08-04,399001.SZ,True,1,present
2025-08-04,399006.SZ,True,1,present
2025-08-04,000688.SH,True,1,present
2025-08-04,000016.SH,True,1,present
2025-08-04,000300.SH,False,1,present
2025-08-04,000905.SH,False,1,present
2025-08-04,000852.SH,False,1,present
2025-08-04,399106.SZ,False,1,present
2025-08-04,399102.SZ,False,1,present
2025-08-04,899050.BJ,False,1,present
2025-08-01,000001.SH,True,1,present
2025-08-01,399001.SZ,True,1,present
2025-08-01,399006.SZ,True,1,present
2025-08-01,000688.SH,True,1,present
2025-08-01,000016.SH,True,1,present
2025-08-01,000300.SH,False,1,present
2025-08-01,000905.SH,False,1,present
2025-08-01,000852.SH,False,1,present
2025-08-01,399106.SZ,False,1,present
2025-08-01,399102.SZ,False,1,present
2025-08-01,899050.BJ,False,1,present
2025-07-31,000001.SH,True,1,present
2025-07-31,399001.SZ,True,1,present
2025-07-31,399006.SZ,True,1,present
2025-07-31,000688.SH,True,1,present
2025-07-31,000016.SH,True,1,present
2025-07-31,000300.SH,False,1,present
2025-07-31,000905.SH,False,1,present
2025-07-31,000852.SH,False,1,present
2025-07-31,399106.SZ,False,1,present
2025-07-31,399102.SZ,False,1,present
2025-07-31,899050.BJ,False,1,present
2025-07-30,000001.SH,True,1,present
2025-07-30,399001.SZ,True,1,present
2025-07-30,399006.SZ,True,1,present
2025-07-30,000688.SH,True,1,present
2025-07-30,000016.SH,True,1,present
2025-07-30,000300.SH,False,1,present
2025-07-30,000905.SH,False,1,present
2025-07-30,000852.SH,False,1,present
2025-07-30,399106.SZ,False,1,present
2025-07-30,399102.SZ,False,1,present
2025-07-30,899050.BJ,False,1,present
2025-07-29,000001.SH,True,1,present
2025-07-29,399001.SZ,True,1,present
2025-07-29,399006.SZ,True,1,present
2025-07-29,000688.SH,True,1,present
2025-07-29,000016.SH,True,1,present
2025-07-29,000300.SH,False,1,present
2025-07-29,000905.SH,False,1,present
2025-07-29,000852.SH,False,1,present
2025-07-29,399106.SZ,False,1,present
2025-07-29,399102.SZ,False,1,present
2025-07-29,899050.BJ,False,1,present
2025-07-28,000001.SH,True,1,present
2025-07-28,399001.SZ,True,1,present
2025-07-28,399006.SZ,True,1,present
2025-07-28,000688.SH,True,1,present
2025-07-28,000016.SH,True,1,present
2025-07-28,000300.SH,False,1,present
2025-07-28,000905.SH,False,1,present
2025-07-28,000852.SH,False,1,present
2025-07-28,399106.SZ,False,1,present
2025-07-28,399102.SZ,False,1,present
2025-07-28,899050.BJ,False,1,present
2025-07-25,000001.SH,True,1,present
2025-07-25,399001.SZ,True,1,present
2025-07-25,399006.SZ,True,1,present
2025-07-25,000688.SH,True,1,present
2025-07-25,000016.SH,True,1,present
2025-07-25,000300.SH,False,1,present
2025-07-25,000905.SH,False,1,present
2025-07-25,000852.SH,False,1,present
2025-07-25,399106.SZ,False,1,present
2025-07-25,399102.SZ,False,1,present
2025-07-25,899050.BJ,False,1,present
2025-07-24,000001.SH,True,1,present
2025-07-24,399001.SZ,True,1,present
2025-07-24,399006.SZ,True,1,present
2025-07-24,000688.SH,True,1,present
2025-07-24,000016.SH,True,1,present
2025-07-24,000300.SH,False,1,present
2025-07-24,000905.SH,False,1,present
2025-07-24,000852.SH,False,1,present
2025-07-24,399106.SZ,False,1,present
2025-07-24,399102.SZ,False,1,present
2025-07-24,899050.BJ,False,1,present
2025-07-23,000001.SH,True,1,present
2025-07-23,399001.SZ,True,1,present
2025-07-23,399006.SZ,True,1,present
2025-07-23,000688.SH,True,1,present
2025-07-23,000016.SH,True,1,present
2025-07-23,000300.SH,False,1,present
2025-07-23,000905.SH,False,1,present
2025-07-23,000852.SH,False,1,present
2025-07-23,399106.SZ,False,1,present
2025-07-23,399102.SZ,False,1,present
2025-07-23,899050.BJ,False,1,present
2025-07-22,000001.SH,True,1,present
2025-07-22,399001.SZ,True,1,present
2025-07-22,399006.SZ,True,1,present
2025-07-22,000688.SH,True,1,present
2025-07-22,000016.SH,True,1,present
2025-07-22,000300.SH,False,1,present
2025-07-22,000905.SH,False,1,present
2025-07-22,000852.SH,False,1,present
2025-07-22,399106.SZ,False,1,present
2025-07-22,399102.SZ,False,1,present
2025-07-22,899050.BJ,False,1,present
2025-07-21,000001.SH,True,1,present
2025-07-21,399001.SZ,True,1,present
2025-07-21,399006.SZ,True,1,present
2025-07-21,000688.SH,True,1,present
2025-07-21,000016.SH,True,1,present
2025-07-21,000300.SH,False,1,present
2025-07-21,000905.SH,False,1,present
2025-07-21,000852.SH,False,1,present
2025-07-21,399106.SZ,False,1,present
2025-07-21,399102.SZ,False,1,present
2025-07-21,899050.BJ,False,1,present
2025-07-18,000001.SH,True,1,present
2025-07-18,399001.SZ,True,1,present
2025-07-18,399006.SZ,True,1,present
2025-07-18,000688.SH,True,1,present
2025-07-18,000016.SH,True,1,present
2025-07-18,000300.SH,False,1,present
2025-07-18,000905.SH,False,1,present
2025-07-18,000852.SH,False,1,present
2025-07-18,399106.SZ,False,1,present
2025-07-18,399102.SZ,False,1,present
2025-07-18,899050.BJ,False,1,present
2025-07-17,000001.SH,True,1,present
2025-07-17,399001.SZ,True,1,present
2025-07-17,399006.SZ,True,1,present
2025-07-17,000688.SH,True,1,present
2025-07-17,000016.SH,True,1,present
2025-07-17,000300.SH,False,1,present
2025-07-17,000905.SH,False,1,present
2025-07-17,000852.SH,False,1,present
2025-07-17,399106.SZ,False,1,present
2025-07-17,399102.SZ,False,1,present
2025-07-17,899050.BJ,False,1,present
2025-07-16,000001.SH,True,1,present
2025-07-16,399001.SZ,True,1,present
2025-07-16,399006.SZ,True,1,present
2025-07-16,000688.SH,True,1,present
2025-07-16,000016.SH,True,1,present
2025-07-16,000300.SH,False,1,present
2025-07-16,000905.SH,False,1,present
2025-07-16,000852.SH,False,1,present
2025-07-16,399106.SZ,False,1,present
2025-07-16,399102.SZ,False,1,present
2025-07-16,899050.BJ,False,1,present
2025-07-15,000001.SH,True,1,present
2025-07-15,399001.SZ,True,1,present
2025-07-15,399006.SZ,True,1,present
2025-07-15,000688.SH,True,1,present
2025-07-15,000016.SH,True,1,present
2025-07-15,000300.SH,False,1,present
2025-07-15,000905.SH,False,1,present
2025-07-15,000852.SH,False,1,present
2025-07-15,399106.SZ,False,1,present
2025-07-15,399102.SZ,False,1,present
2025-07-15,899050.BJ,False,1,present
2025-07-14,000001.SH,True,1,present
2025-07-14,399001.SZ,True,1,present
2025-07-14,399006.SZ,True,1,present
2025-07-14,000688.SH,True,1,present
2025-07-14,000016.SH,True,1,present
2025-07-14,000300.SH,False,1,present
2025-07-14,000905.SH,False,1,present
2025-07-14,000852.SH,False,1,present
2025-07-14,399106.SZ,False,1,present
2025-07-14,399102.SZ,False,1,present
2025-07-14,899050.BJ,False,1,present
2025-07-11,000001.SH,True,1,present
2025-07-11,399001.SZ,True,1,present
2025-07-11,399006.SZ,True,1,present
2025-07-11,000688.SH,True,1,present
2025-07-11,000016.SH,True,1,present
2025-07-11,000300.SH,False,1,present
2025-07-11,000905.SH,False,1,present
2025-07-11,000852.SH,False,1,present
2025-07-11,399106.SZ,False,1,present
2025-07-11,399102.SZ,False,1,present
2025-07-11,899050.BJ,False,1,present
2025-07-10,000001.SH,True,1,present
2025-07-10,399001.SZ,True,1,present
2025-07-10,399006.SZ,True,1,present
2025-07-10,000688.SH,True,1,present
2025-07-10,000016.SH,True,1,present
2025-07-10,000300.SH,False,1,present
2025-07-10,000905.SH,False,1,present
2025-07-10,000852.SH,False,1,present
2025-07-10,399106.SZ,False,1,present
2025-07-10,399102.SZ,False,1,present
2025-07-10,899050.BJ,False,1,present
2025-07-09,000001.SH,True,1,present
2025-07-09,399001.SZ,True,1,present
2025-07-09,399006.SZ,True,1,present
2025-07-09,000688.SH,True,1,present
2025-07-09,000016.SH,True,1,present
2025-07-09,000300.SH,False,1,present
2025-07-09,000905.SH,False,1,present
2025-07-09,000852.SH,False,1,present
2025-07-09,399106.SZ,False,1,present
2025-07-09,399102.SZ,False,1,present
2025-07-09,899050.BJ,False,1,present
2025-07-08,000001.SH,True,1,present
2025-07-08,399001.SZ,True,1,present
2025-07-08,399006.SZ,True,1,present
2025-07-08,000688.SH,True,1,present
2025-07-08,000016.SH,True,1,present
2025-07-08,000300.SH,False,1,present
2025-07-08,000905.SH,False,1,present
2025-07-08,000852.SH,False,1,present
2025-07-08,399106.SZ,False,1,present
2025-07-08,399102.SZ,False,1,present
2025-07-08,899050.BJ,False,1,present
2025-07-07,000001.SH,True,1,present
2025-07-07,399001.SZ,True,1,present
2025-07-07,399006.SZ,True,1,present
2025-07-07,000688.SH,True,1,present
2025-07-07,000016.SH,True,1,present
2025-07-07,000300.SH,False,1,present
2025-07-07,000905.SH,False,1,present
2025-07-07,000852.SH,False,1,present
2025-07-07,399106.SZ,False,1,present
2025-07-07,399102.SZ,False,1,present
2025-07-07,899050.BJ,False,1,present
2025-07-04,000001.SH,True,1,present
2025-07-04,399001.SZ,True,1,present
2025-07-04,399006.SZ,True,1,present
2025-07-04,000688.SH,True,1,present
2025-07-04,000016.SH,True,1,present
2025-07-04,000300.SH,False,1,present
2025-07-04,000905.SH,False,1,present
2025-07-04,000852.SH,False,1,present
2025-07-04,399106.SZ,False,1,present
2025-07-04,399102.SZ,False,1,present
2025-07-04,899050.BJ,False,1,present
2025-07-03,000001.SH,True,1,present
2025-07-03,399001.SZ,True,1,present
2025-07-03,399006.SZ,True,1,present
2025-07-03,000688.SH,True,1,present
2025-07-03,000016.SH,True,1,present
2025-07-03,000300.SH,False,1,present
2025-07-03,000905.SH,False,1,present
2025-07-03,000852.SH,False,1,present
2025-07-03,399106.SZ,False,1,present
2025-07-03,399102.SZ,False,1,present
2025-07-03,899050.BJ,False,1,present
2025-07-02,000001.SH,True,1,present
2025-07-02,399001.SZ,True,1,present
2025-07-02,399006.SZ,True,1,present
2025-07-02,000688.SH,True,1,present
2025-07-02,000016.SH,True,1,present
2025-07-02,000300.SH,False,1,present
2025-07-02,000905.SH,False,1,present
2025-07-02,000852.SH,False,1,present
2025-07-02,399106.SZ,False,1,present
2025-07-02,399102.SZ,False,1,present
2025-07-02,899050.BJ,False,1,present
2025-07-01,000001.SH,True,1,present
2025-07-01,399001.SZ,True,1,present
2025-07-01,399006.SZ,True,1,present
2025-07-01,000688.SH,True,1,present
2025-07-01,000016.SH,True,1,present
2025-07-01,000300.SH,False,1,present
2025-07-01,000905.SH,False,1,present
2025-07-01,000852.SH,False,1,present
2025-07-01,399106.SZ,False,1,present
2025-07-01,399102.SZ,False,1,present
2025-07-01,899050.BJ,False,1,present
2025-06-30,000001.SH,True,1,present
2025-06-30,399001.SZ,True,1,present
2025-06-30,399006.SZ,True,1,present
2025-06-30,000688.SH,True,1,present
2025-06-30,000016.SH,True,1,present
2025-06-30,000300.SH,False,1,present
2025-06-30,000905.SH,False,1,present
2025-06-30,000852.SH,False,1,present
2025-06-30,399106.SZ,False,1,present
2025-06-30,399102.SZ,False,1,present
2025-06-30,899050.BJ,False,1,present
2025-06-27,000001.SH,True,1,present
2025-06-27,399001.SZ,True,1,present
2025-06-27,399006.SZ,True,1,present
2025-06-27,000688.SH,True,1,present
2025-06-27,000016.SH,True,1,present
2025-06-27,000300.SH,False,1,present
2025-06-27,000905.SH,False,1,present
2025-06-27,000852.SH,False,1,present
2025-06-27,399106.SZ,False,1,present
2025-06-27,399102.SZ,False,1,present
2025-06-27,899050.BJ,False,1,present
2025-06-26,000001.SH,True,1,present
2025-06-26,399001.SZ,True,1,present
2025-06-26,399006.SZ,True,1,present
2025-06-26,000688.SH,True,1,present
2025-06-26,000016.SH,True,1,present
2025-06-26,000300.SH,False,1,present
2025-06-26,000905.SH,False,1,present
2025-06-26,000852.SH,False,1,present
2025-06-26,399106.SZ,False,1,present
2025-06-26,399102.SZ,False,1,present
2025-06-26,899050.BJ,False,1,present
2025-06-25,000001.SH,True,1,present
2025-06-25,399001.SZ,True,1,present
2025-06-25,399006.SZ,True,1,present
2025-06-25,000688.SH,True,1,present
2025-06-25,000016.SH,True,1,present
2025-06-25,000300.SH,False,1,present
2025-06-25,000905.SH,False,1,present
2025-06-25,000852.SH,False,1,present
2025-06-25,399106.SZ,False,1,present
2025-06-25,399102.SZ,False,1,present
2025-06-25,899050.BJ,False,1,present
2025-06-24,000001.SH,True,1,present
2025-06-24,399001.SZ,True,1,present
2025-06-24,399006.SZ,True,1,present
2025-06-24,000688.SH,True,1,present
2025-06-24,000016.SH,True,1,present
2025-06-24,000300.SH,False,1,present
2025-06-24,000905.SH,False,1,present
2025-06-24,000852.SH,False,1,present
2025-06-24,399106.SZ,False,1,present
2025-06-24,399102.SZ,False,1,present
2025-06-24,899050.BJ,False,1,present
2025-06-23,000001.SH,True,1,present
2025-06-23,399001.SZ,True,1,present
2025-06-23,399006.SZ,True,1,present
2025-06-23,000688.SH,True,1,present
2025-06-23,000016.SH,True,1,present
2025-06-23,000300.SH,False,1,present
2025-06-23,000905.SH,False,1,present
2025-06-23,000852.SH,False,1,present
2025-06-23,399106.SZ,False,1,present
2025-06-23,399102.SZ,False,1,present
2025-06-23,899050.BJ,False,1,present
2025-06-20,000001.SH,True,1,present
2025-06-20,399001.SZ,True,1,present
2025-06-20,399006.SZ,True,1,present
2025-06-20,000688.SH,True,1,present
2025-06-20,000016.SH,True,1,present
2025-06-20,000300.SH,False,1,present
2025-06-20,000905.SH,False,1,present
2025-06-20,000852.SH,False,1,present
2025-06-20,399106.SZ,False,1,present
2025-06-20,399102.SZ,False,1,present
2025-06-20,899050.BJ,False,1,present
2025-06-19,000001.SH,True,1,present
2025-06-19,399001.SZ,True,1,present
2025-06-19,399006.SZ,True,1,present
2025-06-19,000688.SH,True,1,present
2025-06-19,000016.SH,True,1,present
2025-06-19,000300.SH,False,1,present
2025-06-19,000905.SH,False,1,present
2025-06-19,000852.SH,False,1,present
2025-06-19,399106.SZ,False,1,present
2025-06-19,399102.SZ,False,1,present
2025-06-19,899050.BJ,False,1,present
2025-06-18,000001.SH,True,1,present
2025-06-18,399001.SZ,True,1,present
2025-06-18,399006.SZ,True,1,present
2025-06-18,000688.SH,True,1,present
2025-06-18,000016.SH,True,1,present
2025-06-18,000300.SH,False,1,present
2025-06-18,000905.SH,False,1,present
2025-06-18,000852.SH,False,1,present
2025-06-18,399106.SZ,False,1,present
2025-06-18,399102.SZ,False,1,present
2025-06-18,899050.BJ,False,1,present
2025-06-17,000001.SH,True,1,present
2025-06-17,399001.SZ,True,1,present
2025-06-17,399006.SZ,True,1,present
2025-06-17,000688.SH,True,1,present
2025-06-17,000016.SH,True,1,present
2025-06-17,000300.SH,False,1,present
2025-06-17,000905.SH,False,1,present
2025-06-17,000852.SH,False,1,present
2025-06-17,399106.SZ,False,1,present
2025-06-17,399102.SZ,False,1,present
2025-06-17,899050.BJ,False,1,present
2025-06-16,000001.SH,True,1,present
2025-06-16,399001.SZ,True,1,present
2025-06-16,399006.SZ,True,1,present
2025-06-16,000688.SH,True,1,present
2025-06-16,000016.SH,True,1,present
2025-06-16,000300.SH,False,1,present
2025-06-16,000905.SH,False,1,present
2025-06-16,000852.SH,False,1,present
2025-06-16,399106.SZ,False,1,present
2025-06-16,399102.SZ,False,1,present
2025-06-16,899050.BJ,False,1,present
2025-06-13,000001.SH,True,1,present
2025-06-13,399001.SZ,True,1,present
2025-06-13,399006.SZ,True,1,present
2025-06-13,000688.SH,True,1,present
2025-06-13,000016.SH,True,1,present
2025-06-13,000300.SH,False,1,present
2025-06-13,000905.SH,False,1,present
2025-06-13,000852.SH,False,1,present
2025-06-13,399106.SZ,False,1,present
2025-06-13,399102.SZ,False,1,present
2025-06-13,899050.BJ,False,1,present
2025-06-12,000001.SH,True,1,present
2025-06-12,399001.SZ,True,1,present
2025-06-12,399006.SZ,True,1,present
2025-06-12,000688.SH,True,1,present
2025-06-12,000016.SH,True,1,present
2025-06-12,000300.SH,False,1,present
2025-06-12,000905.SH,False,1,present
2025-06-12,000852.SH,False,1,present
2025-06-12,399106.SZ,False,1,present
2025-06-12,399102.SZ,False,1,present
2025-06-12,899050.BJ,False,1,present
2025-06-11,000001.SH,True,1,present
2025-06-11,399001.SZ,True,1,present
2025-06-11,399006.SZ,True,1,present
2025-06-11,000688.SH,True,1,present
2025-06-11,000016.SH,True,1,present
2025-06-11,000300.SH,False,1,present
2025-06-11,000905.SH,False,1,present
2025-06-11,000852.SH,False,1,present
2025-06-11,399106.SZ,False,1,present
2025-06-11,399102.SZ,False,1,present
2025-06-11,899050.BJ,False,1,present
2025-06-10,000001.SH,True,1,present
2025-06-10,399001.SZ,True,1,present
2025-06-10,399006.SZ,True,1,present
2025-06-10,000688.SH,True,1,present
2025-06-10,000016.SH,True,1,present
2025-06-10,000300.SH,False,1,present
2025-06-10,000905.SH,False,1,present
2025-06-10,000852.SH,False,1,present
2025-06-10,399106.SZ,False,1,present
2025-06-10,399102.SZ,False,1,present
2025-06-10,899050.BJ,False,1,present
2025-06-09,000001.SH,True,1,present
2025-06-09,399001.SZ,True,1,present
2025-06-09,399006.SZ,True,1,present
2025-06-09,000688.SH,True,1,present
2025-06-09,000016.SH,True,1,present
2025-06-09,000300.SH,False,1,present
2025-06-09,000905.SH,False,1,present
2025-06-09,000852.SH,False,1,present
2025-06-09,399106.SZ,False,1,present
2025-06-09,399102.SZ,False,1,present
2025-06-09,899050.BJ,False,1,present
2025-06-06,000001.SH,True,1,present
2025-06-06,399001.SZ,True,1,present
2025-06-06,399006.SZ,True,1,present
2025-06-06,000688.SH,True,1,present
2025-06-06,000016.SH,True,1,present
2025-06-06,000300.SH,False,1,present
2025-06-06,000905.SH,False,1,present
2025-06-06,000852.SH,False,1,present
2025-06-06,399106.SZ,False,1,present
2025-06-06,399102.SZ,False,1,present
2025-06-06,899050.BJ,False,1,present
2025-06-05,000001.SH,True,1,present
2025-06-05,399001.SZ,True,1,present
2025-06-05,399006.SZ,True,1,present
2025-06-05,000688.SH,True,1,present
2025-06-05,000016.SH,True,1,present
2025-06-05,000300.SH,False,1,present
2025-06-05,000905.SH,False,1,present
2025-06-05,000852.SH,False,1,present
2025-06-05,399106.SZ,False,1,present
2025-06-05,399102.SZ,False,1,present
2025-06-05,899050.BJ,False,1,present
2025-06-04,000001.SH,True,1,present
2025-06-04,399001.SZ,True,1,present
2025-06-04,399006.SZ,True,1,present
2025-06-04,000688.SH,True,1,present
2025-06-04,000016.SH,True,1,present
2025-06-04,000300.SH,False,1,present
2025-06-04,000905.SH,False,1,present
2025-06-04,000852.SH,False,1,present
2025-06-04,399106.SZ,False,1,present
2025-06-04,399102.SZ,False,1,present
2025-06-04,899050.BJ,False,1,present
2025-06-03,000001.SH,True,1,present
2025-06-03,399001.SZ,True,1,present
2025-06-03,399006.SZ,True,1,present
2025-06-03,000688.SH,True,1,present
2025-06-03,000016.SH,True,1,present
2025-06-03,000300.SH,False,1,present
2025-06-03,000905.SH,False,1,present
2025-06-03,000852.SH,False,1,present
2025-06-03,399106.SZ,False,1,present
2025-06-03,399102.SZ,False,1,present
2025-06-03,899050.BJ,False,1,present
2025-05-30,000001.SH,True,1,present
2025-05-30,399001.SZ,True,1,present
2025-05-30,399006.SZ,True,1,present
2025-05-30,000688.SH,True,1,present
2025-05-30,000016.SH,True,1,present
2025-05-30,000300.SH,False,1,present
2025-05-30,000905.SH,False,1,present
2025-05-30,000852.SH,False,1,present
2025-05-30,399106.SZ,False,1,present
2025-05-30,399102.SZ,False,1,present
2025-05-30,899050.BJ,False,1,present
2025-05-29,000001.SH,True,1,present
2025-05-29,399001.SZ,True,1,present
2025-05-29,399006.SZ,True,1,present
2025-05-29,000688.SH,True,1,present
2025-05-29,000016.SH,True,1,present
2025-05-29,000300.SH,False,1,present
2025-05-29,000905.SH,False,1,present
2025-05-29,000852.SH,False,1,present
2025-05-29,399106.SZ,False,1,present
2025-05-29,399102.SZ,False,1,present
2025-05-29,899050.BJ,False,1,present
2025-05-28,000001.SH,True,1,present
2025-05-28,399001.SZ,True,1,present
2025-05-28,399006.SZ,True,1,present
2025-05-28,000688.SH,True,1,present
2025-05-28,000016.SH,True,1,present
2025-05-28,000300.SH,False,1,present
2025-05-28,000905.SH,False,1,present
2025-05-28,000852.SH,False,1,present
2025-05-28,399106.SZ,False,1,present
2025-05-28,399102.SZ,False,1,present
2025-05-28,899050.BJ,False,1,present
2025-05-27,000001.SH,True,1,present
2025-05-27,399001.SZ,True,1,present
2025-05-27,399006.SZ,True,1,present
2025-05-27,000688.SH,True,1,present
2025-05-27,000016.SH,True,1,present
2025-05-27,000300.SH,False,1,present
2025-05-27,000905.SH,False,1,present
2025-05-27,000852.SH,False,1,present
2025-05-27,399106.SZ,False,1,present
2025-05-27,399102.SZ,False,1,present
2025-05-27,899050.BJ,False,1,present
2025-05-26,000001.SH,True,1,present
2025-05-26,399001.SZ,True,1,present
2025-05-26,399006.SZ,True,1,present
2025-05-26,000688.SH,True,1,present
2025-05-26,000016.SH,True,1,present
2025-05-26,000300.SH,False,1,present
2025-05-26,000905.SH,False,1,present
2025-05-26,000852.SH,False,1,present
2025-05-26,399106.SZ,False,1,present
2025-05-26,399102.SZ,False,1,present
2025-05-26,899050.BJ,False,1,present
2025-05-23,000001.SH,True,1,present
2025-05-23,399001.SZ,True,1,present
2025-05-23,399006.SZ,True,1,present
2025-05-23,000688.SH,True,1,present
2025-05-23,000016.SH,True,1,present
2025-05-23,000300.SH,False,1,present
2025-05-23,000905.SH,False,1,present
2025-05-23,000852.SH,False,1,present
2025-05-23,399106.SZ,False,1,present
2025-05-23,399102.SZ,False,1,present
2025-05-23,899050.BJ,False,1,present
2025-05-22,000001.SH,True,1,present
2025-05-22,399001.SZ,True,1,present
2025-05-22,399006.SZ,True,1,present
2025-05-22,000688.SH,True,1,present
2025-05-22,000016.SH,True,1,present
2025-05-22,000300.SH,False,1,present
2025-05-22,000905.SH,False,1,present
2025-05-22,000852.SH,False,1,present
2025-05-22,399106.SZ,False,1,present
2025-05-22,399102.SZ,False,1,present
2025-05-22,899050.BJ,False,1,present
2025-05-21,000001.SH,True,1,present
2025-05-21,399001.SZ,True,1,present
2025-05-21,399006.SZ,True,1,present
2025-05-21,000688.SH,True,1,present
2025-05-21,000016.SH,True,1,present
2025-05-21,000300.SH,False,1,present
2025-05-21,000905.SH,False,1,present
2025-05-21,000852.SH,False,1,present
2025-05-21,399106.SZ,False,1,present
2025-05-21,399102.SZ,False,1,present
2025-05-21,899050.BJ,False,1,present
2025-05-20,000001.SH,True,1,present
2025-05-20,399001.SZ,True,1,present
2025-05-20,399006.SZ,True,1,present
2025-05-20,000688.SH,True,1,present
2025-05-20,000016.SH,True,1,present
2025-05-20,000300.SH,False,1,present
2025-05-20,000905.SH,False,1,present
2025-05-20,000852.SH,False,1,present
2025-05-20,399106.SZ,False,1,present
2025-05-20,399102.SZ,False,1,present
2025-05-20,899050.BJ,False,1,present
2025-05-19,000001.SH,True,1,present
2025-05-19,399001.SZ,True,1,present
2025-05-19,399006.SZ,True,1,present
2025-05-19,000688.SH,True,1,present
2025-05-19,000016.SH,True,1,present
2025-05-19,000300.SH,False,1,present
2025-05-19,000905.SH,False,1,present
2025-05-19,000852.SH,False,1,present
2025-05-19,399106.SZ,False,1,present
2025-05-19,399102.SZ,False,1,present
2025-05-19,899050.BJ,False,1,present
2025-05-16,000001.SH,True,1,present
2025-05-16,399001.SZ,True,1,present
2025-05-16,399006.SZ,True,1,present
2025-05-16,000688.SH,True,1,present
2025-05-16,000016.SH,True,1,present
2025-05-16,000300.SH,False,1,present
2025-05-16,000905.SH,False,1,present
2025-05-16,000852.SH,False,1,present
2025-05-16,399106.SZ,False,1,present
2025-05-16,399102.SZ,False,1,present
2025-05-16,899050.BJ,False,1,present
2025-05-15,000001.SH,True,1,present
2025-05-15,399001.SZ,True,1,present
2025-05-15,399006.SZ,True,1,present
2025-05-15,000688.SH,True,1,present
2025-05-15,000016.SH,True,1,present
2025-05-15,000300.SH,False,1,present
2025-05-15,000905.SH,False,1,present
2025-05-15,000852.SH,False,1,present
2025-05-15,399106.SZ,False,1,present
2025-05-15,399102.SZ,False,1,present
2025-05-15,899050.BJ,False,1,present
2025-05-14,000001.SH,True,1,present
2025-05-14,399001.SZ,True,1,present
2025-05-14,399006.SZ,True,1,present
2025-05-14,000688.SH,True,1,present
2025-05-14,000016.SH,True,1,present
2025-05-14,000300.SH,False,1,present
2025-05-14,000905.SH,False,1,present
2025-05-14,000852.SH,False,1,present
2025-05-14,399106.SZ,False,1,present
2025-05-14,399102.SZ,False,1,present
2025-05-14,899050.BJ,False,1,present
2025-05-13,000001.SH,True,1,present
2025-05-13,399001.SZ,True,1,present
2025-05-13,399006.SZ,True,1,present
2025-05-13,000688.SH,True,1,present
2025-05-13,000016.SH,True,1,present
2025-05-13,000300.SH,False,1,present
2025-05-13,000905.SH,False,1,present
2025-05-13,000852.SH,False,1,present
2025-05-13,399106.SZ,False,1,present
2025-05-13,399102.SZ,False,1,present
2025-05-13,899050.BJ,False,1,present
2025-05-12,000001.SH,True,1,present
2025-05-12,399001.SZ,True,1,present
2025-05-12,399006.SZ,True,1,present
2025-05-12,000688.SH,True,1,present
2025-05-12,000016.SH,True,1,present
2025-05-12,000300.SH,False,1,present
2025-05-12,000905.SH,False,1,present
2025-05-12,000852.SH,False,1,present
2025-05-12,399106.SZ,False,1,present
2025-05-12,399102.SZ,False,1,present
2025-05-12,899050.BJ,False,1,present
2025-05-09,000001.SH,True,1,present
2025-05-09,399001.SZ,True,1,present
2025-05-09,399006.SZ,True,1,present
2025-05-09,000688.SH,True,1,present
2025-05-09,000016.SH,True,1,present
2025-05-09,000300.SH,False,1,present
2025-05-09,000905.SH,False,1,present
2025-05-09,000852.SH,False,1,present
2025-05-09,399106.SZ,False,1,present
2025-05-09,399102.SZ,False,1,present
2025-05-09,899050.BJ,False,1,present
2025-05-08,000001.SH,True,1,present
2025-05-08,399001.SZ,True,1,present
2025-05-08,399006.SZ,True,1,present
2025-05-08,000688.SH,True,1,present
2025-05-08,000016.SH,True,1,present
2025-05-08,000300.SH,False,1,present
2025-05-08,000905.SH,False,1,present
2025-05-08,000852.SH,False,1,present
2025-05-08,399106.SZ,False,1,present
2025-05-08,399102.SZ,False,1,present
2025-05-08,899050.BJ,False,1,present
2025-05-07,000001.SH,True,1,present
2025-05-07,399001.SZ,True,1,present
2025-05-07,399006.SZ,True,1,present
2025-05-07,000688.SH,True,1,present
2025-05-07,000016.SH,True,1,present
2025-05-07,000300.SH,False,1,present
2025-05-07,000905.SH,False,1,present
2025-05-07,000852.SH,False,1,present
2025-05-07,399106.SZ,False,1,present
2025-05-07,399102.SZ,False,1,present
2025-05-07,899050.BJ,False,1,present
2025-05-06,000001.SH,True,1,present
2025-05-06,399001.SZ,True,1,present
2025-05-06,399006.SZ,True,1,present
2025-05-06,000688.SH,True,1,present
2025-05-06,000016.SH,True,1,present
2025-05-06,000300.SH,False,1,present
2025-05-06,000905.SH,False,1,present
2025-05-06,000852.SH,False,1,present
2025-05-06,399106.SZ,False,1,present
2025-05-06,399102.SZ,False,1,present
2025-05-06,899050.BJ,False,1,present
2025-04-30,000001.SH,True,1,present
2025-04-30,399001.SZ,True,1,present
2025-04-30,399006.SZ,True,1,present
2025-04-30,000688.SH,True,1,present
2025-04-30,000016.SH,True,1,present
2025-04-30,000300.SH,False,1,present
2025-04-30,000905.SH,False,1,present
2025-04-30,000852.SH,False,1,present
2025-04-30,399106.SZ,False,1,present
2025-04-30,399102.SZ,False,1,present
2025-04-30,899050.BJ,False,1,present
2025-04-29,000001.SH,True,1,present
2025-04-29,399001.SZ,True,1,present
2025-04-29,399006.SZ,True,1,present
2025-04-29,000688.SH,True,1,present
2025-04-29,000016.SH,True,1,present
2025-04-29,000300.SH,False,1,present
2025-04-29,000905.SH,False,1,present
2025-04-29,000852.SH,False,1,present
2025-04-29,399106.SZ,False,1,present
2025-04-29,399102.SZ,False,1,present
2025-04-29,899050.BJ,False,1,present
2025-04-28,000001.SH,True,1,present
2025-04-28,399001.SZ,True,1,present
2025-04-28,399006.SZ,True,1,present
2025-04-28,000688.SH,True,1,present
2025-04-28,000016.SH,True,1,present
2025-04-28,000300.SH,False,1,present
2025-04-28,000905.SH,False,1,present
2025-04-28,000852.SH,False,1,present
2025-04-28,399106.SZ,False,1,present
2025-04-28,399102.SZ,False,1,present
2025-04-28,899050.BJ,False,1,present
2025-04-25,000001.SH,True,1,present
2025-04-25,399001.SZ,True,1,present
2025-04-25,399006.SZ,True,1,present
2025-04-25,000688.SH,True,1,present
2025-04-25,000016.SH,True,1,present
2025-04-25,000300.SH,False,1,present
2025-04-25,000905.SH,False,1,present
2025-04-25,000852.SH,False,1,present
2025-04-25,399106.SZ,False,1,present
2025-04-25,399102.SZ,False,1,present
2025-04-25,899050.BJ,False,1,present
2025-04-24,000001.SH,True,1,present
2025-04-24,399001.SZ,True,1,present
2025-04-24,399006.SZ,True,1,present
2025-04-24,000688.SH,True,1,present
2025-04-24,000016.SH,True,1,present
2025-04-24,000300.SH,False,1,present
2025-04-24,000905.SH,False,1,present
2025-04-24,000852.SH,False,1,present
2025-04-24,399106.SZ,False,1,present
2025-04-24,399102.SZ,False,1,present
2025-04-24,899050.BJ,False,1,present
2025-04-23,000001.SH,True,1,present
2025-04-23,399001.SZ,True,1,present
2025-04-23,399006.SZ,True,1,present
2025-04-23,000688.SH,True,1,present
2025-04-23,000016.SH,True,1,present
2025-04-23,000300.SH,False,1,present
2025-04-23,000905.SH,False,1,present
2025-04-23,000852.SH,False,1,present
2025-04-23,399106.SZ,False,1,present
2025-04-23,399102.SZ,False,1,present
2025-04-23,899050.BJ,False,1,present
2025-04-22,000001.SH,True,1,present
2025-04-22,399001.SZ,True,1,present
2025-04-22,399006.SZ,True,1,present
2025-04-22,000688.SH,True,1,present
2025-04-22,000016.SH,True,1,present
2025-04-22,000300.SH,False,1,present
2025-04-22,000905.SH,False,1,present
2025-04-22,000852.SH,False,1,present
2025-04-22,399106.SZ,False,1,present
2025-04-22,399102.SZ,False,1,present
2025-04-22,899050.BJ,False,1,present
2025-04-21,000001.SH,True,1,present
2025-04-21,399001.SZ,True,1,present
2025-04-21,399006.SZ,True,1,present
2025-04-21,000688.SH,True,1,present
2025-04-21,000016.SH,True,1,present
2025-04-21,000300.SH,False,1,present
2025-04-21,000905.SH,False,1,present
2025-04-21,000852.SH,False,1,present
2025-04-21,399106.SZ,False,1,present
2025-04-21,399102.SZ,False,1,present
2025-04-21,899050.BJ,False,1,present
2025-04-18,000001.SH,True,1,present
2025-04-18,399001.SZ,True,1,present
2025-04-18,399006.SZ,True,1,present
2025-04-18,000688.SH,True,1,present
2025-04-18,000016.SH,True,1,present
2025-04-18,000300.SH,False,1,present
2025-04-18,000905.SH,False,1,present
2025-04-18,000852.SH,False,1,present
2025-04-18,399106.SZ,False,1,present
2025-04-18,399102.SZ,False,1,present
2025-04-18,899050.BJ,False,1,present
2025-04-17,000001.SH,True,1,present
2025-04-17,399001.SZ,True,1,present
2025-04-17,399006.SZ,True,1,present
2025-04-17,000688.SH,True,1,present
2025-04-17,000016.SH,True,1,present
2025-04-17,000300.SH,False,1,present
2025-04-17,000905.SH,False,1,present
2025-04-17,000852.SH,False,1,present
2025-04-17,399106.SZ,False,1,present
2025-04-17,399102.SZ,False,1,present
2025-04-17,899050.BJ,False,1,present
2025-04-16,000001.SH,True,1,present
2025-04-16,399001.SZ,True,1,present
2025-04-16,399006.SZ,True,1,present
2025-04-16,000688.SH,True,1,present
2025-04-16,000016.SH,True,1,present
2025-04-16,000300.SH,False,1,present
2025-04-16,000905.SH,False,1,present
2025-04-16,000852.SH,False,1,present
2025-04-16,399106.SZ,False,1,present
2025-04-16,399102.SZ,False,1,present
2025-04-16,899050.BJ,False,1,present
2025-04-15,000001.SH,True,1,present
2025-04-15,399001.SZ,True,1,present
2025-04-15,399006.SZ,True,1,present
2025-04-15,000688.SH,True,1,present
2025-04-15,000016.SH,True,1,present
2025-04-15,000300.SH,False,1,present
2025-04-15,000905.SH,False,1,present
2025-04-15,000852.SH,False,1,present
2025-04-15,399106.SZ,False,1,present
2025-04-15,399102.SZ,False,1,present
2025-04-15,899050.BJ,False,1,present
2025-04-14,000001.SH,True,1,present
2025-04-14,399001.SZ,True,1,present
2025-04-14,399006.SZ,True,1,present
2025-04-14,000688.SH,True,1,present
2025-04-14,000016.SH,True,1,present
2025-04-14,000300.SH,False,1,present
2025-04-14,000905.SH,False,1,present
2025-04-14,000852.SH,False,1,present
2025-04-14,399106.SZ,False,1,present
2025-04-14,399102.SZ,False,1,present
2025-04-14,899050.BJ,False,1,present
2025-04-11,000001.SH,True,1,present
2025-04-11,399001.SZ,True,1,present
2025-04-11,399006.SZ,True,1,present
2025-04-11,000688.SH,True,1,present
2025-04-11,000016.SH,True,1,present
2025-04-11,000300.SH,False,1,present
2025-04-11,000905.SH,False,1,present
2025-04-11,000852.SH,False,1,present
2025-04-11,399106.SZ,False,1,present
2025-04-11,399102.SZ,False,1,present
2025-04-11,899050.BJ,False,1,present
2025-04-10,000001.SH,True,1,present
2025-04-10,399001.SZ,True,1,present
2025-04-10,399006.SZ,True,1,present
2025-04-10,000688.SH,True,1,present
2025-04-10,000016.SH,True,1,present
2025-04-10,000300.SH,False,1,present
2025-04-10,000905.SH,False,1,present
2025-04-10,000852.SH,False,1,present
2025-04-10,399106.SZ,False,1,present
2025-04-10,399102.SZ,False,1,present
2025-04-10,899050.BJ,False,1,present
2025-04-09,000001.SH,True,1,present
2025-04-09,399001.SZ,True,1,present
2025-04-09,399006.SZ,True,1,present
2025-04-09,000688.SH,True,1,present
2025-04-09,000016.SH,True,1,present
2025-04-09,000300.SH,False,1,present
2025-04-09,000905.SH,False,1,present
2025-04-09,000852.SH,False,1,present
2025-04-09,399106.SZ,False,1,present
2025-04-09,399102.SZ,False,1,present
2025-04-09,899050.BJ,False,1,present
2025-04-08,000001.SH,True,1,present
2025-04-08,399001.SZ,True,1,present
2025-04-08,399006.SZ,True,1,present
2025-04-08,000688.SH,True,1,present
2025-04-08,000016.SH,True,1,present
2025-04-08,000300.SH,False,1,present
2025-04-08,000905.SH,False,1,present
2025-04-08,000852.SH,False,1,present
2025-04-08,399106.SZ,False,1,present
2025-04-08,399102.SZ,False,1,present
2025-04-08,899050.BJ,False,1,present
2025-04-07,000001.SH,True,1,present
2025-04-07,399001.SZ,True,1,present
2025-04-07,399006.SZ,True,1,present
2025-04-07,000688.SH,True,1,present
2025-04-07,000016.SH,True,1,present
2025-04-07,000300.SH,False,1,present
2025-04-07,000905.SH,False,1,present
2025-04-07,000852.SH,False,1,present
2025-04-07,399106.SZ,False,1,present
2025-04-07,399102.SZ,False,1,present
2025-04-07,899050.BJ,False,1,present
2025-04-03,000001.SH,True,1,present
2025-04-03,399001.SZ,True,1,present
2025-04-03,399006.SZ,True,1,present
2025-04-03,000688.SH,True,1,present
2025-04-03,000016.SH,True,1,present
2025-04-03,000300.SH,False,1,present
2025-04-03,000905.SH,False,1,present
2025-04-03,000852.SH,False,1,present
2025-04-03,399106.SZ,False,1,present
2025-04-03,399102.SZ,False,1,present
2025-04-03,899050.BJ,False,1,present
2025-04-02,000001.SH,True,1,present
2025-04-02,399001.SZ,True,1,present
2025-04-02,399006.SZ,True,1,present
2025-04-02,000688.SH,True,1,present
2025-04-02,000016.SH,True,1,present
2025-04-02,000300.SH,False,1,present
2025-04-02,000905.SH,False,1,present
2025-04-02,000852.SH,False,1,present
2025-04-02,399106.SZ,False,1,present
2025-04-02,399102.SZ,False,1,present
2025-04-02,899050.BJ,False,1,present
2025-04-01,000001.SH,True,1,present
2025-04-01,399001.SZ,True,1,present
2025-04-01,399006.SZ,True,1,present
2025-04-01,000688.SH,True,1,present
2025-04-01,000016.SH,True,1,present
2025-04-01,000300.SH,False,1,present
2025-04-01,000905.SH,False,1,present
2025-04-01,000852.SH,False,1,present
2025-04-01,399106.SZ,False,1,present
2025-04-01,399102.SZ,False,1,present
2025-04-01,899050.BJ,False,1,present
2025-03-31,000001.SH,True,1,present
2025-03-31,399001.SZ,True,1,present
2025-03-31,399006.SZ,True,1,present
2025-03-31,000688.SH,True,1,present
2025-03-31,000016.SH,True,1,present
2025-03-31,000300.SH,False,1,present
2025-03-31,000905.SH,False,1,present
2025-03-31,000852.SH,False,1,present
2025-03-31,399106.SZ,False,1,present
2025-03-31,399102.SZ,False,1,present
2025-03-31,899050.BJ,False,1,present
2025-03-28,000001.SH,True,1,present
2025-03-28,399001.SZ,True,1,present
2025-03-28,399006.SZ,True,1,present
2025-03-28,000688.SH,True,1,present
2025-03-28,000016.SH,True,1,present
2025-03-28,000300.SH,False,1,present
2025-03-28,000905.SH,False,1,present
2025-03-28,000852.SH,False,1,present
2025-03-28,399106.SZ,False,1,present
2025-03-28,399102.SZ,False,1,present
2025-03-28,899050.BJ,False,1,present
2025-03-27,000001.SH,True,1,present
2025-03-27,399001.SZ,True,1,present
2025-03-27,399006.SZ,True,1,present
2025-03-27,000688.SH,True,1,present
2025-03-27,000016.SH,True,1,present
2025-03-27,000300.SH,False,1,present
2025-03-27,000905.SH,False,1,present
2025-03-27,000852.SH,False,1,present
2025-03-27,399106.SZ,False,1,present
2025-03-27,399102.SZ,False,1,present
2025-03-27,899050.BJ,False,1,present
2025-03-26,000001.SH,True,1,present
2025-03-26,399001.SZ,True,1,present
2025-03-26,399006.SZ,True,1,present
2025-03-26,000688.SH,True,1,present
2025-03-26,000016.SH,True,1,present
2025-03-26,000300.SH,False,1,present
2025-03-26,000905.SH,False,1,present
2025-03-26,000852.SH,False,1,present
2025-03-26,399106.SZ,False,1,present
2025-03-26,399102.SZ,False,1,present
2025-03-26,899050.BJ,False,1,present
2025-03-25,000001.SH,True,1,present
2025-03-25,399001.SZ,True,1,present
2025-03-25,399006.SZ,True,1,present
2025-03-25,000688.SH,True,1,present
2025-03-25,000016.SH,True,1,present
2025-03-25,000300.SH,False,1,present
2025-03-25,000905.SH,False,1,present
2025-03-25,000852.SH,False,1,present
2025-03-25,399106.SZ,False,1,present
2025-03-25,399102.SZ,False,1,present
2025-03-25,899050.BJ,False,1,present
2025-03-24,000001.SH,True,1,present
2025-03-24,399001.SZ,True,1,present
2025-03-24,399006.SZ,True,1,present
2025-03-24,000688.SH,True,1,present
2025-03-24,000016.SH,True,1,present
2025-03-24,000300.SH,False,1,present
2025-03-24,000905.SH,False,1,present
2025-03-24,000852.SH,False,1,present
2025-03-24,399106.SZ,False,1,present
2025-03-24,399102.SZ,False,1,present
2025-03-24,899050.BJ,False,1,present
2025-03-21,000001.SH,True,1,present
2025-03-21,399001.SZ,True,1,present
2025-03-21,399006.SZ,True,1,present
2025-03-21,000688.SH,True,1,present
2025-03-21,000016.SH,True,1,present
2025-03-21,000300.SH,False,1,present
2025-03-21,000905.SH,False,1,present
2025-03-21,000852.SH,False,1,present
2025-03-21,399106.SZ,False,1,present
2025-03-21,399102.SZ,False,1,present
2025-03-21,899050.BJ,False,1,present
2025-03-20,000001.SH,True,1,present
2025-03-20,399001.SZ,True,1,present
2025-03-20,399006.SZ,True,1,present
2025-03-20,000688.SH,True,1,present
2025-03-20,000016.SH,True,1,present
2025-03-20,000300.SH,False,1,present
2025-03-20,000905.SH,False,1,present
2025-03-20,000852.SH,False,1,present
2025-03-20,399106.SZ,False,1,present
2025-03-20,399102.SZ,False,1,present
2025-03-20,899050.BJ,False,1,present
2025-03-19,000001.SH,True,1,present
2025-03-19,399001.SZ,True,1,present
2025-03-19,399006.SZ,True,1,present
2025-03-19,000688.SH,True,1,present
2025-03-19,000016.SH,True,1,present
2025-03-19,000300.SH,False,1,present
2025-03-19,000905.SH,False,1,present
2025-03-19,000852.SH,False,1,present
2025-03-19,399106.SZ,False,1,present
2025-03-19,399102.SZ,False,1,present
2025-03-19,899050.BJ,False,1,present
2025-03-18,000001.SH,True,1,present
2025-03-18,399001.SZ,True,1,present
2025-03-18,399006.SZ,True,1,present
2025-03-18,000688.SH,True,1,present
2025-03-18,000016.SH,True,1,present
2025-03-18,000300.SH,False,1,present
2025-03-18,000905.SH,False,1,present
2025-03-18,000852.SH,False,1,present
2025-03-18,399106.SZ,False,1,present
2025-03-18,399102.SZ,False,1,present
2025-03-18,899050.BJ,False,1,present
2025-03-17,000001.SH,True,1,present
2025-03-17,399001.SZ,True,1,present
2025-03-17,399006.SZ,True,1,present
2025-03-17,000688.SH,True,1,present
2025-03-17,000016.SH,True,1,present
2025-03-17,000300.SH,False,1,present
2025-03-17,000905.SH,False,1,present
2025-03-17,000852.SH,False,1,present
2025-03-17,399106.SZ,False,1,present
2025-03-17,399102.SZ,False,1,present
2025-03-17,899050.BJ,False,1,present
2025-03-14,000001.SH,True,1,present
2025-03-14,399001.SZ,True,1,present
2025-03-14,399006.SZ,True,1,present
2025-03-14,000688.SH,True,1,present
2025-03-14,000016.SH,True,1,present
2025-03-14,000300.SH,False,1,present
2025-03-14,000905.SH,False,1,present
2025-03-14,000852.SH,False,1,present
2025-03-14,399106.SZ,False,1,present
2025-03-14,399102.SZ,False,1,present
2025-03-14,899050.BJ,False,1,present
2025-03-13,000001.SH,True,1,present
2025-03-13,399001.SZ,True,1,present
2025-03-13,399006.SZ,True,1,present
2025-03-13,000688.SH,True,1,present
2025-03-13,000016.SH,True,1,present
2025-03-13,000300.SH,False,1,present
2025-03-13,000905.SH,False,1,present
2025-03-13,000852.SH,False,1,present
2025-03-13,399106.SZ,False,1,present
2025-03-13,399102.SZ,False,1,present
2025-03-13,899050.BJ,False,1,present
2025-03-12,000001.SH,True,1,present
2025-03-12,399001.SZ,True,1,present
2025-03-12,399006.SZ,True,1,present
2025-03-12,000688.SH,True,1,present
2025-03-12,000016.SH,True,1,present
2025-03-12,000300.SH,False,1,present
2025-03-12,000905.SH,False,1,present
2025-03-12,000852.SH,False,1,present
2025-03-12,399106.SZ,False,1,present
2025-03-12,399102.SZ,False,1,present
2025-03-12,899050.BJ,False,1,present
2025-03-11,000001.SH,True,1,present
2025-03-11,399001.SZ,True,1,present
2025-03-11,399006.SZ,True,1,present
2025-03-11,000688.SH,True,1,present
2025-03-11,000016.SH,True,1,present
2025-03-11,000300.SH,False,1,present
2025-03-11,000905.SH,False,1,present
2025-03-11,000852.SH,False,1,present
2025-03-11,399106.SZ,False,1,present
2025-03-11,399102.SZ,False,1,present
2025-03-11,899050.BJ,False,1,present
2025-03-10,000001.SH,True,1,present
2025-03-10,399001.SZ,True,1,present
2025-03-10,399006.SZ,True,1,present
2025-03-10,000688.SH,True,1,present
2025-03-10,000016.SH,True,1,present
2025-03-10,000300.SH,False,1,present
2025-03-10,000905.SH,False,1,present
2025-03-10,000852.SH,False,1,present
2025-03-10,399106.SZ,False,1,present
2025-03-10,399102.SZ,False,1,present
2025-03-10,899050.BJ,False,1,present
2025-03-07,000001.SH,True,1,present
2025-03-07,399001.SZ,True,1,present
2025-03-07,399006.SZ,True,1,present
2025-03-07,000688.SH,True,1,present
2025-03-07,000016.SH,True,1,present
2025-03-07,000300.SH,False,1,present
2025-03-07,000905.SH,False,1,present
2025-03-07,000852.SH,False,1,present
2025-03-07,399106.SZ,False,1,present
2025-03-07,399102.SZ,False,1,present
2025-03-07,899050.BJ,False,1,present
2025-03-06,000001.SH,True,1,present
2025-03-06,399001.SZ,True,1,present
2025-03-06,399006.SZ,True,1,present
2025-03-06,000688.SH,True,1,present
2025-03-06,000016.SH,True,1,present
2025-03-06,000300.SH,False,1,present
2025-03-06,000905.SH,False,1,present
2025-03-06,000852.SH,False,1,present
2025-03-06,399106.SZ,False,1,present
2025-03-06,399102.SZ,False,1,present
2025-03-06,899050.BJ,False,1,present
2025-03-05,000001.SH,True,1,present
2025-03-05,399001.SZ,True,1,present
2025-03-05,399006.SZ,True,1,present
2025-03-05,000688.SH,True,1,present
2025-03-05,000016.SH,True,1,present
2025-03-05,000300.SH,False,1,present
2025-03-05,000905.SH,False,1,present
2025-03-05,000852.SH,False,1,present
2025-03-05,399106.SZ,False,1,present
2025-03-05,399102.SZ,False,1,present
2025-03-05,899050.BJ,False,1,present
2025-03-04,000001.SH,True,1,present
2025-03-04,399001.SZ,True,1,present
2025-03-04,399006.SZ,True,1,present
2025-03-04,000688.SH,True,1,present
2025-03-04,000016.SH,True,1,present
2025-03-04,000300.SH,False,1,present
2025-03-04,000905.SH,False,1,present
2025-03-04,000852.SH,False,1,present
2025-03-04,399106.SZ,False,1,present
2025-03-04,399102.SZ,False,1,present
2025-03-04,899050.BJ,False,1,present
2025-03-03,000001.SH,True,1,present
2025-03-03,399001.SZ,True,1,present
2025-03-03,399006.SZ,True,1,present
2025-03-03,000688.SH,True,1,present
2025-03-03,000016.SH,True,1,present
2025-03-03,000300.SH,False,1,present
2025-03-03,000905.SH,False,1,present
2025-03-03,000852.SH,False,1,present
2025-03-03,399106.SZ,False,1,present
2025-03-03,399102.SZ,False,1,present
2025-03-03,899050.BJ,False,1,present
2025-02-28,000001.SH,True,1,present
2025-02-28,399001.SZ,True,1,present
2025-02-28,399006.SZ,True,1,present
2025-02-28,000688.SH,True,1,present
2025-02-28,000016.SH,True,1,present
2025-02-28,000300.SH,False,1,present
2025-02-28,000905.SH,False,1,present
2025-02-28,000852.SH,False,1,present
2025-02-28,399106.SZ,False,1,present
2025-02-28,399102.SZ,False,1,present
2025-02-28,899050.BJ,False,1,present
2025-02-27,000001.SH,True,1,present
2025-02-27,399001.SZ,True,1,present
2025-02-27,399006.SZ,True,1,present
2025-02-27,000688.SH,True,1,present
2025-02-27,000016.SH,True,1,present
2025-02-27,000300.SH,False,1,present
2025-02-27,000905.SH,False,1,present
2025-02-27,000852.SH,False,1,present
2025-02-27,399106.SZ,False,1,present
2025-02-27,399102.SZ,False,1,present
2025-02-27,899050.BJ,False,1,present
2025-02-26,000001.SH,True,1,present
2025-02-26,399001.SZ,True,1,present
2025-02-26,399006.SZ,True,1,present
2025-02-26,000688.SH,True,1,present
2025-02-26,000016.SH,True,1,present
2025-02-26,000300.SH,False,1,present
2025-02-26,000905.SH,False,1,present
2025-02-26,000852.SH,False,1,present
2025-02-26,399106.SZ,False,1,present
2025-02-26,399102.SZ,False,1,present
2025-02-26,899050.BJ,False,1,present
2025-02-25,000001.SH,True,1,present
2025-02-25,399001.SZ,True,1,present
2025-02-25,399006.SZ,True,1,present
2025-02-25,000688.SH,True,1,present
2025-02-25,000016.SH,True,1,present
2025-02-25,000300.SH,False,1,present
2025-02-25,000905.SH,False,1,present
2025-02-25,000852.SH,False,1,present
2025-02-25,399106.SZ,False,1,present
2025-02-25,399102.SZ,False,1,present
2025-02-25,899050.BJ,False,1,present
2025-02-24,000001.SH,True,1,present
2025-02-24,399001.SZ,True,1,present
2025-02-24,399006.SZ,True,1,present
2025-02-24,000688.SH,True,1,present
2025-02-24,000016.SH,True,1,present
2025-02-24,000300.SH,False,1,present
2025-02-24,000905.SH,False,1,present
2025-02-24,000852.SH,False,1,present
2025-02-24,399106.SZ,False,1,present
2025-02-24,399102.SZ,False,1,present
2025-02-24,899050.BJ,False,1,present
2025-02-21,000001.SH,True,1,present
2025-02-21,399001.SZ,True,1,present
2025-02-21,399006.SZ,True,1,present
2025-02-21,000688.SH,True,1,present
2025-02-21,000016.SH,True,1,present
2025-02-21,000300.SH,False,1,present
2025-02-21,000905.SH,False,1,present
2025-02-21,000852.SH,False,1,present
2025-02-21,399106.SZ,False,1,present
2025-02-21,399102.SZ,False,1,present
2025-02-21,899050.BJ,False,1,present
2025-02-20,000001.SH,True,1,present
2025-02-20,399001.SZ,True,1,present
2025-02-20,399006.SZ,True,1,present
2025-02-20,000688.SH,True,1,present
2025-02-20,000016.SH,True,1,present
2025-02-20,000300.SH,False,1,present
2025-02-20,000905.SH,False,1,present
2025-02-20,000852.SH,False,1,present
2025-02-20,399106.SZ,False,1,present
2025-02-20,399102.SZ,False,1,present
2025-02-20,899050.BJ,False,1,present
2025-02-19,000001.SH,True,1,present
2025-02-19,399001.SZ,True,1,present
2025-02-19,399006.SZ,True,1,present
2025-02-19,000688.SH,True,1,present
2025-02-19,000016.SH,True,1,present
2025-02-19,000300.SH,False,1,present
2025-02-19,000905.SH,False,1,present
2025-02-19,000852.SH,False,1,present
2025-02-19,399106.SZ,False,1,present
2025-02-19,399102.SZ,False,1,present
2025-02-19,899050.BJ,False,1,present
2025-02-18,000001.SH,True,1,present
2025-02-18,399001.SZ,True,1,present
2025-02-18,399006.SZ,True,1,present
2025-02-18,000688.SH,True,1,present
2025-02-18,000016.SH,True,1,present
2025-02-18,000300.SH,False,1,present
2025-02-18,000905.SH,False,1,present
2025-02-18,000852.SH,False,1,present
2025-02-18,399106.SZ,False,1,present
2025-02-18,399102.SZ,False,1,present
2025-02-18,899050.BJ,False,1,present
2025-02-17,000001.SH,True,1,present
2025-02-17,399001.SZ,True,1,present
2025-02-17,399006.SZ,True,1,present
2025-02-17,000688.SH,True,1,present
2025-02-17,000016.SH,True,1,present
2025-02-17,000300.SH,False,1,present
2025-02-17,000905.SH,False,1,present
2025-02-17,000852.SH,False,1,present
2025-02-17,399106.SZ,False,1,present
2025-02-17,399102.SZ,False,1,present
2025-02-17,899050.BJ,False,1,present
2025-02-14,000001.SH,True,1,present
2025-02-14,399001.SZ,True,1,present
2025-02-14,399006.SZ,True,1,present
2025-02-14,000688.SH,True,1,present
2025-02-14,000016.SH,True,1,present
2025-02-14,000300.SH,False,1,present
2025-02-14,000905.SH,False,1,present
2025-02-14,000852.SH,False,1,present
2025-02-14,399106.SZ,False,1,present
2025-02-14,399102.SZ,False,1,present
2025-02-14,899050.BJ,False,1,present
2025-02-13,000001.SH,True,1,present
2025-02-13,399001.SZ,True,1,present
2025-02-13,399006.SZ,True,1,present
2025-02-13,000688.SH,True,1,present
2025-02-13,000016.SH,True,1,present
2025-02-13,000300.SH,False,1,present
2025-02-13,000905.SH,False,1,present
2025-02-13,000852.SH,False,1,present
2025-02-13,399106.SZ,False,1,present
2025-02-13,399102.SZ,False,1,present
2025-02-13,899050.BJ,False,1,present
2025-02-12,000001.SH,True,1,present
2025-02-12,399001.SZ,True,1,present
2025-02-12,399006.SZ,True,1,present
2025-02-12,000688.SH,True,1,present
2025-02-12,000016.SH,True,1,present
2025-02-12,000300.SH,False,1,present
2025-02-12,000905.SH,False,1,present
2025-02-12,000852.SH,False,1,present
2025-02-12,399106.SZ,False,1,present
2025-02-12,399102.SZ,False,1,present
2025-02-12,899050.BJ,False,1,present
2025-02-11,000001.SH,True,1,present
2025-02-11,399001.SZ,True,1,present
2025-02-11,399006.SZ,True,1,present
2025-02-11,000688.SH,True,1,present
2025-02-11,000016.SH,True,1,present
2025-02-11,000300.SH,False,1,present
2025-02-11,000905.SH,False,1,present
2025-02-11,000852.SH,False,1,present
2025-02-11,399106.SZ,False,1,present
2025-02-11,399102.SZ,False,1,present
2025-02-11,899050.BJ,False,1,present
2025-02-10,000001.SH,True,1,present
2025-02-10,399001.SZ,True,1,present
2025-02-10,399006.SZ,True,1,present
2025-02-10,000688.SH,True,1,present
2025-02-10,000016.SH,True,1,present
2025-02-10,000300.SH,False,1,present
2025-02-10,000905.SH,False,1,present
2025-02-10,000852.SH,False,1,present
2025-02-10,399106.SZ,False,1,present
2025-02-10,399102.SZ,False,1,present
2025-02-10,899050.BJ,False,1,present
2025-02-07,000001.SH,True,1,present
2025-02-07,399001.SZ,True,1,present
2025-02-07,399006.SZ,True,1,present
2025-02-07,000688.SH,True,1,present
2025-02-07,000016.SH,True,1,present
2025-02-07,000300.SH,False,1,present
2025-02-07,000905.SH,False,1,present
2025-02-07,000852.SH,False,1,present
2025-02-07,399106.SZ,False,1,present
2025-02-07,399102.SZ,False,1,present
2025-02-07,899050.BJ,False,1,present
2025-02-06,000001.SH,True,1,present
2025-02-06,399001.SZ,True,1,present
2025-02-06,399006.SZ,True,1,present
2025-02-06,000688.SH,True,1,present
2025-02-06,000016.SH,True,1,present
2025-02-06,000300.SH,False,1,present
2025-02-06,000905.SH,False,1,present
2025-02-06,000852.SH,False,1,present
2025-02-06,399106.SZ,False,1,present
2025-02-06,399102.SZ,False,1,present
2025-02-06,899050.BJ,False,1,present
2025-02-05,000001.SH,True,1,present
2025-02-05,399001.SZ,True,1,present
2025-02-05,399006.SZ,True,1,present
2025-02-05,000688.SH,True,1,present
2025-02-05,000016.SH,True,1,present
2025-02-05,000300.SH,False,1,present
2025-02-05,000905.SH,False,1,present
2025-02-05,000852.SH,False,1,present
2025-02-05,399106.SZ,False,1,present
2025-02-05,399102.SZ,False,1,present
2025-02-05,899050.BJ,False,1,present
2025-01-27,000001.SH,True,1,present
2025-01-27,399001.SZ,True,1,present
2025-01-27,399006.SZ,True,1,present
2025-01-27,000688.SH,True,1,present
2025-01-27,000016.SH,True,1,present
2025-01-27,000300.SH,False,1,present
2025-01-27,000905.SH,False,1,present
2025-01-27,000852.SH,False,1,present
2025-01-27,399106.SZ,False,1,present
2025-01-27,399102.SZ,False,1,present
2025-01-27,899050.BJ,False,1,present
2025-01-24,000001.SH,True,1,present
2025-01-24,399001.SZ,True,1,present
2025-01-24,399006.SZ,True,1,present
2025-01-24,000688.SH,True,1,present
2025-01-24,000016.SH,True,1,present
2025-01-24,000300.SH,False,1,present
2025-01-24,000905.SH,False,1,present
2025-01-24,000852.SH,False,1,present
2025-01-24,399106.SZ,False,1,present
2025-01-24,399102.SZ,False,1,present
2025-01-24,899050.BJ,False,1,present
2025-01-23,000001.SH,True,1,present
2025-01-23,399001.SZ,True,1,present
2025-01-23,399006.SZ,True,1,present
2025-01-23,000688.SH,True,1,present
2025-01-23,000016.SH,True,1,present
2025-01-23,000300.SH,False,1,present
2025-01-23,000905.SH,False,1,present
2025-01-23,000852.SH,False,1,present
2025-01-23,399106.SZ,False,1,present
2025-01-23,399102.SZ,False,1,present
2025-01-23,899050.BJ,False,1,present
2025-01-22,000001.SH,True,1,present
2025-01-22,399001.SZ,True,1,present
2025-01-22,399006.SZ,True,1,present
2025-01-22,000688.SH,True,1,present
2025-01-22,000016.SH,True,1,present
2025-01-22,000300.SH,False,1,present
2025-01-22,000905.SH,False,1,present
2025-01-22,000852.SH,False,1,present
2025-01-22,399106.SZ,False,1,present
2025-01-22,399102.SZ,False,1,present
2025-01-22,899050.BJ,False,1,present
2025-01-21,000001.SH,True,1,present
2025-01-21,399001.SZ,True,1,present
2025-01-21,399006.SZ,True,1,present
2025-01-21,000688.SH,True,1,present
2025-01-21,000016.SH,True,1,present
2025-01-21,000300.SH,False,1,present
2025-01-21,000905.SH,False,1,present
2025-01-21,000852.SH,False,1,present
2025-01-21,399106.SZ,False,1,present
2025-01-21,399102.SZ,False,1,present
2025-01-21,899050.BJ,False,1,present
2025-01-20,000001.SH,True,1,present
2025-01-20,399001.SZ,True,1,present
2025-01-20,399006.SZ,True,1,present
2025-01-20,000688.SH,True,1,present
2025-01-20,000016.SH,True,1,present
2025-01-20,000300.SH,False,1,present
2025-01-20,000905.SH,False,1,present
2025-01-20,000852.SH,False,1,present
2025-01-20,399106.SZ,False,1,present
2025-01-20,399102.SZ,False,1,present
2025-01-20,899050.BJ,False,1,present
2025-01-17,000001.SH,True,1,present
2025-01-17,399001.SZ,True,1,present
2025-01-17,399006.SZ,True,1,present
2025-01-17,000688.SH,True,1,present
2025-01-17,000016.SH,True,1,present
2025-01-17,000300.SH,False,1,present
2025-01-17,000905.SH,False,1,present
2025-01-17,000852.SH,False,1,present
2025-01-17,399106.SZ,False,1,present
2025-01-17,399102.SZ,False,1,present
2025-01-17,899050.BJ,False,1,present
2025-01-16,000001.SH,True,1,present
2025-01-16,399001.SZ,True,1,present
2025-01-16,399006.SZ,True,1,present
2025-01-16,000688.SH,True,1,present
2025-01-16,000016.SH,True,1,present
2025-01-16,000300.SH,False,1,present
2025-01-16,000905.SH,False,1,present
2025-01-16,000852.SH,False,1,present
2025-01-16,399106.SZ,False,1,present
2025-01-16,399102.SZ,False,1,present
2025-01-16,899050.BJ,False,1,present
2025-01-15,000001.SH,True,1,present
2025-01-15,399001.SZ,True,1,present
2025-01-15,399006.SZ,True,1,present
2025-01-15,000688.SH,True,1,present
2025-01-15,000016.SH,True,1,present
2025-01-15,000300.SH,False,1,present
2025-01-15,000905.SH,False,1,present
2025-01-15,000852.SH,False,1,present
2025-01-15,399106.SZ,False,1,present
2025-01-15,399102.SZ,False,1,present
2025-01-15,899050.BJ,False,1,present
2025-01-14,000001.SH,True,1,present
2025-01-14,399001.SZ,True,1,present
2025-01-14,399006.SZ,True,1,present
2025-01-14,000688.SH,True,1,present
2025-01-14,000016.SH,True,1,present
2025-01-14,000300.SH,False,1,present
2025-01-14,000905.SH,False,1,present
2025-01-14,000852.SH,False,1,present
2025-01-14,399106.SZ,False,1,present
2025-01-14,399102.SZ,False,1,present
2025-01-14,899050.BJ,False,1,present
2025-01-13,000001.SH,True,1,present
2025-01-13,399001.SZ,True,1,present
2025-01-13,399006.SZ,True,1,present
2025-01-13,000688.SH,True,1,present
2025-01-13,000016.SH,True,1,present
2025-01-13,000300.SH,False,1,present
2025-01-13,000905.SH,False,1,present
2025-01-13,000852.SH,False,1,present
2025-01-13,399106.SZ,False,1,present
2025-01-13,399102.SZ,False,1,present
2025-01-13,899050.BJ,False,1,present
2025-01-10,000001.SH,True,1,present
2025-01-10,399001.SZ,True,1,present
2025-01-10,399006.SZ,True,1,present
2025-01-10,000688.SH,True,1,present
2025-01-10,000016.SH,True,1,present
2025-01-10,000300.SH,False,1,present
2025-01-10,000905.SH,False,1,present
2025-01-10,000852.SH,False,1,present
2025-01-10,399106.SZ,False,1,present
2025-01-10,399102.SZ,False,1,present
2025-01-10,899050.BJ,False,1,present
2025-01-09,000001.SH,True,1,present
2025-01-09,399001.SZ,True,1,present
2025-01-09,399006.SZ,True,1,present
2025-01-09,000688.SH,True,1,present
2025-01-09,000016.SH,True,1,present
2025-01-09,000300.SH,False,1,present
2025-01-09,000905.SH,False,1,present
2025-01-09,000852.SH,False,1,present
2025-01-09,399106.SZ,False,1,present
2025-01-09,399102.SZ,False,1,present
2025-01-09,899050.BJ,False,1,present
2025-01-08,000001.SH,True,1,present
2025-01-08,399001.SZ,True,1,present
2025-01-08,399006.SZ,True,1,present
2025-01-08,000688.SH,True,1,present
2025-01-08,000016.SH,True,1,present
2025-01-08,000300.SH,False,1,present
2025-01-08,000905.SH,False,1,present
2025-01-08,000852.SH,False,1,present
2025-01-08,399106.SZ,False,1,present
2025-01-08,399102.SZ,False,1,present
2025-01-08,899050.BJ,False,1,present
2025-01-07,000001.SH,True,1,present
2025-01-07,399001.SZ,True,1,present
2025-01-07,399006.SZ,True,1,present
2025-01-07,000688.SH,True,1,present
2025-01-07,000016.SH,True,1,present
2025-01-07,000300.SH,False,1,present
2025-01-07,000905.SH,False,1,present
2025-01-07,000852.SH,False,1,present
2025-01-07,399106.SZ,False,1,present
2025-01-07,399102.SZ,False,1,present
2025-01-07,899050.BJ,False,1,present
2025-01-06,000001.SH,True,1,present
2025-01-06,399001.SZ,True,1,present
2025-01-06,399006.SZ,True,1,present
2025-01-06,000688.SH,True,1,present
2025-01-06,000016.SH,True,1,present
2025-01-06,000300.SH,False,1,present
2025-01-06,000905.SH,False,1,present
2025-01-06,000852.SH,False,1,present
2025-01-06,399106.SZ,False,1,present
2025-01-06,399102.SZ,False,1,present
2025-01-06,899050.BJ,False,1,present
2025-01-03,000001.SH,True,1,present
2025-01-03,399001.SZ,True,1,present
2025-01-03,399006.SZ,True,1,present
2025-01-03,000688.SH,True,1,present
2025-01-03,000016.SH,True,1,present
2025-01-03,000300.SH,False,1,present
2025-01-03,000905.SH,False,1,present
2025-01-03,000852.SH,False,1,present
2025-01-03,399106.SZ,False,1,present
2025-01-03,399102.SZ,False,1,present
2025-01-03,899050.BJ,False,1,present
2025-01-02,000001.SH,True,1,present
2025-01-02,399001.SZ,True,1,present
2025-01-02,399006.SZ,True,1,present
2025-01-02,000688.SH,True,1,present
2025-01-02,000016.SH,True,1,present
2025-01-02,000300.SH,False,1,present
2025-01-02,000905.SH,False,1,present
2025-01-02,000852.SH,False,1,present
2025-01-02,399106.SZ,False,1,present
2025-01-02,399102.SZ,False,1,present
2025-01-02,899050.BJ,False,1,present
2024-12-31,000001.SH,True,1,present
2024-12-31,399001.SZ,True,1,present
2024-12-31,399006.SZ,True,1,present
2024-12-31,000688.SH,True,1,present
2024-12-31,000016.SH,True,1,present
2024-12-31,000300.SH,False,1,present
2024-12-31,000905.SH,False,1,present
2024-12-31,000852.SH,False,1,present
2024-12-31,399106.SZ,False,1,present
2024-12-31,399102.SZ,False,1,present
2024-12-31,899050.BJ,False,1,present
2024-12-30,000001.SH,True,1,present
2024-12-30,399001.SZ,True,1,present
2024-12-30,399006.SZ,True,1,present
2024-12-30,000688.SH,True,1,present
2024-12-30,000016.SH,True,1,present
2024-12-30,000300.SH,False,1,present
2024-12-30,000905.SH,False,1,present
2024-12-30,000852.SH,False,1,present
2024-12-30,399106.SZ,False,1,present
2024-12-30,399102.SZ,False,1,present
2024-12-30,899050.BJ,False,1,present
2024-12-27,000001.SH,True,1,present
2024-12-27,399001.SZ,True,1,present
2024-12-27,399006.SZ,True,1,present
2024-12-27,000688.SH,True,1,present
2024-12-27,000016.SH,True,1,present
2024-12-27,000300.SH,False,1,present
2024-12-27,000905.SH,False,1,present
2024-12-27,000852.SH,False,1,present
2024-12-27,399106.SZ,False,1,present
2024-12-27,399102.SZ,False,1,present
2024-12-27,899050.BJ,False,1,present
2024-12-26,000001.SH,True,1,present
2024-12-26,399001.SZ,True,1,present
2024-12-26,399006.SZ,True,1,present
2024-12-26,000688.SH,True,1,present
2024-12-26,000016.SH,True,1,present
2024-12-26,000300.SH,False,1,present
2024-12-26,000905.SH,False,1,present
2024-12-26,000852.SH,False,1,present
2024-12-26,399106.SZ,False,1,present
2024-12-26,399102.SZ,False,1,present
2024-12-26,899050.BJ,False,1,present
2024-12-25,000001.SH,True,1,present
2024-12-25,399001.SZ,True,1,present
2024-12-25,399006.SZ,True,1,present
2024-12-25,000688.SH,True,1,present
2024-12-25,000016.SH,True,1,present
2024-12-25,000300.SH,False,1,present
2024-12-25,000905.SH,False,1,present
2024-12-25,000852.SH,False,1,present
2024-12-25,399106.SZ,False,1,present
2024-12-25,399102.SZ,False,1,present
2024-12-25,899050.BJ,False,1,present
2024-12-24,000001.SH,True,1,present
2024-12-24,399001.SZ,True,1,present
2024-12-24,399006.SZ,True,1,present
2024-12-24,000688.SH,True,1,present
2024-12-24,000016.SH,True,1,present
2024-12-24,000300.SH,False,1,present
2024-12-24,000905.SH,False,1,present
2024-12-24,000852.SH,False,1,present
2024-12-24,399106.SZ,False,1,present
2024-12-24,399102.SZ,False,1,present
2024-12-24,899050.BJ,False,1,present
2024-12-23,000001.SH,True,1,present
2024-12-23,399001.SZ,True,1,present
2024-12-23,399006.SZ,True,1,present
2024-12-23,000688.SH,True,1,present
2024-12-23,000016.SH,True,1,present
2024-12-23,000300.SH,False,1,present
2024-12-23,000905.SH,False,1,present
2024-12-23,000852.SH,False,1,present
2024-12-23,399106.SZ,False,1,present
2024-12-23,399102.SZ,False,1,present
2024-12-23,899050.BJ,False,1,present
2024-12-20,000001.SH,True,1,present
2024-12-20,399001.SZ,True,1,present
2024-12-20,399006.SZ,True,1,present
2024-12-20,000688.SH,True,1,present
2024-12-20,000016.SH,True,1,present
2024-12-20,000300.SH,False,1,present
2024-12-20,000905.SH,False,1,present
2024-12-20,000852.SH,False,1,present
2024-12-20,399106.SZ,False,1,present
2024-12-20,399102.SZ,False,1,present
2024-12-20,899050.BJ,False,1,present
2024-12-19,000001.SH,True,1,present
2024-12-19,399001.SZ,True,1,present
2024-12-19,399006.SZ,True,1,present
2024-12-19,000688.SH,True,1,present
2024-12-19,000016.SH,True,1,present
2024-12-19,000300.SH,False,1,present
2024-12-19,000905.SH,False,1,present
2024-12-19,000852.SH,False,1,present
2024-12-19,399106.SZ,False,1,present
2024-12-19,399102.SZ,False,1,present
2024-12-19,899050.BJ,False,1,present
2024-12-18,000001.SH,True,1,present
2024-12-18,399001.SZ,True,1,present
2024-12-18,399006.SZ,True,1,present
2024-12-18,000688.SH,True,1,present
2024-12-18,000016.SH,True,1,present
2024-12-18,000300.SH,False,1,present
2024-12-18,000905.SH,False,1,present
2024-12-18,000852.SH,False,1,present
2024-12-18,399106.SZ,False,1,present
2024-12-18,399102.SZ,False,1,present
2024-12-18,899050.BJ,False,1,present
2024-12-17,000001.SH,True,1,present
2024-12-17,399001.SZ,True,1,present
2024-12-17,399006.SZ,True,1,present
2024-12-17,000688.SH,True,1,present
2024-12-17,000016.SH,True,1,present
2024-12-17,000300.SH,False,1,present
2024-12-17,000905.SH,False,1,present
2024-12-17,000852.SH,False,1,present
2024-12-17,399106.SZ,False,1,present
2024-12-17,399102.SZ,False,1,present
2024-12-17,899050.BJ,False,1,present
2024-12-16,000001.SH,True,1,present
2024-12-16,399001.SZ,True,1,present
2024-12-16,399006.SZ,True,1,present
2024-12-16,000688.SH,True,1,present
2024-12-16,000016.SH,True,1,present
2024-12-16,000300.SH,False,1,present
2024-12-16,000905.SH,False,1,present
2024-12-16,000852.SH,False,1,present
2024-12-16,399106.SZ,False,1,present
2024-12-16,399102.SZ,False,1,present
2024-12-16,899050.BJ,False,1,present
2024-12-13,000001.SH,True,1,present
2024-12-13,399001.SZ,True,1,present
2024-12-13,399006.SZ,True,1,present
2024-12-13,000688.SH,True,1,present
2024-12-13,000016.SH,True,1,present
2024-12-13,000300.SH,False,1,present
2024-12-13,000905.SH,False,1,present
2024-12-13,000852.SH,False,1,present
2024-12-13,399106.SZ,False,1,present
2024-12-13,399102.SZ,False,1,present
2024-12-13,899050.BJ,False,1,present
2024-12-12,000001.SH,True,1,present
2024-12-12,399001.SZ,True,1,present
2024-12-12,399006.SZ,True,1,present
2024-12-12,000688.SH,True,1,present
2024-12-12,000016.SH,True,1,present
2024-12-12,000300.SH,False,1,present
2024-12-12,000905.SH,False,1,present
2024-12-12,000852.SH,False,1,present
2024-12-12,399106.SZ,False,1,present
2024-12-12,399102.SZ,False,1,present
2024-12-12,899050.BJ,False,1,present
2024-12-11,000001.SH,True,1,present
2024-12-11,399001.SZ,True,1,present
2024-12-11,399006.SZ,True,1,present
2024-12-11,000688.SH,True,1,present
2024-12-11,000016.SH,True,1,present
2024-12-11,000300.SH,False,1,present
2024-12-11,000905.SH,False,1,present
2024-12-11,000852.SH,False,1,present
2024-12-11,399106.SZ,False,1,present
2024-12-11,399102.SZ,False,1,present
2024-12-11,899050.BJ,False,1,present
2024-12-10,000001.SH,True,1,present
2024-12-10,399001.SZ,True,1,present
2024-12-10,399006.SZ,True,1,present
2024-12-10,000688.SH,True,1,present
2024-12-10,000016.SH,True,1,present
2024-12-10,000300.SH,False,1,present
2024-12-10,000905.SH,False,1,present
2024-12-10,000852.SH,False,1,present
2024-12-10,399106.SZ,False,1,present
2024-12-10,399102.SZ,False,1,present
2024-12-10,899050.BJ,False,1,present
2024-12-09,000001.SH,True,1,present
2024-12-09,399001.SZ,True,1,present
2024-12-09,399006.SZ,True,1,present
2024-12-09,000688.SH,True,1,present
2024-12-09,000016.SH,True,1,present
2024-12-09,000300.SH,False,1,present
2024-12-09,000905.SH,False,1,present
2024-12-09,000852.SH,False,1,present
2024-12-09,399106.SZ,False,1,present
2024-12-09,399102.SZ,False,1,present
2024-12-09,899050.BJ,False,1,present
2024-12-06,000001.SH,True,1,present
2024-12-06,399001.SZ,True,1,present
2024-12-06,399006.SZ,True,1,present
2024-12-06,000688.SH,True,1,present
2024-12-06,000016.SH,True,1,present
2024-12-06,000300.SH,False,1,present
2024-12-06,000905.SH,False,1,present
2024-12-06,000852.SH,False,1,present
2024-12-06,399106.SZ,False,1,present
2024-12-06,399102.SZ,False,1,present
2024-12-06,899050.BJ,False,1,present
2024-12-05,000001.SH,True,1,present
2024-12-05,399001.SZ,True,1,present
2024-12-05,399006.SZ,True,1,present
2024-12-05,000688.SH,True,1,present
2024-12-05,000016.SH,True,1,present
2024-12-05,000300.SH,False,1,present
2024-12-05,000905.SH,False,1,present
2024-12-05,000852.SH,False,1,present
2024-12-05,399106.SZ,False,1,present
2024-12-05,399102.SZ,False,1,present
2024-12-05,899050.BJ,False,1,present
2024-12-04,000001.SH,True,1,present
2024-12-04,399001.SZ,True,1,present
2024-12-04,399006.SZ,True,1,present
2024-12-04,000688.SH,True,1,present
2024-12-04,000016.SH,True,1,present
2024-12-04,000300.SH,False,1,present
2024-12-04,000905.SH,False,1,present
2024-12-04,000852.SH,False,1,present
2024-12-04,399106.SZ,False,1,present
2024-12-04,399102.SZ,False,1,present
2024-12-04,899050.BJ,False,1,present
2024-12-03,000001.SH,True,1,present
2024-12-03,399001.SZ,True,1,present
2024-12-03,399006.SZ,True,1,present
2024-12-03,000688.SH,True,1,present
2024-12-03,000016.SH,True,1,present
2024-12-03,000300.SH,False,1,present
2024-12-03,000905.SH,False,1,present
2024-12-03,000852.SH,False,1,present
2024-12-03,399106.SZ,False,1,present
2024-12-03,399102.SZ,False,1,present
2024-12-03,899050.BJ,False,1,present
2024-12-02,000001.SH,True,1,present
2024-12-02,399001.SZ,True,1,present
2024-12-02,399006.SZ,True,1,present
2024-12-02,000688.SH,True,1,present
2024-12-02,000016.SH,True,1,present
2024-12-02,000300.SH,False,1,present
2024-12-02,000905.SH,False,1,present
2024-12-02,000852.SH,False,1,present
2024-12-02,399106.SZ,False,1,present
2024-12-02,399102.SZ,False,1,present
2024-12-02,899050.BJ,False,1,present
2024-11-29,000001.SH,True,1,present
2024-11-29,399001.SZ,True,1,present
2024-11-29,399006.SZ,True,1,present
2024-11-29,000688.SH,True,1,present
2024-11-29,000016.SH,True,1,present
2024-11-29,000300.SH,False,1,present
2024-11-29,000905.SH,False,1,present
2024-11-29,000852.SH,False,1,present
2024-11-29,399106.SZ,False,1,present
2024-11-29,399102.SZ,False,1,present
2024-11-29,899050.BJ,False,1,present
2024-11-28,000001.SH,True,1,present
2024-11-28,399001.SZ,True,1,present
2024-11-28,399006.SZ,True,1,present
2024-11-28,000688.SH,True,1,present
2024-11-28,000016.SH,True,1,present
2024-11-28,000300.SH,False,1,present
2024-11-28,000905.SH,False,1,present
2024-11-28,000852.SH,False,1,present
2024-11-28,399106.SZ,False,1,present
2024-11-28,399102.SZ,False,1,present
2024-11-28,899050.BJ,False,1,present
2024-11-27,000001.SH,True,1,present
2024-11-27,399001.SZ,True,1,present
2024-11-27,399006.SZ,True,1,present
2024-11-27,000688.SH,True,1,present
2024-11-27,000016.SH,True,1,present
2024-11-27,000300.SH,False,1,present
2024-11-27,000905.SH,False,1,present
2024-11-27,000852.SH,False,1,present
2024-11-27,399106.SZ,False,1,present
2024-11-27,399102.SZ,False,1,present
2024-11-27,899050.BJ,False,1,present
2024-11-26,000001.SH,True,1,present
2024-11-26,399001.SZ,True,1,present
2024-11-26,399006.SZ,True,1,present
2024-11-26,000688.SH,True,1,present
2024-11-26,000016.SH,True,1,present
2024-11-26,000300.SH,False,1,present
2024-11-26,000905.SH,False,1,present
2024-11-26,000852.SH,False,1,present
2024-11-26,399106.SZ,False,1,present
2024-11-26,399102.SZ,False,1,present
2024-11-26,899050.BJ,False,1,present
2024-11-25,000001.SH,True,1,present
2024-11-25,399001.SZ,True,1,present
2024-11-25,399006.SZ,True,1,present
2024-11-25,000688.SH,True,1,present
2024-11-25,000016.SH,True,1,present
2024-11-25,000300.SH,False,1,present
2024-11-25,000905.SH,False,1,present
2024-11-25,000852.SH,False,1,present
2024-11-25,399106.SZ,False,1,present
2024-11-25,399102.SZ,False,1,present
2024-11-25,899050.BJ,False,1,present
2024-11-22,000001.SH,True,1,present
2024-11-22,399001.SZ,True,1,present
2024-11-22,399006.SZ,True,1,present
2024-11-22,000688.SH,True,1,present
2024-11-22,000016.SH,True,1,present
2024-11-22,000300.SH,False,1,present
2024-11-22,000905.SH,False,1,present
2024-11-22,000852.SH,False,1,present
2024-11-22,399106.SZ,False,1,present
2024-11-22,399102.SZ,False,1,present
2024-11-22,899050.BJ,False,1,present
2024-11-21,000001.SH,True,1,present
2024-11-21,399001.SZ,True,1,present
2024-11-21,399006.SZ,True,1,present
2024-11-21,000688.SH,True,1,present
2024-11-21,000016.SH,True,1,present
2024-11-21,000300.SH,False,1,present
2024-11-21,000905.SH,False,1,present
2024-11-21,000852.SH,False,1,present
2024-11-21,399106.SZ,False,1,present
2024-11-21,399102.SZ,False,1,present
2024-11-21,899050.BJ,False,1,present
2024-11-20,000001.SH,True,1,present
2024-11-20,399001.SZ,True,1,present
2024-11-20,399006.SZ,True,1,present
2024-11-20,000688.SH,True,1,present
2024-11-20,000016.SH,True,1,present
2024-11-20,000300.SH,False,1,present
2024-11-20,000905.SH,False,1,present
2024-11-20,000852.SH,False,1,present
2024-11-20,399106.SZ,False,1,present
2024-11-20,399102.SZ,False,1,present
2024-11-20,899050.BJ,False,1,present
2024-11-19,000001.SH,True,1,present
2024-11-19,399001.SZ,True,1,present
2024-11-19,399006.SZ,True,1,present
2024-11-19,000688.SH,True,1,present
2024-11-19,000016.SH,True,1,present
2024-11-19,000300.SH,False,1,present
2024-11-19,000905.SH,False,1,present
2024-11-19,000852.SH,False,1,present
2024-11-19,399106.SZ,False,1,present
2024-11-19,399102.SZ,False,1,present
2024-11-19,899050.BJ,False,1,present
2024-11-18,000001.SH,True,1,present
2024-11-18,399001.SZ,True,1,present
2024-11-18,399006.SZ,True,1,present
2024-11-18,000688.SH,True,1,present
2024-11-18,000016.SH,True,1,present
2024-11-18,000300.SH,False,1,present
2024-11-18,000905.SH,False,1,present
2024-11-18,000852.SH,False,1,present
2024-11-18,399106.SZ,False,1,present
2024-11-18,399102.SZ,False,1,present
2024-11-18,899050.BJ,False,1,present
2024-11-15,000001.SH,True,1,present
2024-11-15,399001.SZ,True,1,present
2024-11-15,399006.SZ,True,1,present
2024-11-15,000688.SH,True,1,present
2024-11-15,000016.SH,True,1,present
2024-11-15,000300.SH,False,1,present
2024-11-15,000905.SH,False,1,present
2024-11-15,000852.SH,False,1,present
2024-11-15,399106.SZ,False,1,present
2024-11-15,399102.SZ,False,1,present
2024-11-15,899050.BJ,False,1,present
2024-11-14,000001.SH,True,1,present
2024-11-14,399001.SZ,True,1,present
2024-11-14,399006.SZ,True,1,present
2024-11-14,000688.SH,True,1,present
2024-11-14,000016.SH,True,1,present
2024-11-14,000300.SH,False,1,present
2024-11-14,000905.SH,False,1,present
2024-11-14,000852.SH,False,1,present
2024-11-14,399106.SZ,False,1,present
2024-11-14,399102.SZ,False,1,present
2024-11-14,899050.BJ,False,1,present
2024-11-13,000001.SH,True,1,present
2024-11-13,399001.SZ,True,1,present
2024-11-13,399006.SZ,True,1,present
2024-11-13,000688.SH,True,1,present
2024-11-13,000016.SH,True,1,present
2024-11-13,000300.SH,False,1,present
2024-11-13,000905.SH,False,1,present
2024-11-13,000852.SH,False,1,present
2024-11-13,399106.SZ,False,1,present
2024-11-13,399102.SZ,False,1,present
2024-11-13,899050.BJ,False,1,present
2024-11-12,000001.SH,True,1,present
2024-11-12,399001.SZ,True,1,present
2024-11-12,399006.SZ,True,1,present
2024-11-12,000688.SH,True,1,present
2024-11-12,000016.SH,True,1,present
2024-11-12,000300.SH,False,1,present
2024-11-12,000905.SH,False,1,present
2024-11-12,000852.SH,False,1,present
2024-11-12,399106.SZ,False,1,present
2024-11-12,399102.SZ,False,1,present
2024-11-12,899050.BJ,False,1,present
2024-11-11,000001.SH,True,1,present
2024-11-11,399001.SZ,True,1,present
2024-11-11,399006.SZ,True,1,present
2024-11-11,000688.SH,True,1,present
2024-11-11,000016.SH,True,1,present
2024-11-11,000300.SH,False,1,present
2024-11-11,000905.SH,False,1,present
2024-11-11,000852.SH,False,1,present
2024-11-11,399106.SZ,False,1,present
2024-11-11,399102.SZ,False,1,present
2024-11-11,899050.BJ,False,1,present
2024-11-08,000001.SH,True,1,present
2024-11-08,399001.SZ,True,1,present
2024-11-08,399006.SZ,True,1,present
2024-11-08,000688.SH,True,1,present
2024-11-08,000016.SH,True,1,present
2024-11-08,000300.SH,False,1,present
2024-11-08,000905.SH,False,1,present
2024-11-08,000852.SH,False,1,present
2024-11-08,399106.SZ,False,1,present
2024-11-08,399102.SZ,False,1,present
2024-11-08,899050.BJ,False,1,present
2024-11-07,000001.SH,True,1,present
2024-11-07,399001.SZ,True,1,present
2024-11-07,399006.SZ,True,1,present
2024-11-07,000688.SH,True,1,present
2024-11-07,000016.SH,True,1,present
2024-11-07,000300.SH,False,1,present
2024-11-07,000905.SH,False,1,present
2024-11-07,000852.SH,False,1,present
2024-11-07,399106.SZ,False,1,present
2024-11-07,399102.SZ,False,1,present
2024-11-07,899050.BJ,False,1,present
2024-11-06,000001.SH,True,1,present
2024-11-06,399001.SZ,True,1,present
2024-11-06,399006.SZ,True,1,present
2024-11-06,000688.SH,True,1,present
2024-11-06,000016.SH,True,1,present
2024-11-06,000300.SH,False,1,present
2024-11-06,000905.SH,False,1,present
2024-11-06,000852.SH,False,1,present
2024-11-06,399106.SZ,False,1,present
2024-11-06,399102.SZ,False,1,present
2024-11-06,899050.BJ,False,1,present
2024-11-05,000001.SH,True,1,present
2024-11-05,399001.SZ,True,1,present
2024-11-05,399006.SZ,True,1,present
2024-11-05,000688.SH,True,1,present
2024-11-05,000016.SH,True,1,present
2024-11-05,000300.SH,False,1,present
2024-11-05,000905.SH,False,1,present
2024-11-05,000852.SH,False,1,present
2024-11-05,399106.SZ,False,1,present
2024-11-05,399102.SZ,False,1,present
2024-11-05,899050.BJ,False,1,present
2024-11-04,000001.SH,True,1,present
2024-11-04,399001.SZ,True,1,present
2024-11-04,399006.SZ,True,1,present
2024-11-04,000688.SH,True,1,present
2024-11-04,000016.SH,True,1,present
2024-11-04,000300.SH,False,1,present
2024-11-04,000905.SH,False,1,present
2024-11-04,000852.SH,False,1,present
2024-11-04,399106.SZ,False,1,present
2024-11-04,399102.SZ,False,1,present
2024-11-04,899050.BJ,False,1,present
2024-11-01,000001.SH,True,1,present
2024-11-01,399001.SZ,True,1,present
2024-11-01,399006.SZ,True,1,present
2024-11-01,000688.SH,True,1,present
2024-11-01,000016.SH,True,1,present
2024-11-01,000300.SH,False,1,present
2024-11-01,000905.SH,False,1,present
2024-11-01,000852.SH,False,1,present
2024-11-01,399106.SZ,False,1,present
2024-11-01,399102.SZ,False,1,present
2024-11-01,899050.BJ,False,1,present
