date,eligible_n,market_observed_n,excluded_n,excluded_pct,historical_name_n,st_fallback_n,name_unknown_n,name_overlap_n,name_st_conflict_n,latest_name_st_conflict_n,missing_listing_date_n,ref_validated_n,ref_candidate_n,ambiguous_nominal_regime_n,nominal_regime_unmatched_n,reference_price_mismatch_n,invalid_price_n,invalid_limit_n,amount_missing_n,comparison_delisting_excluded_n,amount_nonpositive_n,amount_observed_n,amount_original_n,amount_complete,amount_coverage,prev_cohort_original_n,prev_cohort_observed_n,prev_cohort_suspended_n,missing_prev_cohort_n,prev_cohort_unobservable_n,exclusion_reasons_json,st_fallback_pct,namechange_coverage,trade_date
20250102,4973,5106,133,0.026047786917352135,5105,0,1,0,0,0,1,5105,5105,0,1,0,0,0,0,0,0,5106,5106,True,1.0,46,46,0,0,0,"{""eligible"": 4973, ""historical_ST"": 124, ""missing_listing_date"": 1, ""new_listing_age_le_20"": 7, ""unmatched_or_special_limit_regime"": 1}",0.0,0.999804151978065,2025-01-02
20250103,4974,5109,135,0.026423957721667644,5108,0,1,0,0,0,1,5106,5106,0,3,0,0,0,0,0,0,5109,5109,True,1.0,59,59,0,0,0,"{""eligible"": 4974, ""historical_ST"": 125, ""missing_listing_date"": 1, ""new_listing_age_le_20"": 8, ""unmatched_or_special_limit_regime"": 1}",0.0,0.9998042669798395,2025-01-03
20250106,4973,5107,134,0.026238496181711375,5106,0,1,0,0,0,1,5104,5104,0,3,0,0,0,0,0,0,5107,5107,True,1.0,45,45,0,0,0,"{""eligible"": 4973, ""historical_ST"": 124, ""missing_listing_date"": 1, ""new_listing_age_le_20"": 8, ""unmatched_or_special_limit_regime"": 1}",0.0,0.9998041903270022,2025-01-06
20250107,4975,5110,135,0.026418786692759294,5109,0,1,0,0,0,1,5108,5108,0,2,0,0,0,0,0,0,5110,5110,True,1.0,59,59,0,0,0,"{""eligible"": 4975, ""historical_ST"": 125, ""missing_listing_date"": 1, ""new_listing_age_le_20"": 8, ""unmatched_or_special_limit_regime"": 1}",0.0,0.9998043052837573,2025-01-07
20250108,4975,5110,135,0.026418786692759294,5109,0,1,0,0,0,1,5108,5108,0,2,0,0,0,0,0,0,5110,5110,True,1.0,93,93,0,0,0,"{""eligible"": 4975, ""historical_ST"": 125, ""missing_listing_date"": 1, ""new_listing_age_le_20"": 8, ""unmatched_or_special_limit_regime"": 1}",0.0,0.9998043052837573,2025-01-08
20250109,4976,5111,135,0.026413617687341028,5110,0,1,0,0,0,1,5109,5109,0,2,0,0,0,0,0,0,5111,5111,True,1.0,65,65,0,0,0,"{""eligible"": 4976, ""historical_ST"": 126, ""missing_listing_date"": 1, ""new_listing_age_le_20"": 7, ""unmatched_or_special_limit_regime"": 1}",0.0,0.9998043435726863,2025-01-09
20250110,4976,5112,136,0.026604068857589983,5111,0,1,0,0,0,1,5110,5110,0,2,0,0,0,0,0,0,5112,5112,True,1.0,86,86,0,0,0,"{""eligible"": 4976, ""historical_ST"": 126, ""missing_listing_date"": 1, ""new_listing_age_le_20"": 8, ""unmatched_or_special_limit_regime"": 1}",0.0,0.9998043818466353,2025-01-10
20250113,4977,5111,134,0.026217961260027393,5110,0,1,0,0,0,1,5109,5109,0,2,0,0,0,0,0,0,5111,5111,True,1.0,38,38,0,0,0,"{""eligible"": 4977, ""historical_ST"": 124, ""missing_listing_date"": 1, ""new_listing_age_le_20"": 8, ""unmatched_or_special_limit_regime"": 1}",0.0,0.9998043435726863,2025-01-13
20250114,4977,5114,137,0.026789206100899493,5113,0,1,0,0,0,1,5112,5112,0,2,0,0,0,0,0,0,5114,5114,True,1.0,46,45,1,0,0,"{""eligible"": 4977, ""historical_ST"": 127, ""missing_listing_date"": 1, ""new_listing_age_le_20"": 8, ""unmatched_or_special_limit_regime"": 1}",0.0,0.9998044583496285,2025-01-14
20250115,4977,5116,139,0.02716966379984363,5115,0,1,0,0,0,1,5112,5112,0,4,0,0,0,0,0,0,5116,5116,True,1.0,134,134,0,0,0,"{""eligible"": 4977, ""historical_ST"": 127, ""missing_listing_date"": 1, ""new_listing_age_le_20"": 10, ""unmatched_or_special_limit_regime"": 1}",0.0,0.9998045347928068,2025-01-15
20250116,4977,5116,139,0.02716966379984363,5115,0,1,0,0,0,1,5112,5112,0,4,0,0,0,0,0,0,5116,5116,True,1.0,65,65,0,0,0,"{""eligible"": 4977, ""historical_ST"": 127, ""missing_listing_date"": 1, ""new_listing_age_le_20"": 10, ""unmatched_or_special_limit_regime"": 1}",0.0,0.9998045347928068,2025-01-16
20250117,4977,5115,138,0.026979472140762465,5114,0,1,0,0,0,1,5113,5113,0,2,0,0,0,0,0,0,5115,5115,True,1.0,72,72,0,0,0,"{""eligible"": 4977, ""historical_ST"": 126, ""missing_listing_date"": 1, ""new_listing_age_le_20"": 10, ""unmatched_or_special_limit_regime"": 1}",0.0,0.9998044965786901,2025-01-17
20250120,4978,5114,136,0.02659366445052796,5113,0,1,0,0,0,1,5112,5112,0,2,0,0,0,0,0,0,5114,5114,True,1.0,57,57,0,0,0,"{""eligible"": 4978, ""historical_ST"": 126, ""missing_listing_date"": 1, ""new_listing_age_le_20"": 8, ""unmatched_or_special_limit_regime"": 1}",0.0,0.9998044583496285,2025-01-20
20250121,4980,5116,136,0.026583268178264268,5115,0,1,0,0,0,1,5114,5114,0,2,0,0,0,0,0,0,5116,5116,True,1.0,70,70,0,0,0,"{""eligible"": 4980, ""historical_ST"": 126, ""missing_listing_date"": 1, ""new_listing_age_le_20"": 8, ""unmatched_or_special_limit_regime"": 1}",0.0,0.9998045347928068,2025-01-21
20250122,4983,5120,137,0.0267578125,5119,0,1,0,0,0,1,5118,5118,0,2,0,0,0,0,0,0,5120,5120,True,1.0,46,46,0,0,0,"{""eligible"": 4983, ""historical_ST"": 126, ""missing_listing_date"": 1, ""new_listing_age_le_20"": 9, ""unmatched_or_special_limit_regime"": 1}",0.0,0.9998046875,2025-01-22
20250123,4983,5121,138,0.026947861745752782,5120,0,1,0,0,0,1,5118,5118,0,3,0,0,0,0,0,0,5121,5121,True,1.0,39,39,0,0,0,"{""eligible"": 4983, ""historical_ST"": 126, ""missing_listing_date"": 1, ""new_listing_age_le_20"": 10, ""unmatched_or_special_limit_regime"": 1}",0.0,0.9998047256395235,2025-01-23
20250124,4980,5118,138,0.026963657678780773,5117,0,1,0,0,0,1,5115,5115,0,3,0,0,0,0,0,0,5118,5118,True,1.0,40,40,0,0,0,"{""eligible"": 4980, ""historical_ST"": 126, ""missing_listing_date"": 1, ""new_listing_age_le_20"": 10, ""unmatched_or_special_limit_regime"": 1}",0.0,0.9998046111762408,2025-01-24
20250127,4979,5119,140,0.027349091619456926,5118,0,1,0,0,0,1,5114,5114,0,5,0,0,0,0,0,0,5119,5119,True,1.0,66,66,0,0,0,"{""eligible"": 4979, ""historical_ST"": 126, ""missing_listing_date"": 1, ""new_listing_age_le_20"": 12, ""unmatched_or_special_limit_regime"": 1}",0.0,0.9998046493455753,2025-01-27
20250205,4982,5121,139,0.027143136106229253,5120,0,1,0,0,0,1,5116,5116,0,5,0,0,0,0,0,0,5121,5121,True,1.0,41,41,0,0,0,"{""eligible"": 4982, ""historical_ST"": 126, ""missing_listing_date"": 1, ""new_listing_age_le_20"": 11, ""unmatched_or_special_limit_regime"": 1}",0.0,0.9998047256395235,2025-02-05
20250206,4982,5121,139,0.027143136106229253,5120,0,1,0,0,0,1,5118,5118,0,3,0,0,0,0,0,0,5121,5121,True,1.0,76,76,0,0,0,"{""eligible"": 4982, ""historical_ST"": 126, ""missing_listing_date"": 1, ""new_listing_age_le_20"": 11, ""unmatched_or_special_limit_regime"": 1}",0.0,0.9998047256395235,2025-02-06
20250207,4982,5122,140,0.027333073018352205,5121,0,1,0,0,0,1,5119,5119,0,3,0,0,0,0,0,0,5122,5122,True,1.0,89,89,0,0,0,"{""eligible"": 4982, ""historical_ST"": 126, ""missing_listing_date"": 1, ""new_listing_age_le_20"": 11, ""unmatched_or_special_limit_regime"": 2}",0.0,0.9998047637641546,2025-02-07
20250210,4987,5123,136,0.026546945149326567,5122,0,1,0,0,0,1,5121,5121,0,2,0,0,0,0,1,0,5123,5123,True,1.0,79,79,0,0,0,"{""eligible"": 4987, ""historical_ST"": 125, ""missing_listing_date"": 1, ""new_listing_age_le_20"": 9, ""unmatched_or_special_limit_regime"": 1}",0.0,0.999804801873902,2025-02-10
20250211,4986,5122,136,0.026552128074970715,5121,0,1,0,0,0,1,5122,5122,0,0,0,0,0,0,1,0,5122,5122,True,1.0,119,119,0,0,0,"{""eligible"": 4986, ""historical_ST"": 125, ""missing_listing_date"": 1, ""new_listing_age_le_20"": 9, ""unmatched_or_special_limit_regime"": 1}",0.0,0.9998047637641546,2025-02-11
20250212,4986,5122,136,0.026552128074970715,5121,0,1,0,0,0,1,5122,5122,0,0,0,0,0,0,1,0,5122,5122,True,1.0,69,69,0,0,0,"{""eligible"": 4986, ""historical_ST"": 125, ""missing_listing_date"": 1, ""new_listing_age_le_20"": 9, ""unmatched_or_special_limit_regime"": 1}",0.0,0.9998047637641546,2025-02-12
20250213,4987,5123,136,0.026546945149326567,5122,0,1,0,0,0,1,5123,5123,0,0,0,0,0,0,1,0,5123,5123,True,1.0,82,82,0,0,0,"{""eligible"": 4987, ""historical_ST"": 125, ""missing_listing_date"": 1, ""new_listing_age_le_20"": 9, ""unmatched_or_special_limit_regime"": 1}",0.0,0.999804801873902,2025-02-13
20250214,4986,5122,136,0.026552128074970715,5121,0,1,0,0,0,1,5122,5122,0,0,0,0,0,0,1,0,5122,5122,True,1.0,64,64,0,0,0,"{""eligible"": 4986, ""historical_ST"": 125, ""missing_listing_date"": 1, ""new_listing_age_le_20"": 9, ""unmatched_or_special_limit_regime"": 1}",0.0,0.9998047637641546,2025-02-14
20250217,4992,5125,133,0.02595121951219512,5125,0,0,0,0,0,0,5125,5125,0,0,0,0,0,0,1,0,5125,5125,True,1.0,77,77,0,0,0,"{""eligible"": 4992, ""historical_ST"": 125, ""new_listing_age_le_20"": 7, ""unmatched_or_special_limit_regime"": 1}",0.0,1.0,2025-02-17
20250218,4992,5124,132,0.02576112412177986,5124,0,0,0,0,0,0,5124,5124,0,0,0,0,0,0,1,0,5124,5124,True,1.0,101,101,0,0,0,"{""eligible"": 4992, ""historical_ST"": 124, ""new_listing_age_le_20"": 7, ""unmatched_or_special_limit_regime"": 1}",0.0,1.0,2025-02-18
20250219,4992,5124,132,0.02576112412177986,5124,0,0,0,0,0,0,5124,5124,0,0,0,0,0,0,1,0,5124,5124,True,1.0,46,46,0,0,0,"{""eligible"": 4992, ""historical_ST"": 124, ""new_listing_age_le_20"": 7, ""unmatched_or_special_limit_regime"": 1}",0.0,1.0,2025-02-19
20250220,4993,5123,130,0.02537575639273863,5123,0,0,0,0,0,0,5123,5123,0,0,0,0,0,0,1,0,5123,5123,True,1.0,107,107,0,0,0,"{""eligible"": 4993, ""historical_ST"": 124, ""new_listing_age_le_20"": 5, ""unmatched_or_special_limit_regime"": 1}",0.0,1.0,2025-02-20
20250221,4993,5125,132,0.02575609756097561,5125,0,0,0,0,0,0,5125,5125,0,0,0,0,0,0,1,0,5125,5125,True,1.0,96,96,0,0,0,"{""eligible"": 4993, ""historical_ST"": 126, ""new_listing_age_le_20"": 5, ""unmatched_or_special_limit_regime"": 1}",0.0,1.0,2025-02-21
20250224,4990,5122,132,0.025771183131589222,5122,0,0,0,0,0,0,5122,5122,0,0,0,0,0,0,1,0,5122,5122,True,1.0,110,110,0,0,0,"{""eligible"": 4990, ""historical_ST"": 126, ""new_listing_age_le_20"": 5, ""unmatched_or_special_limit_regime"": 1}",0.0,1.0,2025-02-24
20250225,4988,5120,132,0.02578125,5120,0,0,0,0,0,0,5120,5120,0,0,0,0,0,0,1,0,5120,5120,True,1.0,85,85,0,0,0,"{""eligible"": 4988, ""historical_ST"": 126, ""new_listing_age_le_20"": 5, ""unmatched_or_special_limit_regime"": 1}",0.0,1.0,2025-02-25
20250226,4989,5121,132,0.025776215582893967,5121,0,0,0,0,0,0,5121,5121,0,0,0,0,0,0,1,0,5121,5121,True,1.0,59,59,0,0,0,"{""eligible"": 4989, ""historical_ST"": 126, ""new_listing_age_le_20"": 5, ""unmatched_or_special_limit_regime"": 1}",0.0,1.0,2025-02-26
20250227,4989,5119,130,0.025395585075210003,5119,0,0,0,0,0,0,5119,5119,0,0,0,0,0,0,1,0,5119,5119,True,1.0,99,99,0,0,0,"{""eligible"": 4989, ""historical_ST"": 126, ""new_listing_age_le_20"": 3, ""unmatched_or_special_limit_regime"": 1}",0.0,1.0,2025-02-27
20250228,4990,5119,129,0.02520023442078531,5119,0,0,0,0,0,0,5119,5119,0,0,0,0,0,0,0,0,5119,5119,True,1.0,74,74,0,0,0,"{""eligible"": 4990, ""historical_ST"": 126, ""new_listing_age_le_20"": 2, ""unmatched_or_special_limit_regime"": 1}",0.0,1.0,2025-02-28
20250303,4987,5117,130,0.02540551104162595,5117,0,0,0,0,0,0,5116,5116,0,1,0,0,0,0,0,0,5117,5117,True,1.0,44,44,0,0,0,"{""eligible"": 4987, ""historical_ST"": 126, ""new_listing_age_le_20"": 3, ""unmatched_or_special_limit_regime"": 1}",0.0,1.0,2025-03-03
20250304,4989,5119,130,0.025395585075210003,5119,0,0,0,0,0,0,5116,5116,0,3,0,0,0,0,0,0,5119,5119,True,1.0,61,61,0,0,0,"{""eligible"": 4989, ""historical_ST"": 126, ""new_listing_age_le_20"": 3, ""unmatched_or_special_limit_regime"": 1}",0.0,1.0,2025-03-04
20250305,4988,5118,130,0.025400547088706527,5118,0,0,0,0,0,0,5115,5115,0,3,0,0,0,0,0,0,5118,5118,True,1.0,76,76,0,0,0,"{""eligible"": 4988, ""historical_ST"": 126, ""new_listing_age_le_20"": 3, ""unmatched_or_special_limit_regime"": 1}",0.0,1.0,2025-03-05
20250306,4986,5116,130,0.02541047693510555,5116,0,0,0,0,0,0,5113,5113,0,3,0,0,0,0,0,0,5116,5116,True,1.0,63,63,0,0,0,"{""eligible"": 4986, ""historical_ST"": 126, ""new_listing_age_le_20"": 3, ""unmatched_or_special_limit_regime"": 1}",0.0,1.0,2025-03-06
20250307,4987,5117,130,0.02540551104162595,5117,0,0,0,0,0,0,5114,5114,0,3,0,0,0,0,0,0,5117,5117,True,1.0,108,108,0,0,0,"{""eligible"": 4987, ""historical_ST"": 126, ""new_listing_age_le_20"": 3, ""unmatched_or_special_limit_regime"": 1}",0.0,1.0,2025-03-07
20250310,4986,5117,131,0.02560093804963846,5117,0,0,0,0,0,0,5115,5115,0,2,0,0,0,0,0,0,5117,5117,True,1.0,52,52,0,0,0,"{""eligible"": 4986, ""historical_ST"": 127, ""new_listing_age_le_20"": 3, ""unmatched_or_special_limit_regime"": 1}",0.0,1.0,2025-03-10
20250311,4987,5120,133,0.0259765625,5120,0,0,0,0,0,0,5118,5118,0,2,0,0,0,0,0,0,5120,5120,True,1.0,78,77,1,0,0,"{""eligible"": 4987, ""historical_ST"": 127, ""new_listing_age_le_20"": 5, ""unmatched_or_special_limit_regime"": 1}",0.0,1.0,2025-03-11
20250312,4987,5119,132,0.025786286384059387,5119,0,0,0,0,0,0,5117,5117,0,2,0,0,0,0,0,0,5119,5119,True,1.0,53,53,0,0,0,"{""eligible"": 4987, ""historical_ST"": 126, ""new_listing_age_le_20"": 5, ""unmatched_or_special_limit_regime"": 1}",0.0,1.0,2025-03-12
20250313,4989,5121,132,0.025776215582893967,5121,0,0,0,0,0,0,5119,5119,0,2,0,0,0,0,0,0,5121,5121,True,1.0,79,79,0,0,0,"{""eligible"": 4989, ""historical_ST"": 126, ""new_listing_age_le_20"": 5, ""unmatched_or_special_limit_regime"": 1}",0.0,1.0,2025-03-13
20250314,4988,5121,133,0.025971489943370434,5121,0,0,0,0,0,0,5119,5119,0,2,0,0,0,0,0,0,5121,5121,True,1.0,43,43,0,0,0,"{""eligible"": 4988, ""historical_ST"": 127, ""new_listing_age_le_20"": 5, ""unmatched_or_special_limit_regime"": 1}",0.0,1.0,2025-03-14
20250317,4983,5116,133,0.02599687255668491,5116,0,0,0,0,0,0,5114,5114,0,2,0,0,0,0,0,0,5116,5116,True,1.0,82,82,0,0,0,"{""eligible"": 4983, ""historical_ST"": 127, ""new_listing_age_le_20"": 5, ""unmatched_or_special_limit_regime"": 1}",0.0,1.0,2025-03-17
20250318,4985,5123,138,0.026937341401522544,5123,0,0,0,0,0,0,5122,5122,0,1,0,0,0,0,0,0,5123,5123,True,1.0,65,65,0,0,0,"{""eligible"": 4985, ""historical_ST"": 131, ""new_listing_age_le_20"": 6, ""unmatched_or_special_limit_regime"": 1}",0.0,1.0,2025-03-18
20250319,4981,5120,139,0.0271484375,5120,0,0,0,0,0,0,5118,5118,0,2,0,0,0,0,0,0,5120,5120,True,1.0,65,64,1,0,0,"{""eligible"": 4981, ""historical_ST"": 131, ""new_listing_age_le_20"": 7, ""unmatched_or_special_limit_regime"": 1}",0.0,1.0,2025-03-19
20250320,4981,5122,141,0.02752830925419758,5122,0,0,0,0,0,0,5119,5119,0,3,0,0,0,0,0,0,5122,5122,True,1.0,48,48,0,0,0,"{""eligible"": 4981, ""historical_ST"": 132, ""new_listing_age_le_20"": 8, ""unmatched_or_special_limit_regime"": 1}",0.0,1.0,2025-03-20
20250321,4982,5123,141,0.027522935779816515,5123,0,0,0,0,0,0,5119,5119,0,4,0,0,0,0,0,0,5123,5123,True,1.0,63,63,0,0,0,"{""eligible"": 4982, ""historical_ST"": 131, ""new_listing_age_le_20"": 9, ""unmatched_or_special_limit_regime"": 1}",0.0,1.0,2025-03-21
20250324,4982,5123,141,0.027522935779816515,5123,0,0,0,0,0,0,5118,5118,0,5,0,0,0,0,0,0,5123,5123,True,1.0,47,47,0,0,0,"{""eligible"": 4982, ""historical_ST"": 130, ""new_listing_age_le_20"": 10, ""unmatched_or_special_limit_regime"": 1}",0.0,1.0,2025-03-24
20250325,4981,5126,145,0.02828716348029653,5126,0,0,0,0,0,0,5121,5121,0,5,0,0,0,0,0,0,5126,5126,True,1.0,48,48,0,0,0,"{""eligible"": 4981, ""historical_ST"": 133, ""new_listing_age_le_20"": 11, ""unmatched_or_special_limit_regime"": 1}",0.0,1.0,2025-03-25
20250326,4981,5127,146,0.028476692022625316,5127,0,0,0,0,0,0,5123,5123,0,4,0,0,0,0,0,0,5127,5127,True,1.0,48,48,0,0,0,"{""eligible"": 4981, ""historical_ST"": 134, ""new_listing_age_le_20"": 11, ""unmatched_or_special_limit_regime"": 1}",0.0,1.0,2025-03-26
20250327,4980,5128,148,0.028861154446177848,5128,0,0,0,0,0,0,5123,5123,0,5,0,0,0,0,0,0,5128,5128,True,1.0,75,75,0,0,0,"{""eligible"": 4980, ""historical_ST"": 134, ""new_listing_age_le_20"": 13, ""unmatched_or_special_limit_regime"": 1}",0.0,1.0,2025-03-27
20250328,4978,5126,148,0.02887241513850956,5126,0,0,0,0,0,0,5122,5122,0,4,0,0,0,0,0,0,5126,5126,True,1.0,49,49,0,0,0,"{""eligible"": 4978, ""historical_ST"": 134, ""new_listing_age_le_20"": 13, ""unmatched_or_special_limit_regime"": 1}",0.0,1.0,2025-03-28
20250331,4981,5128,147,0.028666146645865833,5128,0,0,0,0,0,0,5125,5125,0,3,0,0,0,0,0,0,5128,5128,True,1.0,31,31,0,0,0,"{""eligible"": 4981, ""historical_ST"": 134, ""new_listing_age_le_20"": 12, ""unmatched_or_special_limit_regime"": 1}",0.0,1.0,2025-03-31
20250401,4983,5127,144,0.028086600351082503,5127,0,0,0,0,0,0,5125,5125,0,2,0,0,0,0,0,0,5127,5127,True,1.0,34,34,0,0,0,"{""eligible"": 4983, ""historical_ST"": 133, ""new_listing_age_le_20"": 10, ""unmatched_or_special_limit_regime"": 1}",0.0,1.0,2025-04-01
20250402,4984,5129,145,0.0282706180542016,5129,0,0,0,0,0,0,5126,5126,0,3,0,0,0,0,0,0,5129,5129,True,1.0,55,55,0,0,0,"{""eligible"": 4984, ""historical_ST"": 133, ""new_listing_age_le_20"": 11, ""unmatched_or_special_limit_regime"": 1}",0.0,1.0,2025-04-02
20250403,4983,5128,145,0.02827613104524181,5128,0,0,0,0,0,0,5127,5127,0,1,0,0,0,0,0,0,5128,5128,True,1.0,40,40,0,0,0,"{""eligible"": 4983, ""historical_ST"": 133, ""new_listing_age_le_20"": 11, ""unmatched_or_special_limit_regime"": 1}",0.0,1.0,2025-04-03
20250407,4981,5126,145,0.02828716348029653,5126,0,0,0,0,0,0,5125,5125,0,1,0,0,0,0,0,0,5126,5126,True,1.0,50,50,0,0,0,"{""eligible"": 4981, ""historical_ST"": 133, ""new_listing_age_le_20"": 11, ""unmatched_or_special_limit_regime"": 1}",0.0,1.0,2025-04-07
20250408,4981,5127,146,0.028476692022625316,5127,0,0,0,0,0,0,5125,5125,0,2,0,0,0,0,0,0,5127,5127,True,1.0,22,22,0,0,0,"{""eligible"": 4981, ""historical_ST"": 133, ""new_listing_age_le_20"": 12, ""unmatched_or_special_limit_regime"": 1}",0.0,1.0,2025-04-08
20250409,4985,5130,145,0.028265107212475632,5130,0,0,0,0,0,0,5127,5127,0,3,0,0,0,0,0,0,5130,5130,True,1.0,122,122,0,0,0,"{""eligible"": 4985, ""historical_ST"": 133, ""new_listing_age_le_20"": 11, ""unmatched_or_special_limit_regime"": 1}",0.0,1.0,2025-04-09
20250410,4985,5130,145,0.028265107212475632,5130,0,0,0,0,0,0,5128,5128,0,2,0,0,0,0,0,0,5130,5130,True,1.0,113,113,0,0,0,"{""eligible"": 4985, ""historical_ST"": 133, ""new_listing_age_le_20"": 11, ""unmatched_or_special_limit_regime"": 1}",0.0,1.0,2025-04-10
20250411,4984,5129,145,0.0282706180542016,5129,0,0,0,0,0,0,5126,5126,0,3,0,0,0,0,0,0,5129,5129,True,1.0,152,152,0,0,0,"{""eligible"": 4984, ""historical_ST"": 132, ""new_listing_age_le_20"": 12, ""unmatched_or_special_limit_regime"": 1}",0.0,1.0,2025-04-11
20250414,4984,5128,144,0.028081123244929798,5128,0,0,0,0,0,0,5125,5125,0,3,0,0,0,0,0,0,5128,5128,True,1.0,82,82,0,0,0,"{""eligible"": 4984, ""historical_ST"": 131, ""new_listing_age_le_20"": 12, ""unmatched_or_special_limit_regime"": 1}",0.0,1.0,2025-04-14
20250415,4982,5126,144,0.02809207959422552,5126,0,0,0,0,0,0,5123,5123,0,3,0,0,0,0,0,0,5126,5126,True,1.0,103,103,0,0,0,"{""eligible"": 4982, ""historical_ST"": 130, ""new_listing_age_le_20"": 13, ""unmatched_or_special_limit_regime"": 1}",0.0,1.0,2025-04-15
20250416,4984,5130,146,0.028460038986354776,5130,0,0,0,0,0,0,5127,5127,0,3,0,0,0,0,0,0,5130,5130,True,1.0,56,56,0,0,0,"{""eligible"": 4984, ""historical_ST"": 132, ""new_listing_age_le_20"": 13, ""unmatched_or_special_limit_regime"": 1}",0.0,1.0,2025-04-16
20250417,4985,5130,145,0.028265107212475632,5130,0,0,0,0,0,0,5126,5126,0,4,0,0,0,0,0,0,5130,5130,True,1.0,45,45,0,0,0,"{""eligible"": 4985, ""historical_ST"": 131, ""new_listing_age_le_20"": 13, ""unmatched_or_special_limit_regime"": 1}",0.0,1.0,2025-04-17
20250418,4986,5129,143,0.027880678494833302,5129,0,0,0,0,0,0,5126,5126,0,3,0,0,0,0,0,0,5129,5129,True,1.0,86,85,1,0,0,"{""eligible"": 4986, ""historical_ST"": 130, ""new_listing_age_le_20"": 12, ""unmatched_or_special_limit_regime"": 1}",0.0,1.0,2025-04-18
20250421,4987,5129,142,0.02768570871514915,5129,0,0,0,0,0,0,5126,5126,0,3,0,0,0,0,0,0,5129,5129,True,1.0,59,59,0,0,0,"{""eligible"": 4987, ""historical_ST"": 130, ""new_listing_age_le_20"": 11, ""unmatched_or_special_limit_regime"": 1}",0.0,1.0,2025-04-21
20250422,4983,5127,144,0.028086600351082503,5127,0,0,0,0,0,0,5125,5125,0,2,0,0,0,0,0,0,5127,5127,True,1.0,100,98,2,0,0,"{""eligible"": 4983, ""historical_ST"": 133, ""new_listing_age_le_20"": 10, ""unmatched_or_special_limit_regime"": 1}",0.0,1.0,2025-04-22
20250423,4981,5129,148,0.028855527393254046,5129,0,0,0,0,0,0,5128,5128,0,1,0,0,0,0,0,0,5129,5129,True,1.0,80,80,0,0,0,"{""eligible"": 4981, ""historical_ST"": 138, ""new_listing_age_le_20"": 9, ""unmatched_or_special_limit_regime"": 1}",0.0,1.0,2025-04-23
20250424,4980,5129,149,0.029050497172938193,5129,0,0,0,0,0,0,5127,5127,0,2,0,0,0,0,0,0,5129,5129,True,1.0,61,61,0,0,0,"{""eligible"": 4980, ""historical_ST"": 137, ""new_listing_age_le_20"": 11, ""unmatched_or_special_limit_regime"": 1}",0.0,1.0,2025-04-24
20250425,4978,5128,150,0.02925117004680187,5128,0,0,0,0,0,0,5125,5125,0,3,0,0,0,0,0,0,5128,5128,True,1.0,52,52,0,0,0,"{""eligible"": 4978, ""historical_ST"": 139, ""new_listing_age_le_20"": 10, ""unmatched_or_special_limit_regime"": 1}",0.0,1.0,2025-04-25
20250428,4968,5122,154,0.030066380320187425,5122,0,0,0,0,0,0,5118,5118,0,4,0,0,0,0,0,0,5122,5122,True,1.0,65,64,1,0,0,"{""eligible"": 4968, ""historical_ST"": 142, ""new_listing_age_le_20"": 10, ""unmatched_or_special_limit_regime"": 2}",0.0,1.0,2025-04-28
20250429,4937,5096,159,0.03120094191522763,5096,0,0,0,0,0,0,5093,5093,0,3,0,0,0,0,1,0,5096,5096,True,1.0,42,40,2,0,0,"{""eligible"": 4937, ""historical_ST"": 148, ""new_listing_age_le_20"": 10, ""unmatched_or_special_limit_regime"": 1}",0.0,1.0,2025-04-29
20250430,4917,5097,180,0.03531489111241907,5097,0,0,0,0,0,0,5094,5094,0,3,0,0,0,0,1,0,5097,5097,True,1.0,61,61,0,0,0,"{""eligible"": 4917, ""historical_ST"": 169, ""new_listing_age_le_20"": 10, ""unmatched_or_special_limit_regime"": 1}",0.0,1.0,2025-04-30
20250506,4921,5121,200,0.03905487209529389,5121,0,0,0,0,0,0,5120,5120,0,1,0,0,0,0,1,0,5121,5121,True,1.0,71,71,0,0,0,"{""eligible"": 4921, ""historical_ST"": 190, ""new_listing_age_le_20"": 9, ""unmatched_or_special_limit_regime"": 1}",0.0,1.0,2025-05-06
20250507,4923,5123,200,0.03903962521959789,5123,0,0,0,0,0,0,5123,5123,0,0,0,0,0,0,1,0,5123,5123,True,1.0,98,98,0,0,0,"{""eligible"": 4923, ""historical_ST"": 190, ""new_listing_age_le_20"": 9, ""unmatched_or_special_limit_regime"": 1}",0.0,1.0,2025-05-07
20250508,4924,5124,200,0.039032006245121,5124,0,0,0,0,0,0,5124,5124,0,0,0,0,0,0,1,0,5124,5124,True,1.0,64,64,0,0,0,"{""eligible"": 4924, ""historical_ST"": 190, ""new_listing_age_le_20"": 9, ""unmatched_or_special_limit_regime"": 1}",0.0,1.0,2025-05-08
20250509,4925,5124,199,0.038836846213895396,5124,0,0,0,0,0,0,5124,5124,0,0,0,0,0,0,1,0,5124,5124,True,1.0,65,65,0,0,0,"{""eligible"": 4925, ""historical_ST"": 190, ""new_listing_age_le_20"": 8, ""unmatched_or_special_limit_regime"": 1}",0.0,1.0,2025-05-09
20250512,4927,5124,197,0.038446526151444185,5124,0,0,0,0,0,0,5124,5124,0,0,0,0,0,0,1,0,5124,5124,True,1.0,33,33,0,0,0,"{""eligible"": 4927, ""historical_ST"": 189, ""new_listing_age_le_20"": 7, ""unmatched_or_special_limit_regime"": 1}",0.0,1.0,2025-05-12
20250513,4928,5125,197,0.0384390243902439,5125,0,0,0,0,0,0,5125,5125,0,0,0,0,0,0,1,0,5125,5125,True,1.0,50,50,0,0,0,"{""eligible"": 4928, ""historical_ST"": 189, ""new_listing_age_le_20"": 7, ""unmatched_or_special_limit_regime"": 1}",0.0,1.0,2025-05-13
20250514,4929,5125,196,0.03824390243902439,5125,0,0,0,0,0,0,5125,5125,0,0,0,0,0,0,1,0,5125,5125,True,1.0,48,48,0,0,0,"{""eligible"": 4929, ""historical_ST"": 189, ""new_listing_age_le_20"": 6, ""unmatched_or_special_limit_regime"": 1}",0.0,1.0,2025-05-14
20250515,4929,5124,195,0.038056206088992975,5124,0,0,0,0,0,0,5124,5124,0,0,0,0,0,0,1,0,5124,5124,True,1.0,61,61,0,0,0,"{""eligible"": 4929, ""historical_ST"": 188, ""new_listing_age_le_20"": 6, ""unmatched_or_special_limit_regime"": 1}",0.0,1.0,2025-05-15
20250516,4929,5125,196,0.03824390243902439,5125,0,0,0,0,0,0,5123,5123,0,2,0,0,0,0,1,0,5125,5125,True,1.0,50,50,0,0,0,"{""eligible"": 4929, ""historical_ST"": 188, ""new_listing_age_le_20"": 7, ""unmatched_or_special_limit_regime"": 1}",0.0,1.0,2025-05-16
20250519,4931,5122,191,0.03729012104646622,5122,0,0,0,0,0,0,5118,5118,0,4,0,0,0,0,1,0,5122,5122,True,1.0,57,57,0,0,0,"{""eligible"": 4931, ""historical_ST"": 182, ""new_listing_age_le_20"": 8, ""unmatched_or_special_limit_regime"": 1}",0.0,1.0,2025-05-19
20250520,4937,5128,191,0.03724648985959438,5128,0,0,0,0,0,0,5124,5124,0,4,0,0,0,0,1,0,5128,5128,True,1.0,83,83,0,0,0,"{""eligible"": 4937, ""historical_ST"": 183, ""new_listing_age_le_20"": 7, ""unmatched_or_special_limit_regime"": 1}",0.0,1.0,2025-05-20
20250521,4935,5124,189,0.036885245901639344,5124,0,0,0,0,0,0,5120,5120,0,4,0,0,0,0,1,0,5124,5124,True,1.0,75,75,0,0,0,"{""eligible"": 4935, ""historical_ST"": 181, ""new_listing_age_le_20"": 7, ""unmatched_or_special_limit_regime"": 1}",0.0,1.0,2025-05-21
20250522,4933,5120,187,0.0365234375,5120,0,0,0,0,0,0,5116,5116,0,4,0,0,0,0,0,0,5120,5120,True,1.0,54,54,0,0,0,"{""eligible"": 4933, ""historical_ST"": 179, ""new_listing_age_le_20"": 7, ""unmatched_or_special_limit_regime"": 1}",0.0,1.0,2025-05-22
20250523,4936,5122,186,0.03631393986723936,5122,0,0,0,0,0,0,5120,5120,0,2,0,0,0,0,0,0,5122,5122,True,1.0,40,40,0,0,0,"{""eligible"": 4936, ""historical_ST"": 178, ""new_listing_age_le_20"": 7, ""unmatched_or_special_limit_regime"": 1}",0.0,1.0,2025-05-23
20250526,4934,5120,186,0.036328125,5120,0,0,0,0,0,0,5120,5120,0,0,0,0,0,0,0,0,5120,5120,True,1.0,42,42,0,0,0,"{""eligible"": 4934, ""historical_ST"": 178, ""new_listing_age_le_20"": 7, ""unmatched_or_special_limit_regime"": 1}",0.0,1.0,2025-05-26
20250527,4935,5120,185,0.0361328125,5120,0,0,0,0,0,0,5120,5120,0,0,0,0,0,0,0,0,5120,5120,True,1.0,61,61,0,0,0,"{""eligible"": 4935, ""historical_ST"": 179, ""new_listing_age_le_20"": 5, ""unmatched_or_special_limit_regime"": 1}",0.0,1.0,2025-05-27
20250528,4936,5118,182,0.035560765924189136,5118,0,0,0,0,0,0,5118,5118,0,0,0,0,0,0,0,0,5118,5118,True,1.0,62,62,0,0,0,"{""eligible"": 4936, ""historical_ST"": 177, ""new_listing_age_le_20"": 4, ""unmatched_or_special_limit_regime"": 1}",0.0,1.0,2025-05-28
20250529,4937,5121,184,0.03593048232767038,5121,0,0,0,0,0,0,5120,5120,0,1,0,0,0,0,0,0,5121,5121,True,1.0,57,57,0,0,0,"{""eligible"": 4937, ""historical_ST"": 178, ""new_listing_age_le_20"": 5, ""unmatched_or_special_limit_regime"": 1}",0.0,1.0,2025-05-29
20250530,4938,5119,181,0.03535846845086931,5119,0,0,0,0,0,0,5118,5118,0,1,0,0,0,0,0,0,5119,5119,True,1.0,106,106,0,0,0,"{""eligible"": 4938, ""historical_ST"": 175, ""new_listing_age_le_20"": 5, ""unmatched_or_special_limit_regime"": 1}",0.0,1.0,2025-05-30
20250603,4937,5115,178,0.03479960899315738,5115,0,0,0,0,0,0,5114,5114,0,1,0,0,0,0,0,0,5115,5115,True,1.0,41,39,2,0,0,"{""eligible"": 4937, ""historical_ST"": 172, ""new_listing_age_le_20"": 5, ""unmatched_or_special_limit_regime"": 1}",0.0,1.0,2025-06-03
20250604,4943,5121,178,0.03475883616481156,5121,0,0,0,0,0,0,5120,5120,0,1,0,0,0,0,0,0,5121,5121,True,1.0,68,67,1,0,0,"{""eligible"": 4943, ""historical_ST"": 172, ""new_listing_age_le_20"": 5, ""unmatched_or_special_limit_regime"": 1}",0.0,1.0,2025-06-04
20250605,4943,5123,180,0.035135662697638105,5123,0,0,0,0,0,0,5120,5120,0,3,0,0,0,0,0,0,5123,5123,True,1.0,71,70,1,0,0,"{""eligible"": 4943, ""historical_ST"": 172, ""new_listing_age_le_20"": 7, ""unmatched_or_special_limit_regime"": 1}",0.0,1.0,2025-06-05
20250606,4945,5126,181,0.03531018337885291,5126,0,0,0,0,0,0,5123,5123,0,3,0,0,0,0,0,0,5126,5126,True,1.0,66,66,0,0,0,"{""eligible"": 4945, ""historical_ST"": 172, ""new_listing_age_le_20"": 7, ""unmatched_or_special_limit_regime"": 2}",0.0,1.0,2025-06-06
20250609,4943,5122,179,0.034947286216321746,5122,0,0,0,0,0,0,5120,5120,0,2,0,0,0,0,1,0,5122,5122,True,1.0,50,50,0,0,0,"{""eligible"": 4943, ""historical_ST"": 171, ""new_listing_age_le_20"": 7, ""unmatched_or_special_limit_regime"": 1}",0.0,1.0,2025-06-09
20250610,4947,5128,181,0.03529641185647426,5128,0,0,0,0,0,0,5124,5124,0,4,0,0,0,0,1,0,5128,5128,True,1.0,67,66,1,0,0,"{""eligible"": 4947, ""historical_ST"": 171, ""new_listing_age_le_20"": 7, ""unmatched_or_special_limit_regime"": 3}",0.0,1.0,2025-06-10
20250611,4950,5131,181,0.035275774702786984,5131,0,0,0,0,0,0,5128,5128,0,3,0,0,0,0,3,0,5131,5131,True,1.0,45,45,0,0,0,"{""eligible"": 4950, ""historical_ST"": 172, ""new_listing_age_le_20"": 8, ""unmatched_or_special_limit_regime"": 1}",0.0,1.0,2025-06-11
20250612,4950,5131,181,0.035275774702786984,5131,0,0,0,0,0,0,5129,5129,0,2,0,0,0,0,3,0,5131,5131,True,1.0,51,51,0,0,0,"{""eligible"": 4950, ""historical_ST"": 171, ""new_listing_age_le_20"": 9, ""unmatched_or_special_limit_regime"": 1}",0.0,1.0,2025-06-12
20250613,4951,5131,180,0.03508088091989865,5131,0,0,0,0,0,0,5128,5128,0,3,0,0,0,0,3,0,5131,5131,True,1.0,64,64,0,0,0,"{""eligible"": 4951, ""historical_ST"": 169, ""new_listing_age_le_20"": 9, ""unmatched_or_special_limit_regime"": 2}",0.0,1.0,2025-06-13
20250616,4957,5134,177,0.03447604207245812,5134,0,0,0,0,0,0,5131,5131,0,3,0,0,0,0,4,0,5134,5134,True,1.0,56,56,0,0,0,"{""eligible"": 4957, ""historical_ST"": 168, ""new_listing_age_le_20"": 7, ""unmatched_or_special_limit_regime"": 2}",0.0,1.0,2025-06-16
20250617,4963,5139,176,0.034247908153337225,5139,0,0,0,0,0,0,5137,5137,0,2,0,0,0,0,5,0,5139,5139,True,1.0,55,55,0,0,0,"{""eligible"": 4963, ""historical_ST"": 170, ""new_listing_age_le_20"": 5, ""unmatched_or_special_limit_regime"": 1}",0.0,1.0,2025-06-17
20250618,4963,5139,176,0.034247908153337225,5139,0,0,0,0,0,0,5138,5138,0,1,0,0,0,0,5,0,5139,5139,True,1.0,45,45,0,0,0,"{""eligible"": 4963, ""historical_ST"": 170, ""new_listing_age_le_20"": 5, ""unmatched_or_special_limit_regime"": 1}",0.0,1.0,2025-06-18
20250619,4963,5138,175,0.0340599455040872,5138,0,0,0,0,0,0,5138,5138,0,0,0,0,0,0,5,0,5138,5138,True,1.0,40,40,0,0,0,"{""eligible"": 4963, ""historical_ST"": 169, ""new_listing_age_le_20"": 5, ""unmatched_or_special_limit_regime"": 1}",0.0,1.0,2025-06-19
20250620,4963,5140,177,0.03443579766536965,5140,0,0,0,0,0,0,5137,5137,0,3,0,0,0,0,5,0,5140,5140,True,1.0,34,34,0,0,0,"{""eligible"": 4963, ""historical_ST"": 168, ""new_listing_age_le_20"": 7, ""unmatched_or_special_limit_regime"": 2}",0.0,1.0,2025-06-20
20250623,4960,5135,175,0.034079844206426485,5135,0,0,0,0,0,0,5133,5133,0,2,0,0,0,0,6,0,5135,5135,True,1.0,44,44,0,0,0,"{""eligible"": 4960, ""historical_ST"": 167, ""new_listing_age_le_20"": 7, ""unmatched_or_special_limit_regime"": 1}",0.0,1.0,2025-06-23
20250624,4962,5139,177,0.034442498540572096,5139,0,0,0,0,0,0,5136,5136,0,3,0,0,0,0,6,0,5139,5139,True,1.0,72,71,1,0,0,"{""eligible"": 4962, ""historical_ST"": 168, ""new_listing_age_le_20"": 7, ""unmatched_or_special_limit_regime"": 2}",0.0,1.0,2025-06-24
20250625,4963,5140,177,0.03443579766536965,5140,0,0,1,0,0,0,5137,5137,0,3,0,0,0,0,7,0,5140,5140,True,1.0,72,72,0,0,0,"{""eligible"": 4963, ""historical_ST"": 168, ""new_listing_age_le_20"": 7, ""unmatched_or_special_limit_regime"": 2}",0.0,1.0,2025-06-25
20250626,4965,5142,177,0.03442240373395566,5142,0,0,1,0,0,0,5140,5140,0,2,0,0,0,0,8,0,5142,5142,True,1.0,66,66,0,0,0,"{""eligible"": 4965, ""historical_ST"": 169, ""new_listing_age_le_20"": 7, ""unmatched_or_special_limit_regime"": 1}",0.0,1.0,2025-06-26
20250627,4965,5138,173,0.033670688984040485,5138,0,0,1,0,0,0,5138,5138,0,0,0,0,0,0,7,0,5138,5138,True,1.0,63,63,0,0,0,"{""eligible"": 4965, ""historical_ST"": 166, ""new_listing_age_le_20"": 6, ""unmatched_or_special_limit_regime"": 1}",0.0,1.0,2025-06-27
20250630,4963,5138,175,0.0340599455040872,5138,0,0,1,0,0,0,5136,5136,0,2,0,0,0,0,7,0,5138,5138,True,1.0,54,54,0,0,0,"{""eligible"": 4963, ""historical_ST"": 166, ""new_listing_age_le_20"": 6, ""unmatched_or_special_limit_regime"": 3}",0.0,1.0,2025-06-30
20250701,4963,5137,174,0.03387190967490753,5137,0,0,1,0,0,0,5136,5136,0,1,0,0,0,0,7,0,5137,5137,True,1.0,78,78,0,0,0,"{""eligible"": 4963, ""historical_ST"": 166, ""new_listing_age_le_20"": 7, ""unmatched_or_special_limit_regime"": 1}",0.0,1.0,2025-07-01
20250702,4962,5136,174,0.03387850467289719,5136,0,0,1,0,0,0,5135,5135,0,1,0,0,0,0,7,0,5136,5136,True,1.0,66,66,0,0,0,"{""eligible"": 4962, ""historical_ST"": 166, ""new_listing_age_le_20"": 7, ""unmatched_or_special_limit_regime"": 1}",0.0,1.0,2025-07-02
20250703,4964,5136,172,0.03348909657320872,5136,0,0,1,0,0,0,5135,5135,0,1,0,0,0,0,7,0,5136,5136,True,1.0,59,59,0,0,0,"{""eligible"": 4964, ""historical_ST"": 166, ""new_listing_age_le_20"": 5, ""unmatched_or_special_limit_regime"": 1}",0.0,1.0,2025-07-03
20250704,4963,5137,174,0.03387190967490753,5137,0,0,1,0,0,0,5136,5136,0,1,0,0,0,0,6,0,5137,5137,True,1.0,62,62,0,0,0,"{""eligible"": 4963, ""historical_ST"": 168, ""new_listing_age_le_20"": 5, ""unmatched_or_special_limit_regime"": 1}",0.0,1.0,2025-07-04
20250707,4962,5137,175,0.03406657582246447,5137,0,0,1,0,0,0,5136,5136,0,1,0,0,0,0,5,0,5137,5137,True,1.0,39,39,0,0,0,"{""eligible"": 4962, ""historical_ST"": 169, ""new_listing_age_le_20"": 5, ""unmatched_or_special_limit_regime"": 1}",0.0,1.0,2025-07-07
20250708,4960,5137,177,0.03445590811757835,5137,0,0,1,0,0,0,5136,5136,0,1,0,0,0,0,5,0,5137,5137,True,1.0,69,69,0,0,0,"{""eligible"": 4960, ""historical_ST"": 170, ""new_listing_age_le_20"": 6, ""unmatched_or_special_limit_regime"": 1}",0.0,1.0,2025-07-08
20250709,4963,5140,177,0.03443579766536965,5140,0,0,1,0,0,0,5139,5139,0,1,0,0,0,0,5,0,5140,5140,True,1.0,67,67,0,0,0,"{""eligible"": 4963, ""historical_ST"": 171, ""new_listing_age_le_20"": 5, ""unmatched_or_special_limit_regime"": 1}",0.0,1.0,2025-07-09
20250710,4964,5140,176,0.034241245136186774,5140,0,0,1,0,0,0,5138,5138,0,2,0,0,0,0,5,0,5140,5140,True,1.0,53,53,0,0,0,"{""eligible"": 4964, ""historical_ST"": 170, ""new_listing_age_le_20"": 5, ""unmatched_or_special_limit_regime"": 1}",0.0,1.0,2025-07-10
20250711,4965,5143,178,0.034610149718063386,5143,0,0,1,0,0,0,5141,5141,0,2,0,0,0,0,4,0,5143,5143,True,1.0,61,59,1,1,0,"{""eligible"": 4965, ""historical_ST"": 172, ""new_listing_age_le_20"": 5, ""unmatched_or_special_limit_regime"": 1}",0.0,1.0,2025-07-11
20250714,4963,5140,177,0.03443579766536965,5140,0,0,1,0,0,0,5138,5138,0,2,0,0,0,0,4,0,5140,5140,True,1.0,61,61,0,0,0,"{""eligible"": 4963, ""historical_ST"": 171, ""new_listing_age_le_20"": 5, ""unmatched_or_special_limit_regime"": 1}",0.0,1.0,2025-07-14
20250715,4964,5140,176,0.034241245136186774,5140,0,0,1,0,0,0,5139,5139,0,1,0,0,0,0,3,0,5140,5140,True,1.0,64,63,1,0,0,"{""eligible"": 4964, ""historical_ST"": 170, ""new_listing_age_le_20"": 5, ""unmatched_or_special_limit_regime"": 1}",0.0,1.0,2025-07-15
20250716,4963,5139,176,0.034247908153337225,5139,0,0,1,0,0,0,5137,5137,0,2,0,0,0,0,2,0,5139,5139,True,1.0,45,45,0,0,0,"{""eligible"": 4963, ""historical_ST"": 169, ""new_listing_age_le_20"": 6, ""unmatched_or_special_limit_regime"": 1}",0.0,1.0,2025-07-16
20250717,4964,5140,176,0.034241245136186774,5140,0,0,1,0,0,0,5139,5139,0,1,0,0,0,0,2,0,5140,5140,True,1.0,56,56,0,0,0,"{""eligible"": 4964, ""historical_ST"": 169, ""new_listing_age_le_20"": 6, ""unmatched_or_special_limit_regime"": 1}",0.0,1.0,2025-07-17
20250718,4965,5139,174,0.033858727378867484,5139,0,0,1,0,0,0,5138,5138,0,1,0,0,0,0,2,0,5139,5139,True,1.0,58,58,0,0,0,"{""eligible"": 4965, ""historical_ST"": 169, ""new_listing_age_le_20"": 4, ""unmatched_or_special_limit_regime"": 1}",0.0,1.0,2025-07-18
20250721,4963,5137,174,0.03387190967490753,5137,0,0,1,0,0,0,5136,5136,0,1,0,0,0,0,0,0,5137,5137,True,1.0,45,44,1,0,0,"{""eligible"": 4963, ""historical_ST"": 169, ""new_listing_age_le_20"": 4, ""unmatched_or_special_limit_regime"": 1}",0.0,1.0,2025-07-21
20250722,4960,5135,175,0.034079844206426485,5135,0,0,1,0,0,0,5134,5134,0,1,0,0,0,0,0,0,5135,5135,True,1.0,118,118,0,0,0,"{""eligible"": 4960, ""historical_ST"": 170, ""new_listing_age_le_20"": 4, ""unmatched_or_special_limit_regime"": 1}",0.0,1.0,2025-07-22
20250723,4962,5139,177,0.034442498540572096,5139,0,0,1,0,0,0,5137,5137,0,2,0,0,0,0,0,0,5139,5139,True,1.0,100,100,0,0,0,"{""eligible"": 4962, ""historical_ST"": 170, ""new_listing_age_le_20"": 6, ""unmatched_or_special_limit_regime"": 1}",0.0,1.0,2025-07-23
20250724,4961,5138,177,0.0344492020241339,5138,0,0,1,0,0,0,5136,5136,0,2,0,0,0,0,0,0,5138,5138,True,1.0,50,49,1,0,0,"{""eligible"": 4961, ""historical_ST"": 170, ""new_listing_age_le_20"": 6, ""unmatched_or_special_limit_regime"": 1}",0.0,1.0,2025-07-24
20250725,4963,5140,177,0.03443579766536965,5140,0,0,1,0,0,0,5138,5138,0,2,0,0,0,0,0,0,5140,5140,True,1.0,72,72,0,0,0,"{""eligible"": 4963, ""historical_ST"": 170, ""new_listing_age_le_20"": 6, ""unmatched_or_special_limit_regime"": 1}",0.0,1.0,2025-07-25
20250728,4964,5141,177,0.034429099397004476,5141,0,0,1,0,0,0,5139,5139,0,2,0,0,0,0,0,0,5141,5141,True,1.0,45,45,0,0,0,"{""eligible"": 4964, ""historical_ST"": 170, ""new_listing_age_le_20"": 6, ""unmatched_or_special_limit_regime"": 1}",0.0,1.0,2025-07-28
20250729,4969,5145,176,0.03420796890184645,5145,0,0,1,0,0,0,5143,5143,0,2,0,0,0,0,0,0,5145,5145,True,1.0,55,55,0,0,0,"{""eligible"": 4969, ""historical_ST"": 170, ""new_listing_age_le_20"": 5, ""unmatched_or_special_limit_regime"": 1}",0.0,1.0,2025-07-29
20250730,4968,5145,177,0.03440233236151603,5145,0,0,1,0,0,0,5144,5144,0,1,0,0,0,0,0,0,5145,5145,True,1.0,43,43,0,0,0,"{""eligible"": 4968, ""historical_ST"": 170, ""new_listing_age_le_20"": 6, ""unmatched_or_special_limit_regime"": 1}",0.0,1.0,2025-07-30
20250731,4963,5140,177,0.03443579766536965,5140,0,0,1,0,0,0,5139,5139,0,1,0,0,0,0,0,0,5140,5140,True,1.0,48,47,1,0,0,"{""eligible"": 4963, ""historical_ST"": 170, ""new_listing_age_le_20"": 6, ""unmatched_or_special_limit_regime"": 1}",0.0,1.0,2025-07-31
20250801,4963,5141,178,0.034623614082863255,5141,0,0,1,0,0,0,5140,5140,0,1,0,0,0,0,0,0,5141,5141,True,1.0,44,44,0,0,0,"{""eligible"": 4963, ""historical_ST"": 171, ""new_listing_age_le_20"": 6, ""unmatched_or_special_limit_regime"": 1}",0.0,1.0,2025-08-01
20250804,4960,5138,178,0.03464383028415726,5138,0,0,1,0,0,0,5137,5137,0,1,0,0,0,0,0,0,5138,5138,True,1.0,40,40,0,0,0,"{""eligible"": 4960, ""historical_ST"": 171, ""new_listing_age_le_20"": 6, ""unmatched_or_special_limit_regime"": 1}",0.0,1.0,2025-08-04
20250805,4963,5139,176,0.034247908153337225,5139,0,0,1,0,0,0,5138,5138,0,1,0,0,0,0,0,0,5139,5139,True,1.0,55,55,0,0,0,"{""eligible"": 4963, ""historical_ST"": 170, ""new_listing_age_le_20"": 5, ""unmatched_or_special_limit_regime"": 1}",0.0,1.0,2025-08-05
20250806,4964,5141,177,0.034429099397004476,5141,0,0,1,0,0,0,5140,5140,0,1,0,0,0,0,0,0,5141,5141,True,1.0,53,53,0,0,0,"{""eligible"": 4964, ""historical_ST"": 170, ""new_listing_age_le_20"": 6, ""unmatched_or_special_limit_regime"": 1}",0.0,1.0,2025-08-06
20250807,4966,5140,174,0.03385214007782101,5140,0,0,1,0,0,0,5139,5139,0,1,0,0,0,0,0,0,5140,5140,True,1.0,62,62,0,0,0,"{""eligible"": 4966, ""historical_ST"": 168, ""new_listing_age_le_20"": 5, ""unmatched_or_special_limit_regime"": 1}",0.0,1.0,2025-08-07
20250808,4966,5141,175,0.03404007002528691,5141,0,0,1,0,0,0,5139,5139,0,2,0,0,0,0,0,0,5141,5141,True,1.0,59,59,0,0,0,"{""eligible"": 4966, ""historical_ST"": 168, ""new_listing_age_le_20"": 6, ""unmatched_or_special_limit_regime"": 1}",0.0,1.0,2025-08-08
20250811,4967,5143,176,0.03422127163134357,5143,0,0,1,0,0,0,5141,5141,0,2,0,0,0,0,0,0,5143,5143,True,1.0,61,61,0,0,0,"{""eligible"": 4967, ""historical_ST"": 169, ""new_listing_age_le_20"": 6, ""unmatched_or_special_limit_regime"": 1}",0.0,1.0,2025-08-11
20250812,4968,5146,178,0.03458997279440342,5146,0,0,1,0,0,0,5143,5143,0,3,0,0,0,0,0,0,5146,5146,True,1.0,79,79,0,0,0,"{""eligible"": 4968, ""historical_ST"": 170, ""new_listing_age_le_20"": 7, ""unmatched_or_special_limit_regime"": 1}",0.0,1.0,2025-08-12
20250813,4968,5142,174,0.0338389731621937,5142,0,0,1,0,0,0,5140,5140,0,2,0,0,0,0,0,0,5142,5142,True,1.0,51,51,0,0,0,"{""eligible"": 4968, ""historical_ST"": 167, ""new_listing_age_le_20"": 6, ""unmatched_or_special_limit_regime"": 1}",0.0,1.0,2025-08-13
20250814,4969,5142,173,0.033644496304939715,5142,0,0,1,0,0,0,5140,5140,0,2,0,0,0,0,0,0,5142,5142,True,1.0,92,92,0,0,0,"{""eligible"": 4969, ""historical_ST"": 166, ""new_listing_age_le_20"": 6, ""unmatched_or_special_limit_regime"": 1}",0.0,1.0,2025-08-14
20250815,4968,5141,173,0.033651040653569345,5141,0,0,1,0,0,0,5140,5140,0,1,0,0,0,0,0,0,5141,5141,True,1.0,44,44,0,0,0,"{""eligible"": 4968, ""historical_ST"": 166, ""new_listing_age_le_20"": 6, ""unmatched_or_special_limit_regime"": 1}",0.0,1.0,2025-08-15
20250818,4967,5139,172,0.03346954660439774,5139,0,0,1,0,0,0,5138,5138,0,1,0,0,0,0,0,0,5139,5139,True,1.0,86,86,0,0,0,"{""eligible"": 4967, ""historical_ST"": 165, ""new_listing_age_le_20"": 6, ""unmatched_or_special_limit_regime"": 1}",0.0,1.0,2025-08-18
20250819,4968,5142,174,0.0338389731621937,5142,0,0,1,0,0,0,5142,5142,0,0,0,0,0,0,0,0,5142,5142,True,1.0,104,104,0,0,0,"{""eligible"": 4968, ""historical_ST"": 167, ""new_listing_age_le_20"": 6, ""unmatched_or_special_limit_regime"": 1}",0.0,1.0,2025-08-19
20250820,4968,5139,171,0.03327495621716287,5139,0,0,1,0,0,0,5139,5139,0,0,0,0,0,0,0,0,5139,5139,True,1.0,84,83,1,0,0,"{""eligible"": 4968, ""historical_ST"": 166, ""new_listing_age_le_20"": 4, ""unmatched_or_special_limit_regime"": 1}",0.0,1.0,2025-08-20
20250821,4968,5142,174,0.0338389731621937,5142,0,0,1,0,0,0,5142,5142,0,0,0,0,0,0,0,0,5142,5142,True,1.0,86,86,0,0,0,"{""eligible"": 4968, ""historical_ST"": 169, ""new_listing_age_le_20"": 4, ""unmatched_or_special_limit_regime"": 1}",0.0,1.0,2025-08-21
20250822,4968,5142,174,0.0338389731621937,5142,0,0,1,0,0,0,5142,5142,0,0,0,0,0,0,0,0,5142,5142,True,1.0,42,42,0,0,0,"{""eligible"": 4968, ""historical_ST"": 169, ""new_listing_age_le_20"": 4, ""unmatched_or_special_limit_regime"": 1}",0.0,1.0,2025-08-22
20250825,4968,5142,174,0.0338389731621937,5142,0,0,1,0,0,0,5142,5142,0,0,0,0,0,0,0,0,5142,5142,True,1.0,70,70,0,0,0,"{""eligible"": 4968, ""historical_ST"": 169, ""new_listing_age_le_20"": 4, ""unmatched_or_special_limit_regime"": 1}",0.0,1.0,2025-08-25
20250826,4969,5143,174,0.03383239354462376,5143,0,0,1,0,0,0,5143,5143,0,0,0,0,0,0,0,0,5143,5143,True,1.0,76,76,0,0,0,"{""eligible"": 4969, ""historical_ST"": 169, ""new_listing_age_le_20"": 4, ""unmatched_or_special_limit_regime"": 1}",0.0,1.0,2025-08-26
20250827,4971,5144,173,0.03363141524105754,5144,0,0,1,0,0,0,5144,5144,0,0,0,0,0,0,0,0,5144,5144,True,1.0,71,71,0,0,0,"{""eligible"": 4971, ""historical_ST"": 169, ""new_listing_age_le_20"": 3, ""unmatched_or_special_limit_regime"": 1}",0.0,1.0,2025-08-27
20250828,4971,5144,173,0.03363141524105754,5144,0,0,1,0,0,0,5144,5144,0,0,0,0,0,0,0,0,5144,5144,True,1.0,46,46,0,0,0,"{""eligible"": 4971, ""historical_ST"": 169, ""new_listing_age_le_20"": 3, ""unmatched_or_special_limit_regime"": 1}",0.0,1.0,2025-08-28
20250829,4968,5141,173,0.033651040653569345,5141,0,0,1,0,0,0,5141,5141,0,0,0,0,0,0,0,0,5141,5141,True,1.0,57,57,0,0,0,"{""eligible"": 4968, ""historical_ST"": 169, ""new_listing_age_le_20"": 3, ""unmatched_or_special_limit_regime"": 1}",0.0,1.0,2025-08-29
20250901,4968,5141,173,0.033651040653569345,5141,0,0,1,0,0,0,5141,5141,0,0,0,0,0,0,0,0,5141,5141,True,1.0,65,65,0,0,0,"{""eligible"": 4968, ""historical_ST"": 169, ""new_listing_age_le_20"": 3, ""unmatched_or_special_limit_regime"": 1}",0.0,1.0,2025-09-01
20250902,4969,5142,173,0.033644496304939715,5142,0,0,1,0,0,0,5142,5142,0,0,0,0,0,0,0,0,5142,5142,True,1.0,102,102,0,0,0,"{""eligible"": 4969, ""historical_ST"": 169, ""new_listing_age_le_20"": 3, ""unmatched_or_special_limit_regime"": 1}",0.0,1.0,2025-09-02
20250903,4972,5144,172,0.03343701399688958,5144,0,0,1,0,0,0,5144,5144,0,0,0,0,0,0,0,0,5144,5144,True,1.0,42,42,0,0,0,"{""eligible"": 4972, ""historical_ST"": 169, ""new_listing_age_le_20"": 2, ""unmatched_or_special_limit_regime"": 1}",0.0,1.0,2025-09-03
20250904,4971,5143,172,0.033443515457903944,5143,0,0,1,0,0,0,5143,5143,0,0,0,0,0,0,0,0,5143,5143,True,1.0,33,32,1,0,0,"{""eligible"": 4971, ""historical_ST"": 169, ""new_listing_age_le_20"": 2, ""unmatched_or_special_limit_regime"": 1}",0.0,1.0,2025-09-04
20250905,4973,5144,171,0.03324261275272162,5144,0,0,1,0,0,0,5143,5143,0,1,0,0,0,0,0,0,5144,5144,True,1.0,38,38,0,0,0,"{""eligible"": 4973, ""historical_ST"": 168, ""new_listing_age_le_20"": 2, ""unmatched_or_special_limit_regime"": 1}",0.0,1.0,2025-09-05
20250908,4973,5145,172,0.033430515063168124,5145,0,0,1,0,0,0,5144,5144,0,1,0,0,0,0,0,0,5145,5145,True,1.0,91,91,0,0,0,"{""eligible"": 4973, ""historical_ST"": 169, ""new_listing_age_le_20"": 2, ""unmatched_or_special_limit_regime"": 1}",0.0,1.0,2025-09-08
20250909,4976,5146,170,0.033035367275553826,5146,0,0,1,0,0,0,5145,5145,0,1,0,0,0,0,0,0,5146,5146,True,1.0,70,70,0,0,0,"{""eligible"": 4976, ""historical_ST"": 168, ""new_listing_age_le_20"": 1, ""unmatched_or_special_limit_regime"": 1}",0.0,1.0,2025-09-09
20250910,4977,5148,171,0.033216783216783216,5148,0,0,1,0,0,0,5146,5146,0,2,0,0,0,0,0,0,5148,5148,True,1.0,51,51,0,0,0,"{""eligible"": 4977, ""historical_ST"": 168, ""new_listing_age_le_20"": 2, ""unmatched_or_special_limit_regime"": 1}",0.0,1.0,2025-09-10
20250911,4975,5146,171,0.03322969296541003,5146,0,0,1,0,0,0,5144,5144,0,2,0,0,0,0,0,0,5146,5146,True,1.0,49,48,1,0,0,"{""eligible"": 4975, ""historical_ST"": 168, ""new_listing_age_le_20"": 2, ""unmatched_or_special_limit_regime"": 1}",0.0,1.0,2025-09-11
20250912,4977,5149,172,0.03340454457176151,5149,0,0,1,0,0,0,5148,5148,0,1,0,0,0,0,0,0,5149,5149,True,1.0,89,89,0,0,0,"{""eligible"": 4977, ""historical_ST"": 169, ""new_listing_age_le_20"": 2, ""unmatched_or_special_limit_regime"": 1}",0.0,1.0,2025-09-12
20250915,4975,5148,173,0.03360528360528361,5148,0,0,1,0,0,0,5146,5146,0,2,0,0,0,0,0,0,5148,5148,True,1.0,66,65,1,0,0,"{""eligible"": 4975, ""historical_ST"": 169, ""new_listing_age_le_20"": 2, ""unmatched_or_special_limit_regime"": 2}",0.0,1.0,2025-09-15
20250916,4977,5149,172,0.03340454457176151,5149,0,0,1,0,0,0,5148,5148,0,1,0,0,0,0,1,0,5149,5149,True,1.0,67,67,0,0,0,"{""eligible"": 4977, ""historical_ST"": 169, ""new_listing_age_le_20"": 2, ""unmatched_or_special_limit_regime"": 1}",0.0,1.0,2025-09-16
20250917,4976,5148,172,0.03341103341103341,5148,0,0,1,0,0,0,5148,5148,0,0,0,0,0,0,1,0,5148,5148,True,1.0,70,70,0,0,0,"{""eligible"": 4976, ""historical_ST"": 169, ""new_listing_age_le_20"": 2, ""unmatched_or_special_limit_regime"": 1}",0.0,1.0,2025-09-17
20250918,4976,5147,171,0.03322323683699242,5147,0,0,1,0,0,0,5147,5147,0,0,0,0,0,0,1,0,5147,5147,True,1.0,67,67,0,0,0,"{""eligible"": 4976, ""historical_ST"": 168, ""new_listing_age_le_20"": 2, ""unmatched_or_special_limit_regime"": 1}",0.0,1.0,2025-09-18
20250919,4976,5148,172,0.03341103341103341,5148,0,0,1,0,0,0,5148,5148,0,0,0,0,0,0,1,0,5148,5148,True,1.0,54,54,0,0,0,"{""eligible"": 4976, ""historical_ST"": 169, ""new_listing_age_le_20"": 2, ""unmatched_or_special_limit_regime"": 1}",0.0,1.0,2025-09-19
20250922,4972,5144,172,0.03343701399688958,5144,0,0,1,0,0,0,5144,5144,0,0,0,0,0,0,1,0,5144,5144,True,1.0,50,50,0,0,0,"{""eligible"": 4972, ""historical_ST"": 169, ""new_listing_age_le_20"": 2, ""unmatched_or_special_limit_regime"": 1}",0.0,1.0,2025-09-22
20250923,4972,5149,177,0.03437560691396388,5149,0,0,1,0,0,0,5148,5148,0,1,0,0,0,0,1,0,5149,5149,True,1.0,64,64,0,0,0,"{""eligible"": 4972, ""historical_ST"": 173, ""new_listing_age_le_20"": 3, ""unmatched_or_special_limit_regime"": 1}",0.0,1.0,2025-09-23
20250924,4971,5147,176,0.03419467651058869,5147,0,0,1,0,0,0,5146,5146,0,1,0,0,0,0,1,0,5147,5147,True,1.0,51,50,1,0,0,"{""eligible"": 4971, ""historical_ST"": 172, ""new_listing_age_le_20"": 3, ""unmatched_or_special_limit_regime"": 1}",0.0,1.0,2025-09-24
20250925,4971,5150,179,0.03475728155339806,5150,0,0,1,0,0,0,5147,5147,0,3,0,0,0,0,1,0,5150,5150,True,1.0,77,77,0,0,0,"{""eligible"": 4971, ""historical_ST"": 173, ""new_listing_age_le_20"": 5, ""unmatched_or_special_limit_regime"": 1}",0.0,1.0,2025-09-25
20250926,4970,5150,180,0.03495145631067961,5150,0,0,1,0,0,0,5146,5146,0,4,0,0,0,0,1,0,5150,5150,True,1.0,41,40,1,0,0,"{""eligible"": 4970, ""historical_ST"": 173, ""new_listing_age_le_20"": 6, ""unmatched_or_special_limit_regime"": 1}",0.0,1.0,2025-09-26
20250929,4965,5144,179,0.034797822706065316,5144,0,0,1,0,0,0,5140,5140,0,4,0,0,0,0,1,0,5144,5144,True,1.0,47,47,0,0,0,"{""eligible"": 4965, ""historical_ST"": 172, ""new_listing_age_le_20"": 6, ""unmatched_or_special_limit_regime"": 1}",0.0,1.0,2025-09-29
20250930,4965,5147,182,0.03536040411890422,5147,0,0,1,0,0,0,5142,5142,0,5,0,0,0,0,1,0,5147,5147,True,1.0,55,55,0,0,0,"{""eligible"": 4965, ""historical_ST"": 173, ""new_listing_age_le_20"": 8, ""unmatched_or_special_limit_regime"": 1}",0.0,1.0,2025-09-30
20251009,4961,5143,182,0.035387905891503015,5143,0,0,1,0,0,0,5138,5138,0,5,0,0,0,0,1,0,5143,5143,True,1.0,52,51,1,0,0,"{""eligible"": 4961, ""historical_ST"": 173, ""new_listing_age_le_20"": 8, ""unmatched_or_special_limit_regime"": 1}",0.0,1.0,2025-10-09
20251010,4962,5145,183,0.035568513119533525,5145,0,0,1,0,0,0,5142,5142,0,3,0,0,0,0,1,0,5145,5145,True,1.0,87,87,0,0,0,"{""eligible"": 4962, ""historical_ST"": 174, ""new_listing_age_le_20"": 8, ""unmatched_or_special_limit_regime"": 1}",0.0,1.0,2025-10-10
20251013,4966,5147,181,0.03516611618418496,5147,0,0,1,0,0,0,5145,5145,0,2,0,0,0,0,1,0,5147,5147,True,1.0,58,58,0,0,0,"{""eligible"": 4966, ""historical_ST"": 173, ""new_listing_age_le_20"": 7, ""unmatched_or_special_limit_regime"": 1}",0.0,1.0,2025-10-13
20251014,4966,5147,181,0.03516611618418496,5147,0,0,1,0,0,0,5145,5145,0,2,0,0,0,0,0,0,5147,5147,True,1.0,58,58,0,0,0,"{""eligible"": 4966, ""historical_ST"": 173, ""new_listing_age_le_20"": 7, ""unmatched_or_special_limit_regime"": 1}",0.0,1.0,2025-10-14
20251015,4966,5147,181,0.03516611618418496,5147,0,0,1,0,0,0,5147,5147,0,0,0,0,0,0,0,0,5147,5147,True,1.0,37,37,0,0,0,"{""eligible"": 4966, ""historical_ST"": 173, ""new_listing_age_le_20"": 7, ""unmatched_or_special_limit_regime"": 1}",0.0,1.0,2025-10-15
20251016,4969,5150,181,0.03514563106796117,5150,0,0,1,0,0,0,5150,5150,0,0,0,0,0,0,0,0,5150,5150,True,1.0,65,65,0,0,0,"{""eligible"": 4969, ""historical_ST"": 174, ""new_listing_age_le_20"": 6, ""unmatched_or_special_limit_regime"": 1}",0.0,1.0,2025-10-16
20251017,4971,5153,182,0.03531923151562197,5153,0,0,1,0,0,0,5152,5152,0,1,0,0,0,0,0,0,5153,5153,True,1.0,39,39,0,0,0,"{""eligible"": 4971, ""historical_ST"": 174, ""new_listing_age_le_20"": 7, ""unmatched_or_special_limit_regime"": 1}",0.0,1.0,2025-10-17
20251020,4970,5152,182,0.035326086956521736,5152,0,0,1,0,0,0,5151,5151,0,1,0,0,0,0,0,0,5152,5152,True,1.0,37,36,1,0,0,"{""eligible"": 4970, ""historical_ST"": 174, ""new_listing_age_le_20"": 7, ""unmatched_or_special_limit_regime"": 1}",0.0,1.0,2025-10-20
20251021,4969,5151,182,0.03533294505921181,5151,0,0,1,0,0,0,5150,5150,0,1,0,0,0,0,0,0,5151,5151,True,1.0,75,75,0,0,0,"{""eligible"": 4969, ""historical_ST"": 174, ""new_listing_age_le_20"": 7, ""unmatched_or_special_limit_regime"": 1}",0.0,1.0,2025-10-21
20251022,4969,5151,182,0.03533294505921181,5151,0,0,1,0,0,0,5149,5149,0,2,0,0,0,0,0,0,5151,5151,True,1.0,76,76,0,0,0,"{""eligible"": 4969, ""historical_ST"": 173, ""new_listing_age_le_20"": 8, ""unmatched_or_special_limit_regime"": 1}",0.0,1.0,2025-10-22
20251023,4970,5153,183,0.035513293227246265,5153,0,0,1,0,0,0,5151,5151,0,2,0,0,0,0,0,0,5153,5153,True,1.0,56,56,0,0,0,"{""eligible"": 4970, ""historical_ST"": 174, ""new_listing_age_le_20"": 8, ""unmatched_or_special_limit_regime"": 1}",0.0,1.0,2025-10-23
20251024,4970,5154,184,0.03570042685292976,5154,0,0,1,0,0,0,5152,5152,0,2,0,0,0,0,0,0,5154,5154,True,1.0,57,57,0,0,0,"{""eligible"": 4970, ""historical_ST"": 174, ""new_listing_age_le_20"": 9, ""unmatched_or_special_limit_regime"": 1}",0.0,1.0,2025-10-24
20251027,4968,5153,185,0.03590141665049486,5153,0,0,1,0,0,0,5151,5151,0,2,0,0,0,0,0,0,5153,5153,True,1.0,56,55,1,0,0,"{""eligible"": 4968, ""historical_ST"": 175, ""new_listing_age_le_20"": 9, ""unmatched_or_special_limit_regime"": 1}",0.0,1.0,2025-10-27
20251028,4966,5153,187,0.03628954007374345,5153,0,0,1,0,0,0,5148,5148,0,5,0,0,0,0,0,0,5153,5153,True,1.0,51,51,0,0,0,"{""eligible"": 4966, ""historical_ST"": 174, ""new_listing_age_le_20"": 12, ""unmatched_or_special_limit_regime"": 1}",0.0,1.0,2025-10-28
20251029,4968,5153,185,0.03590141665049486,5153,0,0,1,0,0,0,5149,5149,0,4,0,0,0,0,0,0,5153,5153,True,1.0,57,57,0,0,0,"{""eligible"": 4968, ""historical_ST"": 173, ""new_listing_age_le_20"": 11, ""unmatched_or_special_limit_regime"": 1}",0.0,1.0,2025-10-29
20251030,4967,5152,185,0.035908385093167704,5152,0,0,1,0,0,0,5148,5148,0,4,0,0,0,0,0,0,5152,5152,True,1.0,56,56,0,0,0,"{""eligible"": 4967, ""historical_ST"": 173, ""new_listing_age_le_20"": 11, ""unmatched_or_special_limit_regime"": 1}",0.0,1.0,2025-10-30
20251031,4968,5153,185,0.03590141665049486,5153,0,0,1,0,0,0,5150,5150,0,3,0,0,0,0,0,0,5153,5153,True,1.0,46,46,0,0,0,"{""eligible"": 4968, ""historical_ST"": 175, ""new_listing_age_le_20"": 9, ""unmatched_or_special_limit_regime"": 1}",0.0,1.0,2025-10-31
20251103,4970,5154,184,0.03570042685292976,5154,0,0,1,0,0,0,5151,5151,0,3,0,0,0,0,0,0,5154,5154,True,1.0,57,57,0,0,0,"{""eligible"": 4970, ""historical_ST"": 175, ""new_listing_age_le_20"": 8, ""unmatched_or_special_limit_regime"": 1}",0.0,1.0,2025-11-03
20251104,4970,5154,184,0.03570042685292976,5154,0,0,1,0,0,0,5154,5154,0,0,0,0,0,0,0,0,5154,5154,True,1.0,66,66,0,0,0,"{""eligible"": 4970, ""historical_ST"": 175, ""new_listing_age_le_20"": 8, ""unmatched_or_special_limit_regime"": 1}",0.0,1.0,2025-11-04
20251105,4970,5154,184,0.03570042685292976,5154,0,0,1,0,0,0,5153,5153,0,1,0,0,0,0,0,0,5154,5154,True,1.0,50,50,0,0,0,"{""eligible"": 4970, ""historical_ST"": 176, ""new_listing_age_le_20"": 7, ""unmatched_or_special_limit_regime"": 1}",0.0,1.0,2025-11-05
20251106,4969,5154,185,0.035894450911913074,5154,0,0,1,0,0,0,5152,5152,0,2,0,0,0,0,0,0,5154,5154,True,1.0,66,66,0,0,0,"{""eligible"": 4969, ""historical_ST"": 176, ""new_listing_age_le_20"": 8, ""unmatched_or_special_limit_regime"": 1}",0.0,1.0,2025-11-06
20251107,4970,5155,185,0.03588748787584869,5155,0,0,1,0,0,0,5152,5152,0,3,0,0,0,0,0,0,5155,5155,True,1.0,62,62,0,0,0,"{""eligible"": 4970, ""historical_ST"": 175, ""new_listing_age_le_20"": 9, ""unmatched_or_special_limit_regime"": 1}",0.0,1.0,2025-11-07
20251110,4973,5158,185,0.03586661496704149,5158,0,0,1,0,0,0,5155,5155,0,3,0,0,0,0,0,0,5158,5158,True,1.0,54,54,0,0,0,"{""eligible"": 4973, ""historical_ST"": 175, ""new_listing_age_le_20"": 9, ""unmatched_or_special_limit_regime"": 1}",0.0,1.0,2025-11-10
20251111,4975,5158,183,0.035478867778208606,5158,0,0,1,0,0,0,5155,5155,0,3,0,0,0,0,0,0,5158,5158,True,1.0,71,71,0,0,0,"{""eligible"": 4975, ""historical_ST"": 173, ""new_listing_age_le_20"": 9, ""unmatched_or_special_limit_regime"": 1}",0.0,1.0,2025-11-11
20251112,4976,5160,184,0.03565891472868217,5160,0,0,1,0,0,0,5158,5158,0,2,0,0,0,0,0,0,5160,5160,True,1.0,66,66,0,0,0,"{""eligible"": 4976, ""historical_ST"": 174, ""new_listing_age_le_20"": 9, ""unmatched_or_special_limit_regime"": 1}",0.0,1.0,2025-11-12
20251113,4976,5159,183,0.03547199069587129,5159,0,0,1,0,0,0,5158,5158,0,1,0,0,0,0,0,0,5159,5159,True,1.0,58,58,0,0,0,"{""eligible"": 4976, ""historical_ST"": 173, ""new_listing_age_le_20"": 9, ""unmatched_or_special_limit_regime"": 1}",0.0,1.0,2025-11-13
20251114,4976,5157,181,0.03509792515028117,5157,0,0,1,0,0,0,5157,5157,0,0,0,0,0,0,0,0,5157,5157,True,1.0,86,86,0,0,0,"{""eligible"": 4976, ""historical_ST"": 172, ""new_listing_age_le_20"": 8, ""unmatched_or_special_limit_regime"": 1}",0.0,1.0,2025-11-14
20251117,4975,5156,181,0.035104732350659425,5156,0,0,1,0,0,0,5156,5156,0,0,0,0,0,0,0,0,5156,5156,True,1.0,71,71,0,0,0,"{""eligible"": 4975, ""historical_ST"": 172, ""new_listing_age_le_20"": 8, ""unmatched_or_special_limit_regime"": 1}",0.0,1.0,2025-11-17
20251118,4974,5158,184,0.03567274137262505,5158,0,0,1,0,0,0,5156,5156,0,2,0,0,0,0,0,0,5158,5158,True,1.0,85,83,2,0,0,"{""eligible"": 4974, ""historical_ST"": 173, ""new_listing_age_le_20"": 10, ""unmatched_or_special_limit_regime"": 1}",0.0,1.0,2025-11-18
20251119,4978,5160,182,0.03527131782945737,5160,0,0,1,0,0,0,5158,5158,0,2,0,0,0,0,0,0,5160,5160,True,1.0,45,45,0,0,0,"{""eligible"": 4978, ""historical_ST"": 172, ""new_listing_age_le_20"": 9, ""unmatched_or_special_limit_regime"": 1}",0.0,1.0,2025-11-19
20251120,4976,5159,183,0.03547199069587129,5159,0,0,1,0,0,0,5157,5157,0,2,0,0,0,0,0,0,5159,5159,True,1.0,54,54,0,0,0,"{""eligible"": 4976, ""historical_ST"": 173, ""new_listing_age_le_20"": 9, ""unmatched_or_special_limit_regime"": 1}",0.0,1.0,2025-11-20
20251121,4979,5161,182,0.03526448362720403,5161,0,0,1,0,0,0,5159,5159,0,2,0,0,0,0,0,0,5161,5161,True,1.0,41,41,0,0,0,"{""eligible"": 4979, ""historical_ST"": 173, ""new_listing_age_le_20"": 8, ""unmatched_or_special_limit_regime"": 1}",0.0,1.0,2025-11-21
20251124,4975,5157,182,0.03529183633895676,5157,0,0,1,0,0,0,5155,5155,0,2,0,0,0,0,0,0,5157,5157,True,1.0,28,28,0,0,0,"{""eligible"": 4975, ""historical_ST"": 173, ""new_listing_age_le_20"": 8, ""unmatched_or_special_limit_regime"": 1}",0.0,1.0,2025-11-24
20251125,4975,5155,180,0.03491755577109602,5155,0,0,1,0,0,0,5154,5154,0,1,0,0,0,0,0,0,5155,5155,True,1.0,66,64,2,0,0,"{""eligible"": 4975, ""historical_ST"": 173, ""new_listing_age_le_20"": 6, ""unmatched_or_special_limit_regime"": 1}",0.0,1.0,2025-11-25
20251126,4973,5151,178,0.034556396816152204,5151,0,0,1,0,0,0,5150,5150,0,1,0,0,0,0,0,0,5151,5151,True,1.0,77,77,0,0,0,"{""eligible"": 4973, ""historical_ST"": 171, ""new_listing_age_le_20"": 6, ""unmatched_or_special_limit_regime"": 1}",0.0,1.0,2025-11-26
20251127,4973,5150,177,0.034368932038834954,5150,0,0,1,0,0,0,5149,5149,0,1,0,0,0,0,0,0,5150,5150,True,1.0,68,68,0,0,0,"{""eligible"": 4973, ""historical_ST"": 170, ""new_listing_age_le_20"": 6, ""unmatched_or_special_limit_regime"": 1}",0.0,1.0,2025-11-27
20251128,4971,5149,178,0.03456981938240435,5149,0,0,1,0,0,0,5148,5148,0,1,0,0,0,0,0,0,5149,5149,True,1.0,53,53,0,0,0,"{""eligible"": 4971, ""historical_ST"": 171, ""new_listing_age_le_20"": 6, ""unmatched_or_special_limit_regime"": 1}",0.0,1.0,2025-11-28
20251201,4972,5148,176,0.03418803418803419,5148,0,0,1,0,0,0,5147,5147,0,1,0,0,0,0,0,0,5148,5148,True,1.0,70,70,0,0,0,"{""eligible"": 4972, ""historical_ST"": 169, ""new_listing_age_le_20"": 6, ""unmatched_or_special_limit_regime"": 1}",0.0,1.0,2025-12-01
20251202,4973,5151,178,0.034556396816152204,5151,0,0,1,0,0,0,5151,5151,0,0,0,0,0,0,0,0,5151,5151,True,1.0,63,63,0,0,0,"{""eligible"": 4973, ""historical_ST"": 171, ""new_listing_age_le_20"": 6, ""unmatched_or_special_limit_regime"": 1}",0.0,1.0,2025-12-02
20251203,4978,5157,179,0.03471010277293,5157,0,0,1,0,0,0,5156,5156,0,1,0,0,0,0,0,0,5157,5157,True,1.0,47,47,0,0,0,"{""eligible"": 4978, ""historical_ST"": 172, ""new_listing_age_le_20"": 6, ""unmatched_or_special_limit_regime"": 1}",0.0,1.0,2025-12-03
20251204,4977,5155,178,0.03452958292919495,5155,0,0,1,0,0,0,5154,5154,0,1,0,0,0,0,0,0,5155,5155,True,1.0,47,46,1,0,0,"{""eligible"": 4977, ""historical_ST"": 172, ""new_listing_age_le_20"": 5, ""unmatched_or_special_limit_regime"": 1}",0.0,1.0,2025-12-04
20251205,4976,5153,177,0.034348922957500486,5153,0,0,1,0,0,0,5151,5151,0,2,0,0,0,0,0,0,5153,5153,True,1.0,38,38,0,0,0,"{""eligible"": 4976, ""historical_ST"": 171, ""new_listing_age_le_20"": 5, ""unmatched_or_special_limit_regime"": 1}",0.0,1.0,2025-12-05
20251208,4977,5155,178,0.03452958292919495,5155,0,0,1,0,0,0,5153,5153,0,2,0,0,0,0,0,0,5155,5155,True,1.0,73,72,1,0,0,"{""eligible"": 4977, ""historical_ST"": 172, ""new_listing_age_le_20"": 5, ""unmatched_or_special_limit_regime"": 1}",0.0,1.0,2025-12-08
20251209,4978,5156,178,0.03452288595810706,5156,0,0,1,0,0,0,5153,5153,0,3,0,0,0,0,0,0,5156,5156,True,1.0,74,73,1,0,0,"{""eligible"": 4978, ""historical_ST"": 171, ""new_listing_age_le_20"": 5, ""unmatched_or_special_limit_regime"": 2}",0.0,1.0,2025-12-09
20251210,4976,5153,177,0.034348922957500486,5153,0,0,1,0,0,0,5151,5151,0,2,0,0,0,0,1,0,5153,5153,True,1.0,53,53,0,0,0,"{""eligible"": 4976, ""historical_ST"": 170, ""new_listing_age_le_20"": 6, ""unmatched_or_special_limit_regime"": 1}",0.0,1.0,2025-12-10
20251211,4977,5156,179,0.034716834755624516,5156,0,0,1,0,0,0,5154,5154,0,2,0,0,0,0,1,0,5156,5156,True,1.0,57,57,0,0,0,"{""eligible"": 4977, ""historical_ST"": 172, ""new_listing_age_le_20"": 6, ""unmatched_or_special_limit_regime"": 1}",0.0,1.0,2025-12-11
20251212,4978,5158,180,0.03489724699495929,5158,0,0,1,0,0,0,5157,5157,0,1,0,0,0,0,1,0,5158,5158,True,1.0,32,32,0,0,0,"{""eligible"": 4978, ""historical_ST"": 173, ""new_listing_age_le_20"": 6, ""unmatched_or_special_limit_regime"": 1}",0.0,1.0,2025-12-12
20251215,4977,5157,180,0.034904013961605584,5157,0,0,1,0,0,0,5156,5156,0,1,0,0,0,0,1,0,5157,5157,True,1.0,77,76,1,0,0,"{""eligible"": 4977, ""historical_ST"": 173, ""new_listing_age_le_20"": 6, ""unmatched_or_special_limit_regime"": 1}",0.0,1.0,2025-12-15
20251216,4979,5159,180,0.03489048265167668,5159,0,0,1,0,0,0,5157,5157,0,2,0,0,0,0,1,0,5159,5159,True,1.0,58,58,0,0,0,"{""eligible"": 4979, ""historical_ST"": 174, ""new_listing_age_le_20"": 5, ""unmatched_or_special_limit_regime"": 1}",0.0,1.0,2025-12-16
20251217,4979,5160,181,0.03507751937984496,5160,0,0,1,0,0,0,5158,5158,0,2,0,0,0,0,1,0,5160,5160,True,1.0,40,40,0,0,0,"{""eligible"": 4979, ""historical_ST"": 174, ""new_listing_age_le_20"": 6, ""unmatched_or_special_limit_regime"": 1}",0.0,1.0,2025-12-17
20251218,4981,5163,182,0.03525082316482665,5163,0,0,1,0,0,0,5160,5160,0,3,0,0,0,0,1,0,5163,5163,True,1.0,50,49,1,0,0,"{""eligible"": 4981, ""historical_ST"": 174, ""new_listing_age_le_20"": 7, ""unmatched_or_special_limit_regime"": 1}",0.0,1.0,2025-12-18
20251219,4980,5162,182,0.035257652072839984,5162,0,0,1,0,0,0,5158,5158,0,4,0,0,0,0,1,0,5162,5162,True,1.0,59,59,0,0,0,"{""eligible"": 4980, ""historical_ST"": 173, ""new_listing_age_le_20"": 8, ""unmatched_or_special_limit_regime"": 1}",0.0,1.0,2025-12-19
20251222,4976,5158,182,0.03528499418379217,5158,0,0,1,0,0,0,5154,5154,0,4,0,0,0,0,1,0,5158,5158,True,1.0,72,71,1,0,0,"{""eligible"": 4976, ""historical_ST"": 173, ""new_listing_age_le_20"": 8, ""unmatched_or_special_limit_regime"": 1}",0.0,1.0,2025-12-22
20251223,4978,5163,185,0.035831880689521596,5163,0,0,1,0,0,0,5157,5157,0,6,0,0,0,0,1,0,5163,5163,True,1.0,79,79,0,0,0,"{""eligible"": 4978, ""historical_ST"": 174, ""new_listing_age_le_20"": 10, ""unmatched_or_special_limit_regime"": 1}",0.0,1.0,2025-12-23
20251224,4979,5165,186,0.03601161665053243,5165,0,0,1,0,0,0,5159,5159,0,6,0,0,0,0,1,0,5165,5165,True,1.0,54,53,1,0,0,"{""eligible"": 4979, ""historical_ST"": 174, ""new_listing_age_le_20"": 11, ""unmatched_or_special_limit_regime"": 1}",0.0,1.0,2025-12-24
20251225,4980,5167,187,0.0361912134700987,5167,0,0,1,0,0,0,5162,5162,0,5,0,0,0,0,1,0,5167,5167,True,1.0,75,75,0,0,0,"{""eligible"": 4980, ""historical_ST"": 175, ""new_listing_age_le_20"": 11, ""unmatched_or_special_limit_regime"": 1}",0.0,1.0,2025-12-25
20251226,4982,5166,184,0.03561749903213318,5166,0,0,1,0,0,0,5162,5162,0,4,0,0,0,0,1,0,5166,5166,True,1.0,80,80,0,0,0,"{""eligible"": 4982, ""historical_ST"": 172, ""new_listing_age_le_20"": 11, ""unmatched_or_special_limit_regime"": 1}",0.0,1.0,2025-12-26
20251229,4983,5168,185,0.03579721362229102,5168,0,0,1,0,0,0,5164,5164,0,4,0,0,0,0,1,0,5168,5168,True,1.0,81,81,0,0,0,"{""eligible"": 4983, ""historical_ST"": 173, ""new_listing_age_le_20"": 11, ""unmatched_or_special_limit_regime"": 1}",0.0,1.0,2025-12-29
20251230,4979,5170,191,0.03694390715667312,5170,0,0,1,0,0,0,5165,5165,0,5,0,0,0,0,0,0,5170,5170,True,1.0,74,72,2,0,0,"{""eligible"": 4979, ""historical_ST"": 175, ""new_listing_age_le_20"": 14, ""unmatched_or_special_limit_regime"": 2}",0.0,1.0,2025-12-30
20251231,4982,5171,189,0.03654999033069039,5171,0,0,1,0,0,0,5167,5167,0,4,0,0,0,0,1,0,5171,5171,True,1.0,53,52,1,0,0,"{""eligible"": 4982, ""historical_ST"": 174, ""new_listing_age_le_20"": 14, ""unmatched_or_special_limit_regime"": 1}",0.0,1.0,2025-12-31
20260105,4982,5171,189,0.03654999033069039,5171,0,0,1,0,0,0,5167,5167,0,4,0,0,0,0,1,0,5171,5171,True,1.0,56,56,0,0,0,"{""eligible"": 4982, ""historical_ST"": 174, ""new_listing_age_le_20"": 14, ""unmatched_or_special_limit_regime"": 1}",0.0,1.0,2026-01-05
20260106,4982,5173,191,0.036922482118693215,5173,0,0,1,0,0,0,5168,5168,0,5,0,0,0,0,1,0,5173,5173,True,1.0,107,107,0,0,0,"{""eligible"": 4982, ""historical_ST"": 176, ""new_listing_age_le_20"": 14, ""unmatched_or_special_limit_regime"": 1}",0.0,1.0,2026-01-06
20260107,4983,5174,191,0.03691534596057209,5174,0,0,1,0,0,0,5169,5169,0,5,0,0,0,0,1,0,5174,5174,True,1.0,118,116,2,0,0,"{""eligible"": 4983, ""historical_ST"": 176, ""new_listing_age_le_20"": 14, ""unmatched_or_special_limit_regime"": 1}",0.0,1.0,2026-01-07
20260108,4983,5173,190,0.03672917069398801,5173,0,0,1,0,0,0,5171,5171,0,2,0,0,0,0,1,0,5173,5173,True,1.0,80,80,0,0,0,"{""eligible"": 4983, ""historical_ST"": 175, ""new_listing_age_le_20"": 14, ""unmatched_or_special_limit_regime"": 1}",0.0,1.0,2026-01-08
20260109,4983,5172,189,0.03654292343387471,5172,0,0,1,0,0,0,5171,5171,0,1,0,0,0,0,1,0,5172,5172,True,1.0,93,92,1,0,0,"{""eligible"": 4983, ""historical_ST"": 175, ""new_listing_age_le_20"": 13, ""unmatched_or_special_limit_regime"": 1}",0.0,1.0,2026-01-09
20260112,4983,5172,189,0.03654292343387471,5172,0,0,1,0,0,0,5171,5171,0,1,0,0,0,0,1,0,5172,5172,True,1.0,96,96,0,0,0,"{""eligible"": 4983, ""historical_ST"": 175, ""new_listing_age_le_20"": 13, ""unmatched_or_special_limit_regime"": 1}",0.0,1.0,2026-01-12
20260113,4980,5165,185,0.03581800580832527,5165,0,0,1,0,0,0,5165,5165,0,0,0,0,0,0,1,0,5165,5165,True,1.0,179,176,3,0,0,"{""eligible"": 4980, ""historical_ST"": 171, ""new_listing_age_le_20"": 13, ""unmatched_or_special_limit_regime"": 1}",0.0,1.0,2026-01-13
20260114,4980,5167,187,0.0361912134700987,5167,0,0,1,0,0,0,5167,5167,0,0,0,0,0,0,1,0,5167,5167,True,1.0,66,65,1,0,0,"{""eligible"": 4980, ""historical_ST"": 173, ""new_listing_age_le_20"": 13, ""unmatched_or_special_limit_regime"": 1}",0.0,1.0,2026-01-14
20260115,4982,5170,188,0.03636363636363636,5170,0,0,1,0,0,0,5169,5169,0,1,0,0,0,0,1,0,5170,5170,True,1.0,100,100,0,0,0,"{""eligible"": 4982, ""historical_ST"": 174, ""new_listing_age_le_20"": 13, ""unmatched_or_special_limit_regime"": 1}",0.0,1.0,2026-01-15
20260116,4984,5172,188,0.03634957463263728,5172,0,0,1,0,0,0,5171,5171,0,1,0,0,0,0,1,0,5172,5172,True,1.0,55,55,0,0,0,"{""eligible"": 4984, ""historical_ST"": 175, ""new_listing_age_le_20"": 12, ""unmatched_or_special_limit_regime"": 1}",0.0,1.0,2026-01-16
20260119,4987,5173,186,0.03595592499516721,5173,0,0,1,0,0,0,5172,5172,0,1,0,0,0,0,1,0,5173,5173,True,1.0,58,58,0,0,0,"{""eligible"": 4987, ""historical_ST"": 174, ""new_listing_age_le_20"": 11, ""unmatched_or_special_limit_regime"": 1}",0.0,1.0,2026-01-19
20260120,4992,5179,187,0.03610735663255455,5179,0,0,1,0,0,0,5178,5178,0,1,0,0,0,0,1,0,5179,5179,True,1.0,87,87,0,0,0,"{""eligible"": 4992, ""historical_ST"": 176, ""new_listing_age_le_20"": 10, ""unmatched_or_special_limit_regime"": 1}",0.0,1.0,2026-01-20
20260121,4990,5176,186,0.03593508500772798,5176,0,0,1,0,0,0,5175,5175,0,1,0,0,0,0,1,0,5176,5176,True,1.0,54,53,1,0,0,"{""eligible"": 4990, ""historical_ST"": 175, ""new_listing_age_le_20"": 10, ""unmatched_or_special_limit_regime"": 1}",0.0,1.0,2026-01-21
20260122,4992,5176,184,0.03554868624420402,5176,0,0,1,0,0,0,5176,5176,0,0,0,0,0,0,0,0,5176,5176,True,1.0,80,80,0,0,0,"{""eligible"": 4992, ""historical_ST"": 176, ""new_listing_age_le_20"": 7, ""unmatched_or_special_limit_regime"": 1}",0.0,1.0,2026-01-22
20260123,4994,5177,183,0.035348657523662355,5177,0,0,1,0,0,0,5177,5177,0,0,0,0,0,0,0,0,5177,5177,True,1.0,73,73,0,0,0,"{""eligible"": 4994, ""historical_ST"": 176, ""new_listing_age_le_20"": 6, ""unmatched_or_special_limit_regime"": 1}",0.0,1.0,2026-01-23
20260126,4991,5173,182,0.035182679296346414,5173,0,0,1,0,0,0,5173,5173,0,0,0,0,0,0,0,0,5173,5173,True,1.0,103,102,1,0,0,"{""eligible"": 4991, ""historical_ST"": 175, ""new_listing_age_le_20"": 6, ""unmatched_or_special_limit_regime"": 1}",0.0,1.0,2026-01-26
20260127,4991,5173,182,0.035182679296346414,5173,0,0,1,0,0,0,5173,5173,0,0,0,0,0,0,0,0,5173,5173,True,1.0,71,71,0,0,0,"{""eligible"": 4991, ""historical_ST"": 175, ""new_listing_age_le_20"": 6, ""unmatched_or_special_limit_regime"": 1}",0.0,1.0,2026-01-27
20260128,4990,5173,183,0.03537599072105162,5173,0,0,1,0,0,0,5172,5172,0,1,0,0,0,0,0,0,5173,5173,True,1.0,53,53,0,0,0,"{""eligible"": 4990, ""historical_ST"": 175, ""new_listing_age_le_20"": 7, ""unmatched_or_special_limit_regime"": 1}",0.0,1.0,2026-01-28
20260129,4993,5174,181,0.03498260533436413,5174,0,0,1,0,0,0,5172,5172,0,2,0,0,0,0,0,0,5174,5174,True,1.0,81,81,0,0,0,"{""eligible"": 4993, ""historical_ST"": 175, ""new_listing_age_le_20"": 5, ""unmatched_or_special_limit_regime"": 1}",0.0,1.0,2026-01-29
20260130,4993,5171,178,0.03442274221620576,5171,0,0,1,0,0,0,5169,5169,0,2,0,0,0,0,0,0,5171,5171,True,1.0,84,84,0,0,0,"{""eligible"": 4993, ""historical_ST"": 173, ""new_listing_age_le_20"": 4, ""unmatched_or_special_limit_regime"": 1}",0.0,1.0,2026-01-30
20260202,4995,5173,178,0.034409433597525615,5173,0,0,1,0,0,0,5171,5171,0,2,0,0,0,0,0,0,5173,5173,True,1.0,48,48,0,0,0,"{""eligible"": 4995, ""historical_ST"": 173, ""new_listing_age_le_20"": 4, ""unmatched_or_special_limit_regime"": 1}",0.0,1.0,2026-02-02
20260203,4996,5174,178,0.03440278314650174,5174,0,0,1,0,0,0,5171,5171,0,3,0,0,0,0,0,0,5174,5174,True,1.0,36,36,0,0,0,"{""eligible"": 4996, ""historical_ST"": 173, ""new_listing_age_le_20"": 4, ""unmatched_or_special_limit_regime"": 1}",0.0,1.0,2026-02-03
20260204,4998,5177,179,0.03457600927177902,5177,0,0,1,0,0,0,5175,5175,0,2,0,0,0,0,0,0,5177,5177,True,1.0,69,69,0,0,0,"{""eligible"": 4998, ""historical_ST"": 174, ""new_listing_age_le_20"": 4, ""unmatched_or_special_limit_regime"": 1}",0.0,1.0,2026-02-04
20260205,4997,5177,180,0.034769171334749854,5177,0,0,1,0,0,0,5175,5175,0,2,0,0,0,0,0,0,5177,5177,True,1.0,68,68,0,0,0,"{""eligible"": 4997, ""historical_ST"": 174, ""new_listing_age_le_20"": 5, ""unmatched_or_special_limit_regime"": 1}",0.0,1.0,2026-02-05
20260206,4996,5175,179,0.034589371980676326,5175,0,0,1,0,0,0,5173,5173,0,2,0,0,0,0,0,0,5175,5175,True,1.0,44,44,0,0,0,"{""eligible"": 4996, ""historical_ST"": 173, ""new_listing_age_le_20"": 5, ""unmatched_or_special_limit_regime"": 1}",0.0,1.0,2026-02-06
20260209,4995,5174,179,0.03459605720912254,5174,0,0,1,0,0,0,5172,5172,0,2,0,0,0,0,0,0,5174,5174,True,1.0,57,56,1,0,0,"{""eligible"": 4995, ""historical_ST"": 173, ""new_listing_age_le_20"": 5, ""unmatched_or_special_limit_regime"": 1}",0.0,1.0,2026-02-09
20260210,4997,5178,181,0.03495558130552337,5178,0,0,1,0,0,0,5175,5175,0,3,0,0,0,0,0,0,5178,5178,True,1.0,86,86,0,0,0,"{""eligible"": 4997, ""historical_ST"": 173, ""new_listing_age_le_20"": 7, ""unmatched_or_special_limit_regime"": 1}",0.0,1.0,2026-02-10
20260211,4997,5178,181,0.03495558130552337,5178,0,0,1,0,0,0,5174,5174,0,4,0,0,0,0,0,0,5178,5178,True,1.0,60,60,0,0,0,"{""eligible"": 4997, ""historical_ST"": 172, ""new_listing_age_le_20"": 8, ""unmatched_or_special_limit_regime"": 1}",0.0,1.0,2026-02-11
20260212,4999,5182,183,0.035314550366653805,5182,0,0,1,0,0,0,5179,5179,0,3,0,0,0,0,0,0,5182,5182,True,1.0,51,51,0,0,0,"{""eligible"": 4999, ""historical_ST"": 175, ""new_listing_age_le_20"": 7, ""unmatched_or_special_limit_regime"": 1}",0.0,1.0,2026-02-12
20260213,4997,5180,183,0.03532818532818533,5180,0,0,1,0,0,0,5177,5177,0,3,0,0,0,0,0,0,5180,5180,True,1.0,61,61,0,0,0,"{""eligible"": 4997, ""historical_ST"": 175, ""new_listing_age_le_20"": 7, ""unmatched_or_special_limit_regime"": 1}",0.0,1.0,2026-02-13
20260224,4998,5180,182,0.03513513513513514,5180,0,0,1,0,0,0,5177,5177,0,3,0,0,0,0,0,0,5180,5180,True,1.0,32,32,0,0,0,"{""eligible"": 4998, ""historical_ST"": 174, ""new_listing_age_le_20"": 7, ""unmatched_or_special_limit_regime"": 1}",0.0,1.0,2026-02-24
20260225,4995,5177,182,0.03515549546069152,5177,0,0,1,0,0,0,5176,5176,0,1,0,0,0,0,0,0,5177,5177,True,1.0,93,93,0,0,0,"{""eligible"": 4995, ""historical_ST"": 174, ""new_listing_age_le_20"": 7, ""unmatched_or_special_limit_regime"": 1}",0.0,1.0,2026-02-25
20260226,4995,5176,181,0.034969088098918084,5176,0,0,1,0,0,0,5176,5176,0,0,0,0,0,0,0,0,5176,5176,True,1.0,75,75,0,0,0,"{""eligible"": 4995, ""historical_ST"": 173, ""new_listing_age_le_20"": 7, ""unmatched_or_special_limit_regime"": 1}",0.0,1.0,2026-02-26
20260227,4997,5176,179,0.03458268933539413,5176,0,0,1,0,0,0,5176,5176,0,0,0,0,0,0,0,0,5176,5176,True,1.0,63,63,0,0,0,"{""eligible"": 4997, ""historical_ST"": 171, ""new_listing_age_le_20"": 7, ""unmatched_or_special_limit_regime"": 1}",0.0,1.0,2026-02-27
20260302,4995,5175,180,0.034782608695652174,5175,0,0,1,0,0,0,5175,5175,0,0,0,0,0,0,0,0,5175,5175,True,1.0,75,75,0,0,0,"{""eligible"": 4995, ""historical_ST"": 172, ""new_listing_age_le_20"": 7, ""unmatched_or_special_limit_regime"": 1}",0.0,1.0,2026-03-02
20260303,4996,5177,181,0.03496233339772069,5177,0,0,1,0,0,0,5177,5177,0,0,0,0,0,0,0,0,5177,5177,True,1.0,91,91,0,0,0,"{""eligible"": 4996, ""historical_ST"": 173, ""new_listing_age_le_20"": 7, ""unmatched_or_special_limit_regime"": 1}",0.0,1.0,2026-03-03
20260304,4996,5178,182,0.03514870606411742,5178,0,0,1,0,0,0,5178,5178,0,0,0,0,0,0,0,0,5178,5178,True,1.0,77,77,0,0,0,"{""eligible"": 4996, ""historical_ST"": 174, ""new_listing_age_le_20"": 7, ""unmatched_or_special_limit_regime"": 1}",0.0,1.0,2026-03-04
20260305,4998,5179,181,0.03494883182081483,5179,0,0,1,0,0,0,5179,5179,0,0,0,0,0,0,0,0,5179,5179,True,1.0,44,44,0,0,0,"{""eligible"": 4998, ""historical_ST"": 174, ""new_listing_age_le_20"": 6, ""unmatched_or_special_limit_regime"": 1}",0.0,1.0,2026-03-05
20260306,4999,5180,181,0.03494208494208494,5180,0,0,1,0,0,0,5179,5179,0,1,0,0,0,0,0,0,5180,5180,True,1.0,68,68,0,0,0,"{""eligible"": 4999, ""historical_ST"": 174, ""new_listing_age_le_20"": 6, ""unmatched_or_special_limit_regime"": 1}",0.0,1.0,2026-03-06
20260309,5002,5183,181,0.03492185992668339,5183,0,0,1,0,0,0,5182,5182,0,1,0,0,0,0,0,0,5183,5183,True,1.0,74,74,0,0,0,"{""eligible"": 5002, ""historical_ST"": 174, ""new_listing_age_le_20"": 6, ""unmatched_or_special_limit_regime"": 1}",0.0,1.0,2026-03-09
20260310,5001,5181,180,0.03474232773595831,5181,0,0,1,0,0,0,5180,5180,0,1,0,0,0,0,0,0,5181,5181,True,1.0,42,42,0,0,0,"{""eligible"": 5001, ""historical_ST"": 173, ""new_listing_age_le_20"": 6, ""unmatched_or_special_limit_regime"": 1}",0.0,1.0,2026-03-10
20260311,5004,5184,180,0.034722222222222224,5184,0,0,1,0,0,0,5183,5183,0,1,0,0,0,0,0,0,5184,5184,True,1.0,55,55,0,0,0,"{""eligible"": 5004, ""historical_ST"": 174, ""new_listing_age_le_20"": 5, ""unmatched_or_special_limit_regime"": 1}",0.0,1.0,2026-03-11
20260312,5004,5184,180,0.034722222222222224,5184,0,0,1,0,0,0,5183,5183,0,1,0,0,0,0,0,0,5184,5184,True,1.0,53,53,0,0,0,"{""eligible"": 5004, ""historical_ST"": 174, ""new_listing_age_le_20"": 5, ""unmatched_or_special_limit_regime"": 1}",0.0,1.0,2026-03-12
20260313,5005,5183,178,0.03434304456878256,5183,0,0,1,0,0,0,5183,5183,0,0,0,0,0,0,0,0,5183,5183,True,1.0,52,52,0,0,0,"{""eligible"": 5005, ""historical_ST"": 173, ""new_listing_age_le_20"": 4, ""unmatched_or_special_limit_regime"": 1}",0.0,1.0,2026-03-13
20260316,5005,5182,177,0.03415669625627171,5182,0,0,1,0,0,0,5182,5182,0,0,0,0,0,0,0,0,5182,5182,True,1.0,59,59,0,0,0,"{""eligible"": 5005, ""historical_ST"": 172, ""new_listing_age_le_20"": 4, ""unmatched_or_special_limit_regime"": 1}",0.0,1.0,2026-03-16
20260317,5003,5180,177,0.03416988416988417,5180,0,0,1,0,0,0,5180,5180,0,0,0,0,0,0,0,0,5180,5180,True,1.0,47,47,0,0,0,"{""eligible"": 5003, ""historical_ST"": 172, ""new_listing_age_le_20"": 4, ""unmatched_or_special_limit_regime"": 1}",0.0,1.0,2026-03-17
20260318,5005,5180,175,0.033783783783783786,5180,0,0,1,0,0,0,5180,5180,0,0,0,0,0,0,0,0,5180,5180,True,1.0,38,38,0,0,0,"{""eligible"": 5005, ""historical_ST"": 172, ""new_listing_age_le_20"": 2, ""unmatched_or_special_limit_regime"": 1}",0.0,1.0,2026-03-18
20260319,5006,5180,174,0.03359073359073359,5180,0,0,1,0,0,0,5180,5180,0,0,0,0,0,0,0,0,5180,5180,True,1.0,57,57,0,0,0,"{""eligible"": 5006, ""historical_ST"": 172, ""new_listing_age_le_20"": 1, ""unmatched_or_special_limit_regime"": 1}",0.0,1.0,2026-03-19
20260320,5006,5181,175,0.03377726307662613,5181,0,0,1,0,0,0,5180,5180,0,1,0,0,0,0,0,0,5181,5181,True,1.0,28,28,0,0,0,"{""eligible"": 5006, ""historical_ST"": 172, ""new_listing_age_le_20"": 1, ""unmatched_or_special_limit_regime"": 2}",0.0,1.0,2026-03-20
20260323,5008,5183,175,0.03376422921088173,5183,0,0,1,0,0,0,5183,5183,0,0,0,0,0,0,1,0,5183,5183,True,1.0,29,29,0,0,0,"{""eligible"": 5008, ""historical_ST"": 173, ""new_listing_age_le_20"": 1, ""unmatched_or_special_limit_regime"": 1}",0.0,1.0,2026-03-23
20260324,5005,5181,176,0.03397027600849257,5181,0,0,1,0,0,0,5181,5181,0,0,0,0,0,0,1,0,5181,5181,True,1.0,28,28,0,0,0,"{""eligible"": 5005, ""historical_ST"": 174, ""new_listing_age_le_20"": 1, ""unmatched_or_special_limit_regime"": 1}",0.0,1.0,2026-03-24
20260325,5005,5182,177,0.03415669625627171,5182,0,0,1,0,0,0,5180,5180,0,2,0,0,0,0,1,0,5182,5182,True,1.0,84,84,0,0,0,"{""eligible"": 5005, ""historical_ST"": 173, ""new_listing_age_le_20"": 3, ""unmatched_or_special_limit_regime"": 1}",0.0,1.0,2026-03-25
20260326,5003,5181,178,0.034356301872225437,5181,0,0,1,0,0,0,5179,5179,0,2,0,0,0,0,1,0,5181,5181,True,1.0,84,83,1,0,0,"{""eligible"": 5003, ""historical_ST"": 174, ""new_listing_age_le_20"": 3, ""unmatched_or_special_limit_regime"": 1}",0.0,1.0,2026-03-26
20260327,5000,5177,177,0.03418968514583736,5177,0,0,1,0,0,0,5175,5175,0,2,0,0,0,0,1,0,5177,5177,True,1.0,39,38,1,0,0,"{""eligible"": 5000, ""historical_ST"": 173, ""new_listing_age_le_20"": 3, ""unmatched_or_special_limit_regime"": 1}",0.0,1.0,2026-03-27
20260330,4998,5174,176,0.034016235021260145,5174,0,0,1,0,0,0,5172,5172,0,2,0,0,0,0,1,0,5174,5174,True,1.0,79,79,0,0,0,"{""eligible"": 4998, ""historical_ST"": 172, ""new_listing_age_le_20"": 3, ""unmatched_or_special_limit_regime"": 1}",0.0,1.0,2026-03-30
20260331,4999,5179,180,0.034755744352191545,5179,0,0,1,0,0,0,5174,5174,0,5,0,0,0,0,1,0,5179,5179,True,1.0,63,62,1,0,0,"{""eligible"": 4999, ""historical_ST"": 173, ""new_listing_age_le_20"": 5, ""unmatched_or_special_limit_regime"": 2}",0.0,1.0,2026-03-31
20260401,5001,5182,181,0.034928598996526436,5182,0,0,1,0,0,0,5179,5179,0,3,0,0,0,0,2,0,5182,5182,True,1.0,53,53,0,0,0,"{""eligible"": 5001, ""historical_ST"": 174, ""new_listing_age_le_20"": 6, ""unmatched_or_special_limit_regime"": 1}",0.0,1.0,2026-04-01
20260402,5001,5182,181,0.034928598996526436,5182,0,0,1,0,0,0,5179,5179,0,3,0,0,0,0,2,0,5182,5182,True,1.0,57,57,0,0,0,"{""eligible"": 5001, ""historical_ST"": 174, ""new_listing_age_le_20"": 6, ""unmatched_or_special_limit_regime"": 1}",0.0,1.0,2026-04-02
20260403,5002,5183,181,0.03492185992668339,5183,0,0,1,0,0,0,5180,5180,0,3,0,0,0,0,2,0,5183,5183,True,1.0,27,27,0,0,0,"{""eligible"": 5002, ""historical_ST"": 175, ""new_listing_age_le_20"": 5, ""unmatched_or_special_limit_regime"": 1}",0.0,1.0,2026-04-03
20260407,5001,5181,180,0.03474232773595831,5181,0,0,1,0,0,0,5178,5178,0,3,0,0,0,0,2,0,5181,5181,True,1.0,36,36,0,0,0,"{""eligible"": 5001, ""historical_ST"": 174, ""new_listing_age_le_20"": 5, ""unmatched_or_special_limit_regime"": 1}",0.0,1.0,2026-04-07
20260408,5003,5186,183,0.03528731199382954,5186,0,0,1,0,0,0,5184,5184,0,2,0,0,0,0,2,0,5186,5186,True,1.0,93,93,0,0,0,"{""eligible"": 5003, ""historical_ST"": 176, ""new_listing_age_le_20"": 6, ""unmatched_or_special_limit_regime"": 1}",0.0,1.0,2026-04-08
20260409,5004,5187,183,0.035280508964719494,5187,0,0,1,0,0,0,5186,5186,0,1,0,0,0,0,2,0,5187,5187,True,1.0,122,122,0,0,0,"{""eligible"": 5004, ""historical_ST"": 176, ""new_listing_age_le_20"": 6, ""unmatched_or_special_limit_regime"": 1}",0.0,1.0,2026-04-09
20260410,5005,5190,185,0.03564547206165703,5190,0,0,1,0,0,0,5187,5187,0,3,0,0,0,0,2,0,5190,5190,True,1.0,54,54,0,0,0,"{""eligible"": 5005, ""historical_ST"": 176, ""new_listing_age_le_20"": 8, ""unmatched_or_special_limit_regime"": 1}",0.0,1.0,2026-04-10
20260413,5004,5188,184,0.03546646106399383,5188,0,0,1,0,0,0,5185,5185,0,3,0,0,0,0,1,0,5188,5188,True,1.0,59,59,0,0,0,"{""eligible"": 5004, ""historical_ST"": 175, ""new_listing_age_le_20"": 8, ""unmatched_or_special_limit_regime"": 1}",0.0,1.0,2026-04-13
20260414,5005,5190,185,0.03564547206165703,5190,0,0,1,0,0,0,5187,5187,0,3,0,0,0,0,1,0,5190,5190,True,1.0,58,58,0,0,0,"{""eligible"": 5005, ""historical_ST"": 176, ""new_listing_age_le_20"": 8, ""unmatched_or_special_limit_regime"": 1}",0.0,1.0,2026-04-14
20260415,5004,5188,184,0.03546646106399383,5188,0,0,1,0,0,0,5186,5186,0,2,0,0,0,0,1,0,5188,5188,True,1.0,54,54,0,0,0,"{""eligible"": 5004, ""historical_ST"": 175, ""new_listing_age_le_20"": 8, ""unmatched_or_special_limit_regime"": 1}",0.0,1.0,2026-04-15
20260416,5005,5191,186,0.035831246387979195,5191,0,0,1,0,0,0,5187,5187,0,4,0,0,0,0,1,0,5191,5191,True,1.0,56,56,0,0,0,"{""eligible"": 5005, ""historical_ST"": 175, ""new_listing_age_le_20"": 10, ""unmatched_or_special_limit_regime"": 1}",0.0,1.0,2026-04-16
20260417,5006,5190,184,0.035452793834296725,5190,0,0,1,0,0,0,5187,5187,0,3,0,0,0,0,1,0,5190,5190,True,1.0,79,79,0,0,0,"{""eligible"": 5006, ""historical_ST"": 172, ""new_listing_age_le_20"": 11, ""unmatched_or_special_limit_regime"": 1}",0.0,1.0,2026-04-17
20260420,5003,5185,182,0.035101253616200576,5185,0,0,1,0,0,0,5182,5182,0,3,0,0,0,0,1,0,5185,5185,True,1.0,69,69,0,0,0,"{""eligible"": 5003, ""historical_ST"": 170, ""new_listing_age_le_20"": 11, ""unmatched_or_special_limit_regime"": 1}",0.0,1.0,2026-04-20
20260421,5004,5190,186,0.035838150289017344,5190,0,0,1,0,0,0,5185,5185,0,5,0,0,0,0,1,0,5190,5190,True,1.0,75,75,0,0,0,"{""eligible"": 5004, ""historical_ST"": 172, ""new_listing_age_le_20"": 13, ""unmatched_or_special_limit_regime"": 1}",0.0,1.0,2026-04-21
20260422,5000,5189,189,0.036423202929273465,5189,0,0,2,0,0,0,5184,5184,0,5,0,0,0,0,0,0,5189,5189,True,1.0,53,53,0,0,0,"{""eligible"": 5000, ""historical_ST"": 175, ""new_listing_age_le_20"": 13, ""unmatched_or_special_limit_regime"": 1}",0.0,1.0,2026-04-22
20260423,4998,5187,189,0.03643724696356275,5187,0,0,2,0,0,0,5184,5184,0,3,0,0,0,0,0,0,5187,5187,True,1.0,54,54,0,0,0,"{""eligible"": 4998, ""historical_ST"": 177, ""new_listing_age_le_20"": 11, ""unmatched_or_special_limit_regime"": 1}",0.0,1.0,2026-04-23
20260424,4995,5187,192,0.03701561596298438,5187,0,0,2,0,0,0,5184,5184,0,3,0,0,0,0,0,0,5187,5187,True,1.0,50,50,0,0,0,"{""eligible"": 4995, ""historical_ST"": 179, ""new_listing_age_le_20"": 12, ""unmatched_or_special_limit_regime"": 1}",0.0,1.0,2026-04-24
20260427,4988,5185,197,0.03799421407907425,5185,0,0,2,0,0,0,5182,5182,0,3,0,0,0,0,0,0,5185,5185,True,1.0,59,59,0,0,0,"{""eligible"": 4988, ""historical_ST"": 184, ""new_listing_age_le_20"": 12, ""unmatched_or_special_limit_regime"": 1}",0.0,1.0,2026-04-27
20260428,4978,5178,200,0.03862495171881035,5178,0,0,2,0,0,0,5177,5177,0,1,0,0,0,0,0,0,5178,5178,True,1.0,65,64,1,0,0,"{""eligible"": 4978, ""historical_ST"": 187, ""new_listing_age_le_20"": 12, ""unmatched_or_special_limit_regime"": 1}",0.0,1.0,2026-04-28
20260429,4949,5152,203,0.03940217391304348,5152,0,0,2,0,0,0,5151,5151,0,1,0,0,0,0,0,0,5152,5152,True,1.0,58,57,1,0,0,"{""eligible"": 4949, ""historical_ST"": 192, ""new_listing_age_le_20"": 10, ""unmatched_or_special_limit_regime"": 1}",0.0,1.0,2026-04-29
20260430,4922,5151,229,0.04445738691516211,5151,0,0,2,0,0,0,5149,5149,0,2,0,0,0,0,0,0,5151,5151,True,1.0,101,101,0,0,0,"{""eligible"": 4922, ""historical_ST"": 218, ""new_listing_age_le_20"": 10, ""unmatched_or_special_limit_regime"": 1}",0.0,1.0,2026-04-30
20260506,4921,5180,259,0.05,5180,0,0,2,0,0,0,5179,5179,0,1,0,0,0,0,0,0,5180,5180,True,1.0,78,78,0,0,0,"{""eligible"": 4921, ""historical_ST"": 248, ""new_listing_age_le_20"": 10, ""unmatched_or_special_limit_regime"": 1}",0.0,1.0,2026-05-06
20260507,4923,5182,259,0.049980702431493634,5182,0,0,2,0,0,0,5181,5181,0,1,0,0,0,0,0,0,5182,5182,True,1.0,101,101,0,0,0,"{""eligible"": 4923, ""historical_ST"": 248, ""new_listing_age_le_20"": 10, ""unmatched_or_special_limit_regime"": 1}",0.0,1.0,2026-05-07
20260508,4923,5180,257,0.049613899613899615,5180,0,0,2,0,0,0,5179,5179,0,1,0,0,0,0,0,0,5180,5180,True,1.0,99,99,0,0,0,"{""eligible"": 4923, ""historical_ST"": 246, ""new_listing_age_le_20"": 10, ""unmatched_or_special_limit_regime"": 1}",0.0,1.0,2026-05-08
20260511,4922,5180,258,0.04980694980694981,5180,0,0,2,0,0,0,5177,5177,0,3,0,0,0,0,0,0,5180,5180,True,1.0,96,95,1,0,0,"{""eligible"": 4922, ""historical_ST"": 246, ""new_listing_age_le_20"": 11, ""unmatched_or_special_limit_regime"": 1}",0.0,1.0,2026-05-11
20260512,4921,5179,258,0.04981656690480788,5179,0,0,2,0,0,0,5177,5177,0,2,0,0,0,0,0,0,5179,5179,True,1.0,93,93,0,0,0,"{""eligible"": 4921, ""historical_ST"": 246, ""new_listing_age_le_20"": 11, ""unmatched_or_special_limit_regime"": 1}",0.0,1.0,2026-05-12
20260513,4928,5183,255,0.04919930542157052,5183,0,0,2,0,0,0,5181,5181,0,2,0,0,0,0,0,0,5183,5183,True,1.0,57,57,0,0,0,"{""eligible"": 4928, ""historical_ST"": 245, ""new_listing_age_le_20"": 9, ""unmatched_or_special_limit_regime"": 1}",0.0,1.0,2026-05-13
20260514,4928,5183,255,0.04919930542157052,5183,0,0,2,0,0,0,5181,5181,0,2,0,0,0,0,0,0,5183,5183,True,1.0,112,111,1,0,0,"{""eligible"": 4928, ""historical_ST"": 245, ""new_listing_age_le_20"": 9, ""unmatched_or_special_limit_regime"": 1}",0.0,1.0,2026-05-14
20260515,4929,5184,255,0.04918981481481482,5184,0,0,2,0,0,0,5181,5181,0,3,0,0,0,0,0,0,5184,5184,True,1.0,55,55,0,0,0,"{""eligible"": 4929, ""historical_ST"": 244, ""new_listing_age_le_20"": 10, ""unmatched_or_special_limit_regime"": 1}",0.0,1.0,2026-05-15
20260518,4931,5187,256,0.04935415461731251,5187,0,0,2,0,0,0,5185,5185,0,2,0,0,0,0,0,0,5187,5187,True,1.0,55,55,0,0,0,"{""eligible"": 4931, ""historical_ST"": 244, ""new_listing_age_le_20"": 11, ""unmatched_or_special_limit_regime"": 1}",0.0,1.0,2026-05-18
20260519,4932,5182,250,0.048243921265920496,5182,0,0,2,0,0,0,5179,5179,0,3,0,0,0,0,0,0,5182,5182,True,1.0,78,78,0,0,0,"{""eligible"": 4932, ""historical_ST"": 239, ""new_listing_age_le_20"": 9, ""unmatched_or_special_limit_regime"": 2}",0.0,1.0,2026-05-19
20260520,4939,5186,247,0.04762822984959506,5186,0,0,2,0,0,0,5184,5184,0,2,0,0,0,0,1,0,5186,5186,True,1.0,90,90,0,0,0,"{""eligible"": 4939, ""historical_ST"": 238, ""new_listing_age_le_20"": 8, ""unmatched_or_special_limit_regime"": 1}",0.0,1.0,2026-05-20
20260521,4942,5189,247,0.04760069377529389,5189,0,0,2,0,0,0,5187,5187,0,2,0,0,0,0,1,0,5189,5189,True,1.0,61,61,0,0,0,"{""eligible"": 4942, ""historical_ST"": 238, ""new_listing_age_le_20"": 8, ""unmatched_or_special_limit_regime"": 1}",0.0,1.0,2026-05-21
20260522,4945,5191,246,0.04738971296474668,5191,0,0,2,0,0,0,5188,5188,0,3,0,0,0,0,1,0,5191,5191,True,1.0,34,34,0,0,0,"{""eligible"": 4945, ""historical_ST"": 237, ""new_listing_age_le_20"": 8, ""unmatched_or_special_limit_regime"": 1}",0.0,1.0,2026-05-22
20260525,4945,5191,246,0.04738971296474668,5191,0,0,2,0,0,0,5189,5189,0,2,0,0,0,0,1,0,5191,5191,True,1.0,116,116,0,0,0,"{""eligible"": 4945, ""historical_ST"": 237, ""new_listing_age_le_20"": 8, ""unmatched_or_special_limit_regime"": 1}",0.0,1.0,2026-05-25
20260526,4945,5191,246,0.04738971296474668,5191,0,0,2,0,0,0,5189,5189,0,2,0,0,0,0,1,0,5191,5191,True,1.0,103,103,0,0,0,"{""eligible"": 4945, ""historical_ST"": 237, ""new_listing_age_le_20"": 8, ""unmatched_or_special_limit_regime"": 1}",0.0,1.0,2026-05-26
20260527,4946,5191,245,0.04719707185513389,5191,0,0,2,0,0,0,5188,5188,0,3,0,0,0,0,1,0,5191,5191,True,1.0,49,49,0,0,0,"{""eligible"": 4946, ""historical_ST"": 236, ""new_listing_age_le_20"": 8, ""unmatched_or_special_limit_regime"": 1}",0.0,1.0,2026-05-27
20260528,4946,5191,245,0.04719707185513389,5191,0,0,2,0,0,0,5188,5188,0,3,0,0,0,0,1,0,5191,5191,True,1.0,47,47,0,0,0,"{""eligible"": 4946, ""historical_ST"": 236, ""new_listing_age_le_20"": 8, ""unmatched_or_special_limit_regime"": 1}",0.0,1.0,2026-05-28
20260529,4946,5190,244,0.047013487475915224,5190,0,0,2,0,0,0,5189,5189,0,1,0,0,0,0,1,0,5190,5190,True,1.0,101,101,0,0,0,"{""eligible"": 4946, ""historical_ST"": 235, ""new_listing_age_le_20"": 8, ""unmatched_or_special_limit_regime"": 1}",0.0,1.0,2026-05-29
20260601,4946,5192,246,0.047380585516178735,5192,0,0,2,0,0,0,5187,5187,0,5,0,0,0,0,1,0,5192,5192,True,1.0,50,50,0,0,0,"{""eligible"": 4946, ""historical_ST"": 233, ""new_listing_age_le_20"": 8, ""unmatched_or_special_limit_regime"": 5}",0.0,1.0,2026-06-01
20260602,4954,5191,237,0.045655942978231556,5191,0,0,2,0,0,0,5190,5190,0,1,0,0,0,0,5,0,5191,5191,True,1.0,117,117,0,0,0,"{""eligible"": 4954, ""historical_ST"": 229, ""new_listing_age_le_20"": 7, ""unmatched_or_special_limit_regime"": 1}",0.0,1.0,2026-06-02
20260603,4958,5195,237,0.04562078922040423,5195,0,0,2,0,0,0,5195,5195,0,0,0,0,0,0,5,0,5195,5195,True,1.0,65,65,0,0,0,"{""eligible"": 4958, ""historical_ST"": 229, ""new_listing_age_le_20"": 7, ""unmatched_or_special_limit_regime"": 1}",0.0,1.0,2026-06-03
20260604,4958,5195,237,0.04562078922040423,5195,0,0,2,0,0,0,5195,5195,0,0,0,0,0,0,5,0,5195,5195,True,1.0,66,66,0,0,0,"{""eligible"": 4958, ""historical_ST"": 229, ""new_listing_age_le_20"": 7, ""unmatched_or_special_limit_regime"": 1}",0.0,1.0,2026-06-04
20260605,4960,5197,237,0.045603232634212044,5197,0,0,2,0,0,0,5197,5197,0,0,0,0,0,0,5,0,5197,5197,True,1.0,79,79,0,0,0,"{""eligible"": 4960, ""historical_ST"": 229, ""new_listing_age_le_20"": 7, ""unmatched_or_special_limit_regime"": 1}",0.0,1.0,2026-06-05
20260608,4961,5198,237,0.045594459407464406,5198,0,0,2,0,0,0,5195,5195,0,3,0,0,0,0,5,0,5198,5198,True,1.0,75,75,0,0,0,"{""eligible"": 4961, ""historical_ST"": 228, ""new_listing_age_le_20"": 5, ""unmatched_or_special_limit_regime"": 4}",0.0,1.0,2026-06-08
20260609,4962,5198,236,0.04540207772220085,5198,0,0,2,0,0,0,5197,5197,0,1,0,0,0,0,7,0,5198,5198,True,1.0,55,55,0,0,0,"{""eligible"": 4962, ""historical_ST"": 229, ""new_listing_age_le_20"": 6, ""unmatched_or_special_limit_regime"": 1}",0.0,1.0,2026-06-09
20260610,4961,5195,234,0.04504331087584216,5195,0,0,2,0,0,0,5194,5194,0,1,0,0,0,0,7,0,5195,5195,True,1.0,130,130,0,0,0,"{""eligible"": 4961, ""historical_ST"": 227, ""new_listing_age_le_20"": 6, ""unmatched_or_special_limit_regime"": 1}",0.0,1.0,2026-06-10
20260611,4962,5193,231,0.04448295782784518,5193,0,0,2,0,0,0,5192,5192,0,1,0,0,0,0,7,0,5193,5193,True,1.0,70,70,0,0,0,"{""eligible"": 4962, ""historical_ST"": 224, ""new_listing_age_le_20"": 6, ""unmatched_or_special_limit_regime"": 1}",0.0,1.0,2026-06-11
20260612,4965,5194,229,0.044089333846746244,5194,0,0,2,0,0,0,5193,5193,0,1,0,0,0,0,7,0,5194,5194,True,1.0,70,70,0,0,0,"{""eligible"": 4965, ""historical_ST"": 223, ""new_listing_age_le_20"": 5, ""unmatched_or_special_limit_regime"": 1}",0.0,1.0,2026-06-12
20260615,4967,5189,222,0.04278280978994026,5189,0,0,2,0,0,0,5188,5188,0,1,0,0,0,0,7,0,5189,5189,True,1.0,91,91,0,0,0,"{""eligible"": 4967, ""historical_ST"": 217, ""new_listing_age_le_20"": 4, ""unmatched_or_special_limit_regime"": 1}",0.0,1.0,2026-06-15
20260616,4971,5194,223,0.04293415479399307,5194,0,0,2,0,0,0,5194,5194,0,0,0,0,0,0,7,0,5194,5194,True,1.0,149,148,1,0,0,"{""eligible"": 4971, ""historical_ST"": 218, ""new_listing_age_le_20"": 4, ""unmatched_or_special_limit_regime"": 1}",0.0,1.0,2026-06-16
20260617,4968,5190,222,0.04277456647398844,5190,0,0,2,0,0,0,5190,5190,0,0,0,0,0,0,7,0,5190,5190,True,1.0,117,115,2,0,0,"{""eligible"": 4968, ""historical_ST"": 217, ""new_listing_age_le_20"": 4, ""unmatched_or_special_limit_regime"": 1}",0.0,1.0,2026-06-17
20260618,4970,5188,218,0.042020046260601386,5188,0,0,2,0,0,0,5187,5187,0,1,0,0,0,0,7,0,5188,5188,True,1.0,87,87,0,0,0,"{""eligible"": 4970, ""historical_ST"": 212, ""new_listing_age_le_20"": 4, ""unmatched_or_special_limit_regime"": 2}",0.0,1.0,2026-06-18
20260622,4976,5191,215,0.041417838566750145,5191,0,0,2,0,0,0,5191,5191,0,0,0,0,0,0,8,0,5191,5191,True,1.0,93,93,0,0,0,"{""eligible"": 4976, ""historical_ST"": 212, ""new_listing_age_le_20"": 2, ""unmatched_or_special_limit_regime"": 1}",0.0,1.0,2026-06-22
20260623,4976,5193,217,0.041787020989793956,5193,0,0,2,0,0,0,5191,5191,0,2,0,0,0,0,4,0,5193,5193,True,1.0,136,136,0,0,0,"{""eligible"": 4976, ""historical_ST"": 212, ""new_listing_age_le_20"": 2, ""unmatched_or_special_limit_regime"": 3}",0.0,1.0,2026-06-23
20260624,4977,5192,215,0.041409861325115566,5192,0,0,2,0,0,0,5191,5191,0,1,0,0,0,0,6,0,5192,5192,True,1.0,95,95,0,0,0,"{""eligible"": 4977, ""historical_ST"": 211, ""new_listing_age_le_20"": 3, ""unmatched_or_special_limit_regime"": 1}",0.0,1.0,2026-06-24
20260625,4979,5191,212,0.04083991523791177,5191,0,0,2,0,0,0,5190,5190,0,1,0,0,0,0,6,0,5191,5191,True,1.0,97,96,1,0,0,"{""eligible"": 4979, ""historical_ST"": 209, ""new_listing_age_le_20"": 2, ""unmatched_or_special_limit_regime"": 1}",0.0,1.0,2026-06-25
20260626,4980,5193,213,0.04101675332177932,5193,0,0,2,0,0,0,5190,5190,0,3,0,0,0,0,6,0,5193,5193,True,1.0,87,87,0,0,0,"{""eligible"": 4980, ""historical_ST"": 208, ""new_listing_age_le_20"": 3, ""unmatched_or_special_limit_regime"": 2}",0.0,1.0,2026-06-26
20260629,4977,5189,212,0.040855656195798805,5189,0,0,2,0,0,0,5187,5187,0,2,0,0,0,0,7,0,5189,5189,True,1.0,60,58,2,0,0,"{""eligible"": 4977, ""historical_ST"": 208, ""new_listing_age_le_20"": 3, ""unmatched_or_special_limit_regime"": 1}",0.0,1.0,2026-06-29
20260630,4974,5186,212,0.040879290397223295,5186,0,0,2,0,0,0,5184,5184,0,2,0,0,0,0,4,0,5186,5186,True,1.0,108,107,1,0,0,"{""eligible"": 4974, ""historical_ST"": 208, ""new_listing_age_le_20"": 3, ""unmatched_or_special_limit_regime"": 1}",0.0,1.0,2026-06-30
20260701,4979,5189,210,0.04047022547697052,5189,0,0,2,0,0,0,5188,5188,0,1,0,0,0,0,4,0,5189,5189,True,1.0,142,142,0,0,0,"{""eligible"": 4979, ""historical_ST"": 206, ""new_listing_age_le_20"": 3, ""unmatched_or_special_limit_regime"": 1}",0.0,1.0,2026-07-01
20260702,4983,5194,211,0.040623796688486716,5194,0,0,2,0,0,0,5192,5192,0,2,0,0,0,0,4,0,5194,5194,True,1.0,153,153,0,0,0,"{""eligible"": 4983, ""historical_ST"": 206, ""new_listing_age_le_20"": 4, ""unmatched_or_special_limit_regime"": 1}",0.0,1.0,2026-07-02
20260703,4983,5193,210,0.040439052570768345,5193,0,0,2,0,0,0,5192,5192,0,1,0,0,0,0,4,0,5193,5193,True,1.0,94,94,0,0,0,"{""eligible"": 4983, ""historical_ST"": 205, ""new_listing_age_le_20"": 4, ""unmatched_or_special_limit_regime"": 1}",0.0,1.0,2026-07-03
20260706,4984,5194,210,0.04043126684636118,5194,0,0,2,0,0,0,5193,5193,0,1,0,0,0,0,4,0,5194,5194,True,1.0,106,106,0,0,0,"{""eligible"": 4984, ""historical_ST"": 205, ""new_listing_age_le_20"": 4, ""unmatched_or_special_limit_regime"": 1}",0.0,1.0,2026-07-06
20260707,4982,5194,212,0.04081632653061224,5194,0,0,2,0,0,0,5193,5193,0,1,0,0,0,0,4,0,5194,5194,True,1.0,66,66,0,0,0,"{""eligible"": 4982, ""historical_ST"": 207, ""new_listing_age_le_20"": 4, ""unmatched_or_special_limit_regime"": 1}",0.0,1.0,2026-07-07
20260708,4983,5194,211,0.040623796688486716,5194,0,0,2,0,0,0,5193,5193,0,1,0,0,0,0,4,0,5194,5194,True,1.0,33,33,0,0,0,"{""eligible"": 4983, ""historical_ST"": 207, ""new_listing_age_le_20"": 3, ""unmatched_or_special_limit_regime"": 1}",0.0,1.0,2026-07-08
20260709,4983,5194,211,0.040623796688486716,5194,0,0,2,0,0,0,5194,5194,0,0,0,0,0,0,4,0,5194,5194,True,1.0,47,47,0,0,0,"{""eligible"": 4983, ""historical_ST"": 207, ""new_listing_age_le_20"": 3, ""unmatched_or_special_limit_regime"": 1}",0.0,1.0,2026-07-09
20260710,4981,5194,213,0.041008856372737774,5194,0,0,2,0,0,0,5193,5193,0,1,0,0,0,0,3,0,5194,5194,True,1.0,75,74,1,0,0,"{""eligible"": 4981, ""historical_ST"": 208, ""new_listing_age_le_20"": 4, ""unmatched_or_special_limit_regime"": 1}",0.0,1.0,2026-07-10
20260713,4985,5197,212,0.04079276505676352,5197,0,0,2,0,0,0,5196,5196,0,1,0,0,0,0,3,0,5197,5197,True,1.0,91,91,0,0,0,"{""eligible"": 4985, ""historical_ST"": 207, ""new_listing_age_le_20"": 4, ""unmatched_or_special_limit_regime"": 1}",0.0,1.0,2026-07-13
20260714,4985,5197,212,0.04079276505676352,5197,0,0,2,0,0,0,5196,5196,0,1,0,0,0,0,1,0,5197,5197,True,1.0,29,28,0,1,0,"{""eligible"": 4985, ""historical_ST"": 207, ""new_listing_age_le_20"": 4, ""unmatched_or_special_limit_regime"": 1}",0.0,1.0,2026-07-14
20260715,4985,5198,213,0.0409772989611389,5198,0,0,2,0,0,0,5197,5197,0,1,0,0,0,0,1,0,5198,5198,True,1.0,81,81,0,0,0,"{""eligible"": 4985, ""historical_ST"": 208, ""new_listing_age_le_20"": 4, ""unmatched_or_special_limit_regime"": 1}",0.0,1.0,2026-07-15
20260716,4984,5197,213,0.04098518375986146,5197,0,0,2,0,0,0,5196,5196,0,1,0,0,0,0,1,0,5197,5197,True,1.0,71,71,0,0,0,"{""eligible"": 4984, ""historical_ST"": 208, ""new_listing_age_le_20"": 4, ""unmatched_or_special_limit_regime"": 1}",0.0,1.0,2026-07-16
20260717,4984,5195,211,0.04061597690086622,5195,0,0,2,0,0,0,5195,5195,0,0,0,0,0,0,0,0,5195,5195,True,1.0,40,40,0,0,0,"{""eligible"": 4984, ""historical_ST"": 206, ""new_listing_age_le_20"": 4, ""unmatched_or_special_limit_regime"": 1}",0.0,1.0,2026-07-17
20260720,4986,5197,211,0.04060034635366558,5197,0,0,3,0,0,0,5197,5197,0,0,0,0,0,0,0,0,5197,5197,True,1.0,32,32,0,0,0,"{""eligible"": 4986, ""historical_ST"": 206, ""new_listing_age_le_20"": 4, ""unmatched_or_special_limit_regime"": 1}",0.0,1.0,2026-07-20
20260721,4986,5198,212,0.04078491727587533,5198,0,0,3,0,0,0,5197,5197,0,1,0,0,0,0,0,0,5198,5198,True,1.0,54,54,0,0,0,"{""eligible"": 4986, ""historical_ST"": 206, ""new_listing_age_le_20"": 5, ""unmatched_or_special_limit_regime"": 1}",0.0,1.0,2026-07-21
20260722,4988,5198,210,0.040400153905348214,5198,0,0,3,0,0,0,5197,5197,0,1,0,0,0,0,0,0,5198,5198,True,1.0,117,117,0,0,0,"{""eligible"": 4988, ""historical_ST"": 205, ""new_listing_age_le_20"": 4, ""unmatched_or_special_limit_regime"": 1}",0.0,1.0,2026-07-22
20260723,4988,5198,210,0.040400153905348214,5198,0,0,3,0,0,0,5197,5197,0,1,0,0,0,0,0,0,5198,5198,True,1.0,45,45,0,0,0,"{""eligible"": 4988, ""historical_ST"": 205, ""new_listing_age_le_20"": 4, ""unmatched_or_special_limit_regime"": 1}",0.0,1.0,2026-07-23
20260724,4988,5197,209,0.0402155089474697,5197,0,0,3,0,0,0,5196,5196,0,1,0,0,0,0,0,0,5197,5197,True,1.0,116,116,0,0,0,"{""eligible"": 4988, ""historical_ST"": 205, ""new_listing_age_le_20"": 3, ""unmatched_or_special_limit_regime"": 1}",0.0,1.0,2026-07-24
20260727,4983,5193,210,0.040439052570768345,5193,0,0,4,0,0,0,5191,5191,0,2,0,0,0,0,0,0,5193,5193,True,1.0,40,40,0,0,0,"{""eligible"": 4983, ""historical_ST"": 205, ""new_listing_age_le_20"": 4, ""unmatched_or_special_limit_regime"": 1}",0.0,1.0,2026-07-27
20260728,4983,5194,211,0.040623796688486716,5194,0,0,4,0,0,0,5193,5193,0,1,0,0,0,0,0,0,5194,5194,True,1.0,110,110,0,0,0,"{""eligible"": 4983, ""historical_ST"": 206, ""new_listing_age_le_20"": 4, ""unmatched_or_special_limit_regime"": 1}",0.0,1.0,2026-07-28
20260729,4983,5193,210,0.040439052570768345,5193,0,0,4,0,0,0,5192,5192,0,1,0,0,0,0,0,0,5193,5193,True,1.0,60,60,0,0,0,"{""eligible"": 4983, ""historical_ST"": 205, ""new_listing_age_le_20"": 4, ""unmatched_or_special_limit_regime"": 1}",0.0,1.0,2026-07-29
20260730,4988,5197,209,0.0402155089474697,5197,0,0,4,0,0,0,5195,5195,0,2,0,0,0,0,0,0,5197,5197,True,1.0,81,80,1,0,0,"{""eligible"": 4988, ""historical_ST"": 204, ""new_listing_age_le_20"": 4, ""unmatched_or_special_limit_regime"": 1}",0.0,1.0,2026-07-30
20260731,4988,5197,209,0.0402155089474697,5197,0,0,4,0,0,0,5195,5195,0,2,0,0,0,0,0,0,5197,5197,True,1.0,51,51,0,0,0,"{""eligible"": 4988, ""historical_ST"": 204, ""new_listing_age_le_20"": 4, ""unmatched_or_special_limit_regime"": 1}",0.0,1.0,2026-07-31
20260803,4987,5197,210,0.04040792765056764,5197,0,0,4,0,0,0,5196,5196,0,1,0,0,0,0,0,0,5197,5197,True,1.0,99,98,1,0,0,"{""eligible"": 4987, ""historical_ST"": 205, ""new_listing_age_le_20"": 4, ""unmatched_or_special_limit_regime"": 1}",0.0,1.0,2026-08-03
20260804,4987,5197,210,0.04040792765056764,5197,0,0,4,0,0,0,5195,5195,0,2,0,0,0,0,0,0,5197,5197,True,1.0,75,75,0,0,0,"{""eligible"": 4987, ""historical_ST"": 204, ""new_listing_age_le_20"": 5, ""unmatched_or_special_limit_regime"": 1}",0.0,1.0,2026-08-04
20260805,4989,5199,210,0.040392383150605886,5199,0,0,4,0,0,0,5197,5197,0,2,0,0,0,0,0,0,5199,5199,True,1.0,138,138,0,0,0,"{""eligible"": 4989, ""historical_ST"": 204, ""new_listing_age_le_20"": 5, ""unmatched_or_special_limit_regime"": 1}",0.0,1.0,2026-08-05
20260806,4990,5200,210,0.04038461538461539,5200,0,0,4,0,0,0,5198,5198,0,2,0,0,0,0,0,0,5200,5200,True,1.0,103,103,0,0,0,"{""eligible"": 4990, ""historical_ST"": 203, ""new_listing_age_le_20"": 6, ""unmatched_or_special_limit_regime"": 1}",0.0,1.0,2026-08-06
20260807,4992,5202,210,0.040369088811995385,5202,0,0,4,0,0,0,5199,5199,0,3,0,0,0,0,0,0,5202,5202,True,1.0,79,79,0,0,0,"{""eligible"": 4992, ""historical_ST"": 203, ""new_listing_age_le_20"": 6, ""unmatched_or_special_limit_regime"": 1}",0.0,1.0,2026-08-07
20260810,4994,5205,211,0.04053794428434198,5205,0,0,4,0,0,0,5202,5202,0,3,0,0,0,0,0,0,5205,5205,True,1.0,75,75,0,0,0,"{""eligible"": 4994, ""historical_ST"": 204, ""new_listing_age_le_20"": 6, ""unmatched_or_special_limit_regime"": 1}",0.0,1.0,2026-08-10
20260811,4992,5205,213,0.04092219020172911,5205,0,0,4,0,0,0,5201,5201,0,4,0,0,0,0,0,0,5205,5205,True,1.0,99,97,2,0,0,"{""eligible"": 4992, ""historical_ST"": 204, ""new_listing_age_le_20"": 8, ""unmatched_or_special_limit_regime"": 1}",0.0,1.0,2026-08-11
20260812,4992,5204,212,0.04073789392774789,5204,0,0,4,0,0,0,5200,5200,0,4,0,0,0,0,0,0,5204,5204,True,1.0,58,58,0,0,0,"{""eligible"": 4992, ""historical_ST"": 203, ""new_listing_age_le_20"": 8, ""unmatched_or_special_limit_regime"": 1}",0.0,1.0,2026-08-12
20260813,4993,5205,212,0.040730067243035545,5205,0,0,4,0,0,0,5202,5202,0,3,0,0,0,0,0,0,5205,5205,True,1.0,92,92,0,0,0,"{""eligible"": 4993, ""historical_ST"": 203, ""new_listing_age_le_20"": 8, ""unmatched_or_special_limit_regime"": 1}",0.0,1.0,2026-08-13
20260814,4993,5205,212,0.040730067243035545,5205,0,0,4,0,0,0,5203,5203,0,2,0,0,0,0,0,0,5205,5205,True,1.0,59,59,0,0,0,"{""eligible"": 4993, ""historical_ST"": 203, ""new_listing_age_le_20"": 8, ""unmatched_or_special_limit_regime"": 1}",0.0,1.0,2026-08-14
20260817,4991,5203,212,0.04074572362098789,5203,0,0,4,0,0,0,5201,5201,0,2,0,0,0,0,0,0,5203,5203,True,1.0,62,62,0,0,0,"{""eligible"": 4991, ""historical_ST"": 203, ""new_listing_age_le_20"": 8, ""unmatched_or_special_limit_regime"": 1}",0.0,1.0,2026-08-17
20260818,4992,5204,212,0.04073789392774789,5204,0,0,4,0,0,0,5203,5203,0,1,0,0,0,0,0,0,5204,5204,True,1.0,106,106,0,0,0,"{""eligible"": 4992, ""historical_ST"": 203, ""new_listing_age_le_20"": 8, ""unmatched_or_special_limit_regime"": 1}",0.0,1.0,2026-08-18
20260819,4991,5204,213,0.04093005380476557,5204,0,0,4,0,0,0,5202,5202,0,2,0,0,0,0,0,0,5204,5204,True,1.0,79,79,0,0,0,"{""eligible"": 4991, ""historical_ST"": 203, ""new_listing_age_le_20"": 9, ""unmatched_or_special_limit_regime"": 1}",0.0,1.0,2026-08-19
20260820,4990,5204,214,0.041122213681783246,5204,0,0,4,0,0,0,5201,5201,0,3,0,0,0,0,0,0,5204,5204,True,1.0,37,37,0,0,0,"{""eligible"": 4990, ""historical_ST"": 203, ""new_listing_age_le_20"": 10, ""unmatched_or_special_limit_regime"": 1}",0.0,1.0,2026-08-20
20260821,4991,5205,214,0.04111431316042267,5205,0,0,4,0,0,0,5202,5202,0,3,0,0,0,0,0,0,5205,5205,True,1.0,79,79,0,0,0,"{""eligible"": 4991, ""historical_ST"": 203, ""new_listing_age_le_20"": 10, ""unmatched_or_special_limit_regime"": 1}",0.0,1.0,2026-08-21
20260824,4995,5207,212,0.04071442289226042,5207,0,0,4,0,0,0,5204,5204,0,3,0,0,0,0,0,0,5207,5207,True,1.0,55,55,0,0,0,"{""eligible"": 4995, ""historical_ST"": 202, ""new_listing_age_le_20"": 9, ""unmatched_or_special_limit_regime"": 1}",0.0,1.0,2026-08-24
20260825,4996,5208,212,0.040706605222734255,5208,0,0,4,0,0,0,5205,5205,0,3,0,0,0,0,0,0,5208,5208,True,1.0,46,46,0,0,0,"{""eligible"": 4996, ""historical_ST"": 201, ""new_listing_age_le_20"": 10, ""unmatched_or_special_limit_regime"": 1}",0.0,1.0,2026-08-25
20260826,4997,5209,212,0.04069879055480898,5209,0,0,4,0,0,0,5207,5207,0,2,0,0,0,0,0,0,5209,5209,True,1.0,65,65,0,0,0,"{""eligible"": 4997, ""historical_ST"": 201, ""new_listing_age_le_20"": 10, ""unmatched_or_special_limit_regime"": 1}",0.0,1.0,2026-08-26
20260827,4999,5209,210,0.040314839700518336,5209,0,0,4,0,0,0,5208,5208,0,1,0,0,0,0,0,0,5209,5209,True,1.0,52,52,0,0,0,"{""eligible"": 4999, ""historical_ST"": 200, ""new_listing_age_le_20"": 9, ""unmatched_or_special_limit_regime"": 1}",0.0,1.0,2026-08-27
20260828,4998,5208,210,0.04032258064516129,5208,0,0,4,0,0,0,5207,5207,0,1,0,0,0,0,0,0,5208,5208,True,1.0,75,75,0,0,0,"{""eligible"": 4998, ""historical_ST"": 200, ""new_listing_age_le_20"": 9, ""unmatched_or_special_limit_regime"": 1}",0.0,1.0,2026-08-28
20260831,4997,5206,209,0.040145985401459854,5206,0,0,4,0,0,0,5205,5205,0,1,0,0,0,0,0,0,5206,5206,True,1.0,81,80,1,0,0,"{""eligible"": 4997, ""historical_ST"": 199, ""new_listing_age_le_20"": 9, ""unmatched_or_special_limit_regime"": 1}",0.0,1.0,2026-08-31
20260901,4998,5207,209,0.04013827539850202,5207,0,0,4,0,0,0,5205,5205,0,2,0,0,0,0,0,0,5207,5207,True,1.0,86,86,0,0,0,"{""eligible"": 4998, ""historical_ST"": 198, ""new_listing_age_le_20"": 10, ""unmatched_or_special_limit_regime"": 1}",0.0,1.0,2026-09-01
20260902,4999,5208,209,0.04013056835637481,5208,0,0,4,0,0,0,5205,5205,0,3,0,0,0,0,0,0,5208,5208,True,1.0,80,80,0,0,0,"{""eligible"": 4999, ""historical_ST"": 197, ""new_listing_age_le_20"": 11, ""unmatched_or_special_limit_regime"": 1}",0.0,1.0,2026-09-02
20260903,5000,5209,209,0.040122864273373006,5209,0,0,4,0,0,0,5206,5206,0,3,0,0,0,0,0,0,5209,5209,True,1.0,50,50,0,0,0,"{""eligible"": 5000, ""historical_ST"": 198, ""new_listing_age_le_20"": 10, ""unmatched_or_special_limit_regime"": 1}",0.0,1.0,2026-09-03
20260904,5000,5207,207,0.039754177069329745,5207,0,0,4,0,0,0,5204,5204,0,3,0,0,0,0,0,0,5207,5207,True,1.0,44,44,0,0,0,"{""eligible"": 5000, ""historical_ST"": 197, ""new_listing_age_le_20"": 9, ""unmatched_or_special_limit_regime"": 1}",0.0,1.0,2026-09-04
20260907,4999,5207,208,0.03994622623391588,5207,0,0,4,0,0,0,5203,5203,0,4,0,0,0,0,0,0,5207,5207,True,1.0,39,39,0,0,0,"{""eligible"": 4999, ""historical_ST"": 197, ""new_listing_age_le_20"": 10, ""unmatched_or_special_limit_regime"": 1}",0.0,1.0,2026-09-07
20260908,5000,5207,207,0.039754177069329745,5207,0,0,5,0,0,0,5205,5205,0,2,0,0,0,0,0,0,5207,5207,True,1.0,92,92,0,0,0,"{""eligible"": 5000, ""historical_ST"": 198, ""new_listing_age_le_20"": 8, ""unmatched_or_special_limit_regime"": 1}",0.0,1.0,2026-09-08
20260909,4999,5207,208,0.03994622623391588,5207,0,0,5,0,0,0,5205,5205,0,2,0,0,0,0,0,0,5207,5207,True,1.0,73,73,0,0,0,"{""eligible"": 4999, ""historical_ST"": 198, ""new_listing_age_le_20"": 9, ""unmatched_or_special_limit_regime"": 1}",0.0,1.0,2026-09-09
20260910,4997,5206,209,0.040145985401459854,5206,0,0,5,0,0,0,5203,5203,0,3,0,0,0,0,0,0,5206,5206,True,1.0,48,48,0,0,0,"{""eligible"": 4997, ""historical_ST"": 198, ""new_listing_age_le_20"": 10, ""unmatched_or_special_limit_regime"": 1}",0.0,1.0,2026-09-10
20260911,4998,5207,209,0.04013827539850202,5207,0,0,5,0,0,0,5203,5203,0,4,0,0,0,0,0,0,5207,5207,True,1.0,34,34,0,0,0,"{""eligible"": 4998, ""historical_ST"": 197, ""new_listing_age_le_20"": 11, ""unmatched_or_special_limit_regime"": 1}",0.0,1.0,2026-09-11
20260914,4998,5207,209,0.04013827539850202,5207,0,0,5,0,0,0,5204,5204,0,3,0,0,0,0,0,0,5207,5207,True,1.0,40,40,0,0,0,"{""eligible"": 4998, ""historical_ST"": 197, ""new_listing_age_le_20"": 11, ""unmatched_or_special_limit_regime"": 1}",0.0,1.0,2026-09-14
20260915,4997,5205,208,0.039961575408261285,5205,0,0,5,0,0,0,5202,5202,0,3,0,0,0,0,0,0,5205,5205,True,1.0,53,52,1,0,0,"{""eligible"": 4997, ""historical_ST"": 197, ""new_listing_age_le_20"": 10, ""unmatched_or_special_limit_regime"": 1}",0.0,1.0,2026-09-15
20260916,4998,5206,208,0.039953899346907414,5206,0,0,5,0,0,0,5203,5203,0,3,0,0,0,0,0,0,5206,5206,True,1.0,32,32,0,0,0,"{""eligible"": 4998, ""historical_ST"": 197, ""new_listing_age_le_20"": 10, ""unmatched_or_special_limit_regime"": 1}",0.0,1.0,2026-09-16
20260917,5001,5209,208,0.03993088884622768,5209,0,0,5,0,0,0,5206,5206,0,3,0,0,0,0,0,0,5209,5209,True,1.0,89,89,0,0,0,"{""eligible"": 5001, ""historical_ST"": 197, ""new_listing_age_le_20"": 10, ""unmatched_or_special_limit_regime"": 1}",0.0,1.0,2026-09-17
20260918,5001,5209,208,0.03993088884622768,5209,0,0,5,0,0,0,5207,5207,0,2,0,0,0,0,0,0,5209,5209,True,1.0,47,47,0,0,0,"{""eligible"": 5001, ""historical_ST"": 197, ""new_listing_age_le_20"": 10, ""unmatched_or_special_limit_regime"": 1}",0.0,1.0,2026-09-18
20260921,5001,5209,208,0.03993088884622768,5209,0,0,5,0,0,0,5207,5207,0,2,0,0,0,0,0,0,5209,5209,True,1.0,76,76,0,0,0,"{""eligible"": 5001, ""historical_ST"": 197, ""new_listing_age_le_20"": 10, ""unmatched_or_special_limit_regime"": 1}",0.0,1.0,2026-09-21
20260922,5001,5209,208,0.03993088884622768,5209,0,0,5,0,0,0,5206,5206,0,3,0,0,0,0,0,0,5209,5209,True,1.0,101,100,1,0,0,"{""eligible"": 5001, ""historical_ST"": 197, ""new_listing_age_le_20"": 10, ""unmatched_or_special_limit_regime"": 1}",0.0,1.0,2026-09-22
20260923,5002,5210,208,0.039923224568138196,5210,0,0,5,0,0,0,5208,5208,0,2,0,0,0,0,0,0,5210,5210,True,1.0,63,63,0,0,0,"{""eligible"": 5002, ""historical_ST"": 197, ""new_listing_age_le_20"": 10, ""unmatched_or_special_limit_regime"": 1}",0.0,1.0,2026-09-23
20260924,5003,5210,207,0.03973128598848368,5210,0,0,5,0,0,0,5209,5209,0,1,0,0,0,0,0,0,5210,5210,True,1.0,51,51,0,0,0,"{""eligible"": 5003, ""historical_ST"": 196, ""new_listing_age_le_20"": 10, ""unmatched_or_special_limit_regime"": 1}",0.0,1.0,2026-09-24
20260928,5004,5210,206,0.039539347408829174,5210,0,0,5,0,0,0,5209,5209,0,1,0,0,0,0,0,0,5210,5210,True,1.0,50,50,0,0,0,"{""eligible"": 5004, ""historical_ST"": 195, ""new_listing_age_le_20"": 10, ""unmatched_or_special_limit_regime"": 1}",0.0,1.0,2026-09-28
20260929,5005,5211,206,0.03953175973901363,5211,0,0,5,0,0,0,5209,5209,0,2,0,0,0,0,0,0,5211,5211,True,1.0,33,33,0,0,0,"{""eligible"": 5005, ""historical_ST"": 194, ""new_listing_age_le_20"": 11, ""unmatched_or_special_limit_regime"": 1}",0.0,1.0,2026-09-29
20260930,5007,5213,206,0.039516593132553235,5213,0,0,5,0,0,0,5210,5210,0,3,0,0,0,0,0,0,5213,5213,True,1.0,56,55,1,0,0,"{""eligible"": 5007, ""historical_ST"": 194, ""new_listing_age_le_20"": 10, ""unmatched_or_special_limit_regime"": 2}",0.0,1.0,2026-09-30
