date,score_B0,score_live_legacy,score_live_history_own,score_formal_B0cal,score_formal_F1cal,common_date,trade_date,delta_live_input,delta_historical_ST,delta_calendar_cohort_quality,delta_calibration,delta_total,delta_step_sum,attribution_residual,attribution_basis
20250102,37.29181199347549,37.291811993475505,37.59395167860234,37.59395167860234,37.885578174397594,True,2025-01-02,1.4210854715202004e-14,0.3021396851268321,0.0,0.29162649579525635,0.5937661809221026,0.5937661809221026,0.0,sequential score deltas; calendar/cohort/price/listing/turnover quality combined in third step
20250103,32.1492826001347,32.1492826001347,32.19176672340243,32.19176672340243,32.460351420611715,True,2025-01-03,0.0,0.042484123267733764,0.0,0.2685846972092847,0.31106882047701845,0.31106882047701845,0.0,sequential score deltas; calendar/cohort/price/listing/turnover quality combined in third step
20250106,21.322244631832568,21.32224463183257,21.209570273277045,21.209570273277045,21.4289103904639,True,2025-01-06,3.552713678800501e-15,-0.11267435855552677,0.0,0.21934011718685653,0.10666575863133332,0.10666575863133332,0.0,sequential score deltas; calendar/cohort/price/listing/turnover quality combined in third step
20250107,44.97546309212888,44.975463092128905,45.54522850006024,44.30425603801265,44.70764899663981,True,2025-01-07,2.842170943040401e-14,0.5697654079313352,-1.240972462047587,0.4033929586271583,-0.2678140954890651,-0.2678140954890651,0.0,sequential score deltas; calendar/cohort/price/listing/turnover quality combined in third step
20250108,74.79912602648695,74.79912602648697,74.41361473252165,73.37406552987984,73.47553419823598,True,2025-01-08,2.842170943040401e-14,-0.38551129396532247,-1.0395492026418083,0.10146866835613366,-1.3235918282509687,-1.3235918282509687,0.0,sequential score deltas; calendar/cohort/price/listing/turnover quality combined in third step
20250109,72.80578421737714,72.80578421737715,71.16390209693768,71.39587115154856,71.54322553605745,True,2025-01-09,1.4210854715202004e-14,-1.641882120439476,0.2319690546108859,0.14735438450888694,-1.262558681319689,-1.262558681319689,0.0,sequential score deltas; calendar/cohort/price/listing/turnover quality combined in third step
20250110,3.8646082259487935,3.864608225948805,3.8734553026905516,3.8734553026905516,3.8666674534264125,True,2025-01-10,1.1546319456101628e-14,0.008847076741746562,0.0,-0.006787849264139112,0.0020592274776189967,0.0020592274776189967,0.0,sequential score deltas; calendar/cohort/price/listing/turnover quality combined in third step
20250113,12.211770524206646,12.211770524206658,12.086986304508057,10.050535431254728,10.267528963942732,True,2025-01-13,1.2434497875801753e-14,-0.12478421969860065,-2.0364508732533295,0.21699353268800436,-1.9442415602639134,-1.9442415602639134,0.0,sequential score deltas; calendar/cohort/price/listing/turnover quality combined in third step
20250114,93.3500241711595,93.3500241711595,93.44380086167067,92.449762592445,92.44237150390799,True,2025-01-14,0.0,0.093776690511163,-0.9940382692256691,-0.00739108853700543,-0.9076526672515115,-0.9076526672515115,0.0,sequential score deltas; calendar/cohort/price/listing/turnover quality combined in third step
20250115,42.218192687259155,42.21819268725917,42.071575630237135,42.81175837436472,43.060992826771525,True,2025-01-15,1.4210854715202004e-14,-0.1466170570220342,0.740182744127587,0.2492344524068031,0.8428001395123701,0.8428001395123701,0.0,sequential score deltas; calendar/cohort/price/listing/turnover quality combined in third step
20250116,83.36338233841302,83.36338233841305,83.51143384016508,83.51143384016508,83.57426230939826,True,2025-01-16,2.842170943040401e-14,0.14805150175203607,0.0,0.06282846923318175,0.21087997098524625,0.21087997098524625,0.0,sequential score deltas; calendar/cohort/price/listing/turnover quality combined in third step
20250117,20.990628991370144,20.990628991370155,21.02543219104194,21.02543219104194,21.273412184843266,True,2025-01-17,1.0658141036401503e-14,0.03480319967178502,0.0,0.24797999380132651,0.2827831934731222,0.2827831934731222,0.0,sequential score deltas; calendar/cohort/price/listing/turnover quality combined in third step
20250120,39.78870887466157,39.78870887466157,40.07829848059255,40.07829848059255,40.41003430016105,True,2025-01-20,0.0,0.2895896059309777,0.0,0.3317358195685003,0.621325425499478,0.621325425499478,0.0,sequential score deltas; calendar/cohort/price/listing/turnover quality combined in third step
20250121,51.703942020191164,51.703942020191185,51.7159693695489,51.7159693695489,51.98039962335964,True,2025-01-21,2.1316282072803006e-14,0.012027349357715877,0.0,0.2644302538107368,0.276457603168474,0.276457603168474,0.0,sequential score deltas; calendar/cohort/price/listing/turnover quality combined in third step
20250122,51.90457912088651,51.90457912088654,51.80675361504806,51.80675361504806,52.01397187901916,True,2025-01-22,2.842170943040401e-14,-0.09782550583847893,0.0,0.20721826397110021,0.1093927581326497,0.1093927581326497,0.0,sequential score deltas; calendar/cohort/price/listing/turnover quality combined in third step
20250123,31.24472011942199,31.244720119422013,31.66087697486835,31.66087697486835,31.87348464594414,True,2025-01-23,2.1316282072803006e-14,0.4161568554463386,0.0,0.21260767107578715,0.6287645265221471,0.6287645265221471,0.0,sequential score deltas; calendar/cohort/price/listing/turnover quality combined in third step
20250124,61.12747785707651,61.12747785707654,61.168335473822886,61.168335473822886,61.42485113678128,True,2025-01-24,3.552713678800501e-14,0.040857616746343695,0.0,0.25651566295839245,0.2973732797047717,0.2973732797047717,0.0,sequential score deltas; calendar/cohort/price/listing/turnover quality combined in third step
20250127,6.904747348644698,6.90474734864471,6.944615823420355,6.944615823420355,7.2213092135648065,True,2025-01-27,1.1546319456101628e-14,0.03986847477564481,0.0,0.2766933901444517,0.31656186492010807,0.31656186492010807,0.0,sequential score deltas; calendar/cohort/price/listing/turnover quality combined in third step
20250205,49.31054848817609,49.310548488176096,49.369599564809725,47.888202550748964,48.15418890714955,True,2025-02-05,7.105427357601002e-15,0.05905107663362941,-1.4813970140607609,0.2659863564005889,-1.1563595810265355,-1.1563595810265355,0.0,sequential score deltas; calendar/cohort/price/listing/turnover quality combined in third step
20250206,91.99941332654049,91.99941332654049,92.08585322490222,89.58762955950166,89.77560759119464,True,2025-02-06,0.0,0.08643989836173205,-2.498223665400559,0.18797803169297822,-2.2238057353458487,-2.2238057353458487,0.0,sequential score deltas; calendar/cohort/price/listing/turnover quality combined in third step
20250207,97.3124811786833,97.3124811786833,97.2751426180684,97.39915055457632,97.44181735900347,True,2025-02-07,0.0,-0.0373385606148986,0.12400793650792252,0.042666804427142324,0.12933618032016625,0.12933618032016625,0.0,sequential score deltas; calendar/cohort/price/listing/turnover quality combined in third step
20250210,91.68486282144232,91.68486282144232,91.68337126503866,91.68337126503866,91.69861261638576,True,2025-02-10,0.0,-0.0014915564036641626,0.0,0.015241351347100363,0.0137497949434362,0.0137497949434362,0.0,sequential score deltas; calendar/cohort/price/listing/turnover quality combined in third step
20250211,75.47178690098794,75.47178690098796,75.55207657587887,75.55207657587887,75.83654878799811,True,2025-02-11,2.842170943040401e-14,0.08028967489090633,0.0,0.28447221211924045,0.3647618870101752,0.3647618870101752,0.0,sequential score deltas; calendar/cohort/price/listing/turnover quality combined in third step
20250212,65.81791751723748,65.8179175172375,65.88152866062933,65.88152866062933,66.24642167347854,True,2025-02-12,2.842170943040401e-14,0.0636111433918245,0.0,0.3648930128492083,0.4285041562410612,0.4285041562410612,0.0,sequential score deltas; calendar/cohort/price/listing/turnover quality combined in third step
20250213,59.72261791592466,59.72261791592468,59.78122183190522,59.78122183190522,60.01347447241293,True,2025-02-13,2.1316282072803006e-14,0.05860391598054093,0.0,0.23225264050770988,0.29085655648827213,0.29085655648827213,0.0,sequential score deltas; calendar/cohort/price/listing/turnover quality combined in third step
20250214,59.39850515211329,59.398505152113295,59.38820412972099,59.38852803809784,59.775735034035606,True,2025-02-14,7.105427357601002e-15,-0.010301022392305015,0.00032390837684914686,0.38720699593776686,0.3772298819223181,0.3772298819223181,0.0,sequential score deltas; calendar/cohort/price/listing/turnover quality combined in third step
20250217,69.88012619236947,69.88012619236947,69.87017297346874,69.87017297346874,70.15259804829326,True,2025-02-17,0.0,-0.009953218900733418,0.0,0.2824250748245163,0.27247185592378287,0.27247185592378287,0.0,sequential score deltas; calendar/cohort/price/listing/turnover quality combined in third step
20250218,26.94851100913358,26.948511009133593,26.968732352490374,26.968732352490374,27.248416017106212,True,2025-02-18,1.4210854715202004e-14,0.020221343356780608,0.0,0.27968366461583827,0.2999050079726331,0.2999050079726331,0.0,sequential score deltas; calendar/cohort/price/listing/turnover quality combined in third step
20250219,63.3199158120592,63.31991581205921,63.396832363392406,63.396832363392406,63.70473215846721,True,2025-02-19,7.105427357601002e-15,0.07691655133319841,0.0,0.30789979507480325,0.38481634640800877,0.38481634640800877,0.0,sequential score deltas; calendar/cohort/price/listing/turnover quality combined in third step
20250220,85.7759725711871,85.77597257118713,85.77480433933384,85.77480433933384,85.83308437411758,True,2025-02-20,2.842170943040401e-14,-0.0011682318532848512,0.0,0.05828003478373489,0.05711180293047846,0.05711180293047846,0.0,sequential score deltas; calendar/cohort/price/listing/turnover quality combined in third step
20250221,55.827035620236536,55.82703562023655,55.82703562023655,55.82703562023655,56.18223594778491,True,2025-02-21,1.4210854715202004e-14,0.0,0.0,0.35520032754835995,0.35520032754837416,0.35520032754837416,0.0,sequential score deltas; calendar/cohort/price/listing/turnover quality combined in third step
20250224,36.823349577906455,36.823349577906484,36.870554945797835,36.86902303716241,37.049031106342824,True,2025-02-24,2.842170943040401e-14,0.0472053678913511,-0.0015319086354281808,0.1800080691804169,0.22568152843636824,0.22568152843636824,0.0,sequential score deltas; calendar/cohort/price/listing/turnover quality combined in third step
20250225,50.21986258448928,50.21986258448929,50.25752859512808,50.25752859512808,50.34979825445723,True,2025-02-25,1.4210854715202004e-14,0.037666010638787384,0.0,0.09226965932914766,0.12993566996794925,0.12993566996794925,0.0,sequential score deltas; calendar/cohort/price/listing/turnover quality combined in third step
20250226,82.91738921234052,82.91738921234055,82.99171370780161,82.99171370780161,83.15181997015547,True,2025-02-26,2.842170943040401e-14,0.07432449546105602,0.0,0.16010626235386383,0.23443075781494827,0.23443075781494827,0.0,sequential score deltas; calendar/cohort/price/listing/turnover quality combined in third step
20250227,60.5311785657285,60.531178565728524,60.592318873644416,60.592318873644416,60.82862762083784,True,2025-02-27,2.1316282072803006e-14,0.06114030791589187,0.0,0.23630874719342643,0.2974490551093396,0.2974490551093396,0.0,sequential score deltas; calendar/cohort/price/listing/turnover quality combined in third step
20250228,11.170923061400822,11.170923061400837,10.85968853076267,10.85968853076267,10.856497987194986,True,2025-02-28,1.4210854715202004e-14,-0.311234530638167,0.0,-0.003190543567683335,-0.3144250742058361,-0.3144250742058361,0.0,sequential score deltas; calendar/cohort/price/listing/turnover quality combined in third step
20250303,25.167653537997445,25.167653537997467,23.294500817680834,23.294500817680834,23.424147635032845,True,2025-03-03,2.1316282072803006e-14,-1.8731527203166323,0.0,0.1296468173520111,-1.7435059029645998,-1.7435059029645998,0.0,sequential score deltas; calendar/cohort/price/listing/turnover quality combined in third step
20250304,25.440291283659224,25.440291283659224,31.175861891431143,31.175861891431143,31.346318114813563,True,2025-03-04,0.0,5.735570607771919,0.0,0.17045622338241984,5.906026831154339,5.906026831154339,0.0,sequential score deltas; calendar/cohort/price/listing/turnover quality combined in third step
20250305,34.6980173109156,34.69801731091561,34.59079777858524,34.59079777858524,34.82608379316738,True,2025-03-05,7.105427357601002e-15,-0.10721953233036885,0.0,0.23528601458213672,0.12806648225177497,0.12806648225177497,0.0,sequential score deltas; calendar/cohort/price/listing/turnover quality combined in third step
20250306,74.3493781408913,74.3493781408913,75.10699296382705,75.10699296382705,75.37454326109308,True,2025-03-06,0.0,0.75761482293575,0.0,0.26755029726602686,1.0251651202017769,1.0251651202017769,0.0,sequential score deltas; calendar/cohort/price/listing/turnover quality combined in third step
20250307,31.058860623702113,31.058860623702135,31.096063249545132,31.096063249545132,31.301683328562437,True,2025-03-07,2.1316282072803006e-14,0.037202625842997605,0.0,0.2056200790173044,0.2428227048603233,0.2428227048603233,0.0,sequential score deltas; calendar/cohort/price/listing/turnover quality combined in third step
20250310,20.193940880659266,20.193940880659277,20.242592731138025,20.242592731138025,20.515917735288316,True,2025-03-10,1.0658141036401503e-14,0.048651850478748315,0.0,0.2733250041502906,0.32197685462904957,0.32197685462904957,0.0,sequential score deltas; calendar/cohort/price/listing/turnover quality combined in third step
20250311,49.68974091699032,49.68974091699034,49.549448021542595,49.549448021542595,49.7357934724759,True,2025-03-11,2.1316282072803006e-14,-0.14029289544774315,0.0,0.18634545093330246,0.046052555485580626,0.046052555485580626,0.0,sequential score deltas; calendar/cohort/price/listing/turnover quality combined in third step
20250312,73.54776222420023,73.54776222420026,74.30695748556967,74.30695748556967,74.62307102251667,True,2025-03-12,2.842170943040401e-14,0.7591952613694133,0.0,0.3161135369470003,1.075308798316442,1.075308798316442,0.0,sequential score deltas; calendar/cohort/price/listing/turnover quality combined in third step
20250313,29.32402091804827,29.32402091804827,29.343788695534816,29.343788695534816,29.590673119808343,True,2025-03-13,0.0,0.019767777486546123,0.0,0.24688442427352797,0.2666522017600741,0.2666522017600741,0.0,sequential score deltas; calendar/cohort/price/listing/turnover quality combined in third step
20250314,47.260415191103384,47.260415191103405,47.327428943506405,47.327428943506405,47.57830023109667,True,2025-03-14,2.1316282072803006e-14,0.06701375240299967,0.0,0.25087128759026456,0.31788503999328555,0.31788503999328555,0.0,sequential score deltas; calendar/cohort/price/listing/turnover quality combined in third step
20250317,74.19906087013872,74.19906087013874,74.25687634110442,74.25687634110442,74.45663274296092,True,2025-03-17,1.4210854715202004e-14,0.05781547096567863,0.0,0.19975640185650434,0.2575718728221972,0.2575718728221972,0.0,sequential score deltas; calendar/cohort/price/listing/turnover quality combined in third step
20250318,65.56039873854009,65.56039873854012,65.90179837791543,64.83124227601266,65.05092602407647,True,2025-03-18,2.842170943040401e-14,0.3413996393753109,-1.070556101902767,0.2196837480638152,-0.5094727144636124,-0.5094727144636124,0.0,sequential score deltas; calendar/cohort/price/listing/turnover quality combined in third step
20250319,61.35798975548229,61.357989755482315,61.40879651352229,63.517617281838476,63.84343588472018,True,2025-03-19,2.1316282072803006e-14,0.050806758039975364,2.1088207683161855,0.3258186028817036,2.4854461292378858,2.4854461292378858,0.0,sequential score deltas; calendar/cohort/price/listing/turnover quality combined in third step
20250320,75.62960279797862,75.62960279797862,75.69275806755874,75.69275806755874,75.71039607629213,True,2025-03-20,0.0,0.06315526958012185,0.0,0.01763800873338539,0.08079327831350724,0.08079327831350724,0.0,sequential score deltas; calendar/cohort/price/listing/turnover quality combined in third step
20250321,52.165085202732186,52.16508520273221,52.18434590545444,48.89592479557072,49.22438137506177,True,2025-03-21,2.1316282072803006e-14,0.019260702722235123,-3.2884211098837213,0.32845657949104634,-2.9407038276704185,-2.9407038276704185,0.0,sequential score deltas; calendar/cohort/price/listing/turnover quality combined in third step
20250324,17.258738032582123,17.25873803258213,17.30535730360868,19.25002141395838,19.38031196640618,True,2025-03-24,7.105427357601002e-15,0.04661927102655028,1.9446641103496987,0.13029055244779997,2.121573933824056,2.121573933824056,0.0,sequential score deltas; calendar/cohort/price/listing/turnover quality combined in third step
20250325,18.552033142710652,18.552033142710673,18.552033142710673,18.552033142710673,18.839616603088388,True,2025-03-25,2.1316282072803006e-14,0.0,0.0,0.2875834603777143,0.28758346037773563,0.28758346037773563,0.0,sequential score deltas; calendar/cohort/price/listing/turnover quality combined in third step
20250326,41.47372942465179,41.47372942465181,41.877399476248414,41.877399476248414,42.252740231755936,True,2025-03-26,1.4210854715202004e-14,0.40367005159660607,0.0,0.37534075550752277,0.779010807104143,0.779010807104143,0.0,sequential score deltas; calendar/cohort/price/listing/turnover quality combined in third step
20250327,3.866833842487662,3.866833842487662,4.138433126553597,4.138433126553597,4.203476222291336,True,2025-03-27,0.0,0.2715992840659349,0.0,0.06504309573773881,0.33664237980367373,0.33664237980367373,0.0,sequential score deltas; calendar/cohort/price/listing/turnover quality combined in third step
20250328,1.5277777777777777,1.5277777777777777,1.5277777777777777,1.5277777777777777,1.5277777777777777,True,2025-03-28,0.0,0.0,0.0,0.0,0.0,0.0,0.0,sequential score deltas; calendar/cohort/price/listing/turnover quality combined in third step
20250331,34.77291905873873,34.77291905873874,34.77291905873874,34.77291905873874,35.20988225188396,True,2025-03-31,7.105427357601002e-15,0.0,0.0,0.4369631931452247,0.4369631931452318,0.4369631931452318,0.0,sequential score deltas; calendar/cohort/price/listing/turnover quality combined in third step
20250401,46.7312077749842,46.73120777498421,46.75832802982287,46.75832802982287,47.04224111758784,True,2025-04-01,1.4210854715202004e-14,0.027120254838656876,0.0,0.28391308776497226,0.31103334260364335,0.31103334260364335,0.0,sequential score deltas; calendar/cohort/price/listing/turnover quality combined in third step
20250402,15.95400544296698,15.954005442967006,15.932115741500214,15.932115741500214,16.153156536056606,True,2025-04-02,2.4868995751603507e-14,-0.021889701466792033,0.0,0.22104079455639258,0.19915109308962542,0.19915109308962542,0.0,sequential score deltas; calendar/cohort/price/listing/turnover quality combined in third step
20250403,40.30090505939822,40.300905059398225,40.300905059398225,40.300905059398225,40.63015029798396,True,2025-04-03,7.105427357601002e-15,0.0,0.0,0.3292452385857345,0.3292452385857416,0.3292452385857416,0.0,sequential score deltas; calendar/cohort/price/listing/turnover quality combined in third step
20250407,15.922624592783395,15.92262459278339,15.92262459278339,15.92262459278339,16.30976108152582,True,2025-04-07,-5.329070518200751e-15,0.0,0.0,0.38713648874243134,0.387136488742426,0.387136488742426,0.0,sequential score deltas; calendar/cohort/price/listing/turnover quality combined in third step
20250408,90.725114767941,90.72511476794101,90.72511476794101,90.72511476794101,90.72789897739841,True,2025-04-08,1.4210854715202004e-14,0.0,0.0,0.0027842094574026532,0.002784209457416864,0.002784209457416864,0.0,sequential score deltas; calendar/cohort/price/listing/turnover quality combined in third step
20250409,81.9932725061835,81.99327250618353,81.98233203125304,81.98233203125304,82.30472208697407,True,2025-04-09,2.842170943040401e-14,-0.010940474930492883,0.0,0.32239005572102997,0.3114495807905655,0.3114495807905655,0.0,sequential score deltas; calendar/cohort/price/listing/turnover quality combined in third step
20250410,69.8055797750611,69.80557977506112,69.80557977506112,69.80557977506112,70.17751497953233,True,2025-04-10,1.4210854715202004e-14,0.0,0.0,0.37193520447121386,0.3719352044712281,0.3719352044712281,0.0,sequential score deltas; calendar/cohort/price/listing/turnover quality combined in third step
20250411,37.95784574099001,37.957845740990024,38.09581556778705,38.09581556778705,38.25210900377291,True,2025-04-11,1.4210854715202004e-14,0.13796982679702552,0.0,0.15629343598585876,0.2942632627828985,0.2942632627828985,0.0,sequential score deltas; calendar/cohort/price/listing/turnover quality combined in third step
20250414,41.290980696018295,41.2909806960183,41.287332412440506,41.287332412440506,41.619246231031404,True,2025-04-14,7.105427357601002e-15,-0.0036482835777960076,0.0,0.3319138185908983,0.3282655350131094,0.3282655350131094,0.0,sequential score deltas; calendar/cohort/price/listing/turnover quality combined in third step
20250415,12.237960929733633,12.237960929733648,12.265917256479627,12.265917256479627,12.296705833887348,True,2025-04-15,1.4210854715202004e-14,0.027956326745979254,0.0,0.030788577407721007,0.05874490415371447,0.05874490415371447,0.0,sequential score deltas; calendar/cohort/price/listing/turnover quality combined in third step
20250416,58.81605466613018,58.816054666130185,58.851491343781525,54.811195513790864,55.045387081381136,True,2025-04-16,7.105427357601002e-15,0.035436677651340176,-4.0402958299906615,0.2341915675902726,-3.7706675847490416,-3.7706675847490416,0.0,sequential score deltas; calendar/cohort/price/listing/turnover quality combined in third step
20250417,82.22534119508586,82.22534119508587,82.42658515097607,82.90806663245755,82.87921963709087,True,2025-04-17,1.4210854715202004e-14,0.20124395589019173,0.48148148148148096,-0.028846995366677675,0.6538784420050092,0.6538784420050092,0.0,sequential score deltas; calendar/cohort/price/listing/turnover quality combined in third step
20250418,31.024800099899263,31.02480009989927,31.64383576742922,31.64383576742922,31.858929532045387,True,2025-04-18,7.105427357601002e-15,0.6190356675299498,0.0,0.21509376461616725,0.8341294321461241,0.8341294321461241,0.0,sequential score deltas; calendar/cohort/price/listing/turnover quality combined in third step
20250421,60.56325181695228,60.56325181695231,60.81108708374979,60.81108708374979,61.20010178598271,True,2025-04-21,2.842170943040401e-14,0.24783526679748036,0.0,0.38901470223292023,0.636849969030429,0.636849969030429,0.0,sequential score deltas; calendar/cohort/price/listing/turnover quality combined in third step
20250422,70.00260970520375,70.00260970520377,70.24746939267068,67.25549230164137,67.67912589518083,True,2025-04-22,1.4210854715202004e-14,0.24485968746691356,-2.9919770910293124,0.4236335935394635,-2.323483810022921,-2.323483810022921,0.0,sequential score deltas; calendar/cohort/price/listing/turnover quality combined in third step
20250423,19.234382516997528,19.234382516997535,19.250498118643364,19.250498118643364,19.31249467925193,True,2025-04-23,7.105427357601002e-15,0.01611560164582926,0.0,0.0619965606085664,0.07811216225440276,0.07811216225440276,0.0,sequential score deltas; calendar/cohort/price/listing/turnover quality combined in third step
20250424,60.52894419245445,60.528944192454475,60.830139815932945,60.84116772680713,61.02984204516488,True,2025-04-24,2.1316282072803006e-14,0.3011956234784705,0.011027910874183533,0.18867431835774795,0.5008978527104233,0.5008978527104233,0.0,sequential score deltas; calendar/cohort/price/listing/turnover quality combined in third step
20250425,12.93250475273873,12.932504752738739,13.489754068671768,17.22379670010574,17.1884218177835,True,2025-04-25,8.881784197001252e-15,0.5572493159330296,3.7340426314339723,-0.035374882322241064,4.25591706504477,4.25591706504477,0.0,sequential score deltas; calendar/cohort/price/listing/turnover quality combined in third step
20250428,42.21288199616235,42.21288199616236,42.24977170312554,40.65359480332759,40.88320038384978,True,2025-04-28,7.105427357601002e-15,0.03688970696317995,-1.5961768997979462,0.2296055805221897,-1.3296816123125694,-1.3296816123125694,0.0,sequential score deltas; calendar/cohort/price/listing/turnover quality combined in third step
20250429,24.24410733063646,24.24410733063648,24.293866894062422,24.910620968926388,25.146553851522302,True,2025-04-29,2.1316282072803006e-14,0.049759563425940456,0.6167540748639659,0.2359328825959146,0.9024465208858423,0.9024465208858423,0.0,sequential score deltas; calendar/cohort/price/listing/turnover quality combined in third step
20250430,43.49820671566259,43.49820671566261,44.33734653606385,32.39019450633354,32.589791590642555,True,2025-04-30,2.1316282072803006e-14,0.8391398204012361,-11.947152029730304,0.19959708430901202,-10.908415125020035,-10.908415125020035,0.0,sequential score deltas; calendar/cohort/price/listing/turnover quality combined in third step
20250506,71.26344543242413,71.26344543242415,72.17936219441602,72.17936219441602,72.19370292048012,True,2025-05-06,1.4210854715202004e-14,0.9159167619918662,0.0,0.014340726064105525,0.930257488055986,0.930257488055986,0.0,sequential score deltas; calendar/cohort/price/listing/turnover quality combined in third step
20250507,73.09781067379056,73.09781067379056,73.30648392484275,73.30648392484275,73.52266623210153,True,2025-05-07,0.0,0.2086732510521898,0.0,0.21618230725877652,0.42485555831096633,0.42485555831096633,0.0,sequential score deltas; calendar/cohort/price/listing/turnover quality combined in third step
20250508,37.45480098677963,37.45480098677964,37.36664429898617,37.36664429898617,37.64500961983343,True,2025-05-08,7.105427357601002e-15,-0.08815668779347163,0.0,0.2783653208472643,0.19020863305379976,0.19020863305379976,0.0,sequential score deltas; calendar/cohort/price/listing/turnover quality combined in third step
20250509,47.91788583942197,47.91788583942199,48.26371464768942,48.26371464768942,48.47003788404285,True,2025-05-09,2.1316282072803006e-14,0.34582880826742723,0.0,0.20632323635343397,0.5521520446208825,0.5521520446208825,0.0,sequential score deltas; calendar/cohort/price/listing/turnover quality combined in third step
20250512,46.345294587544494,46.345294587544515,46.49783329913536,46.49783329913536,46.718289422812674,True,2025-05-12,2.1316282072803006e-14,0.15253871159084298,0.0,0.22045612367731593,0.3729948352681802,0.3729948352681802,0.0,sequential score deltas; calendar/cohort/price/listing/turnover quality combined in third step
20250513,77.94370269736785,77.94370269736785,77.99582011240139,77.99582011240139,78.23227561756194,True,2025-05-13,0.0,0.05211741503353551,0.0,0.23645550516054925,0.28857292019408476,0.28857292019408476,0.0,sequential score deltas; calendar/cohort/price/listing/turnover quality combined in third step
20250514,78.8989886531245,78.8989886531245,78.98574436522398,78.98574436522398,79.23376743223194,True,2025-05-14,0.0,0.08675571209947464,0.0,0.2480230670079635,0.33477877910743814,0.33477877910743814,0.0,sequential score deltas; calendar/cohort/price/listing/turnover quality combined in third step
20250515,74.90444363845418,74.9044436384542,74.9654866210361,74.9654866210361,75.22511571921942,True,2025-05-15,1.4210854715202004e-14,0.061042982581909655,0.0,0.2596290981833107,0.32067208076523457,0.32067208076523457,0.0,sequential score deltas; calendar/cohort/price/listing/turnover quality combined in third step
20250516,39.659377924076026,39.659377924076054,39.73289354438855,39.73289354438855,39.964142622708025,True,2025-05-16,2.842170943040401e-14,0.0735156203124987,0.0,0.23124907831947183,0.30476469863199895,0.30476469863199895,0.0,sequential score deltas; calendar/cohort/price/listing/turnover quality combined in third step
20250519,60.46256974551164,60.46256974551164,60.5755173272697,60.5755173272697,60.87294765049566,True,2025-05-19,0.0,0.11294758175806408,0.0,0.2974303232259601,0.41037790498402416,0.41037790498402416,0.0,sequential score deltas; calendar/cohort/price/listing/turnover quality combined in third step
20250520,57.088927211207455,57.0889272112075,57.15391403710091,57.15391403710091,57.5063290052507,True,2025-05-20,4.263256414560601e-14,0.06498682589341342,0.0,0.35241496814978746,0.4174017940432435,0.4174017940432435,0.0,sequential score deltas; calendar/cohort/price/listing/turnover quality combined in third step
20250521,55.25918070092927,55.25918070092929,55.32826213933132,55.32826213933132,55.49447271195202,True,2025-05-21,2.1316282072803006e-14,0.06908143840202996,0.0,0.16621057262069883,0.2352920110227501,0.2352920110227501,0.0,sequential score deltas; calendar/cohort/price/listing/turnover quality combined in third step
20250522,37.00271427523352,37.00271427523354,36.97320788252222,36.97320788252222,37.21094969444716,True,2025-05-22,1.4210854715202004e-14,-0.02950639271131905,0.0,0.23774181192494126,0.20823541921363642,0.20823541921363642,0.0,sequential score deltas; calendar/cohort/price/listing/turnover quality combined in third step
20250523,22.720828874283036,22.720828874283043,22.74240930841595,22.74240930841595,22.956982371609445,True,2025-05-23,7.105427357601002e-15,0.021580434132907556,0.0,0.21457306319349456,0.23615349732640922,0.23615349732640922,0.0,sequential score deltas; calendar/cohort/price/listing/turnover quality combined in third step
20250526,57.415664408706114,57.41566440870613,57.47810122367945,57.47810122367945,57.72856011071262,True,2025-05-26,1.4210854715202004e-14,0.06243681497332432,0.0,0.25045888703316876,0.3128957020065073,0.3128957020065073,0.0,sequential score deltas; calendar/cohort/price/listing/turnover quality combined in third step
20250527,84.26693852619347,84.26693852619347,84.19643760055168,84.19643760055168,84.12550526738839,True,2025-05-27,0.0,-0.07050092564179522,0.0,-0.07093233316328451,-0.14143325880507973,-0.14143325880507973,0.0,sequential score deltas; calendar/cohort/price/listing/turnover quality combined in third step
20250528,56.25368224073159,56.2536822407316,56.57809143306271,56.57809143306271,56.85738416409437,True,2025-05-28,7.105427357601002e-15,0.3244091923311103,0.0,0.27929273103165997,0.6037019233627774,0.6037019233627774,0.0,sequential score deltas; calendar/cohort/price/listing/turnover quality combined in third step
20250529,79.36915397194967,79.3691539719497,79.3571498229312,79.3571498229312,79.42664352491812,True,2025-05-29,2.842170943040401e-14,-0.012004149018494559,0.0,0.0694937019869144,0.057489552968448265,0.057489552968448265,0.0,sequential score deltas; calendar/cohort/price/listing/turnover quality combined in third step
20250530,10.964730423483946,10.964730423483958,10.968064540560597,10.968064540560597,11.000639275548414,True,2025-05-30,1.2434497875801753e-14,0.003334117076638776,0.0,0.03257473498781671,0.03590885206446792,0.03590885206446792,0.0,sequential score deltas; calendar/cohort/price/listing/turnover quality combined in third step
20250603,74.46712913723177,74.46712913723175,74.53916848404836,74.53916848404836,74.77519545002328,True,2025-06-03,-1.4210854715202004e-14,0.0720393468166094,0.0,0.23602696597491502,0.3080663127915102,0.3080663127915102,0.0,sequential score deltas; calendar/cohort/price/listing/turnover quality combined in third step
20250604,52.74169908863709,52.741699088637105,52.81052629351049,51.84785899414113,52.10998761189756,True,2025-06-04,1.4210854715202004e-14,0.06882720487338645,-0.9626672993693646,0.2621286177564315,-0.6317114767395324,-0.6317114767395324,0.0,sequential score deltas; calendar/cohort/price/listing/turnover quality combined in third step
20250605,29.503220089361335,29.50322008936136,29.560016935309072,26.98117952336702,26.93174758526592,True,2025-06-05,2.4868995751603507e-14,0.05679684594771217,-2.5788374119420503,-0.049431938101101025,-2.5714725040954143,-2.5714725040954143,0.0,sequential score deltas; calendar/cohort/price/listing/turnover quality combined in third step
20250606,69.73371082294304,69.73371082294302,69.78913170621082,69.04487801593697,69.2513869253158,True,2025-06-06,-1.4210854715202004e-14,0.055420883267800036,-0.744253690273851,0.20650890937882593,-0.48232389762723926,-0.48232389762723926,0.0,sequential score deltas; calendar/cohort/price/listing/turnover quality combined in third step
20250609,70.46719534952159,70.4671953495216,70.54726726714911,71.18992996763946,71.44775200593459,True,2025-06-09,1.4210854715202004e-14,0.08007191762750665,0.642662700490348,0.2578220382951315,0.9805566564130004,0.9805566564130004,0.0,sequential score deltas; calendar/cohort/price/listing/turnover quality combined in third step
20250610,66.76338918691947,66.76338918691948,66.81688127123242,67.38603201675741,67.50718042462918,True,2025-06-10,1.4210854715202004e-14,0.05349208431293562,0.5691507455249933,0.12114840787177172,0.7437912377097149,0.7437912377097149,0.0,sequential score deltas; calendar/cohort/price/listing/turnover quality combined in third step
20250611,56.37764515091363,56.37764515091365,56.42968194850851,56.42968194850851,56.64139748636165,True,2025-06-11,2.1316282072803006e-14,0.0520367975948588,0.0,0.2117155378531379,0.263752335448018,0.263752335448018,0.0,sequential score deltas; calendar/cohort/price/listing/turnover quality combined in third step
20250612,79.1004551573212,79.10045515732122,79.18292815953191,79.18292815953191,79.43327988659932,True,2025-06-12,1.4210854715202004e-14,0.08247300221069054,0.0,0.25035172706741093,0.3328247292781157,0.3328247292781157,0.0,sequential score deltas; calendar/cohort/price/listing/turnover quality combined in third step
20250613,21.85061115994606,21.850611159946062,21.885521754057724,22.560593684126736,22.589090824527283,True,2025-06-13,3.552713678800501e-15,0.0349105941116612,0.6750719300690129,0.028497140400546073,0.7384796645812237,0.7384796645812237,0.0,sequential score deltas; calendar/cohort/price/listing/turnover quality combined in third step
20250616,41.188745710883154,41.188745710883154,41.2212678343765,41.2212678343765,41.362979831353044,True,2025-06-16,0.0,0.03252212349334371,0.0,0.14171199697654657,0.17423412046989029,0.17423412046989029,0.0,sequential score deltas; calendar/cohort/price/listing/turnover quality combined in third step
20250617,32.61659716814886,32.61659716814888,32.598447057098376,31.865853360136544,31.950611370055494,True,2025-06-17,2.1316282072803006e-14,-0.01815011105050246,-0.7325936969618319,0.08475800991895,-0.665985798093363,-0.665985798093363,0.0,sequential score deltas; calendar/cohort/price/listing/turnover quality combined in third step
20250618,55.55147796574762,55.551477965747644,55.52879032693451,50.173888768391386,50.536647059867924,True,2025-06-18,2.1316282072803006e-14,-0.022687638813131628,-5.354901558543126,0.3627582914765384,-5.014830905879698,-5.014830905879698,0.0,sequential score deltas; calendar/cohort/price/listing/turnover quality combined in third step
20250619,34.36145573722096,34.361455737220986,34.3296930428826,35.22886845243806,35.588468043958486,True,2025-06-19,2.842170943040401e-14,-0.03176269433838286,0.899175409555454,0.3595995915204284,1.227012306737528,1.227012306737528,0.0,sequential score deltas; calendar/cohort/price/listing/turnover quality combined in third step
20250620,44.03256198195489,44.03256198195491,44.05720406964716,44.05720406964716,44.32567995930165,True,2025-06-20,2.1316282072803006e-14,0.02464208769224996,0.0,0.2684758896544892,0.2931179773467605,0.2931179773467605,0.0,sequential score deltas; calendar/cohort/price/listing/turnover quality combined in third step
20250623,86.98495834528892,86.98495834528892,87.09585028607981,87.09585028607981,87.04975169273818,True,2025-06-23,0.0,0.11089194079089282,0.0,-0.04609859334162536,0.06479334744926746,0.06479334744926746,0.0,sequential score deltas; calendar/cohort/price/listing/turnover quality combined in third step
20250624,57.21245236401364,57.21245236401365,57.53200298363321,57.68359114279778,57.903478174390024,True,2025-06-24,7.105427357601002e-15,0.3195506196195623,0.15158815916456803,0.21988703159224343,0.6910258103763809,0.6910258103763809,0.0,sequential score deltas; calendar/cohort/price/listing/turnover quality combined in third step
20250625,90.92690088472344,90.92690088472345,91.02153680362854,84.66276957271982,84.88161568814283,True,2025-06-25,1.4210854715202004e-14,0.09463591890508383,-6.358767230908711,0.21884611542300547,-6.045285196580608,-6.045285196580608,0.0,sequential score deltas; calendar/cohort/price/listing/turnover quality combined in third step
20250626,57.59580594081105,57.59580594081107,57.76619624134558,57.49239407547212,57.809999128381946,True,2025-06-26,2.1316282072803006e-14,0.17039030053451398,-0.2738021658734624,0.3176050529098262,0.2141931875708991,0.2141931875708991,0.0,sequential score deltas; calendar/cohort/price/listing/turnover quality combined in third step
20250627,32.63519631360725,32.63519631360728,32.68491582731694,32.68258419532903,32.618903248686244,True,2025-06-27,2.842170943040401e-14,0.0497195137096611,-0.0023316319879143066,-0.06368094664278345,-0.016293064921008238,-0.016293064921008238,0.0,sequential score deltas; calendar/cohort/price/listing/turnover quality combined in third step
20250630,92.22878106469011,92.22878106469011,92.31959290353701,92.04497317446491,92.03926047310172,True,2025-06-30,0.0,0.09081183884690347,-0.27461972907209997,-0.005712701363194128,-0.18952059158839063,-0.18952059158839063,0.0,sequential score deltas; calendar/cohort/price/listing/turnover quality combined in third step
20250701,34.94113642332781,34.94113642332782,34.87764662207462,34.754624611200335,34.74529361993829,True,2025-07-01,7.105427357601002e-15,-0.0634898012531977,-0.12302201087428699,-0.00933099126204695,-0.19584280338952453,-0.19584280338952453,0.0,sequential score deltas; calendar/cohort/price/listing/turnover quality combined in third step
20250702,56.07871449255144,56.078714492551455,54.37481617906646,55.690977486052866,55.90786047826152,True,2025-07-02,1.4210854715202004e-14,-1.7038983134849985,1.3161613069864089,0.21688299220865304,-0.17085401428992242,-0.17085401428992242,0.0,sequential score deltas; calendar/cohort/price/listing/turnover quality combined in third step
20250703,51.70014609540897,51.700146095408996,53.24346593038112,53.1409780698609,53.27792843695965,True,2025-07-03,2.842170943040401e-14,1.5433198349721238,-0.10248786052022041,0.13695036709874842,1.5777823415506802,1.5777823415506802,0.0,sequential score deltas; calendar/cohort/price/listing/turnover quality combined in third step
20250704,20.049515748152388,20.04951574815241,20.025757239495825,20.025757239495825,20.294763411348907,True,2025-07-04,2.1316282072803006e-14,-0.023758508656584354,0.0,0.26900617185308207,0.24524766319651903,0.24524766319651903,0.0,sequential score deltas; calendar/cohort/price/listing/turnover quality combined in third step
20250707,67.4486898852415,67.44868988524152,67.76623540690866,67.76623540690866,68.07850731379472,True,2025-07-07,1.4210854715202004e-14,0.31754552166714234,0.0,0.31227190688605333,0.6298174285532099,0.6298174285532099,0.0,sequential score deltas; calendar/cohort/price/listing/turnover quality combined in third step
20250708,65.48695491743676,65.48695491743679,66.09596852039203,66.09437091561007,66.47413262616885,True,2025-07-08,2.842170943040401e-14,0.609013602955244,-0.0015976047819634687,0.37976171055878183,0.9871777087320908,0.9871777087320908,0.0,sequential score deltas; calendar/cohort/price/listing/turnover quality combined in third step
20250709,76.57623196973312,76.57623196973314,76.91357915292936,76.91205643741903,77.25799111960283,True,2025-07-09,2.842170943040401e-14,0.33734718319621493,-0.001522715510333228,0.3459346821838096,0.6817591498697197,0.6817591498697197,0.0,sequential score deltas; calendar/cohort/price/listing/turnover quality combined in third step
20250710,68.24802634866936,68.24802634866936,68.31961242491562,68.31800752264218,68.60993140108994,True,2025-07-10,0.0,0.07158607624626256,-0.0016049022734421214,0.29192387844776135,0.3619050524205818,0.3619050524205818,0.0,sequential score deltas; calendar/cohort/price/listing/turnover quality combined in third step
20250711,69.14356322779544,69.14356322779547,69.21418597491659,69.21418597491659,69.48286086045272,True,2025-07-11,2.842170943040401e-14,0.07062274712112071,0.0,0.2686748855361287,0.33929763265727786,0.33929763265727786,0.0,sequential score deltas; calendar/cohort/price/listing/turnover quality combined in third step
20250714,49.92680788572199,49.926807885722006,49.97380753226863,49.97380753226863,50.24645689088818,True,2025-07-14,1.4210854715202004e-14,0.04699964654662381,0.0,0.2726493586195531,0.3196490051661911,0.3196490051661911,0.0,sequential score deltas; calendar/cohort/price/listing/turnover quality combined in third step
20250715,32.142592533159174,32.142592533159196,32.15088489876517,32.15088489876517,32.421412996226394,True,2025-07-15,2.1316282072803006e-14,0.008292365605974794,0.0,0.27052809746122364,0.27882046306721975,0.27882046306721975,0.0,sequential score deltas; calendar/cohort/price/listing/turnover quality combined in third step
20250716,66.22769797960795,66.22769797960797,66.102753922557,66.102753922557,66.30385192007478,True,2025-07-16,1.4210854715202004e-14,-0.12494405705096767,0.0,0.20109799751777757,0.07615394046682411,0.07615394046682411,0.0,sequential score deltas; calendar/cohort/price/listing/turnover quality combined in third step
20250717,53.637345875646105,53.637345875646126,52.22331134006249,52.22331134006249,52.56293430651134,True,2025-07-17,2.1316282072803006e-14,-1.4140345355836388,0.0,0.33962296644885015,-1.0744115691347673,-1.0744115691347673,0.0,sequential score deltas; calendar/cohort/price/listing/turnover quality combined in third step
20250718,29.515050237025914,29.51505023702594,31.415583525739077,31.51647827346373,31.777651173884617,True,2025-07-18,2.4868995751603507e-14,1.900533288713138,0.10089474772465223,0.26117290042088825,2.2626009368587034,2.2626009368587034,0.0,sequential score deltas; calendar/cohort/price/listing/turnover quality combined in third step
20250721,67.17824168080074,67.17824168080077,67.1758123185177,67.1758123185177,67.52548278528243,True,2025-07-21,2.842170943040401e-14,-0.0024293622830668937,0.0,0.349670466764735,0.34724110448169654,0.34724110448169654,0.0,sequential score deltas; calendar/cohort/price/listing/turnover quality combined in third step
20250722,85.43815820452767,85.43815820452767,85.4282148329861,85.4282148329861,85.44914976566444,True,2025-07-22,0.0,-0.009943371541567103,0.0,0.020934932678343898,0.010991561136776795,0.010991561136776795,0.0,sequential score deltas; calendar/cohort/price/listing/turnover quality combined in third step
20250723,40.853127432085905,40.85312743208591,40.83822434057719,40.83822434057719,41.13464678898208,True,2025-07-23,7.105427357601002e-15,-0.014903091508720934,0.0,0.29642244840488985,0.281519356896176,0.281519356896176,0.0,sequential score deltas; calendar/cohort/price/listing/turnover quality combined in third step
20250724,53.398973343055324,53.39897334305533,54.100994116882845,54.100994116882845,54.31785934193787,True,2025-07-24,7.105427357601002e-15,0.7020207738275133,0.0,0.2168652250550238,0.9188859988825442,0.9188859988825442,0.0,sequential score deltas; calendar/cohort/price/listing/turnover quality combined in third step
20250725,20.77759026806657,20.77759026806658,20.882972427996847,20.882972427996847,20.901879769242804,True,2025-07-25,7.105427357601002e-15,0.10538215993026867,0.0,0.01890734124595639,0.12428950117623216,0.12428950117623216,0.0,sequential score deltas; calendar/cohort/price/listing/turnover quality combined in third step
20250728,31.01887897261677,31.018878972616776,31.07065412604168,31.149514395509556,31.110630107925505,True,2025-07-28,7.105427357601002e-15,0.051775153424905795,0.07886026946787439,-0.03888428758405027,0.09175113530873702,0.09175113530873702,0.0,sequential score deltas; calendar/cohort/price/listing/turnover quality combined in third step
20250729,32.03009751068695,32.03009751068695,32.02514373588803,32.02514373588803,32.07220752937978,True,2025-07-29,0.0,-0.004953774798920563,0.0,0.04706379349175194,0.042110018692831375,0.042110018692831375,0.0,sequential score deltas; calendar/cohort/price/listing/turnover quality combined in third step
20250730,80.05220020497349,80.0522002049735,80.08861828719438,81.19536608947851,81.31083511331566,True,2025-07-30,1.4210854715202004e-14,0.03641808222087661,1.1067478022841328,0.11546902383715008,1.2586349083421737,1.2586349083421737,0.0,sequential score deltas; calendar/cohort/price/listing/turnover quality combined in third step
20250731,52.79991335173928,52.7999133517393,52.84426071889816,52.84426071889816,53.02353546949402,True,2025-07-31,2.1316282072803006e-14,0.04434736715886345,0.0,0.17927475059585873,0.2236221177547435,0.2236221177547435,0.0,sequential score deltas; calendar/cohort/price/listing/turnover quality combined in third step
20250801,21.23908702366041,21.23908702366041,21.489157484591644,21.489157484591644,21.747636794503386,True,2025-08-01,0.0,0.25007046093123364,0.0,0.25847930991174195,0.5085497708429756,0.5085497708429756,0.0,sequential score deltas; calendar/cohort/price/listing/turnover quality combined in third step
20250804,46.62394681333418,46.6239468133342,46.676921897034724,46.676921897034724,47.09268603032622,True,2025-08-04,2.1316282072803006e-14,0.05297508370052384,0.0,0.4157641332914963,0.46873921699204146,0.46873921699204146,0.0,sequential score deltas; calendar/cohort/price/listing/turnover quality combined in third step
20250805,53.09137889037552,53.091378890375545,53.149606243877415,53.149606243877415,53.35197424221446,True,2025-08-05,2.1316282072803006e-14,0.05822735350187003,0.0,0.20236799833704566,0.260595351838937,0.260595351838937,0.0,sequential score deltas; calendar/cohort/price/listing/turnover quality combined in third step
20250806,73.2165670502461,73.21656705024611,73.11005612889876,73.11005612889876,73.4207958655969,True,2025-08-06,1.4210854715202004e-14,-0.10651092134735052,0.0,0.3107397366981388,0.2042288153508025,0.2042288153508025,0.0,sequential score deltas; calendar/cohort/price/listing/turnover quality combined in third step
20250807,81.23882855469924,81.23882855469927,81.31364518864298,81.460464682531,81.71106176909635,True,2025-08-07,2.842170943040401e-14,0.07481663394371196,0.1468194938880174,0.2505970865653495,0.4722332143971073,0.4722332143971073,0.0,sequential score deltas; calendar/cohort/price/listing/turnover quality combined in third step
20250808,42.74005603033284,42.74005603033287,42.92074068854684,42.92074068854684,43.14982849794821,True,2025-08-08,3.552713678800501e-14,0.18068465821396984,0.0,0.22908780940136353,0.4097724676153689,0.4097724676153689,0.0,sequential score deltas; calendar/cohort/price/listing/turnover quality combined in third step
20250811,54.606298758715596,54.60629875871563,54.66399008158089,54.66399008158089,54.81366393162491,True,2025-08-11,3.552713678800501e-14,0.05769132286526002,0.0,0.14967385004401734,0.2073651729093129,0.2073651729093129,0.0,sequential score deltas; calendar/cohort/price/listing/turnover quality combined in third step
20250812,40.78353055448253,40.783530554482546,40.83175920695301,40.83175920695301,41.25122762529648,True,2025-08-12,1.4210854715202004e-14,0.04822865247046337,0.0,0.41946841834347026,0.46769707081394785,0.46769707081394785,0.0,sequential score deltas; calendar/cohort/price/listing/turnover quality combined in third step
20250813,98.22414407113669,98.22414407113669,98.22414407113669,98.22414407113669,98.23938105723468,True,2025-08-13,0.0,0.0,0.0,0.015236986097988847,0.015236986097988847,0.015236986097988847,0.0,sequential score deltas; calendar/cohort/price/listing/turnover quality combined in third step
20250814,26.800885640871424,26.800885640871435,26.86651259899571,26.86651259899571,26.847989387327424,True,2025-08-14,1.0658141036401503e-14,0.06562695812427322,0.0,-0.018523211668284745,0.04710374645599913,0.04710374645599913,0.0,sequential score deltas; calendar/cohort/price/listing/turnover quality combined in third step
20250815,81.42240704063512,81.42240704063514,81.57652864956245,81.57652864956245,81.7913174644399,True,2025-08-15,1.4210854715202004e-14,0.15412160892731208,0.0,0.21478881487745127,0.36891042380477757,0.36891042380477757,0.0,sequential score deltas; calendar/cohort/price/listing/turnover quality combined in third step
20250818,89.62792928682849,89.62792928682849,89.62550381822275,89.62550381822275,89.82039902416953,True,2025-08-18,0.0,-0.002425468605736114,0.0,0.19489520594677856,0.19246973734104245,0.19246973734104245,0.0,sequential score deltas; calendar/cohort/price/listing/turnover quality combined in third step
20250819,69.04882713191158,69.0488271319116,68.97777905807378,68.97777905807378,69.3305909699646,True,2025-08-19,1.4210854715202004e-14,-0.0710480738378152,0.0,0.35281191189082506,0.2817638380530241,0.2817638380530241,0.0,sequential score deltas; calendar/cohort/price/listing/turnover quality combined in third step
20250820,34.07512120184318,34.07512120184318,34.12685585956917,34.12685585956917,34.12406874113377,True,2025-08-20,0.0,0.051734657725987176,0.0,-0.0027871184353998046,0.04894753929058737,0.04894753929058737,0.0,sequential score deltas; calendar/cohort/price/listing/turnover quality combined in third step
20250821,27.39152422320845,27.39152422320846,27.42059320912036,27.42059320912036,27.73925610497861,True,2025-08-21,1.0658141036401503e-14,0.029068985911898437,0.0,0.31866289585825314,0.34773188177016223,0.34773188177016223,0.0,sequential score deltas; calendar/cohort/price/listing/turnover quality combined in third step
20250822,87.02769710914085,87.02769710914087,87.1403484423179,87.1403484423179,87.34390664244181,True,2025-08-22,2.842170943040401e-14,0.11265133317702691,0.0,0.2035582001239078,0.31620953330096313,0.31620953330096313,0.0,sequential score deltas; calendar/cohort/price/listing/turnover quality combined in third step
20250825,51.63188519930288,51.63188519930289,51.58212673697033,51.58212673697033,51.84031665163347,True,2025-08-25,1.4210854715202004e-14,-0.0497584623325622,0.0,0.25818991466314145,0.20843145233059346,0.20843145233059346,0.0,sequential score deltas; calendar/cohort/price/listing/turnover quality combined in third step
20250826,61.228005483233915,61.228005483233936,60.07412892367843,60.07412892367843,60.380212036667814,True,2025-08-26,2.1316282072803006e-14,-1.1538765595555063,0.0,0.3060831129893842,-0.8477934465661008,-0.8477934465661008,0.0,sequential score deltas; calendar/cohort/price/listing/turnover quality combined in third step
20250827,38.724079430552756,38.72407943055276,39.07500225504066,39.07500225504066,39.25773149467877,True,2025-08-27,7.105427357601002e-15,0.35092282448789547,0.0,0.18272923963811394,0.5336520641260165,0.5336520641260165,0.0,sequential score deltas; calendar/cohort/price/listing/turnover quality combined in third step
20250828,61.25236270907144,61.25236270907147,61.64141332501844,61.64141332501844,61.957432170498514,True,2025-08-28,2.842170943040401e-14,0.3890506159469709,0.0,0.3160188454800732,0.7050694614270725,0.7050694614270725,0.0,sequential score deltas; calendar/cohort/price/listing/turnover quality combined in third step
20250829,59.45040515037255,59.450405150372575,59.51167607849758,59.51167607849758,59.744490056677,True,2025-08-29,2.1316282072803006e-14,0.06127092812500479,0.0,0.23281397817942207,0.29408490630444817,0.29408490630444817,0.0,sequential score deltas; calendar/cohort/price/listing/turnover quality combined in third step
20250901,84.57912923976224,84.57912923976225,84.57665135970075,84.57665135970075,84.93351274650874,True,2025-09-01,1.4210854715202004e-14,-0.0024778800615052887,0.0,0.3568613868079922,0.3543835067465011,0.3543835067465011,0.0,sequential score deltas; calendar/cohort/price/listing/turnover quality combined in third step
20250902,29.15135593184417,29.151355931844176,29.160598173251326,29.160598173251326,29.3732974251748,True,2025-09-02,7.105427357601002e-15,0.009242241407150686,0.0,0.21269925192347472,0.2219414933306325,0.2219414933306325,0.0,sequential score deltas; calendar/cohort/price/listing/turnover quality combined in third step
20250903,26.527144634314197,26.527144634314208,26.48508811348856,27.048517062293644,27.292750713647678,True,2025-09-03,1.0658141036401503e-14,-0.04205652082564981,0.5634289488050861,0.2442336513540333,0.7656060793334802,0.7656060793334802,0.0,sequential score deltas; calendar/cohort/price/listing/turnover quality combined in third step
20250904,24.692929434998476,24.69292943499848,24.69292943499848,24.69292943499848,24.655771086501005,True,2025-09-04,3.552713678800501e-15,0.0,0.0,-0.037158348497474236,-0.03715834849747068,-0.03715834849747068,0.0,sequential score deltas; calendar/cohort/price/listing/turnover quality combined in third step
20250905,59.555458347467884,59.555458347467905,59.649761809123596,59.649761809123596,60.0713137892806,True,2025-09-05,2.1316282072803006e-14,0.09430346165569148,0.0,0.42155198015700535,0.5158554418127181,0.5158554418127181,0.0,sequential score deltas; calendar/cohort/price/listing/turnover quality combined in third step
20250908,64.06827574639996,64.06827574639996,64.13910484733562,64.13910484733562,64.33532503815847,True,2025-09-08,0.0,0.07082910093565431,0.0,0.19622019082285647,0.2670492917585108,0.2670492917585108,0.0,sequential score deltas; calendar/cohort/price/listing/turnover quality combined in third step
20250909,37.698258736031306,37.698258736031335,37.769746037531,32.34576004940185,32.551790757942285,True,2025-09-09,2.842170943040401e-14,0.07148730149966553,-5.423985988129154,0.20603070854043892,-5.146467978089021,-5.146467978089021,0.0,sequential score deltas; calendar/cohort/price/listing/turnover quality combined in third step
20250910,47.51504034440008,47.5150403444001,47.561300751075535,43.26789663642186,43.51512504162296,True,2025-09-10,2.1316282072803006e-14,0.04626040667543663,-4.293404114653676,0.24722840520109912,-3.9999153027771186,-3.9999153027771186,0.0,sequential score deltas; calendar/cohort/price/listing/turnover quality combined in third step
20250911,54.451012494192646,54.45101249419266,54.51815488952882,54.51815488952882,54.79597156553282,True,2025-09-11,1.4210854715202004e-14,0.06714239533616251,0.0,0.27781667600399373,0.34495907134017045,0.34495907134017045,0.0,sequential score deltas; calendar/cohort/price/listing/turnover quality combined in third step
20250912,76.78943316608752,76.78943316608753,76.858153795505,76.858153795505,77.26114223193599,True,2025-09-12,1.4210854715202004e-14,0.06872062941747004,0.0,0.4029884364309879,0.47170906584847216,0.47170906584847216,0.0,sequential score deltas; calendar/cohort/price/listing/turnover quality combined in third step
20250915,25.095348712882732,25.095348712882746,25.411299684378783,25.411299684378783,25.39597200261917,True,2025-09-15,1.4210854715202004e-14,0.31595097149603646,0.0,-0.015327681759611522,0.30062328973643915,0.30062328973643915,0.0,sequential score deltas; calendar/cohort/price/listing/turnover quality combined in third step
20250916,77.0805642174073,77.08056421740731,77.42334952221366,77.42334952221366,77.87284782539805,True,2025-09-16,1.4210854715202004e-14,0.3427853048063412,0.0,0.44949830318439865,0.792283607990754,0.792283607990754,0.0,sequential score deltas; calendar/cohort/price/listing/turnover quality combined in third step
20250917,55.22469621386019,55.2246962138602,55.29950073664959,55.29950073664959,55.494760308132534,True,2025-09-17,7.105427357601002e-15,0.07480452278939254,0.0,0.19525957148294282,0.27006409427234246,0.27006409427234246,0.0,sequential score deltas; calendar/cohort/price/listing/turnover quality combined in third step
20250918,89.47849354838267,89.47849354838269,89.56892886697882,86.84510143748894,86.84681743857003,True,2025-09-18,1.4210854715202004e-14,0.09043531859613552,-2.723827429489887,0.0017160010810925996,-2.631676109812645,-2.631676109812645,0.0,sequential score deltas; calendar/cohort/price/listing/turnover quality combined in third step
20250919,20.2745917167346,20.274591716734612,20.358328122842135,16.757615221790903,16.98196482612299,True,2025-09-19,1.0658141036401503e-14,0.08373640610752275,-3.6007129010512315,0.22434960433208673,-3.2926268906116114,-3.2926268906116114,0.0,sequential score deltas; calendar/cohort/price/listing/turnover quality combined in third step
20250922,44.804992223607066,44.804992223607094,44.89008134271604,44.08509129144606,44.29972794845561,True,2025-09-22,2.842170943040401e-14,0.08508911910894312,-0.804990051269975,0.21463665700954948,-0.505264275151454,-0.505264275151454,0.0,sequential score deltas; calendar/cohort/price/listing/turnover quality combined in third step
20250923,69.72076586872116,69.72076586872119,69.84077069364224,70.78904322258755,70.84620972118863,True,2025-09-23,2.842170943040401e-14,0.12000482492105391,0.94827252894531,0.057166498601077365,1.1254438524674697,1.1254438524674697,0.0,sequential score deltas; calendar/cohort/price/listing/turnover quality combined in third step
20250924,40.29226338093395,40.29226338093399,40.791256261849114,40.791256261849114,41.05908867028348,True,2025-09-24,3.552713678800501e-14,0.49899288091512517,0.0,0.26783240843436573,0.7668252893495264,0.7668252893495264,0.0,sequential score deltas; calendar/cohort/price/listing/turnover quality combined in third step
20250925,33.924485036667626,33.92448503666764,33.96879964013427,33.96879964013427,34.17358729039556,True,2025-09-25,1.4210854715202004e-14,0.0443146034666313,0.0,0.20478765026128798,0.2491022537279335,0.2491022537279335,0.0,sequential score deltas; calendar/cohort/price/listing/turnover quality combined in third step
20250926,20.15295784951105,20.152957849511065,20.15359120433903,20.15359120433903,20.49072908396547,True,2025-09-26,1.4210854715202004e-14,0.0006333548279648937,0.0,0.3371378796264395,0.3377712344544186,0.3377712344544186,0.0,sequential score deltas; calendar/cohort/price/listing/turnover quality combined in third step
20250929,32.593155991136065,32.59315599113608,32.6523144163452,40.91316568710528,41.115911955541385,True,2025-09-29,1.4210854715202004e-14,0.059158425209119514,8.260851270760078,0.20274626843610832,8.52275596440532,8.52275596440532,0.0,sequential score deltas; calendar/cohort/price/listing/turnover quality combined in third step
20250930,39.062483943007955,39.06248394300796,39.40100385462899,39.40100385462899,39.60703575024915,True,2025-09-30,7.105427357601002e-15,0.33851991162102735,0.0,0.2060318956201641,0.5445518072411986,0.5445518072411986,0.0,sequential score deltas; calendar/cohort/price/listing/turnover quality combined in third step
20251009,45.258639595270125,45.25863959527014,45.3150544135581,45.3150544135581,45.5642369419669,True,2025-10-09,1.4210854715202004e-14,0.05641481828796202,0.0,0.24918252840879518,0.3055973466967714,0.3055973466967714,0.0,sequential score deltas; calendar/cohort/price/listing/turnover quality combined in third step
20251010,32.723294820787544,32.72329482078755,32.633579442217986,32.633579442217986,32.61805751252872,True,2025-10-10,7.105427357601002e-15,-0.08971537856956502,0.0,-0.015521929689263914,-0.10523730825882183,-0.10523730825882183,0.0,sequential score deltas; calendar/cohort/price/listing/turnover quality combined in third step
20251013,39.9116811460139,39.911681146013905,39.935473519805385,46.37992244839532,46.797270445866694,True,2025-10-13,7.105427357601002e-15,0.023792373791479804,6.444448928589935,0.4173479974713743,6.885589299852796,6.885589299852796,0.0,sequential score deltas; calendar/cohort/price/listing/turnover quality combined in third step
20251014,58.15522708374329,58.155227083743306,58.14730703146291,58.14730703146291,58.3779126169149,True,2025-10-14,1.4210854715202004e-14,-0.007920052280397272,0.0,0.23060558545198973,0.22268553317160666,0.22268553317160666,0.0,sequential score deltas; calendar/cohort/price/listing/turnover quality combined in third step
20251015,15.755080885353483,15.7550808853535,15.695129460423574,15.695129460423574,15.635553101262262,True,2025-10-15,1.7763568394002505e-14,-0.05995142492992578,0.0,-0.0595763591613121,-0.11952778409122011,-0.11952778409122011,0.0,sequential score deltas; calendar/cohort/price/listing/turnover quality combined in third step
20251016,51.5691144675274,51.569114467527406,51.68221787259166,54.05234574984424,54.52901478162886,True,2025-10-16,7.105427357601002e-15,0.1131034050642512,2.3701278772525853,0.47666903178461695,2.9599003141014606,2.9599003141014606,0.0,sequential score deltas; calendar/cohort/price/listing/turnover quality combined in third step
20251017,21.632256319234962,21.632256319234976,21.632256319234976,21.632256319234976,22.042638444494642,True,2025-10-17,1.4210854715202004e-14,0.0,0.0,0.410382125259666,0.4103821252596802,0.4103821252596802,0.0,sequential score deltas; calendar/cohort/price/listing/turnover quality combined in third step
20251020,66.93986021560256,66.93986021560258,67.04628680916373,67.04628680916373,67.37986053410191,True,2025-10-20,1.4210854715202004e-14,0.10642659356115303,0.0,0.3335737249381765,0.44000031849934373,0.44000031849934373,0.0,sequential score deltas; calendar/cohort/price/listing/turnover quality combined in third step
20251021,27.276447381282253,27.27644738128226,27.35912310103602,27.35912310103602,27.60329033786857,True,2025-10-21,7.105427357601002e-15,0.08267571975375887,0.0,0.2441672368325527,0.3268429565863187,0.3268429565863187,0.0,sequential score deltas; calendar/cohort/price/listing/turnover quality combined in third step
20251022,67.70084522934059,67.7008452293406,67.75440876776926,67.75440876776926,68.02949262423455,True,2025-10-22,1.4210854715202004e-14,0.05356353842866213,0.0,0.27508385646528666,0.328647394893963,0.328647394893963,0.0,sequential score deltas; calendar/cohort/price/listing/turnover quality combined in third step
20251023,20.700672199731077,20.700672199731088,20.76447648944091,19.21227529511808,19.409178072673544,True,2025-10-23,1.0658141036401503e-14,0.06380428970982166,-1.55220119432283,0.19690277755546504,-1.2914941270575326,-1.2914941270575326,0.0,sequential score deltas; calendar/cohort/price/listing/turnover quality combined in third step
20251024,33.61102398179867,33.611023981798674,33.673338962518635,27.503390941282234,27.746942469579007,True,2025-10-24,7.105427357601002e-15,0.062314980719961,-6.169948021236401,0.2435515282967735,-5.864081512219659,-5.864081512219659,0.0,sequential score deltas; calendar/cohort/price/listing/turnover quality combined in third step
20251027,72.69435020956475,72.69435020956477,72.82383766055717,70.0209890951803,70.33245657500731,True,2025-10-27,2.842170943040401e-14,0.1294874509924,-2.802848565376877,0.31146747982701584,-2.3618936345574326,-2.3618936345574326,0.0,sequential score deltas; calendar/cohort/price/listing/turnover quality combined in third step
20251028,74.91525840557664,74.91525840557664,75.00673044040373,73.05383379158208,73.3367857998707,True,2025-10-28,0.0,0.09147203482709187,-1.9528966488216497,0.28295200828861766,-1.5784726057059402,-1.5784726057059402,0.0,sequential score deltas; calendar/cohort/price/listing/turnover quality combined in third step
20251029,32.1942688350362,32.19426883503622,32.27521640497677,29.874685800016074,30.084776947337932,True,2025-10-29,2.1316282072803006e-14,0.08094756994054819,-2.400530604960693,0.21009114732185807,-2.1094918876982653,-2.1094918876982653,0.0,sequential score deltas; calendar/cohort/price/listing/turnover quality combined in third step
20251030,43.65973682077751,43.659736820777525,43.69929885417104,36.78447580139063,36.89950506771835,True,2025-10-30,1.4210854715202004e-14,0.039562033393515605,-6.914823052780413,0.11502926632772414,-6.760231753059159,-6.760231753059159,0.0,sequential score deltas; calendar/cohort/price/listing/turnover quality combined in third step
20251031,31.153162521414107,31.153162521414117,31.206466332255328,34.68157523715895,34.891632886154085,True,2025-10-31,1.0658141036401503e-14,0.05330381084121072,3.4751089049036246,0.21005764899513224,3.738470364739978,3.738470364739978,0.0,sequential score deltas; calendar/cohort/price/listing/turnover quality combined in third step
20251103,27.465092150907104,27.465092150907125,27.394811574570472,27.394811574570472,27.406433923143823,True,2025-11-03,2.1316282072803006e-14,-0.07028057633665341,0.0,0.01162234857335065,-0.058658227763281445,-0.058658227763281445,0.0,sequential score deltas; calendar/cohort/price/listing/turnover quality combined in third step
20251104,61.67686576566961,61.6768657656696,62.13076663718963,62.13076663718963,62.17748047067392,True,2025-11-04,-7.105427357601002e-15,0.4539008715200268,0.0,0.046713833484290035,0.5006147050043097,0.5006147050043097,0.0,sequential score deltas; calendar/cohort/price/listing/turnover quality combined in third step
20251105,74.99087828801862,74.99087828801864,75.08390110067108,75.08390110067108,75.12771971176242,True,2025-11-05,1.4210854715202004e-14,0.09302281265244972,0.0,0.04381861109133922,0.13684142374380315,0.13684142374380315,0.0,sequential score deltas; calendar/cohort/price/listing/turnover quality combined in third step
20251106,25.06275883659774,25.062758836597748,25.12349082759931,25.12349082759931,25.04936502528754,True,2025-11-06,7.105427357601002e-15,0.06073199100156046,0.0,-0.07412580231176946,-0.013393811310201897,-0.013393811310201897,0.0,sequential score deltas; calendar/cohort/price/listing/turnover quality combined in third step
20251107,53.24272965071177,53.242729650711794,53.32869371189844,53.32869371189844,53.61703617100755,True,2025-11-07,2.1316282072803006e-14,0.0859640611866439,0.0,0.28834245910910994,0.37430652029577516,0.37430652029577516,0.0,sequential score deltas; calendar/cohort/price/listing/turnover quality combined in third step
20251110,67.9091186561702,67.90911865617021,68.25822378146025,68.25822378146025,68.55971551484186,True,2025-11-10,1.4210854715202004e-14,0.3491051252900377,0.0,0.30149173338161006,0.650596858671662,0.650596858671662,0.0,sequential score deltas; calendar/cohort/price/listing/turnover quality combined in third step
20251111,53.09721342079391,53.09721342079392,53.45975915987409,53.45975915987409,53.67263845832057,True,2025-11-11,7.105427357601002e-15,0.3625457390801685,0.0,0.2128792984464809,0.5754250375266565,0.5754250375266565,0.0,sequential score deltas; calendar/cohort/price/listing/turnover quality combined in third step
20251112,76.94541783075145,76.94541783075145,77.12996328308327,77.12996328308327,77.41515568357855,True,2025-11-12,0.0,0.18454545233181818,0.0,0.2851924004952764,0.46973785282709457,0.46973785282709457,0.0,sequential score deltas; calendar/cohort/price/listing/turnover quality combined in third step
20251113,90.79819572225666,90.7981957222567,90.7981957222567,90.7981957222567,90.92632269165223,True,2025-11-13,2.842170943040401e-14,0.0,0.0,0.12812696939553803,0.12812696939556645,0.12812696939556645,0.0,sequential score deltas; calendar/cohort/price/listing/turnover quality combined in third step
20251114,54.652358113865354,54.65235811386538,54.7631660994211,54.7631660994211,55.03797747453334,True,2025-11-14,2.842170943040401e-14,0.11080798555571647,0.0,0.2748113751122432,0.3856193606679881,0.3856193606679881,0.0,sequential score deltas; calendar/cohort/price/listing/turnover quality combined in third step
20251117,71.2678683436157,71.26786834361572,71.25208521917051,71.25208521917051,71.31085501758297,True,2025-11-17,1.4210854715202004e-14,-0.01578312444520691,0.0,0.058769798412456,0.0429866739672633,0.0429866739672633,0.0,sequential score deltas; calendar/cohort/price/listing/turnover quality combined in third step
20251118,31.13019768202807,31.130197682028076,31.21049170097932,31.21049170097932,31.40057430763074,True,2025-11-18,7.105427357601002e-15,0.08029401895124266,0.0,0.19008260665142274,0.2703766256026725,0.2703766256026725,0.0,sequential score deltas; calendar/cohort/price/listing/turnover quality combined in third step
20251119,57.6609648513146,57.66096485131462,57.54514804725527,57.54514804725527,57.823499902909376,True,2025-11-19,1.4210854715202004e-14,-0.11581680405934947,0.0,0.27835185565410825,0.162535051594773,0.162535051594773,0.0,sequential score deltas; calendar/cohort/price/listing/turnover quality combined in third step
20251120,27.214788113044506,27.21478811304452,25.9938712351888,25.9938712351888,26.226537856572996,True,2025-11-20,1.4210854715202004e-14,-1.2209168778557213,0.0,0.23266662138419747,-0.9882502564715097,-0.9882502564715097,0.0,sequential score deltas; calendar/cohort/price/listing/turnover quality combined in third step
20251121,15.537630661392106,15.537630661392106,17.761033253058102,19.94195169395991,20.212925032639404,True,2025-11-21,0.0,2.2234025916659963,2.1809184409018094,0.270973338679493,4.675294371247299,4.675294371247299,0.0,sequential score deltas; calendar/cohort/price/listing/turnover quality combined in third step
20251124,56.26515457799717,56.26515457799717,56.363252456474875,56.363252456474875,56.55231713024781,True,2025-11-24,0.0,0.09809787847770224,0.0,0.18906467377293268,0.2871625522506349,0.2871625522506349,0.0,sequential score deltas; calendar/cohort/price/listing/turnover quality combined in third step
20251125,64.6112750922119,64.61127509221191,64.70993949265736,64.70993949265736,65.076598669501,True,2025-11-25,1.4210854715202004e-14,0.09866440044544333,0.0,0.36665917684364047,0.465323577289098,0.465323577289098,0.0,sequential score deltas; calendar/cohort/price/listing/turnover quality combined in third step
20251126,72.25876341509804,72.25876341509804,72.3449732245302,72.3449732245302,72.54615667685383,True,2025-11-26,0.0,0.08620980943214818,0.0,0.2011834523236331,0.2873932617557813,0.2873932617557813,0.0,sequential score deltas; calendar/cohort/price/listing/turnover quality combined in third step
20251127,12.87403688338033,12.874036883380331,12.915197629375482,12.915197629375482,12.957373917573394,True,2025-11-27,1.7763568394002505e-15,0.041160745995151515,0.0,0.042176288197911305,0.0833370341930646,0.0833370341930646,0.0,sequential score deltas; calendar/cohort/price/listing/turnover quality combined in third step
20251128,35.017279329926254,35.01727932992627,35.111638393119634,35.111638393119634,35.249418397277076,True,2025-11-28,1.4210854715202004e-14,0.09435906319336596,0.0,0.13778000415744174,0.2321390673508219,0.2321390673508219,0.0,sequential score deltas; calendar/cohort/price/listing/turnover quality combined in third step
20251201,82.42633243782605,82.42633243782606,82.50450088963073,82.50450088963073,82.54986780764797,True,2025-12-01,1.4210854715202004e-14,0.07816845180467169,0.0,0.04536691801723691,0.12353536982192281,0.12353536982192281,0.0,sequential score deltas; calendar/cohort/price/listing/turnover quality combined in third step
20251202,74.93176726824933,74.93176726824936,75.27198385882603,74.09979790336949,74.3781592908183,True,2025-12-02,2.842170943040401e-14,0.34021659057667364,-1.1721859554565413,0.2783613874488111,-0.5536079774310281,-0.5536079774310281,0.0,sequential score deltas; calendar/cohort/price/listing/turnover quality combined in third step
20251203,37.47796584328575,37.47796584328577,37.572679850720256,33.19381024851795,33.391405797219015,True,2025-12-03,2.1316282072803006e-14,0.094714007434483,-4.3788696022023075,0.19759554870106655,-4.086560046066737,-4.086560046066737,0.0,sequential score deltas; calendar/cohort/price/listing/turnover quality combined in third step
20251204,19.027431087811784,19.027431087811806,19.64516050849332,18.781837300855802,19.104034152562157,True,2025-12-04,2.1316282072803006e-14,0.6177294206815134,-0.8633232076375172,0.32219685170635515,0.0766030647503726,0.0766030647503726,0.0,sequential score deltas; calendar/cohort/price/listing/turnover quality combined in third step
20251205,69.26071607012057,69.2607160701206,69.33727959452396,67.5418403564451,67.91273058451306,True,2025-12-05,2.842170943040401e-14,0.07656352440336889,-1.7954392380788562,0.3708902280679496,-1.3479854856075093,-1.3479854856075093,0.0,sequential score deltas; calendar/cohort/price/listing/turnover quality combined in third step
20251208,92.07782414248997,92.07782414248999,92.17823667319112,92.17823667319112,92.29462729220585,True,2025-12-08,1.4210854715202004e-14,0.10041253070113498,0.0,0.11639061901472303,0.21680314971587222,0.21680314971587222,0.0,sequential score deltas; calendar/cohort/price/listing/turnover quality combined in third step
20251209,44.87567414819618,44.87567414819621,44.94862584766955,44.94862584766955,45.27957247749497,True,2025-12-09,2.842170943040401e-14,0.07295169947333591,0.0,0.33094662982542644,0.40389832929879077,0.40389832929879077,0.0,sequential score deltas; calendar/cohort/price/listing/turnover quality combined in third step
20251210,62.07314204229404,62.073142042294045,62.14683534246177,62.14683534246177,62.374810116425415,True,2025-12-10,7.105427357601002e-15,0.0736933001677258,0.0,0.22797477396364485,0.30166807413137775,0.30166807413137775,0.0,sequential score deltas; calendar/cohort/price/listing/turnover quality combined in third step
20251211,20.531792938362695,20.531792938362713,20.747312398800908,20.747312398800908,20.992297926470396,True,2025-12-11,1.7763568394002505e-14,0.2155194604381947,0.0,0.24498552766948833,0.4605049881077008,0.4605049881077008,0.0,sequential score deltas; calendar/cohort/price/listing/turnover quality combined in third step
20251212,45.89084017475917,45.89084017475919,45.939251800641536,45.939251800641536,46.26571787764043,True,2025-12-12,2.1316282072803006e-14,0.04841162588234482,0.0,0.32646607699889074,0.3748777028812569,0.3748777028812569,0.0,sequential score deltas; calendar/cohort/price/listing/turnover quality combined in third step
20251215,46.01126281882527,46.0112628188253,46.053027662399025,46.053027662399025,46.32514881284088,True,2025-12-15,2.842170943040401e-14,0.041764843573723454,0.0,0.2721211504418548,0.3138859940156067,0.3138859940156067,0.0,sequential score deltas; calendar/cohort/price/listing/turnover quality combined in third step
20251216,38.49725596906881,38.49725596906882,38.458657520303895,37.162077989189605,37.39199134864929,True,2025-12-16,7.105427357601002e-15,-0.038598448764922466,-1.2965795311142898,0.22991335945968672,-1.1052646204195185,-1.1052646204195185,0.0,sequential score deltas; calendar/cohort/price/listing/turnover quality combined in third step
20251217,30.823314643795346,30.823314643795356,30.84197482933552,26.947365438718638,27.226306343217406,True,2025-12-17,1.0658141036401503e-14,0.018660185540163354,-3.894609390616882,0.27894090449876785,-3.59700830057794,-3.59700830057794,0.0,sequential score deltas; calendar/cohort/price/listing/turnover quality combined in third step
20251218,75.51987706474547,75.51987706474549,75.61245050179265,73.93962392734151,74.00634545872451,True,2025-12-18,1.4210854715202004e-14,0.09257343704716448,-1.6728265744511361,0.06672153138299564,-1.5135316060209618,-1.5135316060209618,0.0,sequential score deltas; calendar/cohort/price/listing/turnover quality combined in third step
20251219,65.07485946586189,65.0748594658619,65.1723048521368,64.16334004935734,64.48232107298261,True,2025-12-19,1.4210854715202004e-14,0.09744538627489874,-1.0089648027794595,0.3189810236252697,-0.5925383928792769,-0.5925383928792769,0.0,sequential score deltas; calendar/cohort/price/listing/turnover quality combined in third step
20251222,47.09840420647712,47.09840420647716,46.659744948126495,47.82314059754986,47.9883677151195,True,2025-12-22,4.263256414560601e-14,-0.4386592583506683,1.1633956494233644,0.1652271175696427,0.8899635086423814,0.8899635086423814,0.0,sequential score deltas; calendar/cohort/price/listing/turnover quality combined in third step
20251223,61.66783730269916,61.66783730269918,61.986271332602975,61.986271332602975,62.27681574722096,True,2025-12-23,2.1316282072803006e-14,0.3184340299037913,0.0,0.2905444146179832,0.6089784445217958,0.6089784445217958,0.0,sequential score deltas; calendar/cohort/price/listing/turnover quality combined in third step
20251224,73.13208525182385,73.13208525182388,73.4015565050704,73.4015565050704,73.67847240612433,True,2025-12-24,2.842170943040401e-14,0.26947125324652177,0.0,0.2769159010539255,0.5463871543004757,0.5463871543004757,0.0,sequential score deltas; calendar/cohort/price/listing/turnover quality combined in third step
20251225,91.31630408773349,91.3163040877335,91.43497312090196,91.05579365419146,91.05881364591967,True,2025-12-25,1.4210854715202004e-14,0.11866903316845878,-0.3791794667104966,0.0030199917282089928,-0.25749044181381464,-0.25749044181381464,0.0,sequential score deltas; calendar/cohort/price/listing/turnover quality combined in third step
20251226,94.33423420622096,94.33423420622097,94.33247261778865,93.45129698017254,93.85747312994144,True,2025-12-26,1.4210854715202004e-14,-0.00176158843231633,-0.88117563761611,0.40617614976889627,-0.4767610762795158,-0.4767610762795158,0.0,sequential score deltas; calendar/cohort/price/listing/turnover quality combined in third step
20251229,49.83519949461189,49.8351994946119,49.992884606784365,50.822568421733415,51.0814454665548,True,2025-12-29,7.105427357601002e-15,0.15768511217246584,0.8296838149490497,0.2588770448213822,1.2462459719429049,1.2462459719429049,0.0,sequential score deltas; calendar/cohort/price/listing/turnover quality combined in third step
20251230,50.675368299858846,50.67536829985886,51.20329265484182,50.98624993776778,51.26641244988693,True,2025-12-30,1.4210854715202004e-14,0.5279243549829573,-0.21704271707403677,0.2801625121191478,0.5910441500280825,0.5910441500280825,0.0,sequential score deltas; calendar/cohort/price/listing/turnover quality combined in third step
20251231,53.08052580511231,53.080525805112345,53.14516558293489,52.0879007252281,52.42660474502107,True,2025-12-31,3.552713678800501e-14,0.06463977782254204,-1.0572648577067838,0.3387040197929707,-0.6539210600912355,-0.6539210600912355,0.0,sequential score deltas; calendar/cohort/price/listing/turnover quality combined in third step
20260105,48.63985560017684,48.639855600176865,48.584919611195964,43.8979458519929,44.19500769300668,True,2026-01-05,2.842170943040401e-14,-0.05493598898090113,-4.686973759203063,0.29706184101377886,-4.444847907170157,-4.444847907170157,0.0,sequential score deltas; calendar/cohort/price/listing/turnover quality combined in third step
20260106,98.95810859588568,98.95810859588568,98.95634700745335,98.63335877706866,98.66347874243594,True,2026-01-06,0.0,-0.0017615884323305409,-0.3229882303846807,0.03011996536727679,-0.29462985344973447,-0.29462985344973447,0.0,sequential score deltas; calendar/cohort/price/listing/turnover quality combined in third step
20260107,58.925879069008325,58.92587906900834,58.91785375918462,55.456838764247266,55.67160901210015,True,2026-01-07,1.4210854715202004e-14,-0.008025309823722182,-3.4610149949373508,0.2147702478528828,-3.254270056908176,-3.254270056908176,0.0,sequential score deltas; calendar/cohort/price/listing/turnover quality combined in third step
20260108,94.16888408086265,94.16888408086265,94.15818366776435,94.11674622815602,94.14933572413152,True,2026-01-08,0.0,-0.010700413098305717,-0.04143743960833035,0.03258949597550043,-0.01954835673113564,-0.01954835673113564,0.0,sequential score deltas; calendar/cohort/price/listing/turnover quality combined in third step
20260109,73.70789824734848,73.70789824734848,73.6831299180542,73.6831299180542,74.0322949492983,True,2026-01-09,0.0,-0.024768329294275304,0.0,0.34916503124409815,0.32439670194982284,0.32439670194982284,0.0,sequential score deltas; calendar/cohort/price/listing/turnover quality combined in third step
20260112,96.3771412187773,96.3771412187773,96.36911590895357,97.26062724884206,97.31429228912432,True,2026-01-12,0.0,-0.008025309823722182,0.8915113398884813,0.053665040282268706,0.9371510703470278,0.9371510703470278,0.0,sequential score deltas; calendar/cohort/price/listing/turnover quality combined in third step
20260113,38.150654779368026,38.15065477936803,38.24657780668057,39.93746129338981,40.126442716662034,True,2026-01-13,7.105427357601002e-15,0.0959230273125371,1.6908834867092395,0.18898142327222445,1.9757879372940081,1.9757879372940081,0.0,sequential score deltas; calendar/cohort/price/listing/turnover quality combined in third step
20260114,74.63342353614887,74.63342353614887,74.59404453219973,73.66811860627381,73.97306648867455,True,2026-01-14,0.0,-0.039379003949136404,-0.9259259259259238,0.30494788240073945,-0.6603570474743208,-0.6603570474743208,0.0,sequential score deltas; calendar/cohort/price/listing/turnover quality combined in third step
20260115,15.233407697767735,15.233407697767735,15.298623528593549,15.059836081070939,15.042744510513007,True,2026-01-15,0.0,0.06521583082581373,-0.2387874475226095,-0.0170915705579322,-0.19066318725472797,-0.19066318725472797,0.0,sequential score deltas; calendar/cohort/price/listing/turnover quality combined in third step
20260116,9.07834028760262,9.078340287602625,9.147058430142975,10.375909702343863,10.352360786232992,True,2026-01-16,5.329070518200751e-15,0.0687181425403498,1.2288512722008882,-0.02354891611087062,1.2740204986303727,1.2740204986303727,0.0,sequential score deltas; calendar/cohort/price/listing/turnover quality combined in third step
20260119,50.62781056961472,50.627810569614745,50.72868334017894,43.01442010448592,43.22233188689386,True,2026-01-19,2.842170943040401e-14,0.10087277056419452,-7.714263235693018,0.2079117824079404,-7.4054786827208545,-7.4054786827208545,0.0,sequential score deltas; calendar/cohort/price/listing/turnover quality combined in third step
20260120,47.244272563792585,47.24427256379259,46.96371237404489,39.90850740835681,40.03881547125645,True,2026-01-20,7.105427357601002e-15,-0.28056018974770325,-7.055204965688077,0.13030806289963692,-7.205457092536136,-7.205457092536136,0.0,sequential score deltas; calendar/cohort/price/listing/turnover quality combined in third step
20260121,60.35484044289922,60.35484044289924,56.355598118346116,44.237508207022046,44.61766217514223,True,2026-01-21,2.1316282072803006e-14,-3.999242324553123,-12.11808991132407,0.3801539681201831,-15.737178267756988,-15.737178267756988,0.0,sequential score deltas; calendar/cohort/price/listing/turnover quality combined in third step
20260122,78.62197094150254,78.62197094150255,69.61749570395092,66.71910354440621,66.92301190014061,True,2026-01-22,1.4210854715202004e-14,-9.004475237551631,-2.898392159544713,0.20390835573439858,-11.698959041361931,-11.698959041361931,0.0,sequential score deltas; calendar/cohort/price/listing/turnover quality combined in third step
20260123,62.28317139245707,62.283171392457085,57.3420259071441,56.519181797838186,56.76212939974223,True,2026-01-23,1.4210854715202004e-14,-4.941145485312987,-0.8228441093059118,0.2429476019040422,-5.521041992714842,-5.521041992714842,0.0,sequential score deltas; calendar/cohort/price/listing/turnover quality combined in third step
20260126,26.172971360141887,26.172971360141904,26.25516154557478,16.378903520659872,16.2852503874013,True,2026-01-26,1.7763568394002505e-14,0.08219018543287504,-9.876258024914907,-0.09365313325857016,-9.887720972740585,-9.887720972740585,0.0,sequential score deltas; calendar/cohort/price/listing/turnover quality combined in third step
20260127,58.640045366855446,58.640045366855446,58.5356315403085,54.620447676475386,54.70412889657387,True,2026-01-27,0.0,-0.10441382654694564,-3.9151838638331142,0.08368122009848378,-3.935916470281576,-3.935916470281576,0.0,sequential score deltas; calendar/cohort/price/listing/turnover quality combined in third step
20260128,66.04999801088115,66.04999801088117,66.03515307608717,66.03515307608717,66.2360224629562,True,2026-01-28,1.4210854715202004e-14,-0.014844934793998732,0.0,0.2008693868690301,0.1860244520750456,0.1860244520750456,0.0,sequential score deltas; calendar/cohort/price/listing/turnover quality combined in third step
20260129,59.39930920416935,59.39930920416935,59.84608958568792,59.84608958568792,60.08758406805433,True,2026-01-29,0.0,0.4467803815185718,0.0,0.2414944823664129,0.6882748638849847,0.6882748638849847,0.0,sequential score deltas; calendar/cohort/price/listing/turnover quality combined in third step
20260130,6.79938951377033,6.79938951377033,6.853764516932281,6.853764516932281,6.806836646983371,True,2026-01-30,0.0,0.054375003161950985,0.0,-0.04692786994890952,0.007447133213041468,0.007447133213041468,0.0,sequential score deltas; calendar/cohort/price/listing/turnover quality combined in third step
20260202,36.34350262532614,36.34350262532616,36.34350262532616,42.11976987284808,42.375461677149204,True,2026-02-02,2.1316282072803006e-14,0.0,5.776267247521922,0.25569180430112226,6.0319590518230655,6.0319590518230655,0.0,sequential score deltas; calendar/cohort/price/listing/turnover quality combined in third step
20260203,64.43835899999004,64.43835899999004,64.49139885487446,64.49139885487446,64.92336247517085,True,2026-02-03,0.0,0.05303985488441754,0.0,0.43196362029638635,0.4850034751808039,0.4850034751808039,0.0,sequential score deltas; calendar/cohort/price/listing/turnover quality combined in third step
20260204,51.36319657226756,51.36319657226757,50.69014714752647,49.588502858906686,49.86348885768821,True,2026-02-04,7.105427357601002e-15,-0.6730494247411016,-1.1016442886197808,0.2749859987815242,-1.4997077145793511,-1.4997077145793511,0.0,sequential score deltas; calendar/cohort/price/listing/turnover quality combined in third step
20260205,26.824518632370484,26.824518632370488,21.3755281877125,17.059406363952384,17.10762175704562,True,2026-02-05,3.552713678800501e-15,-5.448990444657987,-4.316121823760117,0.04821539309323697,-9.716896875324863,-9.716896875324863,0.0,sequential score deltas; calendar/cohort/price/listing/turnover quality combined in third step
20260206,47.08522923690386,47.08522923690387,47.13720322037178,43.97656789986295,44.18859981879221,True,2026-02-06,1.4210854715202004e-14,0.051973983467910045,-3.160635320508831,0.21203191892926299,-2.896629418111644,-2.896629418111644,0.0,sequential score deltas; calendar/cohort/price/listing/turnover quality combined in third step
20260209,74.9294490856112,74.92944908561122,75.04361715625728,67.73744326561345,68.0588233349576,True,2026-02-09,2.842170943040401e-14,0.11416807064605905,-7.306173890643834,0.3213800693441442,-6.870625750653602,-6.870625750653602,0.0,sequential score deltas; calendar/cohort/price/listing/turnover quality combined in third step
20260210,31.88953607032995,31.889536070329964,31.930423102960017,29.60946743647715,29.644068176700518,True,2026-02-10,1.4210854715202004e-14,0.040887032630053,-2.3209556664828668,0.03460074022336812,-2.2454678936294314,-2.2454678936294314,0.0,sequential score deltas; calendar/cohort/price/listing/turnover quality combined in third step
20260211,34.181091547299914,34.18109154729992,38.46056608190187,38.46056608190187,38.88897463744491,True,2026-02-11,7.105427357601002e-15,4.279474534601945,0.0,0.4284085555430437,4.707883090144996,4.707883090144996,0.0,sequential score deltas; calendar/cohort/price/listing/turnover quality combined in third step
20260212,44.33923874843453,44.33923874843456,44.63975045531105,44.63975045531105,44.83650565646082,True,2026-02-12,2.842170943040401e-14,0.30051170687649176,0.0,0.1967552011497702,0.49726690802629037,0.49726690802629037,0.0,sequential score deltas; calendar/cohort/price/listing/turnover quality combined in third step
20260213,9.686667648125127,9.686667648125132,9.921976552166011,9.921976552166011,9.996212507831254,True,2026-02-13,5.329070518200751e-15,0.23530890404087934,0.0,0.07423595566524277,0.30954485970612744,0.30954485970612744,0.0,sequential score deltas; calendar/cohort/price/listing/turnover quality combined in third step
20260224,51.412981989777464,51.412981989777464,51.47810646500119,52.744853541533644,52.94167366485687,True,2026-02-24,0.0,0.06512447522372611,1.2667470765324538,0.19682012332322785,1.5286916750794077,1.5286916750794077,0.0,sequential score deltas; calendar/cohort/price/listing/turnover quality combined in third step
20260225,68.48071146578681,68.48071146578684,68.57931577645316,68.57931577645316,68.8866140295503,True,2026-02-25,2.842170943040401e-14,0.09860431066631747,0.0,0.3072982530971444,0.4059025637634903,0.4059025637634903,0.0,sequential score deltas; calendar/cohort/price/listing/turnover quality combined in third step
20260226,47.890655806149,47.890655806149034,47.96977739134811,47.96977739134811,48.24406182764858,True,2026-02-26,3.552713678800501e-14,0.07912158519907564,0.0,0.2742844363004693,0.35340602149958045,0.35340602149958045,0.0,sequential score deltas; calendar/cohort/price/listing/turnover quality combined in third step
20260227,69.35301903754043,69.35301903754045,69.45905105124969,69.45905105124969,69.70210781137067,True,2026-02-27,1.4210854715202004e-14,0.10603201370923898,0.0,0.24305676012097877,0.34908877383023196,0.34908877383023196,0.0,sequential score deltas; calendar/cohort/price/listing/turnover quality combined in third step
20260302,49.792929058693225,49.792929058693254,49.915938322549096,49.915938322549096,50.19308392488192,True,2026-03-02,2.842170943040401e-14,0.12300926385584177,0.0,0.2771456023328227,0.4001548661886929,0.4001548661886929,0.0,sequential score deltas; calendar/cohort/price/listing/turnover quality combined in third step
20260303,37.39465618378184,37.394656183781855,37.45999793218111,37.45999793218111,37.898070526665414,True,2026-03-03,1.4210854715202004e-14,0.06534174839925555,0.0,0.4380725944843036,0.5034143428835733,0.5034143428835733,0.0,sequential score deltas; calendar/cohort/price/listing/turnover quality combined in third step
20260304,14.922544527901502,14.922544527901497,14.882495239036441,14.882495239036441,14.97894785115734,True,2026-03-04,-5.329070518200751e-15,-0.0400492888650561,0.0,0.09645261212089906,0.056403323255837634,0.056403323255837634,0.0,sequential score deltas; calendar/cohort/price/listing/turnover quality combined in third step
20260305,18.207692885857117,18.207692885857124,18.20018962480684,18.20018962480684,18.232418736616072,True,2026-03-05,7.105427357601002e-15,-0.007503261050285204,0.0,0.032229111809233046,0.024725850758954948,0.024725850758954948,0.0,sequential score deltas; calendar/cohort/price/listing/turnover quality combined in third step
20260306,46.153336369516275,46.153336369516296,46.21605733869288,46.21605733869288,46.39938442618416,True,2026-03-06,2.1316282072803006e-14,0.06272096917658132,0.0,0.18332708749128557,0.2460480566678882,0.2460480566678882,0.0,sequential score deltas; calendar/cohort/price/listing/turnover quality combined in third step
20260309,39.80331249486569,39.8033124948657,39.840731931022866,39.840731931022866,40.14921943188747,True,2026-03-09,7.105427357601002e-15,0.037419436157165364,0.0,0.30848750086460086,0.34590693702177333,0.34590693702177333,0.0,sequential score deltas; calendar/cohort/price/listing/turnover quality combined in third step
20260310,46.389817055174454,46.389817055174476,46.441931092378084,46.441931092378084,46.73146972615606,True,2026-03-10,2.1316282072803006e-14,0.05211403720360863,0.0,0.2895386337779726,0.34165267098160257,0.34165267098160257,0.0,sequential score deltas; calendar/cohort/price/listing/turnover quality combined in third step
20260311,55.612686367123366,55.612686367123395,55.667472746559675,55.667472746559675,55.87663884473274,True,2026-03-11,2.842170943040401e-14,0.05478637943627973,0.0,0.20916609817306409,0.26395247760937224,0.26395247760937224,0.0,sequential score deltas; calendar/cohort/price/listing/turnover quality combined in third step
20260312,53.14540527398978,53.145405273989816,53.19906379265659,53.19906379265659,53.48858115011968,True,2026-03-12,3.552713678800501e-14,0.05365851866677218,0.0,0.28951735746309026,0.34317587612989797,0.34317587612989797,0.0,sequential score deltas; calendar/cohort/price/listing/turnover quality combined in third step
20260313,54.632182943067306,54.632182943067335,54.68290592540067,54.68290592540067,54.87843387782665,True,2026-03-13,2.842170943040401e-14,0.05072298233333328,0.0,0.19552795242598364,0.24625093475934534,0.24625093475934534,0.0,sequential score deltas; calendar/cohort/price/listing/turnover quality combined in third step
20260316,21.93937501596185,21.939375015961854,21.91942198909012,21.91942198909012,22.205416657323113,True,2026-03-16,3.552713678800501e-15,-0.019953026871732504,0.0,0.28599466823299124,0.2660416413612623,0.2660416413612623,0.0,sequential score deltas; calendar/cohort/price/listing/turnover quality combined in third step
20260317,69.98667708854032,69.98667708854032,69.96171595273474,69.96171595273474,70.05640905345211,True,2026-03-17,0.0,-0.024961135805583012,0.0,0.0946931007173788,0.06973196491179579,0.06973196491179579,0.0,sequential score deltas; calendar/cohort/price/listing/turnover quality combined in third step
20260318,31.520886927185167,31.520886927185185,31.57517291011534,31.57517291011534,31.755341771537033,True,2026-03-18,1.7763568394002505e-14,0.05428598293015696,0.0,0.18016886142169142,0.23445484435186614,0.23445484435186614,0.0,sequential score deltas; calendar/cohort/price/listing/turnover quality combined in third step
20260319,26.31124027881073,26.311240278810736,26.29378832235742,26.29378832235742,26.510618693340117,True,2026-03-19,7.105427357601002e-15,-0.017451956453317763,0.0,0.21683037098269864,0.19937841452938798,0.19937841452938798,0.0,sequential score deltas; calendar/cohort/price/listing/turnover quality combined in third step
20260320,25.940354271670646,25.940354271670646,40.259299381286475,40.259299381286475,40.36440397050785,True,2026-03-20,0.0,14.318945109615829,0.0,0.10510458922137644,14.424049698837205,14.424049698837205,0.0,sequential score deltas; calendar/cohort/price/listing/turnover quality combined in third step
20260323,34.48674944761337,34.48674944761338,34.48674944761338,34.48674944761338,34.72906907805774,True,2026-03-23,7.105427357601002e-15,0.0,0.0,0.24231963044436355,0.24231963044437066,0.24231963044437066,0.0,sequential score deltas; calendar/cohort/price/listing/turnover quality combined in third step
20260324,58.91174546964523,58.911745469645254,59.00592418750521,59.00592418750521,59.20501842911526,True,2026-03-24,2.1316282072803006e-14,0.09417871785995402,0.0,0.19909424161005518,0.2932729594700305,0.2932729594700305,0.0,sequential score deltas; calendar/cohort/price/listing/turnover quality combined in third step
20260325,86.92993875807201,86.92993875807201,87.04779313248787,87.04779313248787,86.95887125580242,True,2026-03-25,0.0,0.117854374415856,0.0,-0.08892187668544693,0.028932497730409068,0.028932497730409068,0.0,sequential score deltas; calendar/cohort/price/listing/turnover quality combined in third step
20260326,24.451886114403795,24.45188611440382,24.429421092178796,24.429421092178796,24.469789807443306,True,2026-03-26,2.4868995751603507e-14,-0.022465022225024,0.0,0.0403687152645098,0.01790369303951067,0.01790369303951067,0.0,sequential score deltas; calendar/cohort/price/listing/turnover quality combined in third step
20260327,33.71479276384192,33.71479276384193,33.77542105597042,33.77542105597042,34.14566332043317,True,2026-03-27,7.105427357601002e-15,0.06062829212849152,0.0,0.3702422644627532,0.43087055659125184,0.43087055659125184,0.0,sequential score deltas; calendar/cohort/price/listing/turnover quality combined in third step
20260330,28.631379232939636,28.631379232939658,28.6732488749982,28.6732488749982,28.702739331466322,True,2026-03-30,2.1316282072803006e-14,0.04186964205854338,0.0,0.029490456468121096,0.07136009852668579,0.07136009852668579,0.0,sequential score deltas; calendar/cohort/price/listing/turnover quality combined in third step
20260331,17.159354244119164,17.159354244119168,17.211934623061563,17.211934623061563,17.209659363797353,True,2026-03-31,3.552713678800501e-15,0.052580378942394645,0.0,-0.0022752592642092395,0.05030511967818896,0.05030511967818896,0.0,sequential score deltas; calendar/cohort/price/listing/turnover quality combined in third step
20260401,22.51548097446668,22.51548097446669,22.544969510631457,22.544969510631457,22.7008041904781,True,2026-04-01,1.0658141036401503e-14,0.029488536164766543,0.0,0.15583467984664168,0.18532321601141888,0.18532321601141888,0.0,sequential score deltas; calendar/cohort/price/listing/turnover quality combined in third step
20260402,54.48975239555336,54.48975239555337,54.470610419603226,54.92647813155913,54.9578914044509,True,2026-04-02,7.105427357601002e-15,-0.019141975950141443,0.4558677119559036,0.03141327289176843,0.4681390088975377,0.4681390088975377,0.0,sequential score deltas; calendar/cohort/price/listing/turnover quality combined in third step
20260403,17.807109640393943,17.807109640393968,17.807109640393968,17.807109640393968,17.95015780796257,True,2026-04-03,2.4868995751603507e-14,0.0,0.0,0.14304816756860106,0.14304816756862593,0.14304816756862593,0.0,sequential score deltas; calendar/cohort/price/listing/turnover quality combined in third step
20260407,63.08680676826711,63.08680676826711,63.44373714839285,63.89402540398659,63.84934830005333,True,2026-04-07,0.0,0.3569303801257391,0.4502882555937404,-0.0446771039332603,0.7625415317862192,0.7625415317862192,0.0,sequential score deltas; calendar/cohort/price/listing/turnover quality combined in third step
20260408,60.68155109418776,60.681551094187775,60.67177713962734,60.67177713962734,60.919238840192975,True,2026-04-08,1.4210854715202004e-14,-0.009773954560436948,0.0,0.247461700565637,0.23768774600521425,0.23768774600521425,0.0,sequential score deltas; calendar/cohort/price/listing/turnover quality combined in third step
20260409,37.56344094213065,37.56344094213066,37.883879678531294,37.883879678531294,38.10305583139451,True,2026-04-09,1.4210854715202004e-14,0.32043873640063225,0.0,0.2191761528632128,0.5396148892638593,0.5396148892638593,0.0,sequential score deltas; calendar/cohort/price/listing/turnover quality combined in third step
20260410,62.35892304859286,62.358923048592864,62.24589322018891,60.9097586394994,61.21416332322928,True,2026-04-10,7.105427357601002e-15,-0.11302982840395259,-1.3361345806895102,0.30440468372987795,-1.1447597253635777,-1.1447597253635777,0.0,sequential score deltas; calendar/cohort/price/listing/turnover quality combined in third step
20260413,49.87356076829486,49.87356076829488,48.23635783798349,49.55930959381946,49.77899068882879,True,2026-04-13,2.1316282072803006e-14,-1.637202930311389,1.322951755835966,0.21968109500933508,-0.09457007946606666,-0.09457007946606666,0.0,sequential score deltas; calendar/cohort/price/listing/turnover quality combined in third step
20260414,68.3126124519068,68.31261245190683,69.70088152675378,69.70088152675378,69.96509298009843,True,2026-04-14,2.842170943040401e-14,1.3882690748469457,0.0,0.26421145334465734,1.6524805281916315,1.6524805281916315,0.0,sequential score deltas; calendar/cohort/price/listing/turnover quality combined in third step
20260415,47.008854843182135,47.00885484318216,45.295925049555464,45.295925049555464,45.51843620579845,True,2026-04-15,2.1316282072803006e-14,-1.7129297936266923,0.0,0.22251115624298734,-1.4904186373836836,-1.4904186373836836,0.0,sequential score deltas; calendar/cohort/price/listing/turnover quality combined in third step
20260416,53.5833716101478,53.583371610147815,46.837343955998826,46.837343955998826,47.00743035022733,True,2026-04-16,1.4210854715202004e-14,-6.746027654148989,0.0,0.17008639422850536,-6.575941259920469,-6.575941259920469,0.0,sequential score deltas; calendar/cohort/price/listing/turnover quality combined in third step
20260417,82.25701225903745,82.25701225903748,82.36156983631078,82.36156983631078,82.64131710783033,True,2026-04-17,2.842170943040401e-14,0.1045575772732974,0.0,0.2797472715195539,0.38430484879287974,0.38430484879287974,0.0,sequential score deltas; calendar/cohort/price/listing/turnover quality combined in third step
20260420,61.34832448236009,61.34832448236009,61.41356425272461,61.41356425272461,61.703072421940995,True,2026-04-20,0.0,0.06523977036452067,0.0,0.2895081692163828,0.35474793958090345,0.35474793958090345,0.0,sequential score deltas; calendar/cohort/price/listing/turnover quality combined in third step
20260421,42.1877127426699,42.18771274266991,42.48921527306046,42.476380298633025,42.71407576618584,True,2026-04-21,7.105427357601002e-15,0.3015025303905503,-0.012834974427434531,0.23769546755281823,0.5263630235159411,0.5263630235159411,0.0,sequential score deltas; calendar/cohort/price/listing/turnover quality combined in third step
20260422,36.84414611282306,36.84414611282308,49.24792742935195,49.24792742935195,49.50661057831123,True,2026-04-22,2.1316282072803006e-14,12.403781316528864,0.0,0.25868314895928535,12.66246446548817,12.66246446548817,0.0,sequential score deltas; calendar/cohort/price/listing/turnover quality combined in third step
20260423,58.64637850211942,58.646378502119425,58.93135674027123,58.93135674027123,58.988146008712384,True,2026-04-23,7.105427357601002e-15,0.2849782381518011,0.0,0.0567892684411575,0.34176750659296573,0.34176750659296573,0.0,sequential score deltas; calendar/cohort/price/listing/turnover quality combined in third step
20260424,14.839886089143409,14.839886089143418,14.89102863627787,14.89102863627787,15.012211609346494,True,2026-04-24,8.881784197001252e-15,0.05114254713445199,0.0,0.12118297306862402,0.1723255202030849,0.1723255202030849,0.0,sequential score deltas; calendar/cohort/price/listing/turnover quality combined in third step
20260427,35.75741553739999,35.757415537400014,35.53687302263984,35.53687302263984,35.92679936534896,True,2026-04-27,2.1316282072803006e-14,-0.22054251476017583,0.0,0.3899263427091242,0.16938382794896967,0.16938382794896967,0.0,sequential score deltas; calendar/cohort/price/listing/turnover quality combined in third step
20260428,48.263614850552386,48.26361485055239,49.36397718971887,49.36397718971887,49.585404983992085,True,2026-04-28,7.105427357601002e-15,1.1003623391664732,0.0,0.22142779427321813,1.3217901334396984,1.3217901334396984,0.0,sequential score deltas; calendar/cohort/price/listing/turnover quality combined in third step
20260429,48.552303262812885,48.55230326281289,49.41220673470453,45.62909753192442,45.83970228316687,True,2026-04-29,7.105427357601002e-15,0.8599034718916414,-3.7831092027801105,0.2106047512424496,-2.7126009796460124,-2.7126009796460124,0.0,sequential score deltas; calendar/cohort/price/listing/turnover quality combined in third step
20260430,49.644780577652384,49.644780577652405,50.79697118378449,57.12580510641803,57.56481942877857,True,2026-04-30,2.1316282072803006e-14,1.1521906061320877,6.328833922633535,0.43901432236054205,7.920038851126186,7.920038851126186,0.0,sequential score deltas; calendar/cohort/price/listing/turnover quality combined in third step
20260506,76.43880137487227,76.43880137487227,78.7464854886043,78.7464854886043,78.95778400051213,True,2026-05-06,0.0,2.307684113732037,0.0,0.21129851190782745,2.5189826256398646,2.5189826256398646,0.0,sequential score deltas; calendar/cohort/price/listing/turnover quality combined in third step
20260507,55.49331293466227,55.49331293466228,56.440994446207,56.440994446207,56.42492501145927,True,2026-05-07,7.105427357601002e-15,0.9476815115447224,0.0,-0.016069434747727485,0.931612076797002,0.931612076797002,0.0,sequential score deltas; calendar/cohort/price/listing/turnover quality combined in third step
20260508,60.18729050812169,60.18729050812171,60.602405715607475,60.602405715607475,60.904701442414584,True,2026-05-08,2.1316282072803006e-14,0.41511520748576203,0.0,0.3022957268071096,0.7174109342928929,0.7174109342928929,0.0,sequential score deltas; calendar/cohort/price/listing/turnover quality combined in third step
20260511,70.66734709429026,70.66734709429028,70.65039082063313,70.65039082063313,70.90571971709451,True,2026-05-11,1.4210854715202004e-14,-0.016956273657143583,0.0,0.25532889646137846,0.2383726228042491,0.2383726228042491,0.0,sequential score deltas; calendar/cohort/price/listing/turnover quality combined in third step
20260512,60.4512991914015,60.45129919140152,61.071975876258705,61.071975876258705,61.27367210840105,True,2026-05-12,1.4210854715202004e-14,0.6206766848571874,0.0,0.20169623214234633,0.822372916999548,0.822372916999548,0.0,sequential score deltas; calendar/cohort/price/listing/turnover quality combined in third step
20260513,75.78776340204429,75.78776340204432,76.31900919648999,76.31900919648999,76.60986297847346,True,2026-05-13,2.842170943040401e-14,0.5312457944456668,0.0,0.290853781983472,0.8220995764291672,0.8220995764291672,0.0,sequential score deltas; calendar/cohort/price/listing/turnover quality combined in third step
20260514,32.04152425393483,32.04152425393483,32.619633977987746,32.619633977987746,32.7902567222625,True,2026-05-14,0.0,0.5781097240529149,0.0,0.17062274427475188,0.7487324683276668,0.7487324683276668,0.0,sequential score deltas; calendar/cohort/price/listing/turnover quality combined in third step
20260515,29.709076447187783,29.709076447187797,30.300373411925072,30.300373411925072,30.565729904012663,True,2026-05-15,1.4210854715202004e-14,0.5912969647372748,0.0,0.2653564920875908,0.8566534568248798,0.8566534568248798,0.0,sequential score deltas; calendar/cohort/price/listing/turnover quality combined in third step
20260518,70.86332158318193,70.86332158318194,71.03856773477413,69.59329316955895,69.83719808817236,True,2026-05-18,1.4210854715202004e-14,0.1752461515921908,-1.4452745652151862,0.2439049186134099,-1.0261234950095712,-1.0261234950095712,0.0,sequential score deltas; calendar/cohort/price/listing/turnover quality combined in third step
20260519,77.39545800871466,77.39545800871467,77.49856608350495,73.18783098854462,73.58001339333005,True,2026-05-19,1.4210854715202004e-14,0.10310807479028483,-4.310735094960336,0.3921824047854301,-3.8154446153846067,-3.8154446153846067,0.0,sequential score deltas; calendar/cohort/price/listing/turnover quality combined in third step
20260520,44.95567986060838,44.9556798606084,44.82980159741533,47.73520240256481,48.00739086029199,True,2026-05-20,2.1316282072803006e-14,-0.12587826319306572,2.905400805149476,0.27218845772718225,3.051710999683614,3.051710999683614,0.0,sequential score deltas; calendar/cohort/price/listing/turnover quality combined in third step
20260521,13.812052757411054,13.812052757411063,14.362901240151306,12.83141371660183,12.861479273079972,True,2026-05-21,8.881784197001252e-15,0.5508484827402427,-1.531487523549476,0.03006555647814224,-0.9505734843310822,-0.9505734843310822,0.0,sequential score deltas; calendar/cohort/price/listing/turnover quality combined in third step
20260522,75.36052876425225,75.36052876425225,75.47402675397733,74.20215479504267,74.26500715453511,True,2026-05-22,0.0,0.11349798972507585,-1.2718719589346534,0.06285235949243884,-1.0955216097171387,-1.0955216097171387,0.0,sequential score deltas; calendar/cohort/price/listing/turnover quality combined in third step
20260525,50.868459336340344,50.86845933634035,50.97280649556938,50.97280649556938,50.97195826062685,True,2026-05-25,7.105427357601002e-15,0.10434715922902882,0.0,-0.0008482349425307234,0.1034989242865052,0.1034989242865052,0.0,sequential score deltas; calendar/cohort/price/listing/turnover quality combined in third step
20260526,31.730253854399354,31.730253854399365,31.67404432084387,31.67404432084387,31.787676980981935,True,2026-05-26,1.0658141036401503e-14,-0.05620953355549574,0.0,0.11363266013806594,0.05742312658258086,0.05742312658258086,0.0,sequential score deltas; calendar/cohort/price/listing/turnover quality combined in third step
20260527,29.527498526422832,29.527498526422853,29.527498526422853,29.527498526422853,29.58359137103487,True,2026-05-27,2.1316282072803006e-14,0.0,0.0,0.056092844612017245,0.05609284461203856,0.05609284461203856,0.0,sequential score deltas; calendar/cohort/price/listing/turnover quality combined in third step
20260528,62.605326988417204,62.605326988417225,62.72776425597174,62.72776425597174,63.04530699353253,True,2026-05-28,2.1316282072803006e-14,0.1224372675545169,0.0,0.3175427375607853,0.43998000511532354,0.43998000511532354,0.0,sequential score deltas; calendar/cohort/price/listing/turnover quality combined in third step
20260529,25.199260201914033,25.199260201914047,25.151589649893975,25.151589649893975,25.375060363849236,True,2026-05-29,1.4210854715202004e-14,-0.04767055202007242,0.0,0.22347071395526186,0.17580016193520365,0.17580016193520365,0.0,sequential score deltas; calendar/cohort/price/listing/turnover quality combined in third step
20260601,53.65612291257799,53.656122912578,53.86322791404211,53.86322791404211,54.16233850270831,True,2026-06-01,7.105427357601002e-15,0.20710500146411448,0.0,0.29911058866619555,0.5062155901303171,0.5062155901303171,0.0,sequential score deltas; calendar/cohort/price/listing/turnover quality combined in third step
20260602,21.35998961945019,21.359989619450214,20.79773154966393,20.79773154966393,20.827560218518517,True,2026-06-02,2.4868995751603507e-14,-0.5622580697862851,0.0,0.029828668854587903,-0.5324294009316723,-0.5324294009316723,0.0,sequential score deltas; calendar/cohort/price/listing/turnover quality combined in third step
20260603,35.55185201185311,35.551852011853114,35.25610115210554,35.25610115210554,35.31794027431552,True,2026-06-03,7.105427357601002e-15,-0.29575085974757087,0.0,0.06183912220997456,-0.2339117375375892,-0.2339117375375892,0.0,sequential score deltas; calendar/cohort/price/listing/turnover quality combined in third step
20260604,42.11922082358215,42.119220823582175,42.34547783782169,42.34547783782169,42.73891736239816,True,2026-06-04,2.842170943040401e-14,0.22625701423951483,0.0,0.3934395245764719,0.6196965388160152,0.6196965388160152,0.0,sequential score deltas; calendar/cohort/price/listing/turnover quality combined in third step
20260605,14.799093910733882,14.799093910733879,14.868744548046624,14.868744548046624,14.859300964636699,True,2026-06-05,-3.552713678800501e-15,0.0696506373127459,0.0,-0.009443583409925793,0.060207053902816554,0.060207053902816554,0.0,sequential score deltas; calendar/cohort/price/listing/turnover quality combined in third step
20260608,48.74634700570622,48.74634700570624,48.845134978251664,48.845134978251664,49.06131561656175,True,2026-06-08,2.1316282072803006e-14,0.09878797254542349,0.0,0.21618063831008527,0.3149686108555301,0.3149686108555301,0.0,sequential score deltas; calendar/cohort/price/listing/turnover quality combined in third step
20260609,39.14564213580956,39.145642135809574,39.255722857450834,39.255722857450834,39.228874084414876,True,2026-06-09,1.4210854715202004e-14,0.11008072164126048,0.0,-0.026848773035958118,0.08323194860531657,0.08323194860531657,0.0,sequential score deltas; calendar/cohort/price/listing/turnover quality combined in third step
20260610,22.121194748210712,22.12119474821073,22.221778865711528,22.221778865711528,22.170187091042564,True,2026-06-10,1.7763568394002505e-14,0.10058411750079799,0.0,-0.05159177466896381,0.04899234283185194,0.04899234283185194,0.0,sequential score deltas; calendar/cohort/price/listing/turnover quality combined in third step
20260611,21.985706927623635,21.985706927623653,22.061145015749254,22.059851458605163,22.287516206893766,True,2026-06-11,1.7763568394002505e-14,0.07543808812560115,-0.0012935571440912952,0.2276647482886034,0.301809279270131,0.301809279270131,0.0,sequential score deltas; calendar/cohort/price/listing/turnover quality combined in third step
20260612,28.60579562897322,28.605795628973244,28.65610200063351,28.65610200063351,28.630901939784952,True,2026-06-12,2.4868995751603507e-14,0.05030637166026608,0.0,-0.02520006084855808,0.025106310811732868,0.025106310811732868,0.0,sequential score deltas; calendar/cohort/price/listing/turnover quality combined in third step
20260615,52.05845547845425,52.05845547845427,52.201017157824104,52.201017157824104,52.18564400467474,True,2026-06-15,2.1316282072803006e-14,0.14256167936983388,0.0,-0.01537315314936194,0.12718852622049326,0.12718852622049326,0.0,sequential score deltas; calendar/cohort/price/listing/turnover quality combined in third step
20260616,68.07101892246591,68.07101892246594,68.03192530862233,68.03192530862233,68.4502288087777,True,2026-06-16,2.842170943040401e-14,-0.03909361384360466,0.0,0.41830350015536055,0.3792098863117843,0.3792098863117843,0.0,sequential score deltas; calendar/cohort/price/listing/turnover quality combined in third step
20260617,46.90135682591465,46.90135682591465,47.114044445736845,47.114044445736845,47.44035339428058,True,2026-06-17,0.0,0.21268761982219786,0.0,0.3263089485437334,0.5389965683659312,0.5389965683659312,0.0,sequential score deltas; calendar/cohort/price/listing/turnover quality combined in third step
20260618,39.550606588354796,39.5506065883548,39.63346047528752,39.63346047528752,39.637634877657845,True,2026-06-18,7.105427357601002e-15,0.08285388693271756,0.0,0.004174402370324515,0.08702828930304918,0.08702828930304918,0.0,sequential score deltas; calendar/cohort/price/listing/turnover quality combined in third step
20260622,84.93575552514856,84.93575552514856,84.90321279923195,84.90342960703104,85.1422718184519,True,2026-06-22,0.0,-0.032542725916613335,0.00021680779909161174,0.23884221142085948,0.20651629330333776,0.20651629330333776,0.0,sequential score deltas; calendar/cohort/price/listing/turnover quality combined in third step
20260623,43.28419165343076,43.284191653430774,43.15533507277489,43.15067900009669,43.3005307678763,True,2026-06-23,1.4210854715202004e-14,-0.128856580655885,-0.004656072678201895,0.14985176777961584,0.016339114445543146,0.016339114445543146,0.0,sequential score deltas; calendar/cohort/price/listing/turnover quality combined in third step
20260624,43.43493973585017,43.43493973585019,43.603769272456795,43.60042605535549,43.758611583411835,True,2026-06-24,2.1316282072803006e-14,0.1688295366066015,-0.003343217101303253,0.15818552805634312,0.3236718475616627,0.3236718475616627,0.0,sequential score deltas; calendar/cohort/price/listing/turnover quality combined in third step
20260625,41.00113121983585,41.00113121983587,41.06394933961646,40.93896790390843,40.984882885906956,True,2026-06-25,2.1316282072803006e-14,0.06281811978058727,-0.12498143570802966,0.045914981998528503,-0.016248333928892578,-0.016248333928892578,0.0,sequential score deltas; calendar/cohort/price/listing/turnover quality combined in third step
20260626,40.27277899224006,40.272778992240085,40.43343948707552,37.35746829865098,37.56861692786878,True,2026-06-26,2.1316282072803006e-14,0.1606604948354331,-3.075971188424539,0.21114862921780286,-2.704162064371282,-2.704162064371282,0.0,sequential score deltas; calendar/cohort/price/listing/turnover quality combined in third step
20260629,16.781950451524203,16.78195045152421,16.799442133786044,17.386013233519108,17.59165502654217,True,2026-06-29,7.105427357601002e-15,0.017491682261834285,0.5865710997330638,0.2056417930230623,0.8097045750179674,0.8097045750179674,0.0,sequential score deltas; calendar/cohort/price/listing/turnover quality combined in third step
20260630,54.29557167370719,54.29557167370723,54.83209198669378,54.83209198669378,54.88282221140923,True,2026-06-30,4.263256414560601e-14,0.5365203129865534,0.0,0.050730224715444194,0.5872505377020403,0.5872505377020403,0.0,sequential score deltas; calendar/cohort/price/listing/turnover quality combined in third step
20260701,55.73414376315445,55.73414376315447,55.972995389707,55.77180462465896,55.90477379113911,True,2026-07-01,2.1316282072803006e-14,0.23885162655253112,-0.20119076504803957,0.13296916648014445,0.17063002798465732,0.17063002798465732,0.0,sequential score deltas; calendar/cohort/price/listing/turnover quality combined in third step
20260702,33.63047844259302,33.63047844259302,33.750673178450846,32.78818126783569,32.69411817494711,True,2026-07-02,0.0,0.12019473585782947,-0.9624919106151566,-0.09406309288858239,-0.9363602676459095,-0.9363602676459095,0.0,sequential score deltas; calendar/cohort/price/listing/turnover quality combined in third step
20260703,36.28817284956736,36.288172849567346,36.288172849567346,30.71493883274932,30.87973963553213,True,2026-07-03,-1.4210854715202004e-14,0.0,-5.573234016818027,0.1648008027828105,-5.408433214035231,-5.408433214035231,0.0,sequential score deltas; calendar/cohort/price/listing/turnover quality combined in third step
20260706,12.39997416024602,12.399974160246016,12.414060976772468,10.658973521360021,10.631544343495769,True,2026-07-06,-3.552713678800501e-15,0.014086816526452495,-1.755087455412447,-0.027429177864252807,-1.7684298167502508,-1.7684298167502508,0.0,sequential score deltas; calendar/cohort/price/listing/turnover quality combined in third step
20260707,10.028824607601768,10.028824607601775,10.028824607601775,11.066365846775374,11.332948937180104,True,2026-07-07,7.105427357601002e-15,0.0,1.0375412391735992,0.2665830904047297,1.304124329578336,1.304124329578336,0.0,sequential score deltas; calendar/cohort/price/listing/turnover quality combined in third step
20260708,30.33663706440137,30.33663706440139,30.344665500836648,30.343517200347115,30.39116302377664,True,2026-07-08,2.1316282072803006e-14,0.008028436435257191,-0.0011483004895325166,0.0476458234295265,0.05452595937527249,0.05452595937527249,0.0,sequential score deltas; calendar/cohort/price/listing/turnover quality combined in third step
20260709,42.318380273209634,42.31838027320965,42.057377673584895,42.057377673584895,42.27137809616409,True,2026-07-09,1.4210854715202004e-14,-0.2610025996247529,0.0,0.21400042257919694,-0.04700217704554177,-0.04700217704554177,0.0,sequential score deltas; calendar/cohort/price/listing/turnover quality combined in third step
20260710,37.56628965610476,37.56628965610479,37.57258217630775,37.57258217630775,37.520187591064236,True,2026-07-10,3.552713678800501e-14,0.006292520202954677,0.0,-0.052394585243511926,-0.04610206504052172,-0.04610206504052172,0.0,sequential score deltas; calendar/cohort/price/listing/turnover quality combined in third step
20260713,20.276932287270828,20.276932287270835,20.276932287270835,20.80255854612869,20.851868152358037,True,2026-07-13,7.105427357601002e-15,0.0,0.5256262588578551,0.04930960622934677,0.574935865087209,0.574935865087209,0.0,sequential score deltas; calendar/cohort/price/listing/turnover quality combined in third step
20260714,18.33925607748811,18.33925607748811,18.349620781047655,18.349620781047655,18.343140081263684,True,2026-07-14,0.0,0.010364703559545774,0.0,-0.006480699783971033,0.0038840037755747403,0.0038840037755747403,0.0,sequential score deltas; calendar/cohort/price/listing/turnover quality combined in third step
20260715,49.92491772639412,49.92491772639414,49.93703120709748,49.93703120709748,50.34566887977734,True,2026-07-15,2.1316282072803006e-14,0.012113480703341395,0.0,0.40863767267985907,0.4207511533832218,0.4207511533832218,0.0,sequential score deltas; calendar/cohort/price/listing/turnover quality combined in third step
20260716,9.267719485284918,9.26771948528493,9.26771948528493,9.26771948528493,9.28777805375942,True,2026-07-16,1.2434497875801753e-14,0.0,0.0,0.02005856847448939,0.020058568474501826,0.020058568474501826,0.0,sequential score deltas; calendar/cohort/price/listing/turnover quality combined in third step
20260717,30.41435642143119,30.414356421431197,30.414356421431197,23.9691232114174,24.27407815884776,True,2026-07-17,7.105427357601002e-15,0.0,-6.445233210013797,0.30495494743036033,-6.140278262583429,-6.140278262583429,0.0,sequential score deltas; calendar/cohort/price/listing/turnover quality combined in third step
20260720,9.512455623001374,9.51245562300139,9.51245562300139,11.263364131403717,11.449539894470409,True,2026-07-20,1.5987211554602254e-14,0.0,1.7509085084023273,0.18617576306669115,1.9370842714690344,1.9370842714690344,0.0,sequential score deltas; calendar/cohort/price/listing/turnover quality combined in third step
20260721,31.932424228984964,31.932424228984967,31.926762646731934,31.926762646731934,31.961099430280715,True,2026-07-21,3.552713678800501e-15,-0.005661582253033259,0.0,0.034336783548781113,0.028675201295751407,0.028675201295751407,0.0,sequential score deltas; calendar/cohort/price/listing/turnover quality combined in third step
20260722,55.89920154494912,55.89920154494913,55.902742269875674,55.902742269875674,56.124023853516235,True,2026-07-22,7.105427357601002e-15,0.0035407249265446694,0.0,0.22128158364056105,0.22482230856711283,0.22482230856711283,0.0,sequential score deltas; calendar/cohort/price/listing/turnover quality combined in third step
20260723,83.82772098130388,83.8277209813039,83.82728988198994,83.82728988198994,84.13137861074757,True,2026-07-23,1.4210854715202004e-14,-0.00043109931395690637,0.0,0.30408872875763393,0.30365762944369123,0.30365762944369123,0.0,sequential score deltas; calendar/cohort/price/listing/turnover quality combined in third step
20260724,19.238294789166584,19.238294789166606,19.238294789166606,19.238294789166606,19.51836485814731,True,2026-07-24,2.1316282072803006e-14,0.0,0.0,0.28007006898070586,0.28007006898072717,0.28007006898072717,0.0,sequential score deltas; calendar/cohort/price/listing/turnover quality combined in third step
20260727,53.97158170572069,53.97158170572071,53.970285812098304,53.970285812098304,54.32597719162995,True,2026-07-27,2.1316282072803006e-14,-0.0012958936224052309,0.0,0.355691379531649,0.35439548590926506,0.35439548590926506,0.0,sequential score deltas; calendar/cohort/price/listing/turnover quality combined in third step
20260728,44.02992347399978,44.02992347399979,44.03907442517442,44.03907442517442,44.22642166186003,True,2026-07-28,7.105427357601002e-15,0.009150951174632382,0.0,0.1873472366856106,0.19649818786025008,0.19649818786025008,0.0,sequential score deltas; calendar/cohort/price/listing/turnover quality combined in third step
20260729,34.29984857222362,34.29984857222364,34.305380774470564,34.305380774470564,34.60298864842718,True,2026-07-29,2.1316282072803006e-14,0.005532202246925522,0.0,0.2976078739566148,0.30314007620356165,0.30314007620356165,0.0,sequential score deltas; calendar/cohort/price/listing/turnover quality combined in third step
20260730,29.514772468210225,29.51477246821022,29.52098389629479,29.52098389629479,29.62426724600379,True,2026-07-30,-3.552713678800501e-15,0.006211428084569093,0.0,0.10328334970899888,0.10949477779356442,0.10949477779356442,0.0,sequential score deltas; calendar/cohort/price/listing/turnover quality combined in third step
20260731,63.90485668451759,63.90485668451759,63.90485668451759,63.90485668451759,64.25401459378263,True,2026-07-31,0.0,0.0,0.0,0.3491579092650383,0.3491579092650383,0.3491579092650383,0.0,sequential score deltas; calendar/cohort/price/listing/turnover quality combined in third step
20260803,62.25269955175459,62.252699551754624,62.266554974171086,62.266554974171086,62.50024796914,True,2026-08-03,3.552713678800501e-14,0.013855422416462204,0.0,0.23369299496891216,0.2475484173854099,0.2475484173854099,0.0,sequential score deltas; calendar/cohort/price/listing/turnover quality combined in third step
20260804,87.3321497498627,87.3321497498627,87.3321497498627,87.3321497498627,87.6297476181166,True,2026-08-04,0.0,0.0,0.0,0.2975978682539022,0.2975978682539022,0.2975978682539022,0.0,sequential score deltas; calendar/cohort/price/listing/turnover quality combined in third step
20260805,59.21803485800118,59.218034858001204,59.21781939471092,59.21781939471092,59.50523525640186,True,2026-08-05,2.1316282072803006e-14,-0.00021546329028154787,0.0,0.28741586169093836,0.2872003984006781,0.2872003984006781,0.0,sequential score deltas; calendar/cohort/price/listing/turnover quality combined in third step
20260806,77.63114040778696,77.63114040778697,77.63097884270353,73.15825223758495,73.46348751776144,True,2026-08-06,1.4210854715202004e-14,-0.00016156508344522535,-4.472726605118581,0.3052352801764897,-4.167652890025522,-4.167652890025522,0.0,sequential score deltas; calendar/cohort/price/listing/turnover quality combined in third step
20260807,41.196693542845324,41.19669354284534,41.2676245456706,44.13257547350619,44.34899236608388,True,2026-08-07,1.4210854715202004e-14,0.07093100282526166,2.8649509278355936,0.21641689257768348,3.152298823238553,3.152298823238553,0.0,sequential score deltas; calendar/cohort/price/listing/turnover quality combined in third step
20260810,46.95001475119118,46.950014751191205,46.95626547737157,46.95626547737157,47.23410509652867,True,2026-08-10,2.1316282072803006e-14,0.006250726180368815,0.0,0.2778396191570991,0.2840903453374892,0.2840903453374892,0.0,sequential score deltas; calendar/cohort/price/listing/turnover quality combined in third step
20260811,44.057744479300716,44.05774447930072,44.062873601789214,44.062873601789214,44.27630739743969,True,2026-08-11,7.105427357601002e-15,0.005129122488490623,0.0,0.2134337956504737,0.21856291813897144,0.21856291813897144,0.0,sequential score deltas; calendar/cohort/price/listing/turnover quality combined in third step
20260812,86.26628478461294,86.26628478461295,86.26628478461295,86.26628478461295,86.3572326751657,True,2026-08-12,1.4210854715202004e-14,0.0,0.0,0.09094789055275498,0.0909478905527692,0.0909478905527692,0.0,sequential score deltas; calendar/cohort/price/listing/turnover quality combined in third step
20260813,71.82699695190863,71.82699695190864,71.83015367418021,70.71208468464499,70.88589435496922,True,2026-08-13,1.4210854715202004e-14,0.003156722271569379,-1.1180689895352174,0.173809670324232,-0.9411025969394018,-0.9411025969394018,0.0,sequential score deltas; calendar/cohort/price/listing/turnover quality combined in third step
20260814,17.259958272765488,17.25995827276551,17.261575065855013,17.915589144035618,18.19146405877272,True,2026-08-14,2.1316282072803006e-14,0.0016167930895036875,0.6540140781806052,0.275874914737102,0.9315057860072322,0.9315057860072322,0.0,sequential score deltas; calendar/cohort/price/listing/turnover quality combined in third step
20260817,71.6105378254845,71.61053782548453,71.61053782548453,71.61053782548453,71.84099824668803,True,2026-08-17,2.842170943040401e-14,0.0,0.0,0.23046042120350307,0.2304604212035315,0.2304604212035315,0.0,sequential score deltas; calendar/cohort/price/listing/turnover quality combined in third step
20260818,45.21170960264865,45.211709602648654,45.21490775621889,44.57223474402761,44.79383831831773,True,2026-08-18,7.105427357601002e-15,0.00319815357023856,-0.6426730121912811,0.22160357429012123,-0.41787128433091425,-0.41787128433091425,0.0,sequential score deltas; calendar/cohort/price/listing/turnover quality combined in third step
20260819,10.474221435104795,10.474221435104795,10.474221435104795,10.873251470059945,10.920492955914796,True,2026-08-19,0.0,0.0,0.39903003495514966,0.047241485854851106,0.44627152081000077,0.44627152081000077,0.0,sequential score deltas; calendar/cohort/price/listing/turnover quality combined in third step
20260820,20.341502546803607,20.341502546803607,20.34320282910983,20.34320282910983,20.33178110531227,True,2026-08-20,0.0,0.00170028230622421,0.0,-0.011421723797560901,-0.009721441491336691,-0.009721441491336691,0.0,sequential score deltas; calendar/cohort/price/listing/turnover quality combined in third step
20260821,26.24937367078721,26.24937367078721,26.24987400165525,26.24987400165525,26.263363240585647,True,2026-08-21,0.0,0.0005003308680393559,0.0,0.013489238930397107,0.013989569798436463,0.013989569798436463,0.0,sequential score deltas; calendar/cohort/price/listing/turnover quality combined in third step
20260824,30.451066104470627,30.451066104470637,30.452322698131336,30.452322698131336,30.908839622472634,True,2026-08-24,1.0658141036401503e-14,0.001256593660698968,0.0,0.4565169243412974,0.45777351800200705,0.45777351800200705,0.0,sequential score deltas; calendar/cohort/price/listing/turnover quality combined in third step
20260825,46.06634256635396,46.06634256635399,46.068209056973316,44.20791930328817,44.41079140909111,True,2026-08-25,2.842170943040401e-14,0.0018664906193279762,-1.8602897536851444,0.20287210580293902,-1.655551157262849,-1.655551157262849,0.0,sequential score deltas; calendar/cohort/price/listing/turnover quality combined in third step
20260826,43.49707321813354,43.49707321813355,43.498651774368064,50.28356775908895,50.52962375428292,True,2026-08-26,7.105427357601002e-15,0.0015785562345129733,6.7849159847208895,0.24605599519397003,7.03255053614938,7.03255053614938,0.0,sequential score deltas; calendar/cohort/price/listing/turnover quality combined in third step
20260827,82.32799197111684,82.32799197111687,82.33056085377773,82.33056085377773,82.35906626971097,True,2026-08-27,2.842170943040401e-14,0.002568882660852978,0.0,0.028505415933238964,0.031074298594120364,0.031074298594120364,0.0,sequential score deltas; calendar/cohort/price/listing/turnover quality combined in third step
20260828,75.9787392657626,75.97873926576261,75.97884671733144,75.97884671733144,76.25338227495648,True,2026-08-28,1.4210854715202004e-14,0.00010745156882308038,0.0,0.2745355576250432,0.2746430091938805,0.2746430091938805,0.0,sequential score deltas; calendar/cohort/price/listing/turnover quality combined in third step
20260831,45.400289727099725,45.400289727099725,45.400880947310895,45.400880947310895,45.697327184963335,True,2026-08-31,0.0,0.0005912202111701959,0.0,0.2964462376524395,0.2970374578636097,0.2970374578636097,0.0,sequential score deltas; calendar/cohort/price/listing/turnover quality combined in third step
20260901,69.83251632135217,69.8325163213522,69.83008777329911,69.83008777329911,70.03303528832264,True,2026-09-01,2.842170943040401e-14,-0.00242854805308923,0.0,0.20294751502352426,0.20051896697046345,0.20051896697046345,0.0,sequential score deltas; calendar/cohort/price/listing/turnover quality combined in third step
20260902,35.49649811981977,35.49649811981979,35.4954642231532,35.4954642231532,35.77166748205036,True,2026-09-02,2.1316282072803006e-14,-0.0010338966665912608,0.0,0.27620325889716213,0.2751693622305922,0.2751693622305922,0.0,sequential score deltas; calendar/cohort/price/listing/turnover quality combined in third step
20260903,19.022351805402856,19.022351805402874,19.022196706760223,19.022196706760223,19.219985674615604,True,2026-09-03,1.7763568394002505e-14,-0.0001550986426508416,0.0,0.1977889678553808,0.19763386921274773,0.19763386921274773,0.0,sequential score deltas; calendar/cohort/price/listing/turnover quality combined in third step
20260904,21.89592005101241,21.895920051012414,21.8964031962851,21.8964031962851,21.947941791081096,True,2026-09-04,3.552713678800501e-15,0.00048314527268544794,0.0,0.05153859479599632,0.05202174006868532,0.05202174006868532,0.0,sequential score deltas; calendar/cohort/price/listing/turnover quality combined in third step
20260907,81.25407273716323,81.25407273716323,81.25407273716323,81.25407273716323,81.24286173114821,True,2026-09-07,0.0,0.0,0.0,-0.011211006015017233,-0.011211006015017233,-0.011211006015017233,0.0,sequential score deltas; calendar/cohort/price/listing/turnover quality combined in third step
20260908,69.46522795059572,69.46522795059573,69.46522795059573,69.46522795059573,69.64381193353528,True,2026-09-08,1.4210854715202004e-14,0.0,0.0,0.1785839829395428,0.17858398293955702,0.17858398293955702,0.0,sequential score deltas; calendar/cohort/price/listing/turnover quality combined in third step
20260909,23.330505959562515,23.330505959562526,23.330505959562526,23.330505959562526,23.60178549484987,True,2026-09-09,1.0658141036401503e-14,0.0,0.0,0.27127953528734494,0.2712795352873556,0.2712795352873556,0.0,sequential score deltas; calendar/cohort/price/listing/turnover quality combined in third step
20260910,,11.945229887204441,11.945229887204441,11.945229887204441,12.1229446355736,False,2026-09-10,,0.0,0.0,0.17771474836915857,,,,sequential score deltas; calendar/cohort/price/listing/turnover quality combined in third step
20260911,5.952990149187016,23.8508873293809,23.8508873293809,23.8508873293809,24.116869000113475,True,2026-09-11,17.897897180193883,0.0,0.0,0.2659816707325753,18.16387885092646,18.16387885092646,0.0,sequential score deltas; calendar/cohort/price/listing/turnover quality combined in third step
20260914,33.538982178699186,48.32414213066919,48.32414213066919,48.58861683435018,48.87524456613782,True,2026-09-14,14.785159951970002,0.0,0.2644747036809889,0.28662773178764667,15.336262387438637,15.336262387438637,0.0,sequential score deltas; calendar/cohort/price/listing/turnover quality combined in third step
20260915,34.985613006786174,33.16491279166477,33.16491279166477,33.16491279166477,33.35083051227521,True,2026-09-15,-1.8207002151214056,0.0,0.0,0.18591772061044054,-1.634782494510965,-1.634782494510965,0.0,sequential score deltas; calendar/cohort/price/listing/turnover quality combined in third step
20260916,64.98466765744335,64.28050432705328,64.28050432705328,64.28050432705328,64.47843060580914,True,2026-09-16,-0.7041633303900738,0.0,0.0,0.19792627875585822,-0.5062370516342156,-0.5062370516342156,0.0,sequential score deltas; calendar/cohort/price/listing/turnover quality combined in third step
20260917,38.77682706215201,39.3679253469852,39.3679253469852,39.3679253469852,39.585977837169686,True,2026-09-17,0.591098284833194,0.0,0.0,0.21805249018448336,0.8091507750176774,0.8091507750176774,0.0,sequential score deltas; calendar/cohort/price/listing/turnover quality combined in third step
20260918,,70.82986587585036,70.82986587585036,70.82986587585036,71.07684608399853,False,2026-09-18,,0.0,0.0,0.24698020814817312,,,,sequential score deltas; calendar/cohort/price/listing/turnover quality combined in third step
20260921,,88.2377339115923,88.2377339115923,88.2377339115923,88.32418676583147,False,2026-09-21,,0.0,0.0,0.0864528542391696,,,,sequential score deltas; calendar/cohort/price/listing/turnover quality combined in third step
20260922,,60.365067685590134,60.365067685590134,60.365067685590134,60.63388027866945,False,2026-09-22,,0.0,0.0,0.2688125930793177,,,,sequential score deltas; calendar/cohort/price/listing/turnover quality combined in third step
20260923,,27.059097632387278,27.059097632387278,27.059097632387278,27.31813585064915,False,2026-09-23,,0.0,0.0,0.2590382182618711,,,,sequential score deltas; calendar/cohort/price/listing/turnover quality combined in third step
20260924,,36.83869202289026,36.83869202289026,36.83869202289026,36.99393840007373,False,2026-09-24,,0.0,0.0,0.15524637718347378,,,,sequential score deltas; calendar/cohort/price/listing/turnover quality combined in third step
20260928,,10.92932703777963,10.92932703777963,10.92932703777963,11.253934590190358,False,2026-09-28,,0.0,0.0,0.32460755241072725,,,,sequential score deltas; calendar/cohort/price/listing/turnover quality combined in third step
20260929,,53.355995486230796,53.35378324459504,53.35378324459504,53.567439532975754,False,2026-09-29,,-0.002212241635753287,0.0,0.2136562883807116,,,,sequential score deltas; calendar/cohort/price/listing/turnover quality combined in third step
20260930,,50.46779077130544,50.73370041912456,50.90174391361123,51.17746599488962,False,2026-09-30,,0.26590964781912163,0.16804349448666756,0.2757220812783956,,,,sequential score deltas; calendar/cohort/price/listing/turnover quality combined in third step
