N,U,Z,D,Touch,lianban,max_h,ladder,cohort_original_n,cohort_suspended_n,cohort_missing_n,cohort_observed_n,cohort_unobservable_n,k_h1,n_h1,original_h1,k_h2,n_h2,original_h2,k_h3,n_h3,original_h3,k_h4,n_h4,original_h4,P_open,P_close,P_n,C_open,C_close,C_n,H_score,H_n,H_original_n,H_h2l,kz_b1,nz_b1,kz_b2,nz_b2,kz_b3,nz_b3,k_mid,n_mid,MID_original_n,median_ret,amount,amount_observed_n,amount_original_n,amount_complete,Udens,Ddens,BL,date,cls_U,cls_Z,cls_D,comparison_delisting_excluded_n,cls_lianban,cls_1to2,cls_lb_promo,amt_ma20,ratio20,lr20,M1raw,SQ,MIDfail,Q_M1raw,clip_low_M1raw,clip_high_M1raw,endpoint_low_M1raw,endpoint_high_M1raw,constant_anchor_M1raw,Q_P_open,clip_low_P_open,clip_high_P_open,endpoint_low_P_open,endpoint_high_P_open,constant_anchor_P_open,Q_P_close,clip_low_P_close,clip_high_P_close,endpoint_low_P_close,endpoint_high_P_close,constant_anchor_P_close,Q_C_open,clip_low_C_open,clip_high_C_open,endpoint_low_C_open,endpoint_high_C_open,constant_anchor_C_open,Q_C_close,clip_low_C_close,clip_high_C_close,endpoint_low_C_close,endpoint_high_C_close,constant_anchor_C_close,Q_BL,clip_low_BL,clip_high_BL,endpoint_low_BL,endpoint_high_BL,constant_anchor_BL,Q_SQ,clip_low_SQ,clip_high_SQ,endpoint_low_SQ,endpoint_high_SQ,constant_anchor_SQ,Q_Ddens,clip_low_Ddens,clip_high_Ddens,endpoint_low_Ddens,endpoint_high_Ddens,constant_anchor_Ddens,Q_MIDfail,clip_low_MIDfail,clip_high_MIDfail,endpoint_low_MIDfail,endpoint_high_MIDfail,constant_anchor_MIDfail,Q_lr20,clip_low_lr20,clip_high_lr20,endpoint_low_lr20,endpoint_high_lr20,constant_anchor_lr20,M1,M2,M3,M4,panic,M5,score5,available_weight_sum,score_available,grade5,delta1,delta5,direction,pseudocount,eligible_n,market_observed_n,excluded_n,excluded_pct,historical_name_n,st_fallback_n,name_unknown_n,name_overlap_n,name_st_conflict_n,latest_name_st_conflict_n,missing_listing_date_n,ref_validated_n,ref_candidate_n,ambiguous_nominal_regime_n,nominal_regime_unmatched_n,reference_price_mismatch_n,invalid_price_n,invalid_limit_n,amount_missing_n,amount_nonpositive_n,amount_coverage,prev_cohort_original_n,prev_cohort_observed_n,prev_cohort_suspended_n,missing_prev_cohort_n,prev_cohort_unobservable_n,exclusion_reasons_json,st_fallback_pct,namechange_coverage,limit_up_n,touched_n,broken_n,limit_down_n,chain_n,max_height,ladder_coverage,yesterday_limit_open_mean,yesterday_limit_close_mean,turnover_cny,turnover_ratio20,promo_1to2,promo_chain,mid_failure_rate,trade_date,method_version,calibration_version,input_snapshot_id,information_cutoff,available_at_basis,quality_reasons,quality_status
4982,107,34,9,141,14,6,0.8333333333333334,56,0,0,56,0,11,45,45,1,4,4,1,4,4,1,3,3,0.026271516807029795,0.023316050703200093,56,0.016765531930139563,2.4772146489599418e-05,11,56.42857142857143,7,7,0,29,122,2,13,3,6,4,8,8,0.01191873628033735,2546101380973.0,5171,5171,True,21.477318346045763,1.8065034122842232,17.89776528837147,20260105,107,34,9,1,14,0.24444444444444444,0.2727272727272727,1884211239796.55,1.3512823441430688,0.301054026145914,0.3317939090501763,0.6965192297371241,0.3894666058262687,28.012029417101363,False,False,False,False,False,64.85376064779938,False,False,False,False,False,63.06475350635877,False,False,False,False,False,12.30219310339464,False,False,False,False,False,9.179532102267782,False,False,False,False,False,100.0,False,True,False,False,False,43.421073835073145,False,False,False,False,False,38.41668869356235,False,False,False,False,False,100.0,False,True,False,False,False,100.0,False,True,False,False,False,28.012029417101363,43.26929417826835,70.59320366888501,0.0,False,100.0,44.19500769300668,1.0,44.19500769300668,C,-8.231597052014394,-46.86380595291299,下,5,4982,5171,189,0.03654999033069039,5171,0,0,1,0,0,0,5167,5167,0,4,0,0,0,0,0,1.0,56,56,0,0,0,"{""eligible"": 4982, ""historical_ST"": 174, ""new_listing_age_le_20"": 14, ""unmatched_or_special_limit_regime"": 1}",0.0,1.0,107,141,34,9,14,6,0.8333333333333334,0.026271516807029795,0.023316050703200093,2546101380973.0,1.3512823441430688,0.24444444444444444,0.2727272727272727,0.5,2026-01-05,F1-formal-live-v1,F1-2025-a5-v1,d8ea4bf3c634204d1f9009d9f82093d593f4f3a7742ef98d3ba53907a56c7c63,2026-01-05 market close,post-close research convention; provider first-publication timestamp unverified,,OK
4982,118,26,1,144,41,7,1.0,107,0,0,107,0,32,93,93,6,11,11,1,1,1,2,2,2,0.0428597172225556,0.060327497916934834,107,0.03689312765634843,0.06390814660310058,14,100.0,3,3,0,20,97,5,37,1,10,0,13,13,0.007905138339921125,2806288611168.9995,5173,5173,True,23.685266961059813,0.2007226013649137,23.685266961059813,20260106,118,26,1,1,41,0.34408602150537637,0.6428571428571429,1934073453113.4,1.4509731296148758,0.37223445520189413,0.4969341796545065,0.8338392593230248,0.0590592153189718,100.0,False,True,False,False,False,100.0,False,True,False,False,False,100.0,False,True,False,False,False,57.43339358041607,False,False,False,False,False,99.73799637954046,False,False,False,False,False,100.0,False,True,False,False,False,100.0,False,True,False,False,False,0.0,False,False,True,False,False,0.0,True,False,False,False,False,100.0,False,True,False,False,False,100.0,93.98565434096174,100.0,100.0,False,100.0,98.66347874243594,1.0,98.66347874243594,S,54.46847104942926,4.806005612494502,上,5,4982,5173,191,0.036922482118693215,5173,0,0,1,0,0,0,5168,5168,0,5,0,0,0,0,0,1.0,107,107,0,0,0,"{""eligible"": 4982, ""historical_ST"": 176, ""new_listing_age_le_20"": 14, ""unmatched_or_special_limit_regime"": 1}",0.0,1.0,118,144,26,1,41,7,1.0,0.0428597172225556,0.060327497916934834,2806288611168.9995,1.4509731296148758,0.34408602150537637,0.6428571428571429,0.0,2026-01-06,F1-formal-live-v1,F1-2025-a5-v1,d8ea4bf3c634204d1f9009d9f82093d593f4f3a7742ef98d3ba53907a56c7c63,2026-01-06 market close,post-close research convention; provider first-publication timestamp unverified,,OK
4983,80,48,3,128,23,8,0.8333333333333334,118,2,0,116,0,8,76,77,11,31,32,2,6,6,2,3,3,0.022838950041506698,0.01292110268042585,116,0.03918195531509498,0.02410730859040481,40,71.66666666666667,3,3,0,40,97,5,13,3,18,9,38,39,-0.003895062435559704,2854018138766.0,5174,5174,True,16.05458559100943,0.6020469596628537,13.378821325841193,20260107,80,48,3,1,23,0.10526315789473684,0.375,1988104932923.05,1.4355470335108642,0.36154598459177517,0.34334459091308156,0.7153626076799154,0.23402478780794167,35.761895856998734,False,False,False,False,False,50.43581621180457,False,False,False,False,False,37.3841915027204,False,False,False,False,False,62.565528651557955,False,False,False,False,False,43.317952854346956,False,False,False,False,False,79.84317042276228,False,False,False,False,False,53.66054157978783,False,False,False,False,False,9.601281092062052,False,False,False,False,False,60.41708539686954,False,False,False,False,False,100.0,False,True,False,False,False,35.761895856998734,52.814547331839265,73.31813744901514,39.58291460313046,False,100.0,55.67160901210015,1.0,55.67160901210015,B,-42.99186973033579,4.5901635455453516,下,5,4983,5174,191,0.03691534596057209,5174,0,0,1,0,0,0,5169,5169,0,5,0,0,0,0,0,1.0,118,116,2,0,0,"{""eligible"": 4983, ""historical_ST"": 176, ""new_listing_age_le_20"": 14, ""unmatched_or_special_limit_regime"": 1}",0.0,1.0,80,128,48,3,23,8,0.8333333333333334,0.022838950041506698,0.01292110268042585,2854018138766.0,1.4355470335108642,0.10526315789473684,0.375,0.23684210526315788,2026-01-07,F1-formal-live-v1,F1-2025-a5-v1,d8ea4bf3c634204d1f9009d9f82093d593f4f3a7742ef98d3ba53907a56c7c63,2026-01-07 market close,post-close research convention; provider first-publication timestamp unverified,,OK
4983,93,35,4,128,26,9,0.8333333333333334,80,0,0,80,0,12,57,57,5,8,8,8,11,11,1,4,4,0.03405177475951206,0.04330278358385019,80,0.045158879447735424,0.07495903026066134,23,75.0,4,4,0,26,93,5,17,4,18,1,21,21,0.006981382978723527,2800153710562.0005,5173,5173,True,18.663455749548465,0.8027292795504716,15.552879791290389,20260108,93,35,4,1,26,0.21052631578947367,0.6086956521739131,2028980137173.95,1.3800794099749907,0.3221410409736901,0.44640271610716437,0.7387752176429723,0.07934868752851895,100.0,False,True,False,False,False,97.53348241848464,False,False,False,False,False,100.0,False,True,False,False,False,75.96731617429211,False,False,False,False,False,100.0,False,True,False,False,False,100.0,False,True,False,False,False,66.38292422604886,False,False,False,False,False,14.40240348498117,False,False,False,False,False,1.2695910675179096,False,False,False,False,False,100.0,False,True,False,False,False,100.0,89.99078145135844,84.63342260787181,98.73040893248209,False,100.0,94.14933572413152,1.0,94.14933572413152,S,38.47772671203137,42.88292327424459,上,5,4983,5173,190,0.03672917069398801,5173,0,0,1,0,0,0,5171,5171,0,2,0,0,0,0,0,1.0,80,80,0,0,0,"{""eligible"": 4983, ""historical_ST"": 175, ""new_listing_age_le_20"": 14, ""unmatched_or_special_limit_regime"": 1}",0.0,1.0,93,128,35,4,26,9,0.8333333333333334,0.03405177475951206,0.04330278358385019,2800153710562.0005,1.3800794099749907,0.21052631578947367,0.6086956521739131,0.047619047619047616,2026-01-08,F1-formal-live-v1,F1-2025-a5-v1,d8ea4bf3c634204d1f9009d9f82093d593f4f3a7742ef98d3ba53907a56c7c63,2026-01-08 market close,post-close research convention; provider first-publication timestamp unverified,,OK
4983,96,50,1,146,20,10,1.0,93,1,0,92,0,9,66,67,3,12,12,3,5,5,5,9,9,0.03484794900917469,0.030646352258707245,92,0.05982691023822862,0.051271847398118346,26,72.5,14,14,0,37,113,8,17,5,16,2,25,25,0.0072727272727273196,3122538578495.0005,5172,5172,True,19.26550270921132,0.2006823198876179,19.26550270921132,20260109,96,50,1,1,20,0.13636363636363635,0.4230769230769231,2073799166705.0,1.5057092454407301,0.4092640466220452,0.36007289386980124,0.6539490574724619,0.10210219585804975,46.985658680651646,False,False,False,False,False,100.0,False,True,False,False,False,81.17415272501196,False,False,False,False,False,100.0,False,True,False,False,False,81.82529436771222,False,False,False,False,False,100.0,False,True,False,False,False,20.28849606083647,False,False,False,False,False,0.0,True,False,False,False,False,9.970437561983207,False,False,False,False,False,100.0,False,True,False,False,False,46.985658680651646,84.79010847122242,72.10097362129277,90.0295624380168,False,100.0,74.0322949492983,1.0,74.0322949492983,A,-20.117040774833214,21.60569020427723,下,5,4983,5172,189,0.03654292343387471,5172,0,0,1,0,0,0,5171,5171,0,1,0,0,0,0,0,1.0,93,92,1,0,0,"{""eligible"": 4983, ""historical_ST"": 175, ""new_listing_age_le_20"": 13, ""unmatched_or_special_limit_regime"": 1}",0.0,1.0,96,146,50,1,20,10,1.0,0.03484794900917469,0.030646352258707245,3122538578495.0005,1.5057092454407301,0.13636363636363635,0.4230769230769231,0.08,2026-01-09,F1-formal-live-v1,F1-2025-a5-v1,d8ea4bf3c634204d1f9009d9f82093d593f4f3a7742ef98d3ba53907a56c7c63,2026-01-09 market close,post-close research convention; provider first-publication timestamp unverified,,OK
4983,179,61,3,240,42,11,1.0,96,0,0,96,0,28,76,76,6,9,9,3,3,3,5,8,8,0.0550657004664565,0.06590702436941441,96,0.06860220878704269,0.08510209755503703,20,83.125,8,8,0,51,188,6,34,4,18,0,15,15,0.012232415902140747,3601093290654.0005,5172,5172,True,35.9221352598836,0.6020469596628537,35.9221352598836,20260112,179,61,3,1,42,0.3684210526315789,0.7,2141008202639.7,1.6819614638627385,0.5199606503862396,0.5387955543469489,0.7718967106494411,0.05315329378707462,100.0,False,True,False,False,False,100.0,False,True,False,False,False,100.0,False,True,False,False,False,100.0,False,True,False,False,False,100.0,False,True,False,False,False,100.0,False,True,False,False,False,84.38110164021431,False,False,False,False,False,9.601281092062052,False,False,False,False,False,0.0,True,False,False,False,False,100.0,False,True,False,False,False,100.0,95.78125,92.13306530105949,100.0,False,100.0,97.31429228912432,1.0,97.31429228912432,S,23.28199733982602,53.119284596117645,上,5,4983,5172,189,0.03654292343387471,5172,0,0,1,0,0,0,5171,5171,0,1,0,0,0,0,0,1.0,96,96,0,0,0,"{""eligible"": 4983, ""historical_ST"": 175, ""new_listing_age_le_20"": 13, ""unmatched_or_special_limit_regime"": 1}",0.0,1.0,179,240,61,3,42,11,1.0,0.0550657004664565,0.06590702436941441,3601093290654.0005,1.6819614638627385,0.3684210526315789,0.7,0.0,2026-01-12,F1-formal-live-v1,F1-2025-a5-v1,d8ea4bf3c634204d1f9009d9f82093d593f4f3a7742ef98d3ba53907a56c7c63,2026-01-12 market close,post-close research convention; provider first-publication timestamp unverified,,OK
4980,66,66,50,132,30,12,0.8333333333333334,179,3,0,176,0,17,135,137,8,28,28,3,6,6,2,7,8,0.05107285160132298,0.00981315499132846,176,0.07818607612879705,0.0252850735577199,41,62.5,4,5,0,39,75,16,33,11,24,6,37,37,-0.010584639071847424,3650766443824.0005,5165,5165,True,13.25301204819277,10.040160642570282,11.04417670682731,20260113,66,66,50,1,30,0.1259259259259259,0.3170731707317073,2228213732900.25,1.6384274048397285,0.49373688230991214,0.3167100317904194,0.5476902006318962,0.1681682351367022,17.891584966602164,False,False,False,False,False,100.0,False,True,False,False,False,29.70605370356389,False,False,False,False,False,100.0,False,True,False,False,False,44.987504402411574,False,False,False,False,False,56.07010841033131,False,False,False,False,False,0.0,True,False,False,False,False,100.0,False,True,False,False,False,35.23381488102381,False,False,False,False,False,100.0,False,True,False,False,False,17.891584966602164,62.201828813361765,22.428043364132524,64.76618511897618,True,50.0,40.126442716662034,1.0,40.126442716662034,C,-57.18784957246229,-58.53703602577391,下,5,4980,5165,185,0.03581800580832527,5165,0,0,1,0,0,0,5165,5165,0,0,0,0,0,0,0,1.0,179,176,3,0,0,"{""eligible"": 4980, ""historical_ST"": 171, ""new_listing_age_le_20"": 13, ""unmatched_or_special_limit_regime"": 1}",0.0,1.0,66,132,66,50,30,12,0.8333333333333334,0.05107285160132298,0.00981315499132846,3650766443824.0005,1.6384274048397285,0.1259259259259259,0.3170731707317073,0.16216216216216217,2026-01-13,F1-formal-live-v1,F1-2025-a5-v1,d8ea4bf3c634204d1f9009d9f82093d593f4f3a7742ef98d3ba53907a56c7c63,2026-01-13 market close,post-close research convention; provider first-publication timestamp unverified,,OK
4980,100,64,15,164,20,5,0.8333333333333334,66,1,0,65,0,5,36,36,10,17,17,4,8,8,1,4,5,0.009769580208000391,0.04821620211827044,65,0.009863435749262375,0.06294937106643136,29,62.5,4,5,0,55,135,5,10,4,19,0,28,28,0.0,3941126054921.0005,5167,5167,True,20.080321285140563,3.0120481927710845,16.73360107095047,20260114,100,64,15,1,20,0.1388888888888889,0.5172413793103449,2306148861592.85,1.7089642913159024,0.5358875094247586,0.3948293502342321,0.6772213937108441,0.03221411744671189,70.30531183580406,False,False,False,False,False,0.0,True,False,False,False,False,100.0,False,True,False,False,False,0.0,True,False,False,False,False,98.37887531046869,False,False,False,False,False,100.0,False,True,False,False,False,32.93465414249992,False,False,False,False,False,67.25813344317204,False,False,False,False,False,0.0,True,False,False,False,False,100.0,False,True,False,False,False,70.30531183580406,60.284563815198425,59.71259558908196,100.0,False,100.0,73.97306648867455,1.0,73.97306648867455,A,33.846623772012514,18.3014574765744,上,5,4980,5167,187,0.0361912134700987,5167,0,0,1,0,0,0,5167,5167,0,0,0,0,0,0,0,1.0,66,65,1,0,0,"{""eligible"": 4980, ""historical_ST"": 173, ""new_listing_age_le_20"": 13, ""unmatched_or_special_limit_regime"": 1}",0.0,1.0,100,164,64,15,20,5,0.8333333333333334,0.009769580208000391,0.04821620211827044,3941126054921.0005,1.7089642913159024,0.1388888888888889,0.5172413793103449,0.0,2026-01-14,F1-formal-live-v1,F1-2025-a5-v1,d8ea4bf3c634204d1f9009d9f82093d593f4f3a7742ef98d3ba53907a56c7c63,2026-01-14 market close,post-close research convention; provider first-publication timestamp unverified,,OK
4982,55,21,64,76,14,4,0.6666666666666666,100,0,0,100,0,10,80,80,2,5,5,2,10,10,0,5,5,0.0025203718245066374,-0.022365338778906042,100,0.0008322374500375595,-0.01901077446435495,20,40.0,15,15,0,17,58,3,13,1,5,9,19,19,-0.0033784169377389373,2905274764073.0,5170,5170,True,11.039743075070254,12.846246487354477,7.359828716713502,20260115,56,21,64,1,14,0.125,0.2,2414538834974.45,1.2032420940969222,0.18501965872192055,0.26699887636209674,0.7494854570824623,0.4192944114892288,0.0,True,False,False,False,False,0.0,True,False,False,False,False,0.0,True,False,False,False,False,0.0,True,False,False,False,False,0.0,True,False,False,False,False,18.553377799165805,False,False,False,False,False,72.20285479326348,False,False,False,False,False,100.0,False,True,False,False,False,100.0,False,True,False,False,False,91.19809984939977,False,False,False,False,False,0.0,10.0,32.692350297308536,0.0,True,50.0,15.042744510513007,1.0,15.042744510513007,D,-58.930321978161544,-79.10659121361851,下,5,4982,5170,188,0.03636363636363636,5170,0,0,1,0,0,0,5169,5169,0,1,0,0,0,0,0,1.0,100,100,0,0,0,"{""eligible"": 4982, ""historical_ST"": 174, ""new_listing_age_le_20"": 13, ""unmatched_or_special_limit_regime"": 1}",0.0,1.0,55,76,21,64,14,4,0.6666666666666666,0.0025203718245066374,-0.022365338778906042,2905274764073.0,1.2032420940969222,0.125,0.2,0.47368421052631576,2026-01-15,F1-formal-live-v1,F1-2025-a5-v1,d8ea4bf3c634204d1f9009d9f82093d593f4f3a7742ef98d3ba53907a56c7c63,2026-01-15 market close,post-close research convention; provider first-publication timestamp unverified,,OK
4984,58,43,50,101,6,5,0.6666666666666666,55,0,0,55,0,3,41,41,2,10,10,0,2,2,1,2,2,0.01660640180051759,-0.004118280968381015,55,-0.004136889814869696,-0.03955740122159341,14,34.642857142857146,14,14,0,33,85,8,11,2,5,9,14,14,-0.0030632821832301538,3026091310771.0,5172,5172,True,11.637239165329053,10.032102728731942,7.758159443552701,20260116,58,43,50,1,6,0.07142857142857142,0.21428571428571427,2473603044746.35,1.2233536489203762,0.20159598000738027,0.2793417114330198,0.5783277870597374,0.5296350460916575,0.0,True,False,False,False,False,24.25700007462043,False,False,False,False,False,0.0,True,False,False,False,False,0.0,True,False,False,False,False,0.0,True,False,False,False,False,22.609473100987273,False,False,False,False,False,0.0,True,False,False,False,False,100.0,False,True,False,False,False,100.0,False,True,False,False,False,95.12472119706051,False,False,False,False,False,0.0,12.541834297653555,9.04378924039491,0.0,True,50.0,10.352360786232992,1.0,10.352360786232992,D,-4.690383724280014,-63.67993416306531,下,5,4984,5172,188,0.03634957463263728,5172,0,0,1,0,0,0,5171,5171,0,1,0,0,0,0,0,1.0,55,55,0,0,0,"{""eligible"": 4984, ""historical_ST"": 175, ""new_listing_age_le_20"": 12, ""unmatched_or_special_limit_regime"": 1}",0.0,1.0,58,101,43,50,6,5,0.6666666666666666,0.01660640180051759,-0.004118280968381015,3026091310771.0,1.2233536489203762,0.07317073170731707,0.21428571428571427,0.6428571428571429,2026-01-16,F1-formal-live-v1,F1-2025-a5-v1,d8ea4bf3c634204d1f9009d9f82093d593f4f3a7742ef98d3ba53907a56c7c63,2026-01-16 market close,post-close research convention; provider first-publication timestamp unverified,,OK
4987,87,28,24,115,10,4,0.5,58,0,0,58,0,9,52,52,0,3,3,1,2,2,0,1,1,0.020554937788413913,0.028967405708154016,58,0.03733390493140015,0.021691260132579344,6,66.66666666666667,6,6,0,22,99,4,13,2,3,0,5,5,0.008597528210639416,2708185279909.0,5173,5173,True,17.44535793061961,4.81251253258472,8.722678965309806,20260119,87,28,24,1,10,0.17307692307692307,0.16666666666666666,2534357498455.3,1.0685885008565874,0.06633861954089397,0.31164303075792393,0.6550489625745362,0.10630658757414924,14.491908504317102,False,False,False,False,False,40.84219021536904,False,False,False,False,False,77.02634064381503,False,False,False,False,False,58.42172859253931,False,False,False,False,False,39.89306116975459,False,False,False,False,False,32.430917536764824,False,False,False,False,False,20.886183102359983,False,False,False,False,False,100.0,False,True,False,False,False,11.57817938335786,False,False,False,False,False,63.08477518673439,False,False,False,False,False,14.491908504317102,58.24432370424529,20.282531100531926,88.42182061664214,False,63.08477518673439,43.22233188689386,1.0,43.22233188689386,C,32.86997110066087,-54.09196040223046,上,5,4987,5173,186,0.03595592499516721,5173,0,0,1,0,0,0,5172,5172,0,1,0,0,0,0,0,1.0,58,58,0,0,0,"{""eligible"": 4987, ""historical_ST"": 174, ""new_listing_age_le_20"": 11, ""unmatched_or_special_limit_regime"": 1}",0.0,1.0,87,115,28,24,10,4,0.5,0.020554937788413913,0.028967405708154016,2708185279909.0,1.0685885008565874,0.17307692307692307,0.16666666666666666,0.0,2026-01-19,F1-formal-live-v1,F1-2025-a5-v1,d8ea4bf3c634204d1f9009d9f82093d593f4f3a7742ef98d3ba53907a56c7c63,2026-01-19 market close,post-close research convention; provider first-publication timestamp unverified,,OK
4992,54,18,16,72,13,3,0.5,87,0,0,87,0,10,77,77,3,9,9,0,0,0,0,1,1,0.018355491805733537,0.023358840155969545,87,0.02648841552119908,0.03180312296128916,10,66.5,10,10,0,10,51,6,16,2,5,0,10,10,-0.003834277683518794,2777606515866.0,5179,5179,True,10.817307692307692,3.205128205128205,5.408653846153846,20260120,54,18,16,1,13,0.12987012987012986,0.3,2587003055447.3,1.0736773232707855,0.07108950706241758,0.2864663682122243,0.6851455643009257,0.07087105838276615,0.0,True,False,False,False,False,31.603771232009496,False,False,False,False,False,63.170464202799025,False,False,False,False,False,34.1033766392635,False,False,False,False,False,54.227225207572374,False,False,False,False,False,0.0,True,False,False,False,False,37.24063842021787,False,False,False,False,False,71.8773782848302,False,False,False,False,False,0.0,True,False,False,False,False,64.21017183180986,False,False,False,False,False,0.0,53.00470482888038,20.064878875868704,100.0,False,64.21017183180986,40.03881547125645,1.0,40.03881547125645,C,-3.1835164156374134,-0.08762724540558509,下,5,4992,5179,187,0.03610735663255455,5179,0,0,1,0,0,0,5178,5178,0,1,0,0,0,0,0,1.0,87,87,0,0,0,"{""eligible"": 4992, ""historical_ST"": 176, ""new_listing_age_le_20"": 10, ""unmatched_or_special_limit_regime"": 1}",0.0,1.0,54,72,18,16,13,3,0.5,0.018355491805733537,0.023358840155969545,2777606515866.0,1.0736773232707855,0.12987012987012986,0.3,0.0,2026-01-20,F1-formal-live-v1,F1-2025-a5-v1,d8ea4bf3c634204d1f9009d9f82093d593f4f3a7742ef98d3ba53907a56c7c63,2026-01-20 market close,post-close research convention; provider first-publication timestamp unverified,,OK
4990,80,24,4,104,11,4,0.6666666666666666,54,1,0,53,0,7,40,41,3,10,10,1,3,3,0,0,0,0.021812279919850328,0.017202894865959693,53,0.035227800474015254,0.03197951331723018,13,67.3076923076923,13,13,0,19,88,3,10,2,6,2,13,13,0.0034305317324183626,2600447825932.0,5176,5176,True,16.03206412825651,0.8016032064128257,10.688042752171008,20260121,80,24,4,1,11,0.175,0.3076923076923077,2639597454898.85,0.9851683335676082,-0.01494275538832835,0.3082668079617973,0.7139944927986668,0.17017032643008292,12.226650396451838,False,False,False,False,False,46.12345354582107,False,False,False,False,False,47.96229439139169,False,False,False,False,False,53.69930551803286,False,False,False,False,False,54.47726897691315,False,False,False,False,False,52.44369155877956,False,False,False,False,False,52.917109683439925,False,False,False,False,False,14.375463319249357,False,False,False,False,False,35.999406224535555,False,False,False,False,False,43.83073344441728,False,False,False,False,False,12.226650396451838,54.67575555586481,60.90459918290345,64.00059377546444,False,43.83073344441728,44.61766217514223,1.0,44.61766217514223,C,4.57884670388578,-29.35540431353232,上,5,4990,5176,186,0.03593508500772798,5176,0,0,1,0,0,0,5175,5175,0,1,0,0,0,0,0,1.0,54,53,1,0,0,"{""eligible"": 4990, ""historical_ST"": 175, ""new_listing_age_le_20"": 10, ""unmatched_or_special_limit_regime"": 1}",0.0,1.0,80,104,24,4,11,4,0.6666666666666666,0.021812279919850328,0.017202894865959693,2600447825932.0,0.9851683335676082,0.175,0.3076923076923077,0.15384615384615385,2026-01-21,F1-formal-live-v1,F1-2025-a5-v1,d8ea4bf3c634204d1f9009d9f82093d593f4f3a7742ef98d3ba53907a56c7c63,2026-01-21 market close,post-close research convention; provider first-publication timestamp unverified,,OK
4992,73,26,2,99,17,4,0.6666666666666666,80,0,0,80,0,12,69,69,4,7,7,1,3,3,0,1,1,0.016950563013843012,0.025206793639594577,80,0.008100856160130232,0.04812778494052469,11,75.45454545454545,11,11,0,24,80,2,14,0,5,0,11,11,0.006000352982703849,2691489192865.0,5176,5176,True,14.623397435897436,0.4006410256410256,9.748931623931623,20260122,73,26,2,0,17,0.17391304347826086,0.45454545454545453,2676533696518.85,1.0055876361151743,0.005572083185673203,0.37395140182029113,0.8180536458630581,0.06644161723384327,56.29736722547496,False,False,False,False,False,25.70259387940526,False,False,False,False,False,67.73580535814679,False,False,False,False,False,0.0,True,False,False,False,False,77.36839975039845,False,False,False,False,False,42.88097400152288,False,False,False,False,False,100.0,False,True,False,False,False,4.782846959745391,False,False,False,False,False,0.0,True,False,False,False,False,48.69031608047225,False,False,False,False,False,56.29736722547496,55.4800086178801,75.95667786067281,100.0,False,48.69031608047225,66.92301190014061,1.0,66.92301190014061,A,22.30534972499838,51.880267389627605,上,5,4992,5176,184,0.03554868624420402,5176,0,0,1,0,0,0,5176,5176,0,0,0,0,0,0,0,1.0,80,80,0,0,0,"{""eligible"": 4992, ""historical_ST"": 176, ""new_listing_age_le_20"": 7, ""unmatched_or_special_limit_regime"": 1}",0.0,1.0,73,99,26,2,17,4,0.6666666666666666,0.016950563013843012,0.025206793639594577,2691489192865.0,1.0055876361151743,0.17391304347826086,0.45454545454545453,0.0,2026-01-22,F1-formal-live-v1,F1-2025-a5-v1,d8ea4bf3c634204d1f9009d9f82093d593f4f3a7742ef98d3ba53907a56c7c63,2026-01-22 market close,post-close research convention; provider first-publication timestamp unverified,,OK
4994,103,23,0,126,11,5,0.8333333333333334,73,0,0,73,0,7,56,56,1,12,12,2,4,4,1,1,1,0.019879228013907724,0.019214810968277464,73,0.03920837958283457,0.022401700066293634,17,58.529411764705884,17,17,0,22,114,1,8,0,4,3,17,17,0.008789277506324855,3084972579427.9995,5177,5177,True,20.624749699639565,0.0,17.187291416366307,20260123,103,23,0,0,11,0.125,0.23529411764705882,2716123798366.65,1.1357996941388158,0.12733697916974818,0.3163367683012932,0.8283848421637364,0.1846848125337042,17.64114588240333,False,False,False,False,False,38.003980021894726,False,False,False,False,False,52.932702718445626,False,False,False,False,False,62.62477859581538,False,False,False,False,False,40.900151823710424,False,False,False,False,False,100.0,False,True,False,False,False,100.0,False,True,False,False,False,0.0,True,False,False,False,False,41.54968505207594,False,False,False,False,False,77.53414890278584,False,False,False,False,False,17.64114588240333,50.773339283499915,100.0,58.45031494792406,False,77.53414890278584,56.76212939974223,1.0,56.76212939974223,B,-10.16088250039838,46.409768613509236,下,5,4994,5177,183,0.035348657523662355,5177,0,0,1,0,0,0,5177,5177,0,0,0,0,0,0,0,1.0,73,73,0,0,0,"{""eligible"": 4994, ""historical_ST"": 176, ""new_listing_age_le_20"": 6, ""unmatched_or_special_limit_regime"": 1}",0.0,1.0,103,126,23,0,11,5,0.8333333333333334,0.019879228013907724,0.019214810968277464,3084972579427.9995,1.1357996941388158,0.125,0.23529411764705882,0.17647058823529413,2026-01-23,F1-formal-live-v1,F1-2025-a5-v1,d8ea4bf3c634204d1f9009d9f82093d593f4f3a7742ef98d3ba53907a56c7c63,2026-01-23 market close,post-close research convention; provider first-publication timestamp unverified,,OK
4991,71,40,32,111,16,5,0.5,103,1,0,102,0,15,92,92,0,7,7,0,1,1,1,2,3,0.030023118158518148,0.0021922525444433316,102,0.03412740562218129,-0.005580010591937745,10,63.333333333333336,3,4,0,32,87,6,21,2,3,4,10,10,-0.013250194855806696,3247830806238.0,5173,5173,True,14.225606090963735,6.4115407733921055,7.112803045481868,20260126,71,40,32,0,16,0.16304347826086957,0.1,2776365977202.85,1.1698136459337194,0.15684445914401254,0.2825666236644585,0.6328840253222195,0.33753772504943286,0.0,True,False,False,False,False,80.61175853295313,False,False,False,False,False,10.878729374270959,False,False,False,False,False,51.23193975127444,False,False,False,False,False,1.234420847312428,False,False,False,False,False,16.037981428761256,False,False,False,False,False,8.84178422930416,False,False,False,False,False,100.0,False,True,False,False,False,100.0,False,False,False,True,False,84.52392056486454,False,False,False,False,False,0.0,38.7738096915449,9.509817051760958,0.0,True,50.0,16.2852503874013,1.0,16.2852503874013,D,-40.47687901234093,-26.93708149949256,下,5,4991,5173,182,0.035182679296346414,5173,0,0,1,0,0,0,5173,5173,0,0,0,0,0,0,0,1.0,103,102,1,0,0,"{""eligible"": 4991, ""historical_ST"": 175, ""new_listing_age_le_20"": 6, ""unmatched_or_special_limit_regime"": 1}",0.0,1.0,71,111,40,32,16,5,0.5,0.030023118158518148,0.0021922525444433316,3247830806238.0,1.1698136459337194,0.16304347826086957,0.1,0.4,2026-01-26,F1-formal-live-v1,F1-2025-a5-v1,d8ea4bf3c634204d1f9009d9f82093d593f4f3a7742ef98d3ba53907a56c7c63,2026-01-26 market close,post-close research convention; provider first-publication timestamp unverified,,OK
4991,53,20,2,73,14,6,0.6666666666666666,71,0,0,71,0,8,55,55,5,15,15,0,0,0,1,1,1,7.72694579906168e-05,0.027989038604875796,71,-0.004623288733101243,0.04927555914495044,16,76.875,16,16,0,16,55,2,10,2,8,0,15,15,-0.006310958118187049,2894728130199.0,5173,5173,True,10.619114405930675,0.4007212983370066,7.079409603953783,20260127,53,20,2,0,14,0.14545454545454545,0.375,2842538480681.6,1.0183602262105123,0.01819371232410556,0.3347876609160482,0.7428324114426474,0.05315329378707462,30.020670758805267,False,False,False,False,False,0.0,True,False,False,False,False,74.6092995000777,False,False,False,False,False,0.0,True,False,False,False,False,78.99543761704182,False,False,False,False,False,15.697944941070482,False,False,False,False,False,68.58759820605164,False,False,False,False,False,4.784767403152814,False,False,False,False,False,0.0,True,False,False,False,False,51.68014461744072,False,False,False,False,False,30.020670758805267,53.714023779597426,54.088645497758066,100.0,False,51.68014461744072,54.70412889657387,1.0,54.70412889657387,B,38.41887850917257,14.665313425317422,上,5,4991,5173,182,0.035182679296346414,5173,0,0,1,0,0,0,5173,5173,0,0,0,0,0,0,0,1.0,71,71,0,0,0,"{""eligible"": 4991, ""historical_ST"": 175, ""new_listing_age_le_20"": 6, ""unmatched_or_special_limit_regime"": 1}",0.0,1.0,53,73,20,2,14,6,0.6666666666666666,7.72694579906168e-05,0.027989038604875796,2894728130199.0,1.0183602262105123,0.14545454545454545,0.375,0.0,2026-01-27,F1-formal-live-v1,F1-2025-a5-v1,d8ea4bf3c634204d1f9009d9f82093d593f4f3a7742ef98d3ba53907a56c7c63,2026-01-27 market close,post-close research convention; provider first-publication timestamp unverified,,OK
4990,81,33,7,114,10,7,0.8333333333333334,53,0,0,53,0,2,39,39,3,8,8,4,5,5,1,1,1,0.02272877718615186,0.020244667585055522,53,0.025593011301222903,0.051219498555467535,14,77.85714285714286,14,14,0,29,100,2,4,2,10,2,13,13,-0.01038062283737029,2965088401977.0,5173,5173,True,16.23246492985972,1.402805611222445,13.527054108216435,20260128,81,33,7,0,10,0.05128205128205128,0.5714285714285714,2879273352692.85,1.0298044120069014,0.029368892954481713,0.39958342432687416,0.7125289579209747,0.17017032643008292,73.49503168963139,False,False,False,False,False,49.97305285849836,False,False,False,False,False,55.476947927183836,False,False,False,False,False,32.09565212465117,False,False,False,False,False,81.7510867849495,False,False,False,False,False,81.3525852171948,False,False,False,False,False,52.1207398842223,False,False,False,False,False,28.758625373707847,False,False,False,False,False,35.999406224535555,False,False,False,False,False,54.32733648055276,False,False,False,False,False,73.49503168963139,62.435561196460135,68.59363670292876,64.00059377546444,False,54.32733648055276,66.2360224629562,1.0,66.2360224629562,A,11.53189356638233,21.61836028781397,上,5,4990,5173,183,0.03537599072105162,5173,0,0,1,0,0,0,5172,5172,0,1,0,0,0,0,0,1.0,53,53,0,0,0,"{""eligible"": 4990, ""historical_ST"": 175, ""new_listing_age_le_20"": 7, ""unmatched_or_special_limit_regime"": 1}",0.0,1.0,81,114,33,7,10,7,0.8333333333333334,0.02272877718615186,0.020244667585055522,2965088401977.0,1.0298044120069014,0.05128205128205128,0.5714285714285714,0.15384615384615385,2026-01-28,F1-formal-live-v1,F1-2025-a5-v1,d8ea4bf3c634204d1f9009d9f82093d593f4f3a7742ef98d3ba53907a56c7c63,2026-01-28 market close,post-close research convention; provider first-publication timestamp unverified,,OK
4993,84,39,12,123,19,8,0.8333333333333334,81,0,0,81,0,14,71,71,0,2,2,2,3,3,3,5,5,0.03677156319060585,0.0319865952651079,81,0.069435307556328,0.04869224979987211,10,76.25,8,8,1,29,94,7,21,3,8,2,9,9,-0.009202453987730008,3229714126776.0,5174,5174,True,16.823552974163828,2.403364710594833,14.019627478469857,20260129,84,39,12,0,19,0.19718309859154928,0.5,2920567407734.35,1.1058515952150108,0.10061571255541303,0.3715533533993225,0.6736589091824478,0.2187904196958209,54.688409832353635,False,False,False,False,False,100.0,False,True,False,False,False,84.4852028188083,False,False,False,False,False,100.0,False,True,False,False,False,78.16856209679591,False,False,False,False,False,86.36832816211154,False,False,False,False,False,30.998804554899063,False,False,False,False,False,52.69599414703021,False,False,False,False,False,54.59152669778723,False,False,False,False,False,71.20437922002641,False,False,False,False,False,54.688409832353635,85.75434671684114,57.22291432230173,45.40847330221277,True,50.0,60.08758406805433,1.0,60.08758406805433,B,-6.148438394901866,-6.835427832086275,下,5,4993,5174,181,0.03498260533436413,5174,0,0,1,0,0,0,5172,5172,0,2,0,0,0,0,0,1.0,81,81,0,0,0,"{""eligible"": 4993, ""historical_ST"": 175, ""new_listing_age_le_20"": 5, ""unmatched_or_special_limit_regime"": 1}",0.0,1.0,84,123,39,12,19,8,0.8333333333333334,0.03677156319060585,0.0319865952651079,3229714126776.0,1.1058515952150108,0.19718309859154928,0.5,0.2222222222222222,2026-01-29,F1-formal-live-v1,F1-2025-a5-v1,d8ea4bf3c634204d1f9009d9f82093d593f4f3a7742ef98d3ba53907a56c7c63,2026-01-29 market close,post-close research convention; provider first-publication timestamp unverified,,OK
4993,48,24,52,72,7,5,0.6666666666666666,84,0,0,84,0,5,65,65,1,14,14,0,0,0,1,5,5,-0.0014466130045664755,-0.013247155914415457,84,-0.016644206486678567,-0.014951268751675961,19,35.0,5,5,0,17,58,2,7,5,7,6,16,16,-0.0020691693762932006,2835214471090.0,5171,5171,True,9.613458842379332,10.414580412577608,6.408972561586221,20260130,48,24,52,0,7,0.07692307692307693,0.10526315789473684,2974930771351.75,0.9530354448556577,-0.04810318309653392,0.17673116442359194,0.5889915601597688,0.3363364702734044,0.0,True,False,False,False,False,0.0,True,False,False,False,False,0.0,True,False,False,False,False,0.0,True,False,False,False,False,0.0,True,False,False,False,False,8.871063773020607,False,False,False,False,False,0.0,True,False,False,False,False,100.0,False,True,False,False,False,99.54064519389293,False,False,False,False,False,35.975646595273254,False,False,False,False,False,0.0,8.75,3.548425509208243,0.459354806107072,False,35.975646595273254,6.806836646983371,1.0,6.806836646983371,D,-53.28074742107096,-49.95529275275886,下,5,4993,5171,178,0.03442274221620576,5171,0,0,1,0,0,0,5169,5169,0,2,0,0,0,0,0,1.0,84,84,0,0,0,"{""eligible"": 4993, ""historical_ST"": 173, ""new_listing_age_le_20"": 4, ""unmatched_or_special_limit_regime"": 1}",0.0,1.0,48,72,24,52,7,5,0.6666666666666666,-0.0014466130045664755,-0.013247155914415457,2835214471090.0,0.9530354448556577,0.07692307692307693,0.10526315789473684,0.375,2026-01-30,F1-formal-live-v1,F1-2025-a5-v1,d8ea4bf3c634204d1f9009d9f82093d593f4f3a7742ef98d3ba53907a56c7c63,2026-01-30 market close,post-close research convention; provider first-publication timestamp unverified,,OK
4995,36,20,102,56,10,3,0.5,48,0,0,48,0,7,41,41,3,5,5,0,1,1,0,1,1,0.014253135015575335,0.00859401244117474,48,0.0075556420376193655,0.039085224293322285,7,69.28571428571429,7,7,0,16,42,2,9,2,5,0,6,6,-0.021126760563380254,2584483013386.0,5173,5173,True,7.207207207207207,20.42042042042042,3.6036036036036037,20260202,36,20,102,0,10,0.17073170731707318,0.42857142857142855,3014436480724.4,0.8573685429805183,-0.15388741434071973,0.36619189977478933,0.6833660101808894,0.09664235234013567,51.091172023625276,False,False,False,False,False,14.37248155945064,False,False,False,False,False,26.694180456876815,False,False,False,False,False,0.0,True,False,False,False,False,64.55003484231227,False,False,False,False,False,0.0,True,False,False,False,False,36.27363096182019,False,False,False,False,False,100.0,False,True,False,False,False,7.882616218339389,False,False,False,False,False,10.917335194561243,False,False,False,False,False,51.091172023625276,39.58313624747669,12.695770836637065,92.1173837816606,False,10.917335194561243,42.375461677149204,1.0,42.375461677149204,C,35.56862503016583,26.090211289747902,上,5,4995,5173,178,0.034409433597525615,5173,0,0,1,0,0,0,5171,5171,0,2,0,0,0,0,0,1.0,48,48,0,0,0,"{""eligible"": 4995, ""historical_ST"": 173, ""new_listing_age_le_20"": 4, ""unmatched_or_special_limit_regime"": 1}",0.0,1.0,36,56,20,102,10,3,0.5,0.014253135015575335,0.00859401244117474,2584483013386.0,0.8573685429805183,0.17073170731707318,0.42857142857142855,0.0,2026-02-02,F1-formal-live-v1,F1-2025-a5-v1,d8ea4bf3c634204d1f9009d9f82093d593f4f3a7742ef98d3ba53907a56c7c63,2026-02-02 market close,post-close research convention; provider first-publication timestamp unverified,,OK
4996,69,20,10,89,10,4,0.6666666666666666,36,0,0,36,0,5,26,26,2,7,7,3,3,3,0,0,0,0.015088122015385305,0.04667045468147046,36,0.03446987214112372,0.0578019544577578,10,75.5,10,10,0,18,77,0,5,2,7,0,10,10,0.019340801157112675,2544062680233.0,5174,5174,True,13.811048839071256,2.00160128102482,9.20736589271417,20260203,69,20,10,0,10,0.19230769230769232,0.5,3016355562345.05,0.8434226760240201,-0.17028705159049,0.3897851484198932,0.7673529984728109,0.07087105838276615,66.92093238349162,False,False,False,False,False,17.879710111843714,False,False,False,False,False,100.0,False,True,False,False,False,51.99983698715407,False,False,False,False,False,91.08210761399383,False,False,False,False,False,37.366354942508195,False,False,False,False,False,81.91205418942694,False,False,False,False,False,43.084208716979546,False,False,False,False,False,0.0,True,False,False,False,False,7.0325669996224836,False,False,False,False,False,66.92093238349162,72.14297339503527,57.84470876405781,100.0,False,7.0325669996224836,64.92336247517085,1.0,64.92336247517085,B,22.547900798021644,10.219233578596977,上,5,4996,5174,178,0.03440278314650174,5174,0,0,1,0,0,0,5171,5171,0,3,0,0,0,0,0,1.0,36,36,0,0,0,"{""eligible"": 4996, ""historical_ST"": 173, ""new_listing_age_le_20"": 4, ""unmatched_or_special_limit_regime"": 1}",0.0,1.0,69,89,20,10,10,4,0.6666666666666666,0.015088122015385305,0.04667045468147046,2544062680233.0,0.8434226760240201,0.19230769230769232,0.5,0.0,2026-02-03,F1-formal-live-v1,F1-2025-a5-v1,d8ea4bf3c634204d1f9009d9f82093d593f4f3a7742ef98d3ba53907a56c7c63,2026-02-03 market close,post-close research convention; provider first-publication timestamp unverified,,OK
4998,68,21,7,89,12,4,0.6666666666666666,69,0,0,69,0,8,59,59,2,5,5,2,2,2,0,3,3,0.03159642926902498,0.03514519229068171,69,0.04905528686502677,0.031111465323136345,10,59.5,10,10,0,14,70,5,13,2,6,2,10,10,0.005039848889704213,2480754511605.0,5177,5177,True,13.605442176870747,1.4005602240896358,9.070294784580497,20260204,68,21,7,0,12,0.13559322033898305,0.4,3003244265798.25,0.8260248891029267,-0.1911303738292535,0.3654838992852502,0.6986177328335451,0.2042043917160995,50.61614299084314,False,False,False,False,False,87.2201987240251,False,False,False,False,False,92.28846903832594,False,False,False,False,False,84.70405486290502,False,False,False,False,False,53.24675956921905,False,False,False,False,False,35.97059649291991,False,False,False,False,False,44.56139776389436,False,False,False,False,False,28.704906747920884,False,False,False,False,False,49.01389055581172,False,False,False,False,False,2.0951727099321844,False,False,False,False,False,50.61614299084314,74.01985155538495,47.80850112755077,50.98610944418828,False,2.0951727099321844,49.86348885768821,1.0,49.86348885768821,C,-15.059873617482637,-16.37253360526799,下,5,4998,5177,179,0.03457600927177902,5177,0,0,1,0,0,0,5175,5175,0,2,0,0,0,0,0,1.0,69,69,0,0,0,"{""eligible"": 4998, ""historical_ST"": 174, ""new_listing_age_le_20"": 4, ""unmatched_or_special_limit_regime"": 1}",0.0,1.0,68,89,21,7,12,4,0.6666666666666666,0.03159642926902498,0.03514519229068171,2480754511605.0,0.8260248891029267,0.13559322033898305,0.4,0.2,2026-02-04,F1-formal-live-v1,F1-2025-a5-v1,d8ea4bf3c634204d1f9009d9f82093d593f4f3a7742ef98d3ba53907a56c7c63,2026-02-04 market close,post-close research convention; provider first-publication timestamp unverified,,OK
4997,44,14,16,58,10,4,0.6666666666666666,68,0,0,68,0,8,56,56,1,8,8,1,2,2,0,2,2,0.0018727431261612484,0.0040188130263249175,68,0.0002730672722409122,0.017554397855320886,12,55.0,12,12,1,10,44,2,10,2,4,3,12,12,-0.007950530035335746,2175983555252.0002,5177,5177,True,8.805283169901942,3.201921152691615,5.870188779934628,20260205,44,14,16,0,10,0.14285714285714285,0.16666666666666666,2984581084440.2,0.7290750338787114,-0.31597862513882125,0.29043186526411435,0.6976157206436853,0.2390038750436172,0.260393727730751,False,False,False,False,False,0.0,True,False,False,False,False,15.39121944209882,False,False,False,False,False,0.0,True,False,False,False,False,34.02881404847031,False,False,False,False,False,3.3847725627097494,False,False,False,False,False,44.01690560707245,False,False,False,False,False,71.80065278515887,False,False,False,False,False,62.321067547346885,False,False,False,False,False,0.0,True,False,False,False,False,0.260393727730751,24.589943616282483,23.809662791269538,37.678932452653115,False,0.0,17.10762175704562,1.0,17.10762175704562,D,-32.75586710064259,-42.97996231100871,下,5,4997,5177,180,0.034769171334749854,5177,0,0,1,0,0,0,5175,5175,0,2,0,0,0,0,0,1.0,68,68,0,0,0,"{""eligible"": 4997, ""historical_ST"": 174, ""new_listing_age_le_20"": 5, ""unmatched_or_special_limit_regime"": 1}",0.0,1.0,44,58,14,16,10,4,0.6666666666666666,0.0018727431261612484,0.0040188130263249175,2175983555252.0002,0.7290750338787114,0.14285714285714285,0.16666666666666666,0.25,2026-02-05,F1-formal-live-v1,F1-2025-a5-v1,d8ea4bf3c634204d1f9009d9f82093d593f4f3a7742ef98d3ba53907a56c7c63,2026-02-05 market close,post-close research convention; provider first-publication timestamp unverified,,OK
4996,57,25,5,82,8,3,0.5,44,0,0,44,0,4,34,34,4,8,8,0,1,1,0,1,1,0.008388416044461638,-0.0009170845720193661,44,0.03753197267972478,0.044836577297914196,10,75.0,10,10,0,24,73,1,5,0,4,1,10,10,0.0,2145564942984.0002,5175,5175,True,11.409127301841474,1.00080064051241,5.704563650920737,20260206,57,25,5,0,8,0.11764705882352941,0.4,2953372576674.7,0.7264796050215117,-0.3195448692887534,0.34442301730415537,0.7846678044091928,0.13753772504943285,36.48546011019862,False,False,False,False,False,0.0,True,False,False,False,False,3.1971590158052363,False,False,False,False,False,58.86584697504593,False,False,False,False,False,72.7029181244261,False,False,False,False,False,1.6982561521190858,False,False,False,False,False,91.32089783889596,False,False,False,False,False,19.14106131514213,False,False,False,False,False,23.520835833717605,False,False,False,False,False,0.0,True,False,False,False,False,36.48546011019862,43.02614954642917,52.856351375675686,76.4791641662824,False,0.0,44.18859981879221,1.0,44.18859981879221,C,27.080978061746592,37.38176317180884,上,5,4996,5175,179,0.034589371980676326,5175,0,0,1,0,0,0,5173,5173,0,2,0,0,0,0,0,1.0,44,44,0,0,0,"{""eligible"": 4996, ""historical_ST"": 173, ""new_listing_age_le_20"": 5, ""unmatched_or_special_limit_regime"": 1}",0.0,1.0,57,82,25,5,8,3,0.5,0.008388416044461638,-0.0009170845720193661,2145564942984.0002,0.7264796050215117,0.11764705882352941,0.4,0.1,2026-02-06,F1-formal-live-v1,F1-2025-a5-v1,d8ea4bf3c634204d1f9009d9f82093d593f4f3a7742ef98d3ba53907a56c7c63,2026-02-06 market close,post-close research convention; provider first-publication timestamp unverified,,OK
4995,86,23,3,109,15,4,0.6666666666666666,57,1,0,56,0,11,48,49,1,4,4,3,4,4,0,0,0,0.02759184758054117,0.03308971975298947,56,0.059560568004727046,0.049716486340582206,8,67.5,8,8,0,21,92,2,13,0,4,0,8,8,0.013537906137184086,2249286017967.0,5174,5174,True,17.217217217217215,0.6006006006006006,11.478144811478142,20260209,86,23,3,0,15,0.22916666666666666,0.5,2904523894899.15,0.7744078201309131,-0.25565664476121047,0.3750807176520844,0.8212703004978978,0.08177429813396095,57.05507546891351,False,False,False,False,False,70.3995976351012,False,False,False,False,False,87.21045519589657,False,False,False,False,False,100.0,False,True,False,False,False,79.62047801345385,False,False,False,False,False,60.48908960312587,False,False,False,False,False,100.0,False,True,False,False,False,9.566678408149123,False,False,False,False,False,2.19713442600328,False,False,False,False,False,0.0,True,False,False,False,False,57.05507546891351,79.78974525145668,81.80396623921307,97.80286557399673,False,0.0,68.0588233349576,1.0,68.0588233349576,A,23.87022351616538,25.68336165780839,上,5,4995,5174,179,0.03459605720912254,5174,0,0,1,0,0,0,5172,5172,0,2,0,0,0,0,0,1.0,57,56,1,0,0,"{""eligible"": 4995, ""historical_ST"": 173, ""new_listing_age_le_20"": 5, ""unmatched_or_special_limit_regime"": 1}",0.0,1.0,86,109,23,3,15,4,0.6666666666666666,0.02759184758054117,0.03308971975298947,2249286017967.0,0.7744078201309131,0.22916666666666666,0.5,0.0,2026-02-09,F1-formal-live-v1,F1-2025-a5-v1,d8ea4bf3c634204d1f9009d9f82093d593f4f3a7742ef98d3ba53907a56c7c63,2026-02-09 market close,post-close research convention; provider first-publication timestamp unverified,,OK
4997,60,13,4,73,21,3,0.5,86,0,0,86,0,20,71,71,1,11,11,0,1,1,0,3,3,0.03394941148904985,0.031307823548359044,86,0.023358973451095336,-0.0029282984603933157,15,51.333333333333336,15,15,0,9,48,2,22,2,3,3,15,15,-0.0022050716648290836,2105412309048.0002,5178,5178,True,12.007204322593557,0.8004802881729037,6.0036021612967785,20260210,60,13,4,0,21,0.28169014084507044,0.06666666666666667,2836933531264.8,0.7421436864293881,-0.29821240708304975,0.280769085349194,0.7136870525352104,0.20315329378707464,0.0,True,False,False,False,False,97.10352197004282,False,False,False,False,False,82.80830755005898,False,False,False,False,False,27.086369771266376,False,False,False,False,False,4.993379737331213,False,False,False,False,False,4.743285358438876,False,False,False,False,False,52.75004703306768,False,False,False,False,False,14.348598631268247,False,False,False,False,False,48.611955100468066,False,False,False,False,False,0.0,True,False,False,False,False,0.0,53.0845921733712,41.77268094713217,51.388044899531934,False,0.0,29.644068176700518,1.0,29.644068176700518,D,-38.41475515825708,-35.27929429847033,下,5,4997,5178,181,0.03495558130552337,5178,0,0,1,0,0,0,5175,5175,0,3,0,0,0,0,0,1.0,86,86,0,0,0,"{""eligible"": 4997, ""historical_ST"": 173, ""new_listing_age_le_20"": 7, ""unmatched_or_special_limit_regime"": 1}",0.0,1.0,60,73,13,4,21,3,0.5,0.03394941148904985,0.031307823548359044,2105412309048.0002,0.7421436864293881,0.28169014084507044,0.06666666666666667,0.2,2026-02-10,F1-formal-live-v1,F1-2025-a5-v1,d8ea4bf3c634204d1f9009d9f82093d593f4f3a7742ef98d3ba53907a56c7c63,2026-02-10 market close,post-close research convention; provider first-publication timestamp unverified,,OK
4997,51,18,7,69,11,4,0.6666666666666666,60,0,0,60,0,3,39,39,7,20,20,1,1,1,0,0,0,0.01669640007855553,-0.002246946613409323,60,0.05882327887094758,0.03250854354889433,21,64.76190476190476,21,21,0,15,55,0,3,3,11,4,21,21,-0.00294213795357956,1984093265027.0,5178,5178,True,10.206123674204523,1.4008405043025816,6.804082449469682,20260211,51,18,7,0,11,0.07692307692307693,0.38095238095238093,2759665824526.0,0.7189614218481645,-0.3299475779882579,0.33739606328513155,0.7513280250241543,0.19473330291313434,31.770763975970823,False,False,False,False,False,24.635023361776653,False,False,False,False,False,0.0,True,False,False,False,False,100.0,False,True,False,False,False,55.22720064134477,False,False,False,False,False,12.894362132813628,False,False,False,False,False,73.20410388266141,False,False,False,False,False,28.711612169740903,False,False,False,False,False,45.39218577883467,False,False,False,False,False,0.0,True,False,False,False,False,31.770763975970823,45.72979206304285,48.60127816962172,54.60781422116533,False,0.0,38.88897463744491,1.0,38.88897463744491,C,9.244906460744392,-10.9745142202433,上,5,4997,5178,181,0.03495558130552337,5178,0,0,1,0,0,0,5174,5174,0,4,0,0,0,0,0,1.0,60,60,0,0,0,"{""eligible"": 4997, ""historical_ST"": 172, ""new_listing_age_le_20"": 8, ""unmatched_or_special_limit_regime"": 1}",0.0,1.0,51,69,18,7,11,4,0.6666666666666666,0.01669640007855553,-0.002246946613409323,1984093265027.0,0.7189614218481645,0.07692307692307693,0.38095238095238093,0.19047619047619047,2026-02-11,F1-formal-live-v1,F1-2025-a5-v1,d8ea4bf3c634204d1f9009d9f82093d593f4f3a7742ef98d3ba53907a56c7c63,2026-02-11 market close,post-close research convention; provider first-publication timestamp unverified,,OK
4999,61,18,14,79,17,4,0.6666666666666666,51,0,0,51,0,12,40,40,1,3,3,4,7,7,0,1,1,0.011186382931118191,0.027632827159147996,51,2.2365974144612398e-05,0.0161572832911086,11,60.0,11,11,0,18,62,0,12,0,5,3,11,11,-0.0051203277009729264,2141507268493.0,5182,5182,True,12.20244048809762,2.8005601120224046,8.134960325398414,20260212,61,18,14,0,17,0.3,0.45454545454545453,2661814185031.3,0.804529211894563,-0.21749800258795302,0.3891238102107358,0.8484779790046826,0.2539416172338433,66.47721115097887,False,False,False,False,False,1.4910828356777934,False,False,False,False,False,73.72928450641186,False,False,False,False,False,0.0,True,False,False,False,False,32.048321464434885,False,False,False,False,False,26.446335747020477,False,False,False,False,False,100.0,False,True,False,False,False,62.19849410430758,False,False,False,False,False,68.0331977335464,False,False,False,False,False,0.0,True,False,False,False,False,66.47721115097887,39.66374904277862,55.0289107727313,31.9668022664536,False,0.0,44.83650565646082,1.0,44.83650565646082,C,5.947531019015912,27.7288838994152,上,5,4999,5182,183,0.035314550366653805,5182,0,0,1,0,0,0,5179,5179,0,3,0,0,0,0,0,1.0,51,51,0,0,0,"{""eligible"": 4999, ""historical_ST"": 175, ""new_listing_age_le_20"": 7, ""unmatched_or_special_limit_regime"": 1}",0.0,1.0,61,79,18,14,17,4,0.6666666666666666,0.011186382931118191,0.027632827159147996,2141507268493.0,0.804529211894563,0.3,0.45454545454545453,0.2727272727272727,2026-02-12,F1-formal-live-v1,F1-2025-a5-v1,d8ea4bf3c634204d1f9009d9f82093d593f4f3a7742ef98d3ba53907a56c7c63,2026-02-12 market close,post-close research convention; provider first-publication timestamp unverified,,OK
4997,32,12,12,44,5,5,0.6666666666666666,61,0,0,61,0,1,44,44,3,12,12,0,1,1,1,4,4,0.0008026982210671187,-0.017171796823091712,61,0.021302033713218288,-0.008987374502613365,17,46.76470588235294,17,17,0,9,36,1,2,2,6,6,17,17,-0.007707509881422991,1982504952996.0,5180,5180,True,6.40384230538323,2.4014408645187113,4.26922820358882,20260213,32,12,12,0,5,0.022727272727272728,0.23529411764705882,2623625810252.3,0.7556355579553296,-0.2801960852305227,0.2695580106602934,0.6880089683737795,0.3210484488973406,0.0,True,False,False,False,False,0.0,True,False,False,False,False,0.0,True,False,False,False,False,22.474186530801106,False,False,False,False,False,0.0,True,False,False,False,False,0.0,True,False,False,False,False,38.79660857233635,False,False,False,False,False,52.64996806719533,False,False,False,False,False,93.69456971090484,False,False,False,False,False,0.0,True,False,False,False,False,0.0,14.83756258490039,25.41632098351889,6.305430289095156,False,0.0,9.996212507831254,1.0,9.996212507831254,D,-34.84029314862957,-34.19238731096096,下,5,4997,5180,183,0.03532818532818533,5180,0,0,1,0,0,0,5177,5177,0,3,0,0,0,0,0,1.0,61,61,0,0,0,"{""eligible"": 4997, ""historical_ST"": 175, ""new_listing_age_le_20"": 7, ""unmatched_or_special_limit_regime"": 1}",0.0,1.0,32,44,12,12,5,5,0.6666666666666666,0.0008026982210671187,-0.017171796823091712,1982504952996.0,0.7556355579553296,0.022727272727272728,0.23529411764705882,0.35294117647058826,2026-02-13,F1-formal-live-v1,F1-2025-a5-v1,d8ea4bf3c634204d1f9009d9f82093d593f4f3a7742ef98d3ba53907a56c7c63,2026-02-13 market close,post-close research convention; provider first-publication timestamp unverified,,OK
4998,93,46,16,139,7,4,0.6666666666666666,32,0,0,32,0,4,27,27,1,1,1,2,3,3,0,1,1,0.021402528090668466,0.02589241016267493,32,0.04020974554194181,0.02005579320374522,5,60.0,5,5,0,43,129,3,7,0,3,1,4,4,0.012269938650306789,2201781378110.0,5180,5180,True,18.607442977190875,3.201280512204882,12.404961984793916,20260224,93,46,16,0,7,0.14814814814814814,0.6,2571446492363.55,0.8562423463403388,-0.15520182802627758,0.39512329935010143,0.7374376299449668,0.22922954174905474,70.50253537768249,False,False,False,False,False,44.40235691194657,False,False,False,False,False,69.42961061750054,False,False,False,False,False,64.87009634096894,False,False,False,False,False,37.574690001805756,False,False,False,False,False,69.92662110405657,False,False,False,False,False,65.6560807624705,False,False,False,False,False,71.78532610671311,False,False,False,False,False,58.58340334409288,False,False,False,False,False,10.60597510757402,False,False,False,False,False,70.50253537768249,55.739982042226444,58.00394518180902,41.41659665590712,False,10.60597510757402,52.94167366485687,1.0,52.94167366485687,B,42.94546115702562,-15.117149670100723,上,5,4998,5180,182,0.03513513513513514,5180,0,0,1,0,0,0,5177,5177,0,3,0,0,0,0,0,1.0,32,32,0,0,0,"{""eligible"": 4998, ""historical_ST"": 174, ""new_listing_age_le_20"": 7, ""unmatched_or_special_limit_regime"": 1}",0.0,1.0,93,139,46,16,7,4,0.6666666666666666,0.021402528090668466,0.02589241016267493,2201781378110.0,0.8562423463403388,0.14814814814814814,0.6,0.25,2026-02-24,F1-formal-live-v1,F1-2025-a5-v1,d8ea4bf3c634204d1f9009d9f82093d593f4f3a7742ef98d3ba53907a56c7c63,2026-02-24 market close,post-close research convention; provider first-publication timestamp unverified,,OK
4995,75,37,3,112,18,5,0.8333333333333334,93,0,0,93,0,14,86,86,2,4,4,1,1,1,1,2,2,0.01849592866289539,0.03568772708330909,93,0.03940336360842204,0.04659123933846706,7,75.0,7,7,0,32,89,4,18,1,5,1,7,7,0.0060606060606061,2462235727785.0,5177,5177,True,15.015015015015015,0.6006006006006006,12.512512512512513,20260225,75,37,3,0,18,0.16279069767441862,0.5714285714285714,2546126297273.6,0.9670516857005756,-0.03350333542197972,0.4059458320983711,0.7405013301224882,0.17192215631179106,77.76385417565426,False,False,False,False,False,32.193653655758006,False,False,False,False,False,93.62879304482156,False,False,False,False,False,63.061982485853086,False,False,False,False,False,75.19025541788758,False,False,False,False,False,71.02177937529865,False,False,False,False,False,67.32089156457026,False,False,False,False,False,9.566678408149123,False,False,False,False,False,36.66929865010833,False,False,False,False,False,39.434078207707444,False,False,False,False,False,77.76385417565426,70.99052610145428,74.57935419568177,63.33070134989167,False,39.434078207707444,68.8866140295503,1.0,68.8866140295503,A,15.94494036469343,39.24254585284979,上,5,4995,5177,182,0.03515549546069152,5177,0,0,1,0,0,0,5176,5176,0,1,0,0,0,0,0,1.0,93,93,0,0,0,"{""eligible"": 4995, ""historical_ST"": 174, ""new_listing_age_le_20"": 7, ""unmatched_or_special_limit_regime"": 1}",0.0,1.0,75,112,37,3,18,5,0.8333333333333334,0.01849592866289539,0.03568772708330909,2462235727785.0,0.9670516857005756,0.16279069767441862,0.5714285714285714,0.14285714285714285,2026-02-25,F1-formal-live-v1,F1-2025-a5-v1,d8ea4bf3c634204d1f9009d9f82093d593f4f3a7742ef98d3ba53907a56c7c63,2026-02-25 market close,post-close research convention; provider first-publication timestamp unverified,,OK
4995,63,24,4,87,9,6,0.8333333333333334,75,0,0,75,0,5,57,57,2,14,14,1,2,2,1,2,2,0.015472148410004473,0.013821219138613188,75,0.02235914740642562,0.03295677918190988,18,87.5,4,4,0,20,74,2,7,2,6,0,17,17,-0.00121212121212122,2538236840935.0,5176,5176,True,12.612612612612612,0.8008008008008008,10.51051051051051,20260226,63,25,4,0,9,0.08771929824561403,0.2222222222222222,2530357757869.55,1.0031138217672761,0.003108983864586435,0.301621986405156,0.7057869523250088,0.048321176170067835,7.768343935228897,False,False,False,False,False,19.492751196779697,False,False,False,False,False,39.60791561027069,False,False,False,False,False,24.844504906831553,False,False,False,False,False,55.86260118030361,False,False,False,False,False,50.63592820335138,False,False,False,False,False,48.45714256933701,False,False,False,False,False,14.356266573097262,False,False,False,False,False,0.0,True,False,False,False,False,48.10685379055683,False,False,False,False,False,7.768343935228897,49.70911687276989,58.625304537334195,100.0,False,48.10685379055683,48.24406182764858,1.0,48.24406182764858,C,-20.642552201901722,9.355087190203669,下,5,4995,5176,181,0.034969088098918084,5176,0,0,1,0,0,0,5176,5176,0,0,0,0,0,0,0,1.0,75,75,0,0,0,"{""eligible"": 4995, ""historical_ST"": 173, ""new_listing_age_le_20"": 7, ""unmatched_or_special_limit_regime"": 1}",0.0,1.0,63,87,24,4,9,6,0.8333333333333334,0.015472148410004473,0.013821219138613188,2538236840935.0,1.0031138217672761,0.08771929824561403,0.2222222222222222,0.0,2026-02-26,F1-formal-live-v1,F1-2025-a5-v1,d8ea4bf3c634204d1f9009d9f82093d593f4f3a7742ef98d3ba53907a56c7c63,2026-02-26 market close,post-close research convention; provider first-publication timestamp unverified,,OK
4997,75,18,0,93,11,7,0.8333333333333334,63,0,0,63,0,6,54,54,3,5,5,1,2,2,1,2,2,0.0016133457296169337,0.02488658667238605,63,0.0258375475085821,0.05690527480925359,9,67.5,4,4,0,14,78,2,8,2,7,0,8,8,0.0037878787878786735,2487092961758.0,5176,5176,True,15.009005403241945,0.0,12.507504502701622,20260227,75,18,0,0,11,0.1111111111111111,0.5555555555555556,2527247208619.7,0.984111468508207,-0.0160161073414167,0.39122557556704285,0.742273475440093,0.08177429813396095,67.88737905212183,False,False,False,False,False,0.0,True,False,False,False,False,66.94473888456946,False,False,False,False,False,32.64396463789624,False,False,False,False,False,89.81101114158727,False,False,False,False,False,70.97078415023374,False,False,False,False,False,68.28387308909589,False,False,False,False,False,0.0,True,False,False,False,False,2.19713442600328,False,False,False,False,False,43.57647638581121,False,False,False,False,False,67.88737905212183,56.37220472133547,77.28766924127706,97.80286557399673,False,43.57647638581121,69.70210781137067,1.0,69.70210781137067,A,21.458045983722087,24.865602154909844,上,5,4997,5176,179,0.03458268933539413,5176,0,0,1,0,0,0,5176,5176,0,0,0,0,0,0,0,1.0,63,63,0,0,0,"{""eligible"": 4997, ""historical_ST"": 171, ""new_listing_age_le_20"": 7, ""unmatched_or_special_limit_regime"": 1}",0.0,1.0,75,93,18,0,11,7,0.8333333333333334,0.0016133457296169337,0.02488658667238605,2487092961758.0,0.984111468508207,0.1111111111111111,0.5555555555555556,0.0,2026-02-27,F1-formal-live-v1,F1-2025-a5-v1,d8ea4bf3c634204d1f9009d9f82093d593f4f3a7742ef98d3ba53907a56c7c63,2026-02-27 market close,post-close research convention; provider first-publication timestamp unverified,,OK
4995,91,27,8,118,20,3,0.5,75,0,0,75,0,17,64,64,3,6,6,0,3,3,0,2,2,0.017181998846755864,0.02820537370965436,75,0.04066346521779404,0.028750034965830173,11,48.0,5,5,0,21,92,3,20,3,6,2,10,10,-0.02415458937198056,3020261397121.0005,5175,5175,True,18.21821821821822,1.6016016016016017,9.10910910910911,20260302,91,27,8,0,20,0.265625,0.2727272727272727,2517027397064.35,1.199931872272658,0.18226478207618246,0.33868374101371834,0.7027894385217237,0.2042043917160995,32.6347242626987,False,False,False,False,False,26.674702860052335,False,False,False,False,False,75.14375210721511,False,False,False,False,False,65.88745151492013,False,False,False,False,False,49.89929227472569,False,False,False,False,False,36.365832382988295,False,False,False,False,False,46.828297359297785,False,False,False,False,False,33.51461923288982,False,False,False,False,False,49.01389055581172,False,False,False,False,False,90.54552095321151,False,False,False,False,False,32.6347242626987,54.00554755312122,47.557582220727085,50.98610944418828,False,90.54552095321151,50.19308392488192,1.0,50.19308392488192,B,-19.509023886488748,40.196871417050666,下,5,4995,5175,180,0.034782608695652174,5175,0,0,1,0,0,0,5175,5175,0,0,0,0,0,0,0,1.0,75,75,0,0,0,"{""eligible"": 4995, ""historical_ST"": 172, ""new_listing_age_le_20"": 7, ""unmatched_or_special_limit_regime"": 1}",0.0,1.0,91,118,27,8,20,3,0.5,0.017181998846755864,0.02820537370965436,3020261397121.0005,1.199931872272658,0.265625,0.2727272727272727,0.2,2026-03-02,F1-formal-live-v1,F1-2025-a5-v1,d8ea4bf3c634204d1f9009d9f82093d593f4f3a7742ef98d3ba53907a56c7c63,2026-03-02 market close,post-close research convention; provider first-publication timestamp unverified,,OK
4996,77,29,57,106,37,3,0.5,91,0,0,91,0,33,71,71,4,17,17,0,3,3,0,0,0,0.03443076414464921,0.03555042257842798,91,0.015042455172704545,-0.010565889609841839,20,45.5,20,20,0,23,63,4,37,2,6,5,20,20,-0.03490048943537227,3129077280022.0,5177,5177,True,15.412329863891111,11.409127301841474,7.706164931945556,20260303,77,29,57,0,37,0.4647887323943662,0.2,2513791837949.0,1.24476387932543,0.2189458567695597,0.33254651288669834,0.7375819714705922,0.2425226350296597,28.51698482011799,False,False,False,False,False,99.12536635549137,False,False,False,False,False,93.28958434043429,False,False,False,False,False,8.438615772306067,False,False,False,False,False,0.0,True,False,False,False,False,22.080026889484287,False,False,False,False,False,65.7345157649606,False,False,False,False,False,100.0,False,True,False,False,False,63.66662666051835,False,False,False,False,False,99.2345834095778,False,False,False,False,False,28.51698482011799,50.8059650667057,31.839091273529924,36.33337333948165,True,50.0,37.898070526665414,1.0,37.898070526665414,C,-12.295013398216504,-15.043603138191457,下,5,4996,5177,181,0.03496233339772069,5177,0,0,1,0,0,0,5177,5177,0,0,0,0,0,0,0,1.0,91,91,0,0,0,"{""eligible"": 4996, ""historical_ST"": 173, ""new_listing_age_le_20"": 7, ""unmatched_or_special_limit_regime"": 1}",0.0,1.0,77,106,29,57,37,3,0.5,0.03443076414464921,0.03555042257842798,3129077280022.0,1.24476387932543,0.4647887323943662,0.2,0.25,2026-03-03,F1-formal-live-v1,F1-2025-a5-v1,d8ea4bf3c634204d1f9009d9f82093d593f4f3a7742ef98d3ba53907a56c7c63,2026-03-03 market close,post-close research convention; provider first-publication timestamp unverified,,OK
4996,44,20,16,64,6,4,0.5,77,0,0,77,0,0,40,40,4,33,33,2,4,4,0,0,0,0.0037340286906456335,-0.030079134119239844,77,0.013860555773869137,-0.0015422454067279643,37,51.21621621621622,37,37,0,18,56,0,0,2,8,12,37,37,-0.007914188538145184,2365503695898.0,5178,5178,True,8.807045636509208,3.2025620496397114,4.403522818254604,20260304,44,20,16,0,6,0.0,0.16216216216216217,2507854161638.2,0.943238140431893,-0.05843649330778169,0.21664319838667018,0.7265872579206885,0.31102537799384505,0.0,True,False,False,False,False,0.0,True,False,False,False,False,0.0,True,False,False,False,False,5.788496034306001,False,False,False,False,False,6.958191975482624,False,False,False,False,False,0.0,True,False,False,False,False,59.76000232589405,False,False,False,False,False,71.81598559918444,False,False,False,False,False,89.86178928551124,False,False,False,False,False,33.52787813273281,False,False,False,False,False,0.0,15.075663813708246,27.962004414266804,10.138210714488764,False,33.52787813273281,14.97894785115734,1.0,14.97894785115734,D,-22.919122675508074,-53.90766617839296,下,5,4996,5178,182,0.03514870606411742,5178,0,0,1,0,0,0,5178,5178,0,0,0,0,0,0,0,1.0,77,77,0,0,0,"{""eligible"": 4996, ""historical_ST"": 174, ""new_listing_age_le_20"": 7, ""unmatched_or_special_limit_regime"": 1}",0.0,1.0,44,64,20,16,6,4,0.5,0.0037340286906456335,-0.030079134119239844,2365503695898.0,0.943238140431893,0.0,0.16216216216216217,0.32432432432432434,2026-03-04,F1-formal-live-v1,F1-2025-a5-v1,d8ea4bf3c634204d1f9009d9f82093d593f4f3a7742ef98d3ba53907a56c7c63,2026-03-04 market close,post-close research convention; provider first-publication timestamp unverified,,OK
4998,68,30,3,98,7,2,0.3333333333333333,44,0,0,44,0,7,38,38,0,0,0,0,4,4,0,2,2,0.04193242164222341,0.024905053231663175,44,-0.01631540587857529,-0.02475628750824782,6,32.5,6,6,0,25,86,3,10,2,2,4,6,6,0.009930874584720417,2389842668222.0,5179,5179,True,13.605442176870747,0.6002400960384153,4.5351473922902485,20260305,68,30,3,0,7,0.18421052631578946,0.0,2481392939923.15,0.9631052904889843,-0.037592537242798936,0.25735111271578087,0.6138731673403334,0.46027871597649933,0.0,True,False,False,False,False,100.0,False,True,False,False,False,66.9903602402002,False,False,False,False,False,0.0,True,False,False,False,False,0.0,True,False,False,False,False,0.0,True,False,False,False,False,0.0,True,False,False,False,False,9.558053699568783,False,False,False,False,False,100.0,False,True,False,False,False,38.46542256403296,False,False,False,False,False,0.0,40.20268645764805,22.610486575107803,0.0,False,38.46542256403296,18.232418736616072,1.0,18.232418736616072,D,3.253470885458732,-30.011643091032507,上,5,4998,5179,181,0.03494883182081483,5179,0,0,1,0,0,0,5179,5179,0,0,0,0,0,0,0,1.0,44,44,0,0,0,"{""eligible"": 4998, ""historical_ST"": 174, ""new_listing_age_le_20"": 6, ""unmatched_or_special_limit_regime"": 1}",0.0,1.0,68,98,30,3,7,2,0.3333333333333333,0.04193242164222341,0.024905053231663175,2389842668222.0,0.9631052904889843,0.18421052631578946,0.0,0.6666666666666666,2026-03-05,F1-formal-live-v1,F1-2025-a5-v1,d8ea4bf3c634204d1f9009d9f82093d593f4f3a7742ef98d3ba53907a56c7c63,2026-03-05 market close,post-close research convention; provider first-publication timestamp unverified,,OK
4999,74,26,0,100,8,3,0.5,68,0,0,68,0,4,61,61,4,7,7,0,0,0,0,0,0,0.0004779868807982257,0.015175711687129246,68,0.051558902493056454,0.05617056587411425,7,83.57142857142857,7,7,0,22,88,4,8,0,4,0,7,7,0.01497797356828201,2199973031194.0,5180,5180,True,14.802960592118424,0.0,7.401480296059212,20260306,74,26,0,0,8,0.06557377049180328,0.5714285714285714,2452630653235.4,0.8969850508440375,-0.10871608278792644,0.2978015854921573,0.7480889105826855,0.0885888229784577,5.205066963876594,False,False,False,False,False,0.0,True,False,False,False,False,42.95416898252656,False,False,False,False,False,90.31779931420488,False,False,False,False,False,88.76951774173253,False,False,False,False,False,18.977504696526093,False,False,False,False,False,71.44397319136208,False,False,False,False,False,0.0,True,False,False,False,False,4.802980247490665,False,False,False,False,False,21.617581149195576,False,False,False,False,False,5.205066963876594,62.487948328416024,57.59639249558717,95.19701975250933,False,21.617581149195576,46.39938442618416,1.0,46.39938442618416,C,28.16696568956809,-23.302723385186503,上,5,4999,5180,181,0.03494208494208494,5180,0,0,1,0,0,0,5179,5179,0,1,0,0,0,0,0,1.0,68,68,0,0,0,"{""eligible"": 4999, ""historical_ST"": 174, ""new_listing_age_le_20"": 6, ""unmatched_or_special_limit_regime"": 1}",0.0,1.0,74,100,26,0,8,3,0.5,0.0004779868807982257,0.015175711687129246,2199973031194.0,0.8969850508440375,0.06557377049180328,0.5714285714285714,0.0,2026-03-06,F1-formal-live-v1,F1-2025-a5-v1,d8ea4bf3c634204d1f9009d9f82093d593f4f3a7742ef98d3ba53907a56c7c63,2026-03-06 market close,post-close research convention; provider first-publication timestamp unverified,,OK
5002,42,38,4,80,11,4,0.6666666666666666,74,0,0,74,0,8,66,66,1,4,4,2,4,4,0,0,0,0.003773662581469918,0.01534764114438904,74,0.0028667678454550316,0.033934563355149175,8,71.875,8,8,0,32,63,6,14,0,3,1,8,8,-0.009592873896406007,2647244431741.0,5183,5183,True,8.396641343462615,0.7996801279488205,5.597760895641743,20260309,42,38,4,0,11,0.12121212121212122,0.375,2401143598456.3,1.102493175936216,0.09757413869269321,0.309385683960235,0.699967326323392,0.1586973750570379,12.977354091144225,False,False,False,False,False,0.0,True,False,False,False,False,43.37891810851917,False,False,False,False,False,0.0,True,False,False,False,False,57.24866811675378,False,False,False,False,False,0.6107122477202823,False,False,False,False,False,45.294765159576755,False,False,False,False,False,14.329455603761287,False,False,False,False,False,31.612197566881132,False,False,False,False,False,70.4838871003232,False,False,False,False,False,12.977354091144225,40.4019106505629,37.51508880399965,68.38780243311886,False,70.4838871003232,40.14921943188747,1.0,40.14921943188747,C,-6.250164994296696,-10.043864492994452,下,5,5002,5183,181,0.03492185992668339,5183,0,0,1,0,0,0,5182,5182,0,1,0,0,0,0,0,1.0,74,74,0,0,0,"{""eligible"": 5002, ""historical_ST"": 174, ""new_listing_age_le_20"": 6, ""unmatched_or_special_limit_regime"": 1}",0.0,1.0,42,80,38,4,11,4,0.6666666666666666,0.003773662581469918,0.01534764114438904,2647244431741.0,1.102493175936216,0.12121212121212122,0.375,0.125,2026-03-09,F1-formal-live-v1,F1-2025-a5-v1,d8ea4bf3c634204d1f9009d9f82093d593f4f3a7742ef98d3ba53907a56c7c63,2026-03-09 market close,post-close research convention; provider first-publication timestamp unverified,,OK
5001,55,25,4,80,6,5,0.6666666666666666,42,0,0,42,0,4,31,31,1,8,8,0,1,1,1,2,2,0.035624872803309775,0.034173895026677184,42,0.044704654373254764,0.037485830217687595,11,68.63636363636364,11,11,0,19,68,2,6,4,6,0,11,11,0.015873015873015817,2397692701555.0,5181,5181,True,10.997800439912016,0.7998400319936012,7.331866959941344,20260310,55,25,4,0,6,0.12903225806451613,0.18181818181818182,2391745096488.85,1.0024867219650127,0.002483635188191788,0.29515114959131056,0.6050224992216492,0.06644161723384327,3.4267715798580367,False,False,False,False,False,100.0,False,True,False,False,False,89.88889382567609,False,False,False,False,False,74.94882776778148,False,False,False,False,False,62.282799078772285,False,False,False,False,False,18.268650705240134,False,False,False,False,False,0.0,True,False,False,False,False,14.333281146990728,False,False,False,False,False,0.0,True,False,False,False,False,47.958720352493195,False,False,False,False,False,3.4267715798580367,78.30464912128475,28.724139995348374,100.0,False,47.958720352493195,46.73146972615606,1.0,46.73146972615606,C,6.58225029426859,8.833399199490643,上,5,5001,5181,180,0.03474232773595831,5181,0,0,1,0,0,0,5180,5180,0,1,0,0,0,0,0,1.0,42,42,0,0,0,"{""eligible"": 5001, ""historical_ST"": 173, ""new_listing_age_le_20"": 6, ""unmatched_or_special_limit_regime"": 1}",0.0,1.0,55,80,25,4,6,5,0.6666666666666666,0.035624872803309775,0.034173895026677184,2397692701555.0,1.0024867219650127,0.12903225806451613,0.18181818181818182,0.0,2026-03-10,F1-formal-live-v1,F1-2025-a5-v1,d8ea4bf3c634204d1f9009d9f82093d593f4f3a7742ef98d3ba53907a56c7c63,2026-03-10 market close,post-close research convention; provider first-publication timestamp unverified,,OK
5004,53,22,2,75,10,4,0.6666666666666666,55,0,0,55,0,8,49,49,1,4,4,1,1,1,0,1,1,0.027364557759110373,0.024391748808592687,55,0.05286238318018723,0.012114627398015313,6,56.666666666666664,6,6,0,17,60,3,11,2,4,0,5,5,-0.004624664946550172,2508199010432.0,5184,5184,True,10.591526778577139,0.3996802557953637,7.061017852384759,20260311,53,22,2,0,10,0.16326530612244897,0.3333333333333333,2382405580897.3,1.0528010136239363,0.05145424437714551,0.35550883176174114,0.6733923631730055,0.10630658757414924,43.923426322365074,False,False,False,False,False,69.44490330863646,False,False,False,False,False,65.7222494199707,False,False,False,False,False,93.24053529365538,False,False,False,False,False,26.317617468379638,False,False,False,False,False,15.510666651686844,False,False,False,False,False,30.853963790443135,False,False,False,False,False,4.759861508794695,False,False,False,False,False,11.57817938335786,False,False,False,False,False,59.5589443188305,False,False,False,False,False,43.923426322365074,59.631565666312945,40.813188610131164,88.42182061664214,False,59.5589443188305,55.87663884473274,1.0,55.87663884473274,B,9.145169118576682,40.897690993575395,上,5,5004,5184,180,0.034722222222222224,5184,0,0,1,0,0,0,5183,5183,0,1,0,0,0,0,0,1.0,55,55,0,0,0,"{""eligible"": 5004, ""historical_ST"": 174, ""new_listing_age_le_20"": 5, ""unmatched_or_special_limit_regime"": 1}",0.0,1.0,53,75,22,2,10,4,0.6666666666666666,0.027364557759110373,0.024391748808592687,2508199010432.0,1.0528010136239363,0.16326530612244897,0.3333333333333333,0.0,2026-03-11,F1-formal-live-v1,F1-2025-a5-v1,d8ea4bf3c634204d1f9009d9f82093d593f4f3a7742ef98d3ba53907a56c7c63,2026-03-11 market close,post-close research convention; provider first-publication timestamp unverified,,OK
5004,52,23,2,75,8,4,0.6666666666666666,53,0,0,53,0,5,43,43,2,8,8,1,1,1,0,1,1,0.016431725386145752,0.02057192544267156,53,0.022778514956671568,0.030787146992589554,10,66.5,10,10,0,20,64,2,7,1,4,0,10,10,-0.010617681163569703,2441671314663.0,5184,5184,True,10.391686650679457,0.3996802557953637,6.927791100452971,20260312,52,23,2,0,8,0.11627906976744186,0.3,2380612397407.25,1.0256484076627719,0.025325005429590784,0.3392706263724873,0.7200056824206578,0.07087105838276615,33.02849176490973,False,False,False,False,False,23.523299899583,False,False,False,False,False,56.285433518961106,False,False,False,False,False,25.784833858245364,False,False,False,False,False,52.787019140647395,False,False,False,False,False,14.154054253553666,False,False,False,False,False,56.183582522259535,False,False,False,False,False,4.759861508794695,False,False,False,False,False,0.0,True,False,False,False,False,53.36941494842704,False,False,False,False,False,33.02849176490973,48.59238278817425,49.13591020701362,100.0,False,53.36941494842704,53.48858115011968,1.0,53.48858115011968,B,-2.3880576946130603,35.2561624135036,下,5,5004,5184,180,0.034722222222222224,5184,0,0,1,0,0,0,5183,5183,0,1,0,0,0,0,0,1.0,53,53,0,0,0,"{""eligible"": 5004, ""historical_ST"": 174, ""new_listing_age_le_20"": 5, ""unmatched_or_special_limit_regime"": 1}",0.0,1.0,52,75,23,2,8,4,0.6666666666666666,0.016431725386145752,0.02057192544267156,2441671314663.0,1.0256484076627719,0.11627906976744186,0.3,0.0,2026-03-12,F1-formal-live-v1,F1-2025-a5-v1,d8ea4bf3c634204d1f9009d9f82093d593f4f3a7742ef98d3ba53907a56c7c63,2026-03-12 market close,post-close research convention; provider first-publication timestamp unverified,,OK
5005,59,21,13,80,8,5,0.8333333333333334,52,0,0,52,0,5,44,44,1,5,5,1,2,2,1,1,1,0.020753311705516666,0.006889192058066495,52,0.046513944826932524,0.03170383355445777,8,64.375,8,8,0,18,69,2,7,1,4,0,8,8,-0.008459815874595544,2400085534939.0,5183,5183,True,11.78821178821179,2.5974025974025974,9.823509823509825,20260313,59,21,13,0,8,0.11363636363636363,0.375,2378658237560.15,1.009008144608798,0.008967813300041426,0.3480638003818584,0.7296315430872403,0.08177429813396095,38.92822348328146,False,False,False,False,False,41.675427937957735,False,False,False,False,False,22.482447463353537,False,False,False,False,False,79.00571818315113,False,False,False,False,False,54.08647659687149,False,False,False,False,False,43.64038387012074,False,False,False,False,False,61.41426303558523,False,False,False,False,False,57.33815517022926,False,False,False,False,False,2.19713442600328,False,False,False,False,False,49.49470121082495,False,False,False,False,False,38.92822348328146,50.57656649226226,49.61660681794582,97.80286557399673,False,49.49470121082495,54.87843387782665,1.0,54.87843387782665,B,1.3898527277069732,8.479049451642489,平,5,5005,5183,178,0.03434304456878256,5183,0,0,1,0,0,0,5183,5183,0,0,0,0,0,0,0,1.0,52,52,0,0,0,"{""eligible"": 5005, ""historical_ST"": 173, ""new_listing_age_le_20"": 4, ""unmatched_or_special_limit_regime"": 1}",0.0,1.0,59,80,21,13,8,5,0.8333333333333334,0.020753311705516666,0.006889192058066495,2400085534939.0,1.009008144608798,0.11363636363636363,0.375,0.0,2026-03-13,F1-formal-live-v1,F1-2025-a5-v1,d8ea4bf3c634204d1f9009d9f82093d593f4f3a7742ef98d3ba53907a56c7c63,2026-03-13 market close,post-close research convention; provider first-publication timestamp unverified,,OK
5005,47,23,8,70,6,3,0.5,59,0,0,59,0,4,51,51,2,5,5,0,1,1,0,2,2,0.005016225424960117,-0.016262321083549386,59,0.032186652365537305,0.006806806947921976,8,50.0,3,3,0,18,59,3,7,2,4,2,7,7,0.001908396946564972,2325121736244.0005,5182,5182,True,9.390609390609391,1.5984015984015985,4.695304695304696,20260316,47,23,8,0,6,0.0784313725490196,0.25,2389863336544.5,0.9729099152614687,-0.027463785602930377,0.3039219467537427,0.6408202254693661,0.2552554896451244,9.311489675901521,False,False,False,False,False,0.0,True,False,False,False,False,0.0,True,False,False,False,False,46.88027621959987,False,False,False,False,False,18.793467833071624,False,False,False,False,False,0.0,True,False,False,False,False,13.154305353118634,False,False,False,False,False,33.43806237910443,False,False,False,False,False,68.535617052726,False,False,False,False,False,40.864734916234305,False,False,False,False,False,9.311489675901521,23.009866915689024,21.244491278815417,31.464382947274004,False,40.864734916234305,22.205416657323113,1.0,22.205416657323113,D,-32.67301722050354,-17.943802774564354,下,5,5005,5182,177,0.03415669625627171,5182,0,0,1,0,0,0,5182,5182,0,0,0,0,0,0,0,1.0,59,59,0,0,0,"{""eligible"": 5005, ""historical_ST"": 172, ""new_listing_age_le_20"": 4, ""unmatched_or_special_limit_regime"": 1}",0.0,1.0,47,70,23,8,6,3,0.5,0.005016225424960117,-0.016262321083549386,2325121736244.0005,0.9729099152614687,0.0784313725490196,0.25,0.2857142857142857,2026-03-16,F1-formal-live-v1,F1-2025-a5-v1,d8ea4bf3c634204d1f9009d9f82093d593f4f3a7742ef98d3ba53907a56c7c63,2026-03-16 market close,post-close research convention; provider first-publication timestamp unverified,,OK
5003,38,17,10,55,11,4,0.6666666666666666,47,0,0,47,0,5,41,41,4,4,4,2,2,2,0,0,0,0.008386200075507957,0.015307848316116026,47,0.01866663051715149,0.09988437202317109,6,100.0,6,6,0,16,43,1,6,0,6,0,6,6,-0.019323671497584627,2207702928835.0,5180,5180,True,7.595442734359384,1.9988007195682589,5.063628489572922,20260317,39,17,10,0,11,0.12195121951219512,1.0,2398841176207.5,0.9203205909302073,-0.08303320123766432,0.4790166266639396,0.7972902853622577,0.09664235234013567,100.0,False,True,False,False,False,0.0,True,False,False,False,False,43.280610527612914,False,False,False,False,False,16.564940757119402,False,False,False,False,False,100.0,False,True,False,False,False,0.0,True,False,False,False,False,98.1799380263602,False,False,False,False,False,43.017208104621815,False,False,False,False,False,7.882616218339389,False,False,False,False,False,27.70137677718944,False,False,False,False,False,100.0,58.70643823262382,48.60867628307062,92.1173837816606,False,27.70137677718944,70.05640905345211,1.0,70.05640905345211,A,47.850992396129,23.324939327296057,上,5,5003,5180,177,0.03416988416988417,5180,0,0,1,0,0,0,5180,5180,0,0,0,0,0,0,0,1.0,47,47,0,0,0,"{""eligible"": 5003, ""historical_ST"": 172, ""new_listing_age_le_20"": 4, ""unmatched_or_special_limit_regime"": 1}",0.0,1.0,38,55,17,10,11,4,0.6666666666666666,0.008386200075507957,0.015307848316116026,2207702928835.0,0.9203205909302073,0.12195121951219512,1.0,0.0,2026-03-17,F1-formal-live-v1,F1-2025-a5-v1,d8ea4bf3c634204d1f9009d9f82093d593f4f3a7742ef98d3ba53907a56c7c63,2026-03-17 market close,post-close research convention; provider first-publication timestamp unverified,,OK
5005,57,22,4,79,7,5,0.6666666666666666,38,0,0,38,0,4,27,27,2,5,5,0,4,4,1,2,2,0.008839372200112184,0.007287983296138392,38,0.031190218823773295,0.010735224717446529,11,58.18181818181818,11,11,0,21,71,1,5,0,3,3,11,11,0.009069533087000314,2045873967882.0,5180,5180,True,11.38861138861139,0.7992007992007992,7.592407592407593,20260318,57,22,4,0,7,0.14285714285714285,0.2727272727272727,2396762021750.9,0.8535991263694312,-0.15829360246110682,0.31537819061862893,0.7817442045570508,0.2539416172338433,16.997993460659984,False,False,False,False,False,0.0,True,False,False,False,False,23.467655190547145,False,False,False,False,False,44.64601821148504,False,False,False,False,False,24.36223252769989,False,False,False,False,False,20.921666312812263,False,False,False,False,False,89.73221737643607,False,False,False,False,False,14.317988146204568,False,False,False,False,False,68.0331977335464,False,False,False,False,False,9.873591408628627,False,False,False,False,False,16.997993460659984,31.54420317161074,61.195445570326385,31.9668022664536,False,9.873591408628627,31.755341771537033,1.0,31.755341771537033,D,-38.30106728191508,-24.121297073195706,下,5,5005,5180,175,0.033783783783783786,5180,0,0,1,0,0,0,5180,5180,0,0,0,0,0,0,0,1.0,38,38,0,0,0,"{""eligible"": 5005, ""historical_ST"": 172, ""new_listing_age_le_20"": 2, ""unmatched_or_special_limit_regime"": 1}",0.0,1.0,57,79,22,4,7,5,0.6666666666666666,0.008839372200112184,0.007287983296138392,2045873967882.0,0.8535991263694312,0.14814814814814814,0.2727272727272727,0.2727272727272727,2026-03-18,F1-formal-live-v1,F1-2025-a5-v1,d8ea4bf3c634204d1f9009d9f82093d593f4f3a7742ef98d3ba53907a56c7c63,2026-03-18 market close,post-close research convention; provider first-publication timestamp unverified,,OK
5006,28,11,7,39,8,4,0.5,57,0,0,57,0,6,50,50,0,4,4,2,2,2,0,1,1,0.009007981652504094,0.006807419838031848,57,0.03126509756795404,-0.0012251841207476005,7,48.57142857142857,7,7,0,8,28,2,8,1,3,2,6,6,-0.02637046777340868,2110758511052.0,5180,5180,True,5.593288054334798,1.3983220135836996,2.796644027167399,20260319,28,11,7,0,8,0.12,0.2857142857142857,2393785104692.6,0.8817660812218375,-0.125828472185005,0.3277510754507037,0.7154161808434568,0.2784605341583175,25.29951245866427,False,False,False,False,False,0.0,True,False,False,False,False,22.280430429485346,False,False,False,False,False,44.81391544377534,False,False,False,False,False,7.407645113867795,False,False,False,False,False,0.0,True,False,False,False,False,53.68965316910742,False,False,False,False,False,28.651359815704165,False,False,False,False,False,77.40912909677793,False,False,False,False,False,17.56397526409533,False,False,False,False,False,25.29951245866427,25.31971408197441,36.62853865526155,22.59087090322207,False,17.56397526409533,26.510618693340117,1.0,26.510618693340117,D,-5.244723078196916,-26.97796245677956,下,5,5006,5180,174,0.03359073359073359,5180,0,0,1,0,0,0,5180,5180,0,0,0,0,0,0,0,1.0,57,57,0,0,0,"{""eligible"": 5006, ""historical_ST"": 172, ""new_listing_age_le_20"": 1, ""unmatched_or_special_limit_regime"": 1}",0.0,1.0,28,39,11,7,8,4,0.5,0.009007981652504094,0.006807419838031848,2110758511052.0,0.8817660812218375,0.12,0.2857142857142857,0.3333333333333333,2026-03-19,F1-formal-live-v1,F1-2025-a5-v1,d8ea4bf3c634204d1f9009d9f82093d593f4f3a7742ef98d3ba53907a56c7c63,2026-03-19 market close,post-close research convention; provider first-publication timestamp unverified,,OK
5006,29,24,15,53,7,5,0.6666666666666666,28,0,0,28,0,3,20,20,2,6,6,0,0,0,2,2,2,0.016299967035160037,0.0015012342543755466,28,0.04582524536822115,0.038224435726992564,8,65.625,8,8,0,23,45,1,4,0,4,2,8,8,-0.025475845075376757,2286594329871.0005,5181,5181,True,5.793048341989612,2.9964043148222133,3.8620322279930748,20260320,29,24,15,0,7,0.15,0.5,2400118366993.85,0.95270065064956,-0.04845453731638791,0.3563878010798082,0.7434182937622162,0.2356204519801148,44.51316594991588,False,False,False,False,False,22.969870144750296,False,False,False,False,False,9.171579131205299,False,False,False,False,False,77.46147843577552,False,False,False,False,False,63.329816103128444,False,False,False,False,False,0.0,True,False,False,False,False,68.9059659175966,False,False,False,False,False,66.8838694184464,False,False,False,False,False,61.027260707758956,False,False,False,False,False,35.89241733369521,False,False,False,False,False,44.51316594991588,46.426476577314865,32.396120716547216,38.972739292241044,False,35.89241733369521,40.36440397050785,1.0,40.36440397050785,C,13.853785277167734,-14.5140299073188,上,5,5006,5181,175,0.03377726307662613,5181,0,0,1,0,0,0,5180,5180,0,1,0,0,0,0,0,1.0,28,28,0,0,0,"{""eligible"": 5006, ""historical_ST"": 172, ""new_listing_age_le_20"": 1, ""unmatched_or_special_limit_regime"": 2}",0.0,1.0,29,53,24,15,7,5,0.6666666666666666,0.016299967035160037,0.0015012342543755466,2286594329871.0005,0.95270065064956,0.15,0.5,0.25,2026-03-20,F1-formal-live-v1,F1-2025-a5-v1,d8ea4bf3c634204d1f9009d9f82093d593f4f3a7742ef98d3ba53907a56c7c63,2026-03-20 market close,post-close research convention; provider first-publication timestamp unverified,,OK
5008,28,17,78,45,5,6,0.8333333333333334,29,0,0,29,0,2,22,22,1,3,3,1,2,2,1,2,2,0.0043079400230703795,-0.015880659290754145,29,0.039878911246245936,0.013678809582901796,7,58.57142857142857,7,7,1,15,38,0,2,2,5,1,5,5,-0.05678936101007054,2431159717836.0,5183,5183,True,5.5910543130990416,15.575079872204473,4.659211927582535,20260323,28,17,77,1,5,0.09090909090909091,0.42857142857142855,2407372720062.75,1.0098808952909586,0.00983239844491854,0.34985788730221534,0.6903091336341434,0.20630658757414927,40.13195623078143,False,False,False,False,False,0.0,True,False,False,False,False,0.0,True,False,False,False,False,64.12828151485523,False,False,False,False,False,28.534938292742112,False,False,False,False,False,0.0,True,False,False,False,False,40.0465154660215,False,False,False,False,False,100.0,False,True,False,False,False,49.817761466499064,False,False,False,False,False,49.699505306274204,False,False,False,False,False,40.13195623078143,29.61315359641272,14.016280413107525,50.182238533500936,True,49.699505306274204,34.72906907805774,1.0,34.72906907805774,D,-5.6353348924501105,12.523652420734628,下,5,5008,5183,175,0.03376422921088173,5183,0,0,1,0,0,0,5183,5183,0,0,0,0,0,0,0,1.0,29,29,0,0,0,"{""eligible"": 5008, ""historical_ST"": 173, ""new_listing_age_le_20"": 1, ""unmatched_or_special_limit_regime"": 1}",0.0,1.0,28,45,17,78,5,6,0.8333333333333334,0.0043079400230703795,-0.015880659290754145,2431159717836.0,1.0098808952909586,0.09090909090909091,0.42857142857142855,0.2,2026-03-23,F1-formal-live-v1,F1-2025-a5-v1,d8ea4bf3c634204d1f9009d9f82093d593f4f3a7742ef98d3ba53907a56c7c63,2026-03-23 market close,post-close research convention; provider first-publication timestamp unverified,,OK
5005,84,24,1,108,6,7,0.6666666666666666,28,0,0,28,0,4,23,23,1,2,2,0,1,1,1,2,2,0.028913063556019275,0.03911070503288012,28,0.022024234798328334,0.031327042729065835,5,70.0,3,3,0,20,98,4,8,0,2,0,4,4,0.03360215053763449,2082712144064.0,5181,5181,True,16.783216783216783,0.1998001998001998,11.188811188811188,20260324,84,23,1,1,6,0.17391304347826086,0.4,2429805458304.75,0.8571518089835417,-0.15414023606766256,0.3604535564966529,0.7361022767006808,0.1181184306379436,47.24106217559465,False,False,False,False,False,75.94915277084495,False,False,False,False,False,100.0,False,True,False,False,False,24.093545464684222,False,False,False,False,False,53.552353301233204,False,False,False,False,False,57.5428826738468,False,False,False,False,False,64.93045149821765,False,False,False,False,False,0.0,True,False,False,False,False,16.09497880726932,False,False,False,False,False,10.857446442824937,False,False,False,False,False,47.24106217559465,68.27095500164995,70.7428110939149,83.90502119273069,False,10.857446442824937,59.20501842911526,1.0,59.20501842911526,B,24.475949351057523,-10.851390624336851,上,5,5005,5181,176,0.03397027600849257,5181,0,0,1,0,0,0,5181,5181,0,0,0,0,0,0,0,1.0,28,28,0,0,0,"{""eligible"": 5005, ""historical_ST"": 174, ""new_listing_age_le_20"": 1, ""unmatched_or_special_limit_regime"": 1}",0.0,1.0,84,108,24,1,6,7,0.6666666666666666,0.028913063556019275,0.03911070503288012,2082712144064.0,0.8571518089835417,0.17391304347826086,0.4,0.0,2026-03-24,F1-formal-live-v1,F1-2025-a5-v1,d8ea4bf3c634204d1f9009d9f82093d593f4f3a7742ef98d3ba53907a56c7c63,2026-03-24 market close,post-close research convention; provider first-publication timestamp unverified,,OK
5005,84,17,1,101,23,8,0.8333333333333334,84,0,0,84,0,19,78,78,2,4,4,1,1,1,1,1,1,0.029527659471098436,0.04981726662999538,84,0.06948610573363806,0.08707709340516534,6,91.66666666666667,6,6,0,12,73,5,24,0,4,0,5,5,0.016822429906542258,2179631929456.0002,5182,5182,True,16.783216783216783,0.1998001998001998,13.986013986013987,20260325,84,17,1,1,23,0.24358974358974358,0.6666666666666666,2423851996602.45,0.8992429952452637,-0.10620198598885394,0.4409329232164885,0.8245489628211596,0.10630658757414924,100.0,False,True,False,False,False,78.53066403035001,False,False,False,False,False,100.0,False,True,False,False,False,100.0,False,True,False,False,False,100.0,False,True,False,False,False,86.02605095465145,False,False,False,False,False,100.0,False,True,False,False,False,0.0,True,False,False,False,False,11.57817938335786,False,False,False,False,False,22.21312379049217,False,False,False,False,False,100.0,94.48157291152268,94.41042038186058,88.42182061664214,False,22.21312379049217,86.95887125580242,1.0,86.95887125580242,S,27.753852826687158,55.20352948426539,上,5,5005,5182,177,0.03415669625627171,5182,0,0,1,0,0,0,5180,5180,0,2,0,0,0,0,0,1.0,84,84,0,0,0,"{""eligible"": 5005, ""historical_ST"": 173, ""new_listing_age_le_20"": 3, ""unmatched_or_special_limit_regime"": 1}",0.0,1.0,84,101,17,1,23,8,0.8333333333333334,0.029527659471098436,0.04981726662999538,2179631929456.0002,0.8992429952452637,0.24358974358974358,0.6666666666666666,0.0,2026-03-25,F1-formal-live-v1,F1-2025-a5-v1,d8ea4bf3c634204d1f9009d9f82093d593f4f3a7742ef98d3ba53907a56c7c63,2026-03-25 market close,post-close research convention; provider first-publication timestamp unverified,,OK
5003,39,20,9,59,10,3,0.5,84,1,0,83,0,6,60,61,4,19,19,0,2,2,0,2,2,0.01529266725678577,0.0039281627148564395,83,0.025437858694220845,0.01567791459814589,23,50.0,4,4,0,12,41,3,9,5,9,2,22,22,-0.01632653061224487,1943452612141.9998,5181,5181,True,7.795322806316211,1.798920647611433,3.8976614031581054,20260326,39,20,9,1,10,0.1,0.17391304347826086,2409721806686.0,0.8065049694739482,-0.21504521965786805,0.25254998719730304,0.6178422053366968,0.11344688428672195,0.0,True,False,False,False,False,18.73886948924613,False,False,False,False,False,15.167269217507501,False,False,False,False,False,31.74776042877293,False,False,False,False,False,31.368787970367652,False,False,False,False,False,0.0,True,False,False,False,False,0.668078271106424,False,False,False,False,False,38.23527868549011,False,False,False,False,False,14.308599005741934,False,False,False,False,False,0.0,True,False,False,False,False,0.0,30.170495664286598,15.675007723514721,85.69140099425806,False,0.0,24.469789807443306,1.0,24.469789807443306,D,-62.489081448359116,-2.0408288858968113,下,5,5003,5181,178,0.034356301872225437,5181,0,0,1,0,0,0,5179,5179,0,2,0,0,0,0,0,1.0,84,83,1,0,0,"{""eligible"": 5003, ""historical_ST"": 174, ""new_listing_age_le_20"": 3, ""unmatched_or_special_limit_regime"": 1}",0.0,1.0,39,59,20,9,10,3,0.5,0.01529266725678577,0.0039281627148564395,1943452612141.9998,0.8065049694739482,0.1,0.17391304347826086,0.09090909090909091,2026-03-26,F1-formal-live-v1,F1-2025-a5-v1,d8ea4bf3c634204d1f9009d9f82093d593f4f3a7742ef98d3ba53907a56c7c63,2026-03-26 market close,post-close research convention; provider first-publication timestamp unverified,,OK
5000,79,17,2,96,11,4,0.5,39,1,0,38,0,8,28,29,0,6,6,3,4,4,0,0,0,0.004277663753507866,0.02077206009604753,38,0.022349229666913616,0.0035958226585217855,10,48.5,10,10,0,13,81,4,12,0,3,3,10,10,0.012406092828938009,1853070652626.0,5177,5177,True,15.8,0.4,7.9,20260327,79,17,2,1,11,0.2857142857142857,0.3,2379982595246.35,0.778606808439366,-0.25024909938040524,0.3337607464197956,0.7860406986018791,0.27087105838276615,29.33166812799861,False,False,False,False,False,0.0,True,False,False,False,False,56.77986315572677,False,False,False,False,False,24.82226680664891,False,False,False,False,False,14.241707558353713,False,False,False,False,False,24.053797567690744,False,False,False,False,False,92.06692680703514,False,False,False,False,False,4.767511066871088,False,False,False,False,False,74.50694527790584,False,False,False,False,False,0.0,True,False,False,False,False,29.33166812799861,32.21804309755955,65.65306564282082,25.493054722094158,False,0.0,34.14566332043317,1.0,34.14566332043317,D,9.675873512989867,-6.218740650074679,上,5,5000,5177,177,0.03418968514583736,5177,0,0,1,0,0,0,5175,5175,0,2,0,0,0,0,0,1.0,39,38,1,0,0,"{""eligible"": 5000, ""historical_ST"": 173, ""new_listing_age_le_20"": 3, ""unmatched_or_special_limit_regime"": 1}",0.0,1.0,79,96,17,2,11,4,0.5,0.004277663753507866,0.02077206009604753,1853070652626.0,0.778606808439366,0.2857142857142857,0.3,0.3,2026-03-27,F1-formal-live-v1,F1-2025-a5-v1,d8ea4bf3c634204d1f9009d9f82093d593f4f3a7742ef98d3ba53907a56c7c63,2026-03-27 market close,post-close research convention; provider first-publication timestamp unverified,,OK
4998,63,18,11,81,14,5,0.6666666666666666,79,0,0,79,0,11,68,68,2,8,8,0,0,0,1,3,3,0.0093396693240352,0.019018680029722995,79,0.03157152568723573,0.018497026057128885,11,60.90909090909091,11,11,0,15,64,0,11,3,6,2,11,11,0.002218530823182019,1915659167355.0,5174,5174,True,12.605042016806722,2.2008803521408566,8.403361344537814,20260330,63,18,11,1,14,0.16176470588235295,0.2727272727272727,2348281479789.75,0.8157706747857654,-0.2036219993177495,0.2834399193710045,0.7267238126833369,0.1914416172338433,0.0,True,False,False,False,False,0.0,True,False,False,False,False,52.44816419864304,False,False,False,False,False,45.501005400828234,False,False,False,False,False,35.365045314684295,False,False,False,False,False,29.17939157069258,False,False,False,False,False,59.834206011229575,False,False,False,False,False,47.851759796272994,False,False,False,False,False,44.133458931583164,False,False,False,False,False,0.0,True,False,False,False,False,0.0,41.61163240714671,45.650788783139134,55.866541068416836,False,0.0,28.702739331466322,1.0,28.702739331466322,D,-5.44292398896685,-6.0263297465914185,下,5,4998,5174,176,0.034016235021260145,5174,0,0,1,0,0,0,5172,5172,0,2,0,0,0,0,0,1.0,79,79,0,0,0,"{""eligible"": 4998, ""historical_ST"": 172, ""new_listing_age_le_20"": 3, ""unmatched_or_special_limit_regime"": 1}",0.0,1.0,63,81,18,11,14,5,0.6666666666666666,0.0093396693240352,0.019018680029722995,1915659167355.0,0.8157706747857654,0.16176470588235295,0.2727272727272727,0.18181818181818182,2026-03-30,F1-formal-live-v1,F1-2025-a5-v1,d8ea4bf3c634204d1f9009d9f82093d593f4f3a7742ef98d3ba53907a56c7c63,2026-03-30 market close,post-close research convention; provider first-publication timestamp unverified,,OK
4999,53,18,2,71,8,4,0.6666666666666666,63,1,0,62,0,6,48,49,1,11,11,1,2,2,0,1,1,0.014183398998222248,0.013281162199512616,62,-0.0006693400100703517,-0.006281348518242881,14,44.285714285714285,14,14,0,14,59,3,9,1,3,5,13,13,-0.014740108611326685,1992432806901.0,5179,5179,True,10.602120424084816,0.40008001600320064,7.06808028272321,20260331,53,18,2,1,8,0.125,0.14285714285714285,2293051368301.45,0.8689002062683272,-0.14052699774682514,0.2855545449716357,0.7091543277058807,0.3368369930967496,0.0,True,False,False,False,False,14.079566638324218,False,False,False,False,False,38.27371310346816,False,False,False,False,False,0.0,True,False,False,False,False,0.24023282756815206,False,False,False,False,False,15.582581491755906,False,False,False,False,False,50.28697009290878,False,False,False,False,False,4.769425369162258,False,False,False,False,False,99.73204302977088,False,False,False,False,False,14.082168700608502,False,False,False,False,False,0.0,22.56029927218212,47.64111578692987,0.2679569702291218,False,14.082168700608502,17.209659363797353,1.0,17.209659363797353,D,-11.493079967668969,-41.99535906531791,下,5,4999,5179,180,0.034755744352191545,5179,0,0,1,0,0,0,5174,5174,0,5,0,0,0,0,0,1.0,63,62,1,0,0,"{""eligible"": 4999, ""historical_ST"": 173, ""new_listing_age_le_20"": 5, ""unmatched_or_special_limit_regime"": 2}",0.0,1.0,53,71,18,2,8,4,0.6666666666666666,0.014183398998222248,0.013281162199512616,1992432806901.0,0.8689002062683272,0.125,0.14285714285714285,0.38461538461538464,2026-03-31,F1-formal-live-v1,F1-2025-a5-v1,d8ea4bf3c634204d1f9009d9f82093d593f4f3a7742ef98d3ba53907a56c7c63,2026-03-31 market close,post-close research convention; provider first-publication timestamp unverified,,OK
5001,57,38,7,95,5,4,0.5,53,0,0,53,0,4,45,45,0,6,6,1,1,1,0,1,1,0.021420819074466267,-0.0017993548230893287,53,0.056414623904789324,0.008379493223722112,8,55.0,8,8,0,32,84,4,8,2,3,2,8,8,0.015355086372360827,2012230966624.0,5182,5182,True,11.397720455908818,1.3997200559888023,5.698860227954409,20260401,57,38,6,2,5,0.08888888888888889,0.125,2236219144645.4,0.8998362130304908,-0.10554251774087758,0.2944898578173851,0.5892465087148036,0.2356204519801148,2.983081502808691,False,False,False,False,False,44.47918524656927,False,False,False,False,False,1.0175236932496812,False,False,False,False,False,100.0,False,True,False,False,False,21.022843709625143,False,False,False,False,False,1.6401797208038509,False,False,False,False,False,0.0,True,False,False,False,False,28.68480657225525,False,False,False,False,False,61.027260707758956,False,False,False,False,False,22.3693395186996,False,False,False,False,False,2.983081502808691,39.52567250485228,18.484870245257728,38.972739292241044,False,22.3693395186996,22.7008041904781,1.0,22.7008041904781,D,5.491144826680745,-64.25806706532433,上,5,5001,5182,181,0.034928598996526436,5182,0,0,1,0,0,0,5179,5179,0,3,0,0,0,0,0,1.0,53,53,0,0,0,"{""eligible"": 5001, ""historical_ST"": 174, ""new_listing_age_le_20"": 6, ""unmatched_or_special_limit_regime"": 1}",0.0,1.0,57,95,38,7,5,4,0.5,0.021420819074466267,-0.0017993548230893287,2012230966624.0,0.8998362130304908,0.08888888888888889,0.125,0.25,2026-04-01,F1-formal-live-v1,F1-2025-a5-v1,d8ea4bf3c634204d1f9009d9f82093d593f4f3a7742ef98d3ba53907a56c7c63,2026-04-01 market close,post-close research convention; provider first-publication timestamp unverified,,OK
5001,27,19,8,46,6,5,0.6666666666666666,57,0,0,57,0,2,52,52,3,4,4,0,0,0,1,1,1,0.019661875265005842,0.010886299415421788,57,0.07879595481646202,0.10812599832437568,5,95.0,5,5,0,15,36,4,6,0,4,0,5,5,-0.018560179977502922,1842796860826.0,5182,5182,True,5.398920215956808,1.5996800639872024,3.5992801439712054,20260402,27,19,8,2,6,0.038461538461538464,0.8,2218555508181.7,0.8306291431654702,-0.18557186151747193,0.3799058289649129,0.6946375194994021,0.10630658757414924,60.29245735475251,False,False,False,False,False,37.09102476982099,False,False,False,False,False,32.357240786116755,False,False,False,False,False,100.0,False,True,False,False,False,100.0,False,True,False,False,False,0.0,True,False,False,False,False,42.39855487151201,False,False,False,False,False,33.468648380676754,False,False,False,False,False,11.57817938335786,False,False,False,False,False,3.411880604814859,False,False,False,False,False,60.29245735475251,72.45030175183938,31.472332109860012,88.42182061664214,False,3.411880604814859,54.9578914044509,1.0,54.9578914044509,B,32.257087213972795,30.488101597007592,上,5,5001,5182,181,0.034928598996526436,5182,0,0,1,0,0,0,5179,5179,0,3,0,0,0,0,0,1.0,57,57,0,0,0,"{""eligible"": 5001, ""historical_ST"": 174, ""new_listing_age_le_20"": 6, ""unmatched_or_special_limit_regime"": 1}",0.0,1.0,27,46,19,8,6,5,0.6666666666666666,0.019661875265005842,0.010886299415421788,1842796860826.0,0.8306291431654702,0.038461538461538464,0.8,0.0,2026-04-02,F1-formal-live-v1,F1-2025-a5-v1,d8ea4bf3c634204d1f9009d9f82093d593f4f3a7742ef98d3ba53907a56c7c63,2026-04-02 market close,post-close research convention; provider first-publication timestamp unverified,,OK
5002,36,14,28,50,4,6,0.5,27,0,0,27,0,3,21,21,0,2,2,0,3,3,1,1,1,0.01653203074829585,0.0017512649320414989,27,0.0485415398010588,0.002828325198583855,6,49.166666666666664,6,6,0,9,41,2,5,3,4,1,5,5,-0.02295500167280029,1656325418738.9998,5183,5183,True,7.197121151539384,5.597760895641743,3.598560575769692,20260403,36,14,28,2,4,0.14285714285714285,0.16666666666666666,2191203217811.9,0.7558976754301134,-0.2798492619234039,0.3022143347604179,0.6076450270382753,0.20630658757414927,8.165776804877543,False,False,False,False,False,23.944616435254826,False,False,False,False,False,9.789276141959432,False,False,False,False,False,83.5521029828189,False,False,False,False,False,13.153734483983751,False,False,False,False,False,0.0,True,False,False,False,False,0.0,True,False,False,False,False,100.0,False,True,False,False,False,49.817761466499064,False,False,False,False,False,0.0,True,False,False,False,False,8.165776804877543,32.931810229608935,0.0,50.182238533500936,False,0.0,17.95015780796257,1.0,17.95015780796257,D,-37.00773359648833,-16.195505512470604,下,5,5002,5183,181,0.03492185992668339,5183,0,0,1,0,0,0,5180,5180,0,3,0,0,0,0,0,1.0,27,27,0,0,0,"{""eligible"": 5002, ""historical_ST"": 175, ""new_listing_age_le_20"": 5, ""unmatched_or_special_limit_regime"": 1}",0.0,1.0,36,50,14,28,4,6,0.5,0.01653203074829585,0.0017512649320414989,1656325418738.9998,0.7558976754301134,0.14285714285714285,0.16666666666666666,0.2,2026-04-03,F1-formal-live-v1,F1-2025-a5-v1,d8ea4bf3c634204d1f9009d9f82093d593f4f3a7742ef98d3ba53907a56c7c63,2026-04-03 market close,post-close research convention; provider first-publication timestamp unverified,,OK
5001,93,29,4,122,7,7,0.6666666666666666,36,0,0,36,0,4,32,32,2,3,3,0,0,0,1,1,1,0.009498601878352239,0.015558050290867681,36,0.06499703181912653,0.07497899947684739,4,87.5,4,4,0,28,114,1,5,0,3,0,3,3,0.012232415902140747,1614196388152.0,5181,5181,True,18.59628074385123,0.7998400319936012,12.397520495900821,20260407,93,29,4,2,7,0.125,0.75,2164020837189.15,0.7459246049814762,-0.29313074959433605,0.38377810591564915,0.7914221062871158,0.13288323446768655,62.89054026818417,False,False,False,False,False,0.0,True,False,False,False,False,43.89873072522866,False,False,False,False,False,100.0,False,True,False,False,False,100.0,False,True,False,False,False,69.85084641206294,False,False,False,False,False,94.99117693784682,False,False,False,False,False,14.333281146990728,False,False,False,False,False,21.740978087158652,False,False,False,False,False,0.0,True,False,False,False,False,62.89054026818417,67.41069537405488,82.60393020632388,78.25902191284135,False,0.0,63.84934830005333,1.0,63.84934830005333,B,45.89919049209076,35.146608968587,上,5,5001,5181,180,0.03474232773595831,5181,0,0,1,0,0,0,5178,5178,0,3,0,0,0,0,0,1.0,36,36,0,0,0,"{""eligible"": 5001, ""historical_ST"": 174, ""new_listing_age_le_20"": 5, ""unmatched_or_special_limit_regime"": 1}",0.0,1.0,93,122,29,4,7,7,0.6666666666666666,0.009498601878352239,0.015558050290867681,1614196388152.0,0.7459246049814762,0.125,0.75,0.0,2026-04-07,F1-formal-live-v1,F1-2025-a5-v1,d8ea4bf3c634204d1f9009d9f82093d593f4f3a7742ef98d3ba53907a56c7c63,2026-04-07 market close,post-close research convention; provider first-publication timestamp unverified,,OK
5003,122,19,4,141,11,4,0.6666666666666666,93,0,0,93,0,9,86,86,1,4,4,1,2,2,0,1,1,0.010205259199852526,0.017305703149368752,93,0.04599149215413777,0.03487630267347234,7,76.42857142857143,7,7,0,16,127,1,10,2,4,0,6,6,0.03725346968590215,2434169372378.0005,5186,5186,True,24.38536877873276,0.7995202878273037,16.256912519155172,20260408,122,20,4,2,11,0.10465116279069768,0.2857142857142857,2112368435009.7,1.1523412923782033,0.14179577914211883,0.32122804448906583,0.7381667564747417,0.09664235234013567,20.922920727023097,False,False,False,False,False,0.0,True,False,False,False,False,48.21628070193308,False,False,False,False,False,77.8342461088709,False,False,False,False,False,58.58363933801878,False,False,False,False,False,100.0,False,True,False,False,False,66.05228719669438,False,False,False,False,False,14.325631589831552,False,False,False,False,False,7.882616218339389,False,False,False,False,False,80.95916894525256,False,False,False,False,False,20.922920727023097,53.87840894183266,84.53689262138514,92.1173837816606,False,80.95916894525256,60.919238840192975,1.0,60.919238840192975,B,-2.930109459860354,43.70957947639562,下,5,5003,5186,183,0.03528731199382954,5186,0,0,1,0,0,0,5184,5184,0,2,0,0,0,0,0,1.0,93,93,0,0,0,"{""eligible"": 5003, ""historical_ST"": 176, ""new_listing_age_le_20"": 6, ""unmatched_or_special_limit_regime"": 1}",0.0,1.0,122,141,19,4,11,4,0.6666666666666666,0.010205259199852526,0.017305703149368752,2434169372378.0005,1.1523412923782033,0.10465116279069768,0.2857142857142857,0.0,2026-04-08,F1-formal-live-v1,F1-2025-a5-v1,d8ea4bf3c634204d1f9009d9f82093d593f4f3a7742ef98d3ba53907a56c7c63,2026-04-08 market close,post-close research convention; provider first-publication timestamp unverified,,OK
5004,54,18,2,72,13,5,0.6666666666666666,122,0,0,122,0,11,111,111,1,9,9,0,1,1,1,1,1,0.009911171187936513,0.018278533597970284,122,0.041136820805943615,0.016459018412769855,11,59.54545454545455,11,11,0,10,51,5,16,3,5,1,11,11,-0.0158200040043604,2133919501797.0,5187,5187,True,10.79136690647482,0.3996802557953637,7.194244604316546,20260409,54,18,2,2,13,0.0990990990990991,0.18181818181818182,2114192268550.85,1.0093308605558717,0.0092875969924718,0.29818422317639753,0.64943127858664,0.1289416172338433,5.461795612706995,False,False,False,False,False,0.0,True,False,False,False,False,50.619643623960606,False,False,False,False,False,66.94883540976252,False,False,False,False,False,32.476048857807285,False,False,False,False,False,16.867279049820024,False,False,False,False,False,17.83354072747896,False,False,False,False,False,4.759861508794695,False,False,False,False,False,20.23372012961992,False,False,False,False,False,49.57045200327806,False,False,False,False,False,5.461795612706995,43.22788532362047,36.79868549734697,79.76627987038009,False,49.57045200327806,38.10305583139451,1.0,38.10305583139451,C,-22.81618300879847,15.402251640916408,下,5,5004,5187,183,0.035280508964719494,5187,0,0,1,0,0,0,5186,5186,0,1,0,0,0,0,0,1.0,122,122,0,0,0,"{""eligible"": 5004, ""historical_ST"": 176, ""new_listing_age_le_20"": 6, ""unmatched_or_special_limit_regime"": 1}",0.0,1.0,54,72,18,2,13,5,0.6666666666666666,0.009911171187936513,0.018278533597970284,2133919501797.0,1.0093308605558717,0.0990990990990991,0.18181818181818182,0.09090909090909091,2026-04-09,F1-formal-live-v1,F1-2025-a5-v1,d8ea4bf3c634204d1f9009d9f82093d593f4f3a7742ef98d3ba53907a56c7c63,2026-04-09 market close,post-close research convention; provider first-publication timestamp unverified,,OK
5005,59,28,8,87,12,4,0.6666666666666666,54,0,0,54,0,8,41,41,3,11,11,1,1,1,0,1,1,0.017678105735042988,0.017463921219881554,54,0.030149716730718208,0.03918721373589616,13,70.76923076923077,13,13,0,26,73,1,9,1,5,0,12,12,0.007913369429404238,2322709926538.0,5190,5190,True,11.78821178821179,1.5984015984015985,7.858807858807859,20260410,59,28,8,2,12,0.1951219512195122,0.3076923076923077,2095478293119.1,1.1084390299651674,0.10295274627482473,0.35916721105302657,0.7588338059122809,0.06253328680832308,46.37799577813029,False,False,False,False,False,28.758520026110567,False,False,False,False,False,48.60715605417131,False,False,False,False,False,42.31294727756905,False,False,False,False,False,64.69461091348175,False,False,False,False,False,23.634349006222227,False,False,False,False,False,77.28273572543404,False,False,False,False,False,33.43806237910443,False,False,False,False,False,0.0,True,False,False,False,False,71.75797892015375,False,False,False,False,False,46.37799577813029,53.469069260177335,53.14318151161469,100.0,False,71.75797892015375,61.21416332322928,1.0,61.21416332322928,B,23.111107491834773,6.256271918778381,上,5,5005,5190,185,0.03564547206165703,5190,0,0,1,0,0,0,5187,5187,0,3,0,0,0,0,0,1.0,54,54,0,0,0,"{""eligible"": 5005, ""historical_ST"": 176, ""new_listing_age_le_20"": 8, ""unmatched_or_special_limit_regime"": 1}",0.0,1.0,59,87,28,8,12,4,0.6666666666666666,0.017678105735042988,0.017463921219881554,2322709926538.0,1.1084390299651674,0.1951219512195122,0.3076923076923077,0.0,2026-04-10,F1-formal-live-v1,F1-2025-a5-v1,d8ea4bf3c634204d1f9009d9f82093d593f4f3a7742ef98d3ba53907a56c7c63,2026-04-10 market close,post-close research convention; provider first-publication timestamp unverified,,OK
5004,58,17,4,75,8,5,0.8333333333333334,59,0,0,59,0,4,47,47,2,8,8,1,3,3,1,1,1,0.007837105259148519,0.023088485483577687,59,0.024198909916307475,0.03578383410152971,12,67.08333333333333,12,12,0,12,62,3,7,2,6,1,12,12,-0.0018418455347383733,2150173211444.9998,5188,5188,True,11.590727418065548,0.7993605115907274,9.658939515054623,20260413,59,17,4,1,8,0.0851063829787234,0.3333333333333333,2089530223712.85,1.0290223070448794,0.02860913498902887,0.329913209720119,0.6948963143215005,0.1213568162200878,26.75018454988566,False,False,False,False,False,0.0,True,False,False,False,False,62.502557070207175,False,False,False,False,False,28.969721440044648,False,False,False,False,False,59.87011885021259,False,False,False,False,False,41.964608415283884,False,False,False,False,False,42.539183650567466,False,False,False,False,False,14.321809104284682,False,False,False,False,False,17.333323920121966,False,False,False,False,False,54.14736398877804,False,False,False,False,False,26.75018454988566,48.39993299033395,53.094105367740994,82.66667607987803,False,54.14736398877804,49.77899068882879,1.0,49.77899068882879,C,-11.435172634400487,31.828832880866223,下,5,5004,5188,184,0.03546646106399383,5188,0,0,1,0,0,0,5185,5185,0,3,0,0,0,0,0,1.0,59,59,0,0,0,"{""eligible"": 5004, ""historical_ST"": 175, ""new_listing_age_le_20"": 8, ""unmatched_or_special_limit_regime"": 1}",0.0,1.0,58,75,17,4,8,5,0.8333333333333334,0.007837105259148519,0.023088485483577687,2150173211444.9998,1.0290223070448794,0.0851063829787234,0.3333333333333333,0.08333333333333333,2026-04-13,F1-formal-live-v1,F1-2025-a5-v1,d8ea4bf3c634204d1f9009d9f82093d593f4f3a7742ef98d3ba53907a56c7c63,2026-04-13 market close,post-close research convention; provider first-publication timestamp unverified,,OK
5005,54,19,4,73,9,6,0.8333333333333334,58,0,0,58,0,5,50,50,1,4,4,2,2,2,1,2,2,0.02181498127864348,0.023891048287924568,58,0.03476562811377855,0.051616808706137426,8,93.75,4,4,0,15,60,4,9,0,4,0,7,7,0.006451612903225712,2383550274290.0,5190,5190,True,10.78921078921079,0.7992007992007992,8.991008991008991,20260414,55,19,4,1,10,0.11764705882352941,0.5,2077034607538.15,1.1475736926286242,0.13764988104620104,0.3738873914108082,0.7569907513513118,0.0885888229784577,56.25441979344073,False,False,False,False,False,46.134800168812525,False,False,False,False,False,64.48527635015826,False,False,False,False,False,52.662997270961874,False,False,False,False,False,82.31429743862083,False,False,False,False,False,35.16325045321459,False,False,False,False,False,76.28122220773632,False,False,False,False,False,14.317988146204568,False,False,False,False,False,4.802980247490665,False,False,False,False,False,79.97708301144911,False,False,False,False,False,56.25441979344073,70.95435643109302,62.184230917442406,95.19701975250933,False,79.97708301144911,69.96509298009843,1.0,69.96509298009843,A,20.18610229126964,6.115744680045104,上,5,5005,5190,185,0.03564547206165703,5190,0,0,1,0,0,0,5187,5187,0,3,0,0,0,0,0,1.0,58,58,0,0,0,"{""eligible"": 5005, ""historical_ST"": 176, ""new_listing_age_le_20"": 8, ""unmatched_or_special_limit_regime"": 1}",0.0,1.0,54,73,19,4,9,6,0.8333333333333334,0.02181498127864348,0.023891048287924568,2383550274290.0,1.1475736926286242,0.1,0.5,0.0,2026-04-14,F1-formal-live-v1,F1-2025-a5-v1,d8ea4bf3c634204d1f9009d9f82093d593f4f3a7742ef98d3ba53907a56c7c63,2026-04-14 market close,post-close research convention; provider first-publication timestamp unverified,,OK
5004,56,27,9,83,11,5,0.6666666666666666,54,0,0,54,0,8,45,45,2,5,5,0,1,1,1,3,3,0.028993171023898725,0.009094816827530276,54,0.0474607925684344,0.026812830598243687,9,43.75,4,4,1,22,67,2,10,3,6,1,8,8,-0.007062058188440967,2415059249007.0,5188,5188,True,11.191047162270184,1.7985611510791368,7.4606981081801225,20260415,57,28,9,1,11,0.17777777777777778,0.3,2079956034440.45,1.1611107201391877,0.14937706435231324,0.3431226260195983,0.6673170520085483,0.1586973750570379,35.61296973304708,False,False,False,False,False,76.285631301254,False,False,False,False,False,27.931410125300403,False,False,False,False,False,81.12879218683318,False,False,False,False,False,47.15319042879067,False,False,False,False,False,19.580503846086387,False,False,False,False,False,27.55264738653567,False,False,False,False,False,38.22667809300967,False,False,False,False,False,31.612197566881132,False,False,False,False,False,82.75503401304456,False,False,False,False,False,35.61296973304708,51.106940334475425,32.91895860046962,68.38780243311886,True,50.0,45.51843620579845,1.0,45.51843620579845,C,-24.44665677429998,-15.400802634394523,下,5,5004,5188,184,0.03546646106399383,5188,0,0,1,0,0,0,5186,5186,0,2,0,0,0,0,0,1.0,54,54,0,0,0,"{""eligible"": 5004, ""historical_ST"": 175, ""new_listing_age_le_20"": 8, ""unmatched_or_special_limit_regime"": 1}",0.0,1.0,56,83,27,9,11,5,0.6666666666666666,0.028993171023898725,0.009094816827530276,2415059249007.0,1.1611107201391877,0.17777777777777778,0.3333333333333333,0.125,2026-04-15,F1-formal-live-v1,F1-2025-a5-v1,d8ea4bf3c634204d1f9009d9f82093d593f4f3a7742ef98d3ba53907a56c7c63,2026-04-15 market close,post-close research convention; provider first-publication timestamp unverified,,OK
5005,79,22,2,101,8,6,0.8333333333333334,56,0,0,56,0,5,45,45,1,8,8,1,2,2,1,1,1,0.010430977694410459,0.018782336187094233,56,0.0073398806752614084,0.030343527004111068,11,60.0,11,11,0,17,88,2,7,3,6,2,10,10,0.011231448054552784,2341504639484.0,5191,5191,True,15.784215784215784,0.3996003996003996,13.153513153513153,20260416,79,22,2,1,8,0.10869565217391304,0.2727272727272727,2090323850449.05,1.1201635760798454,0.11347472471402038,0.3280008688332593,0.6749967603178566,0.2042043917160995,25.467109954236637,False,False,False,False,False,0.0,True,False,False,False,False,51.86428030701524,False,False,False,False,False,0.0,True,False,False,False,False,52.158161551000205,False,False,False,False,False,77.5489175377453,False,False,False,False,False,31.72579117002926,False,False,False,False,False,4.757951029754637,False,False,False,False,False,49.01389055581172,False,False,False,False,False,74.25043936704512,False,False,False,False,False,25.467109954236637,38.400641199393704,65.9341061671697,50.98610944418828,False,74.25043936704512,47.00743035022733,1.0,47.00743035022733,C,1.4889941444288795,8.904374518832824,平,5,5005,5191,186,0.035831246387979195,5191,0,0,1,0,0,0,5187,5187,0,4,0,0,0,0,0,1.0,56,56,0,0,0,"{""eligible"": 5005, ""historical_ST"": 175, ""new_listing_age_le_20"": 10, ""unmatched_or_special_limit_regime"": 1}",0.0,1.0,79,101,22,2,8,6,0.8333333333333334,0.010430977694410459,0.018782336187094233,2341504639484.0,1.1201635760798454,0.1111111111111111,0.2727272727272727,0.2,2026-04-16,F1-formal-live-v1,F1-2025-a5-v1,d8ea4bf3c634204d1f9009d9f82093d593f4f3a7742ef98d3ba53907a56c7c63,2026-04-16 market close,post-close research convention; provider first-publication timestamp unverified,,OK
5006,69,21,3,90,13,7,1.0,79,0,0,79,0,8,71,71,2,5,5,1,1,1,2,2,2,0.02028202096221607,0.022013861800414862,79,0.03243934201994439,0.04724378390880067,8,100.0,3,3,0,18,74,3,11,0,5,0,7,7,-0.003510826245942622,2425370800663.0,5190,5190,True,13.783459848182183,0.5992808629644426,13.783459848182183,20260417,69,21,3,1,13,0.11267605633802817,0.625,2105105384029.15,1.152137474476867,0.1416188906371787,0.41014830649471873,0.799362003931769,0.0885888229784577,80.5834812483534,False,False,False,False,False,39.695846996268116,False,False,False,False,False,59.84771550047741,False,False,False,False,False,47.44687083957555,False,False,False,False,False,76.11527596767117,False,False,False,False,False,83.96349631985488,False,False,False,False,False,99.30570727713052,False,False,False,False,False,9.535105014333043,False,False,False,False,False,4.802980247490665,False,False,False,False,False,80.91726735757865,False,False,False,False,False,80.5834812483534,68.34155711026901,90.95861982135436,95.19701975250933,False,80.91726735757865,82.64131710783033,1.0,82.64131710783033,S,35.633886757603,21.427153784601053,上,5,5006,5190,184,0.035452793834296725,5190,0,0,1,0,0,0,5187,5187,0,3,0,0,0,0,0,1.0,79,79,0,0,0,"{""eligible"": 5006, ""historical_ST"": 172, ""new_listing_age_le_20"": 11, ""unmatched_or_special_limit_regime"": 1}",0.0,1.0,69,90,21,3,13,7,1.0,0.02028202096221607,0.022013861800414862,2425370800663.0,1.152137474476867,0.11267605633802817,0.625,0.0,2026-04-17,F1-formal-live-v1,F1-2025-a5-v1,d8ea4bf3c634204d1f9009d9f82093d593f4f3a7742ef98d3ba53907a56c7c63,2026-04-17 market close,post-close research convention; provider first-publication timestamp unverified,,OK
5003,75,15,6,90,15,6,0.6666666666666666,69,0,0,69,0,11,56,56,3,8,8,0,2,2,1,3,3,0.029147563848252823,0.03252642769130229,69,0.057591247680123435,0.03473323940529998,13,70.0,3,3,0,11,71,1,12,3,7,1,11,11,0.004568296025582397,2578602743295.0,5185,5185,True,14.991005396761942,1.1992804317409553,9.994003597841294,20260420,76,15,6,1,15,0.19642857142857142,0.3076923076923077,2120835998509.7,1.2158425946687863,0.19543732999153024,0.32974926412148575,0.7420758946041044,0.1289416172338433,26.64018615257051,False,False,False,False,False,76.93413351983051,False,False,False,False,False,85.81885066986891,False,False,False,False,False,100.0,False,True,False,False,False,58.38083868807854,False,False,False,False,False,45.37647639439855,False,False,False,False,False,68.17650791268105,False,False,False,False,False,23.889490428094973,False,False,False,False,False,20.23372012961992,False,False,False,False,False,93.66585187324858,False,False,False,False,False,26.64018615257051,76.66596164843791,61.03999572017405,79.76627987038009,False,93.66585187324858,61.703072421940995,1.0,61.703072421940995,B,-20.938244685889337,11.924081733112203,下,5,5003,5185,182,0.035101253616200576,5185,0,0,1,0,0,0,5182,5182,0,3,0,0,0,0,0,1.0,69,69,0,0,0,"{""eligible"": 5003, ""historical_ST"": 170, ""new_listing_age_le_20"": 11, ""unmatched_or_special_limit_regime"": 1}",0.0,1.0,75,90,15,6,15,6,0.6666666666666666,0.029147563848252823,0.03252642769130229,2578602743295.0,1.2158425946687863,0.19642857142857142,0.3076923076923077,0.09090909090909091,2026-04-20,F1-formal-live-v1,F1-2025-a5-v1,d8ea4bf3c634204d1f9009d9f82093d593f4f3a7742ef98d3ba53907a56c7c63,2026-04-20 market close,post-close research convention; provider first-publication timestamp unverified,,OK
5004,53,11,9,64,8,4,0.6666666666666666,75,0,0,75,0,4,60,60,3,11,11,1,3,3,0,1,1,0.01426353599701573,0.0041765184005804245,75,0.02953129963480888,0.014995964052283732,15,63.333333333333336,15,15,0,9,54,1,5,1,5,1,14,14,-0.005067359682702222,2408352002627.0,5190,5190,True,10.591526778577139,1.7985611510791368,7.061017852384759,20260421,53,11,9,1,8,0.06557377049180328,0.26666666666666666,2135436419180.9,1.127803188610403,0.12027165967051148,0.29414021825794157,0.7716936778196942,0.10858241451271014,2.748492764243035,False,False,False,False,False,14.416169208586451,False,False,False,False,False,15.780828185981186,False,False,False,False,False,40.92629850373867,False,False,False,False,False,30.402082709857826,False,False,False,False,False,15.510666651686844,False,False,False,False,False,84.27077385728586,False,False,False,False,False,38.22667809300967,False,False,False,False,False,12.448446093599093,False,False,False,False,False,75.8605064886465,False,False,False,False,False,2.748492764243035,34.04143833093621,51.14236798747237,87.55155390640091,False,75.8605064886465,42.71407576618584,1.0,42.71407576618584,C,-18.98899665575515,-27.25101721391259,下,5,5004,5190,186,0.035838150289017344,5190,0,0,1,0,0,0,5185,5185,0,5,0,0,0,0,0,1.0,75,75,0,0,0,"{""eligible"": 5004, ""historical_ST"": 172, ""new_listing_age_le_20"": 13, ""unmatched_or_special_limit_regime"": 1}",0.0,1.0,53,64,11,9,8,4,0.6666666666666666,0.01426353599701573,0.0041765184005804245,2408352002627.0,1.127803188610403,0.06666666666666667,0.26666666666666666,0.07142857142857142,2026-04-21,F1-formal-live-v1,F1-2025-a5-v1,d8ea4bf3c634204d1f9009d9f82093d593f4f3a7742ef98d3ba53907a56c7c63,2026-04-21 market close,post-close research convention; provider first-publication timestamp unverified,,OK
5000,54,25,4,79,8,4,0.5,53,0,0,53,0,6,45,45,0,4,4,2,3,3,0,1,1,0.019965892225292527,0.02543570185748844,53,0.036591968168569036,0.04270471104122528,8,71.25,8,8,0,19,65,3,9,3,5,0,8,8,0.001124965092017871,2559540398892.9995,5189,5189,True,10.8,0.8,5.4,20260422,54,25,4,0,8,0.13333333333333333,0.25,2134296033420.45,1.1992433846166353,0.18169084511768402,0.31119233346314606,0.6279035071390733,0.08177429813396095,14.189515634285014,False,False,False,False,False,38.36799909848943,False,False,False,False,False,68.30131965123287,False,False,False,False,False,56.758117238253114,False,False,False,False,False,69.68087152947973,False,False,False,False,False,0.0,True,False,False,False,False,6.1353769469622605,False,False,False,False,False,14.33710822043747,False,False,False,False,False,2.19713442600328,False,False,False,False,False,90.40956599223786,False,False,False,False,False,14.189515634285014,62.92281600660038,23.563104876327422,97.80286557399673,False,90.40956599223786,49.50661057831123,1.0,49.50661057831123,C,6.792534812125389,3.9881743725127805,上,5,5000,5189,189,0.036423202929273465,5189,0,0,2,0,0,0,5184,5184,0,5,0,0,0,0,0,1.0,53,53,0,0,0,"{""eligible"": 5000, ""historical_ST"": 175, ""new_listing_age_le_20"": 13, ""unmatched_or_special_limit_regime"": 1}",0.0,1.0,54,79,25,4,8,4,0.5,0.019965892225292527,0.02543570185748844,2559540398892.9995,1.1992433846166353,0.13333333333333333,0.25,0.0,2026-04-22,F1-formal-live-v1,F1-2025-a5-v1,d8ea4bf3c634204d1f9009d9f82093d593f4f3a7742ef98d3ba53907a56c7c63,2026-04-22 market close,post-close research convention; provider first-publication timestamp unverified,,OK
4998,50,23,15,73,9,5,0.6666666666666666,54,0,0,54,0,5,46,46,3,6,6,0,0,0,1,2,2,0.024211441657933666,0.0188554958201215,54,0.07669844225695127,0.08233482880772115,8,82.5,8,8,0,18,59,1,6,4,8,0,8,8,-0.01301911751774315,2804250375256.9995,5187,5187,True,10.004001600640256,3.001200480192077,6.669334400426838,20260423,50,23,15,0,9,0.10869565217391304,0.5,2158137446161.9,1.299384513365526,0.2618907010967686,0.3413080893785739,0.6646329471320134,0.08177429813396095,34.39551635798699,False,False,False,False,False,56.20074642766218,False,False,False,False,False,52.0450200748336,False,False,False,False,False,100.0,False,True,False,False,False,100.0,False,True,False,False,False,11.522258772901537,False,False,False,False,False,26.094108190954508,False,False,False,False,False,66.9986128446251,False,False,False,False,False,2.19713442600328,False,False,False,False,False,100.0,False,True,False,False,False,34.39551635798699,77.10792424638602,21.992188164838417,97.80286557399673,False,100.0,58.988146008712384,1.0,58.988146008712384,B,9.481535430401152,11.980715658485053,上,5,4998,5187,189,0.03643724696356275,5187,0,0,2,0,0,0,5184,5184,0,3,0,0,0,0,0,1.0,54,54,0,0,0,"{""eligible"": 4998, ""historical_ST"": 177, ""new_listing_age_le_20"": 11, ""unmatched_or_special_limit_regime"": 1}",0.0,1.0,50,73,23,15,9,5,0.6666666666666666,0.024211441657933666,0.0188554958201215,2804250375256.9995,1.299384513365526,0.10869565217391304,0.5,0.0,2026-04-23,F1-formal-live-v1,F1-2025-a5-v1,d8ea4bf3c634204d1f9009d9f82093d593f4f3a7742ef98d3ba53907a56c7c63,2026-04-23 market close,post-close research convention; provider first-publication timestamp unverified,,OK
4995,59,24,23,83,8,3,0.5,50,0,0,50,0,6,41,41,2,5,5,0,3,3,0,1,1,0.010621021177489776,0.0006592657203103136,50,0.02401864996467979,-0.02410999595555727,9,41.111111111111114,9,9,0,18,69,5,11,1,3,4,8,8,-0.005286343612334821,2641492647828.0,5187,5187,True,11.811811811811813,4.604604604604604,5.9059059059059065,20260424,59,24,23,0,8,0.14634146341463414,0.2222222222222222,2189368368451.95,1.206509003186036,0.1877310682896996,0.30564921543966606,0.679648087426279,0.3894666058262687,10.470391096666331,False,False,False,False,False,0.0,True,False,False,False,False,7.091508591477473,False,False,False,False,False,28.56553267723609,False,False,False,False,False,0.0,True,False,False,False,False,3.74847050787267,False,False,False,False,False,34.253316438662345,False,False,False,False,False,100.0,False,True,False,False,False,100.0,False,True,False,False,False,91.84038220552372,False,False,False,False,False,10.470391096666331,15.978914414545425,13.488048956680888,0.0,True,50.0,15.012211609346494,1.0,15.012211609346494,D,-43.97593439936589,-67.62910549848384,下,5,4995,5187,192,0.03701561596298438,5187,0,0,2,0,0,0,5184,5184,0,3,0,0,0,0,0,1.0,50,50,0,0,0,"{""eligible"": 4995, ""historical_ST"": 179, ""new_listing_age_le_20"": 12, ""unmatched_or_special_limit_regime"": 1}",0.0,1.0,59,83,24,23,8,3,0.5,0.010621021177489776,0.0006592657203103136,2641492647828.0,1.206509003186036,0.14634146341463414,0.2222222222222222,0.5,2026-04-24,F1-formal-live-v1,F1-2025-a5-v1,d8ea4bf3c634204d1f9009d9f82093d593f4f3a7742ef98d3ba53907a56c7c63,2026-04-24 market close,post-close research convention; provider first-publication timestamp unverified,,OK
4988,65,24,35,89,9,4,0.6666666666666666,59,0,0,59,0,6,51,51,2,6,6,1,2,2,0,0,0,0.011958572578880191,0.010783065181236803,59,0.02866445767500253,0.004768634272586683,8,50.625,8,8,0,21,77,2,8,1,4,2,8,8,0.006896551724137945,2589110923494.0,5185,5185,True,13.031275060144345,7.016840417000802,8.687516706762896,20260427,65,24,35,0,9,0.11764705882352941,0.375,2224270370236.25,1.164027070692399,0.15188560564740552,0.32060658476781356,0.734332465010001,0.2356204519801148,20.505955746544487,False,False,False,False,False,4.734541214202955,False,False,False,False,False,32.10220217062033,False,False,False,False,False,38.98261785742218,False,False,False,False,False,15.904237435018292,False,False,False,False,False,32.07286965824621,False,False,False,False,False,63.96873806361199,False,False,False,False,False,100.0,False,True,False,False,False,61.027260707758956,False,False,False,False,False,83.34926065906392,False,False,False,False,False,20.505955746544487,29.915761476614296,35.21820618556268,38.972739292241044,False,83.34926065906392,35.92679936534896,1.0,35.92679936534896,C,20.91458775600247,-25.776273056592032,上,5,4988,5185,197,0.03799421407907425,5185,0,0,2,0,0,0,5182,5182,0,3,0,0,0,0,0,1.0,59,59,0,0,0,"{""eligible"": 4988, ""historical_ST"": 184, ""new_listing_age_le_20"": 12, ""unmatched_or_special_limit_regime"": 1}",0.0,1.0,65,89,24,35,9,4,0.6666666666666666,0.011958572578880191,0.010783065181236803,2589110923494.0,1.164027070692399,0.11764705882352941,0.375,0.25,2026-04-27,F1-formal-live-v1,F1-2025-a5-v1,d8ea4bf3c634204d1f9009d9f82093d593f4f3a7742ef98d3ba53907a56c7c63,2026-04-27 market close,post-close research convention; provider first-publication timestamp unverified,,OK
4978,58,13,29,71,11,5,0.8333333333333334,65,1,0,64,0,8,56,56,1,5,6,1,2,2,1,1,1,0.016192789639798345,0.018206106469483042,64,0.008771145155335877,0.02525052638986873,8,66.875,8,9,0,10,57,3,11,0,3,1,8,9,-0.011191029227365867,2535946662286.0005,5178,5178,True,11.651265568501406,5.825632784250703,9.709387973751172,20260428,58,13,29,0,11,0.14285714285714285,0.375,2261072383779.65,1.1215681021440214,0.11472779729322392,0.35445042876411215,0.7952280466781165,0.1586973750570379,43.21329665482105,False,False,False,False,False,22.519688739208423,False,False,False,False,False,50.440713497538894,False,False,False,False,False,0.0,True,False,False,False,False,44.93853174728273,False,False,False,False,False,42.47831158331945,False,False,False,False,False,97.05932013331177,False,False,False,False,False,100.0,False,True,False,False,False,31.612197566881132,False,False,False,False,False,74.5472688900096,False,False,False,False,False,43.21329665482105,41.86476310461205,50.962086679986896,68.38780243311886,True,50.0,49.585404983992085,1.0,49.585404983992085,C,13.658605618643122,6.871329217806242,上,5,4978,5178,200,0.03862495171881035,5178,0,0,2,0,0,0,5177,5177,0,1,0,0,0,0,0,1.0,65,64,1,0,0,"{""eligible"": 4978, ""historical_ST"": 187, ""new_listing_age_le_20"": 12, ""unmatched_or_special_limit_regime"": 1}",0.0,1.0,58,71,13,29,11,5,0.8333333333333334,0.016192789639798345,0.018206106469483042,2535946662286.0005,1.1215681021440214,0.14285714285714285,0.375,0.125,2026-04-28,F1-formal-live-v1,F1-2025-a5-v1,d8ea4bf3c634204d1f9009d9f82093d593f4f3a7742ef98d3ba53907a56c7c63,2026-04-28 market close,post-close research convention; provider first-publication timestamp unverified,,OK
4949,101,22,13,123,11,3,0.5,58,1,0,57,0,9,47,47,2,7,8,0,1,1,0,2,2,-0.0010852205750787427,0.011716697556145428,57,0.001973701847993037,0.02664760951477011,10,55.0,3,3,0,21,111,1,10,0,2,1,9,10,0.01128991490437281,2589918619647.0005,5152,5152,True,20.408163265306122,2.6267932915740553,10.204081632653061,20260429,101,22,13,0,11,0.19148936170212766,0.2,2292086758526.2,1.1299391744282423,0.1221638033358651,0.3105825026109549,0.8162024798467613,0.14736184826724946,13.780352979516703,False,False,False,False,False,0.0,True,False,False,False,False,34.408726843943924,False,False,False,False,False,0.0,True,False,False,False,False,46.91897976423417,False,False,False,False,False,47.51564486070639,False,False,False,False,False,100.0,False,True,False,False,False,58.04129792844057,False,False,False,False,False,27.277539495543518,False,False,False,False,False,76.30872003260909,False,False,False,False,False,13.780352979516703,31.86108019303572,64.49593346217242,72.72246050445648,False,76.30872003260909,45.83970228316687,1.0,45.83970228316687,C,-3.7457027008252126,-3.66690829514436,下,5,4949,5152,203,0.03940217391304348,5152,0,0,2,0,0,0,5151,5151,0,1,0,0,0,0,0,1.0,58,57,1,0,0,"{""eligible"": 4949, ""historical_ST"": 192, ""new_listing_age_le_20"": 10, ""unmatched_or_special_limit_regime"": 1}",0.0,1.0,101,123,22,13,11,3,0.5,-0.0010852205750787427,0.011716697556145428,2589918619647.0005,1.1299391744282423,0.19148936170212766,0.2,0.1111111111111111,2026-04-29,F1-formal-live-v1,F1-2025-a5-v1,d8ea4bf3c634204d1f9009d9f82093d593f4f3a7742ef98d3ba53907a56c7c63,2026-04-29 market close,post-close research convention; provider first-publication timestamp unverified,,OK
4922,78,16,10,94,17,4,0.6666666666666666,101,0,0,101,0,13,90,90,3,9,9,1,2,2,0,0,0,0.023547624834936266,0.02465298795751212,101,0.04416359601207719,0.028767009500218377,11,62.72727272727273,11,11,0,13,74,1,14,2,6,1,11,11,0.0014788014765054758,2740577434784.0005,5151,5151,True,15.847216578626574,2.031694433157253,10.564811052417715,20260430,78,16,10,0,17,0.14444444444444443,0.36363636363636365,2321961049163.5,1.1802857053830897,0.16575653237648874,0.3268001352051168,0.7721689544875016,0.1289416172338433,24.66148433330406,False,False,False,False,False,53.412490663554244,False,False,False,False,False,66.3676367895761,False,False,False,False,False,73.7356369972476,False,False,False,False,False,49.92335468187141,False,False,False,False,False,51.18885610490662,False,False,False,False,False,84.52903859753592,False,False,False,False,False,43.80415707445049,False,False,False,False,False,20.23372012961992,False,False,False,False,False,86.63502449461602,False,False,False,False,False,24.66148433330406,60.962943180292775,64.1096666824876,79.76627987038009,False,86.63502449461602,57.56481942877857,1.0,57.56481942877857,B,11.725117145611698,-1.4233265799338142,上,5,4922,5151,229,0.04445738691516211,5151,0,0,2,0,0,0,5149,5149,0,2,0,0,0,0,0,1.0,101,101,0,0,0,"{""eligible"": 4922, ""historical_ST"": 218, ""new_listing_age_le_20"": 10, ""unmatched_or_special_limit_regime"": 1}",0.0,1.0,78,94,16,10,17,4,0.6666666666666666,0.023547624834936266,0.02465298795751212,2740577434784.0005,1.1802857053830897,0.14444444444444443,0.36363636363636365,0.09090909090909091,2026-04-30,F1-formal-live-v1,F1-2025-a5-v1,d8ea4bf3c634204d1f9009d9f82093d593f4f3a7742ef98d3ba53907a56c7c63,2026-04-30 market close,post-close research convention; provider first-publication timestamp unverified,,OK
4921,101,33,1,134,17,4,0.6666666666666666,78,0,0,78,0,11,61,61,3,13,13,3,3,3,0,1,1,0.0259816127293617,0.031230519968206607,78,0.0307368083147808,0.03641981233863506,17,75.29411764705883,17,17,0,33,117,0,11,0,6,0,17,17,0.010752688172043001,3226459719548.0,5180,5180,True,20.524283682178417,0.203210729526519,13.682855788118944,20260506,101,34,1,0,17,0.18032786885245902,0.35294117647058826,2358378372571.5,1.3680840008848842,0.31341122147081785,0.37284723295611494,0.854418671709583,0.048321176170067835,55.5565312015914,False,False,False,False,False,63.63606521196131,False,False,False,False,False,82.6173302234905,False,False,False,False,False,43.62935626844517,False,False,False,False,False,60.77165564215436,False,False,False,False,False,82.93907207168134,False,False,False,False,False,100.0,False,True,False,False,False,0.05952596043251586,False,False,False,False,False,0.0,True,False,False,False,False,100.0,False,True,False,False,False,55.5565312015914,67.70361666175097,93.1607473385644,100.0,False,100.0,78.95778400051213,1.0,78.95778400051213,A,21.392964571733565,63.94557239116564,上,5,4921,5180,259,0.05,5180,0,0,2,0,0,0,5179,5179,0,1,0,0,0,0,0,1.0,78,78,0,0,0,"{""eligible"": 4921, ""historical_ST"": 248, ""new_listing_age_le_20"": 10, ""unmatched_or_special_limit_regime"": 1}",0.0,1.0,101,134,33,1,17,4,0.6666666666666666,0.0259816127293617,0.031230519968206607,3226459719548.0,1.3680840008848842,0.18032786885245902,0.35294117647058826,0.0,2026-05-06,F1-formal-live-v1,F1-2025-a5-v1,d8ea4bf3c634204d1f9009d9f82093d593f4f3a7742ef98d3ba53907a56c7c63,2026-05-06 market close,post-close research convention; provider first-publication timestamp unverified,,OK
4923,99,32,4,131,20,5,0.6666666666666666,101,0,0,101,0,17,84,84,2,11,11,0,3,3,1,3,3,0.02508062775975207,0.039322685367965945,101,0.026737827754095604,0.026666572743176128,17,66.47058823529412,17,17,0,26,105,3,20,3,6,1,17,17,0.006651884700665134,3143614761437.0,5182,5182,True,20.10968921389397,0.8125126955108674,13.406459475929312,20260507,100,32,4,0,20,0.20238095238095238,0.17647058823529413,2427561515507.6,1.294968115681169,0.2584860737527745,0.28094843006285647,0.6991932881810756,0.0937757216246133,0.0,True,False,False,False,False,59.851622805778874,False,False,False,False,False,100.0,False,True,False,False,False,34.66262244474325,False,False,False,False,False,46.94586126285248,False,False,False,False,False,80.12460231633727,False,False,False,False,False,44.874153811893244,False,False,False,False,False,14.636461858798066,False,False,False,False,False,6.786428612856674,False,False,False,False,False,100.0,False,True,False,False,False,0.0,64.90530471521123,69.09667929599803,93.21357138714333,False,100.0,56.42492501145927,1.0,56.42492501145927,B,-22.532858989052862,20.49812564611031,下,5,4923,5182,259,0.049980702431493634,5182,0,0,2,0,0,0,5181,5181,0,1,0,0,0,0,0,1.0,101,101,0,0,0,"{""eligible"": 4923, ""historical_ST"": 248, ""new_listing_age_le_20"": 10, ""unmatched_or_special_limit_regime"": 1}",0.0,1.0,99,131,32,4,20,5,0.6666666666666666,0.02508062775975207,0.039322685367965945,3143614761437.0,1.294968115681169,0.20238095238095238,0.17647058823529413,0.058823529411764705,2026-05-07,F1-formal-live-v1,F1-2025-a5-v1,d8ea4bf3c634204d1f9009d9f82093d593f4f3a7742ef98d3ba53907a56c7c63,2026-05-07 market close,post-close research convention; provider first-publication timestamp unverified,,OK
4923,96,20,1,116,17,4,0.6666666666666666,99,0,0,99,0,12,79,79,4,17,17,1,2,2,0,1,1,0.015630717680345428,0.028763105612458876,99,0.0180349811523701,0.02202710061972818,20,66.25,20,20,0,15,94,3,15,2,7,1,19,19,0.0064436943847803185,3048331390670.0,5180,5180,True,19.50030469226082,0.20312817387771684,13.00020312817388,20260508,97,20,1,0,18,0.1625,0.25,2501925982642.5,1.2183939140559203,0.19753352755672748,0.3179568030820384,0.7601342198882539,0.08596107815589553,18.728099304528463,False,False,False,False,False,20.158795904779346,False,False,False,False,False,76.52162034474729,False,False,False,False,False,15.148621863352476,False,False,False,False,False,40.36913493725706,False,False,False,False,False,75.98780253555822,False,False,False,False,False,77.98937903546997,False,False,False,False,False,0.05755089967804585,False,False,False,False,False,3.7981416091315103,False,False,False,False,False,94.16240198027612,False,False,False,False,False,18.728099304528463,48.75142162519737,82.67701595171826,96.2018583908685,False,94.16240198027612,60.904701442414584,1.0,60.904701442414584,B,4.479776430955312,11.3192964584225,上,5,4923,5180,257,0.049613899613899615,5180,0,0,2,0,0,0,5179,5179,0,1,0,0,0,0,0,1.0,99,99,0,0,0,"{""eligible"": 4923, ""historical_ST"": 246, ""new_listing_age_le_20"": 10, ""unmatched_or_special_limit_regime"": 1}",0.0,1.0,96,116,20,1,17,4,0.6666666666666666,0.015630717680345428,0.028763105612458876,3048331390670.0,1.2183939140559203,0.1518987341772152,0.25,0.05263157894736842,2026-05-08,F1-formal-live-v1,F1-2025-a5-v1,d8ea4bf3c634204d1f9009d9f82093d593f4f3a7742ef98d3ba53907a56c7c63,2026-05-08 market close,post-close research convention; provider first-publication timestamp unverified,,OK
4922,93,38,5,131,19,5,0.8333333333333334,96,1,0,95,0,12,78,79,4,12,12,1,4,4,1,1,1,0.031035801190872375,0.023992974188966208,95,0.056901927900862015,0.03666021184142365,17,68.52941176470588,17,17,0,31,106,4,16,3,9,1,17,17,0.004103332182782915,3538609994767.0,5180,5180,True,18.894758228362456,1.0158472165786265,15.745631856968714,20260511,93,38,5,0,19,0.15384615384615385,0.3888888888888889,2573632732768.4,1.374947539993632,0.3184155776587966,0.3479928904973007,0.7078832127809308,0.0937757216246133,38.88064688640923,False,False,False,False,False,84.86537068069323,False,False,False,False,False,64.73708274839535,False,False,False,False,False,100.0,False,True,False,False,False,61.11243616558054,False,False,False,False,False,100.0,False,True,False,False,False,49.59624785014714,False,False,False,False,False,19.501035493877595,False,False,False,False,False,6.786428612856674,False,False,False,False,False,100.0,False,True,False,False,False,38.88064688640923,73.08132370447419,77.4834278740821,93.21357138714333,False,100.0,70.90571971709451,1.0,70.90571971709451,A,10.001018274679929,25.06601743392764,上,5,4922,5180,258,0.04980694980694981,5180,0,0,2,0,0,0,5177,5177,0,3,0,0,0,0,0,1.0,96,95,1,0,0,"{""eligible"": 4922, ""historical_ST"": 246, ""new_listing_age_le_20"": 11, ""unmatched_or_special_limit_regime"": 1}",0.0,1.0,93,131,38,5,19,5,0.8333333333333334,0.031035801190872375,0.023992974188966208,3538609994767.0,1.374947539993632,0.15384615384615385,0.35294117647058826,0.058823529411764705,2026-05-11,F1-formal-live-v1,F1-2025-a5-v1,d8ea4bf3c634204d1f9009d9f82093d593f4f3a7742ef98d3ba53907a56c7c63,2026-05-11 market close,post-close research convention; provider first-publication timestamp unverified,,OK
4921,57,27,8,84,17,5,0.8333333333333334,93,0,0,93,0,10,74,74,4,12,12,2,5,5,1,2,2,0.03224117486175108,0.019607632024454633,93,0.048082821518071854,0.03665833576732084,19,85.71428571428571,7,7,0,19,59,6,16,2,9,2,18,18,-0.015247776365946653,3242389772352.0,5179,5179,True,11.583011583011583,1.625685836212152,9.652509652509654,20260512,57,27,8,0,17,0.13513513513513514,0.3684210526315789,2628854763887.85,1.2333849008671687,0.20976234162191262,0.34317101054292526,0.7094564388852794,0.13317677720615184,35.64543306274419,False,False,False,False,False,89.92834885373155,False,False,False,False,False,53.903161201488636,False,False,False,False,False,82.5235396574436,False,False,False,False,False,61.10977671950296,False,False,False,False,False,41.899134843945426,False,False,False,False,False,50.451136925743235,False,False,False,False,False,34.09081029032719,False,False,False,False,False,21.85322760358319,False,False,False,False,False,97.05917995278381,False,False,False,False,False,35.64543306274419,73.14021459666347,50.89484928900651,78.14677239641681,False,97.05917995278381,61.27367210840105,1.0,61.27367210840105,B,-9.632047608693462,3.708852679622481,下,5,4921,5179,258,0.04981656690480788,5179,0,0,2,0,0,0,5177,5177,0,2,0,0,0,0,0,1.0,93,93,0,0,0,"{""eligible"": 4921, ""historical_ST"": 246, ""new_listing_age_le_20"": 11, ""unmatched_or_special_limit_regime"": 1}",0.0,1.0,57,84,27,8,17,5,0.8333333333333334,0.03224117486175108,0.019607632024454633,3242389772352.0,1.2333849008671687,0.13513513513513514,0.3684210526315789,0.1111111111111111,2026-05-12,F1-formal-live-v1,F1-2025-a5-v1,d8ea4bf3c634204d1f9009d9f82093d593f4f3a7742ef98d3ba53907a56c7c63,2026-05-12 market close,post-close research convention; provider first-publication timestamp unverified,,OK
4928,112,26,2,138,17,6,0.8333333333333334,57,0,0,57,0,11,40,40,3,10,10,2,4,4,1,3,3,0.020386068357355513,0.043311547216230636,57,0.020797796477436032,0.04109441614377081,17,71.42857142857143,7,7,0,23,118,3,14,0,6,1,16,16,0.0036359209258177705,3239703716696.0,5183,5183,True,22.727272727272727,0.4058441558441559,18.93939393939394,20260513,112,26,2,0,17,0.275,0.35294117647058826,2684278277415.6,1.2069179801339966,0.18806998631349073,0.3686926284175547,0.8284155199855061,0.09824123217816631,52.76902214657747,False,False,False,False,False,40.132881339459374,False,False,False,False,False,100.0,False,True,False,False,False,21.34355810972071,False,False,False,False,False,67.39818320583694,False,False,False,False,False,100.0,False,True,False,False,False,100.0,False,True,False,False,False,4.907326609699168,False,False,False,False,False,8.49402118641391,False,False,False,False,False,91.92066556420191,False,False,False,False,False,52.76902214657747,65.42012048004301,98.77316834757521,91.5059788135861,False,91.92066556420191,76.60986297847346,1.0,76.60986297847346,A,15.336190870072407,-2.347921022038676,上,5,4928,5183,255,0.04919930542157052,5183,0,0,2,0,0,0,5181,5181,0,2,0,0,0,0,0,1.0,57,57,0,0,0,"{""eligible"": 4928, ""historical_ST"": 245, ""new_listing_age_le_20"": 9, ""unmatched_or_special_limit_regime"": 1}",0.0,1.0,112,138,26,2,17,6,0.8333333333333334,0.020386068357355513,0.043311547216230636,3239703716696.0,1.2069179801339966,0.275,0.35294117647058826,0.0625,2026-05-13,F1-formal-live-v1,F1-2025-a5-v1,d8ea4bf3c634204d1f9009d9f82093d593f4f3a7742ef98d3ba53907a56c7c63,2026-05-13 market close,post-close research convention; provider first-publication timestamp unverified,,OK
4928,55,35,19,90,16,5,0.8333333333333334,112,1,0,111,0,11,94,95,3,11,11,1,3,3,1,3,3,0.030391814638127533,-0.0004720235324096465,111,0.05719183388680038,0.011118691111112874,17,63.333333333333336,6,6,0,23,62,8,19,4,9,5,16,16,-0.02026624359759044,3361921857230.0,5183,5183,True,11.160714285714286,3.8555194805194803,9.300595238095239,20260514,55,35,19,0,16,0.11702127659574468,0.29411764705882354,2730127966923.5,1.231415485999526,0.2081643093453475,0.310721784604013,0.61747879359511,0.2887174226543568,13.873803466379279,False,False,False,False,False,82.16040877630678,False,False,False,False,False,4.2966755884769325,False,False,False,False,False,100.0,False,True,False,False,False,24.905818836465627,False,False,False,False,False,38.31568444262656,False,False,False,False,False,0.4706007902998936,False,False,False,False,False,87.4373345290521,False,False,False,False,False,81.33132039239713,False,False,False,False,False,96.68063591135552,False,False,False,False,False,13.873803466379279,49.24042283443467,18.631650421392564,18.66867960760287,False,96.68063591135552,32.7902567222625,1.0,32.7902567222625,D,-43.81960625621096,-23.634668289196775,下,5,4928,5183,255,0.04919930542157052,5183,0,0,2,0,0,0,5181,5181,0,2,0,0,0,0,0,1.0,112,111,1,0,0,"{""eligible"": 4928, ""historical_ST"": 245, ""new_listing_age_le_20"": 9, ""unmatched_or_special_limit_regime"": 1}",0.0,1.0,55,90,35,19,16,5,0.8333333333333334,0.030391814638127533,-0.0004720235324096465,3361921857230.0,1.231415485999526,0.11702127659574468,0.29411764705882354,0.3125,2026-05-14,F1-formal-live-v1,F1-2025-a5-v1,d8ea4bf3c634204d1f9009d9f82093d593f4f3a7742ef98d3ba53907a56c7c63,2026-05-14 market close,post-close research convention; provider first-publication timestamp unverified,,OK
4929,55,38,15,93,7,6,0.8333333333333334,55,0,0,55,0,3,39,39,2,11,11,0,3,3,2,2,2,0.007611287565729003,-0.010111998655027703,55,0.017354114782111074,0.011561810000725696,16,65.0,5,5,0,36,84,1,4,1,5,4,15,15,-0.00885216878135131,3344257413821.9995,5184,5184,True,11.158449989855955,3.0432136335970785,9.298708324879962,20260515,55,38,15,0,7,0.07692307692307693,0.25,2790715399212.75,1.198351295429624,0.1809466916245162,0.2933487705713603,0.7145111195464333,0.25315329378707463,2.2174752937620297,False,False,False,False,False,0.0,True,False,False,False,False,0.0,True,False,False,False,False,13.621945897071535,False,False,False,False,False,25.533966088812825,False,False,False,False,False,38.29647050980205,False,False,False,False,False,53.19784400484836,False,False,False,False,False,68.00373522771721,False,False,False,False,False,67.73174614203866,False,False,False,False,False,90.23328990890856,False,False,False,False,False,2.2174752937620297,23.519205304240707,41.936899798688444,32.26825385796134,False,90.23328990890856,30.565729904012663,1.0,30.565729904012663,D,-2.224526818249835,-30.33897153840192,下,5,4929,5184,255,0.04918981481481482,5184,0,0,2,0,0,0,5181,5181,0,3,0,0,0,0,0,1.0,55,55,0,0,0,"{""eligible"": 4929, ""historical_ST"": 244, ""new_listing_age_le_20"": 10, ""unmatched_or_special_limit_regime"": 1}",0.0,1.0,55,93,38,15,7,6,0.8333333333333334,0.007611287565729003,-0.010111998655027703,3344257413821.9995,1.198351295429624,0.07692307692307693,0.25,0.26666666666666666,2026-05-15,F1-formal-live-v1,F1-2025-a5-v1,d8ea4bf3c634204d1f9009d9f82093d593f4f3a7742ef98d3ba53907a56c7c63,2026-05-15 market close,post-close research convention; provider first-publication timestamp unverified,,OK
4931,78,35,19,113,9,6,0.8333333333333334,55,0,0,55,0,4,48,48,2,3,3,2,2,2,1,2,2,0.017841792663434032,0.013610678207032241,55,0.03876113931289423,0.05509641062866555,7,75.0,4,4,0,31,100,3,7,1,6,0,5,5,-0.0022304832713754275,2893603968465.9995,5187,5187,True,15.818292435611436,3.8531737984181706,13.18191036300953,20260518,81,35,19,0,9,0.08333333333333333,0.7142857142857143,2838750756189.35,1.019323011066418,0.019138692299343084,0.41939353558920467,0.7187982369875793,0.10630658757414924,86.78651683871273,False,False,False,False,False,29.44606063337421,False,False,False,False,False,39.08777742045747,False,False,False,False,False,61.62195190162698,False,False,False,False,False,87.24683910663197,False,False,False,False,False,77.83807873034793,False,False,False,False,False,55.52745820086417,False,False,False,False,False,87.38121644715243,False,False,False,False,False,11.57817938335786,False,False,False,False,False,51.90399274875889,False,False,False,False,False,86.78651683871273,59.79134576087016,53.724537750653525,88.42182061664214,False,51.90399274875889,69.83719808817236,1.0,69.83719808817236,A,39.271468184159694,-1.0685216289221557,上,5,4931,5187,256,0.04935415461731251,5187,0,0,2,0,0,0,5185,5185,0,2,0,0,0,0,0,1.0,55,55,0,0,0,"{""eligible"": 4931, ""historical_ST"": 244, ""new_listing_age_le_20"": 11, ""unmatched_or_special_limit_regime"": 1}",0.0,1.0,78,113,35,19,9,6,0.8333333333333334,0.017841792663434032,0.013610678207032241,2893603968465.9995,1.019323011066418,0.08333333333333333,0.7142857142857143,0.0,2026-05-18,F1-formal-live-v1,F1-2025-a5-v1,d8ea4bf3c634204d1f9009d9f82093d593f4f3a7742ef98d3ba53907a56c7c63,2026-05-18 market close,post-close research convention; provider first-publication timestamp unverified,,OK
4932,90,14,8,104,19,7,1.0,78,0,0,78,0,15,69,69,1,4,4,1,2,2,2,3,3,0.01714577173759717,0.03414330200129767,78,0.0450535743290381,0.04595221003545041,9,90.0,5,5,0,9,80,3,18,2,6,0,8,8,0.006493506493506551,2886309574647.0005,5182,5182,True,18.24817518248175,1.6220600162206003,18.24817518248175,20260519,90,14,8,0,19,0.2112676056338028,0.4444444444444444,2862677992162.3,1.0082550613619141,0.008221174706089074,0.37809788591919236,0.7651479051696182,0.08177429813396095,59.07942791618124,False,False,False,False,False,26.52253671657831,False,False,False,False,False,89.81331421879243,False,False,False,False,False,75.73119525414678,False,False,False,False,False,74.28439355943695,False,False,False,False,False,100.0,False,True,False,False,False,80.7138092770403,False,False,False,False,False,34.00406619865094,False,False,False,False,False,2.19713442600328,False,False,False,False,False,49.31783645346939,False,False,False,False,False,59.07942791618124,74.50089127022503,84.74881669730136,97.80286557399673,False,49.31783645346939,73.58001339333005,1.0,73.58001339333005,A,3.7428153051576913,12.306341284928997,上,5,4932,5182,250,0.048243921265920496,5182,0,0,2,0,0,0,5179,5179,0,3,0,0,0,0,0,1.0,78,78,0,0,0,"{""eligible"": 4932, ""historical_ST"": 239, ""new_listing_age_le_20"": 9, ""unmatched_or_special_limit_regime"": 2}",0.0,1.0,90,104,14,8,19,7,1.0,0.01714577173759717,0.03414330200129767,2886309574647.0005,1.0082550613619141,0.21739130434782608,0.4444444444444444,0.0,2026-05-19,F1-formal-live-v1,F1-2025-a5-v1,d8ea4bf3c634204d1f9009d9f82093d593f4f3a7742ef98d3ba53907a56c7c63,2026-05-19 market close,post-close research convention; provider first-publication timestamp unverified,,OK
4939,61,18,23,79,10,8,0.8333333333333334,90,0,0,90,0,3,71,71,4,15,15,1,1,1,2,3,3,0.015282826991201339,-0.002318783170772234,90,0.034051795779752383,0.03252694250362204,19,66.66666666666667,3,3,0,15,66,1,4,2,9,2,17,17,-0.01115760111576014,2953417755024.0,5186,5186,True,12.350678274954445,4.656813120064791,10.292231895795371,20260520,61,18,23,1,10,0.04225352112676056,0.3684210526315789,2889918238920.45,1.0219727725332708,0.021734850069747545,0.3509726533852401,0.7495534094656447,0.13923026707915875,40.8799024003417,False,False,False,False,False,18.69753703685022,False,False,False,False,False,0.0,True,False,False,False,False,51.062403210342644,False,False,False,False,False,55.25328224862713,False,False,False,False,False,48.41325542422736,False,False,False,False,False,72.23978003235203,False,False,False,False,False,100.0,False,True,False,False,False,24.168056832466306,False,False,False,False,False,52.518974103645355,False,False,False,False,False,40.8799024003417,38.41019831422237,44.64922518101416,75.8319431675337,True,50.0,48.00739086029199,1.0,48.00739086029199,C,-25.572622533038057,-28.602472118181467,下,5,4939,5186,247,0.04762822984959506,5186,0,0,2,0,0,0,5184,5184,0,2,0,0,0,0,0,1.0,90,90,0,0,0,"{""eligible"": 4939, ""historical_ST"": 238, ""new_listing_age_le_20"": 8, ""unmatched_or_special_limit_regime"": 1}",0.0,1.0,61,79,18,23,10,8,0.8333333333333334,0.015282826991201339,-0.002318783170772234,2953417755024.0,1.0219727725332708,0.04225352112676056,0.3684210526315789,0.11764705882352941,2026-05-20,F1-formal-live-v1,F1-2025-a5-v1,d8ea4bf3c634204d1f9009d9f82093d593f4f3a7742ef98d3ba53907a56c7c63,2026-05-20 market close,post-close research convention; provider first-publication timestamp unverified,,OK
4942,34,68,27,102,7,7,0.6666666666666666,61,0,0,61,0,5,51,51,0,3,3,1,4,4,1,3,3,0.023636448458688897,-0.009702075765252022,61,0.02927648536162534,0.00291450539340955,10,63.333333333333336,3,3,0,62,89,3,8,3,5,4,8,8,-0.030721974260449203,3481228862554.0,5189,5189,True,6.879805746661271,5.46337515176042,4.586537164440847,20260521,34,68,27,1,7,0.09803921568627451,0.2,2916320586638.5,1.193705821816607,0.1770626042256749,0.2728536563925839,0.5438736921290839,0.3894666058262687,0.0,True,False,False,False,False,53.7855800043741,False,False,False,False,False,0.0,True,False,False,False,False,40.354939946865514,False,False,False,False,False,13.275900010788098,False,False,False,False,False,0.0,True,False,False,False,False,0.0,True,False,False,False,False,100.0,False,True,False,False,False,100.0,False,True,False,False,False,89.31322204621284,False,False,False,False,False,0.0,32.876656728859864,0.0,0.0,True,50.0,12.861479273079972,1.0,12.861479273079972,D,-35.14591158721202,-19.928777449182526,下,5,4942,5189,247,0.04760069377529389,5189,0,0,2,0,0,0,5187,5187,0,2,0,0,0,0,0,1.0,61,61,0,0,0,"{""eligible"": 4942, ""historical_ST"": 238, ""new_listing_age_le_20"": 8, ""unmatched_or_special_limit_regime"": 1}",0.0,1.0,34,102,68,27,7,7,0.6666666666666666,0.023636448458688897,-0.009702075765252022,3481228862554.0,1.193705821816607,0.09803921568627451,0.2,0.5,2026-05-21,F1-formal-live-v1,F1-2025-a5-v1,d8ea4bf3c634204d1f9009d9f82093d593f4f3a7742ef98d3ba53907a56c7c63,2026-05-21 market close,post-close research convention; provider first-publication timestamp unverified,,OK
4945,116,21,5,137,11,3,0.5,34,0,0,34,0,7,27,27,4,5,5,0,0,0,0,2,2,0.009519445670153932,0.03569085068488892,34,0.037404391781159695,0.0561072153427788,7,72.85714285714286,7,7,0,21,126,0,7,0,4,0,6,6,0.012680167852581636,2903048134445.0,5191,5191,True,23.458038422649143,1.0111223458038423,11.729019211324571,20260522,116,21,5,1,11,0.25925925925925924,0.5714285714285714,2961451892601.45,0.9802786740171741,-0.019918386498500112,0.4043864765911911,0.8535970375766422,0.09664235234013567,76.71761317824843,False,False,False,False,False,0.0,True,False,False,False,False,93.63650985532121,False,False,False,False,False,58.57977807797037,False,False,False,False,False,88.67971461411621,False,False,False,False,False,63.04367654809725,False,False,False,False,False,100.0,False,True,False,False,False,19.387997719084236,False,False,False,False,False,7.882616218339389,False,False,False,False,False,42.652099234882314,False,False,False,False,False,76.71761317824843,67.51095707944307,80.37047118946785,92.1173837816606,False,42.652099234882314,74.26500715453511,1.0,74.26500715453511,A,61.40352788145514,43.69927725052245,上,5,4945,5191,246,0.04738971296474668,5191,0,0,2,0,0,0,5188,5188,0,3,0,0,0,0,0,1.0,34,34,0,0,0,"{""eligible"": 4945, ""historical_ST"": 237, ""new_listing_age_le_20"": 8, ""unmatched_or_special_limit_regime"": 1}",0.0,1.0,116,137,21,5,11,3,0.5,0.009519445670153932,0.03569085068488892,2903048134445.0,0.9802786740171741,0.25925925925925924,0.5714285714285714,0.0,2026-05-22,F1-formal-live-v1,F1-2025-a5-v1,d8ea4bf3c634204d1f9009d9f82093d593f4f3a7742ef98d3ba53907a56c7c63,2026-05-22 market close,post-close research convention; provider first-publication timestamp unverified,,OK
4945,103,42,15,145,23,4,0.6666666666666666,116,0,0,116,0,21,105,105,1,7,7,1,4,4,0,0,0,0.0356536178282443,0.03953559157929238,116,0.024833532448030396,0.01586151638057052,11,65.0,11,11,0,34,114,6,27,2,4,0,11,11,-0.004761904761904856,3205448447281.9995,5191,5191,True,20.829120323559152,3.033367037411527,13.886080215706102,20260525,103,42,16,1,23,0.2,0.18181818181818182,2986186699192.35,1.0734253314265152,0.07085477972427566,0.2684439898680893,0.6854288826151418,0.06644161723384327,0.0,True,False,False,False,False,100.0,False,True,False,False,False,100.0,False,True,False,False,False,30.392706932004188,False,False,False,False,False,31.629054363562602,False,False,False,False,False,85.00845208786167,False,False,False,False,False,37.394593233877636,False,False,False,False,False,67.7681653306433,False,False,False,False,False,0.0,True,False,False,False,False,64.15456930330215,False,False,False,False,False,0.0,67.14708038682873,55.14944713434102,100.0,False,64.15456930330215,50.97195826062685,1.0,50.97195826062685,B,-23.293048893908264,-18.86523982754551,下,5,4945,5191,246,0.04738971296474668,5191,0,0,2,0,0,0,5189,5189,0,2,0,0,0,0,0,1.0,116,116,0,0,0,"{""eligible"": 4945, ""historical_ST"": 237, ""new_listing_age_le_20"": 8, ""unmatched_or_special_limit_regime"": 1}",0.0,1.0,103,145,42,15,23,4,0.6666666666666666,0.0356536178282443,0.03953559157929238,3205448447281.9995,1.0734253314265152,0.2,0.18181818181818182,0.0,2026-05-25,F1-formal-live-v1,F1-2025-a5-v1,d8ea4bf3c634204d1f9009d9f82093d593f4f3a7742ef98d3ba53907a56c7c63,2026-05-25 market close,post-close research convention; provider first-publication timestamp unverified,,OK
4945,49,27,17,76,13,3,0.5,103,0,0,103,0,9,80,80,4,21,21,0,1,1,0,1,1,0.016392292348953615,0.016440983382776577,103,0.0192956407795997,0.022503945348529827,23,65.65217391304348,23,23,0,20,56,4,13,3,7,3,23,23,-0.015926640926640867,3243410557571.0,5191,5191,True,9.908998988877654,3.4378159757330637,4.954499494438827,20260526,49,27,17,1,13,0.1125,0.17391304347826086,3018482101611.8,1.0745170746048465,0.07187132771856101,0.2751237878548565,0.6569651854979348,0.14510949556219616,0.0,True,False,False,False,False,23.35766777120338,False,False,False,False,False,46.080003586060066,False,False,False,False,False,17.975342110704272,False,False,False,False,False,41.0450905627433,False,False,False,False,False,0.0,True,False,False,False,False,21.927456215672965,False,False,False,False,False,77.44419885295511,False,False,False,False,False,26.41624923409281,False,False,False,False,False,64.39537056351807,False,False,False,False,False,0.0,42.34548809598252,13.31355996224676,73.58375076590718,False,64.39537056351807,31.787676980981935,1.0,31.787676980981935,D,-19.184281279644914,-41.792336412348114,下,5,4945,5191,246,0.04738971296474668,5191,0,0,2,0,0,0,5189,5189,0,2,0,0,0,0,0,1.0,103,103,0,0,0,"{""eligible"": 4945, ""historical_ST"": 237, ""new_listing_age_le_20"": 8, ""unmatched_or_special_limit_regime"": 1}",0.0,1.0,49,76,27,17,13,3,0.5,0.016392292348953615,0.016440983382776577,3243410557571.0,1.0745170746048465,0.1125,0.17391304347826086,0.13043478260869565,2026-05-26,F1-formal-live-v1,F1-2025-a5-v1,d8ea4bf3c634204d1f9009d9f82093d593f4f3a7742ef98d3ba53907a56c7c63,2026-05-26 market close,post-close research convention; provider first-publication timestamp unverified,,OK
4946,47,26,22,73,8,3,0.5,49,0,0,49,0,5,36,36,3,9,9,0,4,4,0,0,0,0.01532139625910167,0.011057859386656058,49,0.016154292146438938,0.029307095166323145,13,60.76923076923077,13,13,0,20,59,4,9,2,5,1,13,13,-0.023033123139172995,3238216363026.0,5191,5191,True,9.50262838657501,4.448038819247877,4.751314193287505,20260527,47,26,22,1,8,0.1388888888888889,0.23076923076923078,3040440110727.5,1.065048560437251,0.0630203947765884,0.2574335834330564,0.647845566630974,0.11461477087452737,0.0,True,False,False,False,False,18.85954104129068,False,False,False,False,False,32.78107710246692,False,False,False,False,False,10.931637693152402,False,False,False,False,False,50.68895807894671,False,False,False,False,False,0.0,True,False,False,False,False,16.971866856066683,False,False,False,False,False,100.0,False,True,False,False,False,14.755193956123785,False,False,False,False,False,62.29874962825972,False,False,False,False,False,0.0,38.25240323712641,5.940153399623338,85.24480604387621,True,50.0,29.58359137103487,1.0,29.58359137103487,D,-2.2040856099470645,-18.42379948925712,下,5,4946,5191,245,0.04719707185513389,5191,0,0,2,0,0,0,5188,5188,0,3,0,0,0,0,0,1.0,49,49,0,0,0,"{""eligible"": 4946, ""historical_ST"": 236, ""new_listing_age_le_20"": 8, ""unmatched_or_special_limit_regime"": 1}",0.0,1.0,47,73,26,22,8,3,0.5,0.01532139625910167,0.011057859386656058,3238216363026.0,1.065048560437251,0.1388888888888889,0.23076923076923078,0.07692307692307693,2026-05-27,F1-formal-live-v1,F1-2025-a5-v1,d8ea4bf3c634204d1f9009d9f82093d593f4f3a7742ef98d3ba53907a56c7c63,2026-05-27 market close,post-close research convention; provider first-publication timestamp unverified,,OK
4946,101,26,8,127,9,4,0.6666666666666666,47,0,0,47,0,5,39,39,1,5,5,3,3,3,0,0,0,0.014843206029613289,0.008388910209663612,47,0.03617062599314809,0.04014228396385783,8,72.5,8,8,0,25,117,1,6,0,4,0,8,8,0.0015845940547486448,2967879462705.0,5191,5191,True,20.42054185200162,1.6174686615446825,13.61369456800108,20260528,101,26,8,1,9,0.1282051282051282,0.5,3070276296487.4,0.9666489840345807,-0.033919844221008945,0.3585721742425593,0.8136616673171531,0.08177429813396095,45.97875910425451,False,False,False,False,False,16.85097991792141,False,False,False,False,False,26.187478493397403,False,False,False,False,False,55.81336067383216,False,False,False,False,False,66.04847948815913,False,False,False,False,False,82.2348218567549,False,False,False,False,False,100.0,False,True,False,False,False,33.89422266205675,False,False,False,False,False,2.19713442600328,False,False,False,False,False,39.33541504152042,False,False,False,False,False,45.97875910425451,48.79020281213272,84.42037307718779,97.80286557399673,False,39.33541504152042,63.04530699353253,1.0,63.04530699353253,B,33.46171562249766,50.183827720452555,上,5,4946,5191,245,0.04719707185513389,5191,0,0,2,0,0,0,5188,5188,0,3,0,0,0,0,0,1.0,47,47,0,0,0,"{""eligible"": 4946, ""historical_ST"": 236, ""new_listing_age_le_20"": 8, ""unmatched_or_special_limit_regime"": 1}",0.0,1.0,101,127,26,8,9,4,0.6666666666666666,0.014843206029613289,0.008388910209663612,2967879462705.0,0.9666489840345807,0.1282051282051282,0.5,0.0,2026-05-28,F1-formal-live-v1,F1-2025-a5-v1,d8ea4bf3c634204d1f9009d9f82093d593f4f3a7742ef98d3ba53907a56c7c63,2026-05-28 market close,post-close research convention; provider first-publication timestamp unverified,,OK
4946,50,43,55,93,9,5,0.6666666666666666,101,0,0,101,0,5,92,92,2,5,5,0,1,1,2,3,3,0.024178972595372647,-0.008155194691107166,101,0.0537159189144913,0.015770469527199998,9,57.77777777777778,9,9,1,32,73,9,14,2,6,4,9,9,-0.023887402382156364,3318638030168.0,5190,5190,True,10.109179134654266,11.120097048119693,6.739452756436177,20260529,51,43,55,1,9,0.05434782608695652,0.4444444444444444,3089214723447.95,1.074265898378208,0.07163754307772899,0.33886081699939474,0.5966629785625492,0.36164756255296376,32.75353242095231,False,False,False,False,False,56.064365354292946,False,False,False,False,False,0.0,True,False,False,False,False,95.15437999041758,False,False,False,False,False,31.499990060234158,False,False,False,False,False,12.236255246730526,False,False,False,False,False,0.0,True,False,False,False,False,100.0,False,True,False,False,False,100.0,False,True,False,False,False,64.33999134242084,False,False,False,False,False,32.75353242095231,43.351354012438954,4.894502098692211,0.0,True,50.0,25.375060363849236,1.0,25.375060363849236,D,-37.67024662968329,-48.889946790685876,下,5,4946,5190,244,0.047013487475915224,5190,0,0,2,0,0,0,5189,5189,0,1,0,0,0,0,0,1.0,101,101,0,0,0,"{""eligible"": 4946, ""historical_ST"": 235, ""new_listing_age_le_20"": 8, ""unmatched_or_special_limit_regime"": 1}",0.0,1.0,50,93,43,55,9,5,0.6666666666666666,0.024178972595372647,-0.008155194691107166,3318638030168.0,1.074265898378208,0.05434782608695652,0.4444444444444444,0.4444444444444444,2026-05-29,F1-formal-live-v1,F1-2025-a5-v1,d8ea4bf3c634204d1f9009d9f82093d593f4f3a7742ef98d3ba53907a56c7c63,2026-05-29 market close,post-close research convention; provider first-publication timestamp unverified,,OK
4946,117,44,22,161,11,4,0.6666666666666666,50,0,0,50,0,8,41,41,1,5,5,2,2,2,0,2,2,0.009650398793761892,0.020962127115868853,50,0.015469159691047958,0.02497252478945813,9,63.333333333333336,9,9,0,40,146,3,11,1,4,0,7,7,0.011860268441728494,2877238764926.9995,5192,5192,True,23.655479175090985,4.448038819247877,15.770319450060656,20260601,118,44,22,1,11,0.19047619047619047,0.3333333333333333,3128349291842.05,0.919730661927719,-0.08367441057548519,0.3574848899977521,0.7309911063488785,0.0885888229784577,45.249251722831275,False,False,False,False,False,0.0,True,False,False,False,False,57.249420855935995,False,False,False,False,False,9.395396076509579,False,False,False,False,False,44.54444802496923,False,False,False,False,False,100.0,False,True,False,False,False,62.15304799265123,False,False,False,False,False,100.0,False,True,False,False,False,4.802980247490665,False,False,False,False,False,27.549486244251025,False,False,False,False,False,45.249251722831275,40.24288387471285,61.75356679742793,95.19701975250933,False,27.549486244251025,54.16233850270831,1.0,54.16233850270831,B,28.787278138859072,3.19038024208146,上,5,4946,5192,246,0.047380585516178735,5192,0,0,2,0,0,0,5187,5187,0,5,0,0,0,0,0,1.0,50,50,0,0,0,"{""eligible"": 4946, ""historical_ST"": 233, ""new_listing_age_le_20"": 8, ""unmatched_or_special_limit_regime"": 5}",0.0,1.0,117,161,44,22,11,4,0.6666666666666666,0.009650398793761892,0.020962127115868853,2877238764926.9995,0.919730661927719,0.1951219512195122,0.3333333333333333,0.0,2026-06-01,F1-formal-live-v1,F1-2025-a5-v1,d8ea4bf3c634204d1f9009d9f82093d593f4f3a7742ef98d3ba53907a56c7c63,2026-06-01 market close,post-close research convention; provider first-publication timestamp unverified,,OK
4954,65,27,15,92,16,3,0.5,117,0,0,117,0,14,106,106,2,8,8,0,1,1,0,2,2,0.016667205136315078,0.0059558344378804525,117,0.021673183460192827,0.009273229375597835,11,55.90909090909091,11,11,0,20,69,6,20,1,3,3,11,11,-0.015100671140939603,2792614561168.0,5191,5191,True,13.120710536939846,3.0278562777553493,6.560355268469923,20260602,64,27,13,5,16,0.1308411214953271,0.18181818181818182,3142715299106.05,0.8885992829074792,-0.1181088954720126,0.289249412231434,0.7065824361192342,0.2539416172338433,0.0,True,False,False,False,False,24.51239470404368,False,False,False,False,False,20.176601567420043,False,False,False,False,False,23.30639887576054,False,False,False,False,False,22.289767601347787,False,False,False,False,False,10.412553406623168,False,False,False,False,False,48.889407457147676,False,False,False,False,False,67.63632595584393,False,False,False,False,False,68.0331977335464,False,False,False,False,False,19.392599009626217,False,False,False,False,False,0.0,30.685387294990036,29.36723248368997,31.9668022664536,False,19.392599009626217,20.827560218518517,1.0,20.827560218518517,D,-33.334778284189795,-10.960116762463418,下,5,4954,5191,237,0.045655942978231556,5191,0,0,2,0,0,0,5190,5190,0,1,0,0,0,0,0,1.0,117,117,0,0,0,"{""eligible"": 4954, ""historical_ST"": 229, ""new_listing_age_le_20"": 7, ""unmatched_or_special_limit_regime"": 1}",0.0,1.0,65,92,27,15,16,3,0.5,0.016667205136315078,0.0059558344378804525,2792614561168.0,0.8885992829074792,0.1320754716981132,0.18181818181818182,0.2727272727272727,2026-06-02,F1-formal-live-v1,F1-2025-a5-v1,d8ea4bf3c634204d1f9009d9f82093d593f4f3a7742ef98d3ba53907a56c7c63,2026-06-02 market close,post-close research convention; provider first-publication timestamp unverified,,OK
4958,66,57,11,123,11,3,0.5,65,0,0,65,0,6,49,49,5,14,14,0,2,2,0,0,0,0.023374860825155847,0.029943305131564624,65,0.02841104459716754,0.03880099400919139,16,65.3125,16,16,0,47,102,8,14,2,7,2,16,16,-0.00974970079386206,3129983550522.0,5195,5195,True,13.311819281968535,2.2186365469947558,6.655909640984268,20260603,66,56,10,5,11,0.125,0.3125,3145317155425.25,0.9951249415732841,-0.004886980286337975,0.2818912186466585,0.6202664888804739,0.14586027979721394,0.0,True,False,False,False,False,52.68682323631801,False,False,False,False,False,79.43728542173059,False,False,False,False,False,38.41440113770848,False,False,False,False,False,64.14712159217598,False,False,False,False,False,11.385558036467835,False,False,False,False,False,1.985430883037909,False,False,False,False,False,48.2765588756031,False,False,False,False,False,26.70334598790972,False,False,False,False,False,46.21275901588023,False,False,False,False,False,0.0,62.67187691266237,18.179984304749627,73.29665401209027,False,46.21275901588023,35.31794027431552,1.0,35.31794027431552,C,14.490380055797,5.734348903280647,上,5,4958,5195,237,0.04562078922040423,5195,0,0,2,0,0,0,5195,5195,0,0,0,0,0,0,0,1.0,65,65,0,0,0,"{""eligible"": 4958, ""historical_ST"": 229, ""new_listing_age_le_20"": 7, ""unmatched_or_special_limit_regime"": 1}",0.0,1.0,66,123,57,11,11,3,0.5,0.023374860825155847,0.029943305131564624,3129983550522.0,0.9951249415732841,0.12244897959183673,0.3125,0.125,2026-06-03,F1-formal-live-v1,F1-2025-a5-v1,d8ea4bf3c634204d1f9009d9f82093d593f4f3a7742ef98d3ba53907a56c7c63,2026-06-03 market close,post-close research convention; provider first-publication timestamp unverified,,OK
4958,79,24,7,103,10,4,0.6666666666666666,66,0,0,66,0,6,55,55,1,6,6,3,5,5,0,0,0,0.011738504650510332,0.018889320280592956,66,0.023626220507770634,0.04892217926978976,11,78.63636363636364,11,11,0,20,89,3,9,1,5,1,11,11,-0.016015775446380442,2757415675917.0,5195,5195,True,15.933844292053248,1.4118596208148448,10.62256286136883,20260604,79,24,7,5,10,0.10909090909090909,0.36363636363636365,3140493346973.95,0.8780199068321326,-0.1300860126745114,0.3007791810259812,0.7407664697386386,0.1289416172338433,7.202868303490866,False,False,False,False,False,3.810181287616769,False,False,False,False,False,52.12858289327904,False,False,False,False,False,27.68560579805131,False,False,False,False,False,78.49450072895085,False,False,False,False,False,51.776927336109615,False,False,False,False,False,67.46496809668994,False,False,False,False,False,28.97523343476733,False,False,False,False,False,20.23372012961992,False,False,False,False,False,16.55544332949232,False,False,False,False,False,7.202868303490866,53.13940977430342,62.0797014095935,79.76627987038009,False,16.55544332949232,42.73891736239816,1.0,42.73891736239816,C,7.420977088082644,-20.306389631134365,上,5,4958,5195,237,0.04562078922040423,5195,0,0,2,0,0,0,5195,5195,0,0,0,0,0,0,0,1.0,66,66,0,0,0,"{""eligible"": 4958, ""historical_ST"": 229, ""new_listing_age_le_20"": 7, ""unmatched_or_special_limit_regime"": 1}",0.0,1.0,79,103,24,7,10,4,0.6666666666666666,0.011738504650510332,0.018889320280592956,2757415675917.0,0.8780199068321326,0.10909090909090909,0.36363636363636365,0.09090909090909091,2026-06-04,F1-formal-live-v1,F1-2025-a5-v1,d8ea4bf3c634204d1f9009d9f82093d593f4f3a7742ef98d3ba53907a56c7c63,2026-06-04 market close,post-close research convention; provider first-publication timestamp unverified,,OK
4960,75,51,12,126,6,5,0.6666666666666666,79,0,0,79,0,4,69,69,1,6,6,0,1,1,1,3,3,0.007451768342637849,-0.007412770095558423,79,0.023470447079429003,-0.016993968559797356,10,44.5,10,10,0,40,109,8,12,3,5,5,10,10,0.004317525751233009,3068810356786.0,5197,5197,True,15.120967741935484,2.4193548387096775,10.080645161290322,20260605,74,50,12,5,6,0.057971014492753624,0.2,3121183392697.95,0.9832201350185069,-0.01692224187317556,0.27753116035838477,0.5427645430979823,0.4042043917160995,0.0,True,False,False,False,False,0.0,True,False,False,False,False,0.0,True,False,False,False,False,27.336322062472068,False,False,False,False,False,0.0,True,False,False,False,False,46.25872427227802,False,False,False,False,False,0.0,True,False,False,False,False,53.07854185826266,False,False,False,False,False,100.0,False,True,False,False,False,43.36183001554703,False,False,False,False,False,0.0,14.95208508874609,30.233854244345544,0.0,False,43.36183001554703,14.859300964636699,1.0,14.859300964636699,D,-27.879616397761463,-10.515759399212538,下,5,4960,5197,237,0.045603232634212044,5197,0,0,2,0,0,0,5197,5197,0,0,0,0,0,0,0,1.0,79,79,0,0,0,"{""eligible"": 4960, ""historical_ST"": 229, ""new_listing_age_le_20"": 7, ""unmatched_or_special_limit_regime"": 1}",0.0,1.0,75,126,51,12,6,5,0.6666666666666666,0.007451768342637849,-0.007412770095558423,3068810356786.0,0.9832201350185069,0.057971014492753624,0.2,0.5,2026-06-05,F1-formal-live-v1,F1-2025-a5-v1,d8ea4bf3c634204d1f9009d9f82093d593f4f3a7742ef98d3ba53907a56c7c63,2026-06-05 market close,post-close research convention; provider first-publication timestamp unverified,,OK
4961,55,15,36,70,14,6,0.8333333333333334,75,0,0,75,0,11,69,69,1,4,4,1,1,1,1,1,1,-0.011813622702575771,0.011437361935267181,75,0.016695899660129448,0.04690609035747948,6,77.5,6,6,0,13,54,1,12,1,4,1,5,5,-0.0313664596273292,2792523062913.9995,5198,5198,True,11.086474501108649,7.2566014916347505,9.238728750923874,20260608,55,14,36,5,14,0.16176470588235295,0.5,3122207341003.75,0.8944066674368394,-0.11159472196145907,0.3878576940550997,0.7770362122792063,0.20630658757414927,65.62771748298272,False,False,False,False,False,0.0,True,False,False,False,False,33.71863241383497,False,False,False,False,False,12.14605980360839,False,False,False,False,False,75.6365753720294,False,False,False,False,False,37.685714543123254,False,False,False,False,False,87.17390032639794,False,False,False,False,False,100.0,False,True,False,False,False,49.817761466499064,False,False,False,False,False,20.935685218466926,False,False,False,False,False,65.62771748298272,45.051600979951736,45.58515093148858,50.182238533500936,False,20.935685218466926,49.06131561656175,1.0,49.06131561656175,C,34.202014651925055,-5.101022886146559,上,5,4961,5198,237,0.045594459407464406,5198,0,0,2,0,0,0,5195,5195,0,3,0,0,0,0,0,1.0,75,75,0,0,0,"{""eligible"": 4961, ""historical_ST"": 228, ""new_listing_age_le_20"": 5, ""unmatched_or_special_limit_regime"": 4}",0.0,1.0,55,70,15,36,14,6,0.8333333333333334,-0.011813622702575771,0.011437361935267181,2792523062913.9995,0.8944066674368394,0.15942028985507245,0.5,0.2,2026-06-08,F1-formal-live-v1,F1-2025-a5-v1,d8ea4bf3c634204d1f9009d9f82093d593f4f3a7742ef98d3ba53907a56c7c63,2026-06-08 market close,post-close research convention; provider first-publication timestamp unverified,,OK
4962,130,24,10,154,10,3,0.5,55,0,0,55,0,8,41,41,2,11,11,0,1,1,0,2,2,0.018496581720737062,0.017745972206320043,55,0.010483029169796765,-0.0022361675207407316,14,36.666666666666664,3,3,0,23,143,1,9,0,2,1,13,13,0.006565450428424602,2640107722301.0996,5198,5198,True,26.199113260781946,2.015316404675534,13.099556630390973,20260609,129,24,5,7,10,0.1951219512195122,0.14285714285714285,3084902994411.1,0.8558154752626473,-0.15570049236009953,0.2875275529871571,0.8182361927868163,0.11461477087452737,0.0,True,False,False,False,False,32.19639672015206,False,False,False,False,False,49.30395875386272,False,False,False,False,False,0.0,True,False,False,False,False,5.974516308573144,False,False,False,False,False,76.99949268750811,False,False,False,False,False,100.0,False,True,False,False,False,43.41232923760126,False,False,False,False,False,14.755193956123785,False,False,False,False,False,10.487850827476972,False,False,False,False,False,0.0,27.405688667618406,79.94671476560292,85.24480604387621,False,10.487850827476972,39.228874084414876,1.0,39.228874084414876,C,-9.832441532146873,18.40131386589636,下,5,4962,5198,236,0.04540207772220085,5198,0,0,2,0,0,0,5197,5197,0,1,0,0,0,0,0,1.0,55,55,0,0,0,"{""eligible"": 4962, ""historical_ST"": 229, ""new_listing_age_le_20"": 6, ""unmatched_or_special_limit_regime"": 1}",0.0,1.0,130,154,24,10,10,3,0.5,0.018496581720737062,0.017745972206320043,2640107722301.0996,0.8558154752626473,0.1951219512195122,0.14285714285714285,0.07692307692307693,2026-06-09,F1-formal-live-v1,F1-2025-a5-v1,d8ea4bf3c634204d1f9009d9f82093d593f4f3a7742ef98d3ba53907a56c7c63,2026-06-09 market close,post-close research convention; provider first-publication timestamp unverified,,OK
4961,70,19,29,89,15,4,0.6666666666666666,130,0,0,130,0,13,120,120,1,8,8,1,2,2,0,0,0,0.010570234937593225,0.008177877147323065,130,0.023182412961776543,0.024426938083217532,10,61.5,10,10,0,11,66,4,17,4,6,2,10,10,-0.012992125984251923,2619010619642.03,5195,5195,True,14.11005845595646,5.845595646039105,9.406705637304306,20260610,70,19,25,7,15,0.1092436974789916,0.2,3054788891908.555,0.8573458632703544,-0.1539138673874575,0.2680577849250779,0.6473652264624993,0.2042043917160995,0.0,True,False,False,False,False,0.0,True,False,False,False,False,25.666124501979592,False,False,False,False,False,26.69047614600882,False,False,False,False,False,43.771046577918234,False,False,False,False,False,39.396178270259504,False,False,False,False,False,16.710850615957266,False,False,False,False,False,100.0,False,True,False,False,False,49.01389055581172,False,False,False,False,False,10.911068961164675,False,False,False,False,False,0.0,34.463456322279164,21.607269023688843,50.98610944418828,False,10.911068961164675,22.170187091042564,1.0,22.170187091042564,D,-17.058686993372312,-13.147753183272954,下,5,4961,5195,234,0.04504331087584216,5195,0,0,2,0,0,0,5194,5194,0,1,0,0,0,0,0,1.0,130,130,0,0,0,"{""eligible"": 4961, ""historical_ST"": 227, ""new_listing_age_le_20"": 6, ""unmatched_or_special_limit_regime"": 1}",0.0,1.0,70,89,19,29,15,4,0.6666666666666666,0.010570234937593225,0.008177877147323065,2619010619642.03,0.8573458632703544,0.10833333333333334,0.2,0.2,2026-06-10,F1-formal-live-v1,F1-2025-a5-v1,d8ea4bf3c634204d1f9009d9f82093d593f4f3a7742ef98d3ba53907a56c7c63,2026-06-10 market close,post-close research convention; provider first-publication timestamp unverified,,OK
4962,70,32,34,102,11,3,0.5,70,0,0,70,0,7,55,55,4,13,13,0,1,1,0,1,1,0.010668757505688508,0.00923227373431539,70,0.023418694620455753,0.02027927615406536,15,58.333333333333336,15,15,0,28,87,2,9,2,6,4,15,15,-0.013639374786094283,2551812530604.98,5193,5193,True,14.107214832728738,6.852075775896815,7.053607416364369,20260611,70,31,34,7,11,0.12727272727272726,0.26666666666666666,3023754237055.8564,0.8439219362912269,-0.16969528120981892,0.30870770637009853,0.7088505584037151,0.25315329378707463,12.52246875751945,False,False,False,False,False,0.0,True,False,False,False,False,28.270995336288447,False,False,False,False,False,27.220279856891633,False,False,False,False,False,37.89149031088917,False,False,False,False,False,15.435208162794309,False,False,False,False,False,50.121902238259665,False,False,False,False,False,100.0,False,True,False,False,False,67.73174614203866,False,False,False,False,False,7.172746365697795,False,False,False,False,False,12.52246875751945,33.13642435929412,23.716749048508603,32.26825385796134,False,7.172746365697795,22.287516206893766,1.0,22.287516206893766,D,0.1173291158512022,-20.451401155504396,平,5,4962,5193,231,0.04448295782784518,5193,0,0,2,0,0,0,5192,5192,0,1,0,0,0,0,0,1.0,70,70,0,0,0,"{""eligible"": 4962, ""historical_ST"": 224, ""new_listing_age_le_20"": 6, ""unmatched_or_special_limit_regime"": 1}",0.0,1.0,70,102,32,34,11,3,0.5,0.010668757505688508,0.00923227373431539,2551812530604.98,0.8439219362912269,0.12727272727272726,0.26666666666666666,0.26666666666666666,2026-06-11,F1-formal-live-v1,F1-2025-a5-v1,d8ea4bf3c634204d1f9009d9f82093d593f4f3a7742ef98d3ba53907a56c7c63,2026-06-11 market close,post-close research convention; provider first-publication timestamp unverified,,OK
4965,91,62,15,153,11,4,0.5,70,0,0,70,0,8,59,59,0,7,7,3,4,4,0,0,0,0.030875219689280486,0.005203771659442283,70,0.017867482598729997,-0.002876007220653297,11,48.18181818181818,11,11,0,58,138,3,11,1,4,3,11,11,0.013280212483399723,3214761838044.59,5194,5194,True,18.328298086606242,3.0211480362537766,9.164149043303121,20260612,91,62,15,7,11,0.13559322033898305,0.2727272727272727,2983248770724.6055,1.07760434516621,0.0747403783685176,0.28785258140667447,0.7027375319821063,0.2539416172338433,0.0,True,False,False,False,False,84.19087391907011,False,False,False,False,False,18.318641838328915,False,False,False,False,False,14.773047407924633,False,False,False,False,False,5.067505664558602,False,False,False,False,False,36.926289318531246,False,False,False,False,False,46.80009141131087,False,False,False,False,False,67.47583803389672,False,False,False,False,False,68.0331977335464,False,False,False,False,False,65.07499515184705,False,False,False,False,False,0.0,33.04487124037146,39.28158821289712,31.9668022664536,False,65.07499515184705,28.630901939784952,1.0,28.630901939784952,D,6.343385732891186,13.771600975148253,上,5,4965,5194,229,0.044089333846746244,5194,0,0,2,0,0,0,5193,5193,0,1,0,0,0,0,0,1.0,70,70,0,0,0,"{""eligible"": 4965, ""historical_ST"": 223, ""new_listing_age_le_20"": 5, ""unmatched_or_special_limit_regime"": 1}",0.0,1.0,91,153,62,15,11,4,0.5,0.030875219689280486,0.005203771659442283,3214761838044.59,1.07760434516621,0.13559322033898305,0.2727272727272727,0.2727272727272727,2026-06-12,F1-formal-live-v1,F1-2025-a5-v1,d8ea4bf3c634204d1f9009d9f82093d593f4f3a7742ef98d3ba53907a56c7c63,2026-06-12 market close,post-close research convention; provider first-publication timestamp unverified,,OK
4967,149,42,4,191,11,3,0.5,91,0,0,91,0,7,80,80,4,8,8,0,0,0,0,3,3,0.00975132351420492,0.022431737487643596,91,0.009833630740291461,0.04083623767400044,11,73.18181818181819,11,11,0,36,174,6,13,0,4,0,11,11,0.01335833138036091,3031014841131.96,5189,5189,True,29.997986712301188,0.8053150795248641,14.998993356150594,20260615,147,43,4,7,11,0.0875,0.36363636363636365,2976773991935.7354,1.018221352827983,0.018057333419205547,0.2882960563829135,0.7591428362065442,0.06644161723384327,0.0,True,False,False,False,False,0.0,True,False,False,False,False,60.88007107091216,False,False,False,False,False,0.0,True,False,False,False,False,67.03219994445271,False,False,False,False,False,96.3409490712404,False,False,False,False,False,77.45066239653599,False,False,False,False,False,14.464266145167764,False,False,False,False,False,0.0,True,False,False,False,False,51.647838998472004,False,False,False,False,False,0.0,46.98343359080853,87.02804493099181,100.0,False,51.647838998472004,52.18564400467474,1.0,52.18564400467474,B,23.55474206488979,3.1243283881129926,上,5,4967,5189,222,0.04278280978994026,5189,0,0,2,0,0,0,5188,5188,0,1,0,0,0,0,0,1.0,91,91,0,0,0,"{""eligible"": 4967, ""historical_ST"": 217, ""new_listing_age_le_20"": 4, ""unmatched_or_special_limit_regime"": 1}",0.0,1.0,149,191,42,4,11,3,0.5,0.00975132351420492,0.022431737487643596,3031014841131.96,1.018221352827983,0.0875,0.36363636363636365,0.0,2026-06-15,F1-formal-live-v1,F1-2025-a5-v1,d8ea4bf3c634204d1f9009d9f82093d593f4f3a7742ef98d3ba53907a56c7c63,2026-06-15 market close,post-close research convention; provider first-publication timestamp unverified,,OK
4971,117,38,7,155,31,4,0.6666666666666666,149,1,0,148,0,27,137,138,2,7,7,2,4,4,0,0,0,0.02781828318939408,0.04181405468173291,148,0.042584847855665894,0.06002502303945618,11,76.81818181818181,11,11,0,29,115,8,35,1,5,0,11,11,0.0004977600796416404,3064533915067.2705,5194,5194,True,23.536511768255885,1.408167370750352,15.691007845503922,20260616,117,38,7,7,30,0.1925925925925926,0.36363636363636365,2983644535569.033,1.0271109304523136,0.02674993918568119,0.33360840846985834,0.7618382908701,0.06644161723384327,29.229457818706578,False,False,False,False,False,71.35070397906605,False,False,False,False,False,100.0,False,True,False,False,False,70.19568118141471,False,False,False,False,False,94.23343890251856,False,False,False,False,False,100.0,False,True,False,False,False,78.91536905203132,False,False,False,False,False,28.88690007049876,False,False,False,False,False,0.0,True,False,False,False,False,53.70695517881428,False,False,False,False,False,29.229457818706578,84.23707562612299,85.39865415058627,100.0,False,53.70695517881428,68.4502288087777,1.0,68.4502288087777,A,16.264584804102952,29.22135472436282,上,5,4971,5194,223,0.04293415479399307,5194,0,0,2,0,0,0,5194,5194,0,0,0,0,0,0,0,1.0,149,148,1,0,0,"{""eligible"": 4971, ""historical_ST"": 218, ""new_listing_age_le_20"": 4, ""unmatched_or_special_limit_regime"": 1}",0.0,1.0,117,155,38,7,31,4,0.6666666666666666,0.02781828318939408,0.04181405468173291,3064533915067.2705,1.0271109304523136,0.19708029197080293,0.36363636363636365,0.0,2026-06-16,F1-formal-live-v1,F1-2025-a5-v1,d8ea4bf3c634204d1f9009d9f82093d593f4f3a7742ef98d3ba53907a56c7c63,2026-06-16 market close,post-close research convention; provider first-publication timestamp unverified,,OK
4968,87,31,1,118,19,3,0.5,117,2,0,115,0,9,84,86,10,27,27,0,2,2,0,2,2,0.011047290961178237,0.023532400035157174,115,0.024871236400249824,0.04397982912254881,31,75.3225806451613,31,31,0,21,89,7,16,3,13,0,31,31,-0.012158022358893184,3091518575604.8296,5190,5190,True,17.51207729468599,0.20128824476650564,8.756038647342995,20260617,87,30,1,7,19,0.10588235294117647,0.3333333333333333,2992555752590.0464,1.03306966726656,0.0325346295541777,0.29192417781362096,0.7098991651827076,0.0295296076594859,1.2616526215801567,False,False,False,False,False,0.906849394327177,False,False,False,False,False,63.599241261525705,False,False,False,False,False,30.47724880424456,False,False,False,False,False,71.48842687856775,False,False,False,False,False,32.77061026054434,False,False,False,False,False,50.69171383589255,False,False,False,False,False,0.013532448714519368,False,False,False,False,False,0.0,True,False,False,False,False,55.07724043688721,False,False,False,False,False,1.2616526215801567,53.518943444242296,55.846960834601504,100.0,False,55.07724043688721,47.44035339428058,1.0,47.44035339428058,C,-21.009875414497117,25.270166303238014,下,5,4968,5190,222,0.04277456647398844,5190,0,0,2,0,0,0,5190,5190,0,0,0,0,0,0,0,1.0,117,115,2,0,0,"{""eligible"": 4968, ""historical_ST"": 217, ""new_listing_age_le_20"": 4, ""unmatched_or_special_limit_regime"": 1}",0.0,1.0,87,118,31,1,19,3,0.5,0.011047290961178237,0.023532400035157174,3091518575604.8296,1.03306966726656,0.10714285714285714,0.3225806451612903,0.0,2026-06-17,F1-formal-live-v1,F1-2025-a5-v1,d8ea4bf3c634204d1f9009d9f82093d593f4f3a7742ef98d3ba53907a56c7c63,2026-06-17 market close,post-close research convention; provider first-publication timestamp unverified,,OK
4970,93,41,14,134,14,4,0.6666666666666666,87,0,0,87,0,9,68,68,4,9,9,1,10,10,0,0,0,0.008760281899236286,0.008602994583803654,87,0.015536312915332208,0.014813286563752312,19,60.78947368421053,19,19,0,38,117,2,11,1,6,3,19,19,-0.0066058515501620785,3309673850864.7603,5188,5188,True,18.712273641851105,2.8169014084507045,12.474849094567404,20260618,93,41,14,7,14,0.1323529411764706,0.2631578947368421,2999460793619.088,1.103422941185164,0.0984171129987328,0.26903019234810266,0.7632674049435622,0.16929441148922886,0.0,True,False,False,False,False,0.0,True,False,False,False,False,26.71637070450499,False,False,False,False,False,9.545970723828457,False,False,False,False,False,30.143126557961526,False,False,False,False,False,70.63826285928715,False,False,False,False,False,79.69194783228826,False,False,False,False,False,62.58944316377219,False,False,False,False,False,35.66446001174916,False,False,False,False,False,70.68357199111546,False,False,False,False,False,0.0,29.27578986864173,65.5001260940727,64.33553998825084,False,70.68357199111546,39.637634877657845,1.0,39.637634877657845,C,-7.802718516622733,17.35011867076408,下,5,4970,5188,218,0.042020046260601386,5188,0,0,2,0,0,0,5187,5187,0,1,0,0,0,0,0,1.0,87,87,0,0,0,"{""eligible"": 4970, ""historical_ST"": 212, ""new_listing_age_le_20"": 4, ""unmatched_or_special_limit_regime"": 2}",0.0,1.0,93,134,41,14,14,4,0.6666666666666666,0.008760281899236286,0.008602994583803654,3309673850864.7603,1.103422941185164,0.1323529411764706,0.2631578947368421,0.15789473684210525,2026-06-18,F1-formal-live-v1,F1-2025-a5-v1,d8ea4bf3c634204d1f9009d9f82093d593f4f3a7742ef98d3ba53907a56c7c63,2026-06-18 market close,post-close research convention; provider first-publication timestamp unverified,,OK
4976,136,26,4,162,24,5,0.8333333333333334,93,0,0,93,0,19,79,79,2,9,9,2,4,4,1,1,1,0.034313210636928715,0.04280483951463856,93,0.0572122121775799,0.05570095502700789,14,75.35714285714286,14,14,0,23,135,1,20,2,7,0,14,14,0.0024834454104570858,3736878681288.93,5191,5191,True,27.331189710610932,0.8038585209003215,22.775991425509112,20260622,136,26,3,8,24,0.24050632911392406,0.35714285714285715,2990883043034.626,1.2494232062974278,0.2226820098582786,0.37525994035053223,0.796203481841153,0.0559508355653417,57.175323952289126,False,False,False,False,False,98.63160175938972,False,False,False,False,False,100.0,False,True,False,False,False,100.0,False,True,False,False,False,88.10381657169204,False,False,False,False,False,100.0,False,True,False,False,False,97.58937036736725,False,False,False,False,False,14.4294194469992,False,False,False,False,False,0.0,True,False,False,False,False,100.0,False,True,False,False,False,57.175323952289126,91.12214347584339,95.54892476682875,100.0,False,100.0,85.1422718184519,1.0,85.1422718184519,S,45.50463694079406,56.511369878666954,上,5,4976,5191,215,0.041417838566750145,5191,0,0,2,0,0,0,5191,5191,0,0,0,0,0,0,0,1.0,93,93,0,0,0,"{""eligible"": 4976, ""historical_ST"": 212, ""new_listing_age_le_20"": 2, ""unmatched_or_special_limit_regime"": 1}",0.0,1.0,136,162,26,4,24,5,0.8333333333333334,0.034313210636928715,0.04280483951463856,3736878681288.93,1.2494232062974278,0.24050632911392406,0.35714285714285715,0.0,2026-06-22,F1-formal-live-v1,F1-2025-a5-v1,d8ea4bf3c634204d1f9009d9f82093d593f4f3a7742ef98d3ba53907a56c7c63,2026-06-22 market close,post-close research convention; provider first-publication timestamp unverified,,OK
4976,95,52,41,147,22,5,0.6666666666666666,136,0,0,136,0,16,112,112,5,19,19,0,2,2,1,3,3,0.030094205370659394,0.012988144962374304,136,0.036920306243951935,0.025496065501476425,24,64.0,5,5,0,38,111,10,26,4,10,2,23,23,0.0,3440492116486.18,5193,5193,True,19.091639871382636,8.239549839228294,12.72775991425509,20260623,95,52,41,4,22,0.14285714285714285,0.25,3032574570376.8228,1.134511958945389,0.12620256634164548,0.29122797569038317,0.6428681600057513,0.10939520984791044,0.7945396377490233,False,False,False,False,False,80.9103489303947,False,False,False,False,False,37.54981844714288,False,False,False,False,False,57.494334902097066,False,False,False,False,False,45.28659797040155,False,False,False,False,False,73.21358612308639,False,False,False,False,False,14.267150390365552,False,False,False,False,False,100.0,False,True,False,False,False,12.759255632970955,False,False,False,False,False,77.26542766173488,False,False,False,False,False,0.7945396377490233,55.51700471625536,34.2789370858625,87.24074436702904,False,77.26542766173488,43.3005307678763,1.0,43.3005307678763,C,-41.8417410505756,-8.88511323679844,下,5,4976,5193,217,0.041787020989793956,5193,0,0,2,0,0,0,5191,5191,0,2,0,0,0,0,0,1.0,136,136,0,0,0,"{""eligible"": 4976, ""historical_ST"": 212, ""new_listing_age_le_20"": 2, ""unmatched_or_special_limit_regime"": 3}",0.0,1.0,95,147,52,41,22,5,0.6666666666666666,0.030094205370659394,0.012988144962374304,3440492116486.18,1.134511958945389,0.14285714285714285,0.25,0.08695652173913043,2026-06-23,F1-formal-live-v1,F1-2025-a5-v1,d8ea4bf3c634204d1f9009d9f82093d593f4f3a7742ef98d3ba53907a56c7c63,2026-06-23 market close,post-close research convention; provider first-publication timestamp unverified,,OK
4977,97,27,13,124,12,4,0.6666666666666666,95,0,0,95,0,7,73,73,2,16,16,3,5,5,0,1,1,0.0037714765255540588,0.005996963072784068,95,0.0028039312775481533,0.025070197695829185,22,63.18181818181818,22,22,0,23,108,3,10,1,6,2,21,21,-0.01940035273368612,3284086765348.32,5192,5192,True,19.489652401044804,2.6120152702431185,12.993101600696535,20260624,98,27,10,6,12,0.0958904109589041,0.22727272727272727,3044326753837.0317,1.0787563329754593,0.07580883405918079,0.29354396414758155,0.7601911239182881,0.1178102259900574,2.348439349702215,False,False,False,False,False,0.0,True,False,False,False,False,20.27820923842073,False,False,False,False,False,0.0,True,False,False,False,False,44.6829051505938,False,False,False,False,False,75.91548957977604,False,False,False,False,False,78.02030061342953,False,False,False,False,False,57.68774865128088,False,False,False,False,False,15.977122637956825,False,False,False,False,False,65.32809237720475,False,False,False,False,False,2.348439349702215,30.045634844300217,68.25136388379053,84.02287736204318,False,65.32809237720475,43.758611583411835,1.0,43.758611583411835,C,0.45808081553553137,-24.69161722536586,平,5,4977,5192,215,0.041409861325115566,5192,0,0,2,0,0,0,5191,5191,0,1,0,0,0,0,0,1.0,95,95,0,0,0,"{""eligible"": 4977, ""historical_ST"": 211, ""new_listing_age_le_20"": 3, ""unmatched_or_special_limit_regime"": 1}",0.0,1.0,97,124,27,13,12,4,0.6666666666666666,0.0037714765255540588,0.005996963072784068,3284086765348.32,1.0787563329754593,0.0958904109589041,0.22727272727272727,0.09523809523809523,2026-06-24,F1-formal-live-v1,F1-2025-a5-v1,d8ea4bf3c634204d1f9009d9f82093d593f4f3a7742ef98d3ba53907a56c7c63,2026-06-24 market close,post-close research convention; provider first-publication timestamp unverified,,OK
4979,87,33,18,120,16,5,0.6666666666666666,97,1,0,96,0,14,84,85,1,7,7,0,2,2,1,3,3,0.02566787931575683,0.02489039103336675,96,0.027180648456598556,0.006902920970055099,12,54.583333333333336,12,12,0,26,97,6,20,1,3,2,12,12,-0.01831501831501836,3594003705150.4697,5191,5191,True,17.473388230568386,3.615183771841735,11.64892548704559,20260625,87,33,18,6,16,0.16470588235294117,0.16666666666666666,3046360564225.8975,1.1797696396663184,0.16531919879778337,0.28210206974711727,0.7108058078145172,0.1801803456318525,0.0,True,False,False,False,False,62.31827848440129,False,False,False,False,False,66.95413750088146,False,False,False,False,False,35.6555393421158,False,False,False,False,False,18.929715148025206,False,False,False,False,False,62.22810356598959,False,False,False,False,False,51.18438229547462,False,False,False,False,False,81.68754474489481,False,False,False,False,False,39.82719573373443,False,False,False,False,False,86.53142832652657,False,False,False,False,False,0.0,48.652766580030594,47.383889043588255,60.17280426626557,False,86.53142832652657,40.984882885906956,1.0,40.984882885906956,C,-2.773728697504879,-6.455470508373622,下,5,4979,5191,212,0.04083991523791177,5191,0,0,2,0,0,0,5190,5190,0,1,0,0,0,0,0,1.0,97,96,1,0,0,"{""eligible"": 4979, ""historical_ST"": 209, ""new_listing_age_le_20"": 2, ""unmatched_or_special_limit_regime"": 1}",0.0,1.0,87,120,33,18,16,5,0.6666666666666666,0.02566787931575683,0.02489039103336675,3594003705150.4697,1.1797696396663184,0.16666666666666666,0.16666666666666666,0.16666666666666666,2026-06-25,F1-formal-live-v1,F1-2025-a5-v1,d8ea4bf3c634204d1f9009d9f82093d593f4f3a7742ef98d3ba53907a56c7c63,2026-06-25 market close,post-close research convention; provider first-publication timestamp unverified,,OK
4980,60,37,32,97,8,6,0.8333333333333334,87,0,0,87,0,5,71,71,1,14,14,1,1,1,1,1,1,0.01225326383956962,0.0009557694013904467,87,0.02163019434476208,0.027265786735719694,16,65.9375,16,16,0,30,82,5,10,2,5,1,15,15,-0.028935945803415686,3552080880704.2305,5193,5193,True,12.048192771084338,6.42570281124498,10.040160642570282,20260626,60,37,32,6,8,0.07042253521126761,0.1875,3064149931332.121,1.1592386013435003,0.14776341145566968,0.31774454714066086,0.630615790868069,0.10315329378707463,18.58568734856998,False,False,False,False,False,5.972344442116562,False,False,False,False,False,7.824016454874486,False,False,False,False,False,23.210006320324393,False,False,False,False,False,47.79528256220876,False,False,False,False,False,45.84648124126739,False,False,False,False,False,7.609228495335531,False,False,False,False,False,100.0,False,True,False,False,False,10.372373017326876,False,False,False,False,False,82.37278973805978,False,False,False,False,False,18.58568734856998,32.60412428281778,21.001822469874394,89.62762698267312,True,50.0,37.56861692786878,1.0,37.56861692786878,C,-3.4162659580381742,-2.069017949789064,下,5,4980,5193,213,0.04101675332177932,5193,0,0,2,0,0,0,5190,5190,0,3,0,0,0,0,0,1.0,87,87,0,0,0,"{""eligible"": 4980, ""historical_ST"": 208, ""new_listing_age_le_20"": 3, ""unmatched_or_special_limit_regime"": 2}",0.0,1.0,60,97,37,32,8,6,0.8333333333333334,0.01225326383956962,0.0009557694013904467,3552080880704.2305,1.1592386013435003,0.07042253521126761,0.1875,0.06666666666666667,2026-06-26,F1-formal-live-v1,F1-2025-a5-v1,d8ea4bf3c634204d1f9009d9f82093d593f4f3a7742ef98d3ba53907a56c7c63,2026-06-26 market close,post-close research convention; provider first-publication timestamp unverified,,OK
4977,108,45,41,153,9,3,0.5,60,2,0,58,0,8,50,52,1,5,5,0,1,1,0,2,2,0.020190326277725636,0.013933245177564101,58,0.02461578066183169,-0.014827676762491998,8,41.666666666666664,3,3,0,35,134,7,15,3,4,3,7,7,-0.0017767906718488824,3517515730932.88,5189,5189,True,21.699819168173597,8.23789431384368,10.849909584086799,20260629,105,45,40,7,9,0.16,0.125,3093360002232.0825,1.1371181266954826,0.12849710268363276,0.2925004199075696,0.5794564171269017,0.3385888229784577,1.6482790838230912,False,False,False,False,False,39.310698226741515,False,False,False,False,False,39.88467424658113,False,False,False,False,False,29.904451918795296,False,False,False,False,False,0.0,True,False,False,False,False,54.09193823476197,False,False,False,False,False,0.0,True,False,False,False,False,100.0,False,True,False,False,False,100.0,False,True,False,False,False,77.8089605257687,False,False,False,False,False,1.6482790838230912,30.46532347075612,21.63677529390479,0.0,True,50.0,17.59165502654217,1.0,17.59165502654217,D,-19.97696190132661,-67.55061679190973,下,5,4977,5189,212,0.040855656195798805,5189,0,0,2,0,0,0,5187,5187,0,2,0,0,0,0,0,1.0,60,58,2,0,0,"{""eligible"": 4977, ""historical_ST"": 208, ""new_listing_age_le_20"": 3, ""unmatched_or_special_limit_regime"": 1}",0.0,1.0,108,153,45,41,9,3,0.5,0.020190326277725636,0.013933245177564101,3517515730932.88,1.1371181266954826,0.16,0.125,0.42857142857142855,2026-06-29,F1-formal-live-v1,F1-2025-a5-v1,d8ea4bf3c634204d1f9009d9f82093d593f4f3a7742ef98d3ba53907a56c7c63,2026-06-29 market close,post-close research convention; provider first-publication timestamp unverified,,OK
4974,142,26,7,168,21,3,0.5,108,1,0,107,0,20,98,99,1,8,8,0,1,1,0,0,0,0.017523347223836847,0.03352207792379375,107,0.016156539144389057,0.02805185971608669,9,64.44444444444444,9,9,0,24,145,2,22,0,1,0,9,9,0.005198284481194415,3273458545904.46,5186,5186,True,28.548451950140734,1.4073180538801768,14.274225975070367,20260630,139,26,7,4,19,0.1875,0.1111111111111111,3103303887270.3267,1.0548301632115706,0.05337977123107032,0.2700022831946232,0.8171478220128472,0.07593327683867802,0.0,True,False,False,False,False,28.108481798747093,False,False,False,False,False,88.27858952314793,False,False,False,False,False,10.936676035353713,False,False,False,False,False,48.909587536192916,False,False,False,False,False,88.96083658873115,False,False,False,False,False,100.0,False,True,False,False,False,28.866581019740504,False,False,False,False,False,0.0,True,False,False,False,False,60.015065717535975,False,False,False,False,False,0.0,53.597477712016186,88.36768938055734,100.0,False,60.015065717535975,54.88282221140923,1.0,54.88282221140923,B,37.29116718486706,11.582291443532924,上,5,4974,5186,212,0.040879290397223295,5186,0,0,2,0,0,0,5184,5184,0,2,0,0,0,0,0,1.0,108,107,1,0,0,"{""eligible"": 4974, ""historical_ST"": 208, ""new_listing_age_le_20"": 3, ""unmatched_or_special_limit_regime"": 1}",0.0,1.0,142,168,26,7,21,3,0.5,0.017523347223836847,0.03352207792379375,3273458545904.46,1.0548301632115706,0.20408163265306123,0.1111111111111111,0.0,2026-06-30,F1-formal-live-v1,F1-2025-a5-v1,d8ea4bf3c634204d1f9009d9f82093d593f4f3a7742ef98d3ba53907a56c7c63,2026-06-30 market close,post-close research convention; provider first-publication timestamp unverified,,OK
4979,153,77,8,230,25,3,0.5,142,0,0,142,0,20,121,121,5,20,20,0,1,1,0,0,0,0.02191761710486989,0.030481481450189512,142,0.026495424787552724,0.03263976678913659,21,66.66666666666667,21,21,0,71,199,3,23,3,8,1,21,21,0.020370370370370372,3659715064081.2803,5189,5189,True,30.72906206065475,1.6067483430407712,15.364531030327376,20260701,151,77,8,4,23,0.16666666666666666,0.15789473684210525,3123114876319.1997,1.1718157061178933,0.15855443145048026,0.2795102453444454,0.7141676442277161,0.07934868752851895,0.0,True,False,False,False,False,46.56590544389063,False,False,False,False,False,80.76684188406755,False,False,False,False,False,34.119093201206915,False,False,False,False,False,55.41321735093325,False,False,False,False,False,100.0,False,True,False,False,False,53.01119995101743,False,False,False,False,False,33.63774983845587,False,False,False,False,False,1.2695910675179096,False,False,False,False,False,84.92898111158395,False,False,False,False,False,0.0,59.91470228173033,75.14448252324213,98.73040893248209,False,84.92898111158395,55.90477379113911,1.0,55.90477379113911,B,1.0219515797298797,12.146162207727272,平,5,4979,5189,210,0.04047022547697052,5189,0,0,2,0,0,0,5188,5188,0,1,0,0,0,0,0,1.0,142,142,0,0,0,"{""eligible"": 4979, ""historical_ST"": 206, ""new_listing_age_le_20"": 3, ""unmatched_or_special_limit_regime"": 1}",0.0,1.0,153,230,77,8,25,3,0.5,0.02191761710486989,0.030481481450189512,3659715064081.2803,1.1718157061178933,0.1652892561983471,0.23809523809523808,0.047619047619047616,2026-07-01,F1-formal-live-v1,F1-2025-a5-v1,d8ea4bf3c634204d1f9009d9f82093d593f4f3a7742ef98d3ba53907a56c7c63,2026-07-01 market close,post-close research convention; provider first-publication timestamp unverified,,OK
4983,94,40,42,134,19,4,0.6666666666666666,153,0,0,153,0,15,128,128,1,20,20,3,5,5,0,0,0,0.007509542703962646,-0.0005450483299121634,153,0.007192650258895385,0.0009426816755852662,25,50.8,25,25,0,37,112,2,17,1,5,4,25,25,-0.005439005439005329,3450310137704.91,5194,5194,True,18.864138069436084,8.428657435279952,12.576092046290722,20260702,92,40,42,4,17,0.1171875,0.08695652173913043,3166469901464.864,1.0896393286759924,0.0858467503615627,0.2485698714478835,0.7699577603758667,0.16876886252471643,0.0,True,False,False,False,False,0.0,True,False,False,False,False,4.116268929784854,False,False,False,False,False,0.0,True,False,False,False,False,10.480723186919008,False,False,False,False,False,71.66919277043424,False,False,False,False,False,83.32747851355694,False,False,False,False,False,100.0,False,True,False,False,False,35.46349228407734,False,False,False,False,False,67.70588753212483,False,False,False,False,False,0.0,15.888856412401356,57.832294587918625,64.53650771592265,True,50.0,32.69411817494711,1.0,32.69411817494711,D,-23.210655616192,-8.290764710959849,下,5,4983,5194,211,0.040623796688486716,5194,0,0,2,0,0,0,5192,5192,0,2,0,0,0,0,0,1.0,153,153,0,0,0,"{""eligible"": 4983, ""historical_ST"": 206, ""new_listing_age_le_20"": 4, ""unmatched_or_special_limit_regime"": 1}",0.0,1.0,94,134,40,42,19,4,0.6666666666666666,0.007509542703962646,-0.0005450483299121634,3450310137704.91,1.0896393286759924,0.1171875,0.16,0.16,2026-07-02,F1-formal-live-v1,F1-2025-a5-v1,d8ea4bf3c634204d1f9009d9f82093d593f4f3a7742ef98d3ba53907a56c7c63,2026-07-02 market close,post-close research convention; provider first-publication timestamp unverified,,OK
4983,106,53,22,159,17,5,0.6666666666666666,94,0,0,94,0,13,75,75,3,15,15,0,1,1,1,3,3,0.005063412221599561,-0.0021950093873462726,94,0.007542867218964829,-0.007724152829945477,19,49.73684210526316,19,19,0,51,140,2,15,0,4,5,19,19,0.0113924050632912,3182238515930.7705,5193,5193,True,21.2723259080875,4.415011037527594,14.181550605391665,20260703,105,53,23,4,16,0.17333333333333334,0.17647058823529413,3182486230824.009,0.9999221630903414,-7.783993910802409e-05,0.2999167121700293,0.8012302320682537,0.2526277448225622,6.6241995702047305,False,False,False,False,False,0.0,True,False,False,False,False,0.04006507131505536,False,False,False,False,False,0.0,True,False,False,False,False,0.0,True,False,False,False,False,88.01714807509033,False,False,False,False,False,100.0,False,True,False,False,False,100.0,False,True,False,False,False,67.53077841436682,False,False,False,False,False,47.35195466889245,False,False,False,False,False,6.6241995702047305,12.443826143431403,70.20685923003614,32.46922158563318,False,47.35195466889245,30.87973963553213,1.0,30.87973963553213,D,-1.814378539414978,-6.688877292336652,平,5,4983,5193,210,0.040439052570768345,5193,0,0,2,0,0,0,5192,5192,0,1,0,0,0,0,0,1.0,94,94,0,0,0,"{""eligible"": 4983, ""historical_ST"": 205, ""new_listing_age_le_20"": 4, ""unmatched_or_special_limit_regime"": 1}",0.0,1.0,106,159,53,22,17,5,0.6666666666666666,0.005063412221599561,-0.0021950093873462726,3182238515930.7705,0.9999221630903414,0.17333333333333334,0.21052631578947367,0.2631578947368421,2026-07-03,F1-formal-live-v1,F1-2025-a5-v1,d8ea4bf3c634204d1f9009d9f82093d593f4f3a7742ef98d3ba53907a56c7c63,2026-07-03 market close,post-close research convention; provider first-publication timestamp unverified,,OK
4984,66,44,48,110,7,4,0.6666666666666666,106,0,0,106,0,4,89,89,1,13,13,2,3,3,0,1,1,0.009410092903110543,-0.00984496518451112,106,0.01517480695980061,-0.0038103469656678435,17,50.588235294117645,17,17,1,36,95,5,9,3,6,6,16,16,-0.011552616678799643,3090905981136.1504,5194,5194,True,13.242375601926165,9.630818619582664,8.828250401284109,20260706,66,43,47,4,7,0.0449438202247191,0.1875,3203727372824.6978,0.9647843344457011,-0.035850690241266074,0.27623496268112535,0.5882493672832069,0.3363364702734044,0.0,True,False,False,False,False,0.0,True,False,False,False,False,0.0,True,False,False,False,False,8.73538221764691,False,False,False,False,False,3.7430237764078145,False,False,False,False,False,33.50592324586439,False,False,False,False,False,0.0,True,False,False,False,False,100.0,False,True,False,False,False,99.54064519389293,False,False,False,False,False,38.87803363151856,False,False,False,False,False,0.0,14.65604732704562,13.402369298345755,0.459354806107072,False,38.87803363151856,10.631544343495769,1.0,10.631544343495769,D,-20.24819529203636,-6.960110683046402,下,5,4984,5194,210,0.04043126684636118,5194,0,0,2,0,0,0,5193,5193,0,1,0,0,0,0,0,1.0,106,106,0,0,0,"{""eligible"": 4984, ""historical_ST"": 205, ""new_listing_age_le_20"": 4, ""unmatched_or_special_limit_regime"": 1}",0.0,1.0,66,110,44,48,7,4,0.6666666666666666,0.009410092903110543,-0.00984496518451112,3090905981136.1504,0.9647843344457011,0.0449438202247191,0.17647058823529413,0.375,2026-07-06,F1-formal-live-v1,F1-2025-a5-v1,d8ea4bf3c634204d1f9009d9f82093d593f4f3a7742ef98d3ba53907a56c7c63,2026-07-06 market close,post-close research convention; provider first-publication timestamp unverified,,OK
4982,33,25,33,58,5,5,0.5,66,0,0,66,0,3,59,59,0,4,4,0,1,1,2,2,2,0.007509069925735725,-0.020866738309146045,66,0.036270135569832815,0.010891323701861062,7,56.42857142857143,7,7,0,22,50,3,6,0,2,3,7,7,-0.029233075769807437,2580999912640.12,5194,5194,True,6.623845845042151,6.623845845042151,3.3119229225210756,20260707,33,25,32,4,5,0.05084745762711865,0.2857142857142857,3204832154042.205,0.8053463609271222,-0.2164828320784651,0.30046892518541,0.6962180883461464,0.3385888229784577,6.9947038543991855,False,False,False,False,False,0.0,True,False,False,False,False,0.0,True,False,False,False,False,56.036486511405194,False,False,False,False,False,24.583512076941975,False,False,False,False,False,0.0,True,False,False,False,False,43.25743398404026,False,False,False,False,False,100.0,False,True,False,False,False,100.0,False,True,False,False,False,0.0,True,False,False,False,False,6.9947038543991855,27.114788504897398,15.14010189441409,0.0,False,0.0,11.332948937180104,1.0,11.332948937180104,D,0.7014045936843356,-43.54987327422912,平,5,4982,5194,212,0.04081632653061224,5194,0,0,2,0,0,0,5193,5193,0,1,0,0,0,0,0,1.0,66,66,0,0,0,"{""eligible"": 4982, ""historical_ST"": 207, ""new_listing_age_le_20"": 4, ""unmatched_or_special_limit_regime"": 1}",0.0,1.0,33,58,25,33,5,5,0.5,0.007509069925735725,-0.020866738309146045,2580999912640.12,0.8053463609271222,0.05084745762711865,0.2857142857142857,0.42857142857142855,2026-07-07,F1-formal-live-v1,F1-2025-a5-v1,d8ea4bf3c634204d1f9009d9f82093d593f4f3a7742ef98d3ba53907a56c7c63,2026-07-07 market close,post-close research convention; provider first-publication timestamp unverified,,OK
4983,47,14,44,61,8,6,0.6666666666666666,33,0,0,33,0,6,28,28,1,3,3,0,0,0,1,2,2,0.019981091972269643,0.016451217613917424,33,0.018548136369865697,0.01980068801218222,5,62.0,5,5,0,11,50,3,9,0,2,1,3,3,-0.014285714285714235,2563357348010.34,5194,5194,True,9.432069034718042,8.830022075055188,6.288046023145361,20260708,47,14,43,4,8,0.21428571428571427,0.4,3194255996528.5107,0.8024896410294522,-0.22003633243579432,0.33800331043919324,0.762919174145593,0.2578832344676866,32.17819311269559,False,False,False,False,False,38.43184319019316,False,False,False,False,False,46.10528709943563,False,False,False,False,False,16.29924667277602,False,False,False,False,False,37.213063294174724,False,False,False,False,False,7.6397011605312315,False,False,False,False,False,79.50271965704563,False,False,False,False,False,100.0,False,True,False,False,False,69.54045569108514,False,False,False,False,False,0.0,True,False,False,False,False,32.17819311269559,42.81100164026079,30.881832344178463,30.459544308914857,False,0.0,30.39116302377664,1.0,30.39116302377664,D,19.058214086596536,-25.513610767362465,上,5,4983,5194,211,0.040623796688486716,5194,0,0,2,0,0,0,5193,5193,0,1,0,0,0,0,0,1.0,33,33,0,0,0,"{""eligible"": 4983, ""historical_ST"": 207, ""new_listing_age_le_20"": 3, ""unmatched_or_special_limit_regime"": 1}",0.0,1.0,47,61,14,44,8,6,0.6666666666666666,0.019981091972269643,0.016451217613917424,2563357348010.34,0.8024896410294522,0.21428571428571427,0.4,0.3333333333333333,2026-07-08,F1-formal-live-v1,F1-2025-a5-v1,d8ea4bf3c634204d1f9009d9f82093d593f4f3a7742ef98d3ba53907a56c7c63,2026-07-08 market close,post-close research convention; provider first-publication timestamp unverified,,OK
4983,75,21,13,96,6,7,0.6666666666666666,47,0,0,47,0,4,39,39,1,6,6,0,1,1,1,1,1,0.0019706675328143002,0.012604851745634258,47,0.003493840389040881,0.01506947099251224,8,56.25,8,8,0,18,87,3,7,0,2,0,7,7,-0.0014224751066856944,2913539561920.0596,5194,5194,True,15.051173991571343,2.6088701585390326,10.034115994380894,20260709,74,21,13,4,6,0.10256410256410256,0.25,3190418477813.973,0.9132154863635235,-0.09078340612214555,0.3167611535216526,0.7497376877629669,0.0885888229784577,17.92588481088289,False,False,False,False,False,0.0,True,False,False,False,False,36.60289834744625,False,False,False,False,False,0.0,True,False,False,False,False,30.50628314819466,False,False,False,False,False,45.78493020472876,False,False,False,False,False,72.33991662607794,False,False,False,False,False,57.6125050212532,False,False,False,False,False,4.802980247490665,False,False,False,False,False,25.865497789078685,False,False,False,False,False,17.92588481088289,29.25351506450798,54.22981664570548,95.19701975250933,False,25.865497789078685,42.27137809616409,1.0,42.27137809616409,C,11.88021507238745,9.577259921216985,上,5,4983,5194,211,0.040623796688486716,5194,0,0,2,0,0,0,5194,5194,0,0,0,0,0,0,0,1.0,47,47,0,0,0,"{""eligible"": 4983, ""historical_ST"": 207, ""new_listing_age_le_20"": 3, ""unmatched_or_special_limit_regime"": 1}",0.0,1.0,75,96,21,13,6,7,0.6666666666666666,0.0019706675328143002,0.012604851745634258,2913539561920.0596,0.9132154863635235,0.10256410256410256,0.25,0.0,2026-07-09,F1-formal-live-v1,F1-2025-a5-v1,d8ea4bf3c634204d1f9009d9f82093d593f4f3a7742ef98d3ba53907a56c7c63,2026-07-09 market close,post-close research convention; provider first-publication timestamp unverified,,OK
4981,91,95,6,186,10,2,0.3333333333333333,75,1,0,74,0,10,69,69,0,3,4,0,1,1,0,1,1,0.03340443739409806,0.006761905750882388,74,0.02415565416589529,0.030889189370881677,5,75.0,5,6,0,84,165,9,19,2,2,0,4,5,0.011848341232227444,3388361992985.56,5194,5194,True,18.26942381047982,1.2045773940975708,6.089807936826607,20260710,89,95,6,3,9,0.1323529411764706,0.0,3205144924927.8745,1.0571634270365509,0.05558930897305431,0.28369270012010095,0.5308437872926148,0.1181184306379436,0.0,True,False,False,False,False,94.81444596459066,False,False,False,False,False,22.16798856498348,False,False,False,False,False,28.872731021010427,False,False,False,False,False,52.93167025133052,False,False,False,False,False,5.621095724440508,False,False,False,False,False,0.0,True,False,False,False,False,24.016214917821014,False,False,False,False,False,16.09497880726932,False,False,False,False,False,60.53846399853736,False,False,False,False,False,0.0,54.398461705651414,21.24438456032095,83.90502119273069,False,60.53846399853736,37.520187591064236,1.0,37.520187591064236,C,-4.751190505099856,6.640447955532107,下,5,4981,5194,213,0.041008856372737774,5194,0,0,2,0,0,0,5193,5193,0,1,0,0,0,0,0,1.0,75,74,1,0,0,"{""eligible"": 4981, ""historical_ST"": 208, ""new_listing_age_le_20"": 4, ""unmatched_or_special_limit_regime"": 1}",0.0,1.0,91,186,95,6,10,2,0.3333333333333333,0.03340443739409806,0.006761905750882388,3388361992985.56,1.0571634270365509,0.14492753623188406,0.0,0.0,2026-07-10,F1-formal-live-v1,F1-2025-a5-v1,d8ea4bf3c634204d1f9009d9f82093d593f4f3a7742ef98d3ba53907a56c7c63,2026-07-10 market close,post-close research convention; provider first-publication timestamp unverified,,OK
4985,29,18,182,47,10,3,0.5,91,0,0,91,0,6,81,81,4,10,10,0,0,0,0,0,0,0.005597285950746735,-0.028110037448974216,91,0.031115886860127295,0.02070359419087412,10,61.0,10,10,0,15,34,2,8,1,5,2,10,10,-0.04104477611940305,2817577669927.7705,5197,5197,True,5.817452357071214,36.509528585757266,2.908726178535607,20260713,28,16,183,3,9,0.075,0.3333333333333333,3246972398046.9033,0.8677553500678296,-0.14184545881087024,0.24771633006372273,0.7172926527948564,0.2042043917160995,0.0,True,False,False,False,False,0.0,True,False,False,False,False,0.0,True,False,False,False,False,44.47934700053708,False,False,False,False,False,38.49298624164416,False,False,False,False,False,0.0,True,False,False,False,False,54.70932565450533,False,False,False,False,False,100.0,False,True,False,False,False,49.01389055581172,False,False,False,False,False,13.76984986514528,False,False,False,False,False,0.0,29.56063569082046,19.148263979076862,50.98610944418828,False,13.76984986514528,20.851868152358037,1.0,20.851868152358037,D,-16.6683194387062,10.220323808862268,下,5,4985,5197,212,0.04079276505676352,5197,0,0,2,0,0,0,5196,5196,0,1,0,0,0,0,0,1.0,91,91,0,0,0,"{""eligible"": 4985, ""historical_ST"": 207, ""new_listing_age_le_20"": 4, ""unmatched_or_special_limit_regime"": 1}",0.0,1.0,29,47,18,182,10,3,0.5,0.005597285950746735,-0.028110037448974216,2817577669927.7705,0.8677553500678296,0.07407407407407407,0.4,0.2,2026-07-13,F1-formal-live-v1,F1-2025-a5-v1,d8ea4bf3c634204d1f9009d9f82093d593f4f3a7742ef98d3ba53907a56c7c63,2026-07-13 market close,post-close research convention; provider first-publication timestamp unverified,,OK
4985,81,21,25,102,5,3,0.5,29,0,1,28,0,4,19,19,1,6,6,0,3,4,0,0,0,0.0063263718903749655,0.022271263523010842,28,-0.001570499944776624,-0.012960875941558382,9,47.22222222222222,9,10,0,20,96,1,5,0,1,3,9,10,0.015280135823429575,2703781531944.44,5197,5197,True,16.248746238716148,5.015045135406218,8.124373119358074,20260714,81,21,26,1,5,0.21052631578947367,0.1111111111111111,3227113189641.0625,0.8378328781969899,-0.17693662774793353,0.253621481709978,0.7711297937128572,0.2902189911243923,0.0,True,False,False,False,False,0.0,True,False,False,False,False,60.48362256634125,False,False,False,False,False,0.0,True,False,False,False,False,0.0,True,False,False,False,False,26.33852905829126,False,False,False,False,False,83.96435994672031,False,False,False,False,False,100.0,False,True,False,False,False,81.90551390003094,False,False,False,False,False,5.457406429127454,False,False,False,False,False,0.0,26.321624971477455,39.92293760466861,18.09448609996906,False,5.457406429127454,18.343140081263684,1.0,18.343140081263684,D,-2.508728071094353,7.01019114408358,下,5,4985,5197,212,0.04079276505676352,5197,0,0,2,0,0,0,5196,5196,0,1,0,0,0,0,0,1.0,29,28,0,1,0,"{""eligible"": 4985, ""historical_ST"": 207, ""new_listing_age_le_20"": 4, ""unmatched_or_special_limit_regime"": 1}",0.0,1.0,81,102,21,25,5,3,0.5,0.0063263718903749655,0.022271263523010842,2703781531944.44,0.8378328781969899,0.21052631578947367,0.1111111111111111,0.3333333333333333,2026-07-14,F1-formal-live-v1,F1-2025-a5-v1,d8ea4bf3c634204d1f9009d9f82093d593f4f3a7742ef98d3ba53907a56c7c63,2026-07-14 market close,post-close research convention; provider first-publication timestamp unverified,missing_prev_cohort_n,PARTIAL
4985,71,29,35,100,15,4,0.6666666666666666,81,0,0,81,0,12,76,76,2,4,4,1,1,1,0,0,0,0.020531597779371656,0.014282798003158835,81,0.02726085370333442,0.05350497244773304,5,75.0,5,5,0,27,83,2,14,0,3,1,5,5,0.008474576271186418,2570931271938.0303,5198,5198,True,14.24272818455366,7.021063189568706,9.495152123035773,20260715,71,29,35,1,15,0.15789473684210525,0.6,3210751524181.6865,0.8007257031804337,-0.2222368335315056,0.3861409042046224,0.7969150904209097,0.20630658757414927,64.47584677920212,False,False,False,False,False,40.744154262540135,False,False,False,False,False,40.748239219832136,False,False,False,False,False,35.835379950948756,False,False,False,False,False,84.99088129470786,False,False,False,False,False,40.29680518921382,False,False,False,False,False,97.97605756970448,False,False,False,False,False,100.0,False,True,False,False,False,49.817761466499064,False,False,False,False,False,0.0,True,False,False,False,False,64.47584677920212,57.913680359787605,50.41034222508209,50.182238533500936,False,0.0,50.34566887977734,1.0,50.34566887977734,B,32.00252879851366,19.9545058560007,上,5,4985,5198,213,0.0409772989611389,5198,0,0,2,0,0,0,5197,5197,0,1,0,0,0,0,0,1.0,81,81,0,0,0,"{""eligible"": 4985, ""historical_ST"": 208, ""new_listing_age_le_20"": 4, ""unmatched_or_special_limit_regime"": 1}",0.0,1.0,71,100,29,35,15,4,0.6666666666666666,0.020531597779371656,0.014282798003158835,2570931271938.0303,0.8007257031804337,0.15789473684210525,0.6,0.2,2026-07-15,F1-formal-live-v1,F1-2025-a5-v1,d8ea4bf3c634204d1f9009d9f82093d593f4f3a7742ef98d3ba53907a56c7c63,2026-07-15 market close,post-close research convention; provider first-publication timestamp unverified,,OK
4984,40,26,36,66,9,5,0.6666666666666666,71,0,0,71,0,7,56,56,1,12,12,0,2,2,1,1,1,0.006006225633286221,0.02195826289561959,71,0.006078035871841081,-0.006713148897363445,15,48.333333333333336,15,15,0,21,52,3,10,2,4,5,15,15,-0.0021401874295764456,2403386691867.65,5197,5197,True,8.025682182985554,7.223113964686998,5.350454788657036,20260716,40,26,36,1,9,0.125,0.13333333333333333,3186071392025.2246,0.7543417570250799,-0.28190975501090343,0.27991104263253963,0.6456355671534286,0.3031532937870746,0.0,True,False,False,False,False,0.0,True,False,False,False,False,59.71035924638157,False,False,False,False,False,0.0,True,False,False,False,False,0.0,True,False,False,False,False,0.0,True,False,False,False,False,15.770955934741163,False,False,False,False,False,100.0,False,True,False,False,False,86.85153718360925,False,False,False,False,False,0.0,True,False,False,False,False,0.0,26.413819552464915,5.519834577159407,13.148462816390747,False,0.0,9.28777805375942,1.0,9.28777805375942,D,-41.057890826017925,-32.983600042404674,下,5,4984,5197,213,0.04098518375986146,5197,0,0,2,0,0,0,5196,5196,0,1,0,0,0,0,0,1.0,71,71,0,0,0,"{""eligible"": 4984, ""historical_ST"": 208, ""new_listing_age_le_20"": 4, ""unmatched_or_special_limit_regime"": 1}",0.0,1.0,40,66,26,36,9,5,0.6666666666666666,0.006006225633286221,0.02195826289561959,2403386691867.65,0.7543417570250799,0.125,0.13333333333333333,0.3333333333333333,2026-07-16,F1-formal-live-v1,F1-2025-a5-v1,d8ea4bf3c634204d1f9009d9f82093d593f4f3a7742ef98d3ba53907a56c7c63,2026-07-16 market close,post-close research convention; provider first-publication timestamp unverified,,OK
4984,32,12,206,44,7,4,0.6666666666666666,40,0,0,40,0,4,31,31,2,7,7,1,1,1,0,1,1,0.015228679530588166,-0.012829755727892786,40,0.040369389965778595,0.00540373709114846,9,52.77777777777778,9,9,0,9,34,2,6,1,4,3,8,8,-0.043171680272362456,2654743228475.8403,5195,5195,True,6.420545746388443,41.3322632423756,4.280363830925628,20260717,32,12,206,0,7,0.12903225806451613,0.3333333333333333,3151664797838.3657,0.8423304503374378,-0.1715828828985732,0.3498755565211575,0.7202566506184891,0.31254352890319176,40.143811296008245,False,False,False,False,False,18.470099340280907,False,False,False,False,False,0.0,True,False,False,False,False,65.22805983522944,False,False,False,False,False,16.80453326936225,False,False,False,False,False,0.0,True,False,False,False,False,56.31995832358586,False,False,False,False,False,100.0,False,True,False,False,False,90.4423238486368,False,False,False,False,False,6.725608731279199,False,False,False,False,False,40.143811296008245,28.810540702387584,19.71198541325505,9.557676151363196,False,6.725608731279199,24.27407815884776,1.0,24.27407815884776,D,14.986300105088342,-13.246109432216475,上,5,4984,5195,211,0.04061597690086622,5195,0,0,2,0,0,0,5195,5195,0,0,0,0,0,0,0,1.0,40,40,0,0,0,"{""eligible"": 4984, ""historical_ST"": 206, ""new_listing_age_le_20"": 4, ""unmatched_or_special_limit_regime"": 1}",0.0,1.0,32,44,12,206,7,4,0.6666666666666666,0.015228679530588166,-0.012829755727892786,2654743228475.8403,0.8423304503374378,0.12903225806451613,0.3333333333333333,0.375,2026-07-17,F1-formal-live-v1,F1-2025-a5-v1,d8ea4bf3c634204d1f9009d9f82093d593f4f3a7742ef98d3ba53907a56c7c63,2026-07-17 market close,post-close research convention; provider first-publication timestamp unverified,,OK
4986,54,41,237,95,8,3,0.5,32,0,0,32,0,7,25,25,1,4,4,0,2,2,0,1,1,0.016096312659392476,0.007885133223051444,32,-0.028635111459915295,-0.05061600441180179,7,26.428571428571427,7,7,1,33,79,7,14,1,2,4,7,7,-0.01811799366454936,2701921073630.0796,5197,5197,True,10.830324909747292,47.533092659446446,5.415162454873646,20260720,54,42,237,0,8,0.28,0.14285714285714285,3118918266718.9194,0.8663006986946413,-0.14352320355901996,0.32407549362496507,0.6174709262317014,0.42192215631179103,22.833401057062233,False,False,False,False,False,22.114452705108327,False,False,False,False,False,24.94290506096122,False,False,False,False,False,0.0,True,False,False,False,False,0.0,True,False,False,False,False,0.0,True,False,False,False,False,0.46632567497273714,False,False,False,False,False,100.0,False,True,False,False,False,100.0,False,True,False,False,False,13.372423425915422,False,False,False,False,False,22.833401057062233,16.13175250459088,0.163213986240458,0.0,False,13.372423425915422,11.449539894470409,1.0,11.449539894470409,D,-12.824538264377352,-9.402328257887628,下,5,4986,5197,211,0.04060034635366558,5197,0,0,3,0,0,0,5197,5197,0,0,0,0,0,0,0,1.0,32,32,0,0,0,"{""eligible"": 4986, ""historical_ST"": 206, ""new_listing_age_le_20"": 4, ""unmatched_or_special_limit_regime"": 1}",0.0,1.0,54,95,41,237,8,3,0.5,0.016096312659392476,0.007885133223051444,2701921073630.0796,0.8663006986946413,0.28,0.14285714285714285,0.5714285714285714,2026-07-20,F1-formal-live-v1,F1-2025-a5-v1,d8ea4bf3c634204d1f9009d9f82093d593f4f3a7742ef98d3ba53907a56c7c63,2026-07-20 market close,post-close research convention; provider first-publication timestamp unverified,,OK
4986,117,10,21,127,5,4,0.6666666666666666,54,0,0,54,0,3,46,46,1,7,7,1,1,1,0,0,0,0.010387184467163415,0.01152275305480666,54,0.004904808480307915,-0.013881267979517678,8,44.375,8,8,0,10,122,0,3,0,2,2,8,8,0.005908904430441675,2956903456345.75,5198,5198,True,23.465703971119133,4.21179302045728,15.643802647412755,20260721,120,10,21,0,5,0.06521739130434782,0.25,3067170386335.977,0.9640492975279567,-0.03661284716464284,0.2892893359228524,0.8294378427018279,0.2356204519801148,0.0,True,False,False,False,False,0.0,True,False,False,False,False,33.929589884241665,False,False,False,False,False,0.0,True,False,False,False,False,0.0,True,False,False,False,False,100.0,False,True,False,False,False,100.0,False,True,False,False,False,95.96082016325155,False,False,False,False,False,61.027260707758956,False,False,False,False,False,38.69749287135462,False,False,False,False,False,0.0,19.236851572218,76.0097949591871,38.972739292241044,False,38.69749287135462,31.961099430280715,1.0,31.961099430280715,D,20.511559535810306,13.617959349017031,上,5,4986,5198,212,0.04078491727587533,5198,0,0,3,0,0,0,5197,5197,0,1,0,0,0,0,0,1.0,54,54,0,0,0,"{""eligible"": 4986, ""historical_ST"": 206, ""new_listing_age_le_20"": 5, ""unmatched_or_special_limit_regime"": 1}",0.0,1.0,117,127,10,21,5,4,0.6666666666666666,0.010387184467163415,0.01152275305480666,2956903456345.75,0.9640492975279567,0.06521739130434782,0.25,0.25,2026-07-21,F1-formal-live-v1,F1-2025-a5-v1,d8ea4bf3c634204d1f9009d9f82093d593f4f3a7742ef98d3ba53907a56c7c63,2026-07-21 market close,post-close research convention; provider first-publication timestamp unverified,,OK
4988,45,40,9,85,11,5,0.8333333333333334,117,0,0,117,0,8,112,112,1,3,3,1,1,1,1,1,1,0.01313539917325863,0.015050798709848242,117,0.0548554716948626,0.0705339735979833,5,90.0,5,5,0,31,65,9,17,0,3,0,5,5,-0.01295080908934415,2653166113394.0,5198,5198,True,9.021651964715316,1.8043303929430634,7.5180433039294305,20260722,46,40,9,0,12,0.0782608695652174,0.6,3042990953328.9556,0.8718941837442872,-0.13708721135363483,0.37840187262035047,0.6810312484141077,0.10630658757414924,59.28338612067877,False,False,False,False,False,9.677611985315435,False,False,False,False,False,42.645573359816765,False,False,False,False,False,97.70954781496388,False,False,False,False,False,100.0,False,True,False,False,False,20.16443464375919,False,False,False,False,False,35.00492437029847,False,False,False,False,False,38.36470139430783,False,False,False,False,False,11.57817938335786,False,False,False,False,False,14.896989941720772,False,False,False,False,False,59.28338612067877,68.96269221810144,35.72632203853118,88.42182061664214,False,14.896989941720772,56.124023853516235,1.0,56.124023853516235,B,24.16292442323552,5.778354973738892,上,5,4988,5198,210,0.040400153905348214,5198,0,0,3,0,0,0,5197,5197,0,1,0,0,0,0,0,1.0,117,117,0,0,0,"{""eligible"": 4988, ""historical_ST"": 205, ""new_listing_age_le_20"": 4, ""unmatched_or_special_limit_regime"": 1}",0.0,1.0,45,85,40,9,11,5,0.8333333333333334,0.01313539917325863,0.015050798709848242,2653166113394.0,0.8718941837442872,0.07142857142857142,0.6,0.0,2026-07-22,F1-formal-live-v1,F1-2025-a5-v1,d8ea4bf3c634204d1f9009d9f82093d593f4f3a7742ef98d3ba53907a56c7c63,2026-07-22 market close,post-close research convention; provider first-publication timestamp unverified,,OK
4988,116,24,2,140,15,6,0.8333333333333334,45,0,0,45,0,9,34,34,4,8,8,1,1,1,1,2,2,0.029369336777826247,0.045603854477808445,45,0.03585035901877964,0.05754660064241681,11,78.33333333333333,3,3,0,21,122,2,11,1,7,0,10,10,0.017753575191702065,2194997488854.8604,5198,5198,True,23.25581395348837,0.40096230954290296,19.37984496124031,20260723,116,24,2,0,15,0.2647058823529412,0.5,3011444920731.2393,0.7288851520225949,-0.31623910119163307,0.4354894031943298,0.8013400639333463,0.07087105838276615,97.58595064310076,False,False,False,False,False,77.86565502965614,False,False,False,False,False,100.0,False,True,False,False,False,55.09524047592047,False,False,False,False,False,90.7201284674425,False,False,False,False,False,100.0,False,True,False,False,False,100.0,False,True,False,False,False,4.790533353527622,False,False,False,False,False,0.0,True,False,False,False,False,0.0,True,False,False,False,False,97.58595064310076,82.8063987828701,98.8023666616181,100.0,False,0.0,84.13137861074757,1.0,84.13137861074757,S,28.00735475723134,74.84360055698815,上,5,4988,5198,210,0.040400153905348214,5198,0,0,3,0,0,0,5197,5197,0,1,0,0,0,0,0,1.0,45,45,0,0,0,"{""eligible"": 4988, ""historical_ST"": 205, ""new_listing_age_le_20"": 4, ""unmatched_or_special_limit_regime"": 1}",0.0,1.0,116,140,24,2,15,6,0.8333333333333334,0.029369336777826247,0.045603854477808445,2194997488854.8604,0.7288851520225949,0.2647058823529412,0.5454545454545454,0.0,2026-07-23,F1-formal-live-v1,F1-2025-a5-v1,d8ea4bf3c634204d1f9009d9f82093d593f4f3a7742ef98d3ba53907a56c7c63,2026-07-23 market close,post-close research convention; provider first-publication timestamp unverified,,OK
4988,40,13,24,53,18,4,0.6666666666666666,116,0,0,116,0,14,101,101,2,9,9,2,4,4,0,2,2,0.016425159601370674,-0.0029651678907489693,116,0.04540252388247285,0.012177856594581498,15,54.166666666666664,6,6,0,6,28,5,19,2,6,4,14,14,-0.028484480032547,1930921625909.7097,5197,5197,True,8.019246190858059,4.811547714514836,5.346164127238706,20260724,41,13,24,0,18,0.13861386138613863,0.26666666666666666,2941494609916.459,0.656442347166004,-0.4209204075784124,0.30662709485167605,0.7216982486515705,0.2664771513548154,11.126493907509111,False,False,False,False,False,23.495721376998503,False,False,False,False,False,0.0,True,False,False,False,False,76.51362910599151,False,False,False,False,False,26.407248596779233,False,False,False,False,False,0.0,True,False,False,False,False,57.10332087171266,False,False,False,False,False,100.0,False,True,False,False,False,72.82673359329573,False,False,False,False,False,0.0,True,False,False,False,False,11.126493907509111,33.558412367148875,19.98616230509943,27.173266406704272,False,0.0,19.51836485814731,1.0,19.51836485814731,D,-64.61301375260027,-4.7557133007004495,下,5,4988,5197,209,0.0402155089474697,5197,0,0,3,0,0,0,5196,5196,0,1,0,0,0,0,0,1.0,116,116,0,0,0,"{""eligible"": 4988, ""historical_ST"": 205, ""new_listing_age_le_20"": 3, ""unmatched_or_special_limit_regime"": 1}",0.0,1.0,40,53,13,24,18,4,0.6666666666666666,0.016425159601370674,-0.0029651678907489693,1930921625909.7097,0.656442347166004,0.13861386138613863,0.26666666666666666,0.2857142857142857,2026-07-24,F1-formal-live-v1,F1-2025-a5-v1,d8ea4bf3c634204d1f9009d9f82093d593f4f3a7742ef98d3ba53907a56c7c63,2026-07-24 market close,post-close research convention; provider first-publication timestamp unverified,,OK
4983,110,14,6,124,8,5,0.8333333333333334,40,0,0,40,0,3,22,22,2,14,14,1,2,2,2,2,2,0.0024788667893213823,0.03260169568377498,40,0.006020042180046463,0.043263163699693234,18,69.72222222222223,18,18,0,9,111,2,5,3,8,1,18,18,0.028037383177570208,2076474844705.9202,5193,5193,True,22.07505518763797,1.2040939193257074,18.395879323031643,20260727,111,14,6,0,8,0.13043478260869565,0.2777777777777778,2860436647176.7334,0.7259293250753909,-0.32030261727700643,0.34244515092792494,0.7089921212518634,0.08969851633658664,35.15842154800121,False,False,False,False,False,0.0,True,False,False,False,False,86.00479910783602,False,False,False,False,False,0.0,True,False,False,False,False,70.47251122529396,False,False,False,False,False,100.0,False,True,False,False,False,50.19882731092258,False,False,False,False,False,24.004648270819402,False,False,False,False,False,5.227322350043546,False,False,False,False,False,0.0,True,False,False,False,False,35.15842154800121,52.87093469874793,76.56842749111804,94.77267764995645,False,0.0,54.32597719162995,1.0,54.32597719162995,B,34.80761233348264,42.87643729715954,上,5,4983,5193,210,0.040439052570768345,5193,0,0,4,0,0,0,5191,5191,0,2,0,0,0,0,0,1.0,40,40,0,0,0,"{""eligible"": 4983, ""historical_ST"": 205, ""new_listing_age_le_20"": 4, ""unmatched_or_special_limit_regime"": 1}",0.0,1.0,110,124,14,6,8,5,0.8333333333333334,0.0024788667893213823,0.03260169568377498,2076474844705.9202,0.7259293250753909,0.13636363636363635,0.2777777777777778,0.05555555555555555,2026-07-27,F1-formal-live-v1,F1-2025-a5-v1,d8ea4bf3c634204d1f9009d9f82093d593f4f3a7742ef98d3ba53907a56c7c63,2026-07-27 market close,post-close research convention; provider first-publication timestamp unverified,,OK
4983,60,21,48,81,16,6,0.8333333333333334,110,0,0,110,0,13,102,102,1,3,3,1,2,2,1,3,3,0.013623687170519013,0.005854559910815615,110,0.07034749349453934,0.04151947552432228,8,69.0,5,5,0,13,57,6,19,2,5,0,6,6,-0.0017656146546017881,2025614009305.98,5194,5194,True,12.040939193257074,9.63275135460566,10.034115994380896,20260728,60,21,48,0,16,0.1262135922330097,0.375,2788384602865.3853,0.7264471361749842,-0.31958956369159175,0.34358545432885523,0.6929757655457951,0.09664235234013567,35.92350184049467,False,False,False,False,False,11.728587157590201,False,False,False,False,False,19.926404378749194,False,False,False,False,False,100.0,False,True,False,False,False,68.0007300352242,False,False,False,False,False,45.784930204728774,False,False,False,False,False,41.49555987458151,False,False,False,False,False,100.0,False,True,False,False,False,7.882616218339389,False,False,False,False,False,0.0,True,False,False,False,False,35.92350184049467,52.189064303511316,32.837418037995036,92.1173837816606,False,0.0,44.22642166186003,1.0,44.22642166186003,C,-10.099555529769923,12.265322231579315,下,5,4983,5194,211,0.040623796688486716,5194,0,0,4,0,0,0,5193,5193,0,1,0,0,0,0,0,1.0,110,110,0,0,0,"{""eligible"": 4983, ""historical_ST"": 206, ""new_listing_age_le_20"": 4, ""unmatched_or_special_limit_regime"": 1}",0.0,1.0,60,81,21,48,16,6,0.8333333333333334,0.013623687170519013,0.005854559910815615,2025614009305.98,0.7264471361749842,0.12745098039215685,0.375,0.0,2026-07-28,F1-formal-live-v1,F1-2025-a5-v1,d8ea4bf3c634204d1f9009d9f82093d593f4f3a7742ef98d3ba53907a56c7c63,2026-07-28 market close,post-close research convention; provider first-publication timestamp unverified,,OK
4983,81,16,11,97,11,7,0.6666666666666666,60,0,0,60,0,6,44,44,4,13,13,0,1,1,1,2,2,0.013804407439732368,0.006464141759204707,60,0.027657605384095292,0.0101019954271599,16,63.333333333333336,3,3,0,12,82,3,9,1,6,4,15,15,0.015704154002026405,2296338608649.03,5193,5193,True,16.25526791089705,2.207505518763797,10.836845273931367,20260729,81,16,11,0,11,0.13636363636363635,0.3125,2725992376035.461,0.8423862916259154,-0.17151659129345392,0.32833120151907824,0.7659662819844655,0.25315329378707463,25.68874485217724,False,False,False,False,False,12.487673572499045,False,False,False,False,False,21.432367123300818,False,False,False,False,False,36.72499835781582,False,False,False,False,False,23.46459253057213,False,False,False,False,False,53.958907857056815,False,False,False,False,False,81.15851420330628,False,False,False,False,False,48.01026023541498,False,False,False,False,False,67.73174614203866,False,False,False,False,False,6.741311976127645,False,False,False,False,False,25.68874485217724,33.04419341603974,62.98647805512617,32.26825385796134,False,6.741311976127645,34.60298864842718,1.0,34.60298864842718,D,-9.623433013432852,-21.521035205089056,下,5,4983,5193,210,0.040439052570768345,5193,0,0,4,0,0,0,5192,5192,0,1,0,0,0,0,0,1.0,60,60,0,0,0,"{""eligible"": 4983, ""historical_ST"": 205, ""new_listing_age_le_20"": 4, ""unmatched_or_special_limit_regime"": 1}",0.0,1.0,81,97,16,11,11,7,0.6666666666666666,0.013804407439732368,0.006464141759204707,2296338608649.03,0.8423862916259154,0.13636363636363635,0.3125,0.26666666666666666,2026-07-29,F1-formal-live-v1,F1-2025-a5-v1,d8ea4bf3c634204d1f9009d9f82093d593f4f3a7742ef98d3ba53907a56c7c63,2026-07-29 market close,post-close research convention; provider first-publication timestamp unverified,,OK
4988,51,22,80,73,10,8,0.8333333333333334,81,1,0,80,0,6,69,70,1,6,6,2,4,4,1,1,1,0.00924739637900933,-0.0021736737060918886,80,0.02386479295285261,0.015024347674414386,11,57.27272727272727,11,11,0,16,57,4,10,2,6,2,10,10,-0.011805216825772846,2342574867663.8003,5197,5197,True,10.224538893344025,16.038492381716118,8.520449077786688,20260730,51,22,80,0,10,0.08695652173913043,0.36363636363636365,2657823553263.8486,0.8813884069870184,-0.12625687961398663,0.33433983865073186,0.681575520149666,0.2042043917160995,29.720206873970923,False,False,False,False,False,0.0,True,False,False,False,False,0.09277454943295022,False,False,False,False,False,28.220546036008678,False,False,False,False,False,30.442318174133813,False,False,False,False,False,30.371664656176655,False,False,False,False,False,35.30068094311305,False,False,False,False,False,100.0,False,True,False,False,False,49.01389055581172,False,False,False,False,False,17.462493534393865,False,False,False,False,False,29.720206873970923,24.68421097165504,24.503904192560228,50.98610944418828,False,17.462493534393865,29.62426724600379,1.0,29.62426724600379,D,-4.978721402423389,-54.507111364743785,下,5,4988,5197,209,0.0402155089474697,5197,0,0,4,0,0,0,5195,5195,0,2,0,0,0,0,0,1.0,81,80,1,0,0,"{""eligible"": 4988, ""historical_ST"": 204, ""new_listing_age_le_20"": 4, ""unmatched_or_special_limit_regime"": 1}",0.0,1.0,51,73,22,80,10,8,0.8333333333333334,0.00924739637900933,-0.0021736737060918886,2342574867663.8003,0.8813884069870184,0.08695652173913043,0.36363636363636365,0.2,2026-07-30,F1-formal-live-v1,F1-2025-a5-v1,d8ea4bf3c634204d1f9009d9f82093d593f4f3a7742ef98d3ba53907a56c7c63,2026-07-30 market close,post-close research convention; provider first-publication timestamp unverified,,OK
4988,99,121,0,220,10,9,1.0,51,0,0,51,0,6,41,41,1,6,6,1,1,1,2,3,3,-0.0029608259398111367,0.029774110319167917,51,0.01957386693231733,0.05527125029315601,10,93.75,4,4,0,115,204,4,10,2,6,0,9,9,0.020220588235293935,2541755785188.93,5197,5197,True,19.847634322373697,0.0,19.847634322373697,20260731,99,121,0,0,10,0.14634146341463414,0.4,2602436789761.793,0.9766830054003283,-0.023593136700228834,0.3651166063393978,0.6266565164584311,0.07593327683867802,50.369709809801755,False,False,False,False,False,0.0,True,False,False,False,False,79.01929219454675,False,False,False,False,False,18.59919606957027,False,False,False,False,False,87.49468467906276,False,False,False,False,False,100.0,False,True,False,False,False,5.4577637880498555,False,False,False,False,False,0.0,True,False,False,False,False,0.0,True,False,False,False,False,41.78161944983582,False,False,False,False,False,50.369709809801755,63.379901359034235,66.91021732581746,100.0,False,41.78161944983582,64.25401459378263,1.0,64.25401459378263,B,34.62974734777884,44.73564973563532,上,5,4988,5197,209,0.0402155089474697,5197,0,0,4,0,0,0,5195,5195,0,2,0,0,0,0,0,1.0,51,51,0,0,0,"{""eligible"": 4988, ""historical_ST"": 204, ""new_listing_age_le_20"": 4, ""unmatched_or_special_limit_regime"": 1}",0.0,1.0,99,220,121,0,10,9,1.0,-0.0029608259398111367,0.029774110319167917,2541755785188.93,0.9766830054003283,0.14634146341463414,0.4,0.0,2026-07-31,F1-formal-live-v1,F1-2025-a5-v1,d8ea4bf3c634204d1f9009d9f82093d593f4f3a7742ef98d3ba53907a56c7c63,2026-07-31 market close,post-close research convention; provider first-publication timestamp unverified,,OK
4987,75,18,8,93,17,6,1.0,99,1,0,98,0,13,89,89,1,6,6,1,1,1,2,2,3,0.022743367359572865,0.01130278343154676,98,0.04750809810142817,0.04046254875696715,9,100.0,2,3,0,15,73,2,15,1,5,1,8,8,0.014216922724145764,1997163703585.51,5197,5197,True,15.03910166432725,1.6041708441949067,15.03910166432725,20260803,75,18,8,0,17,0.14606741573033707,0.4444444444444444,2570412653224.701,0.7769817430209022,-0.25233842564613834,0.3801814547046972,0.7885529856396574,0.1586973750570379,60.47738692826855,False,False,False,False,False,50.03433653455339,False,False,False,False,False,33.38615825412033,False,False,False,False,False,81.23486325077225,False,False,False,False,False,66.50247378750156,False,False,False,False,False,96.74936125086373,False,False,False,False,False,93.43210040631735,False,False,False,False,False,33.5760857744091,False,False,False,False,False,31.612197566881132,False,False,False,False,False,0.0,True,False,False,False,False,60.47738692826855,66.35657217700086,88.0069581989543,68.38780243311886,False,0.0,62.50024796914,1.0,62.50024796914,B,-1.7537666246426298,8.174270777510046,平,5,4987,5197,210,0.04040792765056764,5197,0,0,4,0,0,0,5196,5196,0,1,0,0,0,0,0,1.0,99,98,1,0,0,"{""eligible"": 4987, ""historical_ST"": 205, ""new_listing_age_le_20"": 4, ""unmatched_or_special_limit_regime"": 1}",0.0,1.0,75,93,18,8,17,6,1.0,0.022743367359572865,0.01130278343154676,1997163703585.51,0.7769817430209022,0.14606741573033707,0.4444444444444444,0.125,2026-08-03,F1-formal-live-v1,F1-2025-a5-v1,d8ea4bf3c634204d1f9009d9f82093d593f4f3a7742ef98d3ba53907a56c7c63,2026-08-03 market close,post-close research convention; provider first-publication timestamp unverified,,OK
4987,138,23,0,161,20,7,1.0,75,0,0,75,0,11,58,58,6,13,13,1,1,1,2,3,3,0.03467748026950158,0.047719806620574574,75,0.045942477960229544,0.06660072141962914,17,91.66666666666667,3,3,0,17,135,5,16,1,10,0,15,15,0.010486177311725298,2213371117297.5903,5197,5197,True,27.671947062362143,0.0,27.671947062362143,20260804,138,23,0,0,20,0.1896551724137931,0.5294117647058824,2515725539347.169,0.8798142256297006,-0.12804450103513126,0.42837564815658324,0.8026735974087016,0.05315329378707462,92.81301584297144,False,False,False,False,False,100.0,False,True,False,False,False,100.0,False,True,False,False,False,77.72434379159556,False,False,False,False,False,100.0,False,True,False,False,False,100.0,False,True,False,False,False,100.0,False,True,False,False,False,0.0,True,False,False,False,False,0.0,True,False,False,False,False,17.039039360640647,False,False,False,False,False,92.81301584297144,94.79807479749005,100.0,100.0,False,17.039039360640647,87.6297476181166,1.0,87.6297476181166,S,25.129499648976598,43.403325956256566,上,5,4987,5197,210,0.04040792765056764,5197,0,0,4,0,0,0,5195,5195,0,2,0,0,0,0,0,1.0,75,75,0,0,0,"{""eligible"": 4987, ""historical_ST"": 204, ""new_listing_age_le_20"": 5, ""unmatched_or_special_limit_regime"": 1}",0.0,1.0,138,161,23,0,20,7,1.0,0.03467748026950158,0.047719806620574574,2213371117297.5903,0.8798142256297006,0.1896551724137931,0.5294117647058824,0.0,2026-08-04,F1-formal-live-v1,F1-2025-a5-v1,d8ea4bf3c634204d1f9009d9f82093d593f4f3a7742ef98d3ba53907a56c7c63,2026-08-04 market close,post-close research convention; provider first-publication timestamp unverified,,OK
4989,103,46,1,149,32,8,0.8333333333333334,138,0,0,138,0,27,118,118,2,11,11,2,6,6,1,3,3,0.012708815217302107,0.05345387077560775,138,0.048302312851627185,0.0513334809113168,20,70.0,3,3,0,32,103,9,36,5,10,0,18,18,0.00887812752219519,2659431975613.47,5199,5199,True,20.64541992383243,0.20044097013429546,17.204516603193692,20260805,103,46,1,0,32,0.2288135593220339,0.25,2497344099580.0425,1.0649041019460173,0.06288474998597257,0.3122968227553405,0.6502184675362501,0.04622025546702141,14.930566647584293,False,False,False,False,False,7.885814711029723,False,False,False,False,False,100.0,False,True,False,False,False,83.01569517926562,False,False,False,False,False,81.91266352049634,False,False,False,False,False,100.0,False,True,False,False,False,18.261298207215372,False,False,False,False,False,0.0,True,False,False,False,False,0.0,True,False,False,False,False,62.26661790727297,False,False,False,False,False,14.930566647584293,71.58558701816617,71.39145437252537,100.0,False,62.26661790727297,59.50523525640186,1.0,59.50523525640186,B,-28.124512361714736,24.902246607974682,下,5,4989,5199,210,0.040392383150605886,5199,0,0,4,0,0,0,5197,5197,0,2,0,0,0,0,0,1.0,138,138,0,0,0,"{""eligible"": 4989, ""historical_ST"": 204, ""new_listing_age_le_20"": 5, ""unmatched_or_special_limit_regime"": 1}",0.0,1.0,103,149,46,1,32,8,0.8333333333333334,0.012708815217302107,0.05345387077560775,2659431975613.47,1.0649041019460173,0.2288135593220339,0.25,0.0,2026-08-05,F1-formal-live-v1,F1-2025-a5-v1,d8ea4bf3c634204d1f9009d9f82093d593f4f3a7742ef98d3ba53907a56c7c63,2026-08-05 market close,post-close research convention; provider first-publication timestamp unverified,,OK
4990,79,23,1,102,21,5,0.8333333333333334,103,0,0,103,0,9,71,71,9,27,27,2,2,2,1,3,3,0.019238302297524445,0.03889529095171608,103,0.03056539167829992,0.05933058430117345,32,78.0,5,5,0,16,74,5,14,2,14,0,31,31,0.0005632345365076397,2528606636534.4697,5200,5200,True,15.831663326653308,0.20040080160320642,13.19305277221109,20260806,79,23,1,0,21,0.1267605633802817,0.375,2502147830960.199,1.0105744373881047,0.010518919065462005,0.37531095883874394,0.7647574594684625,0.0295296076594859,57.209554526232644,False,False,False,False,False,35.311874668189816,False,False,False,False,False,100.0,False,True,False,False,False,43.24499647250383,False,False,False,False,False,93.24903089012963,False,False,False,False,False,77.95153890444006,False,False,False,False,False,80.50164157679124,False,False,False,False,False,0.0,True,False,False,False,False,0.0,True,False,False,False,False,49.86212923698915,False,False,False,False,False,57.209554526232644,74.78649593998813,84.35619011365296,100.0,False,49.86212923698915,73.46348751776144,1.0,73.46348751776144,A,13.958252261359576,43.83922027175765,上,5,4990,5200,210,0.04038461538461539,5200,0,0,4,0,0,0,5198,5198,0,2,0,0,0,0,0,1.0,103,103,0,0,0,"{""eligible"": 4990, ""historical_ST"": 203, ""new_listing_age_le_20"": 6, ""unmatched_or_special_limit_regime"": 1}",0.0,1.0,79,102,23,1,21,5,0.8333333333333334,0.019238302297524445,0.03889529095171608,2528606636534.4697,1.0105744373881047,0.1267605633802817,0.375,0.0,2026-08-06,F1-formal-live-v1,F1-2025-a5-v1,d8ea4bf3c634204d1f9009d9f82093d593f4f3a7742ef98d3ba53907a56c7c63,2026-08-06 market close,post-close research convention; provider first-publication timestamp unverified,,OK
4992,75,26,4,101,14,4,0.6666666666666666,79,0,0,79,0,7,58,58,2,9,9,5,9,9,0,3,3,0.017873264172249107,0.012116644600788313,79,0.035558097943963266,0.02358455411211709,21,61.25,12,12,0,24,85,0,7,2,9,4,20,20,0.001546393396103074,2664251481306.0,5202,5202,True,15.024038461538462,0.8012820512820512,10.01602564102564,20260807,75,26,4,0,14,0.1206896551724138,0.3333333333333333,2482901184690.9194,1.0730396754140885,0.07049543911974918,0.30421415341559527,0.7858022424522162,0.2025226350296597,9.507544127845039,False,False,False,False,False,29.578251642729136,False,False,False,False,False,35.39678997380481,False,False,False,False,False,54.43991664397405,False,False,False,False,False,42.576917441761545,False,False,False,False,False,45.600720972780266,False,False,False,False,False,91.93735003686076,False,False,False,False,False,14.367780006186075,False,False,False,False,False,48.37079382726186,False,False,False,False,False,64.0694482161492,False,False,False,False,False,9.507544127845039,45.10299084947611,71.82641590046686,51.62920617273814,False,64.0694482161492,44.34899236608388,1.0,44.34899236608388,C,-29.11449515167756,-19.90502222769875,下,5,4992,5202,210,0.040369088811995385,5202,0,0,4,0,0,0,5199,5199,0,3,0,0,0,0,0,1.0,79,79,0,0,0,"{""eligible"": 4992, ""historical_ST"": 203, ""new_listing_age_le_20"": 6, ""unmatched_or_special_limit_regime"": 1}",0.0,1.0,75,101,26,4,14,4,0.6666666666666666,0.017873264172249107,0.012116644600788313,2664251481306.0,1.0730396754140885,0.1206896551724138,0.3333333333333333,0.2,2026-08-07,F1-formal-live-v1,F1-2025-a5-v1,d8ea4bf3c634204d1f9009d9f82093d593f4f3a7742ef98d3ba53907a56c7c63,2026-08-07 market close,post-close research convention; provider first-publication timestamp unverified,,OK
4994,99,16,6,115,13,5,0.6666666666666666,75,0,0,75,0,9,61,61,2,7,7,0,2,2,2,5,5,0.027244424867182378,0.023271338535320502,75,0.039865236103183044,0.01885144083889925,14,66.42857142857143,14,14,0,10,96,5,14,1,5,3,14,14,0.013557352728800431,2522941760530.61,5205,5205,True,19.823788546255507,1.2014417300760913,13.215859030837004,20260810,99,16,6,0,13,0.14754098360655737,0.2857142857142857,2446695659106.942,1.0311628874395837,0.030687182312868776,0.3059510643273414,0.7579314522540406,0.21384557240744698,10.67291494697064,False,False,False,False,False,68.94030442416602,False,False,False,False,False,62.95429277129466,False,False,False,False,False,64.09761835808685,False,False,False,False,False,35.867449244146215,False,False,False,False,False,78.1837689390114,False,False,False,False,False,76.79239788866568,False,False,False,False,False,23.941197314084786,False,False,False,False,False,52.70063776006351,False,False,False,False,False,54.63961464214807,False,False,False,False,False,10.67291494697064,59.252452741523,77.16554750811635,47.29936223993649,False,54.63961464214807,47.23410509652867,1.0,47.23410509652867,C,2.8851127304447957,-15.266142872611326,上,5,4994,5205,211,0.04053794428434198,5205,0,0,4,0,0,0,5202,5202,0,3,0,0,0,0,0,1.0,75,75,0,0,0,"{""eligible"": 4994, ""historical_ST"": 204, ""new_listing_age_le_20"": 6, ""unmatched_or_special_limit_regime"": 1}",0.0,1.0,99,115,16,6,13,5,0.6666666666666666,0.027244424867182378,0.023271338535320502,2522941760530.61,1.0311628874395837,0.14754098360655737,0.2857142857142857,0.21428571428571427,2026-08-10,F1-formal-live-v1,F1-2025-a5-v1,d8ea4bf3c634204d1f9009d9f82093d593f4f3a7742ef98d3ba53907a56c7c63,2026-08-10 market close,post-close research convention; provider first-publication timestamp unverified,,OK
4992,58,20,1,78,16,6,0.8333333333333334,99,2,0,97,0,12,84,86,2,9,9,1,2,2,1,2,2,0.010509579333130074,0.00809993140822664,97,0.022643563150198272,0.028485790924001924,13,64.23076923076923,13,13,0,16,58,2,14,2,6,2,11,11,-0.006640109169391006,2320839464589.6504,5205,5205,True,11.618589743589745,0.2003205128205128,9.682158119658121,20260811,58,20,1,0,16,0.14285714285714285,0.3076923076923077,2431963863637.0835,0.9543067227646866,-0.04677014687590809,0.33557557767410406,0.7375008666575353,0.1914416172338433,30.549319172220564,False,False,False,False,False,0.0,True,False,False,False,False,25.473560731444167,False,False,False,False,False,25.482237506672593,False,False,False,False,False,49.524710705954014,False,False,False,False,False,42.20103725870855,False,False,False,False,False,65.6904435121109,False,False,False,False,False,0.0,True,False,False,False,False,44.133458931583164,False,False,False,False,False,36.2914180134893,False,False,False,False,False,30.549319172220564,36.13904938242341,64.87207013272224,55.866541068416836,False,36.2914180134893,44.27630739743969,1.0,44.27630739743969,C,-2.957797699088985,-43.35344022067691,下,5,4992,5205,213,0.04092219020172911,5205,0,0,4,0,0,0,5201,5201,0,4,0,0,0,0,0,1.0,99,97,2,0,0,"{""eligible"": 4992, ""historical_ST"": 204, ""new_listing_age_le_20"": 8, ""unmatched_or_special_limit_regime"": 1}",0.0,1.0,58,78,20,1,16,6,0.8333333333333334,0.010509579333130074,0.00809993140822664,2320839464589.6504,0.9543067227646866,0.14285714285714285,0.3076923076923077,0.18181818181818182,2026-08-11,F1-formal-live-v1,F1-2025-a5-v1,d8ea4bf3c634204d1f9009d9f82093d593f4f3a7742ef98d3ba53907a56c7c63,2026-08-11 market close,post-close research convention; provider first-publication timestamp unverified,,OK
4992,92,12,0,104,17,7,1.0,58,0,0,58,0,7,42,42,7,12,12,1,2,2,2,2,2,0.017359936376029606,0.03291901734207739,58,0.03931870257357783,0.06925028244016318,16,93.75,4,4,0,11,86,1,8,0,10,0,15,15,0.008300759755326181,2152276155263.91,5204,5204,True,18.42948717948718,0.0,18.42948717948718,20260812,92,12,0,0,17,0.16666666666666666,0.625,2412816760269.344,0.8920180722814814,-0.11426888620211866,0.4437223135912483,0.8694843253940892,0.05315329378707462,100.0,False,True,False,False,False,27.422100823557365,False,False,False,False,False,86.78873746936307,False,False,False,False,False,62.87215086422672,False,False,False,False,False,100.0,False,True,False,False,False,100.0,False,True,False,False,False,100.0,False,True,False,False,False,0.0,True,False,False,False,False,0.0,True,False,False,False,False,20.302225585675206,False,False,False,False,False,100.0,78.45643424540805,100.0,100.0,False,20.302225585675206,86.3572326751657,1.0,86.3572326751657,S,42.08092527772602,26.851997418763844,上,5,4992,5204,212,0.04073789392774789,5204,0,0,4,0,0,0,5200,5200,0,4,0,0,0,0,0,1.0,58,58,0,0,0,"{""eligible"": 4992, ""historical_ST"": 203, ""new_listing_age_le_20"": 8, ""unmatched_or_special_limit_regime"": 1}",0.0,1.0,92,104,12,0,17,7,1.0,0.017359936376029606,0.03291901734207739,2152276155263.91,0.8920180722814814,0.16666666666666666,0.625,0.0,2026-08-12,F1-formal-live-v1,F1-2025-a5-v1,d8ea4bf3c634204d1f9009d9f82093d593f4f3a7742ef98d3ba53907a56c7c63,2026-08-12 market close,post-close research convention; provider first-publication timestamp unverified,,OK
4993,59,37,4,96,21,5,0.8333333333333334,92,0,0,92,0,12,75,75,2,7,7,6,7,7,1,3,3,0.02399616185799074,0.010163897666364293,92,0.059029484127296084,0.06375062342659046,17,63.333333333333336,3,3,0,31,69,3,15,3,12,0,15,15,-0.014517506404782332,2550760276435.5796,5205,5205,True,11.816543160424594,0.8011215701982776,9.847119300353828,20260813,59,37,4,0,21,0.16,0.5294117647058824,2391884004435.6377,1.0664230672161832,0.06431012057131928,0.3946880313812852,0.7167427058309798,0.05315329378707462,70.21049472900667,False,False,False,False,False,55.29649826417564,False,False,False,False,False,30.57255818187833,False,False,False,False,False,100.0,False,True,False,False,False,99.51469795371102,False,False,False,False,False,43.88079286107484,False,False,False,False,False,54.41048516979951,False,False,False,False,False,14.363940657879873,False,False,False,False,False,0.0,True,False,False,False,False,62.60426161436374,False,False,False,False,False,70.21049472900667,66.91627358953154,58.005001789389794,100.0,False,62.60426161436374,70.88589435496922,1.0,70.88589435496922,A,-15.47133832019648,-2.577593162792212,下,5,4993,5205,212,0.040730067243035545,5205,0,0,4,0,0,0,5202,5202,0,3,0,0,0,0,0,1.0,92,92,0,0,0,"{""eligible"": 4993, ""historical_ST"": 203, ""new_listing_age_le_20"": 8, ""unmatched_or_special_limit_regime"": 1}",0.0,1.0,59,96,37,4,21,5,0.8333333333333334,0.02399616185799074,0.010163897666364293,2550760276435.5796,1.0664230672161832,0.16,0.5294117647058824,0.0,2026-08-13,F1-formal-live-v1,F1-2025-a5-v1,d8ea4bf3c634204d1f9009d9f82093d593f4f3a7742ef98d3ba53907a56c7c63,2026-08-13 market close,post-close research convention; provider first-publication timestamp unverified,,OK
4993,62,21,13,83,11,5,0.6666666666666666,59,0,0,59,0,5,38,38,5,12,12,0,2,2,1,7,7,0.024069018984658276,0.000607938278973844,59,0.03652233600893863,-0.007219098919844872,21,26.11111111111111,9,9,1,16,67,3,8,2,8,9,20,20,-0.0014450867052022698,2142724385391.39,5205,5205,True,12.417384338073303,2.603645103144402,8.2782562253822,20260814,62,21,13,0,11,0.13157894736842105,0.2857142857142857,2399252683664.0347,0.8930799160841676,-0.1130792104141845,0.296454753504666,0.7185242064117602,0.4025226350296597,4.301417452624815,False,False,False,False,False,55.60252290282494,False,False,False,False,False,6.964704923306986,False,False,False,False,False,56.601984185966316,False,False,False,False,False,0.0,True,False,False,False,False,27.905479587885036,False,False,False,False,False,55.37855033250405,False,False,False,False,False,57.487500833173996,False,False,False,False,False,100.0,False,True,False,False,False,20.584037591201124,False,False,False,False,False,4.301417452624815,25.019988409858733,41.17280924323693,0.0,False,20.584037591201124,18.19146405877272,1.0,18.19146405877272,D,-52.6944302961965,-26.157528307311157,下,5,4993,5205,212,0.040730067243035545,5205,0,0,4,0,0,0,5203,5203,0,2,0,0,0,0,0,1.0,59,59,0,0,0,"{""eligible"": 4993, ""historical_ST"": 203, ""new_listing_age_le_20"": 8, ""unmatched_or_special_limit_regime"": 1}",0.0,1.0,62,83,21,13,11,5,0.6666666666666666,0.024069018984658276,0.000607938278973844,2142724385391.39,0.8930799160841676,0.13157894736842105,0.2857142857142857,0.45,2026-08-14,F1-formal-live-v1,F1-2025-a5-v1,d8ea4bf3c634204d1f9009d9f82093d593f4f3a7742ef98d3ba53907a56c7c63,2026-08-14 market close,post-close research convention; provider first-publication timestamp unverified,,OK
4991,106,15,1,121,15,4,0.6666666666666666,62,0,0,62,0,10,51,51,2,5,5,3,5,5,0,1,1,0.022823934000897304,0.03569567364963075,62,0.033358287959785064,0.056834127898892,11,73.63636363636364,11,11,0,11,102,3,13,1,6,1,10,10,0.014219991635298967,2387307370454.1704,5203,5203,True,21.23822881186135,0.2003606491685033,14.158819207907566,20260817,106,15,1,0,15,0.19607843137254902,0.45454545454545453,2373651741509.812,1.0057530044132221,0.005736519079910374,0.3767580096763756,0.7954140508995364,0.13753772504943285,58.18044532354585,False,False,False,False,False,50.37274374914211,False,False,False,False,False,93.64842491683211,False,False,False,False,False,49.50738189129996,False,False,False,False,False,89.71015618526692,False,False,False,False,False,87.78568033151274,False,False,False,False,False,97.16039459200981,False,False,False,False,False,0.0,True,False,False,False,False,23.520835833717605,False,False,False,False,False,48.729267876924204,False,False,False,False,False,58.18044532354585,74.7145181526814,94.12041023980854,76.4791641662824,False,48.729267876924204,71.84099824668803,1.0,71.84099824668803,A,53.64953418791531,24.606893150159358,上,5,4991,5203,212,0.04074572362098789,5203,0,0,4,0,0,0,5201,5201,0,2,0,0,0,0,0,1.0,62,62,0,0,0,"{""eligible"": 4991, ""historical_ST"": 203, ""new_listing_age_le_20"": 8, ""unmatched_or_special_limit_regime"": 1}",0.0,1.0,106,121,15,1,15,4,0.6666666666666666,0.022823934000897304,0.03569567364963075,2387307370454.1704,1.0057530044132221,0.19607843137254902,0.45454545454545453,0.1,2026-08-17,F1-formal-live-v1,F1-2025-a5-v1,d8ea4bf3c634204d1f9009d9f82093d593f4f3a7742ef98d3ba53907a56c7c63,2026-08-17 market close,post-close research convention; provider first-publication timestamp unverified,,OK
4992,79,26,6,105,17,4,0.6666666666666666,106,0,0,106,0,12,91,91,4,10,10,1,2,2,0,3,3,0.0232607211245504,0.011641914894227902,106,0.05747453237905753,0.023818151428805293,15,57.0,15,15,0,16,78,6,18,4,9,3,15,15,-0.005476952304769522,2400635806726.92,5204,5204,True,15.825320512820513,1.201923076923077,10.550213675213675,20260818,79,26,6,0,17,0.13186813186813187,0.3333333333333333,2357921056351.0166,1.0181154285300824,0.017953299254556635,0.3305028173975462,0.6693595077560088,0.20315329378707464,27.14577857682129,False,False,False,False,False,52.20739778775878,False,False,False,False,False,34.2239774077791,False,False,False,False,False,100.0,False,True,False,False,False,42.90805546379799,False,False,False,False,False,51.040214915295046,False,False,False,False,False,28.662515256809428,False,False,False,False,False,23.95271305262677,False,False,False,False,False,48.611955100468066,False,False,False,False,False,51.62319524520724,False,False,False,False,False,27.14577857682129,53.827629871305966,49.45978804284463,51.388044899531934,False,51.62319524520724,44.79383831831773,1.0,44.79383831831773,C,-27.0471599283703,0.5175309208780448,下,5,4992,5204,212,0.04073789392774789,5204,0,0,4,0,0,0,5203,5203,0,1,0,0,0,0,0,1.0,106,106,0,0,0,"{""eligible"": 4992, ""historical_ST"": 203, ""new_listing_age_le_20"": 8, ""unmatched_or_special_limit_regime"": 1}",0.0,1.0,79,105,26,6,17,4,0.6666666666666666,0.0232607211245504,0.011641914894227902,2400635806726.92,1.0181154285300824,0.13186813186813187,0.3333333333333333,0.2,2026-08-18,F1-formal-live-v1,F1-2025-a5-v1,d8ea4bf3c634204d1f9009d9f82093d593f4f3a7742ef98d3ba53907a56c7c63,2026-08-18 market close,post-close research convention; provider first-publication timestamp unverified,,OK
4991,37,14,128,51,8,3,0.5,79,0,0,79,0,5,62,62,3,12,12,0,4,4,0,1,1,-0.0011635090356525112,-0.027320635470684567,79,0.015580535098540424,-0.015912406412710144,17,41.76470588235294,17,17,0,10,39,1,6,3,6,9,17,17,-0.03958529688972667,2510868422289.74,5204,5204,True,7.413344019234622,25.646163093568422,3.706672009617311,20260819,37,14,129,0,8,0.08064516129032258,0.17647058823529413,2330107673870.075,1.0775761354064122,0.07471419980940965,0.2523847218251294,0.6815517836336324,0.4574120852609769,0.0,True,False,False,False,False,0.0,True,False,False,False,False,0.0,True,False,False,False,False,9.645128131551168,False,False,False,False,False,0.0,True,False,False,False,False,0.0,True,False,False,False,False,35.28778255031767,False,False,False,False,False,100.0,False,True,False,False,False,100.0,False,True,False,False,False,65.06879393945052,False,False,False,False,False,0.0,11.791494409005399,12.350723892611185,0.0,True,50.0,10.920492955914796,1.0,10.920492955914796,D,-33.87334536240294,-75.43673971925091,下,5,4991,5204,213,0.04093005380476557,5204,0,0,4,0,0,0,5202,5202,0,2,0,0,0,0,0,1.0,79,79,0,0,0,"{""eligible"": 4991, ""historical_ST"": 203, ""new_listing_age_le_20"": 9, ""unmatched_or_special_limit_regime"": 1}",0.0,1.0,37,51,14,128,8,3,0.5,-0.0011635090356525112,-0.027320635470684567,2510868422289.74,1.0775761354064122,0.08064516129032258,0.17647058823529413,0.5294117647058824,2026-08-19,F1-formal-live-v1,F1-2025-a5-v1,d8ea4bf3c634204d1f9009d9f82093d593f4f3a7742ef98d3ba53907a56c7c63,2026-08-19 market close,post-close research convention; provider first-publication timestamp unverified,,OK
4990,79,48,11,127,4,4,0.5,37,0,0,37,0,3,29,29,0,5,5,1,3,3,0,0,0,-0.008426388103884302,-0.01886165250740285,37,-0.049311436775133416,-0.022640988856608285,8,46.25,8,8,0,46,121,2,5,0,1,2,8,8,0.012415163392675121,2079246616283.8901,5204,5204,True,15.831663326653308,2.2044088176352705,7.915831663326654,20260820,79,48,11,0,4,0.10344827586206896,0.125,2322992789314.8623,0.895072350567708,-0.11085072535140972,0.23686175741257073,0.7083267309136942,0.2356204519801148,0.0,True,False,False,False,False,0.0,True,False,False,False,False,0.0,True,False,False,False,False,0.0,True,False,False,False,False,0.0,True,False,False,False,False,24.21500716291532,False,False,False,False,False,49.83725504261629,False,False,False,False,False,47.9361747796525,False,False,False,False,False,61.027260707758956,False,False,False,False,False,21.111924139111498,False,False,False,False,False,0.0,11.5625,40.1449984351687,38.972739292241044,False,21.111924139111498,20.33178110531227,1.0,20.33178110531227,D,9.411288149397475,-50.55411324965695,上,5,4990,5204,214,0.041122213681783246,5204,0,0,4,0,0,0,5201,5201,0,3,0,0,0,0,0,1.0,37,37,0,0,0,"{""eligible"": 4990, ""historical_ST"": 203, ""new_listing_age_le_20"": 10, ""unmatched_or_special_limit_regime"": 1}",0.0,1.0,79,127,48,11,4,4,0.5,-0.008426388103884302,-0.01886165250740285,2079246616283.8901,0.895072350567708,0.10344827586206896,0.125,0.25,2026-08-20,F1-formal-live-v1,F1-2025-a5-v1,d8ea4bf3c634204d1f9009d9f82093d593f4f3a7742ef98d3ba53907a56c7c63,2026-08-20 market close,post-close research convention; provider first-publication timestamp unverified,,OK
4991,55,16,14,71,12,3,0.5,79,0,0,79,0,11,75,75,1,3,3,0,0,0,0,1,1,0.005857756754657894,-0.008104797538894525,79,0.07500287710734327,-0.0019917056829442392,4,51.25,4,4,0,12,55,2,13,2,3,0,4,4,-0.001170275014628408,1879151070526.9,5205,5205,True,11.019835704267681,2.805049088359046,5.5099178521338406,20260821,55,17,14,0,12,0.14666666666666667,0.25,2317205245686.3135,0.8109558158583963,-0.20954170741326783,0.2948368216095652,0.6885045920361672,0.1181184306379436,3.215874950051951,False,False,False,False,False,0.0,True,False,False,False,False,0.0,True,False,False,False,False,100.0,False,True,False,False,False,6.3210554323053465,False,False,False,False,False,0.0,True,False,False,False,False,39.065929843710535,False,False,False,False,False,62.30588834224145,False,False,False,False,False,16.09497880726932,False,False,False,False,False,0.0,True,False,False,False,False,3.215874950051951,28.139921640784124,23.096603359738324,83.90502119273069,False,0.0,26.263363240585647,1.0,26.263363240585647,D,5.931582135273377,8.071899181812928,上,5,4991,5205,214,0.04111431316042267,5205,0,0,4,0,0,0,5202,5202,0,3,0,0,0,0,0,1.0,79,79,0,0,0,"{""eligible"": 4991, ""historical_ST"": 203, ""new_listing_age_le_20"": 10, ""unmatched_or_special_limit_regime"": 1}",0.0,1.0,55,71,16,14,12,3,0.5,0.005857756754657894,-0.008104797538894525,1879151070526.9,0.8109558158583963,0.14666666666666667,0.25,0.0,2026-08-21,F1-formal-live-v1,F1-2025-a5-v1,d8ea4bf3c634204d1f9009d9f82093d593f4f3a7742ef98d3ba53907a56c7c63,2026-08-21 market close,post-close research convention; provider first-publication timestamp unverified,,OK
4995,46,21,13,67,10,4,0.6666666666666666,55,0,0,55,0,6,43,43,3,11,11,1,1,1,0,0,0,0.015160502485166103,0.004740916439973919,55,0.025098499606173007,0.02494996560688419,12,57.083333333333336,12,12,0,16,52,4,10,1,5,3,12,12,-0.012004801920768249,2007227840432.3901,5207,5207,True,9.209209209209208,2.6026026026026026,6.139472806139471,20260824,46,21,13,0,10,0.13953488372093023,0.3333333333333333,2314616717917.173,0.8671966398992447,-0.14248952295919182,0.33522149700601755,0.711566009181958,0.2390038750436172,30.311750696247504,False,False,False,False,False,18.183732629929157,False,False,False,False,False,17.175165013218955,False,False,False,False,False,30.986830845094786,False,False,False,False,False,44.512469048488676,False,False,False,False,False,6.126819811266496,False,False,False,False,False,51.59747475718879,False,False,False,False,False,57.462560057630505,False,False,False,False,False,62.321067547346885,False,False,False,False,False,13.617283080844302,False,False,False,False,False,30.311750696247504,34.98804497579044,31.14420407511505,37.678932452653115,False,13.617283080844302,30.908839622472634,1.0,30.908839622472634,D,4.645476381886986,-40.9321586242154,上,5,4995,5207,212,0.04071442289226042,5207,0,0,4,0,0,0,5204,5204,0,3,0,0,0,0,0,1.0,55,55,0,0,0,"{""eligible"": 4995, ""historical_ST"": 202, ""new_listing_age_le_20"": 9, ""unmatched_or_special_limit_regime"": 1}",0.0,1.0,46,67,21,13,10,4,0.6666666666666666,0.015160502485166103,0.004740916439973919,2007227840432.3901,0.8671966398992447,0.13953488372093023,0.3333333333333333,0.25,2026-08-24,F1-formal-live-v1,F1-2025-a5-v1,d8ea4bf3c634204d1f9009d9f82093d593f4f3a7742ef98d3ba53907a56c7c63,2026-08-24 market close,post-close research convention; provider first-publication timestamp unverified,,OK
4996,65,26,2,91,8,5,0.8333333333333334,46,0,0,46,0,4,36,36,2,6,6,1,3,3,1,1,1,0.013773294169522308,0.010260452455475045,46,0.026337372221540443,0.029628414254012737,10,61.0,10,10,0,22,79,4,8,0,4,2,10,10,0.015350798363731766,1831626390684.53,5208,5208,True,13.010408326661329,0.4003202562049639,10.842006938884442,20260825,65,26,2,0,8,0.1111111111111111,0.4,2311154367703.4966,0.7925158164595233,-0.23254281575222124,0.35220762648555803,0.7426627251993743,0.2042043917160995,41.708500806732474,False,False,False,False,False,12.356987286767797,False,False,False,False,False,30.81109532925746,False,False,False,False,False,33.76469905797998,False,False,False,False,False,51.14444690325588,False,False,False,False,False,54.011467711356474,False,False,False,False,False,68.49539091604278,False,False,False,False,False,4.775172874039674,False,False,False,False,False,49.01389055581172,False,False,False,False,False,0.0,True,False,False,False,False,41.708500806732474,40.08917256270557,69.38418068664765,50.98610944418828,False,0.0,44.41079140909111,1.0,44.41079140909111,C,13.501951786618477,-0.3830469092266213,上,5,4996,5208,212,0.040706605222734255,5208,0,0,4,0,0,0,5205,5205,0,3,0,0,0,0,0,1.0,46,46,0,0,0,"{""eligible"": 4996, ""historical_ST"": 201, ""new_listing_age_le_20"": 10, ""unmatched_or_special_limit_regime"": 1}",0.0,1.0,65,91,26,2,8,5,0.8333333333333334,0.013773294169522308,0.010260452455475045,1831626390684.53,0.7925158164595233,0.1111111111111111,0.4,0.2,2026-08-25,F1-formal-live-v1,F1-2025-a5-v1,d8ea4bf3c634204d1f9009d9f82093d593f4f3a7742ef98d3ba53907a56c7c63,2026-08-25 market close,post-close research convention; provider first-publication timestamp unverified,,OK
4997,52,23,0,75,13,5,0.8333333333333334,65,0,0,65,0,10,57,57,1,4,4,1,2,2,1,2,2,0.01654112855298435,0.021981427729574555,65,0.02519988800472242,0.039713286854494934,8,77.5,4,4,0,16,55,4,14,3,6,0,7,7,0.0014204545454545858,1808381226550.7998,5209,5209,True,10.406243746247748,0.0,8.67186978853979,20260826,52,24,0,0,13,0.17543859649122806,0.375,2301454986772.4243,0.7857556358670675,-0.24110943073448776,0.3553133164893352,0.6576817159673354,0.0885888229784577,43.79224642613986,False,False,False,False,False,23.982830300111253,False,False,False,False,False,59.76758761860441,False,False,False,False,False,31.21416948023139,False,False,False,False,False,65.44035069512427,False,False,False,False,False,31.913541273021384,False,False,False,False,False,22.316817966618427,False,False,False,False,False,0.0,True,False,False,False,False,4.802980247490665,False,False,False,False,False,0.0,True,False,False,False,False,43.79224642613986,55.66893124969135,45.576302797525,95.19701975250933,False,0.0,50.52962375428292,1.0,50.52962375428292,B,6.118832345191812,39.60913079836813,上,5,4997,5209,212,0.04069879055480898,5209,0,0,4,0,0,0,5207,5207,0,2,0,0,0,0,0,1.0,65,65,0,0,0,"{""eligible"": 4997, ""historical_ST"": 201, ""new_listing_age_le_20"": 10, ""unmatched_or_special_limit_regime"": 1}",0.0,1.0,52,75,23,0,13,5,0.8333333333333334,0.01654112855298435,0.021981427729574555,1808381226550.7998,0.7857556358670675,0.17543859649122806,0.375,0.0,2026-08-26,F1-formal-live-v1,F1-2025-a5-v1,d8ea4bf3c634204d1f9009d9f82093d593f4f3a7742ef98d3ba53907a56c7c63,2026-08-26 market close,post-close research convention; provider first-publication timestamp unverified,,OK
4999,75,20,3,95,16,6,1.0,52,0,0,52,0,8,39,39,5,10,10,1,1,1,2,2,2,0.013564141581626858,0.03137368486825647,52,0.03919670422736056,0.048654412815063074,13,100.0,3,3,0,20,79,0,8,0,8,1,12,12,0.005773672055427337,2125624988404.41,5209,5209,True,15.003000600120023,0.6001200240048009,15.003000600120023,20260827,76,20,3,0,16,0.20512820512820512,0.6153846153846154,2277057117667.5127,0.9334965609390505,-0.06881800005743989,0.45329644520655943,0.8621183877098804,0.1213568162200878,100.0,False,True,False,False,False,11.478475491685037,False,False,False,False,False,82.97101694558091,False,False,False,False,False,62.59859947260039,False,False,False,False,False,78.11492593141901,False,False,False,False,False,96.38175376528605,False,False,False,False,False,100.0,False,True,False,False,False,9.555181097091033,False,False,False,False,False,17.333323920121966,False,False,False,False,False,31.068692809156268,False,False,False,False,False,100.0,71.91753851737107,96.16390623184168,82.66667607987803,False,31.068692809156268,82.35906626971097,1.0,82.35906626971097,S,31.829442515428042,62.02728516439869,上,5,4999,5209,210,0.040314839700518336,5209,0,0,4,0,0,0,5208,5208,0,1,0,0,0,0,0,1.0,52,52,0,0,0,"{""eligible"": 4999, ""historical_ST"": 200, ""new_listing_age_le_20"": 9, ""unmatched_or_special_limit_regime"": 1}",0.0,1.0,75,95,20,3,16,6,1.0,0.013564141581626858,0.03137368486825647,2125624988404.41,0.9334965609390505,0.20512820512820512,0.6153846153846154,0.08333333333333333,2026-08-27,F1-formal-live-v1,F1-2025-a5-v1,d8ea4bf3c634204d1f9009d9f82093d593f4f3a7742ef98d3ba53907a56c7c63,2026-08-27 market close,post-close research convention; provider first-publication timestamp unverified,,OK
4998,81,21,2,102,17,7,1.0,75,0,0,75,0,9,59,59,3,8,8,3,5,5,2,3,3,0.03403503257282193,0.027431863258851278,75,0.06311631033754145,0.050581084289849094,16,78.33333333333333,3,3,0,13,77,4,13,4,12,0,14,14,0.0019056801798364997,2101472024635.45,5208,5208,True,16.206482593037215,0.4001600640256103,16.206482593037215,20260828,81,21,2,0,17,0.15,0.5,2266209623704.5435,0.9273069898980487,-0.07547060330072299,0.39382791489588076,0.7155345947341165,0.0559508355653417,69.63340430579575,False,False,False,False,False,97.46315955692815,False,False,False,False,False,73.23280622765992,False,False,False,False,False,100.0,False,True,False,False,False,80.84609677841227,False,False,False,False,False,100.0,False,True,False,False,False,53.753999127545306,False,False,False,False,False,4.771340437480758,False,False,False,False,False,0.0,True,False,False,False,False,29.492815178484,False,False,False,False,False,69.63340430579575,83.73099268054679,82.62106458527066,100.0,False,29.492815178484,76.25338227495648,1.0,76.25338227495648,A,-6.105683994754486,49.99001903437083,下,5,4998,5208,210,0.04032258064516129,5208,0,0,4,0,0,0,5207,5207,0,1,0,0,0,0,0,1.0,75,75,0,0,0,"{""eligible"": 4998, ""historical_ST"": 200, ""new_listing_age_le_20"": 9, ""unmatched_or_special_limit_regime"": 1}",0.0,1.0,81,102,21,2,17,7,1.0,0.03403503257282193,0.027431863258851278,2101472024635.45,0.9273069898980487,0.15254237288135594,0.5,0.0,2026-08-28,F1-formal-live-v1,F1-2025-a5-v1,d8ea4bf3c634204d1f9009d9f82093d593f4f3a7742ef98d3ba53907a56c7c63,2026-08-28 market close,post-close research convention; provider first-publication timestamp unverified,,OK
4997,86,35,11,121,18,6,1.0,81,1,0,80,0,10,63,64,4,9,9,1,3,3,3,5,5,0.0016884671703883026,0.007443605344505855,80,0.009657409448508746,0.0212294562844796,17,67.0,5,5,0,27,95,6,16,2,10,5,15,15,0.004849660523763344,2130563343897.24,5206,5206,True,17.21032619571743,2.2013207924754856,17.21032619571743,20260831,86,35,11,0,18,0.15873015873015872,0.47058823529411764,2244195435676.8687,0.9493662227570853,-0.05196065096033047,0.3782612066901831,0.724454752896185,0.3031532937870746,59.18900708882767,False,False,False,False,False,0.0,True,False,False,False,False,23.852117109305954,False,False,False,False,False,0.0,True,False,False,False,False,39.23842688286902,False,False,False,False,False,100.0,False,True,False,False,False,58.60120179235177,False,False,False,False,False,47.86229688770445,False,False,False,False,False,86.85153718360925,False,False,False,False,False,35.06188440394886,False,False,False,False,False,59.18900708882767,30.71457775163592,73.544846405397,13.148462816390747,False,35.06188440394886,45.697327184963335,1.0,45.697327184963335,C,-30.556055089993144,14.788487562490701,下,5,4997,5206,209,0.040145985401459854,5206,0,0,4,0,0,0,5205,5205,0,1,0,0,0,0,0,1.0,81,80,1,0,0,"{""eligible"": 4997, ""historical_ST"": 199, ""new_listing_age_le_20"": 9, ""unmatched_or_special_limit_regime"": 1}",0.0,1.0,86,121,35,11,18,6,1.0,0.0016884671703883026,0.007443605344505855,2130563343897.24,0.9493662227570853,0.15873015873015872,0.47058823529411764,0.3333333333333333,2026-08-31,F1-formal-live-v1,F1-2025-a5-v1,d8ea4bf3c634204d1f9009d9f82093d593f4f3a7742ef98d3ba53907a56c7c63,2026-08-31 market close,post-close research convention; provider first-publication timestamp unverified,,OK
4998,80,14,0,94,18,7,0.8333333333333334,86,0,0,86,0,9,68,68,5,10,10,1,4,4,3,4,4,0.019821973075735484,0.014038597460557573,86,0.036748499481894556,0.056515929788737505,18,93.75,4,4,0,12,74,0,9,2,11,1,15,15,0.0049261083743842304,2032896635883.58,5207,5207,True,16.00640256102441,0.0,13.338668800853675,20260901,80,14,0,0,18,0.1323529411764706,0.5,2250865417692.4556,0.9031622325814873,-0.10185308214331822,0.38385592155157067,0.8286543095076224,0.10315329378707463,62.94275024093602,False,False,False,False,False,37.76348986579782,False,False,False,False,False,40.14494546965135,False,False,False,False,False,57.109100345163725,False,False,False,False,False,89.25909153133112,False,False,False,False,False,79.43430799517485,False,False,False,False,False,100.0,False,True,False,False,False,0.0,True,False,False,False,False,10.372373017326876,False,False,False,False,False,23.24329800012115,False,False,False,False,False,62.94275024093602,65.85412856114644,91.77372319806994,89.62762698267312,False,23.24329800012115,70.03303528832264,1.0,70.03303528832264,A,24.335708103359302,25.622243879231526,上,5,4998,5207,209,0.04013827539850202,5207,0,0,4,0,0,0,5205,5205,0,2,0,0,0,0,0,1.0,86,86,0,0,0,"{""eligible"": 4998, ""historical_ST"": 198, ""new_listing_age_le_20"": 10, ""unmatched_or_special_limit_regime"": 1}",0.0,1.0,80,94,14,0,18,7,0.8333333333333334,0.019821973075735484,0.014038597460557573,2032896635883.58,0.9031622325814873,0.1323529411764706,0.5,0.06666666666666667,2026-09-01,F1-formal-live-v1,F1-2025-a5-v1,d8ea4bf3c634204d1f9009d9f82093d593f4f3a7742ef98d3ba53907a56c7c63,2026-09-01 market close,post-close research convention; provider first-publication timestamp unverified,,OK
4999,50,19,9,69,14,5,0.8333333333333334,80,0,0,80,0,7,62,62,4,9,9,2,5,5,1,4,4,0.011891732555087464,-0.00941011991975468,80,0.04511196914719064,0.03507920533346228,18,81.25,4,4,0,10,46,5,12,4,11,3,15,15,-0.010893246187363759,1790878522399.05,5208,5208,True,10.002000400080016,1.8003600720144028,8.335000333400014,20260902,50,19,9,0,14,0.11290322580645161,0.3888888888888889,2241841693621.755,0.798842544276995,-0.22459141862215434,0.33880944148219966,0.6728618245897814,0.20315329378707464,32.719062300376905,False,False,False,False,False,4.453790448093022,False,False,False,False,False,0.0,True,False,False,False,False,75.86213132225501,False,False,False,False,False,58.871265867499346,False,False,False,False,False,28.483289669882588,False,False,False,False,False,30.565669795239973,False,False,False,False,False,38.2697154646637,False,False,False,False,False,48.611955100468066,False,False,False,False,False,0.0,True,False,False,False,False,32.719062300376905,44.00877068898545,37.5238714301211,51.388044899531934,False,0.0,35.77166748205036,1.0,35.77166748205036,C,-34.261367806272276,-14.757956272232562,下,5,4999,5208,209,0.04013056835637481,5208,0,0,4,0,0,0,5205,5205,0,3,0,0,0,0,0,1.0,80,80,0,0,0,"{""eligible"": 4999, ""historical_ST"": 197, ""new_listing_age_le_20"": 11, ""unmatched_or_special_limit_regime"": 1}",0.0,1.0,50,69,19,9,14,5,0.8333333333333334,0.011891732555087464,-0.00941011991975468,1790878522399.05,0.798842544276995,0.11290322580645161,0.3888888888888889,0.2,2026-09-02,F1-formal-live-v1,F1-2025-a5-v1,d8ea4bf3c634204d1f9009d9f82093d593f4f3a7742ef98d3ba53907a56c7c63,2026-09-02 market close,post-close research convention; provider first-publication timestamp unverified,,OK
5000,44,35,17,79,9,5,0.6666666666666666,50,0,0,50,0,6,36,36,0,7,7,2,4,4,1,3,3,0.010048370293063729,0.0018748390975389384,50,0.02150816032444228,0.011219258155438378,14,69.28571428571429,7,7,0,26,61,3,9,6,9,2,13,13,-0.005952380952380931,1758698810002.77,5209,5209,True,8.8,3.4,5.866666666666667,20260903,44,35,17,0,9,0.16666666666666666,0.21428571428571427,2198414020961.034,0.7999852590250298,-0.22316197770268734,0.2937035890748937,0.5575556463201325,0.17017032643008292,2.4555388163683562,False,False,False,False,False,0.0,True,False,False,False,False,10.094564250389809,False,False,False,False,False,22.93637493826627,False,False,False,False,False,25.04837857393234,False,False,False,False,False,3.348907824902503,False,False,False,False,False,0.0,True,False,False,False,False,76.53948971861895,False,False,False,False,False,35.999406224535555,False,False,False,False,False,0.0,True,False,False,False,False,2.4555388163683562,28.215375983405195,7.204690700306263,64.00059377546444,False,0.0,19.219985674615604,1.0,19.219985674615604,D,-16.551681807434758,-63.139080595095365,下,5,5000,5209,209,0.040122864273373006,5209,0,0,4,0,0,0,5206,5206,0,3,0,0,0,0,0,1.0,50,50,0,0,0,"{""eligible"": 5000, ""historical_ST"": 198, ""new_listing_age_le_20"": 10, ""unmatched_or_special_limit_regime"": 1}",0.0,1.0,44,79,35,17,9,5,0.6666666666666666,0.010048370293063729,0.0018748390975389384,1758698810002.77,0.7999852590250298,0.16666666666666666,0.21428571428571427,0.15384615384615385,2026-09-03,F1-formal-live-v1,F1-2025-a5-v1,d8ea4bf3c634204d1f9009d9f82093d593f4f3a7742ef98d3ba53907a56c7c63,2026-09-03 market close,post-close research convention; provider first-publication timestamp unverified,,OK
5000,39,48,9,87,7,5,0.5,44,0,0,44,0,6,35,35,0,6,6,0,0,0,1,3,3,0.016591552898305436,-0.00569941329757212,44,0.005199101780862741,-0.008934282119174377,9,47.22222222222222,9,9,0,41,73,5,11,2,3,1,8,8,-0.002458009425222618,2030440647534.1602,5207,5207,True,7.8,1.8,3.9,20260904,39,48,9,0,7,0.17142857142857143,0.1111111111111111,2159918629634.4487,0.9400542315234339,-0.06181771227223485,0.23514644782045038,0.5608833118980143,0.1586973750570379,0.0,True,False,False,False,False,24.194629649904826,False,False,False,False,False,0.0,True,False,False,False,False,0.0,True,False,False,False,False,0.0,True,False,False,False,False,0.0,True,False,False,False,False,0.0,True,False,False,False,False,38.26110110435342,False,False,False,False,False,31.612197566881132,False,False,False,False,False,32.72693042314762,False,False,False,False,False,0.0,15.676696299540328,15.434724723911645,68.38780243311886,False,32.72693042314762,21.947941791081096,1.0,21.947941791081096,D,2.727956116465492,-54.30544048387539,上,5,5000,5207,207,0.039754177069329745,5207,0,0,4,0,0,0,5204,5204,0,3,0,0,0,0,0,1.0,44,44,0,0,0,"{""eligible"": 5000, ""historical_ST"": 197, ""new_listing_age_le_20"": 9, ""unmatched_or_special_limit_regime"": 1}",0.0,1.0,39,87,48,9,7,5,0.5,0.016591552898305436,-0.00569941329757212,2030440647534.1602,0.9400542315234339,0.17142857142857143,0.1111111111111111,0.125,2026-09-04,F1-formal-live-v1,F1-2025-a5-v1,d8ea4bf3c634204d1f9009d9f82093d593f4f3a7742ef98d3ba53907a56c7c63,2026-09-04 market close,post-close research convention; provider first-publication timestamp unverified,,OK
4999,92,23,2,115,13,6,0.6666666666666666,39,0,0,39,0,9,32,32,3,6,6,0,0,0,1,1,1,0.03738112183063319,0.0474532525001109,39,0.06280320589902548,0.07189222188112922,7,83.57142857142857,7,7,0,21,100,1,10,1,5,0,6,6,0.003869541182974112,1945818882312.91,5207,5207,True,18.40368073614723,0.40008001600320064,12.26912049076482,20260907,92,23,2,0,13,0.28125,0.5714285714285714,2128228087945.857,0.9142905750252519,-0.08960684226995004,0.413215710964179,0.7901920054744022,0.09664235234013567,82.64153939917168,False,False,False,False,False,100.0,False,True,False,False,False,100.0,False,True,False,False,False,100.0,False,True,False,False,False,100.0,False,True,False,False,False,68.54338348617064,False,False,False,False,False,94.32274171180777,False,False,False,False,False,4.769425369162258,False,False,False,False,False,7.882616218339389,False,False,False,False,False,26.14420382157875,False,False,False,False,False,82.64153939917168,95.89285714285714,84.23795665131041,92.1173837816606,False,26.14420382157875,81.24286173114821,1.0,81.24286173114821,S,59.29491994006712,35.545534546184875,上,5,4999,5207,208,0.03994622623391588,5207,0,0,4,0,0,0,5203,5203,0,4,0,0,0,0,0,1.0,39,39,0,0,0,"{""eligible"": 4999, ""historical_ST"": 197, ""new_listing_age_le_20"": 10, ""unmatched_or_special_limit_regime"": 1}",0.0,1.0,92,115,23,2,13,6,0.6666666666666666,0.03738112183063319,0.0474532525001109,1945818882312.91,0.9142905750252519,0.28125,0.5714285714285714,0.0,2026-09-07,F1-formal-live-v1,F1-2025-a5-v1,d8ea4bf3c634204d1f9009d9f82093d593f4f3a7742ef98d3ba53907a56c7c63,2026-09-07 market close,post-close research convention; provider first-publication timestamp unverified,,OK
5000,73,38,0,111,19,4,0.6666666666666666,92,0,0,92,0,13,79,79,3,9,9,3,3,3,0,1,1,0.03219736098213447,0.02989714587996128,92,0.06251344552679827,0.06618898607935499,13,83.46153846153847,13,13,0,26,80,8,21,4,10,0,12,12,0.005929775663281123,1960144220139.2898,5207,5207,True,14.6,0.0,9.733333333333333,20260908,73,38,0,0,19,0.16455696202531644,0.46153846153846156,2099371944034.972,0.9336812496274063,-0.06862017348954379,0.39206178060854785,0.6477813099005656,0.06253328680832308,68.44842622361779,False,False,False,False,False,89.74431570157776,False,False,False,False,False,79.323249688195,False,False,False,False,False,100.0,False,True,False,False,False,100.0,False,True,False,False,False,42.722140778401446,False,False,False,False,False,16.936949830022012,False,False,False,False,False,0.0,True,False,False,False,False,0.0,True,False,False,False,False,31.115554233428767,False,False,False,False,False,68.44842622361779,89.26205505280386,48.01678875186828,100.0,False,31.115554233428767,69.64381193353528,1.0,69.64381193353528,A,-11.599049797612935,-0.3892233547873616,下,5,5000,5207,207,0.039754177069329745,5207,0,0,5,0,0,0,5205,5205,0,2,0,0,0,0,0,1.0,92,92,0,0,0,"{""eligible"": 5000, ""historical_ST"": 198, ""new_listing_age_le_20"": 8, ""unmatched_or_special_limit_regime"": 1}",0.0,1.0,73,111,38,0,19,4,0.6666666666666666,0.03219736098213447,0.02989714587996128,1960144220139.2898,0.9336812496274063,0.16455696202531644,0.46153846153846156,0.0,2026-09-08,F1-formal-live-v1,F1-2025-a5-v1,d8ea4bf3c634204d1f9009d9f82093d593f4f3a7742ef98d3ba53907a56c7c63,2026-09-08 market close,post-close research convention; provider first-publication timestamp unverified,,OK
4999,48,28,8,76,15,5,0.6666666666666666,73,0,0,73,0,10,54,54,4,13,13,0,3,3,1,3,3,0.018636823612446528,0.011090216164921226,73,0.032089673897973015,0.006227695868550957,19,52.10526315789474,19,19,0,23,56,3,13,2,7,6,19,19,-0.00610102156640191,1855427618435.3599,5207,5207,True,9.601920384076815,1.6003200640128026,6.401280256051209,20260909,48,28,8,0,15,0.18518518518518517,0.2631578947368421,2081337181812.4539,0.8914594111174389,-0.11489537146757882,0.3022284107441583,0.7054624532574977,0.29429441148922886,8.175221008717003,False,False,False,False,False,32.785460222885625,False,False,False,False,False,32.86101403420108,False,False,False,False,False,46.66282577389666,False,False,False,False,False,17.972543602943293,False,False,False,False,False,8.79273508221556,False,False,False,False,False,48.28081018641408,False,False,False,False,False,33.48395973673492,False,False,False,False,False,83.46393761567566,False,False,False,False,False,20.153822910860463,False,False,False,False,False,8.175221008717003,36.465662558307265,37.04438766394742,16.53606238432434,False,20.153822910860463,23.60178549484987,1.0,23.60178549484987,D,-46.042026438685404,-12.16988198720049,下,5,4999,5207,208,0.03994622623391588,5207,0,0,5,0,0,0,5205,5205,0,2,0,0,0,0,0,1.0,73,73,0,0,0,"{""eligible"": 4999, ""historical_ST"": 198, ""new_listing_age_le_20"": 9, ""unmatched_or_special_limit_regime"": 1}",0.0,1.0,48,76,28,8,15,5,0.6666666666666666,0.018636823612446528,0.011090216164921226,1855427618435.3599,0.8914594111174389,0.18518518518518517,0.2631578947368421,0.3157894736842105,2026-09-09,F1-formal-live-v1,F1-2025-a5-v1,d8ea4bf3c634204d1f9009d9f82093d593f4f3a7742ef98d3ba53907a56c7c63,2026-09-09 market close,post-close research convention; provider first-publication timestamp unverified,,OK
4997,34,25,12,59,9,4,0.6666666666666666,48,0,0,48,0,6,33,33,2,10,10,1,4,4,0,1,1,0.025876366213770607,-0.0010446808253113092,48,0.03949003651367768,-0.00445201111114896,15,52.666666666666664,15,15,0,16,41,5,11,4,7,5,14,14,-0.014367816091954033,1646971393576.19,5206,5206,True,6.804082449469681,2.4014408645187113,4.53605496631312,20260910,34,25,12,0,9,0.18181818181818182,0.2,2066494754971.0266,0.7969879379632305,-0.22691573460603195,0.29482519155125253,0.5792985127642527,0.31910873030218384,3.2080718264198396,False,False,False,False,False,63.19399415623832,False,False,False,False,False,2.8819344002596186,False,False,False,False,False,63.2563252338011,False,False,False,False,False,2.8334268728186824,False,False,False,False,False,0.0,True,False,False,False,False,0.0,True,False,False,False,False,52.64996806719533,False,False,False,False,False,92.95282942652793,False,False,False,False,False,0.0,True,False,False,False,False,3.2080718264198396,33.420275163751185,11.837507983201167,7.047170573472073,False,0.0,12.1229446355736,1.0,12.1229446355736,D,-11.478840859276271,-7.097041039042004,下,5,4997,5206,209,0.040145985401459854,5206,0,0,5,0,0,0,5203,5203,0,3,0,0,0,0,0,1.0,48,48,0,0,0,"{""eligible"": 4997, ""historical_ST"": 198, ""new_listing_age_le_20"": 10, ""unmatched_or_special_limit_regime"": 1}",0.0,1.0,34,59,25,12,9,4,0.6666666666666666,0.025876366213770607,-0.0010446808253113092,1646971393576.19,0.7969879379632305,0.18181818181818182,0.2,0.35714285714285715,2026-09-10,F1-formal-live-v1,F1-2025-a5-v1,d8ea4bf3c634204d1f9009d9f82093d593f4f3a7742ef98d3ba53907a56c7c63,2026-09-10 market close,post-close research convention; provider first-publication timestamp unverified,,OK
4998,40,24,21,64,7,4,0.6666666666666666,34,0,0,34,0,4,25,25,2,6,6,1,2,2,0,1,1,0.011662649555886877,0.00031714875464094035,34,0.03421036496416648,0.0038104938824218035,9,58.888888888888886,9,9,0,16,49,5,9,3,6,3,9,9,-0.022144775184288867,1971662906469.51,5207,5207,True,8.003201280512204,4.201680672268908,5.335467520341469,20260911,40,24,21,0,7,0.16,0.3333333333333333,2021305310828.0571,0.9754404225365586,-0.02486619455487648,0.34502485651251674,0.5983499728415679,0.2902189911243923,36.88926081551224,False,False,False,False,False,3.4915641669090154,False,False,False,False,False,6.24631379780267,False,False,False,False,False,51.41795574372108,False,False,False,False,False,14.546016723708025,False,False,False,False,False,0.0,True,False,False,False,False,0.0,True,False,False,False,False,95.71889241715327,False,False,False,False,False,81.90551390003094,False,False,False,False,False,41.480055787863876,False,False,False,False,False,36.88926081551224,27.03316511649994,1.0702768957116824,18.09448609996906,False,41.480055787863876,24.116869000113475,1.0,24.116869000113475,D,11.993924364539875,2.168927209032379,上,5,4998,5207,209,0.04013827539850202,5207,0,0,5,0,0,0,5203,5203,0,4,0,0,0,0,0,1.0,34,34,0,0,0,"{""eligible"": 4998, ""historical_ST"": 197, ""new_listing_age_le_20"": 11, ""unmatched_or_special_limit_regime"": 1}",0.0,1.0,40,64,24,21,7,4,0.6666666666666666,0.011662649555886877,0.00031714875464094035,1971662906469.51,0.9754404225365586,0.16,0.3333333333333333,0.3333333333333333,2026-09-11,F1-formal-live-v1,F1-2025-a5-v1,d8ea4bf3c634204d1f9009d9f82093d593f4f3a7742ef98d3ba53907a56c7c63,2026-09-11 market close,post-close research convention; provider first-publication timestamp unverified,,OK
4998,53,33,16,86,11,4,0.6666666666666666,40,0,0,40,0,7,33,33,3,4,4,1,2,2,0,1,1,0.023388762074442442,0.03213136596231169,40,0.03446462505820215,0.03531988272214618,7,70.0,7,7,1,27,69,5,12,1,5,2,7,7,0.0030211756115371413,1629029122389.3198,5207,5207,True,10.604241696678672,3.201280512204882,7.069494464452448,20260914,55,33,16,0,11,0.21212121212121213,0.5714285714285714,2012752236881.963,0.8093540240764634,-0.21151885062902911,0.4126199736284651,0.6914386313148287,0.2552554896451244,82.24183271173621,False,False,False,False,False,52.74521319738684,False,False,False,False,False,84.84285663850096,False,False,False,False,False,51.98807168967521,False,False,False,False,False,59.21244031062901,False,False,False,False,False,15.596981726237935,False,False,False,False,False,40.66028307733943,False,False,False,False,False,71.78532610671311,False,False,False,False,False,68.535617052726,False,False,False,False,False,0.0,True,False,False,False,False,82.24183271173621,66.01446220660875,27.523560240885693,31.464382947274004,False,0.0,48.87524456613782,1.0,48.87524456613782,C,24.75837556602435,-32.36761716501039,上,5,4998,5207,209,0.04013827539850202,5207,0,0,5,0,0,0,5204,5204,0,3,0,0,0,0,0,1.0,40,40,0,0,0,"{""eligible"": 4998, ""historical_ST"": 197, ""new_listing_age_le_20"": 11, ""unmatched_or_special_limit_regime"": 1}",0.0,1.0,53,86,33,16,11,4,0.6666666666666666,0.023388762074442442,0.03213136596231169,1629029122389.3198,0.8093540240764634,0.21212121212121213,0.5714285714285714,0.2857142857142857,2026-09-14,F1-formal-live-v1,F1-2025-a5-v1,d8ea4bf3c634204d1f9009d9f82093d593f4f3a7742ef98d3ba53907a56c7c63,2026-09-14 market close,post-close research convention; provider first-publication timestamp unverified,,OK
4997,32,25,28,57,7,5,0.8333333333333334,53,1,0,52,0,3,41,42,2,7,7,1,3,3,1,1,1,0.029275904004169864,0.008066925133127846,52,0.028342501419550244,0.03345420351244133,11,67.72727272727273,11,11,0,16,41,5,8,4,8,1,11,11,-0.014760147601476148,1612602366841.82,5205,5205,True,6.40384230538323,5.603362017210326,5.336535254486025,20260915,32,25,28,0,7,0.06976744186046512,0.36363636363636365,1974838324478.7207,0.8165743731287387,-0.20263728299328929,0.33487213961485685,0.5678934935611151,0.1289416172338433,30.07735127693863,False,False,False,False,False,77.47320569622758,False,False,False,False,False,25.39201922759762,False,False,False,False,False,38.260709860694696,False,False,False,False,False,56.56772960926087,False,False,False,False,False,0.0,True,False,False,False,False,0.0,True,False,False,False,False,100.0,False,True,False,False,False,20.23372012961992,False,False,False,False,False,0.0,True,False,False,False,False,30.07735127693863,52.65733830628007,0.0,79.76627987038009,False,0.0,33.35083051227521,1.0,33.35083051227521,D,-15.524414053862614,-36.292981421260066,下,5,4997,5205,208,0.039961575408261285,5205,0,0,5,0,0,0,5202,5202,0,3,0,0,0,0,0,1.0,53,52,1,0,0,"{""eligible"": 4997, ""historical_ST"": 197, ""new_listing_age_le_20"": 10, ""unmatched_or_special_limit_regime"": 1}",0.0,1.0,32,57,25,28,7,5,0.8333333333333334,0.029275904004169864,0.008066925133127846,1612602366841.82,0.8165743731287387,0.07317073170731707,0.36363636363636365,0.09090909090909091,2026-09-15,F1-formal-live-v1,F1-2025-a5-v1,d8ea4bf3c634204d1f9009d9f82093d593f4f3a7742ef98d3ba53907a56c7c63,2026-09-15 market close,post-close research convention; provider first-publication timestamp unverified,,OK
4998,89,14,4,103,12,6,0.8333333333333334,32,0,0,32,0,9,25,25,1,3,3,1,2,2,1,2,2,0.028535785266845498,0.03654816122950143,32,0.0033154652425242564,0.03508563777719642,7,68.75,4,4,0,11,88,3,12,0,3,2,6,6,0.009987872327387293,1839009283772.53,5206,5206,True,17.807122849139656,0.8003201280512205,14.839269040949715,20260916,89,14,4,0,12,0.36,0.42857142857142855,1935436652484.4656,0.9501779773633229,-0.05110596734138584,0.4055182676215229,0.8105356571989767,0.2784605341583175,77.47698214252695,False,False,False,False,False,74.36445601713571,False,False,False,False,False,95.75448260026032,False,False,False,False,False,0.0,True,False,False,False,False,58.880384237201454,False,False,False,False,False,94.71451907018636,False,False,False,False,False,100.0,False,True,False,False,False,14.344766961656811,False,False,False,False,False,77.40912909677793,False,False,False,False,False,35.26434301257802,False,False,False,False,False,77.47698214252695,64.4317694766165,94.29961588766034,22.59087090322207,False,35.26434301257802,64.47843060580914,1.0,64.47843060580914,B,31.12760009353393,40.87664511095927,上,5,4998,5206,208,0.039953899346907414,5206,0,0,5,0,0,0,5203,5203,0,3,0,0,0,0,0,1.0,32,32,0,0,0,"{""eligible"": 4998, ""historical_ST"": 197, ""new_listing_age_le_20"": 10, ""unmatched_or_special_limit_regime"": 1}",0.0,1.0,89,103,14,4,12,6,0.8333333333333334,0.028535785266845498,0.03654816122950143,1839009283772.53,0.9501779773633229,0.36,0.42857142857142855,0.3333333333333333,2026-09-16,F1-formal-live-v1,F1-2025-a5-v1,d8ea4bf3c634204d1f9009d9f82093d593f4f3a7742ef98d3ba53907a56c7c63,2026-09-16 market close,post-close research convention; provider first-publication timestamp unverified,,OK
5001,47,23,1,70,9,5,0.6666666666666666,89,0,0,89,0,5,77,77,3,9,9,0,1,1,1,2,2,0.0038524944794352685,0.001489102580428596,89,0.0182273143639943,0.041322723216017127,12,70.0,3,3,0,16,54,6,11,1,5,1,11,11,0.0,1823032260335.4302,5209,5209,True,9.398120375924815,0.1999600079984003,6.265413583949877,20260917,47,23,1,0,9,0.06493506493506493,0.3333333333333333,1901843695558.605,0.9585605087278076,-0.042322589925782174,0.31738591779808006,0.6831144544243066,0.1289416172338433,18.345066964473425,False,False,False,False,False,0.0,True,False,False,False,False,9.14160801405108,False,False,False,False,False,15.579881952747968,False,False,False,False,False,67.72182199326996,False,False,False,False,False,7.409241082751136,False,False,False,False,False,36.13693588181137,False,False,False,False,False,0.0,True,False,False,False,False,20.23372012961992,False,False,False,False,False,37.344961303617254,False,False,False,False,False,18.345066964473425,36.09675201534367,40.61162399173443,79.76627987038009,False,37.344961303617254,39.585977837169686,1.0,39.585977837169686,C,-24.89245276863945,27.463033201596087,下,5,5001,5209,208,0.03993088884622768,5209,0,0,5,0,0,0,5206,5206,0,3,0,0,0,0,0,1.0,89,89,0,0,0,"{""eligible"": 5001, ""historical_ST"": 197, ""new_listing_age_le_20"": 10, ""unmatched_or_special_limit_regime"": 1}",0.0,1.0,47,70,23,1,9,5,0.6666666666666666,0.0038524944794352685,0.001489102580428596,1823032260335.4302,0.9585605087278076,0.06493506493506493,0.3333333333333333,0.09090909090909091,2026-09-17,F1-formal-live-v1,F1-2025-a5-v1,d8ea4bf3c634204d1f9009d9f82093d593f4f3a7742ef98d3ba53907a56c7c63,2026-09-17 market close,post-close research convention; provider first-publication timestamp unverified,,OK
5001,76,26,0,102,12,4,0.6666666666666666,47,0,0,47,0,8,38,38,2,5,5,2,3,3,0,1,1,0.020534073697441924,0.027792236129460364,47,0.025385420546061657,0.03875533793072783,9,72.77777777777777,9,9,0,24,88,1,9,1,5,0,8,8,0.010471204188481575,2076852470794.62,5209,5209,True,15.196960607878424,0.0,10.131307071918949,20260918,78,26,0,0,12,0.21052631578947367,0.4444444444444444,1889032977761.1821,1.0994262647844482,0.09478846626679777,0.3823883923564309,0.7745284479981248,0.08177429813396095,61.95811960233208,False,False,False,False,False,40.75455395804606,False,False,False,False,False,74.12310195860825,False,False,False,False,False,31.630180733244046,False,False,False,False,False,64.08240139876493,False,False,False,False,False,46.77460096427378,False,False,False,False,False,85.81118438738528,False,False,False,False,False,0.0,True,False,False,False,False,2.19713442600328,False,False,False,False,False,69.82401325818756,False,False,False,False,False,61.95811960233208,60.39024714419259,73.74375492129435,97.80286557399673,False,69.82401325818756,71.07684608399853,1.0,71.07684608399853,A,31.490868246828846,46.95997708388506,上,5,5001,5209,208,0.03993088884622768,5209,0,0,5,0,0,0,5207,5207,0,2,0,0,0,0,0,1.0,47,47,0,0,0,"{""eligible"": 5001, ""historical_ST"": 197, ""new_listing_age_le_20"": 10, ""unmatched_or_special_limit_regime"": 1}",0.0,1.0,76,102,26,0,12,4,0.6666666666666666,0.020534073697441924,0.027792236129460364,2076852470794.62,1.0994262647844482,0.21052631578947367,0.4444444444444444,0.0,2026-09-18,F1-formal-live-v1,F1-2025-a5-v1,d8ea4bf3c634204d1f9009d9f82093d593f4f3a7742ef98d3ba53907a56c7c63,2026-09-18 market close,post-close research convention; provider first-publication timestamp unverified,,OK
5001,101,29,2,130,21,5,0.8333333333333334,76,0,0,76,0,13,64,64,5,8,8,2,2,2,1,2,2,0.02058419472355273,0.032251162959336555,76,0.053297776139049576,0.06006686765856925,12,80.0,12,12,0,28,108,1,14,0,8,1,12,12,0.015384615384615552,2031361031023.1199,5209,5209,True,20.195960807838436,0.3999200159968006,16.829967339865362,20260921,102,29,2,0,22,0.21212121212121213,0.6666666666666666,1898918047774.5679,1.0697465503599632,0.06742175159350025,0.4609184582413899,0.8567702685929688,0.1213568162200878,100.0,False,True,False,False,False,40.96507926429762,False,False,False,False,False,85.13881330929975,False,False,False,False,False,94.2167972963303,False,False,False,False,False,94.29275612671624,False,False,False,False,False,100.0,False,True,False,False,False,100.0,False,True,False,False,False,4.765597530147718,False,False,False,False,False,17.333323920121966,False,False,False,False,False,63.34134896850766,False,False,False,False,False,100.0,79.97955828461622,98.80860061746307,82.66667607987803,False,63.34134896850766,88.32418676583147,1.0,88.32418676583147,S,17.247340681832938,39.44894219969365,上,5,5001,5209,208,0.03993088884622768,5209,0,0,5,0,0,0,5207,5207,0,2,0,0,0,0,0,1.0,76,76,0,0,0,"{""eligible"": 5001, ""historical_ST"": 197, ""new_listing_age_le_20"": 10, ""unmatched_or_special_limit_regime"": 1}",0.0,1.0,101,130,29,2,21,5,0.8333333333333334,0.02058419472355273,0.032251162959336555,2031361031023.1199,1.0697465503599632,0.203125,0.6666666666666666,0.08333333333333333,2026-09-21,F1-formal-live-v1,F1-2025-a5-v1,d8ea4bf3c634204d1f9009d9f82093d593f4f3a7742ef98d3ba53907a56c7c63,2026-09-21 market close,post-close research convention; provider first-publication timestamp unverified,,OK
5001,63,25,3,88,24,6,1.0,101,1,0,100,0,17,79,80,4,13,13,1,5,5,2,3,3,0.024385458785587143,0.025856941260435376,100,0.026467438223301352,0.026978780253813506,21,69.375,8,8,0,22,61,1,18,2,9,3,20,20,-0.001607717041800627,2135366308340.12,5209,5209,True,12.59748050389922,0.5998800239952009,12.59748050389922,20260922,63,25,3,0,24,0.21518987341772153,0.3181818181818182,1900124707304.1042,1.123803243088069,0.1167186855149583,0.3442676985935571,0.7769312113585629,0.1625226350296597,36.38124987594231,False,False,False,False,False,56.93167737491118,False,False,False,False,False,69.34198523051755,False,False,False,False,False,34.056340189914714,False,False,False,False,False,47.388433887414664,False,False,False,False,False,71.88698571627961,False,False,False,False,False,87.11684295890485,False,False,False,False,False,9.549439338569224,False,False,False,False,False,33.07496099400538,False,False,False,False,False,75.0188731776947,False,False,False,False,False,36.38124987594231,57.814353578255144,81.85832948748623,66.92503900599462,False,75.0188731776947,60.63388027866945,1.0,60.63388027866945,B,-27.69030648716202,27.283049766394242,下,5,5001,5209,208,0.03993088884622768,5209,0,0,5,0,0,0,5206,5206,0,3,0,0,0,0,0,1.0,101,100,1,0,0,"{""eligible"": 5001, ""historical_ST"": 197, ""new_listing_age_le_20"": 10, ""unmatched_or_special_limit_regime"": 1}",0.0,1.0,63,88,25,3,24,6,1.0,0.024385458785587143,0.025856941260435376,2135366308340.12,1.123803243088069,0.21518987341772153,0.3333333333333333,0.15,2026-09-22,F1-formal-live-v1,F1-2025-a5-v1,d8ea4bf3c634204d1f9009d9f82093d593f4f3a7742ef98d3ba53907a56c7c63,2026-09-22 market close,post-close research convention; provider first-publication timestamp unverified,,OK
5002,51,28,13,79,12,4,0.6666666666666666,63,0,0,63,0,3,39,39,7,17,17,2,4,4,0,3,3,0.01291454990469094,-0.0016930860511472263,63,0.022036703045645648,0.014194525919660653,24,75.0,3,3,0,22,61,4,7,2,11,6,22,22,-0.006179993196994749,1764781868614.7603,5210,5210,True,10.19592163134746,2.5989604158336665,6.797281087564973,20260923,51,28,13,0,12,0.07692307692307693,0.375,1915311703186.884,0.9214071347647188,-0.08185328311468631,0.323667589405942,0.6859916033568807,0.2615950324348701,22.55971996574487,False,False,False,False,False,8.749970164937379,False,False,False,False,False,1.2800590884176626,False,False,False,False,False,24.12150245353322,False,False,False,False,False,29.265996723152714,False,False,False,False,False,12.82510568281143,False,False,False,False,False,37.70037497332005,False,False,False,False,False,57.37542440728859,False,False,False,False,False,70.95983172150666,False,False,False,False,False,27.980877373877394,False,False,False,False,False,22.55971996574487,29.98007906296694,28.981317411964444,29.04016827849334,False,27.980877373877394,27.31813585064915,1.0,27.31813585064915,D,-33.3157444280203,-37.16029475515999,下,5,5002,5210,208,0.039923224568138196,5210,0,0,5,0,0,0,5208,5208,0,2,0,0,0,0,0,1.0,63,63,0,0,0,"{""eligible"": 5002, ""historical_ST"": 197, ""new_listing_age_le_20"": 10, ""unmatched_or_special_limit_regime"": 1}",0.0,1.0,51,79,28,13,12,4,0.6666666666666666,0.01291454990469094,-0.0016930860511472263,1764781868614.7603,0.9214071347647188,0.07692307692307693,0.375,0.2727272727272727,2026-09-23,F1-formal-live-v1,F1-2025-a5-v1,d8ea4bf3c634204d1f9009d9f82093d593f4f3a7742ef98d3ba53907a56c7c63,2026-09-23 market close,post-close research convention; provider first-publication timestamp unverified,,OK
5003,50,13,11,63,13,5,0.8333333333333334,51,0,0,51,0,8,39,39,1,3,3,3,7,7,1,2,2,0.010712720052040561,0.005530142372643254,51,0.02719121380253774,0.013992643830273507,12,60.833333333333336,12,12,0,10,47,2,10,1,6,4,12,12,-0.012836438923395366,1653132781025.0898,5210,5210,True,9.994003597841296,2.198680791525085,8.328336331534414,20260924,52,13,12,0,13,0.20512820512820512,0.4166666666666667,1913131735290.082,0.8640977254890556,-0.14606940836940666,0.3645387611778034,0.7792201124010039,0.2978274044553819,49.982007778142574,False,False,False,False,False,0.0,True,False,False,False,False,19.12493575323513,False,False,False,False,False,35.67922954099382,False,False,False,False,False,28.979816912904838,False,False,False,False,False,28.415431920436856,False,False,False,False,False,88.36062889081543,False,False,False,False,False,47.79913752375354,False,False,False,False,False,84.81493936095936,False,False,False,False,False,12.769274995584814,False,False,False,False,False,49.982007778142574,30.879171601558916,55.342608499021765,15.185060639040643,False,12.769274995584814,36.99393840007373,1.0,36.99393840007373,C,9.675802549424581,-2.5920394370959556,上,5,5003,5210,207,0.03973128598848368,5210,0,0,5,0,0,0,5209,5209,0,1,0,0,0,0,0,1.0,51,51,0,0,0,"{""eligible"": 5003, ""historical_ST"": 196, ""new_listing_age_le_20"": 10, ""unmatched_or_special_limit_regime"": 1}",0.0,1.0,50,63,13,11,13,5,0.8333333333333334,0.010712720052040561,0.005530142372643254,1653132781025.0898,0.8640977254890556,0.20512820512820512,0.4166666666666667,0.3333333333333333,2026-09-24,F1-formal-live-v1,F1-2025-a5-v1,d8ea4bf3c634204d1f9009d9f82093d593f4f3a7742ef98d3ba53907a56c7c63,2026-09-24 market close,post-close research convention; provider first-publication timestamp unverified,,OK
5004,33,15,59,48,7,5,0.6666666666666666,50,0,0,50,0,3,37,37,3,8,8,0,1,1,1,4,4,0.0037091141341893084,-0.02152060608546456,50,0.023512039427787942,-0.006826144314914129,13,38.0,5,5,0,10,36,3,6,2,6,5,12,12,-0.018226505771819168,1702660149848.98,5210,5210,True,6.594724220623501,11.79056754596323,4.396482813749,20260928,33,15,59,0,7,0.07692307692307693,0.3076923076923077,1889507124921.116,0.9011133789294726,-0.10412419252091135,0.3091914146978586,0.6686195293441966,0.35665093386714664,12.847010198492335,False,False,False,False,False,0.0,True,False,False,False,False,0.0,True,False,False,False,False,27.42958271007406,False,False,False,False,False,0.0,True,False,False,False,False,0.0,True,False,False,False,False,28.260411923609784,False,False,False,False,False,100.0,False,True,False,False,False,100.0,False,True,False,False,False,22.705314310134792,False,False,False,False,False,12.847010198492335,13.34014157941037,9.891144173263424,0.0,False,22.705314310134792,11.253934590190358,1.0,11.253934590190358,D,-25.740003809883373,-59.82291149380818,下,5,5004,5210,206,0.039539347408829174,5210,0,0,5,0,0,0,5209,5209,0,1,0,0,0,0,0,1.0,50,50,0,0,0,"{""eligible"": 5004, ""historical_ST"": 195, ""new_listing_age_le_20"": 10, ""unmatched_or_special_limit_regime"": 1}",0.0,1.0,33,48,15,59,7,5,0.6666666666666666,0.0037091141341893084,-0.02152060608546456,1702660149848.98,0.9011133789294726,0.08108108108108109,0.3076923076923077,0.4166666666666667,2026-09-28,F1-formal-live-v1,F1-2025-a5-v1,d8ea4bf3c634204d1f9009d9f82093d593f4f3a7742ef98d3ba53907a56c7c63,2026-09-28 market close,post-close research convention; provider first-publication timestamp unverified,,OK
5005,56,12,11,68,10,6,0.8333333333333334,33,0,0,33,0,7,26,26,1,3,3,1,3,3,1,1,1,0.01902570776435711,0.02641391727583635,33,0.03128396521443032,0.021031393111208878,7,63.57142857142857,7,7,0,11,57,1,8,0,3,1,6,6,0.004950495049504955,1409070711069.8901,5211,5211,True,11.188811188811188,2.197802197802198,9.324009324009324,20260929,56,12,11,0,10,0.2692307692307692,0.42857142857142855,1869566531181.7925,0.7536884553550426,-0.2827761855446469,0.38749157745187135,0.818387013240375,0.1875514432492266,65.3820735625523,False,False,False,False,False,34.418905535764,False,False,False,False,False,70.71798605964212,False,False,False,False,False,44.85622151685201,False,False,False,False,False,38.95766061224156,False,False,False,False,False,38.554103819977044,False,False,False,False,False,100.0,False,True,False,False,False,47.77811805377933,False,False,False,False,False,42.645872657558655,False,False,False,False,False,0.0,True,False,False,False,False,65.3820735625523,52.8331784238235,63.47711201454598,57.354127342441345,False,0.0,53.567439532975754,1.0,53.567439532975754,B,42.3135049427854,-34.756747232855716,上,5,5005,5211,206,0.03953175973901363,5211,0,0,5,0,0,0,5209,5209,0,2,0,0,0,0,0,1.0,33,33,0,0,0,"{""eligible"": 5005, ""historical_ST"": 194, ""new_listing_age_le_20"": 11, ""unmatched_or_special_limit_regime"": 1}",0.0,1.0,56,68,12,11,10,6,0.8333333333333334,0.01902570776435711,0.02641391727583635,1409070711069.8901,0.7536884553550426,0.2692307692307692,0.42857142857142855,0.16666666666666666,2026-09-29,F1-formal-live-v1,F1-2025-a5-v1,d8ea4bf3c634204d1f9009d9f82093d593f4f3a7742ef98d3ba53907a56c7c63,2026-09-29 market close,post-close research convention; provider first-publication timestamp unverified,,OK
5007,52,14,9,66,12,7,0.8333333333333334,56,1,0,55,0,6,45,46,4,7,7,1,1,1,1,2,2,0.016092380378904588,0.013323103038799711,55,0.019281448954912683,0.04251636789373912,10,66.66666666666667,3,3,0,12,52,2,8,0,6,3,9,9,-0.0016666666666665941,1437835918152.61,5213,5213,True,10.385460355502296,1.797483523067705,8.654550296251914,20260930,52,14,9,0,12,0.13333333333333333,0.6,1833491899540.425,0.7842063106540104,-0.24308314190557018,0.4177219034750401,0.8105726707223986,0.2902189911243923,85.66494446963702,False,False,False,False,False,22.097935793580028,False,False,False,False,False,38.37732731312434,False,False,False,False,False,17.943520422023866,False,False,False,False,False,69.41388397068883,False,False,False,False,False,31.73718151324029,False,False,False,False,False,100.0,False,True,False,False,False,38.20089692813266,False,False,False,False,False,81.90551390003094,False,False,False,False,False,0.0,True,False,False,False,False,85.66494446963702,46.5019034417173,63.14464837326295,18.09448609996906,False,0.0,51.17746599488962,1.0,51.17746599488962,B,-2.3899735380861316,-9.456414283779829,下,5,5007,5213,206,0.039516593132553235,5213,0,0,5,0,0,0,5210,5210,0,3,0,0,0,0,0,1.0,56,55,1,0,0,"{""eligible"": 5007, ""historical_ST"": 194, ""new_listing_age_le_20"": 10, ""unmatched_or_special_limit_regime"": 2}",0.0,1.0,52,66,14,9,12,7,0.8333333333333334,0.016092380378904588,0.013323103038799711,1437835918152.61,0.7842063106540104,0.13333333333333333,0.6,0.3333333333333333,2026-09-30,F1-formal-live-v1,F1-2025-a5-v1,d8ea4bf3c634204d1f9009d9f82093d593f4f3a7742ef98d3ba53907a56c7c63,2026-09-30 market close,post-close research convention; provider first-publication timestamp unverified,,OK
