trade_date,theme_heat_score,theme_heat_level,top3_heat_composite,history_window_sessions,structure,structure_label,structure_evidence,theme_method_version,point_in_time,theme_quality,top3_themes
2026-01-05,82.5,高热,81.91,120,clear_single_mainline,主线明确,"{""code"": ""clear_single_mainline"", ""label"": ""主线明确"", ""confidence"": ""中高"", ""summary"": ""商业航天在热度、宽度和持续性上显著领先，单一主线较明确。"", ""evidence"": {""top_theme"": ""商业航天"", ""top_heat"": 90.08, ""top_width"": 12, ""top_share"": 0.1121, ""top3_share"": 0.514, ""heat_gap_top1_top2"": 15.58, ""strong_theme_count"": 5, ""broad_strong_theme_count"": 2, ""broad_level1_themes"": [""待归类"", ""待归类""], ""theme_width_hhi"": 0.1362, ""previous_top_theme"": ""商业航天"", ""same_level1_as_previous_top"": false, ""previous_top_weakened"": false}}",theme-market-review-v2,True,source_tags_first_publication_unverified,商业航天 / 脑机接口 / 人工智能
2026-01-06,95.0,高热,88.3,120,scattered_no_mainline,热点分散、无明确主线,"{""code"": ""scattered_no_mainline"", ""label"": ""热点分散、无明确主线"", ""confidence"": ""中"", ""summary"": ""局部题材仍有活跃度，但领先差、持续性或板块宽度不足，尚不能确认单一或多主线。"", ""evidence"": {""top_theme"": ""商业航天"", ""top_heat"": 94.56, ""top_width"": 15, ""top_share"": 0.1282, ""top3_share"": 0.2906, ""heat_gap_top1_top2"": 11.15, ""strong_theme_count"": 6, ""broad_strong_theme_count"": 1, ""broad_level1_themes"": [""待归类""], ""theme_width_hhi"": 0.0756, ""previous_top_theme"": ""商业航天"", ""same_level1_as_previous_top"": false, ""previous_top_weakened"": false}}",theme-market-review-v2,True,source_tags_first_publication_unverified,商业航天 / 脑机接口 / 实控人变更
2026-01-07,91.7,高热,87.22,120,clear_single_mainline,主线明确,"{""code"": ""clear_single_mainline"", ""label"": ""主线明确"", ""confidence"": ""中高"", ""summary"": ""商业航天在热度、宽度和持续性上显著领先，单一主线较明确。"", ""evidence"": {""top_theme"": ""商业航天"", ""top_heat"": 96.64, ""top_width"": 11, ""top_share"": 0.1375, ""top3_share"": 0.3875, ""heat_gap_top1_top2"": 12.48, ""strong_theme_count"": 4, ""broad_strong_theme_count"": 1, ""broad_level1_themes"": [""待归类""], ""theme_width_hhi"": 0.0822, ""previous_top_theme"": ""商业航天"", ""same_level1_as_previous_top"": false, ""previous_top_weakened"": false}}",theme-market-review-v2,True,source_tags_first_publication_unverified,商业航天 / 机器人概念 / 芯片
2026-01-08,95.0,高热,88.49,120,multiple_mainlines,多主线,"{""code"": ""multiple_mainlines"", ""label"": ""多主线"", ""confidence"": ""中高"", ""summary"": ""待归类、待归类同时具备宽度与封板质量，热度接近，市场呈多主线共存。"", ""evidence"": {""top_theme"": ""商业航天"", ""top_heat"": 95.82, ""top_width"": 28, ""top_share"": 0.3043, ""top3_share"": 0.4348, ""heat_gap_top1_top2"": 12.68, ""strong_theme_count"": 4, ""broad_strong_theme_count"": 2, ""broad_level1_themes"": [""待归类"", ""待归类""], ""theme_width_hhi"": 0.1255, ""previous_top_theme"": ""商业航天"", ""same_level1_as_previous_top"": false, ""previous_top_weakened"": false}}",theme-market-review-v2,True,source_tags_first_publication_unverified,商业航天 / 脑机接口 / 机器人概念
2026-01-09,100.0,高热,92.83,120,multiple_mainlines,多主线,"{""code"": ""multiple_mainlines"", ""label"": ""多主线"", ""confidence"": ""中高"", ""summary"": ""待归类、待归类同时具备宽度与封板质量，热度接近，市场呈多主线共存。"", ""evidence"": {""top_theme"": ""商业航天"", ""top_heat"": 95.64, ""top_width"": 20, ""top_share"": 0.2174, ""top3_share"": 0.6087, ""heat_gap_top1_top2"": 1.72, ""strong_theme_count"": 3, ""broad_strong_theme_count"": 2, ""broad_level1_themes"": [""待归类"", ""待归类""], ""theme_width_hhi"": 0.1692, ""previous_top_theme"": ""商业航天"", ""same_level1_as_previous_top"": false, ""previous_top_weakened"": false}}",theme-market-review-v2,True,source_tags_first_publication_unverified,商业航天 / 人工智能 / 机器人概念
2026-01-12,100.0,高热,93.53,120,multiple_mainlines,多主线,"{""code"": ""multiple_mainlines"", ""label"": ""多主线"", ""confidence"": ""中高"", ""summary"": ""待归类、待归类同时具备宽度与封板质量，热度接近，市场呈多主线共存。"", ""evidence"": {""top_theme"": ""人工智能"", ""top_heat"": 96.86, ""top_width"": 73, ""top_share"": 0.4101, ""top3_share"": 0.6798, ""heat_gap_top1_top2"": 0.41, ""strong_theme_count"": 5, ""broad_strong_theme_count"": 2, ""broad_level1_themes"": [""待归类"", ""待归类""], ""theme_width_hhi"": 0.2324, ""previous_top_theme"": ""商业航天"", ""same_level1_as_previous_top"": false, ""previous_top_weakened"": false}}",theme-market-review-v2,True,source_tags_first_publication_unverified,人工智能 / 商业航天 / 实控人变更
2026-01-13,91.7,高热,88.22,120,clear_single_mainline,主线明确,"{""code"": ""clear_single_mainline"", ""label"": ""主线明确"", ""confidence"": ""中高"", ""summary"": ""人工智能在热度、宽度和持续性上显著领先，单一主线较明确。"", ""evidence"": {""top_theme"": ""人工智能"", ""top_heat"": 95.3, ""top_width"": 31, ""top_share"": 0.4769, ""top3_share"": 0.6154, ""heat_gap_top1_top2"": 8.4, ""strong_theme_count"": 2, ""broad_strong_theme_count"": 1, ""broad_level1_themes"": [""待归类""], ""theme_width_hhi"": 0.2516, ""previous_top_theme"": ""人工智能"", ""same_level1_as_previous_top"": false, ""previous_top_weakened"": false}}",theme-market-review-v2,True,source_tags_first_publication_unverified,人工智能 / 商业航天 / 机器人概念
2026-01-14,97.5,高热,92.13,120,clear_single_mainline,主线明确,"{""code"": ""clear_single_mainline"", ""label"": ""主线明确"", ""confidence"": ""中高"", ""summary"": ""人工智能在热度、宽度和持续性上显著领先，单一主线较明确。"", ""evidence"": {""top_theme"": ""人工智能"", ""top_heat"": 93.82, ""top_width"": 35, ""top_share"": 0.3535, ""top3_share"": 0.5253, ""heat_gap_top1_top2"": 0.08, ""strong_theme_count"": 3, ""broad_strong_theme_count"": 1, ""broad_level1_themes"": [""待归类""], ""theme_width_hhi"": 0.1548, ""previous_top_theme"": ""人工智能"", ""same_level1_as_previous_top"": false, ""previous_top_weakened"": false}}",theme-market-review-v2,True,source_tags_first_publication_unverified,人工智能 / 商业航天 / 实控人变更
2026-01-15,30.0,偏低,66.02,120,clear_single_mainline,主线明确,"{""code"": ""clear_single_mainline"", ""label"": ""主线明确"", ""confidence"": ""中高"", ""summary"": ""人工智能在热度、宽度和持续性上显著领先，单一主线较明确。"", ""evidence"": {""top_theme"": ""人工智能"", ""top_heat"": 83.76, ""top_width"": 8, ""top_share"": 0.1455, ""top3_share"": 0.3273, ""heat_gap_top1_top2"": 33.65, ""strong_theme_count"": 1, ""broad_strong_theme_count"": 1, ""broad_level1_themes"": [""待归类""], ""theme_width_hhi"": 0.0783, ""previous_top_theme"": ""人工智能"", ""same_level1_as_previous_top"": false, ""previous_top_weakened"": false}}",theme-market-review-v2,True,source_tags_first_publication_unverified,人工智能 / 芯片 / 核电
2026-01-16,54.2,中性,74.13,120,scattered_no_mainline,热点分散、无明确主线,"{""code"": ""scattered_no_mainline"", ""label"": ""热点分散、无明确主线"", ""confidence"": ""中"", ""summary"": ""局部题材仍有活跃度，但领先差、持续性或板块宽度不足，尚不能确认单一或多主线。"", ""evidence"": {""top_theme"": ""智能电网"", ""top_heat"": 78.88, ""top_width"": 10, ""top_share"": 0.1724, ""top3_share"": 0.7069, ""heat_gap_top1_top2"": 5.38, ""strong_theme_count"": 2, ""broad_strong_theme_count"": 1, ""broad_level1_themes"": [""待归类""], ""theme_width_hhi"": 0.201, ""previous_top_theme"": ""人工智能"", ""same_level1_as_previous_top"": false, ""previous_top_weakened"": true}}",theme-market-review-v2,True,source_tags_first_publication_unverified,智能电网 / 芯片 / 机器人概念
2026-01-19,82.5,高热,84.31,120,multiple_mainlines,多主线,"{""code"": ""multiple_mainlines"", ""label"": ""多主线"", ""confidence"": ""中高"", ""summary"": ""待归类、待归类同时具备宽度与封板质量，热度接近，市场呈多主线共存。"", ""evidence"": {""top_theme"": ""机器人概念"", ""top_heat"": 93.24, ""top_width"": 12, ""top_share"": 0.1379, ""top3_share"": 0.4138, ""heat_gap_top1_top2"": 0.28, ""strong_theme_count"": 2, ""broad_strong_theme_count"": 2, ""broad_level1_themes"": [""待归类"", ""待归类""], ""theme_width_hhi"": 0.1011, ""previous_top_theme"": ""智能电网"", ""same_level1_as_previous_top"": false, ""previous_top_weakened"": false}}",theme-market-review-v2,True,source_tags_first_publication_unverified,机器人概念 / 智能电网 / 股权转让
2026-01-20,44.2,中性,71.54,120,scattered_no_mainline,热点分散、无明确主线,"{""code"": ""scattered_no_mainline"", ""label"": ""热点分散、无明确主线"", ""confidence"": ""中"", ""summary"": ""局部题材仍有活跃度，但领先差、持续性或板块宽度不足，尚不能确认单一或多主线。"", ""evidence"": {""top_theme"": ""机器人概念"", ""top_heat"": 78.0, ""top_width"": 3, ""top_share"": 0.0566, ""top3_share"": 0.3962, ""heat_gap_top1_top2"": 11.62, ""strong_theme_count"": 3, ""broad_strong_theme_count"": 0, ""broad_level1_themes"": [], ""theme_width_hhi"": 0.0993, ""previous_top_theme"": ""机器人概念"", ""same_level1_as_previous_top"": false, ""previous_top_weakened"": false}}",theme-market-review-v2,True,source_tags_first_publication_unverified,机器人概念 / 化工 / 智能电网
2026-01-21,59.2,中性,74.88,120,clear_single_mainline,主线明确,"{""code"": ""clear_single_mainline"", ""label"": ""主线明确"", ""confidence"": ""中高"", ""summary"": ""机器人概念在热度、宽度和持续性上显著领先，单一主线较明确。"", ""evidence"": {""top_theme"": ""机器人概念"", ""top_heat"": 87.88, ""top_width"": 8, ""top_share"": 0.1026, ""top3_share"": 0.359, ""heat_gap_top1_top2"": 22.21, ""strong_theme_count"": 3, ""broad_strong_theme_count"": 1, ""broad_level1_themes"": [""待归类""], ""theme_width_hhi"": 0.0726, ""previous_top_theme"": ""机器人概念"", ""same_level1_as_previous_top"": false, ""previous_top_weakened"": false}}",theme-market-review-v2,True,source_tags_first_publication_unverified,机器人概念 / 芯片 / 黄金
2026-01-22,69.2,偏高,78.97,120,clear_single_mainline,主线明确,"{""code"": ""clear_single_mainline"", ""label"": ""主线明确"", ""confidence"": ""中高"", ""summary"": ""机器人概念在热度、宽度和持续性上显著领先，单一主线较明确。"", ""evidence"": {""top_theme"": ""机器人概念"", ""top_heat"": 89.64, ""top_width"": 7, ""top_share"": 0.0972, ""top3_share"": 0.3472, ""heat_gap_top1_top2"": 14.48, ""strong_theme_count"": 3, ""broad_strong_theme_count"": 1, ""broad_level1_themes"": [""待归类""], ""theme_width_hhi"": 0.0845, ""previous_top_theme"": ""机器人概念"", ""same_level1_as_previous_top"": false, ""previous_top_weakened"": false}}",theme-market-review-v2,True,source_tags_first_publication_unverified,机器人概念 / 商业航天 / 实控人变更
2026-01-23,70.8,偏高,79.17,120,scattered_no_mainline,热点分散、无明确主线,"{""code"": ""scattered_no_mainline"", ""label"": ""热点分散、无明确主线"", ""confidence"": ""中"", ""summary"": ""局部题材仍有活跃度，但领先差、持续性或板块宽度不足，尚不能确认单一或多主线。"", ""evidence"": {""top_theme"": ""光伏"", ""top_heat"": 83.36, ""top_width"": 34, ""top_share"": 0.3333, ""top3_share"": 0.5098, ""heat_gap_top1_top2"": 6.74, ""strong_theme_count"": 4, ""broad_strong_theme_count"": 1, ""broad_level1_themes"": [""待归类""], ""theme_width_hhi"": 0.1542, ""previous_top_theme"": ""机器人概念"", ""same_level1_as_previous_top"": false, ""previous_top_weakened"": false}}",theme-market-review-v2,True,source_tags_first_publication_unverified,光伏 / 商业航天 / 机器人概念
2026-01-26,43.3,中性,71.6,120,mainline_replacement,主线替换,"{""code"": ""mainline_replacement"", ""label"": ""主线替换"", ""confidence"": ""高"", ""summary"": ""光伏明显降温，黄金以更大宽度升至首位，处于新旧主线切换。"", ""evidence"": {""top_theme"": ""黄金"", ""top_heat"": 92.99, ""top_width"": 15, ""top_share"": 0.2143, ""top3_share"": 0.4, ""heat_gap_top1_top2"": 42.75, ""strong_theme_count"": 1, ""broad_strong_theme_count"": 1, ""broad_level1_themes"": [""待归类""], ""theme_width_hhi"": 0.0971, ""previous_top_theme"": ""光伏"", ""same_level1_as_previous_top"": false, ""previous_top_weakened"": true}}",theme-market-review-v2,True,source_tags_first_publication_unverified,黄金 / 机器人概念 / 有色金属
2026-01-27,51.7,中性,74.03,120,clear_single_mainline,主线明确,"{""code"": ""clear_single_mainline"", ""label"": ""主线明确"", ""confidence"": ""中高"", ""summary"": ""黄金在热度、宽度和持续性上显著领先，单一主线较明确。"", ""evidence"": {""top_theme"": ""黄金"", ""top_heat"": 86.9, ""top_width"": 6, ""top_share"": 0.1132, ""top3_share"": 0.4717, ""heat_gap_top1_top2"": 20.77, ""strong_theme_count"": 2, ""broad_strong_theme_count"": 1, ""broad_level1_themes"": [""待归类""], ""theme_width_hhi"": 0.105, ""previous_top_theme"": ""黄金"", ""same_level1_as_previous_top"": false, ""previous_top_weakened"": false}}",theme-market-review-v2,True,source_tags_first_publication_unverified,黄金 / 光伏 / 芯片
2026-01-28,80.0,高热,82.96,120,multiple_mainlines,多主线,"{""code"": ""multiple_mainlines"", ""label"": ""多主线"", ""confidence"": ""中高"", ""summary"": ""待归类、待归类同时具备宽度与封板质量，热度接近，市场呈多主线共存。"", ""evidence"": {""top_theme"": ""黄金"", ""top_heat"": 96.05, ""top_width"": 29, ""top_share"": 0.3625, ""top3_share"": 0.65, ""heat_gap_top1_top2"": 14.27, ""strong_theme_count"": 2, ""broad_strong_theme_count"": 2, ""broad_level1_themes"": [""待归类"", ""待归类""], ""theme_width_hhi"": 0.1994, ""previous_top_theme"": ""黄金"", ""same_level1_as_previous_top"": false, ""previous_top_weakened"": false}}",theme-market-review-v2,True,source_tags_first_publication_unverified,黄金 / 有色金属 / 石油石化
2026-01-29,65.0,偏高,78.79,120,scattered_no_mainline,热点分散、无明确主线,"{""code"": ""scattered_no_mainline"", ""label"": ""热点分散、无明确主线"", ""confidence"": ""中"", ""summary"": ""局部题材仍有活跃度，但领先差、持续性或板块宽度不足，尚不能确认单一或多主线。"", ""evidence"": {""top_theme"": ""黄金"", ""top_heat"": 88.15, ""top_width"": 7, ""top_share"": 0.0854, ""top3_share"": 0.2439, ""heat_gap_top1_top2"": 16.19, ""strong_theme_count"": 3, ""broad_strong_theme_count"": 0, ""broad_level1_themes"": [], ""theme_width_hhi"": 0.1077, ""previous_top_theme"": ""黄金"", ""same_level1_as_previous_top"": false, ""previous_top_weakened"": false}}",theme-market-review-v2,True,source_tags_first_publication_unverified,黄金 / 石油石化 / 人工智能
2026-01-30,12.5,低迷,60.57,120,scattered_no_mainline,热点分散、无明确主线,"{""code"": ""scattered_no_mainline"", ""label"": ""热点分散、无明确主线"", ""confidence"": ""中"", ""summary"": ""局部题材仍有活跃度，但领先差、持续性或板块宽度不足，尚不能确认单一或多主线。"", ""evidence"": {""top_theme"": ""人工智能"", ""top_heat"": 67.83, ""top_width"": 5, ""top_share"": 0.1042, ""top3_share"": 0.3333, ""heat_gap_top1_top2"": 10.33, ""strong_theme_count"": 2, ""broad_strong_theme_count"": 0, ""broad_level1_themes"": [], ""theme_width_hhi"": 0.0998, ""previous_top_theme"": ""黄金"", ""same_level1_as_previous_top"": false, ""previous_top_weakened"": true}}",theme-market-review-v2,True,source_tags_first_publication_unverified,人工智能 / 通信 / 黄金
2026-02-02,4.2,低迷,50.01,120,cold_no_mainline,热点低迷、无主线,"{""code"": ""cold_no_mainline"", ""label"": ""热点低迷、无主线"", ""confidence"": ""中高"", ""summary"": ""前三题材绝对热度较低，当前没有形成具备宽度和持续性的有效主线。"", ""evidence"": {""top_theme"": ""智能电网"", ""top_heat"": 59.4, ""top_width"": 12, ""top_share"": 0.3333, ""top3_share"": 0.5, ""heat_gap_top1_top2"": 16.15, ""strong_theme_count"": 1, ""broad_strong_theme_count"": 0, ""broad_level1_themes"": [], ""theme_width_hhi"": 0.1481, ""previous_top_theme"": ""人工智能"", ""same_level1_as_previous_top"": false, ""previous_top_weakened"": true}}",theme-market-review-v2,True,source_tags_first_publication_unverified,智能电网 / 人工智能 / 通信
2026-02-03,20.0,偏低,62.39,120,scattered_no_mainline,热点分散、无明确主线,"{""code"": ""scattered_no_mainline"", ""label"": ""热点分散、无明确主线"", ""confidence"": ""中"", ""summary"": ""局部题材仍有活跃度，但领先差、持续性或板块宽度不足，尚不能确认单一或多主线。"", ""evidence"": {""top_theme"": ""商业航天"", ""top_heat"": 65.32, ""top_width"": 14, ""top_share"": 0.2029, ""top3_share"": 0.2899, ""heat_gap_top1_top2"": 4.57, ""strong_theme_count"": 4, ""broad_strong_theme_count"": 0, ""broad_level1_themes"": [], ""theme_width_hhi"": 0.0918, ""previous_top_theme"": ""智能电网"", ""same_level1_as_previous_top"": false, ""previous_top_weakened"": true}}",theme-market-review-v2,True,source_tags_first_publication_unverified,商业航天 / 化工 / 黄金
2026-02-04,17.5,低迷,61.46,120,scattered_no_mainline,热点分散、无明确主线,"{""code"": ""scattered_no_mainline"", ""label"": ""热点分散、无明确主线"", ""confidence"": ""中"", ""summary"": ""局部题材仍有活跃度，但领先差、持续性或板块宽度不足，尚不能确认单一或多主线。"", ""evidence"": {""top_theme"": ""光伏"", ""top_heat"": 63.88, ""top_width"": 13, ""top_share"": 0.194, ""top3_share"": 0.4925, ""heat_gap_top1_top2"": 4.17, ""strong_theme_count"": 3, ""broad_strong_theme_count"": 0, ""broad_level1_themes"": [], ""theme_width_hhi"": 0.1072, ""previous_top_theme"": ""商业航天"", ""same_level1_as_previous_top"": false, ""previous_top_weakened"": true}}",theme-market-review-v2,True,source_tags_first_publication_unverified,光伏 / 地产链 / 煤炭
2026-02-05,5.8,低迷,53.22,120,cold_no_mainline,热点低迷、无主线,"{""code"": ""cold_no_mainline"", ""label"": ""热点低迷、无主线"", ""confidence"": ""中高"", ""summary"": ""前三题材绝对热度较低，当前没有形成具备宽度和持续性的有效主线。"", ""evidence"": {""top_theme"": ""并购重组"", ""top_heat"": 56.33, ""top_width"": 3, ""top_share"": 0.0698, ""top3_share"": 0.2558, ""heat_gap_top1_top2"": 3.5, ""strong_theme_count"": 1, ""broad_strong_theme_count"": 0, ""broad_level1_themes"": [], ""theme_width_hhi"": 0.0525, ""previous_top_theme"": ""光伏"", ""same_level1_as_previous_top"": false, ""previous_top_weakened"": true}}",theme-market-review-v2,True,source_tags_first_publication_unverified,并购重组 / 文化传媒 / 人工智能
2026-02-06,13.3,低迷,58.94,120,scattered_no_mainline,热点分散、无明确主线,"{""code"": ""scattered_no_mainline"", ""label"": ""热点分散、无明确主线"", ""confidence"": ""中"", ""summary"": ""局部题材仍有活跃度，但领先差、持续性或板块宽度不足，尚不能确认单一或多主线。"", ""evidence"": {""top_theme"": ""并购重组"", ""top_heat"": 60.25, ""top_width"": 4, ""top_share"": 0.0727, ""top3_share"": 0.2364, ""heat_gap_top1_top2"": 1.0, ""strong_theme_count"": 2, ""broad_strong_theme_count"": 0, ""broad_level1_themes"": [], ""theme_width_hhi"": 0.0717, ""previous_top_theme"": ""并购重组"", ""same_level1_as_previous_top"": false, ""previous_top_weakened"": false}}",theme-market-review-v2,True,source_tags_first_publication_unverified,并购重组 / 化工 / 通信
2026-02-09,93.3,高热,88.86,120,multiple_mainlines,多主线,"{""code"": ""multiple_mainlines"", ""label"": ""多主线"", ""confidence"": ""中高"", ""summary"": ""待归类、待归类同时具备宽度与封板质量，热度接近，市场呈多主线共存。"", ""evidence"": {""top_theme"": ""AI应用"", ""top_heat"": 90.27, ""top_width"": 20, ""top_share"": 0.241, ""top3_share"": 0.5181, ""heat_gap_top1_top2"": 1.0, ""strong_theme_count"": 4, ""broad_strong_theme_count"": 3, ""broad_level1_themes"": [""待归类"", ""待归类"", ""待归类""], ""theme_width_hhi"": 0.1177, ""previous_top_theme"": ""并购重组"", ""same_level1_as_previous_top"": false, ""previous_top_weakened"": true}}",theme-market-review-v2,True,source_tags_first_publication_unverified,AI应用 / 化工 / 光伏
2026-02-10,76.7,偏高,81.49,120,clear_single_mainline,主线明确,"{""code"": ""clear_single_mainline"", ""label"": ""主线明确"", ""confidence"": ""中高"", ""summary"": ""文化传媒在热度、宽度和持续性上显著领先，单一主线较明确。"", ""evidence"": {""top_theme"": ""文化传媒"", ""top_heat"": 91.33, ""top_width"": 15, ""top_share"": 0.25, ""top3_share"": 0.5833, ""heat_gap_top1_top2"": 14.36, ""strong_theme_count"": 3, ""broad_strong_theme_count"": 1, ""broad_level1_themes"": [""待归类""], ""theme_width_hhi"": 0.1622, ""previous_top_theme"": ""AI应用"", ""same_level1_as_previous_top"": false, ""previous_top_weakened"": false}}",theme-market-review-v2,True,source_tags_first_publication_unverified,文化传媒 / AI应用 / 化工
2026-02-11,64.2,偏高,77.98,120,clear_single_mainline,主线明确,"{""code"": ""clear_single_mainline"", ""label"": ""主线明确"", ""confidence"": ""中高"", ""summary"": ""化工在热度、宽度和持续性上显著领先，单一主线较明确。"", ""evidence"": {""top_theme"": ""化工"", ""top_heat"": 95.39, ""top_width"": 16, ""top_share"": 0.3137, ""top3_share"": 0.6078, ""heat_gap_top1_top2"": 30.23, ""strong_theme_count"": 2, ""broad_strong_theme_count"": 0, ""broad_level1_themes"": [], ""theme_width_hhi"": 0.1565, ""previous_top_theme"": ""文化传媒"", ""same_level1_as_previous_top"": false, ""previous_top_weakened"": true}}",theme-market-review-v2,True,source_tags_first_publication_unverified,化工 / 算力 / 有色金属
2026-02-12,30.0,偏低,65.85,120,clear_single_mainline,主线明确,"{""code"": ""clear_single_mainline"", ""label"": ""主线明确"", ""confidence"": ""中高"", ""summary"": ""算力在热度、宽度和持续性上显著领先，单一主线较明确。"", ""evidence"": {""top_theme"": ""算力"", ""top_heat"": 77.91, ""top_width"": 13, ""top_share"": 0.2167, ""top3_share"": 0.3667, ""heat_gap_top1_top2"": 23.75, ""strong_theme_count"": 1, ""broad_strong_theme_count"": 1, ""broad_level1_themes"": [""待归类""], ""theme_width_hhi"": 0.095, ""previous_top_theme"": ""化工"", ""same_level1_as_previous_top"": false, ""previous_top_weakened"": true}}",theme-market-review-v2,True,source_tags_first_publication_unverified,算力 / AI应用 / 有色金属
2026-02-13,5.8,低迷,52.49,120,cold_no_mainline,热点低迷、无主线,"{""code"": ""cold_no_mainline"", ""label"": ""热点低迷、无主线"", ""confidence"": ""中高"", ""summary"": ""前三题材绝对热度较低，当前没有形成具备宽度和持续性的有效主线。"", ""evidence"": {""top_theme"": ""AI应用"", ""top_heat"": 63.56, ""top_width"": 5, ""top_share"": 0.1562, ""top3_share"": 0.3125, ""heat_gap_top1_top2"": 22.06, ""strong_theme_count"": 0, ""broad_strong_theme_count"": 0, ""broad_level1_themes"": [], ""theme_width_hhi"": 0.082, ""previous_top_theme"": ""算力"", ""same_level1_as_previous_top"": false, ""previous_top_weakened"": true}}",theme-market-review-v2,True,source_tags_first_publication_unverified,AI应用 / 农业 / 算力
2026-02-24,41.7,中性,71.0,120,mainline_replacement,主线替换,"{""code"": ""mainline_replacement"", ""label"": ""主线替换"", ""confidence"": ""高"", ""summary"": ""AI应用明显降温，化工以更大宽度升至首位，处于新旧主线切换。"", ""evidence"": {""top_theme"": ""化工"", ""top_heat"": 85.39, ""top_width"": 23, ""top_share"": 0.2556, ""top3_share"": 0.4778, ""heat_gap_top1_top2"": 25.6, ""strong_theme_count"": 2, ""broad_strong_theme_count"": 1, ""broad_level1_themes"": [""待归类""], ""theme_width_hhi"": 0.1128, ""previous_top_theme"": ""AI应用"", ""same_level1_as_previous_top"": false, ""previous_top_weakened"": true}}",theme-market-review-v2,True,source_tags_first_publication_unverified,化工 / 石油石化 / 智能电网
2026-02-25,65.8,偏高,78.05,120,multiple_mainlines,多主线,"{""code"": ""multiple_mainlines"", ""label"": ""多主线"", ""confidence"": ""中高"", ""summary"": ""待归类、待归类同时具备宽度与封板质量，热度接近，市场呈多主线共存。"", ""evidence"": {""top_theme"": ""化工"", ""top_heat"": 86.13, ""top_width"": 19, ""top_share"": 0.2533, ""top3_share"": 0.4667, ""heat_gap_top1_top2"": 9.78, ""strong_theme_count"": 3, ""broad_strong_theme_count"": 2, ""broad_level1_themes"": [""待归类"", ""待归类""], ""theme_width_hhi"": 0.1083, ""previous_top_theme"": ""化工"", ""same_level1_as_previous_top"": false, ""previous_top_weakened"": false}}",theme-market-review-v2,True,source_tags_first_publication_unverified,化工 / 有色金属 / AI应用
2026-02-26,40.0,中性,70.51,120,mainline_replacement,主线替换,"{""code"": ""mainline_replacement"", ""label"": ""主线替换"", ""confidence"": ""高"", ""summary"": ""化工明显降温，通信以更大宽度升至首位，处于新旧主线切换。"", ""evidence"": {""top_theme"": ""通信"", ""top_heat"": 78.72, ""top_width"": 13, ""top_share"": 0.2131, ""top3_share"": 0.3607, ""heat_gap_top1_top2"": 8.56, ""strong_theme_count"": 2, ""broad_strong_theme_count"": 1, ""broad_level1_themes"": [""待归类""], ""theme_width_hhi"": 0.0841, ""previous_top_theme"": ""化工"", ""same_level1_as_previous_top"": false, ""previous_top_weakened"": true}}",theme-market-review-v2,True,source_tags_first_publication_unverified,通信 / 算力 / 化工
2026-02-27,70.8,偏高,79.63,120,mainline_replacement,主线替换,"{""code"": ""mainline_replacement"", ""label"": ""主线替换"", ""confidence"": ""高"", ""summary"": ""通信明显降温，有色金属以更大宽度升至首位，处于新旧主线切换。"", ""evidence"": {""top_theme"": ""有色金属"", ""top_heat"": 93.83, ""top_width"": 15, ""top_share"": 0.2, ""top3_share"": 0.3333, ""heat_gap_top1_top2"": 27.62, ""strong_theme_count"": 2, ""broad_strong_theme_count"": 1, ""broad_level1_themes"": [""待归类""], ""theme_width_hhi"": 0.0756, ""previous_top_theme"": ""通信"", ""same_level1_as_previous_top"": false, ""previous_top_weakened"": true}}",theme-market-review-v2,True,source_tags_first_publication_unverified,有色金属 / 算力 / 化工
2026-03-02,56.7,中性,74.96,120,mainline_replacement,主线替换,"{""code"": ""mainline_replacement"", ""label"": ""主线替换"", ""confidence"": ""高"", ""summary"": ""有色金属明显降温，石油石化以更大宽度升至首位，处于新旧主线切换。"", ""evidence"": {""top_theme"": ""石油石化"", ""top_heat"": 83.2, ""top_width"": 25, ""top_share"": 0.2874, ""top3_share"": 0.4828, ""heat_gap_top1_top2"": 16.37, ""strong_theme_count"": 4, ""broad_strong_theme_count"": 1, ""broad_level1_themes"": [""待归类""], ""theme_width_hhi"": 0.1262, ""previous_top_theme"": ""有色金属"", ""same_level1_as_previous_top"": false, ""previous_top_weakened"": true}}",theme-market-review-v2,True,source_tags_first_publication_unverified,石油石化 / 通信 / 化工
2026-03-03,81.7,高热,83.4,120,multiple_mainlines,多主线,"{""code"": ""multiple_mainlines"", ""label"": ""多主线"", ""confidence"": ""中高"", ""summary"": ""待归类、待归类同时具备宽度与封板质量，热度接近，市场呈多主线共存。"", ""evidence"": {""top_theme"": ""石油石化"", ""top_heat"": 90.69, ""top_width"": 26, ""top_share"": 0.3421, ""top3_share"": 0.75, ""heat_gap_top1_top2"": 9.79, ""strong_theme_count"": 3, ""broad_strong_theme_count"": 2, ""broad_level1_themes"": [""待归类"", ""待归类""], ""theme_width_hhi"": 0.2327, ""previous_top_theme"": ""石油石化"", ""same_level1_as_previous_top"": false, ""previous_top_weakened"": false}}",theme-market-review-v2,True,source_tags_first_publication_unverified,石油石化 / 天然气 / 航运
2026-03-04,31.7,偏低,67.08,120,scattered_no_mainline,热点分散、无明确主线,"{""code"": ""scattered_no_mainline"", ""label"": ""热点分散、无明确主线"", ""confidence"": ""中"", ""summary"": ""局部题材仍有活跃度，但领先差、持续性或板块宽度不足，尚不能确认单一或多主线。"", ""evidence"": {""top_theme"": ""石油石化"", ""top_heat"": 71.25, ""top_width"": 4, ""top_share"": 0.0909, ""top3_share"": 0.3864, ""heat_gap_top1_top2"": 3.17, ""strong_theme_count"": 3, ""broad_strong_theme_count"": 1, ""broad_level1_themes"": [""待归类""], ""theme_width_hhi"": 0.1095, ""previous_top_theme"": ""石油石化"", ""same_level1_as_previous_top"": false, ""previous_top_weakened"": false}}",theme-market-review-v2,True,source_tags_first_publication_unverified,石油石化 / 智能电网 / 通信
2026-03-05,21.7,偏低,62.83,120,scattered_no_mainline,热点分散、无明确主线,"{""code"": ""scattered_no_mainline"", ""label"": ""热点分散、无明确主线"", ""confidence"": ""中"", ""summary"": ""局部题材仍有活跃度，但领先差、持续性或板块宽度不足，尚不能确认单一或多主线。"", ""evidence"": {""top_theme"": ""面板"", ""top_heat"": 70.05, ""top_width"": 23, ""top_share"": 0.3382, ""top3_share"": 0.5294, ""heat_gap_top1_top2"": 6.03, ""strong_theme_count"": 2, ""broad_strong_theme_count"": 0, ""broad_level1_themes"": [], ""theme_width_hhi"": 0.1484, ""previous_top_theme"": ""石油石化"", ""same_level1_as_previous_top"": false, ""previous_top_weakened"": true}}",theme-market-review-v2,True,source_tags_first_publication_unverified,面板 / 智能电网 / 通信
2026-03-06,30.8,偏低,66.59,120,mainline_replacement,主线替换,"{""code"": ""mainline_replacement"", ""label"": ""主线替换"", ""confidence"": ""高"", ""summary"": ""面板明显降温，化工以更大宽度升至首位，处于新旧主线切换。"", ""evidence"": {""top_theme"": ""化工"", ""top_heat"": 71.39, ""top_width"": 15, ""top_share"": 0.2027, ""top3_share"": 0.4054, ""heat_gap_top1_top2"": 2.88, ""strong_theme_count"": 2, ""broad_strong_theme_count"": 2, ""broad_level1_themes"": [""待归类"", ""待归类""], ""theme_width_hhi"": 0.0851, ""previous_top_theme"": ""面板"", ""same_level1_as_previous_top"": false, ""previous_top_weakened"": true}}",theme-market-review-v2,True,source_tags_first_publication_unverified,化工 / 智能电网 / 电力
2026-03-09,25.8,偏低,64.54,120,multiple_mainlines,多主线,"{""code"": ""multiple_mainlines"", ""label"": ""多主线"", ""confidence"": ""中高"", ""summary"": ""待归类、待归类同时具备宽度与封板质量，热度接近，市场呈多主线共存。"", ""evidence"": {""top_theme"": ""智能电网"", ""top_heat"": 66.64, ""top_width"": 8, ""top_share"": 0.1905, ""top3_share"": 0.5238, ""heat_gap_top1_top2"": 0.47, ""strong_theme_count"": 3, ""broad_strong_theme_count"": 2, ""broad_level1_themes"": [""待归类"", ""待归类""], ""theme_width_hhi"": 0.1247, ""previous_top_theme"": ""化工"", ""same_level1_as_previous_top"": false, ""previous_top_weakened"": true}}",theme-market-review-v2,True,source_tags_first_publication_unverified,智能电网 / 算力 / 电力
2026-03-10,24.2,偏低,63.92,120,mainline_replacement,主线替换,"{""code"": ""mainline_replacement"", ""label"": ""主线替换"", ""confidence"": ""高"", ""summary"": ""智能电网明显降温，通信以更大宽度升至首位，处于新旧主线切换。"", ""evidence"": {""top_theme"": ""通信"", ""top_heat"": 68.32, ""top_width"": 13, ""top_share"": 0.2364, ""top3_share"": 0.4182, ""heat_gap_top1_top2"": 4.45, ""strong_theme_count"": 2, ""broad_strong_theme_count"": 2, ""broad_level1_themes"": [""待归类"", ""待归类""], ""theme_width_hhi"": 0.1008, ""previous_top_theme"": ""智能电网"", ""same_level1_as_previous_top"": false, ""previous_top_weakened"": true}}",theme-market-review-v2,True,source_tags_first_publication_unverified,通信 / 算力 / 地产链
2026-03-11,10.8,低迷,60.45,120,scattered_no_mainline,热点分散、无明确主线,"{""code"": ""scattered_no_mainline"", ""label"": ""热点分散、无明确主线"", ""confidence"": ""中"", ""summary"": ""局部题材仍有活跃度，但领先差、持续性或板块宽度不足，尚不能确认单一或多主线。"", ""evidence"": {""top_theme"": ""化工"", ""top_heat"": 61.5, ""top_width"": 10, ""top_share"": 0.1887, ""top3_share"": 0.3019, ""heat_gap_top1_top2"": 0.0, ""strong_theme_count"": 3, ""broad_strong_theme_count"": 0, ""broad_level1_themes"": [], ""theme_width_hhi"": 0.0865, ""previous_top_theme"": ""通信"", ""same_level1_as_previous_top"": false, ""previous_top_weakened"": true}}",theme-market-review-v2,True,source_tags_first_publication_unverified,化工 / 农业 / 算力
2026-03-12,42.5,中性,71.23,120,clear_single_mainline,主线明确,"{""code"": ""clear_single_mainline"", ""label"": ""主线明确"", ""confidence"": ""中高"", ""summary"": ""电力在热度、宽度和持续性上显著领先，单一主线较明确。"", ""evidence"": {""top_theme"": ""电力"", ""top_heat"": 87.12, ""top_width"": 8, ""top_share"": 0.1538, ""top3_share"": 0.4423, ""heat_gap_top1_top2"": 25.98, ""strong_theme_count"": 2, ""broad_strong_theme_count"": 1, ""broad_level1_themes"": [""待归类""], ""theme_width_hhi"": 0.1013, ""previous_top_theme"": ""化工"", ""same_level1_as_previous_top"": false, ""previous_top_weakened"": false}}",theme-market-review-v2,True,source_tags_first_publication_unverified,电力 / 化工 / 储能
2026-03-13,20.8,偏低,63.22,120,scattered_no_mainline,热点分散、无明确主线,"{""code"": ""scattered_no_mainline"", ""label"": ""热点分散、无明确主线"", ""confidence"": ""中"", ""summary"": ""局部题材仍有活跃度，但领先差、持续性或板块宽度不足，尚不能确认单一或多主线。"", ""evidence"": {""top_theme"": ""化工"", ""top_heat"": 66.83, ""top_width"": 9, ""top_share"": 0.1525, ""top3_share"": 0.339, ""heat_gap_top1_top2"": 2.5, ""strong_theme_count"": 2, ""broad_strong_theme_count"": 1, ""broad_level1_themes"": [""待归类""], ""theme_width_hhi"": 0.0733, ""previous_top_theme"": ""电力"", ""same_level1_as_previous_top"": false, ""previous_top_weakened"": false}}",theme-market-review-v2,True,source_tags_first_publication_unverified,化工 / 电力 / 风电
2026-03-16,2.5,低迷,48.89,120,cold_no_mainline,热点低迷、无主线,"{""code"": ""cold_no_mainline"", ""label"": ""热点低迷、无主线"", ""confidence"": ""中高"", ""summary"": ""前三题材绝对热度较低，当前没有形成具备宽度和持续性的有效主线。"", ""evidence"": {""top_theme"": ""通信"", ""top_heat"": 50.0, ""top_width"": 5, ""top_share"": 0.1136, ""top3_share"": 0.3864, ""heat_gap_top1_top2"": 0.88, ""strong_theme_count"": 0, ""broad_strong_theme_count"": 0, ""broad_level1_themes"": [], ""theme_width_hhi"": 0.0806, ""previous_top_theme"": ""化工"", ""same_level1_as_previous_top"": false, ""previous_top_weakened"": true}}",theme-market-review-v2,True,source_tags_first_publication_unverified,通信 / 芯片 / 化工
2026-03-17,10.0,低迷,57.5,120,clear_single_mainline,主线明确,"{""code"": ""clear_single_mainline"", ""label"": ""主线明确"", ""confidence"": ""中高"", ""summary"": ""化工在热度、宽度和持续性上显著领先，单一主线较明确。"", ""evidence"": {""top_theme"": ""化工"", ""top_heat"": 66.64, ""top_width"": 5, ""top_share"": 0.1429, ""top3_share"": 0.3429, ""heat_gap_top1_top2"": 14.81, ""strong_theme_count"": 1, ""broad_strong_theme_count"": 0, ""broad_level1_themes"": [], ""theme_width_hhi"": 0.0792, ""previous_top_theme"": ""通信"", ""same_level1_as_previous_top"": false, ""previous_top_weakened"": false}}",theme-market-review-v2,True,source_tags_first_publication_unverified,化工 / 地产链 / 通信
2026-03-18,12.5,低迷,59.47,120,scattered_no_mainline,热点分散、无明确主线,"{""code"": ""scattered_no_mainline"", ""label"": ""热点分散、无明确主线"", ""confidence"": ""中"", ""summary"": ""局部题材仍有活跃度，但领先差、持续性或板块宽度不足，尚不能确认单一或多主线。"", ""evidence"": {""top_theme"": ""算力"", ""top_heat"": 65.16, ""top_width"": 14, ""top_share"": 0.2456, ""top3_share"": 0.4035, ""heat_gap_top1_top2"": 9.66, ""strong_theme_count"": 2, ""broad_strong_theme_count"": 0, ""broad_level1_themes"": [], ""theme_width_hhi"": 0.1068, ""previous_top_theme"": ""化工"", ""same_level1_as_previous_top"": false, ""previous_top_weakened"": false}}",theme-market-review-v2,True,source_tags_first_publication_unverified,算力 / 化工 / 通信
2026-03-19,4.2,低迷,50.28,120,cold_no_mainline,热点低迷、无主线,"{""code"": ""cold_no_mainline"", ""label"": ""热点低迷、无主线"", ""confidence"": ""中高"", ""summary"": ""前三题材绝对热度较低，当前没有形成具备宽度和持续性的有效主线。"", ""evidence"": {""top_theme"": ""风电"", ""top_heat"": 52.33, ""top_width"": 3, ""top_share"": 0.1071, ""top3_share"": 0.5, ""heat_gap_top1_top2"": 2.5, ""strong_theme_count"": 0, ""broad_strong_theme_count"": 0, ""broad_level1_themes"": [], ""theme_width_hhi"": 0.125, ""previous_top_theme"": ""算力"", ""same_level1_as_previous_top"": false, ""previous_top_weakened"": false}}",theme-market-review-v2,True,source_tags_first_publication_unverified,风电 / 算力 / 电力
2026-03-20,11.7,低迷,58.2,120,scattered_no_mainline,热点分散、无明确主线,"{""code"": ""scattered_no_mainline"", ""label"": ""热点分散、无明确主线"", ""confidence"": ""中"", ""summary"": ""局部题材仍有活跃度，但领先差、持续性或板块宽度不足，尚不能确认单一或多主线。"", ""evidence"": {""top_theme"": ""风电"", ""top_heat"": 59.5, ""top_width"": 2, ""top_share"": 0.0714, ""top3_share"": 0.3929, ""heat_gap_top1_top2"": 2.17, ""strong_theme_count"": 3, ""broad_strong_theme_count"": 0, ""broad_level1_themes"": [], ""theme_width_hhi"": 0.1276, ""previous_top_theme"": ""风电"", ""same_level1_as_previous_top"": false, ""previous_top_weakened"": false}}",theme-market-review-v2,True,source_tags_first_publication_unverified,风电 / 地产链 / 电力
2026-03-23,9.2,低迷,54.55,120,cold_no_mainline,热点低迷、无主线,"{""code"": ""cold_no_mainline"", ""label"": ""热点低迷、无主线"", ""confidence"": ""中高"", ""summary"": ""前三题材绝对热度较低，当前没有形成具备宽度和持续性的有效主线。"", ""evidence"": {""top_theme"": ""电力"", ""top_heat"": 66.0, ""top_width"": 4, ""top_share"": 0.1429, ""top3_share"": 0.2857, ""heat_gap_top1_top2"": 21.17, ""strong_theme_count"": 1, ""broad_strong_theme_count"": 0, ""broad_level1_themes"": [], ""theme_width_hhi"": 0.0816, ""previous_top_theme"": ""风电"", ""same_level1_as_previous_top"": false, ""previous_top_weakened"": true}}",theme-market-review-v2,True,source_tags_first_publication_unverified,电力 / 并购重组 / 风电
2026-03-24,54.2,中性,74.3,120,clear_single_mainline,主线明确,"{""code"": ""clear_single_mainline"", ""label"": ""主线明确"", ""confidence"": ""中高"", ""summary"": ""电力在热度、宽度和持续性上显著领先，单一主线较明确。"", ""evidence"": {""top_theme"": ""电力"", ""top_heat"": 96.36, ""top_width"": 13, ""top_share"": 0.1566, ""top3_share"": 0.3133, ""heat_gap_top1_top2"": 40.19, ""strong_theme_count"": 2, ""broad_strong_theme_count"": 1, ""broad_level1_themes"": [""待归类""], ""theme_width_hhi"": 0.0623, ""previous_top_theme"": ""电力"", ""same_level1_as_previous_top"": false, ""previous_top_weakened"": false}}",theme-market-review-v2,True,source_tags_first_publication_unverified,电力 / 光伏 / 智能电网
2026-03-25,78.3,偏高,81.65,120,clear_single_mainline,主线明确,"{""code"": ""clear_single_mainline"", ""label"": ""主线明确"", ""confidence"": ""中高"", ""summary"": ""电力在热度、宽度和持续性上显著领先，单一主线较明确。"", ""evidence"": {""top_theme"": ""电力"", ""top_heat"": 96.82, ""top_width"": 15, ""top_share"": 0.1786, ""top3_share"": 0.4762, ""heat_gap_top1_top2"": 28.92, ""strong_theme_count"": 3, ""broad_strong_theme_count"": 1, ""broad_level1_themes"": [""待归类""], ""theme_width_hhi"": 0.0901, ""previous_top_theme"": ""电力"", ""same_level1_as_previous_top"": false, ""previous_top_weakened"": false}}",theme-market-review-v2,True,source_tags_first_publication_unverified,电力 / 通信 / 算力
2026-03-26,19.2,低迷,61.04,120,scattered_no_mainline,热点分散、无明确主线,"{""code"": ""scattered_no_mainline"", ""label"": ""热点分散、无明确主线"", ""confidence"": ""中"", ""summary"": ""局部题材仍有活跃度，但领先差、持续性或板块宽度不足，尚不能确认单一或多主线。"", ""evidence"": {""top_theme"": ""电力"", ""top_heat"": 66.92, ""top_width"": 7, ""top_share"": 0.1795, ""top3_share"": 0.4103, ""heat_gap_top1_top2"": 10.67, ""strong_theme_count"": 2, ""broad_strong_theme_count"": 0, ""broad_level1_themes"": [], ""theme_width_hhi"": 0.0927, ""previous_top_theme"": ""电力"", ""same_level1_as_previous_top"": false, ""previous_top_weakened"": true}}",theme-market-review-v2,True,source_tags_first_publication_unverified,电力 / 医药 / 锂电池
2026-03-27,66.7,偏高,78.65,120,multiple_mainlines,多主线,"{""code"": ""multiple_mainlines"", ""label"": ""多主线"", ""confidence"": ""中高"", ""summary"": ""待归类、待归类同时具备宽度与封板质量，热度接近，市场呈多主线共存。"", ""evidence"": {""top_theme"": ""医药"", ""top_heat"": 82.33, ""top_width"": 10, ""top_share"": 0.1282, ""top3_share"": 0.4744, ""heat_gap_top1_top2"": 4.52, ""strong_theme_count"": 3, ""broad_strong_theme_count"": 3, ""broad_level1_themes"": [""待归类"", ""待归类"", ""待归类""], ""theme_width_hhi"": 0.096, ""previous_top_theme"": ""电力"", ""same_level1_as_previous_top"": false, ""previous_top_weakened"": true}}",theme-market-review-v2,True,source_tags_first_publication_unverified,医药 / 锂电池 / 化工
2026-03-30,53.3,中性,73.92,120,clear_single_mainline,主线明确,"{""code"": ""clear_single_mainline"", ""label"": ""主线明确"", ""confidence"": ""中高"", ""summary"": ""医药在热度、宽度和持续性上显著领先，单一主线较明确。"", ""evidence"": {""top_theme"": ""医药"", ""top_heat"": 85.79, ""top_width"": 7, ""top_share"": 0.1129, ""top3_share"": 0.3226, ""heat_gap_top1_top2"": 20.64, ""strong_theme_count"": 3, ""broad_strong_theme_count"": 0, ""broad_level1_themes"": [], ""theme_width_hhi"": 0.0718, ""previous_top_theme"": ""医药"", ""same_level1_as_previous_top"": false, ""previous_top_weakened"": false}}",theme-market-review-v2,True,source_tags_first_publication_unverified,医药 / 通信 / 商业航天
2026-03-31,10.8,低迷,55.85,120,scattered_no_mainline,热点分散、无明确主线,"{""code"": ""scattered_no_mainline"", ""label"": ""热点分散、无明确主线"", ""confidence"": ""中"", ""summary"": ""局部题材仍有活跃度，但领先差、持续性或板块宽度不足，尚不能确认单一或多主线。"", ""evidence"": {""top_theme"": ""医药"", ""top_heat"": 57.64, ""top_width"": 5, ""top_share"": 0.0943, ""top3_share"": 0.2264, ""heat_gap_top1_top2"": 2.0, ""strong_theme_count"": 2, ""broad_strong_theme_count"": 0, ""broad_level1_themes"": [], ""theme_width_hhi"": 0.063, ""previous_top_theme"": ""医药"", ""same_level1_as_previous_top"": false, ""previous_top_weakened"": true}}",theme-market-review-v2,True,source_tags_first_publication_unverified,医药 / 商业航天 / 智能电网
2026-04-01,16.7,低迷,59.71,120,clear_single_mainline,主线明确,"{""code"": ""clear_single_mainline"", ""label"": ""主线明确"", ""confidence"": ""中高"", ""summary"": ""医药在热度、宽度和持续性上显著领先，单一主线较明确。"", ""evidence"": {""top_theme"": ""医药"", ""top_heat"": 75.98, ""top_width"": 12, ""top_share"": 0.2143, ""top3_share"": 0.375, ""heat_gap_top1_top2"": 29.58, ""strong_theme_count"": 1, ""broad_strong_theme_count"": 1, ""broad_level1_themes"": [""待归类""], ""theme_width_hhi"": 0.0867, ""previous_top_theme"": ""医药"", ""same_level1_as_previous_top"": false, ""previous_top_weakened"": false}}",theme-market-review-v2,True,source_tags_first_publication_unverified,医药 / 算力 / 医疗器械
2026-04-02,44.2,中性,70.02,120,clear_single_mainline,主线明确,"{""code"": ""clear_single_mainline"", ""label"": ""主线明确"", ""confidence"": ""中高"", ""summary"": ""医药在热度、宽度和持续性上显著领先，单一主线较明确。"", ""evidence"": {""top_theme"": ""医药"", ""top_heat"": 81.64, ""top_width"": 7, ""top_share"": 0.2593, ""top3_share"": 0.4444, ""heat_gap_top1_top2"": 13.31, ""strong_theme_count"": 2, ""broad_strong_theme_count"": 0, ""broad_level1_themes"": [], ""theme_width_hhi"": 0.1385, ""previous_top_theme"": ""医药"", ""same_level1_as_previous_top"": false, ""previous_top_weakened"": false}}",theme-market-review-v2,True,source_tags_first_publication_unverified,医药 / 智能电网 / 电力
2026-04-03,57.5,中性,74.42,120,clear_single_mainline,主线明确,"{""code"": ""clear_single_mainline"", ""label"": ""主线明确"", ""confidence"": ""中高"", ""summary"": ""通信在热度、宽度和持续性上显著领先，单一主线较明确。"", ""evidence"": {""top_theme"": ""通信"", ""top_heat"": 93.75, ""top_width"": 12, ""top_share"": 0.3333, ""top3_share"": 0.5556, ""heat_gap_top1_top2"": 25.75, ""strong_theme_count"": 2, ""broad_strong_theme_count"": 1, ""broad_level1_themes"": [""待归类""], ""theme_width_hhi"": 0.1559, ""previous_top_theme"": ""医药"", ""same_level1_as_previous_top"": false, ""previous_top_weakened"": false}}",theme-market-review-v2,True,source_tags_first_publication_unverified,通信 / 医药 / 算力
2026-04-07,90.0,高热,87.83,120,clear_single_mainline,主线明确,"{""code"": ""clear_single_mainline"", ""label"": ""主线明确"", ""confidence"": ""中高"", ""summary"": ""通信在热度、宽度和持续性上显著领先，单一主线较明确。"", ""evidence"": {""top_theme"": ""通信"", ""top_heat"": 97.98, ""top_width"": 12, ""top_share"": 0.129, ""top3_share"": 0.5269, ""heat_gap_top1_top2"": 18.66, ""strong_theme_count"": 3, ""broad_strong_theme_count"": 1, ""broad_level1_themes"": [""待归类""], ""theme_width_hhi"": 0.1458, ""previous_top_theme"": ""通信"", ""same_level1_as_previous_top"": false, ""previous_top_weakened"": false}}",theme-market-review-v2,True,source_tags_first_publication_unverified,通信 / 化工 / 医药
2026-04-08,72.5,偏高,79.74,120,multiple_mainlines,多主线,"{""code"": ""multiple_mainlines"", ""label"": ""多主线"", ""confidence"": ""中高"", ""summary"": ""待归类、待归类同时具备宽度与封板质量，热度接近，市场呈多主线共存。"", ""evidence"": {""top_theme"": ""通信"", ""top_heat"": 87.82, ""top_width"": 21, ""top_share"": 0.1721, ""top3_share"": 0.4508, ""heat_gap_top1_top2"": 9.29, ""strong_theme_count"": 3, ""broad_strong_theme_count"": 2, ""broad_level1_themes"": [""待归类"", ""待归类""], ""theme_width_hhi"": 0.0864, ""previous_top_theme"": ""通信"", ""same_level1_as_previous_top"": false, ""previous_top_weakened"": false}}",theme-market-review-v2,True,source_tags_first_publication_unverified,通信 / 算力 / AI应用
2026-04-09,33.3,偏低,65.44,120,clear_single_mainline,主线明确,"{""code"": ""clear_single_mainline"", ""label"": ""主线明确"", ""confidence"": ""中高"", ""summary"": ""通信在热度、宽度和持续性上显著领先，单一主线较明确。"", ""evidence"": {""top_theme"": ""通信"", ""top_heat"": 80.22, ""top_width"": 9, ""top_share"": 0.1698, ""top3_share"": 0.3774, ""heat_gap_top1_top2"": 24.62, ""strong_theme_count"": 2, ""broad_strong_theme_count"": 1, ""broad_level1_themes"": [""待归类""], ""theme_width_hhi"": 0.078, ""previous_top_theme"": ""通信"", ""same_level1_as_previous_top"": false, ""previous_top_weakened"": false}}",theme-market-review-v2,True,source_tags_first_publication_unverified,通信 / 芯片 / 算力
2026-04-10,19.2,低迷,60.94,120,scattered_no_mainline,热点分散、无明确主线,"{""code"": ""scattered_no_mainline"", ""label"": ""热点分散、无明确主线"", ""confidence"": ""中"", ""summary"": ""局部题材仍有活跃度，但领先差、持续性或板块宽度不足，尚不能确认单一或多主线。"", ""evidence"": {""top_theme"": ""算力"", ""top_heat"": 62.57, ""top_width"": 7, ""top_share"": 0.1186, ""top3_share"": 0.4068, ""heat_gap_top1_top2"": 2.57, ""strong_theme_count"": 3, ""broad_strong_theme_count"": 0, ""broad_level1_themes"": [], ""theme_width_hhi"": 0.0779, ""previous_top_theme"": ""通信"", ""same_level1_as_previous_top"": false, ""previous_top_weakened"": true}}",theme-market-review-v2,True,source_tags_first_publication_unverified,算力 / 芯片 / 锂电池
2026-04-13,44.2,中性,70.72,120,multiple_mainlines,多主线,"{""code"": ""multiple_mainlines"", ""label"": ""多主线"", ""confidence"": ""中高"", ""summary"": ""待归类、待归类同时具备宽度与封板质量，热度接近，市场呈多主线共存。"", ""evidence"": {""top_theme"": ""通信"", ""top_heat"": 72.18, ""top_width"": 11, ""top_share"": 0.193, ""top3_share"": 0.4211, ""heat_gap_top1_top2"": 1.9, ""strong_theme_count"": 3, ""broad_strong_theme_count"": 2, ""broad_level1_themes"": [""待归类"", ""待归类""], ""theme_width_hhi"": 0.0951, ""previous_top_theme"": ""算力"", ""same_level1_as_previous_top"": false, ""previous_top_weakened"": false}}",theme-market-review-v2,True,source_tags_first_publication_unverified,通信 / 算力 / 并购重组
2026-04-14,48.3,中性,72.98,120,clear_single_mainline,主线明确,"{""code"": ""clear_single_mainline"", ""label"": ""主线明确"", ""confidence"": ""中高"", ""summary"": ""算力在热度、宽度和持续性上显著领先，单一主线较明确。"", ""evidence"": {""top_theme"": ""算力"", ""top_heat"": 91.19, ""top_width"": 11, ""top_share"": 0.2037, ""top3_share"": 0.3519, ""heat_gap_top1_top2"": 31.69, ""strong_theme_count"": 2, ""broad_strong_theme_count"": 1, ""broad_level1_themes"": [""待归类""], ""theme_width_hhi"": 0.085, ""previous_top_theme"": ""通信"", ""same_level1_as_previous_top"": false, ""previous_top_weakened"": true}}",theme-market-review-v2,True,source_tags_first_publication_unverified,算力 / 并购重组 / 芯片
2026-04-15,39.2,偏低,69.84,120,clear_single_mainline,主线明确,"{""code"": ""clear_single_mainline"", ""label"": ""主线明确"", ""confidence"": ""中高"", ""summary"": ""算力在热度、宽度和持续性上显著领先，单一主线较明确。"", ""evidence"": {""top_theme"": ""算力"", ""top_heat"": 79.57, ""top_width"": 6, ""top_share"": 0.1091, ""top3_share"": 0.3636, ""heat_gap_top1_top2"": 16.4, ""strong_theme_count"": 3, ""broad_strong_theme_count"": 0, ""broad_level1_themes"": [], ""theme_width_hhi"": 0.0916, ""previous_top_theme"": ""算力"", ""same_level1_as_previous_top"": false, ""previous_top_weakened"": false}}",theme-market-review-v2,True,source_tags_first_publication_unverified,算力 / 医药 / 并购重组
2026-04-16,64.2,偏高,77.99,120,clear_single_mainline,主线明确,"{""code"": ""clear_single_mainline"", ""label"": ""主线明确"", ""confidence"": ""中高"", ""summary"": ""算力在热度、宽度和持续性上显著领先，单一主线较明确。"", ""evidence"": {""top_theme"": ""算力"", ""top_heat"": 95.08, ""top_width"": 20, ""top_share"": 0.2532, ""top3_share"": 0.4304, ""heat_gap_top1_top2"": 34.08, ""strong_theme_count"": 3, ""broad_strong_theme_count"": 1, ""broad_level1_themes"": [""待归类""], ""theme_width_hhi"": 0.1024, ""previous_top_theme"": ""算力"", ""same_level1_as_previous_top"": false, ""previous_top_weakened"": false}}",theme-market-review-v2,True,source_tags_first_publication_unverified,算力 / 一季报增长 / 锂电池
2026-04-17,85.0,高热,85.28,120,multiple_mainlines,多主线,"{""code"": ""multiple_mainlines"", ""label"": ""多主线"", ""confidence"": ""中高"", ""summary"": ""待归类、待归类同时具备宽度与封板质量，热度接近，市场呈多主线共存。"", ""evidence"": {""top_theme"": ""算力"", ""top_heat"": 94.67, ""top_width"": 10, ""top_share"": 0.1449, ""top3_share"": 0.5797, ""heat_gap_top1_top2"": 16.96, ""strong_theme_count"": 4, ""broad_strong_theme_count"": 2, ""broad_level1_themes"": [""待归类"", ""待归类""], ""theme_width_hhi"": 0.1279, ""previous_top_theme"": ""算力"", ""same_level1_as_previous_top"": false, ""previous_top_weakened"": false}}",theme-market-review-v2,True,source_tags_first_publication_unverified,算力 / 芯片 / 通信
2026-04-20,75.8,偏高,80.94,120,mainline_replacement,主线替换,"{""code"": ""mainline_replacement"", ""label"": ""主线替换"", ""confidence"": ""高"", ""summary"": ""算力明显降温，商业航天以更大宽度升至首位，处于新旧主线切换。"", ""evidence"": {""top_theme"": ""商业航天"", ""top_heat"": 95.67, ""top_width"": 15, ""top_share"": 0.2055, ""top3_share"": 0.3836, ""heat_gap_top1_top2"": 28.67, ""strong_theme_count"": 4, ""broad_strong_theme_count"": 2, ""broad_level1_themes"": [""待归类"", ""待归类""], ""theme_width_hhi"": 0.0899, ""previous_top_theme"": ""算力"", ""same_level1_as_previous_top"": false, ""previous_top_weakened"": true}}",theme-market-review-v2,True,source_tags_first_publication_unverified,商业航天 / 芯片 / 算力
2026-04-21,10.8,低迷,58.32,120,clear_single_mainline,主线明确,"{""code"": ""clear_single_mainline"", ""label"": ""主线明确"", ""confidence"": ""中高"", ""summary"": ""商业航天在热度、宽度和持续性上显著领先，单一主线较明确。"", ""evidence"": {""top_theme"": ""商业航天"", ""top_heat"": 69.83, ""top_width"": 9, ""top_share"": 0.1698, ""top3_share"": 0.2453, ""heat_gap_top1_top2"": 20.83, ""strong_theme_count"": 1, ""broad_strong_theme_count"": 1, ""broad_level1_themes"": [""待归类""], ""theme_width_hhi"": 0.0651, ""previous_top_theme"": ""商业航天"", ""same_level1_as_previous_top"": false, ""previous_top_weakened"": false}}",theme-market-review-v2,True,source_tags_first_publication_unverified,商业航天 / 一季报增长 / 汽车零部件
2026-04-22,63.3,偏高,77.01,120,clear_single_mainline,主线明确,"{""code"": ""clear_single_mainline"", ""label"": ""主线明确"", ""confidence"": ""中高"", ""summary"": ""芯片在热度、宽度和持续性上显著领先，单一主线较明确。"", ""evidence"": {""top_theme"": ""芯片"", ""top_heat"": 89.85, ""top_width"": 9, ""top_share"": 0.1667, ""top3_share"": 0.4444, ""heat_gap_top1_top2"": 20.66, ""strong_theme_count"": 3, ""broad_strong_theme_count"": 2, ""broad_level1_themes"": [""待归类"", ""待归类""], ""theme_width_hhi"": 0.0967, ""previous_top_theme"": ""商业航天"", ""same_level1_as_previous_top"": false, ""previous_top_weakened"": true}}",theme-market-review-v2,True,source_tags_first_publication_unverified,芯片 / 通信 / 算力
2026-04-23,13.3,低迷,59.97,120,scattered_no_mainline,热点分散、无明确主线,"{""code"": ""scattered_no_mainline"", ""label"": ""热点分散、无明确主线"", ""confidence"": ""中"", ""summary"": ""局部题材仍有活跃度，但领先差、持续性或板块宽度不足，尚不能确认单一或多主线。"", ""evidence"": {""top_theme"": ""商业航天"", ""top_heat"": 66.14, ""top_width"": 5, ""top_share"": 0.1, ""top3_share"": 0.4, ""heat_gap_top1_top2"": 11.27, ""strong_theme_count"": 1, ""broad_strong_theme_count"": 0, ""broad_level1_themes"": [], ""theme_width_hhi"": 0.0896, ""previous_top_theme"": ""芯片"", ""same_level1_as_previous_top"": false, ""previous_top_weakened"": true}}",theme-market-review-v2,True,source_tags_first_publication_unverified,商业航天 / 一季报增长 / 绿色电力
2026-04-24,9.2,低迷,57.51,120,scattered_no_mainline,热点分散、无明确主线,"{""code"": ""scattered_no_mainline"", ""label"": ""热点分散、无明确主线"", ""confidence"": ""中"", ""summary"": ""局部题材仍有活跃度，但领先差、持续性或板块宽度不足，尚不能确认单一或多主线。"", ""evidence"": {""top_theme"": ""一季报增长"", ""top_heat"": 60.78, ""top_width"": 9, ""top_share"": 0.1525, ""top3_share"": 0.4746, ""heat_gap_top1_top2"": 3.28, ""strong_theme_count"": 2, ""broad_strong_theme_count"": 0, ""broad_level1_themes"": [], ""theme_width_hhi"": 0.1089, ""previous_top_theme"": ""商业航天"", ""same_level1_as_previous_top"": false, ""previous_top_weakened"": true}}",theme-market-review-v2,True,source_tags_first_publication_unverified,一季报增长 / 锂电池 / 芯片
2026-04-27,40.0,中性,69.26,120,scattered_no_mainline,热点分散、无明确主线,"{""code"": ""scattered_no_mainline"", ""label"": ""热点分散、无明确主线"", ""confidence"": ""中"", ""summary"": ""局部题材仍有活跃度，但领先差、持续性或板块宽度不足，尚不能确认单一或多主线。"", ""evidence"": {""top_theme"": ""芯片"", ""top_heat"": 76.78, ""top_width"": 9, ""top_share"": 0.1385, ""top3_share"": 0.4769, ""heat_gap_top1_top2"": 10.15, ""strong_theme_count"": 2, ""broad_strong_theme_count"": 1, ""broad_level1_themes"": [""待归类""], ""theme_width_hhi"": 0.111, ""previous_top_theme"": ""一季报增长"", ""same_level1_as_previous_top"": false, ""previous_top_weakened"": false}}",theme-market-review-v2,True,source_tags_first_publication_unverified,芯片 / 一季报增长 / 算力
2026-04-28,75.0,偏高,80.93,120,clear_single_mainline,主线明确,"{""code"": ""clear_single_mainline"", ""label"": ""主线明确"", ""confidence"": ""中高"", ""summary"": ""芯片在热度、宽度和持续性上显著领先，单一主线较明确。"", ""evidence"": {""top_theme"": ""芯片"", ""top_heat"": 94.23, ""top_width"": 12, ""top_share"": 0.2069, ""top3_share"": 0.6207, ""heat_gap_top1_top2"": 25.87, ""strong_theme_count"": 3, ""broad_strong_theme_count"": 1, ""broad_level1_themes"": [""待归类""], ""theme_width_hhi"": 0.1439, ""previous_top_theme"": ""芯片"", ""same_level1_as_previous_top"": false, ""previous_top_weakened"": false}}",theme-market-review-v2,True,source_tags_first_publication_unverified,芯片 / 一季报增长 / 算力
2026-04-29,74.2,偏高,80.84,120,multiple_mainlines,多主线,"{""code"": ""multiple_mainlines"", ""label"": ""多主线"", ""confidence"": ""中高"", ""summary"": ""待归类、待归类同时具备宽度与封板质量，热度接近，市场呈多主线共存。"", ""evidence"": {""top_theme"": ""一季报增长"", ""top_heat"": 90.43, ""top_width"": 37, ""top_share"": 0.37, ""top3_share"": 0.61, ""heat_gap_top1_top2"": 9.05, ""strong_theme_count"": 3, ""broad_strong_theme_count"": 2, ""broad_level1_themes"": [""待归类"", ""待归类""], ""theme_width_hhi"": 0.1854, ""previous_top_theme"": ""芯片"", ""same_level1_as_previous_top"": false, ""previous_top_weakened"": true}}",theme-market-review-v2,True,source_tags_first_publication_unverified,一季报增长 / 锂电池 / 算力
2026-04-30,65.8,偏高,78.1,120,clear_single_mainline,主线明确,"{""code"": ""clear_single_mainline"", ""label"": ""主线明确"", ""confidence"": ""中高"", ""summary"": ""一季报增长在热度、宽度和持续性上显著领先，单一主线较明确。"", ""evidence"": {""top_theme"": ""一季报增长"", ""top_heat"": 87.66, ""top_width"": 25, ""top_share"": 0.3205, ""top3_share"": 0.5513, ""heat_gap_top1_top2"": 16.75, ""strong_theme_count"": 3, ""broad_strong_theme_count"": 1, ""broad_level1_themes"": [""待归类""], ""theme_width_hhi"": 0.1575, ""previous_top_theme"": ""一季报增长"", ""same_level1_as_previous_top"": false, ""previous_top_weakened"": false}}",theme-market-review-v2,True,source_tags_first_publication_unverified,一季报增长 / 芯片 / 锂电池
2026-05-06,86.7,高热,85.7,120,multiple_mainlines,多主线,"{""code"": ""multiple_mainlines"", ""label"": ""多主线"", ""confidence"": ""中高"", ""summary"": ""待归类、待归类同时具备宽度与封板质量，热度接近，市场呈多主线共存。"", ""evidence"": {""top_theme"": ""芯片"", ""top_heat"": 91.95, ""top_width"": 20, ""top_share"": 0.202, ""top3_share"": 0.4848, ""heat_gap_top1_top2"": 10.67, ""strong_theme_count"": 5, ""broad_strong_theme_count"": 3, ""broad_level1_themes"": [""待归类"", ""待归类"", ""待归类""], ""theme_width_hhi"": 0.1074, ""previous_top_theme"": ""一季报增长"", ""same_level1_as_previous_top"": false, ""previous_top_weakened"": false}}",theme-market-review-v2,True,source_tags_first_publication_unverified,芯片 / 一季报增长 / 算力
2026-05-07,75.0,偏高,81.32,120,multiple_mainlines,多主线,"{""code"": ""multiple_mainlines"", ""label"": ""多主线"", ""confidence"": ""中高"", ""summary"": ""待归类、待归类同时具备宽度与封板质量，热度接近，市场呈多主线共存。"", ""evidence"": {""top_theme"": ""算力"", ""top_heat"": 89.01, ""top_width"": 21, ""top_share"": 0.2165, ""top3_share"": 0.4845, ""heat_gap_top1_top2"": 7.18, ""strong_theme_count"": 4, ""broad_strong_theme_count"": 2, ""broad_level1_themes"": [""待归类"", ""待归类""], ""theme_width_hhi"": 0.1191, ""previous_top_theme"": ""芯片"", ""same_level1_as_previous_top"": false, ""previous_top_weakened"": true}}",theme-market-review-v2,True,source_tags_first_publication_unverified,算力 / 通信 / 新型工业化
2026-05-08,77.5,偏高,82.59,120,multiple_mainlines,多主线,"{""code"": ""multiple_mainlines"", ""label"": ""多主线"", ""confidence"": ""中高"", ""summary"": ""待归类、待归类同时具备宽度与封板质量，热度接近，市场呈多主线共存。"", ""evidence"": {""top_theme"": ""通信"", ""top_heat"": 84.72, ""top_width"": 16, ""top_share"": 0.1667, ""top3_share"": 0.5, ""heat_gap_top1_top2"": 3.36, ""strong_theme_count"": 4, ""broad_strong_theme_count"": 3, ""broad_level1_themes"": [""待归类"", ""待归类"", ""待归类""], ""theme_width_hhi"": 0.1105, ""previous_top_theme"": ""算力"", ""same_level1_as_previous_top"": false, ""previous_top_weakened"": false}}",theme-market-review-v2,True,source_tags_first_publication_unverified,通信 / 机器人概念 / 算力
2026-05-11,76.7,偏高,82.19,120,clear_single_mainline,主线明确,"{""code"": ""clear_single_mainline"", ""label"": ""主线明确"", ""confidence"": ""中高"", ""summary"": ""通信在热度、宽度和持续性上显著领先，单一主线较明确。"", ""evidence"": {""top_theme"": ""通信"", ""top_heat"": 91.29, ""top_width"": 16, ""top_share"": 0.1758, ""top3_share"": 0.4615, ""heat_gap_top1_top2"": 15.63, ""strong_theme_count"": 4, ""broad_strong_theme_count"": 1, ""broad_level1_themes"": [""待归类""], ""theme_width_hhi"": 0.0914, ""previous_top_theme"": ""通信"", ""same_level1_as_previous_top"": false, ""previous_top_weakened"": false}}",theme-market-review-v2,True,source_tags_first_publication_unverified,通信 / 算力 / 芯片
2026-05-12,76.7,偏高,82.3,120,clear_single_mainline,主线明确,"{""code"": ""clear_single_mainline"", ""label"": ""主线明确"", ""confidence"": ""中高"", ""summary"": ""芯片在热度、宽度和持续性上显著领先，单一主线较明确。"", ""evidence"": {""top_theme"": ""芯片"", ""top_heat"": 92.48, ""top_width"": 11, ""top_share"": 0.193, ""top3_share"": 0.4035, ""heat_gap_top1_top2"": 18.48, ""strong_theme_count"": 3, ""broad_strong_theme_count"": 1, ""broad_level1_themes"": [""待归类""], ""theme_width_hhi"": 0.0945, ""previous_top_theme"": ""通信"", ""same_level1_as_previous_top"": false, ""previous_top_weakened"": false}}",theme-market-review-v2,True,source_tags_first_publication_unverified,芯片 / 电力 / 通信
2026-05-13,96.7,高热,91.01,120,multiple_mainlines,多主线,"{""code"": ""multiple_mainlines"", ""label"": ""多主线"", ""confidence"": ""中高"", ""summary"": ""待归类、待归类同时具备宽度与封板质量，热度接近，市场呈多主线共存。"", ""evidence"": {""top_theme"": ""电力"", ""top_heat"": 98.27, ""top_width"": 17, ""top_share"": 0.1532, ""top3_share"": 0.4595, ""heat_gap_top1_top2"": 9.22, ""strong_theme_count"": 5, ""broad_strong_theme_count"": 4, ""broad_level1_themes"": [""待归类"", ""待归类"", ""待归类"", ""待归类""], ""theme_width_hhi"": 0.0916, ""previous_top_theme"": ""芯片"", ""same_level1_as_previous_top"": false, ""previous_top_weakened"": false}}",theme-market-review-v2,True,source_tags_first_publication_unverified,电力 / 芯片 / 算力
2026-05-14,39.2,偏低,70.29,120,clear_single_mainline,主线明确,"{""code"": ""clear_single_mainline"", ""label"": ""主线明确"", ""confidence"": ""中高"", ""summary"": ""芯片在热度、宽度和持续性上显著领先，单一主线较明确。"", ""evidence"": {""top_theme"": ""芯片"", ""top_heat"": 92.57, ""top_width"": 12, ""top_share"": 0.2222, ""top3_share"": 0.4074, ""heat_gap_top1_top2"": 41.93, ""strong_theme_count"": 1, ""broad_strong_theme_count"": 1, ""broad_level1_themes"": [""待归类""], ""theme_width_hhi"": 0.0953, ""previous_top_theme"": ""电力"", ""same_level1_as_previous_top"": false, ""previous_top_weakened"": true}}",theme-market-review-v2,True,source_tags_first_publication_unverified,芯片 / 通信 / 算力
2026-05-15,31.7,偏低,66.97,120,scattered_no_mainline,热点分散、无明确主线,"{""code"": ""scattered_no_mainline"", ""label"": ""热点分散、无明确主线"", ""confidence"": ""中"", ""summary"": ""局部题材仍有活跃度，但领先差、持续性或板块宽度不足，尚不能确认单一或多主线。"", ""evidence"": {""top_theme"": ""芯片"", ""top_heat"": 71.83, ""top_width"": 5, ""top_share"": 0.0926, ""top3_share"": 0.3889, ""heat_gap_top1_top2"": 9.43, ""strong_theme_count"": 3, ""broad_strong_theme_count"": 0, ""broad_level1_themes"": [], ""theme_width_hhi"": 0.1324, ""previous_top_theme"": ""芯片"", ""same_level1_as_previous_top"": false, ""previous_top_weakened"": false}}",theme-market-review-v2,True,source_tags_first_publication_unverified,芯片 / 机器人概念 / 电力
2026-05-18,49.2,中性,73.93,120,clear_single_mainline,主线明确,"{""code"": ""clear_single_mainline"", ""label"": ""主线明确"", ""confidence"": ""中高"", ""summary"": ""芯片在热度、宽度和持续性上显著领先，单一主线较明确。"", ""evidence"": {""top_theme"": ""芯片"", ""top_heat"": 87.67, ""top_width"": 18, ""top_share"": 0.2278, ""top3_share"": 0.3165, ""heat_gap_top1_top2"": 25.67, ""strong_theme_count"": 4, ""broad_strong_theme_count"": 1, ""broad_level1_themes"": [""待归类""], ""theme_width_hhi"": 0.095, ""previous_top_theme"": ""芯片"", ""same_level1_as_previous_top"": false, ""previous_top_weakened"": false}}",theme-market-review-v2,True,source_tags_first_publication_unverified,芯片 / 股权转让 / 电力
2026-05-19,67.5,偏高,79.35,120,multiple_mainlines,多主线,"{""code"": ""multiple_mainlines"", ""label"": ""多主线"", ""confidence"": ""中高"", ""summary"": ""待归类、待归类同时具备宽度与封板质量，热度接近，市场呈多主线共存。"", ""evidence"": {""top_theme"": ""芯片"", ""top_heat"": 84.98, ""top_width"": 11, ""top_share"": 0.1222, ""top3_share"": 0.3111, ""heat_gap_top1_top2"": 8.45, ""strong_theme_count"": 6, ""broad_strong_theme_count"": 3, ""broad_level1_themes"": [""待归类"", ""待归类"", ""待归类""], ""theme_width_hhi"": 0.0864, ""previous_top_theme"": ""芯片"", ""same_level1_as_previous_top"": false, ""previous_top_weakened"": false}}",theme-market-review-v2,True,source_tags_first_publication_unverified,芯片 / 机器人概念 / 实控人变更
2026-05-20,60.0,偏高,77.38,120,clear_single_mainline,主线明确,"{""code"": ""clear_single_mainline"", ""label"": ""主线明确"", ""confidence"": ""中高"", ""summary"": ""芯片在热度、宽度和持续性上显著领先，单一主线较明确。"", ""evidence"": {""top_theme"": ""芯片"", ""top_heat"": 90.5, ""top_width"": 26, ""top_share"": 0.4407, ""top3_share"": 0.5424, ""heat_gap_top1_top2"": 24.06, ""strong_theme_count"": 1, ""broad_strong_theme_count"": 1, ""broad_level1_themes"": [""待归类""], ""theme_width_hhi"": 0.2186, ""previous_top_theme"": ""芯片"", ""same_level1_as_previous_top"": false, ""previous_top_weakened"": false}}",theme-market-review-v2,True,source_tags_first_publication_unverified,芯片 / 股权转让 / 实控人变更
2026-05-21,5.8,低迷,54.1,120,cold_no_mainline,热点低迷、无主线,"{""code"": ""cold_no_mainline"", ""label"": ""热点低迷、无主线"", ""confidence"": ""中高"", ""summary"": ""前三题材绝对热度较低，当前没有形成具备宽度和持续性的有效主线。"", ""evidence"": {""top_theme"": ""实控人变更"", ""top_heat"": 62.5, ""top_width"": 2, ""top_share"": 0.0645, ""top3_share"": 0.2581, ""heat_gap_top1_top2"": 9.65, ""strong_theme_count"": 0, ""broad_strong_theme_count"": 0, ""broad_level1_themes"": [], ""theme_width_hhi"": 0.0905, ""previous_top_theme"": ""芯片"", ""same_level1_as_previous_top"": false, ""previous_top_weakened"": true}}",theme-market-review-v2,True,source_tags_first_publication_unverified,实控人变更 / 芯片 / 化工
2026-05-22,82.5,高热,84.3,120,multiple_mainlines,多主线,"{""code"": ""multiple_mainlines"", ""label"": ""多主线"", ""confidence"": ""中高"", ""summary"": ""待归类、待归类同时具备宽度与封板质量，热度接近，市场呈多主线共存。"", ""evidence"": {""top_theme"": ""芯片"", ""top_heat"": 87.12, ""top_width"": 14, ""top_share"": 0.1228, ""top3_share"": 0.4912, ""heat_gap_top1_top2"": 4.33, ""strong_theme_count"": 4, ""broad_strong_theme_count"": 2, ""broad_level1_themes"": [""待归类"", ""待归类""], ""theme_width_hhi"": 0.1071, ""previous_top_theme"": ""实控人变更"", ""same_level1_as_previous_top"": false, ""previous_top_weakened"": true}}",theme-market-review-v2,True,source_tags_first_publication_unverified,芯片 / 元器件 / 通信
2026-05-25,78.3,偏高,82.66,120,clear_single_mainline,主线明确,"{""code"": ""clear_single_mainline"", ""label"": ""主线明确"", ""confidence"": ""中高"", ""summary"": ""芯片在热度、宽度和持续性上显著领先，单一主线较明确。"", ""evidence"": {""top_theme"": ""芯片"", ""top_heat"": 95.0, ""top_width"": 15, ""top_share"": 0.1456, ""top3_share"": 0.3592, ""heat_gap_top1_top2"": 18.02, ""strong_theme_count"": 4, ""broad_strong_theme_count"": 1, ""broad_level1_themes"": [""待归类""], ""theme_width_hhi"": 0.0689, ""previous_top_theme"": ""芯片"", ""same_level1_as_previous_top"": false, ""previous_top_weakened"": false}}",theme-market-review-v2,True,source_tags_first_publication_unverified,芯片 / 通信 / 机器人概念
2026-05-26,3.3,低迷,50.4,120,cold_no_mainline,热点低迷、无主线,"{""code"": ""cold_no_mainline"", ""label"": ""热点低迷、无主线"", ""confidence"": ""中高"", ""summary"": ""前三题材绝对热度较低，当前没有形成具备宽度和持续性的有效主线。"", ""evidence"": {""top_theme"": ""有色金属"", ""top_heat"": 54.0, ""top_width"": 7, ""top_share"": 0.1556, ""top3_share"": 0.3556, ""heat_gap_top1_top2"": 5.67, ""strong_theme_count"": 0, ""broad_strong_theme_count"": 0, ""broad_level1_themes"": [], ""theme_width_hhi"": 0.0815, ""previous_top_theme"": ""芯片"", ""same_level1_as_previous_top"": false, ""previous_top_weakened"": true}}",theme-market-review-v2,True,source_tags_first_publication_unverified,有色金属 / 芯片 / 通信
2026-05-27,6.7,低迷,53.99,120,cold_no_mainline,热点低迷、无主线,"{""code"": ""cold_no_mainline"", ""label"": ""热点低迷、无主线"", ""confidence"": ""中高"", ""summary"": ""前三题材绝对热度较低，当前没有形成具备宽度和持续性的有效主线。"", ""evidence"": {""top_theme"": ""电力"", ""top_heat"": 59.18, ""top_width"": 7, ""top_share"": 0.1489, ""top3_share"": 0.2979, ""heat_gap_top1_top2"": 6.18, ""strong_theme_count"": 1, ""broad_strong_theme_count"": 0, ""broad_level1_themes"": [], ""theme_width_hhi"": 0.0656, ""previous_top_theme"": ""有色金属"", ""same_level1_as_previous_top"": false, ""previous_top_weakened"": true}}",theme-market-review-v2,True,source_tags_first_publication_unverified,电力 / 元器件 / 芯片
2026-05-28,90.0,高热,87.44,120,multiple_mainlines,多主线,"{""code"": ""multiple_mainlines"", ""label"": ""多主线"", ""confidence"": ""中高"", ""summary"": ""待归类、待归类同时具备宽度与封板质量，热度接近，市场呈多主线共存。"", ""evidence"": {""top_theme"": ""元器件"", ""top_heat"": 93.75, ""top_width"": 14, ""top_share"": 0.1386, ""top3_share"": 0.4653, ""heat_gap_top1_top2"": 4.21, ""strong_theme_count"": 5, ""broad_strong_theme_count"": 2, ""broad_level1_themes"": [""待归类"", ""待归类""], ""theme_width_hhi"": 0.0936, ""previous_top_theme"": ""电力"", ""same_level1_as_previous_top"": false, ""previous_top_weakened"": true}}",theme-market-review-v2,True,source_tags_first_publication_unverified,元器件 / 通信 / 芯片
2026-05-29,46.7,中性,72.95,120,scattered_no_mainline,热点分散、无明确主线,"{""code"": ""scattered_no_mainline"", ""label"": ""热点分散、无明确主线"", ""confidence"": ""中"", ""summary"": ""局部题材仍有活跃度，但领先差、持续性或板块宽度不足，尚不能确认单一或多主线。"", ""evidence"": {""top_theme"": ""电力"", ""top_heat"": 78.67, ""top_width"": 8, ""top_share"": 0.1633, ""top3_share"": 0.4898, ""heat_gap_top1_top2"": 5.71, ""strong_theme_count"": 2, ""broad_strong_theme_count"": 0, ""broad_level1_themes"": [], ""theme_width_hhi"": 0.1037, ""previous_top_theme"": ""元器件"", ""same_level1_as_previous_top"": false, ""previous_top_weakened"": true}}",theme-market-review-v2,True,source_tags_first_publication_unverified,电力 / 地产链 / 零售
2026-06-01,44.2,中性,71.54,120,clear_single_mainline,主线明确,"{""code"": ""clear_single_mainline"", ""label"": ""主线明确"", ""confidence"": ""中高"", ""summary"": ""AI应用在热度、宽度和持续性上显著领先，单一主线较明确。"", ""evidence"": {""top_theme"": ""AI应用"", ""top_heat"": 78.13, ""top_width"": 21, ""top_share"": 0.1795, ""top3_share"": 0.2991, ""heat_gap_top1_top2"": 12.23, ""strong_theme_count"": 5, ""broad_strong_theme_count"": 1, ""broad_level1_themes"": [""待归类""], ""theme_width_hhi"": 0.0689, ""previous_top_theme"": ""电力"", ""same_level1_as_previous_top"": false, ""previous_top_weakened"": false}}",theme-market-review-v2,True,source_tags_first_publication_unverified,AI应用 / 电力 / AI PC
2026-06-02,45.8,中性,71.85,120,clear_single_mainline,主线明确,"{""code"": ""clear_single_mainline"", ""label"": ""主线明确"", ""confidence"": ""中高"", ""summary"": ""元器件在热度、宽度和持续性上显著领先，单一主线较明确。"", ""evidence"": {""top_theme"": ""元器件"", ""top_heat"": 84.29, ""top_width"": 9, ""top_share"": 0.1406, ""top3_share"": 0.4688, ""heat_gap_top1_top2"": 21.73, ""strong_theme_count"": 2, ""broad_strong_theme_count"": 1, ""broad_level1_themes"": [""待归类""], ""theme_width_hhi"": 0.0977, ""previous_top_theme"": ""AI应用"", ""same_level1_as_previous_top"": false, ""previous_top_weakened"": true}}",theme-market-review-v2,True,source_tags_first_publication_unverified,元器件 / 通信 / 芯片
2026-06-03,20.8,偏低,61.93,120,scattered_no_mainline,热点分散、无明确主线,"{""code"": ""scattered_no_mainline"", ""label"": ""热点分散、无明确主线"", ""confidence"": ""中"", ""summary"": ""局部题材仍有活跃度，但领先差、持续性或板块宽度不足，尚不能确认单一或多主线。"", ""evidence"": {""top_theme"": ""机器人概念"", ""top_heat"": 65.92, ""top_width"": 13, ""top_share"": 0.197, ""top3_share"": 0.4545, ""heat_gap_top1_top2"": 4.84, ""strong_theme_count"": 1, ""broad_strong_theme_count"": 0, ""broad_level1_themes"": [], ""theme_width_hhi"": 0.09, ""previous_top_theme"": ""元器件"", ""same_level1_as_previous_top"": false, ""previous_top_weakened"": true}}",theme-market-review-v2,True,source_tags_first_publication_unverified,机器人概念 / 通信 / 芯片
2026-06-04,70.8,偏高,81.25,120,mainline_replacement,主线替换,"{""code"": ""mainline_replacement"", ""label"": ""主线替换"", ""confidence"": ""高"", ""summary"": ""机器人概念明显降温，元器件以更大宽度升至首位，处于新旧主线切换。"", ""evidence"": {""top_theme"": ""元器件"", ""top_heat"": 95.98, ""top_width"": 11, ""top_share"": 0.141, ""top3_share"": 0.4231, ""heat_gap_top1_top2"": 23.63, ""strong_theme_count"": 3, ""broad_strong_theme_count"": 1, ""broad_level1_themes"": [""待归类""], ""theme_width_hhi"": 0.093, ""previous_top_theme"": ""机器人概念"", ""same_level1_as_previous_top"": false, ""previous_top_weakened"": true}}",theme-market-review-v2,True,source_tags_first_publication_unverified,元器件 / 芯片 / 通信
2026-06-05,15.8,低迷,59.88,120,mainline_replacement,主线替换,"{""code"": ""mainline_replacement"", ""label"": ""主线替换"", ""confidence"": ""高"", ""summary"": ""元器件明显降温，机器人概念以更大宽度升至首位，处于新旧主线切换。"", ""evidence"": {""top_theme"": ""机器人概念"", ""top_heat"": 70.52, ""top_width"": 14, ""top_share"": 0.2, ""top3_share"": 0.3143, ""heat_gap_top1_top2"": 19.79, ""strong_theme_count"": 1, ""broad_strong_theme_count"": 0, ""broad_level1_themes"": [], ""theme_width_hhi"": 0.0763, ""previous_top_theme"": ""元器件"", ""same_level1_as_previous_top"": false, ""previous_top_weakened"": true}}",theme-market-review-v2,True,source_tags_first_publication_unverified,机器人概念 / 通信 / 煤炭
2026-06-08,32.5,偏低,67.04,120,scattered_no_mainline,热点分散、无明确主线,"{""code"": ""scattered_no_mainline"", ""label"": ""热点分散、无明确主线"", ""confidence"": ""中"", ""summary"": ""局部题材仍有活跃度，但领先差、持续性或板块宽度不足，尚不能确认单一或多主线。"", ""evidence"": {""top_theme"": ""物理AI"", ""top_heat"": 72.5, ""top_width"": 10, ""top_share"": 0.1818, ""top3_share"": 0.3273, ""heat_gap_top1_top2"": 8.87, ""strong_theme_count"": 3, ""broad_strong_theme_count"": 1, ""broad_level1_themes"": [""待归类""], ""theme_width_hhi"": 0.0724, ""previous_top_theme"": ""机器人概念"", ""same_level1_as_previous_top"": false, ""previous_top_weakened"": false}}",theme-market-review-v2,True,source_tags_first_publication_unverified,物理AI / 机器人概念 / 煤炭
2026-06-09,68.3,偏高,80.65,120,mainline_replacement,主线替换,"{""code"": ""mainline_replacement"", ""label"": ""主线替换"", ""confidence"": ""高"", ""summary"": ""物理AI明显降温，通信以更大宽度升至首位，处于新旧主线切换。"", ""evidence"": {""top_theme"": ""通信"", ""top_heat"": 88.54, ""top_width"": 30, ""top_share"": 0.2362, ""top3_share"": 0.5197, ""heat_gap_top1_top2"": 2.73, ""strong_theme_count"": 2, ""broad_strong_theme_count"": 1, ""broad_level1_themes"": [""待归类""], ""theme_width_hhi"": 0.1208, ""previous_top_theme"": ""物理AI"", ""same_level1_as_previous_top"": false, ""previous_top_weakened"": true}}",theme-market-review-v2,True,source_tags_first_publication_unverified,通信 / 芯片 / 算力
2026-06-10,49.2,中性,73.47,120,clear_single_mainline,主线明确,"{""code"": ""clear_single_mainline"", ""label"": ""主线明确"", ""confidence"": ""中高"", ""summary"": ""芯片在热度、宽度和持续性上显著领先，单一主线较明确。"", ""evidence"": {""top_theme"": ""芯片"", ""top_heat"": 85.72, ""top_width"": 16, ""top_share"": 0.2286, ""top3_share"": 0.4429, ""heat_gap_top1_top2"": 19.72, ""strong_theme_count"": 2, ""broad_strong_theme_count"": 2, ""broad_level1_themes"": [""待归类"", ""待归类""], ""theme_width_hhi"": 0.0971, ""previous_top_theme"": ""通信"", ""same_level1_as_previous_top"": false, ""previous_top_weakened"": false}}",theme-market-review-v2,True,source_tags_first_publication_unverified,芯片 / 通信 / 算力
2026-06-11,58.3,中性,75.72,120,clear_single_mainline,主线明确,"{""code"": ""clear_single_mainline"", ""label"": ""主线明确"", ""confidence"": ""中高"", ""summary"": ""芯片在热度、宽度和持续性上显著领先，单一主线较明确。"", ""evidence"": {""top_theme"": ""芯片"", ""top_heat"": 90.94, ""top_width"": 23, ""top_share"": 0.3333, ""top3_share"": 0.5507, ""heat_gap_top1_top2"": 26.03, ""strong_theme_count"": 1, ""broad_strong_theme_count"": 1, ""broad_level1_themes"": [""待归类""], ""theme_width_hhi"": 0.1577, ""previous_top_theme"": ""芯片"", ""same_level1_as_previous_top"": false, ""previous_top_weakened"": false}}",theme-market-review-v2,True,source_tags_first_publication_unverified,芯片 / 通信 / 化工
2026-06-12,26.7,偏低,64.14,120,scattered_no_mainline,热点分散、无明确主线,"{""code"": ""scattered_no_mainline"", ""label"": ""热点分散、无明确主线"", ""confidence"": ""中"", ""summary"": ""局部题材仍有活跃度，但领先差、持续性或板块宽度不足，尚不能确认单一或多主线。"", ""evidence"": {""top_theme"": ""芯片"", ""top_heat"": 69.64, ""top_width"": 5, ""top_share"": 0.0575, ""top3_share"": 0.2299, ""heat_gap_top1_top2"": 10.48, ""strong_theme_count"": 3, ""broad_strong_theme_count"": 0, ""broad_level1_themes"": [], ""theme_width_hhi"": 0.0482, ""previous_top_theme"": ""芯片"", ""same_level1_as_previous_top"": false, ""previous_top_weakened"": false}}",theme-market-review-v2,True,source_tags_first_publication_unverified,芯片 / 有色金属 / 低空经济
2026-06-15,73.3,偏高,81.26,120,multiple_mainlines,多主线,"{""code"": ""multiple_mainlines"", ""label"": ""多主线"", ""confidence"": ""中高"", ""summary"": ""待归类、待归类同时具备宽度与封板质量，热度接近，市场呈多主线共存。"", ""evidence"": {""top_theme"": ""通信"", ""top_heat"": 88.45, ""top_width"": 39, ""top_share"": 0.2708, ""top3_share"": 0.4931, ""heat_gap_top1_top2"": 9.73, ""strong_theme_count"": 4, ""broad_strong_theme_count"": 2, ""broad_level1_themes"": [""待归类"", ""待归类""], ""theme_width_hhi"": 0.1122, ""previous_top_theme"": ""芯片"", ""same_level1_as_previous_top"": false, ""previous_top_weakened"": false}}",theme-market-review-v2,True,source_tags_first_publication_unverified,通信 / 芯片 / 元器件
2026-06-16,81.7,高热,83.34,120,multiple_mainlines,多主线,"{""code"": ""multiple_mainlines"", ""label"": ""多主线"", ""confidence"": ""中高"", ""summary"": ""待归类、待归类同时具备宽度与封板质量，热度接近，市场呈多主线共存。"", ""evidence"": {""top_theme"": ""通信"", ""top_heat"": 90.66, ""top_width"": 25, ""top_share"": 0.2232, ""top3_share"": 0.4107, ""heat_gap_top1_top2"": 1.98, ""strong_theme_count"": 4, ""broad_strong_theme_count"": 2, ""broad_level1_themes"": [""待归类"", ""待归类""], ""theme_width_hhi"": 0.0974, ""previous_top_theme"": ""通信"", ""same_level1_as_previous_top"": false, ""previous_top_weakened"": false}}",theme-market-review-v2,True,source_tags_first_publication_unverified,通信 / 芯片 / 有色金属
2026-06-17,71.7,偏高,81.02,120,multiple_mainlines,多主线,"{""code"": ""multiple_mainlines"", ""label"": ""多主线"", ""confidence"": ""中高"", ""summary"": ""待归类、待归类同时具备宽度与封板质量，热度接近，市场呈多主线共存。"", ""evidence"": {""top_theme"": ""通信"", ""top_heat"": 93.33, ""top_width"": 20, ""top_share"": 0.2381, ""top3_share"": 0.5238, ""heat_gap_top1_top2"": 10.08, ""strong_theme_count"": 2, ""broad_strong_theme_count"": 2, ""broad_level1_themes"": [""待归类"", ""待归类""], ""theme_width_hhi"": 0.1293, ""previous_top_theme"": ""通信"", ""same_level1_as_previous_top"": false, ""previous_top_weakened"": false}}",theme-market-review-v2,True,source_tags_first_publication_unverified,通信 / 芯片 / 电阻电容
2026-06-18,67.5,偏高,79.99,120,multiple_mainlines,多主线,"{""code"": ""multiple_mainlines"", ""label"": ""多主线"", ""confidence"": ""中高"", ""summary"": ""待归类、待归类同时具备宽度与封板质量，热度接近，市场呈多主线共存。"", ""evidence"": {""top_theme"": ""非金属材料"", ""top_heat"": 84.59, ""top_width"": 11, ""top_share"": 0.1222, ""top3_share"": 0.3556, ""heat_gap_top1_top2"": 3.36, ""strong_theme_count"": 5, ""broad_strong_theme_count"": 2, ""broad_level1_themes"": [""待归类"", ""待归类""], ""theme_width_hhi"": 0.0768, ""previous_top_theme"": ""通信"", ""same_level1_as_previous_top"": false, ""previous_top_weakened"": false}}",theme-market-review-v2,True,source_tags_first_publication_unverified,非金属材料 / 通信 / 芯片
2026-06-22,95.0,高热,90.22,120,multiple_mainlines,多主线,"{""code"": ""multiple_mainlines"", ""label"": ""多主线"", ""confidence"": ""中高"", ""summary"": ""待归类、待归类同时具备宽度与封板质量，热度接近，市场呈多主线共存。"", ""evidence"": {""top_theme"": ""有色金属"", ""top_heat"": 92.77, ""top_width"": 20, ""top_share"": 0.1515, ""top3_share"": 0.2803, ""heat_gap_top1_top2"": 3.02, ""strong_theme_count"": 6, ""broad_strong_theme_count"": 2, ""broad_level1_themes"": [""待归类"", ""待归类""], ""theme_width_hhi"": 0.0677, ""previous_top_theme"": ""非金属材料"", ""same_level1_as_previous_top"": false, ""previous_top_weakened"": false}}",theme-market-review-v2,True,source_tags_first_publication_unverified,有色金属 / 非金属材料 / 通信
2026-06-23,33.3,偏低,68.62,120,mainline_replacement,主线替换,"{""code"": ""mainline_replacement"", ""label"": ""主线替换"", ""confidence"": ""高"", ""summary"": ""有色金属明显降温，医药以更大宽度升至首位，处于新旧主线切换。"", ""evidence"": {""top_theme"": ""医药"", ""top_heat"": 71.02, ""top_width"": 14, ""top_share"": 0.1522, ""top3_share"": 0.337, ""heat_gap_top1_top2"": 1.75, ""strong_theme_count"": 4, ""broad_strong_theme_count"": 2, ""broad_level1_themes"": [""待归类"", ""待归类""], ""theme_width_hhi"": 0.061, ""previous_top_theme"": ""有色金属"", ""same_level1_as_previous_top"": false, ""previous_top_weakened"": true}}",theme-market-review-v2,True,source_tags_first_publication_unverified,医药 / 芯片 / 通信
2026-06-24,90.0,高热,87.68,120,multiple_mainlines,多主线,"{""code"": ""multiple_mainlines"", ""label"": ""多主线"", ""confidence"": ""中高"", ""summary"": ""待归类、待归类同时具备宽度与封板质量，热度接近，市场呈多主线共存。"", ""evidence"": {""top_theme"": ""通信"", ""top_heat"": 91.91, ""top_width"": 16, ""top_share"": 0.1649, ""top3_share"": 0.5155, ""heat_gap_top1_top2"": 1.07, ""strong_theme_count"": 4, ""broad_strong_theme_count"": 3, ""broad_level1_themes"": [""待归类"", ""待归类"", ""待归类""], ""theme_width_hhi"": 0.154, ""previous_top_theme"": ""医药"", ""same_level1_as_previous_top"": false, ""previous_top_weakened"": true}}",theme-market-review-v2,True,source_tags_first_publication_unverified,通信 / 芯片 / 非金属材料
2026-06-25,100.0,高热,95.21,120,multiple_mainlines,多主线,"{""code"": ""multiple_mainlines"", ""label"": ""多主线"", ""confidence"": ""中高"", ""summary"": ""待归类、待归类同时具备宽度与封板质量，热度接近，市场呈多主线共存。"", ""evidence"": {""top_theme"": ""元器件"", ""top_heat"": 96.46, ""top_width"": 13, ""top_share"": 0.1512, ""top3_share"": 0.5698, ""heat_gap_top1_top2"": 1.87, ""strong_theme_count"": 4, ""broad_strong_theme_count"": 4, ""broad_level1_themes"": [""待归类"", ""待归类"", ""待归类"", ""待归类""], ""theme_width_hhi"": 0.1274, ""previous_top_theme"": ""通信"", ""same_level1_as_previous_top"": false, ""previous_top_weakened"": false}}",theme-market-review-v2,True,source_tags_first_publication_unverified,元器件 / 通信 / 芯片
2026-06-26,80.0,高热,83.62,120,clear_single_mainline,主线明确,"{""code"": ""clear_single_mainline"", ""label"": ""主线明确"", ""confidence"": ""中高"", ""summary"": ""芯片在热度、宽度和持续性上显著领先，单一主线较明确。"", ""evidence"": {""top_theme"": ""芯片"", ""top_heat"": 96.94, ""top_width"": 19, ""top_share"": 0.3276, ""top3_share"": 0.5, ""heat_gap_top1_top2"": 11.78, ""strong_theme_count"": 2, ""broad_strong_theme_count"": 1, ""broad_level1_themes"": [""待归类""], ""theme_width_hhi"": 0.148, ""previous_top_theme"": ""元器件"", ""same_level1_as_previous_top"": false, ""previous_top_weakened"": true}}",theme-market-review-v2,True,source_tags_first_publication_unverified,芯片 / 通信 / 机器人概念
2026-06-29,52.5,中性,75.27,120,clear_single_mainline,主线明确,"{""code"": ""clear_single_mainline"", ""label"": ""主线明确"", ""confidence"": ""中高"", ""summary"": ""芯片在热度、宽度和持续性上显著领先，单一主线较明确。"", ""evidence"": {""top_theme"": ""芯片"", ""top_heat"": 90.4, ""top_width"": 26, ""top_share"": 0.2476, ""top3_share"": 0.5429, ""heat_gap_top1_top2"": 17.7, ""strong_theme_count"": 2, ""broad_strong_theme_count"": 1, ""broad_level1_themes"": [""待归类""], ""theme_width_hhi"": 0.1258, ""previous_top_theme"": ""芯片"", ""same_level1_as_previous_top"": false, ""previous_top_weakened"": false}}",theme-market-review-v2,True,source_tags_first_publication_unverified,芯片 / 医药 / 可控核聚变
2026-06-30,81.7,高热,83.77,120,multiple_mainlines,多主线,"{""code"": ""multiple_mainlines"", ""label"": ""多主线"", ""confidence"": ""中高"", ""summary"": ""待归类、待归类同时具备宽度与封板质量，热度接近，市场呈多主线共存。"", ""evidence"": {""top_theme"": ""芯片"", ""top_heat"": 88.33, ""top_width"": 33, ""top_share"": 0.2391, ""top3_share"": 0.5, ""heat_gap_top1_top2"": 7.28, ""strong_theme_count"": 4, ""broad_strong_theme_count"": 2, ""broad_level1_themes"": [""待归类"", ""待归类""], ""theme_width_hhi"": 0.1142, ""previous_top_theme"": ""芯片"", ""same_level1_as_previous_top"": false, ""previous_top_weakened"": false}}",theme-market-review-v2,True,source_tags_first_publication_unverified,芯片 / 算力 / 机器人概念
2026-07-01,59.2,中性,78.35,120,clear_single_mainline,主线明确,"{""code"": ""clear_single_mainline"", ""label"": ""主线明确"", ""confidence"": ""中高"", ""summary"": ""芯片在热度、宽度和持续性上显著领先，单一主线较明确。"", ""evidence"": {""top_theme"": ""芯片"", ""top_heat"": 88.8, ""top_width"": 22, ""top_share"": 0.1507, ""top3_share"": 0.3699, ""heat_gap_top1_top2"": 16.5, ""strong_theme_count"": 3, ""broad_strong_theme_count"": 1, ""broad_level1_themes"": [""待归类""], ""theme_width_hhi"": 0.0659, ""previous_top_theme"": ""芯片"", ""same_level1_as_previous_top"": false, ""previous_top_weakened"": false}}",theme-market-review-v2,True,source_tags_first_publication_unverified,芯片 / 机器人概念 / 化工
2026-07-02,25.0,偏低,63.93,120,scattered_no_mainline,热点分散、无明确主线,"{""code"": ""scattered_no_mainline"", ""label"": ""热点分散、无明确主线"", ""confidence"": ""中"", ""summary"": ""局部题材仍有活跃度，但领先差、持续性或板块宽度不足，尚不能确认单一或多主线。"", ""evidence"": {""top_theme"": ""机器人概念"", ""top_heat"": 68.73, ""top_width"": 16, ""top_share"": 0.1882, ""top3_share"": 0.3176, ""heat_gap_top1_top2"": 2.67, ""strong_theme_count"": 2, ""broad_strong_theme_count"": 0, ""broad_level1_themes"": [], ""theme_width_hhi"": 0.0696, ""previous_top_theme"": ""芯片"", ""same_level1_as_previous_top"": false, ""previous_top_weakened"": true}}",theme-market-review-v2,True,source_tags_first_publication_unverified,机器人概念 / 医药 / 芯片
2026-07-03,33.3,偏低,68.6,120,clear_single_mainline,主线明确,"{""code"": ""clear_single_mainline"", ""label"": ""主线明确"", ""confidence"": ""中高"", ""summary"": ""机器人概念在热度、宽度和持续性上显著领先，单一主线较明确。"", ""evidence"": {""top_theme"": ""机器人概念"", ""top_heat"": 86.29, ""top_width"": 43, ""top_share"": 0.4343, ""top3_share"": 0.5152, ""heat_gap_top1_top2"": 35.13, ""strong_theme_count"": 1, ""broad_strong_theme_count"": 1, ""broad_level1_themes"": [""待归类""], ""theme_width_hhi"": 0.205, ""previous_top_theme"": ""机器人概念"", ""same_level1_as_previous_top"": false, ""previous_top_weakened"": false}}",theme-market-review-v2,True,source_tags_first_publication_unverified,机器人概念 / 黄金 / 并购重组
2026-07-06,5.8,低迷,53.71,120,cold_no_mainline,热点低迷、无主线,"{""code"": ""cold_no_mainline"", ""label"": ""热点低迷、无主线"", ""confidence"": ""中高"", ""summary"": ""前三题材绝对热度较低，当前没有形成具备宽度和持续性的有效主线。"", ""evidence"": {""top_theme"": ""中报增长"", ""top_heat"": 54.75, ""top_width"": 4, ""top_share"": 0.0645, ""top3_share"": 0.2258, ""heat_gap_top1_top2"": 1.75, ""strong_theme_count"": 0, ""broad_strong_theme_count"": 0, ""broad_level1_themes"": [], ""theme_width_hhi"": 0.0588, ""previous_top_theme"": ""机器人概念"", ""same_level1_as_previous_top"": false, ""previous_top_weakened"": true}}",theme-market-review-v2,True,source_tags_first_publication_unverified,中报增长 / 芯片 / 并购重组
2026-07-07,4.2,低迷,51.06,120,cold_no_mainline,热点低迷、无主线,"{""code"": ""cold_no_mainline"", ""label"": ""热点低迷、无主线"", ""confidence"": ""中高"", ""summary"": ""前三题材绝对热度较低，当前没有形成具备宽度和持续性的有效主线。"", ""evidence"": {""top_theme"": ""并购重组"", ""top_heat"": 53.5, ""top_width"": 1, ""top_share"": 0.0303, ""top3_share"": 0.2121, ""heat_gap_top1_top2"": 1.5, ""strong_theme_count"": 0, ""broad_strong_theme_count"": 0, ""broad_level1_themes"": [], ""theme_width_hhi"": 0.0946, ""previous_top_theme"": ""中报增长"", ""same_level1_as_previous_top"": false, ""previous_top_weakened"": true}}",theme-market-review-v2,True,source_tags_first_publication_unverified,并购重组 / 造纸 / 机器人概念
2026-07-08,32.5,偏低,66.81,120,scattered_no_mainline,热点分散、无明确主线,"{""code"": ""scattered_no_mainline"", ""label"": ""热点分散、无明确主线"", ""confidence"": ""中"", ""summary"": ""局部题材仍有活跃度，但领先差、持续性或板块宽度不足，尚不能确认单一或多主线。"", ""evidence"": {""top_theme"": ""并购重组"", ""top_heat"": 67.83, ""top_width"": 3, ""top_share"": 0.0652, ""top3_share"": 0.4783, ""heat_gap_top1_top2"": 0.84, ""strong_theme_count"": 3, ""broad_strong_theme_count"": 0, ""broad_level1_themes"": [], ""theme_width_hhi"": 0.1361, ""previous_top_theme"": ""并购重组"", ""same_level1_as_previous_top"": false, ""previous_top_weakened"": false}}",theme-market-review-v2,True,source_tags_first_publication_unverified,并购重组 / 算力 / 中报增长
2026-07-09,58.3,中性,76.05,120,clear_single_mainline,主线明确,"{""code"": ""clear_single_mainline"", ""label"": ""主线明确"", ""confidence"": ""中高"", ""summary"": ""芯片在热度、宽度和持续性上显著领先，单一主线较明确。"", ""evidence"": {""top_theme"": ""芯片"", ""top_heat"": 86.14, ""top_width"": 35, ""top_share"": 0.4795, ""top3_share"": 0.6164, ""heat_gap_top1_top2"": 17.2, ""strong_theme_count"": 2, ""broad_strong_theme_count"": 1, ""broad_level1_themes"": [""待归类""], ""theme_width_hhi"": 0.2591, ""previous_top_theme"": ""并购重组"", ""same_level1_as_previous_top"": false, ""previous_top_weakened"": false}}",theme-market-review-v2,True,source_tags_first_publication_unverified,芯片 / 中报增长 / 并购重组
2026-07-10,35.8,偏低,67.97,120,scattered_no_mainline,热点分散、无明确主线,"{""code"": ""scattered_no_mainline"", ""label"": ""热点分散、无明确主线"", ""confidence"": ""中"", ""summary"": ""局部题材仍有活跃度，但领先差、持续性或板块宽度不足，尚不能确认单一或多主线。"", ""evidence"": {""top_theme"": ""中报增长"", ""top_heat"": 70.67, ""top_width"": 12, ""top_share"": 0.1379, ""top3_share"": 0.5172, ""heat_gap_top1_top2"": 0.09, ""strong_theme_count"": 2, ""broad_strong_theme_count"": 0, ""broad_level1_themes"": [], ""theme_width_hhi"": 0.1283, ""previous_top_theme"": ""芯片"", ""same_level1_as_previous_top"": false, ""previous_top_weakened"": true}}",theme-market-review-v2,True,source_tags_first_publication_unverified,中报增长 / 商业航天 / 医药
2026-07-13,28.3,偏低,64.3,120,scattered_no_mainline,热点分散、无明确主线,"{""code"": ""scattered_no_mainline"", ""label"": ""热点分散、无明确主线"", ""confidence"": ""中"", ""summary"": ""局部题材仍有活跃度，但领先差、持续性或板块宽度不足，尚不能确认单一或多主线。"", ""evidence"": {""top_theme"": ""并购重组"", ""top_heat"": 73.33, ""top_width"": 3, ""top_share"": 0.1111, ""top3_share"": 0.5185, ""heat_gap_top1_top2"": 14.23, ""strong_theme_count"": 2, ""broad_strong_theme_count"": 0, ""broad_level1_themes"": [], ""theme_width_hhi"": 0.1468, ""previous_top_theme"": ""中报增长"", ""same_level1_as_previous_top"": false, ""previous_top_weakened"": true}}",theme-market-review-v2,True,source_tags_first_publication_unverified,并购重组 / 医药 / 中报增长
2026-07-14,45.8,中性,71.35,120,scattered_no_mainline,热点分散、无明确主线,"{""code"": ""scattered_no_mainline"", ""label"": ""热点分散、无明确主线"", ""confidence"": ""中"", ""summary"": ""局部题材仍有活跃度，但领先差、持续性或板块宽度不足，尚不能确认单一或多主线。"", ""evidence"": {""top_theme"": ""中报增长"", ""top_heat"": 78.7, ""top_width"": 25, ""top_share"": 0.3165, ""top3_share"": 0.4304, ""heat_gap_top1_top2"": 9.2, ""strong_theme_count"": 3, ""broad_strong_theme_count"": 0, ""broad_level1_themes"": [], ""theme_width_hhi"": 0.1325, ""previous_top_theme"": ""并购重组"", ""same_level1_as_previous_top"": false, ""previous_top_weakened"": false}}",theme-market-review-v2,True,source_tags_first_publication_unverified,中报增长 / 并购重组 / 机器人概念
2026-07-15,82.5,高热,81.97,120,scattered_no_mainline,热点分散、无明确主线,"{""code"": ""scattered_no_mainline"", ""label"": ""热点分散、无明确主线"", ""confidence"": ""中"", ""summary"": ""局部题材仍有活跃度，但领先差、持续性或板块宽度不足，尚不能确认单一或多主线。"", ""evidence"": {""top_theme"": ""医药"", ""top_heat"": 85.53, ""top_width"": 17, ""top_share"": 0.2394, ""top3_share"": 0.5352, ""heat_gap_top1_top2"": 3.19, ""strong_theme_count"": 3, ""broad_strong_theme_count"": 1, ""broad_level1_themes"": [""待归类""], ""theme_width_hhi"": 0.1525, ""previous_top_theme"": ""中报增长"", ""same_level1_as_previous_top"": false, ""previous_top_weakened"": false}}",theme-market-review-v2,True,source_tags_first_publication_unverified,医药 / 中报增长 / 并购重组
2026-07-16,18.3,低迷,60.06,120,scattered_no_mainline,热点分散、无明确主线,"{""code"": ""scattered_no_mainline"", ""label"": ""热点分散、无明确主线"", ""confidence"": ""中"", ""summary"": ""局部题材仍有活跃度，但领先差、持续性或板块宽度不足，尚不能确认单一或多主线。"", ""evidence"": {""top_theme"": ""医药"", ""top_heat"": 67.0, ""top_width"": 5, ""top_share"": 0.125, ""top3_share"": 0.325, ""heat_gap_top1_top2"": 10.5, ""strong_theme_count"": 2, ""broad_strong_theme_count"": 0, ""broad_level1_themes"": [], ""theme_width_hhi"": 0.08, ""previous_top_theme"": ""医药"", ""same_level1_as_previous_top"": false, ""previous_top_weakened"": false}}",theme-market-review-v2,True,source_tags_first_publication_unverified,医药 / 实控人变更 / 端侧AI
2026-07-17,19.2,低迷,60.23,120,scattered_no_mainline,热点分散、无明确主线,"{""code"": ""scattered_no_mainline"", ""label"": ""热点分散、无明确主线"", ""confidence"": ""中"", ""summary"": ""局部题材仍有活跃度，但领先差、持续性或板块宽度不足，尚不能确认单一或多主线。"", ""evidence"": {""top_theme"": ""实控人变更"", ""top_heat"": 69.67, ""top_width"": 2, ""top_share"": 0.0625, ""top3_share"": 0.4688, ""heat_gap_top1_top2"": 16.5, ""strong_theme_count"": 1, ""broad_strong_theme_count"": 0, ""broad_level1_themes"": [], ""theme_width_hhi"": 0.123, ""previous_top_theme"": ""医药"", ""same_level1_as_previous_top"": false, ""previous_top_weakened"": true}}",theme-market-review-v2,True,source_tags_first_publication_unverified,实控人变更 / 电力 / 人工智能
2026-07-20,19.2,低迷,60.19,120,clear_single_mainline,主线明确,"{""code"": ""clear_single_mainline"", ""label"": ""主线明确"", ""confidence"": ""中高"", ""summary"": ""电力在热度、宽度和持续性上显著领先，单一主线较明确。"", ""evidence"": {""top_theme"": ""电力"", ""top_heat"": 78.71, ""top_width"": 17, ""top_share"": 0.3269, ""top3_share"": 0.5, ""heat_gap_top1_top2"": 35.04, ""strong_theme_count"": 1, ""broad_strong_theme_count"": 0, ""broad_level1_themes"": [], ""theme_width_hhi"": 0.1457, ""previous_top_theme"": ""实控人变更"", ""same_level1_as_previous_top"": false, ""previous_top_weakened"": true}}",theme-market-review-v2,True,source_tags_first_publication_unverified,电力 / 中报增长 / 煤炭
2026-07-21,53.3,中性,73.24,120,scattered_no_mainline,热点分散、无明确主线,"{""code"": ""scattered_no_mainline"", ""label"": ""热点分散、无明确主线"", ""confidence"": ""中"", ""summary"": ""局部题材仍有活跃度，但领先差、持续性或板块宽度不足，尚不能确认单一或多主线。"", ""evidence"": {""top_theme"": ""芯片"", ""top_heat"": 78.5, ""top_width"": 42, ""top_share"": 0.35, ""top3_share"": 0.575, ""heat_gap_top1_top2"": 8.21, ""strong_theme_count"": 3, ""broad_strong_theme_count"": 0, ""broad_level1_themes"": [], ""theme_width_hhi"": 0.1633, ""previous_top_theme"": ""电力"", ""same_level1_as_previous_top"": false, ""previous_top_weakened"": true}}",theme-market-review-v2,True,source_tags_first_publication_unverified,芯片 / 通信 / 算力
2026-07-22,32.5,偏低,65.33,120,clear_single_mainline,主线明确,"{""code"": ""clear_single_mainline"", ""label"": ""主线明确"", ""confidence"": ""中高"", ""summary"": ""电力在热度、宽度和持续性上显著领先，单一主线较明确。"", ""evidence"": {""top_theme"": ""电力"", ""top_heat"": 86.0, ""top_width"": 8, ""top_share"": 0.1739, ""top3_share"": 0.3696, ""heat_gap_top1_top2"": 39.0, ""strong_theme_count"": 1, ""broad_strong_theme_count"": 1, ""broad_level1_themes"": [""待归类""], ""theme_width_hhi"": 0.0822, ""previous_top_theme"": ""芯片"", ""same_level1_as_previous_top"": false, ""previous_top_weakened"": true}}",theme-market-review-v2,True,source_tags_first_publication_unverified,电力 / 算力 / 医药
2026-07-23,72.5,偏高,79.37,120,mainline_replacement,主线替换,"{""code"": ""mainline_replacement"", ""label"": ""主线替换"", ""confidence"": ""高"", ""summary"": ""电力明显降温，智能电网以更大宽度升至首位，处于新旧主线切换。"", ""evidence"": {""top_theme"": ""智能电网"", ""top_heat"": 85.75, ""top_width"": 28, ""top_share"": 0.25, ""top3_share"": 0.4018, ""heat_gap_top1_top2"": 7.6, ""strong_theme_count"": 3, ""broad_strong_theme_count"": 2, ""broad_level1_themes"": [""待归类"", ""待归类""], ""theme_width_hhi"": 0.0953, ""previous_top_theme"": ""电力"", ""same_level1_as_previous_top"": false, ""previous_top_weakened"": true}}",theme-market-review-v2,True,source_tags_first_publication_unverified,智能电网 / 绿色电力 / 化工
2026-07-24,36.7,偏低,66.86,120,scattered_no_mainline,热点分散、无明确主线,"{""code"": ""scattered_no_mainline"", ""label"": ""热点分散、无明确主线"", ""confidence"": ""中"", ""summary"": ""局部题材仍有活跃度，但领先差、持续性或板块宽度不足，尚不能确认单一或多主线。"", ""evidence"": {""top_theme"": ""并购重组"", ""top_heat"": 72.07, ""top_width"": 7, ""top_share"": 0.1842, ""top3_share"": 0.5263, ""heat_gap_top1_top2"": 7.57, ""strong_theme_count"": 3, ""broad_strong_theme_count"": 0, ""broad_level1_themes"": [], ""theme_width_hhi"": 0.126, ""previous_top_theme"": ""智能电网"", ""same_level1_as_previous_top"": false, ""previous_top_weakened"": false}}",theme-market-review-v2,True,source_tags_first_publication_unverified,并购重组 / 智能电网 / 芯片
2026-07-27,63.3,偏高,76.92,120,scattered_no_mainline,热点分散、无明确主线,"{""code"": ""scattered_no_mainline"", ""label"": ""热点分散、无明确主线"", ""confidence"": ""中"", ""summary"": ""局部题材仍有活跃度，但领先差、持续性或板块宽度不足，尚不能确认单一或多主线。"", ""evidence"": {""top_theme"": ""电力"", ""top_heat"": 80.83, ""top_width"": 6, ""top_share"": 0.0545, ""top3_share"": 0.1545, ""heat_gap_top1_top2"": 4.5, ""strong_theme_count"": 6, ""broad_strong_theme_count"": 1, ""broad_level1_themes"": [""待归类""], ""theme_width_hhi"": 0.0547, ""previous_top_theme"": ""并购重组"", ""same_level1_as_previous_top"": false, ""previous_top_weakened"": false}}",theme-market-review-v2,True,source_tags_first_publication_unverified,电力 / 并购重组 / 智能电网
2026-07-28,28.3,偏低,63.3,120,scattered_no_mainline,热点分散、无明确主线,"{""code"": ""scattered_no_mainline"", ""label"": ""热点分散、无明确主线"", ""confidence"": ""中"", ""summary"": ""局部题材仍有活跃度，但领先差、持续性或板块宽度不足，尚不能确认单一或多主线。"", ""evidence"": {""top_theme"": ""芯片"", ""top_heat"": 67.07, ""top_width"": 12, ""top_share"": 0.2034, ""top3_share"": 0.4746, ""heat_gap_top1_top2"": 5.57, ""strong_theme_count"": 3, ""broad_strong_theme_count"": 0, ""broad_level1_themes"": [], ""theme_width_hhi"": 0.0974, ""previous_top_theme"": ""电力"", ""same_level1_as_previous_top"": false, ""previous_top_weakened"": true}}",theme-market-review-v2,True,source_tags_first_publication_unverified,芯片 / AI应用 / 脑机接口
2026-07-29,32.5,偏低,64.52,120,scattered_no_mainline,热点分散、无明确主线,"{""code"": ""scattered_no_mainline"", ""label"": ""热点分散、无明确主线"", ""confidence"": ""中"", ""summary"": ""局部题材仍有活跃度，但领先差、持续性或板块宽度不足，尚不能确认单一或多主线。"", ""evidence"": {""top_theme"": ""并购重组"", ""top_heat"": 66.0, ""top_width"": 2, ""top_share"": 0.0253, ""top3_share"": 0.2911, ""heat_gap_top1_top2"": 0.83, ""strong_theme_count"": 3, ""broad_strong_theme_count"": 0, ""broad_level1_themes"": [], ""theme_width_hhi"": 0.0735, ""previous_top_theme"": ""芯片"", ""same_level1_as_previous_top"": false, ""previous_top_weakened"": true}}",theme-market-review-v2,True,source_tags_first_publication_unverified,并购重组 / 食品饮料 / 机器人概念
2026-07-30,41.7,中性,67.94,120,scattered_no_mainline,热点分散、无明确主线,"{""code"": ""scattered_no_mainline"", ""label"": ""热点分散、无明确主线"", ""confidence"": ""中"", ""summary"": ""局部题材仍有活跃度，但领先差、持续性或板块宽度不足，尚不能确认单一或多主线。"", ""evidence"": {""top_theme"": ""并购重组"", ""top_heat"": 73.5, ""top_width"": 3, ""top_share"": 0.06, ""top3_share"": 0.34, ""heat_gap_top1_top2"": 8.62, ""strong_theme_count"": 2, ""broad_strong_theme_count"": 1, ""broad_level1_themes"": [""待归类""], ""theme_width_hhi"": 0.0752, ""previous_top_theme"": ""并购重组"", ""same_level1_as_previous_top"": false, ""previous_top_weakened"": false}}",theme-market-review-v2,True,source_tags_first_publication_unverified,并购重组 / 汽车零部件 / AI应用
2026-07-31,76.7,偏高,80.74,120,clear_single_mainline,主线明确,"{""code"": ""clear_single_mainline"", ""label"": ""主线明确"", ""confidence"": ""中高"", ""summary"": ""AI应用在热度、宽度和持续性上显著领先，单一主线较明确。"", ""evidence"": {""top_theme"": ""AI应用"", ""top_heat"": 90.35, ""top_width"": 27, ""top_share"": 0.2784, ""top3_share"": 0.4742, ""heat_gap_top1_top2"": 15.35, ""strong_theme_count"": 2, ""broad_strong_theme_count"": 0, ""broad_level1_themes"": [], ""theme_width_hhi"": 0.1421, ""previous_top_theme"": ""并购重组"", ""same_level1_as_previous_top"": false, ""previous_top_weakened"": false}}",theme-market-review-v2,True,source_tags_first_publication_unverified,AI应用 / 并购重组 / 算力
2026-08-03,40.8,中性,67.09,120,scattered_no_mainline,热点分散、无明确主线,"{""code"": ""scattered_no_mainline"", ""label"": ""热点分散、无明确主线"", ""confidence"": ""中"", ""summary"": ""局部题材仍有活跃度，但领先差、持续性或板块宽度不足，尚不能确认单一或多主线。"", ""evidence"": {""top_theme"": ""AI应用"", ""top_heat"": 71.64, ""top_width"": 5, ""top_share"": 0.0685, ""top3_share"": 0.3699, ""heat_gap_top1_top2"": 8.51, ""strong_theme_count"": 3, ""broad_strong_theme_count"": 0, ""broad_level1_themes"": [], ""theme_width_hhi"": 0.0685, ""previous_top_theme"": ""AI应用"", ""same_level1_as_previous_top"": false, ""previous_top_weakened"": false}}",theme-market-review-v2,True,source_tags_first_publication_unverified,AI应用 / 核电 / 机器人概念
2026-08-04,99.2,高热,91.88,120,multiple_mainlines,多主线,"{""code"": ""multiple_mainlines"", ""label"": ""多主线"", ""confidence"": ""中高"", ""summary"": ""待归类、待归类同时具备宽度与封板质量，热度接近，市场呈多主线共存。"", ""evidence"": {""top_theme"": ""AI应用"", ""top_heat"": 96.54, ""top_width"": 13, ""top_share"": 0.0956, ""top3_share"": 0.5074, ""heat_gap_top1_top2"": 7.74, ""strong_theme_count"": 5, ""broad_strong_theme_count"": 2, ""broad_level1_themes"": [""待归类"", ""待归类""], ""theme_width_hhi"": 0.1212, ""previous_top_theme"": ""AI应用"", ""same_level1_as_previous_top"": false, ""previous_top_weakened"": false}}",theme-market-review-v2,True,source_tags_first_publication_unverified,AI应用 / 算力 / 通信
2026-08-05,91.7,高热,84.33,120,scattered_no_mainline,热点分散、无明确主线,"{""code"": ""scattered_no_mainline"", ""label"": ""热点分散、无明确主线"", ""confidence"": ""中"", ""summary"": ""局部题材仍有活跃度，但领先差、持续性或板块宽度不足，尚不能确认单一或多主线。"", ""evidence"": {""top_theme"": ""通信"", ""top_heat"": 87.33, ""top_width"": 20, ""top_share"": 0.198, ""top3_share"": 0.4455, ""heat_gap_top1_top2"": 4.11, ""strong_theme_count"": 4, ""broad_strong_theme_count"": 1, ""broad_level1_themes"": [""待归类""], ""theme_width_hhi"": 0.1087, ""previous_top_theme"": ""AI应用"", ""same_level1_as_previous_top"": false, ""previous_top_weakened"": false}}",theme-market-review-v2,True,source_tags_first_publication_unverified,通信 / AI应用 / 芯片
2026-08-06,91.7,高热,84.44,120,multiple_mainlines,多主线,"{""code"": ""multiple_mainlines"", ""label"": ""多主线"", ""confidence"": ""中高"", ""summary"": ""待归类、待归类同时具备宽度与封板质量，热度接近，市场呈多主线共存。"", ""evidence"": {""top_theme"": ""通信"", ""top_heat"": 90.59, ""top_width"": 13, ""top_share"": 0.1667, ""top3_share"": 0.3077, ""heat_gap_top1_top2"": 9.87, ""strong_theme_count"": 4, ""broad_strong_theme_count"": 2, ""broad_level1_themes"": [""待归类"", ""待归类""], ""theme_width_hhi"": 0.0759, ""previous_top_theme"": ""通信"", ""same_level1_as_previous_top"": false, ""previous_top_weakened"": false}}",theme-market-review-v2,True,source_tags_first_publication_unverified,通信 / 芯片 / 并购重组
2026-08-07,95.8,高热,88.61,120,multiple_mainlines,多主线,"{""code"": ""multiple_mainlines"", ""label"": ""多主线"", ""confidence"": ""中高"", ""summary"": ""待归类、待归类同时具备宽度与封板质量，热度接近，市场呈多主线共存。"", ""evidence"": {""top_theme"": ""通信"", ""top_heat"": 91.42, ""top_width"": 22, ""top_share"": 0.3014, ""top3_share"": 0.6849, ""heat_gap_top1_top2"": 2.57, ""strong_theme_count"": 3, ""broad_strong_theme_count"": 3, ""broad_level1_themes"": [""待归类"", ""待归类"", ""待归类""], ""theme_width_hhi"": 0.189, ""previous_top_theme"": ""通信"", ""same_level1_as_previous_top"": false, ""previous_top_weakened"": false}}",theme-market-review-v2,True,source_tags_first_publication_unverified,通信 / 医药 / 芯片
2026-08-10,91.7,高热,85.31,120,clear_single_mainline,主线明确,"{""code"": ""clear_single_mainline"", ""label"": ""主线明确"", ""confidence"": ""中高"", ""summary"": ""医药在热度、宽度和持续性上显著领先，单一主线较明确。"", ""evidence"": {""top_theme"": ""医药"", ""top_heat"": 95.65, ""top_width"": 12, ""top_share"": 0.1224, ""top3_share"": 0.2245, ""heat_gap_top1_top2"": 15.15, ""strong_theme_count"": 5, ""broad_strong_theme_count"": 1, ""broad_level1_themes"": [""待归类""], ""theme_width_hhi"": 0.0444, ""previous_top_theme"": ""通信"", ""same_level1_as_previous_top"": false, ""previous_top_weakened"": true}}",theme-market-review-v2,True,source_tags_first_publication_unverified,医药 / 并购重组 / 智能电网
2026-08-11,52.5,中性,73.33,120,clear_single_mainline,主线明确,"{""code"": ""clear_single_mainline"", ""label"": ""主线明确"", ""confidence"": ""中高"", ""summary"": ""医药在热度、宽度和持续性上显著领先，单一主线较明确。"", ""evidence"": {""top_theme"": ""医药"", ""top_heat"": 89.79, ""top_width"": 8, ""top_share"": 0.1404, ""top3_share"": 0.3509, ""heat_gap_top1_top2"": 31.67, ""strong_theme_count"": 3, ""broad_strong_theme_count"": 0, ""broad_level1_themes"": [], ""theme_width_hhi"": 0.0674, ""previous_top_theme"": ""医药"", ""same_level1_as_previous_top"": false, ""previous_top_weakened"": false}}",theme-market-review-v2,True,source_tags_first_publication_unverified,医药 / 机器人概念 / 芯片
2026-08-12,90.8,高热,85.1,120,scattered_no_mainline,热点分散、无明确主线,"{""code"": ""scattered_no_mainline"", ""label"": ""热点分散、无明确主线"", ""confidence"": ""中"", ""summary"": ""局部题材仍有活跃度，但领先差、持续性或板块宽度不足，尚不能确认单一或多主线。"", ""evidence"": {""top_theme"": ""医药"", ""top_heat"": 91.88, ""top_width"": 8, ""top_share"": 0.0879, ""top3_share"": 0.2637, ""heat_gap_top1_top2"": 4.91, ""strong_theme_count"": 6, ""broad_strong_theme_count"": 1, ""broad_level1_themes"": [""待归类""], ""theme_width_hhi"": 0.0619, ""previous_top_theme"": ""医药"", ""same_level1_as_previous_top"": false, ""previous_top_weakened"": false}}",theme-market-review-v2,True,source_tags_first_publication_unverified,医药 / 通信 / 算力
2026-08-13,35.8,偏低,67.05,120,clear_single_mainline,主线明确,"{""code"": ""clear_single_mainline"", ""label"": ""主线明确"", ""confidence"": ""中高"", ""summary"": ""医药在热度、宽度和持续性上显著领先，单一主线较明确。"", ""evidence"": {""top_theme"": ""医药"", ""top_heat"": 80.94, ""top_width"": 13, ""top_share"": 0.2281, ""top3_share"": 0.3158, ""heat_gap_top1_top2"": 26.11, ""strong_theme_count"": 1, ""broad_strong_theme_count"": 1, ""broad_level1_themes"": [""待归类""], ""theme_width_hhi"": 0.0822, ""previous_top_theme"": ""医药"", ""same_level1_as_previous_top"": false, ""previous_top_weakened"": false}}",theme-market-review-v2,True,source_tags_first_publication_unverified,医药 / 机器人概念 / 食品饮料
2026-08-14,53.3,中性,73.43,120,multiple_mainlines,多主线,"{""code"": ""multiple_mainlines"", ""label"": ""多主线"", ""confidence"": ""中高"", ""summary"": ""待归类、待归类同时具备宽度与封板质量，热度接近，市场呈多主线共存。"", ""evidence"": {""top_theme"": ""医药"", ""top_heat"": 81.89, ""top_width"": 9, ""top_share"": 0.1429, ""top3_share"": 0.4127, ""heat_gap_top1_top2"": 14.78, ""strong_theme_count"": 3, ""broad_strong_theme_count"": 3, ""broad_level1_themes"": [""待归类"", ""待归类"", ""待归类""], ""theme_width_hhi"": 0.0784, ""previous_top_theme"": ""医药"", ""same_level1_as_previous_top"": false, ""previous_top_weakened"": false}}",theme-market-review-v2,True,source_tags_first_publication_unverified,医药 / 芯片 / 通信
2026-08-17,87.5,高热,84.09,120,multiple_mainlines,多主线,"{""code"": ""multiple_mainlines"", ""label"": ""多主线"", ""confidence"": ""中高"", ""summary"": ""待归类、待归类同时具备宽度与封板质量，热度接近，市场呈多主线共存。"", ""evidence"": {""top_theme"": ""通信"", ""top_heat"": 90.75, ""top_width"": 20, ""top_share"": 0.1887, ""top3_share"": 0.3868, ""heat_gap_top1_top2"": 12.71, ""strong_theme_count"": 4, ""broad_strong_theme_count"": 2, ""broad_level1_themes"": [""待归类"", ""待归类""], ""theme_width_hhi"": 0.081, ""previous_top_theme"": ""医药"", ""same_level1_as_previous_top"": false, ""previous_top_weakened"": false}}",theme-market-review-v2,True,source_tags_first_publication_unverified,通信 / 芯片 / 医药
2026-08-18,61.7,偏高,77.26,120,scattered_no_mainline,热点分散、无明确主线,"{""code"": ""scattered_no_mainline"", ""label"": ""热点分散、无明确主线"", ""confidence"": ""中"", ""summary"": ""局部题材仍有活跃度，但领先差、持续性或板块宽度不足，尚不能确认单一或多主线。"", ""evidence"": {""top_theme"": ""农业"", ""top_heat"": 79.86, ""top_width"": 24, ""top_share"": 0.3038, ""top3_share"": 0.3924, ""heat_gap_top1_top2"": 5.2, ""strong_theme_count"": 5, ""broad_strong_theme_count"": 0, ""broad_level1_themes"": [], ""theme_width_hhi"": 0.1325, ""previous_top_theme"": ""通信"", ""same_level1_as_previous_top"": false, ""previous_top_weakened"": true}}",theme-market-review-v2,True,source_tags_first_publication_unverified,农业 / 并购重组 / 医药
2026-08-19,4.2,低迷,53.08,120,cold_no_mainline,热点低迷、无主线,"{""code"": ""cold_no_mainline"", ""label"": ""热点低迷、无主线"", ""confidence"": ""中高"", ""summary"": ""前三题材绝对热度较低，当前没有形成具备宽度和持续性的有效主线。"", ""evidence"": {""top_theme"": ""农业"", ""top_heat"": 58.64, ""top_width"": 5, ""top_share"": 0.1389, ""top3_share"": 0.4167, ""heat_gap_top1_top2"": 7.57, ""strong_theme_count"": 1, ""broad_strong_theme_count"": 0, ""broad_level1_themes"": [], ""theme_width_hhi"": 0.1003, ""previous_top_theme"": ""农业"", ""same_level1_as_previous_top"": false, ""previous_top_weakened"": false}}",theme-market-review-v2,True,source_tags_first_publication_unverified,农业 / 地产链 / 医药
2026-08-20,50.0,中性,73.19,120,clear_single_mainline,主线明确,"{""code"": ""clear_single_mainline"", ""label"": ""主线明确"", ""confidence"": ""中高"", ""summary"": ""医药在热度、宽度和持续性上显著领先，单一主线较明确。"", ""evidence"": {""top_theme"": ""医药"", ""top_heat"": 92.27, ""top_width"": 19, ""top_share"": 0.2405, ""top3_share"": 0.519, ""heat_gap_top1_top2"": 31.61, ""strong_theme_count"": 2, ""broad_strong_theme_count"": 1, ""broad_level1_themes"": [""待归类""], ""theme_width_hhi"": 0.1239, ""previous_top_theme"": ""农业"", ""same_level1_as_previous_top"": false, ""previous_top_weakened"": true}}",theme-market-review-v2,True,source_tags_first_publication_unverified,医药 / 疫苗概念 / 中报增长
2026-08-21,9.2,低迷,56.02,120,scattered_no_mainline,热点分散、无明确主线,"{""code"": ""scattered_no_mainline"", ""label"": ""热点分散、无明确主线"", ""confidence"": ""中"", ""summary"": ""局部题材仍有活跃度，但领先差、持续性或板块宽度不足，尚不能确认单一或多主线。"", ""evidence"": {""top_theme"": ""通信"", ""top_heat"": 61.51, ""top_width"": 7, ""top_share"": 0.1296, ""top3_share"": 0.3148, ""heat_gap_top1_top2"": 10.17, ""strong_theme_count"": 1, ""broad_strong_theme_count"": 0, ""broad_level1_themes"": [], ""theme_width_hhi"": 0.0775, ""previous_top_theme"": ""医药"", ""same_level1_as_previous_top"": false, ""previous_top_weakened"": true}}",theme-market-review-v2,True,source_tags_first_publication_unverified,通信 / 消费电子 / 芯片
2026-08-24,23.3,偏低,63.19,120,scattered_no_mainline,热点分散、无明确主线,"{""code"": ""scattered_no_mainline"", ""label"": ""热点分散、无明确主线"", ""confidence"": ""中"", ""summary"": ""局部题材仍有活跃度，但领先差、持续性或板块宽度不足，尚不能确认单一或多主线。"", ""evidence"": {""top_theme"": ""医药"", ""top_heat"": 72.75, ""top_width"": 4, ""top_share"": 0.087, ""top3_share"": 0.2391, ""heat_gap_top1_top2"": 10.25, ""strong_theme_count"": 2, ""broad_strong_theme_count"": 0, ""broad_level1_themes"": [], ""theme_width_hhi"": 0.0605, ""previous_top_theme"": ""通信"", ""same_level1_as_previous_top"": false, ""previous_top_weakened"": true}}",theme-market-review-v2,True,source_tags_first_publication_unverified,医药 / 并购重组 / 煤炭
2026-08-25,20.0,偏低,60.9,120,clear_single_mainline,主线明确,"{""code"": ""clear_single_mainline"", ""label"": ""主线明确"", ""confidence"": ""中高"", ""summary"": ""医药在热度、宽度和持续性上显著领先，单一主线较明确。"", ""evidence"": {""top_theme"": ""医药"", ""top_heat"": 75.64, ""top_width"": 8, ""top_share"": 0.1231, ""top3_share"": 0.2923, ""heat_gap_top1_top2"": 28.14, ""strong_theme_count"": 1, ""broad_strong_theme_count"": 1, ""broad_level1_themes"": [""待归类""], ""theme_width_hhi"": 0.0547, ""previous_top_theme"": ""医药"", ""same_level1_as_previous_top"": false, ""previous_top_weakened"": false}}",theme-market-review-v2,True,source_tags_first_publication_unverified,医药 / 算力 / 农业
2026-08-26,8.3,低迷,55.1,120,clear_single_mainline,主线明确,"{""code"": ""clear_single_mainline"", ""label"": ""主线明确"", ""confidence"": ""中高"", ""summary"": ""黄金在热度、宽度和持续性上显著领先，单一主线较明确。"", ""evidence"": {""top_theme"": ""黄金"", ""top_heat"": 66.0, ""top_width"": 5, ""top_share"": 0.0962, ""top3_share"": 0.2692, ""heat_gap_top1_top2"": 21.0, ""strong_theme_count"": 1, ""broad_strong_theme_count"": 0, ""broad_level1_themes"": [], ""theme_width_hhi"": 0.057, ""previous_top_theme"": ""医药"", ""same_level1_as_previous_top"": false, ""previous_top_weakened"": true}}",theme-market-review-v2,True,source_tags_first_publication_unverified,黄金 / 中报增长 / 通信
2026-08-27,57.5,中性,74.22,120,multiple_mainlines,多主线,"{""code"": ""multiple_mainlines"", ""label"": ""多主线"", ""confidence"": ""中高"", ""summary"": ""待归类、待归类同时具备宽度与封板质量，热度接近，市场呈多主线共存。"", ""evidence"": {""top_theme"": ""通信"", ""top_heat"": 77.35, ""top_width"": 17, ""top_share"": 0.2208, ""top3_share"": 0.3896, ""heat_gap_top1_top2"": 2.19, ""strong_theme_count"": 5, ""broad_strong_theme_count"": 2, ""broad_level1_themes"": [""待归类"", ""待归类""], ""theme_width_hhi"": 0.101, ""previous_top_theme"": ""黄金"", ""same_level1_as_previous_top"": false, ""previous_top_weakened"": true}}",theme-market-review-v2,True,source_tags_first_publication_unverified,通信 / 医药 / 农业
2026-08-28,58.3,中性,74.34,120,clear_single_mainline,主线明确,"{""code"": ""clear_single_mainline"", ""label"": ""主线明确"", ""confidence"": ""中高"", ""summary"": ""农业在热度、宽度和持续性上显著领先，单一主线较明确。"", ""evidence"": {""top_theme"": ""农业"", ""top_heat"": 85.04, ""top_width"": 15, ""top_share"": 0.1829, ""top3_share"": 0.3171, ""heat_gap_top1_top2"": 20.88, ""strong_theme_count"": 6, ""broad_strong_theme_count"": 1, ""broad_level1_themes"": [""待归类""], ""theme_width_hhi"": 0.0857, ""previous_top_theme"": ""通信"", ""same_level1_as_previous_top"": false, ""previous_top_weakened"": true}}",theme-market-review-v2,True,source_tags_first_publication_unverified,农业 / 黄金 / 中报增长
2026-08-31,61.7,偏高,76.25,120,scattered_no_mainline,热点分散、无明确主线,"{""code"": ""scattered_no_mainline"", ""label"": ""热点分散、无明确主线"", ""confidence"": ""中"", ""summary"": ""局部题材仍有活跃度，但领先差、持续性或板块宽度不足，尚不能确认单一或多主线。"", ""evidence"": {""top_theme"": ""算力"", ""top_heat"": 83.66, ""top_width"": 15, ""top_share"": 0.1705, ""top3_share"": 0.4205, ""heat_gap_top1_top2"": 11.66, ""strong_theme_count"": 3, ""broad_strong_theme_count"": 1, ""broad_level1_themes"": [""待归类""], ""theme_width_hhi"": 0.0984, ""previous_top_theme"": ""农业"", ""same_level1_as_previous_top"": false, ""previous_top_weakened"": false}}",theme-market-review-v2,True,source_tags_first_publication_unverified,算力 / 农业 / AI应用
2026-09-01,93.3,高热,85.91,120,clear_single_mainline,主线明确,"{""code"": ""clear_single_mainline"", ""label"": ""主线明确"", ""confidence"": ""中高"", ""summary"": ""农业在热度、宽度和持续性上显著领先，单一主线较明确。"", ""evidence"": {""top_theme"": ""农业"", ""top_heat"": 98.47, ""top_width"": 16, ""top_share"": 0.1951, ""top3_share"": 0.3902, ""heat_gap_top1_top2"": 18.41, ""strong_theme_count"": 5, ""broad_strong_theme_count"": 2, ""broad_level1_themes"": [""待归类"", ""待归类""], ""theme_width_hhi"": 0.0833, ""previous_top_theme"": ""算力"", ""same_level1_as_previous_top"": false, ""previous_top_weakened"": true}}",theme-market-review-v2,True,source_tags_first_publication_unverified,农业 / AI应用 / 消费电子
2026-09-02,9.2,低迷,55.3,120,scattered_no_mainline,热点分散、无明确主线,"{""code"": ""scattered_no_mainline"", ""label"": ""热点分散、无明确主线"", ""confidence"": ""中"", ""summary"": ""局部题材仍有活跃度，但领先差、持续性或板块宽度不足，尚不能确认单一或多主线。"", ""evidence"": {""top_theme"": ""AI应用"", ""top_heat"": 56.0, ""top_width"": 3, ""top_share"": 0.0577, ""top3_share"": 0.25, ""heat_gap_top1_top2"": 1.17, ""strong_theme_count"": 1, ""broad_strong_theme_count"": 0, ""broad_level1_themes"": [], ""theme_width_hhi"": 0.0584, ""previous_top_theme"": ""农业"", ""same_level1_as_previous_top"": false, ""previous_top_weakened"": true}}",theme-market-review-v2,True,source_tags_first_publication_unverified,AI应用 / 算力 / 化工
2026-09-03,20.8,偏低,60.3,120,clear_single_mainline,主线明确,"{""code"": ""clear_single_mainline"", ""label"": ""主线明确"", ""confidence"": ""中高"", ""summary"": ""液冷在热度、宽度和持续性上显著领先，单一主线较明确。"", ""evidence"": {""top_theme"": ""液冷"", ""top_heat"": 67.21, ""top_width"": 7, ""top_share"": 0.1591, ""top3_share"": 0.2955, ""heat_gap_top1_top2"": 12.54, ""strong_theme_count"": 1, ""broad_strong_theme_count"": 0, ""broad_level1_themes"": [], ""theme_width_hhi"": 0.0733, ""previous_top_theme"": ""AI应用"", ""same_level1_as_previous_top"": false, ""previous_top_weakened"": true}}",theme-market-review-v2,True,source_tags_first_publication_unverified,液冷 / 零售 / 医药
2026-09-04,25.0,偏低,61.96,120,scattered_no_mainline,热点分散、无明确主线,"{""code"": ""scattered_no_mainline"", ""label"": ""热点分散、无明确主线"", ""confidence"": ""中"", ""summary"": ""局部题材仍有活跃度，但领先差、持续性或板块宽度不足，尚不能确认单一或多主线。"", ""evidence"": {""top_theme"": ""AI应用"", ""top_heat"": 68.5, ""top_width"": 5, ""top_share"": 0.1282, ""top3_share"": 0.5641, ""heat_gap_top1_top2"": 4.37, ""strong_theme_count"": 1, ""broad_strong_theme_count"": 0, ""broad_level1_themes"": [], ""theme_width_hhi"": 0.1348, ""previous_top_theme"": ""液冷"", ""same_level1_as_previous_top"": false, ""previous_top_weakened"": true}}",theme-market-review-v2,True,source_tags_first_publication_unverified,AI应用 / 农业 / 海峡两岸
2026-09-07,67.5,偏高,79.2,120,multiple_mainlines,多主线,"{""code"": ""multiple_mainlines"", ""label"": ""多主线"", ""confidence"": ""中高"", ""summary"": ""待归类、待归类同时具备宽度与封板质量，热度接近，市场呈多主线共存。"", ""evidence"": {""top_theme"": ""农业"", ""top_heat"": 81.08, ""top_width"": 13, ""top_share"": 0.1398, ""top3_share"": 0.4516, ""heat_gap_top1_top2"": 2.74, ""strong_theme_count"": 6, ""broad_strong_theme_count"": 2, ""broad_level1_themes"": [""待归类"", ""待归类""], ""theme_width_hhi"": 0.1213, ""previous_top_theme"": ""AI应用"", ""same_level1_as_previous_top"": false, ""previous_top_weakened"": true}}",theme-market-review-v2,True,source_tags_first_publication_unverified,农业 / 零售 / 通信
2026-09-08,45.8,中性,72.31,120,clear_single_mainline,主线明确,"{""code"": ""clear_single_mainline"", ""label"": ""主线明确"", ""confidence"": ""中高"", ""summary"": ""农业在热度、宽度和持续性上显著领先，单一主线较明确。"", ""evidence"": {""top_theme"": ""农业"", ""top_heat"": 88.66, ""top_width"": 21, ""top_share"": 0.2877, ""top3_share"": 0.4521, ""heat_gap_top1_top2"": 32.49, ""strong_theme_count"": 3, ""broad_strong_theme_count"": 1, ""broad_level1_themes"": [""待归类""], ""theme_width_hhi"": 0.1203, ""previous_top_theme"": ""农业"", ""same_level1_as_previous_top"": false, ""previous_top_weakened"": false}}",theme-market-review-v2,True,source_tags_first_publication_unverified,农业 / 文化传媒 / 通信
2026-09-09,32.5,偏低,67.02,120,clear_single_mainline,主线明确,"{""code"": ""clear_single_mainline"", ""label"": ""主线明确"", ""confidence"": ""中高"", ""summary"": ""农业在热度、宽度和持续性上显著领先，单一主线较明确。"", ""evidence"": {""top_theme"": ""农业"", ""top_heat"": 79.83, ""top_width"": 10, ""top_share"": 0.2083, ""top3_share"": 0.3542, ""heat_gap_top1_top2"": 18.5, ""strong_theme_count"": 2, ""broad_strong_theme_count"": 1, ""broad_level1_themes"": [""待归类""], ""theme_width_hhi"": 0.0781, ""previous_top_theme"": ""农业"", ""same_level1_as_previous_top"": false, ""previous_top_weakened"": false}}",theme-market-review-v2,True,source_tags_first_publication_unverified,农业 / 零售 / 通信
2026-09-10,0.8,低迷,46.23,120,cold_no_mainline,热点低迷、无主线,"{""code"": ""cold_no_mainline"", ""label"": ""热点低迷、无主线"", ""confidence"": ""中高"", ""summary"": ""前三题材绝对热度较低，当前没有形成具备宽度和持续性的有效主线。"", ""evidence"": {""top_theme"": ""化工"", ""top_heat"": 48.75, ""top_width"": 4, ""top_share"": 0.1143, ""top3_share"": 0.2857, ""heat_gap_top1_top2"": 3.25, ""strong_theme_count"": 0, ""broad_strong_theme_count"": 0, ""broad_level1_themes"": [], ""theme_width_hhi"": 0.0759, ""previous_top_theme"": ""农业"", ""same_level1_as_previous_top"": false, ""previous_top_weakened"": true}}",theme-market-review-v2,True,source_tags_first_publication_unverified,化工 / 旅游 / 绿色电力
2026-09-11,7.5,低迷,55.1,120,mainline_replacement,主线替换,"{""code"": ""mainline_replacement"", ""label"": ""主线替换"", ""confidence"": ""高"", ""summary"": ""化工明显降温，通信以更大宽度升至首位，处于新旧主线切换。"", ""evidence"": {""top_theme"": ""通信"", ""top_heat"": 66.19, ""top_width"": 11, ""top_share"": 0.275, ""top3_share"": 0.425, ""heat_gap_top1_top2"": 19.86, ""strong_theme_count"": 1, ""broad_strong_theme_count"": 0, ""broad_level1_themes"": [], ""theme_width_hhi"": 0.12, ""previous_top_theme"": ""化工"", ""same_level1_as_previous_top"": false, ""previous_top_weakened"": true}}",theme-market-review-v2,True,source_tags_first_publication_unverified,通信 / AI应用 / 地产链
2026-09-14,25.0,偏低,64.03,120,scattered_no_mainline,热点分散、无明确主线,"{""code"": ""scattered_no_mainline"", ""label"": ""热点分散、无明确主线"", ""confidence"": ""中"", ""summary"": ""局部题材仍有活跃度，但领先差、持续性或板块宽度不足，尚不能确认单一或多主线。"", ""evidence"": {""top_theme"": ""AI应用"", ""top_heat"": 69.44, ""top_width"": 9, ""top_share"": 0.1667, ""top3_share"": 0.3889, ""heat_gap_top1_top2"": 5.54, ""strong_theme_count"": 2, ""broad_strong_theme_count"": 1, ""broad_level1_themes"": [""待归类""], ""theme_width_hhi"": 0.0802, ""previous_top_theme"": ""通信"", ""same_level1_as_previous_top"": false, ""previous_top_weakened"": false}}",theme-market-review-v2,True,source_tags_first_publication_unverified,AI应用 / 通信 / 汽车类
2026-09-15,6.7,低迷,54.82,120,cold_no_mainline,热点低迷、无主线,"{""code"": ""cold_no_mainline"", ""label"": ""热点低迷、无主线"", ""confidence"": ""中高"", ""summary"": ""前三题材绝对热度较低，当前没有形成具备宽度和持续性的有效主线。"", ""evidence"": {""top_theme"": ""风电"", ""top_heat"": 58.83, ""top_width"": 6, ""top_share"": 0.1875, ""top3_share"": 0.4375, ""heat_gap_top1_top2"": 4.12, ""strong_theme_count"": 1, ""broad_strong_theme_count"": 0, ""broad_level1_themes"": [], ""theme_width_hhi"": 0.1152, ""previous_top_theme"": ""AI应用"", ""same_level1_as_previous_top"": false, ""previous_top_weakened"": false}}",theme-market-review-v2,True,source_tags_first_publication_unverified,风电 / AI应用 / 通信
2026-09-16,59.2,中性,75.96,120,clear_single_mainline,主线明确,"{""code"": ""clear_single_mainline"", ""label"": ""主线明确"", ""confidence"": ""中高"", ""summary"": ""通信在热度、宽度和持续性上显著领先，单一主线较明确。"", ""evidence"": {""top_theme"": ""通信"", ""top_heat"": 85.52, ""top_width"": 20, ""top_share"": 0.2247, ""top3_share"": 0.4382, ""heat_gap_top1_top2"": 17.99, ""strong_theme_count"": 4, ""broad_strong_theme_count"": 1, ""broad_level1_themes"": [""待归类""], ""theme_width_hhi"": 0.1031, ""previous_top_theme"": ""风电"", ""same_level1_as_previous_top"": false, ""previous_top_weakened"": true}}",theme-market-review-v2,True,source_tags_first_publication_unverified,通信 / 芯片 / 海峡两岸
2026-09-17,3.3,低迷,51.75,120,cold_no_mainline,热点低迷、无主线,"{""code"": ""cold_no_mainline"", ""label"": ""热点低迷、无主线"", ""confidence"": ""中高"", ""summary"": ""前三题材绝对热度较低，当前没有形成具备宽度和持续性的有效主线。"", ""evidence"": {""top_theme"": ""通信"", ""top_heat"": 58.83, ""top_width"": 3, ""top_share"": 0.0638, ""top3_share"": 0.2553, ""heat_gap_top1_top2"": 11.93, ""strong_theme_count"": 1, ""broad_strong_theme_count"": 0, ""broad_level1_themes"": [], ""theme_width_hhi"": 0.0611, ""previous_top_theme"": ""通信"", ""same_level1_as_previous_top"": false, ""previous_top_weakened"": true}}",theme-market-review-v2,True,source_tags_first_publication_unverified,通信 / 机器人概念 / 芯片
2026-09-18,7.5,低迷,54.62,120,cold_no_mainline,热点低迷、无主线,"{""code"": ""cold_no_mainline"", ""label"": ""热点低迷、无主线"", ""confidence"": ""中高"", ""summary"": ""前三题材绝对热度较低，当前没有形成具备宽度和持续性的有效主线。"", ""evidence"": {""top_theme"": ""芯片"", ""top_heat"": 63.15, ""top_width"": 11, ""top_share"": 0.1594, ""top3_share"": 0.2899, ""heat_gap_top1_top2"": 17.0, ""strong_theme_count"": 1, ""broad_strong_theme_count"": 0, ""broad_level1_themes"": [], ""theme_width_hhi"": 0.0607, ""previous_top_theme"": ""通信"", ""same_level1_as_previous_top"": false, ""previous_top_weakened"": true}}",theme-market-review-v2,True,source_tags_first_publication_unverified,芯片 / 地产链 / 机器人概念
2026-09-21,45.0,中性,70.93,120,mainline_replacement,主线替换,"{""code"": ""mainline_replacement"", ""label"": ""主线替换"", ""confidence"": ""高"", ""summary"": ""芯片明显降温，医药以更大宽度升至首位，处于新旧主线切换。"", ""evidence"": {""top_theme"": ""医药"", ""top_heat"": 75.41, ""top_width"": 16, ""top_share"": 0.1569, ""top3_share"": 0.2941, ""heat_gap_top1_top2"": 1.66, ""strong_theme_count"": 3, ""broad_strong_theme_count"": 2, ""broad_level1_themes"": [""待归类"", ""待归类""], ""theme_width_hhi"": 0.0586, ""previous_top_theme"": ""芯片"", ""same_level1_as_previous_top"": false, ""previous_top_weakened"": true}}",theme-market-review-v2,True,source_tags_first_publication_unverified,医药 / 地产链 / 元器件
2026-09-22,30.8,偏低,66.81,120,scattered_no_mainline,热点分散、无明确主线,"{""code"": ""scattered_no_mainline"", ""label"": ""热点分散、无明确主线"", ""confidence"": ""中"", ""summary"": ""局部题材仍有活跃度，但领先差、持续性或板块宽度不足，尚不能确认单一或多主线。"", ""evidence"": {""top_theme"": ""AI应用"", ""top_heat"": 68.32, ""top_width"": 13, ""top_share"": 0.2063, ""top3_share"": 0.381, ""heat_gap_top1_top2"": 1.48, ""strong_theme_count"": 4, ""broad_strong_theme_count"": 0, ""broad_level1_themes"": [], ""theme_width_hhi"": 0.0804, ""previous_top_theme"": ""医药"", ""same_level1_as_previous_top"": false, ""previous_top_weakened"": false}}",theme-market-review-v2,True,source_tags_first_publication_unverified,AI应用 / PCB / 医药
2026-09-23,45.0,中性,70.99,120,clear_single_mainline,主线明确,"{""code"": ""clear_single_mainline"", ""label"": ""主线明确"", ""confidence"": ""中高"", ""summary"": ""通信在热度、宽度和持续性上显著领先，单一主线较明确。"", ""evidence"": {""top_theme"": ""通信"", ""top_heat"": 84.71, ""top_width"": 7, ""top_share"": 0.1373, ""top3_share"": 0.2941, ""heat_gap_top1_top2"": 24.59, ""strong_theme_count"": 1, ""broad_strong_theme_count"": 0, ""broad_level1_themes"": [], ""theme_width_hhi"": 0.0865, ""previous_top_theme"": ""AI应用"", ""same_level1_as_previous_top"": false, ""previous_top_weakened"": true}}",theme-market-review-v2,True,source_tags_first_publication_unverified,通信 / 地产链 / 并购重组
2026-09-24,36.7,偏低,67.83,120,scattered_no_mainline,热点分散、无明确主线,"{""code"": ""scattered_no_mainline"", ""label"": ""热点分散、无明确主线"", ""confidence"": ""中"", ""summary"": ""局部题材仍有活跃度，但领先差、持续性或板块宽度不足，尚不能确认单一或多主线。"", ""evidence"": {""top_theme"": ""海峡两岸"", ""top_heat"": 72.25, ""top_width"": 12, ""top_share"": 0.2308, ""top3_share"": 0.3077, ""heat_gap_top1_top2"": 8.25, ""strong_theme_count"": 3, ""broad_strong_theme_count"": 0, ""broad_level1_themes"": [], ""theme_width_hhi"": 0.0954, ""previous_top_theme"": ""通信"", ""same_level1_as_previous_top"": false, ""previous_top_weakened"": true}}",theme-market-review-v2,True,source_tags_first_publication_unverified,海峡两岸 / 文化传媒 / 并购重组
2026-09-28,1.7,低迷,48.35,120,cold_no_mainline,热点低迷、无主线,"{""code"": ""cold_no_mainline"", ""label"": ""热点低迷、无主线"", ""confidence"": ""中高"", ""summary"": ""前三题材绝对热度较低，当前没有形成具备宽度和持续性的有效主线。"", ""evidence"": {""top_theme"": ""并购重组"", ""top_heat"": 50.5, ""top_width"": 2, ""top_share"": 0.0606, ""top3_share"": 0.3333, ""heat_gap_top1_top2"": 3.5, ""strong_theme_count"": 0, ""broad_strong_theme_count"": 0, ""broad_level1_themes"": [], ""theme_width_hhi"": 0.0836, ""previous_top_theme"": ""海峡两岸"", ""same_level1_as_previous_top"": false, ""previous_top_weakened"": true}}",theme-market-review-v2,True,source_tags_first_publication_unverified,并购重组 / AI应用 / 机器人概念
2026-09-29,50.0,中性,72.83,120,clear_single_mainline,主线明确,"{""code"": ""clear_single_mainline"", ""label"": ""主线明确"", ""confidence"": ""中高"", ""summary"": ""并购重组在热度、宽度和持续性上显著领先，单一主线较明确。"", ""evidence"": {""top_theme"": ""并购重组"", ""top_heat"": 86.5, ""top_width"": 5, ""top_share"": 0.0877, ""top3_share"": 0.3684, ""heat_gap_top1_top2"": 22.5, ""strong_theme_count"": 2, ""broad_strong_theme_count"": 0, ""broad_level1_themes"": [], ""theme_width_hhi"": 0.0902, ""previous_top_theme"": ""并购重组"", ""same_level1_as_previous_top"": false, ""previous_top_weakened"": false}}",theme-market-review-v2,True,source_tags_first_publication_unverified,并购重组 / 锂电池 / AI应用
2026-09-30,23.3,偏低,62.72,120,scattered_no_mainline,热点分散、无明确主线,"{""code"": ""scattered_no_mainline"", ""label"": ""热点分散、无明确主线"", ""confidence"": ""中"", ""summary"": ""局部题材仍有活跃度，但领先差、持续性或板块宽度不足，尚不能确认单一或多主线。"", ""evidence"": {""top_theme"": ""并购重组"", ""top_heat"": 67.5, ""top_width"": 2, ""top_share"": 0.0385, ""top3_share"": 0.25, ""heat_gap_top1_top2"": 9.17, ""strong_theme_count"": 3, ""broad_strong_theme_count"": 0, ""broad_level1_themes"": [], ""theme_width_hhi"": 0.074, ""previous_top_theme"": ""并购重组"", ""same_level1_as_previous_top"": false, ""previous_top_weakened"": false}}",theme-market-review-v2,True,source_tags_first_publication_unverified,并购重组 / 锂电池 / 机器人概念
