ts_code,trade_date
000004.SZ,2026-01-12
000004.SZ,2026-01-13
000004.SZ,2026-01-14
000004.SZ,2026-01-15
000004.SZ,2026-01-21
000004.SZ,2026-01-22
000004.SZ,2026-01-23
000004.SZ,2026-01-26
000004.SZ,2026-01-27
000004.SZ,2026-01-29
000004.SZ,2026-01-30
000004.SZ,2026-02-02
000004.SZ,2026-02-03
000004.SZ,2026-02-12
000004.SZ,2026-02-13
000004.SZ,2026-02-24
000004.SZ,2026-02-25
000004.SZ,2026-03-09
000004.SZ,2026-03-10
000004.SZ,2026-03-11
000004.SZ,2026-03-12
000004.SZ,2026-03-13
000004.SZ,2026-03-16
000004.SZ,2026-03-17
000004.SZ,2026-03-18
000004.SZ,2026-03-19
000004.SZ,2026-03-20
000004.SZ,2026-03-23
000004.SZ,2026-04-13
000004.SZ,2026-04-14
000004.SZ,2026-04-15
000004.SZ,2026-04-16
000004.SZ,2026-04-17
000004.SZ,2026-04-20
000006.SZ,2026-05-11
000006.SZ,2026-08-14
000006.SZ,2026-08-17
000007.SZ,2026-04-29
000007.SZ,2026-08-21
000007.SZ,2026-08-24
000008.SZ,2026-01-05
000008.SZ,2026-07-15
000008.SZ,2026-07-16
000009.SZ,2026-07-29
000009.SZ,2026-08-03
000009.SZ,2026-08-04
000010.SZ,2026-02-25
000010.SZ,2026-07-03
000010.SZ,2026-07-06
000011.SZ,2026-07-22
000012.SZ,2026-02-24
000012.SZ,2026-07-01
000012.SZ,2026-07-02
000014.SZ,2026-02-06
000014.SZ,2026-07-17
000014.SZ,2026-07-20
000016.SZ,2026-02-06
000016.SZ,2026-07-16
000016.SZ,2026-07-17
000017.SZ,2026-06-26
000017.SZ,2026-08-31
000019.SZ,2026-04-03
000019.SZ,2026-08-19
000019.SZ,2026-08-20
000020.SZ,2026-03-13
000020.SZ,2026-08-20
000020.SZ,2026-08-21
000021.SZ,2026-02-12
000021.SZ,2026-07-22
000021.SZ,2026-07-23
000025.SZ,2026-05-28
000025.SZ,2026-07-31
000025.SZ,2026-08-03
000026.SZ,2026-04-10
000026.SZ,2026-08-18
000026.SZ,2026-08-19
000029.SZ,2026-01-28
000029.SZ,2026-08-18
000029.SZ,2026-08-19
000030.SZ,2026-03-30
000030.SZ,2026-04-01
000030.SZ,2026-04-02
000031.SZ,2026-01-19
000031.SZ,2026-06-02
000031.SZ,2026-06-03
000032.SZ,2026-06-10
000032.SZ,2026-08-03
000032.SZ,2026-08-04
000034.SZ,2026-06-15
000034.SZ,2026-06-26
000034.SZ,2026-06-29
000035.SZ,2026-02-26
000035.SZ,2026-07-24
000035.SZ,2026-07-27
000036.SZ,2026-01-20
000036.SZ,2026-07-15
000036.SZ,2026-07-16
000037.SZ,2026-03-17
000037.SZ,2026-08-04
000037.SZ,2026-08-05
000039.SZ,2026-02-02
000039.SZ,2026-04-30
000039.SZ,2026-05-06
000042.SZ,2026-03-16
000042.SZ,2026-06-24
000042.SZ,2026-06-25
000045.SZ,2026-01-20
000045.SZ,2026-07-29
000045.SZ,2026-07-30
000048.SZ,2026-01-19
000048.SZ,2026-08-13
000048.SZ,2026-08-14
000050.SZ,2026-06-16
000050.SZ,2026-06-18
000050.SZ,2026-06-22
000055.SZ,2026-05-29
000055.SZ,2026-06-03
000055.SZ,2026-06-04
000056.SZ,2026-02-04
000056.SZ,2026-08-06
000056.SZ,2026-08-07
000059.SZ,2026-08-18
000059.SZ,2026-08-31
000060.SZ,2026-04-30
000060.SZ,2026-06-23
000060.SZ,2026-06-24
000062.SZ,2026-03-10
000062.SZ,2026-08-31
000063.SZ,2026-05-27
000063.SZ,2026-05-29
000063.SZ,2026-06-01
000065.SZ,2026-03-23
000065.SZ,2026-08-25
000065.SZ,2026-08-26
000066.SZ,2026-01-09
000066.SZ,2026-07-07
000066.SZ,2026-07-08
000068.SZ,2026-05-27
000068.SZ,2026-07-02
000068.SZ,2026-07-03
000070.SZ,2026-02-03
000070.SZ,2026-08-26
000070.SZ,2026-08-27
000078.SZ,2026-01-12
000078.SZ,2026-07-15
000078.SZ,2026-07-16
000090.SZ,2026-05-27
000090.SZ,2026-06-01
000090.SZ,2026-06-02
000096.SZ,2026-02-27
000096.SZ,2026-03-04
000096.SZ,2026-03-05
000099.SZ,2026-06-11
000099.SZ,2026-06-15
000099.SZ,2026-06-16
000100.SZ,2026-06-16
000100.SZ,2026-07-01
000100.SZ,2026-07-02
000151.SZ,2026-05-28
000151.SZ,2026-06-15
000151.SZ,2026-06-16
000153.SZ,2026-08-17
000153.SZ,2026-08-19
000153.SZ,2026-08-20
000155.SZ,2026-03-26
000155.SZ,2026-07-24
000155.SZ,2026-07-27
000156.SZ,2026-02-09
000156.SZ,2026-02-11
000156.SZ,2026-02-12
000158.SZ,2026-06-08
000158.SZ,2026-06-10
000158.SZ,2026-06-11
000159.SZ,2026-01-07
000159.SZ,2026-05-15
000159.SZ,2026-05-18
000301.SZ,2026-03-02
000301.SZ,2026-07-07
000301.SZ,2026-07-08
000338.SZ,2026-04-30
000338.SZ,2026-05-07
000338.SZ,2026-05-08
000400.SZ,2026-01-16
000400.SZ,2026-01-20
000400.SZ,2026-01-21
000402.SZ,2026-04-09
000402.SZ,2026-05-07
000402.SZ,2026-05-08
000403.SZ,2026-05-20
000403.SZ,2026-05-22
000403.SZ,2026-05-25
000404.SZ,2026-04-17
000404.SZ,2026-04-21
000404.SZ,2026-04-22
000407.SZ,2026-01-21
000407.SZ,2026-03-04
000407.SZ,2026-03-05
000409.SZ,2026-01-13
000409.SZ,2026-05-26
000409.SZ,2026-05-27
000410.SZ,2026-08-11
000410.SZ,2026-08-13
000410.SZ,2026-08-14
000411.SZ,2026-06-12
000411.SZ,2026-06-16
000411.SZ,2026-06-17
000415.SZ,2026-03-23
000415.SZ,2026-03-25
000415.SZ,2026-03-26
000417.SZ,2026-01-19
000417.SZ,2026-07-27
000417.SZ,2026-07-28
000420.SZ,2026-03-11
000420.SZ,2026-03-13
000420.SZ,2026-03-16
000421.SZ,2026-03-02
000421.SZ,2026-03-04
000421.SZ,2026-03-05
000422.SZ,2026-02-13
000422.SZ,2026-02-25
000422.SZ,2026-02-26
000425.SZ,2026-05-08
000425.SZ,2026-05-12
000425.SZ,2026-05-13
000426.SZ,2026-07-22
000426.SZ,2026-07-23
000428.SZ,2026-07-24
000428.SZ,2026-08-27
000428.SZ,2026-08-28
000488.SZ,2026-02-12
000488.SZ,2026-06-11
000488.SZ,2026-06-12
000503.SZ,2026-01-08
000503.SZ,2026-07-29
000503.SZ,2026-07-30
000504.SZ,2026-01-16
000504.SZ,2026-07-17
000504.SZ,2026-07-20
000505.SZ,2026-08-14
000505.SZ,2026-08-20
000505.SZ,2026-08-21
000506.SZ,2026-01-16
000506.SZ,2026-08-11
000506.SZ,2026-08-12
000509.SZ,2026-03-04
000509.SZ,2026-06-10
000509.SZ,2026-06-11
000510.SZ,2026-01-05
000510.SZ,2026-08-06
000510.SZ,2026-08-07
000516.SZ,2026-03-09
000516.SZ,2026-03-10
000517.SZ,2026-02-03
000517.SZ,2026-07-29
000517.SZ,2026-07-30
000518.SZ,2026-02-24
000518.SZ,2026-06-04
000518.SZ,2026-06-05
000519.SZ,2026-06-18
000519.SZ,2026-06-23
000519.SZ,2026-06-24
000520.SZ,2026-06-03
000520.SZ,2026-08-21
000520.SZ,2026-08-24
000521.SZ,2026-06-26
000521.SZ,2026-07-02
000521.SZ,2026-07-03
000523.SZ,2026-01-19
000523.SZ,2026-08-21
000523.SZ,2026-08-24
000524.SZ,2026-06-23
000524.SZ,2026-07-09
000524.SZ,2026-07-10
000525.SZ,2026-02-06
000525.SZ,2026-03-05
000525.SZ,2026-03-06
000526.SZ,2026-07-20
000526.SZ,2026-08-20
000526.SZ,2026-08-21
000530.SZ,2026-05-27
000530.SZ,2026-05-29
000530.SZ,2026-06-01
000532.SZ,2026-01-08
000532.SZ,2026-05-25
000532.SZ,2026-05-26
000533.SZ,2026-01-30
000533.SZ,2026-08-27
000533.SZ,2026-08-28
000534.SZ,2026-01-16
000534.SZ,2026-06-22
000534.SZ,2026-06-23
000536.SZ,2026-03-04
000536.SZ,2026-08-27
000536.SZ,2026-08-28
000537.SZ,2026-03-09
000537.SZ,2026-08-11
000537.SZ,2026-08-12
000539.SZ,2026-03-17
000539.SZ,2026-07-21
000539.SZ,2026-07-22
000541.SZ,2026-06-15
000541.SZ,2026-06-17
000541.SZ,2026-06-18
000545.SZ,2026-01-05
000545.SZ,2026-07-07
000545.SZ,2026-07-08
000546.SZ,2026-02-25
000546.SZ,2026-04-27
000546.SZ,2026-04-28
000547.SZ,2026-02-02
000547.SZ,2026-07-13
000547.SZ,2026-07-14
000551.SZ,2026-04-07
000551.SZ,2026-08-18
000551.SZ,2026-08-19
000553.SZ,2026-03-11
000553.SZ,2026-05-07
000553.SZ,2026-05-08
000554.SZ,2026-01-28
000554.SZ,2026-07-15
000554.SZ,2026-07-16
000555.SZ,2026-03-04
000555.SZ,2026-07-22
000555.SZ,2026-07-23
000558.SZ,2026-06-09
000558.SZ,2026-06-11
000558.SZ,2026-06-12
000559.SZ,2026-02-09
000559.SZ,2026-02-11
000559.SZ,2026-02-12
000560.SZ,2026-01-28
000561.SZ,2026-01-22
000561.SZ,2026-01-26
000561.SZ,2026-01-27
000564.SZ,2026-05-22
000564.SZ,2026-08-18
000564.SZ,2026-08-19
000565.SZ,2026-01-22
000565.SZ,2026-08-31
000566.SZ,2026-06-22
000566.SZ,2026-08-26
000566.SZ,2026-08-27
000567.SZ,2026-04-28
000567.SZ,2026-08-31
000568.SZ,2026-01-28
000568.SZ,2026-01-30
000568.SZ,2026-02-02
000570.SZ,2026-04-15
000570.SZ,2026-04-17
000570.SZ,2026-04-20
000571.SZ,2026-02-06
000571.SZ,2026-08-04
000571.SZ,2026-08-05
000572.SZ,2026-03-16
000572.SZ,2026-07-03
000572.SZ,2026-07-06
000573.SZ,2026-01-27
000573.SZ,2026-07-13
000573.SZ,2026-07-14
000576.SZ,2026-07-01
000576.SZ,2026-08-28
000576.SZ,2026-08-31
000581.SZ,2026-02-24
000581.SZ,2026-02-26
000581.SZ,2026-02-27
000582.SZ,2026-05-07
000582.SZ,2026-05-11
000582.SZ,2026-05-12
000586.SZ,2026-04-01
000586.SZ,2026-08-28
000586.SZ,2026-08-31
000590.SZ,2026-08-19
000590.SZ,2026-08-21
000590.SZ,2026-08-24
000591.SZ,2026-01-13
000591.SZ,2026-05-13
000591.SZ,2026-05-14
000592.SZ,2026-01-22
000592.SZ,2026-08-28
000592.SZ,2026-08-31
000593.SZ,2026-01-09
000593.SZ,2026-08-14
000593.SZ,2026-08-17
000595.SZ,2026-01-12
000595.SZ,2026-08-05
000595.SZ,2026-08-06
000596.SZ,2026-01-28
000596.SZ,2026-07-21
000596.SZ,2026-07-22
000597.SZ,2026-08-17
000597.SZ,2026-08-19
000597.SZ,2026-08-20
000599.SZ,2026-01-27
000599.SZ,2026-01-29
000599.SZ,2026-01-30
000600.SZ,2026-03-11
000600.SZ,2026-07-21
000600.SZ,2026-07-22
000601.SZ,2026-03-05
000601.SZ,2026-07-03
000601.SZ,2026-07-06
000603.SZ,2026-01-22
000603.SZ,2026-08-24
000603.SZ,2026-08-25
000607.SZ,2026-01-22
000607.SZ,2026-01-30
000607.SZ,2026-02-02
000608.SZ,2026-08-04
000608.SZ,2026-08-05
000609.SZ,2026-01-05
000609.SZ,2026-08-05
000609.SZ,2026-08-06
000610.SZ,2026-06-30
000610.SZ,2026-07-02
000610.SZ,2026-07-03
000612.SZ,2026-01-09
000612.SZ,2026-06-23
000612.SZ,2026-06-24
000615.SZ,2026-02-10
000615.SZ,2026-03-30
000615.SZ,2026-03-31
000617.SZ,2026-03-13
000617.SZ,2026-03-20
000617.SZ,2026-03-23
000620.SZ,2026-01-05
000620.SZ,2026-08-25
000620.SZ,2026-08-26
000626.SZ,2026-03-10
000626.SZ,2026-08-31
000628.SZ,2026-01-07
000628.SZ,2026-08-24
000628.SZ,2026-08-25
000629.SZ,2026-01-05
000629.SZ,2026-01-27
000629.SZ,2026-01-28
000630.SZ,2026-01-22
000630.SZ,2026-06-15
000630.SZ,2026-06-16
000631.SZ,2026-03-30
000631.SZ,2026-06-12
000631.SZ,2026-06-15
000632.SZ,2026-05-08
000632.SZ,2026-08-27
000632.SZ,2026-08-28
000635.SZ,2026-01-06
000635.SZ,2026-02-25
000635.SZ,2026-02-26
000636.SZ,2026-02-04
000636.SZ,2026-07-30
000636.SZ,2026-07-31
000637.SZ,2026-02-27
000637.SZ,2026-03-03
000637.SZ,2026-03-04
000638.SZ,2026-01-05
000638.SZ,2026-01-06
000638.SZ,2026-01-07
000638.SZ,2026-01-08
000638.SZ,2026-01-09
000638.SZ,2026-01-12
000638.SZ,2026-01-13
000638.SZ,2026-01-14
000638.SZ,2026-02-09
000638.SZ,2026-02-10
000638.SZ,2026-02-11
000638.SZ,2026-02-12
000638.SZ,2026-02-13
000638.SZ,2026-02-24
000638.SZ,2026-02-25
000638.SZ,2026-02-26
000638.SZ,2026-02-27
000638.SZ,2026-03-02
000638.SZ,2026-03-05
000638.SZ,2026-03-06
000638.SZ,2026-03-09
000638.SZ,2026-03-10
000638.SZ,2026-03-19
000638.SZ,2026-03-20
000638.SZ,2026-03-23
000638.SZ,2026-03-24
000638.SZ,2026-03-25
000638.SZ,2026-03-26
000638.SZ,2026-03-27
000638.SZ,2026-03-30
000638.SZ,2026-03-31
000639.SZ,2026-03-13
000639.SZ,2026-07-17
000639.SZ,2026-07-20
000652.SZ,2026-04-03
000652.SZ,2026-04-08
000652.SZ,2026-04-09
000656.SZ,2026-06-30
000656.SZ,2026-08-11
000656.SZ,2026-08-12
000657.SZ,2026-01-20
000657.SZ,2026-08-06
000657.SZ,2026-08-07
000659.SZ,2026-01-26
000659.SZ,2026-08-26
000659.SZ,2026-08-27
000661.SZ,2026-02-24
000661.SZ,2026-02-26
000661.SZ,2026-02-27
000665.SZ,2026-08-11
000665.SZ,2026-08-13
000665.SZ,2026-08-14
000668.SZ,2026-07-30
000668.SZ,2026-07-31
000669.SZ,2026-01-19
000669.SZ,2026-08-13
000669.SZ,2026-08-14
000670.SZ,2026-01-05
000670.SZ,2026-08-18
000670.SZ,2026-08-19
000672.SZ,2026-05-08
000672.SZ,2026-07-10
000672.SZ,2026-07-13
000676.SZ,2026-07-14
000676.SZ,2026-08-03
000676.SZ,2026-08-04
000677.SZ,2026-03-05
000677.SZ,2026-08-27
000677.SZ,2026-08-28
000678.SZ,2026-03-30
000678.SZ,2026-08-19
000678.SZ,2026-08-20
000679.SZ,2026-06-15
000679.SZ,2026-06-18
000679.SZ,2026-06-22
000681.SZ,2026-01-09
000681.SZ,2026-06-10
000681.SZ,2026-06-11
000682.SZ,2026-06-18
000682.SZ,2026-06-23
000682.SZ,2026-06-24
000685.SZ,2026-05-15
000685.SZ,2026-05-19
000685.SZ,2026-05-20
000688.SZ,2026-01-20
000688.SZ,2026-07-24
000688.SZ,2026-07-27
000690.SZ,2026-03-24
000690.SZ,2026-04-22
000690.SZ,2026-04-23
000691.SZ,2026-06-24
000691.SZ,2026-06-25
000692.SZ,2026-03-25
000692.SZ,2026-08-14
000692.SZ,2026-08-17
000695.SZ,2026-01-05
000695.SZ,2026-08-26
000695.SZ,2026-08-27
000697.SZ,2026-02-26
000697.SZ,2026-05-08
000697.SZ,2026-05-11
000698.SZ,2026-06-30
000698.SZ,2026-07-03
000698.SZ,2026-07-06
000700.SZ,2026-01-20
000700.SZ,2026-07-03
000700.SZ,2026-07-06
000703.SZ,2026-03-04
000703.SZ,2026-07-15
000703.SZ,2026-07-16
000710.SZ,2026-01-12
000710.SZ,2026-08-24
000710.SZ,2026-08-25
000711.SZ,2026-01-23
000711.SZ,2026-07-06
000711.SZ,2026-07-07
000712.SZ,2026-05-08
000713.SZ,2026-08-17
000713.SZ,2026-08-19
000713.SZ,2026-08-20
000715.SZ,2026-04-20
000715.SZ,2026-08-13
000715.SZ,2026-08-14
000716.SZ,2026-04-28
000716.SZ,2026-08-31
000718.SZ,2026-06-03
000718.SZ,2026-06-05
000718.SZ,2026-06-08
000720.SZ,2026-01-15
000720.SZ,2026-08-13
000720.SZ,2026-08-14
000721.SZ,2026-07-29
000721.SZ,2026-07-31
000721.SZ,2026-08-03
000722.SZ,2026-03-23
000722.SZ,2026-07-21
000722.SZ,2026-07-22
000723.SZ,2026-02-03
000723.SZ,2026-08-25
000723.SZ,2026-08-26
000725.SZ,2026-05-20
000725.SZ,2026-06-18
000725.SZ,2026-06-22
000727.SZ,2026-03-04
000727.SZ,2026-06-02
000727.SZ,2026-06-03
000731.SZ,2026-02-26
000731.SZ,2026-03-02
000731.SZ,2026-03-03
000733.SZ,2026-06-03
000733.SZ,2026-07-02
000733.SZ,2026-07-03
000735.SZ,2026-08-14
000735.SZ,2026-08-19
000735.SZ,2026-08-20
000736.SZ,2026-06-15
000736.SZ,2026-08-20
000736.SZ,2026-08-21
000737.SZ,2026-01-27
000737.SZ,2026-08-18
000737.SZ,2026-08-19
000738.SZ,2026-01-16
000738.SZ,2026-02-04
000738.SZ,2026-02-05
000739.SZ,2026-05-08
000739.SZ,2026-08-10
000739.SZ,2026-08-11
000751.SZ,2026-01-22
000751.SZ,2026-08-06
000751.SZ,2026-08-07
000752.SZ,2026-03-05
000752.SZ,2026-04-29
000752.SZ,2026-04-30
000753.SZ,2026-03-24
000753.SZ,2026-03-31
000753.SZ,2026-04-01
000756.SZ,2026-06-22
000756.SZ,2026-06-30
000756.SZ,2026-07-01
000757.SZ,2026-06-30
000757.SZ,2026-07-02
000757.SZ,2026-07-03
000758.SZ,2026-01-27
000758.SZ,2026-06-15
000758.SZ,2026-06-16
000759.SZ,2026-05-25
000759.SZ,2026-07-15
000759.SZ,2026-07-16
000762.SZ,2026-04-01
000762.SZ,2026-04-17
000762.SZ,2026-04-20
000766.SZ,2026-01-09
000766.SZ,2026-06-26
000766.SZ,2026-06-29
000767.SZ,2026-02-05
000767.SZ,2026-07-21
000767.SZ,2026-07-22
000768.SZ,2026-01-05
000768.SZ,2026-06-15
000768.SZ,2026-06-16
000776.SZ,2026-06-18
000776.SZ,2026-06-23
000776.SZ,2026-06-24
000777.SZ,2026-06-12
000777.SZ,2026-06-30
000777.SZ,2026-07-01
000779.SZ,2026-07-16
000779.SZ,2026-08-26
000779.SZ,2026-08-27
000782.SZ,2026-04-15
000782.SZ,2026-05-11
000782.SZ,2026-05-12
000783.SZ,2026-04-29
000783.SZ,2026-06-26
000783.SZ,2026-06-29
000785.SZ,2026-01-09
000785.SZ,2026-06-09
000785.SZ,2026-06-10
000788.SZ,2026-03-31
000788.SZ,2026-04-16
000788.SZ,2026-04-17
000790.SZ,2026-04-29
000790.SZ,2026-05-06
000790.SZ,2026-05-07
000791.SZ,2026-03-24
000791.SZ,2026-06-17
000791.SZ,2026-06-18
000792.SZ,2026-01-06
000792.SZ,2026-01-07
000793.SZ,2026-01-21
000793.SZ,2026-06-23
000793.SZ,2026-06-24
000795.SZ,2026-06-30
000795.SZ,2026-07-02
000795.SZ,2026-07-03
000796.SZ,2026-08-24
000796.SZ,2026-08-26
000796.SZ,2026-08-27
000798.SZ,2026-01-06
000798.SZ,2026-08-31
000799.SZ,2026-01-28
000799.SZ,2026-06-01
000799.SZ,2026-06-02
000801.SZ,2026-06-29
000801.SZ,2026-07-01
000801.SZ,2026-07-02
000802.SZ,2026-04-20
000802.SZ,2026-08-14
000802.SZ,2026-08-17
000803.SZ,2026-01-09
000803.SZ,2026-07-24
000803.SZ,2026-07-27
000807.SZ,2026-01-27
000807.SZ,2026-01-29
000807.SZ,2026-01-30
000809.SZ,2026-05-19
000809.SZ,2026-05-21
000809.SZ,2026-05-22
000810.SZ,2026-07-09
000810.SZ,2026-07-13
000810.SZ,2026-07-14
000811.SZ,2026-02-02
000811.SZ,2026-08-18
000811.SZ,2026-08-19
000813.SZ,2026-01-28
000813.SZ,2026-06-24
000813.SZ,2026-06-25
000815.SZ,2026-01-23
000815.SZ,2026-08-05
000815.SZ,2026-08-06
000816.SZ,2026-02-24
000816.SZ,2026-02-26
000816.SZ,2026-02-27
000818.SZ,2026-02-09
000818.SZ,2026-07-01
000818.SZ,2026-07-02
000819.SZ,2026-04-20
000819.SZ,2026-04-22
000819.SZ,2026-04-23
000820.SZ,2026-01-07
000820.SZ,2026-08-05
000820.SZ,2026-08-06
000821.SZ,2026-01-22
000821.SZ,2026-07-06
000821.SZ,2026-07-07
000822.SZ,2026-02-04
000822.SZ,2026-03-30
000822.SZ,2026-03-31
000823.SZ,2026-05-06
000823.SZ,2026-06-29
000823.SZ,2026-06-30
000826.SZ,2026-02-24
000826.SZ,2026-07-30
000826.SZ,2026-07-31
000829.SZ,2026-06-29
000829.SZ,2026-07-17
000829.SZ,2026-07-20
000830.SZ,2026-04-03
000830.SZ,2026-04-08
000830.SZ,2026-04-09
000831.SZ,2026-04-28
000831.SZ,2026-08-17
000831.SZ,2026-08-18
000833.SZ,2026-02-11
000833.SZ,2026-06-23
000833.SZ,2026-06-24
000838.SZ,2026-02-03
000838.SZ,2026-08-13
000838.SZ,2026-08-14
000839.SZ,2026-01-21
000839.SZ,2026-08-07
000839.SZ,2026-08-10
000852.SZ,2026-08-17
000852.SZ,2026-08-19
000852.SZ,2026-08-20
000856.SZ,2026-02-02
000856.SZ,2026-02-04
000856.SZ,2026-02-05
000858.SZ,2026-01-28
000858.SZ,2026-01-30
000858.SZ,2026-02-02
000859.SZ,2026-08-12
000859.SZ,2026-08-13
000862.SZ,2026-03-03
000862.SZ,2026-07-28
000862.SZ,2026-07-29
000863.SZ,2026-01-28
000863.SZ,2026-07-02
000863.SZ,2026-07-03
000875.SZ,2026-01-13
000875.SZ,2026-05-26
000875.SZ,2026-05-27
000876.SZ,2026-06-30
000876.SZ,2026-07-02
000876.SZ,2026-07-03
000878.SZ,2026-01-27
000878.SZ,2026-01-30
000878.SZ,2026-02-02
000880.SZ,2026-01-20
000880.SZ,2026-05-21
000880.SZ,2026-05-22
000881.SZ,2026-06-02
000881.SZ,2026-06-04
000881.SZ,2026-06-05
000882.SZ,2026-06-22
000882.SZ,2026-06-24
000882.SZ,2026-06-25
000887.SZ,2026-07-08
000887.SZ,2026-08-14
000887.SZ,2026-08-17
000889.SZ,2026-01-09
000889.SZ,2026-07-22
000889.SZ,2026-07-23
000890.SZ,2026-01-09
000890.SZ,2026-08-28
000890.SZ,2026-08-31
000892.SZ,2026-01-09
000899.SZ,2026-02-24
000899.SZ,2026-07-20
000899.SZ,2026-07-21
000901.SZ,2026-01-07
000901.SZ,2026-07-13
000901.SZ,2026-07-14
000903.SZ,2026-02-24
000903.SZ,2026-06-10
000903.SZ,2026-06-11
000905.SZ,2026-01-06
000905.SZ,2026-01-08
000905.SZ,2026-01-09
000906.SZ,2026-04-23
000906.SZ,2026-04-27
000906.SZ,2026-04-28
000908.SZ,2026-01-06
000908.SZ,2026-08-07
000908.SZ,2026-08-10
000909.SZ,2026-01-16
000909.SZ,2026-07-29
000909.SZ,2026-07-30
000910.SZ,2026-05-18
000910.SZ,2026-05-20
000910.SZ,2026-05-21
000911.SZ,2026-05-07
000911.SZ,2026-07-02
000911.SZ,2026-07-03
000912.SZ,2026-02-27
000912.SZ,2026-08-31
000913.SZ,2026-03-30
000913.SZ,2026-04-01
000913.SZ,2026-04-02
000917.SZ,2026-01-08
000917.SZ,2026-04-09
000917.SZ,2026-04-10
000919.SZ,2026-04-03
000919.SZ,2026-04-16
000919.SZ,2026-04-17
000920.SZ,2026-03-04
000920.SZ,2026-07-17
000920.SZ,2026-07-20
000921.SZ,2026-06-10
000921.SZ,2026-06-12
000921.SZ,2026-06-15
000922.SZ,2026-05-08
000922.SZ,2026-05-12
000922.SZ,2026-05-13
000925.SZ,2026-04-22
000925.SZ,2026-08-31
000926.SZ,2026-05-19
000926.SZ,2026-06-01
000926.SZ,2026-06-02
000927.SZ,2026-01-21
000927.SZ,2026-04-01
000927.SZ,2026-04-02
000929.SZ,2026-01-05
000929.SZ,2026-05-14
000929.SZ,2026-05-15
000931.SZ,2026-08-19
000931.SZ,2026-08-25
000931.SZ,2026-08-26
000933.SZ,2026-07-09
000933.SZ,2026-07-13
000933.SZ,2026-07-14
000935.SZ,2026-07-14
000935.SZ,2026-07-16
000935.SZ,2026-07-17
000936.SZ,2026-04-16
000936.SZ,2026-08-17
000936.SZ,2026-08-18
000938.SZ,2026-06-29
000938.SZ,2026-07-22
000938.SZ,2026-07-23
000948.SZ,2026-07-07
000948.SZ,2026-07-29
000948.SZ,2026-07-30
000949.SZ,2026-01-05
000949.SZ,2026-04-21
000949.SZ,2026-04-22
000950.SZ,2026-04-01
000950.SZ,2026-08-17
000950.SZ,2026-08-18
000951.SZ,2026-07-01
000951.SZ,2026-08-28
000951.SZ,2026-08-31
000952.SZ,2026-04-28
000952.SZ,2026-04-29
000955.SZ,2026-07-01
000955.SZ,2026-07-03
000955.SZ,2026-07-06
000959.SZ,2026-06-26
000959.SZ,2026-07-16
000959.SZ,2026-07-17
000960.SZ,2026-01-05
000960.SZ,2026-06-23
000960.SZ,2026-06-24
000962.SZ,2026-01-27
000962.SZ,2026-08-28
000962.SZ,2026-08-31
000965.SZ,2026-03-25
000966.SZ,2026-05-22
000966.SZ,2026-05-26
000966.SZ,2026-05-27
000967.SZ,2026-04-13
000967.SZ,2026-08-04
000967.SZ,2026-08-05
000968.SZ,2026-01-21
000968.SZ,2026-07-15
000968.SZ,2026-07-16
000969.SZ,2026-01-08
000969.SZ,2026-06-15
000969.SZ,2026-06-16
000970.SZ,2026-06-05
000970.SZ,2026-07-01
000970.SZ,2026-07-02
000972.SZ,2026-02-26
000972.SZ,2026-08-14
000972.SZ,2026-08-17
000973.SZ,2026-03-06
000973.SZ,2026-08-11
000973.SZ,2026-08-12
000975.SZ,2026-07-02
000975.SZ,2026-07-23
000975.SZ,2026-07-24
000977.SZ,2026-07-07
000978.SZ,2026-03-24
000978.SZ,2026-04-09
000978.SZ,2026-04-10
000980.SZ,2026-04-20
000980.SZ,2026-06-16
000980.SZ,2026-06-17
000981.SZ,2026-01-05
000981.SZ,2026-08-06
000981.SZ,2026-08-07
000983.SZ,2026-02-03
000983.SZ,2026-02-05
000983.SZ,2026-02-06
000987.SZ,2026-01-08
000987.SZ,2026-06-23
000987.SZ,2026-06-24
000988.SZ,2026-02-13
000988.SZ,2026-06-30
000988.SZ,2026-07-01
000989.SZ,2026-07-10
000989.SZ,2026-07-14
000989.SZ,2026-07-15
000990.SZ,2026-01-22
000990.SZ,2026-04-23
000990.SZ,2026-04-24
000993.SZ,2026-02-26
000993.SZ,2026-05-14
000993.SZ,2026-05-15
000995.SZ,2026-01-28
000995.SZ,2026-05-26
000995.SZ,2026-05-27
000997.SZ,2026-05-21
000997.SZ,2026-08-27
000997.SZ,2026-08-28
000998.SZ,2026-08-17
000998.SZ,2026-08-19
000998.SZ,2026-08-20
001202.SZ,2026-01-09
001202.SZ,2026-01-23
001202.SZ,2026-01-26
001203.SZ,2026-01-20
001203.SZ,2026-04-30
001203.SZ,2026-05-06
001206.SZ,2026-06-11
001206.SZ,2026-07-08
001206.SZ,2026-07-09
001207.SZ,2026-01-15
001207.SZ,2026-08-18
001207.SZ,2026-08-19
001208.SZ,2026-01-07
001208.SZ,2026-08-04
001208.SZ,2026-08-05
001209.SZ,2026-02-24
001209.SZ,2026-03-02
001209.SZ,2026-03-03
001210.SZ,2026-08-21
001210.SZ,2026-08-24
001211.SZ,2026-04-09
001211.SZ,2026-07-21
001211.SZ,2026-07-22
001212.SZ,2026-01-14
001212.SZ,2026-06-04
001212.SZ,2026-06-05
001215.SZ,2026-01-07
001215.SZ,2026-06-29
001215.SZ,2026-06-30
001216.SZ,2026-02-26
001216.SZ,2026-06-22
001216.SZ,2026-06-23
001217.SZ,2026-02-06
001217.SZ,2026-02-12
001217.SZ,2026-02-13
001218.SZ,2026-04-29
001218.SZ,2026-05-06
001218.SZ,2026-05-07
001221.SZ,2026-05-08
001222.SZ,2026-08-07
001222.SZ,2026-08-11
001222.SZ,2026-08-12
001223.SZ,2026-01-05
001223.SZ,2026-08-10
001223.SZ,2026-08-11
001225.SZ,2026-08-06
001225.SZ,2026-08-07
001226.SZ,2026-07-13
001226.SZ,2026-07-15
001226.SZ,2026-07-16
001228.SZ,2026-01-13
001228.SZ,2026-01-15
001228.SZ,2026-01-16
001229.SZ,2026-04-17
001229.SZ,2026-08-19
001229.SZ,2026-08-20
001230.SZ,2026-04-15
001230.SZ,2026-07-17
001230.SZ,2026-07-20
001231.SZ,2026-01-07
001231.SZ,2026-01-08
001232.SZ,2026-08-26
001232.SZ,2026-08-28
001232.SZ,2026-08-31
001233.SZ,2026-01-15
001233.SZ,2026-06-15
001233.SZ,2026-06-16
001234.SZ,2026-04-21
001234.SZ,2026-04-27
001234.SZ,2026-04-28
001237.SZ,2026-06-26
001237.SZ,2026-07-01
001237.SZ,2026-07-02
001238.SZ,2026-06-05
001238.SZ,2026-06-09
001238.SZ,2026-06-10
001239.SZ,2026-03-30
001239.SZ,2026-04-01
001239.SZ,2026-04-02
001248.SZ,2026-07-24
001248.SZ,2026-07-28
001248.SZ,2026-07-29
001255.SZ,2026-01-05
001255.SZ,2026-01-19
001255.SZ,2026-01-20
001256.SZ,2026-06-04
001256.SZ,2026-07-02
001256.SZ,2026-07-03
001257.SZ,2026-05-25
001257.SZ,2026-06-17
001257.SZ,2026-06-18
001258.SZ,2026-03-06
001258.SZ,2026-08-27
001258.SZ,2026-08-28
001259.SZ,2026-05-08
001259.SZ,2026-06-04
001259.SZ,2026-06-05
001260.SZ,2026-01-12
001260.SZ,2026-08-17
001260.SZ,2026-08-18
001266.SZ,2026-02-06
001266.SZ,2026-08-05
001266.SZ,2026-08-06
001267.SZ,2026-01-26
001267.SZ,2026-08-10
001267.SZ,2026-08-11
001268.SZ,2026-04-15
001268.SZ,2026-08-27
001268.SZ,2026-08-28
001269.SZ,2026-03-02
001269.SZ,2026-07-02
001269.SZ,2026-07-03
001270.SZ,2026-07-06
001270.SZ,2026-07-07
001277.SZ,2026-01-23
001277.SZ,2026-08-21
001277.SZ,2026-08-24
001278.SZ,2026-01-16
001278.SZ,2026-06-04
001278.SZ,2026-06-05
001279.SZ,2026-06-22
001279.SZ,2026-06-24
001279.SZ,2026-06-25
001282.SZ,2026-03-03
001282.SZ,2026-06-18
001282.SZ,2026-06-22
001283.SZ,2026-03-19
001283.SZ,2026-07-15
001283.SZ,2026-07-16
001287.SZ,2026-03-17
001287.SZ,2026-07-07
001287.SZ,2026-07-08
001288.SZ,2026-01-21
001288.SZ,2026-08-31
001289.SZ,2026-06-25
001289.SZ,2026-06-29
001289.SZ,2026-06-30
001296.SZ,2026-06-17
001296.SZ,2026-08-10
001296.SZ,2026-08-11
001298.SZ,2026-04-27
001298.SZ,2026-04-29
001298.SZ,2026-04-30
001299.SZ,2026-03-02
001299.SZ,2026-06-15
001299.SZ,2026-06-16
001300.SZ,2026-08-07
001300.SZ,2026-08-11
001300.SZ,2026-08-12
001301.SZ,2026-06-26
001301.SZ,2026-08-20
001301.SZ,2026-08-21
001306.SZ,2026-07-02
001306.SZ,2026-07-06
001306.SZ,2026-07-07
001309.SZ,2026-03-03
001309.SZ,2026-08-28
001309.SZ,2026-08-31
001311.SZ,2026-01-26
001311.SZ,2026-07-08
001311.SZ,2026-07-09
001313.SZ,2026-03-26
001313.SZ,2026-08-13
001313.SZ,2026-08-14
001314.SZ,2026-04-22
001314.SZ,2026-07-01
001314.SZ,2026-07-02
001316.SZ,2026-01-21
001316.SZ,2026-06-11
001316.SZ,2026-06-12
001317.SZ,2026-06-05
001317.SZ,2026-07-28
001317.SZ,2026-07-29
001318.SZ,2026-07-28
001318.SZ,2026-08-18
001318.SZ,2026-08-19
001319.SZ,2026-07-01
001319.SZ,2026-07-03
001319.SZ,2026-07-06
001323.SZ,2026-07-28
001323.SZ,2026-07-30
001323.SZ,2026-07-31
001326.SZ,2026-01-30
001326.SZ,2026-08-05
001326.SZ,2026-08-06
001328.SZ,2026-07-24
001328.SZ,2026-07-28
001328.SZ,2026-07-29
001330.SZ,2026-01-12
001331.SZ,2026-08-05
001331.SZ,2026-08-06
001332.SZ,2026-01-05
001332.SZ,2026-06-11
001332.SZ,2026-06-12
001333.SZ,2026-08-21
001333.SZ,2026-08-24
001336.SZ,2026-04-28
001336.SZ,2026-04-30
001336.SZ,2026-05-06
001337.SZ,2026-01-14
001337.SZ,2026-08-06
001337.SZ,2026-08-07
001338.SZ,2026-08-18
001338.SZ,2026-08-20
001338.SZ,2026-08-21
001339.SZ,2026-02-25
001339.SZ,2026-08-05
001339.SZ,2026-08-06
001356.SZ,2026-08-14
001356.SZ,2026-08-18
001356.SZ,2026-08-19
001358.SZ,2026-04-27
001358.SZ,2026-08-18
001358.SZ,2026-08-19
001359.SZ,2026-02-10
001359.SZ,2026-08-06
001359.SZ,2026-08-07
001360.SZ,2026-01-13
001360.SZ,2026-08-21
001360.SZ,2026-08-24
001365.SZ,2026-06-17
001365.SZ,2026-07-17
001365.SZ,2026-07-20
001366.SZ,2026-03-12
001366.SZ,2026-08-19
001366.SZ,2026-08-20
001367.SZ,2026-03-25
001367.SZ,2026-03-27
001367.SZ,2026-03-30
001368.SZ,2026-01-30
001368.SZ,2026-02-03
001368.SZ,2026-02-04
001369.SZ,2026-03-10
001369.SZ,2026-07-20
001369.SZ,2026-07-21
001373.SZ,2026-01-08
001373.SZ,2026-01-23
001373.SZ,2026-01-26
001376.SZ,2026-01-14
001376.SZ,2026-08-31
001378.SZ,2026-06-11
001378.SZ,2026-08-07
001378.SZ,2026-08-10
001379.SZ,2026-01-21
001379.SZ,2026-01-23
001379.SZ,2026-01-26
001382.SZ,2026-07-22
001382.SZ,2026-07-24
001382.SZ,2026-07-27
001386.SZ,2026-01-28
001386.SZ,2026-01-30
001386.SZ,2026-02-02
001387.SZ,2026-06-15
001387.SZ,2026-06-17
001387.SZ,2026-06-18
001388.SZ,2026-07-10
001388.SZ,2026-08-11
001388.SZ,2026-08-12
001389.SZ,2026-01-20
001389.SZ,2026-07-22
001389.SZ,2026-07-23
001395.SZ,2026-07-08
001395.SZ,2026-07-14
001395.SZ,2026-07-15
001396.SZ,2026-02-13
001396.SZ,2026-04-30
001396.SZ,2026-05-06
001399.SZ,2026-07-20
001399.SZ,2026-07-22
001399.SZ,2026-07-23
001400.SZ,2026-01-05
001400.SZ,2026-08-20
001400.SZ,2026-08-21
001696.SZ,2026-03-05
001696.SZ,2026-08-13
001696.SZ,2026-08-14
001896.SZ,2026-01-09
001896.SZ,2026-07-16
001896.SZ,2026-07-17
002004.SZ,2026-01-13
002004.SZ,2026-01-15
002004.SZ,2026-01-16
002005.SZ,2026-01-07
002005.SZ,2026-08-13
002005.SZ,2026-08-14
002008.SZ,2026-02-25
002009.SZ,2026-01-23
002009.SZ,2026-07-01
002009.SZ,2026-07-02
002012.SZ,2026-02-02
002012.SZ,2026-08-04
002012.SZ,2026-08-05
002014.SZ,2026-06-22
002014.SZ,2026-06-24
002014.SZ,2026-06-25
002015.SZ,2026-02-05
002015.SZ,2026-08-25
002015.SZ,2026-08-26
002017.SZ,2026-01-08
002017.SZ,2026-08-25
002017.SZ,2026-08-26
002020.SZ,2026-07-01
002020.SZ,2026-07-03
002020.SZ,2026-07-06
002021.SZ,2026-01-16
002021.SZ,2026-06-24
002021.SZ,2026-06-25
002022.SZ,2026-01-23
002022.SZ,2026-01-27
002022.SZ,2026-01-28
002023.SZ,2026-01-07
002023.SZ,2026-06-04
002023.SZ,2026-06-05
002024.SZ,2026-03-26
002024.SZ,2026-06-04
002024.SZ,2026-06-05
002025.SZ,2026-01-05
002025.SZ,2026-08-19
002025.SZ,2026-08-20
002028.SZ,2026-01-15
002028.SZ,2026-08-18
002028.SZ,2026-08-19
002029.SZ,2026-01-08
002029.SZ,2026-07-28
002029.SZ,2026-07-29
002030.SZ,2026-01-23
002030.SZ,2026-08-21
002030.SZ,2026-08-24
002031.SZ,2026-05-06
002031.SZ,2026-08-13
002031.SZ,2026-08-14
002033.SZ,2026-04-14
002033.SZ,2026-04-17
002033.SZ,2026-04-20
002034.SZ,2026-05-12
002034.SZ,2026-05-14
002034.SZ,2026-05-15
002036.SZ,2026-01-05
002036.SZ,2026-08-06
002036.SZ,2026-08-07
002037.SZ,2026-04-03
002037.SZ,2026-08-10
002037.SZ,2026-08-11
002038.SZ,2026-03-24
002038.SZ,2026-08-24
002038.SZ,2026-08-25
002039.SZ,2026-04-08
002039.SZ,2026-04-10
002039.SZ,2026-04-13
002040.SZ,2026-02-27
002040.SZ,2026-08-20
002040.SZ,2026-08-21
002041.SZ,2026-01-29
002041.SZ,2026-08-26
002041.SZ,2026-08-27
002042.SZ,2026-03-26
002042.SZ,2026-07-07
002042.SZ,2026-07-08
002044.SZ,2026-01-08
002044.SZ,2026-08-11
002044.SZ,2026-08-12
002045.SZ,2026-07-15
002045.SZ,2026-08-24
002045.SZ,2026-08-25
002046.SZ,2026-01-08
002046.SZ,2026-06-25
002046.SZ,2026-06-26
002047.SZ,2026-01-15
002047.SZ,2026-08-27
002047.SZ,2026-08-28
002048.SZ,2026-01-15
002048.SZ,2026-06-10
002048.SZ,2026-06-11
002049.SZ,2026-01-16
002049.SZ,2026-01-19
002051.SZ,2026-04-01
002051.SZ,2026-07-28
002051.SZ,2026-07-29
002052.SZ,2026-04-30
002052.SZ,2026-08-25
002052.SZ,2026-08-26
002053.SZ,2026-06-29
002053.SZ,2026-07-02
002053.SZ,2026-07-03
002054.SZ,2026-01-13
002054.SZ,2026-02-10
002054.SZ,2026-02-11
002055.SZ,2026-01-13
002055.SZ,2026-07-01
002055.SZ,2026-07-02
002056.SZ,2026-03-12
002056.SZ,2026-06-26
002056.SZ,2026-06-29
002057.SZ,2026-06-08
002057.SZ,2026-06-23
002057.SZ,2026-06-24
002058.SZ,2026-01-22
002058.SZ,2026-08-04
002058.SZ,2026-08-05
002062.SZ,2026-04-15
002062.SZ,2026-07-16
002062.SZ,2026-07-17
002063.SZ,2026-03-05
002063.SZ,2026-03-09
002063.SZ,2026-03-10
002066.SZ,2026-05-08
002066.SZ,2026-08-14
002066.SZ,2026-08-17
002067.SZ,2026-05-18
002067.SZ,2026-07-10
002067.SZ,2026-07-13
002068.SZ,2026-03-06
002068.SZ,2026-07-22
002068.SZ,2026-07-23
002072.SZ,2026-08-28
002072.SZ,2026-08-31
002074.SZ,2026-04-09
002074.SZ,2026-04-13
002074.SZ,2026-04-14
002075.SZ,2026-07-31
002075.SZ,2026-08-04
002075.SZ,2026-08-05
002076.SZ,2026-01-16
002076.SZ,2026-05-25
002076.SZ,2026-05-26
002077.SZ,2026-01-20
002077.SZ,2026-01-22
002077.SZ,2026-01-23
002079.SZ,2026-02-06
002079.SZ,2026-04-30
002079.SZ,2026-05-06
002080.SZ,2026-01-27
002080.SZ,2026-08-06
002080.SZ,2026-08-07
002081.SZ,2026-04-16
002082.SZ,2026-01-09
002082.SZ,2026-07-29
002082.SZ,2026-07-30
002083.SZ,2026-07-30
002083.SZ,2026-07-31
002084.SZ,2026-03-12
002085.SZ,2026-06-11
002085.SZ,2026-06-15
002085.SZ,2026-06-16
002086.SZ,2026-03-13
002086.SZ,2026-03-17
002086.SZ,2026-03-18
002088.SZ,2026-01-09
002088.SZ,2026-07-24
002088.SZ,2026-07-27
002090.SZ,2026-07-02
002090.SZ,2026-07-06
002090.SZ,2026-07-07
002091.SZ,2026-05-07
002091.SZ,2026-05-11
002091.SZ,2026-05-12
002092.SZ,2026-01-05
002092.SZ,2026-04-08
002092.SZ,2026-04-09
002094.SZ,2026-08-24
002094.SZ,2026-08-27
002094.SZ,2026-08-28
002095.SZ,2026-02-25
002095.SZ,2026-02-27
002095.SZ,2026-03-02
002098.SZ,2026-08-28
002099.SZ,2026-02-05
002099.SZ,2026-06-02
002099.SZ,2026-06-03
002102.SZ,2026-05-08
002102.SZ,2026-07-03
002102.SZ,2026-07-06
002103.SZ,2026-01-09
002103.SZ,2026-01-13
002103.SZ,2026-01-14
002104.SZ,2026-08-05
002104.SZ,2026-08-07
002104.SZ,2026-08-10
002106.SZ,2026-06-12
002106.SZ,2026-07-01
002106.SZ,2026-07-02
002107.SZ,2026-04-08
002107.SZ,2026-08-31
002108.SZ,2026-04-16
002108.SZ,2026-05-12
002108.SZ,2026-05-13
002109.SZ,2026-02-27
002109.SZ,2026-07-06
002109.SZ,2026-07-07
002111.SZ,2026-04-28
002111.SZ,2026-04-30
002111.SZ,2026-05-06
002112.SZ,2026-01-06
002112.SZ,2026-08-11
002112.SZ,2026-08-12
002114.SZ,2026-01-14
002114.SZ,2026-06-23
002114.SZ,2026-06-24
002115.SZ,2026-01-08
002115.SZ,2026-08-03
002115.SZ,2026-08-04
002119.SZ,2026-01-14
002119.SZ,2026-08-06
002119.SZ,2026-08-07
002120.SZ,2026-04-24
002120.SZ,2026-04-28
002120.SZ,2026-04-29
002121.SZ,2026-05-15
002121.SZ,2026-07-13
002121.SZ,2026-07-14
002122.SZ,2026-03-26
002122.SZ,2026-07-06
002122.SZ,2026-07-07
002123.SZ,2026-05-18
002123.SZ,2026-07-02
002123.SZ,2026-07-03
002124.SZ,2026-04-10
002124.SZ,2026-08-19
002124.SZ,2026-08-20
002125.SZ,2026-06-02
002125.SZ,2026-06-11
002125.SZ,2026-06-12
002126.SZ,2026-02-02
002126.SZ,2026-05-21
002126.SZ,2026-05-22
002127.SZ,2026-04-23
002127.SZ,2026-07-17
002127.SZ,2026-07-20
002128.SZ,2026-07-13
002128.SZ,2026-07-15
002128.SZ,2026-07-16
002129.SZ,2026-02-03
002129.SZ,2026-07-08
002129.SZ,2026-07-09
002130.SZ,2026-01-14
002130.SZ,2026-01-16
002130.SZ,2026-01-19
002131.SZ,2026-08-04
002131.SZ,2026-08-05
002132.SZ,2026-04-03
002132.SZ,2026-06-04
002132.SZ,2026-06-05
002133.SZ,2026-08-28
002134.SZ,2026-04-24
002134.SZ,2026-08-28
002134.SZ,2026-08-31
002135.SZ,2026-01-12
002135.SZ,2026-05-20
002135.SZ,2026-05-21
002136.SZ,2026-02-13
002136.SZ,2026-06-16
002136.SZ,2026-06-17
002137.SZ,2026-01-29
002137.SZ,2026-07-08
002137.SZ,2026-07-09
002138.SZ,2026-06-04
002138.SZ,2026-07-22
002138.SZ,2026-07-23
002141.SZ,2026-01-21
002144.SZ,2026-07-09
002144.SZ,2026-07-13
002144.SZ,2026-07-14
002146.SZ,2026-01-06
002146.SZ,2026-08-13
002146.SZ,2026-08-14
002148.SZ,2026-07-02
002148.SZ,2026-07-06
002148.SZ,2026-07-07
002149.SZ,2026-01-21
002149.SZ,2026-05-07
002149.SZ,2026-05-08
002150.SZ,2026-01-22
002150.SZ,2026-05-20
002150.SZ,2026-05-21
002151.SZ,2026-01-13
002151.SZ,2026-01-14
002152.SZ,2026-07-07
002152.SZ,2026-07-09
002152.SZ,2026-07-10
002153.SZ,2026-01-13
002153.SZ,2026-08-11
002153.SZ,2026-08-12
002154.SZ,2026-04-24
002154.SZ,2026-04-28
002154.SZ,2026-04-29
002155.SZ,2026-01-09
002155.SZ,2026-08-28
002155.SZ,2026-08-31
002156.SZ,2026-01-15
002156.SZ,2026-08-18
002156.SZ,2026-08-19
002157.SZ,2026-04-13
002157.SZ,2026-04-15
002157.SZ,2026-04-16
002158.SZ,2026-04-29
002158.SZ,2026-07-28
002158.SZ,2026-07-29
002159.SZ,2026-02-09
002159.SZ,2026-06-22
002159.SZ,2026-06-23
002160.SZ,2026-01-05
002160.SZ,2026-06-17
002160.SZ,2026-06-18
002161.SZ,2026-06-16
002161.SZ,2026-07-02
002161.SZ,2026-07-03
002162.SZ,2026-01-08
002162.SZ,2026-07-15
002162.SZ,2026-07-16
002163.SZ,2026-01-16
002163.SZ,2026-01-20
002163.SZ,2026-01-21
002164.SZ,2026-06-05
002164.SZ,2026-08-13
002164.SZ,2026-08-14
002165.SZ,2026-01-19
002165.SZ,2026-08-31
002167.SZ,2026-02-26
002167.SZ,2026-07-22
002167.SZ,2026-07-23
002168.SZ,2026-01-16
002168.SZ,2026-07-06
002168.SZ,2026-07-07
002169.SZ,2026-01-27
002171.SZ,2026-01-09
002171.SZ,2026-01-13
002171.SZ,2026-01-14
002172.SZ,2026-01-12
002172.SZ,2026-08-25
002172.SZ,2026-08-26
002173.SZ,2026-08-05
002173.SZ,2026-08-06
002174.SZ,2026-04-28
002174.SZ,2026-08-14
002174.SZ,2026-08-17
002175.SZ,2026-03-10
002175.SZ,2026-07-07
002175.SZ,2026-07-08
002176.SZ,2026-02-24
002176.SZ,2026-08-04
002176.SZ,2026-08-05
002177.SZ,2026-01-05
002177.SZ,2026-04-13
002177.SZ,2026-04-14
002178.SZ,2026-03-03
002178.SZ,2026-08-13
002178.SZ,2026-08-14
002179.SZ,2026-05-08
002179.SZ,2026-05-12
002179.SZ,2026-05-13
002180.SZ,2026-06-25
002180.SZ,2026-08-07
002180.SZ,2026-08-10
002181.SZ,2026-01-08
002181.SZ,2026-06-02
002181.SZ,2026-06-03
002182.SZ,2026-02-26
002182.SZ,2026-08-06
002182.SZ,2026-08-07
002183.SZ,2026-01-21
002183.SZ,2026-06-08
002183.SZ,2026-06-09
002184.SZ,2026-06-30
002184.SZ,2026-07-02
002184.SZ,2026-07-03
002185.SZ,2026-01-20
002185.SZ,2026-07-10
002185.SZ,2026-07-13
002187.SZ,2026-01-08
002187.SZ,2026-01-20
002187.SZ,2026-01-21
002188.SZ,2026-04-07
002188.SZ,2026-04-09
002188.SZ,2026-04-10
002189.SZ,2026-07-23
002189.SZ,2026-07-27
002189.SZ,2026-07-28
002190.SZ,2026-05-11
002190.SZ,2026-08-28
002190.SZ,2026-08-31
002192.SZ,2026-03-23
002192.SZ,2026-08-24
002192.SZ,2026-08-25
002193.SZ,2026-04-03
002193.SZ,2026-08-11
002193.SZ,2026-08-12
002194.SZ,2026-01-13
002194.SZ,2026-08-12
002194.SZ,2026-08-13
002195.SZ,2026-07-29
002195.SZ,2026-07-30
002196.SZ,2026-01-15
002196.SZ,2026-06-24
002196.SZ,2026-06-25
002197.SZ,2026-01-05
002197.SZ,2026-08-03
002197.SZ,2026-08-04
002198.SZ,2026-05-29
002198.SZ,2026-07-06
002198.SZ,2026-07-07
002199.SZ,2026-01-06
002199.SZ,2026-08-05
002199.SZ,2026-08-06
002200.SZ,2026-06-11
002200.SZ,2026-07-02
002200.SZ,2026-07-03
002201.SZ,2026-01-07
002201.SZ,2026-06-18
002201.SZ,2026-06-22
002202.SZ,2026-01-05
002202.SZ,2026-07-13
002202.SZ,2026-07-14
002203.SZ,2026-01-08
002203.SZ,2026-07-22
002203.SZ,2026-07-23
002207.SZ,2026-01-12
002207.SZ,2026-07-24
002207.SZ,2026-07-27
002208.SZ,2026-01-15
002208.SZ,2026-07-27
002208.SZ,2026-07-28
002209.SZ,2026-04-15
002209.SZ,2026-08-24
002209.SZ,2026-08-25
002210.SZ,2026-04-24
002210.SZ,2026-05-29
002210.SZ,2026-06-01
002211.SZ,2026-02-24
002211.SZ,2026-07-29
002211.SZ,2026-07-30
002212.SZ,2026-07-27
002212.SZ,2026-08-31
002213.SZ,2026-04-07
002213.SZ,2026-08-06
002213.SZ,2026-08-07
002214.SZ,2026-01-16
002214.SZ,2026-08-07
002214.SZ,2026-08-10
002215.SZ,2026-06-11
002215.SZ,2026-06-15
002215.SZ,2026-06-16
002216.SZ,2026-02-26
002216.SZ,2026-03-02
002216.SZ,2026-03-03
002217.SZ,2026-04-07
002217.SZ,2026-07-06
002217.SZ,2026-07-07
002218.SZ,2026-01-13
002218.SZ,2026-07-24
002218.SZ,2026-07-27
002219.SZ,2026-01-12
002219.SZ,2026-08-14
002219.SZ,2026-08-17
002222.SZ,2026-03-23
002222.SZ,2026-08-06
002222.SZ,2026-08-07
002225.SZ,2026-06-08
002225.SZ,2026-06-10
002225.SZ,2026-06-11
002226.SZ,2026-05-18
002226.SZ,2026-05-20
002226.SZ,2026-05-21
002227.SZ,2026-03-05
002227.SZ,2026-06-17
002227.SZ,2026-06-18
002229.SZ,2026-03-06
002229.SZ,2026-08-31
002231.SZ,2026-01-05
002231.SZ,2026-01-06
002231.SZ,2026-01-07
002231.SZ,2026-01-08
002232.SZ,2026-06-30
002232.SZ,2026-07-02
002232.SZ,2026-07-03
002235.SZ,2026-01-13
002235.SZ,2026-08-12
002235.SZ,2026-08-13
002237.SZ,2026-01-23
002237.SZ,2026-06-30
002237.SZ,2026-07-01
002238.SZ,2026-02-02
002238.SZ,2026-02-04
002238.SZ,2026-02-05
002240.SZ,2026-01-20
002240.SZ,2026-07-24
002240.SZ,2026-07-27
002242.SZ,2026-04-17
002242.SZ,2026-07-28
002242.SZ,2026-07-29
002243.SZ,2026-05-27
002243.SZ,2026-07-15
002243.SZ,2026-07-16
002244.SZ,2026-08-11
002244.SZ,2026-08-13
002244.SZ,2026-08-14
002245.SZ,2026-04-30
002245.SZ,2026-07-22
002245.SZ,2026-07-23
002246.SZ,2026-05-18
002246.SZ,2026-08-12
002246.SZ,2026-08-13
002248.SZ,2026-01-07
002248.SZ,2026-08-13
002248.SZ,2026-08-14
002249.SZ,2026-07-02
002249.SZ,2026-07-06
002249.SZ,2026-07-07
002250.SZ,2026-01-07
002250.SZ,2026-07-15
002250.SZ,2026-07-16
002251.SZ,2026-05-25
002251.SZ,2026-06-08
002251.SZ,2026-06-09
002253.SZ,2026-03-13
002253.SZ,2026-06-29
002253.SZ,2026-06-30
002254.SZ,2026-06-26
002254.SZ,2026-06-29
002255.SZ,2026-06-26
002255.SZ,2026-06-30
002255.SZ,2026-07-01
002256.SZ,2026-03-16
002256.SZ,2026-08-12
002256.SZ,2026-08-13
002258.SZ,2026-01-16
002258.SZ,2026-08-18
002258.SZ,2026-08-19
002259.SZ,2026-08-26
002259.SZ,2026-08-27
002261.SZ,2026-02-26
002261.SZ,2026-06-11
002261.SZ,2026-06-12
002263.SZ,2026-03-25
002263.SZ,2026-06-16
002263.SZ,2026-06-17
002264.SZ,2026-01-13
002264.SZ,2026-02-06
002264.SZ,2026-02-09
002265.SZ,2026-03-23
002265.SZ,2026-07-27
002265.SZ,2026-07-28
002266.SZ,2026-01-21
002266.SZ,2026-01-23
002266.SZ,2026-01-26
002267.SZ,2026-03-02
002267.SZ,2026-03-04
002267.SZ,2026-03-05
002268.SZ,2026-06-30
002268.SZ,2026-07-02
002268.SZ,2026-07-03
002269.SZ,2026-03-31
002269.SZ,2026-04-02
002269.SZ,2026-04-03
002270.SZ,2026-01-16
002270.SZ,2026-07-28
002270.SZ,2026-07-29
002272.SZ,2026-02-06
002272.SZ,2026-05-25
002272.SZ,2026-05-26
002273.SZ,2026-04-07
002273.SZ,2026-07-22
002273.SZ,2026-07-23
002274.SZ,2026-04-03
002274.SZ,2026-07-10
002274.SZ,2026-07-13
002277.SZ,2026-01-06
002277.SZ,2026-08-25
002277.SZ,2026-08-26
002278.SZ,2026-01-08
002278.SZ,2026-03-17
002278.SZ,2026-03-18
002279.SZ,2026-01-07
002279.SZ,2026-08-31
002281.SZ,2026-01-13
002281.SZ,2026-08-10
002281.SZ,2026-08-11
002283.SZ,2026-01-21
002283.SZ,2026-07-06
002283.SZ,2026-07-07
002284.SZ,2026-08-17
002284.SZ,2026-08-19
002284.SZ,2026-08-20
002285.SZ,2026-03-16
002285.SZ,2026-03-18
002285.SZ,2026-03-19
002286.SZ,2026-01-05
002286.SZ,2026-07-30
002286.SZ,2026-07-31
002289.SZ,2026-01-05
002289.SZ,2026-08-18
002289.SZ,2026-08-19
002290.SZ,2026-01-13
002290.SZ,2026-07-01
002290.SZ,2026-07-02
002291.SZ,2026-01-19
002291.SZ,2026-08-05
002291.SZ,2026-08-06
002292.SZ,2026-02-09
002292.SZ,2026-07-28
002292.SZ,2026-07-29
002294.SZ,2026-03-09
002294.SZ,2026-07-06
002294.SZ,2026-07-07
002295.SZ,2026-08-25
002295.SZ,2026-08-27
002295.SZ,2026-08-28
002296.SZ,2026-01-08
002296.SZ,2026-02-10
002296.SZ,2026-02-11
002297.SZ,2026-01-21
002297.SZ,2026-06-23
002297.SZ,2026-06-24
002298.SZ,2026-03-09
002298.SZ,2026-08-11
002298.SZ,2026-08-12
002300.SZ,2026-02-03
002300.SZ,2026-08-11
002300.SZ,2026-08-12
002301.SZ,2026-04-22
002301.SZ,2026-06-16
002301.SZ,2026-06-17
002302.SZ,2026-02-09
002302.SZ,2026-08-07
002302.SZ,2026-08-10
002303.SZ,2026-06-15
002304.SZ,2026-01-28
002304.SZ,2026-01-30
002304.SZ,2026-02-02
002305.SZ,2026-01-19
002305.SZ,2026-07-06
002305.SZ,2026-07-07
002306.SZ,2026-01-21
002306.SZ,2026-06-15
002306.SZ,2026-06-16
002309.SZ,2026-02-06
002309.SZ,2026-07-29
002309.SZ,2026-07-30
002310.SZ,2026-01-13
002310.SZ,2026-07-29
002310.SZ,2026-07-30
002312.SZ,2026-02-13
002312.SZ,2026-06-23
002312.SZ,2026-06-24
002313.SZ,2026-04-23
002313.SZ,2026-08-21
002313.SZ,2026-08-24
002314.SZ,2026-04-13
002314.SZ,2026-06-03
002314.SZ,2026-06-04
002316.SZ,2026-01-07
002316.SZ,2026-03-25
002316.SZ,2026-03-26
002317.SZ,2026-07-13
002317.SZ,2026-07-14
002319.SZ,2026-01-16
002319.SZ,2026-07-22
002319.SZ,2026-07-23
002321.SZ,2026-04-10
002321.SZ,2026-04-14
002321.SZ,2026-04-15
002322.SZ,2026-08-12
002322.SZ,2026-08-17
002322.SZ,2026-08-18
002323.SZ,2026-01-22
002323.SZ,2026-06-30
002323.SZ,2026-07-01
002324.SZ,2026-04-21
002324.SZ,2026-04-22
002326.SZ,2026-06-30
002326.SZ,2026-07-02
002326.SZ,2026-07-03
002328.SZ,2026-03-26
002329.SZ,2026-06-30
002329.SZ,2026-08-14
002329.SZ,2026-08-17
002331.SZ,2026-01-15
002331.SZ,2026-04-27
002331.SZ,2026-04-28
002333.SZ,2026-04-15
002333.SZ,2026-08-20
002333.SZ,2026-08-21
002334.SZ,2026-02-03
002334.SZ,2026-05-12
002334.SZ,2026-05-13
002335.SZ,2026-03-09
002335.SZ,2026-06-16
002335.SZ,2026-06-17
002338.SZ,2026-04-20
002338.SZ,2026-07-29
002338.SZ,2026-07-30
002339.SZ,2026-01-15
002339.SZ,2026-07-24
002339.SZ,2026-07-27
002340.SZ,2026-02-10
002340.SZ,2026-02-12
002340.SZ,2026-02-13
002342.SZ,2026-01-07
002342.SZ,2026-07-13
002342.SZ,2026-07-14
002345.SZ,2026-02-05
002345.SZ,2026-08-11
002345.SZ,2026-08-12
002346.SZ,2026-05-11
002346.SZ,2026-08-06
002346.SZ,2026-08-07
002348.SZ,2026-02-24
002348.SZ,2026-08-06
002348.SZ,2026-08-07
002349.SZ,2026-08-27
002349.SZ,2026-08-31
002350.SZ,2026-02-25
002350.SZ,2026-07-17
002350.SZ,2026-07-20
002353.SZ,2026-01-13
002353.SZ,2026-08-18
002353.SZ,2026-08-19
002354.SZ,2026-04-28
002354.SZ,2026-08-31
002355.SZ,2026-01-05
002355.SZ,2026-08-06
002355.SZ,2026-08-07
002356.SZ,2026-02-26
002356.SZ,2026-06-02
002356.SZ,2026-06-03
002357.SZ,2026-02-04
002357.SZ,2026-08-13
002357.SZ,2026-08-14
002358.SZ,2026-01-15
002358.SZ,2026-07-24
002358.SZ,2026-07-27
002360.SZ,2026-04-21
002360.SZ,2026-07-06
002360.SZ,2026-07-07
002361.SZ,2026-01-07
002361.SZ,2026-08-05
002361.SZ,2026-08-06
002362.SZ,2026-06-05
002362.SZ,2026-06-10
002362.SZ,2026-06-11
002363.SZ,2026-04-09
002363.SZ,2026-04-13
002363.SZ,2026-04-14
002364.SZ,2026-02-02
002364.SZ,2026-08-05
002364.SZ,2026-08-06
002365.SZ,2026-07-14
002365.SZ,2026-08-21
002365.SZ,2026-08-24
002366.SZ,2026-01-07
002366.SZ,2026-08-27
002366.SZ,2026-08-28
002367.SZ,2026-06-18
002367.SZ,2026-06-23
002367.SZ,2026-06-24
002369.SZ,2026-08-05
002369.SZ,2026-08-07
002369.SZ,2026-08-10
002370.SZ,2026-03-27
002370.SZ,2026-08-11
002370.SZ,2026-08-12
002371.SZ,2026-07-20
002371.SZ,2026-07-22
002371.SZ,2026-07-23
002374.SZ,2026-05-14
002374.SZ,2026-07-27
002374.SZ,2026-07-28
002375.SZ,2026-05-12
002376.SZ,2026-08-05
002376.SZ,2026-08-07
002376.SZ,2026-08-10
002377.SZ,2026-07-02
002377.SZ,2026-07-06
002377.SZ,2026-07-07
002378.SZ,2026-01-23
002378.SZ,2026-06-12
002378.SZ,2026-06-15
002379.SZ,2026-07-10
002379.SZ,2026-08-13
002379.SZ,2026-08-14
002380.SZ,2026-02-27
002380.SZ,2026-04-09
002380.SZ,2026-04-10
002382.SZ,2026-03-12
002382.SZ,2026-07-16
002382.SZ,2026-07-17
002383.SZ,2026-01-05
002383.SZ,2026-01-07
002383.SZ,2026-01-08
002384.SZ,2026-03-09
002384.SZ,2026-08-05
002384.SZ,2026-08-06
002385.SZ,2026-08-17
002385.SZ,2026-08-19
002385.SZ,2026-08-20
002386.SZ,2026-03-26
002386.SZ,2026-06-23
002386.SZ,2026-06-24
002387.SZ,2026-06-04
002387.SZ,2026-07-29
002387.SZ,2026-07-30
002388.SZ,2026-01-05
002388.SZ,2026-08-11
002388.SZ,2026-08-12
002389.SZ,2026-02-27
002389.SZ,2026-03-05
002389.SZ,2026-03-06
002392.SZ,2026-06-17
002392.SZ,2026-07-03
002392.SZ,2026-07-06
002394.SZ,2026-01-09
002394.SZ,2026-03-02
002394.SZ,2026-03-03
002395.SZ,2026-05-14
002395.SZ,2026-06-05
002395.SZ,2026-06-08
002396.SZ,2026-05-08
002397.SZ,2026-01-20
002397.SZ,2026-05-29
002397.SZ,2026-06-01
002399.SZ,2026-08-07
002399.SZ,2026-08-21
002399.SZ,2026-08-24
002400.SZ,2026-01-08
002400.SZ,2026-04-09
002400.SZ,2026-04-10
002402.SZ,2026-06-29
002402.SZ,2026-07-13
002402.SZ,2026-07-14
002403.SZ,2026-06-30
002403.SZ,2026-07-07
002403.SZ,2026-07-08
002404.SZ,2026-05-29
002404.SZ,2026-06-18
002404.SZ,2026-06-22
002405.SZ,2026-01-22
002405.SZ,2026-01-26
002405.SZ,2026-01-27
002406.SZ,2026-04-23
002406.SZ,2026-04-27
002406.SZ,2026-04-28
002407.SZ,2026-04-23
002407.SZ,2026-08-07
002407.SZ,2026-08-10
002408.SZ,2026-03-31
002408.SZ,2026-04-08
002408.SZ,2026-04-09
002409.SZ,2026-05-12
002409.SZ,2026-07-28
002409.SZ,2026-07-29
002412.SZ,2026-02-05
002412.SZ,2026-08-26
002412.SZ,2026-08-27
002413.SZ,2026-03-03
002413.SZ,2026-03-04
002414.SZ,2026-07-13
002414.SZ,2026-07-14
002418.SZ,2026-03-24
002420.SZ,2026-01-21
002420.SZ,2026-06-24
002420.SZ,2026-06-25
002421.SZ,2026-04-07
002421.SZ,2026-08-13
002421.SZ,2026-08-14
002422.SZ,2026-06-26
002422.SZ,2026-06-30
002422.SZ,2026-07-01
002423.SZ,2026-06-30
002423.SZ,2026-07-02
002423.SZ,2026-07-03
002424.SZ,2026-01-14
002424.SZ,2026-06-24
002424.SZ,2026-06-25
002425.SZ,2026-01-05
002425.SZ,2026-08-07
002425.SZ,2026-08-10
002426.SZ,2026-01-16
002426.SZ,2026-06-16
002426.SZ,2026-06-17
002427.SZ,2026-01-13
002427.SZ,2026-08-31
002428.SZ,2026-01-08
002428.SZ,2026-08-10
002428.SZ,2026-08-11
002429.SZ,2026-01-13
002429.SZ,2026-04-24
002429.SZ,2026-04-27
002430.SZ,2026-06-09
002430.SZ,2026-06-11
002430.SZ,2026-06-12
002431.SZ,2026-01-08
002431.SZ,2026-07-03
002431.SZ,2026-07-06
002432.SZ,2026-02-27
002432.SZ,2026-08-03
002432.SZ,2026-08-04
002434.SZ,2026-07-02
002434.SZ,2026-07-06
002434.SZ,2026-07-07
002436.SZ,2026-04-10
002436.SZ,2026-08-18
002436.SZ,2026-08-19
002437.SZ,2026-01-20
002437.SZ,2026-08-31
002438.SZ,2026-02-06
002438.SZ,2026-08-04
002438.SZ,2026-08-05
002439.SZ,2026-04-10
002439.SZ,2026-04-14
002439.SZ,2026-04-15
002440.SZ,2026-01-20
002440.SZ,2026-07-30
002440.SZ,2026-07-31
002441.SZ,2026-02-03
002441.SZ,2026-02-05
002441.SZ,2026-02-06
002442.SZ,2026-04-03
002442.SZ,2026-07-02
002442.SZ,2026-07-03
002443.SZ,2026-01-09
002443.SZ,2026-08-10
002443.SZ,2026-08-11
002445.SZ,2026-02-12
002445.SZ,2026-08-26
002445.SZ,2026-08-27
002446.SZ,2026-01-09
002446.SZ,2026-07-01
002446.SZ,2026-07-02
002448.SZ,2026-03-05
002448.SZ,2026-08-18
002448.SZ,2026-08-19
002449.SZ,2026-03-04
002449.SZ,2026-08-24
002449.SZ,2026-08-25
002451.SZ,2026-01-12
002451.SZ,2026-08-26
002451.SZ,2026-08-27
002452.SZ,2026-06-23
002452.SZ,2026-06-25
002452.SZ,2026-06-26
002453.SZ,2026-04-29
002453.SZ,2026-06-24
002453.SZ,2026-06-25
002454.SZ,2026-03-30
002454.SZ,2026-05-14
002454.SZ,2026-05-15
002455.SZ,2026-01-27
002455.SZ,2026-07-02
002455.SZ,2026-07-03
002456.SZ,2026-03-04
002456.SZ,2026-03-06
002456.SZ,2026-03-09
002457.SZ,2026-02-13
002457.SZ,2026-07-07
002457.SZ,2026-07-08
002458.SZ,2026-06-30
002458.SZ,2026-08-11
002458.SZ,2026-08-12
002459.SZ,2026-06-09
002459.SZ,2026-06-11
002459.SZ,2026-06-12
002460.SZ,2026-03-26
002460.SZ,2026-03-30
002460.SZ,2026-03-31
002462.SZ,2026-01-08
002462.SZ,2026-01-09
002463.SZ,2026-02-25
002463.SZ,2026-08-05
002463.SZ,2026-08-06
002465.SZ,2026-01-15
002465.SZ,2026-01-16
002467.SZ,2026-02-04
002467.SZ,2026-07-09
002467.SZ,2026-07-10
002468.SZ,2026-04-14
002468.SZ,2026-07-02
002468.SZ,2026-07-03
002469.SZ,2026-06-10
002469.SZ,2026-08-18
002469.SZ,2026-08-19
002470.SZ,2026-02-10
002470.SZ,2026-04-08
002470.SZ,2026-04-09
002471.SZ,2026-01-05
002471.SZ,2026-07-06
002471.SZ,2026-07-07
002472.SZ,2026-06-29
002472.SZ,2026-07-06
002472.SZ,2026-07-07
002474.SZ,2026-05-07
002474.SZ,2026-08-11
002474.SZ,2026-08-12
002475.SZ,2026-03-24
002475.SZ,2026-03-26
002475.SZ,2026-03-27
002476.SZ,2026-08-14
002476.SZ,2026-08-18
002476.SZ,2026-08-19
002478.SZ,2026-01-13
002478.SZ,2026-08-26
002478.SZ,2026-08-27
002479.SZ,2026-03-24
002479.SZ,2026-07-13
002479.SZ,2026-07-14
002483.SZ,2026-08-11
002483.SZ,2026-08-13
002483.SZ,2026-08-14
002484.SZ,2026-04-07
002484.SZ,2026-08-05
002484.SZ,2026-08-06
002485.SZ,2026-01-07
002485.SZ,2026-08-07
002485.SZ,2026-08-10
002486.SZ,2026-08-27
002486.SZ,2026-08-31
002487.SZ,2026-03-11
002487.SZ,2026-04-20
002487.SZ,2026-04-21
002488.SZ,2026-01-06
002488.SZ,2026-01-07
002490.SZ,2026-07-21
002490.SZ,2026-07-22
002491.SZ,2026-01-29
002491.SZ,2026-08-24
002491.SZ,2026-08-25
002492.SZ,2026-01-22
002492.SZ,2026-04-21
002492.SZ,2026-04-22
002496.SZ,2026-07-06
002496.SZ,2026-07-07
002497.SZ,2026-04-28
002497.SZ,2026-07-08
002497.SZ,2026-07-09
002498.SZ,2026-01-15
002498.SZ,2026-07-30
002498.SZ,2026-07-31
002501.SZ,2026-01-05
002501.SZ,2026-08-05
002501.SZ,2026-08-06
002506.SZ,2026-01-22
002506.SZ,2026-05-15
002506.SZ,2026-05-18
002510.SZ,2026-01-07
002510.SZ,2026-02-24
002510.SZ,2026-02-25
002512.SZ,2026-01-08
002512.SZ,2026-07-31
002512.SZ,2026-08-03
002513.SZ,2026-06-08
002513.SZ,2026-06-10
002513.SZ,2026-06-11
002514.SZ,2026-05-08
002514.SZ,2026-08-26
002514.SZ,2026-08-27
002515.SZ,2026-04-10
002515.SZ,2026-08-28
002515.SZ,2026-08-31
002517.SZ,2026-07-14
002517.SZ,2026-07-30
002517.SZ,2026-07-31
002518.SZ,2026-02-11
002518.SZ,2026-07-01
002518.SZ,2026-07-02
002519.SZ,2026-03-25
002519.SZ,2026-03-26
002520.SZ,2026-02-11
002520.SZ,2026-08-13
002520.SZ,2026-08-14
002521.SZ,2026-06-26
002521.SZ,2026-06-30
002521.SZ,2026-07-01
002522.SZ,2026-04-28
002522.SZ,2026-07-28
002522.SZ,2026-07-29
002523.SZ,2026-01-09
002523.SZ,2026-07-15
002523.SZ,2026-07-16
002524.SZ,2026-01-23
002524.SZ,2026-07-13
002524.SZ,2026-07-14
002526.SZ,2026-03-26
002526.SZ,2026-05-26
002526.SZ,2026-05-27
002527.SZ,2026-05-29
002527.SZ,2026-06-02
002527.SZ,2026-06-03
002528.SZ,2026-02-04
002528.SZ,2026-08-24
002528.SZ,2026-08-25
002529.SZ,2026-01-07
002529.SZ,2026-05-14
002529.SZ,2026-05-15
002531.SZ,2026-03-12
002531.SZ,2026-03-16
002531.SZ,2026-03-17
002532.SZ,2026-01-27
002532.SZ,2026-07-15
002532.SZ,2026-07-16
002534.SZ,2026-02-06
002536.SZ,2026-02-27
002536.SZ,2026-08-28
002536.SZ,2026-08-31
002538.SZ,2026-02-24
002538.SZ,2026-06-29
002538.SZ,2026-06-30
002539.SZ,2026-01-16
002539.SZ,2026-07-24
002539.SZ,2026-07-27
002541.SZ,2026-01-06
002541.SZ,2026-08-11
002541.SZ,2026-08-12
002542.SZ,2026-01-07
002542.SZ,2026-07-21
002542.SZ,2026-07-22
002543.SZ,2026-03-12
002543.SZ,2026-08-20
002543.SZ,2026-08-21
002544.SZ,2026-07-09
002544.SZ,2026-07-13
002544.SZ,2026-07-14
002545.SZ,2026-01-14
002545.SZ,2026-07-23
002545.SZ,2026-07-24
002546.SZ,2026-01-14
002546.SZ,2026-07-24
002546.SZ,2026-07-27
002547.SZ,2026-04-16
002547.SZ,2026-07-31
002547.SZ,2026-08-03
002548.SZ,2026-04-28
002548.SZ,2026-07-13
002548.SZ,2026-07-14
002549.SZ,2026-06-10
002549.SZ,2026-06-30
002549.SZ,2026-07-01
002550.SZ,2026-06-23
002550.SZ,2026-06-25
002550.SZ,2026-06-26
002552.SZ,2026-05-06
002552.SZ,2026-08-21
002552.SZ,2026-08-24
002553.SZ,2026-08-17
002553.SZ,2026-08-19
002553.SZ,2026-08-20
002554.SZ,2026-01-07
002554.SZ,2026-03-04
002554.SZ,2026-03-05
002555.SZ,2026-01-06
002555.SZ,2026-01-07
002558.SZ,2026-01-16
002558.SZ,2026-07-30
002558.SZ,2026-07-31
002559.SZ,2026-03-04
002559.SZ,2026-07-03
002559.SZ,2026-07-06
002560.SZ,2026-03-30
002560.SZ,2026-07-24
002560.SZ,2026-07-27
002562.SZ,2026-01-29
002562.SZ,2026-08-13
002562.SZ,2026-08-14
002565.SZ,2026-01-07
002565.SZ,2026-04-22
002565.SZ,2026-04-23
002566.SZ,2026-07-22
002566.SZ,2026-07-24
002566.SZ,2026-07-27
002568.SZ,2026-04-28
002568.SZ,2026-07-30
002568.SZ,2026-07-31
002569.SZ,2026-01-05
002569.SZ,2026-07-03
002569.SZ,2026-07-06
002570.SZ,2026-06-03
002570.SZ,2026-06-05
002570.SZ,2026-06-08
002571.SZ,2026-01-06
002571.SZ,2026-01-07
002573.SZ,2026-08-11
002573.SZ,2026-08-13
002573.SZ,2026-08-14
002574.SZ,2026-01-09
002574.SZ,2026-01-15
002574.SZ,2026-01-16
002575.SZ,2026-01-23
002575.SZ,2026-08-14
002575.SZ,2026-08-17
002577.SZ,2026-07-24
002577.SZ,2026-07-28
002577.SZ,2026-07-29
002578.SZ,2026-01-27
002578.SZ,2026-08-31
002579.SZ,2026-03-31
002579.SZ,2026-08-21
002579.SZ,2026-08-24
002580.SZ,2026-03-24
002580.SZ,2026-08-25
002580.SZ,2026-08-26
002581.SZ,2026-01-09
002581.SZ,2026-08-21
002581.SZ,2026-08-24
002582.SZ,2026-08-11
002582.SZ,2026-08-13
002582.SZ,2026-08-14
002583.SZ,2026-06-08
002583.SZ,2026-06-10
002583.SZ,2026-06-11
002584.SZ,2026-01-19
002584.SZ,2026-07-03
002584.SZ,2026-07-06
002585.SZ,2026-01-16
002585.SZ,2026-08-12
002585.SZ,2026-08-13
002586.SZ,2026-01-16
002586.SZ,2026-07-03
002586.SZ,2026-07-06
002587.SZ,2026-03-04
002587.SZ,2026-07-01
002587.SZ,2026-07-02
002588.SZ,2026-04-21
002588.SZ,2026-04-23
002588.SZ,2026-04-24
002589.SZ,2026-01-12
002589.SZ,2026-08-13
002589.SZ,2026-08-14
002590.SZ,2026-06-03
002590.SZ,2026-06-05
002590.SZ,2026-06-08
002591.SZ,2026-01-16
002591.SZ,2026-05-08
002591.SZ,2026-05-11
002592.SZ,2026-07-03
002592.SZ,2026-07-06
002595.SZ,2026-04-15
002595.SZ,2026-04-17
002595.SZ,2026-04-20
002596.SZ,2026-07-01
002596.SZ,2026-07-24
002596.SZ,2026-07-27
002597.SZ,2026-02-09
002597.SZ,2026-07-30
002597.SZ,2026-07-31
002598.SZ,2026-06-05
002598.SZ,2026-07-06
002598.SZ,2026-07-07
002600.SZ,2026-01-09
002600.SZ,2026-07-01
002600.SZ,2026-07-02
002601.SZ,2026-06-18
002601.SZ,2026-06-23
002601.SZ,2026-06-24
002605.SZ,2026-01-09
002605.SZ,2026-01-13
002605.SZ,2026-01-14
002606.SZ,2026-01-16
002606.SZ,2026-07-24
002606.SZ,2026-07-27
002607.SZ,2026-01-12
002607.SZ,2026-08-06
002607.SZ,2026-08-07
002608.SZ,2026-05-28
002608.SZ,2026-06-02
002608.SZ,2026-06-03
002609.SZ,2026-01-13
002609.SZ,2026-01-15
002609.SZ,2026-01-16
002612.SZ,2026-07-24
002612.SZ,2026-07-28
002612.SZ,2026-07-29
002613.SZ,2026-04-15
002613.SZ,2026-06-16
002613.SZ,2026-06-17
002614.SZ,2026-01-20
002614.SZ,2026-01-22
002614.SZ,2026-01-23
002615.SZ,2026-06-29
002615.SZ,2026-07-01
002615.SZ,2026-07-02
002617.SZ,2026-05-13
002617.SZ,2026-05-15
002617.SZ,2026-05-18
002620.SZ,2026-08-25
002620.SZ,2026-08-26
002622.SZ,2026-08-07
002622.SZ,2026-08-11
002622.SZ,2026-08-12
002623.SZ,2026-01-22
002623.SZ,2026-07-13
002623.SZ,2026-07-14
002624.SZ,2026-02-05
002624.SZ,2026-06-30
002624.SZ,2026-07-01
002625.SZ,2026-01-08
002625.SZ,2026-01-12
002625.SZ,2026-01-13
002626.SZ,2026-08-07
002626.SZ,2026-08-11
002626.SZ,2026-08-12
002627.SZ,2026-01-06
002627.SZ,2026-05-27
002627.SZ,2026-05-28
002628.SZ,2026-01-16
002628.SZ,2026-08-28
002628.SZ,2026-08-31
002629.SZ,2026-01-21
002629.SZ,2026-06-02
002629.SZ,2026-06-03
002630.SZ,2026-01-07
002630.SZ,2026-06-17
002630.SZ,2026-06-18
002631.SZ,2026-03-23
002631.SZ,2026-08-31
002632.SZ,2026-03-09
002632.SZ,2026-07-20
002632.SZ,2026-07-21
002633.SZ,2026-02-26
002633.SZ,2026-03-02
002633.SZ,2026-03-03
002634.SZ,2026-01-26
002634.SZ,2026-07-03
002634.SZ,2026-07-06
002635.SZ,2026-04-08
002635.SZ,2026-07-06
002635.SZ,2026-07-07
002636.SZ,2026-01-14
002636.SZ,2026-08-28
002636.SZ,2026-08-31
002637.SZ,2026-01-19
002637.SZ,2026-06-15
002637.SZ,2026-06-16
002638.SZ,2026-01-16
002638.SZ,2026-08-24
002638.SZ,2026-08-25
002639.SZ,2026-01-06
002639.SZ,2026-06-30
002639.SZ,2026-07-01
002640.SZ,2026-04-29
002640.SZ,2026-07-28
002640.SZ,2026-07-29
002642.SZ,2026-05-07
002642.SZ,2026-07-29
002642.SZ,2026-07-30
002643.SZ,2026-06-23
002643.SZ,2026-06-25
002643.SZ,2026-06-26
002644.SZ,2026-08-12
002644.SZ,2026-08-14
002644.SZ,2026-08-17
002645.SZ,2026-03-23
002645.SZ,2026-08-17
002645.SZ,2026-08-18
002646.SZ,2026-01-28
002646.SZ,2026-01-30
002646.SZ,2026-02-02
002647.SZ,2026-01-07
002647.SZ,2026-08-11
002647.SZ,2026-08-12
002648.SZ,2026-03-05
002648.SZ,2026-06-24
002648.SZ,2026-06-25
002649.SZ,2026-08-04
002649.SZ,2026-08-07
002649.SZ,2026-08-10
002650.SZ,2026-01-06
002650.SZ,2026-07-06
002650.SZ,2026-07-07
002651.SZ,2026-08-13
002651.SZ,2026-08-25
002651.SZ,2026-08-26
002652.SZ,2026-02-13
002652.SZ,2026-07-03
002652.SZ,2026-07-06
002653.SZ,2026-06-26
002653.SZ,2026-06-30
002653.SZ,2026-07-01
002654.SZ,2026-05-12
002654.SZ,2026-07-01
002654.SZ,2026-07-02
002655.SZ,2026-02-09
002655.SZ,2026-08-24
002655.SZ,2026-08-25
002656.SZ,2026-03-10
002656.SZ,2026-07-03
002656.SZ,2026-07-06
002657.SZ,2026-05-29
002657.SZ,2026-06-23
002657.SZ,2026-06-24
002658.SZ,2026-01-22
002658.SZ,2026-08-17
002658.SZ,2026-08-18
002659.SZ,2026-01-09
002659.SZ,2026-08-05
002659.SZ,2026-08-06
002660.SZ,2026-08-28
002662.SZ,2026-01-20
002662.SZ,2026-01-22
002662.SZ,2026-01-23
002663.SZ,2026-03-23
002663.SZ,2026-04-09
002663.SZ,2026-04-10
002664.SZ,2026-01-15
002664.SZ,2026-07-06
002664.SZ,2026-07-07
002667.SZ,2026-01-22
002667.SZ,2026-08-24
002667.SZ,2026-08-25
002668.SZ,2026-08-14
002668.SZ,2026-08-18
002668.SZ,2026-08-19
002669.SZ,2026-03-12
002669.SZ,2026-07-22
002669.SZ,2026-07-23
002670.SZ,2026-06-30
002670.SZ,2026-07-02
002670.SZ,2026-07-03
002672.SZ,2026-06-15
002672.SZ,2026-06-24
002672.SZ,2026-06-25
002674.SZ,2026-05-22
002674.SZ,2026-08-06
002674.SZ,2026-08-07
002675.SZ,2026-03-27
002675.SZ,2026-03-31
002675.SZ,2026-04-01
002676.SZ,2026-06-08
002676.SZ,2026-06-10
002676.SZ,2026-06-11
002677.SZ,2026-01-07
002677.SZ,2026-07-20
002677.SZ,2026-07-21
002678.SZ,2026-01-28
002678.SZ,2026-04-14
002678.SZ,2026-04-15
002679.SZ,2026-01-22
002681.SZ,2026-07-09
002681.SZ,2026-08-04
002681.SZ,2026-08-05
002682.SZ,2026-03-02
002682.SZ,2026-08-18
002682.SZ,2026-08-19
002685.SZ,2026-03-23
002685.SZ,2026-08-12
002685.SZ,2026-08-13
002686.SZ,2026-03-27
002686.SZ,2026-08-26
002686.SZ,2026-08-27
002687.SZ,2026-06-22
002687.SZ,2026-08-12
002687.SZ,2026-08-13
002688.SZ,2026-05-27
002688.SZ,2026-05-29
002688.SZ,2026-06-01
002689.SZ,2026-01-16
002689.SZ,2026-07-03
002689.SZ,2026-07-06
002691.SZ,2026-05-07
002691.SZ,2026-07-02
002691.SZ,2026-07-03
002692.SZ,2026-03-25
002692.SZ,2026-04-21
002692.SZ,2026-04-22
002693.SZ,2026-01-07
002693.SZ,2026-08-05
002693.SZ,2026-08-06
002694.SZ,2026-02-13
002694.SZ,2026-08-26
002694.SZ,2026-08-27
002695.SZ,2026-07-31
002695.SZ,2026-08-04
002695.SZ,2026-08-05
002696.SZ,2026-07-01
002696.SZ,2026-08-11
002696.SZ,2026-08-12
002698.SZ,2026-05-06
002698.SZ,2026-07-02
002698.SZ,2026-07-03
002700.SZ,2026-03-02
002700.SZ,2026-07-06
002700.SZ,2026-07-07
002702.SZ,2026-02-04
002702.SZ,2026-07-31
002702.SZ,2026-08-03
002703.SZ,2026-01-05
002703.SZ,2026-08-27
002703.SZ,2026-08-28
002705.SZ,2026-03-25
002705.SZ,2026-04-16
002705.SZ,2026-04-17
002706.SZ,2026-04-16
002706.SZ,2026-08-14
002706.SZ,2026-08-17
002707.SZ,2026-01-13
002707.SZ,2026-01-16
002707.SZ,2026-01-19
002708.SZ,2026-04-07
002708.SZ,2026-06-08
002708.SZ,2026-06-09
002709.SZ,2026-04-28
002709.SZ,2026-04-30
002709.SZ,2026-05-06
002712.SZ,2026-01-09
002712.SZ,2026-01-13
002712.SZ,2026-01-14
002713.SZ,2026-08-26
002713.SZ,2026-08-27
002715.SZ,2026-04-27
002715.SZ,2026-08-12
002715.SZ,2026-08-13
002716.SZ,2026-08-25
002716.SZ,2026-08-26
002717.SZ,2026-02-06
002717.SZ,2026-07-06
002717.SZ,2026-07-07
002718.SZ,2026-07-15
002718.SZ,2026-07-16
002719.SZ,2026-06-30
002719.SZ,2026-08-27
002719.SZ,2026-08-28
002721.SZ,2026-01-22
002721.SZ,2026-08-27
002721.SZ,2026-08-28
002723.SZ,2026-02-09
002723.SZ,2026-05-15
002723.SZ,2026-05-18
002724.SZ,2026-01-27
002724.SZ,2026-08-17
002724.SZ,2026-08-18
002725.SZ,2026-02-24
002725.SZ,2026-07-24
002725.SZ,2026-07-27
002726.SZ,2026-04-15
002726.SZ,2026-08-21
002726.SZ,2026-08-24
002728.SZ,2026-01-23
002728.SZ,2026-06-30
002728.SZ,2026-07-01
002729.SZ,2026-01-08
002729.SZ,2026-06-17
002729.SZ,2026-06-18
002730.SZ,2026-03-06
002730.SZ,2026-06-16
002730.SZ,2026-06-17
002731.SZ,2026-02-24
002731.SZ,2026-08-25
002731.SZ,2026-08-26
002733.SZ,2026-03-04
002733.SZ,2026-06-15
002733.SZ,2026-06-16
002734.SZ,2026-02-26
002734.SZ,2026-08-06
002734.SZ,2026-08-07
002735.SZ,2026-06-17
002735.SZ,2026-06-18
002738.SZ,2026-06-29
002738.SZ,2026-07-02
002738.SZ,2026-07-03
002739.SZ,2026-02-09
002739.SZ,2026-08-11
002739.SZ,2026-08-12
002741.SZ,2026-04-24
002741.SZ,2026-08-10
002741.SZ,2026-08-11
002742.SZ,2026-02-04
002742.SZ,2026-08-31
002743.SZ,2026-08-17
002743.SZ,2026-08-21
002743.SZ,2026-08-24
002745.SZ,2026-05-22
002745.SZ,2026-07-22
002745.SZ,2026-07-23
002747.SZ,2026-06-05
002747.SZ,2026-07-06
002747.SZ,2026-07-07
002748.SZ,2026-08-07
002748.SZ,2026-08-11
002748.SZ,2026-08-12
002752.SZ,2026-04-20
002752.SZ,2026-04-22
002752.SZ,2026-04-23
002755.SZ,2026-03-26
002755.SZ,2026-03-30
002755.SZ,2026-03-31
002756.SZ,2026-02-26
002756.SZ,2026-04-30
002756.SZ,2026-05-06
002759.SZ,2026-08-07
002759.SZ,2026-08-10
002760.SZ,2026-03-09
002760.SZ,2026-07-17
002760.SZ,2026-07-20
002761.SZ,2026-03-24
002761.SZ,2026-03-26
002761.SZ,2026-03-27
002762.SZ,2026-01-16
002762.SZ,2026-08-12
002762.SZ,2026-08-13
002763.SZ,2026-04-29
002763.SZ,2026-05-06
002763.SZ,2026-05-07
002765.SZ,2026-07-02
002765.SZ,2026-07-06
002765.SZ,2026-07-07
002766.SZ,2026-08-17
002766.SZ,2026-08-18
002767.SZ,2026-07-02
002767.SZ,2026-07-07
002767.SZ,2026-07-08
002769.SZ,2026-01-09
002769.SZ,2026-06-10
002769.SZ,2026-06-11
002771.SZ,2026-03-23
002771.SZ,2026-07-06
002771.SZ,2026-07-07
002772.SZ,2026-02-05
002772.SZ,2026-02-09
002772.SZ,2026-02-10
002773.SZ,2026-03-30
002773.SZ,2026-03-31
002774.SZ,2026-08-17
002774.SZ,2026-08-18
002775.SZ,2026-01-14
002775.SZ,2026-08-03
002775.SZ,2026-08-04
002777.SZ,2026-01-08
002777.SZ,2026-05-14
002777.SZ,2026-05-15
002779.SZ,2026-06-29
002779.SZ,2026-08-05
002779.SZ,2026-08-06
002780.SZ,2026-01-22
002780.SZ,2026-02-03
002780.SZ,2026-02-04
002782.SZ,2026-01-20
002782.SZ,2026-06-17
002782.SZ,2026-06-18
002783.SZ,2026-08-07
002783.SZ,2026-08-11
002783.SZ,2026-08-12
002785.SZ,2026-02-02
002785.SZ,2026-05-06
002785.SZ,2026-05-07
002786.SZ,2026-04-28
002786.SZ,2026-07-16
002786.SZ,2026-07-17
002787.SZ,2026-01-14
002787.SZ,2026-08-18
002787.SZ,2026-08-19
002788.SZ,2026-01-05
002788.SZ,2026-04-16
002788.SZ,2026-04-17
002789.SZ,2026-01-13
002789.SZ,2026-06-22
002789.SZ,2026-06-23
002791.SZ,2026-02-03
002791.SZ,2026-07-30
002791.SZ,2026-07-31
002792.SZ,2026-01-06
002792.SZ,2026-08-13
002792.SZ,2026-08-14
002793.SZ,2026-04-22
002793.SZ,2026-08-05
002793.SZ,2026-08-06
002795.SZ,2026-01-05
002795.SZ,2026-07-29
002795.SZ,2026-07-30
002796.SZ,2026-01-06
002796.SZ,2026-08-05
002796.SZ,2026-08-06
002797.SZ,2026-04-07
002797.SZ,2026-04-09
002797.SZ,2026-04-10
002798.SZ,2026-04-14
002798.SZ,2026-07-03
002798.SZ,2026-07-06
002799.SZ,2026-01-20
002799.SZ,2026-01-22
002799.SZ,2026-01-23
002800.SZ,2026-03-04
002800.SZ,2026-07-16
002800.SZ,2026-07-17
002802.SZ,2026-04-15
002802.SZ,2026-04-20
002802.SZ,2026-04-21
002803.SZ,2026-04-17
002803.SZ,2026-08-04
002803.SZ,2026-08-05
002805.SZ,2026-04-28
002805.SZ,2026-07-01
002805.SZ,2026-07-02
002806.SZ,2026-02-09
002806.SZ,2026-06-17
002806.SZ,2026-06-18
002808.SZ,2026-01-05
002808.SZ,2026-01-06
002808.SZ,2026-01-07
002808.SZ,2026-01-16
002808.SZ,2026-01-19
002808.SZ,2026-01-20
002808.SZ,2026-01-21
002808.SZ,2026-01-22
002808.SZ,2026-01-23
002808.SZ,2026-03-02
002808.SZ,2026-03-03
002808.SZ,2026-03-04
002808.SZ,2026-03-05
002808.SZ,2026-03-16
002808.SZ,2026-03-17
002808.SZ,2026-03-18
002808.SZ,2026-03-19
002808.SZ,2026-03-20
002808.SZ,2026-03-25
002808.SZ,2026-03-26
002808.SZ,2026-03-27
002808.SZ,2026-03-30
002808.SZ,2026-03-31
002808.SZ,2026-04-01
002808.SZ,2026-04-13
002808.SZ,2026-04-14
002808.SZ,2026-04-15
002808.SZ,2026-04-16
002809.SZ,2026-01-19
002809.SZ,2026-05-15
002809.SZ,2026-05-18
002810.SZ,2026-01-19
002810.SZ,2026-04-27
002810.SZ,2026-04-28
002811.SZ,2026-02-13
002811.SZ,2026-08-21
002811.SZ,2026-08-24
002812.SZ,2026-02-05
002812.SZ,2026-06-15
002812.SZ,2026-06-16
002813.SZ,2026-01-05
002813.SZ,2026-01-07
002813.SZ,2026-01-08
002815.SZ,2026-01-21
002815.SZ,2026-07-10
002815.SZ,2026-07-13
002816.SZ,2026-01-12
002816.SZ,2026-07-01
002816.SZ,2026-07-02
002818.SZ,2026-04-28
002818.SZ,2026-04-30
002818.SZ,2026-05-06
002819.SZ,2026-08-19
002819.SZ,2026-08-20
002820.SZ,2026-08-13
002820.SZ,2026-08-19
002820.SZ,2026-08-20
002821.SZ,2026-03-30
002821.SZ,2026-08-26
002821.SZ,2026-08-27
002822.SZ,2026-01-12
002822.SZ,2026-07-06
002822.SZ,2026-07-07
002823.SZ,2026-05-21
002823.SZ,2026-05-25
002823.SZ,2026-05-26
002824.SZ,2026-02-11
002824.SZ,2026-08-28
002824.SZ,2026-08-31
002825.SZ,2026-05-12
002825.SZ,2026-05-14
002825.SZ,2026-05-15
002826.SZ,2026-05-21
002826.SZ,2026-08-07
002826.SZ,2026-08-10
002827.SZ,2026-07-28
002827.SZ,2026-08-11
002827.SZ,2026-08-12
002828.SZ,2026-02-13
002828.SZ,2026-08-11
002828.SZ,2026-08-12
002829.SZ,2026-07-08
002829.SZ,2026-07-20
002829.SZ,2026-07-21
002830.SZ,2026-01-15
002831.SZ,2026-03-10
002831.SZ,2026-05-20
002831.SZ,2026-05-21
002832.SZ,2026-04-28
002832.SZ,2026-04-30
002832.SZ,2026-05-06
002833.SZ,2026-06-29
002833.SZ,2026-07-30
002833.SZ,2026-07-31
002836.SZ,2026-01-05
002836.SZ,2026-01-16
002836.SZ,2026-01-19
002837.SZ,2026-02-11
002837.SZ,2026-08-26
002837.SZ,2026-08-27
002838.SZ,2026-01-08
002838.SZ,2026-08-18
002838.SZ,2026-08-19
002840.SZ,2026-04-03
002840.SZ,2026-07-02
002840.SZ,2026-07-03
002841.SZ,2026-07-06
002841.SZ,2026-07-10
002841.SZ,2026-07-13
002842.SZ,2026-01-06
002842.SZ,2026-08-11
002842.SZ,2026-08-12
002843.SZ,2026-01-07
002843.SZ,2026-05-14
002843.SZ,2026-05-15
002845.SZ,2026-03-04
002845.SZ,2026-07-10
002845.SZ,2026-07-13
002846.SZ,2026-04-20
002846.SZ,2026-07-31
002846.SZ,2026-08-03
002847.SZ,2026-04-28
002847.SZ,2026-07-29
002847.SZ,2026-07-30
002848.SZ,2026-05-27
002848.SZ,2026-05-28
002849.SZ,2026-01-08
002849.SZ,2026-07-01
002849.SZ,2026-07-02
002850.SZ,2026-03-27
002850.SZ,2026-07-06
002850.SZ,2026-07-07
002851.SZ,2026-01-20
002851.SZ,2026-08-03
002851.SZ,2026-08-04
002852.SZ,2026-08-26
002852.SZ,2026-08-28
002852.SZ,2026-08-31
002853.SZ,2026-01-06
002853.SZ,2026-05-19
002853.SZ,2026-05-20
002855.SZ,2026-08-24
002856.SZ,2026-01-09
002857.SZ,2026-03-04
002857.SZ,2026-07-21
002857.SZ,2026-07-22
002858.SZ,2026-01-09
002858.SZ,2026-01-13
002858.SZ,2026-01-14
002859.SZ,2026-04-15
002859.SZ,2026-08-12
002859.SZ,2026-08-13
002860.SZ,2026-07-03
002860.SZ,2026-07-07
002860.SZ,2026-07-08
002863.SZ,2026-08-14
002863.SZ,2026-08-18
002863.SZ,2026-08-19
002864.SZ,2026-01-06
002864.SZ,2026-01-08
002864.SZ,2026-01-09
002865.SZ,2026-01-05
002865.SZ,2026-07-13
002865.SZ,2026-07-14
002866.SZ,2026-04-16
002866.SZ,2026-07-21
002866.SZ,2026-07-22
002867.SZ,2026-04-28
002867.SZ,2026-04-30
002867.SZ,2026-05-06
002868.SZ,2026-07-06
002868.SZ,2026-07-07
002869.SZ,2026-03-11
002869.SZ,2026-07-29
002869.SZ,2026-07-30
002870.SZ,2026-04-29
002870.SZ,2026-08-13
002870.SZ,2026-08-14
002871.SZ,2026-04-30
002871.SZ,2026-06-24
002871.SZ,2026-06-25
002872.SZ,2026-04-28
002872.SZ,2026-07-06
002872.SZ,2026-07-07
002873.SZ,2026-04-03
002873.SZ,2026-04-08
002873.SZ,2026-04-09
002875.SZ,2026-02-13
002876.SZ,2026-01-20
002876.SZ,2026-06-25
002876.SZ,2026-06-26
002877.SZ,2026-03-03
002877.SZ,2026-06-08
002877.SZ,2026-06-09
002878.SZ,2026-05-27
002878.SZ,2026-05-29
002878.SZ,2026-06-01
002879.SZ,2026-01-13
002879.SZ,2026-08-04
002879.SZ,2026-08-05
002880.SZ,2026-08-19
002880.SZ,2026-08-26
002880.SZ,2026-08-27
002881.SZ,2026-01-09
002882.SZ,2026-01-05
002882.SZ,2026-08-25
002882.SZ,2026-08-26
002883.SZ,2026-05-29
002883.SZ,2026-07-02
002883.SZ,2026-07-03
002885.SZ,2026-02-11
002885.SZ,2026-08-11
002885.SZ,2026-08-12
002886.SZ,2026-05-25
002887.SZ,2026-03-23
002887.SZ,2026-03-25
002887.SZ,2026-03-26
002888.SZ,2026-05-15
002888.SZ,2026-05-22
002888.SZ,2026-05-25
002889.SZ,2026-07-27
002889.SZ,2026-07-29
002889.SZ,2026-07-30
002890.SZ,2026-01-20
002890.SZ,2026-01-22
002890.SZ,2026-01-23
002891.SZ,2026-04-14
002891.SZ,2026-07-16
002891.SZ,2026-07-17
002892.SZ,2026-05-14
002892.SZ,2026-06-08
002892.SZ,2026-06-09
002893.SZ,2026-05-18
002893.SZ,2026-05-20
002893.SZ,2026-05-21
002895.SZ,2026-02-13
002895.SZ,2026-02-25
002895.SZ,2026-02-26
002896.SZ,2026-03-20
002896.SZ,2026-08-04
002896.SZ,2026-08-05
002897.SZ,2026-05-21
002897.SZ,2026-07-01
002897.SZ,2026-07-02
002898.SZ,2026-01-21
002898.SZ,2026-01-22
002898.SZ,2026-01-23
002898.SZ,2026-01-26
002898.SZ,2026-02-02
002898.SZ,2026-02-03
002898.SZ,2026-02-04
002898.SZ,2026-02-05
002898.SZ,2026-02-13
002898.SZ,2026-02-24
002898.SZ,2026-02-25
002898.SZ,2026-02-26
002898.SZ,2026-03-09
002898.SZ,2026-03-10
002898.SZ,2026-03-11
002898.SZ,2026-03-12
002898.SZ,2026-04-01
002898.SZ,2026-04-02
002898.SZ,2026-04-03
002898.SZ,2026-04-07
002898.SZ,2026-04-08
002899.SZ,2026-04-07
002899.SZ,2026-04-09
002899.SZ,2026-04-10
002900.SZ,2026-07-14
002900.SZ,2026-08-20
002900.SZ,2026-08-21
002902.SZ,2026-03-18
002902.SZ,2026-08-04
002902.SZ,2026-08-05
002903.SZ,2026-03-06
002905.SZ,2026-02-04
002905.SZ,2026-02-11
002905.SZ,2026-02-12
002906.SZ,2026-06-16
002906.SZ,2026-08-25
002906.SZ,2026-08-26
002907.SZ,2026-06-17
002907.SZ,2026-08-26
002907.SZ,2026-08-27
002908.SZ,2026-08-04
002908.SZ,2026-08-06
002908.SZ,2026-08-07
002909.SZ,2026-08-28
002910.SZ,2026-06-15
002910.SZ,2026-07-09
002910.SZ,2026-07-10
002911.SZ,2026-03-02
002911.SZ,2026-03-04
002911.SZ,2026-03-05
002912.SZ,2026-08-03
002912.SZ,2026-08-05
002912.SZ,2026-08-06
002913.SZ,2026-01-20
002913.SZ,2026-08-10
002913.SZ,2026-08-11
002915.SZ,2026-05-06
002915.SZ,2026-08-31
002916.SZ,2026-02-13
002916.SZ,2026-08-05
002916.SZ,2026-08-06
002918.SZ,2026-05-07
002918.SZ,2026-08-31
002919.SZ,2026-01-14
002919.SZ,2026-07-07
002919.SZ,2026-07-08
002920.SZ,2026-01-05
002920.SZ,2026-05-22
002920.SZ,2026-05-25
002921.SZ,2026-02-05
002922.SZ,2026-01-06
002922.SZ,2026-05-14
002922.SZ,2026-05-15
002923.SZ,2026-03-31
002923.SZ,2026-07-02
002923.SZ,2026-07-03
002925.SZ,2026-07-28
002925.SZ,2026-07-29
002927.SZ,2026-01-08
002927.SZ,2026-06-17
002927.SZ,2026-06-18
002928.SZ,2026-02-03
002928.SZ,2026-06-26
002928.SZ,2026-06-29
002929.SZ,2026-01-06
002929.SZ,2026-08-05
002929.SZ,2026-08-06
002930.SZ,2026-03-06
002930.SZ,2026-07-02
002930.SZ,2026-07-03
002931.SZ,2026-08-03
002931.SZ,2026-08-04
002932.SZ,2026-04-24
002932.SZ,2026-04-28
002932.SZ,2026-04-29
002933.SZ,2026-05-29
002933.SZ,2026-06-02
002933.SZ,2026-06-03
002935.SZ,2026-01-09
002935.SZ,2026-06-15
002935.SZ,2026-06-16
002938.SZ,2026-01-21
002938.SZ,2026-08-05
002938.SZ,2026-08-06
002940.SZ,2026-03-31
002940.SZ,2026-08-21
002940.SZ,2026-08-24
002941.SZ,2026-03-24
002941.SZ,2026-03-26
002941.SZ,2026-03-27
002942.SZ,2026-08-25
002942.SZ,2026-08-31
002943.SZ,2026-08-10
002943.SZ,2026-08-11
002945.SZ,2026-01-05
002945.SZ,2026-07-30
002945.SZ,2026-07-31
002947.SZ,2026-04-08
002947.SZ,2026-08-26
002947.SZ,2026-08-27
002948.SZ,2026-01-28
002948.SZ,2026-01-30
002948.SZ,2026-02-02
002949.SZ,2026-02-24
002949.SZ,2026-08-31
002950.SZ,2026-03-12
002950.SZ,2026-06-22
002950.SZ,2026-06-23
002951.SZ,2026-02-02
002951.SZ,2026-08-17
002951.SZ,2026-08-18
002952.SZ,2026-01-29
002952.SZ,2026-08-31
002953.SZ,2026-01-15
002953.SZ,2026-08-28
002953.SZ,2026-08-31
002955.SZ,2026-05-29
002955.SZ,2026-07-01
002955.SZ,2026-07-02
002956.SZ,2026-04-28
002956.SZ,2026-07-30
002956.SZ,2026-07-31
002957.SZ,2026-02-02
002957.SZ,2026-08-06
002957.SZ,2026-08-07
002960.SZ,2026-06-04
002960.SZ,2026-06-11
002960.SZ,2026-06-12
002961.SZ,2026-03-05
002961.SZ,2026-06-16
002961.SZ,2026-06-17
002962.SZ,2026-04-08
002962.SZ,2026-06-29
002962.SZ,2026-06-30
002963.SZ,2026-06-05
002963.SZ,2026-08-27
002963.SZ,2026-08-28
002965.SZ,2026-05-07
002965.SZ,2026-06-29
002965.SZ,2026-06-30
002969.SZ,2026-01-05
002969.SZ,2026-07-29
002969.SZ,2026-07-30
002970.SZ,2026-01-28
002970.SZ,2026-07-22
002970.SZ,2026-07-23
002971.SZ,2026-01-07
002971.SZ,2026-08-31
002972.SZ,2026-06-12
002972.SZ,2026-06-16
002972.SZ,2026-06-17
002973.SZ,2026-02-26
002973.SZ,2026-08-07
002973.SZ,2026-08-10
002975.SZ,2026-02-11
002975.SZ,2026-08-07
002975.SZ,2026-08-10
002976.SZ,2026-05-13
002976.SZ,2026-06-24
002976.SZ,2026-06-25
002977.SZ,2026-01-07
002977.SZ,2026-07-24
002977.SZ,2026-07-27
002978.SZ,2026-01-05
002978.SZ,2026-02-26
002978.SZ,2026-02-27
002979.SZ,2026-05-07
002979.SZ,2026-08-03
002979.SZ,2026-08-04
002980.SZ,2026-02-26
002980.SZ,2026-08-28
002980.SZ,2026-08-31
002981.SZ,2026-06-03
002981.SZ,2026-07-06
002981.SZ,2026-07-07
002982.SZ,2026-04-20
002982.SZ,2026-07-02
002982.SZ,2026-07-03
002983.SZ,2026-03-04
002983.SZ,2026-06-08
002983.SZ,2026-06-09
002985.SZ,2026-01-16
002985.SZ,2026-06-15
002985.SZ,2026-06-16
002986.SZ,2026-03-04
002986.SZ,2026-03-06
002986.SZ,2026-03-09
002987.SZ,2026-07-20
002987.SZ,2026-07-22
002987.SZ,2026-07-23
002988.SZ,2026-04-09
002988.SZ,2026-08-24
002988.SZ,2026-08-25
002989.SZ,2026-01-07
002989.SZ,2026-08-17
002989.SZ,2026-08-18
002990.SZ,2026-03-13
002990.SZ,2026-08-06
002990.SZ,2026-08-07
002992.SZ,2026-06-12
002992.SZ,2026-08-06
002992.SZ,2026-08-07
002993.SZ,2026-01-22
002993.SZ,2026-06-17
002993.SZ,2026-06-18
002995.SZ,2026-01-16
002995.SZ,2026-07-29
002995.SZ,2026-07-30
002997.SZ,2026-05-07
002997.SZ,2026-06-15
002997.SZ,2026-06-16
002998.SZ,2026-02-24
002998.SZ,2026-07-03
002998.SZ,2026-07-06
002999.SZ,2026-04-23
002999.SZ,2026-04-27
002999.SZ,2026-04-28
003001.SZ,2026-05-12
003001.SZ,2026-08-04
003001.SZ,2026-08-05
003004.SZ,2026-07-08
003004.SZ,2026-07-09
003005.SZ,2026-07-30
003006.SZ,2026-04-17
003006.SZ,2026-06-30
003006.SZ,2026-07-01
003007.SZ,2026-01-07
003007.SZ,2026-07-02
003007.SZ,2026-07-03
003009.SZ,2026-02-27
003009.SZ,2026-07-13
003009.SZ,2026-07-14
003010.SZ,2026-07-14
003010.SZ,2026-08-21
003010.SZ,2026-08-24
003011.SZ,2026-06-03
003011.SZ,2026-07-06
003011.SZ,2026-07-07
003017.SZ,2026-01-06
003017.SZ,2026-01-07
003018.SZ,2026-02-04
003019.SZ,2026-06-26
003019.SZ,2026-06-30
003019.SZ,2026-07-01
003020.SZ,2026-07-08
003020.SZ,2026-07-28
003020.SZ,2026-07-29
003021.SZ,2026-03-09
003021.SZ,2026-08-26
003021.SZ,2026-08-27
003022.SZ,2026-04-22
003022.SZ,2026-05-15
003022.SZ,2026-05-18
003023.SZ,2026-03-05
003023.SZ,2026-04-21
003023.SZ,2026-04-22
003026.SZ,2026-04-27
003026.SZ,2026-06-11
003026.SZ,2026-06-12
003027.SZ,2026-03-12
003027.SZ,2026-04-22
003027.SZ,2026-04-23
003028.SZ,2026-07-02
003028.SZ,2026-07-06
003028.SZ,2026-07-07
003029.SZ,2026-08-05
003029.SZ,2026-08-07
003029.SZ,2026-08-10
003030.SZ,2026-05-29
003030.SZ,2026-08-31
003031.SZ,2026-01-06
003031.SZ,2026-08-24
003031.SZ,2026-08-25
003032.SZ,2026-05-07
003032.SZ,2026-08-13
003032.SZ,2026-08-14
003033.SZ,2026-03-30
003033.SZ,2026-07-22
003033.SZ,2026-07-23
003035.SZ,2026-01-19
003035.SZ,2026-08-25
003035.SZ,2026-08-26
003036.SZ,2026-02-04
003037.SZ,2026-01-07
003037.SZ,2026-01-09
003037.SZ,2026-01-12
003038.SZ,2026-01-22
003038.SZ,2026-02-05
003038.SZ,2026-02-06
003039.SZ,2026-01-21
003039.SZ,2026-01-22
003040.SZ,2026-08-05
003040.SZ,2026-08-28
003040.SZ,2026-08-31
003041.SZ,2026-01-09
003041.SZ,2026-06-02
003041.SZ,2026-06-03
003042.SZ,2026-01-22
003042.SZ,2026-04-08
003042.SZ,2026-04-09
003043.SZ,2026-03-24
003043.SZ,2026-08-19
003043.SZ,2026-08-20
300003.SZ,2026-01-06
300003.SZ,2026-01-07
300004.SZ,2026-05-11
300004.SZ,2026-05-13
300004.SZ,2026-05-14
300006.SZ,2026-04-02
300006.SZ,2026-08-21
300006.SZ,2026-08-24
300009.SZ,2026-08-19
300009.SZ,2026-08-21
300009.SZ,2026-08-24
300016.SZ,2026-08-20
300016.SZ,2026-08-24
300016.SZ,2026-08-25
300017.SZ,2026-01-23
300017.SZ,2026-08-17
300017.SZ,2026-08-18
300020.SZ,2026-06-29
300020.SZ,2026-07-01
300020.SZ,2026-07-02
300027.SZ,2026-04-15
300027.SZ,2026-04-17
300027.SZ,2026-04-20
300029.SZ,2026-01-05
300029.SZ,2026-01-06
300029.SZ,2026-01-07
300029.SZ,2026-04-24
300029.SZ,2026-04-27
300029.SZ,2026-04-28
300029.SZ,2026-04-29
300042.SZ,2026-03-13
300042.SZ,2026-05-07
300042.SZ,2026-05-08
300044.SZ,2026-01-08
300044.SZ,2026-07-01
300044.SZ,2026-07-02
300045.SZ,2026-01-09
300045.SZ,2026-01-13
300045.SZ,2026-01-14
300051.SZ,2026-01-08
300051.SZ,2026-03-17
300051.SZ,2026-03-18
300052.SZ,2026-05-06
300052.SZ,2026-08-05
300052.SZ,2026-08-06
300058.SZ,2026-08-03
300058.SZ,2026-08-04
300061.SZ,2026-04-22
300061.SZ,2026-04-24
300061.SZ,2026-04-27
300062.SZ,2026-07-22
300062.SZ,2026-07-24
300062.SZ,2026-07-27
300063.SZ,2026-01-08
300063.SZ,2026-01-14
300063.SZ,2026-01-15
300065.SZ,2026-01-07
300065.SZ,2026-07-13
300065.SZ,2026-07-14
300067.SZ,2026-04-07
300067.SZ,2026-07-29
300067.SZ,2026-07-30
300068.SZ,2026-06-15
300068.SZ,2026-06-17
300068.SZ,2026-06-18
300069.SZ,2026-03-24
300069.SZ,2026-08-20
300069.SZ,2026-08-21
300071.SZ,2026-01-09
300071.SZ,2026-07-03
300071.SZ,2026-07-06
300072.SZ,2026-03-04
300072.SZ,2026-03-06
300072.SZ,2026-03-09
300078.SZ,2026-01-12
300078.SZ,2026-01-14
300078.SZ,2026-01-15
300083.SZ,2026-04-29
300083.SZ,2026-05-06
300083.SZ,2026-05-07
300084.SZ,2026-02-27
300084.SZ,2026-03-03
300084.SZ,2026-03-04
300085.SZ,2026-06-18
300085.SZ,2026-06-24
300085.SZ,2026-06-25
300088.SZ,2026-06-16
300088.SZ,2026-06-18
300088.SZ,2026-06-22
300093.SZ,2026-07-20
300093.SZ,2026-07-22
300093.SZ,2026-07-23
300097.SZ,2026-08-24
300097.SZ,2026-08-26
300097.SZ,2026-08-27
300102.SZ,2026-01-07
300102.SZ,2026-01-26
300102.SZ,2026-01-27
300103.SZ,2026-05-29
300103.SZ,2026-06-02
300103.SZ,2026-06-03
300105.SZ,2026-06-05
300105.SZ,2026-06-09
300105.SZ,2026-06-10
300109.SZ,2026-08-19
300109.SZ,2026-08-21
300109.SZ,2026-08-24
300111.SZ,2026-01-16
300111.SZ,2026-01-20
300111.SZ,2026-01-21
300113.SZ,2026-03-06
300113.SZ,2026-03-10
300113.SZ,2026-03-11
300118.SZ,2026-01-22
300118.SZ,2026-01-26
300118.SZ,2026-01-27
300120.SZ,2026-08-13
300120.SZ,2026-08-17
300120.SZ,2026-08-18
300122.SZ,2026-08-19
300122.SZ,2026-08-21
300122.SZ,2026-08-24
300129.SZ,2026-01-07
300129.SZ,2026-07-06
300129.SZ,2026-07-07
300131.SZ,2026-04-09
300131.SZ,2026-04-13
300131.SZ,2026-04-14
300137.SZ,2026-07-20
300137.SZ,2026-07-22
300137.SZ,2026-07-23
300139.SZ,2026-01-23
300139.SZ,2026-03-03
300139.SZ,2026-03-04
300141.SZ,2026-01-07
300141.SZ,2026-07-24
300141.SZ,2026-07-27
300142.SZ,2026-08-19
300142.SZ,2026-08-21
300142.SZ,2026-08-24
300145.SZ,2026-06-15
300145.SZ,2026-06-17
300145.SZ,2026-06-18
300149.SZ,2026-03-31
300149.SZ,2026-07-16
300149.SZ,2026-07-17
300152.SZ,2026-02-04
300152.SZ,2026-05-20
300152.SZ,2026-05-21
300157.SZ,2026-02-13
300157.SZ,2026-03-04
300157.SZ,2026-03-05
300162.SZ,2026-03-04
300162.SZ,2026-06-29
300162.SZ,2026-06-30
300163.SZ,2026-07-01
300163.SZ,2026-07-03
300163.SZ,2026-07-06
300164.SZ,2026-01-27
300164.SZ,2026-07-15
300164.SZ,2026-07-16
300165.SZ,2026-04-03
300165.SZ,2026-04-08
300165.SZ,2026-04-09
300166.SZ,2026-04-30
300166.SZ,2026-06-22
300166.SZ,2026-06-23
300167.SZ,2026-06-22
300167.SZ,2026-06-24
300167.SZ,2026-06-25
300169.SZ,2026-07-28
300169.SZ,2026-07-30
300169.SZ,2026-07-31
300170.SZ,2026-01-09
300170.SZ,2026-01-13
300170.SZ,2026-01-14
300174.SZ,2026-05-21
300174.SZ,2026-05-25
300174.SZ,2026-05-26
300175.SZ,2026-06-30
300175.SZ,2026-07-02
300175.SZ,2026-07-03
300179.SZ,2026-02-13
300179.SZ,2026-06-23
300179.SZ,2026-06-24
300182.SZ,2026-02-06
300182.SZ,2026-02-11
300182.SZ,2026-02-12
300185.SZ,2026-03-12
300185.SZ,2026-03-16
300185.SZ,2026-03-17
300187.SZ,2026-04-27
300187.SZ,2026-04-29
300187.SZ,2026-04-30
300189.SZ,2026-08-17
300189.SZ,2026-08-19
300189.SZ,2026-08-20
300191.SZ,2026-02-13
300191.SZ,2026-03-04
300191.SZ,2026-03-05
300196.SZ,2026-05-22
300196.SZ,2026-05-26
300196.SZ,2026-05-27
300197.SZ,2026-05-29
300197.SZ,2026-08-13
300197.SZ,2026-08-14
300200.SZ,2026-01-06
300200.SZ,2026-01-08
300200.SZ,2026-01-09
300204.SZ,2026-03-26
300204.SZ,2026-06-30
300204.SZ,2026-07-01
300209.SZ,2026-04-07
300209.SZ,2026-08-05
300209.SZ,2026-08-06
300210.SZ,2026-05-12
300210.SZ,2026-05-14
300210.SZ,2026-05-15
300212.SZ,2026-05-15
300212.SZ,2026-05-19
300212.SZ,2026-05-20
300214.SZ,2026-06-26
300214.SZ,2026-08-24
300214.SZ,2026-08-25
300215.SZ,2026-01-15
300215.SZ,2026-02-03
300215.SZ,2026-02-04
300221.SZ,2026-06-08
300221.SZ,2026-06-10
300221.SZ,2026-06-11
300223.SZ,2026-06-24
300223.SZ,2026-06-26
300223.SZ,2026-06-29
300229.SZ,2026-01-09
300229.SZ,2026-01-13
300229.SZ,2026-01-14
300231.SZ,2026-07-14
300231.SZ,2026-07-16
300231.SZ,2026-07-17
300238.SZ,2026-01-06
300238.SZ,2026-01-07
300241.SZ,2026-03-04
300241.SZ,2026-03-06
300241.SZ,2026-03-09
300242.SZ,2026-01-19
300242.SZ,2026-01-21
300242.SZ,2026-01-22
300243.SZ,2026-05-21
300243.SZ,2026-06-23
300243.SZ,2026-06-24
300244.SZ,2026-01-08
300244.SZ,2026-01-13
300244.SZ,2026-01-14
300245.SZ,2026-03-24
300245.SZ,2026-03-26
300245.SZ,2026-03-27
300246.SZ,2026-01-12
300246.SZ,2026-03-12
300246.SZ,2026-03-13
300248.SZ,2026-08-04
300248.SZ,2026-08-06
300248.SZ,2026-08-07
300251.SZ,2026-02-09
300251.SZ,2026-02-11
300251.SZ,2026-02-12
300253.SZ,2026-01-09
300253.SZ,2026-01-13
300253.SZ,2026-01-14
300255.SZ,2026-07-09
300255.SZ,2026-07-13
300255.SZ,2026-07-14
300257.SZ,2026-03-09
300257.SZ,2026-03-11
300257.SZ,2026-03-12
300258.SZ,2026-05-07
300258.SZ,2026-05-11
300258.SZ,2026-05-12
300260.SZ,2026-06-08
300260.SZ,2026-06-10
300260.SZ,2026-06-11
300263.SZ,2026-05-14
300263.SZ,2026-06-12
300263.SZ,2026-06-15
300264.SZ,2026-06-09
300264.SZ,2026-06-29
300264.SZ,2026-06-30
300265.SZ,2026-01-30
300265.SZ,2026-05-13
300265.SZ,2026-05-14
300267.SZ,2026-01-12
300267.SZ,2026-01-14
300267.SZ,2026-01-15
300269.SZ,2026-01-05
300269.SZ,2026-07-01
300269.SZ,2026-07-02
300270.SZ,2026-06-29
300270.SZ,2026-08-05
300270.SZ,2026-08-06
300275.SZ,2026-05-22
300275.SZ,2026-05-26
300275.SZ,2026-05-27
300276.SZ,2026-05-14
300276.SZ,2026-05-18
300276.SZ,2026-05-19
300277.SZ,2026-02-11
300277.SZ,2026-02-13
300277.SZ,2026-02-24
300279.SZ,2026-01-16
300279.SZ,2026-01-20
300279.SZ,2026-01-21
300283.SZ,2026-04-23
300283.SZ,2026-06-18
300283.SZ,2026-06-22
300285.SZ,2026-07-20
300285.SZ,2026-07-22
300285.SZ,2026-07-23
300287.SZ,2026-06-30
300287.SZ,2026-07-02
300287.SZ,2026-07-03
300289.SZ,2026-06-10
300289.SZ,2026-06-12
300289.SZ,2026-06-15
300290.SZ,2026-07-27
300290.SZ,2026-07-29
300290.SZ,2026-07-30
300291.SZ,2026-01-09
300291.SZ,2026-05-28
300291.SZ,2026-05-29
300300.SZ,2026-02-04
300300.SZ,2026-02-06
300300.SZ,2026-02-09
300302.SZ,2026-03-17
300302.SZ,2026-05-19
300302.SZ,2026-05-20
300303.SZ,2026-02-25
300303.SZ,2026-03-06
300303.SZ,2026-03-09
300305.SZ,2026-07-31
300305.SZ,2026-08-04
300305.SZ,2026-08-05
300311.SZ,2026-08-05
300311.SZ,2026-08-07
300311.SZ,2026-08-10
300313.SZ,2026-08-14
300313.SZ,2026-08-25
300313.SZ,2026-08-26
300314.SZ,2026-08-14
300314.SZ,2026-08-18
300314.SZ,2026-08-19
300317.SZ,2026-02-26
300317.SZ,2026-03-02
300317.SZ,2026-03-03
300319.SZ,2026-06-17
300319.SZ,2026-06-22
300319.SZ,2026-06-23
300321.SZ,2026-06-29
300321.SZ,2026-07-01
300321.SZ,2026-07-02
300323.SZ,2026-03-04
300323.SZ,2026-03-06
300323.SZ,2026-03-09
300331.SZ,2026-01-05
300331.SZ,2026-01-07
300331.SZ,2026-01-08
300332.SZ,2026-03-02
300332.SZ,2026-03-20
300332.SZ,2026-03-23
300333.SZ,2026-07-28
300333.SZ,2026-08-14
300333.SZ,2026-08-17
300334.SZ,2026-06-04
300334.SZ,2026-06-08
300334.SZ,2026-06-09
300335.SZ,2026-03-23
300335.SZ,2026-03-25
300335.SZ,2026-03-26
300342.SZ,2026-01-09
300342.SZ,2026-01-13
300342.SZ,2026-01-14
300343.SZ,2026-06-30
300343.SZ,2026-07-02
300343.SZ,2026-07-03
300344.SZ,2026-01-16
300344.SZ,2026-01-20
300344.SZ,2026-01-21
300344.SZ,2026-01-22
300344.SZ,2026-01-23
300344.SZ,2026-01-26
300344.SZ,2026-01-27
300344.SZ,2026-01-28
300344.SZ,2026-01-29
300344.SZ,2026-02-04
300344.SZ,2026-02-05
300344.SZ,2026-02-11
300344.SZ,2026-02-12
300345.SZ,2026-01-22
300345.SZ,2026-08-18
300345.SZ,2026-08-19
300346.SZ,2026-01-06
300346.SZ,2026-01-08
300346.SZ,2026-01-09
300349.SZ,2026-01-09
300349.SZ,2026-01-13
300349.SZ,2026-01-14
300351.SZ,2026-06-16
300351.SZ,2026-06-18
300351.SZ,2026-06-22
300353.SZ,2026-06-04
300353.SZ,2026-06-08
300353.SZ,2026-06-09
300359.SZ,2026-07-28
300359.SZ,2026-07-30
300359.SZ,2026-07-31
300363.SZ,2026-08-06
300363.SZ,2026-08-21
300363.SZ,2026-08-24
300364.SZ,2026-01-09
300368.SZ,2026-04-30
300368.SZ,2026-08-28
300368.SZ,2026-08-31
300369.SZ,2026-07-07
300369.SZ,2026-07-09
300369.SZ,2026-07-10
300376.SZ,2026-06-05
300376.SZ,2026-06-09
300376.SZ,2026-06-10
300377.SZ,2026-06-11
300377.SZ,2026-06-15
300377.SZ,2026-06-16
300378.SZ,2026-08-27
300378.SZ,2026-08-31
300385.SZ,2026-01-22
300385.SZ,2026-07-02
300385.SZ,2026-07-03
300386.SZ,2026-06-16
300386.SZ,2026-08-07
300386.SZ,2026-08-10
300389.SZ,2026-03-04
300389.SZ,2026-03-06
300389.SZ,2026-03-09
300391.SZ,2026-01-19
300391.SZ,2026-01-20
300391.SZ,2026-01-21
300391.SZ,2026-01-22
300391.SZ,2026-01-23
300391.SZ,2026-03-20
300391.SZ,2026-03-23
300393.SZ,2026-02-03
300393.SZ,2026-02-05
300393.SZ,2026-02-06
300399.SZ,2026-01-05
300399.SZ,2026-01-07
300399.SZ,2026-01-08
300401.SZ,2026-06-18
300401.SZ,2026-06-23
300401.SZ,2026-06-24
300404.SZ,2026-01-12
300404.SZ,2026-08-17
300404.SZ,2026-08-18
300409.SZ,2026-01-13
300409.SZ,2026-01-14
300411.SZ,2026-06-08
300411.SZ,2026-06-10
300411.SZ,2026-06-18
300413.SZ,2026-08-28
300414.SZ,2026-07-23
300414.SZ,2026-07-27
300414.SZ,2026-07-28
300418.SZ,2026-01-08
300418.SZ,2026-08-03
300418.SZ,2026-08-04
300422.SZ,2026-04-23
300422.SZ,2026-04-27
300422.SZ,2026-04-28
300423.SZ,2026-02-03
300423.SZ,2026-02-05
300423.SZ,2026-02-06
300426.SZ,2026-08-10
300426.SZ,2026-08-12
300426.SZ,2026-08-13
300427.SZ,2026-01-13
300427.SZ,2026-01-15
300427.SZ,2026-01-16
300430.SZ,2026-01-07
300430.SZ,2026-01-08
300434.SZ,2026-06-26
300434.SZ,2026-06-30
300434.SZ,2026-07-01
300435.SZ,2026-01-09
300435.SZ,2026-01-13
300435.SZ,2026-01-14
300436.SZ,2026-01-22
300436.SZ,2026-06-30
300436.SZ,2026-07-01
300437.SZ,2026-02-24
300437.SZ,2026-02-26
300437.SZ,2026-02-27
300438.SZ,2026-04-28
300438.SZ,2026-04-30
300438.SZ,2026-05-06
300444.SZ,2026-01-16
300444.SZ,2026-07-24
300444.SZ,2026-07-27
300449.SZ,2026-02-12
300449.SZ,2026-05-13
300449.SZ,2026-05-14
300452.SZ,2026-01-14
300452.SZ,2026-01-16
300452.SZ,2026-01-19
300454.SZ,2026-01-21
300454.SZ,2026-07-09
300454.SZ,2026-07-10
300456.SZ,2026-08-26
300456.SZ,2026-08-28
300456.SZ,2026-08-31
300461.SZ,2026-02-04
300461.SZ,2026-03-30
300461.SZ,2026-03-31
300463.SZ,2026-01-23
300463.SZ,2026-01-27
300463.SZ,2026-01-28
300469.SZ,2026-07-08
300469.SZ,2026-07-10
300469.SZ,2026-07-13
300475.SZ,2026-04-07
300475.SZ,2026-06-18
300475.SZ,2026-06-22
300480.SZ,2026-02-06
300480.SZ,2026-07-27
300480.SZ,2026-07-28
300481.SZ,2026-06-10
300481.SZ,2026-07-02
300481.SZ,2026-07-03
300483.SZ,2026-03-02
300483.SZ,2026-03-04
300483.SZ,2026-03-05
300486.SZ,2026-05-28
300486.SZ,2026-06-03
300486.SZ,2026-06-04
300487.SZ,2026-06-30
300487.SZ,2026-07-02
300487.SZ,2026-07-03
300488.SZ,2026-05-07
300488.SZ,2026-05-11
300488.SZ,2026-05-12
300489.SZ,2026-04-08
300489.SZ,2026-08-05
300489.SZ,2026-08-06
300497.SZ,2026-03-23
300497.SZ,2026-03-25
300497.SZ,2026-03-26
300499.SZ,2026-02-25
300499.SZ,2026-02-27
300499.SZ,2026-03-02
300503.SZ,2026-06-29
300503.SZ,2026-07-01
300503.SZ,2026-07-02
300504.SZ,2026-03-10
300504.SZ,2026-03-12
300504.SZ,2026-03-13
300505.SZ,2026-02-24
300505.SZ,2026-06-12
300505.SZ,2026-06-15
300506.SZ,2026-06-23
300506.SZ,2026-06-25
300506.SZ,2026-06-26
300508.SZ,2026-07-30
300508.SZ,2026-08-03
300508.SZ,2026-08-04
300510.SZ,2026-07-22
300510.SZ,2026-07-24
300510.SZ,2026-07-27
300515.SZ,2026-07-17
300515.SZ,2026-07-21
300515.SZ,2026-07-22
300516.SZ,2026-06-02
300516.SZ,2026-06-04
300516.SZ,2026-06-05
300518.SZ,2026-06-29
300518.SZ,2026-07-02
300518.SZ,2026-07-03
300520.SZ,2026-01-09
300520.SZ,2026-01-15
300520.SZ,2026-01-16
300522.SZ,2026-06-17
300522.SZ,2026-06-23
300522.SZ,2026-06-24
300528.SZ,2026-02-09
300528.SZ,2026-07-16
300528.SZ,2026-07-17
300530.SZ,2026-07-28
300530.SZ,2026-07-30
300530.SZ,2026-07-31
300533.SZ,2026-04-20
300533.SZ,2026-04-22
300533.SZ,2026-04-23
300534.SZ,2026-07-10
300534.SZ,2026-08-14
300534.SZ,2026-08-17
300539.SZ,2026-06-30
300539.SZ,2026-07-02
300539.SZ,2026-07-03
300540.SZ,2026-04-17
300540.SZ,2026-08-07
300540.SZ,2026-08-10
300545.SZ,2026-06-29
300545.SZ,2026-07-01
300545.SZ,2026-07-02
300548.SZ,2026-06-12
300548.SZ,2026-06-16
300548.SZ,2026-06-17
300552.SZ,2026-01-05
300552.SZ,2026-08-06
300552.SZ,2026-08-07
300561.SZ,2026-07-02
300561.SZ,2026-07-03
300563.SZ,2026-06-29
300563.SZ,2026-07-01
300563.SZ,2026-07-02
300566.SZ,2026-07-13
300566.SZ,2026-07-15
300566.SZ,2026-07-16
300570.SZ,2026-06-12
300570.SZ,2026-08-18
300570.SZ,2026-08-19
300571.SZ,2026-03-17
300571.SZ,2026-04-09
300571.SZ,2026-04-10
300577.SZ,2026-07-16
300577.SZ,2026-07-20
300577.SZ,2026-07-21
300578.SZ,2026-01-08
300578.SZ,2026-01-12
300578.SZ,2026-01-13
300580.SZ,2026-07-02
300580.SZ,2026-07-06
300580.SZ,2026-07-07
300581.SZ,2026-06-11
300581.SZ,2026-06-15
300581.SZ,2026-06-16
300582.SZ,2026-04-24
300582.SZ,2026-04-28
300582.SZ,2026-04-29
300584.SZ,2026-06-16
300584.SZ,2026-06-18
300584.SZ,2026-06-22
300588.SZ,2026-06-12
300588.SZ,2026-06-16
300588.SZ,2026-06-17
300590.SZ,2026-04-22
300590.SZ,2026-04-24
300590.SZ,2026-04-27
300592.SZ,2026-01-21
300592.SZ,2026-08-05
300592.SZ,2026-08-06
300593.SZ,2026-06-08
300593.SZ,2026-06-10
300593.SZ,2026-06-11
300598.SZ,2026-08-17
300598.SZ,2026-08-19
300598.SZ,2026-08-20
300599.SZ,2026-01-06
300599.SZ,2026-01-07
300601.SZ,2026-08-19
300601.SZ,2026-08-21
300601.SZ,2026-08-24
300604.SZ,2026-05-08
300604.SZ,2026-07-22
300604.SZ,2026-07-23
300606.SZ,2026-01-15
300606.SZ,2026-03-17
300606.SZ,2026-03-18
300607.SZ,2026-06-30
300607.SZ,2026-07-02
300607.SZ,2026-07-03
300608.SZ,2026-04-02
300608.SZ,2026-05-20
300608.SZ,2026-05-21
300613.SZ,2026-04-23
300613.SZ,2026-08-04
300613.SZ,2026-08-05
300615.SZ,2026-07-24
300615.SZ,2026-08-07
300615.SZ,2026-08-10
300616.SZ,2026-05-08
300616.SZ,2026-05-20
300616.SZ,2026-05-21
300617.SZ,2026-03-03
300617.SZ,2026-03-05
300617.SZ,2026-03-06
300620.SZ,2026-08-03
300620.SZ,2026-08-05
300620.SZ,2026-08-06
300624.SZ,2026-01-09
300624.SZ,2026-01-13
300624.SZ,2026-01-14
300626.SZ,2026-04-02
300626.SZ,2026-07-10
300626.SZ,2026-07-13
300629.SZ,2026-03-09
300629.SZ,2026-03-11
300629.SZ,2026-03-12
300632.SZ,2026-04-28
300632.SZ,2026-05-20
300632.SZ,2026-05-21
300634.SZ,2026-05-18
300634.SZ,2026-05-20
300634.SZ,2026-05-21
300639.SZ,2026-01-23
300639.SZ,2026-01-28
300639.SZ,2026-01-29
300642.SZ,2026-08-24
300642.SZ,2026-08-26
300642.SZ,2026-08-27
300643.SZ,2026-07-20
300643.SZ,2026-07-22
300643.SZ,2026-07-23
300649.SZ,2026-05-29
300649.SZ,2026-06-02
300649.SZ,2026-06-03
300650.SZ,2026-06-24
300650.SZ,2026-06-26
300650.SZ,2026-06-29
300651.SZ,2026-04-03
300651.SZ,2026-04-08
300651.SZ,2026-04-09
300652.SZ,2026-05-07
300652.SZ,2026-05-08
300656.SZ,2026-06-08
300656.SZ,2026-06-10
300656.SZ,2026-06-11
300657.SZ,2026-05-15
300657.SZ,2026-05-20
300657.SZ,2026-05-21
300658.SZ,2026-03-26
300658.SZ,2026-03-27
300663.SZ,2026-07-27
300663.SZ,2026-07-29
300663.SZ,2026-07-30
300665.SZ,2026-06-15
300665.SZ,2026-06-24
300665.SZ,2026-06-25
300666.SZ,2026-06-10
300666.SZ,2026-06-12
300666.SZ,2026-06-15
300671.SZ,2026-06-29
300671.SZ,2026-07-01
300671.SZ,2026-07-02
300679.SZ,2026-04-07
300679.SZ,2026-08-18
300679.SZ,2026-08-19
300684.SZ,2026-07-03
300684.SZ,2026-08-19
300684.SZ,2026-08-20
300686.SZ,2026-08-04
300686.SZ,2026-08-06
300686.SZ,2026-08-07
300688.SZ,2026-07-21
300688.SZ,2026-07-23
300688.SZ,2026-07-24
300689.SZ,2026-01-26
300689.SZ,2026-01-28
300689.SZ,2026-01-29
300690.SZ,2026-03-11
300690.SZ,2026-03-13
300690.SZ,2026-03-16
300695.SZ,2026-07-01
300695.SZ,2026-07-03
300695.SZ,2026-07-06
300706.SZ,2026-06-10
300706.SZ,2026-06-12
300706.SZ,2026-06-15
300708.SZ,2026-03-04
300708.SZ,2026-03-06
300708.SZ,2026-03-09
300710.SZ,2026-08-19
300710.SZ,2026-08-21
300710.SZ,2026-08-24
300711.SZ,2026-01-09
300711.SZ,2026-08-07
300711.SZ,2026-08-10
300715.SZ,2026-05-13
300715.SZ,2026-05-15
300715.SZ,2026-05-18
300718.SZ,2026-07-02
300718.SZ,2026-07-06
300718.SZ,2026-07-07
300719.SZ,2026-02-12
300719.SZ,2026-02-24
300719.SZ,2026-02-25
300720.SZ,2026-07-30
300720.SZ,2026-08-05
300720.SZ,2026-08-06
300721.SZ,2026-04-22
300721.SZ,2026-06-24
300721.SZ,2026-06-25
300724.SZ,2026-01-22
300724.SZ,2026-01-26
300724.SZ,2026-01-27
300726.SZ,2026-06-03
300726.SZ,2026-06-16
300726.SZ,2026-06-17
300731.SZ,2026-01-29
300731.SZ,2026-02-02
300731.SZ,2026-02-03
300735.SZ,2026-06-16
300735.SZ,2026-06-18
300735.SZ,2026-06-22
300736.SZ,2026-04-15
300736.SZ,2026-05-12
300736.SZ,2026-05-13
300737.SZ,2026-01-21
300737.SZ,2026-06-18
300737.SZ,2026-06-22
300740.SZ,2026-07-01
300740.SZ,2026-07-03
300740.SZ,2026-07-06
300749.SZ,2026-02-06
300749.SZ,2026-02-25
300749.SZ,2026-02-26
300751.SZ,2026-01-22
300751.SZ,2026-01-26
300751.SZ,2026-01-27
300753.SZ,2026-07-28
300753.SZ,2026-07-29
300757.SZ,2026-02-02
300757.SZ,2026-02-04
300757.SZ,2026-02-05
300758.SZ,2026-01-13
300758.SZ,2026-01-16
300758.SZ,2026-01-19
300765.SZ,2026-08-19
300765.SZ,2026-08-21
300765.SZ,2026-08-24
300766.SZ,2026-01-09
300766.SZ,2026-01-13
300766.SZ,2026-01-14
300769.SZ,2026-04-28
300769.SZ,2026-04-30
300769.SZ,2026-05-06
300773.SZ,2026-01-13
300773.SZ,2026-01-15
300773.SZ,2026-01-16
300775.SZ,2026-01-21
300775.SZ,2026-01-23
300775.SZ,2026-01-26
300776.SZ,2026-04-16
300776.SZ,2026-04-20
300776.SZ,2026-04-21
300779.SZ,2026-05-22
300779.SZ,2026-07-23
300779.SZ,2026-07-24
300780.SZ,2026-01-15
300780.SZ,2026-06-17
300780.SZ,2026-06-18
300781.SZ,2026-01-28
300781.SZ,2026-01-30
300781.SZ,2026-02-02
300785.SZ,2026-01-09
300785.SZ,2026-01-15
300785.SZ,2026-01-16
300786.SZ,2026-07-09
300786.SZ,2026-07-13
300786.SZ,2026-07-14
300788.SZ,2026-02-24
300788.SZ,2026-02-26
300788.SZ,2026-02-27
300789.SZ,2026-07-30
300789.SZ,2026-08-03
300789.SZ,2026-08-04
300792.SZ,2026-01-09
300792.SZ,2026-01-15
300792.SZ,2026-01-16
300795.SZ,2026-05-25
300795.SZ,2026-07-28
300795.SZ,2026-07-29
300798.SZ,2026-01-27
300798.SZ,2026-04-17
300798.SZ,2026-04-20
300802.SZ,2026-07-24
300802.SZ,2026-07-28
300802.SZ,2026-07-29
300805.SZ,2026-01-29
300805.SZ,2026-07-17
300805.SZ,2026-07-20
300806.SZ,2026-01-26
300806.SZ,2026-04-20
300806.SZ,2026-04-21
300807.SZ,2026-04-17
300807.SZ,2026-05-08
300807.SZ,2026-05-11
300812.SZ,2026-02-12
300812.SZ,2026-04-07
300812.SZ,2026-04-08
300814.SZ,2026-07-20
300814.SZ,2026-07-22
300814.SZ,2026-07-23
300816.SZ,2026-01-09
300816.SZ,2026-01-13
300816.SZ,2026-01-14
300819.SZ,2026-02-10
300819.SZ,2026-06-26
300819.SZ,2026-06-29
300821.SZ,2026-02-24
300821.SZ,2026-04-08
300821.SZ,2026-04-09
300827.SZ,2026-03-19
300827.SZ,2026-03-23
300827.SZ,2026-03-24
300828.SZ,2026-01-21
300828.SZ,2026-01-23
300828.SZ,2026-01-26
300830.SZ,2026-01-09
300830.SZ,2026-03-02
300830.SZ,2026-03-03
300834.SZ,2026-03-30
300834.SZ,2026-07-23
300834.SZ,2026-07-24
300835.SZ,2026-05-22
300835.SZ,2026-06-24
300835.SZ,2026-06-25
300837.SZ,2026-01-05
300837.SZ,2026-01-22
300837.SZ,2026-01-23
300839.SZ,2026-03-02
300839.SZ,2026-08-24
300839.SZ,2026-08-25
300841.SZ,2026-08-19
300841.SZ,2026-08-21
300841.SZ,2026-08-24
300842.SZ,2026-01-12
300842.SZ,2026-02-04
300842.SZ,2026-02-05
300843.SZ,2026-06-15
300843.SZ,2026-06-17
300843.SZ,2026-06-18
300846.SZ,2026-02-11
300846.SZ,2026-02-13
300846.SZ,2026-02-24
300849.SZ,2026-05-29
300849.SZ,2026-06-02
300849.SZ,2026-06-03
300852.SZ,2026-06-30
300852.SZ,2026-07-02
300852.SZ,2026-07-03
300857.SZ,2026-04-13
300857.SZ,2026-04-15
300857.SZ,2026-04-16
300858.SZ,2026-03-26
300858.SZ,2026-03-30
300858.SZ,2026-03-31
300861.SZ,2026-01-22
300861.SZ,2026-06-22
300861.SZ,2026-06-23
300862.SZ,2026-07-24
300862.SZ,2026-08-17
300862.SZ,2026-08-18
300868.SZ,2026-03-20
300868.SZ,2026-05-26
300868.SZ,2026-05-27
300871.SZ,2026-01-23
300871.SZ,2026-01-27
300871.SZ,2026-01-28
300873.SZ,2026-06-29
300873.SZ,2026-07-01
300873.SZ,2026-07-02
300878.SZ,2026-01-08
300878.SZ,2026-05-18
300878.SZ,2026-05-19
300880.SZ,2026-03-03
300880.SZ,2026-03-05
300880.SZ,2026-03-06
300882.SZ,2026-06-18
300882.SZ,2026-06-23
300882.SZ,2026-06-24
300884.SZ,2026-01-06
300884.SZ,2026-01-07
300885.SZ,2026-04-29
300885.SZ,2026-05-06
300885.SZ,2026-05-07
300887.SZ,2026-01-09
300887.SZ,2026-01-12
300890.SZ,2026-04-21
300890.SZ,2026-04-23
300890.SZ,2026-04-24
300894.SZ,2026-06-10
300894.SZ,2026-07-31
300894.SZ,2026-08-03
300895.SZ,2026-03-04
300895.SZ,2026-03-20
300895.SZ,2026-03-23
300897.SZ,2026-06-03
300897.SZ,2026-07-28
300897.SZ,2026-07-29
300900.SZ,2026-03-27
300900.SZ,2026-03-31
300900.SZ,2026-04-01
300903.SZ,2026-06-16
300903.SZ,2026-08-07
300903.SZ,2026-08-10
300905.SZ,2026-04-15
300905.SZ,2026-04-29
300905.SZ,2026-04-30
300907.SZ,2026-05-21
300907.SZ,2026-05-25
300907.SZ,2026-05-26
300911.SZ,2026-08-18
300912.SZ,2026-01-20
300912.SZ,2026-07-15
300912.SZ,2026-07-16
300916.SZ,2026-08-06
300916.SZ,2026-08-10
300916.SZ,2026-08-11
300922.SZ,2026-08-24
300922.SZ,2026-08-26
300922.SZ,2026-08-27
300927.SZ,2026-01-19
300927.SZ,2026-04-08
300927.SZ,2026-04-09
300929.SZ,2026-08-13
300929.SZ,2026-08-17
300929.SZ,2026-08-18
300931.SZ,2026-06-15
300931.SZ,2026-06-17
300931.SZ,2026-06-18
300936.SZ,2026-03-09
300936.SZ,2026-03-11
300936.SZ,2026-03-12
300937.SZ,2026-07-13
300937.SZ,2026-08-14
300937.SZ,2026-08-17
300939.SZ,2026-05-22
300939.SZ,2026-05-26
300939.SZ,2026-05-27
300943.SZ,2026-02-25
300943.SZ,2026-02-27
300943.SZ,2026-03-02
300952.SZ,2026-01-15
300952.SZ,2026-01-19
300952.SZ,2026-01-20
300956.SZ,2026-05-29
300956.SZ,2026-06-02
300956.SZ,2026-06-03
300959.SZ,2026-05-11
300959.SZ,2026-05-14
300959.SZ,2026-05-15
300961.SZ,2026-06-22
300961.SZ,2026-06-24
300961.SZ,2026-06-25
300964.SZ,2026-05-27
300964.SZ,2026-06-17
300964.SZ,2026-06-18
300965.SZ,2026-04-24
300965.SZ,2026-05-14
300965.SZ,2026-05-15
300968.SZ,2026-07-15
300968.SZ,2026-07-17
300968.SZ,2026-07-20
300970.SZ,2026-04-22
300970.SZ,2026-08-19
300970.SZ,2026-08-20
300975.SZ,2026-01-28
300975.SZ,2026-05-26
300975.SZ,2026-05-27
300980.SZ,2026-06-29
300980.SZ,2026-07-01
300980.SZ,2026-07-02
300981.SZ,2026-03-12
300981.SZ,2026-07-30
300981.SZ,2026-07-31
300982.SZ,2026-02-06
300982.SZ,2026-04-30
300982.SZ,2026-05-06
300985.SZ,2026-02-03
300985.SZ,2026-07-06
300985.SZ,2026-07-07
300986.SZ,2026-08-10
300986.SZ,2026-08-11
300987.SZ,2026-01-09
300987.SZ,2026-01-13
300987.SZ,2026-01-14
300992.SZ,2026-03-23
300992.SZ,2026-04-01
300992.SZ,2026-04-02
300996.SZ,2026-07-24
300996.SZ,2026-08-03
300996.SZ,2026-08-04
300997.SZ,2026-07-28
300997.SZ,2026-07-30
300997.SZ,2026-07-31
301000.SZ,2026-05-06
301000.SZ,2026-06-17
301000.SZ,2026-06-18
301001.SZ,2026-01-13
301001.SZ,2026-01-15
301001.SZ,2026-01-16
301003.SZ,2026-04-21
301003.SZ,2026-04-23
301003.SZ,2026-04-24
301008.SZ,2026-03-27
301008.SZ,2026-08-10
301008.SZ,2026-08-11
301012.SZ,2026-07-20
301012.SZ,2026-07-22
301012.SZ,2026-07-23
301013.SZ,2026-05-19
301013.SZ,2026-06-10
301013.SZ,2026-06-11
301016.SZ,2026-01-05
301016.SZ,2026-01-07
301016.SZ,2026-01-08
301019.SZ,2026-07-01
301019.SZ,2026-07-03
301019.SZ,2026-07-06
301020.SZ,2026-05-19
301020.SZ,2026-05-21
301020.SZ,2026-05-22
301022.SZ,2026-04-03
301022.SZ,2026-04-22
301022.SZ,2026-04-23
301023.SZ,2026-01-20
301023.SZ,2026-01-22
301023.SZ,2026-01-23
301025.SZ,2026-02-09
301025.SZ,2026-02-11
301025.SZ,2026-02-12
301026.SZ,2026-08-04
301026.SZ,2026-08-06
301026.SZ,2026-08-07
301028.SZ,2026-05-07
301028.SZ,2026-05-11
301028.SZ,2026-05-12
301030.SZ,2026-06-26
301030.SZ,2026-06-30
301030.SZ,2026-07-01
301031.SZ,2026-01-20
301031.SZ,2026-01-22
301031.SZ,2026-01-23
301032.SZ,2026-03-05
301032.SZ,2026-03-09
301032.SZ,2026-03-10
301033.SZ,2026-06-30
301033.SZ,2026-07-01
301043.SZ,2026-01-13
301043.SZ,2026-01-15
301043.SZ,2026-01-16
301045.SZ,2026-06-29
301045.SZ,2026-08-06
301045.SZ,2026-08-07
301047.SZ,2026-08-03
301047.SZ,2026-08-10
301047.SZ,2026-08-11
301048.SZ,2026-03-30
301048.SZ,2026-04-01
301048.SZ,2026-04-02
301051.SZ,2026-06-25
301051.SZ,2026-08-11
301051.SZ,2026-08-12
301055.SZ,2026-06-15
301055.SZ,2026-06-17
301055.SZ,2026-06-18
301060.SZ,2026-01-12
301060.SZ,2026-08-14
301060.SZ,2026-08-17
301066.SZ,2026-01-09
301066.SZ,2026-01-13
301066.SZ,2026-01-14
301068.SZ,2026-03-11
301068.SZ,2026-03-13
301068.SZ,2026-03-16
301070.SZ,2026-04-07
301070.SZ,2026-04-09
301070.SZ,2026-04-10
301071.SZ,2026-06-18
301071.SZ,2026-06-23
301071.SZ,2026-06-24
301077.SZ,2026-04-23
301077.SZ,2026-04-27
301077.SZ,2026-04-28
301079.SZ,2026-01-06
301079.SZ,2026-04-01
301079.SZ,2026-04-02
301080.SZ,2026-08-06
301080.SZ,2026-08-11
301080.SZ,2026-08-12
301081.SZ,2026-05-14
301081.SZ,2026-05-18
301081.SZ,2026-05-19
301082.SZ,2026-07-31
301082.SZ,2026-08-04
301082.SZ,2026-08-05
301085.SZ,2026-02-09
301085.SZ,2026-07-28
301085.SZ,2026-07-29
301092.SZ,2026-05-19
301092.SZ,2026-07-03
301092.SZ,2026-07-06
301093.SZ,2026-01-09
301093.SZ,2026-01-13
301093.SZ,2026-01-14
301099.SZ,2026-06-15
301099.SZ,2026-06-17
301099.SZ,2026-06-18
301100.SZ,2026-02-24
301100.SZ,2026-07-15
301100.SZ,2026-07-16
301106.SZ,2026-08-17
301106.SZ,2026-08-19
301106.SZ,2026-08-20
301107.SZ,2026-05-29
301107.SZ,2026-06-02
301107.SZ,2026-06-03
301111.SZ,2026-06-16
301111.SZ,2026-06-18
301111.SZ,2026-06-22
301112.SZ,2026-07-28
301112.SZ,2026-07-30
301112.SZ,2026-07-31
301115.SZ,2026-06-02
301115.SZ,2026-06-04
301115.SZ,2026-06-05
301117.SZ,2026-01-13
301117.SZ,2026-07-13
301117.SZ,2026-07-14
301119.SZ,2026-02-03
301119.SZ,2026-02-05
301119.SZ,2026-02-06
301120.SZ,2026-05-18
301120.SZ,2026-05-20
301120.SZ,2026-05-21
301121.SZ,2026-07-24
301121.SZ,2026-07-28
301121.SZ,2026-07-29
301123.SZ,2026-05-27
301123.SZ,2026-06-05
301123.SZ,2026-06-08
301127.SZ,2026-08-14
301127.SZ,2026-08-18
301127.SZ,2026-08-19
301128.SZ,2026-03-17
301128.SZ,2026-03-19
301128.SZ,2026-03-20
301129.SZ,2026-03-03
301129.SZ,2026-08-19
301129.SZ,2026-08-20
301130.SZ,2026-08-13
301130.SZ,2026-08-20
301130.SZ,2026-08-21
301132.SZ,2026-06-23
301132.SZ,2026-06-25
301132.SZ,2026-06-26
301139.SZ,2026-05-19
301139.SZ,2026-08-04
301139.SZ,2026-08-05
301148.SZ,2026-04-15
301148.SZ,2026-04-17
301148.SZ,2026-04-20
301149.SZ,2026-01-22
301149.SZ,2026-01-26
301149.SZ,2026-01-27
301151.SZ,2026-06-04
301152.SZ,2026-08-21
301152.SZ,2026-08-25
301152.SZ,2026-08-26
301157.SZ,2026-04-13
301157.SZ,2026-04-15
301157.SZ,2026-04-16
301158.SZ,2026-02-27
301158.SZ,2026-07-24
301158.SZ,2026-07-27
301159.SZ,2026-01-09
301159.SZ,2026-01-15
301159.SZ,2026-01-16
301165.SZ,2026-06-29
301165.SZ,2026-07-01
301165.SZ,2026-07-02
301166.SZ,2026-08-19
301166.SZ,2026-08-21
301166.SZ,2026-08-24
301171.SZ,2026-01-08
301171.SZ,2026-08-03
301171.SZ,2026-08-04
301175.SZ,2026-02-25
301175.SZ,2026-02-27
301175.SZ,2026-03-02
301176.SZ,2026-05-18
301176.SZ,2026-07-17
301176.SZ,2026-07-20
301177.SZ,2026-01-27
301177.SZ,2026-08-27
301177.SZ,2026-08-28
301179.SZ,2026-03-06
301179.SZ,2026-03-10
301179.SZ,2026-03-11
301181.SZ,2026-04-08
301181.SZ,2026-04-10
301181.SZ,2026-04-13
301182.SZ,2026-02-02
301182.SZ,2026-08-04
301182.SZ,2026-08-05
301183.SZ,2026-05-07
301183.SZ,2026-05-11
301183.SZ,2026-05-12
301188.SZ,2026-03-31
301188.SZ,2026-06-05
301188.SZ,2026-06-08
301189.SZ,2026-04-13
301189.SZ,2026-04-16
301189.SZ,2026-04-17
301190.SZ,2026-07-17
301190.SZ,2026-07-21
301190.SZ,2026-07-22
301191.SZ,2026-03-17
301191.SZ,2026-07-07
301191.SZ,2026-07-08
301193.SZ,2026-06-04
301193.SZ,2026-06-08
301193.SZ,2026-06-09
301195.SZ,2026-06-05
301195.SZ,2026-06-09
301195.SZ,2026-06-10
301196.SZ,2026-03-24
301196.SZ,2026-06-16
301196.SZ,2026-06-17
301197.SZ,2026-05-11
301197.SZ,2026-05-13
301197.SZ,2026-05-14
301199.SZ,2026-07-02
301199.SZ,2026-07-06
301199.SZ,2026-07-07
301200.SZ,2026-01-20
301200.SZ,2026-01-22
301200.SZ,2026-01-23
301202.SZ,2026-07-07
301202.SZ,2026-07-09
301202.SZ,2026-07-10
301205.SZ,2026-03-05
301205.SZ,2026-07-22
301205.SZ,2026-07-23
301207.SZ,2026-01-23
301207.SZ,2026-01-27
301207.SZ,2026-01-28
301211.SZ,2026-06-22
301211.SZ,2026-08-20
301211.SZ,2026-08-21
301213.SZ,2026-03-03
301213.SZ,2026-03-04
301217.SZ,2026-04-28
301217.SZ,2026-06-16
301217.SZ,2026-06-17
301218.SZ,2026-03-05
301219.SZ,2026-04-13
301219.SZ,2026-04-15
301219.SZ,2026-04-16
301222.SZ,2026-06-08
301222.SZ,2026-06-10
301222.SZ,2026-06-11
301226.SZ,2026-02-26
301226.SZ,2026-03-25
301226.SZ,2026-03-26
301227.SZ,2026-08-03
301227.SZ,2026-08-05
301227.SZ,2026-08-06
301230.SZ,2026-01-08
301230.SZ,2026-08-10
301230.SZ,2026-08-11
301231.SZ,2026-01-09
301232.SZ,2026-01-22
301232.SZ,2026-04-09
301232.SZ,2026-04-10
301234.SZ,2026-07-07
301234.SZ,2026-08-10
301234.SZ,2026-08-11
301235.SZ,2026-01-15
301235.SZ,2026-01-19
301235.SZ,2026-01-20
301236.SZ,2026-05-29
301236.SZ,2026-06-02
301236.SZ,2026-06-03
301237.SZ,2026-04-16
301237.SZ,2026-04-20
301237.SZ,2026-04-21
301248.SZ,2026-01-09
301248.SZ,2026-04-28
301248.SZ,2026-04-29
301251.SZ,2026-07-06
301251.SZ,2026-08-07
301251.SZ,2026-08-10
301255.SZ,2026-03-30
301255.SZ,2026-04-01
301255.SZ,2026-04-02
301256.SZ,2026-01-06
301256.SZ,2026-01-08
301256.SZ,2026-01-09
301257.SZ,2026-01-12
301257.SZ,2026-01-14
301257.SZ,2026-01-15
301259.SZ,2026-07-13
301259.SZ,2026-07-15
301259.SZ,2026-07-16
301261.SZ,2026-04-27
301261.SZ,2026-04-29
301261.SZ,2026-04-30
301262.SZ,2026-02-06
301265.SZ,2026-03-05
301265.SZ,2026-04-21
301265.SZ,2026-04-22
301270.SZ,2026-08-03
301270.SZ,2026-08-05
301270.SZ,2026-08-06
301273.SZ,2026-07-20
301273.SZ,2026-07-22
301273.SZ,2026-07-23
301275.SZ,2026-01-13
301275.SZ,2026-01-15
301275.SZ,2026-01-16
301279.SZ,2026-06-30
301279.SZ,2026-07-02
301279.SZ,2026-07-03
301282.SZ,2026-07-20
301282.SZ,2026-08-18
301282.SZ,2026-08-19
301286.SZ,2026-01-21
301286.SZ,2026-01-23
301286.SZ,2026-01-26
301292.SZ,2026-03-26
301292.SZ,2026-07-24
301292.SZ,2026-07-27
301293.SZ,2026-01-07
301293.SZ,2026-01-08
301302.SZ,2026-02-27
301302.SZ,2026-06-09
301302.SZ,2026-06-10
301306.SZ,2026-03-19
301306.SZ,2026-03-20
301307.SZ,2026-06-26
301307.SZ,2026-06-30
301307.SZ,2026-07-01
301308.SZ,2026-04-30
301308.SZ,2026-05-07
301308.SZ,2026-05-08
301310.SZ,2026-06-17
301310.SZ,2026-07-22
301310.SZ,2026-07-23
301312.SZ,2026-02-05
301312.SZ,2026-05-25
301312.SZ,2026-05-26
301313.SZ,2026-05-15
301313.SZ,2026-06-09
301313.SZ,2026-06-10
301315.SZ,2026-08-11
301315.SZ,2026-08-13
301315.SZ,2026-08-14
301317.SZ,2026-02-11
301317.SZ,2026-07-07
301317.SZ,2026-07-08
301319.SZ,2026-04-16
301319.SZ,2026-04-20
301319.SZ,2026-04-21
301321.SZ,2026-01-13
301321.SZ,2026-07-09
301321.SZ,2026-07-10
301322.SZ,2026-05-19
301322.SZ,2026-05-21
301322.SZ,2026-05-22
301323.SZ,2026-06-11
301323.SZ,2026-06-15
301323.SZ,2026-06-16
301329.SZ,2026-05-29
301329.SZ,2026-06-02
301329.SZ,2026-06-03
301330.SZ,2026-01-07
301330.SZ,2026-01-08
301333.SZ,2026-01-12
301333.SZ,2026-01-14
301333.SZ,2026-01-15
301338.SZ,2026-02-27
301338.SZ,2026-03-03
301338.SZ,2026-03-04
301348.SZ,2026-01-14
301348.SZ,2026-06-15
301348.SZ,2026-06-16
301349.SZ,2026-06-25
301349.SZ,2026-06-29
301349.SZ,2026-06-30
301356.SZ,2026-06-18
301356.SZ,2026-06-23
301356.SZ,2026-06-24
301357.SZ,2026-07-22
301357.SZ,2026-08-11
301357.SZ,2026-08-12
301360.SZ,2026-05-28
301360.SZ,2026-06-01
301360.SZ,2026-06-02
301362.SZ,2026-01-16
301362.SZ,2026-06-16
301362.SZ,2026-06-17
301363.SZ,2026-01-08
301363.SZ,2026-01-09
301366.SZ,2026-06-02
301366.SZ,2026-08-10
301366.SZ,2026-08-11
301368.SZ,2026-01-07
301368.SZ,2026-01-09
301368.SZ,2026-01-12
301369.SZ,2026-07-20
301369.SZ,2026-07-22
301369.SZ,2026-07-23
301373.SZ,2026-02-24
301373.SZ,2026-06-16
301373.SZ,2026-06-17
301377.SZ,2026-05-21
301377.SZ,2026-05-25
301377.SZ,2026-05-26
301378.SZ,2026-01-09
301378.SZ,2026-01-15
301378.SZ,2026-01-16
301379.SZ,2026-05-18
301379.SZ,2026-07-10
301379.SZ,2026-07-13
301387.SZ,2026-06-12
301387.SZ,2026-06-16
301387.SZ,2026-06-17
301392.SZ,2026-03-31
301392.SZ,2026-04-02
301392.SZ,2026-04-03
301396.SZ,2026-01-13
301396.SZ,2026-08-05
301396.SZ,2026-08-06
301399.SZ,2026-08-26
301399.SZ,2026-08-28
301399.SZ,2026-08-31
301408.SZ,2026-01-13
301408.SZ,2026-04-16
301408.SZ,2026-04-17
301419.SZ,2026-03-24
301419.SZ,2026-08-17
301419.SZ,2026-08-18
301421.SZ,2026-07-20
301421.SZ,2026-07-29
301421.SZ,2026-07-30
301428.SZ,2026-03-17
301428.SZ,2026-06-10
301428.SZ,2026-06-11
301439.SZ,2026-05-28
301439.SZ,2026-06-02
301439.SZ,2026-06-03
301449.SZ,2026-07-29
301449.SZ,2026-07-31
301449.SZ,2026-08-03
301468.SZ,2026-06-03
301468.SZ,2026-06-05
301468.SZ,2026-06-08
301486.SZ,2026-01-20
301486.SZ,2026-04-22
301486.SZ,2026-04-23
301499.SZ,2026-07-02
301499.SZ,2026-07-06
301499.SZ,2026-07-07
301500.SZ,2026-01-27
301500.SZ,2026-04-28
301500.SZ,2026-04-29
301511.SZ,2026-04-30
301511.SZ,2026-05-07
301511.SZ,2026-05-08
301513.SZ,2026-06-29
301513.SZ,2026-07-01
301513.SZ,2026-07-02
301515.SZ,2026-01-07
301515.SZ,2026-01-09
301515.SZ,2026-01-12
301516.SZ,2026-07-06
301516.SZ,2026-08-18
301516.SZ,2026-08-19
301520.SZ,2026-06-26
301520.SZ,2026-08-14
301520.SZ,2026-08-17
301526.SZ,2026-02-10
301526.SZ,2026-07-28
301526.SZ,2026-07-29
301528.SZ,2026-06-26
301528.SZ,2026-06-30
301528.SZ,2026-07-01
301529.SZ,2026-01-15
301529.SZ,2026-08-12
301529.SZ,2026-08-13
301531.SZ,2026-05-15
301531.SZ,2026-05-19
301531.SZ,2026-05-20
301548.SZ,2026-01-23
301548.SZ,2026-06-23
301548.SZ,2026-06-24
301550.SZ,2026-08-10
301550.SZ,2026-08-12
301550.SZ,2026-08-13
301563.SZ,2026-06-03
301563.SZ,2026-06-04
301565.SZ,2026-05-27
301565.SZ,2026-05-29
301565.SZ,2026-06-01
301566.SZ,2026-06-01
301566.SZ,2026-06-16
301566.SZ,2026-06-17
301580.SZ,2026-06-10
301580.SZ,2026-07-22
301580.SZ,2026-07-23
301583.SZ,2026-07-20
301583.SZ,2026-07-27
301583.SZ,2026-07-28
301587.SZ,2026-07-22
301587.SZ,2026-07-24
301587.SZ,2026-07-27
301588.SZ,2026-05-21
301588.SZ,2026-07-22
301588.SZ,2026-07-23
301591.SZ,2026-05-25
301591.SZ,2026-08-28
301591.SZ,2026-08-31
301596.SZ,2026-07-02
301596.SZ,2026-08-04
301596.SZ,2026-08-05
301599.SZ,2026-05-15
301599.SZ,2026-05-19
301599.SZ,2026-05-20
301602.SZ,2026-08-11
301602.SZ,2026-08-13
301602.SZ,2026-08-14
301603.SZ,2026-04-15
301603.SZ,2026-04-17
301603.SZ,2026-04-20
301606.SZ,2026-03-06
301606.SZ,2026-03-10
301606.SZ,2026-03-11
301607.SZ,2026-06-29
301607.SZ,2026-07-10
301607.SZ,2026-07-13
301626.SZ,2026-08-14
301626.SZ,2026-08-18
301626.SZ,2026-08-19
301628.SZ,2026-05-21
301628.SZ,2026-05-25
301628.SZ,2026-05-26
301629.SZ,2026-01-14
301629.SZ,2026-01-16
301629.SZ,2026-01-19
301630.SZ,2026-02-25
301630.SZ,2026-08-27
301630.SZ,2026-08-28
301636.SZ,2026-02-02
301636.SZ,2026-02-05
301636.SZ,2026-02-06
301638.SZ,2026-03-05
301638.SZ,2026-03-09
301638.SZ,2026-03-10
301658.SZ,2026-03-10
301658.SZ,2026-03-23
301658.SZ,2026-03-24
301666.SZ,2026-05-15
301666.SZ,2026-08-28
301666.SZ,2026-08-31
301667.SZ,2026-03-11
301667.SZ,2026-07-31
301667.SZ,2026-08-03
301668.SZ,2026-07-29
301668.SZ,2026-07-31
301668.SZ,2026-08-03
301669.SZ,2026-06-23
301669.SZ,2026-06-25
301669.SZ,2026-06-26
301680.SZ,2026-03-16
301680.SZ,2026-03-18
301680.SZ,2026-03-19
301687.SZ,2026-06-17
301687.SZ,2026-06-22
301687.SZ,2026-06-23
301696.SZ,2026-05-14
301696.SZ,2026-05-18
301696.SZ,2026-05-19
600010.SH,2026-02-24
600010.SH,2026-02-26
600010.SH,2026-02-27
600011.SH,2026-05-28
600011.SH,2026-06-02
600011.SH,2026-06-03
600021.SH,2026-05-18
600021.SH,2026-05-27
600021.SH,2026-05-28
600026.SH,2026-02-11
600026.SH,2026-06-25
600026.SH,2026-06-26
600028.SH,2026-03-02
600028.SH,2026-03-04
600028.SH,2026-03-05
600032.SH,2026-03-20
600032.SH,2026-07-21
600032.SH,2026-07-22
600052.SH,2026-04-21
600052.SH,2026-06-17
600052.SH,2026-06-18
600053.SH,2026-01-06
600053.SH,2026-08-26
600053.SH,2026-08-27
600056.SH,2026-04-02
600056.SH,2026-04-07
600056.SH,2026-04-08
600058.SH,2026-06-26
600058.SH,2026-06-29
600059.SH,2026-01-28
600059.SH,2026-01-30
600059.SH,2026-02-02
600063.SH,2026-02-05
600063.SH,2026-06-08
600063.SH,2026-06-09
600066.SH,2026-03-30
600066.SH,2026-04-01
600066.SH,2026-04-02
600067.SH,2026-06-10
600067.SH,2026-06-15
600067.SH,2026-06-16
600072.SH,2026-02-03
600072.SH,2026-07-13
600072.SH,2026-07-14
600075.SH,2026-01-05
600075.SH,2026-04-08
600075.SH,2026-04-09
600076.SH,2026-01-13
600076.SH,2026-07-29
600076.SH,2026-07-30
600078.SH,2026-01-05
600078.SH,2026-08-06
600078.SH,2026-08-07
600080.SH,2026-06-22
600080.SH,2026-07-02
600080.SH,2026-07-03
600081.SH,2026-05-14
600081.SH,2026-05-18
600081.SH,2026-05-19
600082.SH,2026-04-28
600082.SH,2026-07-06
600082.SH,2026-07-07
600084.SH,2026-01-28
600084.SH,2026-07-06
600084.SH,2026-07-07
600088.SH,2026-02-09
600088.SH,2026-06-11
600088.SH,2026-06-12
600089.SH,2026-01-12
600089.SH,2026-01-20
600089.SH,2026-01-21
600094.SH,2026-01-09
600094.SH,2026-07-09
600094.SH,2026-07-10
600095.SH,2026-07-16
600095.SH,2026-08-28
600095.SH,2026-08-31
600096.SH,2026-02-13
600096.SH,2026-06-23
600096.SH,2026-06-24
600103.SH,2026-04-09
600103.SH,2026-08-28
600103.SH,2026-08-31
600105.SH,2026-03-31
600105.SH,2026-08-13
600105.SH,2026-08-14
600106.SH,2026-04-02
600106.SH,2026-04-07
600106.SH,2026-04-08
600107.SH,2026-01-09
600107.SH,2026-08-12
600107.SH,2026-08-13
600108.SH,2026-02-26
600108.SH,2026-08-28
600108.SH,2026-08-31
600110.SH,2026-02-24
600111.SH,2026-02-24
600111.SH,2026-04-30
600111.SH,2026-05-06
600113.SH,2026-04-30
600113.SH,2026-08-19
600113.SH,2026-08-20
600114.SH,2026-01-16
600114.SH,2026-06-03
600114.SH,2026-06-04
600115.SH,2026-02-03
600115.SH,2026-04-09
600115.SH,2026-04-10
600118.SH,2026-01-09
600118.SH,2026-07-13
600118.SH,2026-07-14
600119.SH,2026-06-22
600119.SH,2026-07-03
600119.SH,2026-07-06
600120.SH,2026-07-06
600120.SH,2026-07-08
600120.SH,2026-07-09
600121.SH,2026-03-11
600126.SH,2026-02-26
600126.SH,2026-08-12
600126.SH,2026-08-13
600127.SH,2026-03-27
600127.SH,2026-08-28
600127.SH,2026-08-31
600129.SH,2026-06-26
600129.SH,2026-07-09
600129.SH,2026-07-10
600130.SH,2026-04-30
600130.SH,2026-08-06
600130.SH,2026-08-07
600133.SH,2026-01-13
600133.SH,2026-01-15
600133.SH,2026-01-16
600135.SH,2026-01-06
600135.SH,2026-04-30
600135.SH,2026-05-06
600136.SH,2026-02-04
600136.SH,2026-03-27
600136.SH,2026-03-30
600137.SH,2026-03-23
600137.SH,2026-03-25
600137.SH,2026-03-26
600141.SH,2026-02-13
600141.SH,2026-06-26
600141.SH,2026-06-29
600143.SH,2026-01-08
600143.SH,2026-07-06
600143.SH,2026-07-07
600149.SH,2026-02-02
600149.SH,2026-04-21
600149.SH,2026-04-22
600151.SH,2026-05-29
600151.SH,2026-06-01
600152.SH,2026-01-09
600152.SH,2026-06-26
600152.SH,2026-06-29
600156.SH,2026-02-04
600156.SH,2026-08-07
600156.SH,2026-08-10
600158.SH,2026-03-24
600158.SH,2026-05-06
600158.SH,2026-05-07
600160.SH,2026-05-21
600160.SH,2026-06-23
600160.SH,2026-06-24
600162.SH,2026-05-22
600162.SH,2026-08-31
600163.SH,2026-01-16
600163.SH,2026-03-27
600163.SH,2026-03-30
600165.SH,2026-04-09
600165.SH,2026-08-19
600165.SH,2026-08-20
600166.SH,2026-04-10
600166.SH,2026-04-14
600166.SH,2026-04-15
600169.SH,2026-01-07
600169.SH,2026-01-13
600169.SH,2026-01-14
600170.SH,2026-01-12
600170.SH,2026-01-29
600170.SH,2026-01-30
600171.SH,2026-06-22
600171.SH,2026-06-24
600171.SH,2026-06-25
600172.SH,2026-01-07
600172.SH,2026-08-26
600172.SH,2026-08-27
600173.SH,2026-01-20
600173.SH,2026-07-24
600173.SH,2026-07-27
600176.SH,2026-02-10
600176.SH,2026-07-28
600176.SH,2026-07-29
600178.SH,2026-06-09
600178.SH,2026-07-27
600178.SH,2026-07-28
600179.SH,2026-06-30
600179.SH,2026-07-02
600179.SH,2026-07-03
600180.SH,2026-05-27
600180.SH,2026-07-15
600180.SH,2026-07-16
600182.SH,2026-06-30
600182.SH,2026-07-03
600182.SH,2026-07-06
600183.SH,2026-05-12
600183.SH,2026-08-10
600183.SH,2026-08-11
600184.SH,2026-03-23
600184.SH,2026-07-01
600184.SH,2026-07-02
600185.SH,2026-02-06
600185.SH,2026-02-10
600185.SH,2026-02-11
600186.SH,2026-02-10
600186.SH,2026-08-17
600186.SH,2026-08-18
600187.SH,2026-01-19
600187.SH,2026-07-17
600187.SH,2026-07-20
600188.SH,2026-02-03
600188.SH,2026-08-07
600188.SH,2026-08-10
600189.SH,2026-01-16
600189.SH,2026-01-20
600189.SH,2026-01-21
600191.SH,2026-03-24
600191.SH,2026-07-29
600191.SH,2026-07-30
600192.SH,2026-01-21
600192.SH,2026-08-11
600192.SH,2026-08-12
600193.SH,2026-01-09
600193.SH,2026-01-12
600193.SH,2026-01-13
600193.SH,2026-01-14
600193.SH,2026-01-20
600193.SH,2026-01-21
600193.SH,2026-01-22
600193.SH,2026-01-23
600193.SH,2026-03-05
600193.SH,2026-03-06
600193.SH,2026-03-09
600193.SH,2026-03-10
600193.SH,2026-04-09
600193.SH,2026-04-10
600193.SH,2026-04-13
600193.SH,2026-04-14
600195.SH,2026-04-03
600195.SH,2026-04-08
600195.SH,2026-04-09
600197.SH,2026-01-28
600197.SH,2026-01-30
600197.SH,2026-02-02
600198.SH,2026-01-06
600198.SH,2026-08-17
600198.SH,2026-08-18
600199.SH,2026-01-28
600199.SH,2026-07-29
600199.SH,2026-07-30
600203.SH,2026-07-15
600203.SH,2026-07-17
600203.SH,2026-07-20
600206.SH,2026-02-24
600206.SH,2026-08-18
600206.SH,2026-08-19
600207.SH,2026-02-09
600207.SH,2026-06-08
600207.SH,2026-06-09
600208.SH,2026-04-16
600208.SH,2026-07-02
600208.SH,2026-07-03
600211.SH,2026-08-19
600211.SH,2026-08-21
600211.SH,2026-08-24
600215.SH,2026-01-07
600215.SH,2026-07-07
600215.SH,2026-07-08
600216.SH,2026-08-11
600216.SH,2026-08-13
600216.SH,2026-08-14
600219.SH,2026-01-27
600219.SH,2026-07-24
600219.SH,2026-07-27
600222.SH,2026-05-07
600222.SH,2026-08-18
600222.SH,2026-08-19
600226.SH,2026-03-12
600226.SH,2026-06-25
600226.SH,2026-06-26
600227.SH,2026-02-24
600228.SH,2026-01-21
600228.SH,2026-08-05
600228.SH,2026-08-06
600229.SH,2026-06-09
600229.SH,2026-06-15
600229.SH,2026-06-16
600230.SH,2026-01-05
600230.SH,2026-07-24
600230.SH,2026-07-27
600232.SH,2026-01-30
600232.SH,2026-03-16
600232.SH,2026-03-17
600233.SH,2026-06-30
600233.SH,2026-07-02
600233.SH,2026-07-03
600234.SH,2026-01-15
600234.SH,2026-08-13
600234.SH,2026-08-14
600236.SH,2026-02-27
600236.SH,2026-07-30
600236.SH,2026-07-31
600237.SH,2026-02-25
600237.SH,2026-06-26
600237.SH,2026-06-29
600238.SH,2026-02-06
600238.SH,2026-08-04
600238.SH,2026-08-05
600239.SH,2026-05-18
600239.SH,2026-05-29
600239.SH,2026-06-01
600241.SH,2026-07-03
600241.SH,2026-07-07
600241.SH,2026-07-08
600243.SH,2026-02-06
600243.SH,2026-07-24
600243.SH,2026-07-27
600246.SH,2026-01-20
600248.SH,2026-04-27
600248.SH,2026-04-29
600248.SH,2026-04-30
600249.SH,2026-03-27
600249.SH,2026-04-02
600249.SH,2026-04-03
600250.SH,2026-03-30
600250.SH,2026-08-21
600250.SH,2026-08-24
600251.SH,2026-03-24
600251.SH,2026-08-31
600255.SH,2026-06-01
600255.SH,2026-07-15
600255.SH,2026-07-16
600256.SH,2026-02-27
600256.SH,2026-03-04
600256.SH,2026-03-05
600257.SH,2026-07-14
600257.SH,2026-07-16
600257.SH,2026-07-17
600259.SH,2026-01-09
600259.SH,2026-06-22
600259.SH,2026-06-23
600261.SH,2026-04-20
600261.SH,2026-04-22
600261.SH,2026-04-23
600262.SH,2026-01-27
600262.SH,2026-08-07
600262.SH,2026-08-10
600265.SH,2026-03-16
600265.SH,2026-07-06
600265.SH,2026-07-07
600266.SH,2026-08-13
600266.SH,2026-08-14
600267.SH,2026-04-14
600267.SH,2026-08-10
600267.SH,2026-08-11
600268.SH,2026-01-16
600268.SH,2026-07-24
600268.SH,2026-07-27
600271.SH,2026-01-07
600271.SH,2026-01-09
600271.SH,2026-01-12
600272.SH,2026-08-05
600272.SH,2026-08-27
600272.SH,2026-08-28
600273.SH,2026-01-05
600273.SH,2026-01-30
600273.SH,2026-02-02
600280.SH,2026-05-28
600280.SH,2026-06-09
600280.SH,2026-06-10
600281.SH,2026-08-14
600281.SH,2026-08-26
600281.SH,2026-08-27
600284.SH,2026-04-15
600284.SH,2026-05-08
600284.SH,2026-05-11
600288.SH,2026-07-03
600288.SH,2026-08-17
600288.SH,2026-08-18
600289.SH,2026-01-06
600289.SH,2026-07-24
600289.SH,2026-07-27
600292.SH,2026-02-10
600292.SH,2026-06-15
600292.SH,2026-06-16
600293.SH,2026-01-22
600293.SH,2026-07-15
600293.SH,2026-07-16
600295.SH,2026-01-05
600295.SH,2026-01-07
600295.SH,2026-01-08
600299.SH,2026-03-10
600299.SH,2026-04-14
600299.SH,2026-04-15
600301.SH,2026-02-24
600301.SH,2026-06-03
600301.SH,2026-06-04
600302.SH,2026-01-14
600302.SH,2026-06-11
600302.SH,2026-06-12
600303.SH,2026-05-20
600303.SH,2026-07-29
600303.SH,2026-07-30
600307.SH,2026-01-22
600307.SH,2026-03-19
600307.SH,2026-03-20
600308.SH,2026-04-20
600308.SH,2026-04-22
600308.SH,2026-04-23
600310.SH,2026-03-19
600310.SH,2026-06-04
600310.SH,2026-06-05
600312.SH,2026-01-16
600312.SH,2026-01-20
600312.SH,2026-01-21
600313.SH,2026-01-27
600313.SH,2026-08-19
600313.SH,2026-08-20
600316.SH,2026-08-07
600316.SH,2026-08-11
600316.SH,2026-08-12
600319.SH,2026-03-05
600319.SH,2026-03-09
600319.SH,2026-03-10
600320.SH,2026-04-27
600320.SH,2026-04-29
600320.SH,2026-04-30
600322.SH,2026-04-29
600322.SH,2026-06-12
600322.SH,2026-06-15
600325.SH,2026-02-03
600325.SH,2026-02-05
600325.SH,2026-02-06
600326.SH,2026-08-05
600326.SH,2026-08-11
600326.SH,2026-08-12
600327.SH,2026-08-07
600327.SH,2026-08-21
600327.SH,2026-08-24
600328.SH,2026-03-10
600328.SH,2026-03-12
600328.SH,2026-03-13
600330.SH,2026-01-21
600330.SH,2026-08-28
600330.SH,2026-08-31
600333.SH,2026-03-02
600333.SH,2026-03-04
600333.SH,2026-03-05
600336.SH,2026-03-12
600336.SH,2026-03-16
600336.SH,2026-03-17
600337.SH,2026-08-11
600337.SH,2026-08-12
600338.SH,2026-03-26
600338.SH,2026-04-30
600338.SH,2026-05-06
600339.SH,2026-01-28
600339.SH,2026-05-19
600339.SH,2026-05-20
600340.SH,2026-01-22
600340.SH,2026-06-10
600340.SH,2026-06-11
600343.SH,2026-02-25
600343.SH,2026-07-24
600343.SH,2026-07-27
600345.SH,2026-01-29
600345.SH,2026-08-28
600345.SH,2026-08-31
600350.SH,2026-07-07
600350.SH,2026-07-09
600350.SH,2026-07-10
600352.SH,2026-01-27
600352.SH,2026-06-23
600352.SH,2026-06-24
600353.SH,2026-05-18
600353.SH,2026-08-24
600353.SH,2026-08-25
600354.SH,2026-01-29
600354.SH,2026-08-31
600355.SH,2026-02-10
600355.SH,2026-02-11
600355.SH,2026-02-12
600355.SH,2026-02-13
600355.SH,2026-02-24
600355.SH,2026-02-25
600355.SH,2026-02-26
600355.SH,2026-02-27
600355.SH,2026-03-02
600355.SH,2026-03-10
600355.SH,2026-03-11
600355.SH,2026-03-12
600355.SH,2026-03-13
600355.SH,2026-03-19
600355.SH,2026-03-20
600355.SH,2026-03-23
600355.SH,2026-03-24
600355.SH,2026-03-25
600355.SH,2026-03-26
600356.SH,2026-04-07
600356.SH,2026-08-11
600356.SH,2026-08-12
600359.SH,2026-03-27
600359.SH,2026-08-28
600359.SH,2026-08-31
600360.SH,2026-05-08
600360.SH,2026-07-08
600360.SH,2026-07-09
600362.SH,2026-06-01
600362.SH,2026-08-27
600362.SH,2026-08-28
600363.SH,2026-06-26
600363.SH,2026-07-01
600363.SH,2026-07-02
600365.SH,2026-06-22
600365.SH,2026-06-24
600365.SH,2026-06-25
600367.SH,2026-02-27
600367.SH,2026-08-25
600367.SH,2026-08-26
600370.SH,2026-07-01
600370.SH,2026-07-02
600371.SH,2026-01-29
600372.SH,2026-01-07
600372.SH,2026-01-20
600372.SH,2026-01-21
600375.SH,2026-06-12
600375.SH,2026-06-16
600375.SH,2026-06-17
600376.SH,2026-03-09
600376.SH,2026-08-13
600376.SH,2026-08-14
600378.SH,2026-01-16
600378.SH,2026-08-31
600379.SH,2026-04-27
600379.SH,2026-08-13
600379.SH,2026-08-14
600381.SH,2026-01-13
600381.SH,2026-06-23
600381.SH,2026-06-24
600382.SH,2026-01-16
600382.SH,2026-06-08
600382.SH,2026-06-09
600386.SH,2026-05-14
600386.SH,2026-05-18
600386.SH,2026-05-19
600389.SH,2026-01-14
600389.SH,2026-07-24
600389.SH,2026-07-27
600391.SH,2026-01-16
600391.SH,2026-07-06
600391.SH,2026-07-07
600392.SH,2026-01-28
600392.SH,2026-06-22
600392.SH,2026-06-23
600395.SH,2026-01-29
600395.SH,2026-05-26
600395.SH,2026-05-27
600396.SH,2026-03-05
600396.SH,2026-08-04
600396.SH,2026-08-05
600397.SH,2026-01-08
600397.SH,2026-08-28
600397.SH,2026-08-31
600399.SH,2026-02-25
600399.SH,2026-06-22
600399.SH,2026-06-23
600400.SH,2026-04-24
600400.SH,2026-06-24
600400.SH,2026-06-25
600403.SH,2026-01-06
600403.SH,2026-08-25
600403.SH,2026-08-26
600405.SH,2026-06-22
600405.SH,2026-07-01
600405.SH,2026-07-02
600408.SH,2026-01-06
600408.SH,2026-06-05
600408.SH,2026-06-08
600409.SH,2026-02-13
600409.SH,2026-07-24
600409.SH,2026-07-27
600410.SH,2026-01-08
600410.SH,2026-08-05
600410.SH,2026-08-06
600416.SH,2026-05-21
600416.SH,2026-05-25
600416.SH,2026-05-26
600418.SH,2026-04-24
600418.SH,2026-07-31
600418.SH,2026-08-03
600419.SH,2026-07-28
600419.SH,2026-07-30
600419.SH,2026-07-31
600421.SH,2026-01-28
600421.SH,2026-01-29
600421.SH,2026-01-30
600421.SH,2026-02-02
600421.SH,2026-02-03
600421.SH,2026-02-04
600421.SH,2026-02-05
600421.SH,2026-02-06
600421.SH,2026-03-09
600421.SH,2026-03-10
600421.SH,2026-03-11
600421.SH,2026-03-12
600421.SH,2026-04-09
600421.SH,2026-04-10
600421.SH,2026-04-13
600421.SH,2026-04-14
600421.SH,2026-04-20
600421.SH,2026-04-21
600421.SH,2026-04-22
600421.SH,2026-04-23
600423.SH,2026-04-03
600423.SH,2026-07-03
600423.SH,2026-07-06
600428.SH,2026-07-09
600428.SH,2026-07-13
600428.SH,2026-07-14
600429.SH,2026-07-28
600429.SH,2026-07-30
600429.SH,2026-07-31
600433.SH,2026-03-10
600433.SH,2026-05-06
600433.SH,2026-05-07
600435.SH,2026-01-05
600435.SH,2026-03-03
600435.SH,2026-03-04
600436.SH,2026-07-15
600436.SH,2026-07-17
600436.SH,2026-07-20
600438.SH,2026-07-31
600438.SH,2026-08-04
600438.SH,2026-08-05
600439.SH,2026-06-02
600439.SH,2026-06-05
600439.SH,2026-06-08
600446.SH,2026-04-21
600446.SH,2026-07-02
600446.SH,2026-07-03
600449.SH,2026-05-13
600449.SH,2026-08-10
600449.SH,2026-08-11
600452.SH,2026-02-26
600452.SH,2026-07-21
600452.SH,2026-07-22
600456.SH,2026-02-26
600456.SH,2026-03-02
600456.SH,2026-03-03
600458.SH,2026-06-08
600458.SH,2026-06-26
600458.SH,2026-06-29
600459.SH,2026-01-05
600459.SH,2026-08-18
600459.SH,2026-08-19
600460.SH,2026-06-12
600460.SH,2026-08-24
600460.SH,2026-08-25
600463.SH,2026-05-29
600463.SH,2026-06-02
600463.SH,2026-06-03
600468.SH,2026-03-04
600468.SH,2026-08-27
600468.SH,2026-08-28
600469.SH,2026-04-13
600469.SH,2026-04-15
600469.SH,2026-04-16
600470.SH,2026-02-13
600470.SH,2026-08-26
600470.SH,2026-08-27
600475.SH,2026-01-06
600475.SH,2026-07-31
600475.SH,2026-08-03
600476.SH,2026-04-29
600476.SH,2026-06-02
600476.SH,2026-06-03
600477.SH,2026-01-07
600477.SH,2026-02-10
600477.SH,2026-02-11
600478.SH,2026-02-25
600478.SH,2026-02-27
600478.SH,2026-03-02
600479.SH,2026-08-25
600479.SH,2026-08-31
600480.SH,2026-04-09
600480.SH,2026-07-03
600480.SH,2026-07-06
600481.SH,2026-01-22
600481.SH,2026-06-29
600481.SH,2026-06-30
600482.SH,2026-02-09
600482.SH,2026-06-05
600482.SH,2026-06-08
600487.SH,2026-01-29
600487.SH,2026-08-17
600487.SH,2026-08-18
600488.SH,2026-03-26
600488.SH,2026-07-28
600488.SH,2026-07-29
600489.SH,2026-01-23
600489.SH,2026-01-29
600489.SH,2026-01-30
600490.SH,2026-01-27
600490.SH,2026-08-11
600490.SH,2026-08-12
600491.SH,2026-08-18
600491.SH,2026-08-19
600495.SH,2026-03-30
600495.SH,2026-04-01
600495.SH,2026-04-02
600496.SH,2026-04-27
600496.SH,2026-04-29
600496.SH,2026-04-30
600497.SH,2026-05-21
600497.SH,2026-07-15
600497.SH,2026-07-16
600498.SH,2026-05-11
600498.SH,2026-05-12
600499.SH,2026-01-14
600499.SH,2026-07-30
600499.SH,2026-07-31
600500.SH,2026-05-12
600500.SH,2026-08-10
600500.SH,2026-08-11
600502.SH,2026-03-27
600502.SH,2026-04-01
600502.SH,2026-04-02
600503.SH,2026-05-21
600503.SH,2026-06-02
600503.SH,2026-06-03
600505.SH,2026-06-02
600505.SH,2026-06-09
600505.SH,2026-06-10
600506.SH,2026-05-18
600506.SH,2026-06-24
600506.SH,2026-06-25
600507.SH,2026-04-15
600507.SH,2026-04-17
600507.SH,2026-04-20
600508.SH,2026-08-21
600508.SH,2026-08-26
600508.SH,2026-08-27
600509.SH,2026-05-13
600509.SH,2026-07-02
600509.SH,2026-07-03
600510.SH,2026-03-23
600510.SH,2026-05-18
600510.SH,2026-05-19
600513.SH,2026-01-08
600513.SH,2026-07-31
600513.SH,2026-08-03
600516.SH,2026-03-04
600516.SH,2026-06-26
600516.SH,2026-06-29
600520.SH,2026-01-14
600520.SH,2026-06-16
600520.SH,2026-06-17
600522.SH,2026-02-25
600522.SH,2026-05-08
600522.SH,2026-05-11
600525.SH,2026-05-12
600525.SH,2026-05-13
600527.SH,2026-03-23
600527.SH,2026-05-29
600527.SH,2026-06-01
600528.SH,2026-03-30
600528.SH,2026-04-01
600528.SH,2026-04-02
600530.SH,2026-05-07
600530.SH,2026-07-06
600530.SH,2026-07-07
600531.SH,2026-01-22
600531.SH,2026-06-23
600531.SH,2026-06-24
600536.SH,2026-05-07
600536.SH,2026-08-19
600536.SH,2026-08-20
600537.SH,2026-01-16
600537.SH,2026-07-03
600537.SH,2026-07-06
600539.SH,2026-01-19
600539.SH,2026-08-21
600539.SH,2026-08-24
600540.SH,2026-02-25
600543.SH,2026-06-30
600543.SH,2026-07-02
600543.SH,2026-07-03
600545.SH,2026-02-10
600545.SH,2026-08-18
600545.SH,2026-08-19
600546.SH,2026-02-03
600546.SH,2026-06-02
600546.SH,2026-06-03
600549.SH,2026-01-08
600549.SH,2026-06-23
600549.SH,2026-06-24
600550.SH,2026-01-14
600550.SH,2026-07-24
600550.SH,2026-07-27
600551.SH,2026-08-27
600552.SH,2026-01-09
600552.SH,2026-07-22
600552.SH,2026-07-23
600556.SH,2026-08-06
600556.SH,2026-08-07
600557.SH,2026-06-26
600557.SH,2026-06-30
600557.SH,2026-07-01
600559.SH,2026-01-28
600559.SH,2026-01-30
600559.SH,2026-02-02
600563.SH,2026-05-18
600563.SH,2026-06-25
600563.SH,2026-06-26
600567.SH,2026-06-11
600567.SH,2026-06-15
600567.SH,2026-06-16
600568.SH,2026-01-20
600568.SH,2026-07-01
600568.SH,2026-07-02
600569.SH,2026-02-24
600569.SH,2026-03-18
600569.SH,2026-03-19
600572.SH,2026-04-14
600572.SH,2026-08-13
600572.SH,2026-08-14
600573.SH,2026-06-09
600573.SH,2026-06-11
600573.SH,2026-06-12
600576.SH,2026-06-11
600576.SH,2026-06-30
600576.SH,2026-07-01
600577.SH,2026-08-20
600577.SH,2026-08-24
600577.SH,2026-08-25
600578.SH,2026-05-12
600578.SH,2026-07-30
600578.SH,2026-07-31
600579.SH,2026-01-09
600579.SH,2026-06-26
600579.SH,2026-06-29
600580.SH,2026-07-02
600580.SH,2026-08-03
600580.SH,2026-08-04
600581.SH,2026-03-27
600581.SH,2026-07-03
600581.SH,2026-07-06
600583.SH,2026-02-10
600583.SH,2026-03-04
600583.SH,2026-03-05
600584.SH,2026-01-15
600584.SH,2026-08-07
600584.SH,2026-08-10
600586.SH,2026-01-09
600586.SH,2026-02-10
600586.SH,2026-02-11
600587.SH,2026-01-06
600587.SH,2026-01-07
600588.SH,2026-01-09
600588.SH,2026-08-03
600588.SH,2026-08-04
600589.SH,2026-01-08
600589.SH,2026-05-29
600589.SH,2026-06-01
600590.SH,2026-02-02
600590.SH,2026-04-21
600590.SH,2026-04-22
600592.SH,2026-05-22
600592.SH,2026-07-06
600592.SH,2026-07-07
600593.SH,2026-01-14
600593.SH,2026-06-11
600593.SH,2026-06-12
600594.SH,2026-03-31
600594.SH,2026-08-25
600594.SH,2026-08-26
600595.SH,2026-07-13
600595.SH,2026-07-15
600595.SH,2026-07-16
600596.SH,2026-04-03
600596.SH,2026-06-25
600596.SH,2026-06-26
600598.SH,2026-08-17
600598.SH,2026-08-19
600598.SH,2026-08-20
600599.SH,2026-01-29
600599.SH,2026-01-30
600599.SH,2026-02-02
600599.SH,2026-02-03
600599.SH,2026-03-09
600599.SH,2026-03-10
600599.SH,2026-03-11
600599.SH,2026-03-12
600599.SH,2026-03-13
600599.SH,2026-03-16
600599.SH,2026-03-17
600599.SH,2026-03-18
600599.SH,2026-03-19
600599.SH,2026-03-27
600599.SH,2026-03-30
600599.SH,2026-03-31
600599.SH,2026-04-07
600599.SH,2026-04-08
600599.SH,2026-04-09
600599.SH,2026-04-10
600599.SH,2026-04-14
600599.SH,2026-04-15
600599.SH,2026-04-16
600599.SH,2026-04-17
600599.SH,2026-04-20
600599.SH,2026-04-21
600599.SH,2026-04-22
600599.SH,2026-04-23
600599.SH,2026-04-24
600599.SH,2026-04-27
600601.SH,2026-04-17
600601.SH,2026-08-10
600601.SH,2026-08-11
600602.SH,2026-01-26
600602.SH,2026-08-13
600602.SH,2026-08-14
600603.SH,2026-05-22
600603.SH,2026-05-26
600603.SH,2026-05-27
600604.SH,2026-03-19
600604.SH,2026-08-27
600604.SH,2026-08-28
600605.SH,2026-04-13
600605.SH,2026-08-26
600605.SH,2026-08-27
600606.SH,2026-04-28
600606.SH,2026-04-30
600606.SH,2026-05-06
600608.SH,2026-01-05
600608.SH,2026-01-06
600608.SH,2026-01-07
600608.SH,2026-01-08
600608.SH,2026-01-26
600608.SH,2026-01-27
600608.SH,2026-01-28
600608.SH,2026-01-29
600608.SH,2026-01-30
600608.SH,2026-02-02
600608.SH,2026-02-03
600608.SH,2026-03-10
600608.SH,2026-03-11
600608.SH,2026-03-12
600608.SH,2026-03-13
600608.SH,2026-03-19
600608.SH,2026-03-20
600608.SH,2026-03-23
600608.SH,2026-03-24
600608.SH,2026-03-25
600608.SH,2026-03-26
600608.SH,2026-04-01
600608.SH,2026-04-02
600608.SH,2026-04-03
600608.SH,2026-04-07
600608.SH,2026-04-10
600608.SH,2026-04-13
600608.SH,2026-04-14
600608.SH,2026-04-15
600608.SH,2026-04-28
600608.SH,2026-04-29
600608.SH,2026-06-08
600608.SH,2026-06-09
600610.SH,2026-01-19
600610.SH,2026-08-25
600610.SH,2026-08-26
600611.SH,2026-01-05
600611.SH,2026-08-12
600611.SH,2026-08-13
600613.SH,2026-08-12
600613.SH,2026-08-28
600613.SH,2026-08-31
600615.SH,2026-05-19
600615.SH,2026-06-18
600615.SH,2026-06-22
600617.SH,2026-03-02
600617.SH,2026-07-28
600617.SH,2026-07-29
600618.SH,2026-01-05
600618.SH,2026-01-07
600618.SH,2026-01-08
600619.SH,2026-04-08
600619.SH,2026-07-29
600619.SH,2026-07-30
600620.SH,2026-01-05
600620.SH,2026-01-07
600620.SH,2026-01-08
600622.SH,2026-05-28
600622.SH,2026-06-01
600622.SH,2026-06-02
600623.SH,2026-04-03
600623.SH,2026-04-29
600623.SH,2026-04-30
600624.SH,2026-04-29
600624.SH,2026-07-06
600624.SH,2026-07-07
600626.SH,2026-05-18
600626.SH,2026-05-20
600626.SH,2026-05-21
600629.SH,2026-01-07
600629.SH,2026-08-06
600629.SH,2026-08-07
600630.SH,2026-07-01
600630.SH,2026-07-03
600630.SH,2026-07-06
600633.SH,2026-01-09
600633.SH,2026-04-27
600633.SH,2026-04-28
600635.SH,2026-03-02
600635.SH,2026-05-27
600635.SH,2026-05-28
600636.SH,2026-04-20
600636.SH,2026-04-21
600636.SH,2026-04-22
600636.SH,2026-04-23
600637.SH,2026-01-06
600637.SH,2026-05-26
600637.SH,2026-05-27
600640.SH,2026-01-09
600640.SH,2026-05-19
600640.SH,2026-05-20
600641.SH,2026-04-07
600641.SH,2026-08-28
600641.SH,2026-08-31
600643.SH,2026-03-16
600643.SH,2026-04-02
600643.SH,2026-04-03
600644.SH,2026-04-01
600644.SH,2026-08-04
600644.SH,2026-08-05
600645.SH,2026-03-05
600645.SH,2026-08-17
600645.SH,2026-08-18
600649.SH,2026-01-19
600649.SH,2026-02-26
600649.SH,2026-02-27
600651.SH,2026-01-09
600651.SH,2026-08-10
600651.SH,2026-08-11
600654.SH,2026-04-02
600654.SH,2026-08-31
600655.SH,2026-01-27
600655.SH,2026-01-29
600655.SH,2026-01-30
600658.SH,2026-06-30
600658.SH,2026-07-02
600658.SH,2026-07-03
600661.SH,2026-06-30
600661.SH,2026-07-02
600661.SH,2026-07-03
600662.SH,2026-01-12
600662.SH,2026-01-16
600662.SH,2026-01-19
600663.SH,2026-07-29
600663.SH,2026-07-31
600663.SH,2026-08-03
600664.SH,2026-04-03
600664.SH,2026-08-12
600664.SH,2026-08-13
600665.SH,2026-06-09
600665.SH,2026-08-07
600665.SH,2026-08-10
600666.SH,2026-02-06
600666.SH,2026-08-05
600666.SH,2026-08-06
600667.SH,2026-01-29
600667.SH,2026-08-12
600667.SH,2026-08-13
600668.SH,2026-06-24
600668.SH,2026-06-26
600668.SH,2026-06-29
600671.SH,2026-01-16
600673.SH,2026-01-06
600673.SH,2026-08-05
600673.SH,2026-08-06
600675.SH,2026-01-19
600675.SH,2026-01-21
600675.SH,2026-01-22
600676.SH,2026-01-08
600676.SH,2026-06-18
600676.SH,2026-06-22
600678.SH,2026-01-28
600678.SH,2026-06-26
600678.SH,2026-06-29
600679.SH,2026-06-02
600679.SH,2026-06-04
600679.SH,2026-06-05
600681.SH,2026-03-02
600681.SH,2026-03-04
600681.SH,2026-03-05
600682.SH,2026-03-25
600682.SH,2026-06-10
600682.SH,2026-06-11
600683.SH,2026-02-02
600683.SH,2026-08-28
600683.SH,2026-08-31
600684.SH,2026-01-28
600684.SH,2026-01-30
600684.SH,2026-02-02
600685.SH,2026-07-09
600685.SH,2026-07-13
600685.SH,2026-07-14
600686.SH,2026-02-05
600686.SH,2026-02-09
600686.SH,2026-02-10
600688.SH,2026-02-27
600688.SH,2026-06-05
600688.SH,2026-06-08
600689.SH,2026-08-27
600689.SH,2026-08-31
600691.SH,2026-01-05
600693.SH,2026-04-24
600693.SH,2026-07-30
600693.SH,2026-07-31
600694.SH,2026-01-09
600694.SH,2026-01-13
600694.SH,2026-01-14
600696.SH,2026-01-07
600696.SH,2026-01-08
600696.SH,2026-01-09
600696.SH,2026-01-12
600696.SH,2026-01-13
600696.SH,2026-01-14
600696.SH,2026-01-21
600696.SH,2026-01-22
600696.SH,2026-01-23
600696.SH,2026-01-26
600696.SH,2026-01-28
600696.SH,2026-01-29
600696.SH,2026-01-30
600696.SH,2026-02-02
600696.SH,2026-02-03
600696.SH,2026-02-09
600696.SH,2026-02-10
600696.SH,2026-02-11
600696.SH,2026-02-12
600696.SH,2026-02-24
600696.SH,2026-02-25
600696.SH,2026-02-26
600696.SH,2026-02-27
600696.SH,2026-03-02
600696.SH,2026-03-10
600696.SH,2026-03-11
600696.SH,2026-03-12
600696.SH,2026-03-13
600696.SH,2026-03-19
600696.SH,2026-03-20
600696.SH,2026-03-23
600696.SH,2026-03-24
600696.SH,2026-03-25
600696.SH,2026-04-16
600696.SH,2026-04-17
600696.SH,2026-04-20
600696.SH,2026-04-21
600696.SH,2026-04-22
600696.SH,2026-04-23
600696.SH,2026-04-24
600696.SH,2026-04-27
600696.SH,2026-04-28
600696.SH,2026-04-29
600698.SH,2026-03-23
600698.SH,2026-08-26
600698.SH,2026-08-27
600699.SH,2026-04-20
600699.SH,2026-04-22
600699.SH,2026-04-23
600702.SH,2026-01-28
600702.SH,2026-07-31
600702.SH,2026-08-03
600703.SH,2026-01-15
600703.SH,2026-06-25
600703.SH,2026-06-26
600707.SH,2026-01-05
600707.SH,2026-08-19
600707.SH,2026-08-20
600708.SH,2026-01-14
600708.SH,2026-06-24
600708.SH,2026-06-25
600712.SH,2026-07-29
600712.SH,2026-08-05
600712.SH,2026-08-06
600713.SH,2026-04-09
600713.SH,2026-04-13
600713.SH,2026-04-14
600714.SH,2026-01-20
600714.SH,2026-08-31
600715.SH,2026-02-09
600715.SH,2026-08-12
600715.SH,2026-08-13
600719.SH,2026-04-15
600719.SH,2026-06-24
600719.SH,2026-06-25
600721.SH,2026-01-12
600721.SH,2026-08-28
600721.SH,2026-08-31
600722.SH,2026-01-28
600724.SH,2026-01-13
600724.SH,2026-07-02
600724.SH,2026-07-03
600725.SH,2026-01-14
600725.SH,2026-07-02
600725.SH,2026-07-03
600726.SH,2026-03-09
600726.SH,2026-08-14
600726.SH,2026-08-17
600727.SH,2026-03-26
600727.SH,2026-06-02
600727.SH,2026-06-03
600729.SH,2026-01-09
600729.SH,2026-01-13
600729.SH,2026-01-14
600730.SH,2026-04-28
600730.SH,2026-08-28
600730.SH,2026-08-31
600732.SH,2026-01-22
600732.SH,2026-07-16
600732.SH,2026-07-17
600733.SH,2026-07-28
600733.SH,2026-07-30
600733.SH,2026-07-31
600734.SH,2026-01-13
600734.SH,2026-07-06
600734.SH,2026-07-07
600735.SH,2026-07-01
600735.SH,2026-07-02
600736.SH,2026-01-23
600736.SH,2026-05-08
600736.SH,2026-05-11
600737.SH,2026-05-12
600737.SH,2026-08-19
600737.SH,2026-08-20
600740.SH,2026-01-27
600740.SH,2026-02-05
600740.SH,2026-02-06
600743.SH,2026-04-03
600743.SH,2026-06-24
600743.SH,2026-06-25
600744.SH,2026-02-25
600744.SH,2026-08-10
600744.SH,2026-08-11
600745.SH,2026-05-20
600745.SH,2026-08-26
600745.SH,2026-08-27
600746.SH,2026-03-12
600746.SH,2026-07-21
600746.SH,2026-07-22
600748.SH,2026-01-08
600748.SH,2026-05-12
600748.SH,2026-05-13
600749.SH,2026-04-15
600749.SH,2026-07-09
600749.SH,2026-07-10
600751.SH,2026-02-06
600751.SH,2026-03-17
600751.SH,2026-03-18
600753.SH,2026-02-13
600753.SH,2026-07-03
600753.SH,2026-07-06
600756.SH,2026-03-12
600756.SH,2026-07-29
600756.SH,2026-07-30
600758.SH,2026-03-20
600758.SH,2026-08-07
600758.SH,2026-08-10
600759.SH,2026-01-05
600759.SH,2026-08-12
600759.SH,2026-08-13
600761.SH,2026-03-05
600761.SH,2026-03-09
600761.SH,2026-03-10
600768.SH,2026-04-15
600768.SH,2026-04-17
600768.SH,2026-04-20
600769.SH,2026-03-09
600769.SH,2026-08-17
600769.SH,2026-08-18
600770.SH,2026-01-20
600770.SH,2026-07-10
600770.SH,2026-07-13
600773.SH,2026-03-23
600773.SH,2026-04-14
600773.SH,2026-04-15
600774.SH,2026-01-16
600774.SH,2026-01-26
600774.SH,2026-01-27
600775.SH,2026-07-29
600775.SH,2026-07-30
600776.SH,2026-06-08
600776.SH,2026-06-09
600777.SH,2026-01-14
600777.SH,2026-06-24
600777.SH,2026-06-25
600778.SH,2026-02-03
600778.SH,2026-02-05
600778.SH,2026-02-06
600779.SH,2026-01-28
600779.SH,2026-05-28
600779.SH,2026-05-29
600780.SH,2026-03-24
600780.SH,2026-03-26
600780.SH,2026-03-27
600783.SH,2026-01-05
600783.SH,2026-08-20
600783.SH,2026-08-21
600784.SH,2026-01-08
600784.SH,2026-07-02
600784.SH,2026-07-03
600785.SH,2026-01-13
600785.SH,2026-08-26
600785.SH,2026-08-27
600789.SH,2026-01-23
600789.SH,2026-01-27
600789.SH,2026-01-28
600790.SH,2026-04-30
600790.SH,2026-05-07
600790.SH,2026-05-08
600791.SH,2026-01-23
600791.SH,2026-08-03
600791.SH,2026-08-04
600792.SH,2026-02-03
600792.SH,2026-03-24
600792.SH,2026-03-25
600793.SH,2026-06-22
600793.SH,2026-08-11
600793.SH,2026-08-12
600796.SH,2026-02-04
600796.SH,2026-02-06
600796.SH,2026-02-09
600797.SH,2026-05-29
600797.SH,2026-07-21
600797.SH,2026-07-22
600798.SH,2026-03-02
600798.SH,2026-06-02
600798.SH,2026-06-03
600800.SH,2026-01-12
600800.SH,2026-08-14
600800.SH,2026-08-17
600801.SH,2026-07-02
600801.SH,2026-07-06
600801.SH,2026-07-07
600802.SH,2026-03-24
600802.SH,2026-03-26
600802.SH,2026-03-27
600807.SH,2026-01-08
600807.SH,2026-01-12
600807.SH,2026-01-13
600809.SH,2026-01-28
600809.SH,2026-01-30
600809.SH,2026-02-02
600810.SH,2026-04-03
600810.SH,2026-04-08
600810.SH,2026-04-09
600814.SH,2026-02-03
600814.SH,2026-02-09
600814.SH,2026-02-10
600815.SH,2026-03-24
600815.SH,2026-08-31
600818.SH,2026-05-13
600818.SH,2026-08-04
600818.SH,2026-08-05
600819.SH,2026-05-13
600819.SH,2026-07-01
600819.SH,2026-07-02
600821.SH,2026-02-11
600821.SH,2026-08-14
600821.SH,2026-08-17
600824.SH,2026-08-14
600824.SH,2026-08-18
600824.SH,2026-08-19
600825.SH,2026-03-05
600825.SH,2026-07-02
600825.SH,2026-07-03
600826.SH,2026-07-02
600826.SH,2026-07-03
600828.SH,2026-01-08
600828.SH,2026-06-05
600828.SH,2026-06-08
600829.SH,2026-07-13
600829.SH,2026-08-26
600829.SH,2026-08-27
600830.SH,2026-04-24
600830.SH,2026-04-28
600830.SH,2026-04-29
600831.SH,2026-05-18
600831.SH,2026-05-26
600831.SH,2026-05-27
600833.SH,2026-08-07
600833.SH,2026-08-12
600833.SH,2026-08-13
600835.SH,2026-05-18
600835.SH,2026-06-22
600835.SH,2026-06-23
600838.SH,2026-01-05
600838.SH,2026-08-26
600838.SH,2026-08-27
600839.SH,2026-01-09
600839.SH,2026-01-13
600839.SH,2026-01-14
600841.SH,2026-01-15
600841.SH,2026-07-06
600841.SH,2026-07-07
600843.SH,2026-06-09
600843.SH,2026-06-24
600843.SH,2026-06-25
600844.SH,2026-03-04
600844.SH,2026-07-30
600844.SH,2026-07-31
600845.SH,2026-01-07
600845.SH,2026-07-02
600845.SH,2026-07-03
600846.SH,2026-06-29
600846.SH,2026-07-22
600846.SH,2026-07-23
600847.SH,2026-03-12
600847.SH,2026-07-28
600847.SH,2026-07-29
600850.SH,2026-05-15
600850.SH,2026-07-29
600850.SH,2026-07-30
600851.SH,2026-03-06
600851.SH,2026-06-24
600851.SH,2026-06-25
600854.SH,2026-05-08
600854.SH,2026-05-12
600854.SH,2026-05-13
600855.SH,2026-05-11
600855.SH,2026-05-12
600857.SH,2026-05-12
600857.SH,2026-08-13
600857.SH,2026-08-14
600858.SH,2026-01-08
600858.SH,2026-01-12
600858.SH,2026-01-13
600860.SH,2026-02-03
600860.SH,2026-08-18
600860.SH,2026-08-19
600862.SH,2026-06-11
600862.SH,2026-06-15
600862.SH,2026-06-16
600863.SH,2026-05-18
600863.SH,2026-08-12
600863.SH,2026-08-13
600865.SH,2026-05-28
600865.SH,2026-06-01
600865.SH,2026-06-02
600867.SH,2026-06-26
600867.SH,2026-06-30
600867.SH,2026-07-01
600868.SH,2026-01-09
600868.SH,2026-06-05
600868.SH,2026-06-08
600869.SH,2026-01-05
600869.SH,2026-06-23
600869.SH,2026-06-24
600871.SH,2026-01-27
600871.SH,2026-03-05
600871.SH,2026-03-06
600872.SH,2026-04-17
600872.SH,2026-04-21
600872.SH,2026-04-22
600873.SH,2026-03-10
600873.SH,2026-03-12
600873.SH,2026-03-13
600875.SH,2026-02-06
600875.SH,2026-04-17
600875.SH,2026-04-20
600876.SH,2026-04-09
600876.SH,2026-06-18
600876.SH,2026-06-22
600877.SH,2026-01-09
600877.SH,2026-06-25
600877.SH,2026-06-26
600879.SH,2026-01-05
600879.SH,2026-07-13
600879.SH,2026-07-14
600880.SH,2026-01-13
600880.SH,2026-01-14
600881.SH,2026-04-28
600881.SH,2026-08-14
600881.SH,2026-08-17
600884.SH,2026-02-05
600884.SH,2026-07-22
600884.SH,2026-07-23
600885.SH,2026-06-30
600885.SH,2026-07-02
600885.SH,2026-07-03
600888.SH,2026-05-21
600888.SH,2026-06-26
600888.SH,2026-06-29
600889.SH,2026-05-22
600889.SH,2026-05-26
600889.SH,2026-05-27
600892.SH,2026-03-13
600893.SH,2026-01-16
600893.SH,2026-02-24
600893.SH,2026-02-25
600894.SH,2026-03-30
600894.SH,2026-04-01
600894.SH,2026-04-02
600895.SH,2026-05-19
600895.SH,2026-07-29
600895.SH,2026-07-30
600903.SH,2026-03-02
600903.SH,2026-06-26
600903.SH,2026-06-29
600906.SH,2026-06-11
600906.SH,2026-06-15
600906.SH,2026-06-16
600909.SH,2026-01-05
600909.SH,2026-07-10
600909.SH,2026-07-13
600916.SH,2026-01-22
600916.SH,2026-01-30
600916.SH,2026-02-02
600917.SH,2026-03-02
600917.SH,2026-03-04
600917.SH,2026-03-05
600929.SH,2026-08-27
600935.SH,2026-01-07
600935.SH,2026-03-13
600935.SH,2026-03-16
600936.SH,2026-01-05
600936.SH,2026-08-26
600936.SH,2026-08-27
600938.SH,2026-02-27
600938.SH,2026-07-21
600938.SH,2026-07-22
600955.SH,2026-01-05
600955.SH,2026-04-08
600955.SH,2026-04-09
600956.SH,2026-03-11
600956.SH,2026-03-13
600956.SH,2026-03-16
600959.SH,2026-01-22
600959.SH,2026-01-30
600959.SH,2026-02-02
600960.SH,2026-02-11
600960.SH,2026-02-13
600960.SH,2026-02-24
600961.SH,2026-01-27
600961.SH,2026-06-23
600961.SH,2026-06-24
600962.SH,2026-01-08
600962.SH,2026-08-04
600962.SH,2026-08-05
600965.SH,2026-01-09
600965.SH,2026-08-18
600965.SH,2026-08-19
600967.SH,2026-01-07
600967.SH,2026-01-09
600967.SH,2026-01-12
600968.SH,2026-02-27
600968.SH,2026-03-04
600968.SH,2026-03-05
600969.SH,2026-05-22
600969.SH,2026-08-28
600969.SH,2026-08-31
600971.SH,2026-02-03
600971.SH,2026-02-05
600971.SH,2026-02-06
600973.SH,2026-01-08
600973.SH,2026-06-08
600973.SH,2026-06-09
600975.SH,2026-06-30
600975.SH,2026-07-02
600975.SH,2026-07-03
600977.SH,2026-02-09
600977.SH,2026-02-11
600977.SH,2026-02-12
600979.SH,2026-02-25
600979.SH,2026-06-12
600979.SH,2026-06-15
600980.SH,2026-02-10
600980.SH,2026-07-24
600980.SH,2026-07-27
600981.SH,2026-05-29
600981.SH,2026-06-11
600981.SH,2026-06-12
600982.SH,2026-03-23
600982.SH,2026-07-20
600982.SH,2026-07-21
600983.SH,2026-04-09
600983.SH,2026-04-13
600983.SH,2026-04-14
600984.SH,2026-02-02
600984.SH,2026-08-26
600984.SH,2026-08-27
600985.SH,2026-07-17
600985.SH,2026-08-07
600985.SH,2026-08-10
600986.SH,2026-01-08
600986.SH,2026-08-03
600986.SH,2026-08-04
600987.SH,2026-01-27
600987.SH,2026-02-09
600987.SH,2026-02-10
600988.SH,2026-01-27
600988.SH,2026-07-22
600988.SH,2026-07-23
600989.SH,2026-02-27
600989.SH,2026-03-12
600989.SH,2026-03-13
600990.SH,2026-07-02
600990.SH,2026-07-24
600990.SH,2026-07-27
600992.SH,2026-05-07
600992.SH,2026-07-20
600992.SH,2026-07-21
600996.SH,2026-03-18
600996.SH,2026-06-08
600996.SH,2026-06-09
600997.SH,2026-02-03
600997.SH,2026-02-05
600997.SH,2026-02-06
601001.SH,2026-02-03
601001.SH,2026-07-21
601001.SH,2026-07-22
601002.SH,2026-03-24
601002.SH,2026-07-14
601002.SH,2026-07-15
601003.SH,2026-07-28
601003.SH,2026-08-31
601010.SH,2026-04-09
601010.SH,2026-07-09
601010.SH,2026-07-10
601011.SH,2026-02-03
601011.SH,2026-08-20
601011.SH,2026-08-21
601012.SH,2026-01-22
601012.SH,2026-01-26
601012.SH,2026-01-27
601015.SH,2026-01-06
601015.SH,2026-08-20
601015.SH,2026-08-21
601016.SH,2026-03-10
601016.SH,2026-06-29
601016.SH,2026-06-30
601020.SH,2026-06-15
601020.SH,2026-08-11
601020.SH,2026-08-12
601022.SH,2026-03-02
601022.SH,2026-06-16
601022.SH,2026-06-17
601026.SH,2026-07-17
601026.SH,2026-08-14
601026.SH,2026-08-17
601038.SH,2026-03-11
601038.SH,2026-08-27
601038.SH,2026-08-28
601061.SH,2026-04-21
601061.SH,2026-07-24
601061.SH,2026-07-27
601066.SH,2026-06-18
601066.SH,2026-06-23
601066.SH,2026-06-24
601068.SH,2026-01-05
601068.SH,2026-03-31
601068.SH,2026-04-01
601069.SH,2026-01-20
601069.SH,2026-07-06
601069.SH,2026-07-07
601083.SH,2026-03-02
601083.SH,2026-08-25
601083.SH,2026-08-26
601086.SH,2026-04-29
601089.SH,2026-01-12
601089.SH,2026-01-13
601096.SH,2026-01-15
601096.SH,2026-03-05
601096.SH,2026-03-06
601100.SH,2026-07-02
601100.SH,2026-07-06
601100.SH,2026-07-07
601101.SH,2026-04-22
601101.SH,2026-08-07
601101.SH,2026-08-10
601106.SH,2026-01-06
601106.SH,2026-05-06
601106.SH,2026-05-07
601108.SH,2026-06-18
601108.SH,2026-06-23
601108.SH,2026-06-24
601116.SH,2026-01-09
601116.SH,2026-08-19
601116.SH,2026-08-20
601117.SH,2026-01-19
601117.SH,2026-06-18
601117.SH,2026-06-22
601118.SH,2026-01-22
601118.SH,2026-08-21
601118.SH,2026-08-24
601121.SH,2026-02-10
601121.SH,2026-07-08
601121.SH,2026-07-09
601126.SH,2026-01-16
601126.SH,2026-08-05
601126.SH,2026-08-06
601133.SH,2026-06-30
601133.SH,2026-07-01
601136.SH,2026-08-28
601137.SH,2026-04-07
601137.SH,2026-06-12
601137.SH,2026-06-15
601138.SH,2026-05-12
601138.SH,2026-05-14
601138.SH,2026-05-15
601139.SH,2026-03-02
601139.SH,2026-03-04
601139.SH,2026-03-05
601155.SH,2026-01-28
601155.SH,2026-08-13
601155.SH,2026-08-14
601162.SH,2026-06-30
601162.SH,2026-07-02
601162.SH,2026-07-03
601163.SH,2026-01-15
601163.SH,2026-01-19
601163.SH,2026-01-20
601177.SH,2026-04-27
601177.SH,2026-08-24
601177.SH,2026-08-25
601179.SH,2026-01-06
601179.SH,2026-07-24
601179.SH,2026-07-27
601187.SH,2026-02-04
601187.SH,2026-02-06
601187.SH,2026-02-09
601199.SH,2026-08-07
601199.SH,2026-08-11
601199.SH,2026-08-12
601208.SH,2026-01-14
601208.SH,2026-08-28
601208.SH,2026-08-31
601212.SH,2026-01-19
601212.SH,2026-08-27
601212.SH,2026-08-28
601216.SH,2026-01-13
601216.SH,2026-01-15
601216.SH,2026-01-16
601218.SH,2026-03-12
601218.SH,2026-07-28
601218.SH,2026-07-29
601222.SH,2026-05-18
601222.SH,2026-08-31
601226.SH,2026-01-23
601226.SH,2026-03-25
601226.SH,2026-03-26
601231.SH,2026-01-14
601231.SH,2026-08-06
601231.SH,2026-08-07
601233.SH,2026-04-28
601233.SH,2026-08-28
601233.SH,2026-08-31
601330.SH,2026-03-10
601336.SH,2026-06-18
601336.SH,2026-06-23
601336.SH,2026-06-24
601360.SH,2026-01-09
601360.SH,2026-02-10
601360.SH,2026-02-11
601366.SH,2026-01-14
601366.SH,2026-08-18
601366.SH,2026-08-19
601368.SH,2026-07-03
601368.SH,2026-07-07
601368.SH,2026-07-08
601369.SH,2026-05-27
601369.SH,2026-07-20
601369.SH,2026-07-21
601388.SH,2026-01-27
601388.SH,2026-04-08
601388.SH,2026-04-09
601390.SH,2026-02-13
601390.SH,2026-02-25
601390.SH,2026-02-26
601399.SH,2026-01-06
601399.SH,2026-01-09
601399.SH,2026-01-12
601512.SH,2026-04-24
601512.SH,2026-04-27
601515.SH,2026-03-25
601515.SH,2026-04-02
601515.SH,2026-04-03
601519.SH,2026-01-05
601519.SH,2026-06-23
601519.SH,2026-06-24
601566.SH,2026-05-28
601566.SH,2026-06-01
601566.SH,2026-06-02
601567.SH,2026-03-05
601567.SH,2026-03-10
601567.SH,2026-03-11
601579.SH,2026-01-28
601579.SH,2026-08-14
601579.SH,2026-08-17
601588.SH,2026-04-13
601588.SH,2026-06-09
601588.SH,2026-06-10
601595.SH,2026-02-06
601599.SH,2026-02-04
601599.SH,2026-02-11
601599.SH,2026-02-12
601600.SH,2026-01-27
601600.SH,2026-05-27
601600.SH,2026-05-28
601606.SH,2026-03-23
601606.SH,2026-08-11
601606.SH,2026-08-12
601608.SH,2026-01-07
601608.SH,2026-07-14
601608.SH,2026-07-15
601609.SH,2026-05-08
601609.SH,2026-08-17
601609.SH,2026-08-18
601611.SH,2026-01-06
601611.SH,2026-08-04
601611.SH,2026-08-05
601615.SH,2026-01-05
601615.SH,2026-01-27
601615.SH,2026-01-28
601616.SH,2026-01-15
601616.SH,2026-07-31
601616.SH,2026-08-03
601619.SH,2026-02-11
601619.SH,2026-04-20
601619.SH,2026-04-21
601636.SH,2026-06-12
601636.SH,2026-06-30
601636.SH,2026-07-01
601666.SH,2026-05-22
601666.SH,2026-08-07
601666.SH,2026-08-10
601669.SH,2026-03-12
601669.SH,2026-03-16
601669.SH,2026-03-17
601677.SH,2026-01-19
601677.SH,2026-01-21
601677.SH,2026-01-22
601678.SH,2026-01-05
601678.SH,2026-08-07
601678.SH,2026-08-10
601686.SH,2026-06-01
601686.SH,2026-06-03
601686.SH,2026-06-04
601689.SH,2026-07-02
601689.SH,2026-07-06
601689.SH,2026-07-07
601696.SH,2026-06-11
601696.SH,2026-06-16
601696.SH,2026-06-17
601698.SH,2026-07-13
601698.SH,2026-07-14
601699.SH,2026-02-03
601699.SH,2026-08-07
601699.SH,2026-08-10
601700.SH,2026-01-16
601700.SH,2026-08-31
601702.SH,2026-01-22
601702.SH,2026-08-19
601702.SH,2026-08-20
601718.SH,2026-05-18
601718.SH,2026-07-06
601718.SH,2026-07-07
601727.SH,2026-03-04
601727.SH,2026-03-06
601727.SH,2026-03-09
601777.SH,2026-02-12
601777.SH,2026-02-24
601777.SH,2026-02-25
601778.SH,2026-03-09
601778.SH,2026-05-07
601778.SH,2026-05-08
601789.SH,2026-03-05
601789.SH,2026-07-28
601789.SH,2026-07-29
601798.SH,2026-06-02
601798.SH,2026-06-26
601798.SH,2026-06-29
601799.SH,2026-01-27
601799.SH,2026-02-04
601799.SH,2026-02-05
601808.SH,2026-02-13
601808.SH,2026-03-04
601808.SH,2026-03-05
601811.SH,2026-04-08
601811.SH,2026-04-10
601811.SH,2026-04-13
601828.SH,2026-04-27
601828.SH,2026-04-29
601828.SH,2026-04-30
601857.SH,2026-02-27
601857.SH,2026-03-04
601857.SH,2026-03-05
601858.SH,2026-01-09
601858.SH,2026-08-05
601858.SH,2026-08-06
601865.SH,2026-07-31
601865.SH,2026-08-10
601865.SH,2026-08-11
601866.SH,2026-03-02
601866.SH,2026-03-04
601866.SH,2026-03-05
601868.SH,2026-03-05
601868.SH,2026-05-08
601868.SH,2026-05-11
601869.SH,2026-01-23
601869.SH,2026-08-28
601869.SH,2026-08-31
601872.SH,2026-02-11
601872.SH,2026-06-25
601872.SH,2026-06-26
601877.SH,2026-03-06
601877.SH,2026-08-21
601877.SH,2026-08-24
601882.SH,2026-06-29
601886.SH,2026-01-05
601886.SH,2026-08-14
601886.SH,2026-08-17
601890.SH,2026-02-12
601890.SH,2026-02-25
601890.SH,2026-02-26
601898.SH,2026-02-03
601898.SH,2026-07-21
601898.SH,2026-07-22
601900.SH,2026-01-09
601900.SH,2026-01-13
601900.SH,2026-01-14
601908.SH,2026-03-25
601908.SH,2026-04-14
601908.SH,2026-04-15
601918.SH,2026-05-29
601918.SH,2026-06-02
601918.SH,2026-06-03
601929.SH,2026-01-08
601933.SH,2026-06-30
601933.SH,2026-07-02
601933.SH,2026-07-03
601949.SH,2026-01-09
601949.SH,2026-01-13
601949.SH,2026-01-14
601952.SH,2026-08-17
601952.SH,2026-08-19
601952.SH,2026-08-20
601958.SH,2026-01-08
601958.SH,2026-06-23
601958.SH,2026-06-24
601965.SH,2026-01-16
601965.SH,2026-01-20
601965.SH,2026-01-21
601968.SH,2026-01-16
601968.SH,2026-01-20
601968.SH,2026-01-21
601969.SH,2026-03-06
601969.SH,2026-07-15
601969.SH,2026-07-16
601975.SH,2026-02-13
601975.SH,2026-06-16
601975.SH,2026-06-17
601991.SH,2026-03-11
601991.SH,2026-08-14
601991.SH,2026-08-17
601992.SH,2026-01-09
601992.SH,2026-05-25
601992.SH,2026-05-26
601996.SH,2026-05-06
601996.SH,2026-05-18
601996.SH,2026-05-19
601999.SH,2026-03-24
601999.SH,2026-08-14
601999.SH,2026-08-17
603000.SH,2026-01-09
603000.SH,2026-02-11
603000.SH,2026-02-12
603001.SH,2026-01-16
603002.SH,2026-03-26
603002.SH,2026-08-28
603002.SH,2026-08-31
603004.SH,2026-08-04
603004.SH,2026-08-06
603004.SH,2026-08-07
603005.SH,2026-05-19
603005.SH,2026-07-22
603005.SH,2026-07-23
603006.SH,2026-05-27
603006.SH,2026-05-29
603006.SH,2026-06-01
603007.SH,2026-05-11
603007.SH,2026-08-31
603008.SH,2026-05-14
603008.SH,2026-06-03
603008.SH,2026-06-04
603009.SH,2026-07-30
603009.SH,2026-08-12
603009.SH,2026-08-13
603010.SH,2026-01-29
603010.SH,2026-08-18
603010.SH,2026-08-19
603011.SH,2026-02-27
603011.SH,2026-08-31
603012.SH,2026-01-05
603012.SH,2026-08-12
603012.SH,2026-08-13
603013.SH,2026-04-28
603013.SH,2026-07-06
603013.SH,2026-07-07
603014.SH,2026-06-10
603014.SH,2026-07-02
603014.SH,2026-07-03
603015.SH,2026-01-06
603015.SH,2026-06-24
603015.SH,2026-06-25
603016.SH,2026-03-17
603016.SH,2026-08-31
603017.SH,2026-01-07
603017.SH,2026-04-30
603017.SH,2026-05-06
603019.SH,2026-06-24
603019.SH,2026-07-01
603019.SH,2026-07-02
603020.SH,2026-06-04
603020.SH,2026-08-11
603020.SH,2026-08-12
603021.SH,2026-01-05
603021.SH,2026-07-03
603021.SH,2026-07-06
603023.SH,2026-01-05
603023.SH,2026-05-14
603023.SH,2026-05-15
603025.SH,2026-04-17
603025.SH,2026-08-17
603025.SH,2026-08-18
603026.SH,2026-03-19
603026.SH,2026-07-24
603026.SH,2026-07-27
603028.SH,2026-01-06
603028.SH,2026-05-11
603028.SH,2026-05-12
603029.SH,2026-03-12
603029.SH,2026-08-31
603030.SH,2026-04-20
603030.SH,2026-05-06
603030.SH,2026-05-07
603031.SH,2026-01-07
603031.SH,2026-08-03
603031.SH,2026-08-04
603032.SH,2026-04-15
603032.SH,2026-08-25
603032.SH,2026-08-26
603033.SH,2026-04-02
603033.SH,2026-07-01
603033.SH,2026-07-02
603036.SH,2026-06-11
603036.SH,2026-08-21
603036.SH,2026-08-24
603037.SH,2026-01-06
603037.SH,2026-05-13
603037.SH,2026-05-14
603038.SH,2026-01-15
603038.SH,2026-08-11
603038.SH,2026-08-12
603039.SH,2026-03-30
603039.SH,2026-08-07
603039.SH,2026-08-10
603040.SH,2026-01-20
603040.SH,2026-07-02
603040.SH,2026-07-03
603042.SH,2026-02-13
603042.SH,2026-07-15
603042.SH,2026-07-16
603045.SH,2026-01-23
603045.SH,2026-08-31
603048.SH,2026-06-04
603048.SH,2026-06-08
603048.SH,2026-06-09
603050.SH,2026-05-27
603050.SH,2026-07-24
603050.SH,2026-07-27
603051.SH,2026-01-22
603051.SH,2026-07-06
603051.SH,2026-07-07
603052.SH,2026-08-24
603052.SH,2026-08-25
603053.SH,2026-03-02
603053.SH,2026-03-04
603053.SH,2026-03-05
603056.SH,2026-01-09
603056.SH,2026-01-14
603056.SH,2026-01-15
603056.SH,2026-01-16
603056.SH,2026-01-19
603056.SH,2026-01-20
603057.SH,2026-01-06
603057.SH,2026-07-30
603057.SH,2026-07-31
603058.SH,2026-01-15
603059.SH,2026-01-09
603059.SH,2026-02-02
603059.SH,2026-02-03
603060.SH,2026-04-22
603060.SH,2026-06-01
603060.SH,2026-06-02
603061.SH,2026-08-06
603061.SH,2026-08-07
603062.SH,2026-03-12
603062.SH,2026-03-16
603062.SH,2026-03-17
603063.SH,2026-03-05
603063.SH,2026-06-26
603063.SH,2026-06-29
603065.SH,2026-06-02
603065.SH,2026-08-24
603065.SH,2026-08-25
603066.SH,2026-04-23
603066.SH,2026-04-27
603066.SH,2026-04-28
603067.SH,2026-08-18
603067.SH,2026-08-19
603068.SH,2026-07-23
603069.SH,2026-05-12
603069.SH,2026-05-14
603069.SH,2026-05-15
603070.SH,2026-05-11
603070.SH,2026-06-16
603070.SH,2026-06-17
603071.SH,2026-08-17
603071.SH,2026-08-19
603071.SH,2026-08-20
603076.SH,2026-03-26
603076.SH,2026-08-13
603076.SH,2026-08-14
603077.SH,2026-01-27
603077.SH,2026-07-15
603077.SH,2026-07-16
603078.SH,2026-01-09
603078.SH,2026-08-07
603078.SH,2026-08-10
603079.SH,2026-08-13
603079.SH,2026-08-26
603079.SH,2026-08-27
603080.SH,2026-03-02
603080.SH,2026-03-04
603080.SH,2026-03-05
603082.SH,2026-05-13
603082.SH,2026-08-31
603083.SH,2026-02-27
603083.SH,2026-08-27
603083.SH,2026-08-28
603085.SH,2026-06-12
603085.SH,2026-06-16
603085.SH,2026-06-17
603086.SH,2026-08-27
603086.SH,2026-08-31
603087.SH,2026-08-10
603087.SH,2026-08-12
603087.SH,2026-08-13
603088.SH,2026-02-11
603088.SH,2026-04-13
603088.SH,2026-04-14
603089.SH,2026-08-13
603089.SH,2026-08-25
603089.SH,2026-08-26
603090.SH,2026-01-09
603092.SH,2026-03-11
603092.SH,2026-03-13
603092.SH,2026-03-16
603093.SH,2026-02-26
603093.SH,2026-08-28
603093.SH,2026-08-31
603095.SH,2026-01-21
603095.SH,2026-08-26
603095.SH,2026-08-27
603097.SH,2026-01-16
603097.SH,2026-07-28
603097.SH,2026-07-29
603098.SH,2026-03-17
603098.SH,2026-03-19
603098.SH,2026-03-20
603101.SH,2026-04-09
603101.SH,2026-04-13
603101.SH,2026-04-14
603102.SH,2026-08-06
603102.SH,2026-08-20
603102.SH,2026-08-21
603103.SH,2026-01-28
603103.SH,2026-02-11
603103.SH,2026-02-12
603105.SH,2026-03-20
603105.SH,2026-08-25
603105.SH,2026-08-26
603106.SH,2026-06-22
603106.SH,2026-08-27
603106.SH,2026-08-28
603108.SH,2026-01-08
603108.SH,2026-07-17
603108.SH,2026-07-20
603109.SH,2026-04-13
603109.SH,2026-06-04
603109.SH,2026-06-05
603110.SH,2026-04-24
603110.SH,2026-08-18
603110.SH,2026-08-19
603112.SH,2026-08-17
603112.SH,2026-08-19
603112.SH,2026-08-20
603113.SH,2026-08-18
603115.SH,2026-01-16
603115.SH,2026-08-17
603115.SH,2026-08-18
603116.SH,2026-06-22
603116.SH,2026-06-24
603116.SH,2026-06-25
603117.SH,2026-01-30
603117.SH,2026-03-02
603117.SH,2026-03-03
603118.SH,2026-03-24
603118.SH,2026-08-27
603118.SH,2026-08-28
603119.SH,2026-04-29
603119.SH,2026-05-06
603119.SH,2026-05-07
603120.SH,2026-01-26
603120.SH,2026-08-03
603120.SH,2026-08-04
603121.SH,2026-01-26
603121.SH,2026-08-27
603121.SH,2026-08-28
603122.SH,2026-03-27
603122.SH,2026-08-07
603122.SH,2026-08-10
603123.SH,2026-04-02
603123.SH,2026-08-07
603123.SH,2026-08-10
603124.SH,2026-02-13
603124.SH,2026-08-10
603124.SH,2026-08-11
603125.SH,2026-01-06
603125.SH,2026-08-06
603125.SH,2026-08-07
603126.SH,2026-05-12
603126.SH,2026-05-14
603126.SH,2026-05-15
603127.SH,2026-08-10
603127.SH,2026-08-11
603130.SH,2026-01-22
603130.SH,2026-08-11
603130.SH,2026-08-12
603131.SH,2026-04-29
603131.SH,2026-07-02
603131.SH,2026-07-03
603132.SH,2026-01-23
603132.SH,2026-03-30
603132.SH,2026-03-31
603135.SH,2026-06-02
603135.SH,2026-07-03
603135.SH,2026-07-06
603137.SH,2026-06-12
603137.SH,2026-08-28
603137.SH,2026-08-31
603138.SH,2026-01-12
603138.SH,2026-06-02
603138.SH,2026-06-03
603139.SH,2026-02-13
603150.SH,2026-04-14
603150.SH,2026-06-10
603150.SH,2026-06-11
603151.SH,2026-07-09
603151.SH,2026-08-11
603151.SH,2026-08-12
603155.SH,2026-06-09
603155.SH,2026-07-13
603155.SH,2026-07-14
603156.SH,2026-04-30
603156.SH,2026-08-04
603156.SH,2026-08-05
603158.SH,2026-03-05
603158.SH,2026-05-08
603158.SH,2026-05-11
603159.SH,2026-06-04
603159.SH,2026-06-08
603159.SH,2026-06-09
603160.SH,2026-06-09
603160.SH,2026-06-11
603160.SH,2026-06-12
603161.SH,2026-01-14
603161.SH,2026-08-11
603161.SH,2026-08-12
603162.SH,2026-01-28
603162.SH,2026-08-11
603162.SH,2026-08-12
603163.SH,2026-08-05
603163.SH,2026-08-06
603165.SH,2026-03-06
603165.SH,2026-07-06
603165.SH,2026-07-07
603166.SH,2026-06-04
603166.SH,2026-07-02
603166.SH,2026-07-03
603168.SH,2026-03-17
603168.SH,2026-03-19
603168.SH,2026-03-20
603169.SH,2026-01-07
603169.SH,2026-06-17
603169.SH,2026-06-18
603171.SH,2026-08-31
603172.SH,2026-01-28
603172.SH,2026-02-04
603172.SH,2026-02-05
603173.SH,2026-06-30
603173.SH,2026-07-02
603173.SH,2026-07-03
603175.SH,2026-03-03
603175.SH,2026-06-17
603175.SH,2026-06-18
603177.SH,2026-04-10
603177.SH,2026-08-21
603177.SH,2026-08-24
603178.SH,2026-04-16
603179.SH,2026-01-08
603179.SH,2026-08-12
603179.SH,2026-08-13
603180.SH,2026-06-11
603180.SH,2026-06-15
603180.SH,2026-06-16
603183.SH,2026-07-07
603183.SH,2026-07-09
603183.SH,2026-07-10
603185.SH,2026-07-29
603185.SH,2026-07-31
603185.SH,2026-08-03
603186.SH,2026-01-16
603186.SH,2026-08-18
603186.SH,2026-08-19
603188.SH,2026-01-27
603188.SH,2026-08-12
603188.SH,2026-08-13
603189.SH,2026-03-17
603189.SH,2026-07-02
603189.SH,2026-07-03
603190.SH,2026-04-29
603190.SH,2026-05-06
603190.SH,2026-05-07
603191.SH,2026-02-06
603191.SH,2026-08-14
603191.SH,2026-08-17
603192.SH,2026-07-14
603192.SH,2026-08-04
603192.SH,2026-08-05
603193.SH,2026-03-31
603193.SH,2026-06-02
603193.SH,2026-06-03
603194.SH,2026-06-25
603194.SH,2026-06-29
603194.SH,2026-06-30
603196.SH,2026-04-07
603196.SH,2026-07-16
603196.SH,2026-07-17
603197.SH,2026-07-13
603197.SH,2026-07-15
603197.SH,2026-07-16
603198.SH,2026-01-28
603198.SH,2026-04-24
603198.SH,2026-04-27
603199.SH,2026-01-16
603199.SH,2026-01-20
603199.SH,2026-01-21
603200.SH,2026-01-22
603200.SH,2026-08-27
603200.SH,2026-08-28
603201.SH,2026-06-17
603203.SH,2026-01-20
603203.SH,2026-08-05
603203.SH,2026-08-06
603206.SH,2026-05-15
603206.SH,2026-08-06
603206.SH,2026-08-07
603210.SH,2026-06-03
603210.SH,2026-06-24
603210.SH,2026-06-25
603211.SH,2026-02-02
603211.SH,2026-07-13
603211.SH,2026-07-14
603212.SH,2026-01-22
603212.SH,2026-07-24
603212.SH,2026-07-27
603215.SH,2026-04-27
603215.SH,2026-04-29
603215.SH,2026-04-30
603216.SH,2026-01-15
603217.SH,2026-02-26
603217.SH,2026-08-26
603217.SH,2026-08-27
603220.SH,2026-01-21
603220.SH,2026-06-11
603220.SH,2026-06-12
603221.SH,2026-08-19
603221.SH,2026-08-20
603222.SH,2026-04-01
603222.SH,2026-08-05
603222.SH,2026-08-06
603223.SH,2026-05-21
603223.SH,2026-07-13
603223.SH,2026-07-14
603225.SH,2026-06-11
603225.SH,2026-06-15
603225.SH,2026-06-16
603226.SH,2026-02-26
603226.SH,2026-07-01
603226.SH,2026-07-02
603228.SH,2026-04-24
603228.SH,2026-08-13
603228.SH,2026-08-14
603232.SH,2026-01-09
603232.SH,2026-08-13
603232.SH,2026-08-14
603236.SH,2026-06-02
603237.SH,2026-08-26
603237.SH,2026-08-28
603237.SH,2026-08-31
603239.SH,2026-01-16
603239.SH,2026-03-31
603239.SH,2026-04-01
603248.SH,2026-03-12
603248.SH,2026-05-18
603248.SH,2026-05-19
603255.SH,2026-04-03
603255.SH,2026-04-08
603255.SH,2026-04-09
603256.SH,2026-01-20
603256.SH,2026-08-06
603256.SH,2026-08-07
603257.SH,2026-01-20
603257.SH,2026-03-03
603257.SH,2026-03-04
603258.SH,2026-07-28
603258.SH,2026-07-30
603258.SH,2026-07-31
603259.SH,2026-04-27
603259.SH,2026-08-05
603259.SH,2026-08-06
603260.SH,2026-04-03
603260.SH,2026-06-17
603260.SH,2026-06-18
603261.SH,2026-08-28
603261.SH,2026-08-31
603267.SH,2026-02-25
603267.SH,2026-06-26
603267.SH,2026-06-29
603268.SH,2026-01-05
603268.SH,2026-08-06
603268.SH,2026-08-07
603269.SH,2026-03-05
603270.SH,2026-06-04
603271.SH,2026-01-23
603271.SH,2026-06-17
603271.SH,2026-06-18
603272.SH,2026-03-20
603272.SH,2026-08-04
603272.SH,2026-08-05
603273.SH,2026-07-01
603273.SH,2026-07-03
603273.SH,2026-07-06
603275.SH,2026-05-08
603275.SH,2026-05-12
603275.SH,2026-05-13
603276.SH,2026-06-09
603276.SH,2026-06-11
603276.SH,2026-06-12
603277.SH,2026-08-11
603277.SH,2026-08-13
603277.SH,2026-08-14
603278.SH,2026-01-09
603278.SH,2026-07-06
603278.SH,2026-07-07
603280.SH,2026-01-13
603280.SH,2026-08-19
603280.SH,2026-08-20
603281.SH,2026-03-11
603281.SH,2026-03-13
603281.SH,2026-03-16
603282.SH,2026-01-12
603282.SH,2026-01-14
603282.SH,2026-01-15
603283.SH,2026-01-15
603283.SH,2026-06-30
603283.SH,2026-07-01
603284.SH,2026-08-10
603284.SH,2026-08-12
603284.SH,2026-08-13
603285.SH,2026-02-02
603285.SH,2026-08-21
603285.SH,2026-08-24
603286.SH,2026-01-16
603286.SH,2026-08-18
603286.SH,2026-08-19
603289.SH,2026-08-11
603289.SH,2026-08-13
603289.SH,2026-08-14
603290.SH,2026-05-12
603290.SH,2026-08-20
603290.SH,2026-08-21
603296.SH,2026-03-31
603296.SH,2026-07-23
603296.SH,2026-07-24
603297.SH,2026-06-23
603301.SH,2026-02-06
603301.SH,2026-02-11
603301.SH,2026-02-12
603303.SH,2026-01-09
603303.SH,2026-07-06
603303.SH,2026-07-07
603305.SH,2026-01-08
603305.SH,2026-01-23
603305.SH,2026-01-26
603306.SH,2026-04-07
603306.SH,2026-08-06
603306.SH,2026-08-07
603308.SH,2026-02-06
603308.SH,2026-04-24
603308.SH,2026-04-27
603310.SH,2026-05-14
603310.SH,2026-05-18
603310.SH,2026-05-19
603311.SH,2026-01-20
603311.SH,2026-07-22
603311.SH,2026-07-23
603313.SH,2026-01-20
603315.SH,2026-02-25
603315.SH,2026-07-28
603315.SH,2026-07-29
603316.SH,2026-03-03
603316.SH,2026-08-03
603316.SH,2026-08-04
603317.SH,2026-04-27
603317.SH,2026-06-25
603317.SH,2026-06-26
603318.SH,2026-02-26
603318.SH,2026-08-26
603318.SH,2026-08-27
603319.SH,2026-06-02
603319.SH,2026-08-28
603319.SH,2026-08-31
603320.SH,2026-01-14
603320.SH,2026-05-13
603320.SH,2026-05-14
603322.SH,2026-04-15
603322.SH,2026-07-13
603322.SH,2026-07-14
603324.SH,2026-03-26
603324.SH,2026-06-25
603324.SH,2026-06-26
603325.SH,2026-06-30
603325.SH,2026-07-02
603325.SH,2026-07-03
603327.SH,2026-04-03
603327.SH,2026-07-17
603327.SH,2026-07-20
603328.SH,2026-04-07
603328.SH,2026-08-10
603328.SH,2026-08-11
603329.SH,2026-07-08
603329.SH,2026-07-10
603329.SH,2026-07-13
603330.SH,2026-05-29
603330.SH,2026-08-25
603330.SH,2026-08-26
603331.SH,2026-01-23
603331.SH,2026-07-24
603331.SH,2026-07-27
603332.SH,2026-04-17
603332.SH,2026-04-21
603332.SH,2026-04-22
603333.SH,2026-01-07
603333.SH,2026-08-24
603333.SH,2026-08-25
603334.SH,2026-01-08
603334.SH,2026-02-06
603334.SH,2026-02-09
603335.SH,2026-04-20
603335.SH,2026-08-06
603335.SH,2026-08-07
603336.SH,2026-04-27
603336.SH,2026-08-03
603336.SH,2026-08-04
603337.SH,2026-03-04
603337.SH,2026-08-03
603337.SH,2026-08-04
603338.SH,2026-04-27
603338.SH,2026-07-06
603338.SH,2026-07-07
603339.SH,2026-01-09
603339.SH,2026-07-09
603339.SH,2026-07-10
603341.SH,2026-06-02
603341.SH,2026-06-03
603344.SH,2026-05-13
603344.SH,2026-06-02
603344.SH,2026-06-03
603345.SH,2026-04-28
603345.SH,2026-04-30
603345.SH,2026-05-06
603348.SH,2026-04-03
603348.SH,2026-07-31
603348.SH,2026-08-03
603350.SH,2026-04-10
603350.SH,2026-04-14
603350.SH,2026-04-15
603351.SH,2026-06-30
603351.SH,2026-07-02
603351.SH,2026-07-03
603352.SH,2026-07-29
603352.SH,2026-07-31
603352.SH,2026-08-03
603353.SH,2026-01-13
603353.SH,2026-07-02
603353.SH,2026-07-03
603355.SH,2026-01-12
603355.SH,2026-06-12
603355.SH,2026-06-15
603356.SH,2026-01-06
603356.SH,2026-07-08
603356.SH,2026-07-09
603358.SH,2026-03-27
603359.SH,2026-05-18
603359.SH,2026-07-03
603359.SH,2026-07-06
603360.SH,2026-01-14
603360.SH,2026-08-26
603360.SH,2026-08-27
603363.SH,2026-05-14
603363.SH,2026-07-02
603363.SH,2026-07-03
603365.SH,2026-04-23
603365.SH,2026-04-27
603365.SH,2026-04-28
603366.SH,2026-03-12
603366.SH,2026-08-20
603366.SH,2026-08-21
603367.SH,2026-07-13
603367.SH,2026-07-15
603367.SH,2026-07-16
603369.SH,2026-01-28
603369.SH,2026-08-13
603369.SH,2026-08-14
603370.SH,2026-01-20
603370.SH,2026-05-18
603370.SH,2026-05-19
603373.SH,2026-05-07
603373.SH,2026-08-05
603373.SH,2026-08-06
603375.SH,2026-04-29
603375.SH,2026-08-03
603375.SH,2026-08-04
603376.SH,2026-07-29
603376.SH,2026-08-21
603376.SH,2026-08-24
603377.SH,2026-01-06
603377.SH,2026-07-06
603377.SH,2026-07-07
603378.SH,2026-05-11
603378.SH,2026-07-28
603378.SH,2026-07-29
603379.SH,2026-05-21
603379.SH,2026-07-02
603379.SH,2026-07-03
603380.SH,2026-05-18
603380.SH,2026-07-09
603380.SH,2026-07-10
603381.SH,2026-01-26
603381.SH,2026-03-23
603381.SH,2026-03-24
603382.SH,2026-07-29
603382.SH,2026-08-17
603382.SH,2026-08-18
603383.SH,2026-04-13
603383.SH,2026-04-15
603383.SH,2026-04-16
603386.SH,2026-05-14
603386.SH,2026-06-25
603386.SH,2026-06-26
603387.SH,2026-03-16
603387.SH,2026-07-16
603387.SH,2026-07-17
603389.SH,2026-01-09
603389.SH,2026-08-18
603389.SH,2026-08-19
603390.SH,2026-04-22
603390.SH,2026-05-18
603390.SH,2026-05-19
603391.SH,2026-01-29
603391.SH,2026-07-22
603391.SH,2026-07-23
603392.SH,2026-08-19
603392.SH,2026-08-27
603392.SH,2026-08-28
603393.SH,2026-02-27
603393.SH,2026-03-03
603393.SH,2026-03-04
603395.SH,2026-08-14
603395.SH,2026-08-26
603395.SH,2026-08-27
603396.SH,2026-01-09
603396.SH,2026-08-31
603398.SH,2026-08-03
603398.SH,2026-08-04
603399.SH,2026-03-26
603399.SH,2026-07-30
603399.SH,2026-07-31
603400.SH,2026-02-13
603400.SH,2026-08-19
603400.SH,2026-08-20
603402.SH,2026-01-14
603402.SH,2026-07-28
603402.SH,2026-07-29
603406.SH,2026-08-17
603406.SH,2026-08-19
603406.SH,2026-08-20
603407.SH,2026-05-29
603407.SH,2026-07-30
603407.SH,2026-07-31
603416.SH,2026-01-07
603416.SH,2026-07-03
603416.SH,2026-07-06
603418.SH,2026-04-30
603418.SH,2026-05-07
603418.SH,2026-05-08
603421.SH,2026-01-19
603421.SH,2026-08-07
603421.SH,2026-08-10
603429.SH,2026-02-04
603429.SH,2026-07-29
603429.SH,2026-07-30
603435.SH,2026-05-28
603435.SH,2026-08-28
603435.SH,2026-08-31
603439.SH,2026-05-21
603439.SH,2026-05-25
603439.SH,2026-05-26
603444.SH,2026-04-14
603444.SH,2026-04-16
603444.SH,2026-04-17
603458.SH,2026-08-18
603458.SH,2026-08-19
603459.SH,2026-04-14
603466.SH,2026-02-06
603466.SH,2026-08-14
603466.SH,2026-08-17
603477.SH,2026-04-01
603477.SH,2026-07-07
603477.SH,2026-07-08
603486.SH,2026-04-24
603486.SH,2026-04-28
603486.SH,2026-04-29
603488.SH,2026-01-06
603488.SH,2026-08-12
603488.SH,2026-08-13
603489.SH,2026-03-17
603489.SH,2026-07-15
603489.SH,2026-07-16
603496.SH,2026-01-08
603496.SH,2026-07-17
603496.SH,2026-07-20
603499.SH,2026-05-08
603499.SH,2026-07-30
603499.SH,2026-07-31
603500.SH,2026-06-03
603500.SH,2026-06-26
603500.SH,2026-06-29
603501.SH,2026-04-24
603501.SH,2026-04-28
603501.SH,2026-04-29
603505.SH,2026-05-14
603505.SH,2026-07-03
603505.SH,2026-07-06
603506.SH,2026-08-18
603506.SH,2026-08-20
603506.SH,2026-08-21
603507.SH,2026-07-28
603507.SH,2026-07-29
603508.SH,2026-04-28
603508.SH,2026-04-30
603508.SH,2026-05-06
603516.SH,2026-01-06
603516.SH,2026-07-22
603516.SH,2026-07-23
603517.SH,2026-03-31
603517.SH,2026-07-03
603517.SH,2026-07-06
603519.SH,2026-06-11
603519.SH,2026-08-21
603519.SH,2026-08-24
603520.SH,2026-03-25
603520.SH,2026-05-18
603520.SH,2026-05-19
603527.SH,2026-03-11
603527.SH,2026-06-26
603527.SH,2026-06-29
603528.SH,2026-06-11
603528.SH,2026-06-15
603528.SH,2026-06-16
603529.SH,2026-03-20
603529.SH,2026-03-24
603529.SH,2026-03-25
603530.SH,2026-02-25
603530.SH,2026-08-18
603530.SH,2026-08-19
603533.SH,2026-02-06
603535.SH,2026-05-12
603535.SH,2026-05-14
603535.SH,2026-05-15
603538.SH,2026-03-12
603538.SH,2026-08-13
603538.SH,2026-08-14
603556.SH,2026-07-09
603556.SH,2026-07-31
603556.SH,2026-08-03
603557.SH,2026-02-02
603557.SH,2026-07-06
603557.SH,2026-07-07
603558.SH,2026-03-12
603558.SH,2026-03-16
603558.SH,2026-03-17
603559.SH,2026-01-21
603565.SH,2026-08-21
603565.SH,2026-08-25
603565.SH,2026-08-26
603567.SH,2026-06-30
603567.SH,2026-08-10
603567.SH,2026-08-11
603577.SH,2026-06-29
603577.SH,2026-08-04
603577.SH,2026-08-05
603578.SH,2026-01-23
603578.SH,2026-08-21
603578.SH,2026-08-24
603579.SH,2026-04-28
603579.SH,2026-04-29
603580.SH,2026-02-05
603580.SH,2026-08-28
603580.SH,2026-08-31
603585.SH,2026-03-26
603585.SH,2026-04-15
603585.SH,2026-04-16
603588.SH,2026-06-18
603588.SH,2026-06-23
603588.SH,2026-06-24
603589.SH,2026-01-28
603589.SH,2026-01-30
603589.SH,2026-02-02
603590.SH,2026-05-20
603590.SH,2026-08-21
603590.SH,2026-08-24
603595.SH,2026-04-07
603595.SH,2026-07-02
603595.SH,2026-07-03
603596.SH,2026-07-02
603596.SH,2026-07-06
603596.SH,2026-07-07
603598.SH,2026-08-03
603598.SH,2026-08-04
603599.SH,2026-01-28
603599.SH,2026-04-27
603599.SH,2026-04-28
603601.SH,2026-01-21
603601.SH,2026-06-18
603601.SH,2026-06-22
603602.SH,2026-01-09
603602.SH,2026-01-13
603602.SH,2026-01-14
603606.SH,2026-04-21
603606.SH,2026-06-30
603606.SH,2026-07-01
603607.SH,2026-02-05
603607.SH,2026-07-28
603607.SH,2026-07-29
603608.SH,2026-01-09
603608.SH,2026-08-31
603610.SH,2026-04-24
603610.SH,2026-08-04
603610.SH,2026-08-05
603612.SH,2026-01-22
603612.SH,2026-02-04
603612.SH,2026-02-05
603615.SH,2026-03-17
603615.SH,2026-08-27
603615.SH,2026-08-28
603616.SH,2026-01-19
603616.SH,2026-06-22
603616.SH,2026-06-23
603617.SH,2026-01-05
603617.SH,2026-08-04
603617.SH,2026-08-05
603618.SH,2026-01-29
603618.SH,2026-08-28
603618.SH,2026-08-31
603619.SH,2026-01-23
603619.SH,2026-07-24
603619.SH,2026-07-27
603626.SH,2026-01-15
603626.SH,2026-08-24
603626.SH,2026-08-25
603629.SH,2026-01-29
603629.SH,2026-08-17
603629.SH,2026-08-18
603630.SH,2026-02-04
603630.SH,2026-07-28
603630.SH,2026-07-29
603633.SH,2026-05-26
603633.SH,2026-05-28
603633.SH,2026-05-29
603636.SH,2026-05-06
603636.SH,2026-06-11
603636.SH,2026-06-12
603637.SH,2026-04-03
603637.SH,2026-08-26
603637.SH,2026-08-27
603638.SH,2026-01-15
603638.SH,2026-07-03
603638.SH,2026-07-06
603650.SH,2026-01-06
603650.SH,2026-06-30
603650.SH,2026-07-01
603655.SH,2026-01-20
603655.SH,2026-08-12
603655.SH,2026-08-13
603656.SH,2026-06-02
603656.SH,2026-06-04
603656.SH,2026-06-05
603657.SH,2026-03-30
603657.SH,2026-08-18
603657.SH,2026-08-19
603659.SH,2026-03-12
603659.SH,2026-03-16
603659.SH,2026-03-17
603660.SH,2026-03-30
603660.SH,2026-08-10
603660.SH,2026-08-11
603661.SH,2026-05-20
603661.SH,2026-08-05
603661.SH,2026-08-06
603662.SH,2026-06-29
603662.SH,2026-07-01
603662.SH,2026-07-02
603663.SH,2026-01-26
603663.SH,2026-08-06
603663.SH,2026-08-07
603665.SH,2026-01-15
603665.SH,2026-01-23
603665.SH,2026-01-26
603666.SH,2026-08-21
603666.SH,2026-08-24
603667.SH,2026-01-15
603667.SH,2026-05-11
603667.SH,2026-05-12
603668.SH,2026-06-18
603668.SH,2026-06-23
603668.SH,2026-06-24
603669.SH,2026-06-05
603669.SH,2026-07-14
603669.SH,2026-07-15
603677.SH,2026-05-14
603677.SH,2026-07-14
603677.SH,2026-07-15
603678.SH,2026-05-21
603678.SH,2026-07-22
603678.SH,2026-07-23
603679.SH,2026-05-12
603679.SH,2026-06-22
603679.SH,2026-06-23
603680.SH,2026-01-27
603680.SH,2026-07-24
603680.SH,2026-07-27
603681.SH,2026-06-12
603681.SH,2026-06-16
603681.SH,2026-06-17
603682.SH,2026-01-12
603682.SH,2026-08-04
603682.SH,2026-08-05
603685.SH,2026-02-13
603687.SH,2026-01-13
603687.SH,2026-08-26
603687.SH,2026-08-27
603688.SH,2026-02-11
603688.SH,2026-08-28
603688.SH,2026-08-31
603689.SH,2026-03-02
603689.SH,2026-03-04
603689.SH,2026-03-05
603690.SH,2026-06-24
603690.SH,2026-08-13
603690.SH,2026-08-14
603693.SH,2026-03-11
603693.SH,2026-05-19
603693.SH,2026-05-20
603696.SH,2026-01-07
603696.SH,2026-08-13
603696.SH,2026-08-14
603697.SH,2026-01-30
603697.SH,2026-05-18
603697.SH,2026-05-19
603698.SH,2026-01-05
603698.SH,2026-07-13
603698.SH,2026-07-14
603699.SH,2026-04-17
603699.SH,2026-04-21
603699.SH,2026-04-22
603703.SH,2026-01-07
603703.SH,2026-08-18
603703.SH,2026-08-19
603706.SH,2026-03-02
603706.SH,2026-03-04
603706.SH,2026-03-05
603708.SH,2026-01-09
603708.SH,2026-08-19
603708.SH,2026-08-20
603709.SH,2026-04-22
603709.SH,2026-04-24
603709.SH,2026-04-27
603711.SH,2026-04-29
603711.SH,2026-08-11
603711.SH,2026-08-12
603713.SH,2026-06-23
603713.SH,2026-07-06
603713.SH,2026-07-07
603716.SH,2026-08-21
603716.SH,2026-08-24
603717.SH,2026-04-29
603717.SH,2026-07-06
603717.SH,2026-07-07
603718.SH,2026-05-08
603718.SH,2026-07-02
603718.SH,2026-07-03
603719.SH,2026-07-28
603719.SH,2026-07-30
603719.SH,2026-07-31
603721.SH,2026-01-15
603722.SH,2026-06-25
603722.SH,2026-07-07
603722.SH,2026-07-08
603725.SH,2026-05-29
603725.SH,2026-08-17
603725.SH,2026-08-18
603726.SH,2026-04-24
603726.SH,2026-07-27
603726.SH,2026-07-28
603727.SH,2026-02-13
603727.SH,2026-07-24
603727.SH,2026-07-27
603728.SH,2026-06-29
603728.SH,2026-07-01
603728.SH,2026-07-02
603729.SH,2026-01-23
603729.SH,2026-07-02
603729.SH,2026-07-03
603730.SH,2026-05-22
603730.SH,2026-07-15
603730.SH,2026-07-16
603733.SH,2026-06-24
603733.SH,2026-06-26
603733.SH,2026-06-29
603737.SH,2026-01-19
603737.SH,2026-01-21
603737.SH,2026-01-22
603738.SH,2026-02-26
603738.SH,2026-08-07
603738.SH,2026-08-10
603739.SH,2026-01-12
603739.SH,2026-08-19
603739.SH,2026-08-20
603757.SH,2026-02-11
603757.SH,2026-08-10
603757.SH,2026-08-11
603758.SH,2026-05-07
603758.SH,2026-08-26
603758.SH,2026-08-27
603759.SH,2026-03-23
603759.SH,2026-07-03
603759.SH,2026-07-06
603767.SH,2026-05-14
603767.SH,2026-05-22
603767.SH,2026-05-25
603773.SH,2026-01-20
603773.SH,2026-08-18
603773.SH,2026-08-19
603777.SH,2026-04-07
603777.SH,2026-05-07
603777.SH,2026-05-08
603778.SH,2026-08-31
603779.SH,2026-04-27
603779.SH,2026-08-03
603779.SH,2026-08-04
603787.SH,2026-03-20
603787.SH,2026-03-24
603787.SH,2026-03-25
603788.SH,2026-04-20
603788.SH,2026-04-22
603788.SH,2026-04-23
603789.SH,2026-01-05
603789.SH,2026-07-09
603789.SH,2026-07-10
603790.SH,2026-05-12
603790.SH,2026-08-18
603790.SH,2026-08-19
603797.SH,2026-08-07
603797.SH,2026-08-12
603797.SH,2026-08-13
603798.SH,2026-04-01
603798.SH,2026-08-04
603798.SH,2026-08-05
603800.SH,2026-04-10
603800.SH,2026-08-05
603800.SH,2026-08-06
603801.SH,2026-07-28
603801.SH,2026-08-21
603801.SH,2026-08-24
603803.SH,2026-03-09
603803.SH,2026-08-24
603803.SH,2026-08-25
603806.SH,2026-01-22
603806.SH,2026-07-15
603806.SH,2026-07-16
603808.SH,2026-03-23
603808.SH,2026-06-02
603808.SH,2026-06-03
603813.SH,2026-01-08
603813.SH,2026-07-31
603813.SH,2026-08-03
603815.SH,2026-04-14
603815.SH,2026-07-07
603815.SH,2026-07-08
603819.SH,2026-04-23
603819.SH,2026-07-07
603819.SH,2026-07-08
603822.SH,2026-01-05
603822.SH,2026-07-06
603822.SH,2026-07-07
603823.SH,2026-02-05
603823.SH,2026-08-19
603823.SH,2026-08-20
603825.SH,2026-01-09
603825.SH,2026-01-13
603825.SH,2026-01-14
603826.SH,2026-02-03
603826.SH,2026-08-06
603826.SH,2026-08-07
603828.SH,2026-08-21
603828.SH,2026-08-24
603829.SH,2026-01-13
603829.SH,2026-03-26
603829.SH,2026-03-27
603833.SH,2026-07-28
603833.SH,2026-07-30
603833.SH,2026-07-31
603838.SH,2026-02-26
603838.SH,2026-08-27
603838.SH,2026-08-28
603839.SH,2026-07-14
603839.SH,2026-07-16
603839.SH,2026-07-17
603843.SH,2026-01-05
603843.SH,2026-07-24
603843.SH,2026-07-27
603848.SH,2026-08-18
603848.SH,2026-08-20
603848.SH,2026-08-21
603859.SH,2026-01-09
603859.SH,2026-07-02
603859.SH,2026-07-03
603861.SH,2026-01-16
603861.SH,2026-07-24
603861.SH,2026-07-27
603863.SH,2026-01-29
603863.SH,2026-06-24
603863.SH,2026-06-25
603867.SH,2026-02-25
603867.SH,2026-05-25
603867.SH,2026-05-26
603869.SH,2026-05-07
603869.SH,2026-05-11
603869.SH,2026-05-12
603871.SH,2026-05-22
603871.SH,2026-05-26
603871.SH,2026-05-27
603876.SH,2026-01-28
603876.SH,2026-07-24
603876.SH,2026-07-27
603877.SH,2026-01-06
603877.SH,2026-06-09
603877.SH,2026-06-10
603878.SH,2026-01-07
603878.SH,2026-05-11
603878.SH,2026-05-12
603880.SH,2026-03-05
603880.SH,2026-08-18
603880.SH,2026-08-19
603881.SH,2026-01-13
603881.SH,2026-08-17
603881.SH,2026-08-18
603882.SH,2026-01-08
603882.SH,2026-08-21
603882.SH,2026-08-24
603883.SH,2026-08-10
603883.SH,2026-08-12
603883.SH,2026-08-13
603886.SH,2026-06-02
603886.SH,2026-06-11
603886.SH,2026-06-12
603887.SH,2026-01-29
603887.SH,2026-08-14
603887.SH,2026-08-17
603888.SH,2026-01-09
603888.SH,2026-06-08
603888.SH,2026-06-09
603889.SH,2026-04-09
603889.SH,2026-04-13
603889.SH,2026-04-14
603890.SH,2026-04-07
603890.SH,2026-08-14
603890.SH,2026-08-17
603893.SH,2026-07-21
603895.SH,2026-01-23
603895.SH,2026-05-28
603895.SH,2026-05-29
603897.SH,2026-02-26
603897.SH,2026-08-13
603897.SH,2026-08-14
603898.SH,2026-04-20
603898.SH,2026-07-13
603898.SH,2026-07-14
603900.SH,2026-01-27
603900.SH,2026-08-31
603903.SH,2026-04-21
603903.SH,2026-08-14
603903.SH,2026-08-17
603906.SH,2026-04-15
603906.SH,2026-07-28
603906.SH,2026-07-29
603912.SH,2026-02-25
603912.SH,2026-08-26
603912.SH,2026-08-27
603915.SH,2026-07-02
603915.SH,2026-07-06
603915.SH,2026-07-07
603916.SH,2026-01-19
603916.SH,2026-08-18
603916.SH,2026-08-19
603917.SH,2026-07-27
603917.SH,2026-07-29
603917.SH,2026-07-30
603918.SH,2026-01-13
603918.SH,2026-07-29
603918.SH,2026-07-30
603919.SH,2026-01-28
603919.SH,2026-07-31
603919.SH,2026-08-03
603920.SH,2026-01-22
603920.SH,2026-06-05
603920.SH,2026-06-08
603922.SH,2026-03-23
603922.SH,2026-08-13
603922.SH,2026-08-14
603926.SH,2026-01-16
603926.SH,2026-07-03
603926.SH,2026-07-06
603928.SH,2026-06-25
603928.SH,2026-08-06
603928.SH,2026-08-07
603929.SH,2026-08-18
603929.SH,2026-08-19
603931.SH,2026-04-24
603931.SH,2026-08-05
603931.SH,2026-08-06
603933.SH,2026-03-24
603933.SH,2026-07-14
603933.SH,2026-07-15
603936.SH,2026-03-10
603936.SH,2026-08-19
603936.SH,2026-08-20
603937.SH,2026-03-23
603937.SH,2026-05-11
603937.SH,2026-05-12
603938.SH,2026-01-07
603938.SH,2026-08-28
603938.SH,2026-08-31
603939.SH,2026-01-22
603939.SH,2026-01-26
603939.SH,2026-01-27
603948.SH,2026-06-23
603948.SH,2026-07-02
603948.SH,2026-07-03
603949.SH,2026-03-09
603949.SH,2026-06-17
603949.SH,2026-06-18
603950.SH,2026-01-07
603955.SH,2026-05-27
603955.SH,2026-07-28
603955.SH,2026-07-29
603956.SH,2026-05-22
603956.SH,2026-08-14
603956.SH,2026-08-17
603958.SH,2026-01-23
603958.SH,2026-08-25
603958.SH,2026-08-26
603959.SH,2026-02-05
603959.SH,2026-06-23
603959.SH,2026-06-24
603960.SH,2026-02-09
603960.SH,2026-05-25
603960.SH,2026-05-26
603966.SH,2026-04-02
603966.SH,2026-04-07
603966.SH,2026-04-08
603967.SH,2026-04-23
603967.SH,2026-04-27
603967.SH,2026-04-28
603968.SH,2026-02-09
603968.SH,2026-05-28
603968.SH,2026-05-29
603969.SH,2026-01-09
603969.SH,2026-07-16
603969.SH,2026-07-17
603976.SH,2026-05-21
603976.SH,2026-07-27
603976.SH,2026-07-28
603977.SH,2026-05-27
603977.SH,2026-06-29
603977.SH,2026-06-30
603978.SH,2026-03-11
603979.SH,2026-06-12
603979.SH,2026-08-27
603979.SH,2026-08-28
603980.SH,2026-01-28
603980.SH,2026-07-29
603980.SH,2026-07-30
603983.SH,2026-06-26
603983.SH,2026-07-01
603983.SH,2026-07-02
603985.SH,2026-03-31
603985.SH,2026-07-01
603985.SH,2026-07-02
603986.SH,2026-07-22
603986.SH,2026-07-23
603988.SH,2026-01-13
603988.SH,2026-08-21
603988.SH,2026-08-24
603989.SH,2026-05-15
603990.SH,2026-05-22
603990.SH,2026-08-05
603990.SH,2026-08-06
603991.SH,2026-01-20
603991.SH,2026-07-10
603991.SH,2026-07-13
603992.SH,2026-03-11
603992.SH,2026-06-12
603992.SH,2026-06-15
603993.SH,2026-06-11
603993.SH,2026-06-15
603993.SH,2026-06-16
603995.SH,2026-05-25
603995.SH,2026-08-06
603995.SH,2026-08-07
603997.SH,2026-05-06
603997.SH,2026-06-03
603997.SH,2026-06-04
603998.SH,2026-08-12
603998.SH,2026-08-14
603998.SH,2026-08-17
603999.SH,2026-02-09
603999.SH,2026-05-20
603999.SH,2026-05-21
605003.SH,2026-01-29
605003.SH,2026-02-02
605003.SH,2026-02-03
605006.SH,2026-02-10
605006.SH,2026-08-31
605007.SH,2026-02-12
605007.SH,2026-02-26
605007.SH,2026-02-27
605011.SH,2026-07-16
605011.SH,2026-07-20
605011.SH,2026-07-21
605016.SH,2026-01-22
605016.SH,2026-07-30
605016.SH,2026-07-31
605018.SH,2026-02-11
605018.SH,2026-07-01
605018.SH,2026-07-02
605020.SH,2026-06-18
605020.SH,2026-07-03
605020.SH,2026-07-06
605028.SH,2026-01-07
605028.SH,2026-07-23
605028.SH,2026-07-24
605033.SH,2026-02-10
605033.SH,2026-08-11
605033.SH,2026-08-12
605050.SH,2026-03-19
605050.SH,2026-03-23
605050.SH,2026-03-24
605055.SH,2026-05-07
605055.SH,2026-07-03
605055.SH,2026-07-06
605056.SH,2026-01-23
605056.SH,2026-08-04
605056.SH,2026-08-05
605058.SH,2026-03-17
605058.SH,2026-06-16
605058.SH,2026-06-17
605060.SH,2026-02-06
605060.SH,2026-08-18
605060.SH,2026-08-19
605066.SH,2026-05-26
605066.SH,2026-05-28
605066.SH,2026-05-29
605068.SH,2026-07-02
605068.SH,2026-08-05
605068.SH,2026-08-06
605069.SH,2026-04-09
605069.SH,2026-08-03
605069.SH,2026-08-04
605080.SH,2026-01-28
605080.SH,2026-08-21
605080.SH,2026-08-24
605081.SH,2026-01-07
605081.SH,2026-01-08
605081.SH,2026-01-09
605081.SH,2026-01-12
605081.SH,2026-01-20
605081.SH,2026-01-21
605081.SH,2026-01-22
605081.SH,2026-01-23
605081.SH,2026-01-26
605081.SH,2026-01-27
605081.SH,2026-01-28
605081.SH,2026-02-25
605081.SH,2026-02-26
605081.SH,2026-02-27
605081.SH,2026-03-02
605081.SH,2026-03-26
605081.SH,2026-03-27
605081.SH,2026-03-30
605081.SH,2026-03-31
605081.SH,2026-04-07
605081.SH,2026-04-08
605081.SH,2026-04-09
605081.SH,2026-04-10
605081.SH,2026-04-14
605081.SH,2026-04-15
605081.SH,2026-04-16
605081.SH,2026-04-17
605081.SH,2026-04-20
605086.SH,2026-01-07
605086.SH,2026-06-22
605086.SH,2026-06-23
605089.SH,2026-01-19
605089.SH,2026-07-16
605089.SH,2026-07-17
605090.SH,2026-05-08
605090.SH,2026-07-14
605090.SH,2026-07-15
605098.SH,2026-03-04
605098.SH,2026-06-30
605098.SH,2026-07-01
605099.SH,2026-01-28
605099.SH,2026-05-18
605099.SH,2026-05-19
605100.SH,2026-06-08
605100.SH,2026-07-24
605100.SH,2026-07-27
605108.SH,2026-07-24
605108.SH,2026-07-28
605108.SH,2026-07-29
605111.SH,2026-05-22
605111.SH,2026-07-22
605111.SH,2026-07-23
605116.SH,2026-01-07
605116.SH,2026-08-21
605116.SH,2026-08-24
605117.SH,2026-02-27
605117.SH,2026-07-24
605117.SH,2026-07-27
605118.SH,2026-01-13
605123.SH,2026-01-07
605123.SH,2026-05-19
605123.SH,2026-05-20
605128.SH,2026-07-24
605128.SH,2026-08-11
605128.SH,2026-08-12
605133.SH,2026-04-02
605133.SH,2026-07-22
605133.SH,2026-07-23
605136.SH,2026-01-13
605136.SH,2026-07-30
605136.SH,2026-07-31
605138.SH,2026-04-24
605138.SH,2026-04-28
605138.SH,2026-04-29
605151.SH,2026-01-29
605151.SH,2026-06-25
605151.SH,2026-06-26
605155.SH,2026-06-30
605155.SH,2026-07-23
605155.SH,2026-07-24
605158.SH,2026-04-28
605158.SH,2026-05-14
605158.SH,2026-05-15
605162.SH,2026-03-30
605162.SH,2026-08-27
605162.SH,2026-08-28
605166.SH,2026-04-15
605166.SH,2026-06-17
605166.SH,2026-06-18
605167.SH,2026-01-15
605167.SH,2026-08-05
605167.SH,2026-08-06
605168.SH,2026-03-24
605168.SH,2026-08-03
605168.SH,2026-08-04
605169.SH,2026-03-02
605169.SH,2026-08-27
605169.SH,2026-08-28
605177.SH,2026-05-28
605177.SH,2026-06-10
605177.SH,2026-06-11
605178.SH,2026-02-13
605178.SH,2026-08-06
605178.SH,2026-08-07
605179.SH,2026-07-27
605179.SH,2026-08-19
605179.SH,2026-08-20
605180.SH,2026-05-21
605180.SH,2026-08-18
605180.SH,2026-08-19
605186.SH,2026-01-12
605186.SH,2026-05-12
605186.SH,2026-05-13
605188.SH,2026-07-28
605188.SH,2026-08-31
605189.SH,2026-04-08
605189.SH,2026-07-24
605189.SH,2026-07-27
605196.SH,2026-03-03
605196.SH,2026-07-23
605196.SH,2026-07-24
605198.SH,2026-05-11
605198.SH,2026-08-25
605198.SH,2026-08-26
605199.SH,2026-03-30
605199.SH,2026-07-06
605199.SH,2026-07-07
605208.SH,2026-06-29
605208.SH,2026-08-03
605208.SH,2026-08-04
605218.SH,2026-05-06
605218.SH,2026-05-20
605218.SH,2026-05-21
605222.SH,2026-01-13
605222.SH,2026-05-06
605222.SH,2026-05-07
605228.SH,2026-01-05
605228.SH,2026-01-07
605228.SH,2026-01-08
605255.SH,2026-01-13
605255.SH,2026-07-16
605255.SH,2026-07-17
605258.SH,2026-04-07
605258.SH,2026-08-28
605258.SH,2026-08-31
605268.SH,2026-03-03
605268.SH,2026-08-19
605268.SH,2026-08-20
605277.SH,2026-01-21
605277.SH,2026-08-27
605277.SH,2026-08-28
605286.SH,2026-03-05
605286.SH,2026-08-25
605286.SH,2026-08-26
605288.SH,2026-01-06
605288.SH,2026-08-28
605288.SH,2026-08-31
605289.SH,2026-01-29
605289.SH,2026-08-13
605289.SH,2026-08-14
605296.SH,2026-05-13
605296.SH,2026-06-29
605296.SH,2026-06-30
605298.SH,2026-01-07
605298.SH,2026-06-15
605298.SH,2026-06-16
605299.SH,2026-01-20
605299.SH,2026-07-24
605299.SH,2026-07-27
605300.SH,2026-05-26
605300.SH,2026-06-30
605300.SH,2026-07-01
605303.SH,2026-01-06
605303.SH,2026-08-26
605303.SH,2026-08-27
605305.SH,2026-03-11
605305.SH,2026-07-06
605305.SH,2026-07-07
605318.SH,2026-01-16
605318.SH,2026-08-03
605318.SH,2026-08-04
605319.SH,2026-07-08
605319.SH,2026-07-10
605319.SH,2026-07-13
605333.SH,2026-08-17
605333.SH,2026-08-19
605333.SH,2026-08-20
605336.SH,2026-04-15
605336.SH,2026-08-11
605336.SH,2026-08-12
605337.SH,2026-07-28
605337.SH,2026-07-30
605337.SH,2026-07-31
605339.SH,2026-07-28
605339.SH,2026-07-30
605339.SH,2026-07-31
605358.SH,2026-07-10
605358.SH,2026-07-13
605365.SH,2026-04-14
605365.SH,2026-04-23
605365.SH,2026-04-24
605366.SH,2026-01-19
605366.SH,2026-08-07
605366.SH,2026-08-10
605368.SH,2026-03-02
605368.SH,2026-03-04
605368.SH,2026-03-05
605369.SH,2026-06-22
605369.SH,2026-06-24
605369.SH,2026-06-25
605376.SH,2026-01-16
605376.SH,2026-08-06
605376.SH,2026-08-07
605377.SH,2026-06-18
605377.SH,2026-07-07
605377.SH,2026-07-08
605388.SH,2026-03-26
605388.SH,2026-07-31
605388.SH,2026-08-03
605389.SH,2026-03-18
605389.SH,2026-03-20
605389.SH,2026-03-23
605398.SH,2026-01-09
605398.SH,2026-06-05
605398.SH,2026-06-08
605399.SH,2026-03-05
605399.SH,2026-07-08
605399.SH,2026-07-09
605488.SH,2026-01-16
605488.SH,2026-08-04
605488.SH,2026-08-05
605499.SH,2026-06-26
605499.SH,2026-06-30
605499.SH,2026-07-01
605500.SH,2026-05-21
605500.SH,2026-05-25
605500.SH,2026-05-26
605555.SH,2026-03-25
605555.SH,2026-06-04
605555.SH,2026-06-05
605566.SH,2026-02-06
605566.SH,2026-08-31
605577.SH,2026-08-17
605580.SH,2026-01-14
605580.SH,2026-06-24
605580.SH,2026-06-25
605588.SH,2026-04-21
605588.SH,2026-06-17
605588.SH,2026-06-18
605589.SH,2026-04-02
605589.SH,2026-08-05
605589.SH,2026-08-06
605598.SH,2026-01-22
605598.SH,2026-07-13
605598.SH,2026-07-14
605599.SH,2026-01-27
605599.SH,2026-02-04
605599.SH,2026-02-05
688001.SH,2026-04-24
688001.SH,2026-07-22
688001.SH,2026-07-23
688002.SH,2026-01-22
688002.SH,2026-07-22
688002.SH,2026-07-23
688003.SH,2026-05-12
688003.SH,2026-08-18
688003.SH,2026-08-19
688006.SH,2026-05-27
688006.SH,2026-05-29
688006.SH,2026-06-01
688010.SH,2026-06-11
688010.SH,2026-06-15
688010.SH,2026-06-16
688017.SH,2026-06-04
688017.SH,2026-06-08
688017.SH,2026-06-09
688020.SH,2026-04-20
688020.SH,2026-08-10
688020.SH,2026-08-11
688025.SH,2026-01-29
688025.SH,2026-02-27
688025.SH,2026-03-02
688028.SH,2026-02-26
688028.SH,2026-03-02
688028.SH,2026-03-03
688031.SH,2026-01-05
688031.SH,2026-06-05
688031.SH,2026-06-08
688035.SH,2026-02-10
688035.SH,2026-02-12
688035.SH,2026-02-13
688037.SH,2026-01-06
688037.SH,2026-07-22
688037.SH,2026-07-23
688039.SH,2026-07-07
688039.SH,2026-07-08
688046.SH,2026-08-06
688046.SH,2026-08-10
688046.SH,2026-08-11
688047.SH,2026-01-20
688047.SH,2026-01-22
688047.SH,2026-01-23
688048.SH,2026-03-09
688048.SH,2026-07-01
688048.SH,2026-07-02
688055.SH,2026-03-04
688055.SH,2026-05-22
688055.SH,2026-05-25
688056.SH,2026-06-04
688056.SH,2026-06-08
688056.SH,2026-06-09
688057.SH,2026-07-17
688057.SH,2026-07-21
688057.SH,2026-07-22
688066.SH,2026-01-07
688066.SH,2026-08-04
688066.SH,2026-08-05
688068.SH,2026-03-26
688068.SH,2026-03-30
688068.SH,2026-03-31
688069.SH,2026-04-30
688069.SH,2026-05-08
688069.SH,2026-05-11
688072.SH,2026-07-20
688072.SH,2026-07-22
688072.SH,2026-07-23
688073.SH,2026-08-06
688073.SH,2026-08-11
688073.SH,2026-08-12
688079.SH,2026-03-04
688079.SH,2026-06-18
688079.SH,2026-06-22
688080.SH,2026-01-13
688080.SH,2026-01-15
688080.SH,2026-01-16
688081.SH,2026-04-10
688081.SH,2026-04-14
688081.SH,2026-04-15
688082.SH,2026-06-16
688082.SH,2026-06-18
688082.SH,2026-06-22
688083.SH,2026-06-05
688083.SH,2026-06-09
688083.SH,2026-06-10
688090.SH,2026-06-12
688090.SH,2026-06-16
688090.SH,2026-06-17
688093.SH,2026-06-24
688093.SH,2026-06-26
688093.SH,2026-06-29
688095.SH,2026-01-09
688095.SH,2026-08-03
688095.SH,2026-08-04
688105.SH,2026-08-19
688105.SH,2026-08-21
688105.SH,2026-08-24
688106.SH,2026-06-30
688106.SH,2026-07-02
688106.SH,2026-07-03
688108.SH,2026-06-01
688108.SH,2026-06-02
688110.SH,2026-01-26
688110.SH,2026-07-22
688110.SH,2026-07-23
688112.SH,2026-08-17
688112.SH,2026-08-19
688112.SH,2026-08-20
688114.SH,2026-08-19
688114.SH,2026-08-21
688114.SH,2026-08-24
688118.SH,2026-01-09
688118.SH,2026-03-02
688118.SH,2026-03-03
688119.SH,2026-01-09
688119.SH,2026-01-13
688119.SH,2026-01-14
688120.SH,2026-06-26
688120.SH,2026-07-22
688120.SH,2026-07-23
688123.SH,2026-06-23
688123.SH,2026-06-25
688123.SH,2026-06-26
688125.SH,2026-01-06
688125.SH,2026-01-08
688125.SH,2026-01-09
688126.SH,2026-05-18
688126.SH,2026-06-10
688126.SH,2026-06-11
688135.SH,2026-04-10
688135.SH,2026-04-14
688135.SH,2026-04-15
688137.SH,2026-08-06
688137.SH,2026-08-24
688137.SH,2026-08-25
688141.SH,2026-06-08
688141.SH,2026-07-22
688141.SH,2026-07-23
688143.SH,2026-05-15
688143.SH,2026-05-19
688143.SH,2026-05-20
688146.SH,2026-04-02
688146.SH,2026-06-05
688146.SH,2026-06-08
688147.SH,2026-07-20
688147.SH,2026-07-22
688147.SH,2026-07-23
688152.SH,2026-08-17
688152.SH,2026-08-31
688155.SH,2026-04-29
688155.SH,2026-05-06
688155.SH,2026-05-07
688158.SH,2026-01-23
688158.SH,2026-03-10
688158.SH,2026-03-11
688163.SH,2026-06-11
688163.SH,2026-06-15
688163.SH,2026-06-16
688166.SH,2026-04-14
688166.SH,2026-07-16
688166.SH,2026-07-17
688167.SH,2026-05-06
688167.SH,2026-08-13
688167.SH,2026-08-14
688169.SH,2026-08-24
688169.SH,2026-08-26
688169.SH,2026-08-27
688171.SH,2026-07-24
688171.SH,2026-07-28
688171.SH,2026-07-29
688172.SH,2026-05-27
688172.SH,2026-05-29
688172.SH,2026-06-01
688176.SH,2026-03-03
688176.SH,2026-03-09
688176.SH,2026-03-10
688182.SH,2026-05-18
688182.SH,2026-05-20
688182.SH,2026-05-21
688183.SH,2026-05-25
688183.SH,2026-05-27
688183.SH,2026-05-28
688184.SH,2026-04-24
688184.SH,2026-04-28
688184.SH,2026-04-29
688185.SH,2026-08-19
688185.SH,2026-08-27
688185.SH,2026-08-28
688187.SH,2026-05-12
688187.SH,2026-05-14
688187.SH,2026-05-15
688189.SH,2026-05-08
688189.SH,2026-05-12
688189.SH,2026-05-13
688192.SH,2026-07-13
688192.SH,2026-07-16
688192.SH,2026-07-17
688195.SH,2026-01-21
688195.SH,2026-01-23
688195.SH,2026-01-26
688198.SH,2026-06-26
688198.SH,2026-06-30
688198.SH,2026-07-01
688205.SH,2026-04-02
688205.SH,2026-04-07
688205.SH,2026-04-08
688206.SH,2026-07-03
688206.SH,2026-07-07
688206.SH,2026-07-08
688207.SH,2026-06-05
688207.SH,2026-06-10
688207.SH,2026-06-11
688209.SH,2026-08-27
688209.SH,2026-08-31
688216.SH,2026-01-27
688216.SH,2026-07-15
688216.SH,2026-07-16
688220.SH,2026-06-29
688220.SH,2026-07-01
688220.SH,2026-07-02
688221.SH,2026-01-08
688221.SH,2026-04-28
688221.SH,2026-04-29
688223.SH,2026-01-22
688223.SH,2026-02-05
688223.SH,2026-02-06
688226.SH,2026-04-02
688226.SH,2026-04-07
688226.SH,2026-04-08
688227.SH,2026-04-15
688227.SH,2026-06-22
688227.SH,2026-06-23
688229.SH,2026-01-09
688229.SH,2026-03-10
688229.SH,2026-03-11
688232.SH,2026-01-09
688232.SH,2026-01-13
688232.SH,2026-01-14
688233.SH,2026-06-26
688233.SH,2026-06-30
688233.SH,2026-07-01
688234.SH,2026-01-15
688234.SH,2026-01-19
688234.SH,2026-01-20
688237.SH,2026-07-23
688237.SH,2026-07-27
688237.SH,2026-07-28
688247.SH,2026-06-30
688247.SH,2026-07-02
688247.SH,2026-07-03
688256.SH,2026-04-29
688256.SH,2026-05-06
688256.SH,2026-05-07
688258.SH,2026-05-07
688258.SH,2026-05-08
688260.SH,2026-02-13
688260.SH,2026-07-30
688260.SH,2026-07-31
688261.SH,2026-07-22
688261.SH,2026-07-23
688265.SH,2026-08-06
688265.SH,2026-08-14
688265.SH,2026-08-17
688268.SH,2026-04-20
688268.SH,2026-06-12
688268.SH,2026-06-15
688270.SH,2026-01-22
688270.SH,2026-01-26
688270.SH,2026-01-27
688273.SH,2026-01-07
688273.SH,2026-01-08
688276.SH,2026-08-19
688276.SH,2026-08-21
688276.SH,2026-08-24
688280.SH,2026-01-29
688280.SH,2026-02-02
688280.SH,2026-02-03
688281.SH,2026-05-13
688281.SH,2026-05-15
688281.SH,2026-05-18
688282.SH,2026-01-09
688282.SH,2026-01-13
688282.SH,2026-01-14
688286.SH,2026-06-29
688286.SH,2026-08-17
688286.SH,2026-08-18
688287.SH,2026-04-13
688287.SH,2026-04-14
688287.SH,2026-04-15
688287.SH,2026-04-16
688287.SH,2026-04-22
688287.SH,2026-04-23
688291.SH,2026-06-22
688291.SH,2026-06-24
688291.SH,2026-06-25
688292.SH,2026-01-13
688292.SH,2026-01-15
688292.SH,2026-01-16
688295.SH,2026-03-11
688295.SH,2026-03-18
688295.SH,2026-03-19
688300.SH,2026-03-09
688300.SH,2026-08-28
688300.SH,2026-08-31
688303.SH,2026-06-03
688303.SH,2026-06-05
688303.SH,2026-06-08
688307.SH,2026-02-27
688307.SH,2026-03-03
688307.SH,2026-03-04
688308.SH,2026-01-16
688308.SH,2026-01-20
688308.SH,2026-01-21
688311.SH,2026-07-02
688311.SH,2026-07-06
688311.SH,2026-07-07
688314.SH,2026-01-06
688314.SH,2026-01-07
688316.SH,2026-01-21
688316.SH,2026-08-05
688316.SH,2026-08-06
688317.SH,2026-01-23
688317.SH,2026-01-27
688317.SH,2026-01-28
688323.SH,2026-01-22
688323.SH,2026-06-18
688323.SH,2026-06-22
688325.SH,2026-01-09
688325.SH,2026-01-13
688325.SH,2026-01-14
688328.SH,2026-03-17
688328.SH,2026-08-24
688328.SH,2026-08-25
688331.SH,2026-01-12
688331.SH,2026-01-14
688331.SH,2026-01-15
688333.SH,2026-01-09
688333.SH,2026-07-10
688333.SH,2026-07-13
688335.SH,2026-01-30
688335.SH,2026-05-27
688335.SH,2026-05-28
688336.SH,2026-06-26
688336.SH,2026-06-30
688336.SH,2026-07-01
688343.SH,2026-02-26
688343.SH,2026-03-02
688343.SH,2026-03-03
688345.SH,2026-04-03
688345.SH,2026-04-08
688345.SH,2026-04-09
688347.SH,2026-05-22
688347.SH,2026-07-22
688347.SH,2026-07-23
688350.SH,2026-05-08
688350.SH,2026-05-12
688350.SH,2026-05-13
688352.SH,2026-06-29
688352.SH,2026-07-01
688352.SH,2026-07-02
688355.SH,2026-06-29
688355.SH,2026-07-01
688355.SH,2026-07-02
688356.SH,2026-08-19
688356.SH,2026-08-24
688356.SH,2026-08-25
688360.SH,2026-05-18
688360.SH,2026-05-20
688360.SH,2026-05-21
688361.SH,2026-07-20
688361.SH,2026-07-22
688361.SH,2026-07-23
688362.SH,2026-01-15
688362.SH,2026-05-26
688362.SH,2026-05-27
688365.SH,2026-01-09
688365.SH,2026-01-15
688365.SH,2026-01-16
688367.SH,2026-06-18
688367.SH,2026-06-23
688367.SH,2026-06-24
688368.SH,2026-06-08
688368.SH,2026-08-28
688368.SH,2026-08-31
688371.SH,2026-07-08
688371.SH,2026-07-22
688371.SH,2026-07-23
688375.SH,2026-01-09
688375.SH,2026-01-13
688375.SH,2026-01-14
688376.SH,2026-01-15
688376.SH,2026-06-26
688376.SH,2026-06-29
688378.SH,2026-06-03
688378.SH,2026-08-18
688378.SH,2026-08-19
688380.SH,2026-01-19
688380.SH,2026-06-26
688380.SH,2026-06-29
688381.SH,2026-04-24
688381.SH,2026-06-26
688381.SH,2026-06-29
688387.SH,2026-01-08
688387.SH,2026-01-13
688387.SH,2026-01-14
688400.SH,2026-04-29
688400.SH,2026-05-06
688400.SH,2026-05-07
688403.SH,2026-06-23
688403.SH,2026-06-25
688403.SH,2026-06-26
688409.SH,2026-06-08
688409.SH,2026-06-29
688409.SH,2026-06-30
688416.SH,2026-01-06
688416.SH,2026-01-07
688418.SH,2026-01-08
688418.SH,2026-01-12
688418.SH,2026-01-13
688419.SH,2026-05-18
688419.SH,2026-08-10
688419.SH,2026-08-11
688426.SH,2026-08-19
688426.SH,2026-08-21
688426.SH,2026-08-24
688429.SH,2026-02-03
688429.SH,2026-02-05
688429.SH,2026-02-06
688432.SH,2026-02-24
688432.SH,2026-07-10
688432.SH,2026-07-13
688433.SH,2026-08-21
688433.SH,2026-08-24
688435.SH,2026-02-06
688435.SH,2026-02-10
688435.SH,2026-02-11
688449.SH,2026-05-19
688449.SH,2026-05-21
688449.SH,2026-05-22
688456.SH,2026-06-09
688456.SH,2026-06-11
688456.SH,2026-06-12
688478.SH,2026-04-09
688478.SH,2026-06-22
688478.SH,2026-06-23
688479.SH,2026-01-13
688479.SH,2026-01-15
688479.SH,2026-01-16
688480.SH,2026-02-11
688480.SH,2026-02-13
688480.SH,2026-02-24
688484.SH,2026-06-15
688484.SH,2026-06-17
688484.SH,2026-06-18
688485.SH,2026-04-02
688485.SH,2026-08-17
688485.SH,2026-08-18
688488.SH,2026-03-31
688488.SH,2026-04-02
688488.SH,2026-04-03
688496.SH,2026-06-01
688496.SH,2026-08-14
688496.SH,2026-08-17
688500.SH,2026-06-08
688500.SH,2026-06-10
688500.SH,2026-06-11
688502.SH,2026-06-29
688502.SH,2026-07-01
688502.SH,2026-07-02
688503.SH,2026-02-06
688503.SH,2026-08-18
688503.SH,2026-08-19
688507.SH,2026-05-15
688507.SH,2026-05-19
688507.SH,2026-05-20
688512.SH,2026-05-21
688512.SH,2026-05-25
688512.SH,2026-05-26
688515.SH,2026-06-17
688515.SH,2026-06-22
688515.SH,2026-06-23
688516.SH,2026-01-22
688516.SH,2026-02-04
688516.SH,2026-02-05
688521.SH,2026-04-29
688521.SH,2026-05-06
688521.SH,2026-05-07
688523.SH,2026-07-09
688523.SH,2026-07-13
688523.SH,2026-07-14
688525.SH,2026-03-03
688525.SH,2026-03-05
688525.SH,2026-03-06
688530.SH,2026-02-25
688530.SH,2026-04-28
688530.SH,2026-04-29
688531.SH,2026-04-14
688531.SH,2026-05-06
688531.SH,2026-05-07
688545.SH,2026-05-08
688545.SH,2026-06-12
688545.SH,2026-06-15
688548.SH,2026-01-06
688548.SH,2026-06-30
688548.SH,2026-07-01
688549.SH,2026-05-14
688549.SH,2026-08-07
688549.SH,2026-08-10
688551.SH,2026-03-23
688551.SH,2026-05-12
688551.SH,2026-05-13
688552.SH,2026-01-07
688552.SH,2026-01-09
688552.SH,2026-01-12
688553.SH,2026-06-30
688553.SH,2026-07-02
688553.SH,2026-07-03
688556.SH,2026-01-22
688556.SH,2026-01-26
688556.SH,2026-01-27
688560.SH,2026-04-16
688560.SH,2026-04-20
688560.SH,2026-04-21
688568.SH,2026-01-09
688568.SH,2026-01-13
688568.SH,2026-01-14
688571.SH,2026-06-30
688571.SH,2026-07-02
688571.SH,2026-07-03
688580.SH,2026-01-07
688580.SH,2026-01-08
688583.SH,2026-01-29
688583.SH,2026-02-02
688583.SH,2026-02-03
688584.SH,2026-04-30
688584.SH,2026-07-10
688584.SH,2026-07-13
688589.SH,2026-06-29
688589.SH,2026-07-01
688589.SH,2026-07-02
688593.SH,2026-06-23
688593.SH,2026-06-25
688593.SH,2026-06-26
688596.SH,2026-06-08
688596.SH,2026-08-06
688596.SH,2026-08-07
688598.SH,2026-06-16
688598.SH,2026-06-22
688598.SH,2026-06-23
688600.SH,2026-08-04
688600.SH,2026-08-06
688600.SH,2026-08-07
688603.SH,2026-05-08
688603.SH,2026-06-16
688603.SH,2026-06-17
688607.SH,2026-01-09
688607.SH,2026-01-13
688607.SH,2026-01-14
688610.SH,2026-05-18
688610.SH,2026-07-10
688610.SH,2026-07-13
688618.SH,2026-05-08
688618.SH,2026-07-24
688618.SH,2026-07-27
688622.SH,2026-05-28
688622.SH,2026-07-27
688622.SH,2026-07-28
688625.SH,2026-05-12
688625.SH,2026-05-14
688625.SH,2026-05-15
688626.SH,2026-01-07
688626.SH,2026-01-08
688627.SH,2026-07-20
688627.SH,2026-07-22
688627.SH,2026-07-23
688628.SH,2026-04-16
688628.SH,2026-04-20
688628.SH,2026-04-21
688630.SH,2026-04-07
688630.SH,2026-04-09
688630.SH,2026-04-10
688633.SH,2026-04-23
688633.SH,2026-04-27
688633.SH,2026-04-28
688635.SH,2026-06-15
688635.SH,2026-08-13
688635.SH,2026-08-14
688651.SH,2026-01-06
688651.SH,2026-01-08
688651.SH,2026-01-09
688655.SH,2026-03-09
688655.SH,2026-06-04
688655.SH,2026-06-05
688658.SH,2026-08-19
688658.SH,2026-08-21
688658.SH,2026-08-24
688661.SH,2026-02-24
688661.SH,2026-08-05
688661.SH,2026-08-06
688662.SH,2026-01-06
688662.SH,2026-08-17
688662.SH,2026-08-18
688667.SH,2026-04-10
688667.SH,2026-04-14
688667.SH,2026-04-15
688668.SH,2026-04-15
688668.SH,2026-06-05
688668.SH,2026-06-08
688669.SH,2026-06-24
688669.SH,2026-06-26
688669.SH,2026-06-29
688670.SH,2026-01-23
688670.SH,2026-01-27
688670.SH,2026-01-28
688671.SH,2026-06-17
688671.SH,2026-06-22
688671.SH,2026-06-23
688677.SH,2026-03-27
688677.SH,2026-08-18
688677.SH,2026-08-19
688679.SH,2026-01-09
688679.SH,2026-01-13
688679.SH,2026-01-14
688680.SH,2026-02-02
688680.SH,2026-02-04
688680.SH,2026-02-05
688689.SH,2026-06-11
688689.SH,2026-06-30
688689.SH,2026-07-01
688690.SH,2026-04-09
688690.SH,2026-04-13
688690.SH,2026-04-14
688693.SH,2026-03-13
688693.SH,2026-08-10
688693.SH,2026-08-11
688697.SH,2026-05-14
688697.SH,2026-05-18
688697.SH,2026-05-19
688699.SH,2026-01-21
688699.SH,2026-05-06
688699.SH,2026-05-07
688702.SH,2026-01-26
688702.SH,2026-01-28
688702.SH,2026-01-29
688710.SH,2026-01-06
688710.SH,2026-07-13
688710.SH,2026-07-14
688711.SH,2026-06-08
688711.SH,2026-06-10
688711.SH,2026-06-11
688720.SH,2026-07-08
688720.SH,2026-07-10
688720.SH,2026-07-13
688722.SH,2026-07-09
688722.SH,2026-07-13
688722.SH,2026-07-14
688726.SH,2026-01-22
688726.SH,2026-01-26
688726.SH,2026-01-27
688727.SH,2026-01-06
688727.SH,2026-01-08
688727.SH,2026-01-09
688728.SH,2026-06-29
688728.SH,2026-07-22
688728.SH,2026-07-23
688729.SH,2026-06-17
688729.SH,2026-07-22
688729.SH,2026-07-23
688757.SH,2026-06-12
688757.SH,2026-06-16
688757.SH,2026-06-17
688759.SH,2026-01-06
688759.SH,2026-01-09
688759.SH,2026-01-12
688765.SH,2026-06-26
688765.SH,2026-06-30
688765.SH,2026-07-01
688766.SH,2026-06-18
688766.SH,2026-06-22
688767.SH,2026-01-06
688767.SH,2026-01-07
688783.SH,2026-06-08
688783.SH,2026-06-10
688783.SH,2026-06-11
688786.SH,2026-02-25
688786.SH,2026-02-27
688786.SH,2026-03-02
688787.SH,2026-01-09
688787.SH,2026-01-13
688787.SH,2026-01-14
688790.SH,2026-08-26
688790.SH,2026-08-28
688790.SH,2026-08-31
688796.SH,2026-06-26
688796.SH,2026-06-30
688796.SH,2026-07-01
688797.SH,2026-07-20
688797.SH,2026-07-22
688797.SH,2026-07-23
688800.SH,2026-04-30
688800.SH,2026-05-07
688800.SH,2026-05-08
688805.SH,2026-04-14
688805.SH,2026-04-16
688805.SH,2026-04-17
688807.SH,2026-04-16
688807.SH,2026-04-20
688807.SH,2026-04-21
688808.SH,2026-08-03
688808.SH,2026-08-05
688808.SH,2026-08-06
688809.SH,2026-07-20
688809.SH,2026-07-22
688809.SH,2026-07-23
688811.SH,2026-04-17
688811.SH,2026-05-19
688811.SH,2026-05-20
688813.SH,2026-04-10
688813.SH,2026-06-16
688813.SH,2026-06-17
688818.SH,2026-05-07
688818.SH,2026-05-11
688818.SH,2026-05-12
920021.BJ,2026-08-28
920083.BJ,2026-08-13
920083.BJ,2026-08-17
920083.BJ,2026-08-18
920087.BJ,2026-08-17
920087.BJ,2026-08-19
920087.BJ,2026-08-20
920092.BJ,2026-08-03
920092.BJ,2026-08-05
920092.BJ,2026-08-06
920117.BJ,2026-08-04
920117.BJ,2026-08-06
920117.BJ,2026-08-07
920130.BJ,2026-07-30
920130.BJ,2026-08-03
920130.BJ,2026-08-04
920222.BJ,2026-07-22
920222.BJ,2026-07-24
920222.BJ,2026-07-27
920223.BJ,2026-08-28
920249.BJ,2026-06-24
920249.BJ,2026-06-26
920249.BJ,2026-06-29
920344.BJ,2026-08-19
920344.BJ,2026-08-21
920344.BJ,2026-08-24
920685.BJ,2026-07-15
920685.BJ,2026-07-31
920685.BJ,2026-08-03
920690.BJ,2026-07-27
920690.BJ,2026-07-29
920690.BJ,2026-07-30
920856.BJ,2026-08-11
920856.BJ,2026-08-13
920856.BJ,2026-08-14
920895.BJ,2026-08-26
920895.BJ,2026-08-31
