trade_date,ts_code,name,lu_time,lu_desc,status
20260831,000011.SZ,深物业A,09:25:00,地产链,2连板
20260831,000560.SZ,我爱我家,09:25:00,地产链,5天3板
20260831,000712.SZ,锦龙股份,09:31:33,证券,4连板
20260831,000892.SZ,欢瑞世纪,09:34:51,AI应用,首板
20260831,000965.SZ,天保基建,09:25:00,地产链,首板
20260831,000977.SZ,浪潮信息,13:51:57,算力,首板
20260831,001221.SZ,悍高集团,09:33:15,地产链,首板
20260831,001330.SZ,博纳影业,10:25:30,AI应用,首板
20260831,002008.SZ,大族激光,14:14:21,通信,首板
20260831,002081.SZ,金螳螂,09:42:12,地产链,首板
20260831,002084.SZ,海鸥住工,09:25:00,实控人变更,6连板
20260831,002098.SZ,浔兴股份,09:31:18,服装家纺,首板
20260831,002133.SZ,广宇集团,09:25:00,地产链,首板
20260831,002141.SZ,贤丰控股,10:04:51,通信,首板
20260831,002169.SZ,智光电气,09:31:42,芯片,首板
20260831,002303.SZ,美盈森,13:22:03,包装印刷,首板
20260831,002328.SZ,新朋股份,09:53:30,算力,首板
20260831,002375.SZ,亚厦股份,09:30:15,地产链,首板
20260831,002396.SZ,星网锐捷,13:46:27,通信,3连板
20260831,002418.SZ,康盛股份,09:55:18,算力,5天4板
20260831,002534.SZ,西子洁能,09:31:36,燃气轮机,首板
20260831,002660.SZ,茂硕电源,10:19:39,机器人概念,首板
20260831,002679.SZ,福建金森,09:25:00,农业,2连板
20260831,002757.SZ,南兴股份,13:31:09,算力,首板
20260831,002830.SZ,名雕股份,09:54:33,地产链,首板
20260831,002855.SZ,捷荣技术,09:31:03,消费电子,5连板
20260831,002856.SZ,*ST美芝,10:47:18,ST板块,首板
20260831,002875.SZ,安奈儿,13:41:30,服装家纺,首板
20260831,002881.SZ,美格智能,10:07:45,端侧AI,首板
20260831,002886.SZ,沃特股份,09:30:27,化工,3连板
20260831,002903.SZ,宇环数控,09:47:12,消费电子,首板
20260831,002909.SZ,集泰股份,09:44:36,算力,首板
20260831,002921.SZ,联诚精密,10:03:24,机器人概念,首板
20260831,003005.SZ,竞业达,10:25:30,AI应用,2连板
20260831,003018.SZ,金富科技,09:44:06,算力,首板
20260831,003036.SZ,泰坦股份,09:52:03,通信,首板
20260831,300364.SZ,中文在线,13:00:42,AI应用,首板
20260831,300413.SZ,芒果超媒,09:35:21,AI应用,首板
20260831,300911.SZ,亿田智能,13:27:30,算力,首板
20260831,301151.SZ,冠龙节能,09:41:15,算力,首板
20260831,301218.SZ,华是科技,11:06:03,AI应用,首板
20260831,301231.SZ,荣信文化,10:35:15,AI应用,首板
20260831,301262.SZ,海看股份,13:16:42,AI应用,首板
20260831,600110.SH,诺德股份,09:33:36,通信,首板
20260831,600121.SH,郑州煤电,10:09:11,煤炭,首板
20260831,600227.SH,赤天化,09:35:15,农业,4天3板
20260831,600246.SH,万通发展,13:29:49,芯片,首板
20260831,600371.SH,万向德农,09:25:54,农业,5连板
20260831,600540.SH,新赛股份,09:25:37,农业,3连板
20260831,600551.SH,时代出版,13:21:36,AI应用,2连板
20260831,600671.SH,天目药业,13:33:24,医药,首板
20260831,600691.SH,潞化科技,09:32:09,农业,2连板
20260831,600722.SH,金牛化工,10:10:20,化工,2连板
20260831,600892.SH,大晟文化,13:22:36,文化传媒,首板
20260831,601086.SH,国芳集团,09:25:41,中报增长,2连板
20260831,601136.SH,首创证券,14:24:27,证券,首板
20260831,601330.SH,绿色动力,09:36:37,中报增长,首板
20260831,601595.SH,上海电影,10:35:38,AI应用,首板
20260831,601882.SH,海天精工,09:33:30,中报增长,首板
20260831,601929.SH,吉视传媒,13:14:44,AI应用,首板
20260831,603001.SH,奥康国际,14:08:26,服装家纺,首板
20260831,603058.SH,永吉股份,10:47:42,AI应用,首板
20260831,603068.SH,博通集成,13:25:12,端侧AI,首板
20260831,603090.SH,宏盛股份,13:31:03,算力,首板
20260831,603113.SH,金能科技,13:12:41,化工,首板
20260831,603139.SH,康惠股份,13:20:01,算力,首板
20260831,603178.SH,圣龙股份,10:17:43,算力,首板
20260831,603201.SH,常润股份,13:09:48,汽车零部件,首板
20260831,603216.SH,梦天家居,09:36:34,地产链,首板
20260831,603236.SH,移远通信,14:14:22,端侧AI,首板
20260831,603269.SH,海鸥股份,09:35:29,算力,3连板
20260831,603270.SH,金帝股份,09:34:42,算力,首板
20260831,603297.SH,永新光学,14:35:25,芯片,首板
20260831,603313.SH,梦百合,13:56:42,端侧AI,首板
20260831,603358.SH,华达科技,10:06:01,机器人概念,首板
20260831,603459.SH,红板科技,14:16:03,通信,首板
20260831,603533.SH,掌阅科技,10:25:38,AI应用,首板
20260831,603559.SH,中通国脉,10:15:57,算力,2连板
20260831,603685.SH,晨丰科技,10:20:22,中报增长,首板
20260831,603721.SH,中广天择,09:35:31,AI应用,首板
20260831,603893.SH,瑞芯微,09:37:23,端侧AI,首板
20260831,603950.SH,长源东谷,13:05:44,燃气轮机,首板
20260831,603978.SH,深圳新星,09:39:16,锂电池,首板
20260831,603989.SH,艾华集团,09:42:34,中报增长,首板
20260831,605118.SH,力鼎光电,11:25:07,物理AI,首板
20260831,605287.SH,德才股份,09:36:28,AI应用,首板
20260831,605577.SH,龙版传媒,10:42:50,AI应用,首板
20260831,920021.BJ,流金科技,13:09:30,AI应用,首板
20260831,920223.BJ,荣亿精密,10:17:42,算力,首板
20260828,000011.SZ,深物业A,10:21:09,地产链,首板
20260828,000017.SZ,深中华A,09:33:00,黄金,7连板
20260828,000059.SZ,华锦股份,09:33:06,农业,首板
20260828,000062.SZ,深圳华强,11:02:09,芯片,首板
20260828,000560.SZ,我爱我家,09:44:18,中报增长,4天2板
20260828,000565.SZ,渝三峡Ａ,14:44:06,化工,首板
20260828,000567.SZ,海德股份,13:10:12,中报增长,首板
20260828,000626.SZ,远大控股,13:09:42,农业,首板
20260828,000712.SZ,锦龙股份,09:25:00,证券,3连板
20260828,000716.SZ,黑芝麻,10:48:54,农业,首板
20260828,000798.SZ,中水渔业,10:43:42,农业,首板
20260828,000912.SZ,泸天化,14:26:06,农业,首板
20260828,000925.SZ,众合科技,13:41:00,算力,首板
20260828,001288.SZ,运机集团,09:42:54,机器人概念,首板
20260828,001376.SZ,百通能源,10:29:03,电力,首板
20260828,002084.SZ,海鸥住工,09:25:00,实控人变更,5连板
20260828,002107.SZ,沃华医药,10:02:18,医药,首板
20260828,002165.SZ,红宝丽,09:42:42,化工,首板
20260828,002212.SZ,天融信,09:38:03,AI应用,首板
20260828,002229.SZ,鸿博股份,10:03:48,算力,首板
20260828,002279.SZ,久其软件,09:32:57,AI应用,首板
20260828,002349.SZ,精华制药,10:18:03,医药,首板
20260828,002354.SZ,天娱数科,09:30:00,AI应用,首板
20260828,002396.SZ,星网锐捷,09:36:09,通信,2连板
20260828,002427.SZ,尤夫股份,13:21:06,化工,首板
20260828,002437.SZ,誉衡药业,14:34:12,医药,首板
20260828,002486.SZ,嘉麟杰,14:00:18,服装家纺,首板
20260828,002578.SZ,闽发铝业,10:57:57,算力,首板
20260828,002631.SZ,德尔未来,09:30:00,中报增长,首板
20260828,002679.SZ,福建金森,10:27:15,农业,首板
20260828,002742.SZ,冀衡医药,09:30:00,医药,4连板
20260828,002855.SZ,捷荣技术,09:25:00,消费电子,4连板
20260828,002886.SZ,沃特股份,09:25:00,化工,2连板
20260828,002915.SZ,中欣氟材,10:56:42,新材料概念,首板
20260828,002918.SZ,蒙娜丽莎,09:50:48,中报增长,首板
20260828,002942.SZ,新农股份,09:25:00,农业,3连板
20260828,002949.SZ,华阳国际,10:25:12,AI应用,4天3板
20260828,002952.SZ,亚世光电,09:52:12,中报增长,首板
20260828,002971.SZ,和远气体,09:57:48,芯片,首板
20260828,003005.SZ,竞业达,09:36:09,AI应用,首板
20260828,003030.SZ,祖名股份,13:20:00,食品饮料,首板
20260828,300378.SZ,鼎捷数智,09:30:24,AI应用,首板
20260828,600162.SH,香江控股,09:36:20,算力,2连板
20260828,600227.SH,赤天化,14:15:07,农业,3天2板
20260828,600251.SH,冠农股份,13:33:55,农业,首板
20260828,600354.SH,敦煌种业,09:55:08,农业,首板
20260828,600371.SH,万向德农,09:25:53,农业,4连板
20260828,600378.SH,昊华科技,09:25:38,化工,2连板
20260828,600479.SH,千金药业,09:34:27,医药,3连板
20260828,600540.SH,新赛股份,09:25:45,农业,2连板
20260828,600551.SH,时代出版,09:30:50,AI应用,首板
20260828,600654.SH,中安科,09:25:48,网络安全,2连板
20260828,600689.SH,上海三毛,13:52:21,外贸,首板
20260828,600691.SH,潞化科技,11:01:23,农业,首板
20260828,600714.SH,金瑞矿业,14:21:49,化工,4天2板
20260828,600722.SH,金牛化工,13:13:41,化工,首板
20260828,600815.SH,厦工股份,13:20:15,基础建设,首板
20260828,600929.SH,雪天盐业,09:34:04,AI应用,首板
20260828,601003.SH,柳钢股份,10:10:48,钢铁,首板
20260828,601086.SH,国芳集团,09:38:47,中报增长,首板
20260828,601222.SH,林洋能源,10:23:06,中报增长,首板
20260828,601700.SH,风范股份,10:19:06,智能电网,首板
20260828,603007.SH,顺景科技,09:53:58,机器人概念,首板
20260828,603011.SH,合锻智能,09:52:41,通信,2连板
20260828,603016.SH,新宏泰,09:49:15,智能电网,首板
20260828,603029.SH,天鹅股份,11:09:17,农业,首板
20260828,603045.SH,福达合金,09:35:12,算力,首板
20260828,603082.SH,北自科技,09:52:47,机器人概念,首板
20260828,603086.SH,先达股份,13:38:36,农业,首板
20260828,603171.SH,税友股份,10:03:12,AI应用,首板
20260828,603269.SH,海鸥股份,09:31:13,中报增长,2连板
20260828,603396.SH,金辰股份,13:00:17,芯片,3天2板
20260828,603559.SH,中通国脉,10:01:17,算力,首板
20260828,603608.SH,天创时尚,10:50:38,机器人概念,首板
20260828,603778.SH,国晟科技,09:46:58,光伏,首板
20260828,603900.SH,莱绅通灵,09:30:01,黄金,2连板
20260828,605006.SH,山东玻纤,10:01:56,化工,首板
20260828,605188.SH,国光连锁,11:14:24,零售,首板
20260828,605566.SH,福莱蒽特,13:08:04,机器人概念,首板
20260828,688152.SH,麒麟信安,09:39:54,网络安全,首板
20260828,688209.SH,英集芯,14:08:38,中报增长,首板
20260828,920895.BJ,花溪科技,11:11:25,农机,2连板
20260827,000017.SZ,深中华A,09:32:24,黄金,6连板
20260827,000576.SZ,甘化科工,09:30:39,中报增长,首板
20260827,000586.SZ,汇源通信,09:55:42,通信,首板
20260827,000592.SZ,平潭发展,13:12:42,农业,首板
20260827,000712.SZ,锦龙股份,09:25:00,证券,2连板
20260827,000890.SZ,法尔胜,09:30:09,通信,2连板
20260827,000951.SZ,中国重汽,09:32:27,中报增长,首板
20260827,000962.SZ,东方钽业,10:50:09,有色金属,首板
20260827,001232.SZ,嘉立创,10:30:06,通信,首板
20260827,001309.SZ,德明利,14:30:24,芯片,首板
20260827,002072.SZ,凯瑞德,09:34:27,黄金,2连板
20260827,002084.SZ,海鸥住工,09:25:00,实控人变更,4连板
20260827,002134.SZ,天津普林,10:26:42,通信,首板
20260827,002155.SZ,湖南黄金,09:25:00,并购重组,首板
20260827,002190.SZ,成飞集成,10:27:45,军工,首板
20260827,002396.SZ,星网锐捷,14:36:39,通信,首板
20260827,002418.SZ,康盛股份,09:34:15,算力,3连板
20260827,002515.SZ,金字火腿,11:04:54,芯片,首板
20260827,002536.SZ,飞龙股份,09:59:51,算力,首板
20260827,002628.SZ,成都路桥,13:00:42,基础建设,首板
20260827,002636.SZ,金安国纪,10:35:18,通信,首板
20260827,002742.SZ,冀衡医药,09:25:00,医药,3连板
20260827,002824.SZ,和胜股份,11:13:51,消费电子,首板
20260827,002852.SZ,道道全,13:09:30,农业,首板
20260827,002855.SZ,捷荣技术,09:25:00,消费电子,3连板
20260827,002886.SZ,沃特股份,09:34:33,PTFE,首板
20260827,002942.SZ,新农股份,09:25:00,农业,2连板
20260827,002953.SZ,日丰股份,09:50:42,通信,首板
20260827,002980.SZ,华盛昌,09:58:24,通信,首板
20260827,003040.SZ,楚天龙,09:30:48,金融概念,5连板
20260827,300368.SZ,汇金股份,09:39:21,金融概念,首板
20260827,300456.SZ,赛微电子,10:13:24,芯片,首板
20260827,301399.SZ,英特科技,10:00:15,算力,首板
20260827,301591.SZ,肯特股份,10:19:48,PTFE,首板
20260827,301666.SZ,大普微,09:30:51,芯片,首板
20260827,600095.SH,湘财股份,09:39:41,证券,2连板
20260827,600103.SH,青山纸业,09:30:33,通信,3连板
20260827,600108.SH,亚盛集团,10:08:35,农业,首板
20260827,600127.SH,金健米业,09:35:16,农业,3天2板
20260827,600162.SH,香江控股,10:06:21,算力,首板
20260827,600330.SH,天通股份,10:53:45,通信,首板
20260827,600345.SH,长江通信,14:42:52,通信,首板
20260827,600359.SH,新农开发,09:32:58,农业,首板
20260827,600371.SH,万向德农,09:30:06,农业,3连板
20260827,600378.SH,昊华科技,09:31:36,PTFE,首板
20260827,600397.SH,江钨装备,10:23:42,有色金属,首板
20260827,600479.SH,千金药业,09:31:30,医药,2连板
20260827,600540.SH,新赛股份,09:25:35,农业,首板
20260827,600613.SH,神奇制药,09:25:44,医药,11天7板
20260827,600641.SH,先导基电,11:09:50,芯片,首板
20260827,600654.SH,中安科,09:38:37,中报增长,首板
20260827,600683.SH,京投发展,09:54:29,芯片,首板
20260827,600721.SH,百花医药,09:31:50,医药,首板
20260827,600730.SH,*ST高科,13:19:50,ST板块,首板
20260827,600969.SH,郴电国际,10:09:24,工业气体,2连板
20260827,601208.SH,东材科技,13:00:16,通信,首板
20260827,601233.SH,桐昆股份,13:22:10,石油石化,首板
20260827,601869.SH,长飞光纤,09:49:19,通信,首板
20260827,603002.SH,宏昌电子,09:52:01,通信,首板
20260827,603011.SH,合锻智能,10:42:48,通信,首板
20260827,603093.SH,南华期货,13:23:41,金融概念,首板
20260827,603137.SH,恒尚节能,10:11:10,并购重组,首板
20260827,603237.SH,五芳斋,09:30:06,中报增长,首板
20260827,603261.SH,立航科技,09:35:42,股权转让,首板
20260827,603269.SH,海鸥股份,10:42:06,算力,首板
20260827,603319.SH,美湖股份,14:21:12,算力,首板
20260827,603435.SH,嘉德利,10:18:01,元器件,首板
20260827,603580.SH,艾艾精工,09:55:33,实控人变更,首板
20260827,603618.SH,杭电股份,09:35:13,通信,2连板
20260827,603688.SH,石英股份,14:24:29,芯片,首板
20260827,603900.SH,莱绅通灵,09:39:59,黄金,首板
20260827,603938.SH,三孚股份,09:41:20,芯片,首板
20260827,605258.SH,协和电子,10:33:18,通信,首板
20260827,605288.SH,凯迪股份,14:47:49,机器人概念,首板
20260827,688300.SH,联瑞新材,10:49:20,PTFE,首板
20260827,688368.SH,晶丰明源,14:31:48,芯片,首板
20260827,688790.SH,昂瑞微,10:18:56,芯片,首板
20260827,920895.BJ,花溪科技,10:23:48,农业,首板
20260826,000017.SZ,深中华A,10:00:24,黄金,5连板
20260826,000428.SZ,华天酒店,09:39:06,旅游,2连板
20260826,000533.SZ,顺钠股份,11:03:42,核电,首板
20260826,000536.SZ,华映科技,09:33:36,消费电子,首板
20260826,000632.SZ,ST三木,09:25:00,ST板块,首板
20260826,000677.SZ,ST海龙,10:53:24,ST板块,首板
20260826,000712.SZ,锦龙股份,09:45:54,证券,首板
20260826,000890.SZ,法尔胜,09:36:21,通信,首板
20260826,000997.SZ,新大陆,09:50:33,金融概念,首板
20260826,001258.SZ,立新能源,13:14:51,电力,首板
20260826,001268.SZ,联合精密,13:00:51,家电,3天2板
20260826,002047.SZ,宝鹰股份,09:37:57,元器件,首板
20260826,002072.SZ,凯瑞德,11:27:36,黄金,首板
20260826,002084.SZ,海鸥住工,09:25:00,实控人变更,3连板
20260826,002094.SZ,青岛金王,10:27:39,金融概念,2连板
20260826,002295.SZ,精艺股份,09:45:24,有色金属,首板
20260826,002366.SZ,融发核电,09:25:00,核电,首板
20260826,002418.SZ,康盛股份,09:25:00,算力,2连板
20260826,002703.SZ,浙江世宝,09:31:12,智能驾驶,2连板
20260826,002719.SZ,ST麦趣,10:47:42,ST板块,首板
20260826,002721.SZ,金一文化,09:56:18,黄金,首板
20260826,002742.SZ,冀衡医药,09:25:00,医药,2连板
20260826,002855.SZ,捷荣技术,09:25:00,消费电子,2连板
20260826,002942.SZ,新农股份,09:39:36,农业,首板
20260826,002949.SZ,华阳国际,09:36:36,基础建设,2连板
20260826,002963.SZ,豪尔赛,09:31:45,旅游,2连板
20260826,003040.SZ,楚天龙,10:26:15,金融概念,4连板
20260826,301177.SZ,迪阿股份,10:16:09,黄金,首板
20260826,301630.SZ,同宇新材,09:30:00,中报增长,首板
20260826,600095.SH,湘财股份,10:18:46,证券,首板
20260826,600103.SH,青山纸业,09:35:44,通信,2连板
20260826,600227.SH,赤天化,09:45:02,农业,首板
20260826,600272.SH,开开实业,09:40:48,医药,3天2板
20260826,600362.SH,江西铜业,09:50:59,有色金属,首板
20260826,600371.SH,万向德农,09:35:12,农业,2连板
20260826,600468.SH,百利电气,09:30:46,核电,首板
20260826,600479.SH,千金药业,09:30:03,医药,首板
20260826,600604.SH,市北高新,09:34:41,芯片,3天2板
20260826,600969.SH,郴电国际,11:00:59,工业气体,首板
20260826,601038.SH,一拖股份,09:36:41,中报增长,首板
20260826,601212.SH,白银有色,10:22:21,黄金,4天3板
20260826,603083.SH,剑桥科技,10:43:45,通信,首板
20260826,603106.SH,恒银科技,10:38:37,金融概念,首板
20260826,603118.SH,共进股份,11:14:31,通信,首板
20260826,603121.SH,华培动力,09:50:52,机器人概念,首板
20260826,603200.SH,上海洗霸,09:55:30,锂电池,3天2板
20260826,603392.SH,万泰生物,09:37:50,疫苗概念,首板
20260826,603396.SH,金辰股份,09:25:40,芯片,首板
20260826,603615.SH,茶花股份,13:18:47,元器件,首板
20260826,603618.SH,杭电股份,09:32:28,中报增长,首板
20260826,603838.SH,*ST四通,13:58:53,ST板块,首板
20260826,603979.SH,金诚信,09:47:34,有色金属,首板
20260826,605162.SH,新中港,09:37:39,电力,首板
20260826,605169.SH,洪通燃气,09:31:19,中报增长,首板
20260826,605277.SH,新亚电子,09:30:01,中报增长,首板
20260826,688185.SH,康希诺,09:30:54,疫苗概念,首板
20260825,000017.SZ,深中华A,09:25:00,黄金,4连板
20260825,000070.SZ,特发信息,10:15:48,通信,首板
20260825,000428.SZ,华天酒店,09:31:48,旅游,首板
20260825,000560.SZ,我爱我家,11:12:12,地产链,首板
20260825,000566.SZ,海南海药,09:54:03,医药,首板
20260825,000659.SZ,珠海中富,14:02:03,包装印刷,首板
20260825,000695.SZ,滨海能源,09:53:00,锂电池,首板
20260825,000779.SZ,甘咨询,09:58:30,基础建设,首板
20260825,000796.SZ,凯撒旅业,09:32:51,旅游,首板
20260825,002041.SZ,登海种业,09:34:15,农业,2连板
20260825,002081.SZ,金螳螂,09:59:45,地产链,首板
20260825,002084.SZ,海鸥住工,09:25:00,实控人变更,2连板
20260825,002094.SZ,青岛金王,10:36:54,外贸,首板
20260825,002259.SZ,升达林业,13:46:45,天然气,首板
20260825,002412.SZ,汉森制药,09:45:36,医药,5连板
20260825,002418.SZ,康盛股份,10:00:09,算力,首板
20260825,002445.SZ,中南文化,09:25:00,并购重组,2连板
20260825,002451.SZ,摩恩电气,13:36:54,智能电网,首板
20260825,002478.SZ,常宝股份,14:33:18,燃气轮机,首板
20260825,002514.SZ,*ST宝馨,13:50:39,ST板块,首板
20260825,002686.SZ,亿利达,10:19:39,实控人变更,3天2板
20260825,002694.SZ,*ST顾地,11:04:57,ST板块,首板
20260825,002703.SZ,浙江世宝,09:58:06,智能驾驶,首板
20260825,002713.SZ,东易日盛,10:11:24,算力,首板
20260825,002742.SZ,冀衡医药,09:43:06,医药,首板
20260825,002821.SZ,凯莱英,13:01:42,医药,首板
20260825,002837.SZ,英维克,10:05:48,算力,首板
20260825,002855.SZ,捷荣技术,11:14:06,消费电子,首板
20260825,002856.SZ,*ST美芝,13:37:33,ST板块,首板
20260825,002880.SZ,卫光生物,09:30:12,医药,首板
20260825,002907.SZ,华森制药,09:49:06,医药,首板
20260825,002947.SZ,恒铭达,10:36:42,中报增长,首板
20260825,002949.SZ,华阳国际,09:33:15,基础建设,首板
20260825,002963.SZ,豪尔赛,13:25:21,旅游,首板
20260825,003018.SZ,金富科技,13:13:36,算力,3天2板
20260825,003021.SZ,兆威机电,13:19:36,机器人概念,首板
20260825,003040.SZ,楚天龙,09:35:48,数字经济,3连板
20260825,300097.SZ,智云股份,13:09:48,消费电子,首板
20260825,300642.SZ,透景生命,09:33:24,中报增长,首板
20260825,300922.SZ,天秦装备,13:07:21,军工,首板
20260825,600053.SH,*ST九鼎,14:22:20,ST板块,首板
20260825,600103.SH,青山纸业,09:45:37,通信,首板
20260825,600127.SH,金健米业,09:31:54,农业,首板
20260825,600172.SH,黄河旋风,13:50:18,金刚石概念,首板
20260825,600281.SH,华阳新材,09:39:46,有色金属,首板
20260825,600371.SH,万向德农,09:33:19,农业,首板
20260825,600470.SH,六国化工,09:35:23,农业,首板
20260825,600508.SH,上海能源,09:30:29,煤炭,2连板
20260825,600605.SH,汇通能源,14:41:53,算力,首板
20260825,600698.SH,湖南天雁,09:34:10,中报增长,首板
20260825,600714.SH,金瑞矿业,13:01:12,化工,首板
20260825,600745.SH,*ST闻泰,14:37:05,ST板块,首板
20260825,600785.SH,新华百货,09:56:50,零售,3连板
20260825,600829.SH,人民同泰,10:59:03,医药,首板
20260825,600838.SH,上海九百,09:36:50,零售,首板
20260825,600936.SH,北投科技,09:58:22,基础建设,首板
20260825,600984.SH,建设机械,09:25:35,并购重组,2连板
20260825,603079.SH,圣达生物,09:42:29,医药,3天2板
20260825,603095.SH,越剑智能,09:40:37,新型工业化,3天2板
20260825,603113.SH,金能科技,09:48:36,化工,首板
20260825,603217.SH,元利科技,13:36:52,化工,首板
20260825,603318.SH,水发燃气,09:56:39,芯片,3天2板
20260825,603360.SH,百傲化学,09:35:18,芯片,首板
20260825,603395.SH,红四方,09:47:13,农业,首板
20260825,603637.SH,镇海股份,10:01:28,实控人变更,首板
20260825,603687.SH,大胜达,13:01:15,芯片,首板
20260825,603758.SH,秦安股份,13:13:01,机器人概念,3天2板
20260825,603912.SH,佳力图,14:34:19,算力,首板
20260825,605303.SH,园林股份,09:32:12,芯片,首板
20260825,688169.SH,石头科技,09:54:50,中报增长,首板
20260824,000017.SZ,深中华A,09:25:00,黄金,3连板
20260824,000065.SZ,北方国际,09:25:00,中报增长,首板
20260824,000620.SZ,盈新发展,09:33:57,中报增长,首板
20260824,000723.SZ,美锦能源,09:40:03,煤炭,4天2板
20260824,000925.SZ,众合科技,09:25:00,芯片,首板
20260824,000931.SZ,中关村,09:25:00,疫苗概念,3连板
20260824,001268.SZ,联合精密,09:32:27,家电,首板
20260824,002015.SZ,协鑫能科,09:25:00,储能,首板
20260824,002017.SZ,东信和平,09:31:00,eSIM,2连板
20260824,002041.SZ,登海种业,09:44:12,农业,首板
20260824,002052.SZ,同洲电子,14:05:03,电源,首板
20260824,002084.SZ,海鸥住工,09:25:00,实控人变更,首板
20260824,002172.SZ,澳洋健康,10:07:03,民营医院,3天2板
20260824,002277.SZ,友阿股份,09:35:06,并购重组,首板
20260824,002412.SZ,汉森制药,09:30:06,医药,4连板
20260824,002445.SZ,中南文化,09:25:00,并购重组,首板
20260824,002580.SZ,圣阳股份,09:37:33,储能,首板
20260824,002620.SZ,*ST瑞和,13:05:51,ST板块,首板
20260824,002651.SZ,利君股份,09:55:51,军工,首板
20260824,002716.SZ,湖南白银,10:14:30,黄金,2连板
20260824,002731.SZ,*ST萃华,14:39:03,ST板块,首板
20260824,002882.SZ,金龙羽,09:39:12,锂电池,首板
20260824,002906.SZ,华阳集团,09:25:00,实控人变更,首板
20260824,003035.SZ,南网能源,09:48:06,储能,首板
20260824,003040.SZ,楚天龙,09:31:57,数字经济,2连板
20260824,300313.SZ,天山生物,10:58:42,农业,首板
20260824,301152.SZ,天力锂能,09:35:30,锂电池,首板
20260824,600272.SH,开开实业,13:33:54,医药,首板
20260824,600367.SH,红星发展,10:26:11,中报增长,首板
20260824,600403.SH,大有能源,14:16:58,煤炭,首板
20260824,600508.SH,上海能源,09:52:49,煤炭,首板
20260824,600594.SH,益佰制药,09:35:19,医药,首板
20260824,600604.SH,市北高新,09:30:00,芯片,首板
20260824,600610.SH,中毅达,13:18:11,化工,4天2板
20260824,600613.SH,神奇制药,09:36:29,医药,8天6板
20260824,600785.SH,新华百货,09:25:40,零售,2连板
20260824,601083.SH,锦江航运,13:00:52,航运,首板
20260824,601212.SH,白银有色,09:30:45,黄金,2连板
20260824,601700.SH,风范股份,09:54:05,智能电网,3天2板
20260824,603032.SH,德新科技,09:37:10,锂电池,首板
20260824,603089.SH,正裕工业,09:36:13,机器人概念,首板
20260824,603105.SH,芯能科技,09:50:38,储能,首板
20260824,603200.SH,上海洗霸,09:34:42,锂电池,首板
20260824,603330.SH,天洋新材,10:04:52,通信,2连板
20260824,603565.SH,中谷物流,10:12:23,航运,首板
20260824,603958.SH,哈森股份,09:31:38,并购重组,6天5板
20260824,605198.SH,安德利,09:47:20,并购重组,首板
20260824,605286.SH,同力天启,09:32:50,储能,首板
20260821,000017.SZ,深中华A,09:25:00,黄金,2连板
20260821,000603.SZ,盛达资源,13:56:45,黄金,首板
20260821,000628.SZ,高新发展,11:00:42,芯片,首板
20260821,000710.SZ,贝瑞基因,09:30:03,医药,2连板
20260821,000931.SZ,中关村,09:30:00,疫苗概念,2连板
20260821,002017.SZ,东信和平,09:45:54,数字经济,首板
20260821,002038.SZ,双鹭药业,09:25:00,疫苗概念,2连板
20260821,002045.SZ,国光电器,14:26:30,AI眼镜,首板
20260821,002192.SZ,融捷股份,10:15:45,锂电池,首板
20260821,002209.SZ,达意隆,09:25:00,中报增长,首板
20260821,002396.SZ,星网锐捷,09:44:30,通信,首板
20260821,002412.SZ,汉森制药,09:25:00,医药,3连板
20260821,002449.SZ,国星光电,11:29:51,面板,首板
20260821,002491.SZ,通鼎互联,14:27:09,通信,2连板
20260821,002528.SZ,*ST英飞,13:18:30,ST板块,首板
20260821,002536.SZ,飞龙股份,09:41:33,算力,首板
20260821,002631.SZ,德尔未来,14:34:54,石墨烯,首板
20260821,002638.SZ,勤上股份,14:11:06,LED,4天2板
20260821,002655.SZ,共达电声,09:57:33,算力,首板
20260821,002667.SZ,*ST威领,09:25:00,ST板块,3连板
20260821,002686.SZ,亿利达,09:31:57,实控人变更,首板
20260821,002716.SZ,湖南白银,10:40:36,黄金,首板
20260821,002886.SZ,沃特股份,14:32:30,化工,首板
20260821,002903.SZ,宇环数控,11:02:12,消费电子,2连板
20260821,002971.SZ,和远气体,09:32:00,芯片,首板
20260821,002988.SZ,豪美新材,10:06:39,机器人概念,首板
20260821,003018.SZ,金富科技,09:45:15,算力,首板
20260821,003031.SZ,中瓷电子,13:12:30,通信,首板
20260821,003040.SZ,楚天龙,09:30:03,数字经济,首板
20260821,300016.SZ,北陆药业,14:30:09,医药,首板
20260821,300214.SZ,日科化学,10:17:36,算力,首板
20260821,300839.SZ,博汇股份,09:56:18,算力,首板
20260821,301591.SZ,肯特股份,14:37:27,化工,首板
20260821,600110.SH,诺德股份,13:27:08,通信,首板
20260821,600353.SH,旭光电子,09:56:19,通信,6天4板
20260821,600397.SH,江钨装备,09:48:16,有色金属,首板
20260821,600460.SH,士兰微,09:36:09,芯片,首板
20260821,600577.SH,精达股份,10:39:10,机器人概念,首板
20260821,600785.SH,新华百货,09:25:59,零售,首板
20260821,601177.SH,杭齿前进,09:30:02,中报增长,首板
20260821,601212.SH,白银有色,09:41:19,黄金,首板
20260821,603045.SH,福达合金,09:56:12,算力,首板
20260821,603052.SH,可川科技,09:40:50,芯片,首板
20260821,603065.SH,宿迁联盛,09:49:43,芯片,首板
20260821,603079.SH,圣达生物,09:37:29,医药,首板
20260821,603095.SH,越剑智能,09:35:36,新型工业化,首板
20260821,603318.SH,水发燃气,09:38:26,芯片,首板
20260821,603330.SH,天洋新材,10:06:44,通信,首板
20260821,603333.SH,福华尚纬,09:31:05,化工,首板
20260821,603626.SH,科森科技,09:34:21,消费电子,2连板
20260821,603758.SH,秦安股份,13:36:31,机器人概念,首板
20260821,603803.SH,瑞斯康达,09:43:14,通信,首板
20260821,603838.SH,*ST四通,10:58:19,ST板块,首板
20260821,603958.SH,哈森股份,09:30:39,消费电子,5天4板
20260821,688137.SH,近岸蛋白,10:18:19,疫苗概念,2连板
20260821,688328.SH,深科达,13:02:26,芯片,首板
20260821,688356.SH,键凯科技,09:25:31,疫苗概念,2连板
20260820,000007.SZ,全新好,09:52:03,地产链,3天2板
20260820,000017.SZ,深中华A,09:34:39,黄金,首板
20260820,000520.SZ,凤凰航运,09:37:12,中报增长,4天2板
20260820,000523.SZ,红棉股份,14:22:51,食品饮料,首板
20260820,000590.SZ,古汉医药,09:30:24,医药,首板
20260820,000710.SZ,贝瑞基因,09:31:12,医药,首板
20260820,000931.SZ,中关村,09:25:59,医药,首板
20260820,001210.SZ,金房能源,09:32:21,热力,首板
20260820,001277.SZ,速达股份,09:30:00,煤炭,2连板
20260820,001333.SZ,光华股份,13:27:36,电子树脂,首板
20260820,001360.SZ,南矿集团,10:13:27,黄金,首板
20260820,002030.SZ,达安基因,09:31:45,医药,首板
20260820,002038.SZ,双鹭药业,09:25:59,疫苗概念,首板
20260820,002172.SZ,澳洋健康,13:10:45,民营医院,首板
20260820,002313.SZ,日海智能,11:07:30,eSIM,首板
20260820,002365.SZ,永安药业,09:30:06,医药,3天2板
20260820,002399.SZ,海普瑞,09:30:00,医药,首板
20260820,002412.SZ,汉森制药,09:25:59,医药,2连板
20260820,002437.SZ,誉衡药业,09:48:18,医药,首板
20260820,002491.SZ,通鼎互联,10:00:12,中报增长,首板
20260820,002552.SZ,宝鼎科技,09:52:03,通信,首板
20260820,002579.SZ,中京电子,09:40:45,通信,首板
20260820,002581.SZ,*ST未名,14:51:39,ST板块,6天3板
20260820,002667.SZ,*ST威领,09:25:59,ST板块,2连板
20260820,002726.SZ,ST龙大,14:22:21,ST板块,首板
20260820,002743.SZ,富煌钢构,09:34:21,并购重组,3天2板
20260820,002811.SZ,郑中设计,10:20:57,芯片,首板
20260820,002880.SZ,卫光生物,09:33:45,医药,首板
20260820,002903.SZ,宇环数控,13:00:21,消费电子,首板
20260820,002940.SZ,昂利康,09:30:03,医药,首板
20260820,003010.SZ,若羽臣,14:17:15,美容护理,首板
20260820,300006.SZ,莱美药业,09:25:59,疫苗概念,首板
20260820,300009.SZ,安科生物,13:00:33,疫苗概念,首板
20260820,300109.SZ,新开源,09:42:21,疫苗概念,首板
20260820,300122.SZ,智飞生物,09:30:00,疫苗概念,首板
20260820,300142.SZ,沃森生物,09:25:59,疫苗概念,首板
20260820,300363.SZ,博腾股份,09:45:57,医药,首板
20260820,300601.SZ,康泰生物,10:00:36,疫苗概念,首板
20260820,300710.SZ,万隆光电,10:45:12,通信,首板
20260820,300765.SZ,石药创新,09:52:42,疫苗概念,首板
20260820,300841.SZ,康华生物,09:32:54,疫苗概念,首板
20260820,301166.SZ,优宁维,09:37:54,医药,首板
20260820,600127.SH,金健米业,09:31:06,农业,4连板
20260820,600211.SH,西藏药业,11:29:06,医药,首板
20260820,600250.SH,南京商旅,09:43:17,并购重组,首板
20260820,600327.SH,大东方,11:14:55,民营医院,首板
20260820,600539.SH,狮头股份,09:57:47,并购重组,首板
20260820,600613.SH,神奇制药,09:30:04,医药,6天5板
20260820,600683.SH,京投发展,13:05:55,股权转让,首板
20260820,601118.SH,海南橡胶,10:17:29,橡胶,首板
20260820,601700.SH,风范股份,09:31:41,智能电网,首板
20260820,601877.SH,正泰电器,09:37:32,中报增长,首板
20260820,603016.SH,新宏泰,09:44:02,智能电网,首板
20260820,603036.SH,如通股份,09:33:27,石油石化,首板
20260820,603177.SH,德创环保,09:47:28,环保,首板
20260820,603285.SH,键邦股份,09:37:49,算力,首板
20260820,603376.SH,大明电子,09:40:28,汽车零部件,首板
20260820,603392.SH,万泰生物,09:33:54,疫苗概念,首板
20260820,603519.SH,立霸股份,09:42:00,中报增长,首板
20260820,603578.SH,三星新材,10:20:31,疫苗概念,首板
20260820,603580.SH,艾艾精工,10:30:57,实控人变更,4天3板
20260820,603590.SH,康辰药业,09:30:01,疫苗概念,首板
20260820,603626.SH,科森科技,10:51:49,消费电子,首板
20260820,603637.SH,镇海股份,09:50:37,实控人变更,首板
20260820,603666.SH,亿嘉和,14:55:34,机器人概念,首板
20260820,603716.SH,塞力医疗,09:50:46,医药,首板
20260820,603801.SH,志邦家居,09:31:25,地产链,2连板
20260820,603828.SH,*ST利达,10:09:36,ST板块,首板
20260820,603882.SH,金域医学,09:42:02,医药,首板
20260820,603958.SH,哈森股份,09:42:50,消费电子,4天3板
20260820,603988.SH,中电电机,09:31:38,黄金,首板
20260820,605080.SH,浙江自然,10:41:50,芯片,首板
20260820,605116.SH,奥锐特,09:54:05,医药,首板
20260820,688105.SH,诺唯赞,09:31:02,疫苗概念,首板
20260820,688114.SH,华大智造,09:32:20,医药,首板
20260820,688137.SH,近岸蛋白,09:25:58,疫苗概念,首板
20260820,688185.SH,康希诺,09:25:55,疫苗概念,首板
20260820,688276.SH,百克生物,09:25:41,疫苗概念,首板
20260820,688356.SH,键凯科技,09:25:35,疫苗概念,首板
20260820,688426.SH,康为世纪,09:32:55,医疗器械,首板
20260820,688433.SH,华曙高科,10:42:45,3D打印,首板
20260820,688658.SH,悦康药业,09:25:56,疫苗概念,首板
20260820,920344.BJ,三元基因,09:30:30,医药,首板
20260819,000020.SZ,深华发Ａ,09:30:00,地产链,2连板
20260819,000059.SZ,华锦股份,13:05:51,石油石化,首板
20260819,000505.SZ,京粮控股,09:31:33,农业,3连板
20260819,000526.SZ,学大教育,09:33:24,中报增长,2连板
20260819,000560.SZ,我爱我家,09:33:27,地产链,首板
20260819,000723.SZ,美锦能源,09:35:36,煤炭,首板
20260819,000736.SZ,中交发展,09:33:48,地产链,首板
20260819,001277.SZ,速达股份,09:42:27,煤炭,首板
20260819,001301.SZ,尚太科技,09:31:21,锂电池,首板
20260819,001338.SZ,永顺泰,09:45:15,农业,首板
20260819,001400.SZ,江顺科技,09:54:45,商业航天,首板
20260819,002040.SZ,南京港,11:22:09,石油石化,首板
20260819,002333.SZ,罗普斯金,09:25:00,并购重组,首板
20260819,002412.SZ,汉森制药,09:33:42,医药,首板
20260819,002543.SZ,万和电气,13:51:57,家电,首板
20260819,002667.SZ,*ST威领,09:25:00,ST板块,首板
20260819,002900.SZ,哈三联,09:31:27,医药,首板
20260819,002953.SZ,日丰股份,09:25:00,通信,2连板
20260819,300069.SZ,金利华电,09:59:27,商业航天,首板
20260819,300911.SZ,亿田智能,13:07:54,算力,首板
20260819,301130.SZ,西点药业,09:35:42,医药,4天2板
20260819,301211.SZ,亨迪药业,09:34:36,医药,首板
20260819,600127.SH,金健米业,09:25:38,农业,3连板
20260819,600371.SH,万向德农,09:31:18,农业,2连板
20260819,600403.SH,大有能源,09:48:29,煤炭,首板
20260819,600610.SH,中毅达,10:24:35,化工,首板
20260819,600783.SH,鲁信创投,09:25:50,商业航天,首板
20260819,601011.SH,宝泰隆,09:30:02,煤炭,首板
20260819,601015.SH,陕西黑猫,10:15:31,煤炭,首板
20260819,603102.SH,百合股份,09:32:33,保健品,3天2板
20260819,603113.SH,金能科技,14:12:02,化工,首板
20260819,603290.SH,斯达半导,09:53:13,芯片,首板
20260819,603366.SH,日出东方,11:01:13,家电,首板
20260819,603395.SH,红四方,09:25:53,农业,3连板
20260819,603506.SH,南都物业,09:30:14,地产链,首板
20260819,603801.SH,志邦家居,09:32:38,地产链,首板
20260819,603848.SH,好太太,09:36:16,地产链,首板
20260818,000007.SZ,全新好,13:00:45,地产链,首板
20260818,000019.SZ,深粮控股,10:04:06,农业,首板
20260818,000020.SZ,深华发Ａ,10:17:39,机器人概念,首板
20260818,000153.SZ,丰原药业,09:25:00,实控人变更,首板
20260818,000505.SZ,京粮控股,10:19:33,农业,2连板
20260818,000526.SZ,学大教育,09:25:00,中报增长,首板
20260818,000597.SZ,东北制药,11:24:18,医药,首板
20260818,000620.SZ,盈新发展,09:25:00,芯片,3天2板
20260818,000678.SZ,襄阳轴承,10:38:57,机器人概念,首板
20260818,000713.SZ,国投丰乐,14:56:00,农业,首板
20260818,000716.SZ,黑芝麻,10:17:33,农业,首板
20260818,000735.SZ,罗牛山,09:45:21,农业,2连板
20260818,000852.SZ,石化机械,09:48:06,石油石化,首板
20260818,000998.SZ,隆平高科,14:40:27,农业,首板
20260818,001229.SZ,魅视科技,09:31:09,芯片,2连板
20260818,001366.SZ,播恩集团,09:54:48,农业,首板
20260818,002025.SZ,航天电器,14:35:00,通信,首板
20260818,002041.SZ,登海种业,09:54:06,农业,首板
20260818,002124.SZ,天邦食品,09:35:36,农业,首板
20260818,002284.SZ,亚太股份,09:30:09,中报增长,首板
20260818,002365.SZ,永安药业,09:32:21,医药,首板
20260818,002385.SZ,大北农,14:50:48,农业,首板
20260818,002515.SZ,金字火腿,09:30:03,芯片,首板
20260818,002553.SZ,南方精工,11:06:00,机器人概念,首板
20260818,002638.SZ,勤上股份,09:41:18,LED,首板
20260818,002743.SZ,富煌钢构,09:31:42,基础建设,首板
20260818,002819.SZ,东方中科,14:39:18,操作系统,首板
20260818,002820.SZ,桂发祥,09:25:00,食品饮料,3连板
20260818,002953.SZ,日丰股份,09:25:00,通信,首板
20260818,003043.SZ,华亚智能,13:48:57,芯片,首板
20260818,300189.SZ,神农种业,10:21:03,农业,首板
20260818,300313.SZ,天山生物,09:31:30,农业,2连板
20260818,300598.SZ,诚迈科技,13:52:48,操作系统,首板
20260818,300684.SZ,中石科技,09:33:12,股权转让,3连板
20260818,300970.SZ,华绿生物,09:48:42,农业,首板
20260818,301106.SZ,骏成科技,09:33:30,并购重组,首板
20260818,301129.SZ,瑞纳智能,09:44:12,中报增长,首板
20260818,600108.SH,亚盛集团,09:36:22,农业,首板
20260818,600113.SH,浙江东日,13:36:18,零售,首板
20260818,600127.SH,金健米业,09:30:57,农业,2连板
20260818,600165.SH,ST宁科,09:25:43,ST板块,2连板
20260818,600227.SH,赤天化,09:37:55,化工,首板
20260818,600272.SH,开开实业,14:48:13,医药,9天6板
20260818,600313.SH,农发种业,09:38:08,农业,2连板
20260818,600353.SH,旭光电子,09:33:05,非金属材料,3连板
20260818,600354.SH,敦煌种业,14:25:32,农业,首板
20260818,600359.SH,新农开发,14:26:58,农业,首板
20260818,600367.SH,红星发展,09:33:02,芯片,首板
20260818,600371.SH,万向德农,09:32:12,农业,首板
20260818,600536.SH,中国软件,14:06:01,操作系统,首板
20260818,600598.SH,北大荒,10:22:25,农业,首板
20260818,600613.SH,神奇制药,09:25:38,医药,4连板
20260818,600707.SH,彩虹股份,09:36:27,芯片,首板
20260818,600722.SH,金牛化工,10:00:31,化工,首板
20260818,600737.SH,中粮糖业,13:04:59,农业,首板
20260818,601116.SH,三江购物,09:48:30,零售,首板
20260818,601702.SH,华峰铝业,14:30:01,中报增长,首板
20260818,601952.SH,苏垦农发,14:44:28,农业,首板
20260818,603065.SH,宿迁联盛,09:38:53,芯片,首板
20260818,603071.SH,物产环能,09:35:26,中报增长,首板
20260818,603089.SH,正裕工业,09:25:51,机器人概念,3连板
20260818,603112.SH,华翔股份,13:12:31,机器人概念,首板
20260818,603221.SH,爱丽家居,09:44:49,并购重组,13天12板
20260818,603280.SH,南方路机,10:49:54,基础建设,首板
20260818,603395.SH,红四方,09:30:11,农业,2连板
20260818,603400.SH,华之杰,10:11:14,机器人概念,首板
20260818,603406.SH,天富龙,09:40:34,中报增长,首板
20260818,603580.SH,艾艾精工,09:35:35,实控人变更,2连板
20260818,603708.SH,家家悦,09:32:59,零售,首板
20260818,603739.SH,蔚蓝生物,09:53:55,医药,首板
20260818,603823.SH,百合花,09:35:52,芯片,2连板
20260818,603936.SH,博敏电子,09:31:04,通信,2连板
20260818,603958.SH,哈森股份,09:25:39,消费电子,2连板
20260818,605179.SH,一鸣食品,14:56:59,食品饮料,7天6板
20260818,605268.SH,王力安防,10:31:09,地产链,首板
20260818,605333.SH,沪光股份,13:41:52,机器人概念,首板
20260818,605577.SH,龙版传媒,09:47:13,文化传媒,首板
20260818,688112.SH,鼎阳科技,09:42:14,中报增长,首板
20260818,688152.SH,麒麟信安,14:26:50,操作系统,首板
20260818,920087.BJ,秋乐种业,10:19:47,农业,首板
20260817,000026.SZ,飞亚达,11:03:51,机器人概念,首板
20260817,000029.SZ,深深房Ａ,09:32:00,地产链,首板
20260817,000505.SZ,京粮控股,09:40:21,农业,首板
20260817,000520.SZ,凤凰航运,10:12:18,航运,首板
20260817,000551.SZ,创元科技,13:02:18,芯片,首板
20260817,000564.SZ,供销大集,10:30:51,农业,首板
20260817,000670.SZ,盈方微,10:44:00,芯片,首板
20260817,000735.SZ,罗牛山,09:54:36,农业,首板
20260817,000737.SZ,北方铜业,11:05:45,通信,首板
20260817,000779.SZ,甘咨询,10:07:12,AI应用,首板
20260817,000811.SZ,冰轮环境,13:30:15,算力,首板
20260817,001207.SZ,联科科技,14:11:51,化工,首板
20260817,001229.SZ,魅视科技,10:10:18,芯片,首板
20260817,001318.SZ,阳光乳业,09:39:51,食品饮料,首板
20260817,001356.SZ,富岭股份,10:21:57,包装印刷,首板
20260817,001358.SZ,兴欣新材,11:04:09,芯片,首板
20260817,002028.SZ,思源电气,10:04:54,智能电网,首板
20260817,002081.SZ,金螳螂,09:30:54,芯片,4连板
20260817,002156.SZ,通富微电,11:00:09,芯片,首板
20260817,002165.SZ,红宝丽,09:53:09,化工,首板
20260817,002172.SZ,澳洋健康,09:49:15,脑机接口,4连板
20260817,002229.SZ,鸿博股份,09:41:00,算力,首板
20260817,002258.SZ,利尔化学,13:01:30,农业,首板
20260817,002289.SZ,宇顺电子,13:57:51,算力,首板
20260817,002353.SZ,杰瑞股份,10:56:27,燃气轮机,首板
20260817,002436.SZ,兴森科技,13:33:36,通信,首板
20260817,002437.SZ,誉衡药业,09:57:09,医药,7天5板
20260817,002448.SZ,中原内配,09:58:39,机器人概念,首板
20260817,002469.SZ,三维化学,09:49:33,化工,首板
20260817,002476.SZ,新叶股份,10:04:45,化工,首板
20260817,002478.SZ,常宝股份,13:58:57,燃气轮机,首板
20260817,002578.SZ,闽发铝业,14:35:54,算力,首板
20260817,002581.SZ,*ST未名,13:37:51,ST板块,3天2板
20260817,002651.SZ,利君股份,09:33:30,军工,2连板
20260817,002668.SZ,TCL智家,10:23:06,家电,首板
20260817,002682.SZ,龙洲股份,09:45:03,汽车类,首板
20260817,002742.SZ,冀衡医药,09:50:15,医药,首板
20260817,002787.SZ,华源控股,14:21:54,通信,首板
20260817,002820.SZ,桂发祥,09:25:00,食品饮料,2连板
20260817,002838.SZ,道恩股份,09:46:57,机器人概念,首板
20260817,002863.SZ,今飞凯达,09:30:06,中报增长,首板
20260817,002907.SZ,华森制药,09:32:15,医药,2连板
20260817,003031.SZ,中瓷电子,13:21:27,通信,2连板
20260817,300313.SZ,天山生物,09:48:00,农业,首板
20260817,300314.SZ,戴维医疗,09:44:36,医疗器械,首板
20260817,300345.SZ,华民股份,11:09:27,芯片,首板
20260817,300570.SZ,太辰光,10:35:54,通信,首板
20260817,300679.SZ,电连技术,14:08:18,通信,首板
20260817,300684.SZ,中石科技,09:25:00,股权转让,2连板
20260817,301127.SZ,武汉天源,09:37:51,算力,首板
20260817,301282.SZ,金禄电子,13:38:54,通信,首板
20260817,301516.SZ,中远通,13:01:57,电源,首板
20260817,301626.SZ,苏州天脉,10:42:33,算力,首板
20260817,600127.SH,金健米业,09:30:00,农业,首板
20260817,600165.SH,ST宁科,09:25:41,ST板块,首板
20260817,600172.SH,黄河旋风,09:34:57,金刚石概念,首板
20260817,600206.SH,有研新材,09:45:47,芯片,首板
20260817,600222.SH,太龙药业,09:45:04,医药,首板
20260817,600281.SH,华阳新材,14:21:30,有色金属,首板
20260817,600313.SH,农发种业,09:40:02,农业,首板
20260817,600330.SH,天通股份,10:41:09,通信,首板
20260817,600353.SH,旭光电子,09:30:56,非金属材料,2连板
20260817,600459.SH,贵研铂业,13:05:42,芯片,首板
20260817,600491.SH,ST龙元,13:48:10,ST板块,4天3板
20260817,600545.SH,卓郎智能,09:36:05,通信,首板
20260817,600613.SH,神奇制药,09:30:28,医药,3连板
20260817,600824.SH,益民集团,10:06:08,零售,首板
20260817,600860.SH,京城股份,13:45:10,机器人概念,首板
20260817,600965.SH,*ST福成,09:56:41,ST板块,首板
20260817,601366.SH,利群股份,10:00:05,食品饮料,首板
20260817,601700.SH,风范股份,09:58:04,智能电网,首板
20260817,603002.SH,宏昌电子,09:46:37,通信,首板
20260817,603010.SH,万盛股份,14:53:38,通信,首板
20260817,603011.SH,合锻智能,09:42:41,通信,首板
20260817,603067.SH,振华股份,13:38:21,芯片,首板
20260817,603079.SH,圣达生物,09:30:00,医药,2连板
20260817,603082.SH,北自科技,10:16:49,机器人概念,首板
20260817,603089.SH,正裕工业,09:30:36,机器人概念,2连板
20260817,603095.SH,越剑智能,09:34:48,新型工业化,4天3板
20260817,603102.SH,百合股份,09:32:07,保健品,首板
20260817,603110.SH,东方材料,13:52:07,通信,首板
20260817,603118.SH,共进股份,09:30:22,通信,3连板
20260817,603186.SH,华正新材,09:25:31,通信,2连板
20260817,603285.SH,键邦股份,10:08:32,算力,首板
20260817,603286.SH,日盈电子,13:03:31,机器人概念,首板
20260817,603330.SH,天洋新材,09:25:33,通信,4连板
20260817,603389.SH,亚振家居,09:51:44,金刚石概念,首板
20260817,603395.SH,红四方,09:52:29,农业,首板
20260817,603458.SH,勘设股份,11:14:26,基础建设,首板
20260817,603530.SH,神马电力,14:49:31,智能电网,首板
20260817,603580.SH,艾艾精工,09:51:33,实控人变更,首板
20260817,603657.SH,春光科技,09:36:59,家电,首板
20260817,603703.SH,盛洋科技,11:18:05,通信,首板
20260817,603721.SH,中广天择,10:05:29,AI应用,首板
20260817,603773.SH,沃格光电,09:34:31,芯片,首板
20260817,603790.SH,雅运股份,09:34:04,新材料概念,首板
20260817,603823.SH,百合花,09:37:40,芯片,首板
20260817,603880.SH,南卫股份,10:25:26,股权转让,首板
20260817,603916.SH,苏博特,09:57:17,人工智能,首板
20260817,603929.SH,亚翔集成,09:32:30,芯片,首板
20260817,603936.SH,博敏电子,09:45:38,通信,首板
20260817,603958.SH,哈森股份,09:32:12,消费电子,首板
20260817,605060.SH,联德股份,10:48:51,燃气轮机,首板
20260817,605162.SH,新中港,14:47:39,电力,首板
20260817,605179.SH,一鸣食品,10:28:46,食品饮料,6天5板
20260817,605180.SH,华生科技,13:35:20,元器件,首板
20260817,688003.SH,天准科技,13:00:19,通信,首板
20260817,688378.SH,奥来德,14:42:23,芯片,首板
20260817,688503.SH,聚和材料,11:26:39,芯片,首板
20260817,688677.SH,海泰新光,13:06:27,通信,首板
20260814,000620.SZ,盈新发展,13:34:00,芯片,首板
20260814,000831.SZ,中国稀土,09:53:21,稀土永磁,首板
20260814,000936.SZ,华西股份,09:25:00,芯片,3连板
20260814,000950.SZ,重药控股,09:46:30,医药,首板
20260814,001260.SZ,坤泰股份,09:25:00,汽车零部件,3连板
20260814,002081.SZ,金螳螂,10:16:48,芯片,3连板
20260814,002172.SZ,澳洋健康,09:25:00,脑机接口,3连板
20260814,002322.SZ,理工能科,09:31:30,中报增长,2连板
20260814,002418.SZ,康盛股份,09:31:00,算力,首板
20260814,002628.SZ,成都路桥,14:21:09,基础建设,首板
20260814,002645.SZ,华宏科技,13:56:48,稀土永磁,首板
20260814,002651.SZ,利君股份,09:45:00,军工,首板
20260814,002658.SZ,雪迪龙,10:24:33,芯片,首板
20260814,002724.SZ,海洋王,09:30:00,LED,2连板
20260814,002726.SZ,ST龙大,14:38:12,ST板块,首板
20260814,002766.SZ,索菱股份,13:16:18,智能驾驶,首板
20260814,002774.SZ,快意电梯,09:38:27,AI应用,首板
20260814,002811.SZ,郑中设计,10:22:27,芯片,首板
20260814,002820.SZ,桂发祥,11:07:24,食品饮料,首板
20260814,002907.SZ,华森制药,09:25:00,医药,首板
20260814,002951.SZ,金时科技,09:33:30,元器件,首板
20260814,002988.SZ,豪美新材,14:34:09,机器人概念,首板
20260814,002989.SZ,中天精装,13:56:30,芯片,首板
20260814,003031.SZ,中瓷电子,14:26:30,非金属材料,首板
20260814,300017.SZ,网宿科技,14:14:54,算力,首板
20260814,300120.SZ,经纬辉开,14:53:54,芯片,首板
20260814,300404.SZ,博济医药,09:35:18,医药,2连板
20260814,300684.SZ,中石科技,09:25:00,股权转让,首板
20260814,300862.SZ,蓝盾光电,10:13:57,并购重组,5连板
20260814,300929.SZ,华骐环保,13:12:27,环保,首板
20260814,301130.SZ,西点药业,09:55:48,医药,首板
20260814,301419.SZ,阿莱德,10:31:42,通信,首板
20260814,600186.SH,莲花控股,10:02:56,算力,首板
20260814,600198.SH,大唐电信,09:36:23,芯片,首板
20260814,600272.SH,开开实业,09:44:00,医药,7天5板
20260814,600288.SH,大恒科技,09:41:35,物理AI,首板
20260814,600353.SH,旭光电子,13:39:52,非金属材料,首板
20260814,600487.SH,亨通光电,13:59:06,通信,首板
20260814,600613.SH,神奇制药,09:25:31,医药,2连板
20260814,600645.SH,中源协和,09:30:04,医药,首板
20260814,600769.SH,祥龙电业,13:51:38,水务,首板
20260814,600815.SH,厦工股份,14:20:19,基础建设,首板
20260814,600829.SH,人民同泰,14:42:04,医药,首板
20260814,601609.SH,金田股份,09:47:31,稀土永磁,首板
20260814,603025.SH,大豪科技,09:30:44,中报增长,首板
20260814,603079.SH,圣达生物,10:44:02,医药,首板
20260814,603083.SH,剑桥科技,10:41:11,通信,首板
20260814,603089.SH,正裕工业,10:15:02,机器人概念,首板
20260814,603095.SH,越剑智能,09:35:42,新型工业化,3天2板
20260814,603115.SH,海星股份,14:26:48,元器件,首板
20260814,603118.SH,共进股份,09:32:44,通信,2连板
20260814,603177.SH,德创环保,11:02:01,环保,首板
20260814,603186.SH,华正新材,09:37:30,通信,首板
20260814,603330.SH,天洋新材,09:30:47,通信,3连板
20260814,603382.SH,海阳科技,09:44:38,化工,首板
20260814,603618.SH,杭电股份,10:35:42,通信,首板
20260814,603629.SH,利通电子,14:19:43,算力,首板
20260814,603725.SH,天安新材,09:34:52,机器人概念,首板
20260814,603881.SH,数据港,13:44:20,算力,首板
20260814,603989.SH,艾华集团,09:35:30,元器件,首板
20260814,688286.SH,敏芯股份,13:51:40,传感器,首板
20260814,688485.SH,九州一轨,10:45:58,芯片,首板
20260814,688662.SH,富信科技,10:15:47,通信,首板
20260814,920083.BJ,金戈新材,13:52:54,化工,首板
20260813,000006.SZ,深振业Ａ,13:27:27,地产链,首板
20260813,000593.SZ,德龙汇能,10:42:18,举牌,2连板
20260813,000692.SZ,惠天热电,09:36:54,热力,2连板
20260813,000695.SZ,滨海能源,13:04:15,锂电池,首板
20260813,000802.SZ,北京文化,09:25:00,文化传媒,4连板
20260813,000887.SZ,中鼎股份,09:30:00,人工智能,2连板
20260813,000936.SZ,华西股份,09:30:00,芯片,2连板
20260813,000972.SZ,中基健康,09:42:24,农业,首板
20260813,001260.SZ,坤泰股份,09:25:00,汽车零部件,2连板
20260813,002066.SZ,瑞泰科技,10:30:06,非金属材料,首板
20260813,002081.SZ,金螳螂,09:25:00,地产链,2连板
20260813,002172.SZ,澳洋健康,09:25:00,脑机接口,2连板
20260813,002174.SZ,游族网络,09:31:18,芯片,首板
20260813,002219.SZ,新里程,10:02:45,医药,首板
20260813,002322.SZ,理工能科,09:25:00,中报增长,首板
20260813,002329.SZ,皇氏集团,09:25:00,食品饮料,4连板
20260813,002396.SZ,星网锐捷,10:32:24,通信,首板
20260813,002437.SZ,誉衡药业,09:51:36,医药,5天4板
20260813,002543.SZ,万和电气,13:25:33,热泵,首板
20260813,002575.SZ,群兴玩具,09:25:00,人工智能,首板
20260813,002581.SZ,*ST未名,10:49:54,ST板块,首板
20260813,002644.SZ,佛慈制药,10:36:18,医药,首板
20260813,002706.SZ,良信股份,10:17:48,智能电网,首板
20260813,002724.SZ,海洋王,14:00:48,LED,首板
20260813,002921.SZ,联诚精密,11:21:09,机器人概念,首板
20260813,300333.SZ,兆日科技,09:25:00,实控人变更,2连板
20260813,300404.SZ,博济医药,09:57:33,医药,首板
20260813,300534.SZ,陇神戎发,10:55:15,医药,首板
20260813,300862.SZ,蓝盾光电,09:25:00,并购重组,4连板
20260813,300937.SZ,药易购,11:13:18,医药,首板
20260813,301060.SZ,兰卫医学,13:04:12,医药,首板
20260813,301520.SZ,万邦医药,10:44:45,医药,3天2板
20260813,600491.SH,ST龙元,11:05:05,ST板块,2连板
20260813,600613.SH,神奇制药,10:04:35,医药,首板
20260813,600683.SH,京投发展,09:25:50,股权转让,4连板
20260813,600726.SH,华电能源,09:38:04,绿色电力,首板
20260813,600800.SH,渤海化学,09:31:40,石油石化,首板
20260813,600821.SH,金开新能,09:34:19,绿色电力,首板
20260813,600881.SH,亚泰集团,09:36:26,医药,3连板
20260813,601026.SH,道生天合,10:43:40,次新股,首板
20260813,601579.SH,会稽山,09:55:41,酿酒,首板
20260813,601886.SH,江河集团,10:10:14,地产链,4天3板
20260813,601991.SH,大唐发电,13:45:01,绿色电力,首板
20260813,601999.SH,出版传媒,09:53:07,文化传媒,首板
20260813,603118.SH,共进股份,09:35:18,通信,首板
20260813,603191.SH,望变电气,13:34:02,智能电网,2连板
20260813,603236.SH,移远通信,09:25:44,中报增长,首板
20260813,603261.SH,立航科技,10:01:10,ST摘帽,首板
20260813,603330.SH,天洋新材,10:14:37,通信,2连板
20260813,603466.SH,风语筑,09:48:49,机器人概念,2连板
20260813,603758.SH,秦安股份,09:25:33,机器人概念,5连板
20260813,603887.SH,城地香江,09:25:31,算力,3连板
20260813,603890.SH,春秋电子,13:05:26,端侧AI,首板
20260813,603903.SH,中持股份,13:00:15,芯片,首板
20260813,603912.SH,佳力图,09:35:58,算力,首板
20260813,603956.SH,威派格,09:40:30,通信,首板
20260813,603998.SH,方盛制药,13:27:03,医药,首板
20260813,605179.SH,一鸣食品,09:48:59,食品饮料,4连板
20260813,605286.SH,同力天启,09:25:30,绿色电力,4连板
20260813,688137.SH,近岸蛋白,11:16:37,医药,首板
20260813,688265.SH,南模生物,10:35:26,医药,首板
20260813,688496.SH,*ST清越,14:39:06,ST板块,首板
20260812,000048.SZ,京基智农,09:36:42,算力,首板
20260812,000410.SZ,沈阳机床,09:32:36,新型工业化,首板
20260812,000593.SZ,德龙汇能,09:40:57,举牌,首板
20260812,000665.SZ,湖北广电,09:33:21,算力,首板
20260812,000669.SZ,ST金鸿,10:09:39,ST板块,首板
20260812,000692.SZ,惠天热电,09:59:39,热力,首板
20260812,000715.SZ,中兴商业,13:24:00,零售,首板
20260812,000720.SZ,新能泰山,13:28:24,智能电网,首板
20260812,000736.SZ,中交发展,13:49:39,地产链,首板
20260812,000802.SZ,北京文化,09:25:00,文化传媒,3连板
20260812,000838.SZ,*ST发展,11:06:27,ST板块,首板
20260812,000887.SZ,中鼎股份,09:34:03,算力,首板
20260812,000936.SZ,华西股份,10:44:57,芯片,首板
20260812,001260.SZ,坤泰股份,09:49:03,汽车零部件,首板
20260812,001313.SZ,粤海饲料,13:23:42,饲料,首板
20260812,001696.SZ,宗申动力,11:20:36,低空经济,首板
20260812,002005.SZ,德豪润达,09:52:39,汽车零部件,首板
20260812,002031.SZ,巨轮智能,09:30:30,机器人概念,2连板
20260812,002047.SZ,宝鹰股份,09:32:09,ST摘帽,2连板
20260812,002081.SZ,金螳螂,09:34:54,地产链,首板
20260812,002146.SZ,荣盛发展,09:40:15,地产链,首板
20260812,002164.SZ,宁波东力,10:50:09,机器人概念,首板
20260812,002172.SZ,澳洋健康,11:08:09,脑机接口,首板
20260812,002178.SZ,延华智能,09:41:18,AI应用,首板
20260812,002229.SZ,鸿博股份,09:30:00,算力,2连板
20260812,002244.SZ,滨江集团,13:58:06,地产链,首板
20260812,002248.SZ,华东数控,09:30:21,新型工业化,3连板
20260812,002329.SZ,皇氏集团,09:35:03,食品饮料,3连板
20260812,002357.SZ,富临运业,09:39:27,汽车类,首板
20260812,002379.SZ,宏桥控股,09:55:42,有色金属,首板
20260812,002421.SZ,达实智能,09:40:30,AI应用,首板
20260812,002437.SZ,誉衡药业,09:36:30,医药,4天3板
20260812,002483.SZ,润邦股份,09:25:00,造船,首板
20260812,002491.SZ,通鼎互联,10:10:15,通信,首板
20260812,002520.SZ,日发精机,09:36:24,新型工业化,首板
20260812,002552.SZ,宝鼎科技,10:47:15,通信,9天7板
20260812,002562.SZ,兄弟科技,10:27:18,医药,首板
20260812,002573.SZ,清新环境,14:11:09,机器人概念,首板
20260812,002582.SZ,好想你,13:40:42,食品饮料,首板
20260812,002589.SZ,瑞康医药,13:14:12,医药,4天3板
20260812,002682.SZ,龙洲股份,09:25:00,汽车类,首板
20260812,002792.SZ,通宇通讯,10:51:39,通信,8天5板
20260812,002870.SZ,香山股份,09:49:18,机器人概念,首板
20260812,003032.SZ,传智教育,09:53:30,AI应用,首板
20260812,300197.SZ,节能铁汉,14:27:27,并购重组,首板
20260812,300862.SZ,蓝盾光电,09:25:00,并购重组,3连板
20260812,301315.SZ,威士顿,09:41:57,AI应用,首板
20260812,301602.SZ,超研股份,09:38:27,AI应用,首板
20260812,600105.SH,永鼎股份,10:44:39,芯片,首板
20260812,600162.SH,香江控股,09:33:40,地产链,2连板
20260812,600216.SH,浙江医药,10:25:30,医药,首板
20260812,600234.SH,科新发展,14:15:06,地产链,首板
20260812,600266.SH,城建发展,13:45:21,地产链,首板
20260812,600376.SH,首开股份,14:26:16,地产链,首板
20260812,600379.SH,宝光股份,10:12:34,芯片,首板
20260812,600397.SH,江钨装备,10:05:14,有色金属,首板
20260812,600491.SH,ST龙元,10:42:49,ST板块,首板
20260812,600572.SH,康恩贝,14:33:28,医药,首板
20260812,600602.SH,云赛智联,09:25:51,算力,首板
20260812,600604.SH,市北高新,09:36:03,算力,首板
20260812,600641.SH,先导基电,10:28:59,芯片,4天3板
20260812,600683.SH,京投发展,09:25:49,股权转让,3连板
20260812,600721.SH,百花医药,09:33:45,医药,7连板
20260812,600857.SH,宁波中百,09:51:11,零售,首板
20260812,600881.SH,亚泰集团,13:05:45,医药,2连板
20260812,601155.SH,新城控股,14:04:44,地产链,首板
20260812,601700.SH,风范股份,10:33:53,智能电网,8天6板
20260812,601886.SH,江河集团,09:30:53,地产链,3天2板
20260812,603052.SH,可川科技,11:08:24,芯片,首板
20260812,603076.SH,乐惠国际,09:38:14,酿酒,首板
20260812,603095.SH,越剑智能,14:15:28,新型工业化,首板
20260812,603102.SH,百合股份,09:32:35,保健品,4天2板
20260812,603191.SH,望变电气,09:33:57,智能电网,首板
20260812,603228.SH,景旺电子,14:43:07,通信,首板
20260812,603232.SH,格尔软件,09:39:10,AI应用,首板
20260812,603269.SH,海鸥股份,13:22:42,算力,3天2板
20260812,603277.SH,银都股份,09:41:57,零售,首板
20260812,603289.SH,泰瑞机器,09:49:24,新型工业化,首板
20260812,603330.SH,天洋新材,10:22:31,通信,首板
20260812,603369.SH,今世缘,13:52:54,酿酒,首板
20260812,603396.SH,金辰股份,10:20:11,光伏,首板
20260812,603466.SH,风语筑,09:50:38,机器人概念,首板
20260812,603538.SH,美诺华,09:33:35,医药,首板
20260812,603615.SH,茶花股份,13:59:08,零售,首板
20260812,603690.SH,至纯科技,09:46:28,芯片,首板
20260812,603696.SH,安记食品,13:30:03,食品饮料,首板
20260812,603758.SH,秦安股份,09:25:32,机器人概念,4连板
20260812,603887.SH,城地香江,09:25:42,算力,2连板
20260812,603897.SH,长城科技,14:43:46,机器人概念,2连板
20260812,603922.SH,ST金鸿顺,14:42:32,ST板块,首板
20260812,605179.SH,一鸣食品,10:00:51,食品饮料,3连板
20260812,605286.SH,同力天启,09:25:35,电力,3连板
20260812,605289.SH,罗曼股份,11:01:13,算力,4天2板
20260812,688167.SH,炬光科技,09:50:43,通信,首板
20260812,688635.SH,长进光子,14:28:33,通信,首板
20260812,920856.BJ,浩淼科技,09:56:35,消防,首板
20260811,000779.SZ,甘咨询,14:44:54,AI应用,首板
20260811,000802.SZ,北京文化,09:25:00,文化传媒,2连板
20260811,000859.SZ,国风新材,09:44:30,芯片,2连板
20260811,001258.SZ,立新能源,10:09:09,绿色电力,2连板
20260811,002031.SZ,巨轮智能,13:06:24,机器人概念,首板
20260811,002047.SZ,宝鹰股份,09:39:42,ST摘帽,首板
20260811,002194.SZ,武汉凡谷,10:53:09,通信,4天3板
20260811,002212.SZ,天融信,09:34:03,AI应用,首板
20260811,002229.SZ,鸿博股份,09:50:54,算力,首板
20260811,002235.SZ,安妮股份,13:16:42,版权,首板
20260811,002246.SZ,北化股份,10:46:06,军工,首板
20260811,002248.SZ,华东数控,09:30:00,新型工业化,2连板
20260811,002256.SZ,兆新股份,09:37:54,绿色电力,首板
20260811,002329.SZ,皇氏集团,09:30:09,食品饮料,2连板
20260811,002585.SZ,双星新材,09:32:36,元器件,首板
20260811,002685.SZ,华东重机,09:42:27,芯片,首板
20260811,002687.SZ,乔治白,09:43:18,服装家纺,首板
20260811,002715.SZ,登云股份,11:02:03,黄金,首板
20260811,002721.SZ,金一文化,09:31:33,黄金,首板
20260811,002762.SZ,金发拉比,13:57:57,服装家纺,3天2板
20260811,002859.SZ,洁美科技,09:48:15,并购重组,首板
20260811,002963.SZ,豪尔赛,14:54:15,旅游,首板
20260811,300426.SZ,华智数媒,09:56:15,文化传媒,首板
20260811,300862.SZ,蓝盾光电,09:25:00,并购重组,2连板
20260811,301520.SZ,万邦医药,11:02:33,医药,首板
20260811,301529.SZ,福赛科技,13:34:03,机器人概念,首板
20260811,301550.SZ,斯菱智驱,13:20:09,机器人概念,首板
20260811,600107.SH,*ST尔雅,11:26:24,ST板块,首板
20260811,600126.SH,杭钢股份,09:50:36,人工智能,首板
20260811,600162.SH,香江控股,09:40:30,算力,首板
20260811,600272.SH,开开实业,09:31:09,医药,4连板
20260811,600611.SH,大众交通,09:39:52,智能驾驶,首板
20260811,600664.SH,哈药股份,09:47:04,医药,3连板
20260811,600667.SH,太极实业,10:36:04,芯片,首板
20260811,600683.SH,京投发展,09:25:45,股权转让,2连板
20260811,600715.SH,文投控股,09:44:53,文化传媒,首板
20260811,600721.SH,百花医药,09:25:43,医药,6连板
20260811,600759.SH,ST洲际,14:51:05,ST板块,首板
20260811,600833.SH,第一医药,10:00:29,医药,2连板
20260811,600863.SH,华能蒙电,09:57:34,绿色电力,首板
20260811,600881.SH,亚泰集团,11:06:35,医药,首板
20260811,603009.SH,北特科技,13:06:58,机器人概念,首板
20260811,603012.SH,创力集团,10:49:27,智慧矿山,首板
20260811,603087.SH,甘李药业,09:33:58,医药,首板
20260811,603106.SH,恒银科技,09:52:48,金融概念,首板
20260811,603137.SH,恒尚节能,10:20:52,并购重组,3天2板
20260811,603179.SH,新泉股份,13:13:17,机器人概念,首板
20260811,603188.SH,亚邦股份,09:30:18,化工,2连板
20260811,603284.SH,林平发展,11:21:58,造纸,首板
20260811,603488.SH,展鹏科技,10:39:55,军工,首板
20260811,603655.SH,朗博科技,14:37:29,汽车零部件,3天2板
20260811,603758.SH,秦安股份,09:25:57,机器人概念,3连板
20260811,603797.SH,联泰环保,09:33:38,环保,2连板
20260811,603823.SH,百合花,13:51:23,芯片,7天4板
20260811,603883.SH,老百姓,09:40:18,医药,首板
20260811,603887.SH,城地香江,10:18:29,人工智能,首板
20260811,603897.SH,长城科技,14:07:41,机器人概念,首板
20260811,605179.SH,一鸣食品,09:42:35,食品饮料,2连板
20260811,605286.SH,同力天启,10:03:01,绿色电力,2连板
20260811,605288.SH,凯迪股份,11:16:05,机器人概念,首板
20260810,000026.SZ,飞亚达,14:28:18,机器人概念,首板
20260810,000428.SZ,华天酒店,10:21:24,旅游,首板
20260810,000506.SZ,招金黄金,13:53:39,黄金,2连板
20260810,000537.SZ,绿发电力,09:38:27,电力,首板
20260810,000656.SZ,金科股份,13:43:51,ST摘帽,首板
20260810,000710.SZ,贝瑞基因,09:34:24,AI应用,首板
20260810,000802.SZ,北京文化,09:25:00,文化传媒,首板
20260810,000859.SZ,国风新材,11:06:36,芯片,首板
20260810,000973.SZ,佛塑科技,14:31:24,锂电池,首板
20260810,001222.SZ,源飞宠物,10:21:33,宠物经济,首板
20260810,001258.SZ,立新能源,09:31:42,电力,首板
20260810,001300.SZ,三柏硕,13:13:21,外贸,首板
20260810,001376.SZ,百通能源,13:03:33,电力,首板
20260810,001388.SZ,信通电子,09:25:00,物理AI,首板
20260810,002044.SZ,美年健康,10:15:06,AI应用,首板
20260810,002112.SZ,三变科技,09:34:39,智能电网,首板
20260810,002141.SZ,贤丰控股,09:59:06,通信,首板
20260810,002153.SZ,石基信息,10:05:36,旅游,首板
20260810,002193.SZ,ST如意,11:28:57,ST板块,首板
20260810,002248.SZ,华东数控,10:37:06,新型工业化,首板
20260810,002289.SZ,宇顺电子,10:41:12,算力,首板
20260810,002298.SZ,中电鑫龙,09:32:21,智能电网,首板
20260810,002300.SZ,太阳电缆,09:43:12,智能电网,首板
20260810,002329.SZ,皇氏集团,11:07:15,食品饮料,首板
20260810,002345.SZ,潮宏基,09:57:15,黄金,首板
20260810,002370.SZ,亚太药业,09:37:30,医药,首板
20260810,002388.SZ,新亚制程,10:03:39,锂电池,首板
20260810,002399.SZ,海普瑞,10:03:33,医药,首板
20260810,002437.SZ,誉衡药业,09:30:12,医药,2连板
20260810,002458.SZ,益生股份,09:38:21,农业,首板
20260810,002474.SZ,榕基软件,09:51:42,AI应用,首板
20260810,002541.SZ,鸿路钢构,13:56:57,基础建设,首板
20260810,002552.SZ,宝鼎科技,09:25:00,通信,7天6板
20260810,002580.SZ,圣阳股份,13:47:03,算力,首板
20260810,002589.SZ,瑞康医药,09:41:00,医药,2连板
20260810,002622.SZ,皓宸医疗,10:21:36,民营医院,首板
20260810,002626.SZ,金达威,09:34:03,医药,首板
20260810,002647.SZ,仁东控股,10:19:27,金融概念,首板
20260810,002667.SZ,*ST威领,14:19:48,ST板块,3天2板
20260810,002696.SZ,百洋股份,09:58:33,农业,首板
20260810,002739.SZ,儒意电影,13:09:15,文化传媒,首板
20260810,002748.SZ,世龙实业,10:29:39,锂电池,首板
20260810,002783.SZ,凯龙股份,10:19:18,基础建设,首板
20260810,002827.SZ,高争民爆,09:58:42,股权转让,9天6板
20260810,002828.SZ,贝肯能源,09:47:30,石油石化,首板
20260810,002842.SZ,翔鹭钨业,14:11:09,有色金属,4天2板
20260810,002885.SZ,京泉华,09:30:00,智能电网,首板
20260810,002900.SZ,哈三联,09:30:18,医药,2连板
20260810,002951.SZ,金时科技,09:36:00,元器件,首板
20260810,003043.SZ,华亚智能,14:34:21,芯片,首板
20260810,300862.SZ,蓝盾光电,09:25:00,并购重组,首板
20260810,301051.SZ,信濠光电,13:41:51,储能,首板
20260810,301080.SZ,百普赛斯,09:30:00,医药,2连板
20260810,301357.SZ,北方长龙,14:55:27,军工,首板
20260810,600186.SH,莲花控股,14:26:30,算力,首板
20260810,600192.SH,长城电工,11:28:14,智能电网,首板
20260810,600227.SH,赤天化,09:50:56,化工,首板
20260810,600272.SH,开开实业,09:25:40,医药,3连板
20260810,600316.SH,洪都航空,14:29:41,军工,首板
20260810,600326.SH,西藏天路,10:38:02,基础建设,3天2板
20260810,600327.SH,大东方,11:13:58,零售,首板
20260810,600337.SH,ST美克,11:19:03,ST板块,首板
20260810,600356.SH,恒丰纸业,14:27:13,造纸,首板
20260810,600490.SH,鹏欣资源,09:25:46,有色金属,首板
20260810,600641.SH,先导基电,09:32:43,芯片,2连板
20260810,600664.SH,哈药股份,09:25:56,医药,2连板
20260810,600683.SH,京投发展,09:30:34,并购重组,首板
20260810,600698.SH,湖南天雁,10:06:25,并购重组,首板
20260810,600721.SH,百花医药,09:25:51,医药,5连板
20260810,600722.SH,金牛化工,13:07:12,化工,首板
20260810,600793.SH,宜宾纸业,10:10:09,造纸,首板
20260810,600815.SH,厦工股份,13:56:56,基础建设,首板
20260810,600833.SH,第一医药,09:43:43,医药,首板
20260810,600936.SH,北投科技,14:08:52,基础建设,首板
20260810,600984.SH,建设机械,09:48:50,新型工业化,首板
20260810,601020.SH,华钰矿业,13:39:16,有色金属,首板
20260810,601199.SH,江南水务,10:55:48,水务,首板
20260810,601606.SH,长城军工,09:54:14,军工,首板
20260810,601700.SH,风范股份,09:36:39,智能电网,6天5板
20260810,601886.SH,江河集团,09:55:34,光伏,首板
20260810,603020.SH,爱普股份,13:04:48,食品饮料,首板
20260810,603038.SH,华立股份,09:51:03,AI应用,首板
20260810,603065.SH,宿迁联盛,09:33:45,芯片,首板
20260810,603130.SH,云中马,10:01:50,服装家纺,首板
20260810,603151.SH,邦基科技,10:45:57,农业,首板
20260810,603161.SH,科华控股,10:40:35,汽车零部件,首板
20260810,603162.SH,海通发展,09:53:12,航运,首板
20260810,603188.SH,亚邦股份,13:31:35,化工,首板
20260810,603221.SH,爱丽家居,14:47:09,并购重组,12天11板
20260810,603269.SH,海鸥股份,09:35:48,算力,首板
20260810,603382.SH,海阳科技,09:50:55,化工,首板
20260810,603580.SH,艾艾精工,14:13:20,实控人变更,首板
20260810,603711.SH,香飘飘,10:03:13,食品饮料,首板
20260810,603725.SH,天安新材,11:08:51,机器人概念,首板
20260810,603758.SH,秦安股份,09:31:52,机器人概念,2连板
20260810,603797.SH,联泰环保,09:42:43,环保,首板
20260810,605033.SH,美邦股份,09:41:36,农业,首板
20260810,605128.SH,上海沿浦,13:03:25,机器人概念,首板
20260810,605162.SH,新中港,09:42:05,电力,首板
20260810,605179.SH,一鸣食品,09:59:45,食品饮料,首板
20260810,605286.SH,同力天启,13:23:21,电力,首板
20260810,605336.SH,*ST帅电,09:25:30,ST板块,3天2板
20260810,688073.SH,毕得医药,09:52:46,医药,2连板
20260807,000506.SZ,招金黄金,13:50:45,黄金,首板
20260807,000603.SZ,盛达资源,14:55:06,黄金,3天2板
20260807,000739.SZ,普洛药业,11:22:21,医药,4天2板
20260807,000831.SZ,中国稀土,09:55:39,稀土永磁,首板
20260807,001223.SZ,欧克科技,09:34:09,通信,首板
20260807,001267.SZ,汇绿生态,11:27:15,通信,6天5板
20260807,001296.SZ,长江材料,11:02:06,3D打印,首板
20260807,002037.SZ,保利联合,09:34:00,基础建设,首板
20260807,002194.SZ,武汉凡谷,09:32:06,通信,2连板
20260807,002281.SZ,光迅科技,10:07:27,通信,4天2板
20260807,002428.SZ,云南锗业,10:10:57,芯片,4连板
20260807,002437.SZ,誉衡药业,09:41:06,医药,首板
20260807,002443.SZ,金洲管道,09:32:21,算力,首板
20260807,002552.SZ,宝鼎科技,09:30:00,通信,6天5板
20260807,002589.SZ,瑞康医药,09:51:30,医药,首板
20260807,002631.SZ,德尔未来,11:17:48,石墨化,首板
20260807,002741.SZ,光华科技,13:01:06,通信,首板
20260807,002742.SZ,冀衡医药,09:33:45,医药,首板
20260807,002762.SZ,金发拉比,10:09:03,ST摘帽,首板
20260807,002792.SZ,通宇通讯,09:25:59,通信,5天4板
20260807,002821.SZ,凯莱英,10:18:06,医药,4天2板
20260807,002900.SZ,哈三联,09:48:54,医药,首板
20260807,002913.SZ,奥士康,10:49:06,通信,4天2板
20260807,002943.SZ,宇晶股份,13:32:36,芯片,首板
20260807,002971.SZ,和远气体,09:31:03,芯片,3连板
20260807,300363.SZ,博腾股份,13:22:51,医药,首板
20260807,300916.SZ,朗特智能,13:28:03,通信,首板
20260807,300986.SZ,志特新材,11:13:57,人工智能,首板
20260807,301008.SZ,宏昌科技,09:25:59,并购重组,首板
20260807,301047.SZ,义翘神州,13:02:15,医药,4天2板
20260807,301080.SZ,百普赛斯,10:36:42,医药,首板
20260807,301230.SZ,泓博医药,14:35:27,医药,首板
20260807,301234.SZ,五洲医疗,14:56:33,并购重组,首板
20260807,301366.SZ,一博科技,09:57:48,通信,首板
20260807,600110.SH,诺德股份,10:09:11,通信,首板
20260807,600183.SH,生益科技,10:20:35,通信,4天2板
20260807,600206.SH,有研新材,10:00:37,芯片,3连板
20260807,600267.SH,海正药业,09:37:48,医药,首板
20260807,600272.SH,开开实业,09:39:16,医药,2连板
20260807,600449.SH,宁夏建材,14:26:49,算力,首板
20260807,600500.SH,中化国际,10:31:58,通信,首板
20260807,600601.SH,方正科技,10:20:22,通信,2连板
20260807,600641.SH,先导基电,10:50:32,芯片,首板
20260807,600651.SH,飞乐音响,10:48:33,芯片,首板
20260807,600664.SH,哈药股份,09:33:28,医药,首板
20260807,600721.SH,百花医药,09:31:00,医药,4连板
20260807,600744.SH,华银电力,14:47:15,电力,首板
20260807,601208.SH,东材科技,13:17:46,通信,4天3板
20260807,601865.SH,福莱特,09:57:38,并购重组,首板
20260807,603011.SH,合锻智能,13:03:45,通信,首板
20260807,603102.SH,百合股份,13:44:43,保健品,首板
20260807,603124.SH,江南新材,13:03:08,算力,4天2板
20260807,603127.SH,昭衍新药,14:07:29,医药,首板
20260807,603137.SH,恒尚节能,09:36:01,并购重组,首板
20260807,603186.SH,华正新材,10:16:13,通信,4天3板
20260807,603228.SH,景旺电子,09:31:07,通信,2连板
20260807,603328.SH,依顿电子,09:30:50,通信,首板
20260807,603459.SH,红板科技,09:39:18,通信,4天2板
20260807,603567.SH,珍宝岛,09:42:03,医药,4天2板
20260807,603655.SH,朗博科技,09:43:14,汽车零部件,首板
20260807,603660.SH,苏州科达,10:12:49,AI应用,首板
20260807,603757.SH,大元泵业,09:35:43,实控人变更,4天2板
20260807,603758.SH,秦安股份,09:45:14,机器人概念,首板
20260807,603773.SH,沃格光电,09:31:10,芯片,4连板
20260807,603936.SH,博敏电子,10:16:05,通信,4天2板
20260807,605287.SH,德才股份,14:42:39,AI应用,6天3板
20260807,605289.SH,罗曼股份,14:31:44,算力,首板
20260807,688020.SH,方邦股份,10:11:33,通信,首板
20260807,688046.SH,药康生物,10:05:37,医药,首板
20260807,688073.SH,毕得医药,10:49:02,医药,首板
20260807,688137.SH,近岸蛋白,11:26:55,医药,首板
20260807,688265.SH,南模生物,10:57:15,医药,首板
20260807,688419.SH,耐科装备,13:02:29,芯片,首板
20260807,688693.SH,锴威特,09:25:44,并购重组,2连板
20260806,000692.SZ,惠天热电,09:30:45,热力,首板
20260806,000720.SZ,新能泰山,09:34:00,智能电网,首板
20260806,000839.SZ,国安股份,13:43:54,AI应用,首板
20260806,000908.SZ,石药景峰,11:05:18,医药,首板
20260806,001267.SZ,汇绿生态,13:06:45,通信,5天4板
20260806,001378.SZ,德冠新材,10:51:03,化工,首板
20260806,002052.SZ,同洲电子,13:52:30,电源,首板
20260806,002104.SZ,恒宝股份,09:36:15,数字货币,首板
20260806,002180.SZ,奔图科技,09:25:00,打印机,首板
20260806,002194.SZ,武汉凡谷,09:42:42,通信,首板
20260806,002212.SZ,天融信,09:39:21,AI应用,首板
20260806,002214.SZ,大立科技,09:25:00,ST摘帽,2连板
20260806,002302.SZ,西部建设,09:46:39,基础建设,首板
20260806,002369.SZ,卓翼科技,09:33:09,消费电子,首板
20260806,002376.SZ,新北洋,09:30:00,打印机,首板
20260806,002407.SZ,多氟多,14:50:33,化工,首板
20260806,002425.SZ,凯撒文化,09:25:00,游戏,3连板
20260806,002428.SZ,云南锗业,09:30:30,芯片,3连板
20260806,002485.SZ,ST雪发,14:00:06,ST板块,首板
20260806,002552.SZ,宝鼎科技,09:30:54,通信,5天4板
20260806,002649.SZ,博彦科技,09:31:39,AI应用,2连板
20260806,002667.SZ,*ST威领,13:52:21,ST板块,首板
20260806,002686.SZ,亿利达,10:17:27,实控人变更,首板
20260806,002721.SZ,金一文化,09:25:00,黄金,2连板
20260806,002759.SZ,ST天际,13:42:00,ST板块,首板
20260806,002792.SZ,通宇通讯,09:32:12,通信,4天3板
20260806,002826.SZ,易明医药,10:47:39,医药,首板
20260806,002827.SZ,高争民爆,09:32:27,股权转让,7天5板
20260806,002915.SZ,中欣氟材,13:35:09,化工,首板
20260806,002963.SZ,豪尔赛,09:30:03,旅游,5连板
20260806,002971.SZ,和远气体,10:43:00,芯片,2连板
20260806,002973.SZ,侨银股份,10:02:36,电力,首板
20260806,002975.SZ,博杰股份,10:00:39,芯片,3连板
20260806,003029.SZ,吉大正元,13:46:03,AI应用,首板
20260806,003036.SZ,泰坦股份,10:53:42,通信,5天3板
20260806,003040.SZ,楚天龙,09:37:51,数字货币,首板
20260806,300311.SZ,任子行,13:47:03,AI应用,首板
20260806,300386.SZ,飞天诚信,09:34:27,金融概念,首板
20260806,300540.SZ,蜀道装备,13:07:57,芯片,首板
20260806,300615.SZ,欣天科技,09:30:45,实控人变更,4连板
20260806,300711.SZ,广哈通信,09:50:36,通信,首板
20260806,300903.SZ,科翔股份,10:19:51,通信,首板
20260806,301251.SZ,威尔高,13:02:48,通信,首板
20260806,600127.SH,金健米业,11:26:29,农业,首板
20260806,600156.SH,华升股份,09:31:56,算力,首板
20260806,600188.SH,兖矿能源,13:56:44,煤炭,首板
20260806,600206.SH,有研新材,09:51:11,芯片,2连板
20260806,600262.SH,北方股份,09:42:38,智能驾驶,首板
20260806,600272.SH,开开实业,11:21:59,医药,首板
20260806,600326.SH,西藏天路,09:43:06,基础建设,首板
20260806,600330.SH,天通股份,14:34:08,通信,3天2板
20260806,600397.SH,江钨装备,09:30:03,有色金属,3连板
20260806,600403.SH,大有能源,11:27:14,煤炭,首板
20260806,600584.SH,长电科技,10:48:14,芯片,首板
20260806,600601.SH,方正科技,10:09:31,通信,首板
20260806,600665.SH,天地源,10:44:24,地产链,首板
20260806,600721.SH,百花医药,09:30:28,医药,3连板
20260806,600758.SH,辽宁能源,13:57:06,煤炭,首板
20260806,600829.SH,人民同泰,11:01:37,医药,首板
20260806,600892.SH,大晟文化,09:25:40,AI应用,3连板
20260806,600985.SH,淮北矿业,13:52:36,煤炭,首板
20260806,601101.SH,昊华能源,09:44:41,煤炭,首板
20260806,601666.SH,平煤股份,13:52:32,煤炭,首板
20260806,601678.SH,滨化股份,09:55:31,化工,首板
20260806,601699.SH,潞安环能,14:09:21,煤炭,首板
20260806,601700.SH,风范股份,09:30:25,智能电网,4连板
20260806,603039.SH,泛微网络,09:35:35,AI应用,首板
20260806,603078.SH,江化微,10:19:56,实控人变更,2连板
20260806,603106.SH,恒银科技,10:08:24,金融概念,5天4板
20260806,603122.SH,合富中国,11:07:30,医药,首板
20260806,603123.SH,翠微股份,09:45:24,数字货币,首板
20260806,603221.SH,爱丽家居,09:25:51,并购重组,10连板
20260806,603228.SH,景旺电子,09:43:44,通信,首板
20260806,603285.SH,键邦股份,09:43:34,算力,首板
20260806,603421.SH,鼎信通讯,10:37:32,智能电网,首板
20260806,603738.SH,泰晶科技,14:53:23,通信,5天3板
20260806,603773.SH,沃格光电,09:48:39,芯片,3连板
20260806,603823.SH,百合花,09:36:09,芯片,4天3板
20260806,603988.SH,中电电机,09:31:24,黄金,2连板
20260806,605336.SH,*ST帅电,14:05:03,ST板块,首板
20260806,605366.SH,宏柏新材,10:26:50,通信,首板
20260806,688549.SH,中巨芯,10:54:48,芯片,2连板
20260806,688693.SH,锴威特,09:25:42,并购重组,首板
20260805,000056.SZ,*ST皇庭,13:38:24,ST板块,首板
20260805,000510.SZ,新金路,09:40:18,有色金属,2连板
20260805,000593.SZ,德龙汇能,09:25:00,举牌,4连板
20260805,000603.SZ,盛达资源,10:18:00,有色金属,首板
20260805,000657.SZ,中钨高新,11:16:21,有色金属,首板
20260805,000712.SZ,锦龙股份,10:21:06,证券,首板
20260805,000751.SZ,锌业股份,09:51:18,有色金属,首板
20260805,000811.SZ,冰轮环境,10:48:36,算力,2连板
20260805,000962.SZ,东方钽业,09:56:39,有色金属,2连板
20260805,000981.SZ,山子高科,09:42:06,汽车零部件,首板
20260805,001210.SZ,金房能源,09:32:36,并购重组,首板
20260805,001225.SZ,和泰机电,09:35:51,新型工业化,首板
20260805,001267.SZ,汇绿生态,09:42:00,通信,4天3板
20260805,001337.SZ,四川黄金,10:25:03,黄金,首板
20260805,001359.SZ,平安电工,11:14:27,通信,4天2板
20260805,002036.SZ,联创电子,09:32:24,无人驾驶,首板
20260805,002080.SZ,中材科技,13:02:09,通信,2连板
20260805,002119.SZ,康强电子,10:46:45,芯片,首板
20260805,002182.SZ,宝武镁业,09:53:18,有色金属,首板
20260805,002213.SZ,大为股份,09:46:09,芯片,首板
20260805,002214.SZ,大立科技,09:25:00,ST摘帽,首板
20260805,002222.SZ,福晶科技,13:05:03,通信,首板
20260805,002346.SZ,柘中股份,10:36:12,智能电网,4天2板
20260805,002348.SZ,高乐股份,09:25:00,算力,2连板
20260805,002355.SZ,兴民智通,09:30:03,无人驾驶,首板
20260805,002396.SZ,星网锐捷,09:42:15,通信,首板
20260805,002425.SZ,凯撒文化,09:25:00,游戏,2连板
20260805,002428.SZ,云南锗业,09:30:00,芯片,2连板
20260805,002491.SZ,通鼎互联,11:14:33,通信,首板
20260805,002552.SZ,宝鼎科技,11:24:21,通信,4天3板
20260805,002579.SZ,中京电子,09:32:12,通信,2连板
20260805,002607.SZ,中公教育,10:11:33,AI应用,首板
20260805,002636.SZ,金安国纪,13:04:12,通信,首板
20260805,002649.SZ,博彦科技,09:36:51,AI应用,首板
20260805,002655.SZ,共达电声,10:50:21,金刚石概念,2连板
20260805,002674.SZ,兴业科技,10:35:57,芯片,2连板
20260805,002703.SZ,浙江世宝,09:25:00,无人驾驶,首板
20260805,002721.SZ,金一文化,10:28:33,黄金,首板
20260805,002734.SZ,利民股份,10:32:54,农业,首板
20260805,002766.SZ,索菱股份,09:25:00,无人驾驶,首板
20260805,002842.SZ,翔鹭钨业,10:29:15,有色金属,首板
20260805,002908.SZ,德生科技,10:03:12,AI应用,首板
20260805,002957.SZ,科瑞技术,09:35:21,通信,4天3板
20260805,002963.SZ,豪尔赛,09:31:21,旅游,4连板
20260805,002971.SZ,和远气体,10:38:33,芯片,首板
20260805,002975.SZ,博杰股份,09:31:06,芯片,2连板
20260805,002980.SZ,华盛昌,13:09:06,通信,2连板
20260805,002990.SZ,盛视科技,09:30:12,算力,2连板
20260805,002992.SZ,宝明科技,13:00:15,通信,首板
20260805,003018.SZ,金富科技,10:53:24,算力,4天3板
20260805,003032.SZ,传智教育,09:30:48,AI应用,8连板
20260805,300248.SZ,新开普,09:50:15,AI应用,首板
20260805,300552.SZ,万集科技,09:30:33,无人驾驶,首板
20260805,300615.SZ,欣天科技,09:25:00,实控人变更,3连板
20260805,300686.SZ,智动力,09:36:03,通信,首板
20260805,301026.SZ,浩通科技,10:30:24,有色金属,首板
20260805,301045.SZ,天禄科技,10:05:06,面板,首板
20260805,600078.SH,澄星股份,14:51:57,化工,首板
20260805,600130.SH,波导股份,09:47:17,汽车零部件,首板
20260805,600172.SH,黄河旋风,11:09:14,金刚石概念,首板
20260805,600206.SH,有研新材,09:46:32,芯片,首板
20260805,600367.SH,红星发展,10:28:24,芯片,首板
20260805,600397.SH,江钨装备,13:59:34,有色金属,2连板
20260805,600556.SH,天下秀,10:20:33,AI应用,首板
20260805,600611.SH,大众交通,09:30:02,无人驾驶,首板
20260805,600629.SH,华建集团,10:41:40,国有企业,首板
20260805,600721.SH,百花医药,09:25:49,医药,2连板
20260805,600892.SH,大晟文化,09:30:51,AI应用,2连板
20260805,601208.SH,东材科技,10:50:03,通信,2连板
20260805,601231.SH,环旭电子,09:53:20,通信,首板
20260805,601700.SH,风范股份,09:25:34,智能电网,3连板
20260805,601869.SH,长飞光纤,13:00:27,通信,首板
20260805,603004.SH,鼎龙科技,09:45:53,化工,首板
20260805,603045.SH,福达合金,10:58:10,有色金属,首板
20260805,603061.SH,金海通,09:36:41,芯片,2连板
20260805,603078.SH,江化微,09:41:01,实控人变更,首板
20260805,603115.SH,海星股份,09:46:54,元器件,4天3板
20260805,603125.SH,常青科技,13:00:34,芯片,首板
20260805,603186.SH,华正新材,10:04:15,通信,2连板
20260805,603201.SH,常润股份,09:32:52,汽车零部件,首板
20260805,603206.SH,嘉环科技,09:42:40,算力,首板
20260805,603256.SH,宏和科技,13:11:34,通信,首板
20260805,603268.SH,松发股份,13:10:21,ST摘帽,首板
20260805,603297.SH,永新光学,10:01:47,芯片,首板
20260805,603306.SH,华懋科技,11:24:31,通信,2连板
20260805,603335.SH,迪生力,13:05:35,芯片,首板
20260805,603618.SH,杭电股份,13:01:42,通信,首板
20260805,603626.SH,科森科技,13:00:25,机器人概念,首板
20260805,603629.SH,利通电子,09:33:10,算力,4天3板
20260805,603657.SH,春光科技,10:09:45,机器人概念,首板
20260805,603663.SH,三祥新材,11:00:20,有色金属,首板
20260805,603773.SH,沃格光电,09:36:23,芯片,2连板
20260805,603823.SH,百合花,09:41:14,芯片,3天2板
20260805,603826.SH,坤彩科技,09:42:52,化工,首板
20260805,603928.SH,兴业股份,09:46:18,芯片,首板
20260805,603979.SH,金诚信,13:54:38,有色金属,首板
20260805,603988.SH,中电电机,14:29:00,黄金,首板
20260805,603995.SH,甬金股份,13:00:47,有色金属,首板
20260805,605178.SH,时空科技,09:36:50,芯片,4天2板
20260805,605376.SH,博迁新材,09:56:53,有色金属,首板
20260805,688549.SH,中巨芯,11:03:27,芯片,首板
20260805,688596.SH,正帆科技,10:06:25,芯片,首板
20260805,688600.SH,皖仪科技,11:16:38,算力,首板
20260805,920117.BJ,龙鑫智能,11:17:07,锂电池,首板
20260804,000048.SZ,京基智农,09:35:57,算力,3天2板
20260804,000510.SZ,新金路,09:50:09,有色金属,首板
20260804,000533.SZ,顺钠股份,10:09:48,核电,2连板
20260804,000593.SZ,德龙汇能,09:25:00,举牌,3连板
20260804,000595.SZ,新能股份,09:30:12,电力,3连板
20260804,000609.SZ,*ST中迪,09:44:36,ST板块,首板
20260804,000710.SZ,贝瑞基因,10:04:48,AI应用,首板
20260804,000739.SZ,普洛药业,09:37:18,医药,首板
20260804,000811.SZ,冰轮环境,10:19:51,算力,首板
20260804,000815.SZ,美利云,09:30:27,算力,3连板
20260804,000820.SZ,神雾节能,14:36:03,ST摘帽,4连板
20260804,000892.SZ,欢瑞世纪,13:46:24,虚拟人,5天3板
20260804,000962.SZ,东方钽业,10:45:12,元器件,首板
20260804,001229.SZ,魅视科技,10:45:39,物理AI,2连板
20260804,001266.SZ,宏英智能,10:43:09,算力,首板
20260804,001267.SZ,汇绿生态,11:18:30,通信,3天2板
20260804,001326.SZ,联域股份,11:29:45,LED,首板
20260804,001331.SZ,胜通能源,09:50:18,机器人概念,2连板
20260804,001339.SZ,智微智能,11:26:36,算力,首板
20260804,001388.SZ,信通电子,09:35:57,算力,首板
20260804,002080.SZ,中材科技,13:15:03,通信,首板
20260804,002173.SZ,创新医疗,09:47:15,脑机接口,首板
20260804,002199.SZ,东晶电子,13:32:27,ST摘帽,首板
20260804,002281.SZ,光迅科技,13:26:36,通信,首板
20260804,002289.SZ,宇顺电子,10:58:15,算力,首板
20260804,002291.SZ,遥望科技,13:26:45,虚拟人,首板
20260804,002303.SZ,美盈森,10:27:27,包装印刷,首板
20260804,002348.SZ,高乐股份,09:25:00,算力,首板
20260804,002354.SZ,天娱数科,13:46:51,虚拟人,3连板
20260804,002361.SZ,神剑股份,10:25:33,商业航天,2连板
20260804,002364.SZ,中恒电气,13:25:39,算力,首板
20260804,002384.SZ,东山精密,09:50:30,通信,首板
20260804,002421.SZ,达实智能,09:52:18,AI应用,2连板
20260804,002425.SZ,凯撒文化,09:38:36,游戏,首板
20260804,002428.SZ,云南锗业,09:39:45,芯片,首板
20260804,002463.SZ,沪电股份,13:53:51,通信,首板
20260804,002484.SZ,江海股份,13:05:57,元器件,首板
20260804,002501.SZ,*ST利源,14:38:42,ST板块,首板
20260804,002536.SZ,飞龙股份,10:38:06,算力,首板
20260804,002552.SZ,宝鼎科技,10:47:24,通信,3天2板
20260804,002579.SZ,中京电子,09:47:45,通信,首板
20260804,002655.SZ,共达电声,09:53:18,金刚石概念,首板
20260804,002659.SZ,凯文教育,09:43:15,AI应用,3天2板
20260804,002674.SZ,兴业科技,09:56:24,芯片,首板
20260804,002693.SZ,双成药业,09:34:45,医药,首板
20260804,002779.SZ,中坚科技,11:28:54,机器人概念,首板
20260804,002792.SZ,通宇通讯,09:38:15,商业航天,2连板
20260804,002793.SZ,罗欣药业,09:36:36,医药,首板
20260804,002796.SZ,世嘉科技,09:33:09,通信,首板
20260804,002821.SZ,凯莱英,09:32:45,医药,首板
20260804,002900.SZ,哈三联,09:31:30,医药,首板
20260804,002912.SZ,中新赛克,11:09:27,AI应用,首板
20260804,002913.SZ,奥士康,13:33:03,通信,首板
20260804,002916.SZ,深南电路,13:01:00,通信,首板
20260804,002921.SZ,联诚精密,09:47:48,机器人概念,首板
20260804,002929.SZ,润建股份,10:56:33,算力,3天2板
20260804,002938.SZ,鹏鼎控股,13:37:06,通信,首板
20260804,002957.SZ,科瑞技术,14:00:51,通信,3天2板
20260804,002963.SZ,豪尔赛,09:34:09,旅游,3连板
20260804,002975.SZ,博杰股份,10:40:06,芯片,首板
20260804,002980.SZ,华盛昌,10:38:42,通信,首板
20260804,002989.SZ,中天精装,10:27:33,芯片,首板
20260804,002990.SZ,盛视科技,09:52:06,算力,首板
20260804,003018.SZ,金富科技,10:38:39,算力,3天2板
20260804,003031.SZ,中瓷电子,14:00:39,非金属材料,首板
20260804,003032.SZ,传智教育,09:30:06,AI应用,7连板
20260804,003036.SZ,泰坦股份,10:47:30,通信,3天2板
20260804,300052.SZ,中青宝,10:52:24,算力,首板
20260804,300209.SZ,行云科技,09:51:15,算力,首板
20260804,300270.SZ,中威电子,13:39:12,算力,首板
20260804,300489.SZ,光智科技,13:39:30,有色金属,首板
20260804,300592.SZ,华凯易佰,13:21:21,AI应用,首板
20260804,300615.SZ,欣天科技,09:25:00,实控人变更,2连板
20260804,300620.SZ,光库科技,13:03:42,通信,首板
20260804,300720.SZ,海川智能,10:53:12,芯片,3天2板
20260804,301047.SZ,义翘神州,10:30:15,医药,首板
20260804,301227.SZ,森鹰窗业,13:28:00,地产链,首板
20260804,301270.SZ,汉仪股份,10:08:30,AI应用,首板
20260804,301396.SZ,宏景科技,11:10:03,算力,3天2板
20260804,600105.SH,永鼎股份,10:45:19,芯片,首板
20260804,600183.SH,生益科技,11:28:27,通信,首板
20260804,600186.SH,莲花控股,11:19:50,算力,首板
20260804,600228.SH,返利科技,10:12:06,AI应用,首板
20260804,600330.SH,天通股份,11:24:27,通信,首板
20260804,600353.SH,旭光电子,13:30:16,非金属材料,首板
20260804,600378.SH,昊华科技,13:23:58,芯片,首板
20260804,600379.SH,宝光股份,09:37:14,芯片,首板
20260804,600397.SH,江钨装备,13:48:39,有色金属,首板
20260804,600410.SH,华胜天成,09:40:50,算力,首板
20260804,600666.SH,奥瑞德,09:37:32,算力,首板
20260804,600673.SH,东阳光,13:54:29,算力,3天2板
20260804,600712.SH,南宁百货,11:05:58,零售,4天2板
20260804,600721.SH,百花医药,09:25:49,医药,首板
20260804,600892.SH,大晟文化,10:14:11,AI应用,首板
20260804,601126.SH,四方股份,10:39:15,智能电网,首板
20260804,601208.SH,东材科技,11:29:27,通信,首板
20260804,601700.SH,风范股份,09:35:22,智能电网,2连板
20260804,601858.SH,中国科传,10:03:45,文化传媒,5天3板
20260804,603058.SH,永吉股份,10:15:11,AI应用,首板
20260804,603061.SH,金海通,10:36:16,芯片,首板
20260804,603083.SH,剑桥科技,13:21:00,通信,首板
20260804,603106.SH,恒银科技,09:25:54,AI应用,3连板
20260804,603115.SH,海星股份,10:47:02,元器件,3天2板
20260804,603124.SH,江南新材,13:28:28,通信,首板
20260804,603163.SH,圣晖集成,13:22:26,芯片,首板
20260804,603186.SH,华正新材,13:00:11,通信,首板
20260804,603203.SH,快克智能,13:00:16,芯片,首板
20260804,603222.SH,济民健康,09:34:26,医药,2连板
20260804,603259.SH,药明康德,09:34:15,医药,首板
20260804,603269.SH,海鸥股份,13:24:10,算力,首板
20260804,603306.SH,华懋科技,10:49:12,通信,首板
20260804,603358.SH,华达科技,11:22:49,机器人概念,首板
20260804,603373.SH,安邦护卫,13:02:34,AI应用,首板
20260804,603400.SH,华之杰,13:19:53,机器人概念,首板
20260804,603435.SH,嘉德利,13:01:42,元器件,首板
20260804,603459.SH,红板科技,13:01:23,通信,首板
20260804,603466.SH,风语筑,14:03:51,机器人概念,3天2板
20260804,603559.SH,中通国脉,10:55:47,算力,首板
20260804,603567.SH,珍宝岛,10:00:51,医药,首板
20260804,603580.SH,艾艾精工,10:08:15,实控人变更,首板
20260804,603629.SH,利通电子,09:31:30,算力,3天2板
20260804,603661.SH,恒林股份,13:03:14,芯片,首板
20260804,603738.SH,泰晶科技,13:34:08,通信,3天2板
20260804,603757.SH,大元泵业,11:28:31,算力,首板
20260804,603773.SH,沃格光电,09:57:25,芯片,首板
20260804,603800.SH,洪田股份,14:47:38,通信,首板
20260804,603912.SH,佳力图,09:40:29,算力,首板
20260804,603931.SH,格林达,13:11:26,芯片,首板
20260804,603936.SH,博敏电子,13:53:39,通信,首板
20260804,603938.SH,三孚股份,11:28:13,芯片,首板
20260804,603990.SH,麦迪科技,13:02:56,机器人概念,首板
20260804,605068.SH,明新旭腾,14:09:54,汽车零部件,首板
20260804,605167.SH,利柏特,09:25:37,核电,2连板
20260804,605287.SH,德才股份,11:26:53,AI应用,3天2板
20260804,605303.SH,园林股份,13:42:16,芯片,首板
20260804,605589.SH,圣泉集团,13:03:03,通信,首板
20260804,688316.SH,青云科技,09:33:54,算力,首板
20260804,688661.SH,和林微纳,14:10:04,芯片,首板
20260804,688808.SH,联讯仪器,14:11:21,通信,首板
20260804,920092.BJ,汉鑫科技,11:28:51,算力,首板
20260803,000037.SZ,深南电A,09:58:00,电力,首板
20260803,000533.SZ,顺钠股份,10:07:09,核电,首板
20260803,000571.SZ,新大洲A,13:06:57,煤炭,首板
20260803,000593.SZ,德龙汇能,09:25:00,举牌,2连板
20260803,000595.SZ,新能股份,09:43:36,电力,2连板
20260803,000608.SZ,阳光股份,10:58:51,人工智能,首板
20260803,000815.SZ,美利云,09:33:51,算力,2连板
20260803,000820.SZ,神雾节能,09:34:24,ST摘帽,3连板
20260803,000967.SZ,盈峰环境,09:32:45,算力,2连板
20260803,001208.SZ,华菱线缆,09:44:18,智能电网,首板
20260803,001223.SZ,欧克科技,13:00:18,通信,2连板
20260803,001229.SZ,魅视科技,09:32:30,物理AI,首板
20260803,001331.SZ,胜通能源,09:38:30,机器人概念,首板
20260803,002012.SZ,凯恩股份,13:34:24,造纸,首板
20260803,002058.SZ,威尔泰,09:35:18,ST摘帽,首板
20260803,002075.SZ,沙钢股份,10:39:48,钢铁,首板
20260803,002131.SZ,利欧股份,10:08:57,AI应用,2连板
20260803,002176.SZ,江特电机,09:50:33,机器人概念,首板
20260803,002354.SZ,天娱数科,09:25:00,机器人概念,2连板
20260803,002361.SZ,神剑股份,10:05:36,商业航天,首板
20260803,002366.SZ,融发核电,09:39:30,核电,首板
20260803,002421.SZ,达实智能,09:31:15,AI应用,首板
20260803,002438.SZ,江苏神通,09:39:18,核电,首板
20260803,002514.SZ,*ST宝馨,14:35:21,ST板块,首板
20260803,002620.SZ,*ST瑞和,10:53:30,ST板块,首板
20260803,002681.SZ,奋达科技,10:31:45,机器人概念,首板
20260803,002695.SZ,煌上煌,13:05:12,食品饮料,首板
20260803,002792.SZ,通宇通讯,10:36:12,商业航天,首板
20260803,002803.SZ,吉宏股份,09:42:45,AI应用,首板
20260803,002827.SZ,高争民爆,09:30:24,实控人变更,4连板
20260803,002856.SZ,*ST美芝,14:51:30,ST板块,首板
20260803,002879.SZ,长缆科技,09:53:36,核电,首板
20260803,002896.SZ,中大力德,09:31:09,机器人概念,2连板
20260803,002902.SZ,铭普光磁,11:24:21,通信,首板
20260803,002963.SZ,豪尔赛,09:33:42,旅游,2连板
20260803,003001.SZ,中岩大地,09:30:24,核电,4天3板
20260803,003032.SZ,传智教育,09:25:00,AI应用,6连板
20260803,300305.SZ,裕兴股份,10:44:33,元器件,首板
20260803,300613.SZ,富瀚微,09:30:00,中报增长,首板
20260803,300615.SZ,欣天科技,09:25:00,实控人变更,首板
20260803,301082.SZ,久盛电气,10:21:42,核电,首板
20260803,301139.SZ,*ST元道,13:37:09,ST板块,5天3板
20260803,301182.SZ,凯旺科技,09:31:45,机器人概念,首板
20260803,301596.SZ,瑞迪智驱,09:36:45,机器人概念,首板
20260803,600192.SH,长城电工,13:18:19,核电,首板
20260803,600238.SH,ST椰岛,09:41:06,ST板块,首板
20260803,600396.SH,华电辽能,10:20:23,电力,首板
20260803,600438.SH,通威股份,13:52:26,光伏,首板
20260803,600468.SH,百利电气,09:49:03,核电,首板
20260803,600540.SH,新赛股份,09:55:55,农业,首板
20260803,600644.SH,乐山电力,14:06:11,电力,首板
20260803,600793.SH,宜宾纸业,13:59:14,造纸,首板
20260803,600815.SH,厦工股份,13:15:53,工程机械,首板
20260803,600818.SH,ST中路,09:25:50,ST板块,首板
20260803,600936.SH,北投科技,13:09:01,并购重组,首板
20260803,600962.SH,国投中鲁,11:25:26,并购重组,首板
20260803,601611.SH,中国核建,09:44:34,核电,首板
20260803,601700.SH,风范股份,09:35:06,智能电网,首板
20260803,601858.SH,中国科传,13:16:00,版权,4天2板
20260803,601865.SH,福莱特,10:07:33,光伏,首板
20260803,603011.SH,合锻智能,09:36:07,核电,首板
20260803,603036.SH,如通股份,10:23:42,石油石化,首板
20260803,603106.SH,恒银科技,09:25:44,AI应用,2连板
20260803,603130.SH,云中马,13:00:22,服装家纺,首板
20260803,603156.SH,养元饮品,10:43:03,芯片,首板
20260803,603192.SH,汇得科技,10:09:38,机器人概念,首板
20260803,603217.SH,元利科技,10:09:07,化工,首板
20260803,603222.SH,济民健康,09:38:32,并购重组,首板
20260803,603261.SH,立航科技,09:31:06,ST摘帽,2连板
20260803,603272.SH,*ST联翔,14:52:09,ST板块,首板
20260803,603577.SH,汇金通,09:38:36,智能电网,首板
20260803,603610.SH,麒盛科技,10:29:08,脑机接口,首板
20260803,603617.SH,君禾股份,10:51:10,算力,首板
20260803,603682.SH,锦和商管,09:31:15,地产链,2连板
20260803,603778.SH,国晟科技,10:04:07,光伏,首板
20260803,603798.SH,康普顿,09:47:16,氢能源,首板
20260803,603823.SH,百合花,13:04:51,芯片,首板
20260803,605056.SH,咸亨国际,10:54:23,机器人概念,首板
20260803,605167.SH,利柏特,09:30:02,核电,首板
20260803,605179.SH,一鸣食品,14:44:19,食品饮料,5连板
20260803,605288.SH,凯迪股份,13:13:54,机器人概念,首板
20260803,605488.SH,福莱新材,09:31:12,机器人概念,首板
20260803,688066.SH,*ST航图,10:40:17,商业航天,首板
20260731,000009.SZ,中国宝安,11:15:06,锂电池,2连板
20260731,000032.SZ,深桑达Ａ,10:57:27,芯片,首板
20260731,000048.SZ,京基智农,09:33:21,股权转让,首板
20260731,000428.SZ,华天酒店,09:34:09,旅游,5天4板
20260731,000506.SZ,招金黄金,10:11:51,黄金,首板
20260731,000593.SZ,德龙汇能,09:25:00,举牌,首板
20260731,000595.SZ,新能股份,09:37:09,电力,首板
20260731,000676.SZ,智度股份,10:00:06,AI应用,首板
20260731,000815.SZ,美利云,10:26:33,算力,首板
20260731,000820.SZ,神雾节能,09:25:00,ST摘帽,2连板
20260731,000838.SZ,*ST发展,13:00:09,ST板块,首板
20260731,000892.SZ,欢瑞世纪,10:02:30,AI应用,3天2板
20260731,000967.SZ,盈峰环境,09:30:00,算力,首板
20260731,001223.SZ,欧克科技,09:51:06,通信,首板
20260731,001267.SZ,汇绿生态,09:41:12,通信,首板
20260731,001359.SZ,平安电工,09:30:00,通信,首板
20260731,001400.SZ,江顺科技,09:59:42,算力,首板
20260731,002015.SZ,协鑫能科,14:26:03,电力,首板
20260731,002115.SZ,三维通信,13:00:12,AI应用,首板
20260731,002131.SZ,利欧股份,10:03:39,AI应用,首板
20260731,002197.SZ,证通电子,10:27:42,算力,首板
20260731,002235.SZ,安妮股份,13:29:12,实控人变更,首板
20260731,002346.SZ,柘中股份,13:24:36,智能电网,首板
20260731,002354.SZ,天娱数科,09:32:57,机器人概念,首板
20260731,002432.SZ,九安医疗,10:44:27,人工智能,首板
20260731,002552.SZ,宝鼎科技,09:36:21,通信,首板
20260731,002659.SZ,凯文教育,10:53:54,AI应用,首板
20260731,002774.SZ,快意电梯,09:44:09,AI应用,首板
20260731,002775.SZ,文科股份,10:48:24,电力,首板
20260731,002827.SZ,高争民爆,09:30:00,实控人变更,3连板
20260731,002851.SZ,麦格米特,09:38:06,算力,首板
20260731,002896.SZ,中大力德,09:42:45,机器人概念,首板
20260731,002929.SZ,润建股份,10:27:51,算力,首板
20260731,002931.SZ,锋龙股份,09:51:54,机器人概念,首板
20260731,002957.SZ,科瑞技术,09:38:09,机器人概念,首板
20260731,002963.SZ,豪尔赛,09:54:27,旅游,首板
20260731,002979.SZ,雷赛智能,13:15:21,机器人概念,首板
20260731,003001.SZ,中岩大地,09:31:51,并购重组,3天2板
20260731,003005.SZ,竞业达,10:54:30,AI应用,首板
20260731,003018.SZ,金富科技,09:32:39,算力,首板
20260731,003032.SZ,传智教育,09:25:00,AI应用,5连板
20260731,003036.SZ,泰坦股份,09:35:09,通信,首板
20260731,300058.SZ,蓝色光标,10:37:39,AI应用,首板
20260731,300364.SZ,中文在线,10:44:42,AI应用,首板
20260731,300418.SZ,昆仑万维,10:55:45,AI应用,首板
20260731,300508.SZ,维宏股份,09:35:09,机器人概念,首板
20260731,300720.SZ,海川智能,09:34:09,芯片,首板
20260731,300789.SZ,唐源电气,13:13:42,机器人概念,首板
20260731,300996.SZ,普联软件,09:50:45,AI应用,2连板
20260731,301171.SZ,易点天下,10:10:24,AI应用,首板
20260731,301231.SZ,荣信文化,10:57:03,AI应用,首板
20260731,301396.SZ,宏景科技,09:32:21,算力,首板
20260731,600162.SH,香江控股,11:06:49,算力,2连板
20260731,600449.SH,宁夏建材,09:42:25,算力,首板
20260731,600580.SH,卧龙电驱,11:07:50,机器人概念,首板
20260731,600588.SH,用友网络,10:20:55,AI应用,首板
20260731,600602.SH,云赛智联,10:27:02,算力,首板
20260731,600667.SH,太极实业,09:25:37,芯片,首板
20260731,600673.SH,东阳光,09:41:09,算力,首板
20260731,600791.SH,京能置业,09:42:31,地产链,首板
20260731,600986.SH,浙文互联,10:53:55,AI应用,首板
20260731,603009.SH,北特科技,13:04:59,机器人概念,首板
20260731,603031.SH,安孚科技,09:41:01,通信,首板
20260731,603039.SH,泛微网络,10:09:55,AI应用,2连板
20260731,603067.SH,振华股份,09:36:37,芯片,首板
20260731,603106.SH,恒银科技,09:40:29,AI应用,首板
20260731,603115.SH,海星股份,09:33:01,元器件,首板
20260731,603120.SH,肯特催化,09:35:03,化工,首板
20260731,603139.SH,康惠股份,09:41:19,算力,首板
20260731,603171.SH,税友股份,10:41:05,AI应用,2连板
20260731,603221.SH,爱丽家居,09:25:53,并购重组,9连板
20260731,603261.SH,立航科技,09:47:31,ST摘帽,首板
20260731,603286.SH,日盈电子,11:10:07,机器人概念,首板
20260731,603316.SH,诚邦股份,09:45:30,芯片,首板
20260731,603336.SH,宏辉果蔬,10:36:48,医药,首板
20260731,603337.SH,杰克科技,09:47:40,机器人概念,首板
20260731,603375.SH,盛景微,09:41:46,芯片,首板
20260731,603398.SH,*ST沐邦,14:54:50,ST板块,首板
20260731,603466.SH,风语筑,11:01:28,机器人概念,首板
20260731,603533.SH,掌阅科技,10:16:28,AI应用,首板
20260731,603598.SH,引力传媒,10:20:23,AI应用,首板
20260731,603608.SH,天创时尚,13:17:07,机器人概念,首板
20260731,603629.SH,利通电子,09:25:57,算力,首板
20260731,603637.SH,镇海股份,11:19:58,实控人变更,首板
20260731,603682.SH,锦和商管,09:44:16,地产链,首板
20260731,603696.SH,安记食品,14:50:59,食品饮料,3天2板
20260731,603721.SH,中广天择,10:28:20,AI应用,首板
20260731,603738.SH,泰晶科技,09:30:19,通信,首板
20260731,603779.SH,威龙股份,11:04:01,实控人变更,首板
20260731,603956.SH,威派格,13:01:11,AI应用,首板
20260731,605069.SH,正和生态,09:49:22,人工智能,首板
20260731,605168.SH,三人行,10:02:03,AI应用,首板
20260731,605178.SH,时空科技,09:30:02,芯片,首板
20260731,605179.SH,一鸣食品,09:32:11,食品饮料,4连板
20260731,605198.SH,安德利,09:41:41,并购重组,首板
20260731,605208.SH,永茂泰,13:08:10,机器人概念,首板
20260731,605287.SH,德才股份,09:46:08,AI应用,首板
20260731,605289.SH,罗曼股份,09:30:45,算力,首板
20260731,605318.SH,法狮龙,13:00:22,算力,首板
20260731,688095.SH,福昕软件,10:03:26,AI应用,首板
20260731,920130.BJ,立方控股,10:10:44,AI应用,首板
20260730,000009.SZ,中国宝安,10:04:15,锂电池,首板
20260730,000025.SZ,特力Ａ,10:37:18,黄金,首板
20260730,000526.SZ,学大教育,09:42:00,AI应用,首板
20260730,000566.SZ,海南海药,09:46:09,医药,4天3板
20260730,000721.SZ,西安饮食,09:53:09,旅游,首板
20260730,000820.SZ,神雾节能,09:25:00,ST摘帽,首板
20260730,001225.SZ,和泰机电,10:28:33,新型工业化,首板
20260730,001309.SZ,德明利,13:22:33,芯片,首板
20260730,002258.SZ,利尔化学,09:25:00,实控人变更,首板
20260730,002512.SZ,ST达华,14:31:03,ST板块,首板
20260730,002534.SZ,西子洁能,13:09:06,智能电网,首板
20260730,002547.SZ,*ST春兴,09:25:00,ST板块,首板
20260730,002585.SZ,双星新材,09:31:03,元器件,首板
20260730,002667.SZ,*ST威领,09:49:00,ST板块,2连板
20260730,002686.SZ,亿利达,09:30:30,实控人变更,首板
20260730,002702.SZ,海欣食品,09:39:45,食品饮料,首板
20260730,002703.SZ,浙江世宝,09:35:36,汽车零部件,首板
20260730,002731.SZ,*ST萃华,14:43:00,ST板块,4天2板
20260730,002827.SZ,高争民爆,09:25:00,实控人变更,2连板
20260730,002846.SZ,英联股份,09:57:15,包装印刷,首板
20260730,002882.SZ,金龙羽,09:30:18,锂电池,2连板
20260730,003032.SZ,传智教育,09:30:09,AI应用,4连板
20260730,300894.SZ,火星人,10:47:12,家电,首板
20260730,300996.SZ,普联软件,09:33:33,实控人变更,首板
20260730,301449.SZ,天溯计量,13:20:51,汽车零部件,首板
20260730,301667.SZ,纳百川,10:05:57,汽车零部件,首板
20260730,301668.SZ,昊创瑞通,10:00:24,智能电网,首板
20260730,600162.SH,香江控股,09:34:23,地产链,首板
20260730,600228.SH,返利科技,09:37:02,AI应用,2连板
20260730,600418.SH,江淮汽车,09:59:22,汽车零部件,首板
20260730,600475.SH,华光环能,13:46:17,智能电网,首板
20260730,600513.SH,联环药业,09:55:03,医药,首板
20260730,600629.SH,华建集团,10:19:32,国有企业,3天2板
20260730,600663.SH,陆家嘴,14:30:39,地产链,首板
20260730,600702.SH,舍得酒业,09:42:11,酿酒,首板
20260730,600712.SH,南宁百货,09:39:08,零售,首板
20260730,601003.SH,柳钢股份,09:33:29,钢铁,2连板
20260730,601616.SH,广电电气,09:31:54,智能电网,首板
20260730,603039.SH,泛微网络,13:09:49,AI应用,首板
20260730,603137.SH,恒尚节能,09:37:27,并购重组,首板
20260730,603171.SH,税友股份,09:44:22,AI应用,首板
20260730,603185.SH,弘元绿能,09:59:06,光伏,首板
20260730,603221.SH,爱丽家居,09:25:57,并购重组,8连板
20260730,603348.SH,文灿股份,10:15:59,汽车零部件,首板
20260730,603352.SH,至信股份,10:25:09,汽车零部件,首板
20260730,603376.SH,大明电子,10:04:34,汽车零部件,首板
20260730,603382.SH,海阳科技,11:24:57,化工,首板
20260730,603556.SH,海兴电力,13:49:07,智能电网,2连板
20260730,603660.SH,苏州科达,09:36:15,AI应用,4天2板
20260730,603813.SH,原尚股份,10:43:59,ST摘帽,首板
20260730,603919.SH,金徽酒,11:16:36,酿酒,首板
20260730,605033.SH,美邦股份,09:43:51,农业,首板
20260730,605068.SH,明新旭腾,09:30:06,汽车零部件,4连板
20260730,605179.SH,一鸣食品,09:25:40,食品饮料,3连板
20260730,605388.SH,均瑶健康,09:30:48,食品饮料,2连板
20260730,920685.BJ,新芝生物,09:48:10,并购重组,首板
20260729,000428.SZ,华天酒店,09:25:00,旅游,3连板
20260729,000636.SZ,风华高科,09:36:18,元器件,3天2板
20260729,000668.SZ,荣丰控股,13:29:03,地产链,5天3板
20260729,000736.SZ,中交发展,09:50:57,地产链,首板
20260729,000826.SZ,*ST启环,14:44:00,ST板块,首板
20260729,000892.SZ,欢瑞世纪,09:30:15,AI应用,首板
20260729,001318.SZ,阳光乳业,10:00:57,食品饮料,首板
20260729,001323.SZ,慕思股份,10:48:12,端侧AI,首板
20260729,001358.SZ,兴欣新材,09:31:51,芯片,3连板
20260729,002037.SZ,保利联合,09:34:45,基础建设,首板
20260729,002045.SZ,国光电器,09:37:09,端侧AI,首板
20260729,002083.SZ,孚日股份,10:26:33,锂电池,首板
20260729,002112.SZ,三变科技,10:25:21,智能电网,首板
20260729,002141.SZ,贤丰控股,09:39:57,通信,3天2板
20260729,002199.SZ,东晶电子,13:23:15,ST摘帽,5天4板
20260729,002212.SZ,天融信,09:30:06,AI应用,2连板
20260729,002286.SZ,保龄宝,09:48:51,食品饮料,首板
20260729,002298.SZ,中电鑫龙,09:43:12,智能电网,5天3板
20260729,002440.SZ,闰土股份,10:16:15,化工,首板
20260729,002498.SZ,汉缆股份,13:15:03,智能电网,5天3板
20260729,002514.SZ,*ST宝馨,14:38:33,ST板块,5天3板
20260729,002517.SZ,恺英网络,13:04:42,游戏,首板
20260729,002558.SZ,巨人网络,10:53:15,游戏,首板
20260729,002568.SZ,百润股份,10:00:18,酿酒,首板
20260729,002580.SZ,圣阳股份,11:24:03,锂电池,3天2板
20260729,002597.SZ,金禾实业,14:26:03,食品饮料,首板
20260729,002607.SZ,中公教育,09:41:00,AI应用,首板
20260729,002667.SZ,*ST威领,14:34:21,ST板块,首板
20260729,002726.SZ,ST龙大,10:09:57,ST板块,首板
20260729,002791.SZ,坚朗五金,10:02:06,地产链,首板
20260729,002827.SZ,高争民爆,09:25:00,实控人变更,首板
20260729,002833.SZ,弘亚数控,14:44:42,机器人概念,首板
20260729,002882.SZ,金龙羽,10:18:42,锂电池,首板
20260729,002903.SZ,宇环数控,09:31:36,机器人概念,首板
20260729,002945.SZ,华林证券,13:25:24,证券,首板
20260729,002956.SZ,西麦食品,13:02:09,食品饮料,首板
20260729,003001.SZ,中岩大地,09:48:51,并购重组,首板
20260729,003032.SZ,传智教育,09:25:00,AI应用,3连板
20260729,300169.SZ,天晟新材,10:32:48,化工,首板
20260729,300333.SZ,兆日科技,13:12:30,金融概念,首板
20260729,300359.SZ,全通教育,09:39:09,AI应用,首板
20260729,300530.SZ,领湃科技,10:27:39,锂电池,首板
20260729,300981.SZ,中红医疗,09:25:00,中报增长,首板
20260729,300997.SZ,欢乐家,09:35:21,食品饮料,首板
20260729,301112.SZ,信邦智能,09:36:21,机器人概念,首板
20260729,301139.SZ,*ST元道,14:42:30,ST板块,2连板
20260729,600227.SH,赤天化,09:32:57,化工,首板
20260729,600228.SH,返利科技,10:19:35,AI应用,首板
20260729,600236.SH,桂冠电力,10:02:22,电力,首板
20260729,600419.SH,天润乳业,09:59:30,食品饮料,首板
20260729,600429.SH,三元股份,13:16:46,食品饮料,首板
20260729,600499.SH,科达制造,11:16:12,锂电池,首板
20260729,600578.SH,京能电力,13:36:20,电力,首板
20260729,600693.SH,东百集团,09:57:45,零售,2连板
20260729,600722.SH,金牛化工,09:32:27,化工,首板
20260729,600733.SH,北汽蓝谷,10:13:26,智能驾驶,首板
20260729,600844.SH,金煤科技,10:24:24,化工,首板
20260729,601003.SH,柳钢股份,10:31:26,钢铁,首板
20260729,601086.SH,国芳集团,09:58:43,零售,首板
20260729,601858.SH,中国科传,13:49:40,版权,首板
20260729,603057.SH,紫燕食品,11:12:19,食品饮料,首板
20260729,603068.SH,博通集成,09:36:37,芯片,4天2板
20260729,603163.SH,圣晖集成,09:25:54,芯片,首板
20260729,603178.SH,圣龙股份,09:40:18,机器人概念,首板
20260729,603221.SH,爱丽家居,09:25:49,并购重组,7连板
20260729,603258.SH,电魂网络,14:49:48,游戏,首板
20260729,603399.SH,永杉锂业,13:34:15,锂电池,首板
20260729,603400.SH,华之杰,14:31:42,机器人概念,5天3板
20260729,603407.SH,长裕集团,09:52:32,非金属材料,首板
20260729,603499.SH,翔港科技,09:37:51,股权转让,首板
20260729,603556.SH,海兴电力,10:38:47,智能电网,首板
20260729,603559.SH,中通国脉,09:35:01,ST摘帽,首板
20260729,603580.SH,艾艾精工,14:25:36,实控人变更,6天4板
20260729,603696.SH,安记食品,09:42:39,食品饮料,首板
20260729,603719.SH,良品铺子,09:41:16,食品饮料,首板
20260729,603801.SH,志邦家居,10:01:29,地产链,首板
20260729,603833.SH,欧派家居,13:24:48,地产链,首板
20260729,605016.SH,百龙创园,11:13:34,食品饮料,首板
20260729,605068.SH,明新旭腾,09:25:37,机器人概念,3连板
20260729,605136.SH,丽人丽妆,14:52:33,美容护理,首板
20260729,605179.SH,一鸣食品,09:30:48,食品饮料,2连板
20260729,605188.SH,国光连锁,09:41:47,零售,首板
20260729,605337.SH,李子园,09:47:09,食品饮料,首板
20260729,605339.SH,南侨食品,10:11:21,食品饮料,首板
20260729,605388.SH,均瑶健康,09:33:35,食品饮料,首板
20260729,688260.SH,昀冢科技,13:37:59,元器件,首板
20260728,000045.SZ,深纺织Ａ,09:34:36,面板,首板
20260728,000428.SZ,华天酒店,09:33:15,旅游,2连板
20260728,000503.SZ,国新健康,13:01:06,AI应用,首板
20260728,000517.SZ,荣安地产,13:43:30,地产链,首板
20260728,000533.SZ,顺钠股份,09:30:42,智能电网,4连板
20260728,000566.SZ,海南海药,09:31:18,脑机接口,2连板
20260728,000659.SZ,珠海中富,10:08:36,包装印刷,首板
20260728,000779.SZ,甘咨询,15:00:00,AI应用,首板
20260728,000859.SZ,国风新材,09:36:27,芯片,首板
20260728,000909.SZ,*ST数源,11:28:09,ST板块,2连板
20260728,000948.SZ,南天信息,09:41:09,AI应用,首板
20260728,001358.SZ,兴欣新材,09:35:42,芯片,2连板
20260728,001376.SZ,百通能源,09:51:57,电力,首板
20260728,002082.SZ,ST万邦,10:53:45,ST板块,首板
20260728,002173.SZ,创新医疗,09:30:00,脑机接口,4天3板
20260728,002195.SZ,岩山科技,09:40:39,脑机接口,首板
20260728,002199.SZ,东晶电子,09:33:06,ST摘帽,4天3板
20260728,002211.SZ,ST宏达,09:49:18,ST板块,3连板
20260728,002212.SZ,天融信,13:16:15,AI应用,首板
20260728,002279.SZ,久其软件,09:47:39,AI应用,首板
20260728,002309.SZ,中利集团,09:31:12,智能电网,2连板
20260728,002310.SZ,东方新能,10:00:45,电力,2连板
20260728,002338.SZ,奥普光电,09:25:00,芯片,首板
20260728,002387.SZ,维信诺,09:43:42,面板,首板
20260728,002388.SZ,新亚制程,09:34:33,锂电池,3连板
20260728,002642.SZ,荣联科技,09:38:39,算力,首板
20260728,002687.SZ,乔治白,10:22:12,服装家纺,首板
20260728,002795.SZ,永和智控,13:13:00,新型工业化,首板
20260728,002847.SZ,盐津铺子,11:29:06,食品饮料,首板
20260728,002869.SZ,金溢科技,11:23:15,智能驾驶,首板
20260728,002889.SZ,东方嘉盛,09:30:00,芯片,首板
20260728,002969.SZ,嘉美包装,09:31:27,实控人变更,2连板
20260728,002995.SZ,天地在线,09:50:48,AI应用,首板
20260728,003032.SZ,传智教育,09:47:54,AI应用,2连板
20260728,300067.SZ,安诺其,13:12:03,化工,首板
20260728,300290.SZ,ST荣科,10:28:12,ST板块,首板
20260728,300663.SZ,科蓝软件,09:45:48,脑机接口,首板
20260728,301139.SZ,*ST元道,13:31:15,ST板块,首板
20260728,301421.SZ,波长光电,09:25:00,芯片,首板
20260728,600076.SH,康欣新材,09:30:00,芯片,首板
20260728,600191.SH,华资实业,10:05:20,食品饮料,首板
20260728,600199.SH,金种子酒,11:07:01,酿酒,首板
20260728,600303.SH,曙光股份,09:45:16,汽车零部件,首板
20260728,600619.SH,海立股份,09:25:47,芯片,首板
20260728,600629.SH,华建集团,09:45:52,国有企业,首板
20260728,600693.SH,东百集团,09:56:32,零售,首板
20260728,600756.SH,浪潮软件,10:38:06,AI应用,首板
20260728,600775.SH,南京熊猫,09:52:14,脑机接口,2连板
20260728,600850.SH,电科数字,09:48:12,芯片,首板
20260728,600895.SH,张江高科,09:25:57,芯片,首板
20260728,603221.SH,爱丽家居,09:25:32,并购重组,6连板
20260728,603232.SH,格尔软件,10:04:48,AI应用,首板
20260728,603297.SH,永新光学,09:25:41,芯片,首板
20260728,603358.SH,华达科技,09:31:04,机器人概念,2连板
20260728,603389.SH,亚振家居,09:44:30,ST摘帽,2连板
20260728,603400.SH,华之杰,14:49:33,机器人概念,4天2板
20260728,603429.SH,*ST集友,09:25:57,ST板块,首板
20260728,603580.SH,艾艾精工,10:42:38,实控人变更,5天3板
20260728,603716.SH,塞力医疗,09:35:04,脑机接口,2连板
20260728,603917.SH,合力科技,10:00:45,汽车零部件,首板
20260728,603918.SH,金桥信息,10:02:15,AI应用,首板
20260728,603928.SH,兴业股份,09:37:05,芯片,首板
20260728,603980.SH,吉华集团,13:09:49,化工,首板
20260728,605068.SH,明新旭腾,09:38:30,机器人概念,2连板
20260728,605162.SH,新中港,10:59:40,电力,5天3板
20260728,605179.SH,一鸣食品,10:10:41,食品饮料,首板
20260728,688496.SH,*ST清越,09:31:59,ST板块,2连板
20260728,920690.BJ,捷众科技,09:31:00,芯片,首板
20260727,000428.SZ,华天酒店,09:30:03,旅游,首板
20260727,000533.SZ,顺钠股份,09:30:27,智能电网,3连板
20260727,000566.SZ,海南海药,09:34:27,脑机接口,首板
20260727,000636.SZ,风华高科,09:55:48,元器件,首板
20260727,000676.SZ,智度股份,10:45:27,端侧AI,首板
20260727,000862.SZ,银星能源,10:15:42,电力,3天2板
20260727,000909.SZ,*ST数源,13:07:27,ST板块,首板
20260727,001223.SZ,欧克科技,14:52:21,通信,首板
20260727,001248.SZ,华润新能,13:16:54,电力,首板
20260727,001258.SZ,立新能源,09:33:54,电力,8天7板
20260727,001267.SZ,汇绿生态,09:56:48,通信,首板
20260727,001317.SZ,三羊马,10:13:27,物流,首板
20260727,001328.SZ,登康口腔,14:35:06,美容护理,首板
20260727,001358.SZ,兴欣新材,13:59:54,化工,首板
20260727,002029.SZ,七匹狼,13:45:42,创投,首板
20260727,002051.SZ,中工国际,09:32:57,算力,首板
20260727,002080.SZ,中材科技,14:40:48,通信,首板
20260727,002141.SZ,贤丰控股,09:58:24,通信,首板
20260727,002158.SZ,汉钟精机,14:39:03,芯片,首板
20260727,002173.SZ,创新医疗,09:33:12,脑机接口,3天2板
20260727,002174.SZ,游族网络,14:29:15,AI应用,首板
20260727,002211.SZ,ST宏达,09:25:00,ST板块,2连板
20260727,002235.SZ,安妮股份,09:41:36,实控人变更,首板
20260727,002242.SZ,九阳股份,10:40:21,机器人概念,首板
20260727,002270.SZ,华明装备,14:35:39,智能电网,首板
20260727,002292.SZ,奥飞娱乐,10:20:09,端侧AI,首板
20260727,002309.SZ,中利集团,09:36:06,智能电网,首板
20260727,002310.SZ,东方新能,09:45:15,电力,首板
20260727,002353.SZ,杰瑞股份,14:41:36,燃气轮机,3天2板
20260727,002364.SZ,中恒电气,14:32:39,算力,首板
20260727,002365.SZ,永安药业,09:32:12,医药,首板
20260727,002388.SZ,新亚制程,09:42:30,锂电池,2连板
20260727,002407.SZ,多氟多,14:56:36,锂电池,首板
20260727,002409.SZ,雅克科技,09:57:51,芯片,首板
20260727,002448.SZ,中原内配,09:31:12,机器人概念,首板
20260727,002484.SZ,江海股份,14:38:15,元器件,首板
20260727,002514.SZ,*ST宝馨,14:18:27,ST板块,3天2板
20260727,002522.SZ,浙江众成,11:25:00,通信,首板
20260727,002528.SZ,*ST英飞,13:26:51,ST板块,首板
20260727,002577.SZ,雷柏科技,13:50:48,消费电子,首板
20260727,002580.SZ,圣阳股份,09:30:00,锂电池,首板
20260727,002612.SZ,朗姿股份,10:17:54,股权转让,首板
20260727,002636.SZ,金安国纪,14:38:03,通信,首板
20260727,002640.SZ,跨境通,13:20:57,外贸,首板
20260727,002647.SZ,仁东控股,14:05:57,算力,首板
20260727,002731.SZ,*ST萃华,09:45:42,ST板块,首板
20260727,002759.SZ,ST天际,14:56:03,ST板块,首板
20260727,002775.SZ,文科股份,09:49:15,电力,3天2板
20260727,002879.SZ,长缆科技,09:38:00,智能电网,5连板
20260727,002900.SZ,哈三联,09:38:39,医药,4天3板
20260727,002918.SZ,蒙娜丽莎,10:08:21,芯片,首板
20260727,002925.SZ,盈趣科技,10:29:36,脑机接口,首板
20260727,002951.SZ,金时科技,09:47:21,元器件,首板
20260727,002969.SZ,嘉美包装,09:37:09,实控人变更,首板
20260727,003020.SZ,立方制药,10:02:06,医药,首板
20260727,003030.SZ,祖名股份,13:55:27,食品饮料,首板
20260727,003032.SZ,传智教育,09:57:00,机器人概念,首板
20260727,300214.SZ,日科化学,13:02:09,锂电池,3天2板
20260727,300534.SZ,陇神戎发,10:27:30,医药,首板
20260727,300753.SZ,爱朋医疗,09:39:09,脑机接口,首板
20260727,300795.SZ,米奥会展,10:59:21,人工智能,首板
20260727,300802.SZ,矩子科技,14:10:39,物理AI,首板
20260727,300897.SZ,山科智能,09:47:06,股权转让,首板
20260727,301085.SZ,亚康股份,13:40:36,算力,首板
20260727,301121.SZ,紫建电子,09:31:06,并购重组,首板
20260727,301234.SZ,五洲医疗,09:25:00,并购重组,4连板
20260727,301526.SZ,国际复材,14:33:33,通信,首板
20260727,600165.SH,ST宁科,10:10:12,ST板块,首板
20260727,600176.SH,中国巨石,14:38:39,通信,首板
20260727,600376.SH,首开股份,09:50:55,机器人概念,首板
20260727,600488.SH,津药药业,09:43:04,医药,首板
20260727,600594.SH,益佰制药,09:39:32,医药,4天2板
20260727,600617.SH,国新能源,09:31:26,电力,2连板
20260727,600667.SH,太极实业,09:52:57,芯片,首板
20260727,600683.SH,京投发展,10:21:22,并购重组,首板
20260727,600730.SH,*ST高科,14:24:15,ST板块,首板
20260727,600775.SH,南京熊猫,10:19:25,脑机接口,首板
20260727,600829.SH,人民同泰,09:38:23,医药,首板
20260727,600847.SH,万里股份,10:37:31,锂电池,首板
20260727,600962.SH,国投中鲁,09:41:37,并购重组,3天2板
20260727,601218.SH,吉鑫科技,09:36:20,风电,首板
20260727,601606.SH,长城军工,09:38:23,军工,3连板
20260727,601789.SH,宁波建工,11:29:32,算力,首板
20260727,603082.SH,北自科技,10:15:04,机器人概念,3天2板
20260727,603097.SH,江苏华辰,10:21:17,智能电网,首板
20260727,603110.SH,东方材料,10:22:04,通信,首板
20260727,603115.SH,海星股份,13:08:38,元器件,首板
20260727,603221.SH,爱丽家居,09:25:34,并购重组,5连板
20260727,603228.SH,景旺电子,14:35:18,通信,首板
20260727,603256.SH,宏和科技,09:57:33,通信,首板
20260727,603315.SH,福鞍股份,09:54:35,燃气轮机,首板
20260727,603330.SH,天洋新材,09:53:15,通信,首板
20260727,603358.SH,华达科技,09:56:22,机器人概念,首板
20260727,603378.SH,*ST亚士,11:07:18,ST板块,3天2板
20260727,603389.SH,亚振家居,09:55:42,ST摘帽,首板
20260727,603402.SH,陕西旅游,13:24:54,旅游,首板
20260727,603435.SH,嘉德利,13:41:06,元器件,首板
20260727,603459.SH,红板科技,11:01:11,通信,首板
20260727,603507.SH,振江股份,13:01:14,风电,首板
20260727,603567.SH,珍宝岛,10:49:47,医药,3天2板
20260727,603607.SH,京华激光,13:01:04,激光,首板
20260727,603608.SH,天创时尚,14:40:49,并购重组,首板
20260727,603610.SH,麒盛科技,13:53:16,脑机接口,首板
20260727,603630.SH,拉芳家化,10:01:28,美容护理,首板
20260727,603657.SH,春光科技,09:55:18,机器人概念,首板
20260727,603660.SH,苏州科达,10:12:31,AI应用,首板
20260727,603690.SH,至纯科技,09:32:20,芯片,2连板
20260727,603716.SH,塞力医疗,09:35:18,脑机接口,首板
20260727,603790.SH,雅运股份,09:57:10,新材料概念,首板
20260727,603906.SH,龙蟠科技,10:34:14,锂电池,首板
20260727,603931.SH,格林达,09:55:40,芯片,首板
20260727,603955.SH,大千生态,10:17:00,宠物经济,首板
20260727,603988.SH,中电电机,14:11:01,风电,4天3板
20260727,603989.SH,艾华集团,14:24:18,元器件,首板
20260727,605006.SH,山东玻纤,14:40:20,化工,首板
20260727,605068.SH,明新旭腾,09:46:12,机器人概念,首板
20260727,605108.SH,同庆楼,13:03:36,食品饮料,首板
20260727,605128.SH,上海沿浦,13:46:45,机器人概念,首板
20260727,605376.SH,博迁新材,14:24:38,元器件,首板
20260727,688171.SH,纬德信息,11:28:56,数字经济,首板
20260727,688496.SH,*ST清越,09:34:31,ST板块,首板
20260724,000011.SZ,深物业A,09:55:00,地产链,2连板
20260724,000417.SZ,合百集团,14:54:06,芯片,首板
20260724,000533.SZ,顺钠股份,09:25:00,智能电网,2连板
20260724,000595.SZ,新能股份,09:25:00,绿色电力,3连板
20260724,000668.SZ,荣丰控股,13:08:18,ST摘帽,2连板
20260724,000670.SZ,盈方微,14:05:57,芯片,首板
20260724,001229.SZ,魅视科技,13:27:39,物理AI,首板
20260724,002012.SZ,凯恩股份,09:35:45,造纸,首板
20260724,002083.SZ,孚日股份,09:31:12,电解液,2连板
20260724,002189.SZ,中光学,14:13:30,军工,首板
20260724,002199.SZ,东晶电子,09:31:30,ST摘帽,2连板
20260724,002208.SZ,合肥城建,09:58:27,芯片,首板
20260724,002211.SZ,ST宏达,09:25:00,ST板块,首板
20260724,002265.SZ,建设工业,09:41:45,军工,首板
20260724,002298.SZ,中电鑫龙,09:31:33,智能电网,2连板
20260724,002300.SZ,太阳电缆,10:21:51,智能电网,2连板
20260724,002303.SZ,美盈森,09:39:54,包装印刷,首板
20260724,002374.SZ,中锐股份,09:31:33,并购重组,首板
20260724,002388.SZ,新亚制程,10:02:57,电解液,首板
20260724,002498.SZ,汉缆股份,09:30:57,智能电网,2连板
20260724,002879.SZ,长缆科技,09:25:00,智能电网,4连板
20260724,003001.SZ,中岩大地,10:01:57,并购重组,2连板
20260724,300414.SZ,中光防雷,09:34:42,军工,首板
20260724,300480.SZ,光力科技,10:03:15,芯片,首板
20260724,301234.SZ,五洲医疗,09:25:00,并购重组,3连板
20260724,301583.SZ,托伦斯,13:10:57,芯片,4天3板
20260724,600178.SH,东安动力,09:46:25,并购重组,首板
20260724,600539.SH,狮头股份,13:14:31,物理AI,首板
20260724,600617.SH,国新能源,10:20:59,绿色电力,首板
20260724,600698.SH,湖南天雁,09:43:11,并购重组,2连板
20260724,600984.SH,建设机械,10:48:42,新型工业化,2连板
20260724,601606.SH,长城军工,09:36:01,军工,2连板
20260724,603068.SH,博通集成,10:30:26,芯片,首板
20260724,603221.SH,爱丽家居,09:25:43,并购重组,4连板
20260724,603580.SH,艾艾精工,09:48:47,实控人变更,3天2板
20260724,603690.SH,至纯科技,09:35:49,芯片,首板
20260724,603726.SH,朗迪集团,09:59:51,芯片,首板
20260724,603956.SH,威派格,09:37:20,机器人概念,2连板
20260724,603976.SH,正川股份,11:14:49,医疗器械,首板
20260724,605198.SH,安德利,13:03:34,并购重组,首板
20260724,688237.SH,超卓航科,13:16:16,军工,首板
20260724,688622.SH,*ST禾信,10:25:54,ST板块,首板
20260723,000011.SZ,深物业A,09:33:42,地产链,首板
20260723,000017.SZ,深中华A,09:50:15,黄金,首板
20260723,000035.SZ,中国天楹,11:10:15,化工,首板
20260723,000155.SZ,川能动力,11:29:48,绿色电力,首板
20260723,000533.SZ,顺钠股份,09:39:27,智能电网,首板
20260723,000595.SZ,新能股份,09:25:00,绿色电力,2连板
20260723,000603.SZ,盛达资源,10:07:33,黄金,3连板
20260723,000608.SZ,阳光股份,09:54:12,地产链,首板
20260723,000632.SZ,ST三木,13:31:39,ST板块,首板
20260723,000668.SZ,荣丰控股,13:07:33,ST摘帽,首板
20260723,000688.SZ,国城矿业,10:14:27,锂电池,首板
20260723,000803.SZ,山高环能,14:44:06,生物质能,首板
20260723,000815.SZ,美利云,09:37:03,算力,4连板
20260723,000862.SZ,银星能源,13:34:03,绿色电力,首板
20260723,001208.SZ,华菱线缆,10:19:09,智能电网,首板
20260723,001258.SZ,立新能源,09:31:45,绿色电力,6连板
20260723,001337.SZ,四川黄金,10:46:15,黄金,首板
20260723,001382.SZ,新亚电缆,09:54:09,智能电网,首板
20260723,001388.SZ,信通电子,14:42:36,智能电网,首板
20260723,002083.SZ,孚日股份,09:59:39,锂电池,首板
20260723,002088.SZ,鲁阳节能,09:30:24,实控人变更,首板
20260723,002112.SZ,三变科技,10:16:06,智能电网,首板
20260723,002165.SZ,红宝丽,11:01:15,化工,首板
20260723,002173.SZ,创新医疗,13:31:24,脑机接口,首板
20260723,002197.SZ,证通电子,09:31:27,算力,3连板
20260723,002199.SZ,东晶电子,09:25:00,ST摘帽,首板
20260723,002207.SZ,*ST准油,11:22:42,ST板块,首板
20260723,002218.SZ,拓日新能,09:32:30,太空光伏,首板
20260723,002229.SZ,鸿博股份,09:36:12,算力,首板
20260723,002240.SZ,盛新锂能,10:46:48,锂电池,首板
20260723,002298.SZ,中电鑫龙,09:43:39,智能电网,首板
20260723,002300.SZ,太阳电缆,10:19:00,智能电网,首板
20260723,002339.SZ,积成电子,09:33:24,智能电网,首板
20260723,002353.SZ,杰瑞股份,09:25:00,燃气轮机,首板
20260723,002358.SZ,森源电气,13:37:36,智能电网,首板
20260723,002379.SZ,宏桥控股,10:06:39,有色金属,首板
20260723,002412.SZ,汉森制药,09:38:48,医药,2连板
20260723,002451.SZ,摩恩电气,13:03:24,智能电网,首板
20260723,002498.SZ,汉缆股份,09:49:18,智能电网,首板
20260723,002514.SZ,*ST宝馨,09:57:33,ST板块,首板
20260723,002539.SZ,云图控股,11:25:39,化工,首板
20260723,002546.SZ,新联电子,13:09:15,智能电网,首板
20260723,002547.SZ,*ST春兴,13:30:42,ST板块,首板
20260723,002560.SZ,通达股份,13:07:21,智能电网,首板
20260723,002566.SZ,益盛药业,14:25:36,医药,首板
20260723,002596.SZ,海南瑞泽,14:41:21,股权转让,首板
20260723,002606.SZ,大连电瓷,13:35:54,智能电网,首板
20260723,002667.SZ,*ST威领,09:36:36,ST板块,首板
20260723,002674.SZ,兴业科技,14:54:09,芯片,首板
20260723,002713.SZ,东易日盛,09:53:06,ST摘帽,首板
20260723,002725.SZ,跃岭股份,13:34:03,芯片,首板
20260723,002762.SZ,金发拉比,09:47:42,ST摘帽,首板
20260723,002774.SZ,快意电梯,09:45:09,AI应用,首板
20260723,002775.SZ,文科股份,11:14:00,绿色电力,首板
20260723,002856.SZ,*ST美芝,09:35:12,ST板块,首板
20260723,002879.SZ,长缆科技,09:34:45,智能电网,3连板
20260723,002900.SZ,哈三联,10:05:48,医药,2连板
20260723,002977.SZ,*ST天箭,11:02:00,ST板块,首板
20260723,003001.SZ,中岩大地,09:52:18,并购重组,首板
20260723,300062.SZ,中能电气,09:53:36,智能电网,首板
20260723,300141.SZ,和顺电气,13:37:15,智能电网,首板
20260723,300214.SZ,日科化学,11:23:39,锂电池,首板
20260723,300444.SZ,双杰电气,13:03:06,智能电网,首板
20260723,300510.SZ,金冠股份,14:52:03,智能电网,首板
20260723,301158.SZ,德石股份,10:01:15,石油石化,首板
20260723,301234.SZ,五洲医疗,09:25:00,并购重组,2连板
20260723,301292.SZ,海科新源,14:48:27,锂电池,首板
20260723,301357.SZ,北方长龙,13:49:48,军工,首板
20260723,301587.SZ,中瑞股份,13:08:39,锂电池,首板
20260723,600173.SH,卧龙新能,10:48:54,绿色电力,首板
20260723,600219.SH,南山铝业,10:42:55,有色金属,首板
20260723,600230.SH,沧州大化,14:43:01,化工,首板
20260723,600243.SH,*ST海华,14:40:35,ST板块,首板
20260723,600268.SH,国电南自,14:43:39,智能电网,首板
20260723,600289.SH,ST信通,13:55:58,ST板块,首板
20260723,600343.SH,航天动力,13:42:10,商业航天,首板
20260723,600354.SH,敦煌种业,14:05:09,农业,首板
20260723,600379.SH,宝光股份,09:49:55,芯片,首板
20260723,600389.SH,江山股份,13:22:19,化工,首板
20260723,600396.SH,华电辽能,13:53:34,绿色电力,4天3板
20260723,600409.SH,三友化工,13:04:02,化工,首板
20260723,600449.SH,宁夏建材,13:55:46,算力,首板
20260723,600468.SH,百利电气,10:31:03,智能电网,首板
20260723,600513.SH,联环药业,13:04:10,医药,首板
20260723,600550.SH,保变电气,10:19:51,智能电网,首板
20260723,600611.SH,大众交通,13:10:27,智能驾驶,首板
20260723,600698.SH,湖南天雁,13:46:02,汽车零部件,首板
20260723,600722.SH,金牛化工,11:01:57,化工,5天4板
20260723,600844.SH,金煤科技,11:18:15,化工,首板
20260723,600962.SH,国投中鲁,09:31:39,并购重组,首板
20260723,600980.SH,北矿科技,09:30:04,中报增长,首板
20260723,600984.SH,建设机械,09:51:17,新型工业化,首板
20260723,600990.SH,四创电子,13:37:47,商业航天,首板
20260723,601061.SH,中信金属,10:56:01,有色金属,首板
20260723,601179.SH,中国西电,10:07:38,智能电网,首板
20260723,601606.SH,长城军工,13:14:15,军工,首板
20260723,601678.SH,滨化股份,09:37:30,化工,首板
20260723,601700.SH,风范股份,14:34:54,智能电网,首板
20260723,603026.SH,石大胜华,14:50:59,锂电池,首板
20260723,603050.SH,科林电气,14:27:01,智能电网,首板
20260723,603082.SH,北自科技,14:18:12,机器人概念,首板
20260723,603191.SH,望变电气,10:20:36,智能电网,首板
20260723,603212.SH,赛伍技术,13:07:36,太空光伏,首板
20260723,603221.SH,爱丽家居,09:25:42,并购重组,3连板
20260723,603272.SH,*ST联翔,09:34:42,ST板块,首板
20260723,603318.SH,水发燃气,09:40:09,燃气轮机,首板
20260723,603331.SH,百达精工,14:54:33,机器人概念,首板
20260723,603378.SH,*ST亚士,13:00:16,ST板块,首板
20260723,603399.SH,永杉锂业,09:49:07,锂电池,首板
20260723,603400.SH,华之杰,10:07:46,机器人概念,首板
20260723,603488.SH,展鹏科技,13:33:57,军工,首板
20260723,603567.SH,珍宝岛,10:05:10,医药,首板
20260723,603619.SH,中曼石油,09:31:11,石油石化,4天3板
20260723,603680.SH,今创集团,13:46:06,商业航天,首板
20260723,603727.SH,博迈科,13:17:12,石油石化,4天2板
20260723,603843.SH,*ST正平,14:51:20,ST板块,首板
20260723,603861.SH,白云电器,14:40:25,智能电网,首板
20260723,603876.SH,鼎胜新材,14:16:13,锂电池,首板
20260723,603956.SH,威派格,09:49:17,机器人概念,首板
20260723,603988.SH,中电电机,09:31:12,黄金,2连板
20260723,605100.SH,华丰股份,09:48:25,芯片,首板
20260723,605117.SH,德业股份,14:38:23,储能,首板
20260723,605162.SH,新中港,09:31:35,绿色电力,2连板
20260723,605189.SH,富春染织,09:53:27,中报增长,首板
20260723,605288.SH,凯迪股份,14:41:39,机器人概念,3天2板
20260723,605299.SH,舒华体育,09:30:00,体育产业,首板
20260723,688618.SH,三旺通信,09:48:31,芯片,首板
20260723,920222.BJ,益坤电气,10:11:02,智能电网,首板
20260722,000506.SZ,招金黄金,11:22:57,黄金,首板
20260722,000566.SZ,海南海药,09:53:54,医药,首板
20260722,000595.SZ,新能股份,09:32:03,电力,首板
20260722,000603.SZ,盛达资源,09:50:51,黄金,2连板
20260722,000815.SZ,美利云,09:25:00,算力,3连板
20260722,000838.SZ,*ST发展,14:47:00,ST板块,首板
20260722,000839.SZ,国安股份,13:35:39,AI应用,首板
20260722,000975.SZ,山金国际,09:55:03,黄金,首板
20260722,001258.SZ,立新能源,09:32:57,电力,5连板
20260722,002197.SZ,证通电子,09:30:03,算力,2连板
20260722,002213.SZ,大为股份,09:33:30,芯片,2连板
20260722,002412.SZ,汉森制药,10:55:39,医药,首板
20260722,002515.SZ,金字火腿,10:04:24,芯片,首板
20260722,002545.SZ,东方铁塔,10:48:57,化工,首板
20260722,002575.SZ,群兴玩具,09:25:00,人工智能,首板
20260722,002793.SZ,罗欣药业,09:42:33,医药,首板
20260722,002879.SZ,长缆科技,09:32:36,智能电网,2连板
20260722,002900.SZ,哈三联,09:35:39,医药,首板
20260722,002953.SZ,日丰股份,10:06:45,机器人概念,首板
20260722,300688.SZ,创业黑马,09:48:12,算力,首板
20260722,300779.SZ,惠城环保,10:20:21,化工,首板
20260722,300834.SZ,星辉环材,11:11:12,股权转让,首板
20260722,301234.SZ,五洲医疗,09:25:00,并购重组,首板
20260722,301583.SZ,托伦斯,09:34:24,芯片,2连板
20260722,600396.SH,华电辽能,10:16:07,电力,3天2板
20260722,600403.SH,大有能源,10:43:37,煤炭,3天2板
20260722,600594.SH,益佰制药,09:50:05,医药,首板
20260722,600644.SH,乐山电力,14:47:35,电力,4天3板
20260722,600722.SH,金牛化工,09:58:47,化工,4天3板
20260722,600726.SH,华电能源,14:36:28,电力,3天2板
20260722,600744.SH,华银电力,14:41:00,电力,4连板
20260722,603118.SH,共进股份,09:31:23,通信,4天3板
20260722,603162.SH,海通发展,09:38:39,中报增长,首板
20260722,603221.SH,爱丽家居,09:25:47,并购重组,2连板
20260722,603296.SH,华勤技术,09:45:54,算力,首板
20260722,603407.SH,长裕集团,09:25:38,非金属材料,2连板
20260722,603580.SH,艾艾精工,09:46:15,实控人变更,首板
20260722,603619.SH,中曼石油,09:41:43,石油石化,3天2板
20260722,603629.SH,利通电子,09:32:04,人工智能,2连板
20260722,603725.SH,天安新材,09:40:29,通信,首板
20260722,603803.SH,瑞斯康达,10:26:58,通信,首板
20260722,603893.SH,瑞芯微,10:26:23,芯片,首板
20260722,603988.SH,中电电机,13:09:53,黄金,首板
20260722,605028.SH,世茂能源,09:37:42,电力,首板
20260722,605155.SH,西大门,13:02:42,服装家纺,首板
20260722,605162.SH,新中港,09:41:52,电力,首板
20260722,605196.SH,华通线缆,10:34:25,有色金属,首板
20260721,000021.SZ,深科技,13:00:36,芯片,首板
20260721,000048.SZ,京基智农,13:01:00,农业,首板
20260721,000426.SZ,兴业银锡,13:53:57,有色金属,首板
20260721,000510.SZ,新金路,13:02:42,有色金属,首板
20260721,000526.SZ,学大教育,09:59:21,人工智能,首板
20260721,000555.SZ,神州信息,09:43:03,金融概念,首板
20260721,000603.SZ,盛达资源,14:07:30,有色金属,首板
20260721,000815.SZ,美利云,09:30:00,算力,2连板
20260721,000889.SZ,中嘉博创,09:34:42,算力,2连板
20260721,000938.SZ,紫光股份,11:29:33,通信,首板
20260721,001258.SZ,立新能源,09:25:59,电力,4连板
20260721,001389.SZ,广合科技,13:00:03,芯片,首板
20260721,001399.SZ,惠科股份,14:16:03,芯片,首板
20260721,002008.SZ,大族激光,11:03:15,中报增长,首板
20260721,002036.SZ,联创电子,09:36:33,通信,2连板
20260721,002068.SZ,黑猫股份,13:11:06,元器件,首板
20260721,002138.SZ,顺络电子,11:01:33,非金属材料,首板
20260721,002156.SZ,通富微电,13:10:57,芯片,首板
20260721,002167.SZ,东方锆业,09:30:00,非金属材料,首板
20260721,002197.SZ,证通电子,09:37:57,金融概念,首板
20260721,002203.SZ,海亮股份,11:07:09,通信,首板
20260721,002213.SZ,大为股份,11:07:09,芯片,首板
20260721,002245.SZ,蔚蓝锂芯,11:25:48,锂电池,首板
20260721,002273.SZ,水晶光电,10:58:30,芯片,首板
20260721,002319.SZ,乐通股份,13:55:30,中报增长,首板
20260721,002371.SZ,北方华创,10:36:39,芯片,首板
20260721,002396.SZ,星网锐捷,13:00:03,通信,首板
20260721,002409.SZ,雅克科技,13:49:00,芯片,首板
20260721,002432.SZ,九安医疗,09:47:09,人工智能,6天4板
20260721,002448.SZ,中原内配,14:21:21,机器人概念,首板
20260721,002484.SZ,江海股份,13:02:33,元器件,首板
20260721,002669.SZ,康达新材,14:20:21,通信,首板
20260721,002745.SZ,木林森,11:04:18,通信,首板
20260721,002851.SZ,麦格米特,11:08:12,电源,首板
20260721,002879.SZ,长缆科技,09:30:00,智能电网,首板
20260721,002913.SZ,奥士康,13:04:30,通信,首板
20260721,002970.SZ,锐明技术,13:45:06,算力,首板
20260721,002987.SZ,京北方,09:39:57,金融概念,首板
20260721,003031.SZ,中瓷电子,14:14:42,非金属材料,首板
20260721,003033.SZ,征和工业,13:43:00,机器人概念,首板
20260721,300093.SZ,金刚光伏,13:27:48,算力,首板
20260721,300137.SZ,先河环保,14:18:00,算力,首板
20260721,300285.SZ,国瓷材料,11:03:00,非金属材料,首板
20260721,300604.SZ,长川科技,14:35:45,芯片,首板
20260721,300643.SZ,万通智控,11:05:03,芯片,首板
20260721,300795.SZ,米奥会展,13:04:36,人工智能,3天2板
20260721,300814.SZ,中富电路,14:07:24,通信,首板
20260721,301012.SZ,扬电科技,09:36:57,算力,首板
20260721,301205.SZ,联特科技,13:52:45,通信,首板
20260721,301273.SZ,瑞晨环保,10:56:30,基础建设,首板
20260721,301282.SZ,金禄电子,13:41:03,中报增长,首板
20260721,301310.SZ,鑫宏业,13:00:12,机器人概念,首板
20260721,301369.SZ,联动科技,14:12:06,芯片,首板
20260721,301421.SZ,波长光电,13:10:36,芯片,首板
20260721,301580.SZ,爱迪特,13:00:18,非金属材料,首板
20260721,301583.SZ,托伦斯,10:38:30,芯片,首板
20260721,301588.SZ,美新科技,14:45:45,商业航天,首板
20260721,600183.SH,生益科技,14:32:28,通信,首板
20260721,600206.SH,有研新材,14:35:50,芯片,首板
20260721,600330.SH,天通股份,13:02:53,通信,首板
20260721,600460.SH,士兰微,13:53:31,芯片,首板
20260721,600552.SH,凯盛科技,11:27:03,非金属材料,首板
20260721,600584.SH,长电科技,14:36:54,芯片,首板
20260721,600641.SH,先导基电,14:21:20,芯片,首板
20260721,600664.SH,哈药股份,14:09:21,医药,8天6板
20260721,600667.SH,太极实业,14:34:40,芯片,首板
20260721,600744.SH,华银电力,13:22:51,电力,3连板
20260721,600846.SH,同济科技,11:04:51,地产链,首板
20260721,600884.SH,杉杉股份,11:21:36,实控人变更,首板
20260721,600988.SH,赤峰黄金,14:34:22,黄金,首板
20260721,601038.SH,一拖股份,09:42:04,农业,首板
20260721,603005.SH,晶方科技,13:01:38,芯片,首板
20260721,603061.SH,金海通,11:02:18,芯片,首板
20260721,603118.SH,共进股份,10:25:24,通信,3天2板
20260721,603123.SH,翠微股份,09:54:31,金融概念,首板
20260721,603124.SH,江南新材,11:08:11,通信,首板
20260721,603161.SH,科华控股,11:15:33,汽车零部件,3天2板
20260721,603192.SH,汇得科技,10:52:46,机器人概念,首板
20260721,603221.SH,爱丽家居,09:25:34,并购重组,首板
20260721,603256.SH,宏和科技,11:28:35,通信,首板
20260721,603306.SH,华懋科技,14:35:44,通信,首板
20260721,603311.SH,金海高科,13:56:07,实控人变更,首板
20260721,603391.SH,力聚热能,14:01:13,热力,首板
20260721,603407.SH,长裕集团,09:30:47,非金属材料,首板
20260721,603435.SH,嘉德利,13:10:58,元器件,首板
20260721,603516.SH,淳中科技,09:31:48,中报增长,首板
20260721,603629.SH,利通电子,10:59:08,算力,首板
20260721,603663.SH,三祥新材,11:05:41,非金属材料,首板
20260721,603678.SH,火炬电子,14:48:50,元器件,首板
20260721,603773.SH,沃格光电,14:36:54,芯片,首板
20260721,603890.SH,春秋电子,14:07:25,算力,首板
20260721,603929.SH,亚翔集成,13:04:54,芯片,首板
20260721,603936.SH,博敏电子,14:55:57,通信,首板
20260721,603950.SH,长源东谷,14:19:18,发电机,首板
20260721,603986.SH,兆易创新,14:08:05,芯片,首板
20260721,605111.SH,新洁能,10:59:13,芯片,首板
20260721,605133.SH,嵘泰股份,14:54:30,机器人概念,首板
20260721,605288.SH,凯迪股份,13:02:40,机器人概念,首板
20260721,605318.SH,法狮龙,13:01:45,算力,首板
20260721,605376.SH,博迁新材,14:05:08,元器件,首板
20260721,688001.SH,华兴源创,14:56:44,芯片,首板
20260721,688002.SH,睿创微纳,11:17:38,芯片,首板
20260721,688003.SH,天准科技,13:48:59,通信,首板
20260721,688037.SH,芯源微,14:52:19,芯片,首板
20260721,688072.SH,拓荆科技,14:37:25,芯片,首板
20260721,688110.SH,东芯股份,14:06:10,算力,首板
20260721,688120.SH,华海清科,14:53:53,芯片,首板
20260721,688141.SH,杰华特,11:08:22,芯片,首板
20260721,688147.SH,微导纳米,14:56:02,芯片,首板
20260721,688261.SH,东微半导,13:02:33,芯片,首板
20260721,688328.SH,深科达,14:07:32,芯片,首板
20260721,688347.SH,华虹宏力,14:36:11,芯片,首板
20260721,688361.SH,中科飞测,14:06:48,芯片,首板
20260721,688371.SH,菲沃泰,13:57:57,芯片,首板
20260721,688596.SH,正帆科技,11:27:15,芯片,首板
20260721,688627.SH,精智达,14:08:34,芯片,首板
20260721,688728.SH,格科微,11:16:43,芯片,首板
20260721,688729.SH,屹唐股份,13:00:48,芯片,首板
20260721,688797.SH,臻宝科技,10:56:07,芯片,首板
20260721,688809.SH,强一股份,13:00:34,芯片,首板
20260720,000037.SZ,深南电A,14:45:48,电力,2连板
20260720,000539.SZ,粤电力Ａ,10:11:51,电力,首板
20260720,000596.SZ,古井贡酒,09:54:45,酿酒,4天2板
20260720,000600.SZ,建投能源,13:22:54,电力,首板
20260720,000722.SZ,湖南发展,14:44:33,电力,4天3板
20260720,000767.SZ,晋控电力,10:02:30,电力,首板
20260720,000815.SZ,美利云,09:25:00,算力,首板
20260720,000889.SZ,中嘉博创,09:35:27,算力,首板
20260720,001211.SZ,双枪科技,11:01:06,零售,首板
20260720,001258.SZ,立新能源,09:31:57,电力,3连板
20260720,001288.SZ,运机集团,09:57:54,机器人概念,首板
20260720,002036.SZ,联创电子,10:03:06,通信,首板
20260720,002440.SZ,闰土股份,11:17:42,化工,首板
20260720,002490.SZ,山东墨龙,09:31:12,石油石化,首板
20260720,002542.SZ,*ST中岩,09:25:00,ST板块,首板
20260720,002857.SZ,三晖电气,11:10:36,机器人概念,首板
20260720,002866.SZ,传艺科技,09:30:00,钠电池,首板
20260720,002992.SZ,宝明科技,09:33:18,锂电池,首板
20260720,300368.SZ,汇金股份,09:39:09,金融概念,首板
20260720,300515.SZ,三德科技,09:30:00,中报增长,首板
20260720,300534.SZ,陇神戎发,10:50:45,医药,首板
20260720,301190.SZ,善水科技,13:17:33,中报增长,首板
20260720,600032.SH,浙江新能,14:55:20,电力,首板
20260720,600121.SH,郑州煤电,09:48:48,煤炭,首板
20260720,600126.SH,杭钢股份,09:38:51,算力,首板
20260720,600188.SH,兖矿能源,13:10:18,煤炭,首板
20260720,600236.SH,桂冠电力,11:00:56,电力,2连板
20260720,600267.SH,海正药业,09:53:52,医药,首板
20260720,600396.SH,华电辽能,14:42:38,电力,首板
20260720,600403.SH,大有能源,09:37:48,煤炭,首板
20260720,600452.SH,涪陵电力,09:50:00,电力,首板
20260720,600578.SH,京能电力,13:18:03,电力,首板
20260720,600644.SH,乐山电力,09:32:45,电力,2连板
20260720,600722.SH,金牛化工,09:35:46,化工,2连板
20260720,600726.SH,华电能源,09:55:28,电力,首板
20260720,600744.SH,华银电力,09:35:00,电力,2连板
20260720,600746.SH,江苏索普,10:43:08,中报增长,5天3板
20260720,600756.SH,浪潮软件,09:43:38,AI应用,首板
20260720,600797.SH,浙大网新,09:43:58,算力,首板
20260720,600821.SH,金开新能,09:55:35,电力,首板
20260720,600863.SH,华能蒙电,13:13:47,电力,首板
20260720,600938.SH,中国海油,11:29:23,石油石化,首板
20260720,600985.SH,淮北矿业,14:02:52,煤炭,首板
20260720,601001.SH,晋控煤业,14:43:58,煤炭,首板
20260720,601026.SH,道生天合,10:42:47,次新股,首板
20260720,601898.SH,中煤能源,10:33:25,煤炭,首板
20260720,601991.SH,大唐发电,14:42:44,电力,首板
20260720,603533.SH,掌阅科技,09:31:37,人工智能,首板
20260720,603610.SH,麒盛科技,10:47:30,脑机接口,首板
20260720,603619.SH,中曼石油,09:39:21,石油石化,首板
20260720,603727.SH,博迈科,10:04:08,石油石化,首板
20260720,603779.SH,威龙股份,09:43:04,实控人变更,首板
20260720,603823.SH,百合花,14:49:04,新材料概念,首板
20260720,688057.SH,金达莱,09:35:46,机器人概念,首板
20260717,000037.SZ,深南电A,10:00:09,电力,首板
20260717,000676.SZ,智度股份,09:31:03,端侧AI,3连板
20260717,000722.SZ,湖南发展,14:53:54,电力,3天2板
20260717,000779.SZ,甘咨询,10:18:54,人工智能,首板
20260717,000899.SZ,赣能股份,11:08:54,电力,首板
20260717,001258.SZ,立新能源,09:46:00,电力,2连板
20260717,001369.SZ,双欣材料,14:27:48,电解液,首板
20260717,001388.SZ,信通电子,09:45:24,智能电网,5天4板
20260717,002432.SZ,九安医疗,09:25:00,人工智能,4天3板
20260717,002632.SZ,道明光学,09:30:09,端侧AI,2连板
20260717,002677.SZ,浙江美大,09:25:00,实控人变更,6天4板
20260717,002731.SZ,*ST萃华,13:38:18,ST板块,2连板
20260717,002766.SZ,索菱股份,09:30:00,智能驾驶,首板
20260717,002829.SZ,星网宇达,14:09:24,中报增长,2连板
20260717,003001.SZ,中岩大地,09:30:00,并购重组,6天3板
20260717,300577.SZ,开润股份,09:25:00,人工智能,首板
20260717,300795.SZ,米奥会展,09:38:39,人工智能,首板
20260717,600095.SH,湘财股份,10:34:44,证券,首板
20260717,600162.SH,香江控股,14:27:21,算力,3连板
20260717,600227.SH,赤天化,09:39:34,化工,4天3板
20260717,600236.SH,桂冠电力,10:21:43,电力,首板
20260717,600644.SH,乐山电力,09:45:28,电力,首板
20260717,600722.SH,金牛化工,09:38:49,化工,首板
20260717,600730.SH,*ST高科,09:25:52,ST板块,首板
20260717,600744.SH,华银电力,09:43:18,电力,首板
20260717,600881.SH,亚泰集团,13:01:59,医药,首板
20260717,600982.SH,宁波能源,11:17:48,电力,首板
20260717,600992.SH,贵绳股份,09:40:06,商业航天,首板
20260717,601369.SH,陕鼓动力,09:52:02,并购重组,首板
20260717,603118.SH,共进股份,09:50:16,通信,首板
20260717,603161.SH,科华控股,09:33:02,汽车零部件,首板
20260717,603567.SH,珍宝岛,09:36:46,医药,2连板
20260717,603580.SH,艾艾精工,09:25:45,实控人变更,9天7板
20260717,605011.SH,杭州热电,10:10:56,电力,首板
20260716,000014.SZ,沙河股份,10:58:33,并购重组,首板
20260716,000504.SZ,南华生物,09:39:18,医药,2连板
20260716,000566.SZ,海南海药,11:01:12,脑机接口,2连板
20260716,000639.SZ,ST西王,10:29:03,ST板块,3天2板
20260716,000676.SZ,智度股份,09:46:45,端侧AI,2连板
20260716,000677.SZ,ST海龙,14:35:45,ST板块,3天2板
20260716,000829.SZ,天音控股,09:51:03,消费电子,首板
20260716,000892.SZ,欢瑞世纪,09:34:57,游戏,首板
20260716,000920.SZ,沃顿科技,09:37:21,芯片,首板
20260716,001230.SZ,劲旅环境,09:45:00,机器人概念,首板
20260716,001258.SZ,立新能源,13:00:00,绿色电力,首板
20260716,001365.SZ,天海电子,10:19:00,机器人概念,首板
20260716,002045.SZ,国光电器,09:37:45,端侧AI,首板
20260716,002127.SZ,南极电商,10:22:21,服装家纺,首板
20260716,002173.SZ,创新医疗,10:25:27,脑机接口,首板
20260716,002350.SZ,北京科锐,10:15:48,绿色电力,首板
20260716,002365.SZ,永安药业,09:33:24,医药,2连板
20260716,002632.SZ,道明光学,09:25:00,端侧AI,首板
20260716,002726.SZ,ST龙大,09:32:21,ST板块,首板
20260716,002731.SZ,*ST萃华,14:06:09,ST板块,首板
20260716,002739.SZ,儒意电影,09:30:33,文化传媒,2连板
20260716,002760.SZ,凤形股份,09:34:39,并购重组,首板
20260716,002775.SZ,文科股份,13:04:03,绿色电力,首板
20260716,002829.SZ,星网宇达,09:41:36,中报增长,首板
20260716,002881.SZ,美格智能,10:07:42,端侧AI,首板
20260716,300805.SZ,电声股份,09:46:21,AI应用,首板
20260716,300968.SZ,格林精密,09:36:33,端侧AI,首板
20260716,301176.SZ,逸豪新材,09:44:45,通信,首板
20260716,600162.SH,香江控股,09:30:57,地产链,2连板
20260716,600187.SH,*ST国中,09:31:06,ST板块,首板
20260716,600203.SH,福日电子,09:45:03,端侧AI,首板
20260716,600436.SH,片仔癀,13:12:57,医药,首板
20260716,600491.SH,ST龙元,09:34:14,ST板块,7天6板
20260716,600602.SH,云赛智联,09:38:59,算力,首板
20260716,600611.SH,大众交通,13:41:33,芯片,首板
20260716,600664.SH,哈药股份,09:25:40,医药,5连板
20260716,600785.SH,新华百货,10:32:34,零售,2连板
20260716,601595.SH,上海电影,10:52:59,文化传媒,首板
20260716,603108.SH,润达医疗,11:25:44,AI应用,首板
20260716,603178.SH,圣龙股份,09:53:18,中报增长,首板
20260716,603327.SH,福蓉科技,09:30:02,端侧AI,首板
20260716,603407.SH,长裕集团,09:51:54,非金属材料,首板
20260716,603496.SH,恒为科技,09:58:12,算力,首板
20260716,603567.SH,珍宝岛,13:32:19,医药,首板
20260716,603580.SH,艾艾精工,09:25:34,实控人变更,8天6板
20260716,603716.SH,塞力医疗,11:13:46,脑机接口,首板
20260715,000016.SZ,*ST康佳A,09:40:48,ST板块,首板
20260715,000504.SZ,南华生物,09:38:15,医药,首板
20260715,000566.SZ,海南海药,09:37:03,医药,首板
20260715,000571.SZ,新大洲A,10:41:51,煤炭,首板
20260715,000593.SZ,德龙汇能,09:34:18,天然气,首板
20260715,000596.SZ,古井贡酒,13:00:54,白酒,首板
20260715,000676.SZ,智度股份,09:32:15,中报增长,首板
20260715,000722.SZ,湖南发展,10:07:33,中报增长,首板
20260715,000889.SZ,中嘉博创,09:30:00,中报增长,首板
20260715,000908.SZ,石药景峰,09:55:00,医药,首板
20260715,000935.SZ,四川双马,10:23:42,医药,首板
20260715,000959.SZ,首钢股份,10:42:42,机器人概念,首板
20260715,001317.SZ,三羊马,10:02:27,中报增长,首板
20260715,001388.SZ,信通电子,09:31:30,机器人概念,3连板
20260715,001896.SZ,豫能控股,14:55:18,算力,首板
20260715,002062.SZ,宏润建设,09:54:57,机器人概念,首板
20260715,002141.SZ,贤丰控股,09:30:15,通信,2连板
20260715,002303.SZ,美盈森,09:32:48,食品饮料,首板
20260715,002309.SZ,中利集团,09:30:00,中报增长,首板
20260715,002310.SZ,东方新能,10:01:39,中报增长,首板
20260715,002365.SZ,永安药业,09:50:48,医药,首板
20260715,002382.SZ,蓝帆医疗,09:25:00,中报增长,首板
20260715,002432.SZ,九安医疗,09:25:00,中报增长,2连板
20260715,002517.SZ,恺英网络,13:00:00,游戏,首板
20260715,002558.SZ,巨人网络,13:02:18,游戏,首板
20260715,002640.SZ,跨境通,10:04:45,外贸,首板
20260715,002739.SZ,儒意电影,09:31:21,文化传媒,首板
20260715,002786.SZ,银宝山新,10:27:03,中报增长,首板
20260715,002800.SZ,天顺股份,11:22:30,一带一路,首板
20260715,002821.SZ,凯莱英,14:53:09,医药,首板
20260715,002891.SZ,中宠股份,10:20:30,宠物经济,首板
20260715,002900.SZ,哈三联,10:02:27,医药,首板
20260715,002940.SZ,昂利康,09:53:48,医药,首板
20260715,002980.SZ,华盛昌,09:25:00,中报增长,首板
20260715,003010.SZ,若羽臣,10:25:12,美容护理,首板
20260715,300149.SZ,睿智医药,09:37:03,医药,首板
20260715,300231.SZ,银信科技,13:43:00,算力,首板
20260715,300528.SZ,幸福蓝海,10:37:57,文化传媒,首板
20260715,301520.SZ,万邦医药,15:00:00,医药,首板
20260715,600162.SH,香江控股,09:50:19,地产链,首板
20260715,600199.SH,金种子酒,10:11:20,酿酒,首板
20260715,600227.SH,赤天化,10:38:18,中报增长,2连板
20260715,600257.SH,大湖股份,09:30:51,中报增长,首板
20260715,600403.SH,大有能源,09:47:40,煤炭,2连板
20260715,600539.SH,狮头股份,10:25:16,美容护理,首板
20260715,600664.SH,哈药股份,09:30:39,医药,4连板
20260715,600721.SH,百花医药,09:48:48,医药,首板
20260715,600732.SH,爱旭股份,09:38:40,光伏,首板
20260715,600746.SH,江苏索普,13:03:59,中报增长,2连板
20260715,600785.SH,新华百货,09:47:39,零售,首板
20260715,600829.SH,人民同泰,09:36:31,医药,2连板
20260715,600844.SH,金煤科技,10:10:11,中报增长,2连板
20260715,600857.SH,宁波中百,09:42:18,零售,首板
20260715,603127.SH,昭衍新药,09:25:38,中报增长,4天2板
20260715,603130.SH,云中马,13:03:05,服装家纺,首板
20260715,603137.SH,恒尚节能,14:10:20,并购重组,12天11板
20260715,603192.SH,汇得科技,13:03:44,机器人概念,首板
20260715,603196.SH,璞源材料,09:50:02,中报增长,首板
20260715,603336.SH,宏辉果蔬,10:41:40,医药,首板
20260715,603387.SH,基蛋生物,09:37:06,中报增长,首板
20260715,603429.SH,*ST集友,13:57:21,ST板块,首板
20260715,603538.SH,美诺华,09:58:38,医药,4天2板
20260715,603580.SH,艾艾精工,09:25:36,实控人变更,7天5板
20260715,603657.SH,春光科技,09:48:03,机器人概念,首板
20260715,603725.SH,天安新材,09:31:47,机器人概念,首板
20260715,603839.SH,安正时尚,10:33:42,服装家纺,首板
20260715,603969.SH,银龙股份,13:18:44,中报增长,首板
20260715,605028.SH,世茂能源,09:32:48,中报增长,2连板
20260715,605089.SH,味知香,13:01:22,食品饮料,首板
20260715,605189.SH,富春染织,14:23:08,中报增长,2连板
20260715,605255.SH,天普股份,09:32:30,芯片,2连板
20260715,688166.SH,博瑞医药,09:40:40,医药,首板
20260715,688192.SH,迪哲医药,09:31:45,医药,2连板
20260714,000008.SZ,神州高铁,09:25:00,实控人变更,首板
20260714,000036.SZ,华联控股,13:15:42,锂电池,首板
20260714,000078.SZ,ST海王,10:08:33,ST板块,2连板
20260714,000554.SZ,泰山石油,09:32:09,石油石化,首板
20260714,000636.SZ,风华高科,14:50:00,电阻电容,首板
20260714,000639.SZ,ST西王,10:16:36,ST板块,首板
20260714,000677.SZ,ST海龙,14:55:18,ST板块,首板
20260714,000703.SZ,恒逸石化,10:30:24,石油石化,首板
20260714,000759.SZ,中百集团,09:32:21,零售,首板
20260714,000968.SZ,蓝焰控股,09:39:57,天然气,首板
20260714,001226.SZ,拓山重工,11:00:30,基础建设,首板
20260714,001283.SZ,豪鹏科技,09:54:51,机器人概念,首板
20260714,001388.SZ,信通电子,09:32:42,机器人概念,2连板
20260714,001389.SZ,广合科技,09:52:03,中报增长,首板
20260714,002128.SZ,电投能源,14:10:06,金属铝,首板
20260714,002141.SZ,贤丰控股,09:58:09,通信,首板
20260714,002162.SZ,悦心健康,10:12:03,中报增长,首板
20260714,002243.SZ,力合科创,09:25:00,芯片,首板
20260714,002245.SZ,蔚蓝锂芯,10:32:00,中报增长,首板
20260714,002250.SZ,联化科技,13:04:30,中报增长,首板
20260714,002357.SZ,富临运业,14:53:09,中报增长,首板
20260714,002379.SZ,宏桥控股,13:54:51,中报增长,2连板
20260714,002384.SZ,东山精密,13:03:39,通信,首板
20260714,002432.SZ,九安医疗,13:03:39,创投,首板
20260714,002463.SZ,沪电股份,13:04:30,中报增长,首板
20260714,002484.SZ,江海股份,13:28:03,电阻电容,首板
20260714,002523.SZ,天桥起重,10:24:48,中报增长,首板
20260714,002532.SZ,天山铝业,14:12:24,金属铝,首板
20260714,002536.SZ,飞龙股份,13:16:03,算力,首板
20260714,002628.SZ,成都路桥,13:01:27,机器人概念,首板
20260714,002636.SZ,金安国纪,13:12:24,中报增长,首板
20260714,002718.SZ,友邦吊顶,10:38:51,实控人变更,首板
20260714,002838.SZ,道恩股份,13:24:18,机器人概念,首板
20260714,002975.SZ,博杰股份,13:04:18,中报增长,首板
20260714,003001.SZ,中岩大地,14:51:03,基础建设,3天2板
20260714,300164.SZ,通源石油,14:00:54,石油石化,首板
20260714,300209.SZ,行云科技,13:07:39,算力,首板
20260714,300566.SZ,激智科技,13:22:03,面板,首板
20260714,300912.SZ,凯龙高科,13:58:39,机器人概念,首板
20260714,300937.SZ,药易购,10:06:24,医药,首板
20260714,301100.SZ,风光股份,14:03:12,化工,首板
20260714,301259.SZ,艾布鲁,14:45:51,算力,首板
20260714,600180.SH,*ST瑞茂,14:03:22,ST板块,首板
20260714,600183.SH,生益科技,09:53:06,中报增长,首板
20260714,600227.SH,赤天化,13:09:37,中报增长,首板
20260714,600255.SH,鑫科材料,09:36:11,中报增长,首板
20260714,600293.SH,三峡新材,09:53:58,玻璃,3天2板
20260714,600354.SH,敦煌种业,09:25:41,中报增长,首板
20260714,600403.SH,大有能源,09:46:11,煤炭,首板
20260714,600491.SH,ST龙元,11:20:55,ST板块,5连板
20260714,600497.SH,驰宏锌锗,14:49:56,中报增长,首板
20260714,600595.SH,中孚实业,13:55:20,金属铝,首板
20260714,600664.SH,哈药股份,09:42:01,医药,3连板
20260714,600746.SH,江苏索普,09:30:02,中报增长,首板
20260714,600759.SH,ST洲际,14:42:03,ST板块,首板
20260714,600829.SH,人民同泰,09:40:01,医药,首板
20260714,600844.SH,金煤科技,09:30:27,中报增长,首板
20260714,601101.SH,昊华能源,13:42:08,煤炭,首板
20260714,601969.SH,海南矿业,14:00:43,石油石化,首板
20260714,603012.SH,创力集团,13:31:48,智慧矿山,首板
20260714,603042.SH,华脉科技,09:30:38,中报增长,首板
20260714,603065.SH,宿迁联盛,09:56:37,芯片,2连板
20260714,603077.SH,和邦生物,13:57:24,中报增长,首板
20260714,603137.SH,恒尚节能,14:36:43,并购重组,11天10板
20260714,603186.SH,华正新材,10:19:56,通信,首板
20260714,603197.SH,保隆科技,09:34:01,中报增长,首板
20260714,603201.SH,常润股份,14:39:50,汽车零部件,首板
20260714,603222.SH,济民健康,14:44:56,芯片,首板
20260714,603367.SH,辰欣药业,13:08:13,医药,首板
20260714,603466.SH,风语筑,13:31:06,机器人概念,首板
20260714,603489.SH,八方股份,09:30:46,中报增长,首板
20260714,603516.SH,淳中科技,09:30:42,中报增长,首板
20260714,603577.SH,汇金通,13:08:10,电气设备,首板
20260714,603580.SH,艾艾精工,09:25:39,实控人变更,6天4板
20260714,603619.SH,中曼石油,13:22:35,石油石化,首板
20260714,603730.SH,岱美股份,13:23:43,机器人概念,首板
20260714,603806.SH,福斯特,09:35:25,中报增长,首板
20260714,603989.SH,艾华集团,13:33:13,电阻电容,首板
20260714,605028.SH,世茂能源,09:30:28,股权转让,首板
20260714,605133.SH,嵘泰股份,14:54:39,机器人概念,首板
20260714,605189.SH,富春染织,10:26:51,中报增长,首板
20260714,605196.SH,华通线缆,14:27:29,金属铝,首板
20260714,605255.SH,天普股份,09:30:54,芯片,首板
20260714,688192.SH,迪哲医药,13:00:17,医药,首板
20260714,688216.SH,气派科技,10:03:06,中报增长,首板
20260713,000078.SZ,ST海王,14:15:21,ST板块,首板
20260713,000920.SZ,沃顿科技,10:25:18,芯片,2连板
20260713,000989.SZ,九芝堂,09:40:03,医药,首板
20260713,001388.SZ,信通电子,13:35:15,机器人概念,首板
20260713,001395.SZ,亚联机械,10:09:45,中报增长,3连板
20260713,002379.SZ,宏桥控股,10:17:06,中报增长,首板
20260713,002581.SZ,*ST未名,09:44:48,ST板块,首板
20260713,003020.SZ,立方制药,09:30:15,医药,3连板
20260713,003030.SZ,祖名股份,09:38:09,食品饮料,首板
20260713,300214.SZ,日科化学,09:25:00,并购重组,首板
20260713,300534.SZ,陇神戎发,10:00:45,医药,首板
20260713,600491.SH,ST龙元,09:25:59,ST板块,4连板
20260713,600513.SH,联环药业,13:55:32,医药,2连板
20260713,600536.SH,中国软件,13:33:17,AI应用,首板
20260713,600629.SH,华建集团,13:11:54,并购重组,2连板
20260713,600664.SH,哈药股份,09:34:22,中报增长,2连板
20260713,600671.SH,天目药业,09:48:23,医药,首板
20260713,600881.SH,亚泰集团,09:38:34,医药,首板
20260713,600992.SH,贵绳股份,09:25:34,商业航天,3连板
20260713,601002.SH,晋亿实业,09:30:21,中报增长,首板
20260713,601608.SH,中信重工,09:25:49,商业航天,2连板
20260713,603065.SH,宿迁联盛,09:44:57,芯片,首板
20260713,603120.SH,肯特催化,09:37:40,化工,首板
20260713,603137.SH,恒尚节能,09:37:07,并购重组,10天9板
20260713,603313.SH,梦百合,14:53:38,服装家纺,4天2板
20260713,603318.SH,水发燃气,09:25:56,芯片,首板
20260713,603669.SH,灵康药业,10:38:55,医药,首板
20260713,603677.SH,奇精机械,10:54:23,机器人概念,首板
20260713,603933.SH,睿能科技,09:30:58,芯片,3天2板
20260713,605090.SH,九丰能源,09:25:39,商业航天,2连板
20260710,000048.SZ,京基智农,09:31:42,猪肉,首板
20260710,000547.SZ,航天发展,13:01:06,商业航天,首板
20260710,000573.SZ,粤宏远Ａ,09:55:15,有色金属,首板
20260710,000620.SZ,盈新发展,09:40:30,芯片,首板
20260710,000810.SZ,创维数字,09:36:21,中报增长,首板
20260710,000838.SZ,*ST发展,11:25:12,ST板块,3天2板
20260710,000887.SZ,中鼎股份,09:32:03,机器人概念,2连板
20260710,000892.SZ,欢瑞世纪,10:03:30,AI应用,7天4板
20260710,000901.SZ,航天科技,13:01:18,商业航天,首板
20260710,000920.SZ,沃顿科技,09:31:09,芯片,首板
20260710,000933.SZ,神火股份,10:48:06,中报增长,首板
20260710,001208.SZ,华菱线缆,13:00:00,商业航天,3天2板
20260710,001395.SZ,亚联机械,09:31:45,中报增长,2连板
20260710,002038.SZ,双鹭药业,09:59:51,医药,首板
20260710,002115.SZ,三维通信,09:25:00,中报增长,首板
20260710,002121.SZ,科陆电子,09:30:00,智能电网,首板
20260710,002144.SZ,宏达高科,09:58:06,机器人概念,首板
20260710,002202.SZ,金风科技,13:12:42,商业航天,首板
20260710,002317.SZ,众生药业,10:14:15,医药,首板
20260710,002342.SZ,巨力索具,10:34:24,商业航天,首板
20260710,002346.SZ,柘中股份,09:30:36,智能电网,2连板
20260710,002361.SZ,神剑股份,13:00:00,商业航天,首板
20260710,002402.SZ,和而泰,09:55:33,机器人概念,首板
20260710,002414.SZ,高德红外,09:25:00,中报增长,2连板
20260710,002479.SZ,富春环保,09:32:33,中报增长,首板
20260710,002524.SZ,光正眼科,13:09:03,眼科医疗,首板
20260710,002544.SZ,普天科技,13:21:18,商业航天,首板
20260710,002548.SZ,金新农,10:48:15,猪肉,首板
20260710,002606.SZ,大连电瓷,09:25:00,中报增长,首板
20260710,002623.SZ,亚玛顿,09:39:33,光伏,首板
20260710,002681.SZ,奋达科技,09:58:03,机器人概念,首板
20260710,002693.SZ,双成药业,10:15:51,医药,首板
20260710,002774.SZ,快意电梯,10:30:33,AI应用,首板
20260710,002828.SZ,贝肯能源,10:20:42,石油石化,首板
20260710,002829.SZ,星网宇达,09:53:18,中报增长,2连板
20260710,002865.SZ,钧达股份,13:03:33,商业航天,首板
20260710,002970.SZ,锐明技术,10:18:45,算力,首板
20260710,002989.SZ,中天精装,09:43:15,芯片,首板
20260710,003001.SZ,中岩大地,10:15:15,基础建设,首板
20260710,003009.SZ,中天火箭,13:01:03,商业航天,首板
20260710,003020.SZ,立方制药,09:48:12,医药,2连板
20260710,300065.SZ,海兰信,13:00:21,商业航天,首板
20260710,300069.SZ,金利华电,13:02:24,商业航天,首板
20260710,300255.SZ,常山药业,10:10:09,医药,首板
20260710,300786.SZ,国林科技,09:39:27,芯片,首板
20260710,301117.SZ,佳缘科技,13:00:18,商业航天,首板
20260710,600072.SH,中船科技,13:17:28,风电,首板
20260710,600113.SH,浙江东日,13:08:50,零售,首板
20260710,600118.SH,中国卫星,13:00:29,商业航天,首板
20260710,600192.SH,长城电工,13:17:25,商业航天,首板
20260710,600293.SH,三峡新材,09:30:41,玻璃,首板
20260710,600343.SH,航天动力,13:00:26,商业航天,首板
20260710,600376.SH,首开股份,10:51:33,机器人概念,首板
20260710,600410.SH,华胜天成,09:47:36,算力,首板
20260710,600428.SH,中远海特,09:30:11,中报增长,首板
20260710,600491.SH,ST龙元,09:25:47,ST板块,3连板
20260710,600513.SH,联环药业,11:24:06,医药,首板
20260710,600629.SH,华建集团,10:29:56,并购重组,首板
20260710,600664.SH,哈药股份,09:30:00,中报增长,首板
20260710,600685.SH,中船防务,13:00:06,商业航天,首板
20260710,600800.SH,渤海化学,10:09:56,化工,首板
20260710,600821.SH,金开新能,10:28:49,电力,首板
20260710,600879.SH,XD航天电,13:05:21,商业航天,首板
20260710,600992.SH,贵绳股份,10:03:28,商业航天,2连板
20260710,601608.SH,中信重工,14:56:40,商业航天,首板
20260710,601698.SH,中国卫通,13:02:28,商业航天,首板
20260710,601858.SH,中国科传,10:58:14,AI应用,首板
20260710,603110.SH,东方材料,09:50:23,通信,首板
20260710,603127.SH,昭衍新药,10:15:38,医药,首板
20260710,603151.SH,邦基科技,10:56:29,猪肉,首板
20260710,603155.SH,新亚强,09:35:28,芯片,首板
20260710,603162.SH,海通发展,10:53:36,中报增长,首板
20260710,603211.SH,晋拓股份,10:27:10,机器人概念,首板
20260710,603223.SH,恒通股份,09:41:57,中报增长,首板
20260710,603236.SH,移远通信,11:01:26,AI应用,首板
20260710,603270.SH,金帝股份,09:54:26,机器人概念,首板
20260710,603286.SH,日盈电子,10:40:06,机器人概念,首板
20260710,603322.SH,超讯科技,09:41:15,算力,首板
20260710,603538.SH,美诺华,10:07:58,医药,首板
20260710,603556.SH,海兴电力,11:04:32,智能电网,首板
20260710,603559.SH,中通国脉,09:35:17,ST摘帽,首板
20260710,603578.SH,三星新材,09:55:37,玻璃,首板
20260710,603698.SH,航天工程,13:00:02,化工,首板
20260710,603898.SH,好莱客,09:40:10,AI应用,2连板
20260710,605090.SH,九丰能源,13:00:36,商业航天,首板
20260710,605178.SH,时空科技,09:33:15,芯片,首板
20260710,605598.SH,上海港湾,13:03:58,商业航天,首板
20260710,688523.SH,航天环宇,13:12:13,商业航天,首板
20260710,688710.SH,益诺思,13:00:16,医药,首板
20260710,688722.SH,同益中,13:00:28,商业航天,首板
20260709,000021.SZ,深科技,13:04:27,芯片,首板
20260709,000417.SZ,合百集团,09:32:12,芯片,首板
20260709,000672.SZ,上峰材料,13:38:42,芯片,首板
20260709,000811.SZ,冰轮环境,13:52:09,液冷,首板
20260709,000887.SZ,中鼎股份,10:51:09,机器人概念,首板
20260709,000892.SZ,欢瑞世纪,09:42:30,人工智能,6天3板
20260709,000977.SZ,浪潮信息,09:38:33,中报增长,2连板
20260709,001395.SZ,亚联机械,09:25:00,中报增长,首板
20260709,002067.SZ,景兴纸业,09:30:54,中报增长,首板
20260709,002156.SZ,通富微电,13:38:39,芯片,首板
20260709,002185.SZ,华天科技,10:11:30,芯片,3天2板
20260709,002208.SZ,合肥城建,09:30:06,芯片,首板
20260709,002274.SZ,华昌化工,09:30:03,中报增长,首板
20260709,002281.SZ,光迅科技,13:52:24,通信,首板
20260709,002346.SZ,柘中股份,09:33:03,智能电网,首板
20260709,002364.SZ,中恒电气,13:44:57,电源,首板
20260709,002384.SZ,东山精密,14:42:33,芯片,首板
20260709,002409.SZ,雅克科技,13:40:03,芯片,首板
20260709,002414.SZ,高德红外,09:25:00,中报增长,首板
20260709,002436.SZ,兴森科技,14:45:48,通信,首板
20260709,002490.SZ,山东墨龙,11:04:03,石油石化,2连板
20260709,002552.SZ,宝鼎科技,09:31:03,中报增长,首板
20260709,002579.SZ,中京电子,09:38:33,通信,首板
20260709,002632.SZ,道明光学,09:30:00,AI手机,首板
20260709,002677.SZ,浙江美大,09:41:18,家电,5天3板
20260709,002745.SZ,木林森,09:35:12,通信,首板
20260709,002815.SZ,崇达技术,13:01:06,通信,4天2板
20260709,002829.SZ,星网宇达,09:30:00,中报增长,首板
20260709,002841.SZ,视源股份,10:06:42,中报增长,3连板
20260709,002845.SZ,同兴达,09:32:12,芯片,首板
20260709,002851.SZ,麦格米特,13:46:42,电源,首板
20260709,002907.SZ,华森制药,13:01:09,创新药,首板
20260709,002916.SZ,深南电路,14:06:27,通信,首板
20260709,002975.SZ,博杰股份,14:09:36,芯片,首板
20260709,003018.SZ,金富科技,14:35:45,液冷,首板
20260709,003020.SZ,立方制药,10:05:51,创新药,首板
20260709,300469.SZ,信息发展,13:41:42,AI应用,首板
20260709,300626.SZ,华瑞股份,10:20:18,股权转让,首板
20260709,301379.SZ,天山电子,09:39:27,芯片,首板
20260709,301607.SZ,富特科技,14:38:09,芯片,首板
20260709,600206.SH,有研新材,13:26:23,芯片,3天2板
20260709,600228.SH,返利科技,09:41:01,实控人变更,首板
20260709,600353.SH,旭光电子,09:35:35,非金属材料,首板
20260709,600418.SH,江淮汽车,10:28:25,华为汽车,首板
20260709,600584.SH,长电科技,13:05:54,芯片,首板
20260709,600667.SH,太极实业,13:42:08,芯片,首板
20260709,600770.SH,综艺股份,14:08:02,芯片,首板
20260709,600909.SH,华安证券,09:30:59,芯片,首板
20260709,600992.SH,贵绳股份,09:30:16,商业航天,首板
20260709,603005.SH,晶方科技,13:56:32,芯片,首板
20260709,603061.SH,金海通,14:11:11,芯片,首板
20260709,603137.SH,恒尚节能,09:30:33,并购重组,8连板
20260709,603156.SH,养元饮品,14:15:21,芯片,首板
20260709,603222.SH,济民健康,13:34:40,芯片,首板
20260709,603329.SH,上海雅仕,09:25:54,中报增长,首板
20260709,603666.SH,亿嘉和,09:48:42,机器人概念,首板
20260709,603688.SH,石英股份,13:42:51,芯片,首板
20260709,603726.SH,朗迪集团,09:35:54,芯片,首板
20260709,603757.SH,大元泵业,13:57:11,液冷,首板
20260709,603813.SH,原尚股份,09:39:40,ST摘帽,首板
20260709,603898.SH,好莱客,10:25:07,AI应用,首板
20260709,603928.SH,兴业股份,09:32:27,芯片,2连板
20260709,603933.SH,睿能科技,14:00:39,芯片,首板
20260709,603986.SH,兆易创新,13:40:15,芯片,首板
20260709,603991.SH,领先股份,09:46:17,芯片,首板
20260709,605319.SH,无锡振华,13:01:49,芯片,首板
20260709,605358.SH,立昂微,14:05:19,芯片,首板
20260709,688328.SH,深科达,13:07:58,芯片,首板
20260709,688333.SH,铂力特,13:07:27,商业航天,首板
20260709,688371.SH,菲沃泰,14:20:55,芯片,首板
20260709,688432.SH,有研硅,13:40:37,芯片,3天2板
20260709,688584.SH,上海合晶,10:13:13,芯片,首板
20260709,688610.SH,埃科光电,13:29:04,芯片,首板
20260709,688720.SH,艾森股份,13:36:41,芯片,首板
20260708,000078.SZ,ST海王,09:40:48,ST板块,6连板
20260708,000506.SZ,招金黄金,10:00:27,黄金,首板
20260708,000524.SZ,岭南控股,09:25:00,并购重组,首板
20260708,000639.SZ,ST西王,13:30:21,ST板块,首板
20260708,000759.SZ,中百集团,09:50:30,零售,首板
20260708,000838.SZ,*ST发展,14:09:27,ST板块,首板
20260708,000948.SZ,南天信息,10:42:24,算力,首板
20260708,000977.SZ,浪潮信息,09:25:00,中报增长,首板
20260708,001207.SZ,联科科技,09:56:57,股权转让,首板
20260708,001208.SZ,华菱线缆,09:25:00,机器人概念,首板
20260708,001229.SZ,魅视科技,09:25:00,物理AI,2连板
20260708,001365.SZ,天海电子,13:07:24,机器人概念,2连板
20260708,002152.SZ,广电运通,13:19:06,算力,首板
20260708,002350.SZ,北京科锐,10:20:15,储能,首板
20260708,002396.SZ,星网锐捷,09:34:57,中报增长,7天5板
20260708,002467.SZ,二六三,10:24:12,算力,首板
20260708,002490.SZ,山东墨龙,09:52:15,石油石化,首板
20260708,002512.SZ,ST达华,14:21:21,ST板块,首板
20260708,002542.SZ,*ST中岩,14:13:51,ST板块,首板
20260708,002546.SZ,新联电子,09:30:48,中报增长,首板
20260708,002642.SZ,荣联科技,11:02:03,算力,首板
20260708,002674.SZ,兴业科技,10:46:06,芯片,首板
20260708,002677.SZ,浙江美大,13:09:51,家电,4天2板
20260708,002757.SZ,南兴股份,10:27:54,算力,首板
20260708,002841.SZ,视源股份,09:34:24,中报增长,2连板
20260708,002910.SZ,庄园牧场,11:04:36,食品饮料,3天2板
20260708,002951.SZ,金时科技,13:49:03,元器件,2连板
20260708,300017.SZ,网宿科技,10:06:18,算力,首板
20260708,300369.SZ,绿盟科技,13:12:12,AI应用,首板
20260708,300454.SZ,深信服,11:20:42,AI应用,首板
20260708,301202.SZ,朗威股份,09:38:24,算力,首板
20260708,301251.SZ,威尔高,09:30:33,电源,2连板
20260708,301321.SZ,翰博高新,13:12:51,并购重组,首板
20260708,600094.SH,大名城,09:30:55,算力,2连板
20260708,600129.SH,太极集团,09:38:16,医药,首板
20260708,600187.SH,*ST国中,14:42:37,ST板块,首板
20260708,600288.SH,大恒科技,11:16:20,物理AI,3连板
20260708,600350.SH,山东高速,14:49:50,公路运营,首板
20260708,600602.SH,云赛智联,10:31:55,算力,首板
20260708,600749.SH,西藏旅游,09:30:19,旅游,首板
20260708,600756.SH,浪潮软件,09:30:00,AI应用,首板
20260708,600759.SH,ST洲际,13:23:58,ST板块,6天5板
20260708,601010.SH,ST文峰,10:40:20,ST板块,首板
20260708,603137.SH,恒尚节能,09:25:36,并购重组,7连板
20260708,603183.SH,建研院,13:06:52,机器人概念,首板
20260708,603285.SH,键邦股份,14:17:38,算力,首板
20260708,603296.SH,华勤技术,09:30:30,算力,首板
20260708,603313.SH,梦百合,14:11:01,服装家纺,首板
20260708,603339.SH,四方科技,10:57:11,算力,首板
20260708,603380.SH,易德龙,09:30:49,算力,首板
20260708,603496.SH,恒为科技,09:37:23,算力,首板
20260708,603661.SH,恒林股份,11:11:31,金刚石概念,首板
20260708,603789.SH,ST星农,13:45:14,ST板块,7天6板
20260708,603881.SH,数据港,10:31:46,算力,首板
20260708,603928.SH,兴业股份,09:44:38,电子树脂,首板
20260707,000078.SZ,ST海王,09:49:33,ST板块,5连板
20260707,000973.SZ,佛塑科技,09:31:03,锂电池,首板
20260707,001206.SZ,依依股份,09:52:30,卫生护理,首板
20260707,001229.SZ,魅视科技,09:30:06,物理AI,首板
20260707,001230.SZ,劲旅环境,13:10:54,机器人概念,首板
20260707,001311.SZ,多利科技,09:31:45,机器人概念,首板
20260707,001365.SZ,天海电子,09:38:18,机器人概念,首板
20260707,002129.SZ,TCL中环,10:05:24,硅片,首板
20260707,002137.SZ,实益达,09:53:57,机器人概念,首板
20260707,002185.SZ,华天科技,10:30:15,芯片,首板
20260707,002497.SZ,雅化集团,09:25:00,中报增长,首板
20260707,002585.SZ,双星新材,09:43:15,元器件,首板
20260707,002841.SZ,视源股份,09:25:00,中报增长,首板
20260707,002951.SZ,金时科技,09:35:03,元器件,首板
20260707,003004.SZ,声迅股份,11:08:54,物理AI,首板
20260707,301251.SZ,威尔高,09:25:00,电源,首板
20260707,301516.SZ,中远通,10:09:33,电源,首板
20260707,600094.SH,大名城,10:58:33,商业航天,首板
20260707,600120.SH,浙江东方,09:25:36,中报增长,首板
20260707,600206.SH,有研新材,09:45:36,芯片,首板
20260707,600246.SH,万通发展,09:48:16,芯片,2连板
20260707,600288.SH,大恒科技,09:34:06,物理AI,2连板
20260707,600360.SH,华微电子,13:45:08,芯片,首板
20260707,600793.SH,宜宾纸业,09:46:37,造纸,5连板
20260707,601121.SH,宝地矿业,09:25:35,中报增长,首板
20260707,603065.SH,宿迁联盛,09:37:32,芯片,首板
20260707,603137.SH,恒尚节能,09:25:42,并购重组,6连板
20260707,603178.SH,圣龙股份,09:35:53,机器人概念,3天2板
20260707,603356.SH,华菱精工,09:35:26,股权转让,首板
20260707,603823.SH,百合花,10:35:06,PEEK,首板
20260707,603861.SH,白云电器,09:51:21,智能电网,2连板
20260707,605118.SH,力鼎光电,09:37:35,物理AI,首板
20260707,605399.SH,晨光新材,10:22:21,化工,首板
20260707,688432.SH,有研硅,09:56:40,硅片,首板
20260706,000066.SZ,中国长城,13:12:21,芯片,首板
20260706,000078.SZ,ST海王,13:35:33,ST板块,4连板
20260706,000301.SZ,东方盛虹,14:11:33,中报增长,首板
20260706,000545.SZ,金浦钛业,09:38:39,化工,4天2板
20260706,000593.SZ,德龙汇能,09:44:21,天然气,首板
20260706,000656.SZ,金科股份,09:25:00,ST摘帽,3连板
20260706,000892.SZ,欢瑞世纪,09:35:12,AI应用,3天2板
20260706,000938.SZ,紫光股份,13:46:24,通信,首板
20260706,001287.SZ,中电港,09:31:54,中报增长,首板
20260706,002025.SZ,航天电器,11:12:51,华为概念,首板
20260706,002042.SZ,华孚时尚,09:25:00,中报增长,首板
20260706,002141.SZ,贤丰控股,09:32:03,通信,2连板
20260706,002175.SZ,*ST东智,09:25:00,ST板块,6连板
20260706,002245.SZ,蔚蓝锂芯,09:30:00,大圆柱电池,首板
20260706,002329.SZ,皇氏集团,09:47:30,食品饮料,4天2板
20260706,002396.SZ,星网锐捷,09:25:00,中报增长,5天4板
20260706,002403.SZ,爱仕达,09:33:24,机器人概念,4天2板
20260706,002457.SZ,青龙管业,14:22:42,基础建设,首板
20260706,002607.SZ,中公教育,09:25:00,教育,4天2板
20260706,002726.SZ,ST龙大,09:25:00,ST板块,3连板
20260706,002767.SZ,先锋电子,09:30:30,机器人概念,2连板
20260706,002774.SZ,快意电梯,09:39:42,股权转让,首板
20260706,002793.SZ,罗欣药业,10:07:36,医药,首板
20260706,002815.SZ,崇达技术,09:43:30,通信,首板
20260706,002828.SZ,贝肯能源,09:36:39,石油石化,首板
20260706,002860.SZ,星帅尔,13:03:42,家电,首板
20260706,002910.SZ,庄园牧场,13:00:36,食品饮料,首板
20260706,002919.SZ,名臣健康,14:31:48,游戏,首板
20260706,002989.SZ,中天精装,09:37:30,芯片,首板
20260706,300684.SZ,中石科技,09:50:12,液冷,首板
20260706,301191.SZ,菲菱科思,13:39:15,通信,首板
20260706,301317.SZ,鑫磊股份,13:06:15,液冷,首板
20260706,600172.SH,黄河旋风,09:46:22,金刚石概念,3天2板
20260706,600180.SH,*ST瑞茂,13:58:09,ST板块,7天6板
20260706,600215.SH,派斯林,09:40:12,机器人概念,首板
20260706,600241.SH,时代万恒,13:04:09,大圆柱电池,首板
20260706,600246.SH,万通发展,11:29:18,芯片,首板
20260706,600288.SH,大恒科技,11:26:47,机器视觉,首板
20260706,600470.SH,六国化工,09:53:53,化工,首板
20260706,600759.SH,ST洲际,14:33:22,ST板块,4连板
20260706,600791.SH,京能置业,13:05:42,地产链,首板
20260706,600793.SH,宜宾纸业,09:36:19,造纸,4连板
20260706,601101.SH,昊华能源,14:49:53,煤炭,首板
20260706,601368.SH,绿城水务,14:19:56,基础建设,首板
20260706,603020.SH,爱普股份,09:42:16,食品饮料,首板
20260706,603067.SH,振华股份,09:33:28,芯片,首板
20260706,603090.SH,宏盛股份,09:52:11,液冷,首板
20260706,603118.SH,共进股份,13:41:32,通信,首板
20260706,603137.SH,恒尚节能,09:25:50,并购重组,5连板
20260706,603155.SH,新亚强,09:37:33,芯片,首板
20260706,603201.SH,常润股份,09:44:43,并购重组,首板
20260706,603211.SH,晋拓股份,09:32:05,机器人概念,2连板
20260706,603221.SH,爱丽家居,10:59:48,地产链,首板
20260706,603268.SH,松发股份,09:44:35,ST摘帽,首板
20260706,603269.SH,海鸥股份,09:38:19,液冷,首板
20260706,603375.SH,盛景微,13:47:55,芯片,首板
20260706,603477.SH,巨星农牧,13:21:31,农业,首板
20260706,603722.SH,阿科力,09:25:59,实控人变更,2连板
20260706,603757.SH,大元泵业,09:45:48,液冷,首板
20260706,603789.SH,ST星农,09:25:50,ST板块,5连板
20260706,603815.SH,交建股份,13:18:38,基础建设,首板
20260706,603819.SH,神力股份,09:44:55,发电机,首板
20260706,603861.SH,白云电器,09:49:33,智能电网,首板
20260706,603903.SH,中持股份,09:40:08,股权转让,首板
20260706,603931.SH,格林达,11:18:22,芯片,首板
20260706,605060.SH,XD联德股,09:37:34,液冷,首板
20260706,605196.SH,华通线缆,09:35:32,智能电网,首板
20260706,605377.SH,华旺科技,11:15:52,造纸,首板
20260706,688039.SH,当虹科技,11:27:58,机器人概念,首板
20260706,688206.SH,概伦电子,09:43:09,芯片,首板
20260706,688496.SH,*ST清越,09:48:19,ST板块,首板
20260703,000016.SZ,*ST康佳A,09:35:00,ST板块,4连板
20260703,000078.SZ,ST海王,09:25:00,ST板块,3连板
20260703,000506.SZ,招金黄金,09:30:51,黄金,2连板
20260703,000576.SZ,甘化科工,09:41:21,有色金属,2连板
20260703,000595.SZ,宝塔实业,09:25:00,ST摘帽,2连板
20260703,000639.SZ,ST西王,09:32:45,ST板块,3连板
20260703,000656.SZ,金科股份,09:25:00,ST摘帽,2连板
20260703,000711.SZ,ST京蓝,09:31:21,ST板块,4连板
20260703,000821.SZ,ST京机,14:48:36,ST板块,4天3板
20260703,000838.SZ,*ST发展,09:47:21,ST板块,2连板
20260703,000908.SZ,石药景峰,09:35:09,医药,2连板
20260703,000909.SZ,*ST数源,09:30:12,ST板块,4连板
20260703,000975.SZ,山金国际,09:31:42,黄金,首板
20260703,001268.SZ,联合精密,11:12:09,家电,首板
20260703,001270.SZ,铖昌科技,09:33:33,商业航天,首板
20260703,001306.SZ,夏厦精密,09:36:27,机器人概念,首板
20260703,001317.SZ,三羊马,09:33:09,物流,2连板
20260703,001337.SZ,四川黄金,09:33:54,黄金,首板
20260703,001400.SZ,江顺科技,11:08:12,商业航天,首板
20260703,002005.SZ,ST德豪,10:38:27,ST板块,3连板
20260703,002067.SZ,景兴纸业,09:33:03,机器人概念,首板
20260703,002072.SZ,凯瑞德,09:43:06,煤炭,首板
20260703,002082.SZ,ST万邦,13:52:03,ST板块,首板
20260703,002090.SZ,金智科技,10:28:24,智能电网,首板
20260703,002109.SZ,ST兴化,11:19:03,ST板块,3连板
20260703,002122.SZ,ST汇洲,10:03:00,ST板块,2连板
20260703,002141.SZ,贤丰控股,11:07:18,通信,首板
20260703,002148.SZ,北纬科技,09:25:00,机器人概念,首板
20260703,002168.SZ,ST惠程,11:21:03,ST板块,首板
20260703,002175.SZ,*ST东智,09:25:00,ST板块,5连板
20260703,002193.SZ,ST如意,11:26:54,ST板块,4天3板
20260703,002198.SZ,ST嘉应,13:45:06,ST板块,3连板
20260703,002199.SZ,*ST东晶,10:33:21,ST板块,3天2板
20260703,002217.SZ,ST合力泰,09:31:18,算力,首板
20260703,002249.SZ,大洋电机,09:45:09,机器人概念,首板
20260703,002270.SZ,华明装备,10:22:27,智能电网,首板
20260703,002283.SZ,天润工业,13:02:33,机器人概念,首板
20260703,002292.SZ,奥飞娱乐,09:31:09,中报增长,首板
20260703,002294.SZ,信立泰,14:34:39,医药,首板
20260703,002305.SZ,*ST南置,10:44:30,ST板块,3连板
20260703,002353.SZ,杰瑞股份,10:44:24,燃气轮机,首板
20260703,002360.SZ,ST同德,09:30:09,ST板块,4连板
20260703,002377.SZ,国创高新,14:12:00,基础建设,首板
20260703,002396.SZ,星网锐捷,09:25:00,中报增长,4天3板
20260703,002434.SZ,万里扬,09:59:03,机器人概念,首板
20260703,002471.SZ,中超控股,09:33:03,机器人概念,首板
20260703,002472.SZ,双环传动,10:29:57,机器人概念,4天2板
20260703,002485.SZ,ST雪发,10:59:00,ST板块,首板
20260703,002496.SZ,辉丰股份,14:06:03,ST摘帽,首板
20260703,002501.SZ,*ST利源,13:40:24,ST板块,首板
20260703,002520.SZ,日发精机,09:35:48,机器人概念,首板
20260703,002528.SZ,*ST英飞,14:54:12,ST板块,首板
20260703,002536.SZ,飞龙股份,09:41:15,算力,首板
20260703,002542.SZ,*ST中岩,09:25:00,ST板块,3连板
20260703,002598.SZ,ST章鼓,13:38:51,ST板块,首板
20260703,002623.SZ,亚玛顿,10:57:54,光伏,首板
20260703,002635.SZ,安洁科技,09:48:15,并购重组,3天2板
20260703,002650.SZ,ST加加,11:08:36,ST板块,首板
20260703,002664.SZ,信质集团,11:18:45,机器人概念,首板
20260703,002667.SZ,*ST威领,09:25:00,ST板块,3连板
20260703,002677.SZ,浙江美大,09:31:45,家电,首板
20260703,002700.SZ,万憬能源,09:52:06,天然气,首板
20260703,002715.SZ,登云股份,14:10:24,黄金,首板
20260703,002717.SZ,*ST岭南,14:40:42,ST板块,4天3板
20260703,002726.SZ,ST龙大,13:28:00,ST板块,2连板
20260703,002747.SZ,埃斯顿,09:34:45,机器人概念,4天3板
20260703,002765.SZ,蓝黛科技,09:50:48,机器人概念,首板
20260703,002767.SZ,先锋电子,13:50:24,机器人概念,首板
20260703,002771.SZ,真视通,10:00:24,算力,首板
20260703,002822.SZ,ST中装,10:27:27,ST板块,9天8板
20260703,002850.SZ,科达利,10:17:42,机器人概念,首板
20260703,002868.SZ,绿康生化,09:37:42,ST摘帽,3天2板
20260703,002872.SZ,ST天圣,14:42:42,ST板块,首板
20260703,002896.SZ,中大力德,10:10:00,机器人概念,首板
20260703,002977.SZ,*ST天箭,09:25:00,ST板块,4连板
20260703,002979.SZ,雷赛智能,09:25:00,中报增长,2连板
20260703,002981.SZ,朝阳科技,10:06:33,机器人概念,3天2板
20260703,002988.SZ,豪美新材,14:06:03,机器人概念,首板
20260703,003011.SZ,海象新材,13:54:39,地产链,首板
20260703,003021.SZ,兆威机电,13:04:33,机器人概念,首板
20260703,003028.SZ,振邦智能,13:03:06,机器人概念,首板
20260703,300129.SZ,泰胜风能,10:50:33,商业航天,首板
20260703,300580.SZ,贝斯特,13:04:21,机器人概念,首板
20260703,300718.SZ,长盛轴承,13:13:09,机器人概念,首板
20260703,300779.SZ,惠城环保,10:17:09,化工,首板
20260703,300912.SZ,凯龙高科,09:45:03,机器人概念,首板
20260703,300985.SZ,致远新能,13:01:39,天然气,首板
20260703,301199.SZ,迈赫股份,14:05:51,机器人概念,首板
20260703,301379.SZ,天山电子,09:38:33,面板,4天2板
20260703,301499.SZ,维科精密,13:46:51,机器人概念,首板
20260703,301596.SZ,瑞迪智驱,13:09:15,机器人概念,首板
20260703,600082.SH,ST海泰,09:34:26,ST板块,3连板
20260703,600084.SH,*ST尼雅,09:31:20,ST板块,2连板
20260703,600143.SH,金发科技,11:26:44,机器人概念,首板
20260703,600165.SH,ST宁科,10:25:58,ST板块,2连板
20260703,600187.SH,*ST国中,09:25:44,ST板块,首板
20260703,600238.SH,*ST椰岛,13:33:56,ST板块,首板
20260703,600243.SH,*ST海华,13:08:19,ST板块,2连板
20260703,600265.SH,*ST景谷,14:47:34,ST板块,首板
20260703,600376.SH,首开股份,09:25:57,机器人概念,首板
20260703,600391.SH,航发科技,09:38:48,燃气轮机,4天2板
20260703,600530.SH,交大昂立,09:50:30,保健品,首板
20260703,600580.SH,卧龙电驱,10:02:09,机器人概念,首板
20260703,600592.SH,龙溪股份,13:18:16,机器人概念,首板
20260703,600624.SH,ST复华,09:37:56,ST板块,2连板
20260703,600730.SH,*ST高科,14:41:16,ST板块,首板
20260703,600734.SH,*ST实达,10:29:09,ST板块,3天2板
20260703,600759.SH,ST洲际,10:44:26,ST板块,3连板
20260703,600769.SH,祥龙电业,11:17:07,国有企业,首板
20260703,600793.SH,宜宾纸业,09:30:01,造纸,3连板
20260703,600801.SH,华新建材,09:46:22,基础建设,首板
20260703,600841.SH,动力新科,13:02:42,算力,首板
20260703,600988.SH,赤峰黄金,09:31:37,黄金,2连板
20260703,600990.SH,四创电子,14:27:59,商业航天,首板
20260703,601010.SH,ST文峰,09:33:45,ST板块,3连板
20260703,601069.SH,西部黄金,09:35:15,黄金,首板
20260703,601100.SH,恒立液压,14:18:35,基础建设,首板
20260703,601177.SH,杭齿前进,09:43:39,机器人概念,首板
20260703,601689.SH,拓普集团,13:09:43,机器人概念,首板
20260703,601718.SH,ST际华,09:25:38,ST板块,3连板
20260703,603012.SH,创力集团,13:38:11,智慧矿山,首板
20260703,603013.SH,亚普股份,13:12:27,汽车零部件,首板
20260703,603051.SH,鹿山新材,11:02:34,机器人概念,首板
20260703,603137.SH,恒尚节能,09:25:51,并购重组,4连板
20260703,603165.SH,荣晟环保,10:07:43,机器人概念,首板
20260703,603178.SH,圣龙股份,09:45:55,机器人概念,首板
20260703,603211.SH,晋拓股份,09:36:56,机器人概念,首板
20260703,603278.SH,大业股份,13:09:52,机器人概念,首板
20260703,603286.SH,日盈电子,10:17:00,机器人概念,2连板
20260703,603303.SH,得邦照明,09:40:25,LED,首板
20260703,603327.SH,福蓉科技,09:30:12,中报增长,首板
20260703,603338.SH,浙江鼎力,11:23:31,基础建设,2连板
20260703,603377.SH,ST东时,09:31:34,ST板块,2连板
20260703,603378.SH,*ST亚士,11:23:53,ST板块,3天2板
20260703,603466.SH,风语筑,13:22:41,机器人概念,首板
20260703,603557.SH,*ST起步,09:25:56,ST板块,3连板
20260703,603559.SH,中通国脉,09:33:52,ST摘帽,3连板
20260703,603580.SH,艾艾精工,14:56:14,ST摘帽,4天3板
20260703,603596.SH,伯特利,10:24:13,机器人概念,首板
20260703,603713.SH,密尔克卫,09:38:41,芯片,首板
20260703,603717.SH,天域生物,09:36:38,农业,2连板
20260703,603726.SH,朗迪集团,13:02:42,芯片,首板
20260703,603730.SH,岱美股份,10:09:36,机器人概念,首板
20260703,603789.SH,ST星农,09:25:42,ST板块,4连板
20260703,603798.SH,康普顿,09:41:59,氢能源,首板
20260703,603822.SH,ST嘉澳,09:31:43,ST板块,2连板
20260703,603828.SH,*ST利达,09:25:58,ST板块,3连板
20260703,603915.SH,国茂股份,13:08:54,机器人概念,首板
20260703,603922.SH,ST金鸿顺,14:14:58,ST板块,首板
20260703,605028.SH,世茂能源,13:33:56,电力,首板
20260703,605068.SH,明新旭腾,09:35:27,机器人概念,首板
20260703,605189.SH,富春染织,13:18:24,机器人概念,3连板
20260703,605199.SH,ST葫芦娃,09:35:57,ST板块,3连板
20260703,605255.SH,天普股份,13:01:52,芯片,首板
20260703,605305.SH,中际联合,10:59:08,风电,首板
20260703,688311.SH,盟升电子,14:04:31,商业航天,首板
20260702,000010.SZ,*ST美丽,09:33:57,ST板块,2连板
20260702,000016.SZ,*ST康佳A,09:25:00,ST板块,3连板
20260702,000078.SZ,ST海王,09:31:06,ST板块,2连板
20260702,000506.SZ,招金黄金,10:35:51,黄金,首板
20260702,000520.SZ,凤凰航运,09:30:12,航运,2连板
20260702,000536.SZ,华映科技,09:51:18,面板,2连板
20260702,000566.SZ,海南海药,09:30:00,医药,4连板
20260702,000572.SZ,海马汽车,09:38:36,海南,首板
20260702,000576.SZ,甘化科工,10:08:21,金属钨,首板
20260702,000592.SZ,平潭发展,09:39:24,海峡两岸,首板
20260702,000595.SZ,宝塔实业,09:25:00,ST摘帽,首板
20260702,000601.SZ,韶能股份,09:31:09,中报增长,2连板
20260702,000632.SZ,ST三木,09:34:06,ST板块,2连板
20260702,000639.SZ,ST西王,09:25:00,ST板块,2连板
20260702,000656.SZ,金科股份,09:25:00,ST摘帽,首板
20260702,000677.SZ,ST海龙,09:59:33,ST板块,2连板
20260702,000698.SZ,ST沈化,09:52:57,ST板块,2连板
20260702,000700.SZ,模塑科技,10:09:30,机器人概念,首板
20260702,000711.SZ,ST京蓝,09:25:00,ST板块,3连板
20260702,000820.SZ,*ST节能,09:32:33,ST板块,3连板
20260702,000821.SZ,ST京机,09:35:06,ST板块,3天2板
20260702,000838.SZ,*ST发展,09:41:48,ST板块,首板
20260702,000890.SZ,法尔胜,09:35:54,股权转让,首板
20260702,000892.SZ,欢瑞世纪,09:32:57,AI应用,首板
20260702,000908.SZ,石药景峰,09:32:36,医药,首板
20260702,000909.SZ,*ST数源,09:44:42,ST板块,3连板
20260702,000951.SZ,中国重汽,13:05:45,汽车类,首板
20260702,000955.SZ,欣龙控股,09:41:03,海南,首板
20260702,000972.SZ,中基健康,10:03:45,ST摘帽,首板
20260702,001313.SZ,粤海饲料,13:01:09,农业,2连板
20260702,001317.SZ,三羊马,11:17:09,物流,首板
20260702,001319.SZ,铭科精技,10:45:33,机器人概念,首板
20260702,001378.SZ,德冠新材,10:06:33,化工,首板
20260702,002005.SZ,ST德豪,09:31:21,ST板块,2连板
20260702,002020.SZ,京新药业,09:25:00,医药,首板
20260702,002029.SZ,七匹狼,13:09:18,服装家纺,首板
20260702,002102.SZ,ST能特,09:45:09,ST板块,2连板
20260702,002109.SZ,ST兴化,09:33:33,ST板块,2连板
20260702,002122.SZ,ST汇洲,10:02:42,ST板块,首板
20260702,002175.SZ,*ST东智,09:25:00,ST板块,4连板
20260702,002198.SZ,ST嘉应,09:39:15,ST板块,2连板
20260702,002250.SZ,联化科技,09:41:51,医药,首板
20260702,002258.SZ,利尔化学,13:04:51,农业,首板
20260702,002305.SZ,*ST南置,09:30:57,ST板块,2连板
20260702,002354.SZ,天娱数科,09:30:03,AI应用,首板
20260702,002360.SZ,ST同德,09:25:00,ST板块,3连板
20260702,002392.SZ,北京利尔,10:26:27,氧化锆,首板
20260702,002427.SZ,尤夫股份,09:39:27,化工,首板
20260702,002431.SZ,ST棕榈,09:45:54,ST板块,首板
20260702,002458.SZ,益生股份,09:30:57,中报增长,2连板
20260702,002512.SZ,ST达华,09:58:27,ST板块,首板
20260702,002542.SZ,*ST中岩,09:30:36,ST板块,2连板
20260702,002547.SZ,*ST春兴,09:25:00,ST板块,2连板
20260702,002559.SZ,亚威股份,09:36:51,芯片,5天3板
20260702,002569.SZ,*ST步森,09:25:00,ST板块,3连板
20260702,002580.SZ,圣阳股份,11:25:21,算力,首板
20260702,002581.SZ,*ST未名,14:32:57,ST板块,首板
20260702,002584.SZ,西陇科学,10:48:36,氧化锆,首板
20260702,002586.SZ,ST围海,13:40:15,ST板块,3天2板
20260702,002592.SZ,ST八菱,09:52:18,ST板块,2连板
20260702,002596.SZ,海南瑞泽,09:46:39,海南,首板
20260702,002620.SZ,*ST瑞和,09:32:30,ST板块,2连板
20260702,002634.SZ,*ST棒杰,14:24:09,ST板块,首板
20260702,002652.SZ,扬子新材,09:54:06,芯片,首板
20260702,002656.SZ,*ST摩登,09:31:48,ST板块,2连板
20260702,002667.SZ,*ST威领,09:25:00,ST板块,2连板
20260702,002674.SZ,兴业科技,13:31:21,芯片,首板
20260702,002689.SZ,ST远智,14:28:42,ST板块,首板
20260702,002693.SZ,双成药业,13:52:03,医药,4天2板
20260702,002696.SZ,百洋股份,14:14:42,农业,首板
20260702,002726.SZ,ST龙大,09:51:21,ST板块,首板
20260702,002798.SZ,帝欧水华,09:46:39,AI应用,首板
20260702,002826.SZ,易明医药,09:32:15,医药,2连板
20260702,002842.SZ,翔鹭钨业,10:27:21,金属钨,首板
20260702,002856.SZ,*ST美芝,09:25:00,ST板块,4连板
20260702,002931.SZ,锋龙股份,09:57:00,机器人概念,3天2板
20260702,002971.SZ,和远气体,09:40:57,芯片,2连板
20260702,002977.SZ,*ST天箭,09:25:00,ST板块,3连板
20260702,002979.SZ,雷赛智能,09:25:00,中报增长,首板
20260702,002995.SZ,天地在线,09:32:33,AI应用,首板
20260702,002998.SZ,优彩资源,09:25:00,中报增长,首板
20260702,003030.SZ,祖名股份,09:33:48,食品饮料,首板
20260702,300071.SZ,福石控股,09:32:15,AI应用,首板
20260702,300163.SZ,先锋新材,09:58:00,基础建设,首板
20260702,300695.SZ,兆丰股份,14:23:15,机器人概念,首板
20260702,300740.SZ,水羊股份,11:23:48,美容护理,首板
20260702,301008.SZ,宏昌科技,10:09:45,机器人概念,首板
20260702,301019.SZ,宁波色母,10:01:39,化工,首板
20260702,301092.SZ,争光股份,09:35:36,电子树脂,2连板
20260702,600082.SH,ST海泰,09:31:24,ST板块,2连板
20260702,600084.SH,*ST尼雅,10:25:26,ST板块,首板
20260702,600107.SH,*ST尔雅,10:39:20,ST板块,首板
20260702,600119.SH,*ST长投,09:42:40,ST板块,2连板
20260702,600156.SH,华升股份,09:59:26,算力,首板
20260702,600165.SH,ST宁科,09:50:47,ST板块,首板
20260702,600172.SH,黄河旋风,10:37:33,金刚石概念,首板
20260702,600180.SH,*ST瑞茂,09:25:46,ST板块,5连板
20260702,600182.SH,S佳通,09:42:37,汽车零部件,2连板
20260702,600243.SH,*ST海华,10:26:59,ST板块,首板
20260702,600423.SH,*ST柳化,09:44:06,ST板块,2连板
20260702,600449.SH,宁夏建材,11:10:27,算力,首板
20260702,600480.SH,凌云股份,13:44:53,机器人概念,首板
20260702,600490.SH,鹏欣资源,14:36:05,黄金,首板
20260702,600491.SH,ST龙元,09:25:56,ST板块,2连板
20260702,600537.SH,*ST亿晶,13:39:40,ST板块,3天2板
20260702,600581.SH,*ST八钢,09:41:59,ST板块,2连板
20260702,600624.SH,ST复华,09:51:03,ST板块,首板
20260702,600630.SH,龙头股份,09:48:49,服装家纺,首板
20260702,600641.SH,先导基电,09:25:33,并购重组,3连板
20260702,600753.SH,ST海钦,10:45:44,ST板块,首板
20260702,600759.SH,ST洲际,09:25:34,ST板块,2连板
20260702,600793.SH,宜宾纸业,09:31:35,造纸,2连板
20260702,600815.SH,厦工股份,09:45:26,基础建设,首板
20260702,600988.SH,赤峰黄金,10:34:34,黄金,首板
20260702,601010.SH,ST文峰,09:42:16,ST板块,2连板
20260702,601678.SH,滨化股份,09:50:07,化工,首板
20260702,601718.SH,ST际华,09:39:25,ST板块,2连板
20260702,603021.SH,*ST华鹏,10:37:17,ST板块,2连板
20260702,603135.SH,中重科技,13:01:17,机器人概念,首板
20260702,603137.SH,恒尚节能,09:25:42,并购重组,3连板
20260702,603261.SH,立航科技,10:25:18,ST摘帽,首板
20260702,603272.SH,*ST联翔,09:25:34,ST板块,3连板
20260702,603273.SH,天元智能,09:43:09,基础建设,首板
20260702,603286.SH,日盈电子,09:32:55,机器人概念,首板
20260702,603337.SH,杰克科技,10:16:42,机器人概念,首板
20260702,603338.SH,浙江鼎力,13:00:38,基础建设,首板
20260702,603359.SH,*ST东珠,09:40:47,ST板块,2连板
20260702,603377.SH,ST东时,10:17:17,ST板块,首板
20260702,603416.SH,信捷电气,10:02:09,机器人概念,首板
20260702,603429.SH,*ST集友,09:41:53,ST板块,2连板
20260702,603505.SH,金石资源,11:28:22,化工,2连板
20260702,603517.SH,ST绝味,14:13:08,ST板块,首板
20260702,603538.SH,美诺华,09:31:11,医药,2连板
20260702,603557.SH,*ST起步,09:30:56,ST板块,2连板
20260702,603559.SH,中通国脉,10:00:35,ST摘帽,2连板
20260702,603580.SH,艾艾精工,10:03:34,ST摘帽,3天2板
20260702,603608.SH,天创时尚,11:10:06,机器人概念,首板
20260702,603638.SH,艾迪精密,10:22:11,基础建设,首板
20260702,603717.SH,天域生物,09:44:30,农业,首板
20260702,603759.SH,XD海天股,14:11:01,光伏,首板
20260702,603778.SH,国晟科技,09:43:03,光伏,首板
20260702,603789.SH,ST星农,09:25:52,ST板块,3连板
20260702,603790.SH,雅运股份,09:52:00,新材料概念,首板
20260702,603822.SH,ST嘉澳,09:32:56,ST板块,首板
20260702,603828.SH,*ST利达,09:30:50,ST板块,2连板
20260702,603897.SH,长城科技,09:35:27,机器人概念,首板
20260702,603926.SH,铁流股份,09:46:42,机器人概念,首板
20260702,603928.SH,兴业股份,09:49:25,电子树脂,5天4板
20260702,605020.SH,永和股份,11:20:52,化工,首板
20260702,605055.SH,迎丰股份,09:58:49,机器人概念,首板
20260702,605189.SH,富春染织,13:34:52,机器人概念,2连板
20260702,605199.SH,ST葫芦娃,09:54:37,ST板块,2连板
20260702,605286.SH,同力天启,09:59:54,电力,首板
20260702,605488.SH,福莱新材,10:09:26,机器人概念,2连板
20260701,000010.SZ,*ST美丽,10:31:06,ST板块,首板
20260701,000016.SZ,*ST康佳A,09:34:21,ST板块,2连板
20260701,000068.SZ,华控赛格,09:39:51,基础建设,首板
20260701,000078.SZ,ST海王,09:58:45,ST板块,首板
20260701,000520.SZ,凤凰航运,09:56:42,航运,首板
20260701,000521.SZ,长虹美菱,14:00:09,家电,3天2板
20260701,000536.SZ,华映科技,09:40:00,面板,首板
20260701,000545.SZ,金浦钛业,09:53:36,化工,首板
20260701,000566.SZ,海南海药,13:16:24,医药,3连板
20260701,000601.SZ,韶能股份,09:25:00,中报增长,首板
20260701,000603.SZ,盛达资源,10:08:15,中报增长,2连板
20260701,000609.SZ,*ST中迪,11:25:45,ST板块,5天4板
20260701,000610.SZ,*ST西旅,11:05:36,ST板块,首板
20260701,000632.SZ,ST三木,09:41:09,ST板块,首板
20260701,000639.SZ,ST西王,09:39:39,ST板块,首板
20260701,000669.SZ,ST金鸿,14:42:51,ST板块,首板
20260701,000677.SZ,ST海龙,09:52:33,ST板块,首板
20260701,000698.SZ,ST沈化,11:25:48,化工,首板
20260701,000711.SZ,ST京蓝,09:25:00,ST板块,2连板
20260701,000733.SZ,振华科技,09:30:00,元器件,首板
20260701,000757.SZ,浩物股份,10:56:57,汽车零部件,首板
20260701,000795.SZ,英洛华,09:36:36,稀土永磁,首板
20260701,000820.SZ,*ST节能,09:30:00,ST板块,2连板
20260701,000863.SZ,三湘印象,09:55:39,股权转让,首板
20260701,000876.SZ,新希望,10:40:51,农业,首板
20260701,000909.SZ,*ST数源,09:30:12,ST板块,2连板
20260701,000911.SZ,*ST广糖,14:36:33,ST板块,首板
20260701,000925.SZ,众合科技,13:59:36,芯片,首板
20260701,001256.SZ,炜冈科技,09:35:33,新型工业化,首板
20260701,001269.SZ,欧晶科技,10:03:06,芯片,首板
20260701,001313.SZ,粤海饲料,13:04:09,农业,首板
20260701,001331.SZ,胜通能源,11:08:09,机器人概念,2连板
20260701,001365.SZ,天海电子,09:42:21,机器人概念,首板
20260701,002005.SZ,ST德豪,09:46:03,ST板块,首板
20260701,002052.SZ,同洲电子,10:47:30,电源,首板
20260701,002053.SZ,云南能投,09:35:15,电力,2连板
20260701,002102.SZ,ST能特,11:04:09,ST板块,首板
20260701,002109.SZ,ST兴化,10:06:12,ST板块,首板
20260701,002123.SZ,梦网科技,13:29:33,算力,首板
20260701,002124.SZ,天邦食品,10:17:33,农业,首板
20260701,002161.SZ,远望谷,09:41:21,物理AI,首板
20260701,002167.SZ,东方锆业,09:32:15,非金属材料,2连板
20260701,002175.SZ,*ST东智,09:25:00,ST板块,3连板
20260701,002184.SZ,海得控制,09:32:03,机器人概念,首板
20260701,002193.SZ,ST如意,09:30:24,ST板块,2连板
20260701,002198.SZ,ST嘉应,10:17:12,ST板块,首板
20260701,002199.SZ,*ST东晶,10:43:51,ST板块,首板
20260701,002200.SZ,交投生态,10:58:06,ST摘帽,首板
20260701,002207.SZ,*ST准油,09:55:06,ST板块,首板
20260701,002232.SZ,启明信息,09:34:06,机器人概念,首板
20260701,002268.SZ,电科网安,09:37:21,商业航天,首板
20260701,002273.SZ,水晶光电,09:25:00,芯片,2连板
20260701,002277.SZ,友阿股份,09:57:15,芯片,3天2板
20260701,002305.SZ,*ST南置,09:49:12,ST板块,首板
20260701,002313.SZ,日海智能,09:30:18,股权转让,首板
20260701,002326.SZ,永太科技,09:39:42,中报增长,首板
20260701,002329.SZ,皇氏集团,10:47:33,食品饮料,首板
20260701,002360.SZ,ST同德,09:30:06,ST板块,2连板
20260701,002396.SZ,星网锐捷,09:32:57,通信,2连板
20260701,002403.SZ,爱仕达,11:03:39,机器人概念,首板
20260701,002407.SZ,多氟多,09:31:30,芯片,3连板
20260701,002423.SZ,中粮资本,10:50:39,保险,首板
20260701,002440.SZ,闰土股份,13:06:48,化工,首板
20260701,002442.SZ,龙星科技,10:53:33,化工,首板
20260701,002455.SZ,百川股份,11:07:21,化工,首板
20260701,002458.SZ,益生股份,09:25:00,中报增长,首板
20260701,002468.SZ,申通快递,09:30:00,快递,首板
20260701,002514.SZ,*ST宝馨,09:50:06,ST板块,2连板
20260701,002524.SZ,光正眼科,10:11:51,眼科医疗,首板
20260701,002542.SZ,*ST中岩,09:42:45,ST板块,首板
20260701,002547.SZ,*ST春兴,09:40:09,ST板块,首板
20260701,002548.SZ,金新农,10:00:27,农业,首板
20260701,002559.SZ,亚威股份,09:25:00,芯片,4天2板
20260701,002569.SZ,*ST步森,09:25:00,ST板块,2连板
20260701,002592.SZ,ST八菱,11:17:24,ST板块,首板
20260701,002607.SZ,中公教育,10:06:06,教育,首板
20260701,002620.SZ,*ST瑞和,09:53:15,ST板块,首板
20260701,002635.SZ,安洁科技,09:25:00,并购重组,首板
20260701,002656.SZ,*ST摩登,10:41:42,ST板块,首板
20260701,002667.SZ,*ST威领,09:30:00,ST板块,首板
20260701,002670.SZ,国盛证券,10:24:18,证券,首板
20260701,002691.SZ,*ST冀凯,09:54:36,ST板块,首板
20260701,002694.SZ,*ST顾地,09:41:33,ST板块,首板
20260701,002698.SZ,博实股份,13:00:54,机器人概念,首板
20260701,002717.SZ,*ST岭南,09:31:42,ST板块,2连板
20260701,002719.SZ,ST麦趣,09:40:39,ST板块,首板
20260701,002738.SZ,中矿资源,09:30:54,锂电池,2连板
20260701,002747.SZ,埃斯顿,09:31:48,机器人概念,2连板
20260701,002759.SZ,天际股份,11:13:21,锂电池,首板
20260701,002822.SZ,ST中装,09:30:21,ST板块,7连板
20260701,002826.SZ,易明医药,14:16:42,医药,首板
20260701,002840.SZ,华统股份,10:49:24,农业,首板
20260701,002856.SZ,*ST美芝,09:25:00,ST板块,3连板
20260701,002868.SZ,绿康生化,10:50:36,ST摘帽,首板
20260701,002881.SZ,美格智能,13:39:15,算力,首板
20260701,002883.SZ,*ST中设,14:53:48,ST板块,首板
20260701,002923.SZ,润都股份,13:08:12,医药,首板
20260701,002929.SZ,润建股份,13:00:21,算力,2连板
20260701,002930.SZ,宏川智慧,13:29:21,芯片,首板
20260701,002940.SZ,昂利康,13:07:39,医药,首板
20260701,002943.SZ,宇晶股份,13:06:18,芯片,首板
20260701,002971.SZ,和远气体,13:39:24,芯片,首板
20260701,002977.SZ,*ST天箭,09:32:15,ST板块,2连板
20260701,002981.SZ,朝阳科技,11:16:03,端侧AI,首板
20260701,002982.SZ,湘佳股份,10:49:42,农业,首板
20260701,003007.SZ,直真科技,10:29:51,算力,首板
20260701,300175.SZ,朗源股份,10:39:06,ST摘帽,首板
20260701,300287.SZ,飞利信,09:54:06,端侧AI,首板
20260701,300343.SZ,联创股份,11:11:39,ST摘帽,首板
20260701,300345.SZ,华民股份,13:05:09,光伏,首板
20260701,300385.SZ,ST雪浪,10:05:51,ST板块,首板
20260701,300481.SZ,濮阳惠成,13:05:27,化工,首板
20260701,300487.SZ,蓝晓科技,10:15:48,芯片,首板
20260701,300518.SZ,新迅达,09:32:21,锂电池,2连板
20260701,300539.SZ,横河精密,10:03:45,机器人概念,首板
20260701,300561.SZ,汇金科技,10:15:03,金融概念,首板
20260701,300607.SZ,拓斯达,09:45:45,机器人概念,首板
20260701,300852.SZ,四会富仕,14:54:12,通信,首板
20260701,301092.SZ,争光股份,13:10:09,通信,首板
20260701,301279.SZ,金道科技,10:10:54,机器人概念,首板
20260701,600053.SH,*ST九鼎,11:27:29,ST板块,首板
20260701,600076.SH,康欣新材,09:31:47,芯片,2连板
20260701,600080.SH,ST金花,13:00:02,ST板块,首板
20260701,600082.SH,ST海泰,09:42:23,ST板块,首板
20260701,600113.SH,浙江东日,09:30:17,零售,3连板
20260701,600119.SH,*ST长投,11:23:11,ST板块,首板
20260701,600179.SH,安通控股,10:23:05,航运,首板
20260701,600180.SH,*ST瑞茂,09:25:41,ST板块,4连板
20260701,600182.SH,S佳通,10:31:47,汽车零部件,首板
20260701,600199.SH,金种子酒,11:00:43,酿酒,首板
20260701,600208.SH,衢州发展,09:42:53,芯片,首板
20260701,600233.SH,圆通速递,09:25:30,中报增长,首板
20260701,600397.SH,江钨装备,09:36:58,有色金属,首板
20260701,600423.SH,*ST柳化,10:34:10,ST板块,首板
20260701,600446.SH,金证股份,13:18:07,金融概念,首板
20260701,600470.SH,六国化工,09:36:59,化工,首板
20260701,600491.SH,ST龙元,09:41:18,ST板块,首板
20260701,600509.SH,天富能源,09:25:30,芯片,首板
20260701,600543.SH,*ST莫高,13:05:46,ST板块,首板
20260701,600581.SH,*ST八钢,11:15:44,ST板块,首板
20260701,600641.SH,先导基电,10:00:55,芯片,2连板
20260701,600658.SH,电子城,11:24:36,地产链,首板
20260701,600661.SH,昂立教育,11:11:58,教育,首板
20260701,600665.SH,天地源,10:35:37,地产链,首板
20260701,600667.SH,太极实业,09:45:23,芯片,首板
20260701,600673.SH,东阳光,13:18:49,算力,首板
20260701,600724.SH,宁波富达,10:13:05,地产链,首板
20260701,600725.SH,云维股份,09:47:14,煤炭,首板
20260701,600734.SH,*ST实达,09:38:15,ST板块,首板
20260701,600759.SH,ST洲际,09:36:12,ST板块,首板
20260701,600783.SH,鲁信创投,09:46:17,商业航天,2连板
20260701,600784.SH,鲁银投资,10:27:14,机器人概念,首板
20260701,600793.SH,宜宾纸业,10:15:07,造纸,首板
20260701,600825.SH,新华传媒,10:27:35,文化传媒,首板
20260701,600826.SH,兰生股份,13:03:01,机器人概念,首板
20260701,600845.SH,宝信软件,09:37:37,机器人概念,首板
20260701,600857.SH,宁波中百,10:21:53,零售,5天3板
20260701,600885.SH,宏发股份,13:25:20,智能电网,首板
20260701,600909.SH,华安证券,10:07:34,证券,首板
20260701,600965.SH,*ST福成,13:01:32,ST板块,3天2板
20260701,600975.SH,新五丰,10:32:58,农业,首板
20260701,601010.SH,ST文峰,13:04:34,ST板块,首板
20260701,601162.SH,天风证券,10:14:05,证券,首板
20260701,601718.SH,ST际华,10:13:41,ST板块,首板
20260701,601933.SH,永辉超市,10:33:24,零售,首板
20260701,601991.SH,大唐发电,13:06:08,电力,首板
20260701,603014.SH,威高血净,09:36:48,并购重组,首板
20260701,603021.SH,*ST华鹏,10:32:34,ST板块,首板
20260701,603040.SH,新坐标,11:22:55,机器人概念,首板
20260701,603120.SH,肯特催化,09:42:29,化工,2连板
20260701,603131.SH,上海沪工,11:16:33,机器人概念,首板
20260701,603137.SH,恒尚节能,09:25:38,并购重组,2连板
20260701,603166.SH,福达股份,10:00:46,机器人概念,首板
20260701,603173.SH,福斯达,10:01:50,新型工业化,首板
20260701,603189.SH,*ST网达,11:11:21,ST板块,首板
20260701,603212.SH,赛伍技术,13:02:02,光伏,2连板
20260701,603272.SH,*ST联翔,09:25:57,ST板块,2连板
20260701,603325.SH,博隆技术,13:16:35,新型工业化,首板
20260701,603330.SH,天洋新材,09:56:15,通信,首板
20260701,603351.SH,威尔药业,13:51:08,医药,首板
20260701,603353.SH,和顺石油,10:44:02,芯片,首板
20260701,603359.SH,*ST东珠,09:41:13,ST板块,首板
20260701,603360.SH,百傲化学,10:56:36,芯片,首板
20260701,603363.SH,傲农生物,10:38:25,农业,首板
20260701,603378.SH,*ST亚士,10:32:11,ST板块,首板
20260701,603379.SH,三美股份,09:31:29,化工,2连板
20260701,603429.SH,*ST集友,09:34:44,ST板块,首板
20260701,603499.SH,翔港科技,13:08:15,股权转让,首板
20260701,603505.SH,金石资源,11:12:24,化工,首板
20260701,603538.SH,美诺华,10:34:07,医药,首板
20260701,603557.SH,*ST起步,13:19:22,ST板块,首板
20260701,603567.SH,珍宝岛,13:03:49,医药,首板
20260701,603595.SH,ST东尼,09:30:33,ST板块,首板
20260701,603615.SH,茶花股份,10:54:40,元器件,首板
20260701,603666.SH,亿嘉和,10:23:00,机器人概念,首板
20260701,603682.SH,锦和商管,10:20:36,地产链,首板
20260701,603718.SH,*ST海利,10:37:14,ST板块,首板
20260701,603725.SH,天安新材,09:49:10,机器人概念,首板
20260701,603729.SH,ST龙韵,11:16:38,ST板块,首板
20260701,603738.SH,泰晶科技,09:25:54,通信,首板
20260701,603758.SH,秦安股份,13:11:46,机器人概念,首板
20260701,603789.SH,ST星农,09:25:40,ST板块,2连板
20260701,603828.SH,*ST利达,09:56:38,ST板块,首板
20260701,603859.SH,能科科技,09:30:54,物理AI,首板
20260701,603948.SH,建业股份,09:42:46,化工,首板
20260701,603991.SH,领先股份,09:49:58,芯片,2连板
20260701,605155.SH,西大门,13:13:18,服装家纺,首板
20260701,605178.SH,时空科技,09:37:52,芯片,3天2板
20260701,605189.SH,富春染织,09:48:37,机器人概念,首板
20260701,605199.SH,ST葫芦娃,11:15:16,ST板块,首板
20260701,605289.SH,罗曼股份,09:47:55,算力,首板
20260701,605488.SH,福莱新材,10:00:33,机器人概念,首板
20260701,688106.SH,金宏气体,09:37:32,芯片,首板
20260701,688247.SH,宣泰医药,10:44:55,医药,首板
20260701,688553.SH,汇宇制药,13:28:51,医药,首板
20260701,688571.SH,杭华股份,10:03:26,芯片,首板
20260701,688728.SH,格科微,13:33:30,芯片,2连板
20260630,000012.SZ,南玻Ａ,09:38:27,芯片,首板
20260630,000016.SZ,*ST康佳A,13:24:39,ST板块,首板
20260630,000017.SZ,深中华A,13:44:03,黄金,2连板
20260630,000026.SZ,飞亚达,14:38:51,机器人概念,首板
20260630,000056.SZ,*ST皇庭,09:25:00,ST板块,7天6板
20260630,000100.SZ,TCL科技,09:56:48,面板,4天2板
20260630,000566.SZ,海南海药,14:41:39,医药,2连板
20260630,000603.SZ,盛达资源,09:25:00,中报增长,首板
20260630,000620.SZ,盈新发展,09:31:27,芯片,3天2板
20260630,000711.SZ,ST京蓝,13:04:39,ST板块,首板
20260630,000801.SZ,四川九洲,09:36:21,商业航天,首板
20260630,000811.SZ,冰轮环境,10:33:03,算力,11天6板
20260630,000818.SZ,航锦科技,13:33:57,算力,首板
20260630,000820.SZ,*ST节能,09:25:00,ST板块,首板
20260630,000821.SZ,ST京机,14:30:15,ST板块,首板
20260630,000826.SZ,*ST启环,09:25:00,ST板块,2连板
20260630,000829.SZ,天音控股,09:44:09,消费电子,首板
20260630,000859.SZ,国风新材,09:35:51,并购重组,首板
20260630,000909.SZ,*ST数源,09:45:39,ST板块,首板
20260630,000938.SZ,紫光股份,10:03:24,通信,首板
20260630,000967.SZ,盈峰环境,13:00:15,算力,首板
20260630,000970.SZ,中科三环,10:53:24,机器人概念,首板
20260630,001229.SZ,魅视科技,09:34:42,物理AI,2连板
20260630,001237.SZ,惠康科技,11:09:54,家电,2连板
20260630,001314.SZ,亿道信息,13:00:18,芯片,首板
20260630,001331.SZ,胜通能源,09:34:00,机器人概念,首板
20260630,001358.SZ,兴欣新材,10:49:24,面板,首板
20260630,002009.SZ,天奇股份,14:32:12,机器人概念,首板
20260630,002036.SZ,联创电子,09:37:57,面板,首板
20260630,002053.SZ,云南能投,10:03:15,电力,首板
20260630,002055.SZ,ST得润,10:29:54,ST板块,首板
20260630,002106.SZ,莱宝高科,09:37:15,芯片,3天2板
20260630,002119.SZ,康强电子,14:10:54,芯片,3天2板
20260630,002167.SZ,东方锆业,11:18:57,非金属材料,首板
20260630,002175.SZ,*ST东智,09:25:00,ST板块,2连板
20260630,002182.SZ,宝武镁业,11:04:42,机器人概念,首板
20260630,002193.SZ,ST如意,09:40:27,ST板块,首板
20260630,002202.SZ,金风科技,09:41:39,商业航天,首板
20260630,002208.SZ,合肥城建,13:01:15,芯片,2连板
20260630,002273.SZ,水晶光电,09:30:00,芯片,首板
20260630,002290.SZ,禾盛新材,13:02:00,算力,首板
20260630,002310.SZ,东方新能,09:40:15,电力,首板
20260630,002360.SZ,ST同德,13:15:21,ST板块,首板
20260630,002396.SZ,星网锐捷,09:43:42,通信,首板
20260630,002402.SZ,和而泰,11:00:09,机器人概念,首板
20260630,002407.SZ,多氟多,09:31:48,芯片,2连板
20260630,002446.SZ,盛路通信,09:47:27,商业航天,首板
20260630,002472.SZ,双环传动,13:02:09,机器人概念,首板
20260630,002485.SZ,ST雪发,09:25:00,ST板块,2连板
20260630,002514.SZ,*ST宝馨,14:27:24,ST板块,首板
20260630,002518.SZ,科士达,10:06:51,智能电网,首板
20260630,002569.SZ,*ST步森,09:39:18,ST板块,首板
20260630,002586.SZ,ST围海,13:59:21,ST板块,首板
20260630,002587.SZ,奥拓电子,09:37:51,面板,首板
20260630,002600.SZ,领益智造,10:51:30,机器人概念,首板
20260630,002615.SZ,哈尔斯,13:31:30,文创产品,首板
20260630,002628.SZ,成都路桥,10:32:36,机器人概念,2连板
20260630,002631.SZ,德尔未来,09:35:21,石墨化,首板
20260630,002638.SZ,勤上股份,09:30:36,LED,2连板
20260630,002650.SZ,ST加加,13:37:39,ST板块,首板
20260630,002654.SZ,万润科技,14:54:12,芯片,4天2板
20260630,002717.SZ,*ST岭南,09:52:03,ST板块,首板
20260630,002738.SZ,中矿资源,10:28:24,有色金属,首板
20260630,002747.SZ,埃斯顿,10:24:42,机器人概念,首板
20260630,002779.SZ,中坚科技,09:43:39,机器人概念,首板
20260630,002805.SZ,丰元股份,09:32:39,锂电池,首板
20260630,002816.SZ,*ST和科,14:47:03,ST板块,3天2板
20260630,002822.SZ,ST中装,09:35:57,ST板块,6连板
20260630,002830.SZ,名雕股份,10:35:42,AI应用,首板
20260630,002833.SZ,弘亚数控,09:44:03,机器人概念,首板
20260630,002849.SZ,威星智能,10:32:18,算力,首板
20260630,002856.SZ,*ST美芝,09:25:00,ST板块,2连板
20260630,002897.SZ,意华股份,13:10:48,通信,首板
20260630,002902.SZ,铭普光磁,09:57:09,通信,首板
20260630,002903.SZ,宇环数控,09:56:21,机器人概念,首板
20260630,002921.SZ,联诚精密,13:39:06,机器人概念,首板
20260630,002929.SZ,润建股份,09:57:39,算力,首板
20260630,002931.SZ,锋龙股份,10:16:27,机器人概念,首板
20260630,002955.SZ,鸿合科技,10:12:42,AI应用,首板
20260630,002977.SZ,*ST天箭,09:45:00,ST板块,首板
20260630,003009.SZ,中天火箭,09:40:12,商业航天,首板
20260630,003043.SZ,华亚智能,09:49:45,芯片,5天3板
20260630,300020.SZ,ST银江,14:21:18,ST板块,首板
20260630,300044.SZ,*ST赛为,14:50:33,ST板块,首板
20260630,300269.SZ,联建光电,09:37:33,面板,首板
20260630,300270.SZ,中威电子,09:59:09,储能,首板
20260630,300321.SZ,同大股份,11:20:27,服装家纺,首板
20260630,300503.SZ,昊志机电,11:22:21,机器人概念,首板
20260630,300518.SZ,新迅达,11:12:15,锂电池,首板
20260630,300540.SZ,蜀道装备,14:44:57,芯片,3天2板
20260630,300545.SZ,联得装备,09:36:48,面板,首板
20260630,300563.SZ,神宇股份,13:28:45,通信,首板
20260630,300671.SZ,富满微,14:10:36,芯片,首板
20260630,300873.SZ,海晨股份,10:49:21,机器人概念,首板
20260630,300980.SZ,祥源新材,09:53:06,机器人概念,首板
20260630,301045.SZ,天禄科技,11:20:30,面板,首板
20260630,301165.SZ,锐捷网络,09:54:06,通信,首板
20260630,301379.SZ,天山电子,10:10:15,面板,首板
20260630,301513.SZ,尚水智能,13:03:15,锂电池,首板
20260630,301607.SZ,富特科技,14:21:21,芯片,首板
20260630,600076.SH,康欣新材,10:26:25,芯片,首板
20260630,600113.SH,浙江东日,09:33:31,零售,2连板
20260630,600180.SH,*ST瑞茂,09:25:42,ST板块,3连板
20260630,600184.SH,光电股份,10:45:55,通信,4天2板
20260630,600363.SH,联创光电,11:15:44,核电,2连板
20260630,600370.SH,*ST三房,09:43:43,ST板块,2连板
20260630,600378.SH,昊华科技,10:32:38,芯片,2连板
20260630,600379.SH,宝光股份,14:25:57,芯片,首板
20260630,600391.SH,航发科技,11:28:52,燃气轮机,首板
20260630,600405.SH,动力源,11:22:50,电源,首板
20260630,600537.SH,*ST亿晶,09:48:56,ST板块,首板
20260630,600568.SH,ST中珠,14:24:04,ST板块,3连板
20260630,600601.SH,方正科技,10:30:56,通信,首板
20260630,600641.SH,先导基电,13:21:02,芯片,首板
20260630,600707.SH,彩虹股份,09:47:46,芯片,首板
20260630,600735.SH,ST新华锦,09:31:12,ST板块,2连板
20260630,600737.SH,中粮糖业,09:37:33,医药,首板
20260630,600783.SH,鲁信创投,09:31:01,商业航天,首板
20260630,600819.SH,耀皮玻璃,13:01:16,玻璃,首板
20260630,600846.SH,同济科技,13:21:02,地产链,首板
20260630,601882.SH,海天精工,13:01:28,新型工业化,首板
20260630,603005.SH,晶方科技,11:26:18,芯片,首板
20260630,603019.SH,中科曙光,14:50:47,算力,4天2板
20260630,603033.SH,三维股份,09:38:01,化工,2连板
20260630,603061.SH,金海通,14:20:09,芯片,5天3板
20260630,603067.SH,振华股份,11:18:13,化工,首板
20260630,603078.SH,江化微,10:18:05,化工,首板
20260630,603118.SH,共进股份,11:24:47,芯片,首板
20260630,603120.SH,肯特催化,09:44:04,化工,首板
20260630,603125.SH,常青科技,09:39:29,芯片,首板
20260630,603130.SH,云中马,13:28:21,服装家纺,首板
20260630,603211.SH,晋拓股份,13:01:55,机器人概念,首板
20260630,603212.SH,赛伍技术,13:24:49,光伏,首板
20260630,603222.SH,济民健康,09:30:51,医药,2连板
20260630,603226.SH,菲林格尔,09:37:33,地产链,首板
20260630,603236.SH,移远通信,09:47:45,商业航天,首板
20260630,603272.SH,*ST联翔,09:25:56,ST板块,首板
20260630,603290.SH,斯达半导,14:03:39,芯片,首板
20260630,603322.SH,超讯科技,14:55:10,算力,首板
20260630,603335.SH,迪生力,13:11:24,并购重组,首板
20260630,603366.SH,日出东方,09:31:18,家电,首板
20260630,603379.SH,三美股份,11:10:58,化工,首板
20260630,603459.SH,红板科技,14:02:33,通信,4天3板
20260630,603559.SH,ST通脉,14:25:06,ST板块,首板
20260630,603577.SH,汇金通,13:11:08,智能电网,首板
20260630,603607.SH,京华激光,09:52:00,激光,首板
20260630,603657.SH,春光科技,10:22:26,机器人概念,首板
20260630,603662.SH,柯力传感,13:14:03,机器人概念,首板
20260630,603728.SH,鸣志电器,11:20:21,机器人概念,首板
20260630,603823.SH,百合花,13:53:15,芯片,首板
20260630,603928.SH,兴业股份,09:31:17,芯片,3连板
20260630,603950.SH,长源东谷,09:31:47,发电机,2连板
20260630,603983.SH,丸美生物,10:16:23,美容护理,2连板
20260630,603985.SH,恒润股份,10:01:27,算力,首板
20260630,603991.SH,领先股份,10:52:35,芯片,首板
20260630,605018.SH,长华集团,11:24:15,机器人概念,首板
20260630,605111.SH,新洁能,13:30:54,芯片,首板
20260630,605133.SH,嵘泰股份,14:50:18,机器人概念,首板
20260630,605208.SH,永茂泰,13:51:05,机器人概念,首板
20260630,688048.SH,长光华芯,10:35:34,芯片,首板
20260630,688220.SH,翱捷科技,11:06:03,物理AI,首板
20260630,688286.SH,敏芯股份,10:05:56,机器人概念,首板
20260630,688328.SH,深科达,09:48:45,芯片,首板
20260630,688352.SH,颀中科技,13:55:26,芯片,首板
20260630,688355.SH,明志科技,14:34:14,机器人概念,首板
20260630,688502.SH,茂莱光学,13:57:18,芯片,首板
20260630,688589.SH,力合微,13:19:21,芯片,首板
20260630,688728.SH,格科微,09:40:29,芯片,首板
20260629,000017.SZ,深中华A,10:49:09,黄金,首板
20260629,000021.SZ,深科技,09:36:33,芯片,4天2板
20260629,000056.SZ,*ST皇庭,09:25:00,ST板块,6天5板
20260629,000521.SZ,长虹美菱,09:25:00,家电,首板
20260629,000551.SZ,创元科技,13:23:48,芯片,首板
20260629,000566.SZ,海南海药,10:11:06,医药,首板
20260629,000609.SZ,*ST中迪,09:25:00,ST板块,3连板
20260629,000751.SZ,锌业股份,09:32:27,有色金属,首板
20260629,000756.SZ,新华制药,10:08:03,医药,首板
20260629,000759.SZ,中百集团,10:19:36,零售,首板
20260629,000777.SZ,中核科技,09:32:21,可控核聚变,首板
20260629,000826.SZ,*ST启环,09:30:48,ST板块,首板
20260629,000920.SZ,沃顿科技,09:44:42,芯片,首板
20260629,000959.SZ,首钢股份,13:02:09,钢铁,首板
20260629,000988.SZ,华工科技,09:34:30,通信,首板
20260629,001229.SZ,魅视科技,13:41:06,物理AI,首板
20260629,001237.SZ,惠康科技,09:30:00,家电,首板
20260629,001301.SZ,尚太科技,14:20:30,锂电池,首板
20260629,002038.SZ,双鹭药业,10:10:57,医药,首板
20260629,002180.SZ,奔图科技,13:25:30,芯片,2连板
20260629,002208.SZ,合肥城建,09:36:15,芯片,首板
20260629,002237.SZ,恒邦股份,09:54:57,有色金属,首板
20260629,002255.SZ,海陆重工,09:31:39,可控核聚变,首板
20260629,002277.SZ,友阿股份,09:41:48,芯片,首板
20260629,002317.SZ,众生药业,13:05:33,医药,首板
20260629,002323.SZ,*ST雅博,14:42:57,ST板块,首板
20260629,002342.SZ,巨力索具,10:08:12,商业航天,首板
20260629,002366.SZ,融发核电,10:58:54,可控核聚变,首板
20260629,002370.SZ,亚太药业,10:16:24,医药,首板
20260629,002407.SZ,多氟多,09:25:00,化工,首板
20260629,002409.SZ,雅克科技,09:44:33,芯片,6天3板
20260629,002422.SZ,科伦药业,10:21:45,医药,首板
20260629,002437.SZ,誉衡药业,10:59:33,医药,首板
20260629,002485.SZ,ST雪发,09:25:00,ST板块,首板
20260629,002521.SZ,齐峰新材,13:08:09,造纸,首板
20260629,002549.SZ,凯美特气,09:25:00,芯片,首板
20260629,002568.SZ,百润股份,10:46:57,酿酒,2连板
20260629,002624.SZ,完美世界,10:11:39,游戏,首板
20260629,002628.SZ,成都路桥,09:38:27,机器人概念,首板
20260629,002638.SZ,勤上股份,09:46:39,LED,首板
20260629,002639.SZ,雪人集团,09:32:09,可控核聚变,首板
20260629,002653.SZ,海思科,10:00:57,医药,首板
20260629,002687.SZ,乔治白,11:10:12,服装家纺,首板
20260629,002693.SZ,双成药业,10:15:06,医药,首板
20260629,002728.SZ,特一药业,09:58:06,医药,首板
20260629,002821.SZ,凯莱英,10:18:03,医药,4天2板
20260629,002822.SZ,ST中装,11:08:15,ST板块,5连板
20260629,002828.SZ,贝肯能源,09:31:21,石油石化,首板
20260629,002856.SZ,*ST美芝,14:52:12,ST板块,首板
20260629,002859.SZ,洁美科技,09:30:21,元器件,首板
20260629,002915.SZ,中欣氟材,09:30:24,化工,首板
20260629,003004.SZ,声迅股份,13:42:33,物理AI,首板
20260629,003006.SZ,百亚股份,10:46:45,生育概念,首板
20260629,003019.SZ,宸展光电,10:05:39,智能驾驶,首板
20260629,003043.SZ,华亚智能,09:47:36,芯片,4天2板
20260629,300204.SZ,舒泰神,10:45:27,医药,首板
20260629,300434.SZ,金石亚药,13:03:21,医药,首板
20260629,300436.SZ,广生堂,10:12:06,医药,首板
20260629,301030.SZ,*ST仕净,09:31:06,ST板块,首板
20260629,301033.SZ,迈普医学,13:26:36,并购重组,首板
20260629,301307.SZ,美利信,09:54:48,算力,首板
20260629,301520.SZ,万邦医药,09:25:00,并购重组,首板
20260629,301528.SZ,多浦乐,13:43:30,芯片,首板
20260629,600113.SH,浙江东日,10:23:36,零售,首板
20260629,600129.SH,太极集团,10:27:13,医药,首板
20260629,600180.SH,*ST瑞茂,09:25:57,ST板块,2连板
20260629,600222.SH,太龙药业,09:33:52,医药,首板
20260629,600363.SH,联创光电,09:30:34,可控核聚变,首板
20260629,600370.SH,*ST三房,11:01:41,ST板块,首板
20260629,600378.SH,昊华科技,13:44:08,芯片,首板
20260629,600468.SH,百利电气,09:30:08,可控核聚变,首板
20260629,600488.SH,津药药业,10:20:17,医药,首板
20260629,600557.SH,康缘药业,10:21:57,医药,首板
20260629,600568.SH,ST中珠,09:30:04,ST板块,2连板
20260629,600576.SH,祥源文旅,10:51:57,旅游,首板
20260629,600735.SH,ST新华锦,10:38:34,ST板块,首板
20260629,600745.SH,*ST闻泰,14:46:31,ST板块,2连板
20260629,600818.SH,ST中路,13:34:11,ST板块,首板
20260629,600857.SH,宁波中百,10:08:44,零售,3天2板
20260629,600867.SH,通化东宝,13:21:18,医药,首板
20260629,600965.SH,*ST福成,09:35:00,ST板块,首板
20260629,601133.SH,柏诚股份,09:32:45,芯片,4天3板
20260629,601611.SH,中国核建,10:57:43,可控核聚变,首板
20260629,601636.SH,旗滨集团,09:30:28,芯片,首板
20260629,603032.SH,德新科技,09:47:56,锂电池,首板
20260629,603033.SH,三维股份,13:00:48,化工,首板
20260629,603061.SH,金海通,09:42:42,芯片,4天2板
20260629,603155.SH,新亚强,14:44:49,芯片,2连板
20260629,603163.SH,圣晖集成,10:01:33,芯片,2连板
20260629,603222.SH,济民健康,09:36:22,医药,首板
20260629,603283.SH,赛腾股份,13:44:52,芯片,首板
20260629,603318.SH,水发燃气,09:32:57,芯片,首板
20260629,603336.SH,宏辉果蔬,13:23:19,医药,首板
20260629,603389.SH,*ST亚振,09:35:24,ST板块,首板
20260629,603435.SH,嘉德利,09:39:51,元器件,首板
20260629,603459.SH,红板科技,13:33:56,通信,3天2板
20260629,603477.SH,巨星农牧,10:31:16,农业,首板
20260629,603516.SH,淳中科技,09:37:18,芯片,首板
20260629,603580.SH,*ST艾艾,14:26:49,ST板块,首板
20260629,603606.SH,东方电缆,11:10:06,智能电网,首板
20260629,603650.SH,彤程新材,09:31:25,芯片,4天3板
20260629,603726.SH,朗迪集团,09:36:05,芯片,首板
20260629,603880.SH,南卫股份,13:00:33,医疗器械,首板
20260629,603928.SH,兴业股份,09:37:40,芯片,2连板
20260629,603950.SH,长源东谷,09:40:01,发电机,首板
20260629,603956.SH,威派格,09:39:39,机器人概念,3连板
20260629,603983.SH,丸美生物,10:56:50,美容护理,首板
20260629,605060.SH,联德股份,09:40:07,燃气轮机,首板
20260629,605098.SH,行动教育,13:01:36,教育,首板
20260629,605178.SH,时空科技,09:38:09,芯片,首板
20260629,605300.SH,佳禾食品,09:30:09,食品饮料,3天2板
20260629,605377.SH,华旺科技,10:50:21,造纸,首板
20260629,605499.SH,东鹏饮料,13:10:15,食品饮料,首板
20260629,688120.SH,华海清科,14:50:44,芯片,首板
20260629,688198.SH,佰仁医疗,10:43:35,医疗器械,首板
20260629,688233.SH,神工股份,09:40:02,芯片,首板
20260629,688336.SH,三生国健,10:26:17,医药,首板
20260629,688432.SH,有研硅,13:31:20,光伏,2连板
20260629,688548.SH,广钢气体,14:43:34,芯片,首板
20260629,688689.SH,银河微电,09:25:49,并购重组,首板
20260629,688765.SH,禾元生物,13:05:49,医药,首板
20260629,688796.SH,百奥赛图,13:06:18,医药,首板
20260626,000056.SZ,*ST皇庭,09:31:39,ST板块,5天4板
20260626,000609.SZ,*ST中迪,09:31:39,ST板块,2连板
20260626,000620.SZ,盈新发展,09:34:09,芯片,首板
20260626,000823.SZ,超声电子,09:25:00,通信,9天6板
20260626,000838.SZ,*ST发展,10:40:09,ST板块,3天2板
20260626,001210.SZ,金房能源,09:34:21,并购重组,首板
20260626,001215.SZ,千味央厨,13:47:12,食品饮料,首板
20260626,001270.SZ,铖昌科技,10:21:57,商业航天,首板
20260626,001289.SZ,龙源电力,09:30:33,风电,首板
20260626,001389.SZ,广合科技,10:05:30,通信,首板
20260626,001400.SZ,江顺科技,11:02:48,商业航天,首板
20260626,002106.SZ,莱宝高科,09:35:21,芯片,首板
20260626,002119.SZ,康强电子,11:27:18,芯片,首板
20260626,002129.SZ,TCL中环,09:46:00,硅片,首板
20260626,002141.SZ,贤丰控股,09:33:12,通信,8天6板
20260626,002180.SZ,奔图科技,13:11:36,芯片,首板
20260626,002253.SZ,川大智胜,09:33:45,ST摘帽,首板
20260626,002354.SZ,天娱数科,10:08:57,机器人概念,6天4板
20260626,002538.SZ,ST司特,13:59:57,ST板块,首板
20260626,002559.SZ,亚威股份,09:46:18,芯片,首板
20260626,002568.SZ,百润股份,09:30:00,中报增长,首板
20260626,002674.SZ,兴业科技,09:25:00,芯片,6连板
20260626,002713.SZ,*ST东易,13:20:42,ST板块,6天3板
20260626,002816.SZ,*ST和科,13:59:18,ST板块,首板
20260626,002822.SZ,ST中装,09:52:15,ST板块,4连板
20260626,002910.SZ,庄园牧场,13:26:15,食品饮料,首板
20260626,002930.SZ,宏川智慧,14:34:30,芯片,首板
20260626,002962.SZ,五方光电,10:15:09,芯片,4天2板
20260626,002965.SZ,祥鑫科技,09:31:33,并购重组,2连板
20260626,003033.SZ,征和工业,13:16:42,机器人概念,首板
20260626,300162.SZ,雷曼光电,10:20:21,芯片,首板
20260626,300264.SZ,佳创视讯,13:06:12,文化传媒,首板
20260626,300540.SZ,蜀道装备,13:36:03,商业航天,首板
20260626,301051.SZ,信濠光电,09:54:24,储能,首板
20260626,301349.SZ,信德新材,09:58:39,通信,首板
20260626,600118.SH,中国卫星,13:34:18,商业航天,首板
20260626,600180.SH,*ST瑞茂,09:25:31,ST板块,首板
20260626,600228.SH,返利科技,09:25:42,实控人变更,3连板
20260626,600343.SH,航天动力,11:04:55,商业航天,首板
20260626,600367.SH,红星发展,09:43:06,元器件,首板
20260626,600481.SH,双良节能,09:46:31,硅片,首板
20260626,600539.SH,狮头股份,10:26:40,物理AI,首板
20260626,600545.SH,卓郎智能,09:32:46,通信,首板
20260626,600552.SH,凯盛科技,09:46:41,芯片,首板
20260626,600568.SH,ST中珠,14:53:36,ST板块,首板
20260626,600730.SH,*ST高科,09:42:50,ST板块,首板
20260626,600745.SH,*ST闻泰,10:41:12,ST板块,首板
20260626,600962.SH,国投中鲁,09:38:34,芯片,2连板
20260626,601016.SH,节能风电,09:41:53,风电,首板
20260626,601133.SH,柏诚股份,10:02:05,芯片,3天2板
20260626,601369.SH,陕鼓动力,10:21:18,储能,首板
20260626,603155.SH,新亚强,13:35:54,化工,首板
20260626,603163.SH,圣晖集成,09:39:59,芯片,首板
20260626,603194.SH,中力股份,13:30:38,智能物流,首板
20260626,603261.SH,立航科技,09:49:53,ST摘帽,首板
20260626,603270.SH,金帝股份,09:56:01,机器人概念,首板
20260626,603377.SH,ST东时,09:59:37,ST板块,首板
20260626,603595.SH,ST东尼,09:25:56,ST板块,9天7板
20260626,603650.SH,彤程新材,09:40:00,芯片,3天2板
20260626,603687.SH,大胜达,09:31:14,芯片,首板
20260626,603698.SH,航天工程,10:21:13,化工,3天2板
20260626,603722.SH,阿科力,13:18:09,化工,首板
20260626,603861.SH,白云电器,09:30:02,智能电网,首板
20260626,603903.SH,中持股份,09:57:18,芯片,首板
20260626,603928.SH,兴业股份,09:51:04,芯片,首板
20260626,603956.SH,威派格,09:25:30,机器人概念,2连板
20260626,603977.SH,国泰集团,09:46:58,商业航天,首板
20260626,605296.SH,神农集团,11:10:16,猪肉,首板
20260626,605366.SH,宏柏新材,09:31:24,通信,4连板
20260626,605399.SH,晨光新材,13:18:45,化工,首板
20260626,688409.SH,富创精密,14:55:41,芯片,首板
20260626,688432.SH,有研硅,13:19:20,硅片,首板
20260626,688596.SH,正帆科技,13:51:24,芯片,首板
20260625,000034.SZ,神州数码,09:33:24,算力,首板
20260625,000048.SZ,京基智农,13:23:27,股权转让,7天3板
20260625,000056.SZ,*ST皇庭,09:30:42,ST板块,4天3板
20260625,000100.SZ,TCL科技,09:47:18,并购重组,首板
20260625,000609.SZ,*ST中迪,14:35:51,ST板块,首板
20260625,000636.SZ,风华高科,13:25:12,元器件,首板
20260625,000766.SZ,通化金马,14:20:21,医药,首板
20260625,000783.SZ,长江证券,10:39:03,证券,4天3板
20260625,000811.SZ,冰轮环境,09:37:06,算力,8天5板
20260625,000818.SZ,航锦科技,09:32:03,算力,2连板
20260625,000823.SZ,超声电子,09:32:15,通信,8天5板
20260625,000962.SZ,东方钽业,09:48:03,有色金属,4天2板
20260625,001309.SZ,德明利,13:26:51,芯片,首板
20260625,001330.SZ,博纳影业,10:56:30,文化传媒,首板
20260625,002025.SZ,航天电器,09:38:30,通信,2连板
20260625,002056.SZ,横店东磁,11:16:45,元器件,首板
20260625,002068.SZ,黑猫股份,09:31:45,元器件,5天4板
20260625,002080.SZ,中材科技,09:52:15,通信,2连板
20260625,002141.SZ,贤丰控股,14:08:36,通信,7天5板
20260625,002254.SZ,泰和新材,09:42:15,通信,2连板
20260625,002303.SZ,美盈森,10:00:18,食品饮料,2连板
20260625,002387.SZ,维信诺,09:33:24,面板,首板
20260625,002484.SZ,江海股份,09:39:00,元器件,首板
20260625,002518.SZ,科士达,10:03:09,智能电网,首板
20260625,002558.SZ,巨人网络,09:55:18,游戏,首板
20260625,002579.SZ,中京电子,11:03:30,通信,首板
20260625,002654.SZ,万润科技,11:08:00,芯片,首板
20260625,002674.SZ,兴业科技,09:25:00,芯片,5连板
20260625,002787.SZ,华源控股,09:36:45,芯片,首板
20260625,002822.SZ,ST中装,09:25:00,ST板块,3连板
20260625,002842.SZ,翔鹭钨业,10:07:12,有色金属,首板
20260625,002928.SZ,华夏航空,10:38:42,机场航空,首板
20260625,002965.SZ,祥鑫科技,09:58:30,并购重组,首板
20260625,002980.SZ,华盛昌,09:56:27,通信,首板
20260625,002990.SZ,盛视科技,09:31:36,算力,2连板
20260625,300223.SZ,北京君正,13:07:57,芯片,首板
20260625,300650.SZ,太龙股份,09:54:54,芯片,首板
20260625,300819.SZ,聚杰微纤,10:30:15,通信,首板
20260625,600058.SH,五矿发展,10:15:20,有色金属,4天2板
20260625,600141.SH,兴发集团,13:21:58,芯片,4天3板
20260625,600152.SH,维科技术,10:28:10,钠电池,首板
20260625,600184.SH,光电股份,09:45:09,通信,首板
20260625,600186.SH,莲花控股,09:41:17,算力,首板
20260625,600228.SH,返利科技,09:25:43,实控人变更,2连板
20260625,600237.SH,铜峰电子,13:00:52,元器件,首板
20260625,600330.SH,天通股份,09:46:30,通信,首板
20260625,600458.SH,时代新材,09:50:11,芯片,首板
20260625,600500.SH,中化国际,13:00:10,通信,首板
20260625,600516.SH,方大炭素,10:30:25,石墨化,首板
20260625,600579.SH,中化装备,09:38:26,化工,首板
20260625,600584.SH,长电科技,09:38:48,芯片,4天3板
20260625,600667.SH,太极实业,09:25:39,芯片,5天3板
20260625,600668.SH,尖峰集团,14:13:31,医药,首板
20260625,600678.SH,ST金顶,13:09:19,ST板块,首板
20260625,600857.SH,宁波中百,09:40:11,零售,首板
20260625,600888.SH,新疆众和,09:30:26,元器件,首板
20260625,600903.SH,贵州燃气,13:38:07,天然气,首板
20260625,600962.SH,国投中鲁,09:48:20,芯片,首板
20260625,601798.SH,蓝科高新,10:15:04,并购重组,首板
20260625,603010.SH,万盛股份,13:01:15,化工,首板
20260625,603019.SH,中科曙光,14:36:10,算力,首板
20260625,603063.SH,禾望电气,14:09:34,智能电网,首板
20260625,603065.SH,宿迁联盛,10:06:56,芯片,4天2板
20260625,603067.SH,振华股份,09:59:19,化工,4天2板
20260625,603115.SH,海星股份,09:38:55,元器件,首板
20260625,603267.SH,鸿远电子,09:49:00,元器件,首板
20260625,603313.SH,梦百合,09:34:15,服装家纺,首板
20260625,603335.SH,迪生力,09:41:35,并购重组,3天2板
20260625,603378.SH,*ST亚士,14:50:43,ST板块,首板
20260625,603459.SH,红板科技,09:41:17,通信,首板
20260625,603500.SH,祥和实业,09:44:10,元器件,首板
20260625,603527.SH,众源新材,10:13:57,通信,首板
20260625,603595.SH,ST东尼,09:30:06,ST板块,8天6板
20260625,603661.SH,恒林股份,09:36:06,金刚石概念,4天2板
20260625,603678.SH,火炬电子,09:31:37,元器件,2连板
20260625,603690.SH,至纯科技,13:21:19,芯片,首板
20260625,603733.SH,仙鹤股份,13:44:13,元器件,首板
20260625,603800.SH,洪田股份,09:41:00,芯片,首板
20260625,603929.SH,亚翔集成,09:25:34,芯片,2连板
20260625,603956.SH,威派格,09:34:50,算力,首板
20260625,603989.SH,艾华集团,09:31:34,元器件,7天6板
20260625,605300.SH,佳禾食品,09:33:44,食品饮料,首板
20260625,605318.SH,法狮龙,10:21:06,算力,首板
20260625,605366.SH,宏柏新材,09:25:39,通信,3连板
20260625,605376.SH,XD博迁新,09:50:43,元器件,首板
20260625,605589.SH,圣泉集团,13:02:31,通信,首板
20260625,688093.SH,世华科技,11:01:33,通信,首板
20260625,688376.SH,美埃科技,09:39:24,芯片,首板
20260625,688380.SH,中微半导,09:57:18,芯片,首板
20260625,688381.SH,帝奥微,13:35:12,通信,首板
20260625,688669.SH,聚石化学,13:00:23,芯片,首板
20260625,920249.BJ,利尔达,14:54:56,芯片,首板
20260624,000021.SZ,深科技,13:08:06,芯片,首板
20260624,000032.SZ,深桑达Ａ,09:54:57,芯片,首板
20260624,000566.SZ,海南海药,09:32:06,医药,2连板
20260624,000818.SZ,航锦科技,13:26:06,算力,首板
20260624,000823.SZ,超声电子,14:36:42,通信,7天4板
20260624,000838.SZ,*ST发展,13:17:21,ST板块,首板
20260624,000908.SZ,景峰医药,09:33:42,医药,首板
20260624,000925.SZ,众合科技,11:29:54,芯片,首板
20260624,000967.SZ,盈峰环境,10:57:03,算力,首板
20260624,001339.SZ,智微智能,10:43:03,算力,5天3板
20260624,001359.SZ,平安电工,10:17:33,通信,3天2板
20260624,002025.SZ,航天电器,09:34:48,通信,首板
20260624,002046.SZ,国机精工,10:31:57,金刚石概念,首板
20260624,002051.SZ,中工国际,09:42:33,基础建设,首板
20260624,002080.SZ,中材科技,10:17:09,通信,首板
20260624,002167.SZ,东方锆业,13:05:39,非金属材料,4连板
20260624,002192.SZ,融捷股份,11:18:27,锂矿,首板
20260624,002240.SZ,盛新锂能,13:03:18,锂矿,首板
20260624,002254.SZ,泰和新材,09:31:54,通信,首板
20260624,002289.SZ,*ST宇顺,09:30:51,ST板块,2连板
20260624,002303.SZ,美盈森,09:40:12,食品饮料,首板
20260624,002354.SZ,天娱数科,09:34:51,机器人概念,4天3板
20260624,002364.SZ,中恒电气,13:20:21,算力,首板
20260624,002409.SZ,雅克科技,13:10:54,芯片,3天2板
20260624,002427.SZ,尤夫股份,09:47:30,化工,首板
20260624,002428.SZ,云南锗业,10:36:24,芯片,3天2板
20260624,002452.SZ,长高电气,10:21:18,智能电网,首板
20260624,002491.SZ,通鼎互联,09:32:24,通信,5天3板
20260624,002497.SZ,雅化集团,13:30:30,锂矿,首板
20260624,002520.SZ,日发精机,13:16:33,机器人概念,首板
20260624,002536.SZ,飞龙股份,13:01:45,算力,首板
20260624,002550.SZ,千红制药,09:43:57,医药,首板
20260624,002552.SZ,宝鼎科技,14:56:30,通信,首板
20260624,002580.SZ,圣阳股份,10:40:36,算力,2连板
20260624,002584.SZ,西陇科学,09:25:59,非金属材料,2连板
20260624,002600.SZ,领益智造,14:11:18,算力,首板
20260624,002631.SZ,德尔未来,14:39:42,石墨化,2连板
20260624,002643.SZ,万润股份,13:06:36,芯片,首板
20260624,002674.SZ,兴业科技,09:25:59,芯片,4连板
20260624,002687.SZ,乔治白,09:32:42,服装家纺,2连板
20260624,002713.SZ,*ST东易,13:29:18,ST板块,4天2板
20260624,002803.SZ,吉宏股份,10:28:48,AI应用,首板
20260624,002821.SZ,凯莱英,09:50:39,医药,首板
20260624,002822.SZ,ST中装,09:25:59,ST板块,2连板
20260624,002876.SZ,三利谱,14:12:03,折叠屏,首板
20260624,002897.SZ,意华股份,13:39:48,通信,首板
20260624,002943.SZ,宇晶股份,10:12:45,芯片,首板
20260624,002990.SZ,盛视科技,10:39:09,算力,首板
20260624,003018.SZ,金富科技,10:08:18,算力,首板
20260624,003043.SZ,华亚智能,09:37:21,芯片,首板
20260624,300506.SZ,名家汇,11:21:45,ST摘帽,首板
20260624,301132.SZ,满坤科技,09:36:33,通信,首板
20260624,301310.SZ,鑫宏业,10:49:27,通信,4天2板
20260624,301366.SZ,一博科技,11:27:54,通信,首板
20260624,301396.SZ,宏景科技,10:41:30,算力,首板
20260624,301669.SZ,高特电子,10:30:18,芯片,首板
20260624,600026.SH,中远海能,09:42:33,航运,首板
20260624,600105.SH,永鼎股份,09:56:37,芯片,首板
20260624,600141.SH,兴发集团,13:05:10,芯片,3天2板
20260624,600176.SH,中国巨石,09:59:00,通信,首板
20260624,600226.SH,亨通股份,09:59:46,通信,7天3板
20260624,600246.SH,万通发展,10:35:26,芯片,首板
20260624,600289.SH,ST信通,13:35:18,ST板块,首板
20260624,600379.SH,宝光股份,13:48:24,芯片,2连板
20260624,600497.SH,驰宏锌锗,13:05:26,有色金属,3天2板
20260624,600563.SH,法拉电子,10:25:12,电阻电容,首板
20260624,600584.SH,长电科技,09:57:10,芯片,3天2板
20260624,600596.SH,新安股份,13:00:44,化工,首板
20260624,600667.SH,太极实业,09:39:03,芯片,4天2板
20260624,600703.SH,三安光电,09:46:12,芯片,3天2板
20260624,600877.SH,电科芯片,13:03:02,芯片,首板
20260624,600909.SH,华安证券,09:37:33,证券,首板
20260624,601133.SH,柏诚股份,11:10:07,芯片,首板
20260624,601872.SH,招商轮船,09:38:35,航运,首板
20260624,603001.SH,奥康国际,09:37:46,服装家纺,4天2板
20260624,603021.SH,*ST华鹏,09:31:07,ST板块,3连板
20260624,603045.SH,福达合金,13:19:56,算力,首板
20260624,603061.SH,金海通,10:33:19,芯片,首板
20260624,603083.SH,剑桥科技,09:55:14,通信,3天2板
20260624,603203.SH,快克智能,13:27:29,芯片,首板
20260624,603297.SH,永新光学,13:06:34,芯片,首板
20260624,603317.SH,天味食品,09:30:43,并购重组,首板
20260624,603324.SH,盛剑科技,13:32:30,芯片,5天3板
20260624,603386.SH,骏亚科技,10:02:08,通信,首板
20260624,603399.SH,永杉锂业,10:41:04,锂矿,3天2板
20260624,603407.SH,长裕集团,09:38:25,非金属材料,7天6板
20260624,603595.SH,ST东尼,09:34:26,ST板块,7天5板
20260624,603650.SH,彤程新材,10:19:17,芯片,首板
20260624,603678.SH,火炬电子,09:36:06,电阻电容,首板
20260624,603698.SH,航天工程,10:01:12,化工,首板
20260624,603713.SH,密尔克卫,13:57:05,芯片,首板
20260624,603929.SH,亚翔集成,09:57:59,芯片,首板
20260624,603938.SH,三孚股份,13:09:54,芯片,3连板
20260624,603948.SH,建业股份,09:33:30,化工,首板
20260624,603986.SH,兆易创新,14:50:26,芯片,首板
20260624,603989.SH,艾华集团,09:55:14,电阻电容,6天5板
20260624,605020.SH,永和股份,10:42:02,化工,3天2板
20260624,605069.SH,正和生态,09:32:54,人工智能,3连板
20260624,605151.SH,西上海,09:53:43,汽车零部件,首板
20260624,605277.SH,新亚电子,09:38:29,通信,首板
20260624,605336.SH,*ST帅电,09:30:24,ST板块,2连板
20260624,605366.SH,宏柏新材,10:53:17,化工,2连板
20260624,605598.SH,上海港湾,13:17:44,光伏,首板
20260624,688123.SH,聚辰股份,13:41:47,芯片,首板
20260624,688403.SH,汇成股份,09:49:49,芯片,首板
20260624,688593.SH,新相微,13:07:47,芯片,首板
20260623,000042.SZ,中洲控股,10:10:36,地产链,首板
20260623,000056.SZ,*ST皇庭,10:13:03,ST板块,2连板
20260623,000070.SZ,特发信息,09:32:57,通信,2连板
20260623,000551.SZ,创元科技,09:41:00,非金属材料,首板
20260623,000566.SZ,海南海药,09:32:06,医药,首板
20260623,000571.SZ,新大洲A,10:12:30,煤炭,2连板
20260623,000632.SZ,ST三木,13:31:48,ST板块,首板
20260623,000691.SZ,亚太实业,10:08:06,医药,首板
20260623,000756.SZ,新华制药,09:32:06,医药,首板
20260623,000783.SZ,长江证券,09:31:21,证券,2连板
20260623,000813.SZ,德展健康,09:49:39,医药,首板
20260623,000882.SZ,华联股份,09:30:09,零售,首板
20260623,001206.SZ,依依股份,10:04:09,卫生护理,首板
20260623,001225.SZ,和泰机电,10:11:33,新型工业化,首板
20260623,001279.SZ,强邦新材,13:55:18,包装印刷,首板
20260623,002014.SZ,永新股份,11:11:39,包装印刷,首板
20260623,002021.SZ,中捷资源,09:57:18,机器人概念,首板
20260623,002031.SZ,巨轮智能,10:03:15,机器人概念,首板
20260623,002038.SZ,双鹭药业,09:42:18,医药,首板
20260623,002047.SZ,宝鹰股份,10:31:12,ST摘帽,首板
20260623,002068.SZ,黑猫股份,09:41:15,元器件,3连板
20260623,002141.SZ,贤丰控股,10:07:12,通信,5天4板
20260623,002167.SZ,东方锆业,09:25:00,非金属材料,3连板
20260623,002196.SZ,方正电机,09:41:42,机器人概念,首板
20260623,002198.SZ,ST嘉应,09:50:24,ST板块,首板
20260623,002211.SZ,ST宏达,14:27:42,ST板块,首板
20260623,002289.SZ,*ST宇顺,09:40:21,ST板块,首板
20260623,002323.SZ,*ST雅博,10:12:48,ST板块,首板
20260623,002370.SZ,亚太药业,09:43:57,医药,首板
20260623,002374.SZ,中锐股份,10:05:27,包装印刷,首板
20260623,002420.SZ,毅昌科技,10:45:18,机器人概念,首板
20260623,002424.SZ,ST百灵,09:40:18,ST板块,2连板
20260623,002453.SZ,华软科技,09:38:00,并购重组,首板
20260623,002522.SZ,浙江众成,09:58:18,化工,首板
20260623,002549.SZ,凯美特气,09:36:39,芯片,首板
20260623,002580.SZ,圣阳股份,09:32:39,液冷,首板
20260623,002584.SZ,西陇科学,09:34:18,通信,首板
20260623,002592.SZ,ST八菱,09:30:24,ST板块,首板
20260623,002631.SZ,德尔未来,10:17:57,石墨化,首板
20260623,002648.SZ,卫星化学,09:25:00,中报增长,首板
20260623,002672.SZ,东江环保,10:09:18,通信,2连板
20260623,002674.SZ,兴业科技,09:25:00,芯片,3连板
20260623,002687.SZ,乔治白,10:34:30,服装家纺,首板
20260623,002717.SZ,*ST岭南,14:53:00,ST板块,首板
20260623,002726.SZ,ST龙大,13:33:06,ST板块,首板
20260623,002728.SZ,特一药业,09:39:09,医药,首板
20260623,002822.SZ,ST中装,09:25:00,ST板块,首板
20260623,002830.SZ,名雕股份,09:42:45,AI应用,2连板
20260623,002871.SZ,伟隆股份,13:20:57,液冷,首板
20260623,002921.SZ,联诚精密,09:33:36,机器人概念,首板
20260623,002962.SZ,五方光电,10:12:48,芯片,首板
20260623,002976.SZ,瑞玛精密,10:47:15,通信,首板
20260623,300085.SZ,银之杰,09:34:15,金融概念,2连板
20260623,300149.SZ,睿智医药,09:50:24,医药,首板
20260623,300167.SZ,ST迪威迅,09:47:24,ST板块,首板
20260623,300665.SZ,飞鹿股份,09:25:00,实控人变更,首板
20260623,300721.SZ,怡达股份,10:19:39,芯片,首板
20260623,300835.SZ,龙磁科技,10:13:54,元器件,首板
20260623,300961.SZ,深水海纳,13:16:27,环保,首板
20260623,301211.SZ,亨迪药业,09:38:57,医药,首板
20260623,600080.SH,ST金花,09:52:22,ST板块,首板
20260623,600119.SH,*ST长投,10:06:34,ST板块,首板
20260623,600171.SH,上海贝岭,10:20:07,芯片,首板
20260623,600172.SH,黄河旋风,09:33:42,金刚石概念,2连板
20260623,600187.SH,*ST国中,09:36:01,ST板块,首板
20260623,600238.SH,*ST椰岛,14:42:59,ST板块,首板
20260623,600243.SH,*ST海华,13:12:23,ST板块,首板
20260623,600337.SH,ST美克,10:48:05,ST板块,首板
20260623,600360.SH,华微电子,13:50:48,芯片,首板
20260623,600365.SH,ST通葡,09:52:07,ST板块,首板
20260623,600379.SH,宝光股份,10:02:26,芯片,首板
20260623,600397.SH,江钨装备,09:25:44,有色金属,5连板
20260623,600400.SH,红豆股份,09:35:57,机器人概念,2连板
20260623,600405.SH,动力源,10:48:30,电源,首板
20260623,600423.SH,*ST柳化,13:59:21,ST板块,首板
20260623,600470.SH,六国化工,09:52:25,化工,2连板
20260623,600488.SH,津药药业,09:45:06,医药,首板
20260623,600506.SH,统一股份,09:31:59,液冷,首板
20260623,600707.SH,彩虹股份,10:12:50,芯片,4天2板
20260623,600708.SH,光明地产,13:24:44,地产链,首板
20260623,600719.SH,大连热电,09:49:07,电力,首板
20260623,600743.SH,华远控股,10:12:48,地产链,首板
20260623,600777.SH,新潮能源,09:25:58,ST摘帽,首板
20260623,600793.SH,宜宾纸业,13:04:05,造纸,首板
20260623,600818.SH,ST中路,10:18:12,ST板块,2连板
20260623,600843.SH,上工申贝,09:46:34,低空经济,首板
20260623,600851.SH,海欣股份,09:33:03,医药,3连板
20260623,600881.SH,亚泰集团,09:52:19,医药,首板
20260623,600892.SH,*ST大晟,13:47:19,ST板块,首板
20260623,600965.SH,*ST福成,09:44:05,ST板块,2连板
20260623,601011.SH,宝泰隆,09:41:11,煤炭,首板
20260623,601869.SH,长飞光纤,10:26:25,通信,2连板
20260623,603007.SH,顺景科技,10:40:08,物理AI,首板
20260623,603015.SH,弘讯科技,11:12:50,芯片,首板
20260623,603021.SH,*ST华鹏,09:32:11,ST板块,2连板
20260623,603106.SH,恒银科技,09:39:25,人工智能,首板
20260623,603116.SH,红蜻蜓,10:37:43,服装家纺,首板
20260623,603122.SH,合富中国,09:52:18,医药,首板
20260623,603210.SH,泰鸿万立,09:51:03,汽车零部件,首板
20260623,603318.SH,水发燃气,13:30:31,芯片,首板
20260623,603335.SH,迪生力,10:38:15,并购重组,首板
20260623,603407.SH,长裕集团,09:25:32,非金属材料,6天5板
20260623,603466.SH,风语筑,09:54:56,物理AI,首板
20260623,603595.SH,ST东尼,09:25:31,ST板块,6天4板
20260623,603630.SH,拉芳家化,10:23:54,美容护理,首板
20260623,603669.SH,灵康药业,13:02:21,医药,首板
20260623,603717.SH,天域生物,09:43:21,农业,首板
20260623,603718.SH,*ST海利,09:33:42,ST板块,2连板
20260623,603725.SH,天安新材,09:42:54,机器人概念,首板
20260623,603757.SH,大元泵业,09:25:30,液冷,首板
20260623,603789.SH,ST星农,09:35:10,ST板块,首板
20260623,603863.SH,松炀资源,10:22:01,造纸,首板
20260623,603938.SH,三孚股份,10:04:11,芯片,2连板
20260623,605069.SH,正和生态,09:25:47,人工智能,2连板
20260623,605118.SH,力鼎光电,09:43:46,物理AI,首板
20260623,605167.SH,利柏特,09:43:21,核电,首板
20260623,605336.SH,*ST帅电,10:01:42,ST板块,首板
20260623,605366.SH,宏柏新材,09:42:21,化工,首板
20260623,605369.SH,拱东医疗,10:29:56,医疗器械,首板
20260623,605377.SH,华旺科技,11:00:14,造纸,2连板
20260623,605580.SH,恒盛能源,11:28:50,金刚石概念,2连板
20260623,688291.SH,金橙子,13:45:58,军工,首板
20260622,000012.SZ,南玻Ａ,10:07:15,芯片,首板
20260622,000048.SZ,京基智农,09:32:15,股权转让,4天2板
20260622,000056.SZ,*ST皇庭,14:00:18,ST板块,首板
20260622,000060.SZ,中金岭南,13:16:36,有色金属,首板
20260622,000070.SZ,特发信息,09:30:03,通信,首板
20260622,000510.SZ,新金路,09:40:33,有色金属,首板
20260622,000519.SZ,中兵红箭,10:00:06,金刚石概念,首板
20260622,000545.SZ,金浦钛业,09:52:45,化工,首板
20260622,000571.SZ,新大洲A,09:30:00,煤炭,首板
20260622,000612.SZ,焦作万方,13:59:30,有色金属,首板
20260622,000657.SZ,中钨高新,09:52:09,有色金属,5天3板
20260622,000682.SZ,东方电子,14:18:18,智能电网,首板
20260622,000751.SZ,锌业股份,09:25:00,有色金属,首板
20260622,000776.SZ,广发证券,11:19:03,证券,首板
20260622,000783.SZ,长江证券,11:29:03,证券,首板
20260622,000793.SZ,*ST华闻,09:25:00,ST板块,首板
20260622,000811.SZ,冰轮环境,13:01:24,算力,5天4板
20260622,000823.SZ,超声电子,13:14:57,通信,5天3板
20260622,000833.SZ,粤桂股份,13:06:24,化工,首板
20260622,000960.SZ,锡业股份,09:40:27,有色金属,首板
20260622,000962.SZ,东方钽业,09:35:21,有色金属,首板
20260622,000987.SZ,越秀资本,13:15:45,金融概念,首板
20260622,001296.SZ,长江材料,14:39:42,非金属材料,2连板
20260622,001359.SZ,平安电工,13:02:06,化工,首板
20260622,002057.SZ,中钢天源,14:53:51,稀土永磁,首板
20260622,002068.SZ,黑猫股份,11:29:42,元器件,2连板
20260622,002114.SZ,罗平锌电,09:40:03,有色金属,首板
20260622,002167.SZ,东方锆业,09:25:00,非金属材料,2连板
20260622,002175.SZ,*ST东智,09:25:00,ST板块,首板
20260622,002258.SZ,利尔化学,14:00:30,实控人变更,首板
20260622,002297.SZ,博云新材,09:25:00,有色金属,2连板
20260622,002312.SZ,川发龙蟒,09:34:45,化工,首板
20260622,002346.SZ,柘中股份,09:36:24,智能电网,4天2板
20260622,002354.SZ,天娱数科,09:32:12,机器人概念,2连板
20260622,002367.SZ,康力电梯,09:44:30,地产链,首板
20260622,002386.SZ,天原股份,10:52:33,锂电池,首板
20260622,002407.SZ,多氟多,11:18:51,化工,首板
20260622,002409.SZ,雅克科技,14:41:45,芯片,首板
20260622,002418.SZ,康盛股份,09:35:27,算力,首板
20260622,002421.SZ,达实智能,09:44:24,AI应用,首板
20260622,002424.SZ,ST百灵,14:23:39,ST板块,首板
20260622,002428.SZ,云南锗业,09:32:36,芯片,首板
20260622,002440.SZ,闰土股份,10:19:27,化工,首板
20260622,002485.SZ,ST雪发,14:26:15,ST板块,2连板
20260622,002538.SZ,ST司特,10:28:06,ST板块,首板
20260622,002539.SZ,云图控股,13:58:24,化工,首板
20260622,002546.SZ,新联电子,09:47:42,智能电网,首板
20260622,002601.SZ,龙佰集团,11:10:39,非金属材料,首板
20260622,002655.SZ,共达电声,09:30:00,金刚石概念,2连板
20260622,002657.SZ,中科金财,09:55:18,金融概念,首板
20260622,002672.SZ,东江环保,09:32:21,有色金属,首板
20260622,002674.SZ,兴业科技,09:25:00,芯片,2连板
20260622,002805.SZ,丰元股份,10:27:24,锂电池,4天3板
20260622,002830.SZ,名雕股份,13:04:24,AI应用,首板
20260622,002842.SZ,翔鹭钨业,14:01:21,有色金属,2连板
20260622,002885.SZ,京泉华,14:31:24,智能电网,4天2板
20260622,002910.SZ,庄园牧场,14:26:30,食品饮料,4天2板
20260622,002963.SZ,豪尔赛,10:18:39,旅游,首板
20260622,002975.SZ,博杰股份,14:21:03,芯片,首板
20260622,003031.SZ,中瓷电子,09:30:12,非金属材料,2连板
20260622,300085.SZ,银之杰,11:29:33,金融概念,首板
20260622,300179.SZ,四方达,09:30:00,金刚石概念,首板
20260622,300243.SZ,瑞丰高材,10:30:24,化工,首板
20260622,300401.SZ,花园生物,09:34:21,医药,首板
20260622,300522.SZ,世名科技,13:25:36,通信,2连板
20260622,300561.SZ,汇金科技,13:19:51,金融概念,首板
20260622,300882.SZ,万胜智能,13:06:57,智能电网,首板
20260622,301071.SZ,力量钻石,09:48:09,金刚石概念,首板
20260622,301139.SZ,*ST元道,13:25:18,ST板块,首板
20260622,301356.SZ,天振股份,11:23:42,地产链,首板
20260622,301548.SZ,崇德科技,11:02:45,燃气轮机,首板
20260622,301580.SZ,爱迪特,09:25:00,非金属材料,2连板
20260622,600058.SH,五矿发展,09:44:37,有色金属,首板
20260622,600078.SH,澄星股份,10:02:58,化工,首板
20260622,600096.SH,云天化,13:48:56,化工,首板
20260622,600141.SH,XD兴发集,09:35:53,芯片,首板
20260622,600160.SH,巨化股份,13:05:53,化工,首板
20260622,600162.SH,香江控股,09:48:24,地产链,2连板
20260622,600172.SH,黄河旋风,09:25:50,金刚石概念,首板
20260622,600178.SH,东安动力,10:04:54,低空经济,首板
20260622,600206.SH,有研新材,09:39:50,芯片,4天2板
20260622,600234.SH,科新发展,10:46:14,算力,首板
20260622,600345.SH,长江通信,13:00:43,通信,首板
20260622,600352.SH,浙江龙盛,10:09:20,化工,首板
20260622,600353.SH,旭光电子,09:25:46,非金属材料,7天6板
20260622,600367.SH,红星发展,09:51:56,元器件,首板
20260622,600381.SH,*ST春天,09:35:18,ST板块,2连板
20260622,600397.SH,江钨装备,09:30:07,有色金属,4连板
20260622,600400.SH,红豆股份,09:50:52,机器人概念,首板
20260622,600470.SH,六国化工,11:23:04,化工,首板
20260622,600497.SH,驰宏锌锗,09:43:00,有色金属,首板
20260622,600531.SH,豫光金铅,09:42:09,有色金属,首板
20260622,600549.SH,厦门钨业,13:48:17,有色金属,5天3板
20260622,600552.SH,凯盛科技,09:30:15,芯片,3天2板
20260622,600584.SH,长电科技,14:38:39,芯片,首板
20260622,600703.SH,三安光电,09:31:21,芯片,首板
20260622,600769.SH,祥龙电业,09:25:39,国有企业,2连板
20260622,600791.SH,京能置业,09:45:45,地产链,首板
20260622,600818.SH,ST中路,14:18:14,ST板块,首板
20260622,600851.SH,海欣股份,09:31:15,医药,2连板
20260622,600869.SH,远东股份,13:01:24,通信,首板
20260622,600961.SH,株冶集团,09:31:47,有色金属,首板
20260622,600965.SH,*ST福成,09:30:04,ST板块,首板
20260622,601020.SH,华钰矿业,14:24:57,有色金属,4天2板
20260622,601066.SH,中信建投,13:26:29,证券,首板
20260622,601108.SH,财通证券,14:54:43,证券,首板
20260622,601179.SH,中国西电,10:42:29,智能电网,5天3板
20260622,601233.SH,桐昆股份,11:25:32,化工,首板
20260622,601336.SH,新华保险,13:15:05,保险,首板
20260622,601519.SH,大智慧,14:05:34,金融概念,首板
20260622,601869.SH,长飞光纤,09:35:57,通信,首板
20260622,601958.SH,金钼股份,11:21:57,有色金属,首板
20260622,603002.SH,宏昌电子,14:41:57,通信,9天6板
20260622,603012.SH,创力集团,09:44:07,智慧矿山,首板
20260622,603021.SH,*ST华鹏,09:30:04,ST板块,首板
20260622,603065.SH,宿迁联盛,09:32:52,芯片,首板
20260622,603067.SH,振华股份,14:30:16,化工,首板
20260622,603082.SH,北自科技,09:31:33,机器人概念,2连板
20260622,603083.SH,剑桥科技,13:08:42,通信,首板
20260622,603399.SH,永杉锂业,13:10:20,锂电池,首板
20260622,603407.SH,长裕集团,09:25:47,非金属材料,5天4板
20260622,603429.SH,*ST集友,09:25:52,ST板块,3天2板
20260622,603533.SH,掌阅科技,13:03:32,AI应用,首板
20260622,603557.SH,*ST起步,09:31:02,ST板块,2连板
20260622,603588.SH,高能环境,10:26:56,有色金属,首板
20260622,603595.SH,ST东尼,09:25:49,ST板块,5天3板
20260622,603607.SH,京华激光,10:21:39,激光,首板
20260622,603629.SH,利通电子,10:05:56,算力,首板
20260622,603661.SH,恒林股份,09:50:36,金刚石概念,首板
20260622,603663.SH,三祥新材,09:40:08,非金属材料,4天3板
20260622,603668.SH,天马科技,13:02:35,农业,首板
20260622,603718.SH,*ST海利,09:25:34,ST板块,首板
20260622,603727.SH,博迈科,14:39:22,石油石化,首板
20260622,603823.SH,百合花,10:12:15,新材料概念,首板
20260622,603906.SH,龙蟠科技,10:06:41,锂电池,首板
20260622,603938.SH,三孚股份,09:34:32,芯片,首板
20260622,603950.SH,长源东谷,14:53:51,发电机,首板
20260622,603959.SH,ST百利,14:29:30,ST板块,6天5板
20260622,603976.SH,正川股份,09:34:33,医疗器械,3天2板
20260622,603989.SH,艾华集团,09:36:16,元器件,4连板
20260622,605020.SH,永和股份,13:10:37,化工,首板
20260622,605069.SH,正和生态,09:36:51,人工智能,首板
20260622,605168.SH,三人行,09:38:45,AI应用,首板
20260622,605305.SH,中际联合,14:39:40,风电,首板
20260622,605377.SH,华旺科技,10:14:02,造纸,首板
20260622,605580.SH,恒盛能源,09:44:25,金刚石概念,首板
20260622,688367.SH,工大高科,09:31:30,股权转让,首板
20260622,688496.SH,*ST清越,09:36:35,ST板块,首板
20260622,688662.SH,富信科技,14:19:08,通信,首板
20260618,000534.SZ,万泽股份,10:01:15,燃气轮机,首板
20260618,000608.SZ,阳光股份,10:36:51,地产链,首板
20260618,000657.SZ,中钨高新,13:59:09,有色金属,4天2板
20260618,000811.SZ,冰轮环境,09:25:00,算力,4天3板
20260618,000839.SZ,国安股份,09:58:18,AI应用,首板
20260618,000889.SZ,中嘉博创,09:25:00,算力,首板
20260618,001216.SZ,华瓷股份,09:25:00,非金属材料,首板
20260618,001296.SZ,长江材料,10:32:06,非金属材料,首板
20260618,001339.SZ,智微智能,09:43:39,算力,2连板
20260618,001365.SZ,天海电子,13:52:09,机器人概念,首板
20260618,002068.SZ,黑猫股份,09:58:06,元器件,首板
20260618,002141.SZ,贤丰控股,09:31:09,通信,3连板
20260618,002158.SZ,汉钟精机,11:06:06,芯片,首板
20260618,002159.SZ,三特索道,13:30:39,旅游,首板
20260618,002167.SZ,东方锆业,09:25:00,非金属材料,首板
20260618,002203.SZ,海亮股份,10:00:45,通信,首板
20260618,002281.SZ,光迅科技,10:51:48,通信,4天2板
20260618,002283.SZ,天润工业,09:38:24,机器人概念,首板
20260618,002297.SZ,博云新材,09:42:18,有色金属,首板
20260618,002317.SZ,众生药业,11:04:24,医药,首板
20260618,002354.SZ,天娱数科,10:19:09,机器人概念,首板
20260618,002392.SZ,北京利尔,09:59:15,非金属材料,首板
20260618,002432.SZ,九安医疗,10:26:18,人工智能,4天2板
20260618,002442.SZ,龙星科技,10:37:57,化工,首板
20260618,002485.SZ,ST雪发,14:35:27,ST板块,首板
20260618,002491.SZ,通鼎互联,09:30:57,通信,2连板
20260618,002579.SZ,中京电子,09:32:12,通信,2连板
20260618,002655.SZ,共达电声,09:36:45,激光,首板
20260618,002674.SZ,兴业科技,10:31:24,机器人概念,首板
20260618,002713.SZ,*ST东易,09:52:45,ST板块,首板
20260618,002747.SZ,埃斯顿,10:14:54,物理AI,首板
20260618,002789.SZ,*ST建艺,09:25:00,ST板块,5天3板
20260618,002805.SZ,丰元股份,09:31:18,锂电池,3天2板
20260618,002816.SZ,*ST和科,09:53:51,ST板块,首板
20260618,002842.SZ,翔鹭钨业,14:21:33,有色金属,首板
20260618,002859.SZ,洁美科技,13:37:54,元器件,4天2板
20260618,002897.SZ,意华股份,09:55:54,通信,4天2板
20260618,002907.SZ,华森制药,10:22:21,AI应用,首板
20260618,002950.SZ,奥美医疗,13:24:06,医疗器械,首板
20260618,002971.SZ,和远气体,14:11:18,芯片,首板
20260618,002989.SZ,中天精装,09:48:39,芯片,3连板
20260618,003031.SZ,中瓷电子,13:15:12,非金属材料,首板
20260618,300166.SZ,东方国信,13:01:06,算力,首板
20260618,300319.SZ,麦捷科技,13:10:18,算力,首板
20260618,300522.SZ,世名科技,10:03:42,通信,首板
20260618,300861.SZ,美畅股份,09:40:09,有色金属,首板
20260618,301310.SZ,鑫宏业,13:07:27,机器人概念,首板
20260618,301580.SZ,爱迪特,09:25:00,非金属材料,首板
20260618,301687.SZ,新广益,13:11:30,通信,首板
20260618,600076.SH,康欣新材,09:39:41,芯片,首板
20260618,600162.SH,香江控股,10:22:18,地产链,首板
20260618,600226.SH,亨通股份,09:56:18,通信,4天2板
20260618,600259.SH,中稀有色,09:53:29,稀土永磁,首板
20260618,600353.SH,旭光电子,09:31:35,非金属材料,6天5板
20260618,600362.SH,江西铜业,09:37:23,有色金属,4天2板
20260618,600381.SH,*ST春天,14:23:58,ST板块,首板
20260618,600392.SH,盛和资源,09:55:28,稀土永磁,3天2板
20260618,600397.SH,江钨装备,14:00:36,有色金属,3连板
20260618,600399.SH,抚顺特钢,09:46:29,商业航天,首板
20260618,600545.SH,卓郎智能,11:26:56,通信,4天3板
20260618,600667.SH,太极实业,13:49:50,芯片,首板
20260618,600671.SH,天目药业,14:04:27,医药,首板
20260618,600769.SH,祥龙电业,09:25:50,国有企业,首板
20260618,600835.SH,上海机电,14:41:11,机器人概念,首板
20260618,600851.SH,海欣股份,09:35:33,医药,首板
20260618,603001.SH,奥康国际,09:50:35,服装家纺,首板
20260618,603011.SH,合锻智能,10:36:22,通信,4天2板
20260618,603082.SH,北自科技,13:46:03,机器人概念,首板
20260618,603124.SH,江南新材,10:04:36,有色金属,首板
20260618,603127.SH,昭衍新药,11:09:13,医药,首板
20260618,603177.SH,德创环保,14:54:31,环保,首板
20260618,603201.SH,常润股份,10:23:05,汽车零部件,首板
20260618,603211.SH,晋拓股份,09:49:41,机器人概念,首板
20260618,603223.SH,恒通股份,09:41:22,物流,首板
20260618,603261.SH,立航科技,09:31:15,ST摘帽,4天3板
20260618,603313.SH,梦百合,10:44:07,服装家纺,首板
20260618,603324.SH,盛剑科技,13:04:47,芯片,2连板
20260618,603358.SH,华达科技,09:36:48,机器人概念,首板
20260618,603380.SH,易德龙,13:00:26,机器人概念,首板
20260618,603389.SH,*ST亚振,14:41:58,ST板块,首板
20260618,603407.SH,长裕集团,09:25:30,非金属材料,4天3板
20260618,603496.SH,XD恒为科,13:20:12,算力,首板
20260618,603557.SH,*ST起步,09:38:17,ST板块,首板
20260618,603580.SH,*ST艾艾,09:30:10,ST板块,4天3板
20260618,603595.SH,ST东尼,09:37:01,ST板块,4天2板
20260618,603616.SH,韩建河山,10:11:15,并购重组,首板
20260618,603663.SH,三祥新材,09:30:47,非金属材料,3天2板
20260618,603679.SH,华体科技,13:57:48,股权转让,首板
20260618,603843.SH,*ST正平,10:31:48,ST板块,首板
20260618,603956.SH,威派格,10:19:02,物理AI,首板
20260618,603989.SH,艾华集团,09:30:47,元器件,3连板
20260618,603991.SH,领先股份,14:11:02,芯片,首板
20260618,605086.SH,龙高股份,09:56:26,非金属材料,首板
20260618,605376.SH,博迁新材,10:00:21,元器件,4天2板
20260618,688227.SH,品高股份,13:19:06,芯片,首板
20260618,688478.SH,晶升股份,09:33:50,芯片,首板
20260618,688485.SH,九州一轨,13:31:07,并购重组,首板
20260618,688515.SH,裕太微,10:30:58,机器人概念,首板
20260618,688598.SH,金博股份,09:39:51,非金属材料,2连板
20260618,688671.SH,碧兴物联,09:56:11,物理AI,首板
20260618,688729.SH,屹唐股份,14:52:31,芯片,首板
20260617,000050.SZ,深天马Ａ,09:33:33,芯片,首板
20260617,000100.SZ,TCL科技,13:17:09,并购重组,首板
20260617,000672.SZ,上峰材料,13:59:03,芯片,首板
20260617,000679.SZ,大连友谊,13:06:18,零售,2连板
20260617,000695.SZ,滨海能源,14:50:27,锂电池,首板
20260617,000725.SZ,京东方Ａ,09:46:57,芯片,首板
20260617,000777.SZ,中核科技,09:25:00,中字头,3连板
20260617,000811.SZ,冰轮环境,09:25:00,算力,3天2板
20260617,000823.SZ,超声电子,09:43:33,通信,3天2板
20260617,001223.SZ,欧克科技,13:01:03,通信,首板
20260617,001282.SZ,三联锻造,10:39:30,机器人概念,首板
20260617,001326.SZ,联域股份,10:09:21,机器人概念,首板
20260617,001339.SZ,智微智能,10:19:12,算力,首板
20260617,002080.SZ,中材科技,09:45:06,通信,3连板
20260617,002082.SZ,ST万邦,09:30:51,ST板块,3连板
20260617,002106.SZ,莱宝高科,09:43:54,芯片,3天2板
20260617,002141.SZ,贤丰控股,10:05:54,通信,2连板
20260617,002161.SZ,远望谷,14:03:27,物理AI,首板
20260617,002201.SZ,九鼎新材,09:54:03,化工,首板
20260617,002254.SZ,泰和新材,10:47:27,通信,首板
20260617,002404.SZ,嘉欣丝绸,09:44:42,服装家纺,首板
20260617,002491.SZ,通鼎互联,10:14:27,通信,首板
20260617,002579.SZ,中京电子,10:06:06,通信,首板
20260617,002581.SZ,*ST未名,11:14:00,ST板块,2连板
20260617,002741.SZ,光华科技,09:30:12,通信,3连板
20260617,002789.SZ,*ST建艺,09:25:00,ST板块,4天2板
20260617,002828.SZ,贝肯能源,10:29:03,石油石化,首板
20260617,002906.SZ,华阳集团,09:49:12,智能驾驶,首板
20260617,002916.SZ,深南电路,09:59:33,通信,首板
20260617,002918.SZ,蒙娜丽莎,10:35:54,芯片,首板
20260617,002938.SZ,鹏鼎控股,10:17:12,通信,首板
20260617,002989.SZ,中天精装,10:17:18,芯片,2连板
20260617,300088.SZ,长信科技,09:48:51,芯片,首板
20260617,300283.SZ,温州宏丰,14:31:03,通信,首板
20260617,300351.SZ,永贵电器,13:38:06,机器人概念,首板
20260617,300386.SZ,飞天诚信,11:21:06,金融概念,首板
20260617,300475.SZ,香农芯创,13:38:51,芯片,首板
20260617,300584.SZ,海辰药业,13:29:42,锂电池,首板
20260617,300735.SZ,光弘科技,09:41:42,算力,首板
20260617,300737.SZ,科顺股份,09:59:06,商业航天,首板
20260617,300903.SZ,科翔股份,10:34:27,通信,首板
20260617,301111.SZ,粤万年青,10:59:12,医药,首板
20260617,301366.SZ,一博科技,10:31:30,通信,首板
20260617,600026.SH,中远海能,10:18:05,航运,3天2板
20260617,600110.SH,诺德股份,09:25:39,通信,3连板
20260617,600176.SH,中国巨石,09:38:26,通信,3天2板
20260617,600186.SH,莲花控股,09:36:33,算力,2连板
20260617,600192.SH,长城电工,09:31:22,智能电网,2连板
20260617,600237.SH,铜峰电子,09:41:17,电阻电容,3天2板
20260617,600353.SH,旭光电子,09:30:35,通信,5天4板
20260617,600370.SH,*ST三房,09:30:34,ST板块,2连板
20260617,600378.SH,昊华科技,10:52:29,芯片,首板
20260617,600397.SH,江钨装备,13:15:18,有色金属,2连板
20260617,600537.SH,*ST亿晶,09:25:38,ST板块,5连板
20260617,600552.SH,凯盛科技,09:51:09,芯片,首板
20260617,600579.SH,中化装备,14:05:40,中字头,首板
20260617,600615.SH,鑫源智造,14:50:08,机器人概念,2连板
20260617,600673.SH,东阳光,11:02:04,算力,首板
20260617,600676.SH,交运股份,09:36:16,并购重组,首板
20260617,600707.SH,彩虹股份,09:47:49,芯片,首板
20260617,600753.SH,ST海钦,09:25:33,ST板块,2连板
20260617,600876.SH,凯盛新能,09:32:32,光伏,首板
20260617,601117.SH,中国化学,13:51:19,中字头,首板
20260617,601636.SH,旗滨集团,09:25:48,芯片,3连板
20260617,603002.SH,宏昌电子,09:34:31,通信,7天5板
20260617,603020.SH,爱普股份,10:58:50,食品饮料,9天4板
20260617,603115.SH,海星股份,09:36:50,电阻电容,3连板
20260617,603139.SH,康惠股份,11:21:38,医药,首板
20260617,603186.SH,华正新材,09:32:56,通信,3连板
20260617,603261.SH,立航科技,09:39:18,ST摘帽,3天2板
20260617,603283.SH,赛腾股份,13:25:12,芯片,首板
20260617,603285.SH,键邦股份,09:52:49,化工,首板
20260617,603324.SH,盛剑科技,11:22:23,芯片,首板
20260617,603429.SH,*ST集友,09:42:06,ST板块,首板
20260617,603458.SH,勘设股份,13:24:00,基础建设,3天2板
20260617,603488.SH,展鹏科技,14:00:45,军工,首板
20260617,603580.SH,*ST艾艾,11:24:25,ST板块,3天2板
20260617,603601.SH,再升科技,09:55:48,化工,首板
20260617,603618.SH,杭电股份,09:36:37,通信,3连板
20260617,603637.SH,镇海股份,09:53:42,实控人变更,首板
20260617,603773.SH,沃格光电,09:39:14,芯片,2连板
20260617,603880.SH,南卫股份,11:01:12,医疗器械,首板
20260617,603922.SH,ST金鸿顺,09:30:47,ST板块,3连板
20260617,603929.SH,亚翔集成,13:54:55,芯片,首板
20260617,603959.SH,ST百利,09:25:53,ST板块,4连板
20260617,603976.SH,正川股份,09:54:07,医疗器械,首板
20260617,603986.SH,兆易创新,14:31:02,芯片,首板
20260617,603989.SH,艾华集团,09:38:19,电阻电容,2连板
20260617,688079.SH,美迪凯,09:35:08,芯片,首板
20260617,688082.SH,盛美上海,13:37:32,芯片,首板
20260617,688260.SH,昀冢科技,14:30:09,电阻电容,首板
20260617,688323.SH,瑞华泰,13:01:32,通信,首板
20260617,688333.SH,铂力特,09:51:18,商业航天,首板
20260617,688598.SH,金博股份,13:22:04,光伏,首板
20260617,688766.SH,普冉股份,14:43:53,芯片,首板
20260616,000012.SZ,南玻Ａ,09:37:51,芯片,首板
20260616,000029.SZ,深深房Ａ,10:32:57,地产链,首板
20260616,000032.SZ,深桑达Ａ,09:57:39,芯片,4连板
20260616,000034.SZ,神州数码,14:14:45,AI应用,首板
20260616,000048.SZ,京基智农,10:20:45,股权转让,首板
20260616,000541.SZ,佛山照明,09:36:33,LED,首板
20260616,000564.SZ,供销大集,14:13:12,零售,首板
20260616,000677.SZ,ST海龙,14:36:33,ST板块,首板
20260616,000679.SZ,大连友谊,13:13:18,零售,首板
20260616,000736.SZ,中交发展,09:37:15,地产链,首板
20260616,000777.SZ,中核科技,09:25:00,核电,2连板
20260616,000791.SZ,甘肃能源,09:34:30,电力,首板
20260616,000970.SZ,中科三环,09:39:15,机器人概念,首板
20260616,001257.SZ,盛龙股份,09:32:57,有色金属,4连板
20260616,001266.SZ,宏英智能,13:01:06,算力,首板
20260616,001283.SZ,豪鹏科技,10:21:21,储能,首板
20260616,001387.SZ,雪祺电气,10:49:36,通信,首板
20260616,002008.SZ,大族激光,13:28:57,通信,首板
20260616,002047.SZ,宝鹰股份,09:30:54,ST摘帽,首板
20260616,002055.SZ,ST得润,09:25:00,ST板块,2连板
20260616,002058.SZ,威尔泰,10:43:57,ST摘帽,首板
20260616,002080.SZ,中材科技,10:39:39,通信,2连板
20260616,002082.SZ,ST万邦,10:07:27,ST板块,2连板
20260616,002141.SZ,贤丰控股,10:03:03,通信,首板
20260616,002160.SZ,常铝股份,09:25:00,实控人变更,首板
20260616,002193.SZ,ST如意,09:31:24,ST板块,3连板
20260616,002194.SZ,武汉凡谷,09:48:51,通信,首板
20260616,002207.SZ,*ST准油,09:30:00,ST板块,首板
20260616,002217.SZ,合力泰,10:07:39,算力,首板
20260616,002227.SZ,*ST特迅,11:16:27,ST板块,首板
20260616,002303.SZ,美盈森,14:42:18,食品饮料,首板
20260616,002346.SZ,柘中股份,10:44:48,智能电网,首板
20260616,002436.SZ,兴森科技,13:05:36,通信,首板
20260616,002446.SZ,盛路通信,09:43:54,通信,首板
20260616,002449.SZ,国星光电,09:25:00,通信,首板
20260616,002484.SZ,江海股份,10:23:09,电阻电容,首板
20260616,002514.SZ,*ST宝馨,09:25:00,ST板块,首板
20260616,002515.SZ,金字火腿,09:32:03,芯片,2连板
20260616,002552.SZ,宝鼎科技,09:34:24,通信,2连板
20260616,002581.SZ,*ST未名,13:00:00,ST板块,首板
20260616,002585.SZ,双星新材,09:30:27,电阻电容,2连板
20260616,002630.SZ,*ST华西,09:41:54,ST板块,首板
20260616,002645.SZ,华宏科技,09:54:33,稀土永磁,首板
20260616,002672.SZ,东江环保,13:13:54,有色金属,首板
20260616,002691.SZ,*ST冀凯,13:03:24,ST板块,首板
20260616,002700.SZ,万憬能源,09:57:48,天然气,首板
20260616,002726.SZ,ST龙大,14:21:33,ST板块,首板
20260616,002729.SZ,好利科技,13:14:03,智能电网,首板
20260616,002734.SZ,利民股份,13:24:00,农业,首板
20260616,002735.SZ,王子新材,09:30:00,电阻电容,首板
20260616,002741.SZ,光华科技,09:25:00,通信,2连板
20260616,002774.SZ,快意电梯,14:46:42,地产链,首板
20260616,002782.SZ,可立克,09:51:12,智能电网,首板
20260616,002805.SZ,丰元股份,11:17:09,锂电池,首板
20260616,002806.SZ,华锋股份,13:01:15,电阻电容,2连板
20260616,002824.SZ,和胜股份,09:46:33,消费电子,4天3板
20260616,002851.SZ,麦格米特,09:33:03,电源,2连板
20260616,002885.SZ,京泉华,09:46:27,智能电网,首板
20260616,002910.SZ,庄园牧场,11:07:09,食品饮料,首板
20260616,002927.SZ,泰永长征,10:21:54,智能电网,3天2板
20260616,002931.SZ,锋龙股份,10:32:24,机器人概念,首板
20260616,002977.SZ,*ST天箭,09:31:21,ST板块,2连板
20260616,002989.SZ,中天精装,10:23:09,芯片,首板
20260616,002990.SZ,盛视科技,09:46:24,算力,2连板
20260616,002993.SZ,奥海科技,13:00:12,电源,首板
20260616,300068.SZ,ST南都,14:16:09,ST板块,首板
20260616,300145.SZ,南方泵业,10:44:30,算力,首板
20260616,300780.SZ,德恩精工,09:37:54,机器人概念,首板
20260616,300843.SZ,胜蓝股份,10:42:39,通信,首板
20260616,300931.SZ,通用电梯,13:04:24,地产链,首板
20260616,300964.SZ,本川智能,14:11:27,通信,首板
20260616,301000.SZ,肇民科技,13:02:57,机器人概念,首板
20260616,301055.SZ,张小泉,13:06:21,股权转让,首板
20260616,301099.SZ,雅创电子,09:44:33,电阻电容,首板
20260616,301176.SZ,逸豪新材,10:23:03,通信,3连板
20260616,600052.SH,东望时代,14:10:31,并购重组,首板
20260616,600105.SH,永鼎股份,11:07:11,芯片,首板
20260616,600110.SH,诺德股份,09:25:50,通信,2连板
20260616,600180.SH,*ST瑞茂,11:19:55,ST板块,首板
20260616,600186.SH,莲花控股,13:01:22,算力,首板
20260616,600192.SH,长城电工,09:40:35,智能电网,首板
20260616,600206.SH,有研新材,09:40:40,芯片,首板
20260616,600228.SH,返利科技,13:12:18,ST摘帽,首板
20260616,600353.SH,旭光电子,09:25:30,芯片,4天3板
20260616,600370.SH,*ST三房,10:11:30,ST板块,首板
20260616,600392.SH,盛和资源,09:50:32,稀土永磁,首板
20260616,600397.SH,江钨装备,09:48:53,有色金属,首板
20260616,600458.SH,时代新材,10:42:16,芯片,首板
20260616,600500.SH,中化国际,09:30:03,通信,6天4板
20260616,600537.SH,*ST亿晶,09:25:31,ST板块,4连板
20260616,600545.SH,卓郎智能,09:47:25,通信,2连板
20260616,600549.SH,厦门钨业,09:39:26,有色金属,2连板
20260616,600615.SH,鑫源智造,13:08:33,机器人概念,首板
20260616,600678.SH,ST金顶,09:25:42,ST板块,2连板
20260616,600753.SH,ST海钦,09:25:58,ST板块,首板
20260616,600888.SH,新疆众和,13:05:17,电阻电容,首板
20260616,601020.SH,华钰矿业,10:38:31,有色金属,首板
20260616,601179.SH,中国西电,09:42:03,智能电网,2连板
20260616,601208.SH,东材科技,09:51:27,通信,首板
20260616,601636.SH,旗滨集团,09:41:56,芯片,2连板
20260616,603002.SH,宏昌电子,10:15:03,通信,6天4板
20260616,603042.SH,华脉科技,13:02:03,通信,首板
20260616,603045.SH,福达合金,13:30:24,算力,2连板
20260616,603078.SH,江化微,14:31:43,化工,首板
20260616,603115.SH,海星股份,09:42:12,电阻电容,2连板
20260616,603125.SH,常青科技,13:00:40,芯片,首板
20260616,603166.SH,福达股份,10:20:23,机器人概念,首板
20260616,603169.SH,兰石重装,09:33:51,核电,首板
20260616,603175.SH,超颖电子,09:47:34,通信,首板
20260616,603186.SH,华正新材,09:32:00,通信,2连板
20260616,603191.SH,望变电气,10:03:42,智能电网,首板
20260616,603196.SH,璞源材料,10:27:04,锂电池,首板
20260616,603256.SH,宏和科技,11:27:03,通信,2连板
20260616,603260.SH,合盛硅业,13:23:56,光伏,首板
20260616,603271.SH,永杰新材,14:01:21,电阻电容,首板
20260616,603318.SH,水发燃气,10:29:05,燃气轮机,首板
20260616,603407.SH,长裕集团,10:11:22,机器人概念,2连板
20260616,603516.SH,淳中科技,09:38:01,芯片,2连板
20260616,603618.SH,杭电股份,09:38:00,通信,2连板
20260616,603663.SH,三祥新材,11:15:28,芯片,首板
20260616,603721.SH,中广天择,10:24:10,ST摘帽,首板
20260616,603773.SH,沃格光电,10:30:49,芯片,首板
20260616,603803.SH,瑞斯康达,09:43:52,通信,首板
20260616,603838.SH,*ST四通,14:35:22,ST板块,首板
20260616,603861.SH,白云电器,13:09:50,电源,首板
20260616,603922.SH,ST金鸿顺,09:31:37,ST板块,2连板
20260616,603949.SH,雪龙集团,10:20:11,汽车零部件,首板
20260616,603959.SH,ST百利,09:30:28,ST板块,3连板
20260616,603989.SH,艾华集团,13:02:03,电阻电容,首板
20260616,605006.SH,山东玻纤,09:47:02,化工,首板
20260616,605166.SH,聚合顺,10:06:08,化工,首板
20260616,605198.SH,安德利,09:25:59,并购重组,3连板
20260616,605255.SH,天普股份,14:42:28,芯片,首板
20260616,605289.SH,罗曼股份,09:49:34,算力,2连板
20260616,605588.SH,冠石科技,13:21:55,芯片,首板
20260616,688484.SH,南芯科技,14:35:54,芯片,首板
20260616,688635.SH,长进光子,14:14:30,通信,首板
20260615,000032.SZ,深桑达Ａ,11:07:48,芯片,3连板
20260615,000056.SZ,*ST皇庭,10:11:33,ST板块,首板
20260615,000070.SZ,特发信息,11:27:09,通信,首板
20260615,000411.SZ,英特集团,09:39:06,医药,首板
20260615,000506.SZ,招金黄金,09:46:00,黄金,2连板
20260615,000510.SZ,新金路,09:30:00,有色金属,3连板
20260615,000520.SZ,凤凰航运,09:33:48,航运,首板
20260615,000545.SZ,金浦钛业,09:35:39,化工,首板
20260615,000593.SZ,德龙汇能,13:25:39,天然气,首板
20260615,000636.SZ,风华高科,10:02:54,元器件,首板
20260615,000657.SZ,中钨高新,13:38:00,有色金属,首板
20260615,000700.SZ,模塑科技,09:48:39,机器人概念,首板
20260615,000733.SZ,振华科技,09:39:18,元器件,首板
20260615,000777.SZ,中核科技,13:00:09,核电,首板
20260615,000811.SZ,冰轮环境,10:28:48,算力,首板
20260615,000823.SZ,超声电子,11:04:03,通信,首板
20260615,000960.SZ,锡业股份,13:30:30,有色金属,首板
20260615,000980.SZ,众泰汽车,09:33:21,汽车类,首板
20260615,001256.SZ,炜冈科技,11:07:51,新型工业化,首板
20260615,001257.SZ,盛龙股份,09:30:39,有色金属,3连板
20260615,001359.SZ,平安电工,13:45:21,化工,2连板
20260615,002021.SZ,中捷资源,09:36:57,机器人概念,首板
20260615,002040.SZ,南京港,09:31:42,港口,首板
20260615,002051.SZ,中工国际,09:30:30,基础建设,首板
20260615,002055.SZ,ST得润,09:36:12,ST板块,首板
20260615,002080.SZ,中材科技,10:48:21,通信,首板
20260615,002082.SZ,ST万邦,09:30:00,ST板块,首板
20260615,002106.SZ,莱宝高科,11:06:18,芯片,首板
20260615,002136.SZ,安纳达,10:18:09,化工,首板
20260615,002137.SZ,实益达,09:36:15,腾讯概念,首板
20260615,002174.SZ,游族网络,10:04:09,AI应用,首板
20260615,002193.SZ,ST如意,09:31:57,ST板块,2连板
20260615,002214.SZ,*ST大立,09:52:27,ST板块,3连板
20260615,002263.SZ,大东南,09:32:06,化工,首板
20260615,002281.SZ,光迅科技,11:14:42,通信,首板
20260615,002301.SZ,齐心集团,10:21:36,文创产品,首板
20260615,002335.SZ,科华数据,14:43:06,算力,首板
20260615,002364.SZ,中恒电气,14:20:12,电源,首板
20260615,002384.SZ,东山精密,11:26:18,芯片,首板
20260615,002426.SZ,胜利精密,10:13:03,端侧AI,首板
20260615,002428.SZ,云南锗业,13:07:33,芯片,3天2板
20260615,002432.SZ,九安医疗,09:31:33,人工智能,首板
20260615,002440.SZ,闰土股份,09:31:57,化工,首板
20260615,002515.SZ,金字火腿,09:45:03,芯片,首板
20260615,002552.SZ,宝鼎科技,09:37:36,通信,首板
20260615,002585.SZ,双星新材,09:31:36,元器件,首板
20260615,002613.SZ,北玻股份,09:43:30,玻璃,首板
20260615,002634.SZ,*ST棒杰,09:32:15,ST板块,首板
20260615,002635.SZ,安洁科技,10:59:15,消费电子,首板
20260615,002664.SZ,信质集团,10:32:15,机器人概念,首板
20260615,002730.SZ,电光科技,14:49:39,算力,首板
20260615,002741.SZ,光华科技,09:32:36,通信,首板
20260615,002745.SZ,木林森,10:23:03,端侧AI,首板
20260615,002762.SZ,*ST金比,14:12:48,ST板块,首板
20260615,002806.SZ,华锋股份,09:39:03,元器件,首板
20260615,002815.SZ,崇达技术,09:43:09,通信,首板
20260615,002824.SZ,和胜股份,09:45:15,消费电子,3天2板
20260615,002849.SZ,威星智能,09:45:09,算力,首板
20260615,002851.SZ,麦格米特,09:42:27,电源,首板
20260615,002859.SZ,洁美科技,10:14:06,元器件,首板
20260615,002897.SZ,意华股份,10:11:36,通信,首板
20260615,002903.SZ,宇环数控,13:03:30,机器人概念,首板
20260615,002913.SZ,奥士康,10:35:42,通信,3天2板
20260615,002961.SZ,瑞达期货,09:51:09,金融概念,首板
20260615,002972.SZ,科安达,10:10:48,低空经济,首板
20260615,002975.SZ,博杰股份,13:00:15,元器件,首板
20260615,002977.SZ,*ST天箭,09:50:18,ST板块,首板
20260615,002990.SZ,盛视科技,10:45:21,算力,首板
20260615,002992.SZ,宝明科技,13:48:21,锂电池,首板
20260615,003036.SZ,泰坦股份,09:53:33,通信,首板
20260615,300489.SZ,光智科技,13:03:18,芯片,首板
20260615,300548.SZ,长芯博创,11:11:30,通信,首板
20260615,300570.SZ,太辰光,10:22:12,通信,首板
20260615,300588.SZ,熙菱信息,09:37:03,AI应用,首板
20260615,300726.SZ,宏达电子,09:42:21,元器件,首板
20260615,301176.SZ,逸豪新材,09:32:18,通信,2连板
20260615,301196.SZ,唯科科技,13:00:00,通信,首板
20260615,301217.SZ,铜冠铜箔,13:31:42,通信,首板
20260615,301362.SZ,民爆光电,14:41:09,通信,首板
20260615,301373.SZ,凌玮科技,13:33:36,通信,首板
20260615,301387.SZ,光大同创,10:00:12,通信,首板
20260615,301566.SZ,达利凯普,09:51:54,元器件,首板
20260615,600026.SH,中远海能,09:25:44,航运,首板
20260615,600110.SH,诺德股份,09:32:02,通信,首板
20260615,600176.SH,中国巨石,10:28:11,通信,首板
20260615,600183.SH,生益科技,10:01:50,通信,首板
20260615,600226.SH,亨通股份,10:18:47,通信,首板
20260615,600237.SH,铜峰电子,09:38:41,元器件,首板
20260615,600293.SH,三峡新材,09:44:27,玻璃,首板
20260615,600353.SH,旭光电子,09:31:09,芯片,3天2板
20260615,600362.SH,江西铜业,13:56:33,有色金属,首板
20260615,600375.SH,汉马科技,09:30:49,汽车类,首板
20260615,600460.SH,士兰微,09:59:15,芯片,首板
20260615,600520.SH,三佳科技,13:04:32,芯片,首板
20260615,600537.SH,*ST亿晶,09:25:54,ST板块,3连板
20260615,600545.SH,卓郎智能,09:39:55,通信,首板
20260615,600549.SH,厦门钨业,13:26:53,有色金属,首板
20260615,600563.SH,法拉电子,10:17:03,元器件,首板
20260615,600578.SH,京能电力,14:41:27,电力,首板
20260615,600678.SH,ST金顶,09:25:33,ST板块,首板
20260615,600703.SH,三安光电,09:56:37,芯片,首板
20260615,600745.SH,*ST闻泰,10:28:50,ST板块,首板
20260615,601022.SH,宁波远洋,09:31:01,航运,首板
20260615,601133.SH,柏诚股份,09:49:07,芯片,首板
20260615,601179.SH,中国西电,09:43:21,智能电网,首板
20260615,601636.SH,旗滨集团,10:09:25,芯片,首板
20260615,601696.SH,中银证券,09:38:08,证券,2连板
20260615,601872.SH,招商轮船,09:25:36,航运,首板
20260615,601958.SH,金钼股份,09:32:13,有色金属,3连板
20260615,601975.SH,招商南油,09:25:56,航运,首板
20260615,603002.SH,宏昌电子,09:45:25,通信,5天3板
20260615,603007.SH,顺景科技,09:31:24,传感器,首板
20260615,603011.SH,合锻智能,11:13:41,通信,首板
20260615,603045.SH,福达合金,09:40:18,算力,首板
20260615,603052.SH,可川科技,13:03:06,通信,首板
20260615,603070.SH,万控智造,09:37:36,智能电网,首板
20260615,603083.SH,剑桥科技,14:45:24,通信,首板
20260615,603085.SH,天成自控,10:54:43,低空经济,首板
20260615,603093.SH,南华期货,09:38:40,金融概念,首板
20260615,603115.SH,海星股份,10:01:20,元器件,首板
20260615,603137.SH,恒尚节能,09:31:59,基础建设,首板
20260615,603186.SH,华正新材,09:39:49,通信,首板
20260615,603256.SH,宏和科技,13:02:42,通信,首板
20260615,603267.SH,鸿远电子,09:45:23,元器件,首板
20260615,603327.SH,福蓉科技,10:30:18,消费电子,首板
20260615,603335.SH,迪生力,09:25:52,并购重组,5天3板
20260615,603373.SH,安邦护卫,09:54:55,AI应用,首板
20260615,603407.SH,长裕集团,10:40:07,机器人概念,首板
20260615,603458.SH,勘设股份,09:47:45,基础建设,首板
20260615,603499.SH,翔港科技,14:06:13,股权转让,首板
20260615,603516.SH,淳中科技,09:38:32,芯片,首板
20260615,603580.SH,*ST艾艾,10:03:08,ST板块,首板
20260615,603595.SH,ST东尼,09:50:51,ST板块,首板
20260615,603618.SH,杭电股份,09:52:28,通信,首板
20260615,603629.SH,利通电子,10:31:34,算力,首板
20260615,603678.SH,火炬电子,09:40:45,元器件,3天2板
20260615,603681.SH,永冠新材,11:19:31,通信,首板
20260615,603726.SH,朗迪集团,10:15:29,芯片,首板
20260615,603727.SH,博迈科,09:32:07,石油石化,首板
20260615,603738.SH,泰晶科技,09:25:37,通信,2连板
20260615,603800.SH,洪田股份,11:05:59,芯片,首板
20260615,603806.SH,福斯特,13:10:06,通信,首板
20260615,603922.SH,ST金鸿顺,09:53:53,ST板块,首板
20260615,603950.SH,长源东谷,14:55:28,发电机,首板
20260615,603959.SH,ST百利,09:44:04,ST板块,2连板
20260615,603979.SH,金诚信,09:32:54,通信,首板
20260615,605058.SH,澳弘电子,10:45:44,通信,首板
20260615,605111.SH,新洁能,13:42:07,芯片,首板
20260615,605198.SH,安德利,09:33:14,食品饮料,2连板
20260615,605288.SH,凯迪股份,09:43:26,机器人概念,首板
20260615,605289.SH,罗曼股份,14:16:13,算力,首板
20260615,605303.SH,园林股份,09:36:37,芯片,首板
20260615,605376.SH,博迁新材,10:47:29,元器件,首板
20260615,605589.SH,圣泉集团,09:50:12,通信,首板
20260615,688090.SH,瑞松科技,11:06:41,机器人概念,首板
20260615,688167.SH,炬光科技,10:12:45,通信,3天2板
20260615,688603.SH,天承科技,09:46:30,芯片,首板
20260615,688757.SH,胜科纳米,10:25:26,通信,首板
20260615,688813.SH,泰金新能,13:57:08,通信,首板
20260612,000032.SZ,深桑达Ａ,13:17:57,芯片,2连板
20260612,000099.SZ,中信海直,09:52:36,低空经济,首板
20260612,000151.SZ,中成股份,10:16:57,基础建设,首板
20260612,000506.SZ,招金黄金,10:48:09,黄金,首板
20260612,000510.SZ,新金路,10:32:15,有色金属,2连板
20260612,000547.SZ,航天发展,09:37:12,商业航天,首板
20260612,000630.SZ,铜陵有色,10:33:57,有色金属,首板
20260612,000737.SZ,北方铜业,10:47:51,有色金属,首板
20260612,000751.SZ,锌业股份,10:26:48,有色金属,首板
20260612,000758.SZ,中色股份,10:27:21,稀土永磁,首板
20260612,000759.SZ,中百集团,13:19:27,零售,首板
20260612,000768.SZ,中航西飞,09:25:00,商业航天,首板
20260612,000820.SZ,*ST节能,09:45:24,ST板块,首板
20260612,000969.SZ,安泰科技,09:31:09,有色金属,首板
20260612,001206.SZ,依依股份,13:07:30,宠物经济,首板
20260612,001233.SZ,海安集团,14:15:03,汽车零部件,首板
20260612,001257.SZ,盛龙股份,09:30:00,有色金属,2连板
20260612,001299.SZ,美能能源,10:21:48,并购重组,首板
20260612,001330.SZ,博纳影业,10:07:57,文化传媒,首板
20260612,001359.SZ,平安电工,09:47:39,化工,首板
20260612,001360.SZ,南矿集团,11:06:27,黄金,首板
20260612,001378.SZ,德冠新材,10:58:00,新材料概念,首板
20260612,001696.SZ,宗申动力,09:53:33,低空经济,5天4板
20260612,002085.SZ,万丰奥威,09:58:30,低空经济,首板
20260612,002088.SZ,鲁阳节能,09:47:03,锂电池,首板
20260612,002190.SZ,成飞集成,10:11:21,军工,首板
20260612,002193.SZ,ST如意,14:00:12,ST板块,首板
20260612,002200.SZ,交投生态,10:15:51,ST摘帽,首板
20260612,002203.SZ,海亮股份,09:30:03,通信,2连板
20260612,002214.SZ,*ST大立,09:32:33,ST板块,2连板
20260612,002215.SZ,诺普信,10:32:00,农业,首板
20260612,002270.SZ,华明装备,10:15:15,智能电网,首板
20260612,002306.SZ,ST云网,09:33:15,ST板块,首板
20260612,002345.SZ,潮宏基,10:30:00,黄金,首板
20260612,002457.SZ,青龙管业,09:32:06,基础建设,首板
20260612,002496.SZ,*ST辉丰,10:40:42,ST板块,首板
20260612,002597.SZ,金禾实业,10:12:15,化工,首板
20260612,002637.SZ,赞宇科技,13:24:27,化工,首板
20260612,002733.SZ,雄韬股份,09:36:12,电源,首板
20260612,002742.SZ,冀衡医药,09:32:24,医药,首板
20260612,002789.SZ,*ST建艺,14:42:21,ST板块,首板
20260612,002812.SZ,恩捷股份,13:12:15,锂电池,首板
20260612,002830.SZ,名雕股份,09:35:39,地产链,3天2板
20260612,002882.SZ,金龙羽,13:05:51,锂电池,首板
20260612,002927.SZ,泰永长征,09:31:39,智能电网,首板
20260612,002935.SZ,天奥电子,09:39:51,商业航天,首板
20260612,002969.SZ,嘉美包装,10:04:09,端侧AI,首板
20260612,002971.SZ,和远气体,09:31:09,芯片,7天5板
20260612,002976.SZ,瑞玛精密,09:32:09,通信,首板
20260612,002985.SZ,北摩高科,09:57:39,商业航天,首板
20260612,002997.SZ,瑞鹄模具,11:22:54,机器人概念,首板
20260612,003009.SZ,中天火箭,09:43:36,商业航天,首板
20260612,300377.SZ,赢时胜,10:52:12,金融概念,首板
20260612,300581.SZ,晨曦航空,09:43:57,军工,首板
20260612,301176.SZ,逸豪新材,10:23:42,通信,首板
20260612,301323.SZ,新莱福,10:43:09,稀土永磁,首板
20260612,301348.SZ,蓝箭电子,09:31:57,芯片,首板
20260612,600067.SH,冠城新材,10:22:56,锂电池,2连板
20260612,600229.SH,城市传媒,10:12:01,文化传媒,3天2板
20260612,600292.SH,电投水电,13:00:46,并购重组,首板
20260612,600391.SH,航发科技,09:43:49,燃气轮机,首板
20260612,600497.SH,驰宏锌锗,09:40:46,有色金属,首板
20260612,600531.SH,豫光金铅,10:42:50,黄金,首板
20260612,600537.SH,*ST亿晶,09:25:43,ST板块,2连板
20260612,600539.SH,狮头股份,10:26:34,物理AI,首板
20260612,600567.SH,山鹰国际,10:42:11,造纸,首板
20260612,600576.SH,祥源文旅,09:52:38,低空经济,首板
20260612,600601.SH,方正科技,13:16:52,通信,首板
20260612,600857.SH,宁波中百,13:38:58,零售,首板
20260612,600862.SH,中航高科,09:55:13,低空经济,首板
20260612,600906.SH,财达证券,13:00:47,证券,首板
20260612,600961.SH,株冶集团,10:51:47,有色金属,首板
20260612,600962.SH,国投中鲁,10:05:49,芯片,首板
20260612,601233.SH,桐昆股份,10:49:09,化工,首板
20260612,601609.SH,金田股份,10:13:15,机器人概念,首板
20260612,601696.SH,中银证券,10:49:59,证券,首板
20260612,601718.SH,ST际华,13:30:39,ST板块,首板
20260612,601958.SH,金钼股份,09:25:38,有色金属,2连板
20260612,603014.SH,威高血净,10:35:12,并购重组,2连板
20260612,603020.SH,爱普股份,11:24:31,食品饮料,6天3板
20260612,603036.SH,如通股份,13:30:13,石油石化,首板
20260612,603065.SH,宿迁联盛,09:25:34,芯片,4连板
20260612,603120.SH,肯特催化,10:06:07,化工,首板
20260612,603180.SH,金牌家居,10:03:11,地产链,首板
20260612,603225.SH,新凤鸣,10:29:29,化工,首板
20260612,603261.SH,*ST立航,13:02:17,ST板块,首板
20260612,603335.SH,迪生力,09:25:52,并购重组,4天2板
20260612,603519.SH,立霸股份,09:41:19,股权转让,首板
20260612,603528.SH,多伦科技,10:46:53,职业教育,首板
20260612,603738.SH,泰晶科技,09:31:10,通信,首板
20260612,603815.SH,交建股份,13:01:15,基础建设,首板
20260612,603843.SH,*ST正平,14:34:53,ST板块,2连板
20260612,603959.SH,ST百利,10:09:55,ST板块,首板
20260612,603990.SH,麦迪科技,10:10:07,机器人概念,首板
20260612,603993.SH,洛阳钼业,10:41:07,有色金属,首板
20260612,605198.SH,安德利,09:37:39,食品饮料,首板
20260612,605298.SH,必得科技,09:51:34,股权转让,首板
20260612,688010.SH,福光股份,10:34:39,商业航天,首板
20260612,688163.SH,赛伦生物,14:32:49,医药,首板
20260611,000032.SZ,深桑达Ａ,09:45:06,芯片,首板
20260611,000048.SZ,京基智农,09:31:18,股权转让,3连板
20260611,000078.SZ,ST海王,13:44:57,ST板块,首板
20260611,000510.SZ,新金路,09:45:36,有色金属,首板
20260611,000631.SZ,顺发恒能,09:25:00,燃气轮机,首板
20260611,000688.SZ,国城矿业,13:10:24,有色金属,首板
20260611,000909.SZ,*ST数源,09:31:03,ST板块,首板
20260611,000921.SZ,海信家电,10:50:33,家电,首板
20260611,001257.SZ,盛龙股份,09:44:36,有色金属,首板
20260611,001268.SZ,联合精密,13:19:33,家电,首板
20260611,001696.SZ,宗申动力,10:30:06,低空经济,4天3板
20260611,002119.SZ,康强电子,09:31:18,芯片,2连板
20260611,002165.SZ,红宝丽,13:27:24,化工,2连板
20260611,002203.SZ,海亮股份,09:25:00,通信,首板
20260611,002214.SZ,*ST大立,13:02:45,ST板块,首板
20260611,002254.SZ,泰和新材,09:37:51,通信,5天4板
20260611,002378.SZ,章源钨业,09:50:12,有色金属,首板
20260611,002407.SZ,多氟多,13:52:09,化工,首板
20260611,002409.SZ,雅克科技,13:19:33,芯片,2连板
20260611,002428.SZ,云南锗业,11:00:03,芯片,首板
20260611,002469.SZ,三维化学,10:13:57,化工,首板
20260611,002490.SZ,山东墨龙,09:31:27,石油石化,4天2板
20260611,002549.SZ,凯美特气,13:26:54,芯片,首板
20260611,002586.SZ,ST围海,14:02:42,ST板块,首板
20260611,002654.SZ,万润科技,10:03:54,芯片,首板
20260611,002717.SZ,*ST岭南,14:46:00,ST板块,首板
20260611,002824.SZ,和胜股份,09:33:00,消费电子,首板
20260611,002842.SZ,翔鹭钨业,09:41:09,有色金属,首板
20260611,002856.SZ,*ST美芝,09:59:42,ST板块,首板
20260611,002913.SZ,奥士康,11:00:48,通信,首板
20260611,002965.SZ,祥鑫科技,09:37:03,机器人概念,首板
20260611,002971.SZ,和远气体,09:25:00,芯片,6天4板
20260611,300263.SZ,隆华科技,13:00:03,芯片,首板
20260611,300289.SZ,利德曼,10:07:24,医疗器械,首板
20260611,300481.SZ,濮阳惠成,10:43:03,化工,首板
20260611,300505.SZ,川金诺,14:40:00,化工,首板
20260611,300666.SZ,江丰电子,10:31:27,芯片,首板
20260611,300706.SZ,阿石创,13:20:24,芯片,首板
20260611,300894.SZ,火星人,10:04:54,家电,首板
20260611,301580.SZ,爱迪特,09:30:00,医疗器械,首板
20260611,600067.SH,冠城新材,09:39:36,锂电池,首板
20260611,600108.SH,亚盛集团,09:48:53,农业,首板
20260611,600141.SH,兴发集团,09:25:44,芯片,首板
20260611,600178.SH,东安动力,09:50:54,低空经济,2连板
20260611,600322.SH,津投城开,09:40:03,地产链,首板
20260611,600353.SH,旭光电子,10:51:53,芯片,首板
20260611,600378.SH,昊华科技,09:25:37,芯片,2连板
20260611,600459.SH,贵研铂业,09:39:51,芯片,首板
20260611,600470.SH,六国化工,09:30:09,化工,首板
20260611,600500.SH,中化国际,09:25:34,通信,3连板
20260611,600537.SH,*ST亿晶,09:25:32,ST板块,首板
20260611,600665.SH,天地源,09:30:25,地产链,2连板
20260611,600667.SH,太极实业,10:58:03,芯片,首板
20260611,600722.SH,金牛化工,11:17:43,化工,首板
20260611,600730.SH,*ST高科,09:34:42,ST板块,首板
20260611,600979.SH,广安爱众,09:59:50,电力,首板
20260611,601137.SH,博威合金,09:34:01,通信,首板
20260611,601958.SH,金钼股份,09:37:18,有色金属,首板
20260611,603014.SH,威高血净,09:36:13,医疗器械,首板
20260611,603065.SH,XD宿迁联,09:25:59,芯片,3连板
20260611,603155.SH,新亚强,09:34:04,化工,2连板
20260611,603315.SH,福鞍股份,09:52:21,股权转让,首板
20260611,603318.SH,水发燃气,14:13:26,芯片,首板
20260611,603324.SH,盛剑科技,09:45:32,芯片,首板
20260611,603355.SH,莱克电气,13:40:00,家电,首板
20260611,603399.SH,永杉锂业,13:00:09,有色金属,首板
20260611,603657.SH,春光科技,09:50:08,机器人概念,首板
20260611,603678.SH,火炬电子,13:14:09,元器件,首板
20260611,603843.SH,*ST正平,14:50:42,ST板块,首板
20260611,603936.SH,博敏电子,10:44:18,通信,首板
20260611,603991.SH,领先股份,14:43:39,芯片,首板
20260611,603992.SH,松霖科技,10:43:18,机器人概念,首板
20260611,605069.SH,正和生态,09:37:29,机器人概念,3天2板
20260611,688167.SH,炬光科技,09:31:42,通信,首板
20260611,688268.SH,华特气体,13:20:22,芯片,首板
20260611,688419.SH,耐科装备,13:00:25,芯片,首板
20260611,688545.SH,兴福电子,10:14:04,芯片,首板
20260611,688661.SH,和林微纳,13:22:39,芯片,首板
20260610,000025.SZ,特力Ａ,10:41:45,地产链,首板
20260610,000029.SZ,深深房Ａ,09:31:12,地产链,2连板
20260610,000048.SZ,京基智农,09:30:30,股权转让,2连板
20260610,000488.SZ,ST晨鸣,13:39:48,ST板块,首板
20260610,000558.SZ,天府文旅,10:23:42,旅游,首板
20260610,000815.SZ,美利云,09:52:21,算力,首板
20260610,000970.SZ,中科三环,10:19:45,机器人概念,3天2板
20260610,001210.SZ,金房能源,10:20:30,算力,首板
20260610,001316.SZ,润贝航科,13:55:48,大飞机,首板
20260610,001332.SZ,锡装股份,14:00:03,核电,首板
20260610,002081.SZ,金螳螂,09:37:18,芯片,首板
20260610,002119.SZ,康强电子,09:34:15,芯片,首板
20260610,002125.SZ,湘潭电化,13:12:45,锂电池,首板
20260610,002165.SZ,红宝丽,09:35:09,化工,首板
20260610,002208.SZ,合肥城建,10:01:27,芯片,首板
20260610,002256.SZ,兆新股份,09:35:30,并购重组,首板
20260610,002261.SZ,拓维信息,09:50:03,算力,首板
20260610,002354.SZ,天娱数科,09:33:33,AI应用,4连板
20260610,002409.SZ,雅克科技,11:00:51,芯片,首板
20260610,002430.SZ,杭氧股份,10:46:18,芯片,首板
20260610,002459.SZ,晶澳科技,14:49:03,光伏,首板
20260610,002585.SZ,双星新材,09:31:27,元器件,2连板
20260610,002636.SZ,金安国纪,09:31:18,通信,3连板
20260610,002657.SZ,中科金财,10:04:09,AI应用,首板
20260610,002669.SZ,康达新材,10:58:06,通信,2连板
20260610,002757.SZ,南兴股份,09:25:00,算力,首板
20260610,002830.SZ,名雕股份,09:31:21,AI应用,首板
20260610,002960.SZ,青鸟智控,10:13:45,物理AI,4天2板
20260610,002971.SZ,和远气体,09:30:00,芯片,5天3板
20260610,003026.SZ,中晶科技,09:34:00,芯片,2连板
20260610,003030.SZ,祖名股份,13:01:15,食品饮料,首板
20260610,003043.SZ,华亚智能,14:12:57,芯片,5天3板
20260610,300264.SZ,佳创视讯,14:56:03,文化传媒,首板
20260610,300721.SZ,怡达股份,11:19:45,化工,首板
20260610,600058.SH,五矿发展,09:33:21,并购重组,首板
20260610,600088.SH,中视传媒,09:41:46,文化传媒,首板
20260610,600165.SH,ST宁科,13:30:49,ST板块,首板
20260610,600178.SH,东安动力,10:15:39,低空经济,首板
20260610,600206.SH,有研新材,14:13:42,芯片,首板
20260610,600229.SH,城市传媒,09:31:02,文化传媒,首板
20260610,600302.SH,ST标准,14:51:03,ST板块,2连板
20260610,600370.SH,*ST三房,09:31:08,ST板块,首板
20260610,600378.SH,昊华科技,09:37:14,芯片,首板
20260610,600500.SH,中化国际,09:25:58,通信,2连板
20260610,600573.SH,惠泉啤酒,09:51:05,酿酒,首板
20260610,600593.SH,大连圣亚,10:34:17,旅游,首板
20260610,600665.SH,天地源,10:07:17,地产链,首板
20260610,600698.SH,湖南天雁,09:37:21,汽车零部件,首板
20260610,600732.SH,爱旭股份,14:32:57,光伏,首板
20260610,600843.SH,上工申贝,09:39:31,低空经济,首板
20260610,600881.SH,亚泰集团,13:53:16,股权转让,4天2板
20260610,600981.SH,苏豪汇鸿,10:48:06,AI应用,首板
20260610,601678.SH,滨化股份,10:03:11,化工,首板
20260610,603002.SH,宏昌电子,09:39:32,通信,2连板
20260610,603011.SH,合锻智能,13:06:04,通信,首板
20260610,603065.SH,宿迁联盛,09:25:54,芯片,2连板
20260610,603155.SH,新亚强,09:45:13,化工,首板
20260610,603160.SH,汇顶科技,09:36:43,芯片,首板
20260610,603220.SH,中贝通信,09:31:07,算力,首板
20260610,603276.SH,XD恒兴新,09:30:36,化工,首板
20260610,603375.SH,盛景微,14:49:43,芯片,首板
20260610,603636.SH,南威软件,09:30:38,算力,首板
20260610,603661.SH,恒林股份,09:35:24,金刚石概念,首板
20260610,603687.SH,大胜达,14:00:51,芯片,首板
20260610,603822.SH,XDST嘉澳,14:51:06,ST板块,首板
20260610,603823.SH,百合花,09:56:24,新材料概念,4天3板
20260610,603886.SH,元祖股份,09:36:01,食品饮料,首板
20260610,603938.SH,三孚股份,09:46:27,芯片,6天3板
20260610,605006.SH,山东玻纤,10:35:28,化工,2连板
20260610,605318.SH,法狮龙,09:36:40,算力,2连板
20260610,605589.SH,圣泉集团,09:25:50,通信,2连板
20260610,688216.SH,气派科技,09:41:56,芯片,首板
20260610,688456.SH,有研粉材,13:56:51,通信,首板
20260610,688485.SH,九州一轨,14:18:16,金刚石概念,首板
20260610,688662.SH,富信科技,13:00:09,通信,首板
20260609,000010.SZ,*ST美丽,09:33:09,ST板块,3天2板
20260609,000029.SZ,深深房Ａ,09:49:54,地产链,首板
20260609,000037.SZ,深南电A,10:20:24,电力,首板
20260609,000048.SZ,京基智农,13:01:06,农业,首板
20260609,000158.SZ,常山北明,09:57:06,华为概念,首板
20260609,000509.SZ,华塑控股,09:31:57,新型工业化,首板
20260609,000571.SZ,新大洲A,13:04:42,煤炭,首板
20260609,000608.SZ,阳光股份,14:56:57,地产链,3天2板
20260609,000636.SZ,风华高科,10:46:27,元器件,首板
20260609,000670.SZ,盈方微,13:13:33,芯片,4天2板
20260609,000681.SZ,视觉中国,09:55:45,AI应用,首板
20260609,000711.SZ,ST京蓝,10:12:00,ST板块,首板
20260609,000811.SZ,冰轮环境,13:03:12,算力,首板
20260609,000838.SZ,*ST发展,09:57:18,ST板块,首板
20260609,000903.SZ,ST云动,13:33:21,ST板块,首板
20260609,000920.SZ,沃顿科技,09:36:00,芯片,首板
20260609,001215.SZ,千味央厨,09:49:15,食品饮料,首板
20260609,001269.SZ,欧晶科技,10:56:33,芯片,首板
20260609,001369.SZ,双欣材料,13:20:06,通信,首板
20260609,001696.SZ,宗申动力,09:37:42,低空经济,2连板
20260609,001896.SZ,豫能控股,14:39:12,电力,首板
20260609,002048.SZ,宁波华翔,13:58:39,机器人概念,首板
20260609,002051.SZ,中工国际,09:55:18,算力,首板
20260609,002057.SZ,中钢天源,14:53:57,稀土永磁,首板
20260609,002080.SZ,中材科技,13:01:18,通信,首板
20260609,002122.SZ,ST汇洲,09:55:30,ST板块,首板
20260609,002129.SZ,TCL中环,10:34:36,光伏,首板
20260609,002134.SZ,天津普林,11:21:00,通信,首板
20260609,002137.SZ,实益达,09:52:12,腾讯概念,首板
20260609,002138.SZ,顺络电子,13:04:30,元器件,3天2板
20260609,002141.SZ,贤丰控股,09:38:30,通信,首板
20260609,002199.SZ,*ST东晶,09:31:51,ST板块,首板
20260609,002225.SZ,濮耐股份,13:47:09,石墨化,首板
20260609,002240.SZ,盛新锂能,14:27:09,锂电池,首板
20260609,002254.SZ,泰和新材,11:29:27,通信,3连板
20260609,002263.SZ,大东南,09:33:54,化工,首板
20260609,002323.SZ,*ST雅博,09:57:00,ST板块,首板
20260609,002354.SZ,天娱数科,09:33:48,物理AI,3连板
20260609,002362.SZ,汉王科技,09:34:54,物理AI,2连板
20260609,002484.SZ,江海股份,13:00:24,元器件,首板
20260609,002513.SZ,蓝丰生化,14:09:42,化工,首板
20260609,002515.SZ,金字火腿,09:33:33,芯片,首板
20260609,002575.SZ,群兴玩具,09:59:45,人工智能,首板
20260609,002583.SZ,海能达,09:47:30,人工智能,首板
20260609,002584.SZ,西陇科学,10:19:18,通信,首板
20260609,002585.SZ,双星新材,10:09:30,元器件,首板
20260609,002630.SZ,*ST华西,09:47:33,ST板块,首板
20260609,002636.SZ,金安国纪,09:30:54,通信,2连板
20260609,002669.SZ,康达新材,09:25:00,通信,首板
20260609,002676.SZ,顺威股份,09:48:30,物理AI,首板
20260609,002741.SZ,光华科技,13:01:06,通信,首板
20260609,002747.SZ,埃斯顿,09:41:09,机器人概念,2连板
20260609,002769.SZ,普路通,11:09:09,AI应用,首板
20260609,002771.SZ,真视通,09:54:48,算力,首板
20260609,002837.SZ,英维克,13:13:21,算力,首板
20260609,002859.SZ,洁美科技,13:08:30,元器件,首板
20260609,002871.SZ,伟隆股份,09:34:21,算力,首板
20260609,002970.SZ,锐明技术,11:00:57,算力,首板
20260609,002971.SZ,和远气体,09:35:36,芯片,4天2板
20260609,002976.SZ,瑞玛精密,09:32:12,通信,首板
20260609,002993.SZ,奥海科技,10:37:27,电源,首板
20260609,002995.SZ,天地在线,09:52:48,AI应用,首板
20260609,003018.SZ,金富科技,13:02:03,算力,首板
20260609,003026.SZ,中晶科技,10:44:00,芯片,首板
20260609,003036.SZ,泰坦股份,11:13:03,通信,4天3板
20260609,003043.SZ,华亚智能,10:41:33,芯片,4天2板
20260609,300221.SZ,银禧科技,13:04:03,通信,首板
20260609,300260.SZ,新莱应材,13:56:30,芯片,首板
20260609,300411.SZ,金盾股份,14:19:09,低空经济,首板
20260609,300593.SZ,新雷能,10:08:03,电源,首板
20260609,300656.SZ,民德电子,14:09:09,芯片,首板
20260609,301013.SZ,利和兴,13:21:18,元器件,首板
20260609,301222.SZ,浙江恒威,09:33:36,新型工业化,首板
20260609,301428.SZ,世纪恒通,09:57:27,人工智能,首板
20260609,301630.SZ,同宇新材,10:09:39,通信,首板
20260609,600110.SH,诺德股份,09:45:29,通信,首板
20260609,600176.SH,中国巨石,10:08:29,通信,首板
20260609,600183.SH,生益科技,13:00:22,通信,首板
20260609,600186.SH,莲花控股,13:49:29,通信,首板
20260609,600187.SH,*ST国中,09:25:31,ST板块,8天6板
20260609,600198.SH,大唐电信,09:36:07,芯片,首板
20260609,600226.SH,亨通股份,13:28:58,通信,4天2板
20260609,600302.SH,ST标准,09:25:39,ST板块,首板
20260609,600330.SH,天通股份,13:09:11,通信,首板
20260609,600340.SH,*ST华幸,10:07:35,ST板块,首板
20260609,600345.SH,长江通信,09:38:45,通信,首板
20260609,600381.SH,*ST春天,14:11:37,ST板块,首板
20260609,600396.SH,华电辽能,14:51:07,电力,首板
20260609,600458.SH,时代新材,13:06:46,芯片,首板
20260609,600487.SH,亨通光电,13:00:44,通信,首板
20260609,600500.SH,中化国际,09:30:03,通信,首板
20260609,600579.SH,中化装备,09:38:54,化工,首板
20260609,600596.SH,新安股份,13:00:08,机器人概念,首板
20260609,600611.SH,大众交通,10:10:52,芯片,首板
20260609,600641.SH,先导基电,14:18:10,芯片,首板
20260609,600673.SH,东阳光,11:11:28,算力,首板
20260609,600682.SH,南京新百,10:28:13,机器人概念,首板
20260609,600719.SH,大连热电,10:13:55,电力,首板
20260609,600903.SH,贵州燃气,13:24:31,天然气,首板
20260609,601208.SH,东材科技,09:32:06,通信,首板
20260609,601869.SH,长飞光纤,13:21:05,通信,首板
20260609,603002.SH,宏昌电子,09:50:34,通信,首板
20260609,603020.SH,爱普股份,14:33:59,食品饮料,3天2板
20260609,603039.SH,泛微网络,10:38:12,AI应用,首板
20260609,603065.SH,宿迁联盛,09:25:53,芯片,首板
20260609,603124.SH,江南新材,13:00:01,通信,3天2板
20260609,603150.SH,万朗磁塑,13:02:15,化工,首板
20260609,603163.SH,圣晖集成,09:38:30,芯片,首板
20260609,603186.SH,华正新材,11:06:11,通信,2连板
20260609,603211.SH,晋拓股份,09:30:01,机器人概念,首板
20260609,603256.SH,XD宏和科,13:00:39,通信,首板
20260609,603260.SH,合盛硅业,13:20:32,光伏,首板
20260609,603303.SH,得邦照明,14:53:29,LED,首板
20260609,603330.SH,天洋新材,10:21:09,化工,首板
20260609,603335.SH,迪生力,10:52:44,汽车零部件,首板
20260609,603616.SH,韩建河山,09:25:43,并购重组,2连板
20260609,603663.SH,三祥新材,09:40:29,芯片,首板
20260609,603688.SH,石英股份,13:19:01,通信,首板
20260609,603929.SH,亚翔集成,09:32:30,芯片,2连板
20260609,605006.SH,山东玻纤,09:36:32,化工,首板
20260609,605018.SH,长华集团,09:43:08,机器人概念,首板
20260609,605069.SH,正和生态,09:33:03,机器人概念,首板
20260609,605100.SH,华丰股份,13:05:00,电源,首板
20260609,605111.SH,新洁能,13:26:49,芯片,首板
20260609,605177.SH,东亚药业,13:32:07,医药,首板
20260609,605318.SH,法狮龙,14:48:45,算力,首板
20260609,605358.SH,立昂微,10:43:56,芯片,4天2板
20260609,605376.SH,博迁新材,13:01:08,元器件,首板
20260609,605589.SH,圣泉集团,09:25:47,通信,首板
20260609,688126.SH,沪硅产业,11:08:55,芯片,首板
20260609,688141.SH,杰华特,09:49:06,芯片,首板
20260609,688207.SH,格灵深瞳,10:29:42,物理AI,2连板
20260609,688368.SH,DR晶丰明,10:46:33,芯片,首板
20260609,688409.SH,富创精密,13:21:59,芯片,首板
20260609,688478.SH,晶升股份,13:44:07,芯片,首板
20260609,688500.SH,慧辰股份,09:58:20,人工智能,首板
20260609,688596.SH,正帆科技,11:01:21,芯片,首板
20260609,688711.SH,宏微科技,10:30:08,芯片,首板
20260609,688783.SH,西安奕材,10:42:23,芯片,首板
20260608,000068.SZ,华控赛格,09:37:45,基础建设,首板
20260608,000517.SZ,荣安地产,09:33:21,地产链,2连板
20260608,000620.SZ,盈新发展,09:38:24,芯片,首板
20260608,000759.SZ,中百集团,09:33:33,零售,2连板
20260608,000785.SZ,居然智家,10:16:48,物理AI,首板
20260608,000833.SZ,粤桂股份,09:31:48,化工,首板
20260608,000970.SZ,中科三环,09:31:03,机器人概念,首板
20260608,001238.SZ,浙江正特,13:05:48,露营经济,首板
20260608,001317.SZ,三羊马,10:02:57,物流,首板
20260608,001696.SZ,宗申动力,09:40:21,低空经济,首板
20260608,002046.SZ,国机精工,10:56:39,金刚石概念,4天2板
20260608,002164.SZ,宁波东力,09:54:33,机器人概念,首板
20260608,002254.SZ,泰和新材,09:39:03,通信,2连板
20260608,002354.SZ,天娱数科,09:30:45,物理AI,2连板
20260608,002361.SZ,神剑股份,09:32:36,商业航天,2连板
20260608,002362.SZ,汉王科技,11:05:33,物理AI,首板
20260608,002421.SZ,达实智能,09:35:57,物理AI,6天4板
20260608,002490.SZ,山东墨龙,09:33:03,石油石化,首板
20260608,002598.SZ,ST章鼓,09:39:09,ST板块,首板
20260608,002613.SZ,北玻股份,09:30:18,玻璃,2连板
20260608,002636.SZ,金安国纪,09:42:42,通信,首板
20260608,002717.SZ,*ST岭南,09:32:09,ST板块,5连板
20260608,002747.SZ,埃斯顿,10:14:06,机器人概念,首板
20260608,002856.SZ,*ST美芝,09:30:36,ST板块,11天9板
20260608,002931.SZ,锋龙股份,09:59:36,机器人概念,3天2板
20260608,002963.SZ,豪尔赛,09:36:39,算力,首板
20260608,002982.SZ,湘佳股份,09:34:24,农业,首板
20260608,003009.SZ,中天火箭,14:31:27,商业航天,2连板
20260608,300105.SZ,龙源技术,09:32:27,智能电网,首板
20260608,300197.SZ,节能铁汉,09:57:30,并购重组,首板
20260608,300376.SZ,易事特,14:38:36,电源,首板
20260608,301195.SZ,北路智控,10:09:57,机器人概念,首板
20260608,301302.SZ,华如科技,10:26:54,物理AI,首板
20260608,301313.SZ,凡拓数创,09:36:15,物理AI,首板
20260608,600187.SH,*ST国中,09:32:08,ST板块,7天5板
20260608,600280.SH,中央商场,09:46:54,零售,首板
20260608,600403.SH,大有能源,09:32:34,煤炭,6连板
20260608,600488.SH,津药药业,09:39:44,并购重组,首板
20260608,600505.SH,西昌电力,09:41:09,电力,首板
20260608,600539.SH,狮头股份,10:41:16,物理AI,首板
20260608,600581.SH,*ST八钢,09:25:46,ST板块,首板
20260608,600721.SH,百花医药,10:06:58,实控人变更,首板
20260608,600825.SH,新华传媒,13:28:00,文化传媒,首板
20260608,601588.SH,北辰实业,09:57:35,地产链,首板
20260608,603135.SH,中重科技,09:48:32,机器人概念,4连板
20260608,603186.SH,华正新材,10:16:52,通信,首板
20260608,603203.SH,DR快克智,09:58:19,芯片,首板
20260608,603206.SH,嘉环科技,09:35:30,算力,首板
20260608,603278.SH,大业股份,13:16:49,机器人概念,首板
20260608,603378.SH,*ST亚士,09:55:31,ST板块,首板
20260608,603500.SH,祥和实业,09:30:09,元器件,3连板
20260608,603616.SH,韩建河山,09:25:41,并购重组,首板
20260608,603669.SH,灵康药业,10:57:30,医药,首板
20260608,603778.SH,国晟科技,09:38:33,光伏,首板
20260608,603823.SH,百合花,10:53:57,新材料概念,2连板
20260608,603843.SH,*ST正平,09:33:41,ST板块,2连板
20260608,603859.SH,能科科技,10:08:38,物理AI,2连板
20260608,603877.SH,太平鸟,10:25:39,服装家纺,首板
20260608,603929.SH,亚翔集成,09:46:32,芯片,首板
20260608,688083.SH,中望软件,13:09:30,物理AI,首板
20260608,688207.SH,格灵深瞳,10:13:09,物理AI,首板
20260608,688549.SH,中巨芯,14:27:06,芯片,首板
20260605,000010.SZ,*ST美丽,10:02:36,ST板块,首板
20260605,000056.SZ,*ST皇庭,09:46:03,ST板块,10天7板
20260605,000078.SZ,ST海王,11:11:54,ST板块,首板
20260605,000517.SZ,荣安地产,09:32:51,地产链,首板
20260605,000520.SZ,凤凰航运,09:32:12,航运,2连板
20260605,000608.SZ,阳光股份,10:25:06,地产链,首板
20260605,000609.SZ,*ST中迪,09:25:00,ST板块,首板
20260605,000668.SZ,荣丰控股,09:55:24,ST摘帽,首板
20260605,000759.SZ,中百集团,09:33:27,零售,首板
20260605,001256.SZ,炜冈科技,13:13:48,专用设备,首板
20260605,001400.SZ,江顺科技,11:11:09,商业航天,首板
20260605,002138.SZ,顺络电子,13:00:48,元器件,首板
20260605,002183.SZ,怡亚通,10:44:45,芯片,首板
20260605,002194.SZ,武汉凡谷,09:39:54,通信,首板
20260605,002251.SZ,步步高,09:32:21,零售,首板
20260605,002254.SZ,泰和新材,10:12:42,通信,首板
20260605,002354.SZ,天娱数科,09:25:00,物理AI,首板
20260605,002361.SZ,神剑股份,10:13:45,商业航天,首板
20260605,002387.SZ,维信诺,09:52:12,面板,首板
20260605,002421.SZ,达实智能,09:31:09,物理AI,5天3板
20260605,002471.SZ,中超控股,09:31:30,智能电网,首板
20260605,002613.SZ,北玻股份,09:53:06,玻璃,首板
20260605,002631.SZ,德尔未来,11:21:12,石墨化,首板
20260605,002694.SZ,*ST顾地,13:06:30,ST板块,首板
20260605,002708.SZ,光洋股份,13:07:27,机器人概念,首板
20260605,002717.SZ,*ST岭南,09:25:00,ST板块,4连板
20260605,002786.SZ,银宝山新,13:18:51,机器人概念,首板
20260605,002856.SZ,*ST美芝,09:30:39,ST板块,10天8板
20260605,002877.SZ,智能自控,11:08:00,专用设备,首板
20260605,002892.SZ,科力尔,13:15:15,机器人概念,首板
20260605,002896.SZ,中大力德,13:19:06,机器人概念,4天2板
20260605,002903.SZ,宇环数控,09:32:45,机器人概念,4天2板
20260605,002960.SZ,青鸟智控,13:09:48,物理AI,首板
20260605,002983.SZ,芯瑞达,11:16:09,面板,首板
20260605,003009.SZ,中天火箭,13:47:21,商业航天,首板
20260605,003036.SZ,泰坦股份,09:36:06,通信,2连板
20260605,300052.SZ,中青宝,09:32:09,算力,首板
20260605,300162.SZ,雷曼光电,11:11:45,玻璃基板,首板
20260605,300334.SZ,津膜科技,11:24:45,环保,首板
20260605,300353.SZ,东土科技,13:14:03,机器人概念,首板
20260605,300626.SZ,华瑞股份,10:16:27,机器人概念,首板
20260605,301151.SZ,冠龙节能,13:13:54,算力,首板
20260605,301193.SZ,家联科技,13:19:48,3D打印,首板
20260605,600063.SH,皖维高新,10:43:18,元器件,首板
20260605,600207.SH,安彩高科,10:20:49,玻璃,首板
20260605,600228.SH,*ST返利,10:05:25,ST板块,首板
20260605,600243.SH,*ST海华,14:24:04,ST板块,首板
20260605,600293.SH,三峡新材,09:53:34,玻璃,2连板
20260605,600303.SH,曙光股份,13:00:28,汽车零部件,首板
20260605,600382.SH,广东明珠,10:14:18,钢铁,首板
20260605,600403.SH,大有能源,09:36:43,煤炭,5连板
20260605,600516.SH,方大炭素,09:38:10,石墨化,3天2板
20260605,600552.SH,凯盛科技,09:56:43,玻璃基板,首板
20260605,600714.SH,金瑞矿业,09:59:57,玻璃基板,首板
20260605,600776.SH,东方通信,09:44:49,通信,首板
20260605,600819.SH,耀皮玻璃,10:53:07,玻璃,首板
20260605,600881.SH,亚泰集团,14:06:57,医药,首板
20260605,600973.SH,宝胜股份,09:56:45,通信,首板
20260605,600996.SH,贵广网络,13:01:05,算力,首板
20260605,603020.SH,爱普股份,13:41:12,食品饮料,首板
20260605,603048.SH,浙江黎明,14:38:50,汽车零部件,首板
20260605,603070.SH,万控智造,11:20:58,智能电网,首板
20260605,603078.SH,江化微,10:44:51,化工,首板
20260605,603124.SH,江南新材,10:14:24,通信,首板
20260605,603135.SH,中重科技,10:43:09,机器人概念,3连板
20260605,603159.SH,上海亚虹,10:40:54,汽车零部件,首板
20260605,603166.SH,福达股份,13:14:52,机器人概念,首板
20260605,603270.SH,金帝股份,13:54:04,机器人概念,首板
20260605,603272.SH,*ST联翔,13:00:26,ST板块,首板
20260605,603360.SH,百傲化学,13:01:30,芯片,首板
20260605,603500.SH,祥和实业,09:25:56,元器件,2连板
20260605,603578.SH,三星新材,14:22:24,玻璃,首板
20260605,603725.SH,天安新材,13:38:05,机器人概念,首板
20260605,603790.SH,XD雅运股,13:22:56,机器人概念,首板
20260605,603823.SH,XD百合花,09:52:48,新材料概念,首板
20260605,603843.SH,*ST正平,13:47:44,ST板块,首板
20260605,603859.SH,能科科技,09:31:00,物理AI,首板
20260605,603888.SH,新华网,09:25:37,AI应用,首板
20260605,603938.SH,三孚股份,09:49:45,通信,3天2板
20260605,603992.SH,松霖科技,13:06:13,机器人概念,首板
20260605,688017.SH,绿的谐波,13:04:13,机器人概念,首板
20260605,688056.SH,莱伯泰科,09:35:34,芯片,首板
20260604,000056.SZ,*ST皇庭,13:33:54,ST板块,9天6板
20260604,000520.SZ,凤凰航运,10:05:06,航运,首板
20260604,000536.SZ,华映科技,09:33:39,面板,首板
20260604,000639.SZ,ST西王,09:25:00,ST板块,首板
20260604,000670.SZ,盈方微,09:54:09,芯片,首板
20260604,000718.SZ,苏宁环球,09:42:09,地产链,首板
20260604,000725.SZ,京东方Ａ,11:06:12,芯片,首板
20260604,000733.SZ,振华科技,13:39:30,元器件,首板
20260604,000793.SZ,*ST华闻,11:22:18,ST板块,首板
20260604,000821.SZ,ST京机,13:42:15,ST板块,首板
20260604,001309.SZ,德明利,13:12:18,芯片,首板
20260604,001376.SZ,百通能源,09:33:36,有色金属,首板
20260604,001896.SZ,豫能控股,09:31:24,电力,2连板
20260604,002051.SZ,中工国际,10:28:15,算力,首板
20260604,002072.SZ,凯瑞德,10:33:15,煤炭,首板
20260604,002213.SZ,大为股份,09:41:27,芯片,首板
20260604,002353.SZ,杰瑞股份,10:41:27,燃气轮机,首板
20260604,002395.SZ,双象股份,11:19:03,体育产业,首板
20260604,002484.SZ,江海股份,10:18:09,元器件,首板
20260604,002491.SZ,通鼎互联,14:11:54,通信,首板
20260604,002501.SZ,*ST利源,09:25:00,ST板块,3连板
20260604,002520.SZ,日发精机,10:57:00,机器人概念,首板
20260604,002570.SZ,贝因美,14:27:33,实控人变更,首板
20260604,002585.SZ,双星新材,09:32:18,元器件,首板
20260604,002590.SZ,万安科技,09:38:00,机器人概念,首板
20260604,002630.SZ,*ST华西,09:49:45,ST板块,3连板
20260604,002645.SZ,华宏科技,11:29:39,稀土永磁,首板
20260604,002667.SZ,*ST威领,13:58:03,ST板块,4连板
20260604,002717.SZ,*ST岭南,09:25:00,ST板块,3连板
20260604,002733.SZ,雄韬股份,11:03:30,电源,首板
20260604,002787.SZ,华源控股,14:02:03,芯片,2连板
20260604,002806.SZ,华锋股份,09:38:00,元器件,6天4板
20260604,002824.SZ,和胜股份,10:37:27,汽车零部件,首板
20260604,002931.SZ,锋龙股份,10:08:06,机器人概念,首板
20260604,002951.SZ,金时科技,10:24:36,元器件,9天5板
20260604,002971.SZ,和远气体,10:05:30,芯片,首板
20260604,002981.SZ,朝阳科技,14:33:30,端侧AI,首板
20260604,003011.SZ,海象新材,09:52:51,地产链,首板
20260604,003036.SZ,泰坦股份,09:55:09,通信,首板
20260604,003043.SZ,华亚智能,13:05:00,芯片,首板
20260604,300726.SZ,宏达电子,10:01:54,元器件,首板
20260604,300897.SZ,山科智能,09:25:00,股权转让,首板
20260604,301123.SZ,奕东电子,13:19:24,算力,首板
20260604,301188.SZ,力诺药包,13:45:54,芯片,首板
20260604,301468.SZ,博盈特焊,13:01:27,燃气轮机,首板
20260604,600180.SH,*ST瑞茂,09:30:02,ST板块,6天5板
20260604,600226.SH,亨通股份,09:59:06,股权转让,首板
20260604,600237.SH,铜峰电子,10:48:47,元器件,首板
20260604,600246.SH,万通发展,09:57:43,芯片,首板
20260604,600255.SH,鑫科材料,09:30:58,通信,3连板
20260604,600293.SH,三峡新材,10:16:33,玻璃,首板
20260604,600353.SH,旭光电子,09:39:03,芯片,首板
20260604,600367.SH,XD红星发,09:31:23,元器件,8天6板
20260604,600403.SH,大有能源,09:25:46,煤炭,4连板
20260604,600408.SH,安泰集团,10:50:34,煤炭,首板
20260604,600439.SH,瑞贝卡,09:30:55,机器人概念,2连板
20260604,600482.SH,中国动力,09:46:10,燃气轮机,首板
20260604,600491.SH,ST龙元,09:40:46,ST板块,首板
20260604,600667.SH,太极实业,09:45:34,芯片,3天2板
20260604,600688.SH,上海石化,09:25:37,碳纤维,2连板
20260604,600703.SH,三安光电,09:53:30,芯片,首板
20260604,600828.SH,茂业商业,09:34:30,零售,首板
20260604,600868.SH,梅雁吉祥,09:39:05,电力,首板
20260604,601010.SH,ST文峰,15:00:05,ST板块,首板
20260604,601666.SH,平煤股份,11:09:40,煤炭,首板
20260604,603005.SH,晶方科技,13:08:01,芯片,首板
20260604,603067.SH,振华股份,13:19:07,化工,首板
20260604,603090.SH,宏盛股份,10:30:29,算力,首板
20260604,603135.SH,中重科技,09:34:28,机器人概念,2连板
20260604,603210.SH,泰鸿万立,13:26:55,汽车零部件,首板
20260604,603286.SH,日盈电子,11:10:35,机器人概念,首板
20260604,603330.SH,天洋新材,09:40:43,通信,4连板
20260604,603435.SH,嘉德利,14:38:34,元器件,首板
20260604,603500.SH,祥和实业,09:30:01,元器件,首板
20260604,603516.SH,淳中科技,09:44:44,芯片,首板
20260604,603610.SH,麒盛科技,09:50:37,智能家居,首板
20260604,603903.SH,中持股份,13:05:43,芯片,首板
20260604,603920.SH,世运电路,09:49:05,机器人概念,首板
20260604,603950.SH,长源东谷,11:05:46,发电机,首板
20260604,603989.SH,艾华集团,13:23:00,元器件,首板
20260604,605060.SH,联德股份,13:06:16,燃气轮机,首板
20260604,605162.SH,新中港,09:34:58,电力,2连板
20260604,605358.SH,立昂微,10:59:39,芯片,首板
20260604,605398.SH,新炬网络,09:30:59,AI应用,4天2板
20260604,688031.SH,星环科技,14:00:18,人工智能,首板
20260604,688146.SH,中船特气,09:53:09,芯片,首板
20260604,688303.SH,大全能源,10:03:47,智能电网,首板
20260604,688378.SH,奥来德,14:03:45,面板,首板
20260604,688668.SH,鼎通科技,13:01:05,通信,首板
20260603,000518.SZ,四环生物,10:19:36,医药,首板
20260603,000700.SZ,模塑科技,10:18:54,机器人概念,2连板
20260603,000881.SZ,中广核技,13:00:48,新材料概念,首板
20260603,001212.SZ,中旗新材,13:06:06,芯片,首板
20260603,001223.SZ,欧克科技,09:38:54,锂电池,首板
20260603,001259.SZ,利仁科技,09:30:36,股权转让,首板
20260603,001278.SZ,一彬科技,13:00:00,激光,首板
20260603,001326.SZ,联域股份,09:32:15,机器人概念,首板
20260603,001896.SZ,豫能控股,09:48:45,电力,首板
20260603,002023.SZ,海特高新,10:17:39,芯片,首板
20260603,002024.SZ,ST易购,09:36:18,ST板块,首板
20260603,002046.SZ,国机精工,09:44:27,金刚石概念,首板
20260603,002125.SZ,湘潭电化,10:03:57,锂电池,首板
20260603,002132.SZ,恒星科技,10:09:12,机器人概念,首板
20260603,002137.SZ,实益达,09:30:09,腾讯概念,2连板
20260603,002156.SZ,通富微电,09:36:39,芯片,首板
20260603,002167.SZ,东方锆业,10:40:36,有色金属,首板
20260603,002168.SZ,ST惠程,14:15:09,ST板块,首板
20260603,002323.SZ,*ST雅博,09:30:24,ST板块,8天7板
20260603,002501.SZ,*ST利源,09:25:00,ST板块,2连板
20260603,002528.SZ,*ST英飞,09:25:00,ST板块,3连板
20260603,002630.SZ,*ST华西,09:25:00,ST板块,2连板
20260603,002667.SZ,*ST威领,09:33:21,ST板块,3连板
20260603,002717.SZ,*ST岭南,09:25:00,ST板块,2连板
20260603,002735.SZ,王子新材,13:05:51,元器件,首板
20260603,002787.SZ,华源控股,09:34:27,芯片,首板
20260603,002856.SZ,*ST美芝,09:25:00,ST板块,8天7板
20260603,002875.SZ,安奈儿,09:48:12,生育概念,首板
20260603,002965.SZ,祥鑫科技,09:43:21,机器人概念,首板
20260603,300197.SZ,节能铁汉,09:33:57,并购重组,3连板
20260603,300516.SZ,久之洋,13:00:03,激光,首板
20260603,301115.SZ,联检科技,10:25:24,机器人概念,首板
20260603,301366.SZ,一博科技,09:25:00,通信,首板
20260603,600078.SH,澄星股份,11:03:00,化工,首板
20260603,600103.SH,青山纸业,09:41:23,通信,首板
20260603,600121.SH,郑州煤电,14:19:31,煤炭,3连板
20260603,600180.SH,*ST瑞茂,09:25:51,ST板块,5天4板
20260603,600187.SH,*ST国中,09:25:55,ST板块,4连板
20260603,600198.SH,大唐电信,09:38:33,芯片,首板
20260603,600255.SH,鑫科材料,09:25:42,通信,2连板
20260603,600265.SH,*ST景谷,09:25:59,ST板块,7连板
20260603,600310.SH,广西能源,09:32:26,储能,首板
20260603,600367.SH,红星发展,09:31:18,元器件,7天5板
20260603,600381.SH,*ST春天,14:27:03,ST板块,首板
20260603,600396.SH,华电辽能,14:21:43,电力,首板
20260603,600403.SH,大有能源,09:43:53,煤炭,3连板
20260603,600439.SH,瑞贝卡,10:11:51,机器人概念,首板
20260603,600487.SH,亨通光电,09:32:08,通信,2连板
20260603,600505.SH,西昌电力,13:56:05,电力,首板
20260603,600516.SH,方大炭素,13:54:08,石墨化,首板
20260603,600578.SH,京能电力,13:15:54,电力,首板
20260603,600596.SH,新安股份,13:23:05,机器人概念,3天2板
20260603,600679.SH,上海凤凰,10:13:31,自行车,首板
20260603,600683.SH,京投发展,10:51:28,并购重组,首板
20260603,600688.SH,上海石化,09:25:55,碳纤维,首板
20260603,600777.SH,*ST新潮,14:56:46,ST板块,首板
20260603,600791.SH,京能置业,13:08:33,地产链,首板
20260603,600936.SH,北投科技,09:49:44,机器人概念,2连板
20260603,601208.SH,东材科技,09:53:48,通信,首板
20260603,601231.SH,环旭电子,09:33:53,通信,首板
20260603,601798.SH,蓝科高新,09:30:47,并购重组,首板
20260603,603065.SH,宿迁联盛,13:01:49,化工,首板
20260603,603109.SH,神驰机电,14:49:29,柴油发电机,首板
20260603,603120.SH,肯特催化,09:33:06,化工,首板
20260603,603135.SH,中重科技,09:41:33,机器人概念,首板
20260603,603236.SH,移远通信,09:37:51,机器人概念,首板
20260603,603311.SH,金海高科,13:18:02,实控人变更,2连板
20260603,603319.SH,美湖股份,10:09:26,机器人概念,首板
20260603,603330.SH,天洋新材,09:25:47,通信,3连板
20260603,603595.SH,ST东尼,09:41:16,ST板块,首板
20260603,603656.SH,泰禾智能,09:52:58,物理AI,首板
20260603,603663.SH,三祥新材,09:40:40,芯片,首板
20260603,603886.SH,元祖股份,14:53:17,食品饮料,首板
20260603,603938.SH,三孚股份,09:39:01,芯片,首板
20260603,605018.SH,长华集团,13:00:32,机器人概念,首板
20260603,605162.SH,新中港,09:46:38,电力,首板
20260603,605303.SH,园林股份,13:19:18,芯片,首板
20260603,605555.SH,德昌股份,10:00:28,机器人概念,首板
20260603,605580.SH,恒盛能源,10:10:30,金刚石概念,首板
20260603,688268.SH,华特气体,13:41:33,芯片,首板
20260603,688655.SH,迅捷兴,10:22:39,通信,首板
20260602,000010.SZ,*ST美丽,09:25:00,ST板块,3连板
20260602,000055.SZ,方大集团,09:33:36,AI应用,2连板
20260602,000056.SZ,*ST皇庭,09:36:54,ST板块,7天5板
20260602,000062.SZ,深圳华强,11:24:33,元器件,首板
20260602,000078.SZ,ST海王,09:30:03,ST板块,4连板
20260602,000586.SZ,汇源通信,10:58:06,实控人变更,首板
20260602,000601.SZ,韶能股份,10:19:57,电力,首板
20260602,000677.SZ,ST海龙,10:52:09,ST板块,4天2板
20260602,000700.SZ,模塑科技,09:36:57,机器人概念,首板
20260602,000711.SZ,ST京蓝,14:08:48,ST板块,首板
20260602,000960.SZ,锡业股份,13:06:42,有色金属,首板
20260602,001210.SZ,金房能源,09:30:54,算力,2连板
20260602,002137.SZ,实益达,10:48:33,腾讯概念,首板
20260602,002214.SZ,*ST大立,14:51:12,ST板块,首板
20260602,002306.SZ,*ST云网,10:55:39,ST板块,首板
20260602,002314.SZ,南山控股,10:22:33,房地产,首板
20260602,002384.SZ,东山精密,13:12:57,芯片,首板
20260602,002404.SZ,嘉欣丝绸,09:32:03,服装家纺,2连板
20260602,002421.SZ,达实智能,10:04:42,AI应用,2连板
20260602,002501.SZ,*ST利源,10:41:00,ST板块,首板
20260602,002515.SZ,金字火腿,13:10:09,芯片,首板
20260602,002528.SZ,*ST英飞,09:33:03,ST板块,2连板
20260602,002575.SZ,群兴玩具,10:23:06,人工智能,首板
20260602,002579.SZ,中京电子,09:39:33,AI PC,6天5板
20260602,002630.SZ,*ST华西,09:32:57,ST板块,首板
20260602,002634.SZ,*ST棒杰,09:30:15,ST板块,3连板
20260602,002667.SZ,*ST威领,09:32:54,ST板块,2连板
20260602,002717.SZ,*ST岭南,09:30:30,ST板块,首板
20260602,002806.SZ,华锋股份,14:48:39,元器件,4天3板
20260602,002851.SZ,麦格米特,09:35:42,算力,首板
20260602,002856.SZ,*ST美芝,09:25:00,ST板块,7天6板
20260602,002876.SZ,三利谱,10:22:45,折叠屏,首板
20260602,002896.SZ,中大力德,09:30:57,机器人概念,首板
20260602,002897.SZ,意华股份,09:32:18,通信,首板
20260602,002903.SZ,宇环数控,13:14:57,机器人概念,首板
20260602,002951.SZ,金时科技,14:20:42,元器件,7天4板
20260602,002957.SZ,科瑞技术,09:38:00,通信,首板
20260602,002962.SZ,五方光电,09:44:36,芯片,首板
20260602,002975.SZ,博杰股份,09:37:06,元器件,首板
20260602,002980.SZ,华盛昌,11:00:30,通信,首板
20260602,300197.SZ,节能铁汉,10:13:39,并购重组,2连板
20260602,300486.SZ,东杰智能,13:24:12,机器人概念,3天2板
20260602,301139.SZ,*ST元道,14:07:42,ST板块,2连板
20260602,301419.SZ,阿莱德,09:38:45,通信,首板
20260602,301563.SZ,云汉芯城,11:02:36,元器件,首板
20260602,301566.SZ,达利凯普,10:28:54,元器件,首板
20260602,600105.SH,永鼎股份,13:10:18,芯片,首板
20260602,600114.SH,东睦股份,13:33:57,折叠屏,首板
20260602,600121.SH,郑州煤电,09:31:49,煤炭,2连板
20260602,600162.SH,香江控股,09:31:59,房地产,7天6板
20260602,600180.SH,*ST瑞茂,09:31:23,ST板块,4天3板
20260602,600187.SH,*ST国中,09:35:04,ST板块,3连板
20260602,600255.SH,鑫科材料,13:26:31,通信,首板
20260602,600265.SH,*ST景谷,09:30:05,ST板块,6连板
20260602,600280.SH,中央商场,09:55:57,零售,3连板
20260602,600301.SH,华锡有色,10:58:30,有色金属,2连板
20260602,600345.SH,长江通信,13:32:57,通信,首板
20260602,600360.SH,华微电子,09:42:53,芯片,首板
20260602,600362.SH,江西铜业,13:15:06,有色金属,首板
20260602,600367.SH,红星发展,09:40:25,元器件,6天4板
20260602,600370.SH,*ST三房,13:07:50,ST板块,4天3板
20260602,600403.SH,大有能源,09:30:00,煤炭,2连板
20260602,600459.SH,贵研铂业,11:19:13,芯片,首板
20260602,600487.SH,亨通光电,10:30:05,通信,首板
20260602,600500.SH,中化国际,13:16:21,化工,首板
20260602,600667.SH,太极实业,14:17:31,芯片,首板
20260602,600745.SH,*ST闻泰,09:25:53,ST板块,9天8板
20260602,600759.SH,ST洲际,09:25:56,ST板块,4连板
20260602,600869.SH,远东股份,10:12:41,通信,3天2板
20260602,600936.SH,北投科技,11:25:35,机器人概念,首板
20260602,601137.SH,XD博威合,10:51:36,通信,首板
20260602,601686.SH,友发集团,09:39:30,人工智能,首板
20260602,601869.SH,长飞光纤,11:04:17,通信,首板
20260602,603008.SH,ST喜临门,09:25:54,ST板块,4天3板
20260602,603045.SH,福达合金,10:26:25,算力,2连板
20260602,603189.SH,*ST网达,11:29:33,ST板块,2连板
20260602,603267.SH,鸿远电子,13:20:14,元器件,4天2板
20260602,603311.SH,金海高科,14:26:38,实控人变更,首板
20260602,603330.SH,天洋新材,14:08:25,通信,2连板
20260602,603373.SH,安邦护卫,09:54:16,AI应用,首板
20260602,603378.SH,*ST亚士,09:30:36,ST板块,2连板
20260602,603389.SH,*ST亚振,10:08:11,ST板块,首板
20260602,603429.SH,*ST集友,09:45:33,ST板块,首板
20260602,603557.SH,*ST起步,14:40:48,ST板块,4天2板
20260602,603678.SH,火炬电子,10:15:42,元器件,4天3板
20260602,603687.SH,大胜达,13:00:45,芯片,首板
20260602,603813.SH,*ST原尚,14:22:12,ST板块,首板
20260602,603890.SH,春秋电子,09:25:35,AI PC,3连板
20260602,603997.SH,继峰股份,10:56:45,汽车零部件,首板
20260602,605288.SH,凯迪股份,10:51:41,机器人概念,首板
20260602,605589.SH,圣泉集团,13:00:25,通信,首板
20260602,688079.SH,美迪凯,09:32:57,芯片,首板
20260602,688496.SH,*ST清越,09:56:34,ST板块,首板
20260601,000010.SZ,*ST美丽,09:25:00,ST板块,2连板
20260601,000031.SZ,大悦城,09:52:30,地产链,首板
20260601,000037.SZ,深南电A,09:52:12,电力,2连板
20260601,000048.SZ,京基智农,09:37:45,农业,首板
20260601,000055.SZ,方大集团,09:34:15,AI应用,首板
20260601,000078.SZ,ST海王,09:32:45,ST板块,3连板
20260601,000510.SZ,新金路,09:53:27,有色金属,首板
20260601,000533.SZ,顺钠股份,10:08:03,智能电网,首板
20260601,000539.SZ,粤电力Ａ,09:25:00,电力,4连板
20260601,000626.SZ,远大控股,10:07:39,农业,首板
20260601,000681.SZ,视觉中国,09:39:24,AI应用,首板
20260601,000722.SZ,湖南发展,14:33:45,电力,首板
20260601,000727.SZ,冠捷科技,09:32:03,AI应用,首板
20260601,000767.SZ,晋控电力,09:31:03,电力,2连板
20260601,000903.SZ,ST云动,09:48:57,ST板块,2连板
20260601,000909.SZ,*ST数源,13:46:54,ST板块,首板
20260601,000911.SZ,*ST广糖,09:43:33,ST板块,首板
20260601,001210.SZ,金房能源,09:33:18,算力,首板
20260601,001314.SZ,亿道信息,09:31:36,AI PC,首板
20260601,002055.SZ,ST得润,09:31:21,ST板块,首板
20260601,002062.SZ,宏润建设,09:51:36,机器人概念,首板
20260601,002068.SZ,黑猫股份,13:11:54,化工,首板
20260601,002081.SZ,金螳螂,09:45:48,地产链,2连板
20260601,002099.SZ,海翔药业,14:48:00,医药,首板
20260601,002181.SZ,粤传媒,09:47:09,体育产业,首板
20260601,002193.SZ,ST如意,10:31:21,ST板块,首板
20260601,002198.SZ,ST嘉应,10:17:51,ST板块,首板
20260601,002207.SZ,*ST准油,09:31:06,ST板块,2连板
20260601,002229.SZ,鸿博股份,09:41:18,算力,首板
20260601,002235.SZ,安妮股份,09:37:39,实控人变更,首板
20260601,002279.SZ,久其软件,09:40:54,AI应用,首板
20260601,002323.SZ,*ST雅博,09:34:06,ST板块,6连板
20260601,002328.SZ,新朋股份,09:30:21,算力,首板
20260601,002356.SZ,赫美集团,09:30:33,并购重组,首板
20260601,002404.SZ,嘉欣丝绸,10:18:51,服装家纺,首板
20260601,002421.SZ,达实智能,09:41:48,AI应用,首板
20260601,002426.SZ,胜利精密,09:25:00,AI PC,首板
20260601,002431.SZ,ST棕榈,14:17:18,ST板块,3天2板
20260601,002474.SZ,榕基软件,09:42:33,AI应用,首板
20260601,002514.SZ,*ST宝馨,11:15:30,ST板块,首板
20260601,002527.SZ,新时达,10:06:18,机器人概念,首板
20260601,002528.SZ,*ST英飞,10:36:15,ST板块,首板
20260601,002579.SZ,中京电子,09:53:09,AI PC,5天4板
20260601,002580.SZ,圣阳股份,09:36:39,算力,首板
20260601,002608.SZ,江苏国信,09:30:09,电力,2连板
20260601,002613.SZ,北玻股份,09:44:03,玻璃,6天3板
20260601,002620.SZ,*ST瑞和,09:30:00,ST板块,首板
20260601,002629.SZ,仁智股份,10:03:18,实控人变更,首板
20260601,002634.SZ,*ST棒杰,09:33:51,ST板块,2连板
20260601,002637.SZ,赞宇科技,09:39:03,化工,首板
20260601,002647.SZ,仁东控股,13:06:06,算力,首板
20260601,002650.SZ,ST加加,14:26:15,ST板块,首板
20260601,002657.SZ,中科金财,10:11:48,AI应用,首板
20260601,002667.SZ,*ST威领,13:53:57,ST板块,首板
20260601,002691.SZ,*ST冀凯,13:18:21,ST板块,首板
20260601,002694.SZ,*ST顾地,09:45:51,ST板块,3天2板
20260601,002700.SZ,万憬能源,13:29:54,天然气,首板
20260601,002766.SZ,索菱股份,09:48:03,智能驾驶,首板
20260601,002795.SZ,永和智控,09:31:48,股权转让,首板
20260601,002830.SZ,名雕股份,09:40:15,AI应用,首板
20260601,002856.SZ,*ST美芝,09:30:21,ST板块,6天5板
20260601,002871.SZ,伟隆股份,09:41:30,算力,3天2板
20260601,002883.SZ,*ST中设,10:05:09,ST板块,首板
20260601,002925.SZ,盈趣科技,11:20:03,AI应用,首板
20260601,002933.SZ,新兴装备,13:05:12,机器人概念,首板
20260601,002951.SZ,金时科技,14:50:24,元器件,6天3板
20260601,002955.SZ,鸿合科技,10:14:24,AI应用,首板
20260601,002995.SZ,天地在线,10:11:09,AI应用,3连板
20260601,003004.SZ,声迅股份,10:03:36,ST摘帽,首板
20260601,003030.SZ,祖名股份,13:19:00,食品饮料,首板
20260601,003041.SZ,真爱美家,10:33:42,AI应用,首板
20260601,300103.SZ,达刚控股,09:50:27,基础建设,首板
20260601,300197.SZ,节能铁汉,09:25:00,并购重组,首板
20260601,300649.SZ,杭州园林,09:32:06,股权转让,首板
20260601,300849.SZ,锦盛新材,11:05:00,化工,首板
20260601,300956.SZ,英力股份,09:25:00,AI PC,首板
20260601,301107.SZ,瑜欣电子,10:03:24,机器人概念,首板
20260601,301139.SZ,*ST元道,13:48:21,ST板块,首板
20260601,301236.SZ,软通动力,09:43:03,AI PC,首板
20260601,301329.SZ,信音电子,10:28:00,消费电子,首板
20260601,301439.SZ,泓淋电力,10:03:12,通信,2连板
20260601,600011.SH,华能国际,14:56:15,电力,2连板
20260601,600053.SH,*ST九鼎,13:12:46,ST板块,首板
20260601,600121.SH,郑州煤电,10:38:46,煤炭,首板
20260601,600152.SH,维科技术,09:37:42,钠电池,首板
20260601,600156.SH,华升股份,09:41:25,算力,首板
20260601,600160.SH,巨化股份,10:08:43,化工,首板
20260601,600180.SH,*ST瑞茂,13:20:32,ST板块,3天2板
20260601,600187.SH,*ST国中,10:00:44,ST板块,2连板
20260601,600188.SH,兖矿能源,14:34:27,煤炭,首板
20260601,600238.SH,*ST椰岛,13:36:05,ST板块,首板
20260601,600265.SH,*ST景谷,09:25:43,ST板块,5连板
20260601,600280.SH,中央商场,09:32:08,零售,2连板
20260601,600289.SH,ST信通,14:06:49,ST板块,首板
20260601,600301.SH,华锡有色,09:42:20,有色金属,首板
20260601,600302.SH,ST标准,10:30:05,ST板块,首板
20260601,600337.SH,ST美克,09:56:49,ST板块,首板
20260601,600367.SH,红星发展,09:31:00,元器件,5天3板
20260601,600403.SH,大有能源,10:57:07,煤炭,首板
20260601,600463.SH,空港股份,10:24:20,地产链,首板
20260601,600476.SH,*ST湘邮,10:38:58,ST板块,首板
20260601,600491.SH,ST龙元,10:06:31,ST板块,3天2板
20260601,600503.SH,华丽家族,09:46:55,机器人概念,首板
20260601,600539.SH,狮头股份,13:01:09,AI应用,首板
20260601,600540.SH,新赛股份,13:27:43,农业,首板
20260601,600546.SH,山煤国际,14:17:51,煤炭,首板
20260601,600568.SH,ST中珠,09:43:12,ST板块,首板
20260601,600581.SH,*ST八钢,10:14:19,ST板块,首板
20260601,600588.SH,用友网络,13:03:35,AI应用,首板
20260601,600596.SH,新安股份,09:50:45,机器人概念,首板
20260601,600617.SH,国新能源,10:32:42,天然气,首板
20260601,600678.SH,ST金顶,11:25:40,ST板块,3天2板
20260601,600727.SH,鲁北化工,10:25:04,化工,首板
20260601,600734.SH,*ST实达,09:55:27,ST板块,首板
20260601,600737.SH,中粮糖业,13:14:15,医药,首板
20260601,600745.SH,*ST闻泰,09:25:45,ST板块,8天7板
20260601,600758.SH,辽宁能源,14:47:47,煤炭,4天2板
20260601,600759.SH,ST洲际,09:25:44,ST板块,3连板
20260601,600769.SH,祥龙电业,10:25:22,水务,首板
20260601,600797.SH,浙大网新,09:32:13,人工智能,首板
20260601,600798.SH,宁波海运,10:42:10,航运,首板
20260601,600841.SH,动力新科,09:55:23,算力,首板
20260601,600847.SH,万里股份,09:43:23,储能,首板
20260601,600981.SH,苏豪汇鸿,09:56:03,AI应用,首板
20260601,601001.SH,晋控煤业,11:03:14,煤炭,首板
20260601,601101.SH,昊华能源,10:38:52,煤炭,3天2板
20260601,601699.SH,潞安环能,10:52:25,煤炭,首板
20260601,601918.SH,新集能源,13:59:31,煤炭,首板
20260601,603008.SH,ST喜临门,10:43:42,ST板块,3天2板
20260601,603011.SH,合锻智能,09:31:09,通信,4连板
20260601,603039.SH,泛微网络,13:10:32,AI应用,首板
20260601,603045.SH,福达合金,09:44:46,算力,首板
20260601,603121.SH,华培动力,10:06:41,机器人概念,首板
20260601,603138.SH,海量数据,10:23:00,人工智能,首板
20260601,603161.SH,科华控股,10:02:08,汽车零部件,首板
20260601,603171.SH,税友股份,09:40:02,AI应用,首板
20260601,603189.SH,*ST网达,09:39:14,ST板块,首板
20260601,603193.SH,润本股份,13:04:49,卫生护理,首板
20260601,603272.SH,*ST联翔,09:42:11,ST板块,6天4板
20260601,603296.SH,华勤技术,09:44:48,AI PC,首板
20260601,603330.SH,天洋新材,09:36:38,通信,首板
20260601,603341.SH,龙旗科技,09:42:47,AI PC,首板
20260601,603344.SH,星德胜,10:07:56,机器人概念,首板
20260601,603359.SH,*ST东珠,14:36:36,ST板块,首板
20260601,603378.SH,*ST亚士,10:13:22,ST板块,首板
20260601,603407.SH,长裕集团,09:51:26,机器人概念,首板
20260601,603533.SH,掌阅科技,09:39:59,AI应用,4天2板
20260601,603598.SH,引力传媒,10:38:08,AI应用,首板
20260601,603678.SH,火炬电子,09:32:22,元器件,3天2板
20260601,603725.SH,天安新材,09:44:16,机器人概念,首板
20260601,603773.SH,沃格光电,09:34:22,芯片,5天3板
20260601,603778.SH,国晟科技,14:47:08,光伏,首板
20260601,603808.SH,歌力思,13:47:22,AI应用,首板
20260601,603819.SH,神力股份,09:50:15,发电机,首板
20260601,603822.SH,ST嘉澳,09:30:43,ST板块,首板
20260601,603823.SH,百合花,09:38:23,新材料概念,首板
20260601,603877.SH,太平鸟,13:26:20,服装家纺,首板
20260601,603890.SH,春秋电子,09:25:56,AI PC,2连板
20260601,603959.SH,ST百利,10:16:18,ST板块,首板
20260601,603991.SH,领先股份,09:56:13,芯片,首板
20260601,605298.SH,必得科技,10:46:13,股权转让,首板
20260601,605336.SH,*ST帅电,13:14:46,ST板块,首板
20260601,605398.SH,新炬网络,13:01:33,AI应用,首板
20260601,605566.SH,福莱蒽特,09:48:22,机器人概念,首板
20260529,000010.SZ,*ST美丽,09:39:51,ST板块,首板
20260529,000025.SZ,特力Ａ,10:39:21,地产链,首板
20260529,000037.SZ,深南电A,09:35:54,电力,首板
20260529,000078.SZ,ST海王,09:39:03,ST板块,2连板
20260529,000090.SZ,天健集团,09:49:00,地产链,2连板
20260529,000151.SZ,中成股份,10:22:18,基础建设,首板
20260529,000539.SZ,粤电力Ａ,09:31:18,电力,3连板
20260529,000608.SZ,阳光股份,09:32:33,地产链,3天2板
20260529,000669.SZ,ST金鸿,09:35:06,ST板块,首板
20260529,000767.SZ,晋控电力,10:00:00,电力,首板
20260529,000799.SZ,酒鬼酒,11:09:12,酿酒,首板
20260529,000903.SZ,ST云动,09:59:18,ST板块,首板
20260529,000926.SZ,福星股份,14:04:54,地产链,首板
20260529,001269.SZ,欧晶科技,09:33:09,芯片,首板
20260529,002081.SZ,金螳螂,10:15:30,地产链,首板
20260529,002102.SZ,ST能特,09:45:21,ST板块,首板
20260529,002207.SZ,*ST准油,09:57:45,ST板块,首板
20260529,002251.SZ,步步高,09:58:51,零售,4天3板
20260529,002289.SZ,*ST宇顺,13:23:57,ST板块,2连板
20260529,002323.SZ,*ST雅博,09:25:00,ST板块,5连板
20260529,002457.SZ,青龙管业,09:30:57,新型城镇化,首板
20260529,002608.SZ,江苏国信,10:01:21,电力,首板
20260529,002634.SZ,*ST棒杰,09:34:18,ST板块,首板
20260529,002806.SZ,华锋股份,09:30:00,元器件,2连板
20260529,002824.SZ,和胜股份,13:07:36,汽车零部件,首板
20260529,002856.SZ,*ST美芝,09:49:00,ST板块,5天4板
20260529,002995.SZ,天地在线,09:53:36,AI应用,2连板
20260529,300486.SZ,东杰智能,13:56:48,机器人概念,首板
20260529,301360.SZ,荣旗科技,09:32:15,元器件,首板
20260529,301439.SZ,泓淋电力,09:25:00,通信,首板
20260529,600011.SH,华能国际,13:36:03,电力,首板
20260529,600110.SH,诺德股份,09:41:44,通信,2连板
20260529,600162.SH,香江控股,09:30:52,地产链,5连板
20260529,600187.SH,*ST国中,09:30:03,ST板块,首板
20260529,600265.SH,*ST景谷,09:25:34,ST板块,4连板
20260529,600280.SH,中央商场,09:42:32,零售,首板
20260529,600370.SH,*ST三房,09:31:12,ST板块,2连板
20260529,600381.SH,*ST春天,14:38:11,ST板块,5天4板
20260529,600488.SH,津药药业,10:38:37,医药,首板
20260529,600530.SH,交大昂立,10:12:25,保健品,首板
20260529,600622.SH,光大嘉宝,09:34:14,地产链,首板
20260529,600693.SH,东百集团,09:57:00,零售,首板
20260529,600726.SH,华电能源,09:32:36,电力,5连板
20260529,600745.SH,*ST闻泰,09:25:41,ST板块,7天6板
20260529,600759.SH,ST洲际,09:25:42,ST板块,2连板
20260529,600828.SH,茂业商业,09:48:30,零售,首板
20260529,600857.SH,宁波中百,09:51:39,零售,首板
20260529,600863.SH,华能蒙电,10:09:23,电力,5天3板
20260529,600865.SH,百大集团,10:05:15,零售,首板
20260529,600869.SH,远东股份,13:01:07,通信,首板
20260529,600979.SH,广安爱众,10:08:43,电力,首板
20260529,601086.SH,国芳集团,11:03:35,零售,首板
20260529,601116.SH,三江购物,10:28:20,零售,首板
20260529,601566.SH,九牧王,09:48:32,服装家纺,首板
20260529,601702.SH,华峰铝业,10:29:44,有色金属,首板
20260529,603011.SH,合锻智能,09:31:56,通信,3连板
20260529,603060.SH,国检集团,09:41:14,地产链,首板
20260529,603303.SH,得邦照明,09:35:20,LED,首板
20260529,603324.SH,盛剑科技,09:31:45,芯片,2连板
20260529,603398.SH,*ST沐邦,14:51:15,ST板块,首板
20260529,603435.SH,嘉德利,09:40:42,元器件,首板
20260529,603616.SH,韩建河山,09:35:35,基础建设,首板
20260529,603890.SH,春秋电子,09:33:46,端侧AI,首板
20260529,605177.SH,东亚药业,14:25:00,医药,首板
20260529,605277.SH,新亚电子,09:25:30,通信,首板
20260529,688108.SH,赛诺医疗,11:20:19,医疗器械,首板
20260529,688622.SH,*ST禾信,10:04:02,ST板块,首板
20260528,000056.SZ,*ST皇庭,09:31:57,ST板块,4连板
20260528,000063.SZ,中兴通讯,13:45:12,端侧AI,首板
20260528,000068.SZ,华控赛格,09:40:51,深圳,首板
20260528,000078.SZ,ST海王,10:16:09,ST板块,首板
20260528,000090.SZ,天健集团,09:37:06,地产链,首板
20260528,000509.SZ,华塑控股,09:30:00,新型工业化,4连板
20260528,000530.SZ,冰山冷热,09:38:15,算力,首板
20260528,000539.SZ,粤电力Ａ,09:30:36,电力,2连板
20260528,000600.SZ,建投能源,09:59:03,电力,首板
20260528,000628.SZ,高新发展,11:20:21,芯片,首板
20260528,000632.SZ,ST三木,10:00:06,ST板块,首板
20260528,000636.SZ,风华高科,09:35:24,元器件,8天4板
20260528,000677.SZ,ST海龙,09:38:00,ST板块,首板
20260528,000692.SZ,惠天热电,09:35:09,热力,首板
20260528,000720.SZ,新能泰山,09:30:54,智能电网,首板
20260528,000791.SZ,甘肃能源,09:32:33,算力,首板
20260528,000859.SZ,国风新材,09:49:42,并购重组,首板
20260528,000889.SZ,中嘉博创,09:34:06,算力,首板
20260528,000920.SZ,沃顿科技,09:34:00,芯片,首板
20260528,002056.SZ,横店东磁,14:21:45,元器件,4天2板
20260528,002203.SZ,海亮股份,14:16:00,通信,首板
20260528,002210.SZ,飞马国际,09:34:03,电力,首板
20260528,002243.SZ,力合科创,09:48:21,元器件,首板
20260528,002263.SZ,大东南,13:21:12,智能电网,首板
20260528,002289.SZ,*ST宇顺,13:16:45,ST板块,首板
20260528,002323.SZ,*ST雅博,10:43:06,ST板块,4连板
20260528,002348.SZ,高乐股份,10:39:54,算力,首板
20260528,002350.SZ,北京科锐,09:37:51,储能,首板
20260528,002397.SZ,梦洁股份,10:05:42,服装家纺,首板
20260528,002428.SZ,云南锗业,11:09:00,芯片,首板
20260528,002431.SZ,ST棕榈,14:54:09,ST板块,首板
20260528,002484.SZ,江海股份,09:31:30,元器件,2连板
20260528,002542.SZ,*ST中岩,13:19:51,ST板块,首板
20260528,002552.SZ,宝鼎科技,10:34:03,通信,5天4板
20260528,002579.SZ,中京电子,13:27:54,通信,3连板
20260528,002613.SZ,北玻股份,09:33:00,玻璃,4天2板
20260528,002636.SZ,金安国纪,11:25:27,通信,首板
20260528,002639.SZ,雪人集团,10:14:18,算力,首板
20260528,002640.SZ,跨境通,10:24:54,外贸,首板
20260528,002669.SZ,康达新材,09:36:30,通信,首板
20260528,002688.SZ,金河生物,09:30:00,医药,首板
20260528,002694.SZ,*ST顾地,10:27:09,ST板块,首板
20260528,002789.SZ,*ST建艺,09:31:42,ST板块,首板
20260528,002806.SZ,华锋股份,09:39:45,元器件,首板
20260528,002857.SZ,三晖电气,10:08:09,智能电网,首板
20260528,002859.SZ,洁美科技,14:05:18,元器件,首板
20260528,002871.SZ,伟隆股份,14:22:27,算力,首板
20260528,002878.SZ,元隆雅图,10:12:33,世界杯概念,首板
20260528,002918.SZ,蒙娜丽莎,09:31:21,芯片,首板
20260528,002943.SZ,宇晶股份,13:34:12,芯片,首板
20260528,002951.SZ,金时科技,09:46:15,元器件,4天2板
20260528,002957.SZ,科瑞技术,10:54:00,通信,4天2板
20260528,002975.SZ,博杰股份,13:34:54,元器件,首板
20260528,002977.SZ,*ST天箭,09:55:57,ST板块,首板
20260528,002995.SZ,天地在线,09:30:00,AI应用,首板
20260528,003018.SZ,金富科技,10:40:03,算力,首板
20260528,003036.SZ,泰坦股份,13:35:36,通信,7天4板
20260528,300179.SZ,四方达,09:50:51,金刚石概念,首板
20260528,300489.SZ,光智科技,13:35:18,芯片,首板
20260528,300721.SZ,怡达股份,10:05:06,芯片,首板
20260528,300964.SZ,本川智能,14:02:03,通信,首板
20260528,301123.SZ,奕东电子,10:25:57,算力,首板
20260528,301205.SZ,联特科技,13:56:06,通信,首板
20260528,301565.SZ,中仑新材,14:36:57,锂电池,首板
20260528,600032.SH,浙江新能,10:25:13,电力,首板
20260528,600063.SH,皖维高新,09:30:00,元器件,首板
20260528,600110.SH,诺德股份,11:28:21,通信,首板
20260528,600151.SH,航天机电,09:56:38,商业航天,首板
20260528,600162.SH,香江控股,09:35:04,地产链,4连板
20260528,600172.SH,黄河旋风,09:44:25,金刚石概念,5天4板
20260528,600176.SH,中国巨石,14:10:30,通信,首板
20260528,600180.SH,*ST瑞茂,09:30:00,ST板块,首板
20260528,600206.SH,有研新材,10:52:04,芯片,首板
20260528,600237.SH,铜峰电子,14:51:26,元器件,首板
20260528,600239.SH,ST云城,09:30:04,ST板块,首板
20260528,600246.SH,万通发展,13:20:07,芯片,首板
20260528,600265.SH,*ST景谷,09:25:59,ST板块,3连板
20260528,600330.SH,天通股份,13:16:10,通信,首板
20260528,600340.SH,*ST华幸,09:54:49,ST板块,2连板
20260528,600360.SH,华微电子,10:21:48,芯片,首板
20260528,600367.SH,红星发展,13:01:36,化工,3天2板
20260528,600370.SH,*ST三房,09:36:12,ST板块,首板
20260528,600459.SH,贵研铂业,13:27:10,芯片,首板
20260528,600491.SH,ST龙元,13:52:56,ST板块,首板
20260528,600527.SH,江南高纤,10:23:15,化工,首板
20260528,600589.SH,大位科技,09:25:39,算力,首板
20260528,600678.SH,ST金顶,09:54:14,ST板块,首板
20260528,600726.SH,华电能源,09:25:34,电力,4连板
20260528,600730.SH,*ST高科,11:19:06,ST板块,4天3板
20260528,600745.SH,*ST闻泰,09:25:59,ST板块,6天5板
20260528,600759.SH,ST洲际,09:46:23,ST板块,首板
20260528,600982.SH,宁波能源,10:49:46,电力,首板
20260528,601101.SH,昊华能源,10:43:35,煤炭,首板
20260528,601369.SH,陕鼓动力,14:10:00,储能,首板
20260528,601588.SH,北辰实业,09:41:20,地产链,首板
20260528,601958.SH,金钼股份,13:20:19,有色金属,3天2板
20260528,603006.SH,联明股份,10:26:34,汽车零部件,首板
20260528,603008.SH,ST喜临门,10:43:52,ST板块,首板
20260528,603011.SH,合锻智能,09:37:33,通信,2连板
20260528,603031.SH,安孚科技,13:13:33,通信,首板
20260528,603032.SH,德新科技,09:33:20,锂电池,2连板
20260528,603050.SH,科林电气,09:31:05,智能电网,首板
20260528,603110.SH,东方材料,13:59:00,通信,首板
20260528,603256.SH,宏和科技,10:39:37,通信,5天3板
20260528,603267.SH,鸿远电子,11:13:09,元器件,首板
20260528,603324.SH,盛剑科技,10:47:14,芯片,首板
20260528,603353.SH,和顺石油,14:31:04,芯片,3天2板
20260528,603458.SH,勘设股份,09:51:06,智能驾驶,首板
20260528,603527.SH,众源新材,13:28:54,通信,首板
20260528,603557.SH,*ST起步,13:21:35,ST板块,首板
20260528,603580.SH,*ST艾艾,13:42:28,ST板块,首板
20260528,603601.SH,再升科技,14:41:18,商业航天,首板
20260528,603678.SH,火炬电子,09:38:32,元器件,首板
20260528,603682.SH,锦和商管,10:05:08,地产链,首板
20260528,603757.SH,大元泵业,09:40:02,算力,首板
20260528,603773.SH,沃格光电,10:11:05,芯片,3天2板
20260528,603861.SH,白云电器,09:43:42,电源,首板
20260528,603955.SH,大千生态,13:34:51,宠物经济,首板
20260528,603977.SH,国泰集团,11:05:02,有色金属,首板
20260528,603988.SH,中电电机,10:10:05,黄金,首板
20260528,603989.SH,艾华集团,14:55:37,元器件,9天5板
20260528,605376.SH,博迁新材,13:47:37,元器件,首板
20260528,605580.SH,恒盛能源,14:18:30,金刚石概念,5天3板
20260528,688006.SH,杭可科技,11:15:41,芯片,首板
20260528,688172.SH,燕东微,11:10:44,芯片,首板
20260527,000056.SZ,*ST皇庭,09:25:59,ST板块,3连板
20260527,000509.SZ,华塑控股,09:33:09,新型工业化,3连板
20260527,000539.SZ,粤电力Ａ,13:05:15,电力,首板
20260527,000601.SZ,韶能股份,10:03:09,电力,首板
20260527,000608.SZ,阳光股份,09:41:45,地产链,首板
20260527,000759.SZ,中百集团,11:25:45,零售,2连板
20260527,000892.SZ,欢瑞世纪,09:49:39,AI应用,首板
20260527,001257.SZ,盛龙股份,09:38:39,有色金属,2连板
20260527,001299.SZ,美能能源,10:21:21,并购重组,首板
20260527,001360.SZ,南矿集团,10:15:09,黄金,首板
20260527,002012.SZ,凯恩股份,13:07:12,元器件,3天2板
20260527,002024.SZ,ST易购,09:31:33,ST板块,首板
20260527,002072.SZ,凯瑞德,09:35:21,煤炭,首板
20260527,002082.SZ,ST万邦,13:49:42,ST板块,2连板
20260527,002129.SZ,TCL中环,09:33:33,光伏,首板
20260527,002199.SZ,*ST东晶,09:49:36,ST板块,4天3板
20260527,002251.SZ,步步高,11:18:42,零售,2连板
20260527,002323.SZ,*ST雅博,09:25:59,ST板块,3连板
20260527,002484.SZ,江海股份,09:25:59,元器件,首板
20260527,002528.SZ,*ST英飞,14:39:39,ST板块,首板
20260527,002579.SZ,中京电子,09:25:59,通信,2连板
20260527,002706.SZ,良信股份,09:59:45,智能电网,首板
20260527,002726.SZ,ST龙大,09:35:45,ST板块,首板
20260527,002771.SZ,真视通,09:33:54,算力,2连板
20260527,002856.SZ,*ST美芝,09:57:45,ST板块,3连板
20260527,002881.SZ,美格智能,10:36:30,算力,首板
20260527,002927.SZ,泰永长征,09:33:45,智能电网,3天2板
20260527,002971.SZ,和远气体,10:32:57,芯片,首板
20260527,300291.SZ,百纳千成,09:49:27,AI应用,首板
20260527,600162.SH,香江控股,09:30:41,地产链,3连板
20260527,600265.SH,*ST景谷,09:25:46,ST板块,2连板
20260527,600340.SH,*ST华幸,14:01:34,ST板块,首板
20260527,600353.SH,旭光电子,11:08:14,芯片,首板
20260527,600381.SH,*ST春天,09:31:52,ST板块,3连板
20260527,600396.SH,华电辽能,13:02:56,电力,3天2板
20260527,600726.SH,华电能源,09:35:54,电力,3连板
20260527,600744.SH,华银电力,09:43:58,电力,首板
20260527,600745.SH,*ST闻泰,09:37:39,ST板块,5天4板
20260527,600758.SH,辽宁能源,10:23:33,电力,首板
20260527,600779.SH,水井坊,13:11:03,酿酒,首板
20260527,600863.SH,华能蒙电,13:02:27,电力,3天2板
20260527,601126.SH,XD四方股,10:06:43,智能电网,首板
20260527,603011.SH,合锻智能,09:36:52,通信,首板
20260527,603021.SH,*ST华鹏,14:24:30,ST板块,4天3板
20260527,603032.SH,德新科技,13:13:21,锂电池,首板
20260527,603115.SH,海星股份,09:41:58,元器件,首板
20260527,603272.SH,*ST联翔,09:25:52,ST板块,3连板
20260527,603335.SH,迪生力,13:19:39,汽车零部件,首板
20260527,603533.SH,掌阅科技,09:25:51,AI应用,首板
20260527,603538.SH,美诺华,13:01:28,医药,首板
20260527,603578.SH,三星新材,13:22:16,光伏,首板
20260527,603633.SH,徕木股份,10:20:26,通信,首板
20260527,603663.SH,三祥新材,10:16:29,芯片,6天4板
20260527,603895.SH,天永智能,09:45:27,机器人概念,首板
20260527,603968.SH,醋化股份,09:30:43,化工,首板
20260527,603989.SH,艾华集团,13:04:29,元器件,8天4板
20260527,605055.SH,迎丰股份,09:53:18,机器人概念,首板
20260527,605066.SH,天正电气,10:11:09,智能电网,首板
20260527,605167.SH,利柏特,09:36:26,核电,首板
20260527,605289.SH,罗曼股份,11:09:11,算力,首板
20260527,605300.SH,佳禾食品,13:08:56,食品饮料,首板
20260526,000056.SZ,*ST皇庭,09:25:00,ST板块,2连板
20260526,000506.SZ,招金黄金,10:25:18,黄金,首板
20260526,000509.SZ,华塑控股,09:30:54,新型工业化,2连板
20260526,000510.SZ,新金路,10:24:39,有色金属,3连板
20260526,000668.SZ,*ST荣控,14:54:27,ST板块,首板
20260526,000711.SZ,ST京蓝,09:25:00,ST板块,3连板
20260526,000759.SZ,中百集团,09:46:39,零售,首板
20260526,001257.SZ,盛龙股份,13:01:06,有色金属,首板
20260526,001331.SZ,胜通能源,09:51:03,机器人概念,首板
20260526,001366.SZ,播恩集团,10:24:09,农业,3天2板
20260526,001376.SZ,百通能源,13:13:18,有色金属,首板
20260526,002055.SZ,ST得润,09:25:00,ST板块,7天6板
20260526,002082.SZ,ST万邦,09:31:36,ST板块,首板
20260526,002181.SZ,粤传媒,13:04:06,体育产业,首板
20260526,002185.SZ,华天科技,09:25:00,芯片,2连板
20260526,002251.SZ,步步高,09:39:06,零售,首板
20260526,002323.SZ,*ST雅博,09:25:00,ST板块,2连板
20260526,002388.SZ,新亚制程,09:25:00,华为概念,2连板
20260526,002514.SZ,*ST宝馨,09:25:00,ST板块,2连板
20260526,002547.SZ,*ST春兴,10:14:03,ST板块,首板
20260526,002552.SZ,宝鼎科技,13:02:51,通信,3连板
20260526,002569.SZ,*ST步森,13:01:48,ST板块,首板
20260526,002579.SZ,中京电子,10:15:42,通信,首板
20260526,002585.SZ,双星新材,09:42:57,元器件,3连板
20260526,002627.SZ,三峡旅游,13:42:09,旅游,首板
20260526,002667.SZ,*ST威领,09:25:00,ST板块,3连板
20260526,002733.SZ,雄韬股份,14:15:54,电源,3天2板
20260526,002771.SZ,真视通,10:31:45,算力,首板
20260526,002848.SZ,*ST高斯,11:29:27,ST板块,首板
20260526,002856.SZ,*ST美芝,09:30:48,ST板块,2连板
20260526,002886.SZ,沃特股份,10:10:21,新材料概念,首板
20260526,002896.SZ,中大力德,09:34:03,机器人概念,首板
20260526,003004.SZ,声迅股份,14:56:30,ST摘帽,首板
20260526,003036.SZ,泰坦股份,13:11:51,通信,5天3板
20260526,300795.SZ,米奥会展,09:30:00,人工智能,首板
20260526,301591.SZ,肯特股份,11:11:06,新材料概念,首板
20260526,600021.SH,上海电力,09:58:47,电力,首板
20260526,600162.SH,香江控股,09:25:51,地产链,2连板
20260526,600172.SH,黄河旋风,10:07:41,金刚石概念,3连板
20260526,600173.SH,卧龙新能,09:33:30,电力,首板
20260526,600183.SH,生益科技,13:03:20,新材料概念,3天2板
20260526,600265.SH,*ST景谷,09:25:58,ST板块,首板
20260526,600301.SH,华锡有色,14:36:40,有色金属,首板
20260526,600367.SH,红星发展,09:41:14,化工,首板
20260526,600378.SH,昊华科技,13:00:31,新材料概念,首板
20260526,600381.SH,*ST春天,09:33:35,ST板块,2连板
20260526,600520.SH,三佳科技,09:25:49,芯片,2连板
20260526,600584.SH,长电科技,14:44:16,芯片,2连板
20260526,600635.SH,大众公用,09:40:26,机器人概念,首板
20260526,600726.SH,华电能源,09:39:54,电力,2连板
20260526,600730.SH,*ST高科,09:25:37,ST板块,2连板
20260526,600745.SH,*ST闻泰,09:45:28,ST板块,4天3板
20260526,601600.SH,中国铝业,13:18:03,有色金属,首板
20260526,601958.SH,金钼股份,11:28:24,有色金属,首板
20260526,603272.SH,*ST联翔,09:25:41,ST板块,2连板
20260526,603353.SH,和顺石油,09:35:28,芯片,首板
20260526,603595.SH,ST东尼,09:35:24,ST板块,3连板
20260526,603685.SH,晨丰科技,10:00:16,电力,首板
20260526,603773.SH,沃格光电,10:00:13,芯片,首板
20260526,603995.SH,甬金股份,10:15:25,新材料概念,首板
20260526,605006.SH,山东玻纤,13:03:57,化工,3天2板
20260526,605196.SH,华通线缆,14:39:19,有色金属,首板
20260526,688183.SH,生益电子,13:01:22,通信,首板
20260526,688335.SH,复洁科技,10:07:09,化工,首板
20260525,000016.SZ,*ST康佳A,11:26:39,ST板块,首板
20260525,000056.SZ,*ST皇庭,09:30:09,ST板块,首板
20260525,000409.SZ,云鼎科技,09:25:00,智慧矿山,首板
20260525,000509.SZ,华塑控股,10:56:33,新型工业化,首板
20260525,000510.SZ,新金路,10:25:00,有色金属,2连板
20260525,000518.SZ,四环生物,14:32:15,医药,6天5板
20260525,000564.SZ,供销大集,10:43:27,零售,首板
20260525,000636.SZ,风华高科,09:25:00,元器件,5天3板
20260525,000711.SZ,ST京蓝,09:30:54,ST板块,2连板
20260525,000875.SZ,电投绿能,09:50:03,煤炭,首板
20260525,000926.SZ,福星股份,09:35:48,地产链,4天2板
20260525,000966.SZ,长源电力,10:28:03,电力,首板
20260525,000980.SZ,众泰汽车,09:49:09,汽车类,首板
20260525,000988.SZ,华工科技,14:31:00,通信,首板
20260525,000995.SZ,皇台酒业,10:13:30,酿酒,首板
20260525,002012.SZ,凯恩股份,09:31:39,元器件,首板
20260525,002051.SZ,中工国际,10:59:51,基础建设,首板
20260525,002055.SZ,ST得润,09:25:00,ST板块,6天5板
20260525,002056.SZ,横店东磁,13:12:15,稀土永磁,首板
20260525,002156.SZ,通富微电,13:11:54,芯片,首板
20260525,002175.SZ,*ST东智,10:47:27,ST板块,2连板
20260525,002185.SZ,华天科技,09:44:51,芯片,首板
20260525,002199.SZ,*ST东晶,09:30:03,ST板块,2连板
20260525,002207.SZ,*ST准油,09:30:03,ST板块,首板
20260525,002297.SZ,博云新材,09:37:15,商业航天,首板
20260525,002323.SZ,*ST雅博,09:25:00,ST板块,首板
20260525,002388.SZ,新亚制程,10:04:24,华为概念,首板
20260525,002409.SZ,雅克科技,11:29:48,芯片,首板
20260525,002421.SZ,达实智能,09:32:06,芯片,7天6板
20260525,002432.SZ,九安医疗,09:55:51,创投,2连板
20260525,002438.SZ,江苏神通,10:09:03,核电,首板
20260525,002514.SZ,*ST宝馨,09:25:00,ST板块,首板
20260525,002526.SZ,山东矿机,09:30:00,智慧矿山,首板
20260525,002552.SZ,宝鼎科技,10:41:12,通信,2连板
20260525,002585.SZ,双星新材,09:30:12,元器件,2连板
20260525,002613.SZ,北玻股份,10:18:21,玻璃,首板
20260525,002634.SZ,*ST棒杰,10:22:03,ST板块,2连板
20260525,002645.SZ,华宏科技,10:54:21,稀土永磁,4天2板
20260525,002667.SZ,*ST威领,09:30:54,ST板块,2连板
20260525,002674.SZ,兴业科技,09:39:03,机器人概念,首板
20260525,002691.SZ,*ST冀凯,09:25:00,ST板块,首板
20260525,002693.SZ,双成药业,09:31:45,医药,首板
20260525,002718.SZ,友邦吊顶,09:36:33,实控人变更,首板
20260525,002735.SZ,王子新材,09:33:06,元器件,首板
20260525,002741.SZ,光华科技,09:31:15,通信,2连板
20260525,002745.SZ,木林森,14:07:18,面板,首板
20260525,002851.SZ,麦格米特,13:59:33,算力,首板
20260525,002856.SZ,*ST美芝,09:30:27,ST板块,首板
20260525,002897.SZ,意华股份,09:31:24,通信,2连板
20260525,002927.SZ,泰永长征,09:31:48,智能电网,首板
20260525,002938.SZ,鹏鼎控股,09:25:00,通信,2连板
20260525,002947.SZ,恒铭达,09:32:15,算力,首板
20260525,002951.SZ,金时科技,09:31:24,元器件,首板
20260525,002957.SZ,科瑞技术,10:25:45,通信,首板
20260525,002975.SZ,博杰股份,09:31:15,元器件,2连板
20260525,002976.SZ,瑞玛精密,09:34:51,通信,首板
20260525,002980.SZ,华盛昌,09:37:33,通信,2连板
20260525,003036.SZ,泰坦股份,10:25:42,通信,4天2板
20260525,300196.SZ,长海股份,10:05:12,化工,首板
20260525,300275.SZ,梅安森,09:25:00,智慧矿山,首板
20260525,300626.SZ,华瑞股份,11:25:15,机器人概念,首板
20260525,300779.SZ,惠城环保,10:47:54,稀土永磁,首板
20260525,300835.SZ,龙磁科技,14:21:18,稀土永磁,首板
20260525,300868.SZ,杰美特,09:37:09,并购重组,首板
20260525,300939.SZ,秋田微,10:27:21,面板,首板
20260525,300975.SZ,商络电子,10:28:15,元器件,首板
20260525,600162.SH,香江控股,10:02:35,地产链,首板
20260525,600172.SH,黄河旋风,10:06:54,金刚石概念,2连板
20260525,600186.SH,莲花控股,09:34:29,通信,2连板
20260525,600234.SH,科新发展,14:41:09,算力,2连板
20260525,600302.SH,ST标准,14:03:32,ST板块,5天3板
20260525,600310.SH,广西能源,10:18:32,电力,首板
20260525,600370.SH,*ST三房,14:07:07,ST板块,首板
20260525,600376.SH,首开股份,09:51:43,机器人概念,首板
20260525,600381.SH,*ST春天,09:37:15,ST板块,首板
20260525,600395.SH,盘江股份,09:38:27,煤炭,首板
20260525,600396.SH,华电辽能,14:46:22,电力,首板
20260525,600503.SH,华丽家族,09:30:50,机器人概念,2连板
20260525,600520.SH,三佳科技,10:21:07,芯片,首板
20260525,600539.SH,狮头股份,09:25:46,机器视觉,2连板
20260525,600578.SH,京能电力,09:37:23,电力,3天2板
20260525,600584.SH,长电科技,14:40:39,芯片,首板
20260525,600592.SH,龙溪股份,09:47:35,机器人概念,首板
20260525,600603.SH,广汇物流,09:39:04,煤炭,首板
20260525,600637.SH,东方明珠,09:31:39,算力,首板
20260525,600726.SH,华电能源,09:53:33,电力,首板
20260525,600730.SH,*ST高科,09:32:11,ST板块,首板
20260525,600735.SH,ST新华锦,09:30:20,ST板块,首板
20260525,600745.SH,*ST闻泰,09:32:51,ST板块,3天2板
20260525,600831.SH,广电网络,09:37:06,算力,首板
20260525,600851.SH,海欣股份,10:46:51,医药,首板
20260525,600863.SH,华能蒙电,13:28:22,电力,首板
20260525,600889.SH,*ST京化,09:47:01,ST板块,首板
20260525,600969.SH,郴电国际,14:23:08,电力,首板
20260525,600996.SH,贵广网络,09:48:38,算力,首板
20260525,601608.SH,中信重工,09:31:04,智慧矿山,首板
20260525,601666.SH,平煤股份,09:35:38,煤炭,首板
20260525,603001.SH,奥康国际,09:52:50,服装家纺,2连板
20260525,603005.SH,晶方科技,09:45:20,芯片,4天2板
20260525,603010.SH,万盛股份,10:55:07,化工,首板
20260525,603021.SH,*ST华鹏,14:40:05,ST板块,2连板
20260525,603083.SH,剑桥科技,13:35:33,通信,首板
20260525,603203.SH,快克智能,13:00:18,芯片,首板
20260525,603256.SH,宏和科技,13:07:27,通信,2连板
20260525,603272.SH,*ST联翔,09:25:30,ST板块,首板
20260525,603303.SH,得邦照明,13:14:07,LED,首板
20260525,603360.SH,百傲化学,11:22:06,芯片,首板
20260525,603378.SH,*ST亚士,14:21:50,ST板块,首板
20260525,603517.SH,ST绝味,11:29:40,ST板块,4天2板
20260525,603595.SH,ST东尼,09:32:21,ST板块,2连板
20260525,603661.SH,恒林股份,09:25:54,金刚石概念,3连板
20260525,603663.SH,三祥新材,13:37:41,芯片,4天3板
20260525,603730.SH,岱美股份,10:32:00,机器人概念,首板
20260525,603823.SH,百合花,09:59:23,新材料概念,首板
20260525,603871.SH,嘉友国际,09:30:03,煤炭,首板
20260525,603919.SH,金徽酒,09:53:08,酿酒,4天2板
20260525,603936.SH,博敏电子,09:36:53,芯片,2连板
20260525,603956.SH,威派格,11:12:38,机器人概念,首板
20260525,603990.SH,麦迪科技,09:42:51,机器人概念,首板
20260525,605111.SH,新洁能,09:30:37,芯片,首板
20260525,605198.SH,安德利,09:38:39,食品饮料,首板
20260525,605566.SH,福莱蒽特,09:38:18,机器人概念,首板
20260525,605580.SH,恒盛能源,13:30:19,金刚石概念,2连板
20260525,605588.SH,冠石科技,10:02:26,芯片,首板
20260525,688001.SH,华兴源创,09:35:15,通信,首板
20260525,688110.SH,东芯股份,10:10:09,算力,首板
20260525,688347.SH,华虹公司,13:00:16,芯片,首板
20260525,688362.SH,甬矽电子,13:15:12,芯片,首板
20260522,000012.SZ,南玻Ａ,13:23:15,芯片,2连板
20260522,000026.SZ,飞亚达,10:00:39,并购重组,4天2板
20260522,000060.SZ,中金岭南,13:00:33,有色金属,首板
20260522,000417.SZ,合百集团,09:34:21,芯片,5天4板
20260522,000510.SZ,新金路,09:47:30,有色金属,首板
20260522,000518.SZ,四环生物,09:30:03,ST摘帽,5天4板
20260522,000532.SZ,华金资本,13:50:06,元器件,首板
20260522,000595.SZ,*ST宝实,14:16:33,ST板块,首板
20260522,000630.SZ,铜陵有色,13:35:27,通信,首板
20260522,000636.SZ,风华高科,09:31:00,元器件,4天2板
20260522,000657.SZ,中钨高新,11:27:45,通信,首板
20260522,000670.SZ,盈方微,13:49:06,芯片,首板
20260522,000711.SZ,ST京蓝,13:30:18,ST板块,首板
20260522,000725.SZ,京东方Ａ,13:49:18,芯片,2连板
20260522,000818.SZ,航锦科技,13:04:18,算力,首板
20260522,000826.SZ,*ST启环,14:40:39,ST板块,首板
20260522,000962.SZ,东方钽业,11:21:24,有色金属,首板
20260522,000997.SZ,新大陆,13:34:42,物理AI,首板
20260522,001225.SZ,和泰机电,09:33:06,新型工业化,2连板
20260522,001366.SZ,播恩集团,10:37:45,医药,首板
20260522,002036.SZ,联创电子,13:52:15,智能驾驶,2连板
20260522,002046.SZ,国机精工,13:00:03,金刚石概念,首板
20260522,002055.SZ,ST得润,09:25:00,ST板块,5天4板
20260522,002076.SZ,*ST星光,13:02:09,ST板块,首板
20260522,002080.SZ,中材科技,13:14:30,通信,首板
20260522,002121.SZ,科陆电子,10:45:03,智能电网,首板
20260522,002175.SZ,*ST东智,09:45:54,ST板块,首板
20260522,002193.SZ,ST如意,09:32:36,ST板块,首板
20260522,002199.SZ,*ST东晶,10:52:30,ST板块,首板
20260522,002245.SZ,蔚蓝锂芯,11:28:21,锂电池,首板
20260522,002253.SZ,*ST智胜,14:10:33,ST板块,首板
20260522,002272.SZ,川润股份,13:12:09,算力,5天4板
20260522,002273.SZ,水晶光电,13:09:39,通信,首板
20260522,002421.SZ,达实智能,10:51:06,物理AI,6天5板
20260522,002431.SZ,ST棕榈,09:45:21,ST板块,首板
20260522,002432.SZ,九安医疗,10:58:24,创投,首板
20260522,002442.SZ,龙星科技,09:44:45,化工,3连板
20260522,002453.SZ,华软科技,09:59:12,并购重组,首板
20260522,002463.SZ,沪电股份,10:04:36,通信,首板
20260522,002496.SZ,*ST辉丰,11:21:54,ST板块,首板
20260522,002501.SZ,*ST利源,09:38:54,ST板块,首板
20260522,002552.SZ,宝鼎科技,09:32:06,通信,首板
20260522,002585.SZ,双星新材,11:10:21,元器件,首板
20260522,002606.SZ,大连电瓷,10:14:15,智能电网,首板
20260522,002634.SZ,*ST棒杰,10:08:00,ST板块,首板
20260522,002667.SZ,*ST威领,10:05:00,ST板块,首板
20260522,002725.SZ,跃岭股份,10:04:06,芯片,首板
20260522,002733.SZ,雄韬股份,10:33:45,算力,首板
20260522,002741.SZ,光华科技,09:35:06,通信,首板
20260522,002762.SZ,*ST金比,13:34:42,ST板块,首板
20260522,002806.SZ,华锋股份,10:08:24,实控人变更,首板
20260522,002823.SZ,凯中精密,13:30:06,机器人概念,首板
20260522,002826.SZ,易明医药,13:58:21,医药,首板
20260522,002859.SZ,洁美科技,13:00:06,元器件,首板
20260522,002885.SZ,京泉华,09:34:54,智能电网,首板
20260522,002897.SZ,意华股份,14:44:03,通信,首板
20260522,002916.SZ,深南电路,13:01:24,通信,首板
20260522,002931.SZ,锋龙股份,10:03:51,机器人概念,2连板
20260522,002938.SZ,鹏鼎控股,09:30:00,通信,首板
20260522,002975.SZ,博杰股份,09:48:00,芯片,首板
20260522,002980.SZ,华盛昌,10:02:21,通信,首板
20260522,002993.SZ,奥海科技,13:08:33,机器人概念,首板
20260522,300069.SZ,金利华电,09:25:00,并购重组,3连板
20260522,300174.SZ,元力股份,13:00:57,元器件,首板
20260522,300179.SZ,四方达,09:46:15,金刚石概念,首板
20260522,300243.SZ,瑞丰高材,13:14:27,通信,首板
20260522,300907.SZ,康平科技,10:54:54,机器人概念,首板
20260522,301013.SZ,利和兴,13:14:06,芯片,3天2板
20260522,301312.SZ,智立方,13:00:27,通信,首板
20260522,301362.SZ,民爆光电,13:04:27,通信,首板
20260522,301377.SZ,鼎泰高科,13:00:45,通信,首板
20260522,301588.SZ,美新科技,10:00:03,地产链,首板
20260522,301628.SZ,强达电路,10:03:36,通信,首板
20260522,600160.SH,巨化股份,13:07:54,化工,首板
20260522,600172.SH,黄河旋风,09:30:28,金刚石概念,首板
20260522,600183.SH,生益科技,13:03:22,通信,首板
20260522,600186.SH,莲花控股,09:35:54,通信,首板
20260522,600191.SH,华资实业,13:17:32,医药,首板
20260522,600234.SH,科新发展,10:04:41,算力,首板
20260522,600303.SH,曙光股份,09:30:33,汽车零部件,2连板
20260522,600416.SH,湘电股份,13:05:27,商业航天,首板
20260522,600497.SH,驰宏锌锗,13:34:20,有色金属,首板
20260522,600503.SH,华丽家族,09:50:30,机器人概念,首板
20260522,600530.SH,交大昂立,09:34:11,保健品,3天2板
20260522,600539.SH,狮头股份,09:43:03,物理AI,首板
20260522,600545.SH,卓郎智能,09:45:36,通信,首板
20260522,600563.SH,法拉电子,13:37:01,元器件,4天3板
20260522,600596.SH,新安股份,10:34:11,机器人概念,首板
20260522,600601.SH,方正科技,13:18:11,通信,首板
20260522,600611.SH,大众交通,09:25:58,芯片,3连板
20260522,600683.SH,京投发展,09:54:10,并购重组,首板
20260522,600714.SH,金瑞矿业,10:10:23,芯片,首板
20260522,600719.SH,大连热电,11:05:44,电力,首板
20260522,600888.SH,新疆众和,11:15:23,元器件,首板
20260522,600892.SH,*ST大晟,14:00:33,ST板块,首板
20260522,601208.SH,东材科技,13:02:57,通信,首板
20260522,601992.SH,金隅集团,09:33:44,商业航天,首板
20260522,603001.SH,奥康国际,10:02:13,服装家纺,首板
20260522,603021.SH,*ST华鹏,13:04:16,ST板块,首板
20260522,603115.SH,海星股份,09:54:03,元器件,5天3板
20260522,603186.SH,华正新材,10:03:38,通信,3天2板
20260522,603223.SH,恒通股份,13:06:49,天然气,首板
20260522,603228.SH,景旺电子,09:38:24,通信,首板
20260522,603232.SH,格尔软件,09:30:00,数字经济,首板
20260522,603256.SH,宏和科技,09:42:07,通信,首板
20260522,603261.SH,*ST立航,14:49:31,ST板块,首板
20260522,603267.SH,鸿远电子,13:02:33,元器件,首板
20260522,603269.SH,海鸥股份,10:35:58,算力,首板
20260522,603379.SH,三美股份,10:18:57,化工,首板
20260522,603439.SH,三力制药,11:18:07,医药,首板
20260522,603459.SH,红板科技,14:47:42,通信,首板
20260522,603595.SH,ST东尼,09:37:28,ST板块,首板
20260522,603661.SH,恒林股份,09:25:39,金刚石概念,2连板
20260522,603663.SH,三祥新材,14:24:33,芯片,3天2板
20260522,603678.SH,火炬电子,10:00:05,元器件,首板
20260522,603721.SH,*ST天择,10:04:17,ST板块,首板
20260522,603800.SH,洪田股份,13:05:13,芯片,首板
20260522,603806.SH,福斯特,13:59:58,通信,首板
20260522,603867.SH,新化股份,11:13:17,锂电池,首板
20260522,603890.SH,春秋电子,09:47:55,算力,首板
20260522,603922.SH,ST金鸿顺,09:47:48,ST板块,首板
20260522,603931.SH,格林达,09:49:16,芯片,首板
20260522,603936.SH,博敏电子,10:03:39,通信,首板
20260522,603960.SH,克来机电,11:16:15,物理AI,首板
20260522,603976.SH,正川股份,11:10:13,医疗器械,首板
20260522,603989.SH,艾华集团,09:37:16,元器件,5天3板
20260522,605006.SH,山东玻纤,09:44:29,化工,首板
20260522,605180.SH,华生科技,11:19:51,元器件,首板
20260522,605366.SH,宏柏新材,13:01:22,化工,首板
20260522,605376.SH,博迁新材,09:31:46,元器件,4天2板
20260522,605500.SH,森林包装,13:47:11,包装印刷,首板
20260522,605580.SH,恒盛能源,09:46:44,金刚石概念,首板
20260522,688020.SH,方邦股份,10:03:04,通信,首板
20260522,688260.SH,昀冢科技,09:39:10,元器件,4天2板
20260522,688512.SH,慧智微,14:06:37,芯片,首板
20260522,688603.SH,天承科技,09:34:18,芯片,首板
20260521,000012.SZ,南玻Ａ,09:54:15,芯片,首板
20260521,000403.SZ,派林生物,13:31:54,实控人变更,首板
20260521,000518.SZ,四环生物,09:32:57,ST摘帽,4天3板
20260521,000536.SZ,华映科技,09:30:00,面板,首板
20260521,000725.SZ,京东方Ａ,09:25:00,芯片,首板
20260521,001225.SZ,和泰机电,09:52:39,新型工业化,首板
20260521,001896.SZ,豫能控股,10:04:12,电力,3天2板
20260521,002036.SZ,联创电子,09:41:12,无人驾驶,首板
20260521,002442.SZ,龙星科技,09:38:54,化工,2连板
20260521,002703.SZ,浙江世宝,09:35:03,无人驾驶,首板
20260521,002766.SZ,索菱股份,09:41:42,无人驾驶,首板
20260521,002888.SZ,惠威科技,13:06:51,端侧AI,4天2板
20260521,002920.SZ,德赛西威,09:55:15,无人驾驶,首板
20260521,002931.SZ,锋龙股份,10:59:18,机器人概念,首板
20260521,002940.SZ,昂利康,09:43:24,医药,首板
20260521,002952.SZ,亚世光电,09:30:33,面板,首板
20260521,003007.SZ,直真科技,10:00:12,算力,首板
20260521,300069.SZ,金利华电,09:25:00,并购重组,2连板
20260521,600156.SH,华升股份,09:54:44,算力,首板
20260521,600303.SH,曙光股份,09:37:05,汽车零部件,首板
20260521,600360.SH,华微电子,09:41:09,ST摘帽,首板
20260521,600382.SH,广东明珠,09:47:51,钢铁,首板
20260521,600578.SH,京能电力,13:05:29,电力,首板
20260521,600611.SH,大众交通,09:38:42,芯片,2连板
20260521,600745.SH,*ST闻泰,14:41:48,ST板块,首板
20260521,600936.SH,北投科技,09:46:01,机器人概念,3天2板
20260521,603127.SH,昭衍新药,10:04:24,医药,首板
20260521,603316.SH,诚邦股份,11:06:08,芯片,4连板
20260521,603373.SH,安邦护卫,14:28:43,机器人概念,首板
20260521,603590.SH,康辰药业,13:07:08,医药,首板
20260521,603661.SH,恒林股份,14:33:20,芯片,首板
20260521,603767.SH,中马传动,10:40:19,减速器,首板
20260521,603779.SH,威龙股份,09:25:32,实控人变更,10天8板
20260521,605199.SH,ST葫芦娃,09:35:07,ST板块,4天2板
20260521,688055.SH,龙腾光电,09:35:05,面板,首板
20260520,000417.SZ,合百集团,09:31:18,芯片,3连板
20260520,000518.SZ,四环生物,09:36:12,ST摘帽,3天2板
20260520,000695.SZ,滨海能源,11:14:57,锂电池,首板
20260520,000716.SZ,黑芝麻,09:39:03,食品饮料,首板
20260520,000809.SZ,和展能源,09:25:00,实控人变更,首板
20260520,000859.SZ,国风新材,10:26:33,芯片,首板
20260520,000880.SZ,潍柴重机,09:30:03,发电机,首板
20260520,000890.SZ,法尔胜,11:15:09,股权转让,首板
20260520,000926.SZ,福星股份,09:30:39,地产链,首板
20260520,001259.SZ,利仁科技,14:44:36,股权转让,8连板
20260520,001266.SZ,宏英智能,14:08:57,算力,首板
20260520,001269.SZ,欧晶科技,09:33:36,芯片,首板
20260520,001313.SZ,粤海饲料,13:27:33,农业,首板
20260520,002055.SZ,ST得润,09:25:00,ST板块,3连板
20260520,002072.SZ,凯瑞德,11:00:54,股权转让,首板
20260520,002126.SZ,银轮股份,13:09:03,机器人概念,首板
20260520,002158.SZ,汉钟精机,09:32:39,芯片,首板
20260520,002169.SZ,智光电气,13:07:36,芯片,首板
20260520,002272.SZ,川润股份,09:25:00,算力,3连板
20260520,002407.SZ,多氟多,13:04:09,化工,4天2板
20260520,002421.SZ,达实智能,09:25:00,芯片,4连板
20260520,002442.SZ,龙星科技,09:32:42,化工,首板
20260520,002514.SZ,*ST宝馨,09:25:00,ST板块,8连板
20260520,002645.SZ,华宏科技,14:04:09,稀土永磁,首板
20260520,002654.SZ,万润科技,11:27:33,芯片,6天3板
20260520,002782.SZ,可立克,09:37:09,智能电网,6天4板
20260520,002787.SZ,华源控股,10:58:00,芯片,首板
20260520,002796.SZ,世嘉科技,09:30:30,通信,首板
20260520,003004.SZ,声迅股份,10:24:30,ST摘帽,2连板
20260520,003036.SZ,泰坦股份,14:29:09,机器人概念,首板
20260520,300069.SZ,金利华电,09:25:00,并购重组,首板
20260520,301013.SZ,利和兴,09:47:42,芯片,首板
20260520,301020.SZ,密封科技,10:36:00,股权转让,首板
20260520,301092.SZ,争光股份,13:50:30,锂电池,首板
20260520,301139.SZ,*ST元道,09:39:42,ST板块,首板
20260520,301322.SZ,绿通科技,09:25:00,并购重组,首板
20260520,600238.SH,*ST椰岛,14:39:26,ST板块,首板
20260520,600302.SH,ST标准,09:32:17,ST板块,2连板
20260520,600530.SH,交大昂立,10:36:06,保健品,首板
20260520,600563.SH,法拉电子,09:33:44,元器件,2连板
20260520,600604.SH,市北高新,09:25:37,芯片,首板
20260520,600611.SH,大众交通,09:38:55,芯片,首板
20260520,600615.SH,鑫源智造,13:13:19,机器人概念,首板
20260520,600678.SH,ST金顶,10:07:09,ST板块,首板
20260520,600895.SH,张江高科,10:23:28,芯片,首板
20260520,600962.SH,国投中鲁,13:01:15,芯片,首板
20260520,601133.SH,柏诚股份,13:52:14,芯片,4天3板
20260520,603005.SH,晶方科技,09:43:44,芯片,首板
20260520,603008.SH,ST喜临门,09:25:41,ST板块,4连板
20260520,603061.SH,金海通,13:16:00,芯片,首板
20260520,603090.SH,宏盛股份,10:48:31,算力,首板
20260520,603186.SH,华正新材,13:10:19,通信,首板
20260520,603316.SH,诚邦股份,09:31:18,芯片,3连板
20260520,603324.SH,盛剑科技,13:05:37,芯片,首板
20260520,603353.SH,和顺石油,10:13:54,芯片,首板
20260520,603375.SH,盛景微,14:40:14,芯片,首板
20260520,603517.SH,ST绝味,09:58:43,ST板块,首板
20260520,603618.SH,杭电股份,09:45:07,通信,首板
20260520,603663.SH,三祥新材,14:54:32,芯片,首板
20260520,603687.SH,大胜达,09:55:14,芯片,首板
20260520,603779.SH,威龙股份,09:25:52,实控人变更,9天7板
20260520,603790.SH,雅运股份,10:15:27,机器人概念,首板
20260520,603919.SH,金徽酒,10:34:17,酿酒,首板
20260520,603938.SH,三孚股份,09:31:08,芯片,3连板
20260520,603986.SH,兆易创新,14:37:52,芯片,首板
20260520,605288.SH,凯迪股份,14:23:37,机器人概念,2连板
20260520,688323.SH,瑞华泰,14:35:31,商业航天,首板
20260520,688449.SH,联芸科技,14:22:11,芯片,首板
20260520,688584.SH,上海合晶,10:13:33,芯片,首板
20260519,000016.SZ,*ST康佳A,13:14:33,ST板块,首板
20260519,000026.SZ,飞亚达,13:07:21,并购重组,首板
20260519,000417.SZ,合百集团,09:25:00,芯片,2连板
20260519,000586.SZ,汇源通信,09:32:03,通信,首板
20260519,000600.SZ,建投能源,11:19:51,电力,首板
20260519,000609.SZ,*ST中迪,10:37:18,ST板块,首板
20260519,000636.SZ,风华高科,09:40:15,元器件,首板
20260519,000639.SZ,ST西王,09:41:42,ST板块,首板
20260519,000669.SZ,ST金鸿,09:25:00,ST板块,4连板
20260519,000811.SZ,冰轮环境,14:46:24,算力,首板
20260519,000821.SZ,ST京机,10:34:00,ST板块,首板
20260519,000899.SZ,赣能股份,13:14:51,电力,首板
20260519,000903.SZ,ST云动,09:45:33,ST板块,首板
20260519,000909.SZ,*ST数源,09:31:09,ST板块,2连板
20260519,000910.SZ,大亚圣象,09:50:06,地产链,首板
20260519,001259.SZ,利仁科技,09:30:36,股权转让,7连板
20260519,001326.SZ,联域股份,13:43:51,机器人概念,首板
20260519,001896.SZ,豫能控股,13:09:45,电力,首板
20260519,002055.SZ,ST得润,09:32:06,ST板块,2连板
20260519,002067.SZ,景兴纸业,09:25:00,机器人概念,首板
20260519,002123.SZ,梦网科技,11:29:36,算力,首板
20260519,002135.SZ,东南网架,09:48:06,电力,首板
20260519,002150.SZ,正泰电源,09:35:39,储能,首板
20260519,002173.SZ,创新医疗,09:32:03,脑机接口,首板
20260519,002178.SZ,延华智能,09:32:03,AI应用,首板
20260519,002207.SZ,*ST准油,09:30:12,ST板块,11天10板
20260519,002208.SZ,合肥城建,09:36:30,芯片,6天5板
20260519,002226.SZ,江南化工,13:44:33,基础建设,首板
20260519,002246.SZ,北化股份,13:03:15,军工,首板
20260519,002272.SZ,川润股份,09:36:12,算力,2连板
20260519,002281.SZ,光迅科技,14:44:09,通信,首板
20260519,002323.SZ,*ST雅博,14:32:27,ST板块,首板
20260519,002375.SZ,亚厦股份,09:37:36,地产链,首板
20260519,002421.SZ,达实智能,09:25:00,AI应用,3连板
20260519,002484.SZ,江海股份,13:28:42,元器件,首板
20260519,002512.SZ,ST达华,13:34:09,ST板块,首板
20260519,002514.SZ,*ST宝馨,09:25:00,ST板块,7连板
20260519,002552.SZ,宝鼎科技,09:35:39,通信,2连板
20260519,002592.SZ,ST八菱,09:41:57,ST板块,首板
20260519,002691.SZ,*ST冀凯,09:53:21,ST板块,首板
20260519,002713.SZ,*ST东易,14:49:12,ST板块,首板
20260519,002782.SZ,可立克,11:01:06,智能电网,5天3板
20260519,002831.SZ,裕同科技,14:31:06,机器人概念,首板
20260519,002845.SZ,同兴达,14:08:33,芯片,首板
20260519,002856.SZ,*ST美芝,13:09:06,ST板块,11天8板
20260519,002893.SZ,京能热力,11:05:42,热力,首板
20260519,002988.SZ,豪美新材,14:25:30,机器人概念,首板
20260519,300152.SZ,*ST动力,13:56:00,ST板块,首板
20260519,300608.SZ,思特奇,09:52:36,算力,首板
20260519,300616.SZ,尚品宅配,13:15:27,AI应用,首板
20260519,300632.SZ,光莆股份,13:57:18,通信,首板
20260519,300634.SZ,彩讯股份,14:34:51,AI应用,首板
20260519,300657.SZ,弘信电子,09:37:45,算力,2连板
20260519,301120.SZ,新特电气,13:59:03,智能电网,首板
20260519,301176.SZ,逸豪新材,10:51:27,通信,首板
20260519,301379.SZ,天山电子,13:27:33,芯片,首板
20260519,600021.SH,上海电力,10:04:37,电力,首板
20260519,600053.SH,*ST九鼎,13:00:06,ST板块,首板
20260519,600165.SH,ST宁科,09:56:00,ST板块,首板
20260519,600186.SH,莲花控股,10:37:10,算力,首板
20260519,600239.SH,ST云城,10:30:49,ST板块,首板
20260519,600246.SH,万通发展,13:49:56,芯片,首板
20260519,600302.SH,ST标准,13:00:40,ST板块,首板
20260519,600310.SH,广西能源,10:23:23,电力,首板
20260519,600340.SH,*ST华幸,09:30:26,ST板块,首板
20260519,600353.SH,旭光电子,13:01:16,机器人概念,首板
20260519,600452.SH,涪陵电力,10:04:41,电力,首板
20260519,600481.SH,双良节能,09:45:19,光伏,4天2板
20260519,600491.SH,ST龙元,09:44:38,ST板块,首板
20260519,600506.SH,统一股份,09:25:51,实控人变更,首板
20260519,600537.SH,*ST亿晶,13:39:57,ST板块,首板
20260519,600563.SH,法拉电子,13:12:03,元器件,首板
20260519,600626.SH,申达股份,09:34:33,汽车零部件,首板
20260519,600734.SH,*ST实达,09:36:35,ST板块,首板
20260519,600758.SH,辽宁能源,10:05:04,电力,2连板
20260519,600831.SH,广电网络,09:58:41,算力,首板
20260519,600835.SH,上海机电,14:23:36,机器人概念,首板
20260519,600850.SH,电科数字,09:52:58,算力,2连板
20260519,600863.SH,华能蒙电,09:35:56,电力,首板
20260519,600903.SH,贵州燃气,09:31:05,天然气,5天4板
20260519,600936.SH,北投科技,09:35:33,机器人概念,首板
20260519,600965.SH,*ST福成,09:30:00,ST板块,2连板
20260519,601222.SH,林洋能源,11:25:15,储能,首板
20260519,601718.SH,ST际华,10:26:44,ST板块,首板
20260519,601929.SH,吉视传媒,09:53:08,AI应用,首板
20260519,603008.SH,ST喜临门,09:25:59,ST板块,3连板
20260519,603067.SH,振华股份,11:12:32,化工,首板
20260519,603082.SH,北自科技,09:30:01,机器人概念,4连板
20260519,603083.SH,XD剑桥科,14:48:38,通信,首板
20260519,603108.SH,润达医疗,14:38:33,AI应用,首板
20260519,603115.SH,海星股份,10:31:23,元器件,2连板
20260519,603163.SH,圣晖集成,11:23:34,芯片,首板
20260519,603178.SH,圣龙股份,10:03:58,机器人概念,首板
20260519,603206.SH,嘉环科技,09:37:00,算力,2连板
20260519,603272.SH,*ST联翔,11:29:24,ST板块,首板
20260519,603311.SH,金海高科,09:47:26,实控人变更,3连板
20260519,603316.SH,诚邦股份,09:49:11,芯片,2连板
20260519,603333.SH,尚纬股份,09:35:23,化工,3天2板
20260519,603359.SH,*ST东珠,09:30:43,ST板块,首板
20260519,603380.SH,易德龙,11:13:49,机器人概念,首板
20260519,603466.SH,风语筑,09:40:10,AI应用,首板
20260519,603608.SH,天创时尚,09:37:52,机器人概念,首板
20260519,603636.SH,南威软件,09:39:33,算力,首板
20260519,603727.SH,博迈科,09:45:37,石油石化,首板
20260519,603779.SH,威龙股份,09:25:39,实控人变更,8天6板
20260519,603822.SH,ST嘉澳,13:24:15,ST板块,首板
20260519,603823.SH,百合花,10:45:10,新材料概念,首板
20260519,603938.SH,三孚股份,09:39:22,芯片,2连板
20260519,603959.SH,ST百利,11:02:49,ST板块,首板
20260519,603989.SH,艾华集团,10:38:32,元器件,2连板
20260519,603999.SH,读者传媒,10:48:30,AI应用,首板
20260519,605218.SH,伟时电子,09:42:06,VR/AR/MR,2连板
20260519,605288.SH,凯迪股份,13:00:31,机器人概念,首板
20260519,605358.SH,立昂微,14:22:19,芯片,首板
20260519,605376.SH,博迁新材,11:23:56,元器件,首板
20260519,605488.SH,福莱新材,09:31:03,机器人概念,首板
20260519,688126.SH,沪硅产业,14:28:48,芯片,首板
20260519,688182.SH,灿勤科技,09:33:27,元器件,首板
20260519,688260.SH,昀冢科技,11:13:47,元器件,首板
20260519,688360.SH,德马科技,14:17:00,机器人概念,首板
20260519,688419.SH,耐科装备,14:03:06,芯片,首板
20260519,688610.SH,埃科光电,11:28:15,物理AI,首板
20260518,000006.SZ,深振业Ａ,09:44:06,地产链,首板
20260518,000021.SZ,深科技,09:37:54,芯片,首板
20260518,000417.SZ,合百集团,09:25:00,芯片,首板
20260518,000571.SZ,新大洲A,10:03:27,煤炭,首板
20260518,000669.SZ,ST金鸿,09:25:00,ST板块,3连板
20260518,000672.SZ,上峰水泥,09:25:00,芯片,首板
20260518,000685.SZ,中山公用,09:31:39,芯片,首板
20260518,000711.SZ,ST京蓝,09:39:12,ST板块,首板
20260518,000909.SZ,*ST数源,09:48:12,ST板块,首板
20260518,000911.SZ,*ST广糖,13:39:39,ST板块,首板
20260518,000962.SZ,东方钽业,09:53:45,有色金属,首板
20260518,000988.SZ,华工科技,09:48:15,通信,首板
20260518,001258.SZ,立新能源,09:32:27,电力,首板
20260518,001259.SZ,利仁科技,09:25:00,股权转让,6连板
20260518,002030.SZ,达安基因,09:30:12,股权转让,首板
20260518,002055.SZ,ST得润,10:19:24,ST板块,首板
20260518,002121.SZ,科陆电子,10:14:51,智能电网,首板
20260518,002208.SZ,合肥城建,09:25:00,芯片,5天4板
20260518,002272.SZ,川润股份,09:35:48,算力,首板
20260518,002354.SZ,天娱数科,13:04:21,物理AI,首板
20260518,002360.SZ,ST同德,09:40:42,ST板块,首板
20260518,002374.SZ,中锐股份,09:30:03,酿酒,2连板
20260518,002421.SZ,达实智能,10:21:42,机器人概念,2连板
20260518,002431.SZ,ST棕榈,13:52:27,ST板块,首板
20260518,002514.SZ,*ST宝馨,09:25:00,ST板块,6连板
20260518,002515.SZ,金字火腿,10:11:36,通信,首板
20260518,002552.SZ,宝鼎科技,09:38:00,通信,首板
20260518,002635.SZ,安洁科技,13:36:18,机器人概念,首板
20260518,002654.SZ,万润科技,10:44:30,芯片,4天2板
20260518,002822.SZ,ST中装,14:35:42,ST板块,首板
20260518,002853.SZ,皮阿诺,10:13:54,芯片,首板
20260518,002881.SZ,美格智能,13:11:24,物理AI,首板
20260518,002888.SZ,惠威科技,10:19:09,端侧AI,首板
20260518,002927.SZ,泰永长征,14:20:06,智能电网,首板
20260518,002980.SZ,华盛昌,09:51:51,通信,3天2板
20260518,003004.SZ,*ST声迅,10:15:18,ST板块,首板
20260518,003018.SZ,金富科技,09:55:21,算力,3天2板
20260518,300212.SZ,*ST易录,09:25:00,ST板块,首板
20260518,300302.SZ,同有科技,09:49:54,芯片,首板
20260518,300657.SZ,弘信电子,09:25:00,算力,首板
20260518,301313.SZ,凡拓数创,10:25:03,物理AI,首板
20260518,301531.SZ,春光集团,13:49:48,机器人概念,首板
20260518,301599.SZ,理奇智能,10:41:54,次新股,首板
20260518,301666.SZ,大普微,14:48:51,芯片,首板
20260518,600032.SH,浙江新能,13:03:16,电力,首板
20260518,600183.SH,生益科技,13:12:42,通信,首板
20260518,600339.SH,中油工程,11:25:58,石油石化,首板
20260518,600446.SH,金证股份,10:48:25,金融概念,首板
20260518,600500.SH,中化国际,14:06:20,化工,4天2板
20260518,600568.SH,ST中珠,09:32:08,ST板块,2连板
20260518,600578.SH,京能电力,09:31:35,电力,4连板
20260518,600640.SH,国脉文化,10:43:16,通信,首板
20260518,600676.SH,交运股份,09:32:39,并购重组,首板
20260518,600714.SH,金瑞矿业,09:48:34,芯片,首板
20260518,600730.SH,*ST高科,09:43:40,ST板块,11天9板
20260518,600758.SH,辽宁能源,09:41:25,电力,首板
20260518,600769.SH,祥龙电业,09:43:16,水务,首板
20260518,600818.SH,ST中路,10:11:12,ST板块,3天2板
20260518,600847.SH,万里股份,14:44:04,储能,首板
20260518,600850.SH,电科数字,09:31:11,算力,首板
20260518,600903.SH,贵州燃气,09:55:24,天然气,4天3板
20260518,600909.SH,华安证券,09:33:04,芯片,首板
20260518,600965.SH,*ST福成,09:36:07,ST板块,首板
20260518,600992.SH,贵绳股份,09:57:30,商业航天,首板
20260518,600996.SH,贵广网络,09:38:27,算力,首板
20260518,601126.SH,四方股份,14:56:27,智能电网,4天2板
20260518,601133.SH,柏诚股份,09:30:31,芯片,2连板
20260518,601678.SH,滨化股份,09:42:09,化工,2连板
20260518,603008.SH,ST喜临门,09:34:06,ST板块,2连板
20260518,603031.SH,安孚科技,10:10:49,通信,首板
20260518,603060.SH,国检集团,09:34:26,地产链,首板
20260518,603082.SH,北自科技,09:32:19,机器人概念,3连板
20260518,603115.SH,海星股份,09:46:10,元器件,首板
20260518,603121.SH,华培动力,13:15:39,机器人概念,首板
20260518,603156.SH,养元饮品,09:39:46,芯片,4天2板
20260518,603191.SH,望变电气,09:45:09,智能电网,首板
20260518,603206.SH,嘉环科技,09:56:22,算力,首板
20260518,603303.SH,得邦照明,10:34:32,LED,首板
20260518,603311.SH,金海高科,09:33:41,实控人变更,2连板
20260518,603316.SH,诚邦股份,09:58:09,芯片,首板
20260518,603358.SH,华达科技,11:01:22,机器人概念,首板
20260518,603360.SH,百傲化学,09:31:07,芯片,首板
20260518,603378.SH,*ST亚士,10:58:06,ST板块,5连板
20260518,603398.SH,*ST沐邦,13:40:50,ST板块,首板
20260518,603580.SH,*ST艾艾,09:53:54,ST板块,首板
20260518,603601.SH,再升科技,09:57:11,商业航天,首板
20260518,603657.SH,春光科技,09:32:33,机器人概念,首板
20260518,603693.SH,江苏新能,13:00:35,电力,首板
20260518,603726.SH,朗迪集团,09:31:41,芯片,首板
20260518,603779.SH,威龙股份,09:25:55,实控人变更,7天5板
20260518,603859.SH,能科科技,10:49:46,物理AI,首板
20260518,603938.SH,三孚股份,09:32:04,芯片,首板
20260518,603989.SH,艾华集团,10:33:14,元器件,首板
20260518,605123.SH,派克新材,09:39:35,商业航天,首板
20260518,605199.SH,ST葫芦娃,11:12:10,ST板块,首板
20260518,605218.SH,伟时电子,09:33:24,面板,首板
20260518,605303.SH,园林股份,09:54:52,芯片,首板
20260518,605318.SH,法狮龙,10:07:44,算力,首板
20260518,688143.SH,长盈通,14:28:34,通信,首板
20260518,688507.SH,索辰科技,09:31:04,物理AI,首板
20260518,688811.SH,有研复材,14:10:08,次新股,首板
20260515,000518.SZ,*ST四环,13:45:09,ST板块,首板
20260515,000595.SZ,*ST宝实,14:51:09,ST板块,首板
20260515,000608.SZ,*ST阳光,13:19:15,ST板块,首板
20260515,000668.SZ,*ST荣控,11:10:33,ST板块,首板
20260515,000669.SZ,ST金鸿,09:35:39,ST板块,2连板
20260515,000826.SZ,*ST启环,09:48:06,ST板块,7天4板
20260515,001259.SZ,利仁科技,09:25:00,股权转让,5连板
20260515,001333.SZ,光华股份,10:42:27,化工,首板
20260515,002031.SZ,巨轮智能,10:34:36,机器人概念,首板
20260515,002066.SZ,瑞泰科技,09:40:57,非金属材料,首板
20260515,002175.SZ,*ST东智,09:33:15,ST板块,4天3板
20260515,002181.SZ,粤传媒,09:39:54,体育产业,首板
20260515,002196.SZ,方正电机,11:07:45,机器人概念,首板
20260515,002207.SZ,*ST准油,09:25:00,ST板块,9连板
20260515,002348.SZ,高乐股份,13:20:33,算力,首板
20260515,002374.SZ,中锐股份,09:35:33,酿酒,首板
20260515,002395.SZ,双象股份,10:25:09,体育产业,首板
20260515,002407.SZ,多氟多,09:30:36,化工,首板
20260515,002421.SZ,达实智能,13:13:30,机器人概念,首板
20260515,002514.SZ,*ST宝馨,09:25:00,ST板块,5连板
20260515,002581.SZ,*ST未名,09:30:57,ST板块,首板
20260515,002729.SZ,好利科技,10:33:00,算力,首板
20260515,002856.SZ,*ST美芝,10:48:39,ST板块,9天7板
20260515,002892.SZ,科力尔,10:20:30,机器人概念,首板
20260515,002915.SZ,中欣氟材,09:25:00,化工,首板
20260515,002918.SZ,蒙娜丽莎,09:30:00,芯片,6连板
20260515,002971.SZ,和远气体,14:44:03,芯片,5天3板
20260515,002979.SZ,雷赛智能,10:31:57,机器人概念,首板
20260515,300263.SZ,隆华科技,10:07:06,芯片,首板
20260515,300276.SZ,三丰智能,10:37:06,机器人概念,首板
20260515,300721.SZ,怡达股份,09:31:54,芯片,首板
20260515,300878.SZ,维康药业,14:08:06,医药,首板
20260515,301081.SZ,严牌股份,14:28:42,环保,首板
20260515,301696.SZ,三瑞智能,10:55:39,机器人概念,首板
20260515,600081.SH,东风科技,10:35:25,汽车零部件,首板
20260515,600088.SH,中视传媒,09:42:09,文化传媒,首板
20260515,600289.SH,ST信通,09:25:50,ST板块,2连板
20260515,600381.SH,*ST春天,09:25:52,ST板块,11连板
20260515,600386.SH,北巴传媒,10:08:24,文化传媒,首板
20260515,600510.SH,黑牡丹,09:45:37,地产链,首板
20260515,600568.SH,ST中珠,09:57:57,ST板块,首板
20260515,600578.SH,京能电力,11:27:39,电力,3连板
20260515,600784.SH,鲁银投资,09:54:21,化工,首板
20260515,601133.SH,柏诚股份,10:16:51,芯片,首板
20260515,601678.SH,滨化股份,09:25:39,化工,首板
20260515,601991.SH,大唐发电,11:11:56,电力,8天7板
20260515,601996.SH,丰林集团,13:14:06,地产链,首板
20260515,603008.SH,ST喜临门,10:55:35,ST板块,首板
20260515,603040.SH,新坐标,11:20:26,机器人概念,首板
20260515,603078.SH,江化微,09:36:43,化工,首板
20260515,603082.SH,北自科技,09:51:02,机器人概念,2连板
20260515,603248.SH,锡华科技,10:27:47,风电,首板
20260515,603278.SH,大业股份,09:58:59,机器人概念,首板
20260515,603310.SH,巍华新材,09:57:36,化工,首板
20260515,603333.SH,尚纬股份,13:15:09,化工,首板
20260515,603363.SH,傲农生物,13:06:22,农业,首板
20260515,603370.SH,华新精科,10:25:51,机器人概念,首板
20260515,603378.SH,*ST亚士,14:56:18,ST板块,4连板
20260515,603386.SH,骏亚科技,09:37:53,机器人概念,首板
20260515,603389.SH,*ST亚振,11:28:00,ST板块,首板
20260515,603390.SH,通达电气,09:57:21,汽车零部件,首板
20260515,603505.SH,金石资源,09:30:02,化工,首板
20260515,603520.SH,司太立,09:53:08,化工,首板
20260515,603559.SH,ST通脉,09:30:16,ST板块,9天6板
20260515,603598.SH,引力传媒,09:39:08,文化传媒,首板
20260515,603677.SH,奇精机械,10:50:53,机器人概念,首板
20260515,603697.SH,XD有友食,13:03:44,食品饮料,首板
20260515,603767.SH,中马传动,10:02:35,减速器,首板
20260515,603779.SH,威龙股份,09:25:37,实控人变更,6天4板
20260515,605099.SH,共创草坪,10:15:07,体育产业,首板
20260515,688549.SH,中巨芯,09:30:04,化工,首板
20260515,688697.SH,纽威数控,11:01:27,机器人概念,首板
20260514,000159.SZ,国际实业,13:19:12,光伏,首板
20260514,000609.SZ,*ST中迪,09:38:21,ST板块,首板
20260514,000632.SZ,ST三木,09:25:00,ST板块,4连板
20260514,000669.SZ,ST金鸿,09:37:15,ST板块,首板
20260514,001210.SZ,金房能源,09:38:30,算力,2连板
20260514,001223.SZ,欧克科技,13:13:15,锂电池,2连板
20260514,001259.SZ,利仁科技,09:25:00,股权转让,4连板
20260514,001267.SZ,汇绿生态,13:52:06,通信,首板
20260514,002124.SZ,天邦食品,10:13:15,猪肉,4天2板
20260514,002165.SZ,红宝丽,09:46:57,化工,首板
20260514,002199.SZ,*ST东晶,09:30:36,ST板块,9天7板
20260514,002207.SZ,*ST准油,09:25:00,ST板块,8连板
20260514,002208.SZ,合肥城建,09:44:21,芯片,3连板
20260514,002254.SZ,泰和新材,09:32:00,通信,3天2板
20260514,002277.SZ,友阿股份,13:22:39,芯片,首板
20260514,002289.SZ,*ST宇顺,09:44:18,ST板块,11天10板
20260514,002309.SZ,中利集团,09:25:00,光伏,首板
20260514,002501.SZ,*ST利源,09:34:33,ST板块,4连板
20260514,002506.SZ,协鑫集成,09:33:24,光伏,首板
20260514,002514.SZ,*ST宝馨,09:25:00,ST板块,4连板
20260514,002617.SZ,露笑科技,13:15:48,芯片,首板
20260514,002620.SZ,*ST瑞和,09:31:48,ST板块,2连板
20260514,002650.SZ,ST加加,13:01:12,ST板块,首板
20260514,002713.SZ,*ST东易,10:01:30,ST板块,2连板
20260514,002723.SZ,小崧股份,13:45:03,文化传媒,首板
20260514,002782.SZ,可立克,10:04:42,智能电网,2连板
20260514,002789.SZ,*ST建艺,09:46:27,ST板块,4天3板
20260514,002809.SZ,红墙股份,10:22:33,化工,首板
20260514,002840.SZ,华统股份,13:26:12,猪肉,首板
20260514,002856.SZ,*ST美芝,09:30:21,ST板块,8天6板
20260514,002918.SZ,蒙娜丽莎,09:30:39,芯片,5连板
20260514,002940.SZ,昂利康,09:30:21,医药,2连板
20260514,002971.SZ,和远气体,09:34:45,芯片,4天2板
20260514,002973.SZ,侨银股份,10:34:27,绿色电力,首板
20260514,002976.SZ,瑞玛精密,14:49:27,汽车零部件,首板
20260514,002980.SZ,华盛昌,14:08:12,通信,首板
20260514,002990.SZ,盛视科技,13:59:30,算力,首板
20260514,003018.SZ,金富科技,09:25:00,算力,首板
20260514,003022.SZ,联泓新科,13:46:03,芯片,首板
20260514,003031.SZ,中瓷电子,13:52:36,芯片,4天2板
20260514,300715.SZ,凯伦股份,13:10:42,芯片,首板
20260514,600156.SH,华升股份,09:25:37,算力,2连板
20260514,600238.SH,*ST椰岛,10:05:49,ST板块,首板
20260514,600289.SH,ST信通,09:35:34,ST板块,首板
20260514,600302.SH,ST标准,11:00:34,ST板块,3天2板
20260514,600381.SH,*ST春天,09:25:54,ST板块,10连板
20260514,600449.SH,宁夏建材,10:06:13,算力,首板
20260514,600481.SH,双良节能,09:42:06,光伏,首板
20260514,600509.SH,天富能源,09:40:17,芯片,首板
20260514,600578.SH,京能电力,09:25:47,绿色电力,2连板
20260514,600730.SH,*ST高科,09:31:22,ST板块,9天8板
20260514,600818.SH,ST中路,09:31:12,ST板块,首板
20260514,600819.SH,耀皮玻璃,09:43:47,光伏,首板
20260514,600857.SH,宁波中百,13:33:18,零售,2连板
20260514,600903.SH,贵州燃气,13:30:54,天然气,2连板
20260514,603007.SH,花王股份,09:25:52,通信,3连板
20260514,603016.SH,新宏泰,13:18:02,智能电网,首板
20260514,603052.SH,可川科技,09:25:52,举牌,3连板
20260514,603082.SH,北自科技,13:00:42,机器人概念,首板
20260514,603093.SH,南华期货,10:01:43,金融概念,2连板
20260514,603118.SH,共进股份,09:25:42,通信,首板
20260514,603272.SH,*ST联翔,09:25:49,ST板块,4连板
20260514,603344.SH,星德胜,14:03:16,机器人概念,首板
20260514,603377.SH,ST东时,13:40:54,ST板块,首板
20260514,603378.SH,*ST亚士,09:25:45,ST板块,3连板
20260514,603595.SH,ST东尼,09:32:17,ST板块,2连板
20260514,603610.SH,麒盛科技,13:13:50,智能家居,首板
20260514,603717.SH,天域生物,10:08:45,猪肉,首板
20260514,603779.SH,威龙股份,09:25:52,实控人变更,5天3板
20260514,603813.SH,*ST原尚,13:29:00,ST板块,首板
20260514,603828.SH,*ST利达,09:36:33,ST板块,首板
20260514,603903.SH,中持股份,13:19:09,芯片,首板
20260514,605086.SH,龙高股份,10:37:53,锂电池,首板
20260514,605296.SH,神农集团,13:18:21,猪肉,首板
20260514,605366.SH,宏柏新材,09:45:05,化工,首板
20260514,605399.SH,晨光新材,09:47:15,化工,首板
20260514,688146.SH,中船特气,09:33:49,芯片,4天3板
20260514,688281.SH,华秦科技,09:30:02,军工,首板
20260514,688478.SH,晶升股份,09:38:55,芯片,首板
20260513,000533.SZ,顺钠股份,09:56:48,智能电网,首板
20260513,000601.SZ,韶能股份,09:30:18,电力,2连板
20260513,000632.SZ,ST三木,09:32:06,ST板块,3连板
20260513,000639.SZ,ST西王,10:55:00,ST板块,首板
20260513,000691.SZ,*ST亚太,13:37:33,ST板块,首板
20260513,000711.SZ,ST京蓝,09:31:12,ST板块,9天6板
20260513,000720.SZ,新能泰山,09:35:06,智能电网,5天3板
20260513,000767.SZ,晋控电力,09:33:00,电力,2连板
20260513,000793.SZ,*ST华闻,09:25:00,ST板块,首板
20260513,000811.SZ,冰轮环境,14:30:51,并购重组,3天2板
20260513,000880.SZ,潍柴重机,09:52:51,发电机,首板
20260513,000889.SZ,中嘉博创,10:43:36,算力,首板
20260513,000925.SZ,众合科技,10:10:21,芯片,2连板
20260513,000929.SZ,*ST兰黄,11:22:03,ST板块,首板
20260513,000936.SZ,华西股份,09:31:06,芯片,首板
20260513,000993.SZ,闽东电力,09:52:06,电力,首板
20260513,001210.SZ,金房能源,09:30:03,算力,首板
20260513,001223.SZ,欧克科技,13:07:48,锂电池,首板
20260513,001259.SZ,利仁科技,09:25:00,股权转让,3连板
20260513,001309.SZ,德明利,13:26:33,芯片,首板
20260513,001313.SZ,粤海饲料,10:44:33,农业,首板
20260513,002008.SZ,大族激光,09:40:15,通信,5天3板
20260513,002015.SZ,协鑫能科,09:44:18,电力,首板
20260513,002034.SZ,旺能环境,13:13:24,电力,首板
20260513,002114.SZ,罗平锌电,09:47:51,电力,首板
20260513,002175.SZ,*ST东智,09:25:00,ST板块,2连板
20260513,002183.SZ,怡亚通,14:26:21,芯片,首板
20260513,002193.SZ,ST如意,09:32:39,ST板块,首板
20260513,002199.SZ,*ST东晶,10:00:27,ST板块,8天6板
20260513,002207.SZ,*ST准油,09:25:00,ST板块,7连板
20260513,002208.SZ,合肥城建,11:19:21,芯片,2连板
20260513,002211.SZ,ST宏达,10:39:51,ST板块,4天2板
20260513,002283.SZ,天润工业,09:32:27,发电机,首板
20260513,002290.SZ,禾盛新材,13:00:00,芯片,首板
20260513,002310.SZ,东方新能,09:32:09,电力,首板
20260513,002323.SZ,*ST雅博,09:30:57,ST板块,首板
20260513,002364.SZ,中恒电气,10:13:51,电源,首板
20260513,002375.SZ,亚厦股份,10:06:30,地产链,首板
20260513,002409.SZ,雅克科技,13:02:00,芯片,首板
20260513,002454.SZ,松芝股份,10:26:39,储能,首板
20260513,002498.SZ,汉缆股份,09:34:42,智能电网,2连板
20260513,002501.SZ,*ST利源,09:25:00,ST板块,3连板
20260513,002512.SZ,ST达华,13:15:30,ST板块,3天2板
20260513,002514.SZ,*ST宝馨,09:25:00,ST板块,3连板
20260513,002518.SZ,科士达,11:27:24,智能电网,首板
20260513,002528.SZ,*ST英飞,09:31:24,ST板块,2连板
20260513,002529.SZ,*ST海源,10:43:09,ST板块,3天2板
20260513,002547.SZ,*ST春兴,10:47:57,ST板块,3天2板
20260513,002560.SZ,通达股份,09:30:30,智能电网,2连板
20260513,002569.SZ,*ST步森,10:21:06,ST板块,4天3板
20260513,002620.SZ,*ST瑞和,13:04:06,ST板块,首板
20260513,002628.SZ,成都路桥,09:35:18,机器人概念,首板
20260513,002629.SZ,仁智股份,13:02:45,石油石化,4天2板
20260513,002654.SZ,万润科技,13:05:45,芯片,首板
20260513,002658.SZ,雪迪龙,09:47:57,商业航天,首板
20260513,002691.SZ,*ST冀凯,10:32:30,ST板块,4天3板
20260513,002703.SZ,浙江世宝,13:17:24,智能驾驶,首板
20260513,002713.SZ,*ST东易,10:44:36,ST板块,首板
20260513,002760.SZ,凤形股份,14:35:54,发电机,首板
20260513,002777.SZ,久远银海,09:25:00,实控人变更,首板
20260513,002782.SZ,可立克,09:39:51,智能电网,首板
20260513,002805.SZ,丰元股份,09:39:54,锂电池,首板
20260513,002825.SZ,纳尔股份,09:54:24,锂电池,首板
20260513,002842.SZ,翔鹭钨业,09:59:30,有色金属,首板
20260513,002843.SZ,泰嘉股份,10:34:12,电源,首板
20260513,002851.SZ,麦格米特,13:15:27,算力,首板
20260513,002856.SZ,*ST美芝,09:31:12,ST板块,7天5板
20260513,002868.SZ,绿康生化,09:30:30,ST摘帽,首板
20260513,002885.SZ,京泉华,09:54:03,智能电网,首板
20260513,002918.SZ,蒙娜丽莎,14:09:24,芯片,4连板
20260513,002922.SZ,伊戈尔,14:36:09,智能电网,首板
20260513,002929.SZ,润建股份,09:36:51,算力,7天4板
20260513,002938.SZ,鹏鼎控股,11:29:18,通信,首板
20260513,002940.SZ,昂利康,10:47:03,医药,首板
20260513,002993.SZ,奥海科技,13:00:00,电源,首板
20260513,003001.SZ,中岩大地,10:25:21,基础建设,首板
20260513,003007.SZ,直真科技,13:57:12,算力,首板
20260513,300210.SZ,森远股份,10:36:03,算力,首板
20260513,300959.SZ,线上线下,09:36:09,股权转让,2连板
20260513,300965.SZ,恒宇信通,09:25:00,并购重组,首板
20260513,600082.SH,ST海泰,09:34:59,ST板块,8天5板
20260513,600156.SH,华升股份,09:25:57,算力,首板
20260513,600172.SH,黄河旋风,11:06:09,金刚石概念,3连板
20260513,600183.SH,生益科技,10:40:57,通信,首板
20260513,600337.SH,ST美克,09:25:37,ST板块,4连板
20260513,600379.SH,宝光股份,09:41:28,芯片,3天2板
20260513,600381.SH,*ST春天,09:25:48,ST板块,9连板
20260513,600396.SH,华电辽能,09:42:46,电力,6天5板
20260513,600475.SH,华光环能,10:04:33,电力,首板
20260513,600482.SH,中国动力,10:37:24,发电机,首板
20260513,600500.SH,中化国际,13:28:42,化工,首板
20260513,600530.SH,交大昂立,09:30:14,保健品,4连板
20260513,600578.SH,京能电力,09:35:09,电力,首板
20260513,600666.SH,奥瑞德,10:31:41,算力,首板
20260513,600707.SH,彩虹股份,09:41:09,芯片,首板
20260513,600726.SH,华电能源,10:00:43,电力,首板
20260513,600737.SH,中粮糖业,13:38:07,食品饮料,首板
20260513,600758.SH,辽宁能源,09:40:47,电力,首板
20260513,600857.SH,宁波中百,14:48:19,零售,首板
20260513,600903.SH,贵州燃气,13:09:52,天然气,首板
20260513,600965.SH,*ST福成,10:15:53,ST板块,首板
20260513,600982.SH,宁波能源,09:38:48,电力,首板
20260513,601016.SH,节能风电,10:09:40,电力,首板
20260513,601126.SH,四方股份,14:51:45,智能电网,首板
20260513,601138.SH,工业富联,13:06:14,算力,首板
20260513,601991.SH,大唐发电,09:31:48,电力,6连板
20260513,603007.SH,花王股份,09:25:46,通信,2连板
20260513,603023.SH,威帝股份,10:34:35,并购重组,首板
20260513,603052.SH,可川科技,09:25:45,举牌,2连板
20260513,603063.SH,禾望电气,09:51:19,智能电网,首板
20260513,603069.SH,海汽集团,11:24:32,海南,首板
20260513,603070.SH,万控智造,09:25:41,智能电网,2连板
20260513,603093.SH,南华期货,13:54:06,期货概念,首板
20260513,603110.SH,东方材料,09:38:04,算力,首板
20260513,603120.SH,肯特催化,11:05:05,芯片,首板
20260513,603126.SH,中材节能,09:25:33,电力,首板
20260513,603156.SH,养元饮品,13:11:22,芯片,首板
20260513,603203.SH,快克智能,10:24:36,芯片,2连板
20260513,603216.SH,梦天家居,11:12:10,芯片,首板
20260513,603261.SH,*ST立航,13:36:53,ST板块,首板
20260513,603272.SH,*ST联翔,09:25:36,ST板块,3连板
20260513,603285.SH,键邦股份,14:18:09,化工,首板
20260513,603290.SH,斯达半导,13:07:38,芯片,首板
20260513,603378.SH,*ST亚士,09:25:35,ST板块,2连板
20260513,603535.SH,嘉诚国际,10:39:01,海南,首板
20260513,603559.SH,ST通脉,10:10:13,ST板块,7天5板
20260513,603595.SH,ST东尼,10:26:16,ST板块,首板
20260513,603629.SH,利通电子,09:48:56,算力,首板
20260513,603679.SH,华体科技,13:04:38,算力,首板
20260513,603779.SH,威龙股份,09:25:42,实控人变更,4天2板
20260513,603790.SH,雅运股份,13:24:08,新材料概念,首板
20260513,603838.SH,*ST四通,10:29:02,ST板块,首板
20260513,603887.SH,城地香江,10:15:59,算力,首板
20260513,603890.SH,春秋电子,13:06:15,算力,首板
20260513,603922.SH,ST金鸿顺,10:10:44,ST板块,首板
20260513,603936.SH,博敏电子,11:05:35,通信,6天3板
20260513,603938.SH,三孚股份,09:53:49,芯片,首板
20260513,605158.SH,华达新材,09:36:07,钢铁,首板
20260513,605168.SH,三人行,13:09:16,算力,首板
20260513,605286.SH,同力天启,09:48:53,电力,首板
20260513,605589.SH,圣泉集团,10:18:50,通信,首板
20260513,688003.SH,天准科技,13:41:48,机器人概念,首板
20260513,688146.SH,中船特气,14:03:57,芯片,3天2板
20260513,688187.SH,时代电气,11:29:52,芯片,首板
20260513,688323.SH,瑞华泰,14:12:39,商业航天,首板
20260513,688625.SH,呈和科技,13:10:25,通信,首板
20260512,000006.SZ,深振业Ａ,10:00:24,地产链,首板
20260512,000010.SZ,*ST美丽,14:00:06,ST板块,2连板
20260512,000029.SZ,深深房Ａ,10:10:54,地产链,2连板
20260512,000591.SZ,太阳能,09:50:15,算力,首板
20260512,000601.SZ,韶能股份,09:34:57,电力,首板
20260512,000632.SZ,ST三木,10:14:42,ST板块,2连板
20260512,000672.SZ,上峰水泥,10:59:30,芯片,2连板
20260512,000711.SZ,ST京蓝,09:35:33,ST板块,8天5板
20260512,000767.SZ,晋控电力,10:11:06,电力,首板
20260512,000826.SZ,*ST启环,13:42:18,ST板块,4天3板
20260512,000908.SZ,ST景峰,14:36:09,ST板块,首板
20260512,000909.SZ,*ST数源,09:46:21,ST板块,3天2板
20260512,000925.SZ,众合科技,09:31:54,芯片,首板
20260512,000950.SZ,重药控股,10:12:12,医药,首板
20260512,001211.SZ,双枪科技,09:33:09,零售,2连板
20260512,001259.SZ,利仁科技,09:25:00,股权转让,2连板
20260512,001359.SZ,平安电工,14:47:06,化工,首板
20260512,002081.SZ,金螳螂,14:08:39,芯片,8天6板
20260512,002102.SZ,ST能特,09:37:06,ST板块,2连板
20260512,002175.SZ,*ST东智,09:31:24,ST板块,首板
20260512,002190.SZ,成飞集成,13:50:12,军工,首板
20260512,002199.SZ,*ST东晶,09:30:33,ST板块,7天5板
20260512,002207.SZ,*ST准油,09:25:00,ST板块,6连板
20260512,002208.SZ,合肥城建,13:51:06,芯片,首板
20260512,002254.SZ,泰和新材,13:16:57,通信,首板
20260512,002289.SZ,*ST宇顺,09:30:03,ST板块,9连板
20260512,002300.SZ,太阳电缆,09:51:15,智能电网,首板
20260512,002346.SZ,柘中股份,09:48:30,智能电网,首板
20260512,002428.SZ,云南锗业,14:51:30,芯片,首板
20260512,002431.SZ,ST棕榈,09:32:57,ST板块,首板
20260512,002491.SZ,通鼎互联,09:39:54,通信,4连板
20260512,002498.SZ,汉缆股份,10:17:00,智能电网,首板
20260512,002501.SZ,*ST利源,09:25:00,ST板块,2连板
20260512,002514.SZ,*ST宝馨,09:25:00,ST板块,2连板
20260512,002522.SZ,浙江众成,09:43:21,化工,首板
20260512,002528.SZ,*ST英飞,10:48:51,ST板块,首板
20260512,002552.SZ,宝鼎科技,14:07:54,通信,4连板
20260512,002560.SZ,通达股份,10:00:09,智能电网,首板
20260512,002606.SZ,大连电瓷,10:17:06,智能电网,首板
20260512,002693.SZ,*ST双成,09:33:21,ST板块,3连板
20260512,002787.SZ,华源控股,09:38:27,芯片,首板
20260512,002789.SZ,*ST建艺,10:14:27,ST板块,2连板
20260512,002856.SZ,*ST美芝,09:32:30,ST板块,6天4板
20260512,002918.SZ,蒙娜丽莎,09:25:00,芯片,3连板
20260512,300004.SZ,南风股份,14:29:30,算力,首板
20260512,300265.SZ,通光线缆,09:53:33,智能电网,首板
20260512,300449.SZ,汉邦高科,09:25:00,算力,2连板
20260512,300959.SZ,线上线下,09:25:00,股权转让,首板
20260512,301196.SZ,唯科科技,10:09:00,通信,首板
20260512,301197.SZ,工大科雅,09:40:03,热力,首板
20260512,600076.SH,康欣新材,09:31:01,并购重组,3连板
20260512,600082.SH,ST海泰,09:44:57,ST板块,7天4板
20260512,600084.SH,*ST尼雅,09:50:58,ST板块,首板
20260512,600172.SH,黄河旋风,14:12:14,金刚石概念,2连板
20260512,600187.SH,*ST国中,10:30:14,ST板块,首板
20260512,600302.SH,ST标准,09:38:08,ST板块,首板
20260512,600337.SH,ST美克,09:25:55,ST板块,3连板
20260512,600381.SH,*ST春天,09:25:36,ST板块,8连板
20260512,600396.SH,华电辽能,14:42:35,电力,5天4板
20260512,600488.SH,津药药业,13:03:19,医药,2连板
20260512,600530.SH,交大昂立,09:25:53,保健品,3连板
20260512,600537.SH,*ST亿晶,09:57:53,ST板块,4天3板
20260512,600667.SH,太极实业,14:28:29,芯片,首板
20260512,600683.SH,京投发展,13:35:51,并购重组,3连板
20260512,600719.SH,大连热电,10:29:18,电力,5天3板
20260512,600730.SH,*ST高科,09:25:34,ST板块,7连板
20260512,600734.SH,*ST实达,09:25:56,ST板块,3连板
20260512,600735.SH,ST新华锦,09:50:00,ST板块,首板
20260512,600869.SH,远东股份,09:38:57,通信,2连板
20260512,601991.SH,大唐发电,09:34:02,电力,5连板
20260512,603007.SH,花王股份,09:25:34,芯片,首板
20260512,603021.SH,*ST华鹏,10:11:03,ST板块,首板
20260512,603037.SH,凯众股份,09:31:05,并购重组,首板
20260512,603052.SH,可川科技,09:25:34,举牌,首板
20260512,603061.SH,金海通,10:55:32,芯片,首板
20260512,603070.SH,万控智造,09:41:41,智能电网,首板
20260512,603186.SH,华正新材,10:52:12,通信,首板
20260512,603189.SH,*ST网达,09:31:25,ST板块,3连板
20260512,603203.SH,快克智能,14:29:10,芯片,首板
20260512,603211.SH,晋拓股份,09:46:58,机器人概念,首板
20260512,603269.SH,海鸥股份,09:31:44,算力,5天3板
20260512,603272.SH,*ST联翔,09:37:18,ST板块,2连板
20260512,603320.SH,迪贝电气,09:49:42,压缩机,首板
20260512,603331.SH,百达精工,09:39:10,机器人概念,首板
20260512,603378.SH,*ST亚士,09:31:58,ST板块,首板
20260512,603398.SH,*ST沐邦,10:13:45,ST板块,6天5板
20260512,603557.SH,*ST起步,09:40:10,ST板块,8天6板
20260512,603559.SH,ST通脉,09:34:50,ST板块,6天4板
20260512,603580.SH,*ST艾艾,09:25:55,ST板块,9天7板
20260512,603682.SH,锦和商管,09:31:11,地产链,首板
20260512,603688.SH,石英股份,13:21:13,通信,4天2板
20260512,603895.SH,天永智能,10:13:11,机器人概念,4天2板
20260512,603959.SH,ST百利,14:56:41,ST板块,3连板
20260512,605198.SH,安德利,13:24:03,食品饮料,首板
20260511,000010.SZ,*ST美丽,13:29:21,ST板块,首板
20260511,000029.SZ,深深房Ａ,13:34:06,地产链,首板
20260511,000062.SZ,深圳华强,10:16:48,芯片,首板
20260511,000425.SZ,徐工机械,09:43:57,基础建设,首板
20260511,000632.SZ,ST三木,09:36:15,ST板块,首板
20260511,000636.SZ,风华高科,09:38:12,元器件,首板
20260511,000668.SZ,*ST荣控,09:25:00,ST板块,4连板
20260511,000672.SZ,上峰水泥,10:48:42,芯片,首板
20260511,000711.SZ,ST京蓝,10:11:45,ST板块,7天4板
20260511,000712.SZ,锦龙股份,14:05:33,证券,首板
20260511,000739.SZ,普洛药业,14:04:39,病毒防治,首板
20260511,000791.SZ,甘肃能源,09:48:39,算力,首板
20260511,000811.SZ,冰轮环境,10:13:51,并购重组,首板
20260511,000838.SZ,*ST发展,09:57:54,ST板块,首板
20260511,000922.SZ,佳电股份,11:26:09,核电,首板
20260511,001207.SZ,联科科技,14:53:09,智能电网,首板
20260511,001211.SZ,双枪科技,11:22:15,零售,首板
20260511,001221.SZ,悍高集团,10:38:03,次新股,首板
20260511,001259.SZ,利仁科技,09:38:27,平台经济,首板
20260511,001331.SZ,胜通能源,09:34:24,机器人概念,首板
20260511,001389.SZ,广合科技,13:29:12,通信,4天2板
20260511,002008.SZ,大族激光,13:38:42,通信,3天2板
20260511,002030.SZ,达安基因,13:11:48,病毒防治,2连板
20260511,002066.SZ,瑞泰科技,10:00:33,非金属材料,首板
20260511,002102.SZ,ST能特,14:38:45,ST板块,首板
20260511,002108.SZ,沧州明珠,09:30:03,锂电池,首板
20260511,002124.SZ,天邦食品,09:47:12,农业,首板
20260511,002168.SZ,ST惠程,09:30:18,ST板块,首板
20260511,002179.SZ,中航光电,09:40:51,商业航天,首板
20260511,002199.SZ,*ST东晶,09:30:42,ST板块,6天4板
20260511,002207.SZ,*ST准油,09:25:00,ST板块,5连板
20260511,002281.SZ,光迅科技,14:54:18,通信,2连板
20260511,002289.SZ,*ST宇顺,09:32:27,ST板块,8连板
20260511,002334.SZ,英威腾,09:49:33,算力,首板
20260511,002396.SZ,星网锐捷,11:17:54,通信,首板
20260511,002491.SZ,通鼎互联,09:30:00,通信,3连板
20260511,002501.SZ,*ST利源,09:33:06,ST板块,首板
20260511,002512.SZ,ST达华,09:53:03,ST板块,首板
20260511,002514.SZ,*ST宝馨,09:30:15,ST板块,首板
20260511,002529.SZ,*ST海源,14:22:51,ST板块,首板
20260511,002547.SZ,*ST春兴,09:31:21,ST板块,首板
20260511,002552.SZ,宝鼎科技,11:03:06,通信,3连板
20260511,002569.SZ,*ST步森,10:20:54,ST板块,2连板
20260511,002585.SZ,双星新材,09:54:51,化工,首板
20260511,002623.SZ,亚玛顿,11:02:21,光伏,首板
20260511,002640.SZ,跨境通,14:39:24,外贸,5天3板
20260511,002650.SZ,ST加加,09:41:00,ST板块,首板
20260511,002691.SZ,*ST冀凯,09:32:24,ST板块,2连板
20260511,002693.SZ,*ST双成,14:46:39,ST板块,2连板
20260511,002718.SZ,友邦吊顶,13:17:36,实控人变更,首板
20260511,002789.SZ,*ST建艺,14:00:39,ST板块,首板
20260511,002848.SZ,*ST高斯,10:55:36,ST板块,首板
20260511,002856.SZ,*ST美芝,09:31:12,ST板块,5天3板
20260511,002865.SZ,钧达股份,09:33:33,光伏,2连板
20260511,002918.SZ,蒙娜丽莎,09:25:00,芯片,2连板
20260511,002943.SZ,宇晶股份,10:53:00,芯片,首板
20260511,002971.SZ,和远气体,13:31:00,芯片,首板
20260511,002975.SZ,博杰股份,09:35:57,算力,首板
20260511,002977.SZ,*ST天箭,09:33:09,ST板块,首板
20260511,003004.SZ,*ST声迅,09:25:00,ST板块,4连板
20260511,003031.SZ,中瓷电子,10:34:57,通信,首板
20260511,300302.SZ,同有科技,09:33:15,芯片,首板
20260511,300449.SZ,汉邦高科,09:25:00,算力,首板
20260511,300604.SZ,长川科技,11:14:39,芯片,首板
20260511,300616.SZ,尚品宅配,10:31:21,AI应用,首板
20260511,300736.SZ,百邦科技,09:38:15,实控人变更,首板
20260511,301188.SZ,力诺药包,13:02:54,医疗器械,首板
20260511,600053.SH,*ST九鼎,09:48:21,ST板块,首板
20260511,600076.SH,康欣新材,09:32:40,并购重组,2连板
20260511,600078.SH,澄星股份,09:42:52,化工,2连板
20260511,600172.SH,黄河旋风,09:25:34,金刚石概念,首板
20260511,600184.SH,光电股份,09:43:02,通信,首板
20260511,600198.SH,大唐电信,10:22:35,芯片,首板
20260511,600234.SH,科新发展,09:34:46,算力,2连板
20260511,600236.SH,桂冠电力,09:59:18,电力,首板
20260511,600259.SH,中稀有色,10:01:44,稀土永磁,首板
20260511,600330.SH,天通股份,10:15:03,通信,首板
20260511,600337.SH,ST美克,09:25:47,ST板块,2连板
20260511,600360.SH,*ST华微,11:08:09,ST板块,首板
20260511,600379.SH,宝光股份,09:56:02,芯片,首板
20260511,600381.SH,*ST春天,09:30:04,ST板块,7连板
20260511,600396.SH,华电辽能,13:16:41,电力,4天3板
20260511,600488.SH,津药药业,13:25:37,病毒防治,首板
20260511,600525.SH,ST长园,14:49:30,ST板块,首板
20260511,600530.SH,交大昂立,09:30:25,保健品,2连板
20260511,600537.SH,*ST亿晶,09:35:35,ST板块,3天2板
20260511,600545.SH,卓郎智能,09:31:11,通信,2连板
20260511,600584.SH,长电科技,10:29:27,芯片,首板
20260511,600601.SH,方正科技,10:19:29,通信,首板
20260511,600683.SH,京投发展,09:32:17,地产链,2连板
20260511,600730.SH,*ST高科,09:25:57,ST板块,6连板
20260511,600734.SH,*ST实达,09:25:50,ST板块,2连板
20260511,600748.SH,上实发展,09:37:37,地产链,2连板
20260511,600769.SH,祥龙电业,09:52:35,水务,首板
20260511,600854.SH,春兰股份,09:52:18,地产链,首板
20260511,600869.SH,远东股份,10:15:27,通信,首板
20260511,601609.SH,金田股份,14:34:40,机器人概念,首板
20260511,601858.SH,中国科传,13:44:39,AI应用,首板
20260511,601991.SH,大唐发电,09:31:25,电力,4连板
20260511,603045.SH,福达合金,09:25:58,算力,5连板
20260511,603150.SH,万朗磁塑,10:39:07,稀土永磁,首板
20260511,603189.SH,*ST网达,09:30:27,ST板块,2连板
20260511,603269.SH,海鸥股份,09:34:13,算力,4天2板
20260511,603272.SH,*ST联翔,10:32:44,ST板块,首板
20260511,603275.SH,众辰科技,13:03:29,机器人概念,首板
20260511,603303.SH,得邦照明,10:52:33,LED,首板
20260511,603398.SH,*ST沐邦,13:50:32,ST板块,5天4板
20260511,603459.SH,红板科技,09:25:34,通信,3连板
20260511,603499.SH,翔港科技,10:36:20,股权转让,首板
20260511,603557.SH,*ST起步,09:33:15,ST板块,7天5板
20260511,603559.SH,ST通脉,09:32:47,ST板块,5天3板
20260511,603580.SH,*ST艾艾,09:30:13,ST板块,8天6板
20260511,603718.SH,*ST海利,09:45:27,ST板块,首板
20260511,603738.SH,泰晶科技,09:33:12,通信,6天4板
20260511,603757.SH,大元泵业,09:47:47,算力,首板
20260511,603773.SH,沃格光电,09:42:58,芯片,首板
20260511,603828.SH,*ST利达,09:33:41,ST板块,5连板
20260511,603936.SH,博敏电子,10:38:16,通信,4天2板
20260511,603959.SH,ST百利,09:25:47,ST板块,2连板
20260511,605006.SH,山东玻纤,09:31:42,化工,8天5板
20260511,605090.SH,九丰能源,13:22:15,芯片,首板
20260511,605186.SH,健麾信息,09:51:00,AI应用,首板
20260511,605189.SH,富春染织,09:37:34,机器人概念,2连板
20260511,605255.SH,天普股份,09:42:16,芯片,首板
20260511,688146.SH,中船特气,13:02:29,芯片,首板
20260511,688189.SH,南新制药,13:09:55,病毒防治,首板
20260511,688328.SH,深科达,10:58:57,芯片,首板
20260511,688350.SH,富淼科技,09:40:42,锂电池,首板
20260511,688545.SH,兴福电子,09:30:58,芯片,首板
20260511,688551.SH,科威尔,09:54:43,电源,首板
20260511,688603.SH,天承科技,13:55:44,芯片,首板
20260511,688618.SH,三旺通信,09:36:50,通信,首板
20260511,688766.SH,普冉股份,09:36:02,芯片,首板
20260508,000016.SZ,*ST康佳A,10:03:09,ST板块,首板
20260508,000036.SZ,华联控股,09:33:18,锂电池,首板
20260508,000547.SZ,航天发展,13:52:15,商业航天,首板
20260508,000582.SZ,北部湾港,09:36:15,港口,首板
20260508,000659.SZ,珠海中富,09:59:36,实控人变更,首板
20260508,000668.SZ,*ST荣控,09:30:48,ST板块,3连板
20260508,000678.SZ,襄阳轴承,10:29:39,机器人概念,首板
20260508,000710.SZ,贝瑞基因,10:04:42,医药,首板
20260508,000720.SZ,新能泰山,09:48:33,通信,2连板
20260508,000782.SZ,恒申新材,09:34:33,化工,首板
20260508,000826.SZ,*ST启环,14:19:00,ST板块,2连板
20260508,000839.SZ,国安股份,09:25:00,AI应用,首板
20260508,000863.SZ,三湘印象,09:42:21,股权转让,3天2板
20260508,000909.SZ,*ST数源,09:53:09,ST板块,首板
20260508,000911.SZ,*ST广糖,09:46:15,ST板块,首板
20260508,001267.SZ,汇绿生态,13:09:24,通信,首板
20260508,001333.SZ,光华股份,14:35:06,化工,首板
20260508,002009.SZ,天奇股份,10:26:54,机器人概念,首板
20260508,002030.SZ,达安基因,09:46:42,病毒防治,首板
20260508,002031.SZ,巨轮智能,09:48:39,机器人概念,2连板
20260508,002091.SZ,江苏国泰,09:35:33,锂电池,首板
20260508,002132.SZ,恒星科技,13:29:39,机器人概念,首板
20260508,002199.SZ,*ST东晶,14:18:03,ST板块,5天3板
20260508,002207.SZ,*ST准油,09:32:42,ST板块,4连板
20260508,002211.SZ,ST宏达,11:16:45,ST板块,首板
20260508,002222.SZ,福晶科技,14:56:48,通信,首板
20260508,002256.SZ,兆新股份,09:42:21,锂电池,首板
20260508,002259.SZ,升达林业,10:56:54,天然气,首板
20260508,002281.SZ,光迅科技,14:53:57,通信,首板
20260508,002289.SZ,*ST宇顺,13:25:18,ST板块,7连板
20260508,002317.SZ,众生药业,09:30:00,医药,2连板
20260508,002397.SZ,梦洁股份,09:39:00,服装家纺,首板
20260508,002474.SZ,榕基软件,10:00:15,国产软件,首板
20260508,002491.SZ,通鼎互联,09:32:30,通信,2连板
20260508,002520.SZ,日发精机,10:21:51,机器人概念,首板
20260508,002536.SZ,飞龙股份,10:37:27,机器人概念,首板
20260508,002552.SZ,宝鼎科技,09:34:54,通信,2连板
20260508,002569.SZ,*ST步森,10:34:21,ST板块,首板
20260508,002580.SZ,圣阳股份,09:35:39,算力,首板
20260508,002624.SZ,完美世界,09:30:00,游戏,首板
20260508,002629.SZ,仁智股份,09:51:30,石油石化,首板
20260508,002642.SZ,荣联科技,09:42:27,算力,首板
20260508,002655.SZ,共达电声,11:11:45,股权转让,5天3板
20260508,002691.SZ,*ST冀凯,09:52:54,ST板块,首板
20260508,002693.SZ,*ST双成,13:56:06,ST板块,首板
20260508,002798.SZ,帝欧水华,13:02:45,地产链,首板
20260508,002865.SZ,钧达股份,13:41:06,光伏,首板
20260508,002866.SZ,传艺科技,09:31:18,钠电池,首板
20260508,002902.SZ,铭普光磁,09:44:06,通信,首板
20260508,002918.SZ,蒙娜丽莎,13:43:42,芯片,首板
20260508,002929.SZ,润建股份,09:25:00,算力,4天3板
20260508,002930.SZ,宏川智慧,09:33:51,算力,2连板
20260508,002965.SZ,祥鑫科技,10:27:42,机器人概念,首板
20260508,002979.SZ,雷赛智能,09:31:30,机器人概念,首板
20260508,002997.SZ,瑞鹄模具,11:13:45,机器人概念,首板
20260508,003004.SZ,*ST声迅,09:25:00,ST板块,3连板
20260508,003032.SZ,*ST传智,14:07:33,ST板块,首板
20260508,003036.SZ,泰坦股份,09:32:21,通信,首板
20260508,300258.SZ,精锻科技,14:02:12,机器人概念,首板
20260508,300283.SZ,温州宏丰,13:30:48,锂电池,首板
20260508,300488.SZ,恒锋工具,10:27:33,机器人概念,首板
20260508,301028.SZ,鼎熔岩,13:08:06,新型工业化,首板
20260508,301183.SZ,东田微,14:56:00,通信,首板
20260508,600076.SH,康欣新材,09:36:46,并购重组,首板
20260508,600078.SH,澄星股份,09:39:52,化工,首板
20260508,600130.SH,波导股份,09:31:30,ST摘帽,3连板
20260508,600222.SH,太龙药业,13:13:19,病毒防治,首板
20260508,600228.SH,*ST返利,10:13:34,ST板块,首板
20260508,600234.SH,科新发展,11:01:41,算力,首板
20260508,600337.SH,ST美克,09:48:02,ST板块,首板
20260508,600343.SH,航天动力,13:29:49,商业航天,首板
20260508,600345.SH,长江通信,13:52:38,通信,首板
20260508,600381.SH,*ST春天,09:25:55,ST板块,6连板
20260508,600391.SH,航发科技,13:10:07,燃气轮机,首板
20260508,600476.SH,*ST湘邮,09:49:50,ST板块,4天3板
20260508,600480.SH,凌云股份,10:30:27,机器人概念,首板
20260508,600498.SH,烽火通信,13:15:51,通信,首板
20260508,600530.SH,交大昂立,11:15:32,保健品,首板
20260508,600536.SH,中国软件,09:58:50,国产软件,首板
20260508,600545.SH,卓郎智能,09:42:24,通信,首板
20260508,600589.SH,大位科技,14:16:12,算力,3天2板
20260508,600683.SH,京投发展,09:33:56,地产链,首板
20260508,600724.SH,宁波富达,09:41:11,地产链,首板
20260508,600730.SH,*ST高科,09:25:44,ST板块,5连板
20260508,600734.SH,*ST实达,09:38:16,ST板块,首板
20260508,600748.SH,上实发展,10:39:07,地产链,首板
20260508,600783.SH,鲁信创投,09:39:50,商业航天,首板
20260508,600855.SH,航天长峰,10:07:53,商业航天,首板
20260508,600892.SH,*ST大晟,14:38:17,ST板块,3天2板
20260508,600936.SH,北投科技,09:31:23,机器人概念,2连板
20260508,600984.SH,建设机械,14:20:50,新型工业化,首板
20260508,600992.SH,贵绳股份,10:20:01,商业航天,首板
20260508,601991.SH,大唐发电,09:25:32,电力,3连板
20260508,603012.SH,创力集团,13:33:43,新型工业化,首板
20260508,603028.SH,赛福天,14:56:42,机器人概念,首板
20260508,603045.SH,福达合金,09:25:55,算力,4连板
20260508,603189.SH,*ST网达,09:57:00,ST板块,首板
20260508,603278.SH,大业股份,10:15:44,机器人概念,3连板
20260508,603311.SH,金海高科,09:36:52,股权转让,首板
20260508,603373.SH,安邦护卫,13:30:44,机器人概念,首板
20260508,603400.SH,华之杰,11:20:50,机器人概念,首板
20260508,603459.SH,红板科技,09:34:17,通信,2连板
20260508,603580.SH,*ST艾艾,09:31:34,ST板块,7天5板
20260508,603618.SH,杭电股份,09:48:32,通信,3连板
20260508,603636.SH,南威软件,09:25:35,算力,2连板
20260508,603667.SH,五洲新春,10:15:09,机器人概念,首板
20260508,603738.SH,泰晶科技,09:25:39,通信,5天3板
20260508,603758.SH,秦安股份,10:10:18,机器人概念,首板
20260508,603828.SH,*ST利达,09:25:47,ST板块,4连板
20260508,603843.SH,*ST正平,14:47:43,ST板块,6天5板
20260508,603869.SH,ST智知,13:37:28,ST板块,首板
20260508,603878.SH,武进不锈,14:09:08,钢铁,首板
20260508,603937.SH,丽岛新材,14:00:31,锂电池,8天5板
20260508,603959.SH,ST百利,09:47:48,ST板块,首板
20260508,605006.SH,山东玻纤,09:36:45,化工,7天4板
20260508,605055.SH,迎丰股份,10:07:47,机器人概念,首板
20260508,605086.SH,龙高股份,09:45:07,锂电池,首板
20260508,605169.SH,洪通燃气,10:53:55,天然气,首板
20260508,605189.SH,富春染织,14:13:19,机器人概念,首板
20260508,605289.SH,罗曼股份,09:44:31,算力,首板
20260508,605336.SH,*ST帅电,10:11:26,ST板块,首板
20260508,605358.SH,立昂微,13:07:48,机器人概念,首板
20260508,605566.SH,福莱蒽特,11:00:29,机器人概念,首板
20260508,688260.SH,昀冢科技,11:29:51,通信,首板
20260508,688818.SH,电科蓝天,10:47:33,商业航天,首板
20260507,000066.SZ,中国长城,10:46:57,芯片,3连板
20260507,000070.SZ,特发信息,10:39:30,通信,首板
20260507,000509.SZ,华塑控股,11:05:24,新型工业化,首板
20260507,000609.SZ,*ST中迪,09:25:59,ST板块,15天12板
20260507,000668.SZ,*ST荣控,10:52:15,ST板块,2连板
20260507,000697.SZ,炼石航空,09:35:00,ST摘帽,首板
20260507,000700.SZ,模塑科技,11:02:36,机器人概念,首板
20260507,000711.SZ,ST京蓝,09:25:59,ST板块,5天3板
20260507,000720.SZ,新能泰山,09:31:45,通信,首板
20260507,000818.SZ,航锦科技,09:48:54,算力,4天3板
20260507,000823.SZ,超声电子,10:53:27,通信,首板
20260507,000826.SZ,*ST启环,09:37:42,ST板块,首板
20260507,000889.SZ,中嘉博创,09:30:03,算力,2连板
20260507,000929.SZ,*ST兰黄,13:30:51,ST板块,首板
20260507,000967.SZ,盈峰环境,14:21:48,算力,首板
20260507,001270.SZ,*ST铖昌,13:45:09,ST板块,3天2板
20260507,002008.SZ,大族激光,10:33:18,新型工业化,首板
20260507,002031.SZ,巨轮智能,09:51:27,机器人概念,首板
20260507,002047.SZ,*ST宝鹰,13:20:18,ST板块,首板
20260507,002051.SZ,中工国际,09:31:03,基础建设,首板
20260507,002058.SZ,*ST威尔,14:24:24,ST板块,首板
20260507,002081.SZ,金螳螂,09:36:48,商业航天,5连板
20260507,002183.SZ,怡亚通,09:33:27,芯片,首板
20260507,002194.SZ,武汉凡谷,09:50:06,通信,首板
20260507,002207.SZ,*ST准油,09:41:12,ST板块,3连板
20260507,002217.SZ,合力泰,09:45:18,算力,2连板
20260507,002253.SZ,*ST智胜,11:20:57,ST板块,首板
20260507,002289.SZ,*ST宇顺,09:25:59,ST板块,6连板
20260507,002298.SZ,中电鑫龙,10:44:54,算力,首板
20260507,002317.SZ,众生药业,13:04:21,医药,首板
20260507,002335.SZ,科华数据,14:05:06,算力,首板
20260507,002342.SZ,巨力索具,14:49:00,商业航天,首板
20260507,002350.SZ,北京科锐,09:59:15,光伏,首板
20260507,002384.SZ,东山精密,11:16:45,芯片,首板
20260507,002436.SZ,兴森科技,14:13:27,通信,首板
20260507,002491.SZ,通鼎互联,09:25:59,通信,首板
20260507,002496.SZ,*ST辉丰,10:53:36,ST板块,首板
20260507,002552.SZ,宝鼎科技,10:05:36,通信,首板
20260507,002591.SZ,恒大高新,11:05:39,算力,3天2板
20260507,002620.SZ,*ST瑞和,14:40:24,ST板块,首板
20260507,002647.SZ,仁东控股,13:03:45,算力,首板
20260507,002655.SZ,共达电声,09:40:09,股权转让,4天2板
20260507,002664.SZ,信质集团,13:17:18,机器人概念,首板
20260507,002698.SZ,博实股份,13:02:18,机器人概念,首板
20260507,002729.SZ,好利科技,10:03:42,算力,首板
20260507,002757.SZ,南兴股份,09:58:27,算力,首板
20260507,002816.SZ,*ST和科,13:02:00,ST板块,首板
20260507,002824.SZ,和胜股份,13:01:48,汽车零部件,首板
20260507,002885.SZ,京泉华,13:53:18,智能电网,首板
20260507,002903.SZ,宇环数控,09:35:15,新型工业化,4天3板
20260507,002915.SZ,中欣氟材,09:48:30,机器人概念,首板
20260507,002929.SZ,润建股份,09:30:06,算力,3天2板
20260507,002930.SZ,宏川智慧,09:50:36,算力,首板
20260507,002951.SZ,金时科技,09:35:24,储能,首板
20260507,002980.SZ,华盛昌,11:26:15,通信,首板
20260507,002990.SZ,盛视科技,09:39:12,算力,3天2板
20260507,003004.SZ,*ST声迅,09:31:15,ST板块,2连板
20260507,003041.SZ,真爱美家,14:35:45,实控人变更,2连板
20260507,300052.SZ,中青宝,14:34:00,算力,首板
20260507,300807.SZ,天迈科技,09:25:59,并购重组,首板
20260507,300819.SZ,聚杰微纤,10:50:12,机器人概念,首板
20260507,300868.SZ,杰美特,11:21:27,消费电子,首板
20260507,301000.SZ,肇民科技,09:55:03,机器人概念,首板
20260507,301171.SZ,易点天下,13:49:06,AI应用,首板
20260507,600082.SH,ST海泰,09:31:58,ST板块,4天3板
20260507,600107.SH,*ST尔雅,09:25:40,ST板块,2连板
20260507,600130.SH,波导股份,09:31:10,ST摘帽,2连板
20260507,600207.SH,安彩高科,09:35:37,光伏,首板
20260507,600243.SH,*ST海华,10:43:43,ST板块,5天3板
20260507,600265.SH,*ST景谷,10:44:57,ST板块,首板
20260507,600284.SH,浦东建设,13:59:16,算力,首板
20260507,600381.SH,*ST春天,09:25:43,ST板块,5连板
20260507,600396.SH,华电辽能,09:46:03,电力,2连板
20260507,600476.SH,*ST湘邮,09:57:57,ST板块,3天2板
20260507,600522.SH,中天科技,13:42:10,通信,首板
20260507,600537.SH,*ST亿晶,13:46:53,ST板块,首板
20260507,600539.SH,狮头股份,10:28:12,并购重组,首板
20260507,600610.SH,中毅达,14:54:23,化工,首板
20260507,600673.SH,东阳光,09:25:35,算力,2连板
20260507,600707.SH,彩虹股份,09:49:17,芯片,首板
20260507,600719.SH,大连热电,09:37:11,电力,2连板
20260507,600726.SH,华电能源,10:26:47,电力,首板
20260507,600730.SH,*ST高科,09:25:39,ST板块,4连板
20260507,600736.SH,苏州高新,14:39:52,创投,首板
20260507,600815.SH,厦工股份,10:03:45,基础建设,首板
20260507,600936.SH,北投科技,09:49:03,机器人概念,首板
20260507,601208.SH,东材科技,10:50:19,通信,首板
20260507,601868.SH,中国能建,10:18:53,智能电网,首板
20260507,601991.SH,大唐发电,09:32:10,电力,2连板
20260507,601996.SH,丰林集团,10:09:15,地产链,首板
20260507,603002.SH,宏昌电子,13:04:32,通信,首板
20260507,603045.SH,福达合金,09:25:40,算力,3连板
20260507,603067.SH,振华股份,14:54:19,化工,首板
20260507,603095.SH,越剑智能,09:50:48,新型工业化,6天5板
20260507,603158.SH,腾龙股份,09:31:49,算力,2连板
20260507,603179.SH,新泉股份,13:27:25,机器人概念,首板
20260507,603226.SH,菲林格尔,13:08:43,地产链,首板
20260507,603256.SH,宏和科技,13:02:38,通信,4天3板
20260507,603278.SH,大业股份,09:55:32,机器人概念,2连板
20260507,603306.SH,华懋科技,13:21:26,通信,首板
20260507,603315.SH,福鞍股份,10:34:14,算力,首板
20260507,603316.SH,诚邦股份,11:00:46,芯片,2连板
20260507,603398.SH,*ST沐邦,09:25:46,ST板块,3连板
20260507,603459.SH,红板科技,14:54:37,通信,首板
20260507,603557.SH,*ST起步,09:32:26,ST板块,5天4板
20260507,603580.SH,*ST艾艾,09:52:01,ST板块,6天4板
20260507,603598.SH,引力传媒,13:28:46,AI应用,首板
20260507,603618.SH,杭电股份,09:35:29,通信,2连板
20260507,603636.SH,南威软件,14:21:01,算力,首板
20260507,603688.SH,石英股份,10:56:26,通信,首板
20260507,603738.SH,泰晶科技,09:30:03,通信,4天2板
20260507,603803.SH,瑞斯康达,11:21:41,通信,4天2板
20260507,603828.SH,*ST利达,09:30:11,ST板块,3连板
20260507,603895.SH,天永智能,11:00:18,新型工业化,首板
20260507,603931.SH,格林达,13:00:24,芯片,首板
20260507,603938.SH,三孚股份,09:45:11,通信,首板
20260507,603950.SH,长源东谷,10:48:57,并购重组,首板
20260507,603997.SH,继峰股份,14:18:55,汽车零部件,首板
20260507,605006.SH,山东玻纤,09:38:36,化工,6天3板
20260507,605158.SH,华达新材,09:37:50,钢铁,4天2板
20260507,605168.SH,三人行,10:52:29,算力,5天3板
20260507,605218.SH,伟时电子,10:10:22,面板,首板
20260507,605258.SH,协和电子,10:49:25,通信,首板
20260507,605598.SH,上海港湾,09:36:47,光伏,首板
20260507,688069.SH,德林海,09:25:59,股权转让,2连板
20260507,688167.SH,炬光科技,10:45:20,通信,首板
20260506,000060.SZ,中金岭南,13:00:36,有色金属,首板
20260506,000066.SZ,中国长城,09:25:00,芯片,2连板
20260506,000338.SZ,潍柴动力,09:30:33,发电机,首板
20260506,000402.SZ,金融街,09:46:57,一季报增长,3连板
20260506,000553.SZ,安道麦A,10:35:36,一季报增长,2连板
20260506,000609.SZ,*ST中迪,09:25:00,ST板块,14天11板
20260506,000620.SZ,盈新发展,09:25:00,芯片,首板
20260506,000668.SZ,*ST荣控,13:55:57,ST板块,首板
20260506,000711.SZ,ST京蓝,09:34:48,ST板块,4天2板
20260506,000783.SZ,长江证券,10:03:24,证券,2连板
20260506,000802.SZ,北京文化,13:06:06,文化传媒,首板
20260506,000815.SZ,美利云,09:30:42,算力,首板
20260506,000818.SZ,航锦科技,10:51:36,算力,3天2板
20260506,000863.SZ,三湘印象,11:00:30,旅游,首板
20260506,000889.SZ,中嘉博创,09:34:39,算力,首板
20260506,001287.SZ,中电港,11:07:39,芯片,首板
20260506,001309.SZ,德明利,09:36:00,芯片,首板
20260506,001316.SZ,润贝航科,09:38:51,一季报增长,2连板
20260506,001389.SZ,广合科技,09:44:30,通信,首板
20260506,002015.SZ,协鑫能科,09:47:51,电力,首板
20260506,002044.SZ,美年健康,09:31:54,AI应用,首板
20260506,002052.SZ,同洲电子,11:03:45,电源,首板
20260506,002080.SZ,中材科技,09:40:57,通信,首板
20260506,002081.SZ,金螳螂,09:41:12,商业航天,4连板
20260506,002149.SZ,西部材料,09:36:27,商业航天,2连板
20260506,002156.SZ,通富微电,09:30:00,芯片,首板
20260506,002158.SZ,汉钟精机,10:57:54,芯片,2连板
20260506,002181.SZ,粤传媒,13:25:30,体育产业,5天3板
20260506,002199.SZ,*ST东晶,14:27:24,ST板块,3天2板
20260506,002203.SZ,海亮股份,13:05:39,通信,首板
20260506,002207.SZ,*ST准油,09:25:00,ST板块,2连板
20260506,002210.SZ,飞马国际,13:32:09,一季报增长,5天4板
20260506,002217.SZ,合力泰,09:37:27,算力,首板
20260506,002229.SZ,鸿博股份,13:00:24,算力,首板
20260506,002245.SZ,蔚蓝锂芯,14:16:00,锂电池,首板
20260506,002272.SZ,川润股份,09:56:39,算力,首板
20260506,002283.SZ,天润工业,11:22:36,发电机,首板
20260506,002289.SZ,*ST宇顺,09:25:00,ST板块,5连板
20260506,002290.SZ,禾盛新材,09:30:00,芯片,首板
20260506,002355.SZ,兴民智通,10:47:36,算力,首板
20260506,002364.SZ,中恒电气,13:49:54,算力,首板
20260506,002418.SZ,康盛股份,09:32:06,算力,首板
20260506,002428.SZ,云南锗业,13:58:15,芯片,首板
20260506,002453.SZ,华软科技,11:26:39,并购重组,2连板
20260506,002634.SZ,*ST棒杰,09:30:24,ST板块,3连板
20260506,002640.SZ,跨境通,09:35:39,一季报增长,2连板
20260506,002787.SZ,华源控股,10:11:51,芯片,首板
20260506,002792.SZ,通宇通讯,10:40:21,商业航天,首板
20260506,002805.SZ,丰元股份,11:25:45,锂电池,3连板
20260506,002856.SZ,*ST美芝,09:25:00,ST板块,2连板
20260506,002871.SZ,伟隆股份,13:54:30,算力,首板
20260506,002903.SZ,宇环数控,09:32:27,机器人概念,3天2板
20260506,002989.SZ,中天精装,09:40:24,芯片,4天3板
20260506,003004.SZ,*ST声迅,09:51:42,ST板块,首板
20260506,003007.SZ,直真科技,10:47:42,算力,首板
20260506,003041.SZ,真爱美家,13:20:36,实控人变更,首板
20260506,300042.SZ,朗科科技,09:47:06,芯片,首板
20260506,300166.SZ,东方国信,09:49:45,算力,首板
20260506,300368.SZ,汇金股份,10:15:00,金融概念,首板
20260506,300652.SZ,雷迪克,14:23:30,机器人概念,首板
20260506,301308.SZ,江波龙,10:17:39,芯片,首板
20260506,301511.SZ,德福科技,13:02:09,通信,首板
20260506,600082.SH,ST海泰,09:33:01,ST板块,3天2板
20260506,600107.SH,*ST尔雅,09:31:59,ST板块,首板
20260506,600113.SH,浙江东日,09:43:07,零售,首板
20260506,600130.SH,波导股份,09:41:38,ST摘帽,首板
20260506,600301.SH,华锡有色,13:04:05,有色金属,首板
20260506,600379.SH,宝光股份,09:30:33,芯片,4连板
20260506,600381.SH,*ST春天,09:25:56,ST板块,4连板
20260506,600396.SH,华电辽能,14:14:21,电力,首板
20260506,600527.SH,江南高纤,09:40:47,一季报增长,首板
20260506,600589.SH,大位科技,11:14:06,算力,首板
20260506,600666.SH,奥瑞德,13:14:16,算力,首板
20260506,600673.SH,东阳光,09:25:51,算力,首板
20260506,600719.SH,大连热电,10:42:33,电力,首板
20260506,600730.SH,*ST高科,09:25:55,ST板块,3连板
20260506,600753.SH,*ST海钦,14:29:23,ST板块,首板
20260506,600770.SH,综艺股份,09:49:25,芯片,首板
20260506,600790.SH,轻纺城,10:16:09,一季报增长,首板
20260506,600821.SH,金开新能,13:17:22,电力,首板
20260506,600892.SH,*ST大晟,13:16:28,ST板块,首板
20260506,601016.SH,节能风电,10:25:21,电力,首板
20260506,601778.SH,晶科科技,11:11:34,电力,首板
20260506,601991.SH,大唐发电,09:25:31,电力,首板
20260506,603001.SH,奥康国际,10:00:08,一季报增长,首板
20260506,603045.SH,福达合金,09:25:59,一季报增长,2连板
20260506,603063.SH,禾望电气,13:09:47,智能电网,首板
20260506,603115.SH,海星股份,10:58:34,元器件,首板
20260506,603156.SH,养元饮品,09:44:33,芯片,首板
20260506,603158.SH,腾龙股份,13:01:29,算力,首板
20260506,603162.SH,海通发展,09:58:24,造船,首板
20260506,603248.SH,锡华科技,09:40:19,风电,首板
20260506,603256.SH,宏和科技,09:33:12,通信,3天2板
20260506,603269.SH,海鸥股份,09:55:17,算力,首板
20260506,603272.SH,*ST联翔,09:25:47,ST板块,5连板
20260506,603278.SH,大业股份,09:36:42,机器人概念,首板
20260506,603316.SH,诚邦股份,09:40:35,芯片,首板
20260506,603353.SH,和顺石油,10:28:29,芯片,3天2板
20260506,603389.SH,*ST亚振,09:34:16,ST板块,2连板
20260506,603398.SH,*ST沐邦,09:25:59,ST板块,2连板
20260506,603399.SH,永杉锂业,09:25:34,锂电池,4连板
20260506,603418.SH,友升股份,14:53:53,汽车零部件,首板
20260506,603557.SH,*ST起步,09:50:30,ST板块,4天3板
20260506,603559.SH,ST通脉,09:32:27,ST板块,2连板
20260506,603580.SH,*ST艾艾,09:25:44,ST板块,5天3板
20260506,603618.SH,杭电股份,09:36:21,通信,首板
20260506,603629.SH,利通电子,10:36:39,算力,4天3板
20260506,603777.SH,来伊份,10:26:56,股权转让,首板
20260506,603789.SH,*ST星农,14:55:01,ST板块,首板
20260506,603828.SH,*ST利达,10:12:03,ST板块,2连板
20260506,603843.SH,*ST正平,09:25:43,ST板块,4连板
20260506,603936.SH,博敏电子,09:30:50,通信,首板
20260506,603937.SH,丽岛新材,09:31:59,锂电池,6天4板
20260506,603978.SH,深圳新星,10:10:42,锂电池,首板
20260506,603985.SH,恒润股份,13:57:34,算力,首板
20260506,603986.SH,兆易创新,09:40:43,芯片,首板
20260506,605060.SH,联德股份,09:48:55,燃气轮机,首板
20260506,605303.SH,园林股份,09:45:25,芯片,首板
20260506,688069.SH,德林海,09:25:48,股权转让,首板
20260506,688258.SH,卓易信息,09:39:08,AI应用,首板
20260506,688323.SH,瑞华泰,10:51:21,商业航天,首板
20260506,688584.SH,上海合晶,13:03:59,芯片,首板
20260506,688800.SH,瑞可达,13:35:36,通信,首板
20260506,688813.SH,泰金新能,09:39:54,通信,首板
20260430,000007.SZ,全新好,13:32:33,地产链,首板
20260430,000066.SZ,中国长城,10:16:27,芯片,首板
20260430,000402.SZ,金融街,09:32:15,地产链,2连板
20260430,000553.SZ,安道麦A,09:25:59,一季报增长,首板
20260430,000567.SZ,海德股份,09:57:00,一季报增长,2连板
20260430,000609.SZ,*ST中迪,09:25:59,ST板块,13天10板
20260430,000628.SZ,高新发展,10:51:45,芯片,首板
20260430,000783.SZ,长江证券,09:37:39,一季报增长,首板
20260430,000790.SZ,华神科技,09:49:33,一季报增长,首板
20260430,000833.SZ,粤桂股份,13:41:42,化工,首板
20260430,000838.SZ,*ST发展,09:30:00,ST板块,4天3板
20260430,000980.SZ,众泰汽车,10:06:30,一季报增长,2连板
20260430,001215.SZ,千味央厨,14:22:24,一季报增长,首板
20260430,001218.SZ,丽臣实业,09:25:59,一季报增长,首板
20260430,001268.SZ,联合精密,13:50:00,年报增长,首板
20260430,001270.SZ,*ST铖昌,10:27:27,ST板块,首板
20260430,001316.SZ,润贝航科,09:30:36,一季报增长,首板
20260430,002081.SZ,金螳螂,10:24:15,商业航天,3连板
20260430,002149.SZ,西部材料,10:29:24,商业航天,首板
20260430,002158.SZ,汉钟精机,13:32:36,芯片,首板
20260430,002181.SZ,粤传媒,09:52:45,体育产业,4天2板
20260430,002192.SZ,融捷股份,09:37:48,锂电池,5天3板
20260430,002207.SZ,*ST准油,09:30:57,ST板块,首板
20260430,002235.SZ,安妮股份,09:45:42,实控人变更,首板
20260430,002240.SZ,盛新锂能,09:55:12,锂电池,首板
20260430,002289.SZ,*ST宇顺,09:25:59,ST板块,4连板
20260430,002453.SZ,华软科技,09:33:48,并购重组,首板
20260430,002591.SZ,恒大高新,09:25:59,算力,首板
20260430,002634.SZ,*ST棒杰,09:33:06,ST板块,2连板
20260430,002640.SZ,跨境通,09:30:00,一季报增长,首板
20260430,002645.SZ,华宏科技,09:31:06,一季报增长,2连板
20260430,002685.SZ,华东重机,14:15:03,芯片,首板
20260430,002763.SZ,汇洁股份,09:53:06,一季报增长,首板
20260430,002785.SZ,万里石,10:28:00,并购重组,4天2板
20260430,002805.SZ,丰元股份,09:30:09,锂电池,2连板
20260430,002842.SZ,翔鹭钨业,09:32:51,一季报增长,2连板
20260430,002856.SZ,*ST美芝,09:25:59,ST板块,首板
20260430,002870.SZ,香山股份,11:16:03,机器人概念,首板
20260430,002929.SZ,润建股份,14:40:15,算力,首板
20260430,002977.SZ,*ST天箭,13:45:48,ST板块,首板
20260430,002989.SZ,中天精装,13:27:15,芯片,3天2板
20260430,002990.SZ,盛视科技,09:34:03,算力,首板
20260430,300083.SZ,创世纪,09:55:42,机器人概念,首板
20260430,300632.SZ,光莆股份,09:30:00,通信,2连板
20260430,300885.SZ,海昌新材,10:35:54,机器人概念,首板
20260430,600052.SH,东望时代,09:42:50,体育产业,首板
20260430,600158.SH,中体产业,09:31:32,体育产业,首板
20260430,600208.SH,衢州发展,09:42:50,芯片,首板
20260430,600246.SH,万通发展,10:17:50,芯片,4天2板
20260430,600322.SH,津投城开,09:38:50,一季报增长,首板
20260430,600379.SH,宝光股份,09:30:11,芯片,3连板
20260430,600381.SH,*ST春天,09:25:56,ST板块,3连板
20260430,600400.SH,红豆股份,14:34:54,机器人概念,4天2板
20260430,600433.SH,冠豪高新,09:57:04,一季报增长,4天2板
20260430,600476.SH,*ST湘邮,10:20:17,ST板块,首板
20260430,600540.SH,新赛股份,09:37:59,一季报增长,首板
20260430,600624.SH,ST复华,09:36:33,ST板块,首板
20260430,600714.SH,金瑞矿业,13:13:15,化工,2连板
20260430,600730.SH,*ST高科,09:25:41,ST板块,2连板
20260430,601086.SH,国芳集团,09:44:03,一季报增长,首板
20260430,601106.SH,中国一重,10:36:37,商业航天,首板
20260430,601588.SH,北辰实业,10:03:18,地产链,首板
20260430,603030.SH,全筑股份,09:30:01,一季报增长,首板
20260430,603045.SH,福达合金,09:25:48,一季报增长,首板
20260430,603095.SH,越剑智能,09:25:51,新型工业化,4连板
20260430,603119.SH,浙江荣泰,10:01:31,机器人概念,首板
20260430,603131.SH,上海沪工,10:29:26,商业航天,首板
20260430,603178.SH,圣龙股份,09:56:53,一季报增长,首板
20260430,603190.SH,亚通精工,09:31:47,一季报增长,首板
20260430,603272.SH,*ST联翔,09:25:42,ST板块,4连板
20260430,603360.SH,百傲化学,13:02:28,芯片,首板
20260430,603375.SH,盛景微,13:40:33,芯片,首板
20260430,603389.SH,*ST亚振,13:59:11,ST板块,首板
20260430,603398.SH,*ST沐邦,09:25:47,ST板块,首板
20260430,603399.SH,永杉锂业,09:25:54,锂电池,3连板
20260430,603559.SH,ST通脉,10:31:29,ST板块,首板
20260430,603580.SH,*ST艾艾,09:25:33,ST板块,4天2板
20260430,603687.SH,大胜达,14:25:33,芯片,首板
20260430,603698.SH,航天工程,09:54:09,一季报增长,首板
20260430,603711.SH,香飘飘,09:40:46,一季报增长,首板
20260430,603717.SH,天域生物,13:19:27,农业,首板
20260430,603726.SH,朗迪集团,09:47:01,一季报增长,4天2板
20260430,603828.SH,*ST利达,14:48:53,ST板块,首板
20260430,603843.SH,*ST正平,09:25:30,ST板块,3连板
20260430,603897.SH,长城科技,13:03:12,机器人概念,首板
20260430,603937.SH,丽岛新材,09:49:57,锂电池,5天3板
20260430,605099.SH,共创草坪,09:42:30,体育产业,2连板
20260430,605123.SH,派克新材,09:55:25,商业航天,首板
20260430,605222.SH,起帆电缆,13:41:13,商业航天,首板
20260430,605299.SH,舒华体育,09:34:14,体育产业,2连板
20260430,605376.SH,博迁新材,11:26:57,一季报增长,首板
20260430,688155.SH,先惠技术,09:36:52,锂电池,首板
20260430,688256.SH,寒武纪,13:44:38,芯片,首板
20260430,688400.SH,凌云光,13:11:32,机器人概念,首板
20260430,688521.SH,芯原股份,11:09:04,算力,首板
20260430,688531.SH,日联科技,09:41:54,并购重组,2连板
20260430,688699.SH,明微电子,09:37:38,一季报增长,首板
20260429,000039.SZ,中集集团,13:20:18,商业航天,首板
20260429,000402.SZ,金融街,09:25:00,一季报增长,首板
20260429,000551.SZ,创元科技,09:30:27,一季报增长,首板
20260429,000567.SZ,海德股份,09:39:09,一季报增长,首板
20260429,000609.SZ,*ST中迪,09:25:00,ST板块,12天9板
20260429,000657.SZ,中钨高新,13:01:33,有色金属,首板
20260429,000691.SZ,*ST亚太,10:25:36,ST板块,首板
20260429,000692.SZ,惠天热电,09:33:09,一季报增长,首板
20260429,000716.SZ,黑芝麻,09:47:00,一季报增长,首板
20260429,000818.SZ,航锦科技,09:40:27,算力,首板
20260429,000820.SZ,*ST节能,09:25:00,ST板块,3天2板
20260429,000831.SZ,中国稀土,10:51:54,稀土永磁,首板
20260429,000901.SZ,航天科技,09:59:57,商业航天,首板
20260429,000973.SZ,佛塑科技,13:14:30,锂电池,4天2板
20260429,000980.SZ,众泰汽车,09:31:21,一季报增长,首板
20260429,001203.SZ,大中矿业,13:22:42,锂电池,首板
20260429,001266.SZ,宏英智能,09:25:00,一季报增长,2连板
20260429,001336.SZ,楚环科技,13:39:00,一季报增长,首板
20260429,001396.SZ,誉帆科技,09:31:09,一季报增长,首板
20260429,002079.SZ,苏州固锝,09:37:39,光伏,首板
20260429,002081.SZ,金螳螂,09:48:09,芯片,2连板
20260429,002111.SZ,威海广泰,09:30:00,一季报增长,首板
20260429,002136.SZ,安纳达,14:38:21,化工,首板
20260429,002174.SZ,游族网络,09:32:09,一季报增长,首板
20260429,002176.SZ,江特电机,13:45:12,锂电池,4天2板
20260429,002192.SZ,融捷股份,13:47:06,锂电池,4天2板
20260429,002199.SZ,*ST东晶,10:15:36,ST板块,首板
20260429,002210.SZ,飞马国际,09:31:00,一季报增长,3连板
20260429,002227.SZ,*ST特迅,11:08:36,ST板块,3天2板
20260429,002289.SZ,*ST宇顺,09:25:00,ST板块,3连板
20260429,002348.SZ,高乐股份,10:53:09,算力,首板
20260429,002354.SZ,天娱数科,09:30:00,一季报增长,首板
20260429,002378.SZ,章源钨业,13:19:54,有色金属,首板
20260429,002497.SZ,雅化集团,13:38:30,锂电池,首板
20260429,002498.SZ,汉缆股份,10:19:36,一季报增长,首板
20260429,002512.SZ,ST达华,09:25:00,ST板块,首板
20260429,002520.SZ,日发精机,09:34:54,一季报增长,首板
20260429,002522.SZ,浙江众成,13:01:51,一季报增长,首板
20260429,002548.SZ,金新农,09:51:27,猪肉,首板
20260429,002568.SZ,百润股份,09:30:27,一季报增长,首板
20260429,002627.SZ,三峡旅游,10:39:24,旅游,首板
20260429,002634.SZ,*ST棒杰,09:44:06,ST板块,首板
20260429,002645.SZ,华宏科技,10:21:09,稀土永磁,首板
20260429,002652.SZ,扬子新材,09:31:36,芯片,2连板
20260429,002655.SZ,共达电声,13:15:39,股权转让,首板
20260429,002709.SZ,天赐材料,13:15:12,锂电池,首板
20260429,002756.SZ,永兴材料,11:03:27,锂电池,4天2板
20260429,002786.SZ,银宝山新,09:44:48,一季报增长,首板
20260429,002805.SZ,丰元股份,09:32:24,锂电池,首板
20260429,002818.SZ,富森美,09:56:33,一季报增长,首板
20260429,002832.SZ,比音勒芬,09:31:57,一季报增长,首板
20260429,002842.SZ,翔鹭钨业,10:47:45,有色金属,首板
20260429,002847.SZ,盐津铺子,09:44:57,一季报增长,首板
20260429,002851.SZ,麦格米特,09:31:42,算力,首板
20260429,002867.SZ,周大生,09:36:27,一季报增长,首板
20260429,002872.SZ,ST天圣,09:38:03,ST板块,首板
20260429,002875.SZ,安奈儿,09:58:42,一季报增长,首板
20260429,002903.SZ,宇环数控,11:13:24,消费电子,首板
20260429,002956.SZ,西麦食品,09:37:33,一季报增长,首板
20260429,002969.SZ,嘉美包装,10:18:48,实控人变更,首板
20260429,300438.SZ,鹏辉能源,13:08:06,锂电池,首板
20260429,300632.SZ,光莆股份,09:25:00,通信,首板
20260429,300769.SZ,德方纳米,10:51:09,锂电池,首板
20260429,300982.SZ,苏文电能,13:04:39,光伏,首板
20260429,301217.SZ,铜冠铜箔,14:12:48,通信,首板
20260429,600082.SH,ST海泰,09:59:29,ST板块,首板
20260429,600111.SH,北方稀土,10:15:14,稀土永磁,首板
20260429,600135.SH,乐凯胶片,10:30:36,锂电池,首板
20260429,600156.SH,华升股份,09:33:33,算力,2连板
20260429,600186.SH,莲花控股,09:51:11,算力,首板
20260429,600243.SH,*ST海华,09:25:34,ST板块,2连板
20260429,600289.SH,ST信通,09:30:21,ST板块,2连板
20260429,600338.SH,西藏珠峰,13:33:45,锂电池,4天3板
20260429,600367.SH,红星发展,13:12:07,锂电池,首板
20260429,600379.SH,宝光股份,09:30:52,芯片,2连板
20260429,600381.SH,*ST春天,09:25:32,ST板块,2连板
20260429,600392.SH,盛和资源,13:21:24,稀土永磁,首板
20260429,600397.SH,江钨装备,11:18:14,有色金属,首板
20260429,600423.SH,*ST柳化,09:35:07,化工,首板
20260429,600545.SH,卓郎智能,10:07:25,通信,4天2板
20260429,600606.SH,绿地控股,09:30:34,一季报增长,首板
20260429,600608.SH,*ST沪科,09:30:49,ST板块,首板
20260429,600654.SH,中安科,09:41:05,一季报增长,首板
20260429,600708.SH,光明地产,13:05:24,房地产,首板
20260429,600714.SH,金瑞矿业,09:40:57,化工,首板
20260429,600730.SH,*ST高科,09:39:06,ST板块,首板
20260429,600735.SH,ST新华锦,09:25:32,ST板块,3连板
20260429,600881.SH,亚泰集团,09:42:06,一季报增长,首板
20260429,601233.SH,桐昆股份,13:50:34,一季报增长,首板
20260429,603013.SH,亚普股份,09:30:39,一季报增长,首板
20260429,603017.SH,中衡设计,09:55:52,商业航天,首板
20260429,603026.SH,石大胜华,13:08:24,锂电池,首板
20260429,603083.SH,剑桥科技,11:01:06,通信,首板
20260429,603095.SH,越剑智能,13:16:53,专用设备,3连板
20260429,603139.SH,康惠股份,10:03:45,一季报增长,首板
20260429,603256.SH,宏和科技,09:43:06,通信,首板
20260429,603272.SH,*ST联翔,09:25:45,ST板块,3连板
20260429,603317.SH,天味食品,09:40:22,一季报增长,2连板
20260429,603345.SH,安井食品,09:34:49,一季报增长,首板
20260429,603353.SH,和顺石油,13:34:33,芯片,首板
20260429,603399.SH,永杉锂业,09:56:59,锂电池,2连板
20260429,603489.SH,八方股份,09:35:06,一季报增长,首板
20260429,603508.SH,思维列控,09:37:04,一季报增长,首板
20260429,603516.SH,淳中科技,09:39:14,一季报增长,首板
20260429,603629.SH,利通电子,09:31:37,算力,2连板
20260429,603738.SH,泰晶科技,14:25:39,通信,首板
20260429,603773.SH,沃格光电,11:05:16,芯片,3天2板
20260429,603803.SH,瑞斯康达,09:31:22,通信,首板
20260429,603843.SH,*ST正平,09:32:56,ST板块,2连板
20260429,603906.SH,龙蟠科技,11:13:36,锂电池,首板
20260429,603933.SH,睿能科技,09:30:49,一季报增长,首板
20260429,603937.SH,丽岛新材,09:40:42,锂电池,4天2板
20260429,605006.SH,山东玻纤,09:36:56,化工,3天2板
20260429,605099.SH,共创草坪,09:38:25,体育产业,首板
20260429,605158.SH,华达新材,14:42:30,钢铁,首板
20260429,605168.SH,三人行,09:39:32,算力,2连板
20260429,605299.SH,XD舒华体,09:40:20,体育产业,首板
20260429,688531.SH,日联科技,09:25:38,一季报增长,首板
20260428,000593.SZ,德龙汇能,11:20:51,实控人变更,4天3板
20260428,000609.SZ,*ST中迪,09:25:00,ST板块,11天8板
20260428,000711.SZ,ST京蓝,13:36:45,ST板块,首板
20260428,000752.SZ,*ST西发,09:25:00,ST板块,首板
20260428,000838.SZ,*ST发展,09:25:00,ST板块,2连板
20260428,000889.SZ,中嘉博创,09:31:42,算力,3天2板
20260428,000908.SZ,ST景峰,09:40:39,ST板块,首板
20260428,000967.SZ,盈峰环境,10:37:36,算力,首板
20260428,001266.SZ,宏英智能,09:25:00,一季报增长,首板
20260428,001298.SZ,好上好,09:55:06,芯片,首板
20260428,001358.SZ,兴欣新材,13:10:54,一季报增长,首板
20260428,002081.SZ,金螳螂,09:57:03,芯片,首板
20260428,002175.SZ,东方智造,09:31:24,新型工业化,2连板
20260428,002210.SZ,飞马国际,09:42:33,一季报增长,2连板
20260428,002218.SZ,拓日新能,09:25:00,光伏,首板
20260428,002289.SZ,*ST宇顺,09:32:27,ST板块,2连板
20260428,002297.SZ,博云新材,13:37:12,一季报增长,首板
20260428,002313.SZ,日海智能,09:49:57,算力,3天2板
20260428,002412.SZ,汉森制药,09:36:51,医药,首板
20260428,002569.SZ,*ST步森,09:30:54,ST板块,2连板
20260428,002575.SZ,群兴玩具,11:00:24,算力,首板
20260428,002592.SZ,ST八菱,13:00:18,ST板块,首板
20260428,002647.SZ,仁东控股,09:47:51,算力,首板
20260428,002652.SZ,扬子新材,13:03:30,芯片,首板
20260428,002715.SZ,登云股份,10:42:15,黄金,首板
20260428,002733.SZ,雄韬股份,11:18:09,算力,首板
20260428,002821.SZ,凯莱英,09:39:57,医药,首板
20260428,002902.SZ,铭普光磁,09:35:42,通信,2连板
20260428,002923.SZ,润都股份,09:34:42,医药,首板
20260428,002989.SZ,中天精装,14:43:15,芯片,首板
20260428,003026.SZ,中晶科技,10:00:06,芯片,首板
20260428,300187.SZ,永清环保,10:09:24,一季报增长,首板
20260428,300540.SZ,蜀道装备,13:13:12,芯片,首板
20260428,300905.SZ,宝丽迪,09:30:00,化工,首板
20260428,301261.SZ,恒工精密,09:30:00,一季报增长,首板
20260428,600152.SH,维科技术,09:40:37,钠电池,3连板
20260428,600156.SH,华升股份,09:44:45,算力,首板
20260428,600227.SH,赤天化,09:37:40,化工,首板
20260428,600238.SH,*ST椰岛,09:31:36,ST板块,2连板
20260428,600243.SH,*ST海华,09:25:31,ST板块,首板
20260428,600248.SH,陕建股份,13:49:04,芯片,首板
20260428,600265.SH,*ST景谷,09:25:36,ST板块,3天2板
20260428,600289.SH,ST信通,09:32:03,ST板块,首板
20260428,600320.SH,振华重工,09:46:08,一季报增长,首板
20260428,600379.SH,宝光股份,13:08:13,芯片,首板
20260428,600381.SH,*ST春天,13:03:23,ST板块,首板
20260428,600488.SH,津药药业,09:40:09,医药,首板
20260428,600496.SH,精工钢构,13:41:04,基础建设,首板
20260428,600623.SH,华谊集团,11:17:37,并购重组,首板
20260428,600726.SH,华电能源,14:10:23,电力,4连板
20260428,600735.SH,ST新华锦,09:25:37,ST板块,2连板
20260428,600744.SH,华银电力,13:21:54,电力,首板
20260428,600770.SH,综艺股份,09:57:27,芯片,4天3板
20260428,601101.SH,昊华能源,14:15:29,一季报增长,4天2板
20260428,601177.SH,杭齿前进,11:11:00,一季报增长,首板
20260428,601789.SH,宁波建工,09:34:00,算力,首板
20260428,601828.SH,美凯龙,09:33:22,一季报增长,首板
20260428,603095.SH,越剑智能,09:32:46,新型工业化,2连板
20260428,603215.SH,比依股份,13:02:13,端侧AI,首板
20260428,603259.SH,药明康德,09:35:41,医药,首板
20260428,603283.SH,赛腾股份,09:49:52,芯片,首板
20260428,603317.SH,天味食品,09:25:37,一季报增长,首板
20260428,603318.SH,水发燃气,09:31:03,芯片,7天6板
20260428,603336.SH,宏辉果蔬,09:43:46,并购重组,首板
20260428,603338.SH,浙江鼎力,09:41:15,一季报增长,首板
20260428,603399.SH,永杉锂业,09:35:47,一季报增长,首板
20260428,603557.SH,ST起步,09:30:53,ST板块,2连板
20260428,603629.SH,利通电子,09:25:32,算力,首板
20260428,603779.SH,威龙股份,13:14:25,酿酒,首板
20260428,603813.SH,*ST原尚,14:48:33,ST板块,7天6板
20260428,603843.SH,*ST正平,13:28:07,ST板块,首板
20260428,603931.SH,格林达,09:43:31,芯片,2连板
20260428,605168.SH,三人行,10:58:35,算力,首板
20260428,605287.SH,德才股份,09:37:14,AI视频,2连板
20260428,605289.SH,罗曼股份,09:36:16,算力,2连板
20260427,000056.SZ,*ST皇庭,13:00:03,ST板块,4天2板
20260427,000062.SZ,深圳华强,09:37:48,华为昇腾,4天3板
20260427,000565.SZ,渝三峡Ａ,10:15:54,一季报增长,首板
20260427,000593.SZ,德龙汇能,09:35:57,实控人变更,3天2板
20260427,000609.SZ,*ST中迪,09:25:00,ST板块,10天7板
20260427,000820.SZ,*ST节能,11:28:54,ST板块,首板
20260427,000838.SZ,*ST发展,11:07:18,ST板块,首板
20260427,000925.SZ,众合科技,09:25:00,算力,3连板
20260427,000952.SZ,广济药业,13:51:09,一季报增长,首板
20260427,001211.SZ,双枪科技,10:37:36,零售,2连板
20260427,001332.SZ,锡装股份,09:30:00,一季报增长,首板
20260427,002029.SZ,七匹狼,10:19:45,一季报增长,首板
20260427,002058.SZ,*ST威尔,09:44:36,ST板块,首板
20260427,002115.SZ,三维通信,09:31:30,一季报增长,首板
20260427,002120.SZ,韵达股份,09:35:15,一季报增长,首板
20260427,002134.SZ,天津普林,11:02:00,通信,首板
20260427,002154.SZ,报喜鸟,09:30:00,一季报增长,首板
20260427,002175.SZ,东方智造,14:08:30,新型工业化,首板
20260427,002181.SZ,粤传媒,09:52:39,足球概念,首板
20260427,002210.SZ,飞马国际,09:32:03,一季报增长,首板
20260427,002217.SZ,合力泰,09:33:12,算力,首板
20260427,002227.SZ,*ST特迅,09:48:54,ST板块,首板
20260427,002289.SZ,*ST宇顺,09:31:39,ST板块,首板
20260427,002484.SZ,江海股份,10:01:18,算力,首板
20260427,002560.SZ,通达股份,10:31:12,电气设备,首板
20260427,002569.SZ,*ST步森,13:16:03,ST板块,首板
20260427,002706.SZ,良信股份,13:01:24,电气设备,首板
20260427,002741.SZ,光华科技,13:21:21,锂电池,首板
20260427,002785.SZ,万里石,13:19:15,并购重组,首板
20260427,002902.SZ,铭普光磁,09:30:00,通信,首板
20260427,002932.SZ,*ST明德,14:33:21,ST板块,首板
20260427,003036.SZ,泰坦股份,09:30:03,通信,2连板
20260427,300029.SZ,*ST天龙,13:18:12,ST板块,首板
20260427,300582.SZ,英飞特,10:37:42,一季报增长,首板
20260427,301248.SZ,杰创智能,10:24:18,华为昇腾,首板
20260427,301500.SZ,飞南资源,09:25:00,一季报增长,首板
20260427,600152.SH,维科技术,13:01:14,钠电池,2连板
20260427,600238.SH,*ST椰岛,09:32:28,ST板块,首板
20260427,600246.SH,万通发展,10:38:15,芯片,首板
20260427,600338.SH,西藏珠峰,09:37:45,锂电池,2连板
20260427,600396.SH,华电辽能,10:05:24,绿色电力,5天4板
20260427,600400.SH,红豆股份,10:39:29,机器人概念,首板
20260427,600418.SH,江淮汽车,13:02:18,汽车零部件,首板
20260427,600433.SH,冠豪高新,09:37:38,一季报增长,首板
20260427,600637.SH,东方明珠,09:30:27,算力,首板
20260427,600693.SH,东百集团,11:10:19,一季报增长,首板
20260427,600696.SH,*ST岩石,13:21:11,ST板块,7连板
20260427,600707.SH,彩虹股份,14:29:14,芯片,首板
20260427,600726.SH,华电能源,13:13:26,绿色电力,3连板
20260427,600735.SH,ST新华锦,09:25:55,ST板块,首板
20260427,600815.SH,厦工股份,10:26:27,基础建设,首板
20260427,600830.SH,香溢融通,13:50:43,一季报增长,首板
20260427,603095.SH,越剑智能,11:28:25,新型工业化,首板
20260427,603110.SH,东方材料,10:41:20,算力,首板
20260427,603125.SH,常青科技,09:33:16,芯片,首板
20260427,603211.SH,晋拓股份,13:09:10,机器人概念,首板
20260427,603228.SH,景旺电子,09:47:41,通信,首板
20260427,603272.SH,联翔股份,09:32:13,股权转让,2连板
20260427,603318.SH,水发燃气,09:30:35,芯片,6天5板
20260427,603486.SH,科沃斯,09:37:18,机器人概念,首板
20260427,603501.SH,豪威集团,11:00:04,芯片,首板
20260427,603557.SH,ST起步,10:23:46,ST板块,首板
20260427,603579.SH,荣泰健康,09:37:14,一季报增长,首板
20260427,603580.SH,*ST艾艾,11:28:25,ST板块,首板
20260427,603610.SH,麒盛科技,11:21:56,智能家居,首板
20260427,603626.SH,科森科技,13:06:08,机器人概念,首板
20260427,603657.SH,春光科技,09:38:18,机器人概念,首板
20260427,603721.SH,*ST天择,13:29:18,ST板块,首板
20260427,603726.SH,朗迪集团,10:05:02,机器人概念,首板
20260427,603773.SH,沃格光电,09:32:13,芯片,首板
20260427,603813.SH,*ST原尚,13:12:28,ST板块,6天5板
20260427,603931.SH,格林达,09:42:21,芯片,首板
20260427,605006.SH,山东玻纤,09:41:30,玻纤,首板
20260427,605118.SH,力鼎光电,09:43:15,消费电子,首板
20260427,605138.SH,盛泰集团,09:30:03,一季报增长,首板
20260427,605287.SH,德才股份,10:24:19,AI视频,首板
20260427,605289.SH,罗曼股份,09:53:52,算力,首板
20260427,605336.SH,*ST帅电,09:25:31,ST板块,2连板
20260427,688001.SH,华兴源创,13:27:19,并购重组,首板
20260427,688184.SH,ST帕瓦,10:09:15,ST板块,首板
20260427,688221.SH,前沿生物,09:33:55,一季报增长,首板
20260427,688381.SH,帝奥微,11:12:58,芯片,首板
20260427,688530.SH,欧莱新材,09:30:53,芯片,首板
20260427,688677.SH,海泰新光,09:34:01,通信,首板
20260424,000062.SZ,深圳华强,10:48:21,华为昇腾,3天2板
20260424,000504.SZ,*ST生物,14:01:03,ST板块,首板
20260424,000546.SZ,金圆股份,10:27:45,锂电池,首板
20260424,000609.SZ,*ST中迪,09:25:00,ST板块,9天6板
20260424,000889.SZ,中嘉博创,10:14:48,算力,首板
20260424,000906.SZ,浙商中拓,09:43:39,物流,首板
20260424,000925.SZ,众合科技,09:30:00,商业航天,2连板
20260424,000973.SZ,佛塑科技,13:22:18,锂电池,首板
20260424,001211.SZ,双枪科技,10:34:24,零售,首板
20260424,001234.SZ,泰慕士,09:46:45,服装家纺,3连板
20260424,001339.SZ,智微智能,13:34:27,算力,首板
20260424,002127.SZ,南极电商,10:09:03,一季报增长,首板
20260424,002176.SZ,江特电机,10:36:09,锂电池,首板
20260424,002192.SZ,融捷股份,10:47:12,锂电池,首板
20260424,002240.SZ,盛新锂能,14:01:45,锂电池,首板
20260424,002290.SZ,禾盛新材,09:25:00,芯片,首板
20260424,002313.SZ,日海智能,09:31:24,算力,首板
20260424,002331.SZ,皖通科技,10:51:33,华为昇腾,首板
20260424,002406.SZ,远东传动,13:02:33,华为昇腾,首板
20260424,002407.SZ,多氟多,14:07:12,锂电池,首板
20260424,002528.SZ,ST英飞拓,09:31:27,ST板块,首板
20260424,002620.SZ,ST瑞和,13:48:51,ST板块,5天4板
20260424,002756.SZ,永兴材料,14:04:54,锂电池,首板
20260424,002787.SZ,华源控股,09:34:42,芯片,2连板
20260424,002795.SZ,永和智控,09:59:21,股权转让,首板
20260424,002810.SZ,山东赫达,13:06:00,一季报增长,首板
20260424,002812.SZ,恩捷股份,10:40:21,锂电池,首板
20260424,002990.SZ,盛视科技,13:39:54,算力,首板
20260424,002999.SZ,天禾股份,09:52:57,农业,首板
20260424,003036.SZ,泰坦股份,09:41:45,电子布,首板
20260424,300283.SZ,温州宏丰,10:15:57,锂电池,首板
20260424,300422.SZ,博世科,09:31:24,一季报增长,首板
20260424,300613.SZ,富瀚微,09:31:51,一季报增长,首板
20260424,301077.SZ,星华新材,13:00:00,华为昇腾,首板
20260424,600152.SH,维科技术,09:36:07,钠电池,首板
20260424,600208.SH,衢州发展,10:04:34,芯片,首板
20260424,600338.SH,西藏珠峰,10:41:53,锂电池,首板
20260424,600370.SH,三房巷,10:03:31,化工,首板
20260424,600499.SH,科达制造,10:37:18,锂电池,首板
20260424,600527.SH,江南高纤,09:47:24,化工,首板
20260424,600537.SH,亿晶光电,14:18:08,光伏,首板
20260424,600545.SH,卓郎智能,14:41:44,电子布,首板
20260424,600633.SH,浙数文化,10:35:45,华为昇腾,首板
20260424,600696.SH,*ST岩石,09:30:13,ST板块,6连板
20260424,600726.SH,华电能源,09:34:57,电力,2连板
20260424,600770.SH,综艺股份,09:25:44,芯片,2连板
20260424,600826.SH,兰生股份,09:30:37,年报增长,首板
20260424,603016.SH,新宏泰,09:35:43,智能电网,首板
20260424,603060.SH,国检集团,09:43:40,商业航天,2连板
20260424,603066.SH,音飞储存,09:30:00,一季报增长,首板
20260424,603272.SH,联翔股份,09:38:45,股权转让,首板
20260424,603318.SH,水发燃气,09:25:59,燃气轮机,5天4板
20260424,603365.SH,水星家纺,09:37:56,一季报增长,首板
20260424,603389.SH,*ST亚振,10:55:41,ST板块,首板
20260424,603390.SH,通达电气,10:24:39,一季报增长,2连板
20260424,603520.SH,司太立,10:33:12,锂电池,首板
20260424,603559.SH,ST通脉,13:55:50,ST板块,首板
20260424,603599.SH,广信股份,10:13:10,农业,首板
20260424,603655.SH,朗博科技,10:16:01,汽车零部件,首板
20260424,603680.SH,今创集团,13:03:32,商业航天,首板
20260424,603789.SH,*ST星农,10:41:46,ST板块,首板
20260424,603819.SH,神力股份,13:43:36,发电机,首板
20260424,603876.SH,鼎胜新材,13:25:41,锂电池,首板
20260424,603937.SH,丽岛新材,13:17:41,锂电池,首板
20260424,603967.SH,中创物流,09:39:18,一季报增长,首板
20260424,605336.SH,*ST帅电,09:40:14,ST板块,首板
20260424,688268.SH,华特气体,09:35:52,芯片,4天2板
20260424,688633.SH,星球石墨,10:12:15,一季报增长,首板
20260423,000488.SZ,ST晨鸣,13:42:21,ST板块,首板
20260423,000537.SZ,绿发电力,09:37:06,绿色电力,首板
20260423,000593.SZ,德龙汇能,10:04:27,天然气,首板
20260423,000609.SZ,*ST中迪,09:25:00,ST板块,8天5板
20260423,000715.SZ,中兴商业,09:59:03,零售,3天2板
20260423,000890.SZ,法尔胜,09:37:18,股权转让,首板
20260423,000925.SZ,众合科技,10:11:45,商业航天,首板
20260423,001215.SZ,千味央厨,13:47:18,食品饮料,首板
20260423,001234.SZ,泰慕士,09:39:45,服装家纺,2连板
20260423,001267.SZ,汇绿生态,13:20:09,通信,首板
20260423,001314.SZ,亿道信息,09:30:51,一季报增长,首板
20260423,002008.SZ,大族激光,13:21:51,算力,首板
20260423,002024.SZ,ST易购,14:03:42,ST板块,首板
20260423,002081.SZ,金螳螂,09:30:33,商业航天,5连板
20260423,002242.SZ,九阳股份,10:31:03,家电,4天2板
20260423,002301.SZ,齐心集团,09:39:18,文创产品,首板
20260423,002429.SZ,兆驰股份,09:35:57,通信,首板
20260423,002448.SZ,中原内配,14:07:36,发电机,首板
20260423,002490.SZ,山东墨龙,11:11:51,天然气,首板
20260423,002606.SZ,大连电瓷,09:25:00,绿色电力,首板
20260423,002787.SZ,华源控股,09:37:09,芯片,首板
20260423,002793.SZ,罗欣药业,09:50:18,一季报增长,首板
20260423,002971.SZ,和远气体,13:49:30,芯片,首板
20260423,003022.SZ,联泓新科,10:29:42,芯片,首板
20260423,300061.SZ,旗天科技,09:35:51,一季报增长,首板
20260423,300067.SZ,安诺其,09:25:00,并购重组,3连板
20260423,300590.SZ,移为通信,09:30:00,一季报增长,首板
20260423,300721.SZ,怡达股份,09:25:00,芯片,首板
20260423,300970.SZ,华绿生物,10:18:21,一季报增长,首板
20260423,600052.SH,东望时代,13:30:58,并购重组,2连板
20260423,600186.SH,莲花控股,10:00:41,算力,首板
20260423,600265.SH,ST景谷,10:34:05,ST板块,首板
20260423,600310.SH,广西能源,13:42:59,绿色电力,首板
20260423,600381.SH,*ST春天,09:54:00,ST板块,4天3板
20260423,600396.SH,华电辽能,13:43:22,绿色电力,3连板
20260423,600599.SH,*ST熊猫,09:46:44,ST板块,3天2板
20260423,600696.SH,*ST岩石,09:30:12,ST板块,5连板
20260423,600726.SH,华电能源,10:34:58,绿色电力,首板
20260423,600736.SH,苏州高新,09:25:32,商业航天,3连板
20260423,600770.SH,综艺股份,09:51:05,芯片,首板
20260423,600986.SH,浙文互联,09:44:29,算力,首板
20260423,601016.SH,节能风电,13:36:37,绿色电力,首板
20260423,601101.SH,昊华能源,09:33:40,一季报增长,首板
20260423,601512.SH,中新集团,09:34:39,创投,2连板
20260423,601778.SH,晶科科技,13:11:50,绿色电力,首板
20260423,603017.SH,中衡设计,10:06:01,商业航天,4天3板
20260423,603060.SH,国检集团,10:19:20,商业航天,首板
20260423,603198.SH,迎驾贡酒,09:45:11,一季报增长,首板
20260423,603220.SH,中贝通信,13:55:39,算力,首板
20260423,603308.SH,应流股份,09:41:44,燃气轮机,首板
20260423,603315.SH,福鞍股份,09:25:46,燃气轮机,首板
20260423,603318.SH,水发燃气,09:25:50,燃气轮机,4天3板
20260423,603390.SH,通达电气,09:25:39,一季报增长,首板
20260423,603538.SH,美诺华,14:24:08,减肥药,首板
20260423,603618.SH,杭电股份,09:35:07,通信,2连板
20260423,603709.SH,中源家居,11:26:12,智能家居,首板
20260423,603813.SH,*ST原尚,09:25:59,ST板块,4连板
20260423,603912.SH,佳力图,10:01:31,算力,4天2板
20260422,000062.SZ,深圳华强,13:21:21,芯片,首板
20260422,000669.SZ,ST金鸿,09:30:03,ST板块,首板
20260422,000711.SZ,ST京蓝,10:58:27,ST板块,7天4板
20260422,000751.SZ,锌业股份,09:50:39,有色金属,首板
20260422,000811.SZ,冰轮环境,10:26:30,算力,首板
20260422,000990.SZ,诚志股份,10:51:21,化工,首板
20260422,001234.SZ,泰慕士,13:54:03,服装家纺,首板
20260422,001270.SZ,*ST铖昌,14:23:51,ST板块,3天2板
20260422,002005.SZ,ST德豪,13:22:21,ST板块,首板
20260422,002081.SZ,金螳螂,09:25:00,商业航天,4连板
20260422,002194.SZ,武汉凡谷,09:25:00,通信,首板
20260422,002201.SZ,九鼎新材,09:32:24,商业航天,2连板
20260422,002256.SZ,兆新股份,13:17:18,电力,首板
20260422,002360.SZ,同德化工,09:35:03,化工,首板
20260422,002384.SZ,东山精密,11:28:03,芯片,首板
20260422,002397.SZ,梦洁股份,10:43:21,服装家纺,首板
20260422,002418.SZ,康盛股份,11:19:24,算力,4天3板
20260422,002428.SZ,云南锗业,11:02:06,芯片,4天3板
20260422,002432.SZ,九安医疗,14:49:15,创投,首板
20260422,002443.SZ,金洲管道,11:17:45,一季报增长,首板
20260422,002588.SZ,史丹利,09:32:00,一季报增长,首板
20260422,002620.SZ,ST瑞和,09:37:30,ST板块,3连板
20260422,002636.SZ,金安国纪,13:23:06,通信,首板
20260422,002796.SZ,世嘉科技,11:07:57,通信,4天2板
20260422,002938.SZ,鹏鼎控股,14:09:15,通信,首板
20260422,003018.SZ,金富科技,09:31:03,算力,4连板
20260422,300067.SZ,安诺其,09:25:00,并购重组,2连板
20260422,300890.SZ,翔丰华,09:30:36,钠电池,首板
20260422,301003.SZ,江苏博云,10:11:51,化工,首板
20260422,600052.SH,东望时代,09:57:45,并购重组,首板
20260422,600105.SH,永鼎股份,09:37:15,通信,首板
20260422,600126.SH,杭钢股份,13:26:29,算力,首板
20260422,600184.SH,光电股份,09:57:10,通信,3天2板
20260422,600234.SH,科新发展,10:47:17,再融资,4天3板
20260422,600330.SH,天通股份,10:13:34,通信,4天3板
20260422,600396.SH,华电辽能,09:38:42,电力,2连板
20260422,600446.SH,金证股份,10:45:52,金融科技,首板
20260422,600487.SH,亨通光电,10:21:19,通信,首板
20260422,600641.SH,先导基电,13:00:33,芯片,4天2板
20260422,600683.SH,京投发展,10:01:18,地产链,6天4板
20260422,600696.SH,*ST岩石,09:35:39,ST板块,4连板
20260422,600703.SH,三安光电,09:44:57,芯片,4天2板
20260422,600736.SH,苏州高新,09:31:01,商业航天,2连板
20260422,600815.SH,厦工股份,09:33:41,基础建设,首板
20260422,600869.SH,远东股份,13:23:43,通信,首板
20260422,601061.SH,中信金属,09:34:25,一季报增长,首板
20260422,601512.SH,中新集团,14:35:20,创投,首板
20260422,603115.SH,海星股份,09:31:01,元器件,2连板
20260422,603318.SH,水发燃气,09:52:34,芯片,3天2板
20260422,603496.SH,恒为科技,10:39:22,算力,首板
20260422,603606.SH,东方电缆,09:39:42,一季报增长,首板
20260422,603618.SH,杭电股份,09:49:46,通信,首板
20260422,603637.SH,镇海股份,13:42:55,实控人变更,首板
20260422,603773.SH,沃格光电,10:14:30,芯片,10天6板
20260422,603813.SH,*ST原尚,09:25:43,ST板块,3连板
20260422,603822.SH,ST嘉澳,09:50:35,ST板块,首板
20260422,603903.SH,中持股份,10:37:51,实控人变更,首板
20260422,603906.SH,龙蟠科技,14:11:48,一季报增长,首板
20260422,605365.SH,立达信,10:36:17,地产链,2连板
20260422,605376.SH,博迁新材,09:37:43,有色金属,首板
20260422,605588.SH,冠石科技,11:04:49,芯片,首板
20260422,688048.SH,长光华芯,09:50:26,芯片,首板
20260421,000056.SZ,皇庭国际,10:14:54,锂电池,首板
20260421,000539.SZ,粤电力Ａ,10:23:33,电力,首板
20260421,000609.SZ,ST中迪,09:25:59,ST板块,7天4板
20260421,000690.SZ,宝新能源,11:29:18,电力,首板
20260421,000715.SZ,中兴商业,14:42:09,零售,首板
20260421,000802.SZ,北京文化,09:30:00,文化传媒,首板
20260421,000819.SZ,岳阳兴长,13:32:12,化工,首板
20260421,000980.SZ,众泰汽车,09:44:39,汽车类,首板
20260421,001268.SZ,联合精密,09:41:06,军工,4天2板
20260421,002081.SZ,金螳螂,09:30:24,商业航天,3连板
20260421,002201.SZ,九鼎新材,14:51:45,商业航天,首板
20260421,002289.SZ,*ST宇顺,09:57:42,ST板块,2连板
20260421,002338.SZ,奥普光电,10:05:21,商业航天,首板
20260421,002342.SZ,巨力索具,14:56:51,商业航天,首板
20260421,002361.SZ,神剑股份,09:36:15,商业航天,5天3板
20260421,002565.SZ,顺灏股份,09:25:59,商业航天,首板
20260421,002620.SZ,ST瑞和,09:33:18,ST板块,2连板
20260421,002752.SZ,昇兴股份,09:25:59,一季报增长,首板
20260421,002846.SZ,英联股份,13:05:21,锂电池,首板
20260421,002853.SZ,皮阿诺,10:44:54,AI应用,首板
20260421,002950.SZ,奥美医疗,11:11:36,医疗器械,首板
20260421,002952.SZ,亚世光电,10:25:12,面板,首板
20260421,002982.SZ,湘佳股份,14:17:12,鸡肉,首板
20260421,003018.SZ,金富科技,09:36:21,算力,3连板
20260421,003027.SZ,同兴科技,10:50:51,钠电池,首板
20260421,300067.SZ,安诺其,09:25:59,并购重组,首板
20260421,300533.SZ,冰川网络,10:13:03,年报增长,首板
20260421,301022.SZ,海泰科,09:30:00,并购重组,首板
20260421,301486.SZ,致尚科技,13:03:21,算力,首板
20260421,600032.SH,浙江新能,11:25:16,电力,首板
20260421,600103.SH,青山纸业,10:39:16,通信,2连板
20260421,600107.SH,ST尔雅,13:22:43,ST板块,首板
20260421,600243.SH,*ST海华,09:32:10,ST板块,2连板
20260421,600261.SH,阳光照明,10:47:47,氢能源,首板
20260421,600308.SH,华泰股份,13:01:44,造纸,首板
20260421,600381.SH,*ST春天,09:52:42,ST板块,2连板
20260421,600396.SH,华电辽能,11:26:16,电力,首板
20260421,600421.SH,*ST华嵘,09:34:49,ST板块,首板
20260421,600520.SH,三佳科技,14:55:44,芯片,3天2板
20260421,600599.SH,*ST熊猫,13:00:14,ST板块,首板
20260421,600636.SH,*ST国化,13:11:33,ST板块,首板
20260421,600678.SH,四川金顶,09:31:15,商业航天,首板
20260421,600696.SH,*ST岩石,09:41:31,ST板块,3连板
20260421,600699.SH,均胜电子,14:27:15,通信,首板
20260421,600715.SH,文投控股,10:02:37,AI应用,首板
20260421,600736.SH,苏州高新,09:52:41,商业航天,首板
20260421,600961.SH,株冶集团,09:25:37,一季报增长,4连板
20260421,600979.SH,广安爱众,11:27:13,电力,2连板
20260421,603016.SH,新宏泰,09:42:24,智能电网,首板
20260421,603017.SH,中衡设计,09:30:00,商业航天,2连板
20260421,603030.SH,全筑股份,09:37:06,装修家具,首板
20260421,603115.SH,海星股份,10:46:03,元器件,首板
20260421,603178.SH,圣龙股份,09:39:32,汽车零部件,3连板
20260421,603335.SH,迪生力,09:34:21,汽车零部件,首板
20260421,603738.SH,泰晶科技,09:55:34,通信,3天2板
20260421,603788.SH,宁波高发,13:43:15,年报增长,首板
20260421,603813.SH,*ST原尚,14:07:53,ST板块,2连板
20260421,603815.SH,交建股份,10:01:06,基础建设,首板
20260421,603843.SH,*ST正平,09:25:44,ST板块,2连板
20260421,603898.SH,好莱客,13:02:20,AI应用,首板
20260421,605298.SH,必得科技,10:04:18,股权转让,3天2板
20260421,605365.SH,立达信,14:18:20,装修家具,首板
20260421,688020.SH,方邦股份,13:01:58,通信,首板
20260421,688268.SH,华特气体,10:46:42,芯片,首板
20260421,688661.SH,和林微纳,10:10:01,芯片,首板
20260420,000404.SZ,长虹华意,09:34:42,一季报增长,首板
20260420,000586.SZ,汇源通信,10:50:36,通信,首板
20260420,000609.SZ,ST中迪,09:25:00,ST板块,6天3板
20260420,000752.SZ,ST西发,09:31:03,ST板块,首板
20260420,000880.SZ,潍柴重机,10:17:18,发电机,首板
20260420,000949.SZ,新乡化纤,13:22:21,化工,首板
20260420,001229.SZ,魅视科技,09:54:36,商业航天,首板
20260420,001270.SZ,*ST铖昌,10:04:03,ST板块,首板
20260420,001366.SZ,播恩集团,13:02:39,农业,首板
20260420,001400.SZ,江顺科技,13:24:15,商业航天,2连板
20260420,001896.SZ,豫能控股,10:24:18,电力,4天2板
20260420,002081.SZ,金螳螂,11:06:09,商业航天,2连板
20260420,002149.SZ,西部材料,09:56:54,商业航天,首板
20260420,002217.SZ,合力泰,09:30:00,算力,2连板
20260420,002242.SZ,九阳股份,14:42:42,家电,首板
20260420,002289.SZ,*ST宇顺,09:34:03,ST板块,首板
20260420,002297.SZ,博云新材,09:34:33,商业航天,6连板
20260420,002300.SZ,太阳电缆,10:02:57,智能电网,首板
20260420,002309.SZ,中利集团,10:17:57,光伏,首板
20260420,002324.SZ,普利特,11:13:00,商业航天,首板
20260420,002331.SZ,皖通科技,09:41:51,华为概念,首板
20260420,002361.SZ,神剑股份,13:31:30,商业航天,4天2板
20260420,002418.SZ,康盛股份,09:30:00,算力,2连板
20260420,002428.SZ,云南锗业,09:44:30,芯片,2连板
20260420,002491.SZ,通鼎互联,09:30:54,通信,3天2板
20260420,002492.SZ,恒基达鑫,13:03:33,化工,首板
20260420,002496.SZ,*ST辉丰,09:25:00,ST板块,首板
20260420,002512.SZ,ST达华,11:23:54,ST板块,首板
20260420,002536.SZ,飞龙股份,09:50:09,算力,首板
20260420,002560.SZ,通达股份,09:31:15,智能电网,首板
20260420,002620.SZ,ST瑞和,10:47:51,ST板块,首板
20260420,002647.SZ,仁东控股,09:30:18,ST摘帽,首板
20260420,002686.SZ,亿利达,09:35:18,算力,首板
20260420,002692.SZ,远程股份,09:41:03,智能电网,首板
20260420,002803.SZ,吉宏股份,10:21:18,AI应用,首板
20260420,002843.SZ,泰嘉股份,09:25:00,电源,首板
20260420,002885.SZ,京泉华,10:45:54,智能电网,首板
20260420,002935.SZ,天奥电子,13:24:21,商业航天,首板
20260420,003006.SZ,百亚股份,09:32:36,一季报增长,首板
20260420,003018.SZ,金富科技,10:17:48,算力,2连板
20260420,003023.SZ,彩虹集团,09:37:12,家电,首板
20260420,300540.SZ,蜀道装备,09:45:39,商业航天,首板
20260420,301265.SZ,华新科技,13:45:42,芯片,首板
20260420,600072.SH,中船科技,14:01:51,化工,首板
20260420,600103.SH,青山纸业,13:43:11,通信,首板
20260420,600118.SH,中国卫星,10:59:09,商业航天,首板
20260420,600149.SH,廊坊发展,09:48:09,热力,首板
20260420,600156.SH,华升股份,09:31:16,算力,3连板
20260420,600184.SH,光电股份,09:41:31,通信,首板
20260420,600206.SH,有研新材,13:03:33,芯片,首板
20260420,600234.SH,科新发展,09:37:22,再融资,2连板
20260420,600243.SH,*ST海华,13:16:56,ST板块,首板
20260420,600330.SH,天通股份,09:25:33,通信,2连板
20260420,600381.SH,*ST春天,13:30:34,ST板块,首板
20260420,600433.SH,冠豪高新,10:39:25,包装印刷,首板
20260420,600522.SH,中天科技,09:46:54,通信,首板
20260420,600590.SH,泰豪科技,09:30:17,发电机,首板
20260420,600601.SH,方正科技,09:35:39,通信,首板
20260420,600696.SH,*ST岩石,10:25:08,ST板块,2连板
20260420,600707.SH,彩虹股份,09:32:04,芯片,2连板
20260420,600800.SH,渤海化学,09:45:55,化工,首板
20260420,600872.SH,中炬高新,09:47:59,一季报增长,首板
20260420,600961.SH,株冶集团,09:25:42,一季报增长,3连板
20260420,600979.SH,广安爱众,10:17:08,电力,首板
20260420,601698.SH,中国卫通,13:08:07,商业航天,首板
20260420,603017.SH,中衡设计,09:33:08,商业航天,首板
20260420,603025.SH,大豪科技,09:31:34,一季报增长,首板
20260420,603052.SH,可川科技,10:32:41,通信,3连板
20260420,603057.SH,紫燕食品,10:04:37,年报增长,首板
20260420,603108.SH,润达医疗,13:11:28,AI应用,首板
20260420,603130.SH,云中马,09:45:18,商业航天,首板
20260420,603178.SH,圣龙股份,09:31:48,汽车零部件,2连板
20260420,603261.SH,*ST立航,14:06:39,ST板块,首板
20260420,603268.SH,松发股份,09:34:39,ST摘帽,3连板
20260420,603318.SH,水发燃气,13:08:52,燃气轮机,首板
20260420,603332.SH,苏州龙杰,11:13:04,年报增长,首板
20260420,603489.SH,八方股份,11:14:04,两轮车,首板
20260420,603595.SH,ST东尼,09:41:47,ST板块,首板
20260420,603699.SH,纽威股份,09:33:16,年报增长,首板
20260420,603773.SH,沃格光电,09:30:46,芯片,8天5板
20260420,603778.SH,国晟科技,09:46:35,光伏,首板
20260420,603789.SH,*ST星农,09:55:55,ST板块,首板
20260420,603813.SH,*ST原尚,09:32:33,ST板块,首板
20260420,603843.SH,*ST正平,09:38:03,ST板块,首板
20260420,603912.SH,佳力图,09:37:12,算力,首板
20260420,605162.SH,新中港,09:39:51,电力,首板
20260420,605168.SH,三人行,09:34:39,算力,首板
20260420,605222.SH,起帆电缆,09:41:16,商业航天,4天2板
20260420,605299.SH,舒华体育,09:38:56,体育产业,首板
20260420,688811.SH,有研复材,09:51:30,商业航天,首板
20260417,000037.SZ,深南电A,09:34:03,电力,首板
20260417,000711.SZ,ST京蓝,10:08:42,ST板块,4天3板
20260417,000936.SZ,华西股份,11:18:12,芯片,首板
20260417,001330.SZ,博纳影业,13:48:09,影视院线,首板
20260417,001389.SZ,广合科技,11:13:36,通信,首板
20260417,001400.SZ,江顺科技,13:58:36,算力,首板
20260417,002081.SZ,金螳螂,09:31:21,地产链,首板
20260417,002108.SZ,沧州明珠,09:34:03,锂电池,首板
20260417,002203.SZ,海亮股份,09:30:12,算力,首板
20260417,002217.SZ,合力泰,09:53:18,算力,首板
20260417,002259.SZ,升达林业,09:59:09,年报增长,首板
20260417,002281.SZ,光迅科技,10:58:00,通信,首板
20260417,002297.SZ,博云新材,09:36:51,一季报增长,5连板
20260417,002418.SZ,康盛股份,10:23:57,算力,首板
20260417,002428.SZ,云南锗业,09:42:42,芯片,首板
20260417,002487.SZ,大金重工,09:31:15,风电,首板
20260417,002528.SZ,ST英飞拓,10:22:24,ST板块,2连板
20260417,002547.SZ,春兴精工,14:15:24,通信,首板
20260417,002580.SZ,圣阳股份,09:33:30,算力,7连板
20260417,002628.SZ,成都路桥,10:08:21,机器人概念,首板
20260417,002630.SZ,ST华西,14:42:06,ST板块,4天3板
20260417,002706.SZ,良信股份,13:46:18,智能电网,首板
20260417,002796.SZ,世嘉科技,13:22:39,通信,首板
20260417,002802.SZ,洪汇新材,09:41:12,化工,2连板
20260417,002866.SZ,传艺科技,14:34:48,钠电池,首板
20260417,002940.SZ,昂利康,10:17:09,医药,2连板
20260417,002957.SZ,科瑞技术,09:49:36,通信,首板
20260417,002975.SZ,博杰股份,13:03:54,芯片,首板
20260417,002980.SZ,华盛昌,10:27:48,通信,5天3板
20260417,002990.SZ,盛视科技,09:37:12,算力,4连板
20260417,003018.SZ,金富科技,10:25:24,算力,首板
20260417,003031.SZ,中瓷电子,13:19:03,通信,首板
20260417,300776.SZ,帝尔激光,09:46:27,芯片,首板
20260417,300806.SZ,斯迪克,13:54:21,芯片,首板
20260417,300905.SZ,宝丽迪,09:35:42,化工,2连板
20260417,301237.SZ,和顺科技,11:05:45,碳纤维,首板
20260417,301319.SZ,唯特偶,13:10:39,芯片,首板
20260417,600152.SH,维科技术,13:06:33,钠电池,5天3板
20260417,600156.SH,华升股份,09:30:40,算力,2连板
20260417,600208.SH,衢州发展,10:06:38,芯片,首板
20260417,600234.SH,科新发展,09:36:06,地产链,首板
20260417,600330.SH,天通股份,09:25:41,通信,首板
20260417,600520.SH,三佳科技,10:25:39,芯片,首板
20260417,600552.SH,凯盛科技,13:06:37,芯片,首板
20260417,600641.SH,先导基电,10:47:20,芯片,首板
20260417,600683.SH,京投发展,09:32:26,地产链,3连板
20260417,600696.SH,*ST岩石,09:59:57,ST板块,首板
20260417,600703.SH,三安光电,13:00:10,芯片,首板
20260417,600707.SH,彩虹股份,09:41:10,芯片,首板
20260417,600727.SH,鲁北化工,09:33:34,一季报增长,首板
20260417,600961.SH,株冶集团,09:25:39,一季报增长,2连板
20260417,600962.SH,国投中鲁,10:41:13,芯片,首板
20260417,601619.SH,嘉泽新能,13:09:05,化工,首板
20260417,603031.SH,安孚科技,10:33:05,通信,首板
20260417,603052.SH,可川科技,10:33:46,通信,2连板
20260417,603063.SH,禾望电气,13:04:42,智能电网,3天2板
20260417,603083.SH,剑桥科技,09:40:25,通信,首板
20260417,603118.SH,共进股份,09:35:53,通信,首板
20260417,603178.SH,圣龙股份,10:02:21,汽车零部件,首板
20260417,603203.SH,快克智能,11:17:01,通信,首板
20260417,603278.SH,大业股份,10:06:06,机器人概念,首板
20260417,603315.SH,福鞍股份,09:48:12,燃气轮机,2连板
20260417,603557.SH,ST起步,13:47:52,ST板块,首板
20260417,603629.SH,利通电子,10:40:34,算力,4天3板
20260417,603738.SH,泰晶科技,13:52:09,通信,首板
20260417,603773.SH,沃格光电,09:42:43,芯片,7天4板
20260417,603922.SH,金鸿顺,10:25:50,汽车零部件,首板
20260417,603926.SH,铁流股份,13:35:56,机器人概念,首板
20260417,605298.SH,必得科技,10:18:22,股权转让,首板
20260417,605388.SH,均瑶健康,09:31:12,保健品,3连板
20260417,688227.SH,品高股份,09:30:13,算力,2连板
20260417,688560.SH,明冠新材,13:13:50,光伏,首板
20260417,688628.SH,优利德,10:39:23,通信,首板
20260417,688807.SH,优迅股份,10:59:12,芯片,首板
20260416,000004.SZ,*ST国华,09:25:00,ST板块,3连板
20260416,000070.SZ,特发信息,11:02:21,通信,首板
20260416,000546.SZ,金圆股份,10:00:15,锂电池,首板
20260416,000570.SZ,苏常柴Ａ,09:40:12,一季报增长,首板
20260416,000571.SZ,新大洲A,10:18:06,煤炭,首板
20260416,000593.SZ,德龙汇能,11:23:06,实控人变更,首板
20260416,000609.SZ,ST中迪,09:30:06,ST板块,4天2板
20260416,000657.SZ,中钨高新,10:46:51,有色金属,首板
20260416,000711.SZ,ST京蓝,14:39:54,ST板块,3天2板
20260416,000762.SZ,西藏矿业,13:42:36,锂电池,首板
20260416,000782.SZ,恒申新材,09:38:03,化工,首板
20260416,000815.SZ,美利云,09:35:06,算力,首板
20260416,000967.SZ,盈峰环境,09:40:30,算力,3天2板
20260416,001203.SZ,大中矿业,09:46:45,锂电池,4天2板
20260416,001230.SZ,劲旅环境,10:06:24,环保,首板
20260416,001268.SZ,联合精密,09:38:39,家电,首板
20260416,002008.SZ,大族激光,11:11:42,算力,首板
20260416,002033.SZ,丽江股份,13:09:06,旅游,2连板
20260416,002062.SZ,宏润建设,10:17:03,机器人概念,首板
20260416,002209.SZ,达意隆,13:31:39,机器人概念,首板
20260416,002213.SZ,大为股份,09:59:03,锂电池,3天2板
20260416,002237.SZ,恒邦股份,13:18:30,有色金属,首板
20260416,002263.SZ,大东南,09:31:06,锂电池,首板
20260416,002297.SZ,博云新材,09:25:00,一季报增长,4连板
20260416,002333.SZ,罗普斯金,13:57:48,光伏,首板
20260416,002421.SZ,达实智能,09:44:21,算力,首板
20260416,002468.SZ,申通快递,09:33:54,一季报增长,2连板
20260416,002491.SZ,通鼎互联,14:30:27,通信,首板
20260416,002528.SZ,ST英飞拓,14:48:42,ST板块,首板
20260416,002580.SZ,圣阳股份,09:37:24,算力,6连板
20260416,002581.SZ,ST未名,13:46:21,ST板块,首板
20260416,002595.SZ,豪迈科技,13:01:54,燃气轮机,首板
20260416,002613.SZ,北玻股份,10:07:12,光伏,首板
20260416,002726.SZ,龙大美食,09:25:00,农业,首板
20260416,002757.SZ,南兴股份,10:32:03,算力,首板
20260416,002771.SZ,真视通,09:32:15,算力,首板
20260416,002802.SZ,洪汇新材,10:37:42,化工,首板
20260416,002848.SZ,*ST高斯,14:48:36,ST板块,首板
20260416,002850.SZ,科达利,09:52:06,锂电池,首板
20260416,002859.SZ,洁美科技,13:00:24,锂电池,首板
20260416,002875.SZ,安奈儿,10:32:15,服装家纺,首板
20260416,002929.SZ,润建股份,14:14:18,算力,7天3板
20260416,002940.SZ,昂利康,09:39:06,医药,首板
20260416,002990.SZ,盛视科技,09:44:39,算力,3连板
20260416,003041.SZ,真爱美家,10:09:03,实控人变更,首板
20260416,300027.SZ,华谊兄弟,09:25:00,文化传媒,首板
20260416,300736.SZ,百邦科技,13:04:27,实控人变更,首板
20260416,300798.SZ,锦鸡股份,10:57:12,算力,首板
20260416,300905.SZ,宝丽迪,09:32:57,化工,首板
20260416,301148.SZ,嘉戎技术,11:03:57,锂电池,首板
20260416,301396.SZ,宏景科技,13:00:03,算力,首板
20260416,301603.SZ,乔锋智能,10:10:03,机器人概念,首板
20260416,600156.SH,华升股份,10:32:37,算力,首板
20260416,600284.SH,浦东建设,14:19:30,算力,首板
20260416,600507.SH,方大特钢,11:10:54,并购重组,首板
20260416,600549.SH,厦门钨业,13:02:45,有色金属,首板
20260416,600666.SH,奥瑞德,10:20:14,算力,首板
20260416,600683.SH,京投发展,09:31:05,地产链,2连板
20260416,600719.SH,大连热电,14:15:55,电力,首板
20260416,600749.SH,西藏旅游,13:06:55,旅游,首板
20260416,600768.SH,宁波富邦,09:35:02,一季报增长,首板
20260416,600847.SH,万里股份,13:57:05,储能,首板
20260416,600875.SH,东方电气,13:03:19,燃气轮机,首板
20260416,600961.SH,株冶集团,09:36:59,有色金属,首板
20260416,601778.SH,晶科科技,10:54:14,算力,3天2板
20260416,603032.SH,德新科技,14:43:33,锂电池,首板
20260416,603052.SH,可川科技,09:42:16,通信,首板
20260416,603220.SH,中贝通信,13:04:09,算力,首板
20260416,603268.SH,*ST松发,09:46:37,ST板块,2连板
20260416,603315.SH,福鞍股份,10:25:44,燃气轮机,首板
20260416,603322.SH,超讯通信,09:50:45,算力,首板
20260416,603687.SH,大胜达,09:31:56,并购重组,2连板
20260416,603826.SH,坤彩科技,09:48:05,化工,首板
20260416,603878.SH,武进不锈,14:01:05,钢铁,首板
20260416,603897.SH,长城科技,09:35:21,机器人概念,4天2板
20260416,603906.SH,龙蟠科技,09:30:47,一季报增长,首板
20260416,603920.SH,世运电路,09:25:36,机器人概念,首板
20260416,603933.SH,睿能科技,13:28:00,并购重组,首板
20260416,603985.SH,恒润股份,10:35:20,算力,首板
20260416,605060.SH,联德股份,09:45:08,燃气轮机,首板
20260416,605081.SH,*ST太和,09:25:55,ST板块,2连板
20260416,605166.SH,聚合顺,10:50:03,化工,首板
20260416,605287.SH,德才股份,09:57:03,AI应用,首板
20260416,605336.SH,帅丰电器,13:25:25,家电,首板
20260416,605388.SH,均瑶健康,10:00:42,保健品,2连板
20260416,688227.SH,品高股份,13:16:15,算力,首板
20260416,688287.SH,*ST观典,14:44:53,ST板块,3连板
20260416,688668.SH,鼎通科技,10:48:40,算力,首板
20260415,000004.SZ,*ST国华,09:25:00,ST板块,2连板
20260415,000026.SZ,飞亚达,13:29:30,国有企业,3天2板
20260415,000785.SZ,居然智家,09:35:39,智能家居,首板
20260415,000788.SZ,北大医药,13:21:57,医药,首板
20260415,000889.SZ,中嘉博创,14:43:54,算力,6天5板
20260415,000919.SZ,金陵药业,09:55:30,医药,首板
20260415,001208.SZ,华菱线缆,10:20:48,商业航天,首板
20260415,001270.SZ,*ST铖昌,09:25:00,ST板块,6天4板
20260415,001896.SZ,豫能控股,10:19:57,电力,首板
20260415,002033.SZ,丽江股份,10:50:06,一季报增长,首板
20260415,002038.SZ,双鹭药业,11:21:12,医药,首板
20260415,002051.SZ,中工国际,09:31:33,基础建设,2连板
20260415,002124.SZ,天邦食品,09:32:18,农业,3连板
20260415,002297.SZ,博云新材,09:25:00,商业航天,3连板
20260415,002361.SZ,神剑股份,10:38:45,商业航天,首板
20260415,002468.SZ,申通快递,09:25:00,一季报增长,首板
20260415,002498.SZ,汉缆股份,09:43:09,智能电网,首板
20260415,002569.SZ,*ST步森,10:10:18,ST板块,首板
20260415,002580.SZ,圣阳股份,09:30:21,算力,5连板
20260415,002589.SZ,瑞康医药,09:34:39,医药,首板
20260415,002630.SZ,ST华西,09:30:09,ST板块,2连板
20260415,002705.SZ,新宝股份,13:05:48,智能家居,首板
20260415,002787.SZ,华源控股,09:43:57,锂电池,4天2板
20260415,002788.SZ,鹭燕医药,11:19:12,医药,首板
20260415,002798.SZ,帝欧水华,09:48:57,智能家居,首板
20260415,002824.SZ,和胜股份,10:04:03,汽车零部件,5天3板
20260415,002891.SZ,中宠股份,14:20:03,宠物经济,首板
20260415,002990.SZ,盛视科技,13:53:39,芯片,2连板
20260415,003036.SZ,泰坦股份,10:04:36,锂电池,4天2板
20260415,301189.SZ,奥尼电子,09:40:30,算力,2连板
20260415,301408.SZ,华人健康,13:27:33,医药,首板
20260415,600135.SH,乐凯胶片,09:50:15,国有企业,首板
20260415,600238.SH,*ST椰岛,09:25:51,ST板块,4连板
20260415,600267.SH,海正药业,09:54:39,医药,首板
20260415,600488.SH,津药药业,13:23:29,医药,首板
20260415,600572.SH,康恩贝,13:27:22,医药,首板
20260415,600581.SH,*ST八钢,14:55:44,ST板块,首板
20260415,600594.SH,益佰制药,13:27:33,医药,首板
20260415,600599.SH,*ST熊猫,14:14:45,ST板块,首板
20260415,600605.SH,汇通能源,09:31:24,芯片,2连板
20260415,600664.SH,哈药股份,09:59:12,医药,2连板
20260415,600683.SH,京投发展,13:12:23,地产链,首板
20260415,603021.SH,ST华鹏,09:43:26,ST板块,4天3板
20260415,603063.SH,禾望电气,09:34:55,智能电网,首板
20260415,603150.SH,万朗磁塑,11:06:17,稀土永磁,首板
20260415,603216.SH,梦天家居,10:57:07,芯片,首板
20260415,603268.SH,*ST松发,13:34:26,ST板块,首板
20260415,603285.SH,键邦股份,09:50:12,锂电池,首板
20260415,603327.SH,福蓉科技,09:37:33,消费电子,首板
20260415,603444.SH,吉比特,09:38:43,一季报增长,首板
20260415,603459.SH,红板科技,09:34:53,次新股,首板
20260415,603629.SH,利通电子,13:06:19,算力,2连板
20260415,603687.SH,大胜达,09:25:36,并购重组,首板
20260415,603698.SH,航天工程,09:30:14,国有企业,2连板
20260415,603773.SH,沃格光电,10:33:35,芯片,5天3板
20260415,603815.SH,交建股份,09:39:06,基础建设,首板
20260415,603890.SH,春秋电子,09:42:35,算力,首板
20260415,603950.SH,长源东谷,09:31:19,并购重组,6天5板
20260415,605081.SH,*ST太和,09:30:49,ST板块,首板
20260415,605098.SH,行动教育,09:39:31,年报增长,首板
20260415,605222.SH,起帆电缆,13:13:27,商业航天,首板
20260415,605289.SH,罗曼股份,11:25:20,算力,首板
20260415,605365.SH,立达信,09:35:04,智能家居,首板
20260415,605366.SH,宏柏新材,13:22:04,化工,首板
20260415,605388.SH,均瑶健康,14:03:24,保健品,首板
20260415,688166.SH,博瑞医药,11:22:13,医药,首板
20260415,688287.SH,*ST观典,09:32:57,ST板块,2连板
20260415,688805.SH,健信超导,09:52:47,次新股,首板
20260414,000004.SZ,*ST国华,09:30:42,ST板块,首板
20260414,000608.SZ,*ST阳光,13:44:48,ST板块,首板
20260414,000620.SZ,盈新发展,09:45:57,芯片,首板
20260414,000711.SZ,ST京蓝,10:25:18,ST板块,首板
20260414,000752.SZ,ST西发,14:25:48,ST板块,2连板
20260414,000889.SZ,中嘉博创,09:32:15,算力,5天4板
20260414,000929.SZ,*ST兰黄,09:38:27,ST板块,2连板
20260414,000967.SZ,盈峰环境,09:30:00,算力,首板
20260414,001270.SZ,*ST铖昌,09:41:27,ST板块,5天3板
20260414,001299.SZ,美能能源,09:33:42,天然气,3连板
20260414,002023.SZ,海特高新,09:25:59,芯片,首板
20260414,002051.SZ,中工国际,09:44:03,基础建设,首板
20260414,002083.SZ,孚日股份,14:38:39,锂电池,首板
20260414,002107.SZ,沃华医药,09:39:15,医药,首板
20260414,002124.SZ,天邦食品,09:51:24,农业,2连板
20260414,002149.SZ,西部材料,13:07:57,商业航天,首板
20260414,002157.SZ,正邦科技,10:39:30,农业,首板
20260414,002213.SZ,大为股份,09:43:54,芯片,首板
20260414,002229.SZ,鸿博股份,09:31:12,算力,首板
20260414,002297.SZ,博云新材,09:25:59,一季报增长,2连板
20260414,002305.SZ,*ST南置,10:23:42,ST板块,首板
20260414,002314.SZ,南山控股,13:53:51,地产链,首板
20260414,002328.SZ,新朋股份,10:20:36,算力,4天3板
20260414,002364.SZ,中恒电气,09:32:15,算力,4连板
20260414,002463.SZ,沪电股份,09:50:03,通信,首板
20260414,002580.SZ,圣阳股份,10:24:03,算力,4连板
20260414,002630.SZ,ST华西,09:38:24,ST板块,首板
20260414,002647.SZ,仁东控股,09:33:39,ST摘帽,首板
20260414,002686.SZ,亿利达,09:44:03,算力,首板
20260414,002692.SZ,远程股份,09:38:12,智能电网,首板
20260414,002713.SZ,*ST东易,14:23:30,ST板块,6天4板
20260414,002808.SZ,*ST恒久,14:39:57,ST板块,首板
20260414,002885.SZ,京泉华,09:30:00,智能电网,首板
20260414,002980.SZ,华盛昌,09:37:24,通信,2连板
20260414,002990.SZ,盛视科技,09:40:42,芯片,首板
20260414,300857.SZ,协创数据,09:33:03,一季报增长,首板
20260414,301157.SZ,华塑科技,14:15:51,算力,首板
20260414,301189.SZ,奥尼电子,10:35:09,算力,首板
20260414,301219.SZ,腾远钴业,09:55:45,一季报增长,首板
20260414,301292.SZ,海科新源,14:48:09,锂电池,首板
20260414,600152.SH,维科技术,09:39:17,钠电池,2连板
20260414,600173.SH,卧龙新能,11:14:10,电力,首板
20260414,600238.SH,*ST椰岛,09:30:07,ST板块,3连板
20260414,600243.SH,*ST海华,09:34:02,ST板块,3连板
20260414,600381.SH,*ST春天,09:42:06,ST板块,3连板
20260414,600396.SH,华电辽能,09:34:20,电力,2连板
20260414,600469.SH,风神股份,13:14:07,汽车零部件,首板
20260414,600539.SH,狮头股份,13:11:14,并购重组,首板
20260414,600605.SH,汇通能源,09:30:53,芯片,首板
20260414,600664.SH,哈药股份,14:41:04,医药,首板
20260414,600743.SH,华远控股,09:30:30,并购重组,6连板
20260414,600855.SH,航天长峰,11:17:32,商业航天,首板
20260414,601588.SH,北辰实业,09:34:41,地产链,首板
20260414,601778.SH,晶科科技,10:26:51,智能电网,首板
20260414,603002.SH,宏昌电子,09:36:34,通信,首板
20260414,603026.SH,石大胜华,09:34:10,锂电池,3天2板
20260414,603061.SH,金海通,11:21:50,芯片,首板
20260414,603109.SH,神驰机电,14:28:22,发电机,首板
20260414,603139.SH,康惠股份,13:31:10,医药,首板
20260414,603171.SH,税友股份,09:51:14,AI应用,首板
20260414,603269.SH,海鸥股份,11:11:45,算力,首板
20260414,603383.SH,顶点软件,10:30:33,金融概念,首板
20260414,603389.SH,*ST亚振,14:40:35,ST板块,2连板
20260414,603527.SH,众源新材,10:06:54,锂电池,首板
20260414,603585.SH,苏利股份,09:31:58,化工,首板
20260414,603629.SH,利通电子,09:50:01,算力,首板
20260414,603698.SH,航天工程,14:17:11,化工,首板
20260414,603813.SH,*ST原尚,09:30:39,ST板块,6连板
20260414,605167.SH,利柏特,13:06:08,核电,首板
20260414,688287.SH,*ST观典,09:59:21,ST板块,首板
20260414,688813.SH,泰金新能,09:41:14,通信,2连板
20260413,000010.SZ,美丽生态,10:09:18,算力,首板
20260413,000026.SZ,飞亚达,09:41:03,通信,首板
20260413,000402.SZ,金融街,09:42:57,国有企业,2连板
20260413,000609.SZ,ST中迪,10:19:24,ST板块,首板
20260413,000612.SZ,焦作万方,09:30:39,一季报增长,首板
20260413,000688.SZ,国城矿业,13:03:18,锂电池,首板
20260413,000752.SZ,ST西发,09:38:18,ST板块,首板
20260413,000791.SZ,甘肃能源,09:30:00,算力,首板
20260413,000793.SZ,*ST华闻,09:25:00,ST板块,3连板
20260413,000929.SZ,*ST兰黄,09:25:00,ST板块,首板
20260413,000968.SZ,蓝焰控股,13:13:45,天然气,首板
20260413,001203.SZ,大中矿业,14:13:06,锂电池,首板
20260413,001270.SZ,*ST铖昌,10:10:06,ST板块,4天2板
20260413,001299.SZ,美能能源,09:44:27,天然气,2连板
20260413,002005.SZ,ST德豪,09:53:27,ST板块,首板
20260413,002047.SZ,*ST宝鹰,09:34:51,ST板块,2连板
20260413,002080.SZ,中材科技,10:34:39,通信,首板
20260413,002124.SZ,天邦食品,09:43:09,农业,首板
20260413,002199.SZ,*ST东晶,09:31:00,ST板块,2连板
20260413,002240.SZ,盛新锂能,13:04:21,锂电池,首板
20260413,002297.SZ,博云新材,09:25:00,一季报增长,首板
20260413,002321.SZ,华英农业,09:32:18,实控人变更,首板
20260413,002364.SZ,中恒电气,09:25:00,算力,3连板
20260413,002418.SZ,康盛股份,09:30:45,算力,2连板
20260413,002436.SZ,兴森科技,14:19:27,通信,首板
20260413,002439.SZ,启明星辰,09:25:00,一季报增长,首板
20260413,002467.SZ,二六三,10:38:57,算力,首板
20260413,002512.SZ,ST达华,09:30:39,ST板块,4天2板
20260413,002515.SZ,金字火腿,09:57:00,通信,首板
20260413,002528.SZ,ST英飞拓,09:30:12,ST板块,9天7板
20260413,002529.SZ,*ST海源,11:00:36,ST板块,首板
20260413,002580.SZ,圣阳股份,09:34:48,算力,3连板
20260413,002678.SZ,珠江钢琴,09:41:03,体育产业,首板
20260413,002789.SZ,*ST建艺,14:24:45,ST板块,首板
20260413,002822.SZ,ST中装,13:19:45,ST板块,3天2板
20260413,002876.SZ,三利谱,13:51:45,面板,首板
20260413,002902.SZ,铭普光磁,13:43:00,通信,4天2板
20260413,002929.SZ,润建股份,10:27:39,算力,4天2板
20260413,002943.SZ,宇晶股份,09:31:12,光伏,首板
20260413,002957.SZ,科瑞技术,09:59:45,通信,5天3板
20260413,002980.SZ,华盛昌,09:40:48,通信,首板
20260413,003004.SZ,*ST声迅,13:17:27,ST板块,首板
20260413,003018.SZ,金富科技,10:20:12,算力,首板
20260413,300561.SZ,*ST汇科,09:25:00,ST板块,2连板
20260413,301667.SZ,纳百川,13:20:48,次新股,首板
20260413,600032.SH,浙江新能,13:56:07,电力,首板
20260413,600152.SH,维科技术,09:37:28,钠电池,首板
20260413,600165.SH,ST宁科,09:56:56,ST板块,2连板
20260413,600166.SH,福田汽车,13:06:41,锂电池,首板
20260413,600176.SH,中国巨石,10:26:17,通信,首板
20260413,600238.SH,*ST椰岛,10:30:18,ST板块,2连板
20260413,600243.SH,*ST海华,09:33:17,ST板块,2连板
20260413,600299.SH,安迪苏,13:24:09,农业,首板
20260413,600337.SH,美克家居,09:40:19,并购重组,3天2板
20260413,600381.SH,*ST春天,13:00:07,ST板块,2连板
20260413,600396.SH,华电辽能,10:18:55,电力,首板
20260413,600527.SH,江南高纤,13:00:12,化工,首板
20260413,600608.SH,*ST沪科,09:38:40,ST板块,首板
20260413,600654.SH,中安科,09:34:50,算力,首板
20260413,600743.SH,华远控股,09:30:24,并购重组,5连板
20260413,600773.SH,西藏城投,09:51:23,锂电池,首板
20260413,600815.SH,厦工股份,10:50:32,基础建设,4天2板
20260413,600982.SH,宁波能源,13:02:18,电力,首板
20260413,601908.SH,京运通,13:34:41,光伏,首板
20260413,603021.SH,ST华鹏,09:33:08,ST板块,2连板
20260413,603177.SH,德创环保,11:16:35,钠电池,首板
20260413,603256.SH,宏和科技,09:44:42,通信,首板
20260413,603283.SH,赛腾股份,13:40:22,芯片,首板
20260413,603350.SH,安乃达,13:11:21,机器人概念,首板
20260413,603389.SH,*ST亚振,10:00:14,ST板块,首板
20260413,603557.SH,ST起步,09:50:55,ST板块,2连板
20260413,603580.SH,*ST艾艾,09:46:29,ST板块,2连板
20260413,603682.SH,锦和商管,13:03:01,地产链,首板
20260413,603721.SH,*ST天择,09:48:19,ST板块,首板
20260413,603738.SH,泰晶科技,09:45:20,通信,首板
20260413,603800.SH,洪田股份,10:43:36,锂电池,首板
20260413,603803.SH,瑞斯康达,09:34:27,通信,首板
20260413,603813.SH,*ST原尚,09:31:29,ST板块,5连板
20260413,603828.SH,ST柯利达,13:08:38,ST板块,首板
20260413,603897.SH,长城科技,09:43:24,机器人概念,首板
20260413,603950.SH,长源东谷,09:54:33,并购重组,4连板
20260413,605255.SH,天普股份,14:48:41,芯片,2连板
20260413,688081.SH,兴图新科,11:14:33,军工,首板
20260413,688135.SH,利扬芯片,09:42:38,芯片,首板
20260413,688667.SH,菱电电控,10:08:14,并购重组,首板
20260413,688813.SH,泰金新能,10:13:43,次新股,首板
20260410,000402.SZ,金融街,09:31:06,国有企业,首板
20260410,000534.SZ,万泽股份,09:44:57,燃气轮机,3天2板
20260410,000626.SZ,远大控股,09:25:00,外贸,首板
20260410,000659.SZ,珠海中富,11:04:57,实控人变更,首板
20260410,000670.SZ,盈方微,09:31:33,芯片,首板
20260410,000762.SZ,西藏矿业,10:09:03,锂电池,首板
20260410,000793.SZ,*ST华闻,09:25:00,ST板块,2连板
20260410,000889.SZ,中嘉博创,09:25:00,算力,3连板
20260410,001211.SZ,双枪科技,11:01:15,零售,首板
20260410,001269.SZ,欧晶科技,09:25:00,内蒙古自治区,首板
20260410,001299.SZ,美能能源,10:49:06,天然气,首板
20260410,001309.SZ,德明利,13:37:06,芯片,首板
20260410,002047.SZ,*ST宝鹰,09:36:45,ST板块,首板
20260410,002074.SZ,国轩高科,09:36:36,锂电池,首板
20260410,002177.SZ,御银股份,13:16:21,金融概念,首板
20260410,002199.SZ,*ST东晶,09:51:57,ST板块,首板
20260410,002211.SZ,ST宏达,13:30:24,ST板块,首板
20260410,002263.SZ,大东南,09:37:54,智能电网,首板
20260410,002328.SZ,新朋股份,09:31:12,算力,2连板
20260410,002363.SZ,隆基机械,14:05:30,汽车零部件,首板
20260410,002364.SZ,中恒电气,09:25:00,算力,2连板
20260410,002418.SZ,康盛股份,09:36:48,算力,首板
20260410,002528.SZ,ST英飞拓,09:31:03,ST板块,8天6板
20260410,002580.SZ,圣阳股份,10:14:30,锂电池,2连板
20260410,002650.SZ,ST加加,09:30:03,ST板块,4天3板
20260410,002713.SZ,*ST东易,13:02:48,ST板块,4天3板
20260410,002733.SZ,雄韬股份,14:00:15,锂电池,首板
20260410,002787.SZ,华源控股,09:39:00,锂电池,首板
20260410,002824.SZ,和胜股份,09:30:09,锂电池,2连板
20260410,002950.SZ,奥美医疗,09:37:09,医疗器械,首板
20260410,002962.SZ,五方光电,09:36:51,芯片,2连板
20260410,002988.SZ,豪美新材,10:35:12,汽车零部件,首板
20260410,003036.SZ,泰坦股份,09:56:51,锂电池,首板
20260410,300131.SZ,英唐智控,14:03:27,通信,首板
20260410,300561.SZ,*ST汇科,09:25:00,ST板块,首板
20260410,600103.SH,青山纸业,09:25:30,通信,首板
20260410,600105.SH,永鼎股份,13:03:51,通信,3天2板
20260410,600156.SH,华升股份,10:37:24,算力,首板
20260410,600165.SH,ST宁科,10:08:56,ST板块,首板
20260410,600193.SH,*ST创兴,14:11:44,ST板块,首板
20260410,600238.SH,*ST椰岛,10:22:18,ST板块,首板
20260410,600243.SH,*ST海华,10:50:32,ST板块,首板
20260410,600345.SH,长江通信,09:30:46,通信,2连板
20260410,600381.SH,*ST春天,14:26:28,ST板块,首板
20260410,600421.SH,*ST华嵘,10:02:34,ST板块,首板
20260410,600480.SH,凌云股份,13:41:56,算力,首板
20260410,600482.SH,中国动力,09:30:44,燃气轮机,首板
20260410,600537.SH,亿晶光电,10:26:57,光伏,首板
20260410,600707.SH,彩虹股份,09:30:14,芯片,2连板
20260410,600713.SH,南京医药,10:35:39,医药,首板
20260410,600743.SH,华远控股,09:30:33,国有企业,4连板
20260410,600876.SH,凯盛新能,09:51:06,芯片,首板
20260410,600983.SH,惠而浦,09:30:48,年报增长,首板
20260410,601010.SH,文峰股份,10:25:04,零售,首板
20260410,601999.SH,出版传媒,10:35:09,年报增长,首板
20260410,603021.SH,ST华鹏,09:39:07,ST板块,首板
20260410,603026.SH,石大胜华,09:40:57,锂电池,首板
20260410,603088.SH,宁波精达,09:47:23,算力,首板
20260410,603093.SH,南华期货,09:46:30,金融概念,首板
20260410,603101.SH,汇嘉时代,14:14:20,零售,首板
20260410,603200.SH,上海洗霸,10:02:46,锂电池,首板
20260410,603272.SH,联翔股份,09:44:03,股权转让,3天2板
20260410,603557.SH,ST起步,14:30:47,ST板块,首板
20260410,603580.SH,*ST艾艾,11:26:05,ST板块,首板
20260410,603773.SH,沃格光电,10:05:48,芯片,2连板
20260410,603777.SH,来伊份,09:32:00,股权转让,3连板
20260410,603813.SH,*ST原尚,09:25:38,ST板块,4连板
20260410,603889.SH,新澳股份,09:31:36,年报增长,首板
20260410,603933.SH,睿能科技,09:25:42,并购重组,2连板
20260410,603950.SH,长源东谷,09:25:48,并购重组,3连板
20260410,605006.SH,山东玻纤,09:47:07,化工,首板
20260410,605060.SH,联德股份,10:06:37,燃气轮机,3天2板
20260410,605069.SH,正和生态,13:20:15,人工智能,首板
20260410,605117.SH,德业股份,09:31:22,一季报增长,首板
20260410,605255.SH,天普股份,13:30:26,芯片,首板
20260410,688478.SH,晶升股份,13:36:17,芯片,首板
20260410,688690.SH,纳微科技,09:35:22,一季报增长,首板
20260409,000070.SZ,特发信息,13:58:48,通信,首板
20260409,000078.SZ,海王生物,09:39:54,医药,首板
20260409,000586.SZ,汇源通信,09:30:18,通信,5连板
20260409,000793.SZ,*ST华闻,13:00:03,ST板块,首板
20260409,000889.SZ,中嘉博创,09:44:57,算力,2连板
20260409,000909.SZ,*ST数源,09:44:27,ST板块,3天2板
20260409,000990.SZ,诚志股份,11:25:45,化工,3天2板
20260409,002025.SZ,航天电器,09:52:48,通信,3天2板
20260409,002039.SZ,黔源电力,13:15:27,一季报增长,首板
20260409,002107.SZ,沃华医药,09:33:27,医药,首板
20260409,002150.SZ,正泰电源,13:38:00,储能,首板
20260409,002281.SZ,光迅科技,10:18:12,通信,首板
20260409,002328.SZ,新朋股份,09:48:18,储能,首板
20260409,002342.SZ,巨力索具,09:42:27,商业航天,2连板
20260409,002364.SZ,中恒电气,09:25:00,电源,首板
20260409,002384.SZ,东山精密,09:35:48,消费电子,2连板
20260409,002528.SZ,ST英飞拓,09:25:00,ST板块,7天5板
20260409,002536.SZ,飞龙股份,10:42:42,算力,2连板
20260409,002580.SZ,圣阳股份,13:41:48,储能,首板
20260409,002620.SZ,ST瑞和,14:16:06,ST板块,首板
20260409,002635.SZ,安洁科技,13:19:21,消费电子,首板
20260409,002636.SZ,金安国纪,09:53:12,通信,首板
20260409,002645.SZ,华宏科技,09:50:57,稀土永磁,首板
20260409,002650.SZ,ST加加,09:32:27,ST板块,3天2板
20260409,002718.SZ,友邦吊顶,10:27:09,实控人变更,首板
20260409,002822.SZ,ST中装,10:55:42,ST板块,首板
20260409,002824.SZ,和胜股份,10:41:06,消费电子,首板
20260409,002843.SZ,泰嘉股份,10:09:48,电源,首板
20260409,002947.SZ,恒铭达,09:56:06,消费电子,首板
20260409,002962.SZ,五方光电,09:36:24,芯片,首板
20260409,002975.SZ,博杰股份,09:39:21,算力,2连板
20260409,300489.SZ,光智科技,09:47:12,有色金属,首板
20260409,301181.SZ,标榜股份,13:59:30,汽车零部件,首板
20260409,600330.SH,天通股份,09:54:41,通信,首板
20260409,600337.SH,美克家居,09:30:10,AI应用,首板
20260409,600345.SH,长江通信,10:37:08,通信,首板
20260409,600594.SH,益佰制药,09:33:36,医药,首板
20260409,600619.SH,海立股份,10:14:41,上海国资,首板
20260409,600629.SH,华建集团,09:42:53,上海国资,首板
20260409,600707.SH,彩虹股份,09:31:34,芯片,首板
20260409,600743.SH,华远控股,13:07:55,地产链,3连板
20260409,601133.SH,柏诚股份,09:46:41,芯片,6天3板
20260409,601811.SH,新华文轩,13:04:20,游戏,首板
20260409,601869.SH,长飞光纤,14:53:28,通信,首板
20260409,603121.SH,华培动力,10:34:01,芯片,首板
20260409,603216.SH,梦天家居,13:01:14,芯片,首板
20260409,603306.SH,华懋科技,13:23:56,通信,2连板
20260409,603507.SH,振江股份,13:28:41,风电,首板
20260409,603757.SH,大元泵业,13:22:53,算力,2连板
20260409,603773.SH,沃格光电,09:58:48,芯片,首板
20260409,603777.SH,来伊份,09:25:41,股权转让,2连板
20260409,603808.SH,歌力思,10:30:25,AI应用,首板
20260409,603813.SH,*ST原尚,09:25:43,ST板块,3连板
20260409,603843.SH,*ST正平,14:48:47,ST板块,首板
20260409,603863.SH,松炀资源,10:01:09,彩票概念,首板
20260409,603929.SH,亚翔集成,10:41:13,芯片,首板
20260409,603950.SH,长源东谷,09:25:56,并购重组,2连板
20260409,603958.SH,哈森股份,10:47:14,消费电子,首板
20260409,605056.SH,咸亨国际,13:05:10,机器人概念,首板
20260409,605189.SH,富春染织,09:30:00,一季报增长,首板
20260409,605318.SH,法狮龙,10:16:23,人工智能,2连板
20260408,000426.SZ,兴业银锡,09:40:18,有色金属,首板
20260408,000506.SZ,招金黄金,11:26:36,黄金,首板
20260408,000534.SZ,万泽股份,09:30:45,燃气轮机,首板
20260408,000551.SZ,创元科技,09:37:54,年报增长,首板
20260408,000586.SZ,汇源通信,09:25:00,通信,4连板
20260408,000727.SZ,冠捷科技,09:51:03,AI应用,首板
20260408,000811.SZ,冰轮环境,13:34:12,算力,首板
20260408,000889.SZ,中嘉博创,09:41:03,算力,首板
20260408,000892.SZ,欢瑞世纪,10:45:03,AI应用,首板
20260408,000917.SZ,电广传媒,10:59:21,AI应用,首板
20260408,000919.SZ,金陵药业,09:30:27,医药,2连板
20260408,000962.SZ,东方钽业,13:12:15,有色金属,首板
20260408,000978.SZ,桂林旅游,09:55:12,旅游,首板
20260408,001267.SZ,汇绿生态,13:54:45,通信,首板
20260408,001270.SZ,*ST铖昌,09:32:45,ST板块,首板
20260408,001287.SZ,中电港,11:12:00,芯片,首板
20260408,001337.SZ,四川黄金,13:07:45,黄金,首板
20260408,001389.SZ,广合科技,10:33:06,通信,首板
20260408,002008.SZ,大族激光,13:05:18,通信,首板
20260408,002042.SZ,华孚时尚,09:33:42,人工智能,首板
20260408,002046.SZ,国机精工,10:27:36,商业航天,首板
20260408,002051.SZ,中工国际,09:30:00,基础建设,4天3板
20260408,002055.SZ,ST得润,10:10:03,ST板块,首板
20260408,002131.SZ,利欧股份,09:53:00,AI应用,首板
20260408,002155.SZ,湖南黄金,13:55:03,黄金,首板
20260408,002181.SZ,粤传媒,09:31:18,AI应用,2连板
20260408,002188.SZ,中天服务,13:00:09,地产链,首板
20260408,002213.SZ,大为股份,10:09:03,芯片,首板
20260408,002217.SZ,合力泰,10:09:30,算力,首板
20260408,002273.SZ,水晶光电,13:51:00,端侧AI,首板
20260408,002342.SZ,巨力索具,13:00:39,商业航天,首板
20260408,002348.SZ,高乐股份,09:31:12,芯片,2连板
20260408,002353.SZ,杰瑞股份,09:30:39,燃气轮机,首板
20260408,002361.SZ,神剑股份,09:43:36,商业航天,首板
20260408,002380.SZ,科远智慧,09:45:18,AI应用,首板
20260408,002384.SZ,东山精密,09:30:00,一季报增长,首板
20260408,002400.SZ,省广集团,10:33:30,AI应用,首板
20260408,002421.SZ,达实智能,09:47:33,人工智能,首板
20260408,002449.SZ,国星光电,10:39:21,股权转让,首板
20260408,002463.SZ,沪电股份,13:02:24,通信,首板
20260408,002478.SZ,常宝股份,09:30:00,燃气轮机,首板
20260408,002484.SZ,江海股份,13:46:09,算力,首板
20260408,002491.SZ,通鼎互联,09:31:00,通信,2连板
20260408,002512.SZ,ST达华,13:14:00,ST板块,首板
20260408,002528.SZ,ST英飞拓,09:25:00,ST板块,6天4板
20260408,002536.SZ,飞龙股份,10:40:57,算力,首板
20260408,002606.SZ,大连电瓷,14:45:27,智能电网,首板
20260408,002634.SZ,棒杰股份,11:08:09,光伏,首板
20260408,002663.SZ,普邦股份,13:23:33,环保,2连板
20260408,002708.SZ,光洋股份,14:21:03,机器人概念,首板
20260408,002713.SZ,*ST东易,10:19:57,ST板块,2连板
20260408,002716.SZ,湖南白银,10:50:27,有色金属,首板
20260408,002797.SZ,第一创业,13:21:48,证券,首板
20260408,002899.SZ,英派斯,14:32:27,端侧AI,首板
20260408,002902.SZ,铭普光磁,09:25:00,通信,首板
20260408,002916.SZ,深南电路,10:54:33,通信,首板
20260408,002921.SZ,联诚精密,13:07:45,机器人概念,首板
20260408,002928.SZ,华夏航空,09:30:00,机场航空,首板
20260408,002929.SZ,润建股份,13:01:21,算力,首板
20260408,002957.SZ,科瑞技术,09:41:30,通信,2连板
20260408,002975.SZ,博杰股份,11:02:03,算力,首板
20260408,002995.SZ,天地在线,10:23:48,AI应用,首板
20260408,003041.SZ,真爱美家,10:56:36,AI应用,首板
20260408,300058.SZ,蓝色光标,10:31:09,AI应用,首板
20260408,300209.SZ,行云科技,09:33:09,算力,首板
20260408,300475.SZ,香农芯创,13:15:21,一季报增长,首板
20260408,300571.SZ,平治信息,09:39:51,算力,首板
20260408,300679.SZ,电连技术,13:46:57,通信,首板
20260408,301070.SZ,开勒股份,13:00:12,并购重组,首板
20260408,301232.SZ,飞沃科技,09:54:12,商业航天,首板
20260408,600105.SH,永鼎股份,13:35:18,通信,首板
20260408,600114.SH,东睦股份,13:21:15,MIM,首板
20260408,600115.SH,中国东航,09:33:07,机场航空,首板
20260408,600126.SH,杭钢股份,09:25:38,人工智能,首板
20260408,600186.SH,莲花控股,09:32:49,算力,首板
20260408,600228.SH,*ST返利,11:16:57,ST板块,首板
20260408,600301.SH,华锡有色,14:02:01,有色金属,首板
20260408,600356.SH,恒丰纸业,09:44:39,烟草,首板
20260408,600581.SH,*ST八钢,09:25:59,ST板块,首板
20260408,600589.SH,大位科技,09:38:50,算力,首板
20260408,600599.SH,*ST熊猫,09:40:14,ST板块,首板
20260408,600641.SH,先导基电,10:44:25,芯片,首板
20260408,600654.SH,中安科,09:41:51,算力,3连板
20260408,600666.SH,奥瑞德,09:31:29,算力,首板
20260408,600721.SH,百花医药,09:25:32,实控人变更,首板
20260408,600743.SH,华远控股,09:35:42,地产链,2连板
20260408,600815.SH,厦工股份,09:48:35,基础建设,首板
20260408,600841.SH,动力新科,09:42:01,算力,首板
20260408,600869.SH,远东股份,13:37:49,通信,3天2板
20260408,600875.SH,东方电气,09:46:02,燃气轮机,首板
20260408,600984.SH,建设机械,09:35:25,基础建设,首板
20260408,600986.SH,浙文互联,10:12:21,AI应用,首板
20260408,601002.SH,晋亿实业,10:19:17,基础建设,首板
20260408,601069.SH,西部黄金,09:25:31,黄金,首板
20260408,601137.SH,博威合金,13:41:17,算力,首板
20260408,603045.SH,福达合金,13:51:18,智能电网,首板
20260408,603083.SH,剑桥科技,11:08:21,通信,首板
20260408,603138.SH,海量数据,09:40:56,人工智能,首板
20260408,603175.SH,超颖电子,09:49:28,通信,首板
20260408,603196.SH,璞源材料,09:50:28,锂电池,首板
20260408,603203.SH,快克智能,14:35:40,通信,首板
20260408,603211.SH,晋拓股份,09:49:54,商业航天,首板
20260408,603272.SH,联翔股份,09:39:58,股权转让,首板
20260408,603306.SH,华懋科技,14:03:27,通信,首板
20260408,603308.SH,应流股份,10:20:39,燃气轮机,首板
20260408,603311.SH,金海高科,10:45:42,股权转让,首板
20260408,603315.SH,福鞍股份,10:10:59,燃气轮机,首板
20260408,603328.SH,依顿电子,10:33:17,通信,首板
20260408,603516.SH,淳中科技,13:16:31,算力,首板
20260408,603538.SH,美诺华,09:25:56,医药,首板
20260408,603595.SH,ST东尼,14:16:35,ST板块,首板
20260408,603598.SH,引力传媒,10:59:32,AI应用,首板
20260408,603629.SH,利通电子,10:28:57,算力,首板
20260408,603757.SH,大元泵业,13:00:15,算力,首板
20260408,603777.SH,来伊份,14:12:15,食品饮料,首板
20260408,603813.SH,*ST原尚,09:25:50,ST板块,2连板
20260408,603822.SH,ST嘉澳,09:25:38,ST板块,2连板
20260408,603881.SH,数据港,13:00:24,算力,首板
20260408,603890.SH,春秋电子,10:41:12,算力,首板
20260408,603920.SH,世运电路,10:08:10,通信,首板
20260408,603950.SH,长源东谷,09:25:36,并购重组,首板
20260408,605016.SH,百龙创园,09:30:39,一季报增长,首板
20260408,605060.SH,联德股份,09:33:27,燃气轮机,首板
20260408,605081.SH,*ST太和,10:14:27,ST板块,首板
20260408,605162.SH,新中港,14:51:24,电力,6天5板
20260408,605258.SH,协和电子,10:46:56,通信,首板
20260408,605287.SH,德才股份,10:02:02,AI应用,首板
20260408,605289.SH,罗曼股份,14:41:56,算力,首板
20260408,605305.SH,中际联合,13:18:24,风电,首板
20260408,605318.SH,法狮龙,13:23:00,人工智能,首板
20260408,688485.SH,九州一轨,10:16:38,芯片,3天2板
20260408,688630.SH,芯碁微装,13:41:34,通信,首板
20260408,688655.SH,迅捷兴,10:38:22,通信,首板
20260408,688693.SH,锴威特,13:58:28,并购重组,首板
20260407,000019.SZ,深粮控股,10:36:51,农业,首板
20260407,000062.SZ,深圳华强,09:56:09,芯片,首板
20260407,000586.SZ,汇源通信,09:25:00,通信,3连板
20260407,000652.SZ,泰达股份,09:41:27,股权转让,首板
20260407,000695.SZ,滨海能源,10:41:21,锂电池,首板
20260407,000703.SZ,恒逸石化,09:46:12,化工,首板
20260407,000720.SZ,新能泰山,09:30:03,通信,10天8板
20260407,000766.SZ,通化金马,10:43:45,医药,首板
20260407,000830.SZ,鲁西化工,13:40:33,化工,首板
20260407,000890.SZ,法尔胜,09:30:00,通信,首板
20260407,000909.SZ,*ST数源,10:44:39,ST板块,首板
20260407,000912.SZ,泸天化,10:42:30,化工,首板
20260407,000919.SZ,金陵药业,10:05:48,医药,首板
20260407,000990.SZ,诚志股份,10:03:21,化工,首板
20260407,002025.SZ,航天电器,13:30:57,通信,首板
20260407,002037.SZ,保利联合,10:19:48,央企,首板
20260407,002051.SZ,中工国际,09:31:18,基础建设,3天2板
20260407,002092.SZ,中泰化学,14:30:21,化工,首板
20260407,002109.SZ,兴化股份,10:08:21,化工,首板
20260407,002119.SZ,康强电子,11:19:06,芯片,首板
20260407,002132.SZ,恒星科技,10:02:48,化工,首板
20260407,002181.SZ,粤传媒,09:46:54,体育产业,首板
20260407,002193.SZ,如意集团,09:52:12,服装家纺,首板
20260407,002274.SZ,华昌化工,14:29:42,化工,首板
20260407,002310.SZ,东方新能,09:42:24,风电,首板
20260407,002348.SZ,高乐股份,09:31:36,芯片,首板
20260407,002408.SZ,齐翔腾达,10:12:27,化工,4天2板
20260407,002427.SZ,尤夫股份,09:51:21,化工,首板
20260407,002431.SZ,棕榈股份,10:41:21,农业,首板
20260407,002442.SZ,龙星科技,09:43:45,化工,首板
20260407,002470.SZ,金正大,10:42:36,化工,首板
20260407,002491.SZ,通鼎互联,09:32:33,通信,首板
20260407,002528.SZ,ST英飞拓,09:32:12,ST板块,5天3板
20260407,002631.SZ,德尔未来,10:16:42,石墨烯,首板
20260407,002637.SZ,赞宇科技,13:39:09,化工,首板
20260407,002650.SZ,ST加加,10:16:24,ST板块,首板
20260407,002663.SZ,普邦股份,10:42:15,环保,首板
20260407,002713.SZ,*ST东易,14:49:00,ST板块,首板
20260407,002788.SZ,鹭燕医药,10:29:21,医药,首板
20260407,002789.SZ,*ST建艺,14:20:33,ST板块,首板
20260407,002840.SZ,华统股份,10:25:09,农业,首板
20260407,002873.SZ,新天药业,09:32:09,医药,首板
20260407,002957.SZ,科瑞技术,13:39:48,通信,首板
20260407,002980.SZ,华盛昌,09:37:09,通信,2连板
20260407,003042.SZ,中农联合,10:30:12,农业,首板
20260407,300165.SZ,天瑞仪器,10:47:12,锂电池,首板
20260407,300651.SZ,金陵体育,13:34:18,体育产业,首板
20260407,300821.SZ,东岳硅材,09:30:00,化工,首板
20260407,300927.SZ,江天化学,13:04:18,化工,首板
20260407,301373.SZ,凌玮科技,10:01:42,通信,首板
20260407,301630.SZ,同宇新材,09:32:09,通信,首板
20260407,600063.SH,皖维高新,10:34:42,化工,首板
20260407,600075.SH,新疆天业,14:31:28,化工,首板
20260407,600110.SH,诺德股份,09:41:33,锂电池,首板
20260407,600158.SH,中体产业,10:03:29,体育产业,首板
20260407,600195.SH,中牧股份,10:17:57,农业,首板
20260407,600227.SH,赤天化,10:11:11,化工,首板
20260407,600250.SH,南京商旅,13:55:14,旅游,首板
20260407,600259.SH,中稀有色,14:00:42,稀土永磁,首板
20260407,600370.SH,三房巷,09:59:11,化工,首板
20260407,600423.SH,柳化股份,10:17:02,化工,首板
20260407,600470.SH,六国化工,13:01:24,化工,首板
20260407,600488.SH,津药药业,09:30:59,医药,7连板
20260407,600527.SH,江南高纤,09:34:27,化工,首板
20260407,600596.SH,新安股份,09:46:33,化工,首板
20260407,600623.SH,华谊集团,14:12:37,化工,首板
20260407,600654.SH,中安科,09:33:34,算力,2连板
20260407,600664.SH,哈药股份,11:05:43,医药,首板
20260407,600691.SH,潞化科技,10:30:15,化工,首板
20260407,600722.SH,金牛化工,10:10:29,化工,首板
20260407,600743.SH,华远控股,13:44:14,地产链,首板
20260407,600791.SH,京能置业,09:45:10,地产链,首板
20260407,600810.SH,神马股份,10:06:19,化工,首板
20260407,600955.SH,维远股份,10:25:15,化工,首板
20260407,601133.SH,柏诚股份,10:01:09,芯片,4天2板
20260407,601388.SH,怡球资源,13:41:33,有色金属,首板
20260407,603002.SH,宏昌电子,09:37:24,通信,首板
20260407,603042.SH,华脉科技,09:33:26,通信,3天2板
20260407,603090.SH,宏盛股份,13:17:45,算力,首板
20260407,603123.SH,翠微股份,09:30:59,数字货币,2连板
20260407,603188.SH,亚邦股份,13:48:34,化工,首板
20260407,603255.SH,鼎际得,10:46:20,光伏,首板
20260407,603260.SH,合盛硅业,10:01:55,化工,首板
20260407,603327.SH,福蓉科技,09:25:53,消费电子,首板
20260407,603348.SH,文灿股份,13:06:24,汽车零部件,首板
20260407,603353.SH,和顺石油,13:56:18,芯片,3天2板
20260407,603421.SH,鼎信通讯,09:35:49,智能电网,首板
20260407,603637.SH,镇海股份,09:31:25,实控人变更,首板
20260407,603687.SH,大胜达,09:47:48,算力,首板
20260407,603778.SH,国晟科技,10:01:50,光伏,6天3板
20260407,603813.SH,*ST原尚,09:30:00,ST板块,首板
20260407,603822.SH,ST嘉澳,09:35:43,ST板块,首板
20260407,603838.SH,*ST四通,09:53:40,ST板块,首板
20260407,603968.SH,醋化股份,10:38:15,化工,首板
20260407,603988.SH,中电电机,10:07:20,黄金,首板
20260407,605018.SH,长华集团,13:56:12,机器人概念,首板
20260407,605099.SH,共创草坪,13:32:34,体育产业,首板
20260407,605162.SH,新中港,10:20:59,绿色电力,5天4板
20260407,605299.SH,舒华体育,13:53:44,体育产业,首板
20260407,605589.SH,圣泉集团,09:36:42,通信,2连板
20260407,688345.SH,博力威,13:44:08,钠电池,首板
20260403,000586.SZ,汇源通信,09:25:00,通信,2连板
20260403,000669.SZ,ST金鸿,14:18:42,ST板块,首板
20260403,000720.SZ,新能泰山,10:00:33,通信,9天7板
20260403,000950.SZ,重药控股,09:31:27,医药,2连板
20260403,002222.SZ,福晶科技,10:29:48,通信,首板
20260403,002678.SZ,珠江钢琴,10:16:27,体育产业,首板
20260403,002792.SZ,通宇通讯,09:31:24,通信,首板
20260403,002796.SZ,世嘉科技,13:14:15,通信,首板
20260403,002831.SZ,裕同科技,10:08:51,算力,首板
20260403,002898.SZ,*ST赛隆,13:37:45,ST板块,2连板
20260403,002952.SZ,亚世光电,13:31:30,面板,首板
20260403,002980.SZ,华盛昌,09:58:24,通信,首板
20260403,003007.SZ,直真科技,10:03:00,算力,首板
20260403,003031.SZ,中瓷电子,10:34:42,通信,首板
20260403,300006.SZ,莱美药业,10:34:18,医药,首板
20260403,300608.SZ,思特奇,09:56:42,算力,首板
20260403,300626.SZ,华瑞股份,09:46:09,机器人概念,首板
20260403,300812.SZ,易天股份,10:13:00,通信,首板
20260403,600056.SH,中国医药,10:10:32,医药,首板
20260403,600106.SH,重庆路桥,10:32:49,公路运营,首板
20260403,600302.SH,标准股份,14:55:44,实控人变更,首板
20260403,600488.SH,津药药业,09:30:24,医药,6连板
20260403,600602.SH,云赛智联,13:38:13,阶跃星辰,首板
20260403,600654.SH,中安科,11:05:39,算力,首板
20260403,600869.SH,远东股份,14:01:38,通信,首板
20260403,603033.SH,三维股份,13:31:37,化工,首板
20260403,603067.SH,振华股份,13:09:36,SOFC电池,首板
20260403,603123.SH,翠微股份,09:25:30,数字货币,首板
20260403,603189.SH,网达软件,09:36:05,AI应用,首板
20260403,603585.SH,苏利股份,09:41:50,化工,首板
20260403,603966.SH,法兰泰克,13:49:59,机器人概念,首板
20260403,605133.SH,嵘泰股份,10:45:35,机器人概念,首板
20260403,605303.SH,园林股份,14:12:54,芯片,首板
20260403,605589.SH,圣泉集团,10:20:53,通信,首板
20260403,688146.SH,中船特气,13:30:40,芯片,首板
20260403,688205.SH,德科立,10:17:54,通信,首板
20260403,688226.SH,威腾电气,11:07:21,通信,首板
20260403,688485.SH,九州一轨,10:35:55,并购重组,首板
20260402,000155.SZ,川能动力,09:58:21,锂矿,首板
20260402,000586.SZ,汇源通信,09:32:54,光纤概念,首板
20260402,000711.SZ,ST京蓝,13:46:24,ST板块,首板
20260402,000720.SZ,新能泰山,09:34:03,智能电网,8天6板
20260402,000762.SZ,西藏矿业,10:10:09,锂矿,首板
20260402,000788.SZ,北大医药,09:30:00,医药,2连板
20260402,000950.SZ,重药控股,09:25:59,医药,首板
20260402,000968.SZ,蓝焰控股,09:35:03,天然气,首板
20260402,002038.SZ,双鹭药业,14:54:09,医药,7天4板
20260402,002051.SZ,中工国际,10:24:39,基础建设,首板
20260402,002263.SZ,大东南,14:30:06,智能电网,6天4板
20260402,002309.SZ,中利集团,09:30:54,光伏,首板
20260402,002560.SZ,通达股份,09:38:12,智能电网,3连板
20260402,002828.SZ,贝肯能源,09:34:30,石油石化,首板
20260402,002898.SZ,*ST赛隆,10:38:06,ST板块,首板
20260402,300834.SZ,星辉环材,09:39:27,股权转让,3连板
20260402,300839.SZ,博汇股份,09:31:03,石油石化,首板
20260402,600339.SH,中油工程,13:01:29,石油石化,首板
20260402,600381.SH,*ST春天,09:37:29,ST板块,4天2板
20260402,600488.SH,津药药业,09:25:38,医药,5连板
20260402,600594.SH,益佰制药,10:28:51,医药,2连板
20260402,600608.SH,*ST沪科,09:30:50,ST板块,首板
20260402,600644.SH,乐山电力,09:30:37,电力,首板
20260402,603042.SH,华脉科技,09:48:12,光纤概念,首板
20260402,603122.SH,合富中国,13:21:02,医药,4天2板
20260402,603222.SH,济民健康,13:35:50,医药,首板
20260402,603353.SH,和顺石油,09:31:43,石油石化,首板
20260402,603477.SH,巨星农牧,10:46:54,农业,首板
20260402,603798.SH,康普顿,09:59:01,石油石化,首板
20260402,603863.SH,松炀资源,09:49:17,造纸,首板
20260402,605162.SH,新中港,09:30:44,电力,3连板
20260401,000078.SZ,海王生物,10:18:36,医药,首板
20260401,000534.SZ,万泽股份,09:45:12,医药,首板
20260401,000788.SZ,北大医药,10:36:00,医药,首板
20260401,000815.SZ,美利云,09:41:24,算力,首板
20260401,002083.SZ,孚日股份,10:51:30,锂电池,首板
20260401,002269.SZ,美邦服饰,09:25:00,服装家纺,首板
20260401,002306.SZ,*ST云网,09:25:00,ST板块,首板
20260401,002408.SZ,齐翔腾达,13:25:57,化工,首板
20260401,002432.SZ,九安医疗,09:32:36,医疗器械,4天3板
20260401,002528.SZ,ST英飞拓,09:25:00,ST板块,2连板
20260401,002558.SZ,巨人网络,13:31:36,游戏,首板
20260401,002560.SZ,通达股份,09:33:12,年报增长,2连板
20260401,002579.SZ,中京电子,09:37:33,通信,首板
20260401,002624.SZ,完美世界,10:58:51,游戏,首板
20260401,002639.SZ,雪人集团,14:37:06,可控核聚变,首板
20260401,002645.SZ,华宏科技,09:50:27,稀土永磁,首板
20260401,002713.SZ,*ST东易,09:31:09,ST板块,6天3板
20260401,002821.SZ,凯莱英,10:32:06,医药,2连板
20260401,002902.SZ,铭普光磁,09:30:00,通信,首板
20260401,002923.SZ,润都股份,09:36:03,医药,首板
20260401,002940.SZ,昂利康,10:05:54,医药,首板
20260401,300149.SZ,睿智医药,10:15:06,医药,首板
20260401,300436.SZ,广生堂,11:00:30,医药,首板
20260401,300834.SZ,星辉环材,09:30:00,股权转让,2连板
20260401,301188.SZ,力诺药包,14:54:18,医疗器械,首板
20260401,301312.SZ,智立方,13:25:21,通信,首板
20260401,301392.SZ,汇成真空,13:15:00,芯片,首板
20260401,600105.SH,永鼎股份,13:41:50,可控核聚变,首板
20260401,600107.SH,ST尔雅,10:29:48,ST板块,首板
20260401,600249.SH,两面针,09:25:33,实控人变更,首板
20260401,600488.SH,津药药业,09:30:13,医药,4连板
20260401,600545.SH,卓郎智能,09:36:47,化工,首板
20260401,600581.SH,*ST八钢,09:25:31,ST板块,2连板
20260401,600594.SH,益佰制药,10:14:19,医药,首板
20260401,600643.SH,爱建集团,10:08:30,金融概念,首板
20260401,600666.SH,奥瑞德,09:32:59,算力,首板
20260401,600724.SH,宁波富达,09:34:50,基础建设,3天2板
20260401,600851.SH,海欣股份,10:17:36,医药,首板
20260401,601083.SH,锦江航运,09:30:55,年报增长,首板
20260401,601133.SH,柏诚股份,09:42:59,芯片,首板
20260401,601515.SH,衢州东峰,14:07:41,锂电池,首板
20260401,601579.SH,会稽山,10:10:13,年报增长,首板
20260401,601872.SH,招商轮船,09:33:42,航运,首板
20260401,603121.SH,华培动力,13:03:38,芯片,首板
20260401,603158.SH,腾龙股份,13:07:55,算力,首板
20260401,603193.SH,润本股份,13:02:44,卫生护理,首板
20260401,603248.SH,锡华科技,09:39:11,风电,4天2板
20260401,603296.SH,华勤技术,09:47:41,算力,首板
20260401,603429.SH,*ST集友,09:25:43,ST板块,6天5板
20260401,603517.SH,ST绝味,13:52:00,ST板块,首板
20260401,603687.SH,大胜达,09:32:11,并购重组,首板
20260401,603727.SH,博迈科,10:50:45,石油石化,首板
20260401,603778.SH,国晟科技,10:53:30,光伏,3天2板
20260401,603803.SH,瑞斯康达,09:32:19,通信,首板
20260401,603822.SH,ST嘉澳,14:24:01,ST板块,首板
20260401,603912.SH,佳力图,09:58:42,算力,首板
20260401,603937.SH,丽岛新材,10:37:23,锂电池,首板
20260401,603949.SH,雪龙集团,09:47:53,汽车零部件,首板
20260401,603985.SH,恒润股份,13:20:01,算力,首板
20260401,605006.SH,山东玻纤,09:33:21,化工,首板
20260401,605162.SH,新中港,10:22:55,电力,2连板
20260401,605199.SH,ST葫芦娃,10:11:36,ST板块,2连板
20260401,605287.SH,德才股份,10:33:34,AI应用,首板
20260401,605289.SH,罗曼股份,09:40:53,算力,首板
20260401,688488.SH,艾迪药业,13:11:57,医药,首板
20260331,000008.SZ,神州高铁,09:31:18,轨道交通,2连板
20260331,000030.SZ,富奥股份,13:27:00,两轮车,首板
20260331,000037.SZ,深南电A,13:09:45,电力,首板
20260331,000070.SZ,特发信息,13:50:48,通信,首板
20260331,000592.SZ,平潭发展,09:36:48,海峡两岸,5天3板
20260331,000631.SZ,顺发恒能,09:25:00,并购重组,首板
20260331,000678.SZ,襄阳轴承,13:30:15,机器人概念,首板
20260331,000720.SZ,新能泰山,09:47:03,智能电网,6天5板
20260331,000863.SZ,三湘印象,09:40:00,旅游,首板
20260331,000913.SZ,钱江摩托,13:26:24,两轮车,首板
20260331,000927.SZ,中国铁物,09:34:21,轨道交通,首板
20260331,000993.SZ,闽东电力,09:34:12,海峡两岸,首板
20260331,001239.SZ,永达股份,10:01:18,基础建设,首板
20260331,002082.SZ,万邦德,14:50:42,医药,6天4板
20260331,002168.SZ,*ST惠程,09:30:00,ST板块,2连板
20260331,002218.SZ,拓日新能,09:39:36,光伏,首板
20260331,002263.SZ,大东南,13:20:45,智能电网,4天3板
20260331,002342.SZ,巨力索具,09:40:03,商业航天,首板
20260331,002361.SZ,神剑股份,09:30:57,商业航天,4连板
20260331,002454.SZ,松芝股份,09:30:57,年报增长,首板
20260331,002528.SZ,ST英飞拓,09:25:00,ST板块,首板
20260331,002542.SZ,中化岩土,09:32:12,基础建设,首板
20260331,002560.SZ,通达股份,09:54:21,年报增长,首板
20260331,002565.SZ,顺灏股份,09:34:09,商业航天,首板
20260331,002578.SZ,闽发铝业,09:30:03,海峡两岸,2连板
20260331,002580.SZ,圣阳股份,14:35:42,储能,首板
20260331,002634.SZ,棒杰股份,09:31:36,光伏,2连板
20260331,002788.SZ,鹭燕医药,10:48:24,医药,首板
20260331,002800.SZ,天顺股份,09:38:18,一带一路,首板
20260331,002821.SZ,凯莱英,09:34:12,医药,首板
20260331,002995.SZ,天地在线,09:41:15,AI应用,3天2板
20260331,003033.SZ,征和工业,13:18:03,两轮车,首板
20260331,300834.SZ,星辉环材,09:32:33,股权转让,首板
20260331,300992.SZ,泰福泵业,11:14:12,实控人变更,首板
20260331,301008.SZ,宏昌科技,13:12:21,两轮车,2连板
20260331,301048.SZ,金鹰重工,10:09:42,轨道交通,首板
20260331,301079.SZ,邵阳液压,09:54:27,商业航天,首板
20260331,301255.SZ,通力科技,13:33:06,机器人概念,首板
20260331,600066.SH,宇通客车,09:30:02,年报增长,首板
20260331,600158.SH,中体产业,09:58:39,体育产业,首板
20260331,600184.SH,光电股份,13:46:25,通信,首板
20260331,600250.SH,南京商旅,13:16:23,旅游,首板
20260331,600488.SH,津药药业,09:30:42,医药,3连板
20260331,600495.SH,晋西车轴,10:15:56,轨道交通,首板
20260331,600502.SH,安徽建工,10:09:56,基础建设,2连板
20260331,600528.SH,中铁工业,10:12:09,基础建设,首板
20260331,600581.SH,*ST八钢,09:25:38,ST板块,首板
20260331,600894.SH,广日股份,09:30:02,轨道交通,首板
20260331,601908.SH,京运通,09:35:21,电力,首板
20260331,603039.SH,泛微网络,09:30:51,年报增长,首板
20260331,603429.SH,*ST集友,09:50:45,ST板块,5天4板
20260331,603559.SH,ST通脉,10:22:02,ST板块,首板
20260331,603657.SH,春光科技,10:44:52,机器人概念,首板
20260331,603660.SH,苏州科达,14:03:00,商业航天,首板
20260331,603826.SH,坤彩科技,10:09:32,一季报增长,首板
20260331,605116.SH,奥锐特,14:25:30,医药,首板
20260331,605162.SH,新中港,10:49:33,电力,首板
20260331,605199.SH,ST葫芦娃,09:43:44,ST板块,首板
20260331,605299.SH,舒华体育,09:40:47,体育产业,8天5板
20260330,000008.SZ,神州高铁,13:00:12,轨道交通,首板
20260330,000048.SZ,京基智农,09:40:36,农业,首板
20260330,000592.SZ,平潭发展,10:05:33,海峡两岸,4天2板
20260330,000668.SZ,*ST荣控,10:33:00,ST板块,首板
20260330,000753.SZ,漳州发展,13:42:27,海峡两岸,4天2板
20260330,000890.SZ,法尔胜,09:34:27,通信,2连板
20260330,000908.SZ,ST景峰,09:31:24,ST板块,16天14板
20260330,000972.SZ,*ST中基,11:12:24,ST板块,首板
20260330,001270.SZ,*ST铖昌,10:30:15,ST板块,3天2板
20260330,001400.SZ,江顺科技,10:53:06,商业航天,4天2板
20260330,002024.SZ,ST易购,09:34:30,ST板块,2连板
20260330,002038.SZ,双鹭药业,09:30:24,医药,4天3板
20260330,002160.SZ,常铝股份,09:25:00,金属铝,首板
20260330,002168.SZ,*ST惠程,09:56:03,ST板块,首板
20260330,002222.SZ,福晶科技,11:06:24,通信,首板
20260330,002309.SZ,中利集团,11:28:21,光伏,首板
20260330,002361.SZ,神剑股份,10:29:27,商业航天,3连板
20260330,002370.SZ,亚太药业,09:56:30,医药,首板
20260330,002424.SZ,ST百灵,09:30:15,ST板块,首板
20260330,002432.SZ,九安医疗,13:23:24,人工智能,2连板
20260330,002501.SZ,利源股份,09:31:06,金属铝,首板
20260330,002532.SZ,天山铝业,09:25:00,金属铝,首板
20260330,002578.SZ,闽发铝业,09:25:00,金属铝,首板
20260330,002620.SZ,ST瑞和,09:25:00,ST板块,6连板
20260330,002634.SZ,棒杰股份,13:15:12,光伏,首板
20260330,002675.SZ,东诚药业,09:25:00,医药,首板
20260330,002686.SZ,亿利达,09:37:12,金属铝,首板
20260330,002713.SZ,*ST东易,10:17:33,ST板块,4天2板
20260330,002808.SZ,*ST恒久,14:49:54,ST板块,3天2板
20260330,002810.SZ,山东赫达,09:25:00,一季报增长,首板
20260330,002850.SZ,科达利,09:32:45,年报增长,首板
20260330,002980.SZ,华盛昌,09:59:30,通信,首板
20260330,003036.SZ,泰坦股份,10:24:51,锂电池,首板
20260330,003042.SZ,中农联合,09:37:27,农业,2连板
20260330,300385.SZ,雪浪环境,11:11:57,实控人变更,首板
20260330,300900.SZ,广联航空,13:53:36,商业航天,首板
20260330,301008.SZ,宏昌科技,09:25:00,两轮车,首板
20260330,600127.SH,金健米业,09:34:32,农业,首板
20260330,600135.SH,乐凯胶片,13:19:28,光伏,首板
20260330,600219.SH,南山铝业,14:54:34,金属铝,首板
20260330,600343.SH,航天动力,09:41:14,商业航天,首板
20260330,600345.SH,长江通信,13:00:03,通信,4天2板
20260330,600359.SH,新农开发,10:06:57,农业,首板
20260330,600381.SH,*ST春天,10:30:47,ST板块,首板
20260330,600487.SH,亨通光电,11:24:27,通信,首板
20260330,600488.SH,津药药业,09:31:03,医药,2连板
20260330,600502.SH,安徽建工,09:30:21,年报增长,首板
20260330,600513.SH,联环药业,09:33:45,医药,2连板
20260330,600539.SH,狮头股份,10:13:13,并购重组,5天4板
20260330,600602.SH,云赛智联,10:26:37,算力,首板
20260330,600724.SH,宁波富达,13:30:27,基础建设,首板
20260330,600996.SH,贵广网络,10:10:14,算力,2连板
20260330,601068.SH,中铝国际,09:30:01,金属铝,首板
20260330,601388.SH,怡球资源,09:30:04,金属铝,首板
20260330,601869.SH,长飞光纤,13:00:10,通信,5天3板
20260330,603016.SH,新宏泰,10:58:23,电气设备,首板
20260330,603017.SH,中衡设计,10:31:01,商业航天,首板
20260330,603061.SH,金海通,11:21:18,芯片,首板
20260330,603122.SH,合富中国,13:44:00,海峡两岸,首板
20260330,603239.SH,浙江仙通,13:04:18,机器人概念,首板
20260330,603256.SH,宏和科技,09:47:29,化工,首板
20260330,603261.SH,*ST立航,09:39:38,ST板块,4天2板
20260330,603272.SH,联翔股份,13:34:20,股权转让,6天3板
20260330,603358.SH,华达科技,13:52:15,汽车零部件,首板
20260330,603538.SH,美诺华,09:30:27,医药,7天6板
20260330,603580.SH,*ST艾艾,13:22:53,ST板块,首板
20260330,603585.SH,苏利股份,09:40:03,化工,2连板
20260330,603601.SH,再升科技,10:44:28,商业航天,4天3板
20260330,603618.SH,杭电股份,09:34:32,通信,4天3板
20260330,603716.SH,塞力医疗,13:10:10,医药,首板
20260330,603778.SH,国晟科技,13:12:45,光伏,首板
20260330,603838.SH,*ST四通,13:28:09,ST板块,首板
20260330,603897.SH,长城科技,14:05:34,电气设备,首板
20260330,605222.SH,起帆电缆,13:33:30,电气设备,首板
20260330,688677.SH,海泰新光,11:10:08,医疗器械,首板
20260330,688693.SH,锴威特,09:25:51,并购重组,首板
20260327,000155.SZ,川能动力,13:08:30,锂电池,首板
20260327,000488.SZ,ST晨鸣,13:35:12,ST板块,首板
20260327,000546.SZ,金圆股份,10:36:42,锂电池,首板
20260327,000553.SZ,安道麦A,10:25:27,化工,首板
20260327,000615.SZ,*ST美谷,11:00:06,ST板块,首板
20260327,000638.SZ,*ST万方,09:58:42,ST板块,首板
20260327,000695.SZ,滨海能源,09:32:48,锂电池,首板
20260327,000720.SZ,新能泰山,09:30:00,智能电网,4连板
20260327,000767.SZ,晋控电力,09:30:36,电力,2连板
20260327,000822.SZ,山东海化,09:32:12,化工,首板
20260327,000890.SZ,法尔胜,09:54:48,通信,首板
20260327,000903.SZ,ST云动,14:27:48,ST板块,首板
20260327,000908.SZ,ST景峰,09:44:03,ST板块,15天13板
20260327,001313.SZ,粤海饲料,09:52:00,农业,首板
20260327,001896.SZ,豫能控股,14:30:57,电力,首板
20260327,002024.SZ,ST易购,09:50:54,ST板块,首板
20260327,002038.SZ,双鹭药业,10:08:09,保健品,3天2板
20260327,002042.SZ,华孚时尚,09:55:24,算力,首板
20260327,002068.SZ,黑猫股份,14:01:39,化工,首板
20260327,002082.SZ,万邦德,09:58:57,医药,4天3板
20260327,002122.SZ,ST汇洲,14:42:39,ST板块,首板
20260327,002176.SZ,江特电机,10:27:21,锂电池,首板
20260327,002192.SZ,融捷股份,10:40:15,锂电池,4连板
20260327,002199.SZ,*ST东晶,09:32:57,ST板块,4连板
20260327,002240.SZ,盛新锂能,10:44:15,锂电池,首板
20260327,002263.SZ,大东南,10:31:48,智能电网,2连板
20260327,002265.SZ,建设工业,09:33:39,军工,4天2板
20260327,002272.SZ,川润股份,14:55:30,华为概念,首板
20260327,002294.SZ,信立泰,13:30:24,医药,首板
20260327,002305.SZ,*ST南置,13:05:09,ST板块,首板
20260327,002310.SZ,东方新能,09:45:24,风电,首板
20260327,002328.SZ,新朋股份,10:17:36,储能,首板
20260327,002361.SZ,神剑股份,10:16:45,商业航天,2连板
20260327,002386.SZ,天原股份,13:04:00,锂电池,首板
20260327,002428.SZ,云南锗业,10:31:27,芯片,6天3板
20260327,002432.SZ,九安医疗,13:49:51,Kimi概念,首板
20260327,002445.SZ,中南文化,10:01:57,电力,4天2板
20260327,002455.SZ,百川股份,09:36:48,化工,首板
20260327,002460.SZ,赣锋锂业,13:18:36,锂电池,首板
20260327,002470.SZ,金正大,09:32:09,化工,首板
20260327,002526.SZ,山东矿机,11:11:33,新型工业化,首板
20260327,002569.SZ,*ST步森,09:38:45,ST板块,2连板
20260327,002620.SZ,ST瑞和,09:30:18,ST板块,5连板
20260327,002731.SZ,ST萃华,11:29:39,ST板块,首板
20260327,002755.SZ,奥赛康,13:03:42,医药,首板
20260327,002756.SZ,永兴材料,10:46:21,锂电池,首板
20260327,002773.SZ,康弘药业,10:21:45,医药,首板
20260327,002842.SZ,翔鹭钨业,10:51:36,有色金属,首板
20260327,002995.SZ,天地在线,09:40:00,AI应用,首板
20260327,003042.SZ,中农联合,13:12:54,化工,首板
20260327,300204.SZ,舒泰神,13:33:30,医药,首板
20260327,300461.SZ,田中精机,10:35:21,新型工业化,首板
20260327,300858.SZ,科拓生物,10:07:45,保健品,首板
20260327,301292.SZ,海科新源,13:05:30,锂电池,首板
20260327,600110.SH,诺德股份,11:29:40,锂电池,首板
20260327,600227.SH,赤天化,09:34:14,化工,首板
20260327,600268.SH,国电南自,09:40:37,智能电网,首板
20260327,600310.SH,广西能源,09:25:52,电力,2连板
20260327,600338.SH,西藏珠峰,13:32:36,锂电池,首板
20260327,600470.SH,六国化工,13:15:12,化工,首板
20260327,600488.SH,津药药业,10:19:45,医药,首板
20260327,600513.SH,联环药业,09:39:16,医药,首板
20260327,600539.SH,狮头股份,09:56:46,地产链,4天3板
20260327,600599.SH,*ST熊猫,09:54:58,ST板块,9连板
20260327,600666.SH,奥瑞德,09:50:51,算力,4天3板
20260327,600727.SH,鲁北化工,09:33:45,化工,首板
20260327,600748.SH,上实发展,14:22:40,地产链,首板
20260327,600769.SH,祥龙电业,09:50:31,水务,首板
20260327,600844.SH,金煤科技,09:34:36,化工,5天3板
20260327,600955.SH,维远股份,13:06:57,锂电池,首板
20260327,600982.SH,宁波能源,14:29:07,电力,4天3板
20260327,600996.SH,贵广网络,09:25:58,算力,首板
20260327,603002.SH,宏昌电子,13:14:13,通信,首板
20260327,603026.SH,石大胜华,13:08:20,锂电池,2连板
20260327,603076.SH,乐惠国际,09:44:05,啤酒,首板
20260327,603090.SH,宏盛股份,14:21:32,算力,首板
20260327,603115.SH,海星股份,11:28:05,电阻电容,4天2板
20260327,603127.SH,昭衍新药,10:29:26,医药,首板
20260327,603132.SH,金徽股份,11:15:38,有色金属,首板
20260327,603248.SH,锡华科技,09:51:47,风电,首板
20260327,603324.SH,盛剑科技,13:05:41,芯片,首板
20260327,603387.SH,基蛋生物,10:06:00,医疗器械,首板
20260327,603399.SH,永杉锂业,10:44:06,锂电池,首板
20260327,603429.SH,*ST集友,09:34:42,ST板块,3连板
20260327,603538.SH,美诺华,09:35:17,医药,6天5板
20260327,603585.SH,苏利股份,09:30:45,化工,首板
20260327,603618.SH,杭电股份,11:22:46,通信,3天2板
20260327,603738.SH,泰晶科技,10:58:21,通信,首板
20260327,603978.SH,深圳新星,10:32:15,锂电池,首板
20260327,605081.SH,*ST太和,09:40:40,ST板块,首板
20260327,605299.SH,舒华体育,14:45:51,足球概念,6天4板
20260327,605388.SH,均瑶健康,09:41:12,保健品,首板
20260327,688068.SH,热景生物,13:31:08,医药,首板
20260326,000037.SZ,深南电A,11:15:00,电力,首板
20260326,000669.SZ,ST金鸿,11:26:24,ST板块,首板
20260326,000692.SZ,惠天热电,09:44:36,热力,首板
20260326,000720.SZ,新能泰山,09:25:00,智能电网,3连板
20260326,000722.SZ,湖南发展,09:30:18,电力,3连板
20260326,000767.SZ,晋控电力,09:30:54,电力,首板
20260326,000908.SZ,ST景峰,14:10:24,ST板块,14天12板
20260326,000927.SZ,中国铁物,09:32:03,基础建设,2连板
20260326,000965.SZ,天保基建,09:25:00,大飞机,首板
20260326,000968.SZ,蓝焰控股,13:19:51,天然气,首板
20260326,001270.SZ,*ST铖昌,13:57:18,ST板块,首板
20260326,001367.SZ,海森药业,09:30:12,医药,首板
20260326,002082.SZ,万邦德,14:35:18,医药,3天2板
20260326,002109.SZ,兴化股份,09:58:24,化工,首板
20260326,002149.SZ,西部材料,14:36:06,商业航天,首板
20260326,002192.SZ,融捷股份,09:48:33,锂电池,3连板
20260326,002199.SZ,*ST东晶,14:05:39,ST板块,3连板
20260326,002263.SZ,大东南,09:40:18,智能电网,首板
20260326,002361.SZ,神剑股份,14:01:51,商业航天,首板
20260326,002471.SZ,中超控股,09:25:00,大飞机,首板
20260326,002569.SZ,*ST步森,11:27:54,ST板块,首板
20260326,002620.SZ,ST瑞和,09:25:00,ST板块,4连板
20260326,002630.SZ,ST华西,10:01:48,ST板块,2连板
20260326,002692.SZ,远程股份,09:39:09,智能电网,首板
20260326,002705.SZ,新宝股份,09:30:03,家电,首板
20260326,002782.SZ,可立克,10:58:00,智能电网,首板
20260326,002808.SZ,*ST恒久,09:56:09,ST板块,首板
20260326,002902.SZ,铭普光磁,09:30:24,通信,2连板
20260326,003018.SZ,金富科技,09:34:18,算力,首板
20260326,600107.SH,ST尔雅,09:31:49,ST板块,4天3板
20260326,600136.SH,ST明诚,09:25:31,ST板块,4天3板
20260326,600163.SH,中闽能源,09:25:59,电力,2连板
20260326,600207.SH,安彩高科,10:04:49,光伏,首板
20260326,600310.SH,广西能源,10:31:05,电力,首板
20260326,600682.SH,南京新百,09:45:11,养老概念,首板
20260326,600726.SH,华电能源,14:55:59,电力,6天4板
20260326,600800.SH,渤海化学,09:31:05,化工,2连板
20260326,600844.SH,金煤科技,13:45:23,化工,4天2板
20260326,601515.SH,衢州东峰,09:35:21,锂电池,首板
20260326,601908.SH,京运通,10:39:24,电力,首板
20260326,603026.SH,石大胜华,09:52:39,锂电池,首板
20260326,603217.SH,元利科技,09:46:58,锂电池,首板
20260326,603272.SH,联翔股份,10:12:51,股权转让,4天2板
20260326,603429.SH,*ST集友,09:25:37,ST板块,2连板
20260326,603520.SH,司太立,09:43:25,医药,首板
20260326,603538.SH,美诺华,09:33:42,医药,5天4板
20260326,603601.SH,再升科技,09:30:04,商业航天,2连板
20260326,603687.SH,大胜达,10:19:44,并购重组,7天5板
20260326,603843.SH,*ST正平,14:35:43,ST板块,12天10板
20260326,603937.SH,丽岛新材,09:39:05,锂电池,3天2板
20260326,605555.SH,德昌股份,13:55:27,家电,首板
20260325,000070.SZ,特发信息,09:35:57,通信,首板
20260325,000539.SZ,粤电力Ａ,09:54:21,电力,2连板
20260325,000592.SZ,平潭发展,14:26:27,海峡两岸,首板
20260325,000595.SZ,*ST宝实,13:03:27,ST板块,首板
20260325,000601.SZ,韶能股份,09:30:24,电力,6天5板
20260325,000608.SZ,*ST阳光,14:34:48,ST板块,2连板
20260325,000639.SZ,西王食品,09:45:21,食品饮料,首板
20260325,000659.SZ,珠海中富,13:00:54,包装印刷,首板
20260325,000690.SZ,宝新能源,10:20:15,电力,首板
20260325,000691.SZ,*ST亚太,11:03:18,ST板块,首板
20260325,000720.SZ,新能泰山,09:25:00,智能电网,2连板
20260325,000722.SZ,湖南发展,09:25:00,电力,2连板
20260325,000753.SZ,漳州发展,14:50:30,海峡两岸,首板
20260325,000791.SZ,甘肃能源,10:21:00,电力,首板
20260325,000859.SZ,国风新材,09:30:00,芯片,首板
20260325,000889.SZ,中嘉博创,09:30:00,算力,首板
20260325,000909.SZ,ST数源,09:37:27,ST板块,首板
20260325,000927.SZ,中国铁物,10:08:18,基础建设,首板
20260325,000978.SZ,桂林旅游,10:39:00,旅游,首板
20260325,000993.SZ,闽东电力,14:26:48,海峡两岸,首板
20260325,001316.SZ,润贝航科,10:30:27,大飞机,首板
20260325,001376.SZ,百通能源,10:55:18,电力,首板
20260325,001400.SZ,江顺科技,09:41:15,算力,首板
20260325,002038.SZ,双鹭药业,10:55:33,医药,首板
20260325,002058.SZ,*ST威尔,13:05:48,ST板块,首板
20260325,002076.SZ,*ST星光,13:35:09,ST板块,首板
20260325,002192.SZ,融捷股份,09:31:27,年报增长,2连板
20260325,002199.SZ,*ST东晶,09:45:15,ST板块,2连板
20260325,002211.SZ,ST宏达,10:06:51,ST板块,2连板
20260325,002214.SZ,*ST大立,13:13:06,ST板块,首板
20260325,002253.SZ,*ST智胜,14:49:18,ST板块,首板
20260325,002309.SZ,中利集团,10:59:48,光伏,4连板
20260325,002418.SZ,康盛股份,09:41:03,算力,首板
20260325,002467.SZ,二六三,09:33:12,算力,首板
20260325,002475.SZ,立讯精密,10:18:15,通信,首板
20260325,002479.SZ,富春环保,09:48:36,电力,首板
20260325,002485.SZ,ST雪发,14:46:09,ST板块,首板
20260325,002491.SZ,通鼎互联,09:31:18,通信,2连板
20260325,002528.SZ,ST英飞拓,09:30:48,ST板块,2连板
20260325,002580.SZ,圣阳股份,13:19:57,储能,首板
20260325,002620.SZ,ST瑞和,09:25:00,ST板块,3连板
20260325,002630.SZ,ST华西,13:12:24,ST板块,首板
20260325,002713.SZ,*ST东易,14:56:27,ST板块,首板
20260325,002718.SZ,友邦吊顶,13:36:33,实控人变更,首板
20260325,002730.SZ,电光科技,11:14:48,算力,首板
20260325,002761.SZ,浙江建投,10:40:09,基础建设,首板
20260325,002771.SZ,真视通,10:02:51,算力,2连板
20260325,002789.SZ,*ST建艺,09:30:54,ST板块,2连板
20260325,002902.SZ,铭普光磁,09:25:00,通信,首板
20260325,002941.SZ,新疆交建,11:11:06,基础建设,首板
20260325,003043.SZ,华亚智能,13:23:48,储能,首板
20260325,300069.SZ,金利华电,11:10:33,智能电网,首板
20260325,300245.SZ,天玑科技,11:19:36,算力,首板
20260325,300658.SZ,延江股份,10:00:15,通信,首板
20260325,301196.SZ,唯科科技,13:23:06,机器人概念,首板
20260325,301419.SZ,阿莱德,09:33:15,通信,首板
20260325,600032.SH,浙江新能,09:53:02,电力,3连板
20260325,600136.SH,ST明诚,11:15:23,ST板块,3天2板
20260325,600152.SH,维科技术,11:00:25,钠电池,首板
20260325,600158.SH,中体产业,10:04:10,体育产业,首板
20260325,600163.SH,中闽能源,09:53:58,电力,首板
20260325,600191.SH,华资实业,13:45:34,食品饮料,首板
20260325,600238.SH,*ST椰岛,10:22:51,ST板块,首板
20260325,600251.SH,冠农股份,13:09:58,农业,首板
20260325,600345.SH,长江通信,14:34:33,通信,首板
20260325,600396.SH,华电辽能,09:33:11,电力,8连板
20260325,600433.SH,冠豪高新,13:34:30,包装印刷,首板
20260325,600527.SH,江南高纤,11:06:42,化工,2连板
20260325,600539.SH,狮头股份,09:38:56,地产链,2连板
20260325,600589.SH,大位科技,09:36:43,算力,首板
20260325,600666.SH,奥瑞德,09:25:44,算力,2连板
20260325,600698.SH,湖南天雁,13:57:00,汽车零部件,2连板
20260325,600726.SH,华电能源,10:26:15,电力,5天3板
20260325,600758.SH,辽宁能源,09:25:57,电力,3连板
20260325,600780.SH,通宝能源,11:15:59,电力,首板
20260325,600800.SH,渤海化学,10:55:50,石油石化,首板
20260325,600802.SH,福建水泥,14:44:50,海峡两岸,首板
20260325,600815.SH,厦工股份,09:56:23,基础建设,首板
20260325,600982.SH,宁波能源,10:11:42,电力,2连板
20260325,601002.SH,晋亿实业,11:13:47,轨道交通,首板
20260325,601016.SH,节能风电,09:55:01,电力,2连板
20260325,601133.SH,柏诚股份,09:36:11,芯片,首板
20260325,601606.SH,长城军工,14:18:16,军工,2连板
20260325,601869.SH,长飞光纤,09:55:01,通信,2连板
20260325,601999.SH,出版传媒,10:19:57,文化传媒,首板
20260325,603042.SH,华脉科技,09:40:27,通信,首板
20260325,603052.SH,可川科技,09:49:10,通信,首板
20260325,603118.SH,共进股份,13:04:02,通信,首板
20260325,603175.SH,超颖电子,09:38:04,通信,首板
20260325,603179.SH,新泉股份,13:24:29,机器人概念,首板
20260325,603261.SH,*ST立航,09:41:30,ST板块,首板
20260325,603429.SH,*ST集友,09:31:14,ST板块,首板
20260325,603538.SH,美诺华,09:31:52,医药,4天3板
20260325,603601.SH,再升科技,09:30:53,商业航天,首板
20260325,603618.SH,杭电股份,09:39:37,通信,首板
20260325,603629.SH,利通电子,09:57:02,算力,首板
20260325,603808.SH,歌力思,09:55:32,AI应用,2连板
20260325,603828.SH,ST柯利达,09:42:59,ST板块,首板
20260325,603829.SH,洛凯股份,13:19:26,智能电网,首板
20260325,603933.SH,睿能科技,13:11:09,机器人概念,首板
20260325,603938.SH,三孚股份,09:38:56,通信,首板
20260325,603958.SH,哈森股份,10:08:17,3D打印,首板
20260325,605168.SH,三人行,10:40:13,算力,首板
20260325,605299.SH,舒华体育,09:40:05,体育产业,4天3板
20260325,605366.SH,宏柏新材,09:33:39,化工,2连板
20260324,000035.SZ,中国天楹,09:35:03,化工,首板
20260324,000065.SZ,北方国际,10:45:09,基础建设,首板
20260324,000415.SZ,渤海租赁,13:02:06,金融概念,首板
20260324,000509.SZ,华塑控股,09:45:24,电力,3天2板
20260324,000539.SZ,粤电力Ａ,14:55:45,电力,首板
20260324,000601.SZ,韶能股份,09:35:36,电力,5天4板
20260324,000608.SZ,*ST阳光,11:11:57,ST板块,首板
20260324,000638.SZ,*ST万方,09:25:00,ST板块,3连板
20260324,000668.SZ,*ST荣控,14:37:57,ST板块,首板
20260324,000677.SZ,恒天海龙,10:35:15,并购重组,3天2板
20260324,000688.SZ,国城矿业,14:52:42,锂电池,首板
20260324,000720.SZ,新能泰山,09:25:00,智能电网,首板
20260324,000722.SZ,湖南发展,09:34:21,电力,首板
20260324,000811.SZ,冰轮环境,13:38:42,算力,首板
20260324,001203.SZ,大中矿业,14:31:30,锂电池,首板
20260324,002005.SZ,ST德豪,10:27:42,ST板块,首板
20260324,002082.SZ,万邦德,10:55:21,医药,首板
20260324,002083.SZ,孚日股份,09:30:39,锂电池,首板
20260324,002192.SZ,融捷股份,09:30:27,锂电池,首板
20260324,002199.SZ,*ST东晶,14:28:06,ST板块,首板
20260324,002211.SZ,ST宏达,10:04:57,ST板块,首板
20260324,002218.SZ,拓日新能,09:30:42,光伏,2连板
20260324,002222.SZ,福晶科技,14:18:15,通信,首板
20260324,002265.SZ,建设工业,10:06:54,军工,首板
20260324,002289.SZ,*ST宇顺,10:12:03,ST板块,首板
20260324,002309.SZ,中利集团,09:25:00,光伏,3连板
20260324,002316.SZ,亚联发展,09:30:45,智能电网,首板
20260324,002323.SZ,雅博股份,09:37:12,光伏,首板
20260324,002350.SZ,北京科锐,09:30:18,光伏,首板
20260324,002428.SZ,云南锗业,14:09:54,芯片,3天2板
20260324,002445.SZ,中南文化,09:35:12,电力,首板
20260324,002491.SZ,通鼎互联,09:48:03,通信,首板
20260324,002498.SZ,汉缆股份,09:37:24,智能电网,首板
20260324,002512.SZ,ST达华,13:49:51,ST板块,首板
20260324,002519.SZ,银河电子,13:39:15,商业航天,首板
20260324,002528.SZ,ST英飞拓,10:10:18,ST板块,首板
20260324,002620.SZ,ST瑞和,09:42:06,ST板块,2连板
20260324,002631.SZ,德尔未来,14:14:45,石墨化,首板
20260324,002636.SZ,金安国纪,14:31:06,通信,首板
20260324,002645.SZ,华宏科技,13:54:12,稀土永磁,首板
20260324,002663.SZ,普邦股份,14:11:18,园林,首板
20260324,002685.SZ,华东重机,11:16:57,芯片,首板
20260324,002771.SZ,真视通,10:28:03,算力,首板
20260324,002789.SZ,*ST建艺,10:42:33,ST板块,首板
20260324,002795.SZ,永和智控,10:26:24,股权转让,首板
20260324,002887.SZ,绿茵生态,13:16:18,体育产业,首板
20260324,003004.SZ,*ST声迅,14:35:21,ST板块,首板
20260324,300335.SZ,迪森股份,10:39:30,热泵,首板
20260324,300385.SZ,雪浪环境,09:30:42,实控人变更,2连板
20260324,300497.SZ,富祥药业,09:31:51,锂电池,首板
20260324,301226.SZ,祥明智能,10:24:39,风电,首板
20260324,600026.SH,中远海能,11:06:45,航运,首板
20260324,600032.SH,浙江新能,14:47:45,电力,2连板
20260324,600076.SH,康欣新材,13:05:21,并购重组,首板
20260324,600107.SH,ST尔雅,09:42:30,ST板块,2连板
20260324,600137.SH,浪莎股份,13:40:46,服装家纺,首板
20260324,600184.SH,光电股份,14:42:35,通信,首板
20260324,600186.SH,莲花控股,10:38:44,算力,首板
20260324,600192.SH,长城电工,09:36:16,智能电网,首板
20260324,600234.SH,科新发展,14:22:38,地产链,首板
20260324,600355.SH,*ST精伦,09:31:56,ST板块,3连板
20260324,600396.SH,华电辽能,09:38:15,电力,7连板
20260324,600475.SH,华光环能,09:35:49,氢能源,首板
20260324,600510.SH,黑牡丹,14:44:38,地产链,首板
20260324,600527.SH,江南高纤,10:56:57,化工,首板
20260324,600537.SH,亿晶光电,14:02:02,光伏,首板
20260324,600539.SH,狮头股份,09:48:54,地产链,首板
20260324,600608.SH,*ST沪科,09:42:49,ST板块,3连板
20260324,600666.SH,奥瑞德,10:22:39,算力,首板
20260324,600698.SH,湖南天雁,10:03:55,汽车零部件,首板
20260324,600744.SH,华银电力,09:38:15,电力,首板
20260324,600758.SH,辽宁能源,09:31:14,电力,2连板
20260324,600773.SH,西藏城投,14:23:04,锂电池,首板
20260324,600821.SH,金开新能,10:39:18,电力,首板
20260324,600868.SH,梅雁吉祥,14:12:59,电力,首板
20260324,600982.SH,宁波能源,13:36:34,电力,首板
20260324,601016.SH,节能风电,11:25:53,电力,首板
20260324,601226.SH,华电科工,09:34:00,氢能源,首板
20260324,601606.SH,长城军工,09:53:08,军工,首板
20260324,601858.SH,中国科传,09:57:39,数字经济,首板
20260324,601869.SH,长飞光纤,14:31:45,通信,首板
20260324,601975.SH,招商南油,10:52:45,航运,首板
20260324,603017.SH,中衡设计,10:32:54,商业航天,首板
20260324,603115.SH,海星股份,10:41:59,元器件,首板
20260324,603165.SH,荣晟环保,09:37:17,芯片,3天2板
20260324,603398.SH,*ST沐邦,14:30:57,ST板块,6天3板
20260324,603421.SH,鼎信通讯,09:54:09,智能电网,首板
20260324,603527.SH,众源新材,14:13:35,智能电网,首板
20260324,603538.SH,美诺华,09:40:06,医药,3天2板
20260324,603759.SH,海天股份,09:25:47,光伏,首板
20260324,603808.SH,歌力思,14:20:42,AI应用,首板
20260324,603843.SH,*ST正平,11:21:13,ST板块,10天9板
20260324,603922.SH,金鸿顺,11:03:06,汽车零部件,首板
20260324,603929.SH,亚翔集成,09:52:33,芯片,首板
20260324,603937.SH,丽岛新材,13:59:09,锂电池,首板
20260324,605056.SH,咸亨国际,14:28:03,机器人概念,首板
20260324,605196.SH,华通线缆,14:29:45,智能电网,首板
20260324,605299.SH,舒华体育,10:23:26,体育产业,3天2板
20260324,605366.SH,宏柏新材,13:37:28,化工,首板
20260324,688551.SH,科威尔,09:36:31,氢能源,首板
20260323,000638.SZ,*ST万方,09:30:12,ST板块,2连板
20260323,000703.SZ,恒逸石化,13:06:42,石油石化,首板
20260323,000908.SZ,*ST景峰,09:25:00,ST板块,12天11板
20260323,001258.SZ,立新能源,09:46:06,电力,3天2板
20260323,002150.SZ,正泰电源,09:32:09,储能,2连板
20260323,002218.SZ,拓日新能,09:57:09,光伏,首板
20260323,002309.SZ,中利集团,09:25:00,光伏,2连板
20260323,002310.SZ,东方新能,09:48:57,风电,6天4板
20260323,002565.SZ,顺灏股份,09:40:27,算力,首板
20260323,002620.SZ,ST瑞和,09:31:33,ST板块,首板
20260323,002896.SZ,中大力德,09:31:45,机器人概念,首板
20260323,300345.SZ,华民股份,09:44:30,光伏,首板
20260323,300385.SZ,雪浪环境,09:25:00,实控人变更,首板
20260323,300868.SZ,杰美特,09:51:00,并购重组,首板
20260323,600032.SH,浙江新能,10:26:41,电力,首板
20260323,600107.SH,ST尔雅,10:23:20,ST板块,首板
20260323,600136.SH,ST明诚,09:30:01,ST板块,首板
20260323,600143.SH,金发科技,09:39:03,机器人概念,首板
20260323,600149.SH,廊坊发展,13:04:32,热力,首板
20260323,600355.SH,*ST精伦,11:29:57,ST板块,2连板
20260323,600376.SH,首开股份,09:52:24,机器人概念,首板
20260323,600396.SH,华电辽能,09:30:59,电力,6连板
20260323,600608.SH,*ST沪科,09:33:24,ST板块,2连板
20260323,600696.SH,*ST岩石,09:33:03,ST板块,2连板
20260323,600758.SH,辽宁能源,09:31:04,煤炭,首板
20260323,600792.SH,云煤能源,09:42:21,煤炭,首板
20260323,600844.SH,金煤科技,09:39:54,化工,首板
20260323,603016.SH,新宏泰,10:35:54,智能电网,4天2板
20260323,603105.SH,芯能科技,13:59:34,电力,首板
20260323,603272.SH,联翔股份,09:34:50,股权转让,首板
20260323,603377.SH,ST东时,09:30:28,ST板块,首板
20260323,603529.SH,爱玛科技,09:42:21,两轮车,首板
20260323,603616.SH,韩建河山,13:01:00,并购重组,首板
20260323,603687.SH,大胜达,09:25:58,并购重组,4连板
20260323,603727.SH,博迈科,10:26:07,石油石化,首板
20260323,603787.SH,新日股份,09:45:34,两轮车,首板
20260323,603803.SH,瑞斯康达,10:22:38,交换机,首板
20260323,603843.SH,*ST正平,14:01:33,ST板块,9天8板
20260320,000020.SZ,深华发Ａ,09:25:00,地产链,5连板
20260320,000509.SZ,华塑控股,09:56:18,电力,首板
20260320,000601.SZ,韶能股份,09:30:30,电力,3连板
20260320,000638.SZ,*ST万方,10:44:39,ST板块,首板
20260320,000669.SZ,ST金鸿,10:14:00,ST板块,首板
20260320,000677.SZ,恒天海龙,09:25:00,并购重组,首板
20260320,000862.SZ,银星能源,11:06:45,电力,首板
20260320,000908.SZ,*ST景峰,09:25:00,ST板块,11天10板
20260320,001283.SZ,豪鹏科技,13:00:12,储能,首板
20260320,002150.SZ,正泰电源,09:37:18,储能,首板
20260320,002256.SZ,兆新股份,09:31:51,电力,4天2板
20260320,002309.SZ,中利集团,09:35:15,光伏,首板
20260320,002310.SZ,东方新能,09:32:12,风电,5天3板
20260320,002428.SZ,云南锗业,09:30:00,金属锗,首板
20260320,300827.SZ,上能电气,10:24:03,储能,首板
20260320,301658.SZ,首航新能,11:16:54,储能,首板
20260320,600310.SH,广西能源,09:41:28,电力,首板
20260320,600355.SH,*ST精伦,10:58:19,ST板块,首板
20260320,600381.SH,*ST春天,09:25:58,ST板块,5连板
20260320,600396.SH,华电辽能,09:33:26,风电,5连板
20260320,600604.SH,市北高新,13:19:00,地产链,首板
20260320,600608.SH,*ST沪科,09:33:41,ST板块,首板
20260320,600617.SH,国新能源,09:36:58,天然气,2连板
20260320,600683.SH,京投发展,09:42:30,地产链,首板
20260320,600696.SH,*ST岩石,09:38:16,ST板块,首板
20260320,600726.SH,华电能源,09:34:16,电力,2连板
20260320,603026.SH,石大胜华,09:38:14,锂电池,首板
20260320,603165.SH,荣晟环保,10:07:18,芯片,首板
20260320,603381.SH,永臻股份,13:00:22,储能,首板
20260320,603398.SH,*ST沐邦,10:22:49,ST板块,4天2板
20260320,603538.SH,美诺华,09:31:50,医药,首板
20260320,603580.SH,*ST艾艾,14:05:52,ST板块,4连板
20260320,603687.SH,大胜达,09:25:38,并购重组,3连板
20260320,603778.SH,国晟科技,11:17:33,储能,首板
20260320,603813.SH,*ST原尚,09:30:25,ST板块,2连板
20260320,603843.SH,*ST正平,09:33:09,ST板块,8天7板
20260320,605050.SH,福然德,09:47:34,机器人概念,首板
20260320,605099.SH,共创草坪,10:33:18,足球概念,首板
20260320,605299.SH,舒华体育,10:33:35,足球概念,首板
20260319,000004.SZ,*ST国华,10:23:18,ST板块,首板
20260319,000020.SZ,深华发Ａ,09:25:00,地产链,4连板
20260319,000539.SZ,粤电力Ａ,09:31:51,电力,2连板
20260319,000601.SZ,韶能股份,09:25:00,电力,2连板
20260319,000617.SZ,中油资本,13:53:09,跨境支付,4天2板
20260319,000815.SZ,美利云,09:31:09,算力,2连板
20260319,000908.SZ,*ST景峰,09:25:00,ST板块,10天9板
20260319,000968.SZ,蓝焰控股,13:36:36,天然气,首板
20260319,001258.SZ,立新能源,09:50:30,电力,首板
20260319,002109.SZ,兴化股份,09:25:00,化工,首板
20260319,002310.SZ,东方新能,10:21:27,风电,4天2板
20260319,002432.SZ,九安医疗,09:50:27,AI应用,2连板
20260319,002902.SZ,铭普光磁,14:09:06,通信,首板
20260319,300332.SZ,天壕能源,13:40:03,天然气,首板
20260319,300895.SZ,铜牛信息,10:00:06,算力,首板
20260319,600186.SH,莲花控股,09:47:35,算力,首板
20260319,600381.SH,*ST春天,09:25:44,ST板块,4连板
20260319,600396.SH,华电辽能,09:31:06,风电,4连板
20260319,600599.SH,*ST熊猫,09:25:33,ST板块,8连板
20260319,600617.SH,国新能源,10:27:51,天然气,首板
20260319,600666.SH,奥瑞德,09:33:58,算力,2连板
20260319,600726.SH,华电能源,10:39:11,电力,首板
20260319,600777.SH,*ST新潮,09:58:39,ST板块,首板
20260319,600979.SH,广安爱众,09:37:11,电力,首板
20260319,600996.SH,贵广网络,09:56:36,算力,首板
20260319,601015.SH,陕西黑猫,09:34:36,化工,首板
20260319,601218.SH,吉鑫科技,09:41:57,风电,首板
20260319,603130.SH,云中马,10:26:11,服装家纺,首板
20260319,603366.SH,日出东方,09:34:33,热泵,首板
20260319,603580.SH,*ST艾艾,09:32:45,ST板块,3连板
20260319,603629.SH,利通电子,09:49:10,算力,首板
20260319,603687.SH,大胜达,09:25:54,并购重组,2连板
20260319,603813.SH,*ST原尚,09:41:57,ST板块,首板
20260319,603843.SH,*ST正平,09:32:22,ST板块,7天6板
20260319,605169.SH,洪通燃气,13:43:20,天然气,首板
20260319,605389.SH,长龄液压,10:08:40,股权转让,首板
20260318,000020.SZ,深华发Ａ,09:25:00,地产链,3连板
20260318,000037.SZ,深南电A,09:30:18,电力,首板
20260318,000048.SZ,京基智农,10:25:09,机器人概念,首板
20260318,000539.SZ,粤电力Ａ,09:25:00,电力,首板
20260318,000601.SZ,韶能股份,09:25:00,电力,首板
20260318,000608.SZ,*ST阳光,14:16:54,ST板块,首板
20260318,000815.SZ,美利云,10:03:06,算力,首板
20260318,000908.SZ,*ST景峰,09:25:00,ST板块,9天8板
20260318,000990.SZ,诚志股份,09:39:30,化工,首板
20260318,001270.SZ,*ST铖昌,11:24:54,ST板块,首板
20260318,001287.SZ,中电港,10:03:12,存储,首板
20260318,001389.SZ,广合科技,11:17:54,通信,首板
20260318,001400.SZ,江顺科技,13:37:06,算力,首板
20260318,002323.SZ,雅博股份,09:30:15,光伏,4天3板
20260318,002339.SZ,积成电子,09:39:36,智能电网,首板
20260318,002432.SZ,九安医疗,13:26:18,AI应用,首板
20260318,002445.SZ,中南文化,09:42:18,电力,首板
20260318,002565.SZ,顺灏股份,10:43:06,算力,2连板
20260318,002667.SZ,威领股份,10:37:57,锂电池,首板
20260318,002693.SZ,*ST双成,10:47:18,ST板块,4天3板
20260318,002713.SZ,*ST东易,09:30:42,ST板块,首板
20260318,002731.SZ,ST萃华,09:30:00,ST板块,首板
20260318,002789.SZ,*ST建艺,09:51:12,ST板块,7天4板
20260318,002808.SZ,*ST恒久,09:38:27,ST板块,2连板
20260318,002913.SZ,奥士康,10:20:12,通信,首板
20260318,003018.SZ,金富科技,10:16:45,算力,首板
20260318,300042.SZ,朗科科技,14:55:12,存储,3天2板
20260318,300302.SZ,同有科技,09:53:21,存储,首板
20260318,300571.SZ,平治信息,13:03:15,算力,首板
20260318,301128.SZ,强瑞技术,14:08:09,算力,首板
20260318,301191.SZ,菲菱科思,14:55:06,通信,首板
20260318,301306.SZ,西测测试,11:18:36,商业航天,首板
20260318,301428.SZ,世纪恒通,11:00:18,AI应用,首板
20260318,600307.SH,酒钢宏兴,09:41:52,钢铁,4天3板
20260318,600370.SH,三房巷,09:34:29,化工,5连板
20260318,600381.SH,*ST春天,09:44:26,ST板块,3连板
20260318,600396.SH,华电辽能,09:25:35,风电,3连板
20260318,600468.SH,百利电气,09:32:15,智能电网,首板
20260318,600513.SH,联环药业,11:15:04,医药,首板
20260318,600590.SH,泰豪科技,14:36:50,柴油发电机,首板
20260318,600599.SH,*ST熊猫,09:25:32,ST板块,7连板
20260318,600602.SH,云赛智联,13:25:44,算力,首板
20260318,600666.SH,奥瑞德,09:33:36,算力,首板
20260318,603016.SH,新宏泰,13:52:26,智能电网,首板
20260318,603052.SH,可川科技,11:01:38,通信,3天2板
20260318,603088.SH,宁波精达,09:39:00,算力,首板
20260318,603098.SH,森特股份,09:46:48,光伏,首板
20260318,603115.SH,海星股份,14:10:25,元器件,首板
20260318,603168.SH,莎普爱思,09:45:15,并购重组,首板
20260318,603189.SH,网达软件,13:40:21,AI应用,首板
20260318,603220.SH,中贝通信,13:21:57,算力,首板
20260318,603268.SH,*ST松发,13:44:07,ST板块,首板
20260318,603311.SH,金海高科,13:14:16,家电,首板
20260318,603316.SH,诚邦股份,09:49:42,存储,首板
20260318,603387.SH,基蛋生物,09:30:48,医疗器械,2连板
20260318,603489.SH,八方股份,09:39:31,两轮车,首板
20260318,603580.SH,*ST艾艾,09:30:14,ST板块,2连板
20260318,603601.SH,再升科技,09:45:15,商业航天,首板
20260318,603615.SH,茶花股份,13:23:50,元器件,首板
20260318,603618.SH,杭电股份,14:40:16,通信,首板
20260318,603687.SH,大胜达,11:13:51,算力,首板
20260318,603757.SH,大元泵业,09:58:16,算力,首板
20260318,603789.SH,*ST星农,09:25:55,ST板块,3天2板
20260318,603803.SH,瑞斯康达,09:42:44,通信,首板
20260318,603881.SH,数据港,13:00:45,算力,首板
20260318,603897.SH,长城科技,09:31:07,智能电网,首板
20260318,603912.SH,佳力图,09:51:04,算力,首板
20260318,605058.SH,澳弘电子,09:43:41,通信,首板
20260318,605286.SH,同力天启,09:41:34,电力,首板
20260318,688328.SH,深科达,13:16:44,存储,首板
20260317,000020.SZ,深华发Ａ,09:25:00,地产链,2连板
20260317,000042.SZ,中洲控股,09:34:06,地产链,首板
20260317,000488.SZ,ST晨鸣,09:25:00,ST板块,2连板
20260317,000533.SZ,顺钠股份,13:18:18,智能电网,2连板
20260317,000572.SZ,海马汽车,09:40:48,氢能源,首板
20260317,000669.SZ,ST金鸿,09:25:00,ST板块,6连板
20260317,000820.SZ,*ST节能,10:35:57,ST板块,首板
20260317,000890.SZ,法尔胜,10:46:48,通信,4连板
20260317,000908.SZ,*ST景峰,09:25:00,ST板块,8天7板
20260317,001369.SZ,双欣材料,10:48:33,次新股,首板
20260317,002150.SZ,正泰电源,10:55:09,储能,首板
20260317,002253.SZ,*ST智胜,09:30:54,ST板块,2连板
20260317,002256.SZ,兆新股份,10:21:21,电力,首板
20260317,002285.SZ,世联行,09:53:57,地产链,首板
20260317,002323.SZ,雅博股份,09:36:42,光伏,3天2板
20260317,002470.SZ,金正大,14:33:24,化工,3天2板
20260317,002506.SZ,协鑫集成,09:34:54,光伏,首板
20260317,002565.SZ,顺灏股份,09:30:00,算力,首板
20260317,002629.SZ,仁智股份,10:56:51,石油石化,首板
20260317,002808.SZ,*ST恒久,10:41:12,ST板块,首板
20260317,301226.SZ,祥明智能,13:03:27,风电,首板
20260317,301667.SZ,纳百川,10:47:15,次新股,4天2板
20260317,301680.SZ,固德电材,11:00:45,次新股,首板
20260317,600227.SH,赤天化,09:40:30,化工,3连板
20260317,600265.SH,ST景谷,10:34:08,ST板块,首板
20260317,600289.SH,ST信通,09:32:56,ST板块,2连板
20260317,600307.SH,酒钢宏兴,09:33:06,钢铁,3天2板
20260317,600370.SH,三房巷,09:34:52,化工,4连板
20260317,600381.SH,*ST春天,09:32:34,ST板块,2连板
20260317,600396.SH,华电辽能,09:33:29,风电,2连板
20260317,600408.SH,安泰集团,09:39:18,煤炭,3天2板
20260317,600545.SH,卓郎智能,09:30:49,化工,2连板
20260317,600569.SH,安阳钢铁,09:31:28,钢铁,首板
20260317,600599.SH,*ST熊猫,09:30:06,ST板块,6连板
20260317,600643.SH,爱建集团,09:53:46,金融概念,首板
20260317,600683.SH,京投发展,09:30:40,地产链,3连板
20260317,600691.SH,潞化科技,09:37:17,化工,4天3板
20260317,600791.SH,京能置业,09:49:28,地产链,首板
20260317,601016.SH,节能风电,10:36:02,电力,首板
20260317,603248.SH,锡华科技,10:21:36,次新股,3连板
20260317,603387.SH,基蛋生物,10:24:01,医疗器械,首板
20260317,603398.SH,*ST沐邦,09:34:57,ST板块,首板
20260317,603580.SH,*ST艾艾,10:59:33,ST板块,首板
20260317,603685.SH,晨丰科技,11:07:06,电力,首板
20260317,603693.SH,江苏新能,10:18:33,风电,首板
20260317,603778.SH,国晟科技,13:05:53,光伏,2连板
20260317,603843.SH,*ST正平,09:25:32,ST板块,5连板
20260317,603929.SH,亚翔集成,10:03:06,芯片,3连板
20260317,603992.SH,松霖科技,13:12:18,机器人概念,4天2板
20260317,605167.SH,利柏特,13:04:12,核电,首板
20260317,605277.SH,新亚电子,09:30:00,通信,首板
20260317,688295.SH,中复神鹰,13:36:23,碳纤维,4天2板
20260316,000020.SZ,深华发Ａ,09:49:39,面板,首板
20260316,000488.SZ,ST晨鸣,09:31:12,ST板块,首板
20260316,000533.SZ,顺钠股份,10:01:18,智能电网,首板
20260316,000617.SZ,中油资本,09:25:00,跨境支付,首板
20260316,000620.SZ,盈新发展,11:20:24,芯片,首板
20260316,000639.SZ,西王食品,09:59:30,股权转让,首板
20260316,000668.SZ,*ST荣控,14:17:39,ST板块,首板
20260316,000669.SZ,ST金鸿,09:30:36,ST板块,5连板
20260316,000890.SZ,法尔胜,14:08:33,通信,3连板
20260316,000908.SZ,*ST景峰,09:25:00,ST板块,7天6板
20260316,001278.SZ,一彬科技,09:44:24,机器人概念,首板
20260316,002086.SZ,东方海洋,09:25:00,海洋经济,首板
20260316,002235.SZ,安妮股份,14:21:39,实控人变更,首板
20260316,002253.SZ,*ST智胜,14:34:33,ST板块,首板
20260316,002278.SZ,神开股份,09:35:09,海洋经济,首板
20260316,002310.SZ,东方新能,09:32:36,风电,首板
20260316,002426.SZ,胜利精密,10:54:27,锂电池,首板
20260316,002427.SZ,尤夫股份,09:34:09,海洋经济,首板
20260316,002467.SZ,二六三,10:00:30,AI应用,首板
20260316,002512.SZ,ST达华,10:08:12,ST板块,3天2板
20260316,002529.SZ,*ST海源,09:46:30,ST板块,首板
20260316,002636.SZ,金安国纪,10:56:06,通信,首板
20260316,002693.SZ,*ST双成,13:25:24,ST板块,2连板
20260316,002724.SZ,海洋王,09:36:12,LED,首板
20260316,002789.SZ,*ST建艺,09:36:09,ST板块,5天3板
20260316,002831.SZ,裕同科技,14:55:09,算力,4天2板
20260316,002980.SZ,华盛昌,13:17:39,通信,首板
20260316,002990.SZ,盛视科技,10:09:24,芯片,首板
20260316,002995.SZ,天地在线,13:08:51,AI应用,首板
20260316,300042.SZ,朗科科技,10:16:57,芯片,首板
20260316,300051.SZ,琏升科技,14:43:39,光伏,首板
20260316,300606.SZ,金太阳,13:28:03,芯片,首板
20260316,600152.SH,维科技术,10:04:59,钠电池,首板
20260316,600227.SH,赤天化,09:31:30,化工,2连板
20260316,600289.SH,ST信通,14:53:27,ST板块,首板
20260316,600302.SH,标准股份,09:31:30,实控人变更,首板
20260316,600313.SH,农发种业,09:39:13,农业,首板
20260316,600370.SH,三房巷,09:30:02,化工,3连板
20260316,600381.SH,*ST春天,09:41:32,ST板块,首板
20260316,600396.SH,华电辽能,09:25:48,海洋经济,首板
20260316,600545.SH,卓郎智能,09:56:36,化工,首板
20260316,600599.SH,*ST熊猫,09:31:59,ST板块,5连板
20260316,600667.SH,太极实业,11:24:07,芯片,首板
20260316,600683.SH,京投发展,09:34:54,地产链,2连板
20260316,600751.SH,海航科技,10:32:27,航运,首板
20260316,600892.SH,*ST大晟,09:39:36,ST板块,首板
20260316,601975.SH,招商南油,13:05:32,航运,首板
20260316,603052.SH,可川科技,13:57:14,通信,首板
20260316,603175.SH,超颖电子,14:13:47,芯片,首板
20260316,603248.SH,锡华科技,14:46:21,风电,2连板
20260316,603421.SH,鼎信通讯,09:58:20,智能电网,5天3板
20260316,603557.SH,ST起步,09:44:59,ST板块,首板
20260316,603738.SH,泰晶科技,09:48:09,通信,首板
20260316,603778.SH,国晟科技,10:20:18,光伏,首板
20260316,603789.SH,*ST星农,14:13:22,ST板块,首板
20260316,603843.SH,*ST正平,09:25:43,ST板块,4连板
20260316,603929.SH,亚翔集成,09:49:08,芯片,2连板
20260316,603986.SH,兆易创新,13:25:34,芯片,首板
20260316,605299.SH,舒华体育,10:01:57,体育产业,首板
20260316,605366.SH,宏柏新材,13:01:49,化工,首板
20260313,000004.SZ,*ST国华,09:41:54,ST板块,4连板
20260313,000010.SZ,美丽生态,09:35:33,算力,首板
20260313,000669.SZ,ST金鸿,09:25:00,ST板块,4连板
20260313,000677.SZ,恒天海龙,09:25:00,并购重组,首板
20260313,000890.SZ,法尔胜,09:31:42,通信,2连板
20260313,000908.SZ,*ST景峰,09:25:00,ST板块,6天5板
20260313,001366.SZ,播恩集团,10:03:48,农业,首板
20260313,002056.SZ,横店东磁,10:03:51,智能电网,首板
20260313,002084.SZ,海鸥住工,11:28:30,热泵,首板
20260313,002109.SZ,兴化股份,09:32:00,化工,首板
20260313,002165.SZ,红宝丽,09:43:00,化工,首板
20260313,002323.SZ,雅博股份,11:06:42,光伏,首板
20260313,002382.SZ,蓝帆医疗,09:46:54,医疗器械,首板
20260313,002429.SZ,兆驰股份,09:47:57,面板,首板
20260313,002438.SZ,江苏神通,13:35:12,核电,首板
20260313,002445.SZ,中南文化,09:25:00,电力,5连板
20260313,002470.SZ,金正大,09:31:36,化工,首板
20260313,002487.SZ,大金重工,13:24:30,风电,2连板
20260313,002531.SZ,天顺风能,10:19:09,风电,首板
20260313,002543.SZ,万和电气,10:31:09,热泵,首板
20260313,002620.SZ,ST瑞和,11:03:54,ST板块,首板
20260313,002637.SZ,赞宇科技,13:05:54,化工,首板
20260313,002669.SZ,康达新材,14:47:30,风电,首板
20260313,002693.SZ,*ST双成,09:30:00,ST板块,首板
20260313,002789.SZ,*ST建艺,14:40:45,ST板块,4天2板
20260313,002903.SZ,宇环数控,11:03:45,消费电子,首板
20260313,002931.SZ,锋龙股份,09:30:18,实控人变更,首板
20260313,002950.SZ,奥美医疗,10:14:27,医疗器械,首板
20260313,002969.SZ,嘉美包装,14:56:00,实控人变更,首板
20260313,003027.SZ,同兴科技,10:52:45,储能,首板
20260313,003041.SZ,真爱美家,14:01:57,实控人变更,首板
20260313,300185.SZ,通裕重工,10:48:03,风电,首板
20260313,300981.SZ,中红医疗,14:00:30,医疗器械,首板
20260313,600121.SH,郑州煤电,09:25:30,煤炭,2连板
20260313,600226.SH,亨通股份,13:33:35,农业,首板
20260313,600227.SH,赤天化,09:40:35,化工,首板
20260313,600232.SH,金鹰股份,10:06:55,锂电池,首板
20260313,600234.SH,科新发展,13:22:32,地产链,首板
20260313,600307.SH,酒钢宏兴,09:34:59,核电,首板
20260313,600336.SH,澳柯玛,13:07:04,热泵,首板
20260313,600370.SH,三房巷,14:32:21,化工,2连板
20260313,600408.SH,安泰集团,10:54:48,煤炭,首板
20260313,600599.SH,*ST熊猫,09:32:33,ST板块,4连板
20260313,600683.SH,京投发展,09:58:22,地产链,首板
20260313,600691.SH,潞化科技,09:25:46,化工,2连板
20260313,600722.SH,金牛化工,09:40:04,化工,3连板
20260313,600726.SH,华电能源,10:06:55,电力,4连板
20260313,600746.SH,江苏索普,13:26:22,化工,首板
20260313,600756.SH,浪潮软件,13:08:30,AI应用,首板
20260313,600847.SH,万里股份,11:21:40,储能,首板
20260313,601218.SH,吉鑫科技,13:43:55,风电,首板
20260313,601611.SH,中国核建,13:20:32,核电,首板
20260313,601669.SH,中国电建,09:34:56,电力,首板
20260313,603029.SH,天鹅股份,10:47:19,农业,首板
20260313,603062.SH,麦加芯彩,11:09:28,风电,首板
20260313,603169.SH,兰石重装,10:43:50,核电,首板
20260313,603248.SH,锡华科技,13:00:24,风电,首板
20260313,603261.SH,*ST立航,10:57:25,ST板块,首板
20260313,603280.SH,南方路机,11:08:30,核电,首板
20260313,603366.SH,日出东方,10:32:20,热泵,首板
20260313,603538.SH,美诺华,11:29:50,医药,首板
20260313,603558.SH,健盛集团,09:33:27,年报增长,首板
20260313,603607.SH,京华激光,09:35:20,文创产品,首板
20260313,603659.SH,璞泰来,09:49:17,锂电池,首板
20260313,603803.SH,瑞斯康达,09:53:15,通信,4天3板
20260313,603843.SH,*ST正平,09:25:43,ST板块,3连板
20260313,603929.SH,亚翔集成,09:30:00,年报增长,首板
20260313,605222.SH,起帆电缆,13:08:26,风电,首板
20260312,000004.SZ,*ST国华,09:25:00,ST板块,3连板
20260312,000420.SZ,吉林化纤,09:25:00,碳纤维,首板
20260312,000537.SZ,绿发电力,09:31:57,电力,3连板
20260312,000553.SZ,安道麦A,10:17:06,化工,首板
20260312,000593.SZ,德龙汇能,10:19:18,实控人变更,首板
20260312,000600.SZ,建投能源,13:41:45,电力,首板
20260312,000609.SZ,ST中迪,13:55:42,ST板块,5天3板
20260312,000669.SZ,ST金鸿,09:30:09,ST板块,3连板
20260312,000697.SZ,ST炼石,09:39:54,ST板块,首板
20260312,000711.SZ,ST京蓝,09:25:00,ST板块,3连板
20260312,000890.SZ,法尔胜,09:42:36,通信,首板
20260312,000908.SZ,*ST景峰,09:25:00,ST板块,5天4板
20260312,000990.SZ,诚志股份,09:42:42,化工,首板
20260312,001260.SZ,坤泰股份,09:47:42,商业航天,首板
20260312,002015.SZ,协鑫能科,10:03:15,电力,5天3板
20260312,002047.SZ,*ST宝鹰,14:42:51,ST板块,4天2板
20260312,002150.SZ,正泰电源,09:31:24,储能,2连板
20260312,002254.SZ,泰和新材,09:25:00,化工,首板
20260312,002445.SZ,中南文化,09:25:00,电力,4连板
20260312,002487.SZ,大金重工,13:21:27,风电,首板
20260312,002498.SZ,汉缆股份,09:57:27,智能电网,首板
20260312,002512.SZ,ST达华,10:15:57,ST板块,首板
20260312,002528.SZ,ST英飞拓,10:02:33,ST板块,5天4板
20260312,002652.SZ,扬子新材,14:15:06,洁净室,首板
20260312,002656.SZ,*ST摩登,09:30:03,ST板块,2连板
20260312,002869.SZ,金溢科技,14:12:15,车路云,首板
20260312,002951.SZ,金时科技,09:37:48,储能,首板
20260312,300690.SZ,双一科技,13:26:39,风电,首板
20260312,301068.SZ,大地海洋,13:54:06,固废处理,首板
20260312,301396.SZ,宏景科技,14:38:48,算力,4天2板
20260312,301667.SZ,纳百川,10:15:12,储能,首板
20260312,600121.SH,郑州煤电,11:04:59,煤炭,首板
20260312,600188.SH,兖矿能源,10:26:58,煤炭,首板
20260312,600370.SH,三房巷,09:25:53,化工,首板
20260312,600599.SH,*ST熊猫,09:25:33,ST板块,3连板
20260312,600691.SH,潞化科技,09:30:31,化工,首板
20260312,600703.SH,三安光电,09:49:29,Mini/Micro,首板
20260312,600714.SH,金瑞矿业,13:00:30,化工,首板
20260312,600722.SH,金牛化工,10:29:23,化工,2连板
20260312,600726.SH,华电能源,09:35:07,电力,3连板
20260312,600821.SH,金开新能,13:10:46,电力,7天4板
20260312,600844.SH,金煤科技,10:09:08,化工,首板
20260312,600868.SH,梅雁吉祥,09:41:49,电力,首板
20260312,600935.SH,华塑股份,10:02:25,化工,首板
20260312,600956.SH,新天绿能,13:45:57,风电,首板
20260312,601015.SH,陕西黑猫,13:02:20,煤炭,首板
20260312,601016.SH,节能风电,09:38:29,储能,2连板
20260312,601038.SH,一拖股份,13:02:11,发电机,首板
20260312,601330.SH,绿色动力,09:33:35,垃圾发电,2连板
20260312,601868.SH,中国能建,13:33:22,智能电网,5天3板
20260312,601969.SH,海南矿业,09:56:27,石油石化,4天2板
20260312,601991.SH,大唐发电,09:35:33,电力,首板
20260312,603077.SH,和邦生物,09:53:08,化工,首板
20260312,603092.SH,德力佳,13:09:55,风电,首板
20260312,603281.SH,江瀚新材,13:04:41,石英材料,首板
20260312,603507.SH,振江股份,13:12:21,风电,首板
20260312,603527.SH,众源新材,11:03:50,智能电网,首板
20260312,603626.SH,科森科技,09:34:07,储能,首板
20260312,603693.SH,江苏新能,13:17:40,风电,首板
20260312,603843.SH,*ST正平,09:46:27,ST板块,2连板
20260312,603978.SH,深圳新星,09:34:40,锂电池,首板
20260312,603992.SH,松霖科技,14:44:19,机器人概念,首板
20260312,605305.SH,中际联合,14:09:07,风电,首板
20260312,688295.SH,中复神鹰,09:25:42,碳纤维,首板
20260311,000004.SZ,*ST国华,09:25:59,ST板块,2连板
20260311,000062.SZ,深圳华强,14:09:21,芯片,首板
20260311,000537.SZ,绿发电力,09:42:12,电力,2连板
20260311,000545.SZ,金浦钛业,10:23:45,化工,4天2板
20260311,000608.SZ,*ST阳光,11:18:45,ST板块,首板
20260311,000609.SZ,ST中迪,14:09:42,ST板块,4天2板
20260311,000626.SZ,远大控股,13:19:30,化工,首板
20260311,000669.SZ,ST金鸿,09:30:03,ST板块,2连板
20260311,000711.SZ,ST京蓝,09:25:59,ST板块,2连板
20260311,000833.SZ,粤桂股份,10:01:24,化工,首板
20260311,000839.SZ,国安股份,09:30:00,AI应用,2连板
20260311,000899.SZ,赣能股份,11:01:33,电力,首板
20260311,000908.SZ,*ST景峰,09:25:59,ST板块,4天3板
20260311,001207.SZ,联科科技,09:55:42,智能电网,首板
20260311,001369.SZ,双欣材料,13:01:42,化工,首板
20260311,002092.SZ,中泰化学,13:47:27,化工,首板
20260311,002150.SZ,正泰电源,09:48:48,储能,首板
20260311,002175.SZ,东方智造,09:47:39,工业母机,首板
20260311,002177.SZ,御银股份,10:38:18,金融概念,首板
20260311,002248.SZ,华东数控,09:25:59,工业母机,首板
20260311,002432.SZ,九安医疗,10:50:39,AI应用,首板
20260311,002445.SZ,中南文化,09:25:59,并购重组,3连板
20260311,002455.SZ,百川股份,09:30:00,储能,首板
20260311,002528.SZ,ST英飞拓,09:52:51,ST板块,4天3板
20260311,002656.SZ,*ST摩登,09:58:00,ST板块,首板
20260311,002667.SZ,威领股份,09:39:51,锂电池,4天2板
20260311,002733.SZ,雄韬股份,10:46:54,储能,首板
20260311,002782.SZ,可立克,10:11:09,智能电网,首板
20260311,002831.SZ,裕同科技,10:42:27,包装印刷,首板
20260311,300246.SZ,宝莱特,10:27:24,医疗器械,首板
20260311,300504.SZ,天邑股份,09:40:00,通信,首板
20260311,301658.SZ,首航新能,10:03:00,储能,首板
20260311,600075.SH,新疆天业,13:53:21,化工,首板
20260311,600108.SH,亚盛集团,09:58:46,农业,9天7板
20260311,600172.SH,黄河旋风,09:32:30,金刚石概念,2连板
20260311,600299.SH,安迪苏,13:44:50,农业,首板
20260311,600328.SH,中盐化工,13:03:15,化工,首板
20260311,600355.SH,*ST精伦,14:42:32,ST板块,首板
20260311,600409.SH,三友化工,13:51:32,化工,首板
20260311,600433.SH,冠豪高新,09:34:27,氢能源,首板
20260311,600599.SH,*ST熊猫,09:25:35,ST板块,2连板
20260311,600608.SH,*ST沪科,13:20:13,ST板块,首板
20260311,600696.SH,*ST岩石,11:04:09,ST板块,首板
20260311,600722.SH,金牛化工,13:15:07,化工,首板
20260311,600726.SH,华电能源,14:03:49,电力,2连板
20260311,600753.SH,*ST海钦,09:25:42,ST板块,3连板
20260311,600769.SH,祥龙电业,11:08:42,水务,2连板
20260311,600873.SH,梅花生物,14:06:06,医药,首板
20260311,600989.SH,宝丰能源,13:36:05,化工,首板
20260311,601016.SH,节能风电,10:15:43,储能,首板
20260311,601330.SH,绿色动力,10:03:24,垃圾发电,首板
20260311,601700.SH,风范股份,09:25:30,智能电网,首板
20260311,601789.SH,宁波建工,09:32:46,算力,4连板
20260311,601858.SH,中国科传,10:20:34,数字经济,首板
20260311,601868.SH,中国能建,09:42:37,智能电网,4天2板
20260311,603158.SH,腾龙股份,09:38:32,算力,4天2板
20260311,603353.SH,和顺石油,09:37:20,石油石化,首板
20260311,603421.SH,鼎信通讯,09:31:14,智能电网,2连板
20260311,603629.SH,利通电子,14:53:19,算力,首板
20260311,603757.SH,大元泵业,09:34:09,算力,首板
20260311,603773.SH,沃格光电,10:38:28,通信,首板
20260311,603778.SH,国晟科技,11:02:10,储能,7天3板
20260311,603803.SH,瑞斯康达,09:25:51,通信,2连板
20260311,603843.SH,*ST正平,09:25:31,ST板块,首板
20260311,603936.SH,博敏电子,09:32:54,通信,首板
20260311,603938.SH,三孚股份,09:52:16,芯片,首板
20260311,605117.SH,德业股份,10:06:01,储能,首板
20260310,000004.SZ,*ST国华,09:39:30,ST板块,首板
20260310,000014.SZ,沙河股份,11:27:27,并购重组,首板
20260310,000488.SZ,ST晨鸣,09:31:24,ST板块,3连板
20260310,000504.SZ,*ST生物,09:35:42,ST板块,2连板
20260310,000537.SZ,绿发电力,09:25:00,电力,首板
20260310,000669.SZ,ST金鸿,13:30:51,ST板块,首板
20260310,000711.SZ,ST京蓝,09:31:06,ST板块,首板
20260310,000839.SZ,国安股份,09:33:51,AI应用,首板
20260310,000949.SZ,新乡化纤,09:51:39,化工,首板
20260310,001267.SZ,汇绿生态,10:00:42,通信,7天3板
20260310,001270.SZ,*ST铖昌,09:40:15,ST板块,首板
20260310,001332.SZ,锡装股份,10:43:12,核电,首板
20260310,001389.SZ,广合科技,10:39:51,通信,首板
20260310,001400.SZ,江顺科技,09:57:36,算力,3天2板
20260310,002025.SZ,航天电器,09:32:42,商业航天,首板
20260310,002281.SZ,光迅科技,13:04:09,通信,首板
20260310,002290.SZ,禾盛新材,10:16:24,芯片,首板
20260310,002294.SZ,信立泰,11:14:00,医药,首板
20260310,002298.SZ,中电鑫龙,11:23:00,算力,首板
20260310,002335.SZ,科华数据,14:35:12,算力,首板
20260310,002350.SZ,北京科锐,11:20:54,智能电网,首板
20260310,002384.SZ,东山精密,13:29:21,通信,首板
20260310,002445.SZ,中南文化,09:25:00,并购重组,2连板
20260310,002467.SZ,二六三,09:32:00,AI应用,首板
20260310,002485.SZ,ST雪发,09:47:24,ST板块,首板
20260310,002536.SZ,飞龙股份,09:36:39,算力,首板
20260310,002575.SZ,群兴玩具,11:27:06,算力,2连板
20260310,002592.SZ,ST八菱,09:53:39,ST板块,首板
20260310,002632.SZ,道明光学,09:31:54,消费电子,首板
20260310,002636.SZ,金安国纪,09:41:54,通信,首板
20260310,002729.SZ,好利科技,11:13:48,算力,首板
20260310,002760.SZ,凤形股份,10:08:36,发电机,首板
20260310,002789.SZ,*ST建艺,15:00:00,ST板块,首板
20260310,002898.SZ,*ST赛隆,14:54:57,ST板块,首板
20260310,002903.SZ,宇环数控,09:43:42,消费电子,2连板
20260310,002969.SZ,嘉美包装,09:40:06,实控人变更,首板
20260310,002993.SZ,奥海科技,13:00:09,电源,首板
20260310,003021.SZ,兆威机电,14:06:36,机器人概念,首板
20260310,300257.SZ,开山股份,09:52:24,电力,首板
20260310,300629.SZ,新劲刚,09:40:45,并购重组,首板
20260310,300936.SZ,中英科技,09:48:51,通信,首板
20260310,600108.SH,亚盛集团,10:09:49,农业,8天6板
20260310,600135.SH,乐凯胶片,10:47:53,锂电池,2连板
20260310,600172.SH,黄河旋风,09:57:03,金刚石概念,首板
20260310,600330.SH,天通股份,10:14:55,通信,首板
20260310,600345.SH,长江通信,13:32:53,通信,首板
20260310,600376.SH,首开股份,10:28:04,机器人概念,首板
20260310,600421.SH,*ST华嵘,13:37:56,ST板块,首板
20260310,600498.SH,烽火通信,13:33:50,通信,首板
20260310,600568.SH,ST中珠,09:32:00,ST板块,2连板
20260310,600599.SH,*ST熊猫,09:31:18,ST板块,首板
20260310,600726.SH,华电能源,09:46:33,电力,首板
20260310,600753.SH,*ST海钦,09:32:25,ST板块,2连板
20260310,600769.SH,祥龙电业,11:17:22,水务,首板
20260310,601778.SH,晶科科技,13:19:56,智能电网,首板
20260310,601789.SH,宁波建工,09:25:51,算力,3连板
20260310,601869.SH,长飞光纤,13:03:59,通信,首板
20260310,603017.SH,中衡设计,09:44:06,商业航天,首板
20260310,603115.SH,海星股份,10:22:16,元器件,首板
20260310,603269.SH,海鸥股份,11:10:27,算力,3天2板
20260310,603421.SH,鼎信通讯,09:38:59,智能电网,首板
20260310,603557.SH,ST起步,09:59:33,ST板块,首板
20260310,603803.SH,瑞斯康达,09:25:54,通信,首板
20260310,603949.SH,雪龙集团,09:53:00,机器人概念,首板
20260310,605268.SH,王力安防,09:25:32,地产链,5连板
20260310,605287.SH,德才股份,10:04:11,AI应用,首板
20260310,605318.SH,法狮龙,10:23:01,地产链,首板
20260310,688048.SH,长光华芯,14:00:29,通信,首板
20260310,688300.SH,联瑞新材,13:07:51,芯片,首板
20260310,688655.SH,迅捷兴,09:56:42,通信,首板
20260309,000066.SZ,中国长城,14:07:24,AI应用,首板
20260309,000488.SZ,ST晨鸣,09:45:33,ST板块,2连板
20260309,000504.SZ,*ST生物,13:08:51,ST板块,首板
20260309,000533.SZ,顺钠股份,09:30:12,智能电网,4连板
20260309,000534.SZ,万泽股份,10:25:24,燃气轮机,2连板
20260309,000601.SZ,韶能股份,09:54:36,电力,2连板
20260309,000815.SZ,美利云,11:11:00,算力,3连板
20260309,000862.SZ,银星能源,09:59:39,电力,4天2板
20260309,000973.SZ,佛塑科技,13:50:06,锂电池,首板
20260309,001258.SZ,立新能源,09:37:42,电力,首板
20260309,001339.SZ,智微智能,13:50:39,算力,首板
20260309,002015.SZ,协鑫能科,09:32:33,电力,2连板
20260309,002047.SZ,*ST宝鹰,13:42:27,ST板块,首板
20260309,002068.SZ,黑猫股份,11:29:27,化工,首板
20260309,002082.SZ,万邦德,09:30:18,一季报增长,首板
20260309,002112.SZ,三变科技,10:33:30,智能电网,首板
20260309,002229.SZ,鸿博股份,13:25:30,算力,首板
20260309,002261.SZ,拓维信息,14:10:33,AI应用,2连板
20260309,002300.SZ,太阳电缆,09:33:45,智能电网,首板
20260309,002445.SZ,中南文化,09:25:00,并购重组,首板
20260309,002528.SZ,ST英飞拓,09:41:06,ST板块,2连板
20260309,002575.SZ,群兴玩具,11:06:36,算力,首板
20260309,002730.SZ,电光科技,10:56:06,算力,首板
20260309,002903.SZ,宇环数控,09:39:51,机器人概念,首板
20260309,002930.SZ,宏川智慧,10:53:21,石油石化,首板
20260309,003035.SZ,南网能源,14:01:18,智能电网,首板
20260309,300113.SZ,顺网科技,13:37:12,AI应用,首板
20260309,301179.SZ,泽宇智能,10:13:48,智能电网,首板
20260309,301396.SZ,宏景科技,14:09:48,算力,首板
20260309,301606.SZ,绿联科技,09:44:39,算力,首板
20260309,600135.SH,乐凯胶片,09:46:54,锂电池,首板
20260309,600227.SH,赤天化,09:25:49,化工,2连板
20260309,600268.SH,国电南自,10:42:57,智能电网,首板
20260309,600289.SH,ST信通,13:18:16,ST板块,首板
20260309,600525.SH,ST长园,14:16:50,ST板块,首板
20260309,600568.SH,ST中珠,10:59:55,ST板块,首板
20260309,600602.SH,云赛智联,09:43:13,算力,首板
20260309,600753.SH,*ST海钦,14:14:27,ST板块,首板
20260309,600821.SH,金开新能,09:25:43,电力,4天3板
20260309,600851.SH,海欣股份,10:21:30,医药,首板
20260309,601567.SH,三星医疗,10:05:36,智能电网,2连板
20260309,601789.SH,宁波建工,09:25:49,算力,2连板
20260309,601877.SH,正泰电器,10:35:05,智能电网,首板
20260309,601969.SH,海南矿业,13:05:25,石油石化,首板
20260309,603138.SH,海量数据,09:41:22,人工智能,首板
20260309,603165.SH,荣晟环保,11:23:18,机器人概念,首板
20260309,605268.SH,王力安防,09:25:35,地产链,4连板
20260309,688158.SH,优刻得,09:41:47,AI应用,首板
20260309,688229.SH,博睿数据,09:53:25,人工智能,首板
20260309,688316.SH,青云科技,13:34:05,AI应用,首板
20260306,000488.SZ,ST晨鸣,14:21:48,ST板块,首板
20260306,000509.SZ,华塑控股,13:10:54,面板,2连板
20260306,000516.SZ,国际医学,09:37:18,脑机接口,首板
20260306,000533.SZ,顺钠股份,09:25:00,智能电网,3连板
20260306,000534.SZ,万泽股份,10:44:12,燃气轮机,首板
20260306,000545.SZ,金浦钛业,09:45:39,化工,首板
20260306,000601.SZ,韶能股份,09:34:48,电力,首板
20260306,000609.SZ,ST中迪,14:49:51,ST板块,首板
20260306,000638.SZ,*ST万方,10:17:24,ST板块,首板
20260306,000677.SZ,恒天海龙,09:51:24,化工,首板
20260306,000720.SZ,新能泰山,09:31:51,智能电网,首板
20260306,000752.SZ,ST西发,10:20:00,ST板块,首板
20260306,000815.SZ,美利云,09:40:15,算力,2连板
20260306,000818.SZ,航锦科技,14:33:42,人工智能,首板
20260306,000833.SZ,粤桂股份,13:40:48,化工,首板
20260306,000908.SZ,*ST景峰,09:34:03,ST板块,2连板
20260306,001216.SZ,华瓷股份,11:06:00,有色金属,首板
20260306,001326.SZ,联域股份,14:06:12,机器人概念,首板
20260306,001400.SZ,江顺科技,10:40:36,算力,首板
20260306,001696.SZ,宗申动力,10:04:27,无人机,首板
20260306,001896.SZ,豫能控股,13:37:06,电力,首板
20260306,002015.SZ,协鑫能科,09:40:51,电力,首板
20260306,002063.SZ,远光软件,10:05:33,智能电网,首板
20260306,002165.SZ,红宝丽,09:49:51,化工,首板
20260306,002227.SZ,奥特迅,09:30:15,汽车充电,首板
20260306,002261.SZ,拓维信息,14:50:03,人工智能,首板
20260306,002448.SZ,中原内配,09:49:21,发电机,首板
20260306,002470.SZ,金正大,09:40:09,化工,首板
20260306,002478.SZ,常宝股份,09:53:57,燃气轮机,首板
20260306,002496.SZ,*ST辉丰,13:38:21,ST板块,首板
20260306,002498.SZ,汉缆股份,09:33:18,智能电网,3连板
20260306,002506.SZ,协鑫集成,10:08:30,储能,4天2板
20260306,002528.SZ,ST英飞拓,09:35:12,ST板块,首板
20260306,002637.SZ,赞宇科技,13:38:21,化工,首板
20260306,002648.SZ,卫星化学,13:16:54,化工,首板
20260306,002667.SZ,威领股份,11:16:57,有色金属,首板
20260306,002713.SZ,*ST东易,13:54:09,ST板块,2连板
20260306,002717.SZ,ST岭南,14:21:48,ST板块,首板
20260306,002731.SZ,ST萃华,09:48:24,ST板块,首板
20260306,002809.SZ,红墙股份,09:53:42,化工,首板
20260306,002843.SZ,泰嘉股份,09:41:15,电源,首板
20260306,002849.SZ,威星智能,13:00:57,算力,首板
20260306,002913.SZ,奥士康,11:15:45,通信,2连板
20260306,002961.SZ,瑞达期货,10:16:51,金融概念,首板
20260306,003023.SZ,彩虹集团,09:44:42,家电,首板
20260306,301032.SZ,新柴股份,10:46:12,发电机,首板
20260306,301205.SZ,联特科技,10:32:54,通信,首板
20260306,301218.SZ,华是科技,13:27:15,算力,首板
20260306,301265.SZ,华新环保,11:07:42,芯片,首板
20260306,301638.SZ,南网数字,09:41:09,智能电网,首板
20260306,600075.SH,新疆天业,10:55:48,化工,首板
20260306,600108.SH,亚盛集团,10:12:06,农业,6天5板
20260306,600193.SH,*ST创兴,11:13:22,ST板块,首板
20260306,600227.SH,赤天化,10:12:43,化工,首板
20260306,600319.SH,亚星化学,13:18:28,化工,首板
20260306,600354.SH,敦煌种业,09:49:03,农业,首板
20260306,600396.SH,华电辽能,09:40:49,电力,首板
20260306,600397.SH,江钨装备,10:54:02,有色金属,首板
20260306,600470.SH,六国化工,09:52:04,化工,首板
20260306,600482.SH,中国动力,10:07:53,燃气轮机,首板
20260306,600545.SH,卓郎智能,09:30:40,人工智能,3连板
20260306,600590.SH,泰豪科技,09:30:25,发电机,2连板
20260306,600645.SH,中源协和,09:59:27,医药,首板
20260306,600676.SH,交运股份,09:51:50,并购重组,首板
20260306,600722.SH,金牛化工,13:27:17,化工,5天3板
20260306,600761.SH,安徽合力,14:32:06,基础建设,首板
20260306,600821.SH,金开新能,09:31:38,电力,3天2板
20260306,600825.SH,新华传媒,09:30:33,文化传媒,首板
20260306,601567.SH,三星医疗,09:25:36,智能电网,首板
20260306,601616.SH,广电电气,09:37:07,智能电网,首板
20260306,601789.SH,宁波建工,13:00:23,算力,首板
20260306,601868.SH,中国能建,10:22:29,智能电网,首板
20260306,603021.SH,ST华鹏,09:43:47,ST板块,首板
20260306,603063.SH,禾望电气,10:46:19,电源,首板
20260306,603097.SH,江苏华辰,10:15:42,智能电网,首板
20260306,603158.SH,腾龙股份,10:06:40,算力,首板
20260306,603269.SH,海鸥股份,10:30:04,算力,首板
20260306,603285.SH,键邦股份,10:42:49,化工,首板
20260306,603316.SH,诚邦股份,09:42:58,芯片,3天2板
20260306,603716.SH,塞力医疗,09:42:22,脑机接口,首板
20260306,603778.SH,国晟科技,10:17:06,储能,4天2板
20260306,603813.SH,*ST原尚,09:31:04,ST板块,2连板
20260306,603838.SH,*ST四通,11:07:39,ST板块,2连板
20260306,603880.SH,南卫股份,13:04:15,医疗器械,首板
20260306,605268.SH,王力安防,09:25:47,地产链,3连板
20260306,605286.SH,同力天启,09:32:51,电力,首板
20260306,605399.SH,晨光新材,14:30:51,化工,首板
20260306,688176.SH,亚虹医药,10:07:27,医药,3天2板
20260305,000045.SZ,深纺织Ａ,09:42:39,面板,首板
20260305,000509.SZ,华塑控股,09:37:45,面板,首板
20260305,000533.SZ,顺钠股份,09:25:00,智能电网,2连板
20260305,000536.SZ,华映科技,09:42:21,面板,首板
20260305,000555.SZ,神州信息,09:57:03,数字经济,首板
20260305,000703.SZ,恒逸石化,14:06:24,石油石化,首板
20260305,000711.SZ,ST京蓝,09:25:00,ST板块,7连板
20260305,000727.SZ,冠捷科技,09:31:48,面板,首板
20260305,000793.SZ,*ST华闻,13:41:00,ST板块,首板
20260305,000815.SZ,美利云,13:12:21,算力,首板
20260305,000908.SZ,*ST景峰,09:59:27,ST板块,首板
20260305,000920.SZ,沃顿科技,10:24:33,化工,首板
20260305,001267.SZ,汇绿生态,13:08:33,通信,4天2板
20260305,002195.SZ,岩山科技,10:42:12,脑机接口,首板
20260305,002235.SZ,安妮股份,09:31:12,实控人变更,首板
20260305,002339.SZ,积成电子,09:32:06,智能电网,2连板
20260305,002355.SZ,兴民智通,09:33:15,智能驾驶,首板
20260305,002429.SZ,兆驰股份,09:25:00,面板,首板
20260305,002449.SZ,国星光电,09:30:00,面板,首板
20260305,002456.SZ,欧菲光,09:58:09,面板,首板
20260305,002471.SZ,中超控股,10:56:03,智能电网,首板
20260305,002498.SZ,汉缆股份,09:30:00,智能电网,2连板
20260305,002520.SZ,日发精机,10:49:15,新型工业化,首板
20260305,002559.SZ,亚威股份,11:09:09,面板,首板
20260305,002569.SZ,*ST步森,10:43:18,ST板块,首板
20260305,002587.SZ,奥拓电子,09:33:45,面板,首板
20260305,002592.SZ,ST八菱,09:47:45,ST板块,首板
20260305,002713.SZ,*ST东易,10:24:42,ST板块,首板
20260305,002733.SZ,雄韬股份,13:01:24,氢能源,首板
20260305,002796.SZ,世嘉科技,09:58:06,通信,首板
20260305,002800.SZ,天顺股份,10:02:27,一带一路,首板
20260305,002845.SZ,同兴达,09:37:42,面板,首板
20260305,002857.SZ,三晖电气,09:53:33,智能电网,首板
20260305,002868.SZ,*ST绿康,09:50:15,ST板块,首板
20260305,002877.SZ,智能自控,09:25:00,人工智能,2连板
20260305,002913.SZ,奥士康,13:07:57,通信,首板
20260305,002952.SZ,亚世光电,09:44:36,面板,3天2板
20260305,002983.SZ,芯瑞达,09:32:48,面板,首板
20260305,002986.SZ,宇新股份,13:04:12,石油石化,首板
20260305,003036.SZ,泰坦股份,09:37:45,锂电池,首板
20260305,300072.SZ,海新能科,13:52:00,生物质能,首板
20260305,300162.SZ,雷曼光电,09:34:48,面板,首板
20260305,300241.SZ,瑞丰光电,09:38:06,面板,首板
20260305,300265.SZ,通光线缆,09:34:06,智能电网,2连板
20260305,300269.SZ,联建光电,09:36:18,面板,首板
20260305,300303.SZ,聚飞光电,09:40:36,面板,首板
20260305,300323.SZ,华灿光电,09:25:00,面板,首板
20260305,300389.SZ,艾比森,09:47:30,面板,首板
20260305,300708.SZ,聚灿光电,10:03:09,面板,首板
20260305,300895.SZ,铜牛信息,13:14:51,算力,首板
20260305,600468.SH,百利电气,10:35:00,智能电网,首板
20260305,600516.SH,方大炭素,11:05:17,核电,首板
20260305,600545.SH,卓郎智能,09:25:37,人工智能,2连板
20260305,600590.SH,泰豪科技,13:11:24,发电机,首板
20260305,600666.SH,奥瑞德,09:34:58,算力,首板
20260305,600703.SH,三安光电,09:30:01,面板,首板
20260305,600744.SH,华银电力,10:26:25,电力,首板
20260305,600800.SH,渤海化学,09:39:27,石油石化,首板
20260305,600828.SH,茂业商业,10:36:17,零售,首板
20260305,600844.SH,金煤科技,11:12:19,化工,首板
20260305,600875.SH,东方电气,09:35:01,燃气轮机,首板
20260305,601179.SH,中国西电,10:10:00,智能电网,首板
20260305,601727.SH,上海电气,09:50:42,智能电网,首板
20260305,603001.SH,奥康国际,13:58:23,服装家纺,首板
20260305,603058.SH,永吉股份,11:17:45,芯片,首板
20260305,603067.SH,振华股份,13:40:14,SOFC电池,首板
20260305,603268.SH,*ST松发,09:36:25,ST板块,12天8板
20260305,603337.SH,杰克科技,13:31:46,新型工业化,首板
20260305,603688.SH,石英股份,09:31:55,通信,首板
20260305,603773.SH,沃格光电,09:36:16,面板,首板
20260305,603813.SH,*ST原尚,09:54:07,ST板块,首板
20260305,603838.SH,*ST四通,09:43:16,ST板块,首板
20260305,605098.SH,行动教育,09:55:01,人工智能,首板
20260305,605268.SH,王力安防,09:25:35,地产链,2连板
20260305,605298.SH,必得科技,13:11:16,轨道交通,首板
20260305,688031.SH,星环科技,14:39:01,人工智能,首板
20260305,688055.SH,龙腾光电,09:41:22,面板,首板
20260305,688079.SH,美迪凯,10:15:43,面板,首板
20260304,000010.SZ,美丽生态,10:10:54,环保,首板
20260304,000525.SZ,红太阳,13:03:00,化工,首板
20260304,000533.SZ,顺钠股份,09:31:36,智能电网,首板
20260304,000697.SZ,ST炼石,10:28:21,ST板块,4天3板
20260304,000711.SZ,ST京蓝,09:30:30,ST板块,6连板
20260304,000862.SZ,银星能源,13:35:39,电力,首板
20260304,000890.SZ,法尔胜,10:19:33,通信,8天6板
20260304,001282.SZ,三联锻造,13:13:57,机器人概念,首板
20260304,001309.SZ,德明利,09:36:06,芯片,首板
20260304,001396.SZ,誉帆科技,10:16:42,人工智能,首板
20260304,002162.SZ,悦心健康,10:25:45,机器人概念,首板
20260304,002167.SZ,东方锆业,10:14:27,有色金属,首板
20260304,002178.SZ,延华智能,13:25:39,人工智能,首板
20260304,002207.SZ,准油股份,14:26:30,石油石化,3连板
20260304,002272.SZ,川润股份,09:33:15,算力,首板
20260304,002339.SZ,积成电子,09:36:18,智能电网,首板
20260304,002357.SZ,富临运业,10:53:57,汽车类,首板
20260304,002389.SZ,航天彩虹,10:28:09,军工,3天2板
20260304,002490.SZ,山东墨龙,09:25:00,石油石化,3连板
20260304,002498.SZ,汉缆股份,09:38:24,智能电网,首板
20260304,002877.SZ,智能自控,13:03:24,人工智能,首板
20260304,002885.SZ,京泉华,13:22:24,智能电网,首板
20260304,300265.SZ,通光线缆,09:51:03,智能电网,首板
20260304,300617.SZ,安靠智电,09:39:54,智能电网,首板
20260304,300880.SZ,迦南智能,13:46:54,智能电网,首板
20260304,301129.SZ,瑞纳智能,13:14:45,人工智能,首板
20260304,301373.SZ,凌玮科技,10:01:21,化工,首板
20260304,600108.SH,亚盛集团,09:59:02,农业,4连板
20260304,600149.SH,廊坊发展,14:49:06,热力,首板
20260304,600236.SH,桂冠电力,14:12:36,电力,3天2板
20260304,600313.SH,农发种业,09:52:02,农业,首板
20260304,600545.SH,卓郎智能,09:35:26,人工智能,首板
20260304,600759.SH,洲际油气,09:25:52,石油石化,7天5板
20260304,600821.SH,金开新能,09:38:28,电力,首板
20260304,600871.SH,石化油服,09:25:40,石油石化,3连板
20260304,601096.SH,宏盛华源,10:08:06,智能电网,首板
20260304,603045.SH,福达合金,14:42:07,智能电网,首板
20260304,603175.SH,超颖电子,10:08:22,芯片,首板
20260304,603316.SH,诚邦股份,13:36:37,芯片,首板
20260304,603318.SH,水发燃气,09:25:41,天然气,4连板
20260304,603530.SH,神马电力,09:57:49,智能电网,5天3板
20260304,603618.SH,杭电股份,13:40:24,通信,4天2板
20260304,605196.SH,华通线缆,10:00:41,智能电网,首板
20260304,605268.SH,王力安防,09:54:06,地产链,首板
20260304,688176.SH,亚虹医药,13:33:26,医药,首板
20260304,688525.SH,佰维存储,09:25:57,芯片,首板
20260303,000096.SZ,广聚能源,13:01:36,石油石化,2连板
20260303,000301.SZ,东方盛虹,13:36:30,石油石化,首板
20260303,000407.SZ,胜利股份,09:25:00,天然气,首板
20260303,000421.SZ,南京公用,13:10:54,天然气,首板
20260303,000554.SZ,泰山石油,09:25:00,石油石化,2连板
20260303,000968.SZ,蓝焰控股,09:30:00,天然气,2连板
20260303,001269.SZ,欧晶科技,09:32:00,石英材料,首板
20260303,001299.SZ,美能能源,09:49:27,天然气,首板
20260303,002040.SZ,南京港,09:54:33,港口,2连板
20260303,002207.SZ,准油股份,09:25:00,石油石化,2连板
20260303,002267.SZ,陕天然气,13:00:39,天然气,首板
20260303,002350.SZ,北京科锐,10:59:15,储能,4天3板
20260303,002490.SZ,山东墨龙,09:25:00,石油石化,2连板
20260303,002491.SZ,通鼎互联,09:38:42,通信,6天3板
20260303,002506.SZ,协鑫集成,09:31:12,储能,首板
20260303,002554.SZ,惠博普,09:59:39,石油石化,2连板
20260303,002629.SZ,仁智股份,09:55:45,石油石化,2连板
20260303,002682.SZ,龙洲股份,10:02:30,天然气,首板
20260303,002700.SZ,万憬能源,13:23:57,天然气,首板
20260303,002808.SZ,*ST恒久,10:00:09,ST板块,首板
20260303,002828.SZ,贝肯能源,09:30:27,石油石化,2连板
20260303,002911.SZ,佛燃能源,10:06:24,天然气,首板
20260303,002952.SZ,亚世光电,09:45:36,端侧AI,首板
20260303,002957.SZ,科瑞技术,09:30:00,通信,首板
20260303,002980.SZ,华盛昌,09:25:00,并购重组,3连板
20260303,300157.SZ,新锦动力,13:32:33,石油石化,2连板
20260303,300164.SZ,通源石油,09:51:39,石油石化,2连板
20260303,300191.SZ,潜能恒信,10:32:54,石油石化,2连板
20260303,300332.SZ,天壕能源,10:28:06,天然气,首板
20260303,300483.SZ,首华燃气,11:11:48,天然气,首板
20260303,300839.SZ,博汇股份,14:53:24,石油石化,首板
20260303,301158.SZ,德石股份,13:39:39,石油石化,2连板
20260303,301302.SZ,华如科技,09:31:15,军工,2连板
20260303,600026.SH,中远海能,09:54:21,航运,2连板
20260303,600028.SH,中国石化,13:00:59,石油石化,首板
20260303,600108.SH,亚盛集团,09:31:55,有色金属,3连板
20260303,600256.SH,广汇能源,11:26:55,化工,2连板
20260303,600333.SH,长春燃气,10:03:53,天然气,首板
20260303,600339.SH,中油工程,09:33:40,石油石化,2连板
20260303,600367.SH,红星发展,13:01:31,化工,2连板
20260303,600381.SH,*ST春天,09:34:54,ST板块,首板
20260303,600403.SH,大有能源,13:24:58,煤炭,首板
20260303,600583.SH,海油工程,10:30:30,石油石化,2连板
20260303,600617.SH,国新能源,09:32:32,天然气,首板
20260303,600635.SH,大众公用,09:59:49,天然气,首板
20260303,600681.SH,百川能源,09:38:38,天然气,首板
20260303,600688.SH,上海石化,10:01:13,石油石化,2连板
20260303,600714.SH,金瑞矿业,09:25:41,化工,2连板
20260303,600722.SH,金牛化工,09:25:50,化工,2连板
20260303,600759.SH,洲际油气,09:25:58,石油石化,6天4板
20260303,600777.SH,*ST新潮,09:25:44,ST板块,3连板
20260303,600798.SH,宁波海运,09:50:09,航运,首板
20260303,600871.SH,石化油服,09:25:47,石油石化,2连板
20260303,600903.SH,贵州燃气,10:01:02,天然气,首板
20260303,600917.SH,重庆燃气,13:01:42,天然气,首板
20260303,600938.SH,中国海油,11:04:01,石油石化,2连板
20260303,600968.SH,海油发展,09:43:17,石油石化,2连板
20260303,601015.SH,陕西黑猫,13:01:49,煤炭,首板
20260303,601022.SH,宁波远洋,11:27:50,航运,首板
20260303,601083.SH,锦江航运,13:11:44,航运,首板
20260303,601139.SH,深圳燃气,13:08:31,天然气,首板
20260303,601808.SH,中海油服,09:53:38,石油石化,2连板
20260303,601857.SH,中国石油,10:39:35,石油石化,2连板
20260303,601866.SH,中远海发,13:10:42,航运,首板
20260303,601872.SH,招商轮船,11:24:55,航运,8天5板
20260303,601975.SH,招商南油,09:25:45,航运,2连板
20260303,603053.SH,成都燃气,13:02:56,天然气,首板
20260303,603080.SH,新疆火炬,13:14:52,天然气,首板
20260303,603139.SH,康惠股份,11:07:09,医药,首板
20260303,603318.SH,水发燃气,09:25:48,天然气,3连板
20260303,603353.SH,和顺石油,09:32:08,石油石化,3连板
20260303,603616.SH,韩建河山,09:36:29,并购重组,首板
20260303,603619.SH,中曼石油,09:30:19,石油石化,2连板
20260303,603689.SH,皖天然气,13:01:35,天然气,首板
20260303,603706.SH,东方环宇,13:19:36,天然气,首板
20260303,603727.SH,博迈科,11:12:10,石油石化,2连板
20260303,603778.SH,国晟科技,09:36:16,储能,首板
20260303,605169.SH,洪通燃气,09:35:20,天然气,首板
20260303,605368.SH,蓝天燃气,13:03:41,天然气,首板
20260302,000035.SZ,中国天楹,09:25:00,化工,2连板
20260302,000070.SZ,特发信息,09:32:06,通信,首板
20260302,000096.SZ,广聚能源,13:06:21,石油石化,首板
20260302,000506.SZ,招金黄金,14:31:09,黄金,首板
20260302,000510.SZ,新金路,09:40:09,有色金属,2连板
20260302,000554.SZ,泰山石油,09:25:00,石油石化,首板
20260302,000637.SZ,茂化实华,10:35:00,石油石化,首板
20260302,000697.SZ,ST炼石,09:42:39,ST板块,2连板
20260302,000890.SZ,法尔胜,09:43:27,通信,6天5板
20260302,000912.SZ,泸天化,09:48:18,化工,首板
20260302,000960.SZ,锡业股份,13:46:27,有色金属,2连板
20260302,000968.SZ,蓝焰控股,10:24:39,天然气,首板
20260302,001267.SZ,汇绿生态,10:00:48,通信,首板
20260302,001337.SZ,四川黄金,13:54:09,黄金,首板
20260302,001400.SZ,江顺科技,10:04:45,3D打印,3天2板
20260302,002040.SZ,南京港,10:18:42,港口,首板
20260302,002109.SZ,兴化股份,09:25:00,化工,首板
20260302,002155.SZ,湖南黄金,14:19:51,黄金,2连板
20260302,002207.SZ,准油股份,09:25:00,石油石化,首板
20260302,002356.SZ,赫美集团,10:01:42,化工,2连板
20260302,002380.SZ,科远智慧,10:03:00,智能电网,首板
20260302,002389.SZ,航天彩虹,09:44:27,军工,首板
20260302,002413.SZ,雷科防务,09:38:00,军工,首板
20260302,002432.SZ,九安医疗,13:30:54,人工智能,首板
20260302,002485.SZ,ST雪发,09:25:00,ST板块,2连板
20260302,002490.SZ,山东墨龙,09:25:00,石油石化,首板
20260302,002536.SZ,飞龙股份,09:42:54,算力,首板
20260302,002545.SZ,东方铁塔,13:53:06,化工,首板
20260302,002554.SZ,惠博普,10:56:45,石油石化,首板
20260302,002629.SZ,仁智股份,11:28:42,石油石化,首板
20260302,002667.SZ,威领股份,09:49:12,有色金属,首板
20260302,002828.SZ,贝肯能源,09:30:00,石油石化,首板
20260302,002842.SZ,翔鹭钨业,09:46:21,有色金属,2连板
20260302,002843.SZ,泰嘉股份,09:30:27,电源,6天4板
20260302,002980.SZ,华盛昌,09:25:00,并购重组,2连板
20260302,003009.SZ,中天火箭,10:02:12,军工,首板
20260302,300084.SZ,海默科技,14:53:24,石油石化,首板
20260302,300139.SZ,晓程科技,14:15:12,黄金,首板
20260302,300157.SZ,新锦动力,13:05:00,石油石化,首板
20260302,300164.SZ,通源石油,09:25:00,石油石化,首板
20260302,300191.SZ,潜能恒信,10:33:00,石油石化,首板
20260302,301158.SZ,德石股份,11:05:03,石油石化,首板
20260302,301213.SZ,观想科技,09:43:15,军工,首板
20260302,301302.SZ,华如科技,09:25:00,军工,首板
20260302,301338.SZ,凯格精机,09:45:36,通信,首板
20260302,600026.SH,中远海能,09:25:58,航运,首板
20260302,600108.SH,亚盛集团,09:25:38,有色金属,2连板
20260302,600227.SH,赤天化,09:47:24,化工,4天2板
20260302,600236.SH,桂冠电力,10:28:51,电力,首板
20260302,600256.SH,广汇能源,13:29:18,化工,首板
20260302,600259.SH,中稀有色,14:47:26,稀土永磁,2连板
20260302,600301.SH,华锡有色,09:34:26,有色金属,4天3板
20260302,600339.SH,中油工程,09:25:56,石油石化,首板
20260302,600367.SH,红星发展,09:25:57,化工,首板
20260302,600435.SH,北方导航,14:36:47,军工,首板
20260302,600452.SH,涪陵电力,09:30:34,电力,2连板
20260302,600498.SH,烽火通信,09:32:29,通信,2连板
20260302,600525.SH,ST长园,09:35:22,ST板块,4天3板
20260302,600583.SH,海油工程,11:02:29,石油石化,首板
20260302,600688.SH,上海石化,13:04:40,石油石化,首板
20260302,600714.SH,金瑞矿业,09:25:39,化工,首板
20260302,600722.SH,金牛化工,09:25:41,化工,首板
20260302,600759.SH,洲际油气,09:25:50,石油石化,5天3板
20260302,600777.SH,*ST新潮,09:25:39,ST板块,2连板
20260302,600871.SH,石化油服,09:25:38,石油石化,首板
20260302,600938.SH,中国海油,11:20:11,石油石化,首板
20260302,600968.SH,海油发展,10:49:42,石油石化,首板
20260302,600988.SH,赤峰黄金,14:32:30,黄金,首板
20260302,600989.SH,宝丰能源,11:20:10,化工,首板
20260302,601069.SH,西部黄金,13:48:13,黄金,首板
20260302,601808.SH,中海油服,09:25:58,石油石化,首板
20260302,601857.SH,中国石油,13:26:36,石油石化,首板
20260302,601872.SH,招商轮船,14:28:19,航运,7天4板
20260302,601975.SH,招商南油,09:25:40,航运,首板
20260302,603011.SH,合锻智能,13:17:33,核电,首板
20260302,603083.SH,剑桥科技,13:19:43,通信,首板
20260302,603115.SH,海星股份,13:00:24,元器件,首板
20260302,603257.SH,中国瑞林,13:18:36,稀土永磁,2连板
20260302,603268.SH,*ST松发,09:30:36,ST板块,9天7板
20260302,603318.SH,水发燃气,09:32:09,天然气,2连板
20260302,603353.SH,和顺石油,09:30:31,石油石化,2连板
20260302,603393.SH,新天然气,14:25:40,天然气,首板
20260302,603488.SH,展鹏科技,09:25:50,军工,首板
20260302,603619.SH,中曼石油,09:25:55,石油石化,首板
20260302,603629.SH,利通电子,10:08:53,算力,2连板
20260302,603727.SH,博迈科,11:02:56,石油石化,首板
20260302,603738.SH,泰晶科技,13:06:06,元器件,2连板
20260302,603838.SH,*ST四通,14:04:16,ST板块,2连板
20260302,603861.SH,白云电器,13:23:33,智能电网,首板
20260302,603897.SH,长城科技,09:40:51,智能电网,2连板
20260302,603950.SH,长源东谷,14:17:55,发电机,3连板
20260302,605117.SH,德业股份,14:30:19,储能,首板
20260302,688307.SH,中润光学,14:31:51,芯片,首板
20260227,000035.SZ,中国天楹,09:25:00,化工,首板
20260227,000510.SZ,新金路,11:13:21,有色金属,首板
20260227,000593.SZ,德龙汇能,13:26:03,实控人变更,3天2板
20260227,000628.SZ,高新发展,11:00:09,芯片,首板
20260227,000657.SZ,中钨高新,13:30:48,有色金属,3天2板
20260227,000697.SZ,ST炼石,10:58:57,ST板块,首板
20260227,000731.SZ,四川美丰,13:23:42,化工,首板
20260227,000899.SZ,赣能股份,09:30:15,电力,3连板
20260227,000960.SZ,锡业股份,13:41:21,有色金属,首板
20260227,000972.SZ,*ST中基,13:41:27,ST板块,首板
20260227,000993.SZ,闽东电力,13:09:57,电力,首板
20260227,001209.SZ,洪兴股份,10:20:39,服装家纺,3连板
20260227,001216.SZ,华瓷股份,14:52:39,有色金属,首板
20260227,001896.SZ,豫能控股,09:30:54,算力,7连板
20260227,002015.SZ,协鑫能科,11:14:27,光伏,首板
20260227,002046.SZ,国机精工,13:59:39,金刚石概念,首板
20260227,002047.SZ,*ST宝鹰,09:56:12,ST板块,4天3板
20260227,002155.SZ,湖南黄金,13:56:12,黄金,首板
20260227,002167.SZ,东方锆业,10:16:39,有色金属,首板
20260227,002177.SZ,御银股份,09:33:00,金融概念,首板
20260227,002182.SZ,宝武镁业,09:42:24,有色金属,首板
20260227,002216.SZ,三全食品,09:36:03,食品饮料,首板
20260227,002261.SZ,拓维信息,09:34:09,AI应用,首板
20260227,002350.SZ,北京科锐,09:30:09,智能电网,2连板
20260227,002356.SZ,赫美集团,11:13:30,化工,首板
20260227,002378.SZ,章源钨业,09:36:36,有色金属,7天5板
20260227,002394.SZ,联发股份,10:23:15,服装家纺,首板
20260227,002470.SZ,金正大,09:30:30,化工,7天5板
20260227,002485.SZ,ST雪发,09:38:54,ST板块,首板
20260227,002581.SZ,ST未名,14:10:39,ST板块,首板
20260227,002620.SZ,ST瑞和,09:32:18,ST板块,首板
20260227,002628.SZ,成都路桥,11:13:54,机器人概念,首板
20260227,002633.SZ,申科股份,09:59:39,燃气轮机,首板
20260227,002650.SZ,ST加加,13:33:48,ST板块,首板
20260227,002655.SZ,共达电声,11:08:51,端侧AI,首板
20260227,002734.SZ,利民股份,13:26:51,农业,首板
20260227,002756.SZ,永兴材料,13:50:03,锂电池,首板
20260227,002842.SZ,翔鹭钨业,09:32:39,有色金属,首板
20260227,002843.SZ,泰嘉股份,09:25:00,电源,5天3板
20260227,002865.SZ,钧达股份,09:34:15,光伏,首板
20260227,002973.SZ,侨银股份,13:05:42,环保,首板
20260227,002980.SZ,华盛昌,09:44:27,智能电网,首板
20260227,003018.SZ,金富科技,10:41:03,算力,首板
20260227,003035.SZ,南网能源,13:04:15,智能电网,4天2板
20260227,300317.SZ,珈伟新能,13:03:09,光伏,首板
20260227,300830.SZ,金现代,09:36:51,AI应用,首板
20260227,301226.SZ,祥明智能,14:38:00,机器人概念,首板
20260227,600108.SH,亚盛集团,10:11:43,有色金属,首板
20260227,600126.SH,杭钢股份,09:47:58,算力,首板
20260227,600230.SH,沧州大化,14:26:18,化工,3天2板
20260227,600243.SH,*ST海华,09:33:55,ST板块,3连板
20260227,600259.SH,中稀有色,10:46:19,稀土永磁,首板
20260227,600301.SH,华锡有色,14:28:51,有色金属,3天2板
20260227,600397.SH,江钨装备,10:20:02,有色金属,7天5板
20260227,600452.SH,涪陵电力,13:04:29,电力,首板
20260227,600456.SH,宝钛股份,09:49:31,有色金属,首板
20260227,600459.SH,贵研铂业,13:24:24,有色金属,首板
20260227,600498.SH,烽火通信,10:30:16,通信,首板
20260227,600525.SH,ST长园,13:04:14,ST板块,3天2板
20260227,600549.SH,厦门钨业,13:23:54,有色金属,首板
20260227,600725.SH,云维股份,09:39:10,电力,首板
20260227,600744.SH,华银电力,09:31:54,电力,2连板
20260227,600753.SH,*ST海钦,14:38:26,ST板块,4连板
20260227,600777.SH,*ST新潮,09:45:26,ST板块,首板
20260227,600821.SH,金开新能,10:41:10,电力,首板
20260227,601958.SH,金钼股份,13:33:38,有色金属,首板
20260227,603021.SH,ST华鹏,09:35:11,ST板块,5天3板
20260227,603093.SH,南华期货,10:35:22,金融概念,首板
20260227,603117.SH,万林物流,11:15:48,物流,首板
20260227,603217.SH,元利科技,14:11:02,化工,首板
20260227,603226.SH,菲林格尔,13:00:29,地产链,首板
20260227,603232.SH,格尔软件,09:25:42,数字经济,首板
20260227,603257.SH,中国瑞林,14:10:10,稀土永磁,首板
20260227,603268.SH,*ST松发,09:31:32,ST板块,8天6板
20260227,603318.SH,水发燃气,13:28:55,燃气轮机,首板
20260227,603353.SH,和顺石油,10:22:18,石油石化,首板
20260227,603381.SH,永臻股份,10:05:04,光伏,首板
20260227,603530.SH,神马电力,09:31:43,智能电网,2连板
20260227,603559.SH,ST通脉,10:46:17,ST板块,4天2板
20260227,603578.SH,三星新材,14:14:34,光伏,首板
20260227,603580.SH,*ST艾艾,09:33:39,ST板块,3连板
20260227,603618.SH,杭电股份,10:42:14,通信,首板
20260227,603629.SH,利通电子,10:47:00,算力,首板
20260227,603738.SH,泰晶科技,13:38:34,元器件,首板
20260227,603838.SH,*ST四通,09:46:18,ST板块,首板
20260227,603897.SH,长城科技,13:51:52,智能电网,首板
20260227,603950.SH,长源东谷,09:30:29,发电机,2连板
20260227,605398.SH,新炬网络,09:34:07,AI应用,首板
20260227,688028.SH,沃尔德,13:02:29,金刚石概念,首板
20260227,688118.SH,普元信息,09:34:31,AI应用,首板
20260227,688343.SH,云天励飞,10:55:28,芯片,首板
20260226,000010.SZ,美丽生态,14:39:30,环保,首板
20260226,000534.SZ,万泽股份,13:00:12,燃气轮机,首板
20260226,000546.SZ,金圆股份,09:25:00,锂电池,首板
20260226,000609.SZ,ST中迪,09:25:00,ST板块,10天9板
20260226,000638.SZ,*ST万方,09:25:00,ST板块,7连板
20260226,000669.SZ,ST金鸿,09:25:00,ST板块,7连板
20260226,000711.SZ,ST京蓝,09:25:00,ST板块,5连板
20260226,000826.SZ,启迪环境,14:34:39,环保,2连板
20260226,000890.SZ,法尔胜,09:43:57,通信,4连板
20260226,000899.SZ,赣能股份,09:36:54,电力,2连板
20260226,001209.SZ,洪兴股份,09:50:18,服装家纺,2连板
20260226,001339.SZ,智微智能,09:37:36,机器人概念,首板
20260226,001389.SZ,广合科技,09:42:45,通信,首板
20260226,001400.SZ,江顺科技,13:01:12,3D打印,首板
20260226,001896.SZ,豫能控股,09:31:42,算力,6连板
20260226,002008.SZ,大族激光,10:07:03,通信,首板
20260226,002095.SZ,生意宝,10:46:57,金融概念,首板
20260226,002099.SZ,海翔药业,09:32:36,化工,首板
20260226,002141.SZ,贤丰控股,09:30:39,通信,首板
20260226,002162.SZ,悦心健康,09:49:57,机器人概念,首板
20260226,002272.SZ,川润股份,10:19:06,算力,首板
20260226,002283.SZ,天润工业,10:29:15,发电机,3天2板
20260226,002286.SZ,保龄宝,13:16:45,食品饮料,首板
20260226,002306.SZ,*ST云网,09:48:36,ST板块,首板
20260226,002350.SZ,北京科锐,09:43:30,智能电网,首板
20260226,002378.SZ,章源钨业,09:45:24,有色金属,6天4板
20260226,002424.SZ,ST百灵,09:51:36,ST板块,首板
20260226,002428.SZ,云南锗业,09:31:18,有色金属,2连板
20260226,002463.SZ,沪电股份,10:35:51,通信,首板
20260226,002470.SZ,金正大,09:25:00,化工,6天4板
20260226,002478.SZ,常宝股份,11:08:15,燃气轮机,首板
20260226,002491.SZ,通鼎互联,09:42:39,通信,3天2板
20260226,002546.SZ,新联电子,11:27:45,智能电网,首板
20260226,002717.SZ,ST岭南,10:15:00,ST板块,首板
20260226,002843.SZ,泰嘉股份,09:31:00,电源,4天2板
20260226,002868.SZ,*ST绿康,09:38:18,ST板块,2连板
20260226,002913.SZ,奥士康,11:13:27,通信,首板
20260226,002916.SZ,深南电路,10:39:03,通信,3天2板
20260226,002970.SZ,锐明技术,09:33:33,智能驾驶,首板
20260226,300303.SZ,聚飞光电,09:53:12,通信,首板
20260226,300499.SZ,高澜股份,10:35:03,算力,首板
20260226,300943.SZ,春晖智控,11:29:54,SOFC电池,首板
20260226,301175.SZ,中科环保,14:37:24,环保,首板
20260226,301630.SZ,同宇新材,13:16:30,通信,首板
20260226,600078.SH,澄星股份,09:25:46,化工,3连板
20260226,600237.SH,铜峰电子,13:37:04,元器件,首板
20260226,600243.SH,*ST海华,09:39:23,ST板块,2连板
20260226,600343.SH,航天动力,10:48:13,商业航天,首板
20260226,600355.SH,*ST精伦,09:51:28,ST板块,2连板
20260226,600399.SH,抚顺特钢,13:11:51,商业航天,首板
20260226,600410.SH,华胜天成,10:44:14,算力,4天2板
20260226,600478.SH,科力远,09:33:24,SOFC电池,首板
20260226,600487.SH,亨通光电,09:49:46,通信,首板
20260226,600522.SH,中天科技,09:43:56,通信,首板
20260226,600540.SH,新赛股份,09:33:46,农业,首板
20260226,600696.SH,*ST岩石,09:48:26,ST板块,2连板
20260226,600744.SH,华银电力,09:48:23,电力,首板
20260226,600753.SH,*ST海钦,09:25:40,ST板块,3连板
20260226,600841.SH,动力新科,14:30:09,发电机,首板
20260226,600875.SH,东方电气,11:19:21,燃气轮机,首板
20260226,600979.SH,广安爱众,11:12:07,算力,首板
20260226,603163.SH,圣晖集成,13:28:05,芯片,4天2板
20260226,603267.SH,鸿远电子,10:38:54,元器件,首板
20260226,603268.SH,*ST松发,09:30:31,ST板块,7天5板
20260226,603308.SH,应流股份,11:12:15,燃气轮机,首板
20260226,603315.SH,福鞍股份,13:58:05,燃气轮机,首板
20260226,603530.SH,神马电力,10:57:01,智能电网,首板
20260226,603557.SH,ST起步,09:33:32,ST板块,2连板
20260226,603580.SH,*ST艾艾,09:37:56,ST板块,2连板
20260226,603843.SH,*ST正平,09:56:34,ST板块,首板
20260226,603867.SH,新化股份,14:35:06,锂电池,首板
20260226,603912.SH,佳力图,09:44:06,算力,首板
20260226,603950.SH,长源东谷,11:03:48,发电机,首板
20260226,603958.SH,哈森股份,13:09:14,3D打印,首板
20260226,605081.SH,*ST太和,09:52:12,ST板块,首板
20260226,688025.SH,杰普特,09:31:13,通信,首板
20260226,688530.SH,欧莱新材,13:41:45,芯片,首板
20260226,688786.SH,悦安新材,10:31:00,元器件,首板
20260225,000012.SZ,南玻Ａ,09:47:51,光伏,首板
20260225,000036.SZ,华联控股,11:11:33,锂电池,首板
20260225,000056.SZ,皇庭国际,09:55:30,锂电池,首板
20260225,000488.SZ,ST晨鸣,09:32:45,ST板块,3天2板
20260225,000518.SZ,*ST四环,09:32:15,ST板块,首板
20260225,000545.SZ,金浦钛业,10:09:09,化工,2连板
20260225,000547.SZ,航天发展,13:46:39,商业航天,首板
20260225,000560.SZ,我爱我家,10:16:00,地产链,首板
20260225,000581.SZ,威孚高科,13:23:57,机器人概念,首板
20260225,000593.SZ,德龙汇能,13:02:54,天然气,首板
20260225,000609.SZ,ST中迪,09:35:27,ST板块,9天8板
20260225,000636.SZ,风华高科,09:31:12,元器件,2连板
20260225,000638.SZ,*ST万方,09:30:57,ST板块,6连板
20260225,000657.SZ,中钨高新,13:12:51,有色金属,首板
20260225,000661.SZ,长春高新,14:42:48,医药,首板
20260225,000668.SZ,*ST荣控,13:24:33,ST板块,2连板
20260225,000669.SZ,ST金鸿,09:25:00,ST板块,6连板
20260225,000711.SZ,ST京蓝,09:25:00,ST板块,4连板
20260225,000751.SZ,锌业股份,09:54:42,有色金属,首板
20260225,000758.SZ,中色股份,09:37:06,稀土永磁,首板
20260225,000793.SZ,ST华闻,09:37:33,ST板块,首板
20260225,000816.SZ,智慧农业,10:04:06,有色金属,首板
20260225,000826.SZ,启迪环境,13:15:00,环保,首板
20260225,000839.SZ,国安股份,09:39:24,AI应用,6天3板
20260225,000890.SZ,法尔胜,09:33:12,通信,3连板
20260225,000899.SZ,赣能股份,10:04:06,电力,首板
20260225,000903.SZ,ST云动,13:56:15,ST板块,首板
20260225,000962.SZ,东方钽业,13:11:42,有色金属,5天3板
20260225,001203.SZ,大中矿业,10:27:30,锂电池,首板
20260225,001209.SZ,洪兴股份,13:09:48,服装家纺,首板
20260225,001270.SZ,*ST铖昌,13:46:54,ST板块,3天2板
20260225,001396.SZ,誉帆科技,10:04:06,AI应用,2连板
20260225,001896.SZ,豫能控股,10:59:42,算力,5连板
20260225,002021.SZ,中捷资源,09:43:03,机器人概念,首板
20260225,002047.SZ,*ST宝鹰,09:30:54,ST板块,2连板
20260225,002114.SZ,罗平锌电,11:13:48,有色金属,首板
20260225,002176.SZ,江特电机,10:25:36,锂电池,首板
20260225,002211.SZ,ST宏达,13:00:09,ST板块,首板
20260225,002348.SZ,高乐股份,09:52:12,AI应用,首板
20260225,002378.SZ,章源钨业,10:44:36,有色金属,5天3板
20260225,002428.SZ,云南锗业,09:31:27,有色金属,首板
20260225,002470.SZ,金正大,09:30:15,化工,5天3板
20260225,002498.SZ,汉缆股份,09:48:45,智能电网,4连板
20260225,002528.SZ,ST英飞拓,09:30:24,ST板块,2连板
20260225,002538.SZ,司尔特,10:10:27,化工,首板
20260225,002630.SZ,ST华西,10:43:45,ST板块,首板
20260225,002678.SZ,珠江钢琴,13:46:18,体育产业,首板
20260225,002725.SZ,跃岭股份,09:25:00,芯片,首板
20260225,002731.SZ,ST萃华,09:40:15,ST板块,首板
20260225,002811.SZ,郑中设计,10:09:45,AI应用,2连板
20260225,002868.SZ,*ST绿康,09:43:15,ST板块,首板
20260225,002949.SZ,华阳国际,13:30:00,AI应用,首板
20260225,002978.SZ,安宁股份,10:46:15,化工,首板
20260225,002989.SZ,中天精装,14:07:18,芯片,首板
20260225,002998.SZ,优彩资源,11:12:27,化工,首板
20260225,300437.SZ,清水源,09:52:24,化工,首板
20260225,300505.SZ,川金诺,10:21:36,化工,首板
20260225,300658.SZ,延江股份,14:31:45,通信,首板
20260225,300788.SZ,中信出版,10:46:27,AI应用,首板
20260225,300821.SZ,东岳硅材,10:12:00,化工,首板
20260225,301100.SZ,风光股份,09:32:39,化工,首板
20260225,301373.SZ,凌玮科技,10:48:12,化工,首板
20260225,600010.SH,包钢股份,10:12:04,稀土永磁,首板
20260225,600078.SH,澄星股份,09:25:34,化工,2连板
20260225,600096.SH,云天化,10:06:10,化工,2连板
20260225,600110.SH,诺德股份,09:34:45,通信,首板
20260225,600111.SH,北方稀土,10:48:45,稀土永磁,首板
20260225,600136.SH,ST明诚,09:48:21,ST板块,首板
20260225,600206.SH,有研新材,13:34:02,稀土永磁,首板
20260225,600227.SH,赤天化,09:33:38,化工,首板
20260225,600230.SH,沧州大化,10:30:15,化工,首板
20260225,600243.SH,*ST海华,11:16:09,ST板块,首板
20260225,600301.SH,华锡有色,09:56:52,有色金属,首板
20260225,600337.SH,美克家居,11:23:22,AI应用,首板
20260225,600355.SH,*ST精伦,09:59:32,ST板块,首板
20260225,600397.SH,江钨装备,13:55:21,有色金属,5天4板
20260225,600470.SH,六国化工,09:30:59,化工,2连板
20260225,600525.SH,ST长园,09:45:24,ST板块,首板
20260225,600545.SH,卓郎智能,09:36:17,化工,5天3板
20260225,600569.SH,安阳钢铁,09:54:25,钢铁,首板
20260225,600649.SH,城投控股,09:32:25,地产链,首板
20260225,600696.SH,*ST岩石,13:12:38,ST板块,首板
20260225,600753.SH,*ST海钦,09:34:07,ST板块,2连板
20260225,600759.SH,洲际油气,09:56:04,石油石化,2连板
20260225,600884.SH,杉杉股份,10:46:05,锂电池,首板
20260225,601068.SH,中铝国际,10:18:28,稀土永磁,首板
20260225,601208.SH,东材科技,13:07:54,通信,首板
20260225,601872.SH,招商轮船,09:33:22,航运,4天3板
20260225,603057.SH,紫燕食品,09:54:37,食品饮料,首板
20260225,603077.SH,和邦生物,09:31:23,化工,2连板
20260225,603268.SH,*ST松发,14:23:20,ST板块,6天4板
20260225,603557.SH,ST起步,09:55:08,ST板块,首板
20260225,603580.SH,*ST艾艾,10:46:48,ST板块,首板
20260225,603601.SH,再升科技,09:45:39,化工,5天3板
20260225,603822.SH,ST嘉澳,09:25:30,ST板块,2连板
20260225,603826.SH,坤彩科技,11:18:31,化工,首板
20260225,605007.SH,五洲特纸,09:56:21,造纸,3天2板
20260225,605178.SH,时空科技,09:37:26,芯片,2连板
20260225,605289.SH,罗曼股份,10:17:06,算力,3连板
20260225,688432.SH,有研硅,13:04:30,芯片,首板
20260225,688661.SH,和林微纳,13:28:35,芯片,首板
20260224,000422.SZ,湖北宜化,13:19:03,化工,首板
20260224,000545.SZ,金浦钛业,09:49:03,化工,首板
20260224,000554.SZ,泰山石油,09:33:36,石油石化,首板
20260224,000603.SZ,盛达资源,14:48:24,黄金,首板
20260224,000635.SZ,英力特,10:37:06,化工,首板
20260224,000636.SZ,风华高科,09:25:00,元器件,首板
20260224,000638.SZ,*ST万方,10:04:12,ST板块,5连板
20260224,000668.SZ,*ST荣控,09:56:27,ST板块,首板
20260224,000669.SZ,ST金鸿,09:25:00,ST板块,5连板
20260224,000711.SZ,ST京蓝,09:25:00,ST板块,3连板
20260224,000803.SZ,山高环能,13:01:36,生物质能,首板
20260224,000890.SZ,法尔胜,09:30:24,股权转让,2连板
20260224,000968.SZ,蓝焰控股,10:22:00,天然气,首板
20260224,000988.SZ,华工科技,09:38:42,通信,首板
20260224,001337.SZ,四川黄金,09:57:57,黄金,首板
20260224,001396.SZ,誉帆科技,11:24:33,次新股,首板
20260224,001896.SZ,豫能控股,09:25:00,算力,4连板
20260224,002005.SZ,ST德豪,13:25:42,ST板块,首板
20260224,002047.SZ,*ST宝鹰,09:49:51,ST板块,首板
20260224,002136.SZ,安纳达,10:36:33,化工,首板
20260224,002165.SZ,红宝丽,10:32:30,化工,首板
20260224,002207.SZ,准油股份,09:31:21,石油石化,首板
20260224,002283.SZ,天润工业,13:02:12,AI应用,首板
20260224,002312.SZ,川发龙蟒,10:57:33,化工,首板
20260224,002358.SZ,森源电气,09:37:48,智能电网,首板
20260224,002457.SZ,青龙管业,10:41:21,基础建设,首板
20260224,002470.SZ,金正大,09:33:36,化工,4天2板
20260224,002490.SZ,山东墨龙,09:31:36,石油石化,首板
20260224,002491.SZ,通鼎互联,10:24:03,通信,首板
20260224,002498.SZ,汉缆股份,09:31:36,智能电网,3连板
20260224,002506.SZ,协鑫集成,09:31:27,光伏,首板
20260224,002528.SZ,ST英飞拓,10:24:45,ST板块,首板
20260224,002539.SZ,云图控股,13:29:51,化工,首板
20260224,002554.SZ,惠博普,09:35:03,石油石化,首板
20260224,002606.SZ,大连电瓷,14:20:27,智能电网,首板
20260224,002647.SZ,*ST仁东,09:38:06,ST板块,2连板
20260224,002652.SZ,扬子新材,14:27:27,芯片,首板
20260224,002694.SZ,顾地科技,14:24:42,基础建设,首板
20260224,002716.SZ,湖南白银,09:34:03,黄金,首板
20260224,002795.SZ,永和智控,09:48:36,股权转让,首板
20260224,002809.SZ,红墙股份,10:37:45,化工,首板
20260224,002811.SZ,郑中设计,11:23:48,AI应用,首板
20260224,002828.SZ,贝肯能源,09:33:36,石油石化,首板
20260224,002875.SZ,安奈儿,10:56:03,服装家纺,首板
20260224,002895.SZ,川恒股份,14:13:21,化工,首板
20260224,002898.SZ,*ST赛隆,09:36:51,ST板块,首板
20260224,002916.SZ,深南电路,10:14:27,通信,首板
20260224,003004.SZ,*ST声迅,14:35:36,ST板块,首板
20260224,003035.SZ,南网能源,09:36:39,智能电网,首板
20260224,300157.SZ,新锦动力,09:42:18,石油石化,首板
20260224,300164.SZ,通源石油,09:31:36,石油石化,首板
20260224,300179.SZ,四方达,13:55:03,金刚石概念,首板
20260224,300191.SZ,潜能恒信,14:39:09,石油石化,首板
20260224,300749.SZ,顶固集创,09:36:36,商业航天,首板
20260224,301526.SZ,国际复材,10:07:39,化工,4天2板
20260224,600026.SH,中远海能,09:30:16,航运,3天2板
20260224,600078.SH,澄星股份,09:33:17,化工,首板
20260224,600096.SH,云天化,13:31:15,化工,首板
20260224,600141.SH,兴发集团,13:31:26,化工,首板
20260224,600172.SH,黄河旋风,10:27:12,金刚石概念,首板
20260224,600176.SH,中国巨石,11:23:22,化工,4天2板
20260224,600289.SH,ST信通,09:25:38,ST板块,首板
20260224,600330.SH,天通股份,09:39:40,通信,首板
20260224,600339.SH,中油工程,09:34:46,石油石化,首板
20260224,600345.SH,长江通信,09:56:07,通信,首板
20260224,600397.SH,江钨装备,09:31:43,有色金属,4天3板
20260224,600409.SH,三友化工,11:28:22,化工,首板
20260224,600470.SH,六国化工,13:21:30,化工,首板
20260224,600550.SH,保变电气,09:58:26,智能电网,首板
20260224,600671.SH,天目药业,09:41:29,医药,首板
20260224,600714.SH,金瑞矿业,09:37:24,化工,首板
20260224,600722.SH,金牛化工,09:34:43,化工,首板
20260224,600753.SH,*ST海钦,09:34:10,ST板块,首板
20260224,600759.SH,洲际油气,09:30:52,石油石化,首板
20260224,600792.SH,云煤能源,13:11:25,煤炭,首板
20260224,600871.SH,石化油服,09:34:31,石油石化,首板
20260224,601015.SH,陕西黑猫,09:55:15,煤炭,首板
20260224,601212.SH,白银有色,09:51:31,黄金,首板
20260224,601390.SH,中国中铁,10:04:14,有色金属,首板
20260224,601808.SH,中海油服,10:03:18,石油石化,首板
20260224,601869.SH,长飞光纤,10:11:51,通信,首板
20260224,601872.SH,招商轮船,09:30:00,航运,3天2板
20260224,601890.SH,亚星锚链,10:09:57,军工,2连板
20260224,601975.SH,招商南油,09:30:23,航运,首板
20260224,603021.SH,ST华鹏,09:37:55,ST板块,2连板
20260224,603042.SH,华脉科技,09:52:48,通信,首板
20260224,603077.SH,和邦生物,09:49:05,化工,首板
20260224,603115.SH,海星股份,13:19:28,元器件,首板
20260224,603124.SH,江南新材,09:31:47,算力,首板
20260224,603139.SH,康惠股份,13:06:31,医药,首板
20260224,603256.SH,宏和科技,09:52:33,化工,4天3板
20260224,603389.SH,*ST亚振,09:51:07,ST板块,3天2板
20260224,603400.SH,华之杰,13:22:29,次新股,首板
20260224,603466.SH,风语筑,09:30:58,AI应用,2连板
20260224,603559.SH,ST通脉,09:31:15,ST板块,首板
20260224,603601.SH,再升科技,09:52:35,化工,4天2板
20260224,603616.SH,韩建河山,09:37:23,并购重组,首板
20260224,603619.SH,中曼石油,09:32:37,石油石化,首板
20260224,603685.SH,晨丰科技,10:25:43,通信,首板
20260224,603727.SH,博迈科,09:42:26,石油石化,首板
20260224,603822.SH,ST嘉澳,11:15:05,ST板块,首板
20260224,603861.SH,白云电器,13:15:20,智能电网,首板
20260224,603959.SH,百利科技,09:31:06,锂电池,首板
20260224,605006.SH,山东玻纤,09:31:24,化工,4天3板
20260224,605033.SH,美邦股份,09:25:33,农业,4连板
20260224,605178.SH,时空科技,09:37:02,并购重组,首板
20260224,605289.SH,罗曼股份,10:23:51,算力,2连板
20260224,688260.SH,昀冢科技,09:45:48,元器件,首板
20260213,000004.SZ,*ST国华,14:56:24,ST板块,首板
20260213,000021.SZ,深科技,13:04:00,芯片,首板
20260213,000488.SZ,ST晨鸣,13:41:36,ST板块,首板
20260213,000609.SZ,ST中迪,09:25:00,ST板块,7连板
20260213,000638.SZ,*ST万方,09:30:06,ST板块,4连板
20260213,000669.SZ,ST金鸿,09:25:00,ST板块,4连板
20260213,000711.SZ,ST京蓝,09:25:00,ST板块,2连板
20260213,000798.SZ,中水渔业,09:57:51,农业,首板
20260213,000821.SZ,ST京机,09:31:57,ST板块,首板
20260213,000839.SZ,国安股份,09:30:00,AI应用,4天2板
20260213,000859.SZ,国风新材,09:59:36,芯片,4天2板
20260213,000890.SZ,法尔胜,11:19:33,股权转让,首板
20260213,001270.SZ,*ST铖昌,09:49:30,ST板块,首板
20260213,001896.SZ,豫能控股,09:25:00,算力,3连板
20260213,002009.SZ,天奇股份,11:03:03,机器人概念,首板
20260213,002169.SZ,智光电气,10:22:03,储能,首板
20260213,002289.SZ,*ST宇顺,11:22:24,ST板块,首板
20260213,002355.SZ,兴民智通,11:04:09,智能驾驶,首板
20260213,002498.SZ,汉缆股份,09:31:09,智能电网,2连板
20260213,002510.SZ,天汽模,10:27:57,并购重组,首板
20260213,002592.SZ,ST八菱,10:18:03,ST板块,首板
20260213,002647.SZ,*ST仁东,09:48:03,ST板块,首板
20260213,002703.SZ,浙江世宝,09:47:12,智能驾驶,首板
20260213,002713.SZ,*ST东易,09:25:00,ST板块,3连板
20260213,002843.SZ,泰嘉股份,09:50:03,电源,首板
20260213,002951.SZ,金时科技,09:30:18,通信,3连板
20260213,300449.SZ,汉邦高科,09:37:03,AI应用,首板
20260213,300719.SZ,安达维尔,10:43:06,军工,首板
20260213,300812.SZ,易天股份,10:05:42,通信,首板
20260213,600410.SH,华胜天成,09:38:14,算力,首板
20260213,600629.SH,华建集团,09:53:24,基础建设,首板
20260213,600791.SH,京能置业,09:58:33,地产链,首板
20260213,600893.SH,航发动力,13:54:30,军工,首板
20260213,600984.SH,建设机械,09:50:45,基础建设,首板
20260213,601777.SH,千里科技,11:10:26,智能驾驶,首板
20260213,601890.SH,亚星锚链,09:44:11,军工,首板
20260213,603021.SH,ST华鹏,09:44:00,ST板块,首板
20260213,603163.SH,圣晖集成,10:18:15,芯片,首板
20260213,603268.SH,*ST松发,13:20:40,ST板块,4天3板
20260213,603331.SH,百达精工,09:45:46,机器人概念,首板
20260213,603466.SH,风语筑,09:35:27,AI应用,首板
20260213,603533.SH,掌阅科技,09:30:50,AI应用,5连板
20260213,603960.SH,克来机电,10:23:22,AI应用,4天2板
20260213,605007.SH,五洲特纸,10:02:14,造纸,首板
20260213,605033.SH,美邦股份,09:25:39,农业,3连板
20260213,605289.SH,罗曼股份,10:52:02,算力,首板
20260212,000070.SZ,特发信息,09:25:00,通信,3连板
20260212,000533.SZ,顺钠股份,10:17:21,智能电网,首板
20260212,000609.SZ,ST中迪,09:30:21,ST板块,6连板
20260212,000628.SZ,高新发展,13:06:54,芯片,首板
20260212,000638.SZ,*ST万方,09:39:36,ST板块,3连板
20260212,000669.SZ,ST金鸿,09:25:00,ST板块,3连板
20260212,000691.SZ,*ST亚太,11:30:00,ST板块,首板
20260212,000711.SZ,ST京蓝,09:31:12,ST板块,首板
20260212,000767.SZ,晋控电力,10:07:51,电力,首板
20260212,000820.SZ,*ST节能,09:25:00,ST板块,3连板
20260212,000833.SZ,粤桂股份,09:53:15,锂电池,首板
20260212,000962.SZ,东方钽业,13:45:24,有色金属,2连板
20260212,001896.SZ,豫能控股,09:25:00,算力,2连板
20260212,002080.SZ,中材科技,13:33:03,化工,2连板
20260212,002131.SZ,利欧股份,13:54:36,AI应用,首板
20260212,002208.SZ,合肥城建,14:48:48,芯片,首板
20260212,002248.SZ,华东数控,09:32:24,新型工业化,首板
20260212,002272.SZ,川润股份,09:30:00,算力,4天2板
20260212,002323.SZ,雅博股份,09:37:12,光伏,4连板
20260212,002364.SZ,中恒电气,11:08:12,电源,首板
20260212,002378.SZ,章源钨业,09:41:42,有色金属,2连板
20260212,002478.SZ,常宝股份,10:37:36,燃气轮机,首板
20260212,002498.SZ,汉缆股份,10:51:18,智能电网,首板
20260212,002518.SZ,科士达,11:15:30,算力,首板
20260212,002520.SZ,日发精机,10:06:36,机器人概念,首板
20260212,002713.SZ,*ST东易,09:34:51,ST板块,2连板
20260212,002796.SZ,世嘉科技,13:30:06,通信,首板
20260212,002824.SZ,和胜股份,10:08:03,汽车零部件,首板
20260212,002837.SZ,英维克,09:41:39,算力,首板
20260212,002842.SZ,翔鹭钨业,10:48:42,有色金属,5天3板
20260212,002885.SZ,京泉华,11:21:27,智能电网,首板
20260212,002922.SZ,伊戈尔,13:02:57,智能电网,首板
20260212,002951.SZ,金时科技,09:36:57,通信,2连板
20260212,002975.SZ,博杰股份,10:00:21,算力,首板
20260212,300277.SZ,海联讯,10:44:21,燃气轮机,首板
20260212,300846.SZ,首都在线,13:23:21,人工智能,首板
20260212,301317.SZ,鑫磊股份,10:30:18,算力,首板
20260212,600026.SH,中远海能,10:36:31,航运,首板
20260212,600397.SH,江钨装备,09:30:00,有色金属,2连板
20260212,600481.SH,双良节能,13:26:56,商业航天,首板
20260212,600490.SH,鹏欣资源,10:08:49,有色金属,首板
20260212,600545.SH,卓郎智能,14:38:44,化工,2连板
20260212,600589.SH,大位科技,09:25:53,算力,4连板
20260212,600673.SH,东阳光,11:16:54,算力,首板
20260212,600821.SH,金开新能,09:30:00,算力,首板
20260212,600960.SH,渤海汽车,11:29:13,发电机,首板
20260212,601126.SH,四方股份,11:08:26,智能电网,首板
20260212,601231.SH,环旭电子,10:01:13,通信,首板
20260212,601619.SH,嘉泽新能,13:10:07,化工,首板
20260212,601872.SH,招商轮船,09:38:41,航运,首板
20260212,603088.SH,宁波精达,09:46:51,算力,首板
20260212,603090.SH,宏盛股份,13:00:19,算力,首板
20260212,603138.SH,海量数据,09:25:46,人工智能,5天3板
20260212,603191.SH,望变电气,10:20:08,智能电网,4天2板
20260212,603256.SH,宏和科技,09:37:56,化工,2连板
20260212,603268.SH,*ST松发,10:28:36,ST板块,3天2板
20260212,603308.SH,应流股份,10:52:51,燃气轮机,4天2板
20260212,603389.SH,*ST亚振,10:21:31,ST板块,首板
20260212,603533.SH,掌阅科技,09:25:42,AI应用,4连板
20260212,603688.SH,石英股份,10:11:14,通信,首板
20260212,603757.SH,大元泵业,09:25:49,算力,首板
20260212,603950.SH,长源东谷,09:30:46,发电机,首板
20260212,605006.SH,山东玻纤,09:41:11,化工,2连板
20260212,605018.SH,长华集团,13:39:48,机器人概念,首板
20260212,605033.SH,美邦股份,09:25:39,农业,2连板
20260212,605287.SH,德才股份,14:12:30,AI应用,4连板
20260212,605318.SH,法狮龙,13:21:54,人工智能,首板
20260212,688158.SH,优刻得,10:34:03,算力,首板
20260212,688480.SH,赛恩斯,11:11:03,有色金属,首板
20260211,000070.SZ,特发信息,09:25:00,通信,2连板
20260211,000510.SZ,新金路,10:20:45,有色金属,首板
20260211,000609.SZ,ST中迪,09:25:00,ST板块,5连板
20260211,000615.SZ,*ST美谷,10:03:03,ST板块,首板
20260211,000638.SZ,*ST万方,10:43:12,ST板块,2连板
20260211,000657.SZ,中钨高新,13:12:27,有色金属,首板
20260211,000659.SZ,珠海中富,10:33:00,包装印刷,首板
20260211,000669.SZ,ST金鸿,09:25:00,ST板块,2连板
20260211,000892.SZ,欢瑞世纪,09:25:00,AI应用,3连板
20260211,000962.SZ,东方钽业,10:51:42,有色金属,首板
20260211,001217.SZ,华尔泰,09:30:00,化工,3天2板
20260211,001267.SZ,汇绿生态,14:06:36,通信,首板
20260211,001359.SZ,平安电工,14:14:33,化工,首板
20260211,001376.SZ,百通能源,13:34:21,有色金属,首板
20260211,001896.SZ,豫能控股,09:25:00,并购重组,首板
20260211,002080.SZ,中材科技,09:33:06,化工,首板
20260211,002254.SZ,泰和新材,13:37:54,化工,首板
20260211,002270.SZ,华明装备,11:06:18,变压器,首板
20260211,002323.SZ,雅博股份,09:30:03,光伏,3连板
20260211,002340.SZ,格林美,10:38:30,有色金属,首板
20260211,002378.SZ,章源钨业,09:44:00,有色金属,首板
20260211,002424.SZ,ST百灵,10:23:54,ST板块,首板
20260211,002455.SZ,百川股份,09:30:42,化工,11天8板
20260211,002470.SZ,金正大,11:23:45,化工,首板
20260211,002485.SZ,ST雪发,09:25:00,ST板块,6天4板
20260211,002713.SZ,*ST东易,10:38:06,ST板块,首板
20260211,002723.SZ,小崧股份,09:25:00,文化传媒,2连板
20260211,002757.SZ,南兴股份,09:32:45,算力,首板
20260211,002842.SZ,翔鹭钨业,09:39:18,有色金属,4天2板
20260211,002868.SZ,*ST绿康,10:43:57,ST板块,首板
20260211,002951.SZ,金时科技,09:55:48,储能,首板
20260211,003018.SZ,金富科技,10:43:18,算力,5天4板
20260211,300819.SZ,聚杰微纤,09:41:42,机器人概念,首板
20260211,301526.SZ,国际复材,09:36:09,化工,首板
20260211,600176.SH,中国巨石,09:34:36,化工,首板
20260211,600186.SH,莲花控股,10:02:46,算力,首板
20260211,600292.SH,电投水电,10:28:48,并购重组,首板
20260211,600355.SH,*ST精伦,10:51:53,ST板块,首板
20260211,600397.SH,江钨装备,09:52:17,有色金属,首板
20260211,600545.SH,卓郎智能,09:32:52,化工,首板
20260211,600583.SH,海油工程,13:56:29,石油石化,首板
20260211,600589.SH,大位科技,09:25:51,算力,3连板
20260211,600722.SH,金牛化工,11:17:15,化工,4天3板
20260211,600980.SH,北矿科技,10:23:04,稀土永磁,首板
20260211,601121.SH,宝地矿业,13:20:34,有色金属,首板
20260211,603125.SH,常青科技,11:16:41,化工,首板
20260211,603138.SH,海量数据,09:33:50,人工智能,4天2板
20260211,603256.SH,宏和科技,09:37:38,化工,首板
20260211,603533.SH,掌阅科技,09:25:40,AI应用,3连板
20260211,603601.SH,再升科技,09:42:49,化工,首板
20260211,603608.SH,天创时尚,09:34:34,机器人概念,首板
20260211,603629.SH,利通电子,10:07:51,算力,3天2板
20260211,603682.SH,锦和商管,09:44:05,新型城镇化,首板
20260211,603729.SH,龙韵股份,09:25:43,文化传媒,3连板
20260211,603968.SH,醋化股份,09:37:03,化工,2连板
20260211,603980.SH,吉华集团,09:55:34,化工,5天4板
20260211,605006.SH,山东玻纤,09:30:54,化工,首板
20260211,605033.SH,美邦股份,09:47:17,农药,首板
20260211,605287.SH,德才股份,09:25:51,AI应用,3连板
20260211,688035.SH,德邦科技,10:29:44,算力,首板
20260210,000056.SZ,皇庭国际,09:38:24,锂电池,4天3板
20260210,000070.SZ,特发信息,09:30:39,通信,首板
20260210,000156.SZ,华数传媒,09:33:03,AI应用,首板
20260210,000559.SZ,万向钱潮,13:44:06,机器人概念,首板
20260210,000608.SZ,*ST阳光,10:03:51,ST板块,首板
20260210,000609.SZ,ST中迪,09:25:00,ST板块,4连板
20260210,000638.SZ,*ST万方,09:32:00,ST板块,首板
20260210,000669.SZ,ST金鸿,09:25:00,ST板块,首板
20260210,000681.SZ,视觉中国,11:22:03,AI应用,首板
20260210,000815.SZ,美利云,09:48:51,算力,首板
20260210,000818.SZ,航锦科技,10:45:24,算力,首板
20260210,000839.SZ,国安股份,09:50:51,AI应用,首板
20260210,000859.SZ,国风新材,09:47:24,芯片,首板
20260210,000892.SZ,欢瑞世纪,09:25:00,AI应用,2连板
20260210,001330.SZ,博纳影业,09:32:36,文化传媒,2连板
20260210,002082.SZ,万邦德,10:10:00,阿尔茨海默,首板
20260210,002159.SZ,三特索道,10:43:21,旅游,首板
20260210,002181.SZ,粤传媒,14:39:33,AI应用,首板
20260210,002292.SZ,奥飞娱乐,11:17:30,文化传媒,首板
20260210,002302.SZ,西部建设,14:45:48,商业航天,首板
20260210,002323.SZ,雅博股份,09:41:09,光伏,2连板
20260210,002429.SZ,兆驰股份,09:25:00,AI应用,2连板
20260210,002455.SZ,百川股份,09:25:00,化工,10天7板
20260210,002485.SZ,ST雪发,09:30:24,ST板块,5天3板
20260210,002597.SZ,金禾实业,13:00:03,化工,首板
20260210,002655.SZ,共达电声,09:43:03,端侧AI,首板
20260210,002723.SZ,小崧股份,09:25:00,文化传媒,首板
20260210,002739.SZ,万达电影,14:40:45,文化传媒,首板
20260210,002806.SZ,华锋股份,09:31:48,实控人变更,首板
20260210,002848.SZ,*ST高斯,09:35:33,ST板块,首板
20260210,002905.SZ,金逸影视,09:54:15,文化传媒,4天2板
20260210,002969.SZ,嘉美包装,13:49:48,实控人变更,4天2板
20260210,300182.SZ,捷成股份,09:36:18,AI应用,2连板
20260210,300251.SZ,光线传媒,11:03:12,文化传媒,首板
20260210,300364.SZ,中文在线,11:04:33,AI应用,2连板
20260210,300528.SZ,幸福蓝海,11:09:36,文化传媒,首板
20260210,300749.SZ,顶固集创,09:38:51,商业航天,2连板
20260210,301025.SZ,读客文化,10:26:09,文化传媒,首板
20260210,301085.SZ,亚康股份,09:50:57,算力,首板
20260210,301231.SZ,荣信文化,09:25:00,AI应用,2连板
20260210,600088.SH,中视传媒,11:22:02,文化传媒,首板
20260210,600107.SH,ST尔雅,09:58:44,ST板块,4天2板
20260210,600207.SH,安彩高科,10:51:41,光伏,首板
20260210,600381.SH,*ST春天,11:15:38,ST板块,3连板
20260210,600482.SH,中国动力,13:45:23,燃气轮机,首板
20260210,600589.SH,大位科技,09:25:41,算力,2连板
20260210,600696.SH,*ST岩石,09:42:34,ST板块,首板
20260210,600715.SH,文投控股,09:35:19,AI应用,首板
20260210,600977.SH,中国电影,10:58:13,文化传媒,首板
20260210,601595.SH,上海电影,09:30:07,文化传媒,2连板
20260210,601599.SH,浙文影业,09:36:14,文化传媒,4天2板
20260210,601869.SH,长飞光纤,09:58:11,通信,2连板
20260210,603000.SH,人民网,09:30:13,AI应用,首板
20260210,603058.SH,永吉股份,10:06:48,芯片,首板
20260210,603103.SH,横店影视,09:36:06,文化传媒,9天7板
20260210,603115.SH,海星股份,09:52:46,算力,首板
20260210,603268.SH,*ST松发,11:08:13,ST板块,首板
20260210,603301.SH,振德医疗,09:58:01,医疗器械,2连板
20260210,603320.SH,迪贝电气,10:01:17,压缩机,首板
20260210,603466.SH,风语筑,09:32:04,AI应用,2连板
20260210,603533.SH,掌阅科技,09:25:34,AI应用,2连板
20260210,603598.SH,引力传媒,11:21:26,AI应用,2连板
20260210,603721.SH,*ST天择,10:27:21,ST板块,首板
20260210,603729.SH,龙韵股份,09:25:37,文化传媒,2连板
20260210,603888.SH,新华网,09:53:59,AI应用,首板
20260210,603960.SH,克来机电,10:22:17,AI应用,首板
20260210,603968.SH,醋化股份,11:20:22,化工,首板
20260210,603980.SH,吉华集团,09:25:32,实控人变更,4天3板
20260210,603999.SH,读者传媒,10:20:51,文化传媒,首板
20260210,605060.SH,联德股份,09:53:31,燃气轮机,2连板
20260210,605287.SH,德才股份,09:25:46,AI应用,2连板
20260209,000014.SZ,沙河股份,09:25:59,并购重组,首板
20260209,000016.SZ,深康佳Ａ,10:46:30,AI应用,首板
20260209,000525.SZ,红太阳,14:29:06,化工,首板
20260209,000571.SZ,新大洲A,10:18:18,煤炭,首板
20260209,000609.SZ,ST中迪,09:25:59,ST板块,3连板
20260209,000711.SZ,ST京蓝,09:25:59,ST板块,11天9板
20260209,000820.SZ,*ST节能,09:32:45,ST板块,2连板
20260209,000821.SZ,ST京机,09:25:59,ST板块,6天4板
20260209,000892.SZ,欢瑞世纪,09:25:59,AI应用,首板
20260209,001217.SZ,华尔泰,14:34:48,化工,首板
20260209,001266.SZ,宏英智能,10:02:15,商业航天,首板
20260209,001326.SZ,联域股份,10:42:00,机器人概念,首板
20260209,001330.SZ,博纳影业,09:30:00,AI应用,首板
20260209,002015.SZ,协鑫能科,10:43:33,光伏,2连板
20260209,002054.SZ,德美化工,10:11:33,化工,2连板
20260209,002079.SZ,苏州固锝,13:01:06,光伏,首板
20260209,002099.SZ,海翔药业,09:25:59,化工,2连板
20260209,002129.SZ,TCL中环,09:51:09,光伏,4天2板
20260209,002218.SZ,拓日新能,09:44:54,光伏,4天2板
20260209,002272.SZ,川润股份,10:42:51,算力,首板
20260209,002296.SZ,辉煌科技,09:45:09,AI应用,首板
20260209,002309.SZ,中利集团,09:50:30,光伏,首板
20260209,002323.SZ,雅博股份,09:40:24,光伏,首板
20260209,002429.SZ,兆驰股份,09:25:59,AI应用,首板
20260209,002438.SZ,江苏神通,09:31:09,商业航天,首板
20260209,002440.SZ,闰土股份,09:32:00,化工,2连板
20260209,002455.SZ,百川股份,09:30:00,化工,9天6板
20260209,002471.SZ,中超控股,14:28:24,商业航天,首板
20260209,002485.SZ,ST雪发,13:07:30,ST板块,4天2板
20260209,002501.SZ,利源股份,10:21:18,光伏,首板
20260209,002506.SZ,协鑫集成,09:31:48,光伏,4连板
20260209,002534.SZ,西子洁能,09:47:30,光伏,首板
20260209,002623.SZ,亚玛顿,09:49:30,光伏,4天2板
20260209,002624.SZ,完美世界,09:30:00,AI应用,2连板
20260209,002630.SZ,ST华西,10:09:03,ST板块,3连板
20260209,002689.SZ,ST远智,13:55:18,ST板块,首板
20260209,002716.SZ,湖南白银,13:18:39,黄金,首板
20260209,002717.SZ,ST岭南,14:33:12,ST板块,首板
20260209,002822.SZ,ST中装,13:48:45,ST板块,首板
20260209,002830.SZ,名雕股份,09:31:42,AI应用,7天6板
20260209,003018.SZ,金富科技,09:25:59,并购重组,3连板
20260209,300182.SZ,捷成股份,09:57:27,AI应用,首板
20260209,300364.SZ,中文在线,09:30:00,AI应用,首板
20260209,300480.SZ,光力科技,13:24:09,芯片,首板
20260209,300749.SZ,顶固集创,09:42:18,商业航天,首板
20260209,300912.SZ,凯龙高科,09:25:59,并购重组,4连板
20260209,300982.SZ,苏文电能,09:48:36,光伏,首板
20260209,301231.SZ,荣信文化,09:25:59,AI应用,首板
20260209,301232.SZ,飞沃科技,13:37:36,商业航天,首板
20260209,301262.SZ,海看股份,09:25:59,AI应用,首板
20260209,600172.SH,黄河旋风,10:01:19,金刚石概念,首板
20260209,600185.SH,珠免集团,13:17:10,免税,首板
20260209,600238.SH,*ST椰岛,09:46:21,ST板块,首板
20260209,600243.SH,*ST海华,09:34:30,ST板块,首板
20260209,600330.SH,天通股份,10:30:11,通信,7天4板
20260209,600381.SH,*ST春天,09:25:36,ST板块,2连板
20260209,600392.SH,盛和资源,09:37:09,稀土永磁,首板
20260209,600477.SH,杭萧钢构,09:43:24,商业航天,首板
20260209,600586.SH,金晶科技,09:25:56,光伏,首板
20260209,600589.SH,大位科技,09:34:22,算力,首板
20260209,600590.SH,泰豪科技,10:43:16,发电机,首板
20260209,600666.SH,奥瑞德,10:27:50,AI应用,首板
20260209,600683.SH,京投发展,13:53:09,地产链,5天4板
20260209,600722.SH,金牛化工,09:37:09,化工,2连板
20260209,600751.SH,海航科技,09:50:28,航运,首板
20260209,600841.SH,动力新科,09:38:49,发电机,首板
20260209,600875.SH,东方电气,10:49:34,燃气轮机,首板
20260209,600884.SH,杉杉股份,09:25:55,实控人变更,2连板
20260209,601360.SH,三六零,13:10:20,AI应用,首板
20260209,601595.SH,上海电影,09:25:52,AI应用,首板
20260209,601869.SH,长飞光纤,10:54:17,通信,首板
20260209,603021.SH,ST华鹏,09:30:35,ST板块,5天3板
20260209,603031.SH,安孚科技,10:14:52,商业航天,首板
20260209,603103.SH,横店影视,09:30:08,AI应用,8天6板
20260209,603163.SH,圣晖集成,11:13:05,芯片,首板
20260209,603188.SH,亚邦股份,09:33:42,化工,首板
20260209,603191.SH,望变电气,09:30:01,智能电网,首板
20260209,603301.SH,振德医疗,09:48:00,医疗器械,首板
20260209,603308.SH,应流股份,10:11:02,燃气轮机,首板
20260209,603466.SH,风语筑,09:25:47,AI应用,首板
20260209,603533.SH,掌阅科技,09:25:58,AI应用,首板
20260209,603598.SH,引力传媒,10:59:14,AI应用,首板
20260209,603616.SH,韩建河山,14:41:37,并购重组,5连板
20260209,603626.SH,科森科技,09:31:38,机器人概念,2连板
20260209,603629.SH,利通电子,13:07:21,算力,首板
20260209,603729.SH,龙韵股份,09:25:31,并购重组,首板
20260209,603829.SH,洛凯股份,09:34:19,智能电网,首板
20260209,603929.SH,亚翔集成,13:02:08,芯片,首板
20260209,603980.SH,吉华集团,09:25:40,实控人变更,3天2板
20260209,605060.SH,联德股份,10:03:53,燃气轮机,首板
20260209,605287.SH,德才股份,09:25:43,AI应用,首板
20260209,605566.SH,福莱蒽特,13:39:05,化工,首板
20260209,605598.SH,上海港湾,09:56:49,光伏,首板
20260209,688025.SH,杰普特,10:10:15,通信,首板
20260209,688435.SH,英方软件,14:29:25,AI应用,首板
20260209,688503.SH,聚和材料,09:43:01,光伏,首板
20260206,000056.SZ,皇庭国际,09:32:03,锂电池,2连板
20260206,000609.SZ,ST中迪,09:25:00,ST板块,2连板
20260206,000711.SZ,ST京蓝,09:25:00,ST板块,10天8板
20260206,000767.SZ,晋控电力,09:50:48,电力,首板
20260206,000820.SZ,*ST节能,09:45:09,ST板块,首板
20260206,001360.SZ,南矿集团,09:38:30,黄金,首板
20260206,002009.SZ,天奇股份,10:28:24,机器人概念,首板
20260206,002015.SZ,协鑫能科,13:23:27,光伏,首板
20260206,002054.SZ,德美化工,09:36:21,数字经济,首板
20260206,002072.SZ,凯瑞德,14:22:00,煤炭,首板
20260206,002099.SZ,海翔药业,11:03:51,医药,首板
20260206,002112.SZ,三变科技,09:58:09,智能电网,5天3板
20260206,002150.SZ,正泰电源,11:02:36,光伏,首板
20260206,002207.SZ,准油股份,14:24:24,石油石化,首板
20260206,002339.SZ,积成电子,09:36:27,智能电网,首板
20260206,002345.SZ,潮宏基,10:34:30,黄金,首板
20260206,002361.SZ,神剑股份,13:38:36,商业航天,4天3板
20260206,002412.SZ,汉森制药,09:34:18,医药,首板
20260206,002440.SZ,闰土股份,09:48:51,化工,首板
20260206,002455.SZ,百川股份,09:46:27,化工,8天5板
20260206,002506.SZ,协鑫集成,13:52:36,光伏,3连板
20260206,002519.SZ,银河电子,14:10:12,商业航天,首板
20260206,002624.SZ,完美世界,13:21:54,游戏,首板
20260206,002630.SZ,ST华西,09:38:57,ST板块,2连板
20260206,002634.SZ,棒杰股份,09:33:24,光伏,首板
20260206,002728.SZ,特一药业,09:25:00,医药,首板
20260206,002759.SZ,天际股份,10:31:51,锂电池,首板
20260206,002772.SZ,众兴菌业,10:29:24,医药,首板
20260206,002812.SZ,恩捷股份,13:23:51,锂电池,首板
20260206,002830.SZ,名雕股份,10:37:09,人工智能,6天5板
20260206,002842.SZ,翔鹭钨业,10:11:15,有色金属,首板
20260206,002921.SZ,联诚精密,09:40:03,机器人概念,首板
20260206,002957.SZ,科瑞技术,13:30:27,通信,4天2板
20260206,003018.SZ,金富科技,09:25:00,并购重组,2连板
20260206,300461.SZ,田中精机,10:25:09,新型工业化,2连板
20260206,300912.SZ,凯龙高科,09:25:00,并购重组,3连板
20260206,301312.SZ,智立方,13:36:21,通信,首板
20260206,600063.SH,皖维高新,11:08:22,并购重组,首板
20260206,600230.SH,沧州大化,10:17:14,化工,首板
20260206,600345.SH,长江通信,09:41:16,通信,首板
20260206,600381.SH,*ST春天,09:31:51,ST板块,首板
20260206,600686.SH,金龙汽车,10:22:39,汽车类,首板
20260206,600722.SH,金牛化工,10:11:15,化工,首板
20260206,600759.SH,洲际油气,13:58:38,石油石化,3天2板
20260206,600814.SH,杭州解百,09:25:55,零售,3连板
20260206,600884.SH,杉杉股份,10:15:24,锂电池,首板
20260206,600987.SH,航民股份,13:03:12,黄金,首板
20260206,603138.SH,海量数据,09:40:32,人工智能,首板
20260206,603331.SH,百达精工,10:28:59,机器人概念,首板
20260206,603580.SH,*ST艾艾,13:00:05,ST板块,首板
20260206,603607.SH,京华激光,10:39:22,文创产品,首板
20260206,603616.SH,韩建河山,09:25:30,并购重组,4连板
20260206,603618.SH,杭电股份,09:38:16,通信,6天5板
20260206,603626.SH,科森科技,13:02:00,锂电池,首板
20260206,603663.SH,三祥新材,13:45:34,锂电池,首板
20260206,603667.SH,五洲新春,10:22:29,机器人概念,首板
20260206,603823.SH,百合花,10:23:22,化工,首板
20260206,603876.SH,鼎胜新材,13:08:51,锂电池,首板
20260206,603881.SH,数据港,13:00:19,人工智能,首板
20260206,603959.SH,百利科技,09:59:39,锂电池,首板
20260206,605488.SH,福莱新材,10:30:18,机器人概念,首板
20260205,000056.SZ,皇庭国际,09:40:39,芯片,首板
20260205,000592.SZ,平潭发展,09:37:21,海峡两岸,首板
20260205,000609.SZ,ST中迪,09:25:00,ST板块,首板
20260205,000636.SZ,风华高科,14:07:12,电阻电容,首板
20260205,000711.SZ,ST京蓝,09:30:21,ST板块,9天7板
20260205,000822.SZ,山东海化,09:30:03,化工,首板
20260205,002264.SZ,新华都,10:36:12,人工智能,首板
20260205,002291.SZ,遥望科技,09:30:30,人工智能,4天2板
20260205,002355.SZ,兴民智通,09:49:30,智能驾驶,2连板
20260205,002357.SZ,富临运业,09:57:21,人工智能,首板
20260205,002361.SZ,神剑股份,14:00:06,商业航天,3天2板
20260205,002467.SZ,二六三,10:42:15,人工智能,首板
20260205,002506.SZ,协鑫集成,09:30:33,光伏,2连板
20260205,002528.SZ,ST英飞拓,09:33:48,ST板块,首板
20260205,002575.SZ,群兴玩具,09:56:24,酿酒,首板
20260205,002627.SZ,三峡旅游,13:52:21,旅游,首板
20260205,002630.SZ,ST华西,09:35:18,ST板块,首板
20260205,002702.SZ,海欣食品,10:01:09,食品饮料,首板
20260205,002713.SZ,*ST东易,13:47:12,ST板块,5天4板
20260205,002742.SZ,*ST三圣,10:34:00,ST板块,首板
20260205,002905.SZ,金逸影视,11:03:33,文化传媒,首板
20260205,002945.SZ,华林证券,13:42:33,证券,首板
20260205,002969.SZ,嘉美包装,14:27:30,实控人变更,首板
20260205,002985.SZ,北摩高科,10:24:06,商业航天,首板
20260205,002995.SZ,天地在线,10:42:51,人工智能,首板
20260205,003018.SZ,金富科技,09:50:51,包装印刷,首板
20260205,003036.SZ,泰坦股份,13:56:27,固态电池,首板
20260205,300152.SZ,ST新动力,09:57:33,ST板块,首板
20260205,300300.SZ,海峡创新,14:24:48,海峡两岸,首板
20260205,300344.SZ,*ST立方,10:49:18,ST板块,5天4板
20260205,300461.SZ,田中精机,09:30:24,电子烟,首板
20260205,300912.SZ,凯龙高科,09:25:00,并购重组,2连板
20260205,301362.SZ,民爆光电,10:08:54,并购重组,4连板
20260205,600084.SH,中信尼雅,09:52:22,酿酒,首板
20260205,600107.SH,ST尔雅,10:41:00,ST板块,首板
20260205,600136.SH,ST明诚,13:26:04,ST板块,首板
20260205,600156.SH,华升股份,09:47:03,算力,首板
20260205,600382.SH,广东明珠,09:36:58,酿酒,首板
20260205,600683.SH,京投发展,09:32:12,地产链,3连板
20260205,600796.SH,钱江生化,09:57:31,农业,首板
20260205,600814.SH,杭州解百,09:51:36,零售,2连板
20260205,600828.SH,茂业商业,14:28:45,零售,5天3板
20260205,601015.SH,陕西黑猫,09:25:37,煤炭,2连板
20260205,601116.SH,三江购物,14:39:46,零售,首板
20260205,601187.SH,厦门银行,13:25:03,银行,首板
20260205,601599.SH,浙文影业,09:32:24,文化传媒,首板
20260205,603103.SH,横店影视,09:36:07,文化传媒,6天5板
20260205,603334.SH,丰倍生物,10:11:19,次新股,2连板
20260205,603429.SH,集友股份,09:59:57,电子烟,首板
20260205,603557.SH,ST起步,13:11:55,ST板块,3天2板
20260205,603616.SH,韩建河山,09:25:50,并购重组,3连板
20260205,603630.SH,拉芳家化,09:53:46,美容护理,首板
20260205,603655.SH,朗博科技,11:25:00,汽车零部件,首板
20260205,603696.SH,安记食品,10:01:54,食品饮料,首板
20260205,603826.SH,坤彩科技,09:36:15,化工,2连板
20260205,603843.SH,*ST正平,14:47:31,ST板块,4天3板
20260204,000039.SZ,中集集团,09:56:42,商业航天,2连板
20260204,000070.SZ,特发信息,09:30:00,通信,首板
20260204,000517.SZ,荣安地产,10:22:24,地产链,首板
20260204,000533.SZ,顺钠股份,09:31:33,智能电网,3连板
20260204,000560.SZ,我爱我家,10:37:27,地产链,首板
20260204,000711.SZ,ST京蓝,09:30:30,ST板块,8天6板
20260204,000723.SZ,美锦能源,10:04:27,氢能源,首板
20260204,000821.SZ,ST京机,09:25:00,ST板块,3连板
20260204,000838.SZ,财信发展,10:17:15,地产链,首板
20260204,000983.SZ,山西焦煤,14:35:15,煤炭,首板
20260204,001223.SZ,欧克科技,11:25:21,锂电池,首板
20260204,002126.SZ,银轮股份,09:30:42,液冷,2连板
20260204,002129.SZ,TCL中环,13:52:30,光伏,首板
20260204,002218.SZ,拓日新能,10:31:15,光伏,首板
20260204,002278.SZ,神开股份,10:05:03,商业航天,首板
20260204,002286.SZ,保龄宝,13:05:42,食品饮料,首板
20260204,002289.SZ,*ST宇顺,14:24:03,ST板块,首板
20260204,002300.SZ,太阳电缆,09:43:12,智能电网,首板
20260204,002306.SZ,*ST云网,09:38:48,ST板块,首板
20260204,002334.SZ,英威腾,10:44:51,液冷,首板
20260204,002342.SZ,巨力索具,09:25:00,商业航天,2连板
20260204,002355.SZ,兴民智通,13:24:03,无人驾驶,首板
20260204,002441.SZ,众业达,10:05:18,智能电网,首板
20260204,002485.SZ,ST雪发,09:39:03,ST板块,首板
20260204,002506.SZ,协鑫集成,13:28:51,光伏,首板
20260204,002623.SZ,亚玛顿,10:10:54,光伏,首板
20260204,002791.SZ,坚朗五金,13:43:54,地产链,首板
20260204,002810.SZ,山东赫达,10:30:30,化工,首板
20260204,002830.SZ,名雕股份,09:43:21,地产链,4连板
20260204,002853.SZ,皮阿诺,10:14:24,芯片,首板
20260204,002928.SZ,华夏航空,11:09:54,机场航空,首板
20260204,002970.SZ,锐明技术,09:31:15,无人驾驶,首板
20260204,003038.SZ,鑫铂股份,14:06:48,光伏,首板
20260204,300344.SZ,*ST立方,14:14:42,ST板块,4天3板
20260204,300393.SZ,中来股份,10:30:21,光伏,首板
20260204,300423.SZ,昇辉科技,09:52:03,氢能源,首板
20260204,300912.SZ,凯龙高科,09:25:00,并购重组,首板
20260204,300985.SZ,致远新能,10:05:39,氢能源,首板
20260204,301119.SZ,正强股份,13:20:48,汽车零部件,首板
20260204,301362.SZ,民爆光电,09:25:00,并购重组,3连板
20260204,301636.SZ,泽润新能,11:00:54,光伏,2连板
20260204,600072.SH,中船科技,09:41:41,股权转让,首板
20260204,600115.SH,中国东航,10:19:30,机场航空,首板
20260204,600188.SH,兖矿能源,09:36:51,煤炭,首板
20260204,600228.SH,*ST返利,14:55:12,ST板块,3天2板
20260204,600325.SH,华发股份,13:20:16,地产链,首板
20260204,600330.SH,天通股份,09:32:34,通信,4天3板
20260204,600403.SH,大有能源,14:36:15,煤炭,首板
20260204,600421.SH,*ST华嵘,13:15:26,ST板块,5天4板
20260204,600481.SH,双良节能,09:25:33,光伏,2连板
20260204,600546.SH,山煤国际,14:36:00,煤炭,首板
20260204,600683.SH,京投发展,10:37:12,地产链,2连板
20260204,600740.SH,山西焦化,10:06:41,煤炭,首板
20260204,600759.SH,洲际油气,14:34:47,石油石化,首板
20260204,600778.SH,友好集团,10:27:22,零售,首板
20260204,600792.SH,云煤能源,09:46:35,煤炭,首板
20260204,600814.SH,杭州解百,10:13:23,零售,首板
20260204,600860.SH,京城股份,09:51:26,氢能源,首板
20260204,600971.SH,恒源煤电,14:38:28,煤炭,首板
20260204,600997.SH,开滦股份,14:42:54,煤炭,首板
20260204,601001.SH,晋控煤业,10:02:50,煤炭,首板
20260204,601011.SH,宝泰隆,13:00:39,煤炭,首板
20260204,601015.SH,陕西黑猫,09:45:28,煤炭,首板
20260204,601096.SH,宏盛华源,09:36:03,智能电网,首板
20260204,601226.SH,华电科工,10:01:54,氢能源,首板
20260204,601699.SH,潞安环能,13:39:09,煤炭,首板
20260204,601898.SH,中煤能源,09:59:48,煤炭,首板
20260204,603021.SH,ST华鹏,09:30:04,ST板块,2连板
20260204,603334.SH,丰倍生物,09:54:03,次新股,首板
20260204,603381.SH,永臻股份,10:19:27,光伏,首板
20260204,603616.SH,韩建河山,09:25:55,并购重组,2连板
20260204,603618.SH,杭电股份,09:30:03,通信,4连板
20260204,603778.SH,国晟科技,10:28:04,光伏,2连板
20260204,603826.SH,坤彩科技,13:29:06,化工,首板
20260204,605376.SH,博迁新材,14:34:17,光伏,首板
20260204,688223.SH,晶科能源,13:07:35,光伏,首板
20260204,688429.SH,时创能源,13:49:22,光伏,首板
20260203,000039.SZ,中集集团,11:07:57,商业航天,首板
20260203,000533.SZ,顺钠股份,09:40:18,智能电网,2连板
20260203,000534.SZ,万泽股份,14:39:30,燃气轮机,首板
20260203,000547.SZ,航天发展,11:15:00,商业航天,首板
20260203,000608.SZ,*ST阳光,09:25:00,ST板块,2连板
20260203,000668.SZ,*ST荣控,09:42:18,ST板块,2连板
20260203,000691.SZ,*ST亚太,13:00:00,ST板块,首板
20260203,000711.SZ,ST京蓝,09:25:00,ST板块,7天5板
20260203,000738.SZ,航发控制,10:16:33,商业航天,首板
20260203,000811.SZ,冰轮环境,13:02:03,燃气轮机,首板
20260203,000821.SZ,ST京机,09:39:06,ST板块,2连板
20260203,000856.SZ,冀东装备,09:30:00,雄安新区,首板
20260203,000962.SZ,东方钽业,09:55:06,商业航天,首板
20260203,000995.SZ,皇台酒业,09:33:15,酿酒,4连板
20260203,001316.SZ,润贝航科,10:00:24,年报增长,4天2板
20260203,001400.SZ,江顺科技,10:33:54,商业航天,首板
20260203,002012.SZ,凯恩股份,11:23:03,造纸,首板
20260203,002058.SZ,*ST威尔,14:34:39,ST板块,首板
20260203,002112.SZ,三变科技,14:05:27,智能电网,2连板
20260203,002126.SZ,银轮股份,14:56:03,算力,首板
20260203,002155.SZ,湖南黄金,13:38:12,黄金,7天6板
20260203,002165.SZ,红宝丽,10:00:24,化工,3天2板
20260203,002238.SZ,天威视讯,13:34:27,算力,首板
20260203,002342.SZ,巨力索具,10:05:51,商业航天,首板
20260203,002361.SZ,神剑股份,10:52:36,商业航天,首板
20260203,002364.SZ,中恒电气,13:00:12,电源,首板
20260203,002455.SZ,百川股份,10:19:48,化工,5天4板
20260203,002471.SZ,中超控股,11:19:33,商业航天,2连板
20260203,002581.SZ,ST未名,13:49:33,ST板块,首板
20260203,002713.SZ,*ST东易,14:29:15,ST板块,3连板
20260203,002785.SZ,万里石,13:25:45,核电,首板
20260203,002792.SZ,通宇通讯,09:37:21,商业航天,首板
20260203,002830.SZ,名雕股份,09:48:57,人工智能,3连板
20260203,002865.SZ,钧达股份,09:43:45,光伏,首板
20260203,002898.SZ,*ST赛隆,13:45:45,ST板块,首板
20260203,002922.SZ,伊戈尔,14:06:45,智能电网,首板
20260203,002943.SZ,宇晶股份,09:36:03,光伏,首板
20260203,002951.SZ,金时科技,13:02:06,数字经济,首板
20260203,002957.SZ,科瑞技术,09:42:54,通信,首板
20260203,003035.SZ,南网能源,10:23:42,智能电网,首板
20260203,300757.SZ,罗博特科,13:42:24,通信,首板
20260203,300842.SZ,帝科股份,13:01:21,光伏,首板
20260203,301182.SZ,凯旺科技,13:10:18,通信,首板
20260203,301362.SZ,民爆光电,09:25:00,并购重组,2连板
20260203,301636.SZ,泽润新能,13:05:00,光伏,首板
20260203,600053.SH,九鼎投资,09:41:29,机器人概念,首板
20260203,600149.SH,廊坊发展,09:25:30,雄安新区,首板
20260203,600266.SH,城建发展,09:25:59,北京市,首板
20260203,600330.SH,天通股份,09:33:44,通信,3天2板
20260203,600410.SH,华胜天成,09:44:42,人工智能,首板
20260203,600481.SH,双良节能,09:33:27,商业航天,首板
20260203,600586.SH,金晶科技,13:07:34,光伏,首板
20260203,600590.SH,泰豪科技,09:30:03,发电机,首板
20260203,600673.SH,东阳光,14:12:19,算力,首板
20260203,600683.SH,京投发展,09:25:47,北京市,首板
20260203,600735.SH,ST新华锦,13:48:44,ST板块,首板
20260203,600785.SH,新华百货,13:48:39,股权转让,4天3板
20260203,600869.SH,远东股份,14:11:43,算力,首板
20260203,600984.SH,建设机械,13:15:33,基础建设,首板
20260203,600986.SH,浙文互联,09:30:59,人工智能,4天2板
20260203,601799.SH,星宇股份,10:32:43,机器人概念,首板
20260203,601992.SH,金隅集团,09:33:07,北京市,首板
20260203,603021.SH,ST华鹏,09:38:11,ST板块,首板
20260203,603031.SH,安孚科技,13:32:07,商业航天,首板
20260203,603051.SH,鹿山新材,11:09:48,光伏,首板
20260203,603095.SH,越剑智能,09:57:08,新型工业化,首板
20260203,603103.SH,横店影视,09:25:32,文化传媒,4连板
20260203,603172.SH,万丰股份,09:25:50,化工,4连板
20260203,603211.SH,晋拓股份,13:03:27,商业航天,首板
20260203,603285.SH,键邦股份,11:18:11,化工,首板
20260203,603557.SH,ST起步,10:03:24,ST板块,首板
20260203,603612.SH,索通发展,10:02:47,锂电池,首板
20260203,603618.SH,杭电股份,09:25:46,通信,3连板
20260203,603773.SH,沃格光电,09:52:09,光伏,首板
20260203,603778.SH,国晟科技,13:16:29,光伏,首板
20260203,603806.SH,福斯特,09:43:12,光伏,首板
20260203,603843.SH,*ST正平,09:25:38,ST板块,2连板
20260203,603920.SH,世运电路,13:21:33,商业航天,首板
20260203,605123.SH,派克新材,10:32:17,商业航天,首板
20260203,605599.SH,菜百股份,09:46:53,黄金,首板
20260203,688516.SH,奥特维,09:42:50,光伏,首板
20260203,688680.SH,海优新材,13:13:30,光伏,首板
20260202,000533.SZ,顺钠股份,09:25:00,智能电网,首板
20260202,000608.SZ,*ST阳光,09:31:06,ST板块,首板
20260202,000668.SZ,*ST荣控,09:31:57,ST板块,首板
20260202,000711.SZ,ST京蓝,09:31:06,ST板块,6天4板
20260202,000821.SZ,ST京机,09:32:21,ST板块,首板
20260202,000995.SZ,皇台酒业,09:48:30,酿酒,3连板
20260202,001326.SZ,联域股份,09:37:48,机器人概念,首板
20260202,001368.SZ,通达创智,09:32:24,体育产业,首板
20260202,002112.SZ,三变科技,09:30:00,智能电网,首板
20260202,002291.SZ,遥望科技,09:39:09,人工智能,首板
20260202,002339.SZ,积成电子,09:33:36,智能电网,首板
20260202,002358.SZ,森源电气,09:45:24,智能电网,首板
20260202,002471.SZ,中超控股,10:51:12,智能电网,首板
20260202,002491.SZ,通鼎互联,09:30:06,通信,2连板
20260202,002498.SZ,汉缆股份,09:45:15,智能电网,首板
20260202,002575.SZ,群兴玩具,10:06:15,人工智能,首板
20260202,002606.SZ,大连电瓷,10:00:54,智能电网,首板
20260202,002678.SZ,珠江钢琴,09:33:42,体育产业,3天2板
20260202,002713.SZ,*ST东易,09:31:12,ST板块,2连板
20260202,002780.SZ,三夫户外,09:30:00,体育产业,首板
20260202,002830.SZ,名雕股份,10:01:21,人工智能,2连板
20260202,300215.SZ,电科院,10:00:57,智能电网,首板
20260202,300265.SZ,通光线缆,14:05:36,智能电网,首板
20260202,301362.SZ,民爆光电,09:25:00,并购重组,首板
20260202,600172.SH,黄河旋风,09:59:33,培育钻石,首板
20260202,600228.SH,*ST返利,09:25:50,ST板块,首板
20260202,600232.SH,金鹰股份,09:41:40,锂电池,首板
20260202,600421.SH,*ST华嵘,09:33:23,ST板块,3连板
20260202,600550.SH,保变电气,09:41:43,智能电网,首板
20260202,600785.SH,新华百货,09:32:28,零售,3天2板
20260202,600828.SH,茂业商业,14:55:50,零售,2连板
20260202,601616.SH,广电电气,09:57:34,智能电网,首板
20260202,603103.SH,横店影视,09:25:45,文化传媒,3连板
20260202,603117.SH,万林物流,09:36:01,股权转让,首板
20260202,603172.SH,万丰股份,09:25:35,化工,3连板
20260202,603618.SH,杭电股份,09:25:36,通信,2连板
20260202,603629.SH,利通电子,11:13:57,人工智能,2连板
20260202,603697.SH,有友食品,14:12:28,食品饮料,首板
20260202,603843.SH,*ST正平,09:25:51,ST板块,首板
20260202,603861.SH,白云电器,09:30:01,智能电网,2连板
20260202,603919.SH,金徽酒,14:15:08,酿酒,3天2板
20260202,605151.SH,西上海,09:52:48,汽车零部件,2连板
20260202,605255.SH,天普股份,10:54:38,芯片,首板
20260202,688335.SH,复洁科技,11:18:34,年报增长,首板
20260130,000004.SZ,*ST国华,14:47:18,ST板块,首板
20260130,000798.SZ,中水渔业,10:33:03,农业,首板
20260130,000995.SZ,皇台酒业,09:30:06,酿酒,2连板
20260130,001270.SZ,*ST铖昌,14:49:06,ST板块,7天6板
20260130,002009.SZ,天奇股份,13:06:18,机器人概念,首板
20260130,002041.SZ,登海种业,09:55:57,农业,首板
20260130,002137.SZ,实益达,14:12:03,人工智能,首板
20260130,002155.SZ,湖南黄金,09:25:00,黄金,5连板
20260130,002165.SZ,红宝丽,14:21:48,化工,首板
20260130,002455.SZ,百川股份,09:31:39,化工,3连板
20260130,002491.SZ,通鼎互联,11:00:18,通信,首板
20260130,002562.SZ,兄弟科技,14:05:27,化工,首板
20260130,002713.SZ,*ST东易,14:40:51,ST板块,首板
20260130,002830.SZ,名雕股份,11:19:42,人工智能,首板
20260130,002952.SZ,亚世光电,13:29:48,端侧AI,首板
20260130,002995.SZ,天地在线,09:39:39,人工智能,10天6板
20260130,300731.SZ,科创新源,13:16:21,算力,首板
20260130,300805.SZ,电声股份,10:11:15,人工智能,首板
20260130,301486.SZ,致尚科技,11:27:24,通信,首板
20260130,600084.SH,中信尼雅,09:25:57,酿酒,2连板
20260130,600107.SH,ST尔雅,09:41:48,ST板块,首板
20260130,600313.SH,农发种业,09:40:51,农业,3天2板
20260130,600330.SH,天通股份,13:09:15,通信,首板
20260130,600345.SH,长江通信,10:40:45,通信,首板
20260130,600354.SH,敦煌种业,09:41:52,农业,首板
20260130,600371.SH,万向德农,09:57:24,农业,首板
20260130,600395.SH,盘江股份,09:25:34,年报增长,首板
20260130,600421.SH,*ST华嵘,14:18:20,ST板块,2连板
20260130,600487.SH,亨通光电,13:39:05,通信,首板
20260130,600599.SH,*ST熊猫,13:27:29,ST板块,首板
20260130,600608.SH,*ST沪科,14:38:22,ST板块,4天2板
20260130,600667.SH,太极实业,09:48:26,芯片,首板
20260130,600696.SH,*ST岩石,10:06:36,ST板块,2连板
20260130,600828.SH,茂业商业,09:44:23,零售,首板
20260130,601133.SH,柏诚股份,09:39:13,芯片,首板
20260130,601208.SH,东材科技,13:01:33,通信,首板
20260130,601231.SH,环旭电子,13:02:46,通信,首板
20260130,601869.SH,长飞光纤,11:15:29,通信,首板
20260130,603010.SH,万盛股份,14:51:16,化工,首板
20260130,603059.SH,倍加洁,10:13:45,年报增长,首板
20260130,603103.SH,横店影视,09:37:45,文化传媒,2连板
20260130,603172.SH,万丰股份,09:25:36,化工,2连板
20260130,603331.SH,百达精工,13:10:43,机器人概念,首板
20260130,603391.SH,力聚热能,13:55:42,新型工业化,首板
20260130,603598.SH,引力传媒,09:39:41,人工智能,首板
20260130,603618.SH,杭电股份,13:20:08,通信,首板
20260130,603629.SH,利通电子,13:00:10,算力,首板
20260130,603813.SH,*ST原尚,13:46:59,ST板块,首板
20260130,603861.SH,白云电器,11:07:59,算力,首板
20260130,603863.SH,松炀资源,13:24:38,造纸,首板
20260130,603887.SH,城地香江,09:41:37,算力,首板
20260130,605003.SH,众望布艺,13:01:04,服装家纺,首板
20260130,605151.SH,西上海,13:00:51,汽车零部件,首板
20260130,605289.SH,罗曼股份,13:42:26,算力,首板
20260130,688025.SH,杰普特,13:01:13,通信,首板
20260130,688280.SH,精进电动,13:40:28,年报增长,首板
20260130,688583.SH,思看科技,09:25:33,3D打印,首板
20260129,000029.SZ,深深房Ａ,09:56:15,地产链,首板
20260129,000031.SZ,大悦城,09:41:09,地产链,首板
20260129,000506.SZ,招金黄金,09:25:00,黄金,9天6板
20260129,000554.SZ,泰山石油,13:13:03,石油石化,首板
20260129,000560.SZ,我爱我家,10:22:36,地产链,首板
20260129,000568.SZ,泸州老窖,14:04:57,酿酒,首板
20260129,000596.SZ,古井贡酒,14:26:33,酿酒,首板
20260129,000607.SZ,华媒控股,09:35:42,人工智能,首板
20260129,000630.SZ,铜陵有色,13:01:12,黄金,5天4板
20260129,000711.SZ,ST京蓝,09:30:21,ST板块,4天3板
20260129,000737.SZ,北方铜业,11:12:24,有色金属,2连板
20260129,000799.SZ,酒鬼酒,13:34:09,酿酒,首板
20260129,000813.SZ,德展健康,09:30:00,医药,首板
20260129,000858.SZ,五粮液,14:44:39,酿酒,首板
20260129,000863.SZ,三湘印象,09:47:06,地产链,首板
20260129,000878.SZ,云南铜业,13:00:06,有色金属,2连板
20260129,000901.SZ,航天科技,10:57:27,商业航天,首板
20260129,000995.SZ,皇台酒业,13:26:30,酿酒,首板
20260129,001316.SZ,润贝航科,09:34:12,年报增长,首板
20260129,001376.SZ,百通能源,09:30:24,有色金属,2连板
20260129,001386.SZ,马可波罗,13:02:42,地产链,首板
20260129,002155.SZ,湖南黄金,09:25:00,黄金,4连板
20260129,002181.SZ,粤传媒,10:07:00,体育产业,首板
20260129,002207.SZ,准油股份,13:02:54,石油石化,2连板
20260129,002259.SZ,升达林业,13:02:06,天然气,首板
20260129,002304.SZ,洋河股份,14:55:03,酿酒,首板
20260129,002440.SZ,闰土股份,11:22:33,化工,2连板
20260129,002455.SZ,百川股份,09:30:00,化工,2连板
20260129,002646.SZ,天佑德酒,14:53:15,酿酒,首板
20260129,002678.SZ,珠江钢琴,10:57:57,体育产业,首板
20260129,002948.SZ,青岛银行,10:50:27,年报增长,首板
20260129,002970.SZ,锐明技术,09:30:33,智能驾驶,首板
20260129,002995.SZ,天地在线,09:31:27,人工智能,9天5板
20260129,300164.SZ,通源石油,13:08:33,石油石化,2连板
20260129,300344.SZ,*ST立方,14:25:54,ST板块,3天2板
20260129,300780.SZ,德恩精工,13:45:21,商业航天,首板
20260129,300781.SZ,因赛集团,09:39:42,人工智能,首板
20260129,300975.SZ,商络电子,09:49:36,年报增长,首板
20260129,600059.SH,古越龙山,14:48:05,酿酒,首板
20260129,600084.SH,中信尼雅,09:25:39,酿酒,首板
20260129,600197.SH,伊力特,14:53:39,酿酒,首板
20260129,600199.SH,金种子酒,14:06:52,酿酒,首板
20260129,600215.SH,派斯林,09:51:07,机器人概念,首板
20260129,600273.SH,嘉化能源,13:10:01,化工,首板
20260129,600339.SH,中油工程,13:40:52,石油石化,首板
20260129,600392.SH,盛和资源,11:03:17,稀土永磁,首板
20260129,600421.SH,*ST华嵘,09:25:41,ST板块,首板
20260129,600499.SH,科达制造,09:25:49,并购重组,首板
20260129,600531.SH,豫光金铅,09:34:45,黄金,5连板
20260129,600559.SH,老白干酒,14:45:05,酿酒,首板
20260129,600649.SH,城投控股,11:09:04,地产链,首板
20260129,600678.SH,四川金顶,11:00:33,商业航天,首板
20260129,600684.SH,珠江股份,10:17:50,体育产业,首板
20260129,600696.SH,*ST岩石,13:26:46,ST板块,首板
20260129,600702.SH,舍得酒业,14:01:01,酿酒,首板
20260129,600722.SH,金牛化工,14:38:10,化工,首板
20260129,600759.SH,洲际油气,13:43:48,石油石化,7天5板
20260129,600779.SH,水井坊,14:01:21,酿酒,首板
20260129,600785.SH,新华百货,13:14:31,零售,首板
20260129,600809.SH,山西汾酒,14:34:24,酿酒,首板
20260129,600871.SH,石化油服,09:25:55,石油石化,2连板
20260129,600916.SH,中国黄金,09:25:34,黄金,5连板
20260129,600959.SH,江苏有线,09:42:41,人工智能,首板
20260129,600986.SH,浙文互联,09:39:59,人工智能,首板
20260129,601069.SH,西部黄金,09:25:52,黄金,7天4板
20260129,601118.SH,海南橡胶,10:54:10,化工,首板
20260129,601155.SH,新城控股,10:54:28,地产链,首板
20260129,601212.SH,白银有色,09:32:51,黄金,8连板
20260129,601388.SH,怡球资源,09:25:41,年报增长,2连板
20260129,601579.SH,会稽山,14:09:45,酿酒,首板
20260129,603001.SH,奥康国际,09:58:16,服装家纺,首板
20260129,603103.SH,横店影视,10:02:05,文化传媒,首板
20260129,603162.SH,海通发展,13:07:41,航运,首板
20260129,603172.SH,万丰股份,10:06:48,化工,首板
20260129,603198.SH,迎驾贡酒,14:46:15,酿酒,首板
20260129,603369.SH,今世缘,14:46:56,酿酒,首板
20260129,603589.SH,口子窖,14:47:06,酿酒,首板
20260129,603599.SH,广信股份,13:23:51,化工,首板
20260129,603619.SH,中曼石油,13:03:57,石油石化,4天3板
20260129,603876.SH,鼎胜新材,09:32:58,有色金属,首板
20260129,603916.SH,苏博特,11:03:56,人工智能,3天2板
20260129,603919.SH,金徽酒,13:53:38,酿酒,首板
20260129,603958.SH,哈森股份,09:31:25,消费电子,4天3板
20260129,603980.SH,吉华集团,14:43:40,化工,首板
20260129,605080.SH,浙江自然,10:19:40,体育产业,首板
20260129,605099.SH,共创草坪,10:52:31,体育产业,首板
20260128,000506.SZ,招金黄金,09:44:12,黄金,8天5板
20260128,000573.SZ,粤宏远Ａ,10:19:18,有色金属,首板
20260128,000599.SZ,青岛双星,09:40:03,并购重组,首板
20260128,000603.SZ,盛达资源,14:30:09,黄金,4天3板
20260128,000620.SZ,盈新发展,09:25:59,并购重组,首板
20260128,000630.SZ,铜陵有色,11:11:36,黄金,4天3板
20260128,000711.SZ,ST京蓝,10:21:09,ST板块,3天2板
20260128,000737.SZ,北方铜业,11:24:33,有色金属,首板
20260128,000751.SZ,锌业股份,10:06:39,黄金,4天3板
20260128,000758.SZ,中色股份,10:40:03,有色金属,首板
20260128,000807.SZ,云铝股份,13:00:51,有色金属,首板
20260128,000815.SZ,美利云,09:25:59,算力,3天2板
20260128,000878.SZ,云南铜业,14:31:51,有色金属,首板
20260128,000962.SZ,东方钽业,11:06:15,有色金属,首板
20260128,001270.SZ,*ST铖昌,09:25:59,ST板块,5连板
20260128,001337.SZ,四川黄金,09:48:24,黄金,10天6板
20260128,001360.SZ,南矿集团,11:05:33,黄金,首板
20260128,001376.SZ,百通能源,09:25:59,有色金属,首板
20260128,002080.SZ,中材科技,13:01:12,通信,首板
20260128,002114.SZ,罗平锌电,11:14:39,有色金属,首板
20260128,002119.SZ,康强电子,09:30:42,芯片,2连板
20260128,002155.SZ,湖南黄金,09:25:59,黄金,3连板
20260128,002160.SZ,常铝股份,10:19:15,有色金属,首板
20260128,002169.SZ,智光电气,09:31:30,年报增长,首板
20260128,002207.SZ,准油股份,11:18:39,石油石化,首板
20260128,002237.SZ,恒邦股份,11:26:21,黄金,3天2板
20260128,002342.SZ,巨力索具,14:34:12,商业航天,首板
20260128,002440.SZ,闰土股份,09:32:21,化工,首板
20260128,002455.SZ,百川股份,09:30:27,化工,首板
20260128,002532.SZ,天山铝业,13:52:12,有色金属,首板
20260128,002578.SZ,闽发铝业,10:37:27,有色金属,首板
20260128,002667.SZ,威领股份,13:07:33,有色金属,4天3板
20260128,002716.SZ,湖南白银,13:51:00,黄金,7天4板
20260128,002721.SZ,金一文化,10:16:48,黄金,首板
20260128,002724.SZ,海洋王,10:58:30,年报增长,首板
20260128,002842.SZ,翔鹭钨业,14:53:15,有色金属,3天2板
20260128,002848.SZ,*ST高斯,13:37:39,ST板块,首板
20260128,003042.SZ,中农联合,09:36:36,农业,4连板
20260128,300139.SZ,晓程科技,10:59:12,黄金,3天2板
20260128,300164.SZ,通源石油,11:15:42,石油石化,首板
20260128,300798.SZ,锦鸡股份,10:01:12,化工,首板
20260128,301177.SZ,迪阿股份,14:03:21,黄金,首板
20260128,301500.SZ,飞南资源,11:02:18,黄金,首板
20260128,600170.SH,上海建工,10:44:30,黄金,首板
20260128,600219.SH,南山铝业,13:46:39,有色金属,首板
20260128,600230.SH,沧州大化,10:00:52,化工,首板
20260128,600262.SH,北方股份,14:38:14,基础建设,首板
20260128,600313.SH,农发种业,09:54:12,农业,首板
20260128,600352.SH,浙江龙盛,09:34:37,化工,首板
20260128,600459.SH,贵研铂业,14:04:54,黄金,首板
20260128,600489.SH,中金黄金,13:04:34,黄金,3天2板
20260128,600490.SH,鹏欣资源,13:02:42,黄金,首板
20260128,600531.SH,豫光金铅,10:16:19,黄金,4连板
20260128,600655.SH,豫园股份,09:35:56,黄金,首板
20260128,600740.SH,山西焦化,13:56:30,煤炭,首板
20260128,600759.SH,洲际油气,14:53:22,石油石化,6天4板
20260128,600869.SH,远东股份,13:00:28,算力,首板
20260128,600871.SH,石化油服,10:02:13,石油石化,首板
20260128,600916.SH,中国黄金,09:25:42,黄金,4连板
20260128,600961.SH,株冶集团,14:30:55,黄金,首板
20260128,600987.SH,航民股份,11:11:47,黄金,首板
20260128,600988.SH,赤峰黄金,14:34:11,黄金,首板
20260128,601015.SH,陕西黑猫,13:59:00,煤炭,首板
20260128,601068.SH,中铝国际,13:02:56,有色金属,首板
20260128,601069.SH,西部黄金,09:55:11,黄金,6天3板
20260128,601212.SH,白银有色,10:02:20,黄金,7连板
20260128,601388.SH,怡球资源,09:34:56,年报增长,首板
20260128,601600.SH,中国铝业,10:37:27,有色金属,首板
20260128,601702.SH,华峰铝业,13:01:35,有色金属,4天2板
20260128,601799.SH,星宇股份,14:07:31,机器人概念,首板
20260128,603052.SH,可川科技,09:39:16,芯片,2连板
20260128,603077.SH,和邦生物,10:31:22,黄金,首板
20260128,603132.SH,金徽股份,11:16:11,有色金属,3连板
20260128,603188.SH,亚邦股份,09:35:47,化工,首板
20260128,603256.SH,宏和科技,11:24:30,通信,首板
20260128,603559.SH,ST通脉,14:50:20,ST板块,首板
20260128,603601.SH,再升科技,13:59:11,商业航天,首板
20260128,603619.SH,中曼石油,11:08:42,石油石化,3天2板
20260128,603680.SH,今创集团,13:40:27,商业航天,首板
20260128,603900.SH,莱绅通灵,09:40:36,黄金,首板
20260128,603958.SH,哈森股份,09:38:43,消费电子,3天2板
20260128,603988.SH,中电电机,09:58:17,黄金,首板
20260128,605599.SH,菜百股份,11:21:30,黄金,首板
20260128,688216.SH,气派科技,09:34:06,芯片,首板
20260127,000506.SZ,招金黄金,09:58:54,黄金,7天4板
20260127,000592.SZ,平潭发展,10:08:48,海峡两岸,3天2板
20260127,000659.SZ,珠海中富,14:51:12,包装印刷,首板
20260127,000738.SZ,航发控制,13:18:42,燃气轮机,首板
20260127,001267.SZ,汇绿生态,11:23:30,通信,首板
20260127,001270.SZ,*ST铖昌,11:29:54,ST板块,4连板
20260127,001311.SZ,多利科技,13:12:54,机器人概念,首板
20260127,001337.SZ,四川黄金,14:38:51,黄金,9天5板
20260127,002009.SZ,天奇股份,09:30:57,机器人概念,2连板
20260127,002030.SZ,达安基因,09:30:21,病毒防治,2连板
20260127,002115.SZ,三维通信,09:31:06,商业航天,首板
20260127,002119.SZ,康强电子,10:13:00,芯片,首板
20260127,002150.SZ,正泰电源,13:22:21,光伏,3天2板
20260127,002155.SZ,湖南黄金,09:25:00,黄金,2连板
20260127,002185.SZ,华天科技,13:52:12,芯片,首板
20260127,002218.SZ,拓日新能,09:31:33,光伏,3连板
20260127,002291.SZ,遥望科技,09:25:00,人工智能,首板
20260127,002446.SZ,盛路通信,13:11:03,商业航天,首板
20260127,002524.SZ,光正眼科,10:33:27,人工智能,2连板
20260127,002634.SZ,棒杰股份,09:34:51,光伏,首板
20260127,002689.SZ,ST远智,14:40:51,ST板块,7天4板
20260127,002796.SZ,世嘉科技,10:42:21,通信,首板
20260127,002943.SZ,宇晶股份,13:01:27,光伏,4天3板
20260127,002995.SZ,天地在线,10:00:48,网红经济,7天4板
20260127,003031.SZ,中瓷电子,10:18:36,通信,首板
20260127,003042.SZ,中农联合,09:41:18,农业,3连板
20260127,300344.SZ,*ST立方,13:26:33,ST板块,首板
20260127,300639.SZ,凯普生物,13:08:06,病毒防治,2连板
20260127,300689.SZ,澄天伟业,10:24:21,芯片,首板
20260127,300806.SZ,斯迪克,11:28:03,芯片,首板
20260127,301396.SZ,宏景科技,13:59:09,算力,首板
20260127,600172.SH,黄河旋风,09:40:26,培育钻石,首板
20260127,600391.SH,航发科技,13:16:08,燃气轮机,首板
20260127,600475.SH,华光环能,13:42:36,光伏,首板
20260127,600531.SH,豫光金铅,09:36:44,黄金,3连板
20260127,600602.SH,云赛智联,13:58:49,人工智能,首板
20260127,600608.SH,*ST沪科,14:21:02,ST板块,首板
20260127,600877.SH,电科芯片,09:33:18,商业航天,首板
20260127,600893.SH,航发动力,13:43:12,燃气轮机,首板
20260127,600916.SH,中国黄金,09:40:07,黄金,3连板
20260127,601212.SH,白银有色,10:44:14,黄金,6连板
20260127,603021.SH,ST华鹏,14:36:51,ST板块,首板
20260127,603052.SH,可川科技,10:30:04,芯片,首板
20260127,603061.SH,金海通,10:43:24,芯片,首板
20260127,603120.SH,肯特催化,11:12:22,芯片,首板
20260127,603121.SH,华培动力,09:37:30,机器人概念,首板
20260127,603132.SH,金徽股份,09:33:56,有色金属,2连板
20260127,603163.SH,圣晖集成,10:43:22,芯片,首板
20260127,603212.SH,赛伍技术,11:22:33,光伏,3天2板
20260127,603381.SH,永臻股份,13:42:49,光伏,首板
20260127,603396.SH,金辰股份,14:01:18,光伏,3天2板
20260127,603488.SH,展鹏科技,13:09:51,军工,首板
20260127,603663.SH,三祥新材,13:46:31,有色金属,首板
20260127,603828.SH,ST柯利达,09:54:01,ST板块,首板
20260127,603916.SH,苏博特,13:17:13,人工智能,首板
20260127,603929.SH,亚翔集成,10:39:28,芯片,首板
20260127,605288.SH,凯迪股份,10:37:28,机器人概念,首板
20260127,688110.SH,东芯股份,10:22:25,芯片,首板
20260127,688702.SH,盛科通信,13:56:47,芯片,首板
20260126,000078.SZ,海王生物,13:07:12,医药,首板
20260126,000426.SZ,兴业银锡,09:33:21,有色金属,首板
20260126,000506.SZ,招金黄金,10:13:39,黄金,6天3板
20260126,000593.SZ,德龙汇能,13:31:18,天然气,2连板
20260126,000603.SZ,盛达资源,09:30:42,黄金,2连板
20260126,000629.SZ,钒钛股份,09:39:30,有色金属,首板
20260126,000630.SZ,铜陵有色,10:19:12,黄金,2连板
20260126,000657.SZ,中钨高新,10:52:27,有色金属,4天2板
20260126,000711.SZ,ST京蓝,13:31:42,ST板块,首板
20260126,000751.SZ,锌业股份,10:04:21,黄金,2连板
20260126,000815.SZ,美利云,14:24:57,算力,首板
20260126,000821.SZ,ST京机,09:25:00,ST板块,2连板
20260126,001270.SZ,*ST铖昌,09:25:00,ST板块,3连板
20260126,001277.SZ,速达股份,10:16:30,算力,首板
20260126,001288.SZ,运机集团,09:37:42,机器人概念,3天2板
20260126,001337.SZ,四川黄金,10:13:48,黄金,8天4板
20260126,002009.SZ,天奇股份,09:25:00,机器人概念,首板
20260126,002022.SZ,科华生物,13:08:15,病毒防治,首板
20260126,002030.SZ,达安基因,09:30:03,病毒防治,首板
20260126,002155.SZ,湖南黄金,09:25:00,黄金,首板
20260126,002165.SZ,红宝丽,10:31:00,化工,5天3板
20260126,002201.SZ,九鼎新材,14:37:24,商业航天,6天4板
20260126,002218.SZ,拓日新能,09:25:00,光伏,2连板
20260126,002237.SZ,恒邦股份,09:34:27,黄金,首板
20260126,002378.SZ,章源钨业,13:29:48,有色金属,首板
20260126,002506.SZ,协鑫集成,09:25:00,光伏,2连板
20260126,002524.SZ,光正眼科,09:43:42,人工智能,首板
20260126,002575.SZ,群兴玩具,14:12:00,算力,首板
20260126,002623.SZ,亚玛顿,10:48:42,光伏,2连板
20260126,002647.SZ,*ST仁东,11:25:48,ST板块,首板
20260126,002667.SZ,威领股份,09:32:57,锂电池,2连板
20260126,002716.SZ,湖南白银,10:19:30,黄金,5天3板
20260126,002728.SZ,特一药业,09:55:24,医药,首板
20260126,002816.SZ,*ST和科,09:32:21,ST板块,2连板
20260126,002842.SZ,翔鹭钨业,10:21:33,有色金属,首板
20260126,002995.SZ,天地在线,09:30:00,网红经济,6天3板
20260126,003042.SZ,中农联合,09:44:18,农业,2连板
20260126,300017.SZ,网宿科技,14:19:03,算力,首板
20260126,300139.SZ,晓程科技,10:43:03,黄金,首板
20260126,300463.SZ,迈克生物,13:09:36,病毒防治,首板
20260126,300639.SZ,凯普生物,13:00:36,病毒防治,首板
20260126,300871.SZ,回盛生物,10:00:48,医药,首板
20260126,301207.SZ,华兰疫苗,09:57:33,病毒防治,首板
20260126,301548.SZ,崇德科技,09:35:24,燃气轮机,首板
20260126,600078.SH,澄星股份,10:01:57,化工,首板
20260126,600173.SH,卧龙新能,14:52:34,黄金,4天2板
20260126,600489.SH,中金黄金,13:52:47,黄金,首板
20260126,600531.SH,豫光金铅,09:25:45,黄金,2连板
20260126,600589.SH,大位科技,09:30:46,算力,首板
20260126,600735.SH,ST新华锦,13:00:51,ST板块,4连板
20260126,600736.SH,苏州高新,09:33:09,商业航天,首板
20260126,600759.SH,洲际油气,10:49:31,天然气,4天3板
20260126,600789.SH,鲁抗医药,10:00:23,病毒防治,首板
20260126,600791.SH,京能置业,10:04:54,地产链,首板
20260126,600916.SH,中国黄金,09:42:26,黄金,2连板
20260126,600986.SH,浙文互联,09:25:56,人工智能,5天3板
20260126,601069.SH,西部黄金,14:03:18,黄金,4天2板
20260126,601212.SH,白银有色,10:02:58,黄金,5连板
20260126,601226.SH,华电科工,10:11:25,人工智能,首板
20260126,601615.SH,明阳智能,09:25:30,并购重组,3连板
20260126,601869.SH,长飞光纤,09:39:37,通信,首板
20260126,601958.SH,金钼股份,14:00:14,有色金属,首板
20260126,603045.SH,福达合金,09:25:57,年报增长,首板
20260126,603132.SH,金徽股份,09:34:20,有色金属,首板
20260126,603271.SH,永杰新材,09:25:36,并购重组,首板
20260126,603331.SH,百达精工,09:25:34,机器人概念,首板
20260126,603353.SH,和顺石油,10:42:15,石油石化,首板
20260126,603578.SH,三星新材,14:50:25,光伏,首板
20260126,603619.SH,中曼石油,13:52:14,石油石化,首板
20260126,603895.SH,天永智能,09:46:18,机器人概念,首板
20260126,603958.SH,哈森股份,09:53:35,机器人概念,首板
20260126,605056.SH,咸亨国际,14:29:23,机器人概念,首板
20260126,605081.SH,*ST太和,09:58:00,ST板块,4天2板
20260126,688158.SH,优刻得,09:31:59,算力,首板
20260126,688317.SH,之江生物,09:44:15,病毒防治,首板
20260126,688323.SH,瑞华泰,09:40:36,商业航天,2连板
20260126,688670.SH,金迪克,13:57:42,病毒防治,首板
20260123,000004.SZ,*ST国华,13:56:33,ST板块,2连板
20260123,000159.SZ,国际实业,13:07:03,光伏,首板
20260123,000561.SZ,烽火电子,10:48:06,商业航天,首板
20260123,000565.SZ,渝三峡Ａ,10:58:51,化工,首板
20260123,000591.SZ,太阳能,09:42:30,光伏,首板
20260123,000592.SZ,平潭发展,10:30:15,海峡两岸,首板
20260123,000593.SZ,德龙汇能,09:50:21,实控人变更,首板
20260123,000603.SZ,盛达资源,13:19:27,黄金,首板
20260123,000607.SZ,华媒控股,09:47:03,人工智能,首板
20260123,000608.SZ,*ST阳光,11:10:00,ST板块,首板
20260123,000630.SZ,铜陵有色,13:15:18,黄金,首板
20260123,000751.SZ,锌业股份,10:41:21,有色金属,首板
20260123,000820.SZ,*ST节能,09:40:39,ST板块,2连板
20260123,000821.SZ,ST京机,11:15:21,ST板块,首板
20260123,000990.SZ,诚志股份,14:04:27,化工,首板
20260123,001203.SZ,大中矿业,14:09:21,锂电池,3天2板
20260123,001223.SZ,欧克科技,13:07:45,锂电池,首板
20260123,001270.SZ,*ST铖昌,09:31:48,ST板块,2连板
20260123,001316.SZ,润贝航科,10:24:57,大飞机,2连板
20260123,001400.SZ,江顺科技,13:02:09,商业航天,首板
20260123,002005.SZ,ST德豪,13:38:24,ST板块,首板
20260123,002058.SZ,*ST威尔,13:00:24,ST板块,首板
20260123,002088.SZ,鲁阳节能,10:30:00,新材料概念,首板
20260123,002112.SZ,三变科技,10:05:18,智能电网,首板
20260123,002149.SZ,西部材料,10:13:48,商业航天,2连板
20260123,002150.SZ,正泰电源,09:55:30,光伏,首板
20260123,002202.SZ,金风科技,10:40:18,商业航天,首板
20260123,002218.SZ,拓日新能,09:31:24,光伏,首板
20260123,002323.SZ,雅博股份,13:05:27,光伏,首板
20260123,002339.SZ,积成电子,10:02:33,智能电网,首板
20260123,002342.SZ,巨力索具,09:30:36,商业航天,3连板
20260123,002405.SZ,四维图新,13:41:57,无人驾驶,首板
20260123,002471.SZ,中超控股,09:25:00,商业航天,2连板
20260123,002492.SZ,恒基达鑫,09:48:30,化工,首板
20260123,002506.SZ,协鑫集成,09:31:57,光伏,首板
20260123,002569.SZ,*ST步森,09:32:09,ST板块,2连板
20260123,002592.SZ,ST八菱,10:14:42,ST板块,5天4板
20260123,002623.SZ,亚玛顿,11:19:00,光伏,首板
20260123,002636.SZ,金安国纪,09:32:42,年报增长,7天4板
20260123,002658.SZ,雪迪龙,09:56:18,商业航天,首板
20260123,002667.SZ,威领股份,14:36:30,锂电池,首板
20260123,002679.SZ,福建金森,13:27:54,海峡两岸,首板
20260123,002721.SZ,金一文化,09:59:39,黄金,首板
20260123,002780.SZ,三夫户外,14:54:42,服装家纺,首板
20260123,002792.SZ,通宇通讯,10:43:06,商业航天,首板
20260123,002810.SZ,山东赫达,13:05:03,化工,4天2板
20260123,002816.SZ,*ST和科,09:35:06,ST板块,首板
20260123,002865.SZ,钧达股份,09:30:12,光伏,2连板
20260123,002931.SZ,锋龙股份,09:25:00,机器人概念,18连板
20260123,002943.SZ,宇晶股份,09:25:00,光伏,2连板
20260123,002993.SZ,奥海科技,13:55:54,电源,首板
20260123,003004.SZ,*ST声迅,10:06:57,ST板块,首板
20260123,003038.SZ,鑫铂股份,13:01:00,光伏,首板
20260123,003041.SZ,真爱美家,11:08:24,实控人变更,首板
20260123,003042.SZ,中农联合,10:55:48,农业,首板
20260123,300051.SZ,琏升科技,14:45:15,光伏,首板
20260123,300102.SZ,乾照光电,13:16:15,光伏,首板
20260123,300118.SZ,东方日升,09:38:30,光伏,首板
20260123,300345.SZ,华民股份,10:13:51,光伏,首板
20260123,300385.SZ,雪浪环境,10:48:27,环保,首板
20260123,300391.SZ,*ST长药,09:30:12,ST板块,4连板
20260123,300436.SZ,广生堂,10:12:21,医药,首板
20260123,300724.SZ,捷佳伟创,11:11:42,光伏,首板
20260123,300751.SZ,迈为股份,09:35:18,光伏,首板
20260123,300780.SZ,德恩精工,09:31:54,商业航天,首板
20260123,300861.SZ,美畅股份,13:21:12,光伏,首板
20260123,300986.SZ,志特新材,09:36:27,人工智能,首板
20260123,301149.SZ,隆华新材,10:21:48,服装家纺,首板
20260123,301232.SZ,飞沃科技,10:03:54,商业航天,首板
20260123,600076.SH,康欣新材,09:50:06,并购重组,首板
20260123,600118.SH,中国卫星,13:17:03,商业航天,首板
20260123,600228.SH,*ST返利,11:13:47,ST板块,2连板
20260123,600293.SH,三峡新材,09:35:44,光伏,首板
20260123,600307.SH,酒钢宏兴,13:51:55,钢铁,首板
20260123,600340.SH,华夏幸福,09:34:36,地产链,首板
20260123,600481.SH,双良节能,09:30:00,光伏,首板
20260123,600498.SH,烽火通信,10:18:49,商业航天,首板
20260123,600525.SH,ST长园,11:01:41,ST板块,2连板
20260123,600531.SH,豫光金铅,09:52:25,黄金,首板
20260123,600537.SH,亿晶光电,09:39:03,光伏,首板
20260123,600552.SH,凯盛科技,10:10:38,光伏,首板
20260123,600586.SH,金晶科技,10:20:49,光伏,首板
20260123,600732.SH,爱旭股份,09:49:10,光伏,首板
20260123,600735.SH,ST新华锦,09:25:49,ST板块,3连板
20260123,600774.SH,汉商集团,09:40:50,生育概念,5天3板
20260123,600879.SH,航天电子,10:56:58,商业航天,首板
20260123,600916.SH,中国黄金,09:51:23,黄金,首板
20260123,600959.SH,江苏有线,13:02:55,人工智能,首板
20260123,600986.SH,浙文互联,09:48:19,人工智能,4天2板
20260123,601012.SH,隆基绿能,13:00:38,光伏,首板
20260123,601118.SH,海南橡胶,09:34:35,海南,首板
20260123,601212.SH,白银有色,09:34:31,黄金,4连板
20260123,601615.SH,明阳智能,09:25:49,并购重组,2连板
20260123,601702.SH,华峰铝业,14:42:31,有色金属,首板
20260123,603051.SH,鹿山新材,10:24:39,光伏,首板
20260123,603078.SH,江化微,09:25:43,实控人变更,5连板
20260123,603095.SH,越剑智能,09:31:10,新型工业化,2连板
20260123,603130.SH,云中马,14:05:17,服装家纺,首板
20260123,603138.SH,海量数据,14:41:04,人工智能,首板
20260123,603200.SH,上海洗霸,13:06:07,锂电池,首板
20260123,603212.SH,赛伍技术,09:35:00,光伏,首板
20260123,603261.SH,*ST立航,14:39:58,ST板块,3连板
20260123,603396.SH,金辰股份,09:32:48,光伏,首板
20260123,603612.SH,索通发展,14:01:55,锂电池,首板
20260123,603773.SH,沃格光电,13:02:18,光伏,3天2板
20260123,603806.SH,福斯特,09:50:16,光伏,首板
20260123,603843.SH,*ST正平,09:25:52,ST板块,2连板
20260123,603878.SH,武进不锈,13:51:40,钢铁,首板
20260123,603920.SH,世运电路,13:01:32,商业航天,首板
20260123,603939.SH,益丰药房,09:31:00,医药,首板
20260123,605016.SH,百龙创园,13:01:09,年报增长,首板
20260123,605598.SH,上海港湾,09:42:12,光伏,首板
20260123,688002.SH,睿创微纳,10:02:24,商业航天,首板
20260123,688223.SH,晶科能源,13:01:32,光伏,首板
20260123,688270.SH,臻镭科技,11:20:03,商业航天,首板
20260123,688323.SH,瑞华泰,10:09:45,商业航天,首板
20260123,688516.SH,奥特维,09:49:19,光伏,首板
20260123,688556.SH,高测股份,13:54:14,光伏,首板
20260123,688726.SH,拉普拉斯,09:40:45,光伏,首板
20260122,000004.SZ,*ST国华,10:37:18,ST板块,首板
20260122,000036.SZ,华联控股,09:31:15,锂电池,2连板
20260122,000407.SZ,胜利股份,10:02:21,天然气,首板
20260122,000670.SZ,盈方微,09:25:00,并购重组,3连板
20260122,000793.SZ,ST华闻,14:23:12,ST板块,首板
20260122,000820.SZ,*ST节能,13:16:30,ST板块,首板
20260122,000839.SZ,国安股份,09:51:57,人工智能,首板
20260122,000880.SZ,潍柴重机,09:25:00,发电机,2连板
20260122,000927.SZ,中国铁物,09:52:48,基础建设,首板
20260122,000968.SZ,蓝焰控股,09:32:57,天然气,首板
20260122,001202.SZ,炬申股份,09:38:36,物流,2连板
20260122,001270.SZ,*ST铖昌,14:51:03,ST板块,首板
20260122,001288.SZ,运机集团,10:33:42,机器人概念,首板
20260122,001316.SZ,润贝航科,09:52:30,大飞机,首板
20260122,001373.SZ,翔腾新材,11:22:57,面板,首板
20260122,001379.SZ,腾达科技,09:55:15,核电,首板
20260122,001389.SZ,广合科技,13:35:24,通信,2连板
20260122,002141.SZ,贤丰控股,09:38:57,通信,首板
20260122,002149.SZ,西部材料,09:48:42,核电,首板
20260122,002183.SZ,怡亚通,09:32:00,芯片,首板
20260122,002201.SZ,九鼎新材,09:34:00,商业航天,4天3板
20260122,002266.SZ,浙富控股,13:39:09,核电,首板
20260122,002279.SZ,久其软件,13:37:09,年报增长,2连板
20260122,002283.SZ,天润工业,09:31:21,人工智能,首板
20260122,002297.SZ,博云新材,10:36:30,商业航天,首板
20260122,002306.SZ,*ST云网,09:30:57,ST板块,首板
20260122,002342.SZ,巨力索具,09:31:06,商业航天,2连板
20260122,002420.SZ,毅昌科技,09:33:30,年报增长,首板
20260122,002471.SZ,中超控股,09:25:00,商业航天,首板
20260122,002485.SZ,ST雪发,10:56:48,ST板块,首板
20260122,002519.SZ,银河电子,10:24:42,商业航天,首板
20260122,002565.SZ,顺灏股份,14:37:18,商业航天,首板
20260122,002569.SZ,*ST步森,10:58:06,ST板块,首板
20260122,002592.SZ,ST八菱,09:39:42,ST板块,4天3板
20260122,002629.SZ,仁智股份,14:19:51,天然气,首板
20260122,002636.SZ,金安国纪,09:25:00,年报增长,6天3板
20260122,002639.SZ,雪人集团,13:04:18,核电,首板
20260122,002689.SZ,ST远智,10:09:45,ST板块,4天3板
20260122,002716.SZ,湖南白银,14:55:06,黄金,3天2板
20260122,002815.SZ,崇达技术,13:17:57,通信,首板
20260122,002865.SZ,钧达股份,10:12:21,光伏,首板
20260122,002898.SZ,*ST赛隆,14:38:09,ST板块,首板
20260122,002931.SZ,锋龙股份,09:25:00,机器人概念,17连板
20260122,002938.SZ,鹏鼎控股,13:21:06,通信,首板
20260122,002943.SZ,宇晶股份,10:27:30,芯片,首板
20260122,002969.SZ,嘉美包装,09:39:27,实控人变更,4天3板
20260122,002985.SZ,北摩高科,13:00:45,商业航天,4天2板
20260122,300344.SZ,*ST立方,09:32:42,ST板块,3连板
20260122,300391.SZ,*ST长药,09:30:18,ST板块,3连板
20260122,300454.SZ,深信服,13:47:57,算力,首板
20260122,300592.SZ,华凯易佰,10:21:33,人工智能,首板
20260122,300737.SZ,科顺股份,14:04:45,基础建设,首板
20260122,300775.SZ,三角防务,09:45:18,商业航天,首板
20260122,300828.SZ,锐新科技,13:03:36,机器人概念,首板
20260122,301286.SZ,侨源股份,14:08:18,芯片,首板
20260122,600058.SH,五矿发展,09:43:38,并购重组,首板
20260122,600192.SH,长城电工,09:34:35,商业航天,首板
20260122,600228.SH,*ST返利,09:40:43,ST板块,首板
20260122,600330.SH,天通股份,09:40:46,商业航天,首板
20260122,600391.SH,航发科技,10:20:52,燃气轮机,4天3板
20260122,600403.SH,大有能源,10:53:28,并购重组,3天2板
20260122,600477.SH,杭萧钢构,10:36:16,商业航天,首板
20260122,600525.SH,ST长园,13:51:58,ST板块,首板
20260122,600696.SH,*ST岩石,09:48:38,ST板块,首板
20260122,600735.SH,ST新华锦,09:25:46,ST板块,2连板
20260122,600759.SH,洲际油气,09:34:46,天然气,2连板
20260122,600770.SH,综艺股份,09:30:44,芯片,2连板
20260122,600868.SH,梅雁吉祥,09:32:26,有色金属,2连板
20260122,601106.SH,中国一重,09:50:14,核电,首板
20260122,601212.SH,白银有色,13:00:29,黄金,3连板
20260122,601608.SH,中信重工,09:36:02,商业航天,首板
20260122,601992.SH,金隅集团,13:58:06,商业航天,首板
20260122,603040.SH,新坐标,13:06:46,机器人概念,2连板
20260122,603078.SH,江化微,09:25:44,实控人变更,4连板
20260122,603095.SH,越剑智能,11:28:16,专用设备,首板
20260122,603220.SH,中贝通信,13:51:08,商业航天,首板
20260122,603256.SH,宏和科技,13:27:10,通信,2连板
20260122,603261.SH,*ST立航,14:30:52,ST板块,2连板
20260122,603305.SH,旭升集团,13:34:52,机器人概念,首板
20260122,603559.SH,ST通脉,09:56:12,ST板块,首板
20260122,603601.SH,再升科技,13:34:17,商业航天,首板
20260122,603608.SH,天创时尚,09:54:30,实控人变更,2连板
20260122,603665.SH,康隆达,10:52:42,化工,首板
20260122,603778.SH,国晟科技,13:32:11,光伏,首板
20260122,603843.SH,*ST正平,10:08:04,ST板块,首板
20260122,605118.SH,力鼎光电,09:57:46,端侧AI,首板
20260122,605277.SH,新亚电子,09:47:26,机器人概念,首板
20260122,605488.SH,福莱新材,09:46:20,机器人概念,4天2板
20260122,688195.SH,腾景科技,14:37:35,通信,首板
20260122,688316.SH,青云科技,14:27:46,算力,首板
20260122,688699.SH,明微电子,13:03:36,芯片,首板
20260121,000036.SZ,华联控股,09:47:24,锂电池,首板
20260121,000045.SZ,深纺织Ａ,09:48:03,面板,首板
20260121,000048.SZ,京基智农,09:31:51,机器人概念,2连板
20260121,000066.SZ,中国长城,09:33:15,芯片,首板
20260121,000506.SZ,招金黄金,11:03:27,黄金,3天2板
20260121,000510.SZ,新金路,13:24:54,有色金属,首板
20260121,000657.SZ,中钨高新,11:01:36,有色金属,首板
20260121,000670.SZ,盈方微,09:25:00,并购重组,2连板
20260121,000688.SZ,国城矿业,10:30:33,锂电池,首板
20260121,000700.SZ,模塑科技,11:06:27,机器人概念,首板
20260121,000880.SZ,潍柴重机,09:25:00,发电机,首板
20260121,001202.SZ,炬申股份,09:45:33,物流,首板
20260121,001203.SZ,大中矿业,09:55:45,锂电池,首板
20260121,001337.SZ,四川黄金,13:00:12,黄金,5天3板
20260121,001360.SZ,南矿集团,09:42:12,黄金,首板
20260121,001389.SZ,广合科技,09:54:18,通信,首板
20260121,002077.SZ,大港股份,09:46:51,芯片,首板
20260121,002156.SZ,通富微电,10:07:06,芯片,4天2板
20260121,002165.SZ,红宝丽,09:25:00,化工,2连板
20260121,002185.SZ,华天科技,11:07:21,芯片,首板
20260121,002196.SZ,方正电机,09:44:57,机器人概念,4天2板
20260121,002240.SZ,盛新锂能,09:53:30,锂电池,首板
20260121,002279.SZ,久其软件,09:25:00,年报增长,首板
20260121,002290.SZ,禾盛新材,10:38:21,芯片,首板
20260121,002342.SZ,巨力索具,13:10:06,商业航天,首板
20260121,002397.SZ,梦洁股份,13:02:51,服装家纺,首板
20260121,002431.SZ,棕榈股份,13:17:54,实控人变更,首板
20260121,002437.SZ,誉衡药业,09:31:45,年报增长,首板
20260121,002440.SZ,闰土股份,13:23:39,化工,首板
20260121,002554.SZ,惠博普,11:13:45,实控人变更,首板
20260121,002614.SZ,奥佳华,13:41:12,机器人概念,首板
20260121,002662.SZ,峰璟股份,10:01:27,锂电池,首板
20260121,002782.SZ,可立克,10:05:06,智能电网,首板
20260121,002799.SZ,环球印务,10:03:06,字节概念,首板
20260121,002808.SZ,*ST恒久,09:36:09,ST板块,3天2板
20260121,002809.SZ,红墙股份,09:30:12,化工,2连板
20260121,002838.SZ,道恩股份,13:35:18,机器人概念,首板
20260121,002851.SZ,麦格米特,10:51:54,电源,首板
20260121,002876.SZ,三利谱,09:30:00,面板,首板
20260121,002890.SZ,弘宇股份,13:15:51,农机,首板
20260121,002913.SZ,奥士康,09:57:36,通信,首板
20260121,002931.SZ,锋龙股份,09:25:00,机器人概念,16连板
20260121,002995.SZ,天地在线,09:33:12,人工智能,3天2板
20260121,300344.SZ,*ST立方,09:35:15,ST板块,2连板
20260121,300391.SZ,*ST长药,09:33:21,ST板块,2连板
20260121,300837.SZ,浙矿股份,13:17:39,有色金属,首板
20260121,301023.SZ,奕帆传动,09:25:00,并购重组,首板
20260121,301031.SZ,中熔电气,09:30:00,年报增长,首板
20260121,301200.SZ,大族数控,14:35:36,通信,首板
20260121,301486.SZ,致尚科技,13:44:45,通信,首板
20260121,600173.SH,卧龙新能,09:39:49,黄金,首板
20260121,600193.SH,*ST创兴,10:30:08,ST板块,首板
20260121,600246.SH,万通发展,13:33:37,芯片,首板
20260121,600568.SH,ST中珠,13:00:10,ST板块,首板
20260121,600676.SH,交运股份,10:25:21,并购重组,首板
20260121,600714.SH,金瑞矿业,11:01:09,化工,首板
20260121,600735.SH,ST新华锦,09:25:46,ST板块,首板
20260121,600759.SH,洲际油气,10:05:14,石油石化,首板
20260121,600770.SH,综艺股份,10:56:03,芯片,首板
20260121,600841.SH,动力新科,09:35:51,年报增长,4天2板
20260121,600868.SH,梅雁吉祥,13:03:20,有色金属,首板
20260121,601069.SH,西部黄金,13:45:22,黄金,首板
20260121,601212.SH,白银有色,10:15:18,黄金,2连板
20260121,601616.SH,广电电气,09:32:17,智能电网,4连板
20260121,603021.SH,ST华鹏,09:42:25,ST板块,首板
20260121,603023.SH,威帝股份,09:33:07,智能驾驶,首板
20260121,603040.SH,新坐标,14:03:25,机器人概念,首板
20260121,603052.SH,可川科技,10:55:29,通信,首板
20260121,603058.SH,永吉股份,11:16:43,芯片,4天2板
20260121,603078.SH,江化微,09:25:33,实控人变更,3连板
20260121,603090.SH,宏盛股份,10:19:25,算力,首板
20260121,603203.SH,快克智能,13:47:14,芯片,首板
20260121,603256.SH,宏和科技,14:39:34,通信,首板
20260121,603257.SH,中国瑞林,11:11:48,黄金,首板
20260121,603261.SH,*ST立航,13:13:43,ST板块,首板
20260121,603311.SH,金海高科,10:31:28,股权转让,首板
20260121,603313.SH,梦百合,10:00:18,服装家纺,首板
20260121,603360.SH,百傲化学,14:16:54,芯片,首板
20260121,603370.SH,华新精科,13:58:17,机器人概念,首板
20260121,603608.SH,天创时尚,09:31:00,实控人变更,首板
20260121,603655.SH,朗博科技,14:45:32,汽车零部件,首板
20260121,603773.SH,沃格光电,11:13:05,芯片,首板
20260121,603991.SH,至正股份,09:39:47,芯片,首板
20260121,605081.SH,*ST太和,10:32:42,ST板块,首板
20260121,605287.SH,德才股份,09:45:23,新型城镇化,首板
20260121,605299.SH,舒华体育,13:35:29,足球概念,首板
20260121,688047.SH,龙芯中科,09:36:18,芯片,首板
20260120,000031.SZ,大悦城,10:58:39,地产链,首板
20260120,000048.SZ,京基智农,09:56:06,机器人概念,首板
20260120,000417.SZ,合百集团,13:03:03,零售,首板
20260120,000523.SZ,红棉股份,11:04:27,食品饮料,首板
20260120,000669.SZ,ST金鸿,09:49:51,ST板块,首板
20260120,000670.SZ,盈方微,09:25:00,并购重组,首板
20260120,000949.SZ,新乡化纤,13:49:36,化工,2连板
20260120,002165.SZ,红宝丽,10:08:33,化工,首板
20260120,002181.SZ,粤传媒,10:33:39,人工智能,首板
20260120,002201.SZ,九鼎新材,09:31:15,商业航天,2连板
20260120,002208.SZ,合肥城建,09:41:15,芯片,3天2板
20260120,002289.SZ,*ST宇顺,09:49:36,ST板块,首板
20260120,002291.SZ,遥望科技,09:49:06,人工智能,首板
20260120,002305.SZ,*ST南置,09:42:21,ST板块,首板
20260120,002358.SZ,森源电气,09:25:00,智能电网,3连板
20260120,002498.SZ,汉缆股份,09:25:00,智能电网,3连板
20260120,002546.SZ,新联电子,09:35:27,智能电网,4天3板
20260120,002584.SZ,西陇科学,13:46:30,化工,首板
20260120,002592.SZ,ST八菱,09:37:48,ST板块,2连板
20260120,002637.SZ,赞宇科技,13:22:48,化工,首板
20260120,002689.SZ,ST远智,09:25:00,ST板块,2连板
20260120,002716.SZ,湖南白银,13:18:42,黄金,首板
20260120,002809.SZ,红墙股份,10:11:57,化工,首板
20260120,002810.SZ,山东赫达,10:05:27,化工,首板
20260120,002931.SZ,锋龙股份,09:25:00,机器人概念,15连板
20260120,002969.SZ,嘉美包装,09:30:48,实控人变更,2连板
20260120,003035.SZ,南网能源,09:37:33,年报增长,首板
20260120,003039.SZ,顺控发展,09:36:51,电力,首板
20260120,300242.SZ,佳云科技,10:35:51,平台经济,首板
20260120,300344.SZ,*ST立方,09:31:03,ST板块,首板
20260120,300391.SZ,*ST长药,09:40:45,ST板块,首板
20260120,300927.SZ,江天化学,10:14:30,化工,首板
20260120,600076.SH,康欣新材,14:46:01,农业,首板
20260120,600187.SH,国中水务,09:34:14,食品饮料,首板
20260120,600230.SH,沧州大化,10:14:18,化工,2连板
20260120,600391.SH,航发科技,09:30:19,燃气轮机,2连板
20260120,600403.SH,大有能源,10:18:59,并购重组,首板
20260120,600539.SH,狮头股份,10:36:41,人工智能,首板
20260120,600610.SH,中毅达,10:13:52,化工,首板
20260120,600649.SH,城投控股,09:42:16,地产链,首板
20260120,600675.SH,中华企业,13:00:11,地产链,首板
20260120,600774.SH,汉商集团,09:57:22,生育概念,2连板
20260120,600838.SH,上海九百,10:48:34,零售,首板
20260120,600955.SH,维远股份,09:41:34,化工,首板
20260120,600986.SH,浙文互联,09:25:54,人工智能,首板
20260120,601117.SH,中国化学,14:43:23,化工,首板
20260120,601212.SH,白银有色,14:04:08,黄金,首板
20260120,601616.SH,广电电气,09:30:40,智能电网,3连板
20260120,601677.SH,明泰铝业,09:33:08,年报增长,首板
20260120,603078.SH,江化微,09:25:44,实控人变更,2连板
20260120,603320.SH,迪贝电气,09:46:28,家电,4天2板
20260120,603421.SH,鼎信通讯,09:36:03,智能电网,首板
20260120,603616.SH,韩建河山,09:52:54,基础建设,首板
20260120,603737.SH,三棵树,14:15:08,化工,首板
20260120,603822.SH,ST嘉澳,09:25:48,ST板块,2连板
20260120,603916.SH,苏博特,09:52:10,人工智能,首板
20260120,603926.SH,铁流股份,09:34:26,机器人概念,2连板
20260120,605089.SH,味知香,09:53:53,食品饮料,首板
20260120,605366.SH,宏柏新材,10:09:05,化工,首板
20260120,605580.SH,恒盛能源,14:35:49,培育钻石,首板
20260120,688380.SH,中微半导,09:34:51,芯片,首板
20260119,000400.SZ,许继电气,09:54:36,智能电网,首板
20260119,000504.SZ,*ST生物,13:35:24,ST板块,首板
20260119,000506.SZ,招金黄金,13:30:18,黄金,首板
20260119,000534.SZ,万泽股份,13:20:21,燃气轮机,首板
20260119,000668.SZ,*ST荣控,11:29:33,ST板块,2连板
20260119,000720.SZ,新能泰山,14:40:48,智能电网,2连板
20260119,000738.SZ,航发控制,13:07:42,燃气轮机,首板
20260119,000803.SZ,山高环能,10:38:21,生物质能,首板
20260119,000909.SZ,ST数源,11:10:03,ST板块,首板
20260119,000949.SZ,新乡化纤,13:00:27,化工,首板
20260119,000987.SZ,越秀资本,09:30:51,商业航天,首板
20260119,001278.SZ,一彬科技,11:29:45,机器人概念,首板
20260119,001331.SZ,胜通能源,14:11:09,机器人概念,首板
20260119,001337.SZ,四川黄金,10:19:51,黄金,3天2板
20260119,001376.SZ,百通能源,10:46:57,电力,3天2板
20260119,002005.SZ,ST德豪,13:28:33,ST板块,首板
20260119,002021.SZ,中捷资源,11:17:06,机器人概念,首板
20260119,002028.SZ,思源电气,15:00:00,智能电网,2连板
20260119,002047.SZ,*ST宝鹰,09:43:27,ST板块,2连板
20260119,002076.SZ,*ST星光,10:05:09,ST板块,首板
20260119,002112.SZ,三变科技,14:56:15,智能电网,5天4板
20260119,002163.SZ,海南发展,11:25:45,免税,首板
20260119,002168.SZ,*ST惠程,13:00:33,ST板块,首板
20260119,002187.SZ,广百股份,10:19:03,零售,首板
20260119,002201.SZ,九鼎新材,09:36:51,商业航天,首板
20260119,002214.SZ,*ST大立,13:44:39,ST板块,首板
20260119,002219.SZ,新里程,10:06:30,人工智能,首板
20260119,002258.SZ,利尔化学,10:36:30,年报增长,首板
20260119,002270.SZ,华明装备,09:35:54,智能电网,首板
20260119,002319.SZ,乐通股份,13:03:18,光伏,首板
20260119,002339.SZ,积成电子,09:34:42,智能电网,2连板
20260119,002358.SZ,森源电气,09:25:59,智能电网,2连板
20260119,002426.SZ,胜利精密,10:40:57,锂电池,首板
20260119,002498.SZ,汉缆股份,09:25:59,智能电网,2连板
20260119,002539.SZ,云图控股,14:26:09,化工,首板
20260119,002546.SZ,新联电子,14:09:57,智能电网,3天2板
20260119,002558.SZ,巨人网络,09:33:24,人工智能,首板
20260119,002585.SZ,双星新材,10:55:24,化工,首板
20260119,002586.SZ,ST围海,14:34:54,ST板块,首板
20260119,002591.SZ,恒大高新,09:57:09,锂电池,首板
20260119,002592.SZ,ST八菱,14:05:57,ST板块,首板
20260119,002606.SZ,大连电瓷,09:38:24,智能电网,首板
20260119,002628.SZ,成都路桥,14:24:51,机器人概念,首板
20260119,002636.SZ,金安国纪,09:31:42,通信,3天2板
20260119,002638.SZ,勤上股份,13:15:18,智能交通,首板
20260119,002689.SZ,ST远智,14:14:57,ST板块,首板
20260119,002718.SZ,友邦吊顶,09:38:54,实控人变更,首板
20260119,002762.SZ,*ST金比,13:22:00,ST板块,首板
20260119,002808.SZ,*ST恒久,09:59:03,ST板块,首板
20260119,002848.SZ,*ST高斯,10:29:00,ST板块,7天5板
20260119,002931.SZ,锋龙股份,09:25:59,机器人概念,14连板
20260119,002969.SZ,嘉美包装,09:31:45,实控人变更,首板
20260119,002985.SZ,北摩高科,10:52:33,商业航天,首板
20260119,002995.SZ,天地在线,09:41:54,人工智能,首板
20260119,300111.SZ,向日葵,13:43:39,医药,首板
20260119,300279.SZ,和晶科技,11:26:36,机器人概念,首板
20260119,300444.SZ,双杰电气,09:55:36,智能电网,首板
20260119,300658.SZ,延江股份,13:02:03,并购重组,首板
20260119,600089.SH,特变电工,14:52:32,智能电网,首板
20260119,600114.SH,东睦股份,13:14:55,机器人概念,首板
20260119,600163.SH,中闽能源,10:03:12,风电,首板
20260119,600189.SH,泉阳泉,09:34:53,股权转让,首板
20260119,600230.SH,沧州大化,13:03:00,化工,首板
20260119,600268.SH,国电南自,10:08:59,智能电网,首板
20260119,600302.SH,标准股份,13:49:43,实控人变更,3天2板
20260119,600312.SH,平高电气,09:36:15,智能电网,首板
20260119,600337.SH,美克家居,13:55:24,并购重组,首板
20260119,600372.SH,中航机载,13:12:27,商业航天,首板
20260119,600378.SH,昊华科技,13:41:55,算力,首板
20260119,600382.SH,广东明珠,10:18:42,钢铁,首板
20260119,600391.SH,航发科技,11:05:56,燃气轮机,首板
20260119,600537.SH,亿晶光电,10:15:04,光伏,首板
20260119,600550.SH,保变电气,09:53:00,智能电网,3天2板
20260119,600593.SH,大连圣亚,10:58:03,旅游,3天2板
20260119,600671.SH,天目药业,09:36:09,医药,首板
20260119,600774.SH,汉商集团,14:52:03,生育概念,首板
20260119,600785.SH,新华百货,09:31:07,股权转让,4连板
20260119,600800.SH,渤海化学,11:00:49,化工,首板
20260119,600893.SH,航发动力,13:18:19,燃气轮机,首板
20260119,601096.SH,宏盛华源,09:36:27,智能电网,2连板
20260119,601126.SH,四方股份,14:54:15,智能电网,首板
20260119,601179.SH,中国西电,09:40:09,智能电网,首板
20260119,601616.SH,广电电气,09:31:21,智能电网,2连板
20260119,601700.SH,风范股份,09:37:09,智能电网,首板
20260119,601965.SH,中国汽研,09:32:14,年报增长,首板
20260119,601968.SH,宝钢包装,13:04:17,包装印刷,首板
20260119,603001.SH,奥康国际,14:25:49,服装家纺,首板
20260119,603061.SH,金海通,13:28:40,芯片,2连板
20260119,603097.SH,江苏华辰,13:57:24,智能电网,首板
20260119,603115.SH,海星股份,13:25:03,算力,首板
20260119,603186.SH,华正新材,10:21:02,年报增长,首板
20260119,603199.SH,九华旅游,10:05:01,旅游,首板
20260119,603239.SH,浙江仙通,09:49:16,机器人概念,首板
20260119,603286.SH,日盈电子,09:30:26,机器人概念,首板
20260119,603667.SH,五洲新春,10:58:47,机器人概念,2连板
20260119,603822.SH,ST嘉澳,09:36:09,ST板块,首板
20260119,603861.SH,白云电器,10:23:23,智能电网,首板
20260119,603926.SH,铁流股份,09:32:57,机器人概念,首板
20260119,605318.SH,法狮龙,09:36:40,地产链,首板
20260119,605376.SH,博迁新材,09:33:21,有色金属,首板
20260119,605488.SH,福莱新材,13:16:45,机器人概念,首板
20260119,688308.SH,欧科亿,09:39:11,年报增长,首板
20260116,000608.SZ,*ST阳光,09:25:00,ST板块,5连板
20260116,000620.SZ,盈新发展,13:25:45,芯片,首板
20260116,000668.SZ,*ST荣控,13:18:00,ST板块,首板
20260116,000720.SZ,新能泰山,09:49:54,智能电网,首板
20260116,000929.SZ,*ST兰黄,10:03:48,ST板块,首板
20260116,001207.SZ,联科科技,09:35:06,智能电网,首板
20260116,001233.SZ,海安集团,11:01:06,汽车零部件,首板
20260116,001255.SZ,博菲电气,09:30:21,智能电网,5连板
20260116,001270.SZ,*ST铖昌,09:30:45,ST板块,12天11板
20260116,002028.SZ,思源电气,09:30:00,年报增长,首板
20260116,002047.SZ,*ST宝鹰,11:07:09,ST板块,首板
20260116,002048.SZ,宁波华翔,10:31:48,机器人概念,首板
20260116,002119.SZ,康强电子,09:30:48,芯片,2连板
20260116,002156.SZ,通富微电,13:27:24,芯片,首板
20260116,002196.SZ,方正电机,10:38:09,机器人概念,首板
20260116,002208.SZ,合肥城建,13:54:24,芯片,首板
20260116,002331.SZ,皖通科技,11:26:09,人工智能,首板
20260116,002339.SZ,积成电子,10:24:18,智能电网,首板
20260116,002358.SZ,森源电气,09:30:45,智能电网,首板
20260116,002498.SZ,汉缆股份,09:36:51,智能电网,首板
20260116,002647.SZ,*ST仁东,14:00:12,ST板块,7天4板
20260116,002664.SZ,信质集团,14:01:42,机器人概念,首板
20260116,002796.SZ,世嘉科技,10:19:57,光模块,2连板
20260116,002816.SZ,*ST和科,09:25:00,ST板块,4连板
20260116,002830.SZ,名雕股份,09:57:18,地产链,首板
20260116,002943.SZ,宇晶股份,13:55:30,芯片,首板
20260116,002953.SZ,日丰股份,09:55:42,智能电网,首板
20260116,300215.SZ,电科院,09:55:54,智能电网,首板
20260116,300606.SZ,金太阳,10:41:00,芯片,首板
20260116,300780.SZ,德恩精工,11:20:18,机器人概念,首板
20260116,300952.SZ,恒辉安防,09:32:48,机器人概念,首板
20260116,301235.SZ,华康洁净,13:14:42,芯片,首板
20260116,301529.SZ,福赛科技,10:07:27,汽车零部件,首板
20260116,600053.SH,九鼎投资,13:55:34,机器人概念,首板
20260116,600058.SH,五矿发展,09:25:33,并购重组,3连板
20260116,600198.SH,大唐电信,13:13:42,芯片,3天2板
20260116,600234.SH,科新发展,11:02:11,地产链,首板
20260116,600266.SH,城建发展,11:07:56,商业航天,首板
20260116,600584.SH,长电科技,10:33:07,芯片,首板
20260116,600703.SH,三安光电,13:27:12,芯片,首板
20260116,600785.SH,新华百货,09:33:28,股权转让,3连板
20260116,600841.SH,动力新科,09:25:37,年报增长,首板
20260116,601096.SH,宏盛华源,09:39:23,智能电网,首板
20260116,601133.SH,柏诚股份,13:00:51,芯片,首板
20260116,601163.SH,三角轮胎,09:30:01,汽车零部件,首板
20260116,601616.SH,广电电气,09:47:02,智能电网,首板
20260116,603038.SH,华立股份,13:15:08,地产链,首板
20260116,603052.SH,可川科技,10:19:29,光模块,首板
20260116,603056.SH,德邦股份,09:25:42,并购重组,3连板
20260116,603058.SH,永吉股份,10:43:39,芯片,首板
20260116,603061.SH,金海通,13:04:37,芯片,首板
20260116,603163.SH,圣晖集成,09:38:51,芯片,3天2板
20260116,603179.SH,新泉股份,10:03:32,机器人概念,6天3板
20260116,603216.SH,梦天家居,14:44:41,芯片,首板
20260116,603283.SH,赛腾股份,14:03:42,芯片,首板
20260116,603389.SH,*ST亚振,14:44:52,ST板块,首板
20260116,603626.SH,科森科技,09:36:48,机器人概念,首板
20260116,603638.SH,艾迪精密,10:36:12,机器人概念,首板
20260116,603665.SH,康隆达,13:00:30,化工,首板
20260116,603667.SH,五洲新春,11:04:17,机器人概念,首板
20260116,603721.SH,*ST天择,10:22:12,ST板块,首板
20260116,603929.SH,亚翔集成,09:40:11,芯片,3天2板
20260116,603986.SH,兆易创新,13:49:09,芯片,首板
20260116,605167.SH,利柏特,09:35:38,核电,首板
20260116,688234.SH,天岳先进,11:25:10,芯片,首板
20260116,688362.SH,甬矽电子,14:04:32,芯片,首板
20260116,688376.SH,美埃科技,09:57:48,芯片,首板
20260115,000608.SZ,*ST阳光,09:25:00,ST板块,4连板
20260115,000681.SZ,视觉中国,09:42:00,人工智能,4天3板
20260115,001212.SZ,中旗新材,14:05:03,芯片,首板
20260115,001255.SZ,博菲电气,09:32:24,核电,4连板
20260115,001260.SZ,坤泰股份,09:34:33,商业航天,3天2板
20260115,001337.SZ,四川黄金,10:08:42,黄金,首板
20260115,001376.SZ,百通能源,10:46:15,电力,首板
20260115,002049.SZ,紫光国微,09:25:00,并购重组,首板
20260115,002112.SZ,三变科技,09:30:42,智能电网,3连板
20260115,002114.SZ,罗平锌电,10:25:54,有色金属,首板
20260115,002119.SZ,康强电子,13:24:51,芯片,首板
20260115,002130.SZ,沃尔核材,10:18:00,通信,首板
20260115,002153.SZ,石基信息,09:25:00,人工智能,2连板
20260115,002218.SZ,拓日新能,09:30:00,商业航天,2连板
20260115,002264.SZ,新华都,10:19:18,人工智能,2连板
20260115,002424.SZ,ST百灵,09:39:03,ST板块,首板
20260115,002446.SZ,盛路通信,10:31:30,商业航天,4天3板
20260115,002545.SZ,东方铁塔,13:52:03,化工,首板
20260115,002546.SZ,新联电子,09:44:00,智能电网,首板
20260115,002554.SZ,惠博普,09:25:00,实控人变更,2连板
20260115,002636.SZ,金安国纪,14:23:15,通信,首板
20260115,002707.SZ,众信旅游,09:25:00,人工智能,2连板
20260115,002775.SZ,文科股份,10:25:00,光伏,首板
20260115,002787.SZ,华源控股,09:59:00,芯片,首板
20260115,002796.SZ,世嘉科技,13:43:06,通信,首板
20260115,002816.SZ,*ST和科,09:25:00,ST板块,3连板
20260115,002836.SZ,新宏泽,14:01:39,烟草,首板
20260115,002842.SZ,翔鹭钨业,13:09:00,有色金属,首板
20260115,002848.SZ,*ST高斯,09:25:00,ST板块,5天4板
20260115,002868.SZ,*ST绿康,13:00:03,ST板块,首板
20260115,002919.SZ,名臣健康,14:02:45,游戏,首板
20260115,300452.SZ,山河药辅,09:51:18,年报增长,首板
20260115,300758.SZ,七彩化学,09:25:00,人工智能,2连板
20260115,301348.SZ,蓝箭电子,13:52:09,芯片,首板
20260115,301629.SZ,矽电股份,14:27:27,芯片,首板
20260115,600058.SH,五矿发展,09:25:33,并购重组,2连板
20260115,600302.SH,标准股份,13:18:17,实控人变更,首板
20260115,600381.SH,*ST春天,09:43:49,ST板块,2连板
20260115,600389.SH,江山股份,13:37:19,化工,首板
20260115,600410.SH,华胜天成,09:25:30,人工智能,2连板
20260115,600520.SH,三佳科技,09:37:31,芯片,首板
20260115,600550.SH,保变电气,14:29:54,智能电网,首板
20260115,600593.SH,大连圣亚,13:03:16,旅游,首板
20260115,600662.SH,外服控股,09:30:34,人工智能,3连板
20260115,600708.SH,光明地产,09:41:47,地产链,首板
20260115,600725.SH,云维股份,09:39:52,并购重组,首板
20260115,600777.SH,*ST新潮,11:04:00,ST板块,首板
20260115,600785.SH,新华百货,09:25:55,股权转让,2连板
20260115,601208.SH,东材科技,09:34:59,通信,首板
20260115,601231.SH,环旭电子,14:08:27,通信,首板
20260115,601366.SH,利群股份,09:40:50,零售,首板
20260115,603000.SH,人民网,09:31:24,人工智能,4连板
20260115,603023.SH,威帝股份,09:35:07,智能驾驶,首板
20260115,603056.SH,德邦股份,09:25:45,并购重组,2连板
20260115,603161.SH,科华控股,09:38:15,股权转让,首板
20260115,603320.SH,迪贝电气,10:01:32,家电,首板
20260115,603360.SH,百傲化学,13:53:47,芯片,首板
20260115,603398.SH,*ST沐邦,09:42:05,ST板块,首板
20260115,603402.SH,陕西旅游,11:23:05,旅游,首板
20260115,603650.SH,彤程新材,13:07:07,芯片,首板
20260115,603938.SH,三孚股份,13:58:14,芯片,首板
20260115,605287.SH,德才股份,09:31:01,基础建设,2连板
20260115,605580.SH,恒盛能源,13:48:25,培育钻石,首板
20260114,000078.SZ,海王生物,14:46:33,医药,2连板
20260114,000409.SZ,云鼎科技,09:30:15,工业互联网,首板
20260114,000516.SZ,国际医学,09:39:18,人工智能,2连板
20260114,000591.SZ,太阳能,11:28:54,绿色电力,首板
20260114,000593.SZ,德龙汇能,10:16:30,实控人变更,3连板
20260114,000691.SZ,*ST亚太,09:25:00,ST板块,8连板
20260114,000875.SZ,吉电股份,09:35:57,绿色电力,首板
20260114,000981.SZ,山子高科,09:38:33,阿里巴巴概念,3天2板
20260114,001228.SZ,永泰运,09:43:48,物流,首板
20260114,001255.SZ,博菲电气,09:33:54,核电,3连板
20260114,001360.SZ,南矿集团,10:01:03,黄金,首板
20260114,001400.SZ,江顺科技,10:11:03,算力,首板
20260114,002004.SZ,华邦健康,13:03:09,阿里巴巴概念,首板
20260114,002044.SZ,美年健康,09:25:00,人工智能,4连板
20260114,002054.SZ,德美化工,10:14:45,数字经济,首板
20260114,002055.SZ,ST得润,10:18:57,ST板块,首板
20260114,002112.SZ,三变科技,09:25:00,智能电网,2连板
20260114,002115.SZ,三维通信,09:25:00,人工智能,4连板
20260114,002131.SZ,利欧股份,09:30:48,人工智能,4连板
20260114,002153.SZ,石基信息,09:25:00,人工智能,首板
20260114,002181.SZ,粤传媒,10:26:18,人工智能,4天3板
20260114,002194.SZ,武汉凡谷,11:11:09,商业航天,首板
20260114,002201.SZ,九鼎新材,10:12:27,商业航天,首板
20260114,002218.SZ,拓日新能,09:34:39,商业航天,首板
20260114,002219.SZ,新里程,09:25:00,人工智能,2连板
20260114,002235.SZ,安妮股份,09:46:54,实控人变更,首板
20260114,002264.SZ,新华都,09:31:57,人工智能,首板
20260114,002281.SZ,光迅科技,13:29:45,阿里巴巴概念,首板
20260114,002290.SZ,禾盛新材,14:11:00,实控人变更,首板
20260114,002310.SZ,东方新能,10:05:27,绿色电力,首板
20260114,002353.SZ,杰瑞股份,13:27:27,燃气轮机,首板
20260114,002400.SZ,省广集团,09:52:39,人工智能,4连板
20260114,002427.SZ,尤夫股份,09:38:54,化工,首板
20260114,002429.SZ,兆驰股份,09:31:54,光模块,首板
20260114,002446.SZ,盛路通信,09:39:45,商业航天,3天2板
20260114,002465.SZ,海格通信,09:25:00,商业航天,3连板
20260114,002478.SZ,常宝股份,10:48:36,燃气轮机,首板
20260114,002519.SZ,银河电子,10:20:09,商业航天,8天7板
20260114,002574.SZ,明牌珠宝,13:00:15,黄金,3连板
20260114,002609.SZ,捷顺科技,13:00:18,人工智能,首板
20260114,002647.SZ,*ST仁东,09:58:57,ST板块,5天3板
20260114,002707.SZ,众信旅游,09:36:03,人工智能,首板
20260114,002716.SZ,湖南白银,10:11:54,黄金,首板
20260114,002718.SZ,友邦吊顶,09:40:12,实控人变更,10天8板
20260114,002789.SZ,*ST建艺,10:25:18,ST板块,首板
20260114,002816.SZ,*ST和科,09:30:06,ST板块,2连板
20260114,002848.SZ,*ST高斯,09:30:57,ST板块,4天3板
20260114,002879.SZ,长缆科技,09:25:00,年报增长,首板
20260114,002969.SZ,嘉美包装,09:32:30,实控人变更,19天14板
20260114,003007.SZ,直真科技,09:32:33,人工智能,5连板
20260114,300427.SZ,红相股份,10:19:15,商业航天,首板
20260114,300520.SZ,科大国创,10:57:42,人工智能,3天2板
20260114,300758.SZ,七彩化学,10:06:36,人工智能,首板
20260114,300773.SZ,拉卡拉,10:01:24,年报增长,首板
20260114,300785.SZ,值得买,09:43:15,人工智能,3天2板
20260114,300792.SZ,壹网壹创,14:51:24,人工智能,3天2板
20260114,301001.SZ,凯淳股份,09:44:15,人工智能,首板
20260114,301043.SZ,绿岛风,09:38:33,洁净室,首板
20260114,301117.SZ,佳缘科技,10:27:45,商业航天,首板
20260114,301159.SZ,三维天地,10:42:45,人工智能,3天2板
20260114,301275.SZ,汉朔科技,11:11:36,人工智能,首板
20260114,301321.SZ,翰博高新,09:58:42,面板,首板
20260114,301378.SZ,通达海,10:24:33,人工智能,3天2板
20260114,301396.SZ,宏景科技,13:23:54,算力,首板
20260114,301408.SZ,华人健康,13:02:15,阿里巴巴概念,首板
20260114,600076.SH,康欣新材,09:40:53,农业,首板
20260114,600133.SH,东湖高新,13:22:13,人工智能,首板
20260114,600198.SH,大唐电信,09:35:30,商业航天,首板
20260114,600381.SH,*ST春天,09:37:13,ST板块,首板
20260114,600410.SH,华胜天成,13:28:53,人工智能,首板
20260114,600556.SH,天下秀,10:07:40,人工智能,4天3板
20260114,600588.SH,用友网络,10:24:20,人工智能,3天2板
20260114,600589.SH,大位科技,13:18:18,算力,首板
20260114,600662.SH,外服控股,09:38:49,人工智能,2连板
20260114,600724.SH,宁波富达,09:49:31,地产链,首板
20260114,600734.SH,实达集团,13:01:45,人工智能,首板
20260114,600785.SH,新华百货,09:33:07,股权转让,首板
20260114,600986.SH,浙文互联,09:30:44,人工智能,4天3板
20260114,601106.SH,中国一重,10:02:24,核电,6天5板
20260114,601116.SH,三江购物,09:25:32,阿里巴巴概念,3连板
20260114,601216.SH,君正集团,09:48:39,阿里巴巴概念,首板
20260114,601992.SH,金隅集团,09:25:45,商业航天,3连板
20260114,603000.SH,人民网,09:35:03,人工智能,3连板
20260114,603056.SH,德邦股份,09:25:39,并购重组,首板
20260114,603163.SH,圣晖集成,09:43:15,洁净室,首板
20260114,603179.SH,新泉股份,09:31:05,机器人概念,4天2板
20260114,603280.SH,南方路机,14:32:34,人工智能,首板
20260114,603353.SH,和顺石油,13:51:56,并购重组,首板
20260114,603458.SH,勘设股份,09:42:20,智能驾驶,首板
20260114,603687.SH,大胜达,14:55:36,工业互联网,首板
20260114,603778.SH,国晟科技,10:28:39,锂电池,8天5板
20260114,603828.SH,ST柯利达,09:25:35,ST板块,6天4板
20260114,603829.SH,洛凯股份,13:10:47,智能电网,首板
20260114,603881.SH,数据港,10:54:33,人工智能,首板
20260114,603888.SH,新华网,09:41:46,人工智能,3连板
20260114,603918.SH,金桥信息,09:39:58,人工智能,首板
20260114,603929.SH,亚翔集成,09:56:56,洁净室,首板
20260114,603988.SH,中电电机,14:26:07,黄金,首板
20260114,605118.SH,力鼎光电,09:32:58,AI眼镜,首板
20260114,605136.SH,丽人丽妆,09:43:39,阿里巴巴概念,首板
20260114,605222.SH,起帆电缆,10:37:08,商业航天,首板
20260114,605255.SH,天普股份,14:44:11,实控人变更,首板
20260114,605287.SH,德才股份,14:41:40,基础建设,首板
20260114,688080.SH,映翰通,13:11:39,工业互联网,首板
20260114,688292.SH,浩瀚深度,14:45:40,人工智能,首板
20260114,688365.SH,光云科技,09:35:21,人工智能,3天2板
20260114,688479.SH,友车科技,10:56:51,人工智能,首板
20260113,000004.SZ,*ST国华,10:26:45,ST板块,首板
20260113,000078.SZ,海王生物,10:30:51,医药,首板
20260113,000516.SZ,国际医学,10:05:54,人工智能,首板
20260113,000593.SZ,德龙汇能,09:25:00,实控人变更,2连板
20260113,000595.SZ,*ST宝实,09:43:09,ST板块,首板
20260113,000681.SZ,视觉中国,09:25:00,人工智能,2连板
20260113,000691.SZ,*ST亚太,09:25:00,ST板块,7连板
20260113,000710.SZ,贝瑞基因,10:00:33,人工智能,首板
20260113,000785.SZ,居然智家,10:21:00,人工智能,2连板
20260113,001202.SZ,炬申股份,09:42:45,物流,2连板
20260113,001255.SZ,博菲电气,09:30:42,核电,2连板
20260113,001260.SZ,坤泰股份,10:59:24,商业航天,首板
20260113,001330.SZ,博纳影业,13:00:30,人工智能,首板
20260113,002044.SZ,美年健康,09:25:00,人工智能,3连板
20260113,002112.SZ,三变科技,13:43:54,智能电网,首板
20260113,002115.SZ,三维通信,09:25:00,人工智能,3连板
20260113,002131.SZ,利欧股份,09:25:00,人工智能,3连板
20260113,002135.SZ,东南网架,14:12:51,电力,首板
20260113,002172.SZ,澳洋健康,10:03:27,医美,首板
20260113,002207.SZ,准油股份,10:54:39,石油石化,首板
20260113,002219.SZ,新里程,09:30:00,人工智能,首板
20260113,002342.SZ,巨力索具,09:42:00,商业航天,4连板
20260113,002400.SZ,省广集团,09:25:00,人工智能,3连板
20260113,002451.SZ,摩恩电气,14:10:15,智能电网,首板
20260113,002465.SZ,海格通信,09:25:00,商业航天,2连板
20260113,002490.SZ,山东墨龙,10:49:21,石油石化,首板
20260113,002569.SZ,*ST步森,09:30:09,ST板块,3连板
20260113,002574.SZ,明牌珠宝,09:31:30,黄金,2连板
20260113,002589.SZ,瑞康医药,13:04:06,医药,首板
20260113,002607.SZ,中公教育,09:56:24,人工智能,首板
20260113,002718.SZ,友邦吊顶,09:40:30,实控人变更,9天7板
20260113,002769.SZ,普路通,10:20:54,人工智能,2连板
20260113,002816.SZ,*ST和科,09:36:09,ST板块,首板
20260113,002822.SZ,*ST中装,09:47:03,ST板块,首板
20260113,002865.SZ,钧达股份,13:01:12,光伏,6天3板
20260113,002931.SZ,锋龙股份,09:25:00,机器人概念,13连板
20260113,003004.SZ,*ST声迅,09:38:30,ST板块,7天5板
20260113,003007.SZ,直真科技,09:25:00,人工智能,4连板
20260113,003041.SZ,真爱美家,09:25:00,实控人变更,2连板
20260113,300063.SZ,天龙集团,09:31:18,人工智能,3连板
20260113,300078.SZ,思创医惠,10:26:21,人工智能,首板
20260113,300246.SZ,宝莱特,09:35:30,医疗器械,首板
20260113,300267.SZ,尔康制药,10:27:30,人工智能,首板
20260113,300404.SZ,博济医药,09:42:54,人工智能,首板
20260113,300842.SZ,帝科股份,11:14:15,光伏,首板
20260113,301060.SZ,兰卫医学,09:55:54,人工智能,首板
20260113,301230.SZ,泓博医药,09:25:00,人工智能,3天2板
20260113,301257.SZ,普蕊斯,09:47:09,人工智能,首板
20260113,301333.SZ,诺思格,10:01:06,人工智能,首板
20260113,600089.SH,特变电工,13:48:42,智能电网,首板
20260113,600170.SH,上海建工,11:06:16,黄金,首板
20260113,600477.SH,杭萧钢构,09:25:44,商业航天,4连板
20260113,600662.SH,外服控股,10:12:42,人工智能,首板
20260113,600676.SH,交运股份,09:25:49,并购重组,3连板
20260113,600721.SH,百花医药,10:29:22,人工智能,首板
20260113,600776.SH,东方通信,09:25:53,人工智能,3连板
20260113,600783.SH,鲁信创投,11:21:55,商业航天,13天11板
20260113,600800.SH,渤海化学,09:52:44,化工,首板
20260113,600877.SH,电科芯片,09:25:34,商业航天,2连板
20260113,601116.SH,三江购物,09:31:24,零售,2连板
20260113,601992.SH,金隅集团,09:30:01,商业航天,2连板
20260113,603000.SH,人民网,09:25:53,人工智能,2连板
20260113,603138.SH,海量数据,13:33:52,人工智能,首板
20260113,603268.SH,*ST松发,11:23:46,ST板块,首板
20260113,603282.SH,亚光股份,10:50:50,锂电池,首板
20260113,603355.SH,莱克电气,10:19:04,机器人概念,首板
20260113,603488.SH,展鹏科技,14:28:58,军工,5天4板
20260113,603598.SH,引力传媒,09:25:51,人工智能,7天6板
20260113,603682.SH,锦和商管,10:09:33,人工智能,首板
20260113,603739.SH,蔚蓝生物,10:10:27,人工智能,首板
20260113,603828.SH,ST柯利达,09:25:52,ST板块,5天3板
20260113,603888.SH,新华网,09:25:35,人工智能,2连板
20260113,605186.SH,健麾信息,13:05:35,人工智能,首板
20260113,688331.SH,荣昌生物,11:25:21,医药,首板
20260112,000066.SZ,中国长城,09:37:54,商业航天,首板
20260112,000503.SZ,国新健康,09:25:00,人工智能,2连板
20260112,000593.SZ,德龙汇能,10:59:51,实控人变更,首板
20260112,000612.SZ,焦作万方,13:07:21,稀土永磁,首板
20260112,000638.SZ,*ST万方,09:36:36,ST板块,首板
20260112,000681.SZ,视觉中国,09:25:00,人工智能,首板
20260112,000691.SZ,*ST亚太,09:25:00,ST板块,6连板
20260112,000766.SZ,通化金马,09:36:30,医药,首板
20260112,000785.SZ,居然智家,10:28:00,人工智能,首板
20260112,000803.SZ,山高环能,09:33:27,生物质能,首板
20260112,000889.SZ,中嘉博创,09:30:48,人工智能,首板
20260112,000890.SZ,法尔胜,09:35:06,股权转让,首板
20260112,000892.SZ,欢瑞世纪,09:49:06,人工智能,首板
20260112,000908.SZ,*ST景峰,09:25:00,ST板块,4天3板
20260112,000917.SZ,电广传媒,09:38:48,人工智能,2连板
20260112,000969.SZ,安泰科技,09:35:24,商业航天,2连板
20260112,000981.SZ,山子高科,11:29:21,汽车类,首板
20260112,001202.SZ,炬申股份,13:47:06,物流,首板
20260112,001225.SZ,和泰机电,10:03:21,新型工业化,首板
20260112,001255.SZ,博菲电气,13:33:54,核电,首板
20260112,001270.SZ,*ST铖昌,09:25:00,ST板块,11天10板
20260112,001896.SZ,豫能控股,09:41:51,电力,首板
20260112,002017.SZ,东信和平,10:34:21,商业航天,2连板
20260112,002044.SZ,美年健康,09:25:00,人工智能,2连板
20260112,002046.SZ,国机精工,09:35:27,商业航天,2连板
20260112,002082.SZ,万邦德,10:40:12,医药,首板
20260112,002088.SZ,鲁阳节能,09:34:24,新材料概念,首板
20260112,002103.SZ,广博股份,10:41:42,平台经济,首板
20260112,002115.SZ,三维通信,09:25:00,人工智能,2连板
20260112,002131.SZ,利欧股份,09:25:00,人工智能,2连板
20260112,002151.SZ,北斗星通,13:05:48,商业航天,首板
20260112,002171.SZ,楚江新材,13:00:48,商业航天,首板
20260112,002181.SZ,粤传媒,11:25:18,人工智能,2连板
20260112,002195.SZ,岩山科技,09:55:33,脑机接口,6天5板
20260112,002202.SZ,金风科技,09:51:48,商业航天,5连板
20260112,002316.SZ,亚联发展,09:30:15,智能电网,3连板
20260112,002342.SZ,巨力索具,09:25:00,商业航天,3连板
20260112,002394.SZ,联发股份,09:51:30,服装家纺,首板
20260112,002400.SZ,省广集团,09:36:03,人工智能,2连板
20260112,002413.SZ,雷科防务,13:25:12,商业航天,9天7板
20260112,002443.SZ,金洲管道,13:21:12,核电,首板
20260112,002446.SZ,盛路通信,11:04:06,商业航天,首板
20260112,002465.SZ,海格通信,10:43:48,商业航天,首板
20260112,002471.SZ,中超控股,09:35:24,商业航天,首板
20260112,002512.SZ,达华智能,09:25:00,商业航天,2连板
20260112,002519.SZ,银河电子,09:25:00,商业航天,6连板
20260112,002523.SZ,天桥起重,09:36:12,机器人概念,首板
20260112,002569.SZ,*ST步森,09:37:45,ST板块,2连板
20260112,002574.SZ,明牌珠宝,09:49:12,黄金,首板
20260112,002581.SZ,ST未名,11:17:09,ST板块,首板
20260112,002600.SZ,领益智造,13:13:18,商业航天,首板
20260112,002605.SZ,姚记科技,13:27:00,人工智能,首板
20260112,002620.SZ,ST瑞和,09:32:54,ST板块,2连板
20260112,002639.SZ,雪人集团,13:16:54,核电,4天3板
20260112,002647.SZ,*ST仁东,09:43:03,ST板块,3天2板
20260112,002659.SZ,凯文教育,14:41:18,人工智能,首板
20260112,002712.SZ,思美传媒,09:50:36,人工智能,首板
20260112,002713.SZ,*ST东易,09:25:00,ST板块,10天9板
20260112,002718.SZ,友邦吊顶,13:32:03,实控人变更,8天6板
20260112,002769.SZ,普路通,09:43:30,人工智能,首板
20260112,002792.SZ,通宇通讯,09:25:00,商业航天,4天3板
20260112,002848.SZ,*ST高斯,09:32:12,ST板块,2连板
20260112,002856.SZ,美芝股份,10:12:48,股权转让,首板
20260112,002858.SZ,力盛体育,13:20:12,人工智能,首板
20260112,002881.SZ,美格智能,09:35:00,商业航天,首板
20260112,002931.SZ,锋龙股份,09:25:00,机器人概念,12连板
20260112,002935.SZ,天奥电子,09:44:06,商业航天,首板
20260112,002969.SZ,嘉美包装,09:25:00,实控人变更,17天13板
20260112,003007.SZ,直真科技,09:25:00,人工智能,3连板
20260112,003041.SZ,真爱美家,09:30:03,实控人变更,首板
20260112,300045.SZ,华力创通,13:33:21,商业航天,首板
20260112,300058.SZ,蓝色光标,10:55:12,人工智能,首板
20260112,300063.SZ,天龙集团,10:33:06,人工智能,2连板
20260112,300071.SZ,福石控股,14:15:18,人工智能,首板
20260112,300170.SZ,汉得信息,10:47:54,人工智能,首板
20260112,300229.SZ,拓尔思,11:10:00,人工智能,首板
20260112,300244.SZ,迪安诊断,09:30:15,人工智能,2连板
20260112,300253.SZ,卫宁健康,14:15:18,人工智能,首板
20260112,300291.SZ,百纳千成,10:24:00,人工智能,首板
20260112,300342.SZ,天银机电,10:01:36,商业航天,首板
20260112,300349.SZ,金卡智能,09:57:30,人工智能,首板
20260112,300364.SZ,中文在线,10:44:54,人工智能,首板
20260112,300409.SZ,道氏技术,14:33:12,脑机接口,首板
20260112,300418.SZ,昆仑万维,11:14:45,人工智能,2连板
20260112,300435.SZ,中泰股份,13:23:00,商业航天,首板
20260112,300520.SZ,科大国创,13:43:48,人工智能,首板
20260112,300624.SZ,万兴科技,13:45:21,人工智能,首板
20260112,300711.SZ,广哈通信,10:34:24,人工智能,首板
20260112,300766.SZ,每日互动,14:15:15,人工智能,首板
20260112,300785.SZ,值得买,10:06:45,人工智能,首板
20260112,300792.SZ,壹网壹创,13:51:00,人工智能,首板
20260112,300816.SZ,艾可蓝,09:31:21,人工智能,首板
20260112,300830.SZ,金现代,11:08:24,人工智能,首板
20260112,300986.SZ,志特新材,09:25:00,人工智能,6连板
20260112,300987.SZ,川网传媒,10:08:54,人工智能,首板
20260112,301066.SZ,万事利,10:21:57,人工智能,首板
20260112,301079.SZ,邵阳液压,10:19:51,商业航天,4天3板
20260112,301093.SZ,华兰股份,13:01:33,人工智能,首板
20260112,301159.SZ,三维天地,10:40:21,人工智能,首板
20260112,301171.SZ,易点天下,09:37:03,人工智能,2连板
20260112,301231.SZ,荣信文化,14:00:39,人工智能,首板
20260112,301248.SZ,杰创智能,13:32:51,算力,首板
20260112,301378.SZ,通达海,09:33:03,人工智能,首板
20260112,600094.SH,大名城,09:33:08,商业航天,首板
20260112,600107.SH,ST尔雅,11:02:15,ST板块,首板
20260112,600118.SH,中国卫星,09:46:16,商业航天,首板
20260112,600151.SH,航天机电,09:56:41,商业航天,首板
20260112,600152.SH,维科技术,10:24:18,钠电池,首板
20260112,600169.SH,ST太重,11:29:22,ST板块,3天2板
20260112,600193.SH,*ST创兴,09:25:35,ST板块,首板
20260112,600259.SH,中稀有色,11:25:53,稀土永磁,首板
20260112,600475.SH,华光环能,13:42:04,算力,4天2板
20260112,600477.SH,杭萧钢构,09:25:55,商业航天,3连板
20260112,600498.SH,烽火通信,09:30:00,商业航天,首板
20260112,600552.SH,凯盛科技,13:18:30,商业航天,首板
20260112,600556.SH,天下秀,09:47:47,人工智能,2连板
20260112,600579.SH,中化装备,09:30:35,并购重组,首板
20260112,600586.SH,金晶科技,09:39:21,光伏,首板
20260112,600588.SH,用友网络,10:23:34,人工智能,首板
20260112,600633.SH,浙数文化,09:31:12,人工智能,首板
20260112,600637.SH,东方明珠,09:25:32,人工智能,4连板
20260112,600640.SH,国脉文化,10:07:42,人工智能,首板
20260112,600651.SH,飞乐音响,13:10:56,股权转让,首板
20260112,600676.SH,交运股份,09:25:58,并购重组,2连板
20260112,600694.SH,大商股份,10:26:35,零售,首板
20260112,600696.SH,*ST岩石,14:01:49,ST板块,3连板
20260112,600729.SH,重庆百货,10:53:21,零售,首板
20260112,600776.SH,东方通信,09:25:58,人工智能,2连板
20260112,600783.SH,鲁信创投,09:25:56,商业航天,12天10板
20260112,600828.SH,茂业商业,09:25:36,零售,2连板
20260112,600839.SH,四川长虹,14:23:22,人工智能,首板
20260112,600868.SH,梅雁吉祥,13:53:20,有色金属,首板
20260112,600877.SH,电科芯片,09:30:02,商业航天,首板
20260112,600879.SH,航天电子,10:17:57,商业航天,7天5板
20260112,600880.SH,博瑞传播,09:25:31,人工智能,2连板
20260112,600965.SH,福成股份,10:55:15,农业,首板
20260112,600986.SH,浙文互联,09:30:52,人工智能,2连板
20260112,601106.SH,中国一重,09:37:18,核电,4连板
20260112,601116.SH,三江购物,10:24:28,零售,首板
20260112,601360.SH,三六零,11:12:06,人工智能,首板
20260112,601611.SH,中国核建,13:34:07,核电,4天3板
20260112,601615.SH,明阳智能,09:31:10,光伏,首板
20260112,601698.SH,中国卫通,13:36:30,商业航天,10天6板
20260112,601858.SH,中国科传,11:12:06,人工智能,首板
20260112,601900.SH,南方传媒,09:41:26,人工智能,首板
20260112,601949.SH,中国出版,14:18:20,文化传媒,首板
20260112,601992.SH,金隅集团,09:40:02,商业航天,首板
20260112,603000.SH,人民网,09:25:33,人工智能,首板
20260112,603015.SH,弘讯科技,13:23:15,核电,4连板
20260112,603017.SH,中衡设计,09:33:33,商业航天,3连板
20260112,603059.SH,倍加洁,09:33:36,美容护理,首板
20260112,603078.SH,江化微,13:18:09,芯片,首板
20260112,603090.SH,宏盛股份,09:32:08,算力,首板
20260112,603171.SH,税友股份,09:35:15,人工智能,2连板
20260112,603232.SH,格尔软件,13:27:39,人工智能,首板
20260112,603278.SH,大业股份,09:51:20,商业航天,首板
20260112,603303.SH,得邦照明,09:44:26,LED,首板
20260112,603305.SH,旭升集团,09:25:45,机器人概念,2连板
20260112,603339.SH,四方科技,11:28:13,算力,首板
20260112,603389.SH,*ST亚振,14:48:48,ST板块,首板
20260112,603396.SH,金辰股份,09:53:05,光伏,首板
20260112,603488.SH,展鹏科技,10:39:52,地产链,4天3板
20260112,603496.SH,恒为科技,09:25:38,算力,2连板
20260112,603598.SH,引力传媒,09:25:59,人工智能,6天5板
20260112,603602.SH,纵横通信,13:12:34,人工智能,首板
20260112,603608.SH,天创时尚,10:37:53,实控人变更,首板
20260112,603696.SH,安记食品,14:54:38,食品饮料,3天2板
20260112,603698.SH,航天工程,09:47:13,化工,首板
20260112,603703.SH,盛洋科技,09:40:08,商业航天,3天2板
20260112,603708.SH,家家悦,10:25:20,零售,首板
20260112,603778.SH,国晟科技,10:00:25,锂电池,6天4板
20260112,603813.SH,*ST原尚,09:46:59,ST板块,2连板
20260112,603825.SH,ST华扬,10:57:54,ST板块,首板
20260112,603828.SH,ST柯利达,09:25:32,ST板块,4天2板
20260112,603859.SH,能科科技,11:19:54,商业航天,首板
20260112,603882.SH,金域医学,10:10:15,人工智能,2连板
20260112,603888.SH,新华网,09:30:00,人工智能,首板
20260112,603969.SH,银龙股份,13:56:08,轨道交通,首板
20260112,605398.SH,新炬网络,10:05:53,人工智能,首板
20260112,688031.SH,星环科技,14:08:00,人工智能,首板
20260112,688095.SH,福昕软件,14:39:22,人工智能,首板
20260112,688118.SH,普元信息,10:11:24,人工智能,首板
20260112,688119.SH,中钢洛耐,11:03:05,商业航天,首板
20260112,688229.SH,博睿数据,10:40:47,人工智能,首板
20260112,688232.SH,新点软件,13:04:03,人工智能,首板
20260112,688258.SH,卓易信息,09:45:28,人工智能,首板
20260112,688282.SH,理工导航,10:43:04,商业航天,首板
20260112,688325.SH,赛微微电,13:03:24,芯片,首板
20260112,688333.SH,铂力特,14:31:52,商业航天,首板
20260112,688365.SH,光云科技,10:09:28,人工智能,首板
20260112,688375.SH,国博电子,13:05:30,商业航天,首板
20260112,688387.SH,信科移动,09:36:02,商业航天,2连板
20260112,688568.SH,中科星图,14:21:39,商业航天,首板
20260112,688607.SH,康众医疗,09:36:52,人工智能,首板
20260112,688679.SH,通源环境,09:34:17,股权转让,首板
20260112,688787.SH,海天瑞声,13:45:43,人工智能,首板
20260109,000503.SZ,国新健康,09:33:15,人工智能,首板
20260109,000532.SZ,华金资本,13:27:33,金融概念,首板
20260109,000609.SZ,ST中迪,13:33:57,ST板块,4天2板
20260109,000691.SZ,*ST亚太,09:25:00,ST板块,5连板
20260109,000820.SZ,*ST节能,09:30:36,ST板块,2连板
20260109,000917.SZ,电广传媒,09:36:15,人工智能,首板
20260109,000969.SZ,安泰科技,09:49:21,商业航天,首板
20260109,000987.SZ,越秀资本,09:25:00,商业航天,首板
20260109,001270.SZ,*ST铖昌,09:25:00,ST板块,10天9板
20260109,001373.SZ,翔腾新材,13:52:48,面板,首板
20260109,001400.SZ,江顺科技,09:49:39,算力,4连板
20260109,002005.SZ,ST德豪,09:34:45,ST板块,2连板
20260109,002017.SZ,东信和平,09:51:15,商业航天,首板
20260109,002029.SZ,七匹狼,13:32:45,人工智能,首板
20260109,002044.SZ,美年健康,09:31:33,人工智能,首板
20260109,002046.SZ,国机精工,09:41:15,商业航天,首板
20260109,002115.SZ,三维通信,13:58:03,人工智能,首板
20260109,002131.SZ,利欧股份,09:34:06,人工智能,首板
20260109,002162.SZ,悦心健康,09:57:36,人工智能,首板
20260109,002181.SZ,粤传媒,11:00:15,人工智能,首板
20260109,002187.SZ,广百股份,09:31:00,零售,首板
20260109,002202.SZ,金风科技,09:39:33,商业航天,4连板
20260109,002203.SZ,海亮股份,13:02:51,算力,首板
20260109,002278.SZ,神开股份,09:57:15,商业航天,首板
20260109,002296.SZ,辉煌科技,10:00:54,大飞机,首板
20260109,002316.SZ,亚联发展,09:30:21,智能电网,2连板
20260109,002342.SZ,巨力索具,09:25:00,商业航天,2连板
20260109,002400.SZ,省广集团,09:54:51,人工智能,首板
20260109,002428.SZ,云南锗业,09:38:42,有色金属,首板
20260109,002431.SZ,棕榈股份,09:25:00,实控人变更,首板
20260109,002512.SZ,达华智能,10:04:21,商业航天,首板
20260109,002519.SZ,银河电子,09:31:03,商业航天,5连板
20260109,002569.SZ,*ST步森,09:31:24,ST板块,首板
20260109,002620.SZ,ST瑞和,09:25:00,ST板块,首板
20260109,002625.SZ,光启技术,10:10:39,商业航天,首板
20260109,002713.SZ,*ST东易,09:25:00,ST板块,9天8板
20260109,002729.SZ,好利科技,09:41:27,算力,首板
20260109,002774.SZ,快意电梯,09:30:30,地产链,5连板
20260109,002777.SZ,久远银海,13:40:03,人工智能,首板
20260109,002795.SZ,永和智控,13:21:18,股权转让,4天2板
20260109,002838.SZ,道恩股份,10:30:33,机器人概念,首板
20260109,002848.SZ,*ST高斯,09:41:51,ST板块,首板
20260109,002849.SZ,威星智能,09:34:39,人工智能,首板
20260109,002927.SZ,泰永长征,14:13:30,商业航天,首板
20260109,002931.SZ,锋龙股份,09:25:00,机器人概念,11连板
20260109,003004.SZ,*ST声迅,09:30:21,ST板块,5天4板
20260109,003007.SZ,直真科技,14:04:15,人工智能,2连板
20260109,300044.SZ,ST赛为,13:56:00,ST板块,首板
20260109,300051.SZ,琏升科技,10:08:57,光伏,首板
20260109,300063.SZ,天龙集团,09:39:21,人工智能,首板
20260109,300102.SZ,乾照光电,14:49:33,商业航天,2连板
20260109,300244.SZ,迪安诊断,09:33:33,人工智能,首板
20260109,300418.SZ,昆仑万维,14:35:12,人工智能,首板
20260109,300578.SZ,会畅科技,13:07:06,人工智能,首板
20260109,300878.SZ,维康药业,13:26:18,医药,首板
20260109,300986.SZ,志特新材,09:25:00,人工智能,5连板
20260109,301171.SZ,易点天下,09:55:54,人工智能,首板
20260109,301230.SZ,泓博医药,13:58:15,人工智能,首板
20260109,600143.SH,金发科技,09:57:49,商业航天,首板
20260109,600215.SH,派斯林,09:48:14,机器人概念,2连板
20260109,600397.SH,江钨装备,10:30:44,有色金属,首板
20260109,600410.SH,华胜天成,11:16:11,人工智能,首板
20260109,600477.SH,杭萧钢构,09:25:44,商业航天,2连板
20260109,600513.SH,联环药业,13:22:50,医药,首板
20260109,600549.SH,厦门钨业,10:13:17,有色金属,首板
20260109,600556.SH,天下秀,14:47:46,人工智能,首板
20260109,600589.SH,大位科技,10:02:18,算力,首板
20260109,600637.SH,东方明珠,09:25:48,人工智能,3连板
20260109,600676.SH,交运股份,09:41:31,汽车零部件,首板
20260109,600696.SH,*ST岩石,09:33:05,ST板块,2连板
20260109,600735.SH,ST新华锦,10:34:23,ST板块,5连板
20260109,600748.SH,上实发展,14:01:29,股权转让,首板
20260109,600759.SH,洲际油气,10:32:34,石油石化,4天2板
20260109,600776.SH,东方通信,14:40:39,人工智能,首板
20260109,600783.SH,鲁信创投,09:25:42,商业航天,11天9板
20260109,600784.SH,鲁银投资,10:21:08,3D打印,首板
20260109,600807.SH,济高发展,14:33:26,医疗器械,首板
20260109,600828.SH,茂业商业,10:14:35,零售,首板
20260109,600858.SH,银座股份,10:54:07,零售,首板
20260109,600879.SH,航天电子,09:47:10,商业航天,6天4板
20260109,600880.SH,博瑞传播,09:41:34,人工智能,首板
20260109,600962.SH,国投中鲁,09:51:07,芯片,首板
20260109,600973.SH,宝胜股份,13:04:59,核电,首板
20260109,600986.SH,浙文互联,10:59:22,人工智能,首板
20260109,601089.SH,福元医药,14:37:33,医药,首板
20260109,601106.SH,中国一重,09:25:51,核电,3连板
20260109,601698.SH,中国卫通,14:47:42,商业航天,9天5板
20260109,601929.SH,吉视传媒,10:59:11,人工智能,首板
20260109,601958.SH,金钼股份,10:48:28,有色金属,首板
20260109,603015.SH,弘讯科技,09:25:49,核电,3连板
20260109,603017.SH,中衡设计,09:25:33,商业航天,2连板
20260109,603067.SH,振华股份,09:34:05,SOFC电池,首板
20260109,603108.SH,润达医疗,13:42:27,人工智能,首板
20260109,603171.SH,税友股份,14:21:00,人工智能,首板
20260109,603179.SH,新泉股份,13:29:09,机器人概念,首板
20260109,603305.SH,旭升集团,09:34:14,机器人概念,首板
20260109,603334.SH,丰倍生物,13:33:56,生物质能,首板
20260109,603496.SH,恒为科技,13:58:13,算力,首板
20260109,603598.SH,引力传媒,09:33:14,人工智能,5天4板
20260109,603813.SH,*ST原尚,13:28:29,ST板块,首板
20260109,603843.SH,*ST正平,11:01:14,ST板块,13天7板
20260109,603882.SH,金域医学,13:25:34,人工智能,首板
20260109,603938.SH,三孚股份,09:25:31,芯片,2连板
20260109,605288.SH,凯迪股份,13:29:05,机器人概念,3天2板
20260109,688221.SH,前沿生物,14:27:31,医药,首板
20260109,688387.SH,信科移动,09:41:26,商业航天,首板
20260109,688418.SH,震有科技,10:17:08,商业航天,首板
20260108,000159.SZ,国际实业,09:36:36,石油石化,首板
20260108,000628.SZ,高新发展,09:47:39,芯片,首板
20260108,000691.SZ,*ST亚太,09:25:00,ST板块,4连板
20260108,000820.SZ,*ST节能,13:25:18,ST板块,首板
20260108,000901.SZ,航天科技,11:29:09,商业航天,首板
20260108,000908.SZ,*ST景峰,09:25:00,ST板块,2连板
20260108,001208.SZ,华菱线缆,09:32:54,商业航天,首板
20260108,001215.SZ,千味央厨,13:02:09,食品饮料,首板
20260108,001270.SZ,*ST铖昌,09:25:00,ST板块,9天8板
20260108,001400.SZ,江顺科技,09:35:54,算力,3连板
20260108,002005.SZ,ST德豪,10:40:36,ST板块,首板
20260108,002023.SZ,海特高新,14:23:24,商业航天,首板
20260108,002025.SZ,航天电器,10:36:18,商业航天,3天2板
20260108,002173.SZ,创新医疗,09:25:00,脑机接口,4连板
20260108,002195.SZ,岩山科技,11:08:33,脑机接口,4连板
20260108,002199.SZ,*ST东晶,10:14:36,ST板块,2连板
20260108,002201.SZ,九鼎新材,09:47:00,化工,首板
20260108,002202.SZ,金风科技,14:32:27,商业航天,3连板
20260108,002248.SZ,华东数控,09:34:18,新型工业化,首板
20260108,002250.SZ,联化科技,13:26:42,锂电池,首板
20260108,002279.SZ,久其软件,11:03:21,人工智能,首板
20260108,002316.SZ,亚联发展,09:44:24,智能电网,首板
20260108,002324.SZ,普利特,09:25:00,脑机接口,4连板
20260108,002342.SZ,巨力索具,11:23:24,商业航天,首板
20260108,002361.SZ,神剑股份,14:37:54,商业航天,首板
20260108,002366.SZ,融发核电,09:53:21,核电,首板
20260108,002485.SZ,ST雪发,15:00:00,ST板块,首板
20260108,002496.SZ,*ST辉丰,13:54:54,ST板块,5天3板
20260108,002510.SZ,天汽模,09:35:06,商业航天,首板
20260108,002519.SZ,银河电子,09:25:00,商业航天,4连板
20260108,002529.SZ,*ST海源,13:27:15,ST板块,首板
20260108,002542.SZ,中化岩土,09:44:42,基础建设,首板
20260108,002554.SZ,惠博普,13:07:30,石油石化,首板
20260108,002565.SZ,顺灏股份,09:47:42,商业航天,首板
20260108,002630.SZ,ST华西,09:31:33,ST板块,首板
20260108,002639.SZ,雪人集团,09:44:51,核电,2连板
20260108,002647.SZ,*ST仁东,09:55:33,ST板块,首板
20260108,002677.SZ,浙江美大,13:02:06,智能驾驶,首板
20260108,002693.SZ,*ST双成,10:34:06,ST板块,首板
20260108,002713.SZ,*ST东易,09:25:00,ST板块,8天7板
20260108,002757.SZ,南兴股份,09:40:51,人工智能,6天5板
20260108,002774.SZ,快意电梯,10:16:51,地产链,4连板
20260108,002788.SZ,鹭燕医药,11:09:18,医药,3连板
20260108,002792.SZ,通宇通讯,10:13:24,商业航天,2连板
20260108,002843.SZ,泰嘉股份,09:42:33,电源,首板
20260108,002865.SZ,钧达股份,11:29:33,光伏,3天2板
20260108,002931.SZ,锋龙股份,09:25:00,机器人概念,10连板
20260108,002971.SZ,和远气体,09:25:00,芯片,首板
20260108,002977.SZ,天箭科技,10:07:09,商业航天,首板
20260108,002989.SZ,中天精装,10:39:39,芯片,首板
20260108,003007.SZ,直真科技,09:46:00,商业航天,首板
20260108,003037.SZ,三和管桩,11:07:06,基础建设,首板
20260108,300065.SZ,海兰信,13:34:21,商业航天,首板
20260108,300102.SZ,乾照光电,14:52:27,商业航天,首板
20260108,300129.SZ,泰胜风能,13:02:30,商业航天,首板
20260108,300141.SZ,和顺电气,13:16:12,商业航天,首板
20260108,300753.SZ,爱朋医疗,10:21:45,脑机接口,4天3板
20260108,300887.SZ,谱尼测试,14:54:21,脑机接口,4天3板
20260108,300986.SZ,志特新材,09:30:36,人工智能,4连板
20260108,301079.SZ,邵阳液压,09:31:06,商业航天,2连板
20260108,301368.SZ,丰立智能,14:29:57,机器人概念,首板
20260108,301515.SZ,港通医疗,11:10:00,脑机接口,首板
20260108,600135.SH,乐凯胶片,09:38:06,国有企业,5天3板
20260108,600169.SH,ST太重,10:08:39,ST板块,首板
20260108,600172.SH,黄河旋风,10:31:13,金刚石概念,首板
20260108,600215.SH,派斯林,09:30:46,机器人概念,首板
20260108,600271.SH,航天信息,11:01:31,人工智能,首板
20260108,600337.SH,美克家居,09:25:44,并购重组,4连板
20260108,600372.SH,中航机载,13:58:57,商业航天,首板
20260108,600477.SH,杭萧钢构,09:25:40,商业航天,首板
20260108,600629.SH,华建集团,11:26:42,国有企业,首板
20260108,600637.SH,东方明珠,09:31:43,算力,2连板
20260108,600696.SH,*ST岩石,10:16:22,ST板块,首板
20260108,600735.SH,ST新华锦,09:25:39,ST板块,4连板
20260108,600775.SH,南京熊猫,10:02:16,脑机接口,4连板
20260108,600783.SH,鲁信创投,09:25:43,商业航天,10天8板
20260108,600838.SH,上海九百,13:57:01,零售,3天2板
20260108,600845.SH,宝信软件,09:42:19,人工智能,首板
20260108,600869.SH,远东股份,09:30:56,算力,3连板
20260108,600879.SH,航天电子,10:39:03,商业航天,5天3板
20260108,600935.SH,华塑股份,09:25:49,芯片,首板
20260108,600967.SH,内蒙一机,13:11:18,军工,首板
20260108,601106.SH,中国一重,09:30:02,核电,2连板
20260108,601399.SH,国机重装,09:34:17,核电,2连板
20260108,601608.SH,中信重工,09:37:54,商业航天,首板
20260108,601611.SH,中国核建,09:34:40,核电,2连板
20260108,603015.SH,弘讯科技,09:25:50,核电,2连板
20260108,603017.SH,中衡设计,10:37:17,商业航天,首板
20260108,603031.SH,安孚科技,11:28:28,商业航天,首板
20260108,603169.SH,兰石重装,10:10:19,核电,首板
20260108,603261.SH,*ST立航,09:42:09,ST板块,4天2板
20260108,603333.SH,尚纬股份,14:09:37,核电,首板
20260108,603416.SH,信捷电气,13:45:36,机器人概念,首板
20260108,603488.SH,展鹏科技,13:04:51,地产链,2连板
20260108,603650.SH,彤程新材,09:31:19,芯片,2连板
20260108,603696.SH,安记食品,13:51:01,食品饮料,首板
20260108,603703.SH,盛洋科技,09:32:45,商业航天,首板
20260108,603716.SH,塞力医疗,10:31:51,脑机接口,4天3板
20260108,603822.SH,ST嘉澳,09:25:39,ST板块,3连板
20260108,603878.SH,武进不锈,13:11:44,核电,首板
20260108,603938.SH,三孚股份,09:25:56,芯片,首板
20260108,603950.SH,长源东谷,13:00:57,发电机,首板
20260108,605028.SH,世茂能源,10:16:12,电力,首板
20260108,605081.SH,*ST太和,09:42:52,ST板块,首板
20260108,605086.SH,龙高股份,13:33:00,股权转让,首板
20260108,605116.SH,奥锐特,09:39:15,医药,首板
20260108,605123.SH,派克新材,13:02:34,商业航天,首板
20260108,605298.SH,必得科技,10:32:43,轨道交通,首板
20260108,688066.SH,航天宏图,13:49:04,商业航天,首板
20260108,688552.SH,航天南湖,13:12:54,军工,首板
20260108,688759.SH,必贝特,09:33:09,医药,2连板
20260107,000608.SZ,*ST阳光,09:25:59,ST板块,3连板
20260107,000620.SZ,盈新发展,09:25:59,芯片,2连板
20260107,000635.SZ,英力特,09:48:12,化工,首板
20260107,000691.SZ,*ST亚太,09:25:59,ST板块,3连板
20260107,000798.SZ,中水渔业,13:31:06,水产品,首板
20260107,000859.SZ,国风新材,09:30:00,芯片,3天2板
20260107,000905.SZ,厦门港务,13:05:27,海峡两岸,首板
20260107,000908.SZ,*ST景峰,10:06:54,ST板块,首板
20260107,001270.SZ,*ST铖昌,09:25:59,ST板块,8天7板
20260107,001331.SZ,胜通能源,09:25:59,机器人概念,14连板
20260107,001400.SZ,江顺科技,10:14:45,算力,2连板
20260107,002112.SZ,三变科技,09:38:33,智能电网,首板
20260107,002146.SZ,荣盛发展,09:39:51,商业航天,首板
20260107,002173.SZ,创新医疗,09:25:59,脑机接口,3连板
20260107,002195.SZ,岩山科技,09:25:59,脑机接口,3连板
20260107,002199.SZ,*ST东晶,09:44:00,ST板块,首板
20260107,002202.SZ,金风科技,14:50:00,商业航天,2连板
20260107,002277.SZ,友阿股份,10:00:30,芯片,首板
20260107,002289.SZ,*ST宇顺,09:25:59,ST板块,2连板
20260107,002324.SZ,普利特,09:25:59,脑机接口,3连板
20260107,002413.SZ,雷科防务,14:13:48,商业航天,6连板
20260107,002462.SZ,嘉事堂,09:25:59,医药,3连板
20260107,002519.SZ,银河电子,09:25:59,商业航天,3连板
20260107,002541.SZ,鸿路钢构,11:02:06,机器人概念,首板
20260107,002592.SZ,ST八菱,09:38:15,ST板块,9天7板
20260107,002627.SZ,三峡旅游,11:16:00,旅游,首板
20260107,002639.SZ,雪人集团,11:20:06,核电,首板
20260107,002650.SZ,ST加加,09:56:36,ST板块,首板
20260107,002713.SZ,*ST东易,09:25:59,ST板块,7天6板
20260107,002718.SZ,友邦吊顶,09:25:59,实控人变更,5连板
20260107,002774.SZ,快意电梯,10:10:15,电梯概念,3连板
20260107,002788.SZ,鹭燕医药,09:32:51,医药,2连板
20260107,002792.SZ,通宇通讯,09:46:45,商业航天,首板
20260107,002796.SZ,世嘉科技,11:14:21,通信,首板
20260107,002842.SZ,翔鹭钨业,10:38:30,有色金属,首板
20260107,002853.SZ,皮阿诺,11:08:24,芯片,首板
20260107,002864.SZ,盘龙药业,10:42:24,医药,首板
20260107,002868.SZ,*ST绿康,09:25:59,ST板块,3连板
20260107,002922.SZ,伊戈尔,09:38:57,智能电网,首板
20260107,002929.SZ,润建股份,13:09:00,算力,首板
20260107,002931.SZ,锋龙股份,09:25:59,机器人概念,9连板
20260107,003004.SZ,*ST声迅,09:25:59,ST板块,3连板
20260107,003031.SZ,中瓷电子,11:01:18,通信,首板
20260107,300200.SZ,高盟新材,09:50:21,芯片,首板
20260107,300346.SZ,南大光电,11:02:27,芯片,首板
20260107,300986.SZ,志特新材,09:41:03,人工智能,3连板
20260107,301079.SZ,邵阳液压,11:03:48,商业航天,首板
20260107,301213.SZ,观想科技,09:25:59,并购重组,首板
20260107,301256.SZ,华融化学,09:37:21,芯片,首板
20260107,301363.SZ,美好医疗,09:25:59,脑机接口,3连板
20260107,600053.SH,九鼎投资,09:47:43,机器人概念,首板
20260107,600135.SH,乐凯胶片,13:49:07,央企,4天2板
20260107,600198.SH,大唐电信,09:42:19,商业航天,首板
20260107,600266.SH,城建发展,09:25:36,商业航天,4连板
20260107,600289.SH,ST信通,13:44:10,ST板块,首板
20260107,600337.SH,美克家居,09:25:42,并购重组,3连板
20260107,600403.SH,大有能源,13:58:21,煤炭,首板
20260107,600408.SH,安泰集团,11:20:08,煤炭,首板
20260107,600435.SH,北方导航,09:35:45,商业航天,2连板
20260107,600475.SH,华光环能,13:31:14,光伏,首板
20260107,600525.SH,ST长园,10:06:08,ST板块,3天2板
20260107,600637.SH,东方明珠,09:34:09,算力,首板
20260107,600673.SH,东阳光,13:20:03,算力,首板
20260107,600735.SH,ST新华锦,09:25:41,ST板块,3连板
20260107,600775.SH,南京熊猫,09:25:44,脑机接口,3连板
20260107,600783.SH,鲁信创投,09:25:45,商业航天,9天7板
20260107,600869.SH,远东股份,09:46:18,算力,2连板
20260107,601015.SH,陕西黑猫,11:27:32,煤炭,首板
20260107,601106.SH,中国一重,09:45:48,核电,首板
20260107,601179.SH,中国西电,09:39:15,智能电网,首板
20260107,601399.SH,国机重装,09:50:15,核电,首板
20260107,601611.SH,中国核建,09:48:35,核电,首板
20260107,603015.SH,弘讯科技,09:43:13,核电,首板
20260107,603028.SH,赛福天,10:00:26,机器人概念,首板
20260107,603037.SH,凯众股份,13:46:41,汽车零部件,首板
20260107,603052.SH,可川科技,11:09:48,通信,3天2板
20260107,603057.SH,紫燕食品,10:43:03,食品饮料,首板
20260107,603125.SH,常青科技,09:39:12,芯片,首板
20260107,603268.SH,*ST松发,09:43:36,ST板块,2连板
20260107,603356.SH,华菱精工,13:42:13,电梯概念,首板
20260107,603377.SH,ST东时,09:30:01,ST板块,首板
20260107,603488.SH,展鹏科技,14:03:37,电梯概念,首板
20260107,603516.SH,淳中科技,09:57:58,算力,首板
20260107,603598.SH,引力传媒,09:35:23,人工智能,3连板
20260107,603650.SH,彤程新材,09:25:44,芯片,首板
20260107,603822.SH,ST嘉澳,09:30:22,ST板块,2连板
20260107,603877.SH,太平鸟,09:48:01,服装家纺,首板
20260107,605288.SH,凯迪股份,10:49:10,机器人概念,首板
20260107,605303.SH,园林股份,09:40:16,芯片,首板
20260107,688037.SH,芯源微,10:33:12,芯片,首板
20260107,688125.SH,安达智能,14:03:19,芯片,首板
20260107,688548.SH,广钢气体,13:05:14,芯片,首板
20260107,688651.SH,盛邦安全,14:02:34,商业航天,首板
20260107,688662.SH,富信科技,13:01:43,通信,首板
20260107,688710.SH,益诺思,10:09:02,医药,首板
20260107,688727.SH,恒坤新材,10:48:38,芯片,首板
20260107,688759.SH,必贝特,09:49:13,医药,首板
20260106,000008.SZ,神州高铁,10:40:09,轨道交通,首板
20260106,000510.SZ,新金路,11:13:33,有色金属,首板
20260106,000516.SZ,国际医学,09:25:00,脑机接口,2连板
20260106,000545.SZ,金浦钛业,09:51:33,化工,首板
20260106,000608.SZ,*ST阳光,09:25:00,ST板块,2连板
20260106,000609.SZ,ST中迪,13:00:00,ST板块,首板
20260106,000620.SZ,盈新发展,09:30:12,并购重组,首板
20260106,000629.SZ,钒钛股份,10:21:00,化工,首板
20260106,000638.SZ,*ST万方,09:25:00,ST板块,3连板
20260106,000668.SZ,*ST荣控,09:25:00,ST板块,2连板
20260106,000691.SZ,*ST亚太,09:25:00,ST板块,2连板
20260106,000695.SZ,滨海能源,09:30:30,锂电池,首板
20260106,000768.SZ,中航西飞,14:19:27,商业航天,首板
20260106,000929.SZ,*ST兰黄,09:41:18,ST板块,首板
20260106,000949.SZ,新乡化纤,13:10:24,化工,首板
20260106,000960.SZ,锡业股份,10:16:27,有色金属,首板
20260106,000981.SZ,山子高科,09:52:12,汽车类,4天2板
20260106,001210.SZ,金房能源,09:50:30,股权转让,2连板
20260106,001223.SZ,欧克科技,13:00:54,锂电池,首板
20260106,001225.SZ,和泰机电,09:36:03,新型工业化,2连板
20260106,001231.SZ,农心科技,09:35:15,农业,3连板
20260106,001255.SZ,博菲电气,10:02:18,轨道交通,首板
20260106,001270.SZ,*ST铖昌,09:33:00,ST板块,7天6板
20260106,001331.SZ,胜通能源,09:25:00,机器人概念,13连板
20260106,001332.SZ,锡装股份,10:17:42,核电,首板
20260106,001400.SZ,江顺科技,14:16:48,商业航天,首板
20260106,002025.SZ,航天电器,10:39:42,商业航天,首板
20260106,002036.SZ,联创电子,13:09:18,智能驾驶,首板
20260106,002092.SZ,中泰化学,09:45:24,化工,首板
20260106,002151.SZ,北斗星通,09:36:57,商业航天,6天4板
20260106,002160.SZ,常铝股份,10:42:45,锂电池,首板
20260106,002173.SZ,创新医疗,09:25:00,脑机接口,2连板
20260106,002177.SZ,御银股份,14:28:09,金融概念,5天4板
20260106,002195.SZ,岩山科技,09:25:00,脑机接口,2连板
20260106,002197.SZ,证通电子,09:42:54,金融概念,首板
20260106,002202.SZ,金风科技,13:14:15,商业航天,首板
20260106,002231.SZ,*ST奥维,13:25:30,ST板块,首板
20260106,002286.SZ,保龄宝,13:28:48,食品饮料,首板
20260106,002289.SZ,*ST宇顺,10:39:12,ST板块,首板
20260106,002324.SZ,普利特,09:25:00,脑机接口,2连板
20260106,002355.SZ,兴民智通,10:07:12,智能驾驶,首板
20260106,002383.SZ,合众思壮,09:35:27,智能驾驶,4天2板
20260106,002388.SZ,ST新亚,10:03:27,ST板块,首板
20260106,002413.SZ,雷科防务,09:31:48,商业航天,5连板
20260106,002425.SZ,凯撒文化,09:40:36,游戏,首板
20260106,002462.SZ,嘉事堂,09:30:00,医药,2连板
20260106,002465.SZ,海格通信,10:56:51,商业航天,5天3板
20260106,002471.SZ,中超控股,10:14:03,商业航天,首板
20260106,002501.SZ,利源股份,09:32:51,汽车零部件,首板
20260106,002519.SZ,银河电子,09:30:18,商业航天,2连板
20260106,002569.SZ,*ST步森,09:47:39,ST板块,3天2板
20260106,002592.SZ,ST八菱,10:41:33,ST板块,8天6板
20260106,002703.SZ,浙江世宝,09:36:12,智能驾驶,首板
20260106,002713.SZ,*ST东易,09:25:00,ST板块,6天5板
20260106,002718.SZ,友邦吊顶,09:30:00,实控人变更,4连板
20260106,002757.SZ,南兴股份,09:25:00,人工智能,4连板
20260106,002766.SZ,索菱股份,09:36:42,智能驾驶,3连板
20260106,002774.SZ,快意电梯,09:48:51,地产链,2连板
20260106,002788.SZ,鹭燕医药,10:05:30,医药,首板
20260106,002795.SZ,永和智控,13:10:51,股权转让,首板
20260106,002813.SZ,路畅科技,13:05:36,智能驾驶,首板
20260106,002836.SZ,新宏泽,10:20:54,烟草,首板
20260106,002848.SZ,*ST高斯,09:25:00,ST板块,3连板
20260106,002865.SZ,钧达股份,13:26:18,光伏,首板
20260106,002868.SZ,*ST绿康,09:30:42,ST板块,2连板
20260106,002882.SZ,金龙羽,09:32:06,锂电池,首板
20260106,002920.SZ,德赛西威,13:07:57,智能驾驶,首板
20260106,002925.SZ,盈趣科技,09:25:00,脑机接口,2连板
20260106,002931.SZ,锋龙股份,09:25:00,机器人概念,8连板
20260106,002945.SZ,华林证券,09:47:54,证券,首板
20260106,002969.SZ,嘉美包装,09:50:57,实控人变更,16天12板
20260106,002978.SZ,安宁股份,10:49:36,化工,首板
20260106,003004.SZ,*ST声迅,09:25:00,ST板块,2连板
20260106,300269.SZ,联建光电,13:38:15,面板,首板
20260106,300331.SZ,苏大维格,14:16:09,芯片,首板
20260106,300399.SZ,天利科技,10:20:36,金融概念,首板
20260106,300430.SZ,诚益通,11:13:33,脑机接口,2连板
20260106,300552.SZ,万集科技,13:03:18,智能驾驶,首板
20260106,300753.SZ,爱朋医疗,09:31:12,脑机接口,2连板
20260106,300837.SZ,浙矿股份,11:07:15,并购重组,首板
20260106,300887.SZ,谱尼测试,09:58:51,脑机接口,2连板
20260106,300986.SZ,志特新材,10:06:51,人工智能,2连板
20260106,301016.SZ,雷尔伟,10:31:24,轨道交通,首板
20260106,301293.SZ,三博脑科,09:25:00,脑机接口,2连板
20260106,301330.SZ,熵基科技,11:13:12,脑机接口,2连板
20260106,301363.SZ,美好医疗,09:25:00,脑机接口,2连板
20260106,600075.SH,新疆天业,13:26:24,化工,首板
20260106,600078.SH,澄星股份,11:09:19,化工,首板
20260106,600230.SH,沧州大化,10:53:56,化工,首板
20260106,600266.SH,城建发展,09:31:19,商业航天,3连板
20260106,600273.SH,嘉化能源,13:07:35,化工,首板
20260106,600295.SH,鄂尔多斯,14:54:58,化工,首板
20260106,600337.SH,美克家居,09:25:43,并购重组,2连板
20260106,600370.SH,三房巷,11:09:49,化工,2连板
20260106,600435.SH,北方导航,10:12:16,商业航天,首板
20260106,600459.SH,贵研铂业,09:56:39,有色金属,首板
20260106,600608.SH,*ST沪科,11:12:40,ST板块,首板
20260106,600611.SH,大众交通,10:27:39,智能驾驶,首板
20260106,600618.SH,氯碱化工,09:32:27,化工,首板
20260106,600620.SH,天宸股份,09:42:38,地产链,首板
20260106,600691.SH,潞化科技,09:43:17,化工,首板
20260106,600707.SH,彩虹股份,09:36:32,面板,首板
20260106,600735.SH,ST新华锦,09:25:47,ST板块,2连板
20260106,600759.SH,洲际油气,09:59:01,石油石化,首板
20260106,600775.SH,南京熊猫,09:25:46,脑机接口,2连板
20260106,600783.SH,鲁信创投,10:21:36,商业航天,8天6板
20260106,600838.SH,上海九百,13:47:15,零售,首板
20260106,600855.SH,航天长峰,09:31:05,商业航天,2连板
20260106,600869.SH,远东股份,14:07:20,通信,首板
20260106,600879.SH,航天电子,13:26:50,商业航天,3天2板
20260106,600909.SH,华安证券,10:05:23,证券,首板
20260106,600936.SH,广西广电,10:00:17,并购重组,首板
20260106,600955.SH,维远股份,09:49:44,锂电池,首板
20260106,601068.SH,中铝国际,10:34:27,有色金属,首板
20260106,601519.SH,大智慧,14:24:53,金融概念,首板
20260106,601615.SH,明阳智能,14:44:14,光伏,首板
20260106,601678.SH,滨化股份,13:25:25,化工,首板
20260106,601698.SH,中国卫通,13:13:02,商业航天,6天4板
20260106,601886.SH,江河集团,10:32:00,光伏,首板
20260106,603012.SH,创力集团,10:27:08,智慧矿山,首板
20260106,603021.SH,ST华鹏,14:00:44,ST板块,首板
20260106,603023.SH,威帝股份,10:35:02,智能驾驶,首板
20260106,603061.SH,金海通,09:41:05,芯片,2连板
20260106,603268.SH,*ST松发,10:05:11,ST板块,首板
20260106,603579.SH,荣泰健康,09:31:38,脑机接口,2连板
20260106,603598.SH,引力传媒,09:42:15,人工智能,2连板
20260106,603617.SH,君禾股份,09:53:36,算力,首板
20260106,603698.SH,航天工程,11:14:32,化工,首板
20260106,603716.SH,塞力医疗,09:25:45,脑机接口,2连板
20260106,603778.SH,国晟科技,10:15:09,锂电池,5天3板
20260106,603789.SH,*ST星农,09:50:23,ST板块,首板
20260106,603822.SH,ST嘉澳,09:35:18,ST板块,首板
20260106,603843.SH,*ST正平,14:13:38,ST板块,10天6板
20260106,603929.SH,亚翔集成,09:45:47,芯片,2连板
20260106,605228.SH,神通科技,13:40:36,智能驾驶,首板
20260106,605358.SH,立昂微,09:43:34,芯片,2连板
20260106,688031.SH,星环科技,13:39:50,人工智能,首板
20260106,688273.SH,麦澜德,09:49:48,脑机接口,2连板
20260106,688580.SH,伟思医疗,09:51:45,脑机接口,2连板
20260106,688626.SH,翔宇医疗,09:31:36,脑机接口,2连板
20260105,000426.SZ,兴业银锡,14:29:00,有色金属,首板
20260105,000516.SZ,国际医学,09:42:51,脑机接口,首板
20260105,000608.SZ,*ST阳光,09:25:00,ST板块,首板
20260105,000638.SZ,*ST万方,09:30:36,ST板块,2连板
20260105,000668.SZ,*ST荣控,09:30:00,ST板块,首板
20260105,000691.SZ,*ST亚太,09:25:00,ST板块,首板
20260105,000792.SZ,盐湖股份,10:44:36,年报增长,首板
20260105,000859.SZ,国风新材,09:47:03,芯片,首板
20260105,000952.SZ,广济药业,10:12:18,医药,首板
20260105,001210.SZ,金房能源,10:31:15,热力,首板
20260105,001225.SZ,和泰机电,13:27:51,新型工业化,首板
20260105,001231.SZ,农心科技,09:31:54,农业,2连板
20260105,001270.SZ,*ST铖昌,09:25:00,ST板块,6天5板
20260105,001333.SZ,光华股份,10:01:03,化工,首板
20260105,002072.SZ,凯瑞德,09:53:54,煤炭,4天2板
20260105,002083.SZ,孚日股份,09:31:09,锂电池,首板
20260105,002131.SZ,利欧股份,09:51:51,人工智能,2连板
20260105,002151.SZ,北斗星通,11:02:39,商业航天,5天3板
20260105,002173.SZ,创新医疗,09:25:00,脑机接口,首板
20260105,002195.SZ,岩山科技,09:25:00,脑机接口,首板
20260105,002254.SZ,泰和新材,11:02:27,化工,首板
20260105,002259.SZ,升达林业,09:54:30,天然气,首板
20260105,002317.SZ,众生药业,13:38:06,医药,首板
20260105,002324.SZ,普利特,10:29:57,脑机接口,首板
20260105,002413.SZ,雷科防务,09:25:00,商业航天,4连板
20260105,002414.SZ,高德红外,11:07:21,脑机接口,首板
20260105,002462.SZ,嘉事堂,10:44:15,医药,首板
20260105,002465.SZ,海格通信,11:17:48,商业航天,4天2板
20260105,002488.SZ,金固股份,13:47:12,机器人概念,首板
20260105,002490.SZ,山东墨龙,09:30:03,石油石化,首板
20260105,002496.SZ,*ST辉丰,09:30:51,ST板块,2连板
20260105,002519.SZ,银河电子,09:39:24,商业航天,首板
20260105,002555.SZ,三七互娱,09:36:24,脑机接口,首板
20260105,002571.SZ,德力股份,09:40:51,商业航天,5天3板
20260105,002592.SZ,ST八菱,09:38:57,ST板块,7天5板
20260105,002620.SZ,ST瑞和,10:51:03,ST板块,首板
20260105,002713.SZ,*ST东易,09:25:00,ST板块,5天4板
20260105,002716.SZ,湖南白银,09:41:21,有色金属,首板
20260105,002718.SZ,友邦吊顶,09:25:00,实控人变更,3连板
20260105,002735.SZ,王子新材,09:30:15,军工,2连板
20260105,002757.SZ,南兴股份,09:31:48,人工智能,3连板
20260105,002759.SZ,天际股份,14:14:15,锂电池,首板
20260105,002766.SZ,索菱股份,09:32:06,无人驾驶,2连板
20260105,002773.SZ,康弘药业,11:23:15,医药,首板
20260105,002774.SZ,快意电梯,11:02:39,地产链,首板
20260105,002808.SZ,*ST恒久,10:13:30,ST板块,首板
20260105,002819.SZ,东方中科,10:59:00,脑机接口,首板
20260105,002848.SZ,*ST高斯,09:25:00,ST板块,2连板
20260105,002868.SZ,*ST绿康,09:41:36,ST板块,首板
20260105,002925.SZ,盈趣科技,09:30:30,脑机接口,首板
20260105,002931.SZ,锋龙股份,09:25:00,机器人概念,7连板
20260105,002943.SZ,宇晶股份,14:46:30,光伏设备,首板
20260105,003004.SZ,*ST声迅,09:30:00,ST板块,首板
20260105,003017.SZ,大洋生物,10:18:30,年报增长,首板
20260105,003039.SZ,顺控发展,09:32:18,数字经济,2连板
20260105,300003.SZ,乐普医疗,10:42:27,脑机接口,首板
20260105,300029.SZ,*ST天龙,09:25:00,ST板块,首板
20260105,300058.SZ,蓝色光标,13:42:48,人工智能,2连板
20260105,300238.SZ,冠昊生物,11:25:51,医疗器械,首板
20260105,300409.SZ,道氏技术,11:25:27,脑机接口,首板
20260105,300430.SZ,诚益通,09:52:09,脑机接口,首板
20260105,300561.SZ,*ST汇科,10:35:15,ST板块,首板
20260105,300599.SZ,雄塑科技,10:09:36,基础建设,首板
20260105,300652.SZ,雷迪克,11:24:00,脑机接口,首板
20260105,300753.SZ,爱朋医疗,09:44:54,脑机接口,首板
20260105,300884.SZ,狄耐克,11:07:12,脑机接口,首板
20260105,300887.SZ,谱尼测试,10:02:33,脑机接口,首板
20260105,300986.SZ,志特新材,14:54:09,人工智能,首板
20260105,301033.SZ,迈普医学,10:17:57,脑机接口,首板
20260105,301293.SZ,三博脑科,09:25:00,脑机接口,首板
20260105,301306.SZ,西测测试,14:41:06,商业航天,首板
20260105,301330.SZ,熵基科技,09:35:33,脑机接口,首板
20260105,301363.SZ,美好医疗,09:25:00,脑机接口,首板
20260105,301563.SZ,云汉芯城,10:22:00,芯片,首板
20260105,600151.SH,航天机电,14:30:03,商业航天,首板
20260105,600266.SH,城建发展,09:31:34,商业航天,2连板
20260105,600337.SH,美克家居,09:25:34,并购重组,首板
20260105,600370.SH,三房巷,09:34:16,机器人概念,首板
20260105,600491.SH,龙元建设,11:18:54,基础建设,首板
20260105,600498.SH,烽火通信,09:42:04,商业航天,2连板
20260105,600525.SH,ST长园,10:20:15,ST板块,首板
20260105,600556.SH,天下秀,09:52:30,人工智能,首板
20260105,600587.SH,新华医疗,13:01:10,脑机接口,首板
20260105,600735.SH,ST新华锦,09:36:18,ST板块,首板
20260105,600775.SH,南京熊猫,09:25:36,脑机接口,首板
20260105,600776.SH,东方通信,09:58:13,人工智能,3天2板
20260105,600826.SH,兰生股份,09:32:27,脑机接口,首板
20260105,600855.SH,航天长峰,10:18:16,商业航天,首板
20260105,600880.SH,博瑞传播,13:26:14,人工智能,首板
20260105,601089.SH,福元医药,10:31:44,医药,首板
20260105,601133.SH,柏诚股份,09:51:38,芯片,首板
20260105,601512.SH,中新集团,09:51:05,芯片,首板
20260105,601698.SH,中国卫通,11:10:27,商业航天,5天3板
20260105,603052.SH,可川科技,09:34:05,通信,首板
20260105,603061.SH,金海通,10:40:13,芯片,首板
20260105,603067.SH,振华股份,09:36:45,化工,首板
20260105,603127.SH,昭衍新药,10:42:18,医药,首板
20260105,603163.SH,圣晖集成,09:51:29,芯片,首板
20260105,603171.SH,税友股份,13:31:19,人工智能,首板
20260105,603221.SH,爱丽家居,14:29:37,地产链,首板
20260105,603261.SH,*ST立航,10:58:48,ST板块,首板
20260105,603341.SH,龙旗科技,14:52:52,AI眼镜,首板
20260105,603398.SH,*ST沐邦,11:26:17,ST板块,首板
20260105,603458.SH,勘设股份,14:25:16,无人驾驶,4天3板
20260105,603507.SH,振江股份,11:13:39,脑机接口,首板
20260105,603579.SH,荣泰健康,09:34:09,脑机接口,首板
20260105,603598.SH,引力传媒,09:39:31,人工智能,首板
20260105,603666.SH,亿嘉和,11:27:20,脑机接口,首板
20260105,603716.SH,塞力医疗,09:33:43,脑机接口,首板
20260105,603778.SH,国晟科技,13:58:28,锂电池,4天2板
20260105,603929.SH,亚翔集成,09:51:00,芯片,首板
20260105,603986.SH,兆易创新,10:17:24,芯片,首板
20260105,605287.SH,德才股份,10:04:59,基础建设,首板
20260105,605358.SH,立昂微,11:04:29,芯片,首板
20260105,688039.SH,当虹科技,13:07:08,脑机接口,首板
20260105,688108.SH,赛诺医疗,13:00:15,脑机接口,首板
20260105,688258.SH,卓易信息,13:08:15,人工智能,首板
20260105,688261.SH,东微半导,10:15:14,脑机接口,首板
20260105,688273.SH,麦澜德,09:46:04,脑机接口,首板
20260105,688314.SH,康拓医疗,11:11:36,医疗器械,首板
20260105,688416.SH,恒烁股份,14:49:30,芯片,首板
20260105,688433.SH,华曙高科,15:00:02,商业航天,首板
20260105,688580.SH,伟思医疗,09:52:41,脑机接口,首板
20260105,688626.SH,翔宇医疗,09:30:46,脑机接口,首板
20260105,688766.SH,普冉股份,13:51:04,芯片,首板
20260105,688767.SH,博拓生物,10:27:25,脑机接口,首板
