trade_date,dimension,metric,nominal_weight,available_weight,q,effective_weight,contribution
2025-01-02,hit,all_drop,0.4,1.0,62.1662543742338,0.4,24.866501749693523
2025-01-02,hit,chain_drop,0.35,1.0,83.38915372971773,0.35,29.186203805401206
2025-01-02,hit,ddens,0.25,1.0,57.73801194083485,0.25,14.434502985208713
2025-01-02,cont,m1raw,0.4,1.0,65.39018152783494,0.4,26.15607261113398
2025-01-02,cont,ladder,0.3,1.0,50.000000000000014,0.3,15.000000000000004
2025-01-02,cont,max_height,0.3,1.0,50.0,0.3,15.0
2025-01-02,act,log_ratio20,0.4,1.0,19.04256755927734,0.4,7.6170270237109365
2025-01-02,act,advance_pct,0.3,1.0,0.0,0.3,0.0
2025-01-02,act,udens,0.3,1.0,39.04810598266261,0.3,11.714431794798783
2025-01-03,hit,all_drop,0.4,1.0,100.0,0.4,40.0
2025-01-03,hit,chain_drop,0.35,1.0,100.0,0.35,35.0
2025-01-03,hit,ddens,0.25,1.0,100.0,0.25,25.0
2025-01-03,cont,m1raw,0.4,1.0,58.60197494306492,0.4,23.44078997722597
2025-01-03,cont,ladder,0.3,1.0,50.000000000000014,0.3,15.000000000000004
2025-01-03,cont,max_height,0.3,1.0,75.0,0.3,22.5
2025-01-03,act,log_ratio20,0.4,1.0,0.0,0.4,0.0
2025-01-03,act,advance_pct,0.3,1.0,0.0,0.3,0.0
2025-01-03,act,udens,0.3,1.0,8.536843056493005,0.3,2.5610529169479013
2025-01-06,hit,all_drop,0.4,1.0,91.55254996305857,0.4,36.62101998522343
2025-01-06,hit,chain_drop,0.35,1.0,100.0,0.35,35.0
2025-01-06,hit,ddens,0.25,1.0,100.0,0.25,25.0
2025-01-06,cont,m1raw,0.4,1.0,49.16353645007296,0.4,19.665414580029186
2025-01-06,cont,ladder,0.3,1.0,0.0,0.3,0.0
2025-01-06,cont,max_height,0.3,1.0,0.0,0.3,0.0
2025-01-06,act,log_ratio20,0.4,1.0,0.0,0.4,0.0
2025-01-06,act,advance_pct,0.3,1.0,39.343847239208394,0.3,11.803154171762518
2025-01-06,act,udens,0.3,1.0,39.04810598266261,0.3,11.714431794798783
2025-01-07,hit,all_drop,0.4,1.0,24.488243887077786,0.4,9.795297554831116
2025-01-07,hit,chain_drop,0.35,1.0,78.70710501541356,0.35,27.547486755394743
2025-01-07,hit,ddens,0.25,1.0,43.286341820673464,0.25,10.821585455168366
2025-01-07,cont,m1raw,0.4,1.0,49.260211811597976,0.4,19.70408472463919
2025-01-07,cont,ladder,0.3,1.0,50.000000000000014,0.3,15.000000000000004
2025-01-07,cont,max_height,0.3,1.0,25.0,0.3,7.5
2025-01-07,act,log_ratio20,0.4,1.0,0.0,0.4,0.0
2025-01-07,act,advance_pct,0.3,1.0,100.0,0.3,30.0
2025-01-07,act,udens,0.3,1.0,100.0,0.3,30.0
2025-01-08,hit,all_drop,0.4,1.0,10.323260859620511,0.4,4.129304343848204
2025-01-08,hit,chain_drop,0.35,1.0,27.523166522068177,0.35,9.633108282723862
2025-01-08,hit,ddens,0.25,1.0,14.433285076252206,0.25,3.6083212690630515
2025-01-08,cont,m1raw,0.4,1.0,100.0,0.4,40.0
2025-01-08,cont,ladder,0.3,1.0,100.0,0.3,30.0
2025-01-08,cont,max_height,0.3,1.0,50.0,0.3,15.0
2025-01-08,act,log_ratio20,0.4,1.0,5.247276862447168,0.4,2.0989107449788675
2025-01-08,act,advance_pct,0.3,1.0,24.597815797286625,0.3,7.379344739185987
2025-01-08,act,udens,0.3,1.0,52.05900513547954,0.3,15.61770154064386
2025-01-09,hit,all_drop,0.4,1.0,34.23445306845892,0.4,13.693781227383568
2025-01-09,hit,chain_drop,0.35,1.0,51.73513045654147,0.35,18.107295659789514
2025-01-09,hit,ddens,0.25,1.0,19.237295830422823,0.25,4.809323957605706
2025-01-09,cont,m1raw,0.4,1.0,100.0,0.4,40.0
2025-01-09,cont,ladder,0.3,1.0,100.0,0.3,30.0
2025-01-09,cont,max_height,0.3,1.0,75.0,0.3,22.5
2025-01-09,act,log_ratio20,0.4,1.0,0.0,0.4,0.0
2025-01-09,act,advance_pct,0.3,1.0,48.99436549466353,0.3,14.698309648399059
2025-01-09,act,udens,0.3,1.0,97.74032978216415,0.3,29.322098934649244
2025-01-10,hit,all_drop,0.4,1.0,100.0,0.4,40.0
2025-01-10,hit,chain_drop,0.35,1.0,100.0,0.35,35.0
2025-01-10,hit,ddens,0.25,1.0,100.0,0.25,25.0
2025-01-10,cont,m1raw,0.4,1.0,0.0,0.4,0.0
2025-01-10,cont,ladder,0.3,1.0,50.000000000000014,0.3,15.000000000000004
2025-01-10,cont,max_height,0.3,1.0,75.0,0.3,22.5
2025-01-10,act,log_ratio20,0.4,1.0,0.0,0.4,0.0
2025-01-10,act,advance_pct,0.3,1.0,0.0,0.3,0.0
2025-01-10,act,udens,0.3,1.0,0.0,0.3,0.0
2025-01-13,hit,all_drop,0.4,1.0,98.3350323618295,0.4,39.3340129447318
2025-01-13,hit,chain_drop,0.35,1.0,100.0,0.35,35.0
2025-01-13,hit,ddens,0.25,1.0,100.0,0.25,25.0
2025-01-13,cont,m1raw,0.4,1.0,19.99137026951065,0.4,7.99654810780426
2025-01-13,cont,ladder,0.3,1.0,0.0,0.3,0.0
2025-01-13,cont,max_height,0.3,1.0,100.0,0.3,30.0
2025-01-13,act,log_ratio20,0.4,1.0,0.0,0.4,0.0
2025-01-13,act,advance_pct,0.3,1.0,64.81427299017778,0.3,19.444281897053333
2025-01-13,act,udens,0.3,1.0,10.653996086126647,0.3,3.196198825837994
2025-01-14,hit,all_drop,0.4,1.0,0.0,0.4,0.0
2025-01-14,hit,chain_drop,0.35,1.0,5.886004097982383,0.35,2.0601014342938337
2025-01-14,hit,ddens,0.25,1.0,0.0,0.25,0.0
2025-01-14,cont,m1raw,0.4,1.0,100.0,0.4,40.0
2025-01-14,cont,ladder,0.3,1.0,50.000000000000014,0.3,15.000000000000004
2025-01-14,cont,max_height,0.3,1.0,100.0,0.3,30.0
2025-01-14,act,log_ratio20,0.4,1.0,54.10696776531204,0.4,21.642787106124818
2025-01-14,act,advance_pct,0.3,1.0,100.0,0.3,30.0
2025-01-14,act,udens,0.3,1.0,100.0,0.3,30.0
2025-01-15,hit,all_drop,0.4,1.0,5.793759901488497,0.4,2.3175039605953986
2025-01-15,hit,chain_drop,0.35,1.0,57.50419950898047,0.35,20.126469828143165
2025-01-15,hit,ddens,0.25,1.0,33.65319682898235,0.25,8.413299207245588
2025-01-15,cont,m1raw,0.4,1.0,33.99303186493745,0.4,13.59721274597498
2025-01-15,cont,ladder,0.3,1.0,50.000000000000014,0.3,15.000000000000004
2025-01-15,cont,max_height,0.3,1.0,100.0,0.3,30.0
2025-01-15,act,log_ratio20,0.4,1.0,26.99521255399636,0.4,10.798085021598546
2025-01-15,act,advance_pct,0.3,1.0,16.41675517516672,0.3,4.925026552550016
2025-01-15,act,udens,0.3,1.0,52.002139136045635,0.3,15.600641740813689
2025-01-16,hit,all_drop,0.4,1.0,7.742866621541294,0.4,3.097146648616518
2025-01-16,hit,chain_drop,0.35,1.0,8.769649563554745,0.35,3.069377347244161
2025-01-16,hit,ddens,0.25,1.0,14.425555371143528,0.25,3.606388842785882
2025-01-16,cont,m1raw,0.4,1.0,100.0,0.4,40.0
2025-01-16,cont,ladder,0.3,1.0,50.000000000000014,0.3,15.000000000000004
2025-01-16,cont,max_height,0.3,1.0,50.0,0.3,15.0
2025-01-16,act,log_ratio20,0.4,1.0,46.30535910163612,0.4,18.52214364065445
2025-01-16,act,advance_pct,0.3,1.0,70.13868256644135,0.3,21.041604769932402
2025-01-16,act,udens,0.3,1.0,67.23566552285787,0.3,20.170699656857362
2025-01-17,hit,all_drop,0.4,1.0,100.0,0.4,40.0
2025-01-17,hit,chain_drop,0.35,1.0,100.0,0.35,35.0
2025-01-17,hit,ddens,0.25,1.0,52.88083828682117,0.25,13.220209571705292
2025-01-17,cont,m1raw,0.4,1.0,13.736920098818317,0.4,5.494768039527327
2025-01-17,cont,ladder,0.3,1.0,50.000000000000014,0.3,15.000000000000004
2025-01-17,cont,max_height,0.3,1.0,75.0,0.3,22.5
2025-01-17,act,log_ratio20,0.4,1.0,20.065080759318622,0.4,8.02603230372745
2025-01-17,act,advance_pct,0.3,1.0,50.95715575964571,0.3,15.287146727893711
2025-01-17,act,udens,0.3,1.0,34.59239469397449,0.3,10.377718408192347
2025-01-20,hit,all_drop,0.4,1.0,63.19261122719237,0.4,25.27704449087695
2025-01-20,hit,chain_drop,0.35,1.0,100.0,0.35,35.0
2025-01-20,hit,ddens,0.25,1.0,86.5108638519152,0.25,21.6277159629788
2025-01-20,cont,m1raw,0.4,1.0,62.960746422014516,0.4,25.184298568805808
2025-01-20,cont,ladder,0.3,1.0,0.0,0.3,0.0
2025-01-20,cont,max_height,0.3,1.0,25.0,0.3,7.5
2025-01-20,act,log_ratio20,0.4,1.0,32.58988053106977,0.4,13.035952212427908
2025-01-20,act,advance_pct,0.3,1.0,83.18712262783694,0.3,24.95613678835108
2025-01-20,act,udens,0.3,1.0,62.852627712085365,0.3,18.85578831362561
2025-01-21,hit,all_drop,0.4,1.0,18.500066748411538,0.4,7.4000266993646155
2025-01-21,hit,chain_drop,0.35,1.0,41.25533014601369,0.35,14.43936555110479
2025-01-21,hit,ddens,0.25,1.0,86.47419198446998,0.25,21.618547996117496
2025-01-21,cont,m1raw,0.4,1.0,67.99585623469461,0.4,27.198342493877846
2025-01-21,cont,ladder,0.3,1.0,50.000000000000014,0.3,15.000000000000004
2025-01-21,cont,max_height,0.3,1.0,50.0,0.3,15.0
2025-01-21,act,log_ratio20,0.4,1.0,40.10584529144324,0.4,16.042338116577294
2025-01-21,act,advance_pct,0.3,1.0,28.5974934823844,0.3,8.57924804471532
2025-01-21,act,udens,0.3,1.0,10.5936912484508,0.3,3.1781073745352395
2025-01-22,hit,all_drop,0.4,1.0,62.1662543742338,0.4,24.866501749693523
2025-01-22,hit,chain_drop,0.35,1.0,61.64579218429843,0.35,21.57602726450445
2025-01-22,hit,ddens,0.25,1.0,100.0,0.25,25.0
2025-01-22,cont,m1raw,0.4,1.0,89.47195645981529,0.4,35.788782583926114
2025-01-22,cont,ladder,0.3,1.0,100.0,0.3,30.0
2025-01-22,cont,max_height,0.3,1.0,75.0,0.3,22.5
2025-01-22,act,log_ratio20,0.4,1.0,29.14724999984535,0.4,11.658899999938141
2025-01-22,act,advance_pct,0.3,1.0,0.0,0.3,0.0
2025-01-22,act,udens,0.3,1.0,0.0,0.3,0.0
2025-01-23,hit,all_drop,0.4,1.0,85.19234982122231,0.4,34.076939928488926
2025-01-23,hit,chain_drop,0.35,1.0,100.0,0.35,35.0
2025-01-23,hit,ddens,0.25,1.0,96.02148416460614,0.25,24.005371041151534
2025-01-23,cont,m1raw,0.4,1.0,46.19349379431908,0.4,18.477397517727635
2025-01-23,cont,ladder,0.3,1.0,50.000000000000014,0.3,15.000000000000004
2025-01-23,cont,max_height,0.3,1.0,25.0,0.3,7.5
2025-01-23,act,log_ratio20,0.4,1.0,72.68595541890167,0.4,29.07438216756067
2025-01-23,act,advance_pct,0.3,1.0,39.97950115716974,0.3,11.993850347150923
2025-01-23,act,udens,0.3,1.0,0.0,0.3,0.0
2025-01-24,hit,all_drop,0.4,1.0,31.42465203165914,0.4,12.569860812663656
2025-01-24,hit,chain_drop,0.35,1.0,62.06251269082382,0.35,21.721879441788335
2025-01-24,hit,ddens,0.25,1.0,96.08222125511898,0.25,24.020555313779745
2025-01-24,cont,m1raw,0.4,1.0,89.25466312887579,0.4,35.701865251550316
2025-01-24,cont,ladder,0.3,1.0,100.0,0.3,30.0
2025-01-24,cont,max_height,0.3,1.0,50.0,0.3,15.0
2025-01-24,act,log_ratio20,0.4,1.0,47.4327165026461,0.4,18.97308660105844
2025-01-24,act,advance_pct,0.3,1.0,92.31547761026394,0.3,27.69464328307918
2025-01-24,act,udens,0.3,1.0,54.091832858987,0.3,16.227549857696097
2025-01-27,hit,all_drop,0.4,1.0,100.0,0.4,40.0
2025-01-27,hit,chain_drop,0.35,1.0,100.0,0.35,35.0
2025-01-27,hit,ddens,0.25,1.0,100.0,0.25,25.0
2025-01-27,cont,m1raw,0.4,1.0,1.3454688558300776,0.4,0.538187542332031
2025-01-27,cont,ladder,0.3,1.0,50.000000000000014,0.3,15.000000000000004
2025-01-27,cont,max_height,0.3,1.0,50.0,0.3,15.0
2025-01-27,act,log_ratio20,0.4,1.0,26.841446715586866,0.4,10.736578686234747
2025-01-27,act,advance_pct,0.3,1.0,23.629088442984482,0.3,7.088726532895344
2025-01-27,act,udens,0.3,1.0,0.0,0.3,0.0
2025-02-05,hit,all_drop,0.4,1.0,50.54292674919455,0.4,20.217170699677823
2025-02-05,hit,chain_drop,0.35,1.0,82.22947423425519,0.35,28.780315981989315
2025-02-05,hit,ddens,0.25,1.0,100.0,0.25,25.0
2025-02-05,cont,m1raw,0.4,1.0,61.89946095717321,0.4,24.759784382869285
2025-02-05,cont,ladder,0.3,1.0,0.0,0.3,0.0
2025-02-05,cont,max_height,0.3,1.0,25.0,0.3,7.5
2025-02-05,act,log_ratio20,0.4,1.0,63.75512684042116,0.4,25.502050736168467
2025-02-05,act,advance_pct,0.3,1.0,75.28442937039205,0.3,22.585328811117613
2025-02-05,act,udens,0.3,1.0,75.7745476072017,0.3,22.732364282160507
2025-02-06,hit,all_drop,0.4,1.0,0.0,0.4,0.0
2025-02-06,hit,chain_drop,0.35,1.0,14.438465656323253,0.35,5.053462979713138
2025-02-06,hit,ddens,0.25,1.0,0.0,0.25,0.0
2025-02-06,cont,m1raw,0.4,1.0,95.24530674723655,0.4,38.09812269889462
2025-02-06,cont,ladder,0.3,1.0,50.000000000000014,0.3,15.000000000000004
2025-02-06,cont,max_height,0.3,1.0,50.0,0.3,15.0
2025-02-06,act,log_ratio20,0.4,1.0,100.0,0.4,40.0
2025-02-06,act,advance_pct,0.3,1.0,100.0,0.3,30.0
2025-02-06,act,udens,0.3,1.0,100.0,0.3,30.0
2025-02-07,hit,all_drop,0.4,1.0,0.0,0.4,0.0
2025-02-07,hit,chain_drop,0.35,1.0,0.0,0.35,0.0
2025-02-07,hit,ddens,0.25,1.0,0.0,0.25,0.0
2025-02-07,cont,m1raw,0.4,1.0,100.0,0.4,40.0
2025-02-07,cont,ladder,0.3,1.0,100.0,0.3,30.0
2025-02-07,cont,max_height,0.3,1.0,75.0,0.3,22.5
2025-02-07,act,log_ratio20,0.4,1.0,100.0,0.4,40.0
2025-02-07,act,advance_pct,0.3,1.0,95.70827867684035,0.3,28.712483603052103
2025-02-07,act,udens,0.3,1.0,82.29664953074055,0.3,24.688994859222166
2025-02-10,hit,all_drop,0.4,1.0,14.767177103528676,0.4,5.906870841411471
2025-02-10,hit,chain_drop,0.35,1.0,32.65464345707271,0.35,11.429125209975448
2025-02-10,hit,ddens,0.25,1.0,0.0,0.25,0.0
2025-02-10,cont,m1raw,0.4,1.0,100.0,0.4,40.0
2025-02-10,cont,ladder,0.3,1.0,100.0,0.3,30.0
2025-02-10,cont,max_height,0.3,1.0,100.0,0.3,30.0
2025-02-10,act,log_ratio20,0.4,1.0,100.0,0.4,40.0
2025-02-10,act,advance_pct,0.3,1.0,94.86231164255608,0.3,28.458693492766823
2025-02-10,act,udens,0.3,1.0,100.0,0.3,30.0
2025-02-11,hit,all_drop,0.4,1.0,12.209991436978923,0.4,4.88399657479157
2025-02-11,hit,chain_drop,0.35,1.0,13.512420086266832,0.35,4.729347030193391
2025-02-11,hit,ddens,0.25,1.0,0.0,0.25,0.0
2025-02-11,cont,m1raw,0.4,1.0,63.010406075121836,0.4,25.204162430048736
2025-02-11,cont,ladder,0.3,1.0,100.0,0.3,30.0
2025-02-11,cont,max_height,0.3,1.0,100.0,0.3,30.0
2025-02-11,act,log_ratio20,0.4,1.0,100.0,0.4,40.0
2025-02-11,act,advance_pct,0.3,1.0,18.845773692746835,0.3,5.653732107824051
2025-02-11,act,udens,0.3,1.0,60.435966148032726,0.3,18.13078984440982
2025-02-12,hit,all_drop,0.4,1.0,0.17617505772321765,0.4,0.07047002308928706
2025-02-12,hit,chain_drop,0.35,1.0,0.0,0.35,0.0
2025-02-12,hit,ddens,0.25,1.0,0.0,0.25,0.0
2025-02-12,cont,m1raw,0.4,1.0,26.896287914390665,0.4,10.758515165756267
2025-02-12,cont,ladder,0.3,1.0,0.0,0.3,0.0
2025-02-12,cont,max_height,0.3,1.0,100.0,0.3,30.0
2025-02-12,act,log_ratio20,0.4,1.0,100.0,0.4,40.0
2025-02-12,act,advance_pct,0.3,1.0,78.22842871865795,0.3,23.468528615597386
2025-02-12,act,udens,0.3,1.0,88.675734377737,0.3,26.6027203133211
2025-02-13,hit,all_drop,0.4,1.0,24.35204244283954,0.4,9.740816977135816
2025-02-13,hit,chain_drop,0.35,1.0,38.228830866768575,0.35,13.380090803369
2025-02-13,hit,ddens,0.25,1.0,4.792456878580805,0.25,1.1981142196452013
2025-02-13,cont,m1raw,0.4,1.0,43.46007174139437,0.4,17.38402869655775
2025-02-13,cont,ladder,0.3,1.0,50.000000000000014,0.3,15.000000000000004
2025-02-13,cont,max_height,0.3,1.0,75.0,0.3,22.5
2025-02-13,act,log_ratio20,0.4,1.0,100.0,0.4,40.0
2025-02-13,act,advance_pct,0.3,1.0,2.0763585235008786,0.3,0.6229075570502636
2025-02-13,act,udens,0.3,1.0,49.54663903639819,0.3,14.863991710919457
2025-02-14,hit,all_drop,0.4,1.0,61.8429420678288,0.4,24.73717682713152
2025-02-14,hit,chain_drop,0.35,1.0,79.97327804080163,0.35,27.99064731428057
2025-02-14,hit,ddens,0.25,1.0,23.98731569900381,0.25,5.996828924750952
2025-02-14,cont,m1raw,0.4,1.0,68.09015974471045,0.4,27.23606389788418
2025-02-14,cont,ladder,0.3,1.0,100.0,0.3,30.0
2025-02-14,cont,max_height,0.3,1.0,100.0,0.3,30.0
2025-02-14,act,log_ratio20,0.4,1.0,100.0,0.4,40.0
2025-02-14,act,advance_pct,0.3,1.0,41.91063740619595,0.3,12.573191221858785
2025-02-14,act,udens,0.3,1.0,77.81428505861997,0.3,23.34428551758599
2025-02-17,hit,all_drop,0.4,1.0,38.1406634291256,0.4,15.256265371650242
2025-02-17,hit,chain_drop,0.35,1.0,57.50419950898047,0.35,20.126469828143165
2025-02-17,hit,ddens,0.25,1.0,23.95271305262677,0.25,5.988178263156692
2025-02-17,cont,m1raw,0.4,1.0,55.718443815389016,0.4,22.28737752615561
2025-02-17,cont,ladder,0.3,1.0,100.0,0.3,30.0
2025-02-17,cont,max_height,0.3,1.0,100.0,0.3,30.0
2025-02-17,act,log_ratio20,0.4,1.0,100.0,0.4,40.0
2025-02-17,act,advance_pct,0.3,1.0,80.8831254763824,0.3,24.26493764291472
2025-02-17,act,udens,0.3,1.0,100.0,0.3,30.0
2025-02-18,hit,all_drop,0.4,1.0,65.16786403854664,0.4,26.067145615418656
2025-02-18,hit,chain_drop,0.35,1.0,100.0,0.35,35.0
2025-02-18,hit,ddens,0.25,1.0,86.25477785449122,0.25,21.563694463622806
2025-02-18,cont,m1raw,0.4,1.0,15.863586824193657,0.4,6.345434729677463
2025-02-18,cont,ladder,0.3,1.0,100.0,0.3,30.0
2025-02-18,cont,max_height,0.3,1.0,50.0,0.3,15.0
2025-02-18,act,log_ratio20,0.4,1.0,100.0,0.4,40.0
2025-02-18,act,advance_pct,0.3,1.0,0.0,0.3,0.0
2025-02-18,act,udens,0.3,1.0,10.353196715507934,0.3,3.10595901465238
2025-02-19,hit,all_drop,0.4,1.0,7.624752865873985,0.4,3.049901146349594
2025-02-19,hit,chain_drop,0.35,1.0,22.718546474845727,0.35,7.951491266196004
2025-02-19,hit,ddens,0.25,1.0,4.782846959745391,0.25,1.1957117399363477
2025-02-19,cont,m1raw,0.4,1.0,29.148682477075095,0.4,11.65947299083004
2025-02-19,cont,ladder,0.3,1.0,0.0,0.3,0.0
2025-02-19,cont,max_height,0.3,1.0,50.0,0.3,15.0
2025-02-19,act,log_ratio20,0.4,1.0,85.62305956480077,0.4,34.24922382592031
2025-02-19,act,advance_pct,0.3,1.0,100.0,0.3,30.0
2025-02-19,act,udens,0.3,1.0,100.0,0.3,30.0
2025-02-20,hit,all_drop,0.4,1.0,2.8510132943585074,0.4,1.140405317743403
2025-02-20,hit,chain_drop,0.35,1.0,40.73587165192991,0.35,14.257555078175468
2025-02-20,hit,ddens,0.25,1.0,0.0,0.25,0.0
2025-02-20,cont,m1raw,0.4,1.0,100.0,0.4,40.0
2025-02-20,cont,ladder,0.3,1.0,50.000000000000014,0.3,15.000000000000004
2025-02-20,cont,max_height,0.3,1.0,75.0,0.3,22.5
2025-02-20,act,log_ratio20,0.4,1.0,87.49713774525031,0.4,34.99885509810013
2025-02-20,act,advance_pct,0.3,1.0,70.68757850813768,0.3,21.206273552441303
2025-02-20,act,udens,0.3,1.0,100.0,0.3,30.0
2025-02-21,hit,all_drop,0.4,1.0,23.301654880143563,0.4,9.320661952057426
2025-02-21,hit,chain_drop,0.35,1.0,55.40306056522621,0.35,19.391071197829174
2025-02-21,hit,ddens,0.25,1.0,0.0,0.25,0.0
2025-02-21,cont,m1raw,0.4,1.0,25.682175373926558,0.4,10.272870149570624
2025-02-21,cont,ladder,0.3,1.0,50.000000000000014,0.3,15.000000000000004
2025-02-21,cont,max_height,0.3,1.0,100.0,0.3,30.0
2025-02-21,act,log_ratio20,0.4,1.0,100.0,0.4,40.0
2025-02-21,act,advance_pct,0.3,1.0,55.37792203076337,0.3,16.61337660922901
2025-02-21,act,udens,0.3,1.0,100.0,0.3,30.0
2025-02-24,hit,all_drop,0.4,1.0,46.69498408859401,0.4,18.677993635437605
2025-02-24,hit,chain_drop,0.35,1.0,65.13735383983195,0.35,22.79807384394118
2025-02-24,hit,ddens,0.25,1.0,43.14178742816633,0.25,10.785446857041583
2025-02-24,cont,m1raw,0.4,1.0,4.515213803186059,0.4,1.8060855212744238
2025-02-24,cont,ladder,0.3,1.0,0.0,0.3,0.0
2025-02-24,cont,max_height,0.3,1.0,50.0,0.3,15.0
2025-02-24,act,log_ratio20,0.4,1.0,100.0,0.4,40.0
2025-02-24,act,advance_pct,0.3,1.0,53.934178131106556,0.3,16.180253439331967
2025-02-24,act,udens,0.3,1.0,95.04459223499883,0.3,28.513377670499647
2025-02-25,hit,all_drop,0.4,1.0,38.44905856865255,0.4,15.379623427461022
2025-02-25,hit,chain_drop,0.35,1.0,0.0,0.35,0.0
2025-02-25,hit,ddens,0.25,1.0,14.38315279375054,0.25,3.595788198437635
2025-02-25,cont,m1raw,0.4,1.0,21.328845008178348,0.4,8.53153800327134
2025-02-25,cont,ladder,0.3,1.0,0.0,0.3,0.0
2025-02-25,cont,max_height,0.3,1.0,25.0,0.3,7.5
2025-02-25,act,log_ratio20,0.4,1.0,87.02692140740736,0.4,34.81076856296294
2025-02-25,act,advance_pct,0.3,1.0,13.92033945981383,0.3,4.176101837944149
2025-02-25,act,udens,0.3,1.0,38.66167813451172,0.3,11.598503440353515
2025-02-26,hit,all_drop,0.4,1.0,0.0,0.4,0.0
2025-02-26,hit,chain_drop,0.35,1.0,10.461853690953053,0.35,3.661648791833568
2025-02-26,hit,ddens,0.25,1.0,0.0,0.25,0.0
2025-02-26,cont,m1raw,0.4,1.0,83.3661994669909,0.4,33.346479786796365
2025-02-26,cont,ladder,0.3,1.0,0.0,0.3,0.0
2025-02-26,cont,max_height,0.3,1.0,0.0,0.3,0.0
2025-02-26,act,log_ratio20,0.4,1.0,86.96962965261166,0.4,34.787851861044665
2025-02-26,act,advance_pct,0.3,1.0,100.0,0.3,30.0
2025-02-26,act,udens,0.3,1.0,100.0,0.3,30.0
2025-02-27,hit,all_drop,0.4,1.0,71.19304638571788,0.4,28.477218554287152
2025-02-27,hit,chain_drop,0.35,1.0,41.25533014601369,0.35,14.43936555110479
2025-02-27,hit,ddens,0.25,1.0,19.17465562899518,0.25,4.793663907248795
2025-02-27,cont,m1raw,0.4,1.0,55.9012972947743,0.4,22.360518917909722
2025-02-27,cont,ladder,0.3,1.0,50.000000000000014,0.3,15.000000000000004
2025-02-27,cont,max_height,0.3,1.0,25.0,0.3,7.5
2025-02-27,act,log_ratio20,0.4,1.0,89.69619510709289,0.4,35.87847804283716
2025-02-27,act,advance_pct,0.3,1.0,30.08376183203316,0.3,9.025128549609947
2025-02-27,act,udens,0.3,1.0,71.20075314007644,0.3,21.360225942022932
2025-02-28,hit,all_drop,0.4,1.0,100.0,0.4,40.0
2025-02-28,hit,chain_drop,0.35,1.0,100.0,0.35,35.0
2025-02-28,hit,ddens,0.25,1.0,100.0,0.25,25.0
2025-02-28,cont,m1raw,0.4,1.0,0.0,0.4,0.0
2025-02-28,cont,ladder,0.3,1.0,0.0,0.3,0.0
2025-02-28,cont,max_height,0.3,1.0,50.0,0.3,15.0
2025-02-28,act,log_ratio20,0.4,1.0,66.79372173731821,0.4,26.717488694927283
2025-02-28,act,advance_pct,0.3,1.0,0.0,0.3,0.0
2025-02-28,act,udens,0.3,1.0,6.052101713563158,0.3,1.8156305140689475
2025-03-03,hit,all_drop,0.4,1.0,100.0,0.4,40.0
2025-03-03,hit,chain_drop,0.35,1.0,100.0,0.35,35.0
2025-03-03,hit,ddens,0.25,1.0,100.0,0.25,25.0
2025-03-03,cont,m1raw,0.4,1.0,35.8912363607144,0.4,14.356494544285761
2025-03-03,cont,ladder,0.3,1.0,0.0,0.3,0.0
2025-03-03,cont,max_height,0.3,1.0,0.0,0.3,0.0
2025-03-03,act,log_ratio20,0.4,1.0,30.379812149997736,0.4,12.151924859999095
2025-03-03,act,advance_pct,0.3,1.0,65.33021863439863,0.3,19.59906559031959
2025-03-03,act,udens,0.3,1.0,43.03107621645223,0.3,12.909322864935667
2025-03-04,hit,all_drop,0.4,1.0,16.226732920367617,0.4,6.490693168147047
2025-03-04,hit,chain_drop,0.35,1.0,82.22947423425519,0.35,28.780315981989315
2025-03-04,hit,ddens,0.25,1.0,38.35604900154756,0.25,9.58901225038689
2025-03-04,cont,m1raw,0.4,1.0,34.765475771322905,0.4,13.906190308529162
2025-03-04,cont,ladder,0.3,1.0,0.0,0.3,0.0
2025-03-04,cont,max_height,0.3,1.0,0.0,0.3,0.0
2025-03-04,act,log_ratio20,0.4,1.0,0.0,0.4,0.0
2025-03-04,act,advance_pct,0.3,1.0,93.41441082080661,0.3,28.02432324624198
2025-03-04,act,udens,0.3,1.0,75.54272037239697,0.3,22.662816111719092
2025-03-05,hit,all_drop,0.4,1.0,27.366285335185324,0.4,10.94651413407413
2025-03-05,hit,chain_drop,0.35,1.0,74.5468222177099,0.35,26.091387776198463
2025-03-05,hit,ddens,0.25,1.0,14.38315279375054,0.25,3.595788198437635
2025-03-05,cont,m1raw,0.4,1.0,33.33134641368315,0.4,13.33253856547326
2025-03-05,cont,ladder,0.3,1.0,0.0,0.3,0.0
2025-03-05,cont,max_height,0.3,1.0,25.0,0.3,7.5
2025-03-05,act,log_ratio20,0.4,1.0,5.66105422167022,0.4,2.264421688668088
2025-03-05,act,advance_pct,0.3,1.0,37.044066156529894,0.3,11.113219846958968
2025-03-05,act,udens,0.3,1.0,47.34735356436217,0.3,14.204206069308652
2025-03-06,hit,all_drop,0.4,1.0,1.633505498448367,0.4,0.6534021993793468
2025-03-06,hit,chain_drop,0.35,1.0,33.39547991311784,0.35,11.688417969591242
2025-03-06,hit,ddens,0.25,1.0,0.0,0.25,0.0
2025-03-06,cont,m1raw,0.4,1.0,71.92134336335802,0.4,28.76853734534321
2025-03-06,cont,ladder,0.3,1.0,0.0,0.3,0.0
2025-03-06,cont,max_height,0.3,1.0,0.0,0.3,0.0
2025-03-06,act,log_ratio20,0.4,1.0,62.084908799101434,0.4,24.833963519640577
2025-03-06,act,advance_pct,0.3,1.0,100.0,0.3,30.0
2025-03-06,act,udens,0.3,1.0,100.0,0.3,30.0
2025-03-07,hit,all_drop,0.4,1.0,47.81065171146874,0.4,19.124260684587497
2025-03-07,hit,chain_drop,0.35,1.0,61.64579218429843,0.35,21.57602726450445
2025-03-07,hit,ddens,0.25,1.0,28.77881429177105,0.25,7.194703572942762
2025-03-07,cont,m1raw,0.4,1.0,16.130389865720797,0.4,6.452155946288319
2025-03-07,cont,ladder,0.3,1.0,50.000000000000014,0.3,15.000000000000004
2025-03-07,cont,max_height,0.3,1.0,25.0,0.3,7.5
2025-03-07,act,log_ratio20,0.4,1.0,48.431598756358405,0.4,19.372639502543365
2025-03-07,act,advance_pct,0.3,1.0,17.77912078043349,0.3,5.333736234130047
2025-03-07,act,udens,0.3,1.0,23.484387756614307,0.3,7.045316326984292
2025-03-10,hit,all_drop,0.4,1.0,78.30255863028296,0.4,31.321023452113185
2025-03-10,hit,chain_drop,0.35,1.0,100.0,0.35,35.0
2025-03-10,hit,ddens,0.25,1.0,23.98731569900381,0.25,5.996828924750952
2025-03-10,cont,m1raw,0.4,1.0,11.766924420621429,0.4,4.706769768248572
2025-03-10,cont,ladder,0.3,1.0,0.0,0.3,0.0
2025-03-10,cont,max_height,0.3,1.0,25.0,0.3,7.5
2025-03-10,act,log_ratio20,0.4,1.0,4.6777765378881115,0.4,1.8711106151552448
2025-03-10,act,advance_pct,0.3,1.0,67.19000058991715,0.3,20.157000176975142
2025-03-10,act,udens,0.3,1.0,79.98657492244341,0.3,23.995972476733023
2025-03-11,hit,all_drop,0.4,1.0,21.179586740550295,0.4,8.47183469622012
2025-03-11,hit,chain_drop,0.35,1.0,45.140106695217156,0.35,15.799037343326004
2025-03-11,hit,ddens,0.25,1.0,4.792456878580805,0.25,1.1981142196452013
2025-03-11,cont,m1raw,0.4,1.0,65.71599118843382,0.4,26.28639647537353
2025-03-11,cont,ladder,0.3,1.0,50.000000000000014,0.3,15.000000000000004
2025-03-11,cont,max_height,0.3,1.0,50.0,0.3,15.0
2025-03-11,act,log_ratio20,0.4,1.0,2.3997713153096094,0.4,0.9599085261238438
2025-03-11,act,advance_pct,0.3,1.0,56.23556023396261,0.3,16.87066807018878
2025-03-11,act,udens,0.3,1.0,25.656242029929633,0.3,7.6968726089788895
2025-03-12,hit,all_drop,0.4,1.0,4.732426550565065,0.4,1.8929706202260261
2025-03-12,hit,chain_drop,0.35,1.0,12.34551199033894,0.35,4.3209291966186285
2025-03-12,hit,ddens,0.25,1.0,0.0,0.25,0.0
2025-03-12,cont,m1raw,0.4,1.0,81.43681170403207,0.4,32.57472468161283
2025-03-12,cont,ladder,0.3,1.0,100.0,0.3,30.0
2025-03-12,cont,max_height,0.3,1.0,75.0,0.3,22.5
2025-03-12,act,log_ratio20,0.4,1.0,33.68374793557966,0.4,13.473499174231865
2025-03-12,act,advance_pct,0.3,1.0,47.68590008973249,0.3,14.305770026919747
2025-03-12,act,udens,0.3,1.0,82.12445313612801,0.3,24.6373359408384
2025-03-13,hit,all_drop,0.4,1.0,92.03430424037177,0.4,36.81372169614871
2025-03-13,hit,chain_drop,0.35,1.0,73.75306887194726,0.35,25.81357410518154
2025-03-13,hit,ddens,0.25,1.0,52.74209403096184,0.25,13.18552350774046
2025-03-13,cont,m1raw,0.4,1.0,43.76451559890259,0.4,17.505806239561036
2025-03-13,cont,ladder,0.3,1.0,50.000000000000014,0.3,15.000000000000004
2025-03-13,cont,max_height,0.3,1.0,100.0,0.3,30.0
2025-03-13,act,log_ratio20,0.4,1.0,22.536986577868824,0.4,9.014794631147529
2025-03-13,act,advance_pct,0.3,1.0,10.369543679076275,0.3,3.1108631037228824
2025-03-13,act,udens,0.3,1.0,3.900261039108522,0.3,1.1700783117325566
2025-03-14,hit,all_drop,0.4,1.0,86.38969184457346,0.4,34.55587673782939
2025-03-14,hit,chain_drop,0.35,1.0,100.0,0.35,35.0
2025-03-14,hit,ddens,0.25,1.0,23.975772233973455,0.25,5.993943058493364
2025-03-14,cont,m1raw,0.4,1.0,57.009591198800806,0.4,22.803836479520324
2025-03-14,cont,ladder,0.3,1.0,50.000000000000014,0.3,15.000000000000004
2025-03-14,cont,max_height,0.3,1.0,100.0,0.3,30.0
2025-03-14,act,log_ratio20,0.4,1.0,49.7998120643414,0.4,19.91992482573656
2025-03-14,act,advance_pct,0.3,1.0,100.0,0.3,30.0
2025-03-14,act,udens,0.3,1.0,88.60431185615182,0.3,26.581293556845548
2025-03-17,hit,all_drop,0.4,1.0,24.35204244283954,0.4,9.740816977135816
2025-03-17,hit,chain_drop,0.35,1.0,33.39547991311784,0.35,11.688417969591242
2025-03-17,hit,ddens,0.25,1.0,4.800158699142937,0.25,1.2000396747857343
2025-03-17,cont,m1raw,0.4,1.0,88.18951184936466,0.4,35.275804739745865
2025-03-17,cont,ladder,0.3,1.0,50.000000000000014,0.3,15.000000000000004
2025-03-17,cont,max_height,0.3,1.0,25.0,0.3,7.5
2025-03-17,act,log_ratio20,0.4,1.0,18.442784397031925,0.4,7.37711375881277
2025-03-17,act,advance_pct,0.3,1.0,62.88780233223527,0.3,18.86634069967058
2025-03-17,act,udens,0.3,1.0,51.83181502576048,0.3,15.549544507728143
2025-03-18,hit,all_drop,0.4,1.0,14.365763233270698,0.4,5.746305293308279
2025-03-18,hit,chain_drop,0.35,1.0,32.93245712808963,0.35,11.52635999483137
2025-03-18,hit,ddens,0.25,1.0,0.0,0.25,0.0
2025-03-18,cont,m1raw,0.4,1.0,72.30221026808827,0.4,28.92088410723531
2025-03-18,cont,ladder,0.3,1.0,100.0,0.3,30.0
2025-03-18,cont,max_height,0.3,1.0,50.0,0.3,15.0
2025-03-18,act,log_ratio20,0.4,1.0,12.744801319020835,0.4,5.097920527608334
2025-03-18,act,advance_pct,0.3,1.0,59.952221486446035,0.3,17.98566644593381
2025-03-18,act,udens,0.3,1.0,51.77513143519615,0.3,15.532539430558845
2025-03-19,hit,all_drop,0.4,1.0,48.4051808266387,0.4,19.36207233065548
2025-03-19,hit,chain_drop,0.35,1.0,44.58447935318331,0.35,15.604567773614159
2025-03-19,hit,ddens,0.25,1.0,9.607064415562858,0.25,2.4017661038907145
2025-03-19,cont,m1raw,0.4,1.0,97.4238990287729,0.4,38.96955961150916
2025-03-19,cont,ladder,0.3,1.0,100.0,0.3,30.0
2025-03-19,cont,max_height,0.3,1.0,50.0,0.3,15.0
2025-03-19,act,log_ratio20,0.4,1.0,6.190205518180472,0.4,2.4760822072721886
2025-03-19,act,advance_pct,0.3,1.0,14.329573684309313,0.3,4.298872105292793
2025-03-19,act,udens,0.3,1.0,14.922546658276707,0.3,4.476763997483012
2025-03-20,hit,all_drop,0.4,1.0,0.0,0.4,0.0
2025-03-20,hit,chain_drop,0.35,1.0,5.793657035953251,0.35,2.0277799625836375
2025-03-20,hit,ddens,0.25,1.0,0.0,0.25,0.0
2025-03-20,cont,m1raw,0.4,1.0,100.0,0.4,40.0
2025-03-20,cont,ladder,0.3,1.0,50.000000000000014,0.3,15.000000000000004
2025-03-20,cont,max_height,0.3,1.0,75.0,0.3,22.5
2025-03-20,act,log_ratio20,0.4,1.0,3.862771361770668,0.4,1.5451085447082673
2025-03-20,act,advance_pct,0.3,1.0,29.573803228494505,0.3,8.87214096854835
2025-03-20,act,udens,0.3,1.0,47.539603256420186,0.3,14.261880976926056
2025-03-21,hit,all_drop,0.4,1.0,62.992694695353165,0.4,25.19707787814127
2025-03-21,hit,chain_drop,0.35,1.0,54.699083704769166,0.35,19.144679296669207
2025-03-21,hit,ddens,0.25,1.0,96.04172173390589,0.25,24.010430433476472
2025-03-21,cont,m1raw,0.4,1.0,76.57095640316624,0.4,30.628382561266495
2025-03-21,cont,ladder,0.3,1.0,100.0,0.3,30.0
2025-03-21,cont,max_height,0.3,1.0,75.0,0.3,22.5
2025-03-21,act,log_ratio20,0.4,1.0,23.314500727102672,0.4,9.32580029084107
2025-03-21,act,advance_pct,0.3,1.0,0.0,0.3,0.0
2025-03-21,act,udens,0.3,1.0,12.727562346326154,0.3,3.818268703897846
2025-03-24,hit,all_drop,0.4,1.0,100.0,0.4,40.0
2025-03-24,hit,chain_drop,0.35,1.0,100.0,0.35,35.0
2025-03-24,hit,ddens,0.25,1.0,100.0,0.25,25.0
2025-03-24,cont,m1raw,0.4,1.0,31.168036025856154,0.4,12.467214410342462
2025-03-24,cont,ladder,0.3,1.0,50.000000000000014,0.3,15.000000000000004
2025-03-24,cont,max_height,0.3,1.0,25.0,0.3,7.5
2025-03-24,act,log_ratio20,0.4,1.0,11.984021931842754,0.4,4.793608772737102
2025-03-24,act,advance_pct,0.3,1.0,7.7391113802850295,0.3,2.3217334140855086
2025-03-24,act,udens,0.3,1.0,14.901596320839127,0.3,4.470478896251738
2025-03-25,hit,all_drop,0.4,1.0,41.70930140068208,0.4,16.683720560272832
2025-03-25,hit,chain_drop,0.35,1.0,56.92191465034132,0.35,19.92267012761946
2025-03-25,hit,ddens,0.25,1.0,100.0,0.25,25.0
2025-03-25,cont,m1raw,0.4,1.0,19.862147338096403,0.4,7.944858935238561
2025-03-25,cont,ladder,0.3,1.0,0.0,0.3,0.0
2025-03-25,cont,max_height,0.3,1.0,0.0,0.3,0.0
2025-03-25,act,log_ratio20,0.4,1.0,0.0,0.4,0.0
2025-03-25,act,advance_pct,0.3,1.0,40.0776571426087,0.3,12.02329714278261
2025-03-25,act,udens,0.3,1.0,14.922546658276707,0.3,4.476763997483012
2025-03-26,hit,all_drop,0.4,1.0,15.467635580622167,0.4,6.187054232248867
2025-03-26,hit,chain_drop,0.35,1.0,40.73587165192991,0.35,14.257555078175468
2025-03-26,hit,ddens,0.25,1.0,4.804014248143474,0.25,1.2010035620358686
2025-03-26,cont,m1raw,0.4,1.0,38.49938220663758,0.4,15.399752882655031
2025-03-26,cont,ladder,0.3,1.0,0.0,0.3,0.0
2025-03-26,cont,max_height,0.3,1.0,0.0,0.3,0.0
2025-03-26,act,log_ratio20,0.4,1.0,0.0,0.4,0.0
2025-03-26,act,advance_pct,0.3,1.0,80.49021197450905,0.3,24.147063592352715
2025-03-26,act,udens,0.3,1.0,73.63324853493498,0.3,22.089974560480492
2025-03-27,hit,all_drop,0.4,1.0,91.65799674731855,0.4,36.663198698927424
2025-03-27,hit,chain_drop,0.35,1.0,98.9201262621601,0.35,34.62204419175603
2025-03-27,hit,ddens,0.25,1.0,91.27820661979446,0.25,22.819551654948615
2025-03-27,cont,m1raw,0.4,1.0,0.0,0.4,0.0
2025-03-27,cont,ladder,0.3,1.0,0.0,0.3,0.0
2025-03-27,cont,max_height,0.3,1.0,25.0,0.3,7.5
2025-03-27,act,log_ratio20,0.4,1.0,0.0,0.4,0.0
2025-03-27,act,advance_pct,0.3,1.0,24.74303298642596,0.3,7.422909895927788
2025-03-27,act,udens,0.3,1.0,17.118412490031236,0.3,5.135523747009371
2025-03-28,hit,all_drop,0.4,1.0,100.0,0.4,40.0
2025-03-28,hit,chain_drop,0.35,1.0,100.0,0.35,35.0
2025-03-28,hit,ddens,0.25,1.0,100.0,0.25,25.0
2025-03-28,cont,m1raw,0.4,1.0,0.0,0.4,0.0
2025-03-28,cont,ladder,0.3,1.0,0.0,0.3,0.0
2025-03-28,cont,max_height,0.3,1.0,0.0,0.3,0.0
2025-03-28,act,log_ratio20,0.4,1.0,0.0,0.4,0.0
2025-03-28,act,advance_pct,0.3,1.0,0.0,0.3,0.0
2025-03-28,act,udens,0.3,1.0,0.0,0.3,0.0
2025-03-31,hit,all_drop,0.4,1.0,17.610165144916675,0.4,7.0440660579666705
2025-03-31,hit,chain_drop,0.35,1.0,39.74417816322454,0.35,13.910462357128589
2025-03-31,hit,ddens,0.25,1.0,100.0,0.25,25.0
2025-03-31,cont,m1raw,0.4,1.0,43.43488363418354,0.4,17.37395345367342
2025-03-31,cont,ladder,0.3,1.0,0.0,0.3,0.0
2025-03-31,cont,max_height,0.3,1.0,0.0,0.3,0.0
2025-03-31,act,log_ratio20,0.4,1.0,0.0,0.4,0.0
2025-03-31,act,advance_pct,0.3,1.0,5.701407969144091,0.3,1.7104223907432272
2025-03-31,act,udens,0.3,1.0,0.0,0.3,0.0
2025-04-01,hit,all_drop,0.4,1.0,38.77309643711877,0.4,15.509238574847508
2025-04-01,hit,chain_drop,0.35,1.0,55.981300647924215,0.35,19.593455226773475
2025-04-01,hit,ddens,0.25,1.0,43.209137842495856,0.25,10.802284460623964
2025-04-01,cont,m1raw,0.4,1.0,73.33720939368779,0.4,29.334883757475115
2025-04-01,cont,ladder,0.3,1.0,0.0,0.3,0.0
2025-04-01,cont,max_height,0.3,1.0,0.0,0.3,0.0
2025-04-01,act,log_ratio20,0.4,1.0,0.0,0.4,0.0
2025-04-01,act,advance_pct,0.3,1.0,87.29605179852528,0.3,26.188815539557584
2025-04-01,act,udens,0.3,1.0,30.095838182446187,0.3,9.028751454733856
2025-04-02,hit,all_drop,0.4,1.0,58.11699344120876,0.4,23.246797376483507
2025-04-02,hit,chain_drop,0.35,1.0,74.5468222177099,0.35,26.091387776198463
2025-04-02,hit,ddens,0.25,1.0,52.79982294359994,0.25,13.199955735899985
2025-04-02,cont,m1raw,0.4,1.0,6.955944187996148,0.4,2.7823776751984592
2025-04-02,cont,ladder,0.3,1.0,0.0,0.3,0.0
2025-04-02,cont,max_height,0.3,1.0,25.0,0.3,7.5
2025-04-02,act,log_ratio20,0.4,1.0,0.0,0.4,0.0
2025-04-02,act,advance_pct,0.3,1.0,52.677455083177925,0.3,15.803236524953377
2025-04-02,act,udens,0.3,1.0,0.0,0.3,0.0
2025-04-03,hit,all_drop,0.4,1.0,0.5178011769218964,0.4,0.20712047076875859
2025-04-03,hit,chain_drop,0.35,1.0,5.886004097982383,0.35,2.0601014342938337
2025-04-03,hit,ddens,0.25,1.0,100.0,0.25,25.0
2025-04-03,cont,m1raw,0.4,1.0,37.017296882528385,0.4,14.806918753011354
2025-04-03,cont,ladder,0.3,1.0,0.0,0.3,0.0
2025-04-03,cont,max_height,0.3,1.0,0.0,0.3,0.0
2025-04-03,act,log_ratio20,0.4,1.0,0.0,0.4,0.0
2025-04-03,act,advance_pct,0.3,1.0,27.979914827373513,0.3,8.393974448212054
2025-04-03,act,udens,0.3,1.0,19.227849760789034,0.3,5.76835492823671
2025-04-07,hit,all_drop,0.4,1.0,100.0,0.4,40.0
2025-04-07,hit,chain_drop,0.35,1.0,74.5468222177099,0.35,26.091387776198463
2025-04-07,hit,ddens,0.25,1.0,100.0,0.25,25.0
2025-04-07,cont,m1raw,0.4,1.0,11.553970497054697,0.4,4.621588198821879
2025-04-07,cont,ladder,0.3,1.0,0.0,0.3,0.0
2025-04-07,cont,max_height,0.3,1.0,0.0,0.3,0.0
2025-04-07,act,log_ratio20,0.4,1.0,76.46285463018067,0.4,30.58514185207227
2025-04-07,act,advance_pct,0.3,1.0,0.0,0.3,0.0
2025-04-07,act,udens,0.3,1.0,0.0,0.3,0.0
2025-04-08,hit,all_drop,0.4,1.0,0.0,0.4,0.0
2025-04-08,hit,chain_drop,0.35,1.0,0.0,0.35,0.0
2025-04-08,hit,ddens,0.25,1.0,100.0,0.25,25.0
2025-04-08,cont,m1raw,0.4,1.0,100.0,0.4,40.0
2025-04-08,cont,ladder,0.3,1.0,50.000000000000014,0.3,15.000000000000004
2025-04-08,cont,max_height,0.3,1.0,25.0,0.3,7.5
2025-04-08,act,log_ratio20,0.4,1.0,84.05404837797897,0.4,33.62161935119159
2025-04-08,act,advance_pct,0.3,1.0,67.56501511266075,0.3,20.269504533798223
2025-04-08,act,udens,0.3,1.0,100.0,0.3,30.0
2025-04-09,hit,all_drop,0.4,1.0,0.0,0.4,0.0
2025-04-09,hit,chain_drop,0.35,1.0,7.208262082922889,0.35,2.5228917290230113
2025-04-09,hit,ddens,0.25,1.0,23.993090904978875,0.25,5.998272726244719
2025-04-09,cont,m1raw,0.4,1.0,75.73413641629422,0.4,30.293654566517688
2025-04-09,cont,ladder,0.3,1.0,100.0,0.3,30.0
2025-04-09,cont,max_height,0.3,1.0,50.0,0.3,15.0
2025-04-09,act,log_ratio20,0.4,1.0,93.58158931714274,0.4,37.4326357268571
2025-04-09,act,advance_pct,0.3,1.0,100.0,0.3,30.0
2025-04-09,act,udens,0.3,1.0,100.0,0.3,30.0
2025-04-10,hit,all_drop,0.4,1.0,0.0,0.4,0.0
2025-04-10,hit,chain_drop,0.35,1.0,0.0,0.35,0.0
2025-04-10,hit,ddens,0.25,1.0,0.0,0.25,0.0
2025-04-10,cont,m1raw,0.4,1.0,41.20128531674672,0.4,16.48051412669869
2025-04-10,cont,ladder,0.3,1.0,50.000000000000014,0.3,15.000000000000004
2025-04-10,cont,max_height,0.3,1.0,50.0,0.3,15.0
2025-04-10,act,log_ratio20,0.4,1.0,78.84146184414256,0.4,31.536584737657023
2025-04-10,act,advance_pct,0.3,1.0,100.0,0.3,30.0
2025-04-10,act,udens,0.3,1.0,100.0,0.3,30.0
2025-04-11,hit,all_drop,0.4,1.0,29.832058807818562,0.4,11.932823523127425
2025-04-11,hit,chain_drop,0.35,1.0,44.02885201114946,0.35,15.41009820390231
2025-04-11,hit,ddens,0.25,1.0,28.799027514310254,0.25,7.199756878577563
2025-04-11,cont,m1raw,0.4,1.0,9.928075956033995,0.4,3.971230382413598
2025-04-11,cont,ladder,0.3,1.0,50.000000000000014,0.3,15.000000000000004
2025-04-11,cont,max_height,0.3,1.0,50.0,0.3,15.0
2025-04-11,act,log_ratio20,0.4,1.0,37.598249956406804,0.4,15.039299982562722
2025-04-11,act,advance_pct,0.3,1.0,68.69641529007069,0.3,20.608924587021207
2025-04-11,act,udens,0.3,1.0,88.74721422076811,0.3,26.624164266230434
2025-04-14,hit,all_drop,0.4,1.0,13.694507665343943,0.4,5.477803066137578
2025-04-14,hit,chain_drop,0.35,1.0,35.4655054378926,0.35,12.41292690326241
2025-04-14,hit,ddens,0.25,1.0,4.798232085020579,0.25,1.1995580212551447
2025-04-14,cont,m1raw,0.4,1.0,1.4437390543881161,0.4,0.5774956217552465
2025-04-14,cont,ladder,0.3,1.0,50.000000000000014,0.3,15.000000000000004
2025-04-14,cont,max_height,0.3,1.0,75.0,0.3,22.5
2025-04-14,act,log_ratio20,0.4,1.0,26.932349007351565,0.4,10.772939602940626
2025-04-14,act,advance_pct,0.3,1.0,100.0,0.3,30.0
2025-04-14,act,udens,0.3,1.0,100.0,0.3,30.0
2025-04-15,hit,all_drop,0.4,1.0,55.07321841885342,0.4,22.02928736754137
2025-04-15,hit,chain_drop,0.35,1.0,100.0,0.35,35.0
2025-04-15,hit,ddens,0.25,1.0,43.21877478025765,0.25,10.804693695064412
2025-04-15,cont,m1raw,0.4,1.0,0.0,0.4,0.0
2025-04-15,cont,ladder,0.3,1.0,0.0,0.3,0.0
2025-04-15,cont,max_height,0.3,1.0,0.0,0.3,0.0
2025-04-15,act,log_ratio20,0.4,1.0,0.0,0.4,0.0
2025-04-15,act,advance_pct,0.3,1.0,40.84688713414364,0.3,12.254066140243092
2025-04-15,act,udens,0.3,1.0,32.293868116942704,0.3,9.68816043508281
2025-04-16,hit,all_drop,0.4,1.0,79.69651898904709,0.4,31.87860759561884
2025-04-16,hit,chain_drop,0.35,1.0,50.17351817325972,0.35,17.5607313606409
2025-04-16,hit,ddens,0.25,1.0,23.99886842845232,0.25,5.99971710711308
2025-04-16,cont,m1raw,0.4,1.0,85.34698575627164,0.4,34.13879430250866
2025-04-16,cont,ladder,0.3,1.0,50.000000000000014,0.3,15.000000000000004
2025-04-16,cont,max_height,0.3,1.0,25.0,0.3,7.5
2025-04-16,act,log_ratio20,0.4,1.0,2.7965726615157083,0.4,1.1186290646062833
2025-04-16,act,advance_pct,0.3,1.0,0.0,0.3,0.0
2025-04-16,act,udens,0.3,1.0,8.340236159397756,0.3,2.502070847819327
2025-04-17,hit,all_drop,0.4,1.0,0.0,0.4,0.0
2025-04-17,hit,chain_drop,0.35,1.0,0.0,0.35,0.0
2025-04-17,hit,ddens,0.25,1.0,4.79630624386276,0.25,1.19907656096569
2025-04-17,cont,m1raw,0.4,1.0,100.0,0.4,40.0
2025-04-17,cont,ladder,0.3,1.0,50.000000000000014,0.3,15.000000000000004
2025-04-17,cont,max_height,0.3,1.0,50.0,0.3,15.0
2025-04-17,act,log_ratio20,0.4,1.0,0.0,0.4,0.0
2025-04-17,act,advance_pct,0.3,1.0,62.644229986849844,0.3,18.79326899605495
2025-04-17,act,udens,0.3,1.0,97.40236964612771,0.3,29.220710893838312
2025-04-18,hit,all_drop,0.4,1.0,95.11161846900416,0.4,38.044647387601664
2025-04-18,hit,chain_drop,0.35,1.0,71.5492034777472,0.35,25.04222121721152
2025-04-18,hit,ddens,0.25,1.0,52.776717484702914,0.25,13.194179371175728
2025-04-18,cont,m1raw,0.4,1.0,37.914349741480116,0.4,15.165739896592047
2025-04-18,cont,ladder,0.3,1.0,50.000000000000014,0.3,15.000000000000004
2025-04-18,cont,max_height,0.3,1.0,25.0,0.3,7.5
2025-04-18,act,log_ratio20,0.4,1.0,0.0,0.4,0.0
2025-04-18,act,advance_pct,0.3,1.0,38.09488447280408,0.3,11.428465341841225
2025-04-18,act,udens,0.3,1.0,38.71306750979864,0.3,11.613920252939591
2025-04-21,hit,all_drop,0.4,1.0,31.732037056156827,0.4,12.692814822462731
2025-04-21,hit,chain_drop,0.35,1.0,38.228830866768575,0.35,13.380090803369
2025-04-21,hit,ddens,0.25,1.0,47.96790022232325,0.25,11.991975055580813
2025-04-21,cont,m1raw,0.4,1.0,74.20861805577992,0.4,29.68344722231197
2025-04-21,cont,ladder,0.3,1.0,100.0,0.3,30.0
2025-04-21,cont,max_height,0.3,1.0,50.0,0.3,15.0
2025-04-21,act,log_ratio20,0.4,1.0,0.0,0.4,0.0
2025-04-21,act,advance_pct,0.3,1.0,100.0,0.3,30.0
2025-04-21,act,udens,0.3,1.0,100.0,0.3,30.0
2025-04-22,hit,all_drop,0.4,1.0,18.03091171714354,0.4,7.212364686857416
2025-04-22,hit,chain_drop,0.35,1.0,7.208262082922889,0.35,2.5228917290230113
2025-04-22,hit,ddens,0.25,1.0,52.811382628334094,0.25,13.202845657083524
2025-04-22,cont,m1raw,0.4,1.0,69.91002584783337,0.4,27.96401033913335
2025-04-22,cont,ladder,0.3,1.0,100.0,0.3,30.0
2025-04-22,cont,max_height,0.3,1.0,50.0,0.3,15.0
2025-04-22,act,log_ratio20,0.4,1.0,15.581450725384228,0.4,6.232580290153692
2025-04-22,act,advance_pct,0.3,1.0,46.933806871028914,0.3,14.080142061308674
2025-04-22,act,udens,0.3,1.0,84.4357802907319,0.3,25.330734087219568
2025-04-23,hit,all_drop,0.4,1.0,100.0,0.4,40.0
2025-04-23,hit,chain_drop,0.35,1.0,73.35619219906593,0.35,25.674667269673073
2025-04-23,hit,ddens,0.25,1.0,86.455867094273,0.25,21.61396677356825
2025-04-23,cont,m1raw,0.4,1.0,0.0,0.4,0.0
2025-04-23,cont,ladder,0.3,1.0,0.0,0.3,0.0
2025-04-23,cont,max_height,0.3,1.0,0.0,0.3,0.0
2025-04-23,act,log_ratio20,0.4,1.0,47.61305026865235,0.4,19.045220107460942
2025-04-23,act,advance_pct,0.3,1.0,66.4054987714923,0.3,19.92164963144769
2025-04-23,act,udens,0.3,1.0,43.19066237666771,0.3,12.957198713000313
2025-04-24,hit,all_drop,0.4,1.0,51.34815434620539,0.4,20.539261738482157
2025-04-24,hit,chain_drop,0.35,1.0,40.73587165192991,0.35,14.257555078175468
2025-04-24,hit,ddens,0.25,1.0,48.042074901874074,0.25,12.010518725468518
2025-04-24,cont,m1raw,0.4,1.0,81.19793788893418,0.4,32.47917515557367
2025-04-24,cont,ladder,0.3,1.0,50.000000000000014,0.3,15.000000000000004
2025-04-24,cont,max_height,0.3,1.0,25.0,0.3,7.5
2025-04-24,act,log_ratio20,0.4,1.0,23.407381215122335,0.4,9.362952486048934
2025-04-24,act,advance_pct,0.3,1.0,14.987495801964743,0.3,4.496248740589422
2025-04-24,act,udens,0.3,1.0,23.64313373161167,0.3,7.092940119483501
2025-04-25,hit,all_drop,0.4,1.0,86.43594043416117,0.4,34.57437617366447
2025-04-25,hit,chain_drop,0.35,1.0,78.70710501541356,0.35,27.547486755394743
2025-04-25,hit,ddens,0.25,1.0,81.70491911830413,0.25,20.426229779576033
2025-04-25,cont,m1raw,0.4,1.0,0.0,0.4,0.0
2025-04-25,cont,ladder,0.3,1.0,50.000000000000014,0.3,15.000000000000004
2025-04-25,cont,max_height,0.3,1.0,50.0,0.3,15.0
2025-04-25,act,log_ratio20,0.4,1.0,24.814125187853442,0.4,9.925650075141377
2025-04-25,act,advance_pct,0.3,1.0,56.12681102135363,0.3,16.83804330640609
2025-04-25,act,udens,0.3,1.0,51.97372327152336,0.3,15.592116981457007
2025-04-28,hit,all_drop,0.4,1.0,100.0,0.4,40.0
2025-04-28,hit,chain_drop,0.35,1.0,55.981300647924215,0.35,19.593455226773475
2025-04-28,hit,ddens,0.25,1.0,100.0,0.25,25.0
2025-04-28,cont,m1raw,0.4,1.0,49.81659102632999,0.4,19.926636410531998
2025-04-28,cont,ladder,0.3,1.0,0.0,0.3,0.0
2025-04-28,cont,max_height,0.3,1.0,0.0,0.3,0.0
2025-04-28,act,log_ratio20,0.4,1.0,13.054780509280892,0.4,5.221912203712357
2025-04-28,act,advance_pct,0.3,1.0,4.507568538403304,0.3,1.3522705615209911
2025-04-28,act,udens,0.3,1.0,2.1147056736433907,0.3,0.6344117020930172
2025-04-29,hit,all_drop,0.4,1.0,52.02921926815063,0.4,20.81168770726025
2025-04-29,hit,chain_drop,0.35,1.0,62.06251269082382,0.35,21.721879441788335
2025-04-29,hit,ddens,0.25,1.0,100.0,0.25,25.0
2025-04-29,cont,m1raw,0.4,1.0,18.012229690127775,0.4,7.204891876051111
2025-04-29,cont,ladder,0.3,1.0,0.0,0.3,0.0
2025-04-29,cont,max_height,0.3,1.0,0.0,0.3,0.0
2025-04-29,act,log_ratio20,0.4,1.0,5.858826051673838,0.4,2.3435304206695355
2025-04-29,act,advance_pct,0.3,1.0,79.48597430837023,0.3,23.845792292511067
2025-04-29,act,udens,0.3,1.0,44.37281320928426,0.3,13.311843962785277
2025-04-30,hit,all_drop,0.4,1.0,44.32387006103783,0.4,17.729548024415134
2025-04-30,hit,chain_drop,0.35,1.0,70.76474694707021,0.35,24.767661431474572
2025-04-30,hit,ddens,0.25,1.0,53.58471777887141,0.25,13.396179444717852
2025-04-30,cont,m1raw,0.4,1.0,34.20389788941333,0.4,13.681559155765331
2025-04-30,cont,ladder,0.3,1.0,0.0,0.3,0.0
2025-04-30,cont,max_height,0.3,1.0,0.0,0.3,0.0
2025-04-30,act,log_ratio20,0.4,1.0,39.68232794497769,0.4,15.872931177991077
2025-04-30,act,advance_pct,0.3,1.0,72.28055357505585,0.3,21.684166072516753
2025-04-30,act,udens,0.3,1.0,66.94488348862865,0.3,20.083465046588593
2025-05-06,hit,all_drop,0.4,1.0,0.0,0.4,0.0
2025-05-06,hit,chain_drop,0.35,1.0,22.39168958706366,0.35,7.83709135547228
2025-05-06,hit,ddens,0.25,1.0,4.921138007560326,0.25,1.2302845018900814
2025-05-06,cont,m1raw,0.4,1.0,58.22270822151364,0.4,23.289083288605458
2025-05-06,cont,ladder,0.3,1.0,0.0,0.3,0.0
2025-05-06,cont,max_height,0.3,1.0,25.0,0.3,7.5
2025-05-06,act,log_ratio20,0.4,1.0,70.92084847837717,0.4,28.36833939135087
2025-05-06,act,advance_pct,0.3,1.0,100.0,0.3,30.0
2025-05-06,act,udens,0.3,1.0,100.0,0.3,30.0
2025-05-07,hit,all_drop,0.4,1.0,0.0,0.4,0.0
2025-05-07,hit,chain_drop,0.35,1.0,0.0,0.35,0.0
2025-05-07,hit,ddens,0.25,1.0,0.0,0.25,0.0
2025-05-07,cont,m1raw,0.4,1.0,59.00276304155847,0.4,23.601105216623388
2025-05-07,cont,ladder,0.3,1.0,50.000000000000014,0.3,15.000000000000004
2025-05-07,cont,max_height,0.3,1.0,50.0,0.3,15.0
2025-05-07,act,log_ratio20,0.4,1.0,89.74327194456447,0.4,35.89730877782579
2025-05-07,act,advance_pct,0.3,1.0,69.49337900109988,0.3,20.848013700329965
2025-05-07,act,udens,0.3,1.0,51.35365002634325,0.3,15.406095007902975
2025-05-08,hit,all_drop,0.4,1.0,48.4051808266387,0.4,19.36207233065548
2025-05-08,hit,chain_drop,0.35,1.0,51.73513045654147,0.35,18.107295659789514
2025-05-08,hit,ddens,0.25,1.0,14.632514143943173,0.25,3.658128535985793
2025-05-08,cont,m1raw,0.4,1.0,17.327302410106434,0.4,6.930920964042574
2025-05-08,cont,ladder,0.3,1.0,0.0,0.3,0.0
2025-05-08,cont,max_height,0.3,1.0,0.0,0.3,0.0
2025-05-08,act,log_ratio20,0.4,1.0,56.53746840831002,0.4,22.61498736332401
2025-05-08,act,advance_pct,0.3,1.0,87.16981455080453,0.3,26.150944365241358
2025-05-08,act,udens,0.3,1.0,53.52469624416239,0.3,16.05740887324872
2025-05-09,hit,all_drop,0.4,1.0,93.8405225740236,0.4,37.53620902960944
2025-05-09,hit,chain_drop,0.35,1.0,30.30478865467065,0.35,10.606676029134727
2025-05-09,hit,ddens,0.25,1.0,24.343895091679475,0.25,6.085973772919869
2025-05-09,cont,m1raw,0.4,1.0,59.02106114167802,0.4,23.60842445667121
2025-05-09,cont,ladder,0.3,1.0,0.0,0.3,0.0
2025-05-09,cont,max_height,0.3,1.0,0.0,0.3,0.0
2025-05-09,act,log_ratio20,0.4,1.0,40.01495114542698,0.4,16.005980458170793
2025-05-09,act,advance_pct,0.3,1.0,0.0,0.3,0.0
2025-05-09,act,udens,0.3,1.0,0.0,0.3,0.0
2025-05-12,hit,all_drop,0.4,1.0,28.02337460080005,0.4,11.209349840320021
2025-05-12,hit,chain_drop,0.35,1.0,56.92191465034132,0.35,19.92267012761946
2025-05-12,hit,ddens,0.25,1.0,0.0,0.25,0.0
2025-05-12,cont,m1raw,0.4,1.0,44.19781083304485,0.4,17.67912433321794
2025-05-12,cont,ladder,0.3,1.0,50.000000000000014,0.3,15.000000000000004
2025-05-12,cont,max_height,0.3,1.0,25.0,0.3,7.5
2025-05-12,act,log_ratio20,0.4,1.0,66.29835218723822,0.4,26.519340874895292
2025-05-12,act,advance_pct,0.3,1.0,93.99110394451085,0.3,28.197331183353256
2025-05-12,act,udens,0.3,1.0,20.46309910443182,0.3,6.1389297313295454
2025-05-13,hit,all_drop,0.4,1.0,31.16926796740791,0.4,12.467707186963166
2025-05-13,hit,chain_drop,0.35,1.0,3.4849534752622966,0.35,1.2197337163418038
2025-05-13,hit,ddens,0.25,1.0,0.052620261501937174,0.25,0.013155065375484293
2025-05-13,cont,m1raw,0.4,1.0,94.71162376801388,0.4,37.88464950720555
2025-05-13,cont,ladder,0.3,1.0,0.0,0.3,0.0
2025-05-13,cont,max_height,0.3,1.0,25.0,0.3,7.5
2025-05-13,act,log_ratio20,0.4,1.0,67.08211957098733,0.4,26.832847828394932
2025-05-13,act,advance_pct,0.3,1.0,27.954575806422945,0.3,8.386372741926882
2025-05-13,act,udens,0.3,1.0,16.045081723017997,0.3,4.813524516905399
2025-05-14,hit,all_drop,0.4,1.0,6.720413640602192,0.4,2.688165456240877
2025-05-14,hit,chain_drop,0.35,1.0,40.73587165192991,0.35,14.257555078175468
2025-05-14,hit,ddens,0.25,1.0,0.0,0.25,0.0
2025-05-14,cont,m1raw,0.4,1.0,95.13436827363347,0.4,38.05374730945339
2025-05-14,cont,ladder,0.3,1.0,50.000000000000014,0.3,15.000000000000004
2025-05-14,cont,max_height,0.3,1.0,50.0,0.3,15.0
2025-05-14,act,log_ratio20,0.4,1.0,74.85555979592507,0.4,29.942223918370033
2025-05-14,act,advance_pct,0.3,1.0,36.21305240270594,0.3,10.863915720811782
2025-05-14,act,udens,0.3,1.0,44.590017263112706,0.3,13.377005178933812
2025-05-15,hit,all_drop,0.4,1.0,44.32387006103783,0.4,17.729548024415134
2025-05-15,hit,chain_drop,0.35,1.0,22.718546474845727,0.35,7.951491266196004
2025-05-15,hit,ddens,0.25,1.0,14.612799597148044,0.25,3.653199899287011
2025-05-15,cont,m1raw,0.4,1.0,100.0,0.4,40.0
2025-05-15,cont,ladder,0.3,1.0,50.000000000000014,0.3,15.000000000000004
2025-05-15,cont,max_height,0.3,1.0,75.0,0.3,22.5
2025-05-15,act,log_ratio20,0.4,1.0,43.592069980931605,0.4,17.436827992372642
2025-05-15,act,advance_pct,0.3,1.0,5.299556328225018,0.3,1.5898668984675053
2025-05-15,act,udens,0.3,1.0,20.418499740033266,0.3,6.12554992200998
2025-05-16,hit,all_drop,0.4,1.0,81.74411482061429,0.4,32.69764592824571
2025-05-16,hit,chain_drop,0.35,1.0,71.5492034777472,0.35,25.04222121721152
2025-05-16,hit,ddens,0.25,1.0,9.759078176187208,0.25,2.439769544046802
2025-05-16,cont,m1raw,0.4,1.0,40.324545480205174,0.4,16.12981819208207
2025-05-16,cont,ladder,0.3,1.0,50.000000000000014,0.3,15.000000000000004
2025-05-16,cont,max_height,0.3,1.0,100.0,0.3,30.0
2025-05-16,act,log_ratio20,0.4,1.0,31.58174685872885,0.4,12.63269874349154
2025-05-16,act,advance_pct,0.3,1.0,61.64689867134242,0.3,18.494069601402725
2025-05-16,act,udens,0.3,1.0,35.800374527447474,0.3,10.740112358234242
2025-05-19,hit,all_drop,0.4,1.0,33.28275556131764,0.4,13.313102224527057
2025-05-19,hit,chain_drop,0.35,1.0,61.64579218429843,0.35,21.57602726450445
2025-05-19,hit,ddens,0.25,1.0,0.049666678244059896,0.25,0.012416669561014974
2025-05-19,cont,m1raw,0.4,1.0,73.17326371832968,0.4,29.269305487331874
2025-05-19,cont,ladder,0.3,1.0,50.000000000000014,0.3,15.000000000000004
2025-05-19,cont,max_height,0.3,1.0,100.0,0.3,30.0
2025-05-19,act,log_ratio20,0.4,1.0,30.77503856978311,0.4,12.310015427913244
2025-05-19,act,advance_pct,0.3,1.0,76.66217030980059,0.3,22.998651092940175
2025-05-19,act,udens,0.3,1.0,92.85907742110898,0.3,27.85772322633269
2025-05-20,hit,all_drop,0.4,1.0,44.96248303644824,0.4,17.984993214579298
2025-05-20,hit,chain_drop,0.35,1.0,73.35619219906593,0.35,25.674667269673073
2025-05-20,hit,ddens,0.25,1.0,33.964764849364585,0.25,8.491191212341146
2025-05-20,cont,m1raw,0.4,1.0,69.00475130049955,0.4,27.60190052019982
2025-05-20,cont,ladder,0.3,1.0,0.0,0.3,0.0
2025-05-20,cont,max_height,0.3,1.0,0.0,0.3,0.0
2025-05-20,act,log_ratio20,0.4,1.0,48.52060617059383,0.4,19.408242468237532
2025-05-20,act,advance_pct,0.3,1.0,85.12878160286348,0.3,25.538634480859045
2025-05-20,act,udens,0.3,1.0,75.08671267339793,0.3,22.526013802019378
2025-05-21,hit,all_drop,0.4,1.0,51.09275500047592,0.4,20.437102000190368
2025-05-21,hit,chain_drop,0.35,1.0,39.69407038561644,0.35,13.892924634965754
2025-05-21,hit,ddens,0.25,1.0,9.741374633010455,0.25,2.435343658252614
2025-05-21,cont,m1raw,0.4,1.0,53.38718655985387,0.4,21.35487462394155
2025-05-21,cont,ladder,0.3,1.0,50.000000000000014,0.3,15.000000000000004
2025-05-21,cont,max_height,0.3,1.0,25.0,0.3,7.5
2025-05-21,act,log_ratio20,0.4,1.0,47.54873616200164,0.4,19.019494464800655
2025-05-21,act,advance_pct,0.3,1.0,15.16437154788575,0.3,4.549311464365725
2025-05-21,act,udens,0.3,1.0,29.063874783380605,0.3,8.719162435014182
2025-05-22,hit,all_drop,0.4,1.0,75.09432828336394,0.4,30.037731313345574
2025-05-22,hit,chain_drop,0.35,1.0,50.30142963886228,0.35,17.605500373601796
2025-05-22,hit,ddens,0.25,1.0,53.3953423761045,0.25,13.348835594026125
2025-05-22,cont,m1raw,0.4,1.0,31.628015986062984,0.4,12.651206394425195
2025-05-22,cont,ladder,0.3,1.0,0.0,0.3,0.0
2025-05-22,cont,max_height,0.3,1.0,0.0,0.3,0.0
2025-05-22,act,log_ratio20,0.4,1.0,30.21781450733577,0.4,12.08712580293431
2025-05-22,act,advance_pct,0.3,1.0,0.0,0.3,0.0
2025-05-22,act,udens,0.3,1.0,0.0,0.3,0.0
2025-05-23,hit,all_drop,0.4,1.0,82.93607012288786,0.4,33.174428049155146
2025-05-23,hit,chain_drop,0.35,1.0,90.2665226835016,0.35,31.59328293922556
2025-05-23,hit,ddens,0.25,1.0,43.66629495851531,0.25,10.916573739628827
2025-05-23,cont,m1raw,0.4,1.0,19.279407059024013,0.4,7.711762823609606
2025-05-23,cont,ladder,0.3,1.0,0.0,0.3,0.0
2025-05-23,cont,max_height,0.3,1.0,25.0,0.3,7.5
2025-05-23,act,log_ratio20,0.4,1.0,40.70026100229862,0.4,16.28010440091945
2025-05-23,act,advance_pct,0.3,1.0,0.0,0.3,0.0
2025-05-23,act,udens,0.3,1.0,2.7083312174322005,0.3,0.8124993652296602
2025-05-26,hit,all_drop,0.4,1.0,29.392103579085195,0.4,11.75684143163408
2025-05-26,hit,chain_drop,0.35,1.0,0.0,0.35,0.0
2025-05-26,hit,ddens,0.25,1.0,0.04671668669667026,0.25,0.011679171674167566
2025-05-26,cont,m1raw,0.4,1.0,51.7488497457572,0.4,20.69953989830288
2025-05-26,cont,ladder,0.3,1.0,0.0,0.3,0.0
2025-05-26,cont,max_height,0.3,1.0,0.0,0.3,0.0
2025-05-26,act,log_ratio20,0.4,1.0,8.13761507268138,0.4,3.255046029072552
2025-05-26,act,advance_pct,0.3,1.0,83.51459935712431,0.3,25.05437980713729
2025-05-26,act,udens,0.3,1.0,44.45418218840772,0.3,13.336254656522316
2025-05-27,hit,all_drop,0.4,1.0,0.0,0.4,0.0
2025-05-27,hit,chain_drop,0.35,1.0,0.0,0.35,0.0
2025-05-27,hit,ddens,0.25,1.0,0.045734153206621116,0.25,0.011433538301655279
2025-05-27,cont,m1raw,0.4,1.0,100.0,0.4,40.0
2025-05-27,cont,ladder,0.3,1.0,50.000000000000014,0.3,15.000000000000004
2025-05-27,cont,max_height,0.3,1.0,25.0,0.3,7.5
2025-05-27,act,log_ratio20,0.4,1.0,7.733455492388719,0.4,3.093382196955488
2025-05-27,act,advance_pct,0.3,1.0,48.07113986521218,0.3,14.421341959563653
2025-05-27,act,udens,0.3,1.0,46.62178726325663,0.3,13.986536178976989
2025-05-28,hit,all_drop,0.4,1.0,22.66010296957452,0.4,9.064041187829808
2025-05-28,hit,chain_drop,0.35,1.0,15.326823325272729,0.35,5.3643881638454545
2025-05-28,hit,ddens,0.25,1.0,24.278942540431068,0.25,6.069735635107767
2025-05-28,cont,m1raw,0.4,1.0,42.40639002462067,0.4,16.962556009848267
2025-05-28,cont,ladder,0.3,1.0,50.000000000000014,0.3,15.000000000000004
2025-05-28,cont,max_height,0.3,1.0,25.0,0.3,7.5
2025-05-28,act,log_ratio20,0.4,1.0,11.434434423357262,0.4,4.573773769342905
2025-05-28,act,advance_pct,0.3,1.0,21.039138649311223,0.3,6.311741594793367
2025-05-28,act,udens,0.3,1.0,35.6227475292946,0.3,10.686824258788379
2025-05-29,hit,all_drop,0.4,1.0,18.32782772838027,0.4,7.331131091352109
2025-05-29,hit,chain_drop,0.35,1.0,38.228830866768575,0.35,13.380090803369
2025-05-29,hit,ddens,0.25,1.0,19.427195748342125,0.25,4.856798937085531
2025-05-29,cont,m1raw,0.4,1.0,100.0,0.4,40.0
2025-05-29,cont,ladder,0.3,1.0,100.0,0.3,30.0
2025-05-29,cont,max_height,0.3,1.0,50.0,0.3,15.0
2025-05-29,act,log_ratio20,0.4,1.0,50.437963849091986,0.4,20.175185539636797
2025-05-29,act,advance_pct,0.3,1.0,100.0,0.3,30.0
2025-05-29,act,udens,0.3,1.0,100.0,0.3,30.0
2025-05-30,hit,all_drop,0.4,1.0,100.0,0.4,40.0
2025-05-30,hit,chain_drop,0.35,1.0,100.0,0.35,35.0
2025-05-30,hit,ddens,0.25,1.0,72.71591434721626,0.25,18.178978586804064
2025-05-30,cont,m1raw,0.4,1.0,0.0,0.4,0.0
2025-05-30,cont,ladder,0.3,1.0,0.0,0.3,0.0
2025-05-30,cont,max_height,0.3,1.0,0.0,0.3,0.0
2025-05-30,act,log_ratio20,0.4,1.0,39.67178377984152,0.4,15.868713511936608
2025-05-30,act,advance_pct,0.3,1.0,0.0,0.3,0.0
2025-05-30,act,udens,0.3,1.0,0.47759853367970545,0.3,0.14327956010391163
2025-06-03,hit,all_drop,0.4,1.0,21.973791254714346,0.4,8.789516501885739
2025-06-03,hit,chain_drop,0.35,1.0,8.757591420080109,0.35,3.065156997028038
2025-06-03,hit,ddens,0.25,1.0,29.118908482357103,0.25,7.279727120589276
2025-06-03,cont,m1raw,0.4,1.0,91.62221326359034,0.4,36.64888530543614
2025-06-03,cont,ladder,0.3,1.0,50.000000000000014,0.3,15.000000000000004
2025-06-03,cont,max_height,0.3,1.0,25.0,0.3,7.5
2025-06-03,act,log_ratio20,0.4,1.0,38.992186172717126,0.4,15.59687446908685
2025-06-03,act,advance_pct,0.3,1.0,72.53568727490904,0.3,21.76070618247271
2025-06-03,act,udens,0.3,1.0,59.72976294134108,0.3,17.918928882402323
2025-06-04,hit,all_drop,0.4,1.0,32.82960057756205,0.4,13.13184023102482
2025-06-04,hit,chain_drop,0.35,1.0,27.523166522068177,0.35,9.633108282723862
2025-06-04,hit,ddens,0.25,1.0,4.877862480537541,0.25,1.2194656201343852
2025-06-04,cont,m1raw,0.4,1.0,39.5988473433999,0.4,15.839538937359961
2025-06-04,cont,ladder,0.3,1.0,0.0,0.3,0.0
2025-06-04,cont,max_height,0.3,1.0,25.0,0.3,7.5
2025-06-04,act,log_ratio20,0.4,1.0,41.67974284936571,0.4,16.671897139746285
2025-06-04,act,advance_pct,0.3,1.0,90.99741896630769,0.3,27.299225689892307
2025-06-04,act,udens,0.3,1.0,66.12224139545555,0.3,19.836672418636663
2025-06-05,hit,all_drop,0.4,1.0,80.313768457886,0.4,32.1255073831544
2025-06-05,hit,chain_drop,0.35,1.0,75.58573920587745,0.35,26.455008722057105
2025-06-05,hit,ddens,0.25,1.0,19.397785331386793,0.25,4.849446332846698
2025-06-05,cont,m1raw,0.4,1.0,0.0,0.4,0.0
2025-06-05,cont,ladder,0.3,1.0,0.0,0.3,0.0
2025-06-05,cont,max_height,0.3,1.0,0.0,0.3,0.0
2025-06-05,act,log_ratio20,0.4,1.0,70.1850386075755,0.4,28.074015443030206
2025-06-05,act,advance_pct,0.3,1.0,50.92713333368516,0.3,15.278140000105548
2025-06-05,act,udens,0.3,1.0,55.166306476354286,0.3,16.549891942906285
2025-06-06,hit,all_drop,0.4,1.0,72.69983176217814,0.4,29.079932704871254
2025-06-06,hit,chain_drop,0.35,1.0,0.0,0.35,0.0
2025-06-06,hit,ddens,0.25,1.0,14.549980957928327,0.25,3.6374952394820816
2025-06-06,cont,m1raw,0.4,1.0,74.17295252075185,0.4,29.66918100830074
2025-06-06,cont,ladder,0.3,1.0,50.000000000000014,0.3,15.000000000000004
2025-06-06,cont,max_height,0.3,1.0,25.0,0.3,7.5
2025-06-06,act,log_ratio20,0.4,1.0,45.12110189747094,0.4,18.048440758988377
2025-06-06,act,advance_pct,0.3,1.0,46.42681773056781,0.3,13.928045319170343
2025-06-06,act,udens,0.3,1.0,20.063003572766718,0.3,6.018901071830015
2025-06-09,hit,all_drop,0.4,1.0,5.881844540804713,0.4,2.3527378163218855
2025-06-09,hit,chain_drop,0.35,1.0,0.0,0.35,0.0
2025-06-09,hit,ddens,0.25,1.0,4.877862480537541,0.25,1.2194656201343852
2025-06-09,cont,m1raw,0.4,1.0,54.691172213691615,0.4,21.876468885476648
2025-06-09,cont,ladder,0.3,1.0,50.000000000000014,0.3,15.000000000000004
2025-06-09,cont,max_height,0.3,1.0,50.0,0.3,15.0
2025-06-09,act,log_ratio20,0.4,1.0,72.70550997854092,0.4,29.082203991416367
2025-06-09,act,advance_pct,0.3,1.0,95.25875294439106,0.3,28.577625883317317
2025-06-09,act,udens,0.3,1.0,57.357493460174524,0.3,17.207248038052356
2025-06-10,hit,all_drop,0.4,1.0,20.46290074008703,0.4,8.185160296034812
2025-06-10,hit,chain_drop,0.35,1.0,0.0,0.35,0.0
2025-06-10,hit,ddens,0.25,1.0,4.870035556286695,0.25,1.2175088890716737
2025-06-10,cont,m1raw,0.4,1.0,45.38928204533168,0.4,18.155712818132674
2025-06-10,cont,ladder,0.3,1.0,50.000000000000014,0.3,15.000000000000004
2025-06-10,cont,max_height,0.3,1.0,75.0,0.3,22.5
2025-06-10,act,log_ratio20,0.4,1.0,94.37356268184469,0.4,37.74942507273788
2025-06-10,act,advance_pct,0.3,1.0,2.647686794510344,0.3,0.7943060383531032
2025-06-10,act,udens,0.3,1.0,9.071651969537578,0.3,2.7214955908612732
2025-06-11,hit,all_drop,0.4,1.0,35.92021842453154,0.4,14.368087369812617
2025-06-11,hit,chain_drop,0.35,1.0,8.757591420080109,0.35,3.065156997028038
2025-06-11,hit,ddens,0.25,1.0,24.196693166536164,0.25,6.049173291634041
2025-06-11,cont,m1raw,0.4,1.0,40.61367363912952,0.4,16.24546945565181
2025-06-11,cont,ladder,0.3,1.0,50.000000000000014,0.3,15.000000000000004
2025-06-11,cont,max_height,0.3,1.0,50.0,0.3,15.0
2025-06-11,act,log_ratio20,0.4,1.0,64.88230648667036,0.4,25.952922594668145
2025-06-11,act,advance_pct,0.3,1.0,72.08271262233423,0.3,21.62481378670027
2025-06-11,act,udens,0.3,1.0,22.14047065779314,0.3,6.642141197337942
2025-06-12,hit,all_drop,0.4,1.0,5.485021663221977,0.4,2.194008665288791
2025-06-12,hit,chain_drop,0.35,1.0,22.39168958706366,0.35,7.83709135547228
2025-06-12,hit,ddens,0.25,1.0,0.0,0.25,0.0
2025-06-12,cont,m1raw,0.4,1.0,90.0492958107895,0.4,36.019718324315804
2025-06-12,cont,ladder,0.3,1.0,50.000000000000014,0.3,15.000000000000004
2025-06-12,cont,max_height,0.3,1.0,75.0,0.3,22.5
2025-06-12,act,log_ratio20,0.4,1.0,68.31577658009903,0.4,27.32631063203961
2025-06-12,act,advance_pct,0.3,1.0,38.69227280542796,0.3,11.607681841628388
2025-06-12,act,udens,0.3,1.0,50.58561902007711,0.3,15.175685706023133
2025-06-13,hit,all_drop,0.4,1.0,100.0,0.4,40.0
2025-06-13,hit,chain_drop,0.35,1.0,100.0,0.35,35.0
2025-06-13,hit,ddens,0.25,1.0,43.5194507420584,0.25,10.8798626855146
2025-06-13,cont,m1raw,0.4,1.0,0.0,0.4,0.0
2025-06-13,cont,ladder,0.3,1.0,0.0,0.3,0.0
2025-06-13,cont,max_height,0.3,1.0,25.0,0.3,7.5
2025-06-13,act,log_ratio20,0.4,1.0,100.0,0.4,40.0
2025-06-13,act,advance_pct,0.3,1.0,0.0,0.3,0.0
2025-06-13,act,udens,0.3,1.0,33.056163204754164,0.3,9.916848961426249
2025-06-16,hit,all_drop,0.4,1.0,26.496201944007602,0.4,10.598480777603042
2025-06-16,hit,chain_drop,0.35,1.0,29.733127061593258,0.35,10.40659447155764
2025-06-16,hit,ddens,0.25,1.0,14.503133105490265,0.25,3.6257832763725664
2025-06-16,cont,m1raw,0.4,1.0,20.68151756392656,0.4,8.272607025570624
2025-06-16,cont,ladder,0.3,1.0,0.0,0.3,0.0
2025-06-16,cont,max_height,0.3,1.0,0.0,0.3,0.0
2025-06-16,act,log_ratio20,0.4,1.0,54.777266462273985,0.4,21.910906584909597
2025-06-16,act,advance_pct,0.3,1.0,76.96952386314425,0.3,23.090857158943273
2025-06-16,act,udens,0.3,1.0,30.722879677018295,0.3,9.216863903105487
2025-06-17,hit,all_drop,0.4,1.0,42.663568013840155,0.4,17.065427205536064
2025-06-17,hit,chain_drop,0.35,1.0,38.228830866768575,0.35,13.380090803369
2025-06-17,hit,ddens,0.25,1.0,33.761674354837574,0.25,8.440418588709393
2025-06-17,cont,m1raw,0.4,1.0,0.0,0.4,0.0
2025-06-17,cont,ladder,0.3,1.0,0.0,0.3,0.0
2025-06-17,cont,max_height,0.3,1.0,0.0,0.3,0.0
2025-06-17,act,log_ratio20,0.4,1.0,51.986090411772246,0.4,20.794436164708898
2025-06-17,act,advance_pct,0.3,1.0,36.58355096678557,0.3,10.97506529003567
2025-06-17,act,udens,0.3,1.0,8.754025738869606,0.3,2.6262077216608817
2025-06-18,hit,all_drop,0.4,1.0,63.73638419379505,0.4,25.49455367751802
2025-06-18,hit,chain_drop,0.35,1.0,50.17351817325972,0.35,17.5607313606409
2025-06-18,hit,ddens,0.25,1.0,43.4026144652208,0.25,10.8506536163052
2025-06-18,cont,m1raw,0.4,1.0,69.46463174623659,0.4,27.785852698494637
2025-06-18,cont,ladder,0.3,1.0,0.0,0.3,0.0
2025-06-18,cont,max_height,0.3,1.0,0.0,0.3,0.0
2025-06-18,act,log_ratio20,0.4,1.0,47.58977327723073,0.4,19.03590931089229
2025-06-18,act,advance_pct,0.3,1.0,22.892707204450062,0.3,6.867812161335018
2025-06-18,act,udens,0.3,1.0,0.0,0.3,0.0
2025-06-19,hit,all_drop,0.4,1.0,41.72693564990488,0.4,16.69077425996195
2025-06-19,hit,chain_drop,0.35,1.0,40.73587165192991,0.35,14.257555078175468
2025-06-19,hit,ddens,0.25,1.0,62.684494685987225,0.25,15.671123671496806
2025-06-19,cont,m1raw,0.4,1.0,16.87156287180142,0.4,6.748625148720568
2025-06-19,cont,ladder,0.3,1.0,0.0,0.3,0.0
2025-06-19,cont,max_height,0.3,1.0,25.0,0.3,7.5
2025-06-19,act,log_ratio20,0.4,1.0,58.94048656159474,0.4,23.576194624637896
2025-06-19,act,advance_pct,0.3,1.0,0.0,0.3,0.0
2025-06-19,act,udens,0.3,1.0,0.0,0.3,0.0
2025-06-20,hit,all_drop,0.4,1.0,86.32209775209913,0.4,34.528839100839654
2025-06-20,hit,chain_drop,0.35,1.0,55.981300647924215,0.35,19.593455226773475
2025-06-20,hit,ddens,0.25,1.0,62.684494685987225,0.25,15.671123671496806
2025-06-20,cont,m1raw,0.4,1.0,68.24166037893025,0.4,27.296664151572102
2025-06-20,cont,ladder,0.3,1.0,50.000000000000014,0.3,15.000000000000004
2025-06-20,cont,max_height,0.3,1.0,50.0,0.3,15.0
2025-06-20,act,log_ratio20,0.4,1.0,20.71166538199677,0.4,8.284666152798708
2025-06-20,act,advance_pct,0.3,1.0,14.130567196555349,0.3,4.239170158966605
2025-06-20,act,udens,0.3,1.0,6.571668845655116,0.3,1.971500653696535
2025-06-23,hit,all_drop,0.4,1.0,8.602915701372044,0.4,3.441166280548818
2025-06-23,hit,chain_drop,0.35,1.0,3.4849534752622966,0.35,1.2197337163418038
2025-06-23,hit,ddens,0.25,1.0,0.0,0.25,0.0
2025-06-23,cont,m1raw,0.4,1.0,100.0,0.4,40.0
2025-06-23,cont,ladder,0.3,1.0,100.0,0.3,30.0
2025-06-23,cont,max_height,0.3,1.0,75.0,0.3,22.5
2025-06-23,act,log_ratio20,0.4,1.0,32.930506969766746,0.4,13.172202787906699
2025-06-23,act,advance_pct,0.3,1.0,100.0,0.3,30.0
2025-06-23,act,udens,0.3,1.0,67.77269997842986,0.3,20.331809993528957
2025-06-24,hit,all_drop,0.4,1.0,24.14167805721178,0.4,9.656671222884713
2025-06-24,hit,chain_drop,0.35,1.0,53.73911525869143,0.35,18.808690340541997
2025-06-24,hit,ddens,0.25,1.0,81.98386149703852,0.25,20.49596537425963
2025-06-24,cont,m1raw,0.4,1.0,62.28342449419302,0.4,24.91336979767721
2025-06-24,cont,ladder,0.3,1.0,50.000000000000014,0.3,15.000000000000004
2025-06-24,cont,max_height,0.3,1.0,50.0,0.3,15.0
2025-06-24,act,log_ratio20,0.4,1.0,87.99993128067618,0.4,35.19997251227047
2025-06-24,act,advance_pct,0.3,1.0,100.0,0.3,30.0
2025-06-24,act,udens,0.3,1.0,67.70932846112464,0.3,20.312798538337393
2025-06-25,hit,all_drop,0.4,1.0,11.574308702625318,0.4,4.629723481050127
2025-06-25,hit,chain_drop,0.35,1.0,27.523166522068177,0.35,9.633108282723862
2025-06-25,hit,ddens,0.25,1.0,14.479794134071138,0.25,3.6199485335177846
2025-06-25,cont,m1raw,0.4,1.0,87.49876335425661,0.4,34.999505341702644
2025-06-25,cont,ladder,0.3,1.0,100.0,0.3,30.0
2025-06-25,cont,max_height,0.3,1.0,75.0,0.3,22.5
2025-06-25,act,log_ratio20,0.4,1.0,100.0,0.4,40.0
2025-06-25,act,advance_pct,0.3,1.0,90.45702117157578,0.3,27.13710635147273
2025-06-25,act,udens,0.3,1.0,54.583520496373886,0.3,16.375056148912165
2025-06-26,hit,all_drop,0.4,1.0,46.58136625113258,0.4,18.63254650045303
2025-06-26,hit,chain_drop,0.35,1.0,67.82317049793465,0.35,23.738109674277126
2025-06-26,hit,ddens,0.25,1.0,14.47202701212924,0.25,3.61800675303231
2025-06-26,cont,m1raw,0.4,1.0,48.053484227487914,0.4,19.221393690995168
2025-06-26,cont,ladder,0.3,1.0,50.000000000000014,0.3,15.000000000000004
2025-06-26,cont,max_height,0.3,1.0,25.0,0.3,7.5
2025-06-26,act,log_ratio20,0.4,1.0,100.0,0.4,40.0
2025-06-26,act,advance_pct,0.3,1.0,14.692560477540685,0.3,4.407768143262206
2025-06-26,act,udens,0.3,1.0,47.98106674149476,0.3,14.394320022448428
2025-06-27,hit,all_drop,0.4,1.0,83.44575776098809,0.4,33.378303104395236
2025-06-27,hit,chain_drop,0.35,1.0,54.699083704769166,0.35,19.144679296669207
2025-06-27,hit,ddens,0.25,1.0,9.653498737423105,0.25,2.413374684355776
2025-06-27,cont,m1raw,0.4,1.0,0.0,0.4,0.0
2025-06-27,cont,ladder,0.3,1.0,0.0,0.3,0.0
2025-06-27,cont,max_height,0.3,1.0,0.0,0.3,0.0
2025-06-27,act,log_ratio20,0.4,1.0,93.09543294879511,0.4,37.23817317951804
2025-06-27,act,advance_pct,0.3,1.0,72.82099464149255,0.3,21.846298392447764
2025-06-27,act,udens,0.3,1.0,28.347766570455157,0.3,8.504329971136547
2025-06-30,hit,all_drop,0.4,1.0,0.0,0.4,0.0
2025-06-30,hit,chain_drop,0.35,1.0,1.4269100843593645,0.35,0.49941852952577753
2025-06-30,hit,ddens,0.25,1.0,24.120734244454354,0.25,6.0301835611135886
2025-06-30,cont,m1raw,0.4,1.0,100.0,0.4,40.0
2025-06-30,cont,ladder,0.3,1.0,50.000000000000014,0.3,15.000000000000004
2025-06-30,cont,max_height,0.3,1.0,25.0,0.3,7.5
2025-06-30,act,log_ratio20,0.4,1.0,81.3045305171966,0.4,32.52181220687864
2025-06-30,act,advance_pct,0.3,1.0,93.67436945572462,0.3,28.102310836717383
2025-06-30,act,udens,0.3,1.0,80.77180321494775,0.3,24.231540964484324
2025-07-01,hit,all_drop,0.4,1.0,15.14196522048479,0.4,6.056786088193917
2025-07-01,hit,chain_drop,0.35,1.0,66.22334198333407,0.35,23.17816969416692
2025-07-01,hit,ddens,0.25,1.0,19.30026418926275,0.25,4.825066047315688
2025-07-01,cont,m1raw,0.4,1.0,0.0,0.4,0.0
2025-07-01,cont,ladder,0.3,1.0,0.0,0.3,0.0
2025-07-01,cont,max_height,0.3,1.0,0.0,0.3,0.0
2025-07-01,act,log_ratio20,0.4,1.0,74.78513201986897,0.4,29.914052807947588
2025-07-01,act,advance_pct,0.3,1.0,47.707361523683176,0.3,14.312208457104953
2025-07-01,act,udens,0.3,1.0,54.583520496373886,0.3,16.375056148912165
2025-07-02,hit,all_drop,0.4,1.0,98.81829727322369,0.4,39.52731890928948
2025-07-02,hit,chain_drop,0.35,1.0,48.26406531900238,0.35,16.892422861650832
2025-07-02,hit,ddens,0.25,1.0,33.76944617274196,0.25,8.44236154318549
2025-07-02,cont,m1raw,0.4,1.0,66.56264734565517,0.4,26.625058938262068
2025-07-02,cont,ladder,0.3,1.0,0.0,0.3,0.0
2025-07-02,cont,max_height,0.3,1.0,25.0,0.3,7.5
2025-07-02,act,log_ratio20,0.4,1.0,57.00710975801503,0.4,22.80284390320601
2025-07-02,act,advance_pct,0.3,1.0,26.12229226652837,0.3,7.83668767995851
2025-07-02,act,udens,0.3,1.0,39.33297126779418,0.3,11.799891380338254
2025-07-03,hit,all_drop,0.4,1.0,53.46341656339394,0.4,21.385366625357577
2025-07-03,hit,chain_drop,0.35,1.0,56.92191465034132,0.35,19.92267012761946
2025-07-03,hit,ddens,0.25,1.0,9.656410821392512,0.25,2.414102705348128
2025-07-03,cont,m1raw,0.4,1.0,59.248443436609996,0.4,23.699377374644
2025-07-03,cont,ladder,0.3,1.0,50.000000000000014,0.3,15.000000000000004
2025-07-03,cont,max_height,0.3,1.0,50.0,0.3,15.0
2025-07-03,act,log_ratio20,0.4,1.0,43.16619867626128,0.4,17.266479470504514
2025-07-03,act,advance_pct,0.3,1.0,69.79703735239386,0.3,20.939111205718156
2025-07-03,act,udens,0.3,1.0,45.826835444188916,0.3,13.748050633256675
2025-07-04,hit,all_drop,0.4,1.0,64.17676829683349,0.4,25.670707318733395
2025-07-04,hit,chain_drop,0.35,1.0,100.0,0.35,35.0
2025-07-04,hit,ddens,0.25,1.0,43.4026144652208,0.25,10.8506536163052
2025-07-04,cont,m1raw,0.4,1.0,15.989845078392282,0.4,6.395938031356913
2025-07-04,cont,ladder,0.3,1.0,0.0,0.3,0.0
2025-07-04,cont,max_height,0.3,1.0,0.0,0.3,0.0
2025-07-04,act,log_ratio20,0.4,1.0,63.55967671812427,0.4,25.42387068724971
2025-07-04,act,advance_pct,0.3,1.0,3.1436650772811063,0.3,0.9430995231843319
2025-07-04,act,udens,0.3,1.0,0.0,0.3,0.0
2025-07-07,hit,all_drop,0.4,1.0,11.43736482696301,0.4,4.574945930785204
2025-07-07,hit,chain_drop,0.35,1.0,22.39168958706366,0.35,7.83709135547228
2025-07-07,hit,ddens,0.25,1.0,9.662238510593673,0.25,2.415559627648418
2025-07-07,cont,m1raw,0.4,1.0,76.05164977981099,0.4,30.420659911924396
2025-07-07,cont,ladder,0.3,1.0,0.0,0.3,0.0
2025-07-07,cont,max_height,0.3,1.0,0.0,0.3,0.0
2025-07-07,act,log_ratio20,0.4,1.0,21.52175102152449,0.4,8.608700408609797
2025-07-07,act,advance_pct,0.3,1.0,70.52379967152385,0.3,21.157139901457153
2025-07-07,act,udens,0.3,1.0,61.160938339586835,0.3,18.34828150187605
2025-07-08,hit,all_drop,0.4,1.0,12.705979458292365,0.4,5.082391783316947
2025-07-08,hit,chain_drop,0.35,1.0,14.438465656323253,0.35,5.053462979713138
2025-07-08,hit,ddens,0.25,1.0,0.021299575384534763,0.25,0.005324893846133691
2025-07-08,cont,m1raw,0.4,1.0,54.4231210048246,0.4,21.769248401929843
2025-07-08,cont,ladder,0.3,1.0,0.0,0.3,0.0
2025-07-08,cont,max_height,0.3,1.0,0.0,0.3,0.0
2025-07-08,act,log_ratio20,0.4,1.0,65.97643265273564,0.4,26.39057306109426
2025-07-08,act,advance_pct,0.3,1.0,100.0,0.3,30.0
2025-07-08,act,udens,0.3,1.0,56.85431564272066,0.3,17.056294692816195
2025-07-09,hit,all_drop,0.4,1.0,0.0,0.4,0.0
2025-07-09,hit,chain_drop,0.35,1.0,7.208262082922889,0.35,2.5228917290230113
2025-07-09,hit,ddens,0.25,1.0,4.838854023687922,0.25,1.2097135059219806
2025-07-09,cont,m1raw,0.4,1.0,85.15478956424364,0.4,34.06191582569746
2025-07-09,cont,ladder,0.3,1.0,50.000000000000014,0.3,15.000000000000004
2025-07-09,cont,max_height,0.3,1.0,25.0,0.3,7.5
2025-07-09,act,log_ratio20,0.4,1.0,73.83768692067781,0.4,29.535074768271127
2025-07-09,act,advance_pct,0.3,1.0,25.288604862858783,0.3,7.586581458857634
2025-07-09,act,udens,0.3,1.0,26.21288088458552,0.3,7.863864265375655
2025-07-10,hit,all_drop,0.4,1.0,20.718728716808464,0.4,8.287491486723386
2025-07-10,hit,chain_drop,0.35,1.0,20.62958123692293,0.35,7.220353432923026
2025-07-10,hit,ddens,0.25,1.0,19.29540876011771,0.25,4.823852190029427
2025-07-10,cont,m1raw,0.4,1.0,75.32719059155426,0.4,30.130876236621702
2025-07-10,cont,ladder,0.3,1.0,50.000000000000014,0.3,15.000000000000004
2025-07-10,cont,max_height,0.3,1.0,50.0,0.3,15.0
2025-07-10,act,log_ratio20,0.4,1.0,69.90628165578333,0.4,27.962512662313333
2025-07-10,act,advance_pct,0.3,1.0,57.71730169055746,0.3,17.315190507167237
2025-07-10,act,udens,0.3,1.0,43.64491818773776,0.3,13.093475456321327
2025-07-11,hit,all_drop,0.4,1.0,31.732037056156827,0.4,12.692814822462731
2025-07-11,hit,chain_drop,0.35,1.0,53.73911525869143,0.35,18.808690340541997
2025-07-11,hit,ddens,0.25,1.0,24.109083561541507,0.25,6.027270890385377
2025-07-11,cont,m1raw,0.4,1.0,68.57747673630793,0.4,27.430990694523175
2025-07-11,cont,ladder,0.3,1.0,50.000000000000014,0.3,15.000000000000004
2025-07-11,cont,max_height,0.3,1.0,25.0,0.3,7.5
2025-07-11,act,log_ratio20,0.4,1.0,100.0,0.4,40.0
2025-07-11,act,advance_pct,0.3,1.0,57.903986227435446,0.3,17.371195868230632
2025-07-11,act,udens,0.3,1.0,43.61811114793041,0.3,13.085433344379124
2025-07-14,hit,all_drop,0.4,1.0,58.37243863137294,0.4,23.348975452549176
2025-07-14,hit,chain_drop,0.35,1.0,69.24939965061425,0.35,24.237289877714986
2025-07-14,hit,ddens,0.25,1.0,43.4026144652208,0.25,10.8506536163052
2025-07-14,cont,m1raw,0.4,1.0,49.99398449725836,0.4,19.997593798903345
2025-07-14,cont,ladder,0.3,1.0,0.0,0.3,0.0
2025-07-14,cont,max_height,0.3,1.0,0.0,0.3,0.0
2025-07-14,act,log_ratio20,0.4,1.0,60.17478820492127,0.4,24.06991528196851
2025-07-14,act,advance_pct,0.3,1.0,66.22422771224194,0.3,19.867268313672582
2025-07-14,act,udens,0.3,1.0,50.2188067099449,0.3,15.065642012983469
2025-07-15,hit,all_drop,0.4,1.0,56.17500700680819,0.4,22.470002802723275
2025-07-15,hit,chain_drop,0.35,1.0,79.97327804080163,0.35,27.99064731428057
2025-07-15,hit,ddens,0.25,1.0,77.12939639246893,0.25,19.282349098117233
2025-07-15,cont,m1raw,0.4,1.0,30.25884886198628,0.4,12.103539544794513
2025-07-15,cont,ladder,0.3,1.0,0.0,0.3,0.0
2025-07-15,cont,max_height,0.3,1.0,25.0,0.3,7.5
2025-07-15,act,log_ratio20,0.4,1.0,81.77796350994461,0.4,32.711185403977844
2025-07-15,act,advance_pct,0.3,1.0,6.934503610769441,0.3,2.0803510832308323
2025-07-15,act,udens,0.3,1.0,8.734242084519343,0.3,2.6202726253558026
2025-07-16,hit,all_drop,0.4,1.0,26.64816316811038,0.4,10.659265267244152
2025-07-16,hit,chain_drop,0.35,1.0,33.39547991311784,0.35,11.688417969591242
2025-07-16,hit,ddens,0.25,1.0,19.30026418926275,0.25,4.825066047315688
2025-07-16,cont,m1raw,0.4,1.0,69.94983812081995,0.4,27.97993524832798
2025-07-16,cont,ladder,0.3,1.0,50.000000000000014,0.3,15.000000000000004
2025-07-16,cont,max_height,0.3,1.0,50.0,0.3,15.0
2025-07-16,act,log_ratio20,0.4,1.0,51.96972353579583,0.4,20.787889414318332
2025-07-16,act,advance_pct,0.3,1.0,69.33889466817327,0.3,20.80166840045198
2025-07-16,act,udens,0.3,1.0,32.759951564228984,0.3,9.827985469268695
2025-07-17,hit,all_drop,0.4,1.0,26.496201944007602,0.4,10.598480777603042
2025-07-17,hit,chain_drop,0.35,1.0,66.22334198333407,0.35,23.17816969416692
2025-07-17,hit,ddens,0.25,1.0,0.017412882667307162,0.25,0.0043532206668267905
2025-07-17,cont,m1raw,0.4,1.0,46.095940407900024,0.4,18.43837616316001
2025-07-17,cont,ladder,0.3,1.0,50.000000000000014,0.3,15.000000000000004
2025-07-17,cont,max_height,0.3,1.0,75.0,0.3,22.5
2025-07-17,act,log_ratio20,0.4,1.0,65.34068417581791,0.4,26.136273670327167
2025-07-17,act,advance_pct,0.3,1.0,79.10493565273235,0.3,23.731480695819705
2025-07-17,act,udens,0.3,1.0,37.099166418384314,0.3,11.129749925515293
2025-07-18,hit,all_drop,0.4,1.0,39.85386303204642,0.4,15.941545212818568
2025-07-18,hit,chain_drop,0.35,1.0,73.75306887194726,0.35,25.81357410518154
2025-07-18,hit,ddens,0.25,1.0,0.016442188010839524,0.25,0.004110547002709881
2025-07-18,cont,m1raw,0.4,1.0,19.464575486835496,0.4,7.785830194734199
2025-07-18,cont,ladder,0.3,1.0,0.0,0.3,0.0
2025-07-18,cont,max_height,0.3,1.0,100.0,0.3,30.0
2025-07-18,act,log_ratio20,0.4,1.0,67.79197686830197,0.4,27.116790747320792
2025-07-18,act,advance_pct,0.3,1.0,49.65857561324333,0.3,14.897572683972998
2025-07-18,act,udens,0.3,1.0,8.714466399415558,0.3,2.6143399198246673
2025-07-21,hit,all_drop,0.4,1.0,18.064196575271197,0.4,7.225678630108479
2025-07-21,hit,chain_drop,0.35,1.0,33.39547991311784,0.35,11.688417969591242
2025-07-21,hit,ddens,0.25,1.0,0.018383968496314237,0.25,0.004595992124078559
2025-07-21,cont,m1raw,0.4,1.0,57.519615803865754,0.4,23.007846321546303
2025-07-21,cont,ladder,0.3,1.0,0.0,0.3,0.0
2025-07-21,cont,max_height,0.3,1.0,100.0,0.3,30.0
2025-07-21,act,log_ratio20,0.4,1.0,82.36324587456201,0.4,32.9452983498248
2025-07-21,act,advance_pct,0.3,1.0,92.57910195473778,0.3,27.773730586421333
2025-07-21,act,udens,0.3,1.0,100.0,0.3,30.0
2025-07-22,hit,all_drop,0.4,1.0,1.1347226530572307,0.4,0.4538890612228923
2025-07-22,hit,chain_drop,0.35,1.0,56.92191465034132,0.35,19.92267012761946
2025-07-22,hit,ddens,0.25,1.0,14.491456561624021,0.25,3.6228641404060054
2025-07-22,cont,m1raw,0.4,1.0,100.0,0.4,40.0
2025-07-22,cont,ladder,0.3,1.0,50.000000000000014,0.3,15.000000000000004
2025-07-22,cont,max_height,0.3,1.0,100.0,0.3,30.0
2025-07-22,act,log_ratio20,0.4,1.0,100.0,0.4,40.0
2025-07-22,act,advance_pct,0.3,1.0,45.017324643818036,0.3,13.50519739314541
2025-07-22,act,udens,0.3,1.0,100.0,0.3,30.0
2025-07-23,hit,all_drop,0.4,1.0,100.0,0.4,40.0
2025-07-23,hit,chain_drop,0.35,1.0,51.02957192697468,0.35,17.860350174441137
2025-07-23,hit,ddens,0.25,1.0,24.12656310788264,0.25,6.03164077697066
2025-07-23,cont,m1raw,0.4,1.0,20.099700819481598,0.4,8.03988032779264
2025-07-23,cont,ladder,0.3,1.0,0.0,0.3,0.0
2025-07-23,cont,max_height,0.3,1.0,0.0,0.3,0.0
2025-07-23,act,log_ratio20,0.4,1.0,95.88012903405647,0.4,38.352051613622585
2025-07-23,act,advance_pct,0.3,1.0,5.581887915720903,0.3,1.6745663747162707
2025-07-23,act,udens,0.3,1.0,19.6878009031808,0.3,5.90634027095424
2025-07-24,hit,all_drop,0.4,1.0,66.39001900176847,0.4,26.55600760070739
2025-07-24,hit,chain_drop,0.35,1.0,63.80614256715192,0.35,22.33214989850317
2025-07-24,hit,ddens,0.25,1.0,0.0,0.25,0.0
2025-07-24,cont,m1raw,0.4,1.0,45.60697865566967,0.4,18.24279146226787
2025-07-24,cont,ladder,0.3,1.0,0.0,0.3,0.0
2025-07-24,cont,max_height,0.3,1.0,0.0,0.3,0.0
2025-07-24,act,log_ratio20,0.4,1.0,91.30941429541487,0.4,36.52376571816595
2025-07-24,act,advance_pct,0.3,1.0,100.0,0.3,30.0
2025-07-24,act,udens,0.3,1.0,67.74100783280713,0.3,20.322302349842136
2025-07-25,hit,all_drop,0.4,1.0,100.0,0.4,40.0
2025-07-25,hit,chain_drop,0.35,1.0,84.7596840425371,0.35,29.665889414887985
2025-07-25,hit,ddens,0.25,1.0,48.22308452041241,0.25,12.055771130103102
2025-07-25,cont,m1raw,0.4,1.0,0.0,0.4,0.0
2025-07-25,cont,ladder,0.3,1.0,0.0,0.3,0.0
2025-07-25,cont,max_height,0.3,1.0,25.0,0.3,7.5
2025-07-25,act,log_ratio20,0.4,1.0,81.80511640256567,0.4,32.72204656102627
2025-07-25,act,advance_pct,0.3,1.0,46.4067313662613,0.3,13.92201940987839
2025-07-25,act,udens,0.3,1.0,8.754025738869606,0.3,2.6262077216608817
2025-07-28,hit,all_drop,0.4,1.0,45.192273680952724,0.4,18.07690947238109
2025-07-28,hit,chain_drop,0.35,1.0,50.17351817325972,0.35,17.5607313606409
2025-07-28,hit,ddens,0.25,1.0,14.475909790755113,0.25,3.618977447688778
2025-07-28,cont,m1raw,0.4,1.0,0.0,0.4,0.0
2025-07-28,cont,ladder,0.3,1.0,0.0,0.3,0.0
2025-07-28,cont,max_height,0.3,1.0,50.0,0.3,15.0
2025-07-28,act,log_ratio20,0.4,1.0,73.8757867094991,0.4,29.55031468379964
2025-07-28,act,advance_pct,0.3,1.0,54.397940899627926,0.3,16.319382269888376
2025-07-28,act,udens,0.3,1.0,30.55341464903084,0.3,9.166024394709252
2025-07-29,hit,all_drop,0.4,1.0,27.21014258647154,0.4,10.884057034588617
2025-07-29,hit,chain_drop,0.35,1.0,46.25136137928486,0.35,16.1879764827497
2025-07-29,hit,ddens,0.25,1.0,4.8272127194693075,0.25,1.2068031798673269
2025-07-29,cont,m1raw,0.4,1.0,0.0,0.4,0.0
2025-07-29,cont,ladder,0.3,1.0,0.0,0.3,0.0
2025-07-29,cont,max_height,0.3,1.0,75.0,0.3,22.5
2025-07-29,act,log_ratio20,0.4,1.0,80.09241094030325,0.4,32.036964376121304
2025-07-29,act,advance_pct,0.3,1.0,36.66851602907598,0.3,11.000554808722795
2025-07-29,act,udens,0.3,1.0,4.275999801414372,0.3,1.2827999404243116
2025-07-30,hit,all_drop,0.4,1.0,18.78095559983577,0.4,7.5123822399343085
2025-07-30,hit,chain_drop,0.35,1.0,1.4269100843593645,0.35,0.49941852952577753
2025-07-30,hit,ddens,0.25,1.0,28.9072436611734,0.25,7.22681091529335
2025-07-30,cont,m1raw,0.4,1.0,85.60299573739026,0.4,34.24119829495611
2025-07-30,cont,ladder,0.3,1.0,0.0,0.3,0.0
2025-07-30,cont,max_height,0.3,1.0,100.0,0.3,30.0
2025-07-30,act,log_ratio20,0.4,1.0,82.90002770696502,0.4,33.160011082786006
2025-07-30,act,advance_pct,0.3,1.0,19.518147082633792,0.3,5.855444124790138
2025-07-30,act,udens,0.3,1.0,15.195668549275654,0.3,4.558700564782696
2025-07-31,hit,all_drop,0.4,1.0,87.40282740279368,0.4,34.96113096111747
2025-07-31,hit,chain_drop,0.35,1.0,56.92191465034132,0.35,19.92267012761946
2025-07-31,hit,ddens,0.25,1.0,28.941204299645968,0.25,7.235301074911492
2025-07-31,cont,m1raw,0.4,1.0,58.785999860634405,0.4,23.514399944253764
2025-07-31,cont,ladder,0.3,1.0,50.000000000000014,0.3,15.000000000000004
2025-07-31,cont,max_height,0.3,1.0,100.0,0.3,30.0
2025-07-31,act,log_ratio20,0.4,1.0,90.94559299962363,0.4,36.37823719984945
2025-07-31,act,advance_pct,0.3,1.0,0.0,0.3,0.0
2025-07-31,act,udens,0.3,1.0,6.571668845655116,0.3,1.971500653696535
2025-08-01,hit,all_drop,0.4,1.0,55.90932007086781,0.4,22.363728028347126
2025-08-01,hit,chain_drop,0.35,1.0,76.99404739282969,0.35,26.94791658749039
2025-08-01,hit,ddens,0.25,1.0,28.941204299645968,0.25,7.235301074911492
2025-08-01,cont,m1raw,0.4,1.0,9.863437861692354,0.4,3.945375144676942
2025-08-01,cont,ladder,0.3,1.0,0.0,0.3,0.0
2025-08-01,cont,max_height,0.3,1.0,0.0,0.3,0.0
2025-08-01,act,log_ratio20,0.4,1.0,40.987418201559656,0.4,16.394967280623863
2025-08-01,act,advance_pct,0.3,1.0,69.44157599639078,0.3,20.832472798917234
2025-08-01,act,udens,0.3,1.0,0.0,0.3,0.0
2025-08-04,hit,all_drop,0.4,1.0,21.12236841341339,0.4,8.448947365365356
2025-08-04,hit,chain_drop,0.35,1.0,40.73587165192991,0.35,14.257555078175468
2025-08-04,hit,ddens,0.25,1.0,14.491456561624021,0.25,3.6228641404060054
2025-08-04,cont,m1raw,0.4,1.0,30.31505796641393,0.4,12.126023186565574
2025-08-04,cont,ladder,0.3,1.0,0.0,0.3,0.0
2025-08-04,cont,max_height,0.3,1.0,0.0,0.3,0.0
2025-08-04,act,log_ratio20,0.4,1.0,24.497192457820795,0.4,9.798876983128318
2025-08-04,act,advance_pct,0.3,1.0,88.58054060028137,0.3,26.57416218008441
2025-08-04,act,udens,0.3,1.0,30.650193237018613,0.3,9.195057971105584
2025-08-05,hit,all_drop,0.4,1.0,27.21014258647154,0.4,10.884057034588617
2025-08-05,hit,chain_drop,0.35,1.0,50.17351817325972,0.35,17.5607313606409
2025-08-05,hit,ddens,0.25,1.0,0.018383968496314237,0.25,0.004595992124078559
2025-08-05,cont,m1raw,0.4,1.0,49.94243724752832,0.4,19.976974899011328
2025-08-05,cont,ladder,0.3,1.0,0.0,0.3,0.0
2025-08-05,cont,max_height,0.3,1.0,0.0,0.3,0.0
2025-08-05,act,log_ratio20,0.4,1.0,37.35199464081453,0.4,14.940797856325814
2025-08-05,act,advance_pct,0.3,1.0,90.25165851514075,0.3,27.075497554542224
2025-08-05,act,udens,0.3,1.0,26.21288088458552,0.3,7.863864265375655
2025-08-06,hit,all_drop,0.4,1.0,36.70503088305186,0.4,14.682012353220745
2025-08-06,hit,chain_drop,0.35,1.0,22.39168958706366,0.35,7.83709135547228
2025-08-06,hit,ddens,0.25,1.0,19.29540876011771,0.25,4.823852190029427
2025-08-06,cont,m1raw,0.4,1.0,88.85794361401847,0.4,35.54317744560739
2025-08-06,cont,ladder,0.3,1.0,50.000000000000014,0.3,15.000000000000004
2025-08-06,cont,max_height,0.3,1.0,25.0,0.3,7.5
2025-08-06,act,log_ratio20,0.4,1.0,55.97984055088574,0.4,22.391936220354296
2025-08-06,act,advance_pct,0.3,1.0,70.61832249654137,0.3,21.18549674896241
2025-08-06,act,udens,0.3,1.0,45.826835444188916,0.3,13.748050633256675
2025-08-07,hit,all_drop,0.4,1.0,15.740658748364691,0.4,6.296263499345876
2025-08-07,hit,chain_drop,0.35,1.0,12.34551199033894,0.35,4.3209291966186285
2025-08-07,hit,ddens,0.25,1.0,33.738377681191864,0.25,8.434594420297966
2025-08-07,cont,m1raw,0.4,1.0,97.82632441841488,0.4,39.13052976736596
2025-08-07,cont,ladder,0.3,1.0,50.000000000000014,0.3,15.000000000000004
2025-08-07,cont,max_height,0.3,1.0,25.0,0.3,7.5
2025-08-07,act,log_ratio20,0.4,1.0,66.54139958485337,0.4,26.61655983394135
2025-08-07,act,advance_pct,0.3,1.0,30.246559493722923,0.3,9.073967848116876
2025-08-07,act,udens,0.3,1.0,39.22923787615216,0.3,11.768771362845648
2025-08-08,hit,all_drop,0.4,1.0,24.488243887077786,0.4,9.795297554831116
2025-08-08,hit,chain_drop,0.35,1.0,12.34551199033894,0.35,4.3209291966186285
2025-08-08,hit,ddens,0.25,1.0,4.833029855276496,0.25,1.208257463819124
2025-08-08,cont,m1raw,0.4,1.0,10.836324656558713,0.4,4.334529862623485
2025-08-08,cont,ladder,0.3,1.0,0.0,0.3,0.0
2025-08-08,cont,max_height,0.3,1.0,25.0,0.3,7.5
2025-08-08,act,log_ratio20,0.4,1.0,48.77407713182211,0.4,19.509630852728847
2025-08-08,act,advance_pct,0.3,1.0,43.6212746158817,0.3,13.08638238476451
2025-08-08,act,udens,0.3,1.0,43.591314904353354,0.3,13.077394471306006
2025-08-11,hit,all_drop,0.4,1.0,0.0,0.4,0.0
2025-08-11,hit,chain_drop,0.35,1.0,22.39168958706366,0.35,7.83709135547228
2025-08-11,hit,ddens,0.25,1.0,14.464266145167764,0.25,3.616066536291941
2025-08-11,cont,m1raw,0.4,1.0,29.08758804222141,0.4,11.635035216888564
2025-08-11,cont,ladder,0.3,1.0,0.0,0.3,0.0
2025-08-11,cont,max_height,0.3,1.0,0.0,0.3,0.0
2025-08-11,act,log_ratio20,0.4,1.0,64.42436806303333,0.4,25.769747225213333
2025-08-11,act,advance_pct,0.3,1.0,99.1113874747982,0.3,29.73341624243946
2025-08-11,act,udens,0.3,1.0,82.8153187998764,0.3,24.844595639962918
2025-08-12,hit,all_drop,0.4,1.0,14.767177103528676,0.4,5.906870841411471
2025-08-12,hit,chain_drop,0.35,1.0,69.24939965061425,0.35,24.237289877714986
2025-08-12,hit,ddens,0.25,1.0,14.460388054943959,0.25,3.6150970137359897
2025-08-12,cont,m1raw,0.4,1.0,28.431715763496733,0.4,11.372686305398695
2025-08-12,cont,ladder,0.3,1.0,0.0,0.3,0.0
2025-08-12,cont,max_height,0.3,1.0,0.0,0.3,0.0
2025-08-12,act,log_ratio20,0.4,1.0,68.82564749892886,0.4,27.530258999571544
2025-08-12,act,advance_pct,0.3,1.0,31.417193400155902,0.3,9.425158020046771
2025-08-12,act,udens,0.3,1.0,21.736149987091785,0.3,6.520844996127535
2025-08-13,hit,all_drop,0.4,1.0,0.0,0.4,0.0
2025-08-13,hit,chain_drop,0.35,1.0,4.496935742897748,0.35,1.5739275100142118
2025-08-13,hit,ddens,0.25,1.0,0.0,0.25,0.0
2025-08-13,cont,m1raw,0.4,1.0,100.0,0.4,40.0
2025-08-13,cont,ladder,0.3,1.0,50.000000000000014,0.3,15.000000000000004
2025-08-13,cont,max_height,0.3,1.0,25.0,0.3,7.5
2025-08-13,act,log_ratio20,0.4,1.0,98.68348987756485,0.4,39.47339595102594
2025-08-13,act,advance_pct,0.3,1.0,53.50565294360212,0.3,16.051695883080637
2025-08-13,act,udens,0.3,1.0,100.0,0.3,30.0
2025-08-14,hit,all_drop,0.4,1.0,77.50988124063359,0.4,31.003952496253437
2025-08-14,hit,chain_drop,0.35,1.0,69.95330095091268,0.35,24.483655332819435
2025-08-14,hit,ddens,0.25,1.0,48.15905734721001,0.25,12.039764336802502
2025-08-14,cont,m1raw,0.4,1.0,0.0,0.4,0.0
2025-08-14,cont,ladder,0.3,1.0,0.0,0.3,0.0
2025-08-14,cont,max_height,0.3,1.0,0.0,0.3,0.0
2025-08-14,act,log_ratio20,0.4,1.0,100.0,0.4,40.0
2025-08-14,act,advance_pct,0.3,1.0,0.0,0.3,0.0
2025-08-14,act,udens,0.3,1.0,6.455721528325932,0.3,1.9367164584977794
2025-08-15,hit,all_drop,0.4,1.0,8.602915701372044,0.4,3.441166280548818
2025-08-15,hit,chain_drop,0.35,1.0,0.0,0.35,0.0
2025-08-15,hit,ddens,0.25,1.0,4.8291509841243325,0.25,1.2072877460310831
2025-08-15,cont,m1raw,0.4,1.0,77.60634810924195,0.4,31.04253924369678
2025-08-15,cont,ladder,0.3,1.0,0.0,0.3,0.0
2025-08-15,cont,max_height,0.3,1.0,25.0,0.3,7.5
2025-08-15,act,log_ratio20,0.4,1.0,99.08479954394723,0.4,39.63391981757889
2025-08-15,act,advance_pct,0.3,1.0,100.0,0.3,30.0
2025-08-15,act,udens,0.3,1.0,98.04176676161332,0.3,29.412530028483992
2025-08-18,hit,all_drop,0.4,1.0,0.0,0.4,0.0
2025-08-18,hit,chain_drop,0.35,1.0,0.0,0.35,0.0
2025-08-18,hit,ddens,0.25,1.0,0.014501971270470702,0.25,0.0036254928176176755
2025-08-18,cont,m1raw,0.4,1.0,83.13625982244828,0.4,33.25450392897931
2025-08-18,cont,ladder,0.3,1.0,50.000000000000014,0.3,15.000000000000004
2025-08-18,cont,max_height,0.3,1.0,50.0,0.3,15.0
2025-08-18,act,log_ratio20,0.4,1.0,100.0,0.4,40.0
2025-08-18,act,advance_pct,0.3,1.0,91.04029466635087,0.3,27.31208839990526
2025-08-18,act,udens,0.3,1.0,100.0,0.3,30.0
2025-08-19,hit,all_drop,0.4,1.0,20.392158257466715,0.4,8.156863302986686
2025-08-19,hit,chain_drop,0.35,1.0,30.78424676499363,0.35,10.77448636774777
2025-08-19,hit,ddens,0.25,1.0,19.27600659035377,0.25,4.8190016475884425
2025-08-19,cont,m1raw,0.4,1.0,43.54114140882915,0.4,17.41645656353166
2025-08-19,cont,ladder,0.3,1.0,0.0,0.3,0.0
2025-08-19,cont,max_height,0.3,1.0,0.0,0.3,0.0
2025-08-19,act,log_ratio20,0.4,1.0,100.0,0.4,40.0
2025-08-19,act,advance_pct,0.3,1.0,57.60877236343733,0.3,17.2826317090312
2025-08-19,act,udens,0.3,1.0,93.68144580306922,0.3,28.104433740920765
2025-08-20,hit,all_drop,0.4,1.0,55.49890946419958,0.4,22.199563785679832
2025-08-20,hit,chain_drop,0.35,1.0,74.81344116787135,0.35,26.18470440875497
2025-08-20,hit,ddens,0.25,1.0,62.6165734090421,0.25,15.654143352260524
2025-08-20,cont,m1raw,0.4,1.0,0.0,0.4,0.0
2025-08-20,cont,ladder,0.3,1.0,50.000000000000014,0.3,15.000000000000004
2025-08-20,cont,max_height,0.3,1.0,25.0,0.3,7.5
2025-08-20,act,log_ratio20,0.4,1.0,100.0,0.4,40.0
2025-08-20,act,advance_pct,0.3,1.0,80.92816773283414,0.3,24.27845031985024
2025-08-20,act,udens,0.3,1.0,98.04176676161332,0.3,29.412530028483992
2025-08-21,hit,all_drop,0.4,1.0,93.88687280886315,0.4,37.55474912354526
2025-08-21,hit,chain_drop,0.35,1.0,73.75306887194726,0.35,25.81357410518154
2025-08-21,hit,ddens,0.25,1.0,52.98533633822247,0.25,13.246334084555617
2025-08-21,cont,m1raw,0.4,1.0,15.334122028280115,0.4,6.133648811312046
2025-08-21,cont,ladder,0.3,1.0,50.000000000000014,0.3,15.000000000000004
2025-08-21,cont,max_height,0.3,1.0,25.0,0.3,7.5
2025-08-21,act,log_ratio20,0.4,1.0,98.5143297270237,0.4,39.405731890809484
2025-08-21,act,advance_pct,0.3,1.0,33.77648706656115,0.3,10.132946119968345
2025-08-21,act,udens,0.3,1.0,2.1147056736433907,0.3,0.6344117020930172
2025-08-22,hit,all_drop,0.4,1.0,9.664326437763554,0.4,3.865730575105422
2025-08-22,hit,chain_drop,0.35,1.0,25.800214128809547,0.35,9.03007494508334
2025-08-22,hit,ddens,0.25,1.0,4.8291509841243325,0.25,1.2072877460310831
2025-08-22,cont,m1raw,0.4,1.0,97.2970774581013,0.4,38.918830983240525
2025-08-22,cont,ladder,0.3,1.0,100.0,0.3,30.0
2025-08-22,cont,max_height,0.3,1.0,50.0,0.3,15.0
2025-08-22,act,log_ratio20,0.4,1.0,100.0,0.4,40.0
2025-08-22,act,advance_pct,0.3,1.0,55.96752459550326,0.3,16.790257378650978
2025-08-22,act,udens,0.3,1.0,63.15919909326062,0.3,18.947759727978184
2025-08-25,hit,all_drop,0.4,1.0,6.1373264065166415,0.4,2.454930562606657
2025-08-25,hit,chain_drop,0.35,1.0,40.73587165192991,0.35,14.257555078175468
2025-08-25,hit,ddens,0.25,1.0,4.8291509841243325,0.25,1.2072877460310831
2025-08-25,cont,m1raw,0.4,1.0,19.663756720068275,0.4,7.86550268802731
2025-08-25,cont,ladder,0.3,1.0,50.000000000000014,0.3,15.000000000000004
2025-08-25,cont,max_height,0.3,1.0,50.0,0.3,15.0
2025-08-25,act,log_ratio20,0.4,1.0,100.0,0.4,40.0
2025-08-25,act,advance_pct,0.3,1.0,73.30320414430703,0.3,21.99096124329211
2025-08-25,act,udens,0.3,1.0,76.24016196889288,0.3,22.872048590667863
2025-08-26,hit,all_drop,0.4,1.0,10.195812638109084,0.4,4.078325055243634
2025-08-26,hit,chain_drop,0.35,1.0,0.0,0.35,0.0
2025-08-26,hit,ddens,0.25,1.0,0.012563316387006505,0.25,0.003140829096751626
2025-08-26,cont,m1raw,0.4,1.0,20.822178863545737,0.4,8.328871545418295
2025-08-26,cont,ladder,0.3,1.0,0.0,0.3,0.0
2025-08-26,cont,max_height,0.3,1.0,75.0,0.3,22.5
2025-08-26,act,log_ratio20,0.4,1.0,100.0,0.4,40.0
2025-08-26,act,advance_pct,0.3,1.0,54.51349352116186,0.3,16.354048056348557
2025-08-26,act,udens,0.3,1.0,65.3082081549379,0.3,19.59246244648137
2025-08-27,hit,all_drop,0.4,1.0,66.84193252757242,0.4,26.736773011028973
2025-08-27,hit,chain_drop,0.35,1.0,48.26406531900238,0.35,16.892422861650832
2025-08-27,hit,ddens,0.25,1.0,33.69961237866935,0.25,8.424903094667338
2025-08-27,cont,m1raw,0.4,1.0,17.226009349966336,0.4,6.890403739986535
2025-08-27,cont,ladder,0.3,1.0,0.0,0.3,0.0
2025-08-27,cont,max_height,0.3,1.0,0.0,0.3,0.0
2025-08-27,act,log_ratio20,0.4,1.0,100.0,0.4,40.0
2025-08-27,act,advance_pct,0.3,1.0,0.0,0.3,0.0
2025-08-27,act,udens,0.3,1.0,10.774824125404772,0.3,3.2324472376214315
2025-08-28,hit,all_drop,0.4,1.0,43.9857538714472,0.4,17.59430154857888
2025-08-28,hit,chain_drop,0.35,1.0,33.39547991311784,0.35,11.688417969591242
2025-08-28,hit,ddens,0.25,1.0,9.636050837816446,0.25,2.4090127094541116
2025-08-28,cont,m1raw,0.4,1.0,46.431810925157485,0.4,18.572724370062996
2025-08-28,cont,ladder,0.3,1.0,0.0,0.3,0.0
2025-08-28,cont,max_height,0.3,1.0,25.0,0.3,7.5
2025-08-28,act,log_ratio20,0.4,1.0,100.0,0.4,40.0
2025-08-28,act,advance_pct,0.3,1.0,56.04954984039284,0.3,16.81486495211785
2025-08-28,act,udens,0.3,1.0,34.742116394819085,0.3,10.422634918445725
2025-08-29,hit,all_drop,0.4,1.0,25.80529164484896,0.4,10.322116657939585
2025-08-29,hit,chain_drop,0.35,1.0,14.438465656323253,0.35,5.053462979713138
2025-08-29,hit,ddens,0.25,1.0,52.98533633822247,0.25,13.246334084555617
2025-08-29,cont,m1raw,0.4,1.0,26.92345054787485,0.4,10.76938021914994
2025-08-29,cont,ladder,0.3,1.0,50.000000000000014,0.3,15.000000000000004
2025-08-29,cont,max_height,0.3,1.0,50.0,0.3,15.0
2025-08-29,act,log_ratio20,0.4,1.0,98.86449766144956,0.4,39.545799064579825
2025-08-29,act,advance_pct,0.3,1.0,26.322486787193846,0.3,7.896746036158153
2025-08-29,act,udens,0.3,1.0,52.2583966969004,0.3,15.677519009070119
2025-09-01,hit,all_drop,0.4,1.0,0.0,0.4,0.0
2025-09-01,hit,chain_drop,0.35,1.0,1.4269100843593645,0.35,0.49941852952577753
2025-09-01,hit,ddens,0.25,1.0,0.013532448714519368,0.25,0.003383112178629842
2025-09-01,cont,m1raw,0.4,1.0,71.78649624906006,0.4,28.714598499624028
2025-09-01,cont,ladder,0.3,1.0,100.0,0.3,30.0
2025-09-01,cont,max_height,0.3,1.0,75.0,0.3,22.5
2025-09-01,act,log_ratio20,0.4,1.0,88.51023482780232,0.4,35.40409393112093
2025-09-01,act,advance_pct,0.3,1.0,66.66982774890677,0.3,20.00094832467203
2025-09-01,act,udens,0.3,1.0,100.0,0.3,30.0
2025-09-02,hit,all_drop,0.4,1.0,64.4061060886179,0.4,25.762442435447163
2025-09-02,hit,chain_drop,0.35,1.0,71.309508426707,0.35,24.95832794934745
2025-09-02,hit,ddens,0.25,1.0,91.49090197495072,0.25,22.87272549373768
2025-09-02,cont,m1raw,0.4,1.0,18.29101390489897,0.4,7.316405561959589
2025-09-02,cont,ladder,0.3,1.0,50.000000000000014,0.3,15.000000000000004
2025-09-02,cont,max_height,0.3,1.0,100.0,0.3,30.0
2025-09-02,act,log_ratio20,0.4,1.0,92.71860057742335,0.4,37.08744023096934
2025-09-02,act,advance_pct,0.3,1.0,0.0897307483635201,0.3,0.02691922450905603
2025-09-02,act,udens,0.3,1.0,2.0962780745028304,0.3,0.6288834223508492
2025-09-03,hit,all_drop,0.4,1.0,78.71154643238928,0.4,31.484618572955714
2025-09-03,hit,chain_drop,0.35,1.0,56.92191465034132,0.35,19.92267012761946
2025-09-03,hit,ddens,0.25,1.0,76.99756778027398,0.25,19.249391945068496
2025-09-03,cont,m1raw,0.4,1.0,14.726824745189763,0.4,5.8907298980759055
2025-09-03,cont,ladder,0.3,1.0,0.0,0.3,0.0
2025-09-03,cont,max_height,0.3,1.0,100.0,0.3,30.0
2025-09-03,act,log_ratio20,0.4,1.0,40.06088204492349,0.4,16.024352817969397
2025-09-03,act,advance_pct,0.3,1.0,0.0,0.3,0.0
2025-09-03,act,udens,0.3,1.0,0.0,0.3,0.0
2025-09-04,hit,all_drop,0.4,1.0,100.0,0.4,40.0
2025-09-04,hit,chain_drop,0.35,1.0,34.321525483174256,0.35,12.01253391911099
2025-09-04,hit,ddens,0.25,1.0,100.0,0.25,25.0
2025-09-04,cont,m1raw,0.4,1.0,0.0,0.4,0.0
2025-09-04,cont,ladder,0.3,1.0,0.0,0.3,0.0
2025-09-04,cont,max_height,0.3,1.0,0.0,0.3,0.0
2025-09-04,act,log_ratio20,0.4,1.0,54.430198852744816,0.4,21.772079541097927
2025-09-04,act,advance_pct,0.3,1.0,35.54633391025671,0.3,10.663900173077014
2025-09-04,act,udens,0.3,1.0,0.0,0.3,0.0
2025-09-05,hit,all_drop,0.4,1.0,12.083355557911652,0.4,4.833342223164661
2025-09-05,hit,chain_drop,0.35,1.0,8.723609379378852,0.35,3.053263282782598
2025-09-05,hit,ddens,0.25,1.0,9.630244227350124,0.25,2.407561056837531
2025-09-05,cont,m1raw,0.4,1.0,42.48900210209395,0.4,16.99560084083758
2025-09-05,cont,ladder,0.3,1.0,0.0,0.3,0.0
2025-09-05,cont,max_height,0.3,1.0,0.0,0.3,0.0
2025-09-05,act,log_ratio20,0.4,1.0,27.572070950682814,0.4,11.028828380273126
2025-09-05,act,advance_pct,0.3,1.0,100.0,0.3,30.0
2025-09-05,act,udens,0.3,1.0,100.0,0.3,30.0
2025-09-08,hit,all_drop,0.4,1.0,6.049554944056339,0.4,2.419821977622536
2025-09-08,hit,chain_drop,0.35,1.0,39.74417816322454,0.35,13.910462357128589
2025-09-08,hit,ddens,0.25,1.0,9.630244227350124,0.25,2.407561056837531
2025-09-08,cont,m1raw,0.4,1.0,75.57780684823918,0.4,30.23112273929567
2025-09-08,cont,ladder,0.3,1.0,0.0,0.3,0.0
2025-09-08,cont,max_height,0.3,1.0,0.0,0.3,0.0
2025-09-08,act,log_ratio20,0.4,1.0,36.22930300039185,0.4,14.491721200156741
2025-09-08,act,advance_pct,0.3,1.0,91.84512902064218,0.3,27.55353870619265
2025-09-08,act,udens,0.3,1.0,63.00575928474559,0.3,18.901727785423674
2025-09-09,hit,all_drop,0.4,1.0,18.500066748411538,0.4,7.4000266993646155
2025-09-09,hit,chain_drop,0.35,1.0,40.73587165192991,0.35,14.257555078175468
2025-09-09,hit,ddens,0.25,1.0,19.237295830422823,0.25,4.809323957605706
2025-09-09,cont,m1raw,0.4,1.0,14.559355023692907,0.4,5.823742009477163
2025-09-09,cont,ladder,0.3,1.0,50.000000000000014,0.3,15.000000000000004
2025-09-09,cont,max_height,0.3,1.0,25.0,0.3,7.5
2025-09-09,act,log_ratio20,0.4,1.0,2.075747901344189,0.4,0.8302991605376756
2025-09-09,act,advance_pct,0.3,1.0,5.29812266992327,0.3,1.589436800976981
2025-09-09,act,udens,0.3,1.0,21.557390848116103,0.3,6.467217254434831
2025-09-10,hit,all_drop,0.4,1.0,0.0,0.4,0.0
2025-09-10,hit,chain_drop,0.35,1.0,3.4849534752622966,0.35,1.2197337163418038
2025-09-10,hit,ddens,0.25,1.0,9.61864500668382,0.25,2.404661251670955
2025-09-10,cont,m1raw,0.4,1.0,28.265067312634567,0.4,11.306026925053828
2025-09-10,cont,ladder,0.3,1.0,0.0,0.3,0.0
2025-09-10,cont,max_height,0.3,1.0,50.0,0.3,15.0
2025-09-10,act,log_ratio20,0.4,1.0,0.0,0.4,0.0
2025-09-10,act,advance_pct,0.3,1.0,42.5268405972284,0.3,12.75805217916852
2025-09-10,act,udens,0.3,1.0,17.182650251903336,0.3,5.154795075571001
2025-09-11,hit,all_drop,0.4,1.0,0.0,0.4,0.0
2025-09-11,hit,chain_drop,0.35,1.0,22.39168958706366,0.35,7.83709135547228
2025-09-11,hit,ddens,0.25,1.0,9.624442285515332,0.25,2.406110571378833
2025-09-11,cont,m1raw,0.4,1.0,46.23284364870978,0.4,18.493137459483915
2025-09-11,cont,ladder,0.3,1.0,0.0,0.3,0.0
2025-09-11,cont,max_height,0.3,1.0,0.0,0.3,0.0
2025-09-11,act,log_ratio20,0.4,1.0,35.03220593298115,0.4,14.012882373192461
2025-09-11,act,advance_pct,0.3,1.0,100.0,0.3,30.0
2025-09-11,act,udens,0.3,1.0,100.0,0.3,30.0
2025-09-12,hit,all_drop,0.4,1.0,11.457877772958765,0.4,4.583151109183507
2025-09-12,hit,chain_drop,0.35,1.0,0.0,0.35,0.0
2025-09-12,hit,ddens,0.25,1.0,4.811734642224116,0.25,1.202933660556029
2025-09-12,cont,m1raw,0.4,1.0,83.31169379248152,0.4,33.32467751699261
2025-09-12,cont,ladder,0.3,1.0,0.0,0.3,0.0
2025-09-12,cont,max_height,0.3,1.0,0.0,0.3,0.0
2025-09-12,act,log_ratio20,0.4,1.0,42.255838773789186,0.4,16.902335509515677
2025-09-12,act,advance_pct,0.3,1.0,26.519481037820658,0.3,7.955844311346197
2025-09-12,act,udens,0.3,1.0,54.178357191304535,0.3,16.25350715739136
2025-09-15,hit,all_drop,0.4,1.0,27.61155645672952,0.4,11.044622582691808
2025-09-15,hit,chain_drop,0.35,1.0,38.228830866768575,0.35,13.380090803369
2025-09-15,hit,ddens,0.25,1.0,9.624442285515332,0.25,2.406110571378833
2025-09-15,cont,m1raw,0.4,1.0,0.0,0.4,0.0
2025-09-15,cont,ladder,0.3,1.0,0.0,0.3,0.0
2025-09-15,cont,max_height,0.3,1.0,0.0,0.3,0.0
2025-09-15,act,log_ratio20,0.4,1.0,16.92991184176174,0.4,6.771964736704696
2025-09-15,act,advance_pct,0.3,1.0,24.768538555056658,0.3,7.430561566516997
2025-09-15,act,udens,0.3,1.0,56.413190969056814,0.3,16.923957290717045
2025-09-16,hit,all_drop,0.4,1.0,7.0738915319476865,0.4,2.8295566127790748
2025-09-16,hit,chain_drop,0.35,1.0,0.0,0.35,0.0
2025-09-16,hit,ddens,0.25,1.0,0.004824277764411149,0.25,0.0012060694411027873
2025-09-16,cont,m1raw,0.4,1.0,91.62413961411426,0.4,36.649655845645704
2025-09-16,cont,ladder,0.3,1.0,0.0,0.3,0.0
2025-09-16,cont,max_height,0.3,1.0,0.0,0.3,0.0
2025-09-16,act,log_ratio20,0.4,1.0,25.73134430276224,0.4,10.292537721104896
2025-09-16,act,advance_pct,0.3,1.0,82.05034245180019,0.3,24.615102735540056
2025-09-16,act,udens,0.3,1.0,62.8832294123401,0.3,18.86496882370203
2025-09-17,hit,all_drop,0.4,1.0,24.68143691935898,0.4,9.872574767743593
2025-09-17,hit,chain_drop,0.35,1.0,30.30478865467065,0.35,10.606676029134727
2025-09-17,hit,ddens,0.25,1.0,0.0,0.25,0.0
2025-09-17,cont,m1raw,0.4,1.0,46.97086306819746,0.4,18.788345227278985
2025-09-17,cont,ladder,0.3,1.0,0.0,0.3,0.0
2025-09-17,cont,max_height,0.3,1.0,0.0,0.3,0.0
2025-09-17,act,log_ratio20,0.4,1.0,30.41878077086182,0.4,12.167512308344728
2025-09-17,act,advance_pct,0.3,1.0,43.60061052098465,0.3,13.080183156295396
2025-09-17,act,udens,0.3,1.0,56.38387721796663,0.3,16.915163165389988
2025-09-18,hit,all_drop,0.4,1.0,7.0738915319476865,0.4,2.8295566127790748
2025-09-18,hit,chain_drop,0.35,1.0,0.0,0.35,0.0
2025-09-18,hit,ddens,0.25,1.0,0.0,0.25,0.0
2025-09-18,cont,m1raw,0.4,1.0,100.0,0.4,40.0
2025-09-18,cont,ladder,0.3,1.0,50.000000000000014,0.3,15.000000000000004
2025-09-18,cont,max_height,0.3,1.0,25.0,0.3,7.5
2025-09-18,act,log_ratio20,0.4,1.0,96.16503361893747,0.4,38.466013447574994
2025-09-18,act,advance_pct,0.3,1.0,0.0,0.3,0.0
2025-09-18,act,udens,0.3,1.0,28.087357042463086,0.3,8.426207112738926
2025-09-19,hit,all_drop,0.4,1.0,100.0,0.4,40.0
2025-09-19,hit,chain_drop,0.35,1.0,100.0,0.35,35.0
2025-09-19,hit,ddens,0.25,1.0,100.0,0.25,25.0
2025-09-19,cont,m1raw,0.4,1.0,1.1827999652202354,0.4,0.4731199860880942
2025-09-19,cont,ladder,0.3,1.0,50.000000000000014,0.3,15.000000000000004
2025-09-19,cont,max_height,0.3,1.0,25.0,0.3,7.5
2025-09-19,act,log_ratio20,0.4,1.0,21.942444619879716,0.4,8.776977847951887
2025-09-19,act,advance_pct,0.3,1.0,25.71246111460661,0.3,7.713738334381983
2025-09-19,act,udens,0.3,1.0,19.380735450000447,0.3,5.814220635000134
2025-09-22,hit,all_drop,0.4,1.0,64.88583253621215,0.4,25.95433301448486
2025-09-22,hit,chain_drop,0.35,1.0,83.38915372971773,0.35,29.186203805401206
2025-09-22,hit,ddens,0.25,1.0,38.50361301934726,0.25,9.625903254836816
2025-09-22,cont,m1raw,0.4,1.0,58.42176967408995,0.4,23.368707869635983
2025-09-22,cont,ladder,0.3,1.0,50.000000000000014,0.3,15.000000000000004
2025-09-22,cont,max_height,0.3,1.0,25.0,0.3,7.5
2025-09-22,act,log_ratio20,0.4,1.0,1.393299131109428,0.4,0.5573196524437712
2025-09-22,act,advance_pct,0.3,1.0,35.1564071696492,0.3,10.54692215089476
2025-09-22,act,udens,0.3,1.0,49.965983385228164,0.3,14.989795015568449
2025-09-23,hit,all_drop,0.4,1.0,14.81077772366344,0.4,5.924311089465377
2025-09-23,hit,chain_drop,0.35,1.0,40.73587165192991,0.35,14.257555078175468
2025-09-23,hit,ddens,0.25,1.0,38.50361301934726,0.25,9.625903254836816
2025-09-23,cont,m1raw,0.4,1.0,100.0,0.4,40.0
2025-09-23,cont,ladder,0.3,1.0,50.000000000000014,0.3,15.000000000000004
2025-09-23,cont,max_height,0.3,1.0,50.0,0.3,15.0
2025-09-23,act,log_ratio20,0.4,1.0,44.480493506524624,0.4,17.79219740260985
2025-09-23,act,advance_pct,0.3,1.0,1.5037308177867494,0.3,0.4511192453360248
2025-09-23,act,udens,0.3,1.0,21.6466985112729,0.3,6.494009553381869
2025-09-24,hit,all_drop,0.4,1.0,22.74012682520684,0.4,9.096050730082736
2025-09-24,hit,chain_drop,0.35,1.0,38.228830866768575,0.35,13.380090803369
2025-09-24,hit,ddens,0.25,1.0,33.69961237866935,0.25,8.424903094667338
2025-09-24,cont,m1raw,0.4,1.0,13.890104030653442,0.4,5.556041612261377
2025-09-24,cont,ladder,0.3,1.0,0.0,0.3,0.0
2025-09-24,cont,max_height,0.3,1.0,0.0,0.3,0.0
2025-09-24,act,log_ratio20,0.4,1.0,28.8646556539324,0.4,11.54586226157296
2025-09-24,act,advance_pct,0.3,1.0,100.0,0.3,30.0
2025-09-24,act,udens,0.3,1.0,78.31901143011788,0.3,23.495703429035363
2025-09-25,hit,all_drop,0.4,1.0,49.448047888175815,0.4,19.779219155270326
2025-09-25,hit,chain_drop,0.35,1.0,76.99404739282969,0.35,26.94791658749039
2025-09-25,hit,ddens,0.25,1.0,24.074187762328187,0.25,6.018546940582047
2025-09-25,cont,m1raw,0.4,1.0,32.97290875730289,0.4,13.189163502921156
2025-09-25,cont,ladder,0.3,1.0,50.000000000000014,0.3,15.000000000000004
2025-09-25,cont,max_height,0.3,1.0,25.0,0.3,7.5
2025-09-25,act,log_ratio20,0.4,1.0,37.32229421464111,0.4,14.928917685856446
2025-09-25,act,advance_pct,0.3,1.0,12.309355856102448,0.3,3.692806756830734
2025-09-25,act,udens,0.3,1.0,0.0,0.3,0.0
2025-09-26,hit,all_drop,0.4,1.0,100.0,0.4,40.0
2025-09-26,hit,chain_drop,0.35,1.0,100.0,0.35,35.0
2025-09-26,hit,ddens,0.25,1.0,96.2852077890059,0.25,24.071301947251474
2025-09-26,cont,m1raw,0.4,1.0,37.888128506653906,0.4,15.155251402661563
2025-09-26,cont,ladder,0.3,1.0,0.0,0.3,0.0
2025-09-26,cont,max_height,0.3,1.0,25.0,0.3,7.5
2025-09-26,act,log_ratio20,0.4,1.0,16.678653383988273,0.4,6.671461353595309
2025-09-26,act,advance_pct,0.3,1.0,21.2736685151612,0.3,6.3821005545483604
2025-09-26,act,udens,0.3,1.0,12.974273646451994,0.3,3.892282093935598
2025-09-29,hit,all_drop,0.4,1.0,51.74107641655842,0.4,20.69643056662337
2025-09-29,hit,chain_drop,0.35,1.0,50.17351817325972,0.35,17.5607313606409
2025-09-29,hit,ddens,0.25,1.0,4.834970462716973,0.25,1.2087426156792433
2025-09-29,cont,m1raw,0.4,1.0,45.32980736596546,0.4,18.131922946386183
2025-09-29,cont,ladder,0.3,1.0,0.0,0.3,0.0
2025-09-29,cont,max_height,0.3,1.0,50.0,0.3,15.0
2025-09-29,act,log_ratio20,0.4,1.0,21.45760690220712,0.4,8.583042760882849
2025-09-29,act,advance_pct,0.3,1.0,79.11624589880104,0.3,23.734873769640313
2025-09-29,act,udens,0.3,1.0,30.52924436723734,0.3,9.1587733101712
2025-09-30,hit,all_drop,0.4,1.0,27.21014258647154,0.4,10.884057034588617
2025-09-30,hit,chain_drop,0.35,1.0,82.22947423425519,0.35,28.780315981989315
2025-09-30,hit,ddens,0.25,1.0,4.834970462716973,0.25,1.2087426156792433
2025-09-30,cont,m1raw,0.4,1.0,40.289240775129976,0.4,16.11569631005199
2025-09-30,cont,ladder,0.3,1.0,50.000000000000014,0.3,15.000000000000004
2025-09-30,cont,max_height,0.3,1.0,75.0,0.3,22.5
2025-09-30,act,log_ratio20,0.4,1.0,26.536706993655702,0.4,10.614682797462281
2025-09-30,act,advance_pct,0.3,1.0,48.974309172231536,0.3,14.69229275166946
2025-09-30,act,udens,0.3,1.0,23.984810976890795,0.3,7.195443293067238
2025-10-09,hit,all_drop,0.4,1.0,55.15674625119252,0.4,22.062698500477012
2025-10-09,hit,chain_drop,0.35,1.0,67.88852380337066,0.35,23.76098333117973
2025-10-09,hit,ddens,0.25,1.0,82.00135513694654,0.25,20.500338784236636
2025-10-09,cont,m1raw,0.4,1.0,34.95685651848094,0.4,13.982742607392376
2025-10-09,cont,ladder,0.3,1.0,0.0,0.3,0.0
2025-10-09,cont,max_height,0.3,1.0,0.0,0.3,0.0
2025-10-09,act,log_ratio20,0.4,1.0,76.37849737965318,0.4,30.551398951861273
2025-10-09,act,advance_pct,0.3,1.0,66.09367347090216,0.3,19.828102041270647
2025-10-09,act,udens,0.3,1.0,100.0,0.3,30.0
2025-10-10,hit,all_drop,0.4,1.0,17.101345072683035,0.4,6.8405380290732145
2025-10-10,hit,chain_drop,0.35,1.0,25.800214128809547,0.35,9.03007494508334
2025-10-10,hit,ddens,0.25,1.0,24.12656310788264,0.25,6.03164077697066
2025-10-10,cont,m1raw,0.4,1.0,0.0,0.4,0.0
2025-10-10,cont,ladder,0.3,1.0,0.0,0.3,0.0
2025-10-10,cont,max_height,0.3,1.0,0.0,0.3,0.0
2025-10-10,act,log_ratio20,0.4,1.0,62.323757755800635,0.4,24.929503102320254
2025-10-10,act,advance_pct,0.3,1.0,51.250053589016176,0.3,15.375016076704853
2025-10-10,act,udens,0.3,1.0,37.150174560614914,0.3,11.145052368184475
2025-10-13,hit,all_drop,0.4,1.0,32.49508901901373,0.4,12.998035607605495
2025-10-13,hit,chain_drop,0.35,1.0,40.73587165192991,0.35,14.257555078175468
2025-10-13,hit,ddens,0.25,1.0,9.650587826262388,0.25,2.412646956565597
2025-10-13,cont,m1raw,0.4,1.0,41.105796442051854,0.4,16.442318576820742
2025-10-13,cont,ladder,0.3,1.0,0.0,0.3,0.0
2025-10-13,cont,max_height,0.3,1.0,0.0,0.3,0.0
2025-10-13,act,log_ratio20,0.4,1.0,46.81405463215461,0.4,18.725621852861845
2025-10-13,act,advance_pct,0.3,1.0,18.58216599843866,0.3,5.574649799531598
2025-10-13,act,udens,0.3,1.0,37.04819936205159,0.3,11.114459808615477
2025-10-14,hit,all_drop,0.4,1.0,39.85386303204642,0.4,15.941545212818568
2025-10-14,hit,chain_drop,0.35,1.0,0.0,0.35,0.0
2025-10-14,hit,ddens,0.25,1.0,9.650587826262388,0.25,2.412646956565597
2025-10-14,cont,m1raw,0.4,1.0,35.52829848236634,0.4,14.211319392946535
2025-10-14,cont,ladder,0.3,1.0,0.0,0.3,0.0
2025-10-14,cont,max_height,0.3,1.0,0.0,0.3,0.0
2025-10-14,act,log_ratio20,0.4,1.0,67.85872147403813,0.4,27.143488589615256
2025-10-14,act,advance_pct,0.3,1.0,18.616372430976156,0.3,5.5849117292928465
2025-10-14,act,udens,0.3,1.0,0.0,0.3,0.0
2025-10-15,hit,all_drop,0.4,1.0,67.95091284998385,0.4,27.18036513999354
2025-10-15,hit,chain_drop,0.35,1.0,100.0,0.35,35.0
2025-10-15,hit,ddens,0.25,1.0,14.468145797248283,0.25,3.617036449312071
2025-10-15,cont,m1raw,0.4,1.0,0.0,0.4,0.0
2025-10-15,cont,ladder,0.3,1.0,0.0,0.3,0.0
2025-10-15,cont,max_height,0.3,1.0,0.0,0.3,0.0
2025-10-15,act,log_ratio20,0.4,1.0,15.572309706860684,0.4,6.228923882744274
2025-10-15,act,advance_pct,0.3,1.0,100.0,0.3,30.0
2025-10-15,act,udens,0.3,1.0,52.31546896075569,0.3,15.694640688226706
2025-10-16,hit,all_drop,0.4,1.0,1.1199700098118843,0.4,0.44798800392475374
2025-10-16,hit,chain_drop,0.35,1.0,5.886004097982383,0.35,2.0601014342938337
2025-10-16,hit,ddens,0.25,1.0,28.900459734880812,0.25,7.225114933720203
2025-10-16,cont,m1raw,0.4,1.0,52.123362330044564,0.4,20.84934493201783
2025-10-16,cont,ladder,0.3,1.0,0.0,0.3,0.0
2025-10-16,cont,max_height,0.3,1.0,0.0,0.3,0.0
2025-10-16,act,log_ratio20,0.4,1.0,0.0,0.4,0.0
2025-10-16,act,advance_pct,0.3,1.0,1.149489948085094,0.3,0.3448469844255282
2025-10-16,act,udens,0.3,1.0,0.0,0.3,0.0
2025-10-17,hit,all_drop,0.4,1.0,95.72877624897365,0.4,38.29151049958946
2025-10-17,hit,chain_drop,0.35,1.0,56.92191465034132,0.35,19.92267012761946
2025-10-17,hit,ddens,0.25,1.0,100.0,0.25,25.0
2025-10-17,cont,m1raw,0.4,1.0,14.227896737139151,0.4,5.691158694855661
2025-10-17,cont,ladder,0.3,1.0,0.0,0.3,0.0
2025-10-17,cont,max_height,0.3,1.0,0.0,0.3,0.0
2025-10-17,act,log_ratio20,0.4,1.0,0.11091072176628658,0.4,0.04436428870651463
2025-10-17,act,advance_pct,0.3,1.0,0.0,0.3,0.0
2025-10-17,act,udens,0.3,1.0,0.0,0.3,0.0
2025-10-20,hit,all_drop,0.4,1.0,13.46987224872824,0.4,5.387948899491296
2025-10-20,hit,chain_drop,0.35,1.0,22.39168958706366,0.35,7.83709135547228
2025-10-20,hit,ddens,0.25,1.0,4.825275234800058,0.25,1.2063188087000145
2025-10-20,cont,m1raw,0.4,1.0,80.03678639410097,0.4,32.01471455764039
2025-10-20,cont,ladder,0.3,1.0,50.000000000000014,0.3,15.000000000000004
2025-10-20,cont,max_height,0.3,1.0,25.0,0.3,7.5
2025-10-20,act,log_ratio20,0.4,1.0,0.0,0.4,0.0
2025-10-20,act,advance_pct,0.3,1.0,93.11772095951446,0.3,27.935316287854338
2025-10-20,act,udens,0.3,1.0,73.99420187757038,0.3,22.198260563271113
2025-10-21,hit,all_drop,0.4,1.0,22.117582324159766,0.4,8.847032929663907
2025-10-21,hit,chain_drop,0.35,1.0,45.140106695217156,0.35,15.799037343326004
2025-10-21,hit,ddens,0.25,1.0,9.64186212255161,0.25,2.4104655306379024
2025-10-21,cont,m1raw,0.4,1.0,2.1328872774851595,0.4,0.8531549109940638
2025-10-21,cont,ladder,0.3,1.0,0.0,0.3,0.0
2025-10-21,cont,max_height,0.3,1.0,50.0,0.3,15.0
2025-10-21,act,log_ratio20,0.4,1.0,0.0,0.4,0.0
2025-10-21,act,advance_pct,0.3,1.0,100.0,0.3,30.0
2025-10-21,act,udens,0.3,1.0,76.20681678949566,0.3,22.8620450368487
2025-10-22,hit,all_drop,0.4,1.0,27.366285335185324,0.4,10.94651413407413
2025-10-22,hit,chain_drop,0.35,1.0,16.77764916536455,0.35,5.872177207877592
2025-10-22,hit,ddens,0.25,1.0,19.271160928716206,0.25,4.817790232179052
2025-10-22,cont,m1raw,0.4,1.0,88.86257477438946,0.4,35.54502990975578
2025-10-22,cont,ladder,0.3,1.0,0.0,0.3,0.0
2025-10-22,cont,max_height,0.3,1.0,75.0,0.3,22.5
2025-10-22,act,log_ratio20,0.4,1.0,0.0,0.4,0.0
2025-10-22,act,advance_pct,0.3,1.0,33.113194842913266,0.3,9.933958452873979
2025-10-22,act,udens,0.3,1.0,32.61238225126459,0.3,9.783714675379377
2025-10-23,hit,all_drop,0.4,1.0,100.0,0.4,40.0
2025-10-23,hit,chain_drop,0.35,1.0,94.07134408426563,0.35,32.92497042949297
2025-10-23,hit,ddens,0.25,1.0,33.70735919928612,0.25,8.42683979982153
2025-10-23,cont,m1raw,0.4,1.0,19.64704726561454,0.4,7.858818906245816
2025-10-23,cont,ladder,0.3,1.0,50.000000000000014,0.3,15.000000000000004
2025-10-23,cont,max_height,0.3,1.0,100.0,0.3,30.0
2025-10-23,act,log_ratio20,0.4,1.0,0.0,0.4,0.0
2025-10-23,act,advance_pct,0.3,1.0,61.4680575135244,0.3,18.44041725405732
2025-10-23,act,udens,0.3,1.0,34.76710515756568,0.3,10.430131547269704
2025-10-24,hit,all_drop,0.4,1.0,100.0,0.4,40.0
2025-10-24,hit,chain_drop,0.35,1.0,98.9201262621601,0.35,34.62204419175603
2025-10-24,hit,ddens,0.25,1.0,33.70735919928612,0.25,8.42683979982153
2025-10-24,cont,m1raw,0.4,1.0,32.858321465390155,0.4,13.143328586156063
2025-10-24,cont,ladder,0.3,1.0,50.000000000000014,0.3,15.000000000000004
2025-10-24,cont,max_height,0.3,1.0,25.0,0.3,7.5
2025-10-24,act,log_ratio20,0.4,1.0,20.50451525902985,0.4,8.201806103611942
2025-10-24,act,advance_pct,0.3,1.0,60.16925922956368,0.3,18.050777768869104
2025-10-24,act,udens,0.3,1.0,32.58782200645433,0.3,9.776346601936298
2025-10-27,hit,all_drop,0.4,1.0,4.030004445418612,0.4,1.612001778167445
2025-10-27,hit,chain_drop,0.35,1.0,22.39168958706366,0.35,7.83709135547228
2025-10-27,hit,ddens,0.25,1.0,33.722862196583215,0.25,8.430715549145804
2025-10-27,cont,m1raw,0.4,1.0,76.87876652436155,0.4,30.751506609744624
2025-10-27,cont,ladder,0.3,1.0,50.000000000000014,0.3,15.000000000000004
2025-10-27,cont,max_height,0.3,1.0,50.0,0.3,15.0
2025-10-27,act,log_ratio20,0.4,1.0,67.0857517806834,0.4,26.83430071227336
2025-10-27,act,advance_pct,0.3,1.0,73.5767454389627,0.3,22.07302363168881
2025-10-27,act,udens,0.3,1.0,21.736149987091785,0.3,6.520844996127535
2025-10-28,hit,all_drop,0.4,1.0,13.763642427883735,0.4,5.505456971153494
2025-10-28,hit,chain_drop,0.35,1.0,36.849781907852936,0.35,12.897423667748527
2025-10-28,hit,ddens,0.25,1.0,14.468145797248283,0.25,3.617036449312071
2025-10-28,cont,m1raw,0.4,1.0,84.87294536522862,0.4,33.94917814609145
2025-10-28,cont,ladder,0.3,1.0,50.000000000000014,0.3,15.000000000000004
2025-10-28,cont,max_height,0.3,1.0,75.0,0.3,22.5
2025-10-28,act,log_ratio20,0.4,1.0,46.68309105168264,0.4,18.673236420673057
2025-10-28,act,advance_pct,0.3,1.0,40.67952141765751,0.3,12.203856425297253
2025-10-28,act,udens,0.3,1.0,34.86716084795098,0.3,10.460148254385293
2025-10-29,hit,all_drop,0.4,1.0,48.23768339425501,0.4,19.295073357702005
2025-10-29,hit,chain_drop,0.35,1.0,71.309508426707,0.35,24.95832794934745
2025-10-29,hit,ddens,0.25,1.0,0.013532448714519368,0.25,0.003383112178629842
2025-10-29,cont,m1raw,0.4,1.0,5.425125806082112,0.4,2.1700503224328447
2025-10-29,cont,ladder,0.3,1.0,0.0,0.3,0.0
2025-10-29,cont,max_height,0.3,1.0,25.0,0.3,7.5
2025-10-29,act,log_ratio20,0.4,1.0,58.17461401525852,0.4,23.26984560610341
2025-10-29,act,advance_pct,0.3,1.0,45.06006547110798,0.3,13.518019641332394
2025-10-29,act,udens,0.3,1.0,32.636952383452,0.3,9.7910857150356
2025-10-30,hit,all_drop,0.4,1.0,34.09624723615611,0.4,13.638498894462444
2025-10-30,hit,chain_drop,0.35,1.0,62.06251269082382,0.35,21.721879441788335
2025-10-30,hit,ddens,0.25,1.0,48.180382550928115,0.25,12.045095637732029
2025-10-30,cont,m1raw,0.4,1.0,21.267043737488077,0.4,8.50681749499523
2025-10-30,cont,ladder,0.3,1.0,50.000000000000014,0.3,15.000000000000004
2025-10-30,cont,max_height,0.3,1.0,50.0,0.3,15.0
2025-10-30,act,log_ratio20,0.4,1.0,76.27104050233575,0.4,30.508416200934303
2025-10-30,act,advance_pct,0.3,1.0,3.010663780997216,0.3,0.9031991342991648
2025-10-30,act,udens,0.3,1.0,10.85553832599358,0.3,3.2566614977980737
2025-10-31,hit,all_drop,0.4,1.0,80.34675487702042,0.4,32.13870195080817
2025-10-31,hit,chain_drop,0.35,1.0,97.06618013531808,0.35,33.973163047361325
2025-10-31,hit,ddens,0.25,1.0,52.98533633822247,0.25,13.246334084555617
2025-10-31,cont,m1raw,0.4,1.0,44.27453755448295,0.4,17.70981502179318
2025-10-31,cont,ladder,0.3,1.0,50.000000000000014,0.3,15.000000000000004
2025-10-31,cont,max_height,0.3,1.0,75.0,0.3,22.5
2025-10-31,act,log_ratio20,0.4,1.0,65.35763620426802,0.4,26.14305448170721
2025-10-31,act,advance_pct,0.3,1.0,81.8171769404651,0.3,24.54515308213953
2025-10-31,act,udens,0.3,1.0,34.817112862724045,0.3,10.445133858817213
2025-11-03,hit,all_drop,0.4,1.0,18.32782772838027,0.4,7.331131091352109
2025-11-03,hit,chain_drop,0.35,1.0,74.5468222177099,0.35,26.091387776198463
2025-11-03,hit,ddens,0.25,1.0,28.89367853853845,0.25,7.223419634634612
2025-11-03,cont,m1raw,0.4,1.0,0.0,0.4,0.0
2025-11-03,cont,ladder,0.3,1.0,0.0,0.3,0.0
2025-11-03,cont,max_height,0.3,1.0,25.0,0.3,7.5
2025-11-03,act,log_ratio20,0.4,1.0,43.08232972058232,0.4,17.23293188823293
2025-11-03,act,advance_pct,0.3,1.0,77.90810947629029,0.3,23.372432842887086
2025-11-03,act,udens,0.3,1.0,54.38065351756802,0.3,16.314196055270404
2025-11-04,hit,all_drop,0.4,1.0,0.0,0.4,0.0
2025-11-04,hit,chain_drop,0.35,1.0,0.0,0.35,0.0
2025-11-04,hit,ddens,0.25,1.0,24.079997877790767,0.25,6.019999469447692
2025-11-04,cont,m1raw,0.4,1.0,53.14511520636922,0.4,21.25804608254769
2025-11-04,cont,ladder,0.3,1.0,0.0,0.3,0.0
2025-11-04,cont,max_height,0.3,1.0,50.0,0.3,15.0
2025-11-04,act,log_ratio20,0.4,1.0,20.737883076400283,0.4,8.295153230560114
2025-11-04,act,advance_pct,0.3,1.0,17.00130573897464,0.3,5.100391721692392
2025-11-04,act,udens,0.3,1.0,19.512123099786088,0.3,5.853636929935826
2025-11-05,hit,all_drop,0.4,1.0,14.31098568300578,0.4,5.7243942732023125
2025-11-05,hit,chain_drop,0.35,1.0,12.34551199033894,0.35,4.3209291966186285
2025-11-05,hit,ddens,0.25,1.0,4.825275234800058,0.25,1.2063188087000145
2025-11-05,cont,m1raw,0.4,1.0,100.0,0.4,40.0
2025-11-05,cont,ladder,0.3,1.0,50.000000000000014,0.3,15.000000000000004
2025-11-05,cont,max_height,0.3,1.0,75.0,0.3,22.5
2025-11-05,act,log_ratio20,0.4,1.0,16.680799447935474,0.4,6.67231977917419
2025-11-05,act,advance_pct,0.3,1.0,71.58501256753416,0.3,21.47550377026025
2025-11-05,act,udens,0.3,1.0,54.38065351756802,0.3,16.314196055270404
2025-11-06,hit,all_drop,0.4,1.0,79.2294481399395,0.4,31.691779255975803
2025-11-06,hit,chain_drop,0.35,1.0,75.58573920587745,0.35,26.455008722057105
2025-11-06,hit,ddens,0.25,1.0,52.97370675029233,0.25,13.243426687573082
2025-11-06,cont,m1raw,0.4,1.0,0.0,0.4,0.0
2025-11-06,cont,ladder,0.3,1.0,50.000000000000014,0.3,15.000000000000004
2025-11-06,cont,max_height,0.3,1.0,100.0,0.3,30.0
2025-11-06,act,log_ratio20,0.4,1.0,40.481062339155635,0.4,16.192424935662256
2025-11-06,act,advance_pct,0.3,1.0,60.05158998422301,0.3,18.0154769952669
2025-11-06,act,udens,0.3,1.0,45.69071261273392,0.3,13.707213783820174
2025-11-07,hit,all_drop,0.4,1.0,8.821214527154867,0.4,3.528485810861947
2025-11-07,hit,chain_drop,0.35,1.0,19.409230613036005,0.35,6.793230714562601
2025-11-07,hit,ddens,0.25,1.0,14.452636556295412,0.25,3.613159139073853
2025-11-07,cont,m1raw,0.4,1.0,44.40916797006607,0.4,17.763667188026428
2025-11-07,cont,ladder,0.3,1.0,100.0,0.3,30.0
2025-11-07,cont,max_height,0.3,1.0,100.0,0.3,30.0
2025-11-07,act,log_ratio20,0.4,1.0,37.273396678127796,0.4,14.90935867125112
2025-11-07,act,advance_pct,0.3,1.0,32.51852734208424,0.3,9.755558202625272
2025-11-07,act,udens,0.3,1.0,28.229255704231587,0.3,8.468776711269475
2025-11-10,hit,all_drop,0.4,1.0,12.232936714406843,0.4,4.893174685762737
2025-11-10,hit,chain_drop,0.35,1.0,16.77764916536455,0.35,5.872177207877592
2025-11-10,hit,ddens,0.25,1.0,38.49490485544095,0.25,9.623726213860238
2025-11-10,cont,m1raw,0.4,1.0,68.02895512488817,0.4,27.21158204995527
2025-11-10,cont,ladder,0.3,1.0,50.000000000000014,0.3,15.000000000000004
2025-11-10,cont,max_height,0.3,1.0,25.0,0.3,7.5
2025-11-10,act,log_ratio20,0.4,1.0,60.159506495304036,0.4,24.063802598121615
2025-11-10,act,advance_pct,0.3,1.0,72.85312337947289,0.3,21.855937013841867
2025-11-10,act,udens,0.3,1.0,65.18372776675314,0.3,19.55511833002594
2025-11-11,hit,all_drop,0.4,1.0,24.14167805721178,0.4,9.656671222884713
2025-11-11,hit,chain_drop,0.35,1.0,19.409230613036005,0.35,6.793230714562601
2025-11-11,hit,ddens,0.25,1.0,0.006756704041581039,0.25,0.0016891760103952597
2025-11-11,cont,m1raw,0.4,1.0,30.888404633740805,0.4,12.355361853496323
2025-11-11,cont,ladder,0.3,1.0,50.000000000000014,0.3,15.000000000000004
2025-11-11,cont,max_height,0.3,1.0,50.0,0.3,15.0
2025-11-11,act,log_ratio20,0.4,1.0,40.6335089100709,0.4,16.25340356402836
2025-11-11,act,advance_pct,0.3,1.0,51.435433318735015,0.3,15.430629995620503
2025-11-11,act,udens,0.3,1.0,54.23609805226819,0.3,16.270829415680456
2025-11-12,hit,all_drop,0.4,1.0,59.64059900665535,0.4,23.856239602662143
2025-11-12,hit,chain_drop,0.35,1.0,20.62958123692293,0.35,7.220353432923026
2025-11-12,hit,ddens,0.25,1.0,19.237295830422823,0.25,4.809323957605706
2025-11-12,cont,m1raw,0.4,1.0,97.32471130281088,0.4,38.92988452112436
2025-11-12,cont,ladder,0.3,1.0,100.0,0.3,30.0
2025-11-12,cont,max_height,0.3,1.0,75.0,0.3,22.5
2025-11-12,act,log_ratio20,0.4,1.0,38.18603202335838,0.4,15.274412809343353
2025-11-12,act,advance_pct,0.3,1.0,18.031480930570236,0.3,5.409444279171071
2025-11-12,act,udens,0.3,1.0,36.7939786349257,0.3,11.038193590477709
2025-11-13,hit,all_drop,0.4,1.0,0.0,0.4,0.0
2025-11-13,hit,chain_drop,0.35,1.0,0.0,0.35,0.0
2025-11-13,hit,ddens,0.25,1.0,0.0,0.25,0.0
2025-11-13,cont,m1raw,0.4,1.0,100.0,0.4,40.0
2025-11-13,cont,ladder,0.3,1.0,100.0,0.3,30.0
2025-11-13,cont,max_height,0.3,1.0,100.0,0.3,30.0
2025-11-13,act,log_ratio20,0.4,1.0,50.45461583989059,0.4,20.181846335956237
2025-11-13,act,advance_pct,0.3,1.0,88.49167248546391,0.3,26.54750174563917
2025-11-13,act,udens,0.3,1.0,97.74032978216415,0.3,29.322098934649244
2025-11-14,hit,all_drop,0.4,1.0,58.22512182262787,0.4,23.29004872905115
2025-11-14,hit,chain_drop,0.35,1.0,75.58573920587745,0.35,26.455008722057105
2025-11-14,hit,ddens,0.25,1.0,24.045172213846456,0.25,6.011293053461614
2025-11-14,cont,m1raw,0.4,1.0,70.03512087809057,0.4,28.014048351236227
2025-11-14,cont,ladder,0.3,1.0,100.0,0.3,30.0
2025-11-14,cont,max_height,0.3,1.0,75.0,0.3,22.5
2025-11-14,act,log_ratio20,0.4,1.0,39.86507529318117,0.4,15.94603011727247
2025-11-14,act,advance_pct,0.3,1.0,27.3852079102412,0.3,8.215562373072359
2025-11-14,act,udens,0.3,1.0,65.09049881042927,0.3,19.52714964312878
2025-11-17,hit,all_drop,0.4,1.0,72.9419688804811,0.4,29.17678755219244
2025-11-17,hit,chain_drop,0.35,1.0,67.82317049793465,0.35,23.738109674277126
2025-11-17,hit,ddens,0.25,1.0,24.05097065772596,0.25,6.01274266443149
2025-11-17,cont,m1raw,0.4,1.0,100.0,0.4,40.0
2025-11-17,cont,ladder,0.3,1.0,100.0,0.3,30.0
2025-11-17,cont,max_height,0.3,1.0,100.0,0.3,30.0
2025-11-17,act,log_ratio20,0.4,1.0,33.95741137018703,0.4,13.582964548074813
2025-11-17,act,advance_pct,0.3,1.0,48.12341181799647,0.3,14.43702354539894
2025-11-17,act,udens,0.3,1.0,95.60086347125247,0.3,28.680259041375738
2025-11-18,hit,all_drop,0.4,1.0,97.6446151752049,0.4,39.057846070081965
2025-11-18,hit,chain_drop,0.35,1.0,81.71972359306102,0.35,28.601903257571355
2025-11-18,hit,ddens,0.25,1.0,100.0,0.25,25.0
2025-11-18,cont,m1raw,0.4,1.0,35.770884798957624,0.4,14.30835391958305
2025-11-18,cont,ladder,0.3,1.0,100.0,0.3,30.0
2025-11-18,cont,max_height,0.3,1.0,50.0,0.3,15.0
2025-11-18,act,log_ratio20,0.4,1.0,34.823495389533676,0.4,13.929398155813471
2025-11-18,act,advance_pct,0.3,1.0,5.894742968719929,0.3,1.7684228906159787
2025-11-18,act,udens,0.3,1.0,8.536843056493005,0.3,2.5610529169479013
2025-11-19,hit,all_drop,0.4,1.0,54.464328937373885,0.4,21.785731574949555
2025-11-19,hit,chain_drop,0.35,1.0,38.228830866768575,0.35,13.380090803369
2025-11-19,hit,ddens,0.25,1.0,100.0,0.25,25.0
2025-11-19,cont,m1raw,0.4,1.0,79.27673239807274,0.4,31.710692959229096
2025-11-19,cont,ladder,0.3,1.0,50.000000000000014,0.3,15.000000000000004
2025-11-19,cont,max_height,0.3,1.0,50.0,0.3,15.0
2025-11-19,act,log_ratio20,0.4,1.0,8.528421422513361,0.4,3.4113685690053446
2025-11-19,act,advance_pct,0.3,1.0,2.9616590883132554,0.3,0.8884977264939766
2025-11-19,act,udens,0.3,1.0,28.040133502287013,0.3,8.412040050686103
2025-11-20,hit,all_drop,0.4,1.0,100.0,0.4,40.0
2025-11-20,hit,chain_drop,0.35,1.0,100.0,0.35,35.0
2025-11-20,hit,ddens,0.25,1.0,43.27667774754094,0.25,10.819169436885234
2025-11-20,cont,m1raw,0.4,1.0,38.965970645336185,0.4,15.586388258134475
2025-11-20,cont,ladder,0.3,1.0,100.0,0.3,30.0
2025-11-20,cont,max_height,0.3,1.0,75.0,0.3,22.5
2025-11-20,act,log_ratio20,0.4,1.0,5.747568695132885,0.4,2.299027478053154
2025-11-20,act,advance_pct,0.3,1.0,11.272218368618232,0.3,3.3816655105854694
2025-11-20,act,udens,0.3,1.0,0.0,0.3,0.0
2025-11-21,hit,all_drop,0.4,1.0,100.0,0.4,40.0
2025-11-21,hit,chain_drop,0.35,1.0,100.0,0.35,35.0
2025-11-21,hit,ddens,0.25,1.0,100.0,0.25,25.0
2025-11-21,cont,m1raw,0.4,1.0,40.2607141188975,0.4,16.104285647559003
2025-11-21,cont,ladder,0.3,1.0,50.000000000000014,0.3,15.000000000000004
2025-11-21,cont,max_height,0.3,1.0,50.0,0.3,15.0
2025-11-21,act,log_ratio20,0.4,1.0,38.61624725111727,0.4,15.44649890044691
2025-11-21,act,advance_pct,0.3,1.0,0.0,0.3,0.0
2025-11-21,act,udens,0.3,1.0,0.0,0.3,0.0
2025-11-24,hit,all_drop,0.4,1.0,62.84227101489882,0.4,25.13690840595953
2025-11-24,hit,chain_drop,0.35,1.0,50.17351817325972,0.35,17.5607313606409
2025-11-24,hit,ddens,0.25,1.0,100.0,0.25,25.0
2025-11-24,cont,m1raw,0.4,1.0,94.18972525468327,0.4,37.67589010187331
2025-11-24,cont,ladder,0.3,1.0,50.000000000000014,0.3,15.000000000000004
2025-11-24,cont,max_height,0.3,1.0,75.0,0.3,22.5
2025-11-24,act,log_ratio20,0.4,1.0,8.116412998054495,0.4,3.246565199221798
2025-11-24,act,advance_pct,0.3,1.0,98.24761349927668,0.3,29.474284049783
2025-11-24,act,udens,0.3,1.0,54.23609805226819,0.3,16.270829415680456
2025-11-25,hit,all_drop,0.4,1.0,14.81077772366344,0.4,5.924311089465377
2025-11-25,hit,chain_drop,0.35,1.0,33.39547991311784,0.35,11.688417969591242
2025-11-25,hit,ddens,0.25,1.0,24.05097065772596,0.25,6.01274266443149
2025-11-25,cont,m1raw,0.4,1.0,72.60295182421092,0.4,29.04118072968437
2025-11-25,cont,ladder,0.3,1.0,50.000000000000014,0.3,15.000000000000004
2025-11-25,cont,max_height,0.3,1.0,25.0,0.3,7.5
2025-11-25,act,log_ratio20,0.4,1.0,23.00581301088366,0.4,9.202325204353464
2025-11-25,act,advance_pct,0.3,1.0,99.23780549434282,0.3,29.771341648302844
2025-11-25,act,udens,0.3,1.0,78.18412013694329,0.3,23.455236041082987
2025-11-26,hit,all_drop,0.4,1.0,26.833278970075398,0.4,10.73331158803016
2025-11-26,hit,chain_drop,0.35,1.0,36.849781907852936,0.35,12.897423667748527
2025-11-26,hit,ddens,0.25,1.0,19.25179777004707,0.25,4.812949442511767
2025-11-26,cont,m1raw,0.4,1.0,93.01172640760991,0.4,37.20469056304397
2025-11-26,cont,ladder,0.3,1.0,50.000000000000014,0.3,15.000000000000004
2025-11-26,cont,max_height,0.3,1.0,25.0,0.3,7.5
2025-11-26,act,log_ratio20,0.4,1.0,21.196440718232004,0.4,8.478576287292801
2025-11-26,act,advance_pct,0.3,1.0,18.71224398872953,0.3,5.613673196618858
2025-11-26,act,udens,0.3,1.0,58.64982232073049,0.3,17.594946696219147
2025-11-27,hit,all_drop,0.4,1.0,100.0,0.4,40.0
2025-11-27,hit,chain_drop,0.35,1.0,94.07134408426563,0.35,32.92497042949297
2025-11-27,hit,ddens,0.25,1.0,33.684128084092485,0.25,8.421032021023121
2025-11-27,cont,m1raw,0.4,1.0,0.0,0.4,0.0
2025-11-27,cont,ladder,0.3,1.0,0.0,0.3,0.0
2025-11-27,cont,max_height,0.3,1.0,0.0,0.3,0.0
2025-11-27,act,log_ratio20,0.4,1.0,14.04848077762674,0.4,5.619392311050696
2025-11-27,act,advance_pct,0.3,1.0,56.2863558687407,0.3,16.88590676062221
2025-11-27,act,udens,0.3,1.0,25.98029509061736,0.3,7.794088527185208
2025-11-28,hit,all_drop,0.4,1.0,52.69133304929525,0.4,21.0765332197181
2025-11-28,hit,chain_drop,0.35,1.0,90.63694091152418,0.35,31.72292931903346
2025-11-28,hit,ddens,0.25,1.0,9.636050837816446,0.25,2.4090127094541116
2025-11-28,cont,m1raw,0.4,1.0,41.77746323990297,0.4,16.71098529596119
2025-11-28,cont,ladder,0.3,1.0,50.000000000000014,0.3,15.000000000000004
2025-11-28,cont,max_height,0.3,1.0,25.0,0.3,7.5
2025-11-28,act,log_ratio20,0.4,1.0,0.5384017787769235,0.4,0.2153607115107694
2025-11-28,act,advance_pct,0.3,1.0,97.63690615201894,0.3,29.29107184560568
2025-11-28,act,udens,0.3,1.0,63.067098167763305,0.3,18.92012945032899
2025-12-01,hit,all_drop,0.4,1.0,0.0,0.4,0.0
2025-12-01,hit,chain_drop,0.35,1.0,1.4269100843593645,0.35,0.49941852952577753
2025-12-01,hit,ddens,0.25,1.0,14.44489129376806,0.25,3.611222823442015
2025-12-01,cont,m1raw,0.4,1.0,100.0,0.4,40.0
2025-12-01,cont,ladder,0.3,1.0,50.000000000000014,0.3,15.000000000000004
2025-12-01,cont,max_height,0.3,1.0,50.0,0.3,15.0
2025-12-01,act,log_ratio20,0.4,1.0,44.62317961107994,0.4,17.84927184443198
2025-12-01,act,advance_pct,0.3,1.0,69.9706987458399,0.3,20.991209623751967
2025-12-01,act,udens,0.3,1.0,47.787576856462394,0.3,14.336273056938717
2025-12-02,hit,all_drop,0.4,1.0,15.268880875538324,0.4,6.10755235021533
2025-12-02,hit,chain_drop,0.35,1.0,0.0,0.35,0.0
2025-12-02,hit,ddens,0.25,1.0,9.630244227350124,0.25,2.407561056837531
2025-12-02,cont,m1raw,0.4,1.0,98.16512057435635,0.4,39.266048229742545
2025-12-02,cont,ladder,0.3,1.0,100.0,0.3,30.0
2025-12-02,cont,max_height,0.3,1.0,75.0,0.3,22.5
2025-12-02,act,log_ratio20,0.4,1.0,7.668419681404143,0.4,3.0673678725616575
2025-12-02,act,advance_pct,0.3,1.0,15.091465934837547,0.3,4.527439780451264
2025-12-02,act,udens,0.3,1.0,12.912484198572091,0.3,3.8737452595716273
2025-12-03,hit,all_drop,0.4,1.0,69.57195190967603,0.4,27.828780763870412
2025-12-03,hit,chain_drop,0.35,1.0,61.64579218429843,0.35,21.57602726450445
2025-12-03,hit,ddens,0.25,1.0,43.257361249415496,0.25,10.814340312353874
2025-12-03,cont,m1raw,0.4,1.0,22.04154038397215,0.4,8.81661615358886
2025-12-03,cont,ladder,0.3,1.0,100.0,0.3,30.0
2025-12-03,cont,max_height,0.3,1.0,50.0,0.3,15.0
2025-12-03,act,log_ratio20,0.4,1.0,20.811395096840023,0.4,8.32455803873601
2025-12-03,act,advance_pct,0.3,1.0,11.868016376197428,0.3,3.5604049128592283
2025-12-03,act,udens,0.3,1.0,12.809667285500215,0.3,3.8429001856500644
2025-12-04,hit,all_drop,0.4,1.0,80.34675487702042,0.4,32.13870195080817
2025-12-04,hit,chain_drop,0.35,1.0,100.0,0.35,35.0
2025-12-04,hit,ddens,0.25,1.0,62.49465901574058,0.25,15.623664753935145
2025-12-04,cont,m1raw,0.4,1.0,29.031174353849963,0.4,11.612469741539986
2025-12-04,cont,ladder,0.3,1.0,0.0,0.3,0.0
2025-12-04,cont,max_height,0.3,1.0,0.0,0.3,0.0
2025-12-04,act,log_ratio20,0.4,1.0,4.283719179860264,0.4,1.7134876719441057
2025-12-04,act,advance_pct,0.3,1.0,12.6282329766715,0.3,3.7884698930014498
2025-12-04,act,udens,0.3,1.0,0.0,0.3,0.0
2025-12-05,hit,all_drop,0.4,1.0,55.20919395987058,0.4,22.083677583948234
2025-12-05,hit,chain_drop,0.35,1.0,45.140106695217156,0.35,15.799037343326004
2025-12-05,hit,ddens,0.25,1.0,4.813666680151953,0.25,1.2034166700379882
2025-12-05,cont,m1raw,0.4,1.0,94.84650103697363,0.4,37.938600414789455
2025-12-05,cont,ladder,0.3,1.0,0.0,0.3,0.0
2025-12-05,cont,max_height,0.3,1.0,0.0,0.3,0.0
2025-12-05,act,log_ratio20,0.4,1.0,33.13752798937275,0.4,13.2550111957491
2025-12-05,act,advance_pct,0.3,1.0,100.0,0.3,30.0
2025-12-05,act,udens,0.3,1.0,69.4438096066606,0.3,20.833142881998178
2025-12-08,hit,all_drop,0.4,1.0,0.0,0.4,0.0
2025-12-08,hit,chain_drop,0.35,1.0,0.0,0.35,0.0
2025-12-08,hit,ddens,0.25,1.0,4.811734642224116,0.25,1.202933660556029
2025-12-08,cont,m1raw,0.4,1.0,98.81778646597057,0.4,39.52711458638823
2025-12-08,cont,ladder,0.3,1.0,50.000000000000014,0.3,15.000000000000004
2025-12-08,cont,max_height,0.3,1.0,25.0,0.3,7.5
2025-12-08,act,log_ratio20,0.4,1.0,74.14375079309605,0.4,29.65750031723842
2025-12-08,act,advance_pct,0.3,1.0,71.26499997680479,0.3,21.379499993041435
2025-12-08,act,udens,0.3,1.0,71.58810163337567,0.3,21.4764304900127
2025-12-09,hit,all_drop,0.4,1.0,46.87818090288041,0.4,18.751272361152164
2025-12-09,hit,chain_drop,0.35,1.0,63.80614256715192,0.35,22.33214989850317
2025-12-09,hit,ddens,0.25,1.0,28.83952704858226,0.25,7.209881762145565
2025-12-09,cont,m1raw,0.4,1.0,40.840567275195134,0.4,16.336226910078054
2025-12-09,cont,ladder,0.3,1.0,100.0,0.3,30.0
2025-12-09,cont,max_height,0.3,1.0,50.0,0.3,15.0
2025-12-09,act,log_ratio20,0.4,1.0,59.075774245842794,0.4,23.63030969833712
2025-12-09,act,advance_pct,0.3,1.0,6.817668182301421,0.3,2.0453004546904263
2025-12-09,act,udens,0.3,1.0,25.864352614174614,0.3,7.759305784252383
2025-12-10,hit,all_drop,0.4,1.0,52.69133304929525,0.4,21.0765332197181
2025-12-10,hit,chain_drop,0.35,1.0,38.228830866768575,0.35,13.380090803369
2025-12-10,hit,ddens,0.25,1.0,9.62154306357558,0.25,2.405385765893895
2025-12-10,cont,m1raw,0.4,1.0,75.67455975047237,0.4,30.26982390018895
2025-12-10,cont,ladder,0.3,1.0,50.000000000000014,0.3,15.000000000000004
2025-12-10,cont,max_height,0.3,1.0,50.0,0.3,15.0
2025-12-10,act,log_ratio20,0.4,1.0,43.519541900982404,0.4,17.40781676039296
2025-12-10,act,advance_pct,0.3,1.0,42.84958134743443,0.3,12.854874404230328
2025-12-10,act,udens,0.3,1.0,34.617323236810044,0.3,10.385196971043014
2025-12-11,hit,all_drop,0.4,1.0,78.14753906012976,0.4,31.259015624051905
2025-12-11,hit,chain_drop,0.35,1.0,73.75306887194726,0.35,25.81357410518154
2025-12-11,hit,ddens,0.25,1.0,91.33612120249882,0.25,22.834030300624704
2025-12-11,cont,m1raw,0.4,1.0,0.6732613130168289,0.4,0.2693045252067316
2025-12-11,cont,ladder,0.3,1.0,50.000000000000014,0.3,15.000000000000004
2025-12-11,cont,max_height,0.3,1.0,25.0,0.3,7.5
2025-12-11,act,log_ratio20,0.4,1.0,54.861454717420635,0.4,21.944581886968255
2025-12-11,act,advance_pct,0.3,1.0,0.0,0.3,0.0
2025-12-11,act,udens,0.3,1.0,0.0,0.3,0.0
2025-12-12,hit,all_drop,0.4,1.0,29.222391119844065,0.4,11.688956447937628
2025-12-12,hit,chain_drop,0.35,1.0,74.5468222177099,0.35,26.091387776198463
2025-12-12,hit,ddens,0.25,1.0,72.09302965108198,0.25,18.023257412770494
2025-12-12,cont,m1raw,0.4,1.0,50.890060074795365,0.4,20.356024029918146
2025-12-12,cont,ladder,0.3,1.0,0.0,0.3,0.0
2025-12-12,cont,max_height,0.3,1.0,25.0,0.3,7.5
2025-12-12,act,log_ratio20,0.4,1.0,84.31716103456853,0.4,33.726864413827414
2025-12-12,act,advance_pct,0.3,1.0,49.67737988185129,0.3,14.903213964555386
2025-12-12,act,udens,0.3,1.0,78.08309392887213,0.3,23.424928178661638
2025-12-15,hit,all_drop,0.4,1.0,44.53675803226156,0.4,17.814703212904625
2025-12-15,hit,chain_drop,0.35,1.0,76.99404739282969,0.35,26.94791658749039
2025-12-15,hit,ddens,0.25,1.0,43.26701755790175,0.25,10.816754389475438
2025-12-15,cont,m1raw,0.4,1.0,69.41490817615129,0.4,27.765963270460517
2025-12-15,cont,ladder,0.3,1.0,0.0,0.3,0.0
2025-12-15,cont,max_height,0.3,1.0,50.0,0.3,15.0
2025-12-15,act,log_ratio20,0.4,1.0,44.27615100922353,0.4,17.710460403689414
2025-12-15,act,advance_pct,0.3,1.0,38.02157095577463,0.3,11.406471286732389
2025-12-15,act,udens,0.3,1.0,36.768612749233384,0.3,11.030583824770014
2025-12-16,hit,all_drop,0.4,1.0,61.930185071144436,0.4,24.772074028457777
2025-12-16,hit,chain_drop,0.35,1.0,52.35249416991243,0.35,18.32337295946935
2025-12-16,hit,ddens,0.25,1.0,67.27260627296313,0.25,16.818151568240783
2025-12-16,cont,m1raw,0.4,1.0,36.80531019612834,0.4,14.722124078451337
2025-12-16,cont,ladder,0.3,1.0,0.0,0.3,0.0
2025-12-16,cont,max_height,0.3,1.0,0.0,0.3,0.0
2025-12-16,act,log_ratio20,0.4,1.0,38.499394061388635,0.4,15.399757624555455
2025-12-16,act,advance_pct,0.3,1.0,0.0,0.3,0.0
2025-12-16,act,udens,0.3,1.0,0.0,0.3,0.0
2025-12-17,hit,all_drop,0.4,1.0,72.6337865046421,0.4,29.053514601856843
2025-12-17,hit,chain_drop,0.35,1.0,56.92191465034132,0.35,19.92267012761946
2025-12-17,hit,ddens,0.25,1.0,96.1024832168265,0.25,24.025620804206625
2025-12-17,cont,m1raw,0.4,1.0,20.49913575658414,0.4,8.199654302633656
2025-12-17,cont,ladder,0.3,1.0,50.000000000000014,0.3,15.000000000000004
2025-12-17,cont,max_height,0.3,1.0,25.0,0.3,7.5
2025-12-17,act,log_ratio20,0.4,1.0,51.50278040729104,0.4,20.60111216291642
2025-12-17,act,advance_pct,0.3,1.0,80.43409441379407,0.3,24.13022832413822
2025-12-17,act,udens,0.3,1.0,19.315160372732436,0.3,5.79454811181973
2025-12-18,hit,all_drop,0.4,1.0,14.878600910539744,0.4,5.951440364215898
2025-12-18,hit,chain_drop,0.35,1.0,29.733127061593258,0.35,10.40659447155764
2025-12-18,hit,ddens,0.25,1.0,14.410114582982242,0.25,3.6025286457455605
2025-12-18,cont,m1raw,0.4,1.0,100.0,0.4,40.0
2025-12-18,cont,ladder,0.3,1.0,50.000000000000014,0.3,15.000000000000004
2025-12-18,cont,max_height,0.3,1.0,50.0,0.3,15.0
2025-12-18,act,log_ratio20,0.4,1.0,29.637049281377493,0.4,11.854819712550999
2025-12-18,act,advance_pct,0.3,1.0,55.49240379578926,0.3,16.647721138736777
2025-12-18,act,udens,0.3,1.0,38.84172149691525,0.3,11.652516449074573
2025-12-19,hit,all_drop,0.4,1.0,2.75686437984067,0.4,1.102745751936268
2025-12-19,hit,chain_drop,0.35,1.0,7.208262082922889,0.35,2.5228917290230113
2025-12-19,hit,ddens,0.25,1.0,4.805943183953683,0.25,1.2014857959884206
2025-12-19,cont,m1raw,0.4,1.0,50.708763974007,0.4,20.2835055896028
2025-12-19,cont,ladder,0.3,1.0,50.000000000000014,0.3,15.000000000000004
2025-12-19,cont,max_height,0.3,1.0,50.0,0.3,15.0
2025-12-19,act,log_ratio20,0.4,1.0,39.86000687751147,0.4,15.94400275100459
2025-12-19,act,advance_pct,0.3,1.0,100.0,0.3,30.0
2025-12-19,act,udens,0.3,1.0,67.14127534214786,0.3,20.142382602644357
2025-12-22,hit,all_drop,0.4,1.0,18.041641704303117,0.4,7.216656681721247
2025-12-22,hit,chain_drop,0.35,1.0,61.64579218429843,0.35,21.57602726450445
2025-12-22,hit,ddens,0.25,1.0,33.66092498069369,0.25,8.415231245173423
2025-12-22,cont,m1raw,0.4,1.0,36.71076490768637,0.4,14.684305963074548
2025-12-22,cont,ladder,0.3,1.0,50.000000000000014,0.3,15.000000000000004
2025-12-22,cont,max_height,0.3,1.0,75.0,0.3,22.5
2025-12-22,act,log_ratio20,0.4,1.0,59.428303857901255,0.4,23.771321543160504
2025-12-22,act,advance_pct,0.3,1.0,58.17740402580035,0.3,17.453221207740103
2025-12-22,act,udens,0.3,1.0,82.50374199535453,0.3,24.751122598606358
2025-12-23,hit,all_drop,0.4,1.0,53.40074067195021,0.4,21.360296268780086
2025-12-23,hit,chain_drop,0.35,1.0,73.75306887194726,0.35,25.81357410518154
2025-12-23,hit,ddens,0.25,1.0,43.257361249415496,0.25,10.814340312353874
2025-12-23,cont,m1raw,0.4,1.0,88.2140276299727,0.4,35.285611051989086
2025-12-23,cont,ladder,0.3,1.0,100.0,0.3,30.0
2025-12-23,cont,max_height,0.3,1.0,100.0,0.3,30.0
2025-12-23,act,log_ratio20,0.4,1.0,63.31371432670845,0.4,25.325485730683383
2025-12-23,act,advance_pct,0.3,1.0,13.813082910333044,0.3,4.143924873099913
2025-12-23,act,udens,0.3,1.0,28.040133502287013,0.3,8.412040050686103
2025-12-24,hit,all_drop,0.4,1.0,28.711879799930163,0.4,11.484751919972066
2025-12-24,hit,chain_drop,0.35,1.0,22.718546474845727,0.35,7.951491266196004
2025-12-24,hit,ddens,0.25,1.0,14.417831875880285,0.25,3.6044579689700713
2025-12-24,cont,m1raw,0.4,1.0,72.01428691460873,0.4,28.805714765843494
2025-12-24,cont,ladder,0.3,1.0,100.0,0.3,30.0
2025-12-24,cont,max_height,0.3,1.0,100.0,0.3,30.0
2025-12-24,act,log_ratio20,0.4,1.0,60.278195949516366,0.4,24.11127837980655
2025-12-24,act,advance_pct,0.3,1.0,97.59500612749812,0.3,29.278501838249436
2025-12-24,act,udens,0.3,1.0,73.69875778698989,0.3,22.109627336096967
2025-12-25,hit,all_drop,0.4,1.0,0.0,0.4,0.0
2025-12-25,hit,chain_drop,0.35,1.0,0.0,0.35,0.0
2025-12-25,hit,ddens,0.25,1.0,0.0,0.25,0.0
2025-12-25,cont,m1raw,0.4,1.0,100.0,0.4,40.0
2025-12-25,cont,ladder,0.3,1.0,50.000000000000014,0.3,15.000000000000004
2025-12-25,cont,max_height,0.3,1.0,100.0,0.3,30.0
2025-12-25,act,log_ratio20,0.4,1.0,65.14490755062276,0.4,26.057963020249105
2025-12-25,act,advance_pct,0.3,1.0,84.53833607859556,0.3,25.36150082357867
2025-12-25,act,udens,0.3,1.0,84.54053198636231,0.3,25.362159595908693
2025-12-26,hit,all_drop,0.4,1.0,8.947057379664964,0.4,3.5788229518659858
2025-12-26,hit,chain_drop,0.35,1.0,0.0,0.35,0.0
2025-12-26,hit,ddens,0.25,1.0,0.0,0.25,0.0
2025-12-26,cont,m1raw,0.4,1.0,97.65929433556975,0.4,39.06371773422791
2025-12-26,cont,ladder,0.3,1.0,100.0,0.3,30.0
2025-12-26,cont,max_height,0.3,1.0,100.0,0.3,30.0
2025-12-26,act,log_ratio20,0.4,1.0,91.0886788202807,0.4,36.43547152811228
2025-12-26,act,advance_pct,0.3,1.0,23.559922863076377,0.3,7.067976858922913
2025-12-26,act,udens,0.3,1.0,86.64471747976644,0.3,25.99341524392993
2025-12-29,hit,all_drop,0.4,1.0,100.0,0.4,40.0
2025-12-29,hit,chain_drop,0.35,1.0,80.94725729110014,0.35,28.33154005188505
2025-12-29,hit,ddens,0.25,1.0,72.01587220001056,0.25,18.00396805000264
2025-12-29,cont,m1raw,0.4,1.0,59.997878552058424,0.4,23.99915142082337
2025-12-29,cont,ladder,0.3,1.0,50.000000000000014,0.3,15.000000000000004
2025-12-29,cont,max_height,0.3,1.0,100.0,0.3,30.0
2025-12-29,act,log_ratio20,0.4,1.0,85.03621082093053,0.4,34.01448432837221
2025-12-29,act,advance_pct,0.3,1.0,29.957119393078578,0.3,8.987135817923573
2025-12-29,act,udens,0.3,1.0,71.39419418474334,0.3,21.418258255423
2025-12-30,hit,all_drop,0.4,1.0,100.0,0.4,40.0
2025-12-30,hit,chain_drop,0.35,1.0,38.228830866768575,0.35,13.380090803369
2025-12-30,hit,ddens,0.25,1.0,52.85766780103145,0.25,13.214416950257862
2025-12-30,cont,m1raw,0.4,1.0,44.24853550244567,0.4,17.699414200978268
2025-12-30,cont,ladder,0.3,1.0,100.0,0.3,30.0
2025-12-30,cont,max_height,0.3,1.0,100.0,0.3,30.0
2025-12-30,act,log_ratio20,0.4,1.0,83.67845364125121,0.4,33.47138145650049
2025-12-30,act,advance_pct,0.3,1.0,22.50322345977925,0.3,6.7509670379337745
2025-12-30,act,udens,0.3,1.0,25.841192062443337,0.3,7.752357618733001
2025-12-31,hit,all_drop,0.4,1.0,29.50226780701365,0.4,11.80090712280546
2025-12-31,hit,chain_drop,0.35,1.0,38.228830866768575,0.35,13.380090803369
2025-12-31,hit,ddens,0.25,1.0,28.812516520171762,0.25,7.2031291300429405
2025-12-31,cont,m1raw,0.4,1.0,38.26199789958027,0.4,15.30479915983211
2025-12-31,cont,ladder,0.3,1.0,50.000000000000014,0.3,15.000000000000004
2025-12-31,cont,max_height,0.3,1.0,50.0,0.3,15.0
2025-12-31,act,log_ratio20,0.4,1.0,69.15065277599165,0.4,27.66026111039666
2025-12-31,act,advance_pct,0.3,1.0,42.82448856949257,0.3,12.84734657084777
2025-12-31,act,udens,0.3,1.0,32.293868116942704,0.3,9.68816043508281
2026-01-05,hit,all_drop,0.4,1.0,34.09624723615611,0.4,13.638498894462444
2026-01-05,hit,chain_drop,0.35,1.0,100.0,0.35,35.0
2026-01-05,hit,ddens,0.25,1.0,38.41668869356235,0.25,9.604172173390587
2026-01-05,cont,m1raw,0.4,1.0,28.012029417101363,0.4,11.204811766840546
2026-01-05,cont,ladder,0.3,1.0,50.000000000000014,0.3,15.000000000000004
2026-01-05,cont,max_height,0.3,1.0,50.0,0.3,15.0
2026-01-05,act,log_ratio20,0.4,1.0,100.0,0.4,40.0
2026-01-05,act,advance_pct,0.3,1.0,95.94695471214108,0.3,28.784086413642324
2026-01-05,act,udens,0.3,1.0,100.0,0.3,30.0
2026-01-06,hit,all_drop,0.4,1.0,0.0,0.4,0.0
2026-01-06,hit,chain_drop,0.35,1.0,0.0,0.35,0.0
2026-01-06,hit,ddens,0.25,1.0,0.0,0.25,0.0
2026-01-06,cont,m1raw,0.4,1.0,100.0,0.4,40.0
2026-01-06,cont,ladder,0.3,1.0,100.0,0.3,30.0
2026-01-06,cont,max_height,0.3,1.0,75.0,0.3,22.5
2026-01-06,act,log_ratio20,0.4,1.0,100.0,0.4,40.0
2026-01-06,act,advance_pct,0.3,1.0,92.19633130027245,0.3,27.658899390081732
2026-01-06,act,udens,0.3,1.0,100.0,0.3,30.0
2026-01-07,hit,all_drop,0.4,1.0,35.906415082010106,0.4,14.362566032804043
2026-01-07,hit,chain_drop,0.35,1.0,51.241239485844716,0.35,17.934433820045648
2026-01-07,hit,ddens,0.25,1.0,9.601281092062052,0.25,2.400320273015513
2026-01-07,cont,m1raw,0.4,1.0,35.761895856998734,0.4,14.304758342799495
2026-01-07,cont,ladder,0.3,1.0,50.000000000000014,0.3,15.000000000000004
2026-01-07,cont,max_height,0.3,1.0,100.0,0.3,30.0
2026-01-07,act,log_ratio20,0.4,1.0,100.0,0.4,40.0
2026-01-07,act,advance_pct,0.3,1.0,33.53654145168256,0.3,10.060962435504768
2026-01-07,act,udens,0.3,1.0,84.4357802907319,0.3,25.330734087219568
2026-01-08,hit,all_drop,0.4,1.0,3.492907228828981,0.4,1.3971628915315923
2026-01-08,hit,chain_drop,0.35,1.0,0.23628006571539323,0.35,0.08269802300038763
2026-01-08,hit,ddens,0.25,1.0,14.40240348498117,0.25,3.6006008712452924
2026-01-08,cont,m1raw,0.4,1.0,100.0,0.4,40.0
2026-01-08,cont,ladder,0.3,1.0,50.000000000000014,0.3,15.000000000000004
2026-01-08,cont,max_height,0.3,1.0,100.0,0.3,30.0
2026-01-08,act,log_ratio20,0.4,1.0,100.0,0.4,40.0
2026-01-08,act,advance_pct,0.3,1.0,81.94396357756506,0.3,24.583189073269516
2026-01-08,act,udens,0.3,1.0,100.0,0.3,30.0
2026-01-09,hit,all_drop,0.4,1.0,24.936372054740346,0.4,9.97454882189614
2026-01-09,hit,chain_drop,0.35,1.0,8.769649563554745,0.35,3.069377347244161
2026-01-09,hit,ddens,0.25,1.0,0.0,0.25,0.0
2026-01-09,cont,m1raw,0.4,1.0,46.985658680651646,0.4,18.79426347226066
2026-01-09,cont,ladder,0.3,1.0,100.0,0.3,30.0
2026-01-09,cont,max_height,0.3,1.0,100.0,0.3,30.0
2026-01-09,act,log_ratio20,0.4,1.0,100.0,0.4,40.0
2026-01-09,act,advance_pct,0.3,1.0,89.17098716255596,0.3,26.751296148766787
2026-01-09,act,udens,0.3,1.0,100.0,0.3,30.0
2026-01-12,hit,all_drop,0.4,1.0,0.35102305731888656,0.4,0.14040922292755462
2026-01-12,hit,chain_drop,0.35,1.0,3.303952153286688,0.35,1.1563832536503407
2026-01-12,hit,ddens,0.25,1.0,9.601281092062052,0.25,2.400320273015513
2026-01-12,cont,m1raw,0.4,1.0,100.0,0.4,40.0
2026-01-12,cont,ladder,0.3,1.0,100.0,0.3,30.0
2026-01-12,cont,max_height,0.3,1.0,100.0,0.3,30.0
2026-01-12,act,log_ratio20,0.4,1.0,100.0,0.4,40.0
2026-01-12,act,advance_pct,0.3,1.0,94.72761378686502,0.3,28.418284136059505
2026-01-12,act,udens,0.3,1.0,100.0,0.3,30.0
2026-01-13,hit,all_drop,0.4,1.0,80.05927257678961,0.4,32.02370903071584
2026-01-13,hit,chain_drop,0.35,1.0,34.74077412219627,0.35,12.159270942768694
2026-01-13,hit,ddens,0.25,1.0,100.0,0.25,25.0
2026-01-13,cont,m1raw,0.4,1.0,17.891584966602164,0.4,7.156633986640866
2026-01-13,cont,ladder,0.3,1.0,50.000000000000014,0.3,15.000000000000004
2026-01-13,cont,max_height,0.3,1.0,100.0,0.3,30.0
2026-01-13,act,log_ratio20,0.4,1.0,100.0,0.4,40.0
2026-01-13,act,advance_pct,0.3,1.0,15.089826611591961,0.3,4.526947983477588
2026-01-13,act,udens,0.3,1.0,54.091832858987,0.3,16.227549857696097
2026-01-14,hit,all_drop,0.4,1.0,1.1199700098118843,0.4,0.44798800392475374
2026-01-14,hit,chain_drop,0.35,1.0,0.0,0.35,0.0
2026-01-14,hit,ddens,0.25,1.0,67.25813344317204,0.25,16.81453336079301
2026-01-14,cont,m1raw,0.4,1.0,70.30531183580406,0.4,28.122124734321627
2026-01-14,cont,ladder,0.3,1.0,50.000000000000014,0.3,15.000000000000004
2026-01-14,cont,max_height,0.3,1.0,25.0,0.3,7.5
2026-01-14,act,log_ratio20,0.4,1.0,100.0,0.4,40.0
2026-01-14,act,advance_pct,0.3,1.0,49.984632694472445,0.3,14.995389808341733
2026-01-14,act,udens,0.3,1.0,100.0,0.3,30.0
2026-01-15,hit,all_drop,0.4,1.0,100.0,0.4,40.0
2026-01-15,hit,chain_drop,0.35,1.0,100.0,0.35,35.0
2026-01-15,hit,ddens,0.25,1.0,100.0,0.25,25.0
2026-01-15,cont,m1raw,0.4,1.0,0.0,0.4,0.0
2026-01-15,cont,ladder,0.3,1.0,0.0,0.3,0.0
2026-01-15,cont,max_height,0.3,1.0,0.0,0.3,0.0
2026-01-15,act,log_ratio20,0.4,1.0,91.19809984939977,0.4,36.47923993975991
2026-01-15,act,advance_pct,0.3,1.0,36.277945886958214,0.3,10.883383766087464
2026-01-15,act,udens,0.3,1.0,30.11983414242977,0.3,9.03595024272893
2026-01-16,hit,all_drop,0.4,1.0,89.023844295946,0.4,35.609537718378405
2026-01-16,hit,chain_drop,0.35,1.0,100.0,0.35,35.0
2026-01-16,hit,ddens,0.25,1.0,100.0,0.25,25.0
2026-01-16,cont,m1raw,0.4,1.0,0.0,0.4,0.0
2026-01-16,cont,ladder,0.3,1.0,0.0,0.3,0.0
2026-01-16,cont,max_height,0.3,1.0,25.0,0.3,7.5
2026-01-16,act,log_ratio20,0.4,1.0,95.12472119706051,0.4,38.04988847882421
2026-01-16,act,advance_pct,0.3,1.0,39.24879482463378,0.3,11.774638447390133
2026-01-16,act,udens,0.3,1.0,36.591336559338686,0.3,10.977400967801605
2026-01-19,hit,all_drop,0.4,1.0,32.49508901901373,0.4,12.998035607605495
2026-01-19,hit,chain_drop,0.35,1.0,39.74417816322454,0.35,13.910462357128589
2026-01-19,hit,ddens,0.25,1.0,100.0,0.25,25.0
2026-01-19,cont,m1raw,0.4,1.0,14.491908504317102,0.4,5.7967634017268415
2026-01-19,cont,ladder,0.3,1.0,0.0,0.3,0.0
2026-01-19,cont,max_height,0.3,1.0,0.0,0.3,0.0
2026-01-19,act,log_ratio20,0.4,1.0,63.08477518673439,0.4,25.233910074693757
2026-01-19,act,advance_pct,0.3,1.0,78.00142809118591,0.3,23.400428427355774
2026-01-19,act,udens,0.3,1.0,99.49928732265062,0.3,29.849786196795183
2026-01-20,hit,all_drop,0.4,1.0,12.06218460723675,0.4,4.8248738428947
2026-01-20,hit,chain_drop,0.35,1.0,0.0,0.35,0.0
2026-01-20,hit,ddens,0.25,1.0,71.8773782848302,0.25,17.96934457120755
2026-01-20,cont,m1raw,0.4,1.0,0.0,0.4,0.0
2026-01-20,cont,ladder,0.3,1.0,0.0,0.3,0.0
2026-01-20,cont,max_height,0.3,1.0,0.0,0.3,0.0
2026-01-20,act,log_ratio20,0.4,1.0,64.21017183180986,0.4,25.684068732723944
2026-01-20,act,advance_pct,0.3,1.0,35.76163410638207,0.3,10.72849023191462
2026-01-20,act,udens,0.3,1.0,27.71062822355843,0.3,8.313188467067528
2026-01-21,hit,all_drop,0.4,1.0,28.711879799930163,0.4,11.484751919972066
2026-01-21,hit,chain_drop,0.35,1.0,33.39547991311784,0.35,11.688417969591242
2026-01-21,hit,ddens,0.25,1.0,14.375463319249357,0.25,3.5938658298123394
2026-01-21,cont,m1raw,0.4,1.0,12.226650396451838,0.4,4.890660158580736
2026-01-21,cont,ladder,0.3,1.0,0.0,0.3,0.0
2026-01-21,cont,max_height,0.3,1.0,0.0,0.3,0.0
2026-01-21,act,log_ratio20,0.4,1.0,43.83073344441728,0.4,17.532293377766912
2026-01-21,act,advance_pct,0.3,1.0,62.78507541269097,0.3,18.83552262380729
2026-01-21,act,udens,0.3,1.0,84.19184948848228,0.3,25.257554846544682
2026-01-22,hit,all_drop,0.4,1.0,0.0,0.4,0.0
2026-01-22,hit,chain_drop,0.35,1.0,0.0,0.35,0.0
2026-01-22,hit,ddens,0.25,1.0,4.782846959745391,0.25,1.1957117399363477
2026-01-22,cont,m1raw,0.4,1.0,56.29736722547496,0.4,22.518946890189984
2026-01-22,cont,ladder,0.3,1.0,0.0,0.3,0.0
2026-01-22,cont,max_height,0.3,1.0,0.0,0.3,0.0
2026-01-22,act,log_ratio20,0.4,1.0,48.69031608047225,0.4,19.476126432188902
2026-01-22,act,advance_pct,0.3,1.0,75.77888437117876,0.3,22.73366531135363
2026-01-22,act,udens,0.3,1.0,68.93452805517838,0.3,20.680358416553513
2026-01-23,hit,all_drop,0.4,1.0,17.160055081017692,0.4,6.864022032407077
2026-01-23,hit,chain_drop,0.35,1.0,38.228830866768575,0.35,13.380090803369
2026-01-23,hit,ddens,0.25,1.0,0.0,0.25,0.0
2026-01-23,cont,m1raw,0.4,1.0,17.64114588240333,0.4,7.056458352961332
2026-01-23,cont,ladder,0.3,1.0,50.000000000000014,0.3,15.000000000000004
2026-01-23,cont,max_height,0.3,1.0,25.0,0.3,7.5
2026-01-23,act,log_ratio20,0.4,1.0,77.53414890278584,0.4,31.013659561114338
2026-01-23,act,advance_pct,0.3,1.0,87.50374387769665,0.3,26.251123163308993
2026-01-23,act,udens,0.3,1.0,100.0,0.3,30.0
2026-01-26,hit,all_drop,0.4,1.0,64.4061060886179,0.4,25.762442435447163
2026-01-26,hit,chain_drop,0.35,1.0,90.63694091152418,0.35,31.72292931903346
2026-01-26,hit,ddens,0.25,1.0,100.0,0.25,25.0
2026-01-26,cont,m1raw,0.4,1.0,0.0,0.4,0.0
2026-01-26,cont,ladder,0.3,1.0,0.0,0.3,0.0
2026-01-26,cont,max_height,0.3,1.0,25.0,0.3,7.5
2026-01-26,act,log_ratio20,0.4,1.0,84.52392056486454,0.4,33.80956822594582
2026-01-26,act,advance_pct,0.3,1.0,15.116432758782153,0.3,4.534929827634646
2026-01-26,act,udens,0.3,1.0,64.62603517608882,0.3,19.387810552826647
2026-01-27,hit,all_drop,0.4,1.0,30.241714410120444,0.4,12.096685764048178
2026-01-27,hit,chain_drop,0.35,1.0,0.0,0.35,0.0
2026-01-27,hit,ddens,0.25,1.0,4.784767403152814,0.25,1.1961918507882034
2026-01-27,cont,m1raw,0.4,1.0,30.020670758805267,0.4,12.008268303522108
2026-01-27,cont,ladder,0.3,1.0,0.0,0.3,0.0
2026-01-27,cont,max_height,0.3,1.0,50.0,0.3,15.0
2026-01-27,act,log_ratio20,0.4,1.0,51.68014461744072,0.4,20.672057846976287
2026-01-27,act,advance_pct,0.3,1.0,26.313978014203403,0.3,7.894193404261021
2026-01-27,act,udens,0.3,1.0,25.563989353924267,0.3,7.66919680617728
2026-01-28,hit,all_drop,0.4,1.0,20.718728716808464,0.4,8.287491486723386
2026-01-28,hit,chain_drop,0.35,1.0,30.30478865467065,0.35,10.606676029134727
2026-01-28,hit,ddens,0.25,1.0,28.758625373707847,0.25,7.189656343426962
2026-01-28,cont,m1raw,0.4,1.0,73.49503168963139,0.4,29.398012675852556
2026-01-28,cont,ladder,0.3,1.0,50.000000000000014,0.3,15.000000000000004
2026-01-28,cont,max_height,0.3,1.0,75.0,0.3,22.5
2026-01-28,act,log_ratio20,0.4,1.0,54.32733648055276,0.4,21.730934592221104
2026-01-28,act,advance_pct,0.3,1.0,19.722055946520655,0.3,5.916616783956196
2026-01-28,act,udens,0.3,1.0,86.36239803778561,0.3,25.90871941133568
2026-01-29,hit,all_drop,0.4,1.0,30.21593827851078,0.4,12.086375311404312
2026-01-29,hit,chain_drop,0.35,1.0,45.140106695217156,0.35,15.799037343326004
2026-01-29,hit,ddens,0.25,1.0,52.69599414703021,0.25,13.173998536757553
2026-01-29,cont,m1raw,0.4,1.0,54.688409832353635,0.4,21.875363932941454
2026-01-29,cont,ladder,0.3,1.0,50.000000000000014,0.3,15.000000000000004
2026-01-29,cont,max_height,0.3,1.0,100.0,0.3,30.0
2026-01-29,act,log_ratio20,0.4,1.0,71.20437922002641,0.4,28.481751688010565
2026-01-29,act,advance_pct,0.3,1.0,22.24102112195761,0.3,6.672306336587282
2026-01-29,act,udens,0.3,1.0,92.76449467018891,0.3,27.829348401056674
2026-01-30,hit,all_drop,0.4,1.0,100.0,0.4,40.0
2026-01-30,hit,chain_drop,0.35,1.0,100.0,0.35,35.0
2026-01-30,hit,ddens,0.25,1.0,100.0,0.25,25.0
2026-01-30,cont,m1raw,0.4,1.0,0.0,0.4,0.0
2026-01-30,cont,ladder,0.3,1.0,0.0,0.3,0.0
2026-01-30,cont,max_height,0.3,1.0,25.0,0.3,7.5
2026-01-30,act,log_ratio20,0.4,1.0,35.975646595273254,0.4,14.390258638109302
2026-01-30,act,advance_pct,0.3,1.0,42.4157462132531,0.3,12.72472386397593
2026-01-30,act,udens,0.3,1.0,14.671696473344067,0.3,4.40150894200322
2026-02-02,hit,all_drop,0.4,1.0,85.44541110078193,0.4,34.17816444031277
2026-02-02,hit,chain_drop,0.35,1.0,34.321525483174256,0.35,12.01253391911099
2026-02-02,hit,ddens,0.25,1.0,100.0,0.25,25.0
2026-02-02,cont,m1raw,0.4,1.0,51.091172023625276,0.4,20.436468809450112
2026-02-02,cont,ladder,0.3,1.0,0.0,0.3,0.0
2026-02-02,cont,max_height,0.3,1.0,0.0,0.3,0.0
2026-02-02,act,log_ratio20,0.4,1.0,10.917335194561243,0.4,4.366934077824498
2026-02-02,act,advance_pct,0.3,1.0,0.0,0.3,0.0
2026-02-02,act,udens,0.3,1.0,0.0,0.3,0.0
2026-02-03,hit,all_drop,0.4,1.0,0.0,0.4,0.0
2026-02-03,hit,chain_drop,0.35,1.0,0.0,0.35,0.0
2026-02-03,hit,ddens,0.25,1.0,43.084208716979546,0.25,10.771052179244887
2026-02-03,cont,m1raw,0.4,1.0,66.92093238349162,0.4,26.76837295339665
2026-02-03,cont,ladder,0.3,1.0,0.0,0.3,0.0
2026-02-03,cont,max_height,0.3,1.0,0.0,0.3,0.0
2026-02-03,act,log_ratio20,0.4,1.0,7.0325669996224836,0.4,2.8130267998489935
2026-02-03,act,advance_pct,0.3,1.0,100.0,0.3,30.0
2026-02-03,act,udens,0.3,1.0,60.13595013401386,0.3,18.040785040204156
2026-02-04,hit,all_drop,0.4,1.0,0.17617505772321765,0.4,0.07047002308928706
2026-02-04,hit,chain_drop,0.35,1.0,45.140106695217156,0.35,15.799037343326004
2026-02-04,hit,ddens,0.25,1.0,28.704906747920884,0.25,7.176226686980221
2026-02-04,cont,m1raw,0.4,1.0,50.61614299084314,0.4,20.246457196337257
2026-02-04,cont,ladder,0.3,1.0,0.0,0.3,0.0
2026-02-04,cont,max_height,0.3,1.0,0.0,0.3,0.0
2026-02-04,act,log_ratio20,0.4,1.0,2.0951727099321844,0.4,0.8380690839728738
2026-02-04,act,advance_pct,0.3,1.0,68.84888134555915,0.3,20.654664403667745
2026-02-04,act,udens,0.3,1.0,57.90901671460548,0.3,17.372705014381644
2026-02-05,hit,all_drop,0.4,1.0,51.20820949923034,0.4,20.48328379969214
2026-02-05,hit,chain_drop,0.35,1.0,56.92191465034132,0.35,19.92267012761946
2026-02-05,hit,ddens,0.25,1.0,71.80065278515887,0.25,17.95016319628972
2026-02-05,cont,m1raw,0.4,1.0,0.260393727730751,0.4,0.1041574910923004
2026-02-05,cont,ladder,0.3,1.0,0.0,0.3,0.0
2026-02-05,cont,max_height,0.3,1.0,0.0,0.3,0.0
2026-02-05,act,log_ratio20,0.4,1.0,0.0,0.4,0.0
2026-02-05,act,advance_pct,0.3,1.0,16.518478301118307,0.3,4.955543490335492
2026-02-05,act,udens,0.3,1.0,5.918315651288725,0.3,1.7754946953866175
2026-02-06,hit,all_drop,0.4,1.0,93.7544435664644,0.4,37.50177742658576
2026-02-06,hit,chain_drop,0.35,1.0,22.39168958706366,0.35,7.83709135547228
2026-02-06,hit,ddens,0.25,1.0,19.14106131514213,0.25,4.785265328785533
2026-02-06,cont,m1raw,0.4,1.0,36.48546011019862,0.4,14.59418404407945
2026-02-06,cont,ladder,0.3,1.0,0.0,0.3,0.0
2026-02-06,cont,max_height,0.3,1.0,0.0,0.3,0.0
2026-02-06,act,log_ratio20,0.4,1.0,0.0,0.4,0.0
2026-02-06,act,advance_pct,0.3,1.0,49.91772303779065,0.3,14.975316911337195
2026-02-06,act,udens,0.3,1.0,34.120648466223216,0.3,10.236194539866965
2026-02-09,hit,all_drop,0.4,1.0,0.0,0.4,0.0
2026-02-09,hit,chain_drop,0.35,1.0,3.4849534752622966,0.35,1.2197337163418038
2026-02-09,hit,ddens,0.25,1.0,9.566678408149123,0.25,2.3916696020372807
2026-02-09,cont,m1raw,0.4,1.0,57.05507546891351,0.4,22.822030187565403
2026-02-09,cont,ladder,0.3,1.0,0.0,0.3,0.0
2026-02-09,cont,max_height,0.3,1.0,0.0,0.3,0.0
2026-02-09,act,log_ratio20,0.4,1.0,0.0,0.4,0.0
2026-02-09,act,advance_pct,0.3,1.0,100.0,0.3,30.0
2026-02-09,act,udens,0.3,1.0,97.02828675503277,0.3,29.10848602650983
2026-02-10,hit,all_drop,0.4,1.0,17.468834981216133,0.4,6.987533992486454
2026-02-10,hit,chain_drop,0.35,1.0,44.58447935318331,0.35,15.604567773614159
2026-02-10,hit,ddens,0.25,1.0,14.348598631268247,0.25,3.587149657817062
2026-02-10,cont,m1raw,0.4,1.0,0.0,0.4,0.0
2026-02-10,cont,ladder,0.3,1.0,0.0,0.3,0.0
2026-02-10,cont,max_height,0.3,1.0,0.0,0.3,0.0
2026-02-10,act,log_ratio20,0.4,1.0,0.0,0.4,0.0
2026-02-10,act,advance_pct,0.3,1.0,36.20113476801883,0.3,10.86034043040565
2026-02-10,act,udens,0.3,1.0,40.59844296295096,0.3,12.179532888885289
2026-02-11,hit,all_drop,0.4,1.0,100.0,0.4,40.0
2026-02-11,hit,chain_drop,0.35,1.0,41.574996911603705,0.35,14.551248919061296
2026-02-11,hit,ddens,0.25,1.0,28.711612169740903,0.25,7.177903042435226
2026-02-11,cont,m1raw,0.4,1.0,31.770763975970823,0.4,12.70830559038833
2026-02-11,cont,ladder,0.3,1.0,0.0,0.3,0.0
2026-02-11,cont,max_height,0.3,1.0,0.0,0.3,0.0
2026-02-11,act,log_ratio20,0.4,1.0,0.0,0.4,0.0
2026-02-11,act,advance_pct,0.3,1.0,30.184156884354945,0.3,9.055247065306483
2026-02-11,act,udens,0.3,1.0,21.090871350140944,0.3,6.327261405042283
2026-02-12,hit,all_drop,0.4,1.0,46.87812548653077,0.4,18.751250194612307
2026-02-12,hit,chain_drop,0.35,1.0,62.06251269082382,0.35,21.721879441788335
2026-02-12,hit,ddens,0.25,1.0,62.19849410430758,0.25,15.549623526076894
2026-02-12,cont,m1raw,0.4,1.0,66.47721115097887,0.4,26.59088446039155
2026-02-12,cont,ladder,0.3,1.0,0.0,0.3,0.0
2026-02-12,cont,max_height,0.3,1.0,0.0,0.3,0.0
2026-02-12,act,log_ratio20,0.4,1.0,0.0,0.4,0.0
2026-02-12,act,advance_pct,0.3,1.0,31.75532387378322,0.3,9.526597162134966
2026-02-12,act,udens,0.3,1.0,42.71305314622482,0.3,12.813915943867446
2026-02-13,hit,all_drop,0.4,1.0,100.0,0.4,40.0
2026-02-13,hit,chain_drop,0.35,1.0,84.7596840425371,0.35,29.665889414887985
2026-02-13,hit,ddens,0.25,1.0,52.64996806719533,0.25,13.162492016798833
2026-02-13,cont,m1raw,0.4,1.0,0.0,0.4,0.0
2026-02-13,cont,ladder,0.3,1.0,0.0,0.3,0.0
2026-02-13,cont,max_height,0.3,1.0,25.0,0.3,7.5
2026-02-13,act,log_ratio20,0.4,1.0,0.0,0.4,0.0
2026-02-13,act,advance_pct,0.3,1.0,10.705465769443029,0.3,3.2116397308329083
2026-02-13,act,udens,0.3,1.0,0.0,0.3,0.0
2026-02-24,hit,all_drop,0.4,1.0,29.222391119844065,0.4,11.688956447937628
2026-02-24,hit,chain_drop,0.35,1.0,80.37398704151511,0.35,28.130895464530287
2026-02-24,hit,ddens,0.25,1.0,71.78532610671311,0.25,17.94633152667828
2026-02-24,cont,m1raw,0.4,1.0,70.50253537768249,0.4,28.201014151072997
2026-02-24,cont,ladder,0.3,1.0,0.0,0.3,0.0
2026-02-24,cont,max_height,0.3,1.0,0.0,0.3,0.0
2026-02-24,act,log_ratio20,0.4,1.0,10.60597510757402,0.4,4.242390043029608
2026-02-24,act,advance_pct,0.3,1.0,89.13937333370704,0.3,26.741812000112112
2026-02-24,act,udens,0.3,1.0,100.0,0.3,30.0
2026-02-25,hit,all_drop,0.4,1.0,0.0,0.4,0.0
2026-02-25,hit,chain_drop,0.35,1.0,34.321525483174256,0.35,12.01253391911099
2026-02-25,hit,ddens,0.25,1.0,9.566678408149123,0.25,2.3916696020372807
2026-02-25,cont,m1raw,0.4,1.0,77.76385417565426,0.4,31.105541670261704
2026-02-25,cont,ladder,0.3,1.0,50.000000000000014,0.3,15.000000000000004
2026-02-25,cont,max_height,0.3,1.0,25.0,0.3,7.5
2026-02-25,act,log_ratio20,0.4,1.0,39.434078207707444,0.4,15.773631283082977
2026-02-25,act,advance_pct,0.3,1.0,80.64372175143204,0.3,24.193116525429613
2026-02-25,act,udens,0.3,1.0,73.1761526466727,0.3,21.95284579400181
2026-02-26,hit,all_drop,0.4,1.0,27.912616859422997,0.4,11.1650467437692
2026-02-26,hit,chain_drop,0.35,1.0,0.0,0.35,0.0
2026-02-26,hit,ddens,0.25,1.0,14.356266573097262,0.25,3.5890666432743155
2026-02-26,cont,m1raw,0.4,1.0,7.768343935228897,0.4,3.107337574091559
2026-02-26,cont,ladder,0.3,1.0,50.000000000000014,0.3,15.000000000000004
2026-02-26,cont,max_height,0.3,1.0,50.0,0.3,15.0
2026-02-26,act,log_ratio20,0.4,1.0,48.10685379055683,0.4,19.242741516222736
2026-02-26,act,advance_pct,0.3,1.0,44.0512895344656,0.3,13.215386860339681
2026-02-26,act,udens,0.3,1.0,47.15564271027987,0.3,14.14669281308396
2026-02-27,hit,all_drop,0.4,1.0,15.268880875538324,0.4,6.10755235021533
2026-02-27,hit,chain_drop,0.35,1.0,1.4269100843593645,0.35,0.49941852952577753
2026-02-27,hit,ddens,0.25,1.0,0.0,0.25,0.0
2026-02-27,cont,m1raw,0.4,1.0,67.88737905212183,0.4,27.154951620848735
2026-02-27,cont,ladder,0.3,1.0,50.000000000000014,0.3,15.000000000000004
2026-02-27,cont,max_height,0.3,1.0,75.0,0.3,22.5
2026-02-27,act,log_ratio20,0.4,1.0,43.57647638581121,0.4,17.430590554324485
2026-02-27,act,advance_pct,0.3,1.0,68.73360841020157,0.3,20.62008252306047
2026-02-27,act,udens,0.3,1.0,73.11106231763429,0.3,21.933318695290286
2026-03-02,hit,all_drop,0.4,1.0,16.322547788896536,0.4,6.529019115558615
2026-03-02,hit,chain_drop,0.35,1.0,40.73587165192991,0.35,14.257555078175468
2026-03-02,hit,ddens,0.25,1.0,33.51461923288982,0.25,8.378654808222455
2026-03-02,cont,m1raw,0.4,1.0,32.6347242626987,0.4,13.053889705079479
2026-03-02,cont,ladder,0.3,1.0,0.0,0.3,0.0
2026-03-02,cont,max_height,0.3,1.0,0.0,0.3,0.0
2026-03-02,act,log_ratio20,0.4,1.0,90.54552095321151,0.4,36.218208381284605
2026-03-02,act,advance_pct,0.3,1.0,1.711532926544428,0.3,0.5134598779633284
2026-03-02,act,udens,0.3,1.0,100.0,0.3,30.0
2026-03-03,hit,all_drop,0.4,1.0,54.34150940458326,0.4,21.736603761833308
2026-03-03,hit,chain_drop,0.35,1.0,57.90015321285511,0.35,20.265053624499288
2026-03-03,hit,ddens,0.25,1.0,100.0,0.25,25.0
2026-03-03,cont,m1raw,0.4,1.0,28.51698482011799,0.4,11.406793928047197
2026-03-03,cont,ladder,0.3,1.0,0.0,0.3,0.0
2026-03-03,cont,max_height,0.3,1.0,0.0,0.3,0.0
2026-03-03,act,log_ratio20,0.4,1.0,99.2345834095778,0.4,39.69383336383112
2026-03-03,act,advance_pct,0.3,1.0,0.0,0.3,0.0
2026-03-03,act,udens,0.3,1.0,77.47948457920762,0.3,23.243845373762287
2026-03-04,hit,all_drop,0.4,1.0,100.0,0.4,40.0
2026-03-04,hit,chain_drop,0.35,1.0,81.083750207668,0.35,28.379312572683798
2026-03-04,hit,ddens,0.25,1.0,71.81598559918444,0.25,17.95399639979611
2026-03-04,cont,m1raw,0.4,1.0,0.0,0.4,0.0
2026-03-04,cont,ladder,0.3,1.0,0.0,0.3,0.0
2026-03-04,cont,max_height,0.3,1.0,0.0,0.3,0.0
2026-03-04,act,log_ratio20,0.4,1.0,33.52787813273281,0.4,13.411151253093124
2026-03-04,act,advance_pct,0.3,1.0,17.95675519505505,0.3,5.3870265585165145
2026-03-04,act,udens,0.3,1.0,5.937404992783332,0.3,1.7812214978349996
2026-03-05,hit,all_drop,0.4,1.0,46.44803919696866,0.4,18.579215678787463
2026-03-05,hit,chain_drop,0.35,1.0,100.0,0.35,35.0
2026-03-05,hit,ddens,0.25,1.0,9.558053699568783,0.25,2.3895134248921956
2026-03-05,cont,m1raw,0.4,1.0,0.0,0.4,0.0
2026-03-05,cont,ladder,0.3,1.0,0.0,0.3,0.0
2026-03-05,cont,max_height,0.3,1.0,0.0,0.3,0.0
2026-03-05,act,log_ratio20,0.4,1.0,38.46542256403296,0.4,15.386169025613185
2026-03-05,act,advance_pct,0.3,1.0,91.92634208249787,0.3,27.57790262474936
2026-03-05,act,udens,0.3,1.0,57.90901671460548,0.3,17.372705014381644
2026-03-06,hit,all_drop,0.4,1.0,19.45459560737702,0.4,7.781838242950808
2026-03-06,hit,chain_drop,0.35,1.0,5.886004097982383,0.35,2.0601014342938337
2026-03-06,hit,ddens,0.25,1.0,0.0,0.25,0.0
2026-03-06,cont,m1raw,0.4,1.0,5.205066963876594,0.4,2.082026785550638
2026-03-06,cont,ladder,0.3,1.0,0.0,0.3,0.0
2026-03-06,cont,max_height,0.3,1.0,0.0,0.3,0.0
2026-03-06,act,log_ratio20,0.4,1.0,21.617581149195576,0.4,8.64703245967823
2026-03-06,act,advance_pct,0.3,1.0,98.86705809319231,0.3,29.660117427957694
2026-03-06,act,udens,0.3,1.0,70.87938329091489,0.3,21.263814987274465
2026-03-09,hit,all_drop,0.4,1.0,10.867611353094846,0.4,4.347044541237938
2026-03-09,hit,chain_drop,0.35,1.0,29.733127061593258,0.35,10.40659447155764
2026-03-09,hit,ddens,0.25,1.0,14.329455603761287,0.25,3.582363900940322
2026-03-09,cont,m1raw,0.4,1.0,12.977354091144225,0.4,5.190941636457691
2026-03-09,cont,ladder,0.3,1.0,0.0,0.3,0.0
2026-03-09,cont,max_height,0.3,1.0,0.0,0.3,0.0
2026-03-09,act,log_ratio20,0.4,1.0,70.4838871003232,0.4,28.19355484012928
2026-03-09,act,advance_pct,0.3,1.0,10.218686404471152,0.3,3.0656059213413456
2026-03-09,act,udens,0.3,1.0,1.4923008027116709,0.3,0.44769024081350123
2026-03-10,hit,all_drop,0.4,1.0,9.664326437763554,0.4,3.865730575105422
2026-03-10,hit,chain_drop,0.35,1.0,0.0,0.35,0.0
2026-03-10,hit,ddens,0.25,1.0,14.333281146990728,0.25,3.583320286747682
2026-03-10,cont,m1raw,0.4,1.0,3.4267715798580367,0.4,1.3707086319432147
2026-03-10,cont,ladder,0.3,1.0,0.0,0.3,0.0
2026-03-10,cont,max_height,0.3,1.0,25.0,0.3,7.5
2026-03-10,act,log_ratio20,0.4,1.0,47.958720352493195,0.4,19.18348814099728
2026-03-10,act,advance_pct,0.3,1.0,100.0,0.3,30.0
2026-03-10,act,udens,0.3,1.0,29.665551898205383,0.3,8.899665569461614
2026-03-11,hit,all_drop,0.4,1.0,0.0,0.4,0.0
2026-03-11,hit,chain_drop,0.35,1.0,8.723609379378852,0.35,3.053263282782598
2026-03-11,hit,ddens,0.25,1.0,4.759861508794695,0.25,1.1899653771986738
2026-03-11,cont,m1raw,0.4,1.0,43.923426322365074,0.4,17.56937052894603
2026-03-11,cont,ladder,0.3,1.0,0.0,0.3,0.0
2026-03-11,cont,max_height,0.3,1.0,0.0,0.3,0.0
2026-03-11,act,log_ratio20,0.4,1.0,59.5589443188305,0.4,23.8235777275322
2026-03-11,act,advance_pct,0.3,1.0,27.54751884419501,0.3,8.264255653258504
2026-03-11,act,udens,0.3,1.0,25.26518673411488,0.3,7.579556020234464
2026-03-12,hit,all_drop,0.4,1.0,36.70503088305186,0.4,14.682012353220745
2026-03-12,hit,chain_drop,0.35,1.0,0.0,0.35,0.0
2026-03-12,hit,ddens,0.25,1.0,4.759861508794695,0.25,1.1899653771986738
2026-03-12,cont,m1raw,0.4,1.0,33.02849176490973,0.4,13.211396705963892
2026-03-12,cont,ladder,0.3,1.0,0.0,0.3,0.0
2026-03-12,cont,max_height,0.3,1.0,0.0,0.3,0.0
2026-03-12,act,log_ratio20,0.4,1.0,53.36941494842704,0.4,21.34776597937082
2026-03-12,act,advance_pct,0.3,1.0,13.188076817009115,0.3,3.9564230451027345
2026-03-12,act,udens,0.3,1.0,23.100710862607382,0.3,6.9302132587822145
2026-03-13,hit,all_drop,0.4,1.0,13.235504199257209,0.4,5.2942016797028835
2026-03-13,hit,chain_drop,0.35,1.0,3.4849534752622966,0.35,1.2197337163418038
2026-03-13,hit,ddens,0.25,1.0,57.33815517022926,0.25,14.334538792557314
2026-03-13,cont,m1raw,0.4,1.0,38.92822348328146,0.4,15.571289393312583
2026-03-13,cont,ladder,0.3,1.0,50.000000000000014,0.3,15.000000000000004
2026-03-13,cont,max_height,0.3,1.0,25.0,0.3,7.5
2026-03-13,act,log_ratio20,0.4,1.0,49.49470121082495,0.4,19.79788048432998
2026-03-13,act,advance_pct,0.3,1.0,11.854871316773293,0.3,3.5564613950319877
2026-03-13,act,udens,0.3,1.0,38.22652666317607,0.3,11.46795799895282
2026-03-16,hit,all_drop,0.4,1.0,100.0,0.4,40.0
2026-03-16,hit,chain_drop,0.35,1.0,82.22947423425519,0.35,28.780315981989315
2026-03-16,hit,ddens,0.25,1.0,33.43806237910443,0.25,8.359515594776108
2026-03-16,cont,m1raw,0.4,1.0,9.311489675901521,0.4,3.724595870360609
2026-03-16,cont,ladder,0.3,1.0,0.0,0.3,0.0
2026-03-16,cont,max_height,0.3,1.0,0.0,0.3,0.0
2026-03-16,act,log_ratio20,0.4,1.0,40.864734916234305,0.4,16.345893966493723
2026-03-16,act,advance_pct,0.3,1.0,55.53550834050471,0.3,16.660652502151414
2026-03-16,act,udens,0.3,1.0,12.258005757625178,0.3,3.677401727287553
2026-03-17,hit,all_drop,0.4,1.0,42.82563866999959,0.4,17.130255467999838
2026-03-17,hit,chain_drop,0.35,1.0,8.723609379378852,0.35,3.053263282782598
2026-03-17,hit,ddens,0.25,1.0,43.017208104621815,0.25,10.754302026155454
2026-03-17,cont,m1raw,0.4,1.0,100.0,0.4,40.0
2026-03-17,cont,ladder,0.3,1.0,0.0,0.3,0.0
2026-03-17,cont,max_height,0.3,1.0,0.0,0.3,0.0
2026-03-17,act,log_ratio20,0.4,1.0,27.70137677718944,0.4,11.080550710875777
2026-03-17,act,advance_pct,0.3,1.0,0.0,0.3,0.0
2026-03-17,act,udens,0.3,1.0,0.0,0.3,0.0
2026-03-18,hit,all_drop,0.4,1.0,55.20919395987058,0.4,22.083677583948234
2026-03-18,hit,chain_drop,0.35,1.0,62.06251269082382,0.35,21.721879441788335
2026-03-18,hit,ddens,0.25,1.0,14.317988146204568,0.25,3.579497036551142
2026-03-18,cont,m1raw,0.4,1.0,16.997993460659984,0.4,6.799197384263994
2026-03-18,cont,ladder,0.3,1.0,0.0,0.3,0.0
2026-03-18,cont,max_height,0.3,1.0,25.0,0.3,7.5
2026-03-18,act,log_ratio20,0.4,1.0,9.873591408628627,0.4,3.949436563451451
2026-03-18,act,advance_pct,0.3,1.0,78.44493335295127,0.3,23.53348000588538
2026-03-18,act,udens,0.3,1.0,33.89843984558424,0.3,10.169531953675273
2026-03-19,hit,all_drop,0.4,1.0,40.76021947778633,0.4,16.304087791114533
2026-03-19,hit,chain_drop,0.35,1.0,91.19256825355802,0.35,31.917398888745307
2026-03-19,hit,ddens,0.25,1.0,28.651359815704165,0.25,7.162839953926041
2026-03-19,cont,m1raw,0.4,1.0,25.29951245866427,0.4,10.11980498346571
2026-03-19,cont,ladder,0.3,1.0,0.0,0.3,0.0
2026-03-19,cont,max_height,0.3,1.0,0.0,0.3,0.0
2026-03-19,act,log_ratio20,0.4,1.0,17.56397526409533,0.4,7.025590105638132
2026-03-19,act,advance_pct,0.3,1.0,0.0,0.3,0.0
2026-03-19,act,udens,0.3,1.0,0.0,0.3,0.0
2026-03-20,hit,all_drop,0.4,1.0,100.0,0.4,40.0
2026-03-20,hit,chain_drop,0.35,1.0,55.981300647924215,0.35,19.593455226773475
2026-03-20,hit,ddens,0.25,1.0,66.8838694184464,0.25,16.7209673546116
2026-03-20,cont,m1raw,0.4,1.0,44.51316594991588,0.4,17.80526637996635
2026-03-20,cont,ladder,0.3,1.0,0.0,0.3,0.0
2026-03-20,cont,max_height,0.3,1.0,25.0,0.3,7.5
2026-03-20,act,log_ratio20,0.4,1.0,35.89241733369521,0.4,14.356966933478084
2026-03-20,act,advance_pct,0.3,1.0,0.0,0.3,0.0
2026-03-20,act,udens,0.3,1.0,0.0,0.3,0.0
2026-03-23,hit,all_drop,0.4,1.0,100.0,0.4,40.0
2026-03-23,hit,chain_drop,0.35,1.0,62.75704686836613,0.35,21.964966403928145
2026-03-23,hit,ddens,0.25,1.0,100.0,0.25,25.0
2026-03-23,cont,m1raw,0.4,1.0,40.13195623078143,0.4,16.05278249231257
2026-03-23,cont,ladder,0.3,1.0,50.000000000000014,0.3,15.000000000000004
2026-03-23,cont,max_height,0.3,1.0,50.0,0.3,15.0
2026-03-23,act,log_ratio20,0.4,1.0,49.699505306274204,0.4,19.879802122509684
2026-03-23,act,advance_pct,0.3,1.0,0.0,0.3,0.0
2026-03-23,act,udens,0.3,1.0,0.0,0.3,0.0
2026-03-24,hit,all_drop,0.4,1.0,0.0,0.4,0.0
2026-03-24,hit,chain_drop,0.35,1.0,12.128735717054612,0.35,4.245057500969114
2026-03-24,hit,ddens,0.25,1.0,0.0,0.25,0.0
2026-03-24,cont,m1raw,0.4,1.0,47.24106217559465,0.4,18.896424870237862
2026-03-24,cont,ladder,0.3,1.0,0.0,0.3,0.0
2026-03-24,cont,max_height,0.3,1.0,75.0,0.3,22.5
2026-03-24,act,log_ratio20,0.4,1.0,10.857446442824937,0.4,4.342978577129975
2026-03-24,act,advance_pct,0.3,1.0,100.0,0.3,30.0
2026-03-24,act,udens,0.3,1.0,92.32761188307371,0.3,27.698283564922114
2026-03-25,hit,all_drop,0.4,1.0,0.0,0.4,0.0
2026-03-25,hit,chain_drop,0.35,1.0,8.723609379378852,0.35,3.053263282782598
2026-03-25,hit,ddens,0.25,1.0,0.0,0.25,0.0
2026-03-25,cont,m1raw,0.4,1.0,100.0,0.4,40.0
2026-03-25,cont,ladder,0.3,1.0,50.000000000000014,0.3,15.000000000000004
2026-03-25,cont,max_height,0.3,1.0,100.0,0.3,30.0
2026-03-25,act,log_ratio20,0.4,1.0,22.21312379049217,0.4,8.885249516196868
2026-03-25,act,advance_pct,0.3,1.0,100.0,0.3,30.0
2026-03-25,act,udens,0.3,1.0,92.32761188307371,0.3,27.698283564922114
2026-03-26,hit,all_drop,0.4,1.0,29.157843394821253,0.4,11.663137357928502
2026-03-26,hit,chain_drop,0.35,1.0,12.422932087940483,0.35,4.348026230779169
2026-03-26,hit,ddens,0.25,1.0,38.23527868549011,0.25,9.558819671372527
2026-03-26,cont,m1raw,0.4,1.0,0.0,0.4,0.0
2026-03-26,cont,ladder,0.3,1.0,0.0,0.3,0.0
2026-03-26,cont,max_height,0.3,1.0,0.0,0.3,0.0
2026-03-26,act,log_ratio20,0.4,1.0,0.0,0.4,0.0
2026-03-26,act,advance_pct,0.3,1.0,0.0,0.3,0.0
2026-03-26,act,udens,0.3,1.0,0.0,0.3,0.0
2026-03-27,hit,all_drop,0.4,1.0,55.20919395987058,0.4,22.083677583948234
2026-03-27,hit,chain_drop,0.35,1.0,67.88852380337066,0.35,23.76098333117973
2026-03-27,hit,ddens,0.25,1.0,4.767511066871088,0.25,1.191877766717772
2026-03-27,cont,m1raw,0.4,1.0,29.33166812799861,0.4,11.732667251199445
2026-03-27,cont,ladder,0.3,1.0,0.0,0.3,0.0
2026-03-27,cont,max_height,0.3,1.0,0.0,0.3,0.0
2026-03-27,act,log_ratio20,0.4,1.0,0.0,0.4,0.0
2026-03-27,act,advance_pct,0.3,1.0,100.0,0.3,30.0
2026-03-27,act,udens,0.3,1.0,81.67835426838906,0.3,24.503506280516717
2026-03-30,hit,all_drop,0.4,1.0,25.805338123077686,0.4,10.322135249231074
2026-03-30,hit,chain_drop,0.35,1.0,40.73587165192991,0.35,14.257555078175468
2026-03-30,hit,ddens,0.25,1.0,47.851759796272994,0.25,11.962939949068248
2026-03-30,cont,m1raw,0.4,1.0,0.0,0.4,0.0
2026-03-30,cont,ladder,0.3,1.0,0.0,0.3,0.0
2026-03-30,cont,max_height,0.3,1.0,25.0,0.3,7.5
2026-03-30,act,log_ratio20,0.4,1.0,0.0,0.4,0.0
2026-03-30,act,advance_pct,0.3,1.0,57.66701892663008,0.3,17.300105677989023
2026-03-30,act,udens,0.3,1.0,47.07364530501813,0.3,14.12209359150544
2026-03-31,hit,all_drop,0.4,1.0,64.17676829683349,0.4,25.670707318733395
2026-03-31,hit,chain_drop,0.35,1.0,100.0,0.35,35.0
2026-03-31,hit,ddens,0.25,1.0,4.769425369162258,0.25,1.1923563422905645
2026-03-31,cont,m1raw,0.4,1.0,0.0,0.4,0.0
2026-03-31,cont,ladder,0.3,1.0,0.0,0.3,0.0
2026-03-31,cont,max_height,0.3,1.0,0.0,0.3,0.0
2026-03-31,act,log_ratio20,0.4,1.0,14.082168700608502,0.4,5.632867480243402
2026-03-31,act,advance_pct,0.3,1.0,0.0,0.3,0.0
2026-03-31,act,udens,0.3,1.0,25.379926903338607,0.3,7.613978071001582
2026-04-01,hit,all_drop,0.4,1.0,92.65708846490375,0.4,37.0628353859615
2026-04-01,hit,chain_drop,0.35,1.0,55.981300647924215,0.35,19.593455226773475
2026-04-01,hit,ddens,0.25,1.0,28.68480657225525,0.25,7.171201643063813
2026-04-01,cont,m1raw,0.4,1.0,2.983081502808691,0.4,1.1932326011234764
2026-04-01,cont,ladder,0.3,1.0,0.0,0.3,0.0
2026-04-01,cont,max_height,0.3,1.0,0.0,0.3,0.0
2026-04-01,act,log_ratio20,0.4,1.0,22.3693395186996,0.4,8.947735807479841
2026-04-01,act,advance_pct,0.3,1.0,100.0,0.3,30.0
2026-04-01,act,udens,0.3,1.0,33.99710049289586,0.3,10.199130147868757
2026-04-02,hit,all_drop,0.4,1.0,25.80529164484896,0.4,10.322116657939585
2026-04-02,hit,chain_drop,0.35,1.0,12.128735717054612,0.35,4.245057500969114
2026-04-02,hit,ddens,0.25,1.0,33.468648380676754,0.25,8.367162095169189
2026-04-02,cont,m1raw,0.4,1.0,60.29245735475251,0.4,24.116982941901004
2026-04-02,cont,ladder,0.3,1.0,0.0,0.3,0.0
2026-04-02,cont,max_height,0.3,1.0,25.0,0.3,7.5
2026-04-02,act,log_ratio20,0.4,1.0,3.411880604814859,0.4,1.3647522419259437
2026-04-02,act,advance_pct,0.3,1.0,0.0,0.3,0.0
2026-04-02,act,udens,0.3,1.0,0.0,0.3,0.0
2026-04-03,hit,all_drop,0.4,1.0,65.31672437798406,0.4,26.126689751193624
2026-04-03,hit,chain_drop,0.35,1.0,39.74417816322454,0.35,13.910462357128589
2026-04-03,hit,ddens,0.25,1.0,100.0,0.25,25.0
2026-04-03,cont,m1raw,0.4,1.0,8.165776804877543,0.4,3.2663107219510175
2026-04-03,cont,ladder,0.3,1.0,0.0,0.3,0.0
2026-04-03,cont,max_height,0.3,1.0,50.0,0.3,15.0
2026-04-03,act,log_ratio20,0.4,1.0,0.0,0.4,0.0
2026-04-03,act,advance_pct,0.3,1.0,0.0,0.3,0.0
2026-04-03,act,udens,0.3,1.0,0.0,0.3,0.0
2026-04-07,hit,all_drop,0.4,1.0,36.08464116682866,0.4,14.433856466731465
2026-04-07,hit,chain_drop,0.35,1.0,16.2905567964361,0.35,5.701694878752635
2026-04-07,hit,ddens,0.25,1.0,14.333281146990728,0.25,3.583320286747682
2026-04-07,cont,m1raw,0.4,1.0,62.89054026818417,0.4,25.156216107273668
2026-04-07,cont,ladder,0.3,1.0,0.0,0.3,0.0
2026-04-07,cont,max_height,0.3,1.0,75.0,0.3,22.5
2026-04-07,act,log_ratio20,0.4,1.0,0.0,0.4,0.0
2026-04-07,act,advance_pct,0.3,1.0,91.20506248408114,0.3,27.36151874522434
2026-04-07,act,udens,0.3,1.0,100.0,0.3,30.0
2026-04-08,hit,all_drop,0.4,1.0,10.323260859620511,0.4,4.129304343848204
2026-04-08,hit,chain_drop,0.35,1.0,5.886004097982383,0.35,2.0601014342938337
2026-04-08,hit,ddens,0.25,1.0,14.325631589831552,0.25,3.581407897457888
2026-04-08,cont,m1raw,0.4,1.0,20.922920727023097,0.4,8.36916829080924
2026-04-08,cont,ladder,0.3,1.0,0.0,0.3,0.0
2026-04-08,cont,max_height,0.3,1.0,0.0,0.3,0.0
2026-04-08,act,log_ratio20,0.4,1.0,80.95916894525256,0.4,32.383667578101026
2026-04-08,act,advance_pct,0.3,1.0,100.0,0.3,30.0
2026-04-08,act,udens,0.3,1.0,100.0,0.3,30.0
2026-04-09,hit,all_drop,0.4,1.0,0.0,0.4,0.0
2026-04-09,hit,chain_drop,0.35,1.0,19.409230613036005,0.35,6.793230714562601
2026-04-09,hit,ddens,0.25,1.0,4.759861508794695,0.25,1.1899653771986738
2026-04-09,cont,m1raw,0.4,1.0,5.461795612706995,0.4,2.184718245082798
2026-04-09,cont,ladder,0.3,1.0,0.0,0.3,0.0
2026-04-09,cont,max_height,0.3,1.0,25.0,0.3,7.5
2026-04-09,act,log_ratio20,0.4,1.0,49.57045200327806,0.4,19.828180801311223
2026-04-09,act,advance_pct,0.3,1.0,1.0351684346626673,0.3,0.31055053039880015
2026-04-09,act,udens,0.3,1.0,27.429662605622372,0.3,8.228898781686711
2026-04-10,hit,all_drop,0.4,1.0,35.80595855276575,0.4,14.322383421106302
2026-04-10,hit,chain_drop,0.35,1.0,14.438465656323253,0.35,5.053462979713138
2026-04-10,hit,ddens,0.25,1.0,33.43806237910443,0.25,8.359515594776108
2026-04-10,cont,m1raw,0.4,1.0,46.37799577813029,0.4,18.55119831125212
2026-04-10,cont,ladder,0.3,1.0,0.0,0.3,0.0
2026-04-10,cont,max_height,0.3,1.0,0.0,0.3,0.0
2026-04-10,act,log_ratio20,0.4,1.0,71.75797892015375,0.4,28.7031915680615
2026-04-10,act,advance_pct,0.3,1.0,86.895965690876,0.3,26.0687897072628
2026-04-10,act,udens,0.3,1.0,38.22652666317607,0.3,11.46795799895282
2026-04-13,hit,all_drop,0.4,1.0,2.75686437984067,0.4,1.102745751936268
2026-04-13,hit,chain_drop,0.35,1.0,16.77764916536455,0.35,5.872177207877592
2026-04-13,hit,ddens,0.25,1.0,14.321809104284682,0.25,3.5804522760711706
2026-04-13,cont,m1raw,0.4,1.0,26.75018454988566,0.4,10.700073819954264
2026-04-13,cont,ladder,0.3,1.0,50.000000000000014,0.3,15.000000000000004
2026-04-13,cont,max_height,0.3,1.0,25.0,0.3,7.5
2026-04-13,act,log_ratio20,0.4,1.0,54.14736398877804,0.4,21.658945595511216
2026-04-13,act,advance_pct,0.3,1.0,39.46280052632798,0.3,11.838840157898394
2026-04-13,act,udens,0.3,1.0,36.087566091652356,0.3,10.826269827495706
2026-04-14,hit,all_drop,0.4,1.0,0.0,0.4,0.0
2026-04-14,hit,chain_drop,0.35,1.0,3.4849534752622966,0.35,1.2197337163418038
2026-04-14,hit,ddens,0.25,1.0,14.317988146204568,0.25,3.579497036551142
2026-04-14,cont,m1raw,0.4,1.0,56.25441979344073,0.4,22.501767917376295
2026-04-14,cont,ladder,0.3,1.0,50.000000000000014,0.3,15.000000000000004
2026-04-14,cont,max_height,0.3,1.0,50.0,0.3,15.0
2026-04-14,act,log_ratio20,0.4,1.0,79.97708301144911,0.4,31.990833204579644
2026-04-14,act,advance_pct,0.3,1.0,81.26194413225953,0.3,24.37858323967786
2026-04-14,act,udens,0.3,1.0,27.406309619196524,0.3,8.221892885758956
2026-04-15,hit,all_drop,0.4,1.0,59.37898039112465,0.4,23.75159215644986
2026-04-15,hit,chain_drop,0.35,1.0,50.17351817325972,0.35,17.5607313606409
2026-04-15,hit,ddens,0.25,1.0,38.22667809300967,0.25,9.556669523252417
2026-04-15,cont,m1raw,0.4,1.0,35.61296973304708,0.4,14.245187893218834
2026-04-15,cont,ladder,0.3,1.0,0.0,0.3,0.0
2026-04-15,cont,max_height,0.3,1.0,25.0,0.3,7.5
2026-04-15,act,log_ratio20,0.4,1.0,82.75503401304456,0.4,33.10201360521783
2026-04-15,act,advance_pct,0.3,1.0,20.588451195086,0.3,6.1765353585258005
2026-04-15,act,udens,0.3,1.0,31.758614348637366,0.3,9.52758430459121
2026-04-16,hit,all_drop,0.4,1.0,26.496201944007602,0.4,10.598480777603042
2026-04-16,hit,chain_drop,0.35,1.0,40.73587165192991,0.35,14.257555078175468
2026-04-16,hit,ddens,0.25,1.0,4.757951029754637,0.25,1.1894877574386593
2026-04-16,cont,m1raw,0.4,1.0,25.467109954236637,0.4,10.186843981694656
2026-04-16,cont,ladder,0.3,1.0,50.000000000000014,0.3,15.000000000000004
2026-04-16,cont,max_height,0.3,1.0,50.0,0.3,15.0
2026-04-16,act,log_ratio20,0.4,1.0,74.25043936704512,0.4,29.700175746818047
2026-04-16,act,advance_pct,0.3,1.0,99.25008525314347,0.3,29.77502557594304
2026-04-16,act,udens,0.3,1.0,81.50739483909418,0.3,24.452218451728253
2026-04-17,hit,all_drop,0.4,1.0,3.7290160839796624,0.4,1.491606433591865
2026-04-17,hit,chain_drop,0.35,1.0,3.4849534752622966,0.35,1.2197337163418038
2026-04-17,hit,ddens,0.25,1.0,9.535105014333043,0.25,2.3837762535832607
2026-04-17,cont,m1raw,0.4,1.0,80.5834812483534,0.4,32.233392499341356
2026-04-17,cont,ladder,0.3,1.0,100.0,0.3,30.0
2026-04-17,cont,max_height,0.3,1.0,75.0,0.3,22.5
2026-04-17,act,log_ratio20,0.4,1.0,80.91726735757865,0.4,32.36690694303146
2026-04-17,act,advance_pct,0.3,1.0,33.73244506027021,0.3,10.119733518081063
2026-04-17,act,udens,0.3,1.0,59.83713274570027,0.3,17.951139823710083
2026-04-20,hit,all_drop,0.4,1.0,0.0,0.4,0.0
2026-04-20,hit,chain_drop,0.35,1.0,14.438465656323253,0.35,5.053462979713138
2026-04-20,hit,ddens,0.25,1.0,23.889490428094973,0.25,5.972372607023743
2026-04-20,cont,m1raw,0.4,1.0,26.64018615257051,0.4,10.656074461028204
2026-04-20,cont,ladder,0.3,1.0,0.0,0.3,0.0
2026-04-20,cont,max_height,0.3,1.0,50.0,0.3,15.0
2026-04-20,act,log_ratio20,0.4,1.0,93.66585187324858,0.4,37.466340749299434
2026-04-20,act,advance_pct,0.3,1.0,70.88455343852328,0.3,21.265366031556983
2026-04-20,act,udens,0.3,1.0,72.91610357675073,0.3,21.874831073025216
2026-04-21,hit,all_drop,0.4,1.0,22.117582324159766,0.4,8.847032929663907
2026-04-21,hit,chain_drop,0.35,1.0,10.461853690953053,0.35,3.661648791833568
2026-04-21,hit,ddens,0.25,1.0,38.22667809300967,0.25,9.556669523252417
2026-04-21,cont,m1raw,0.4,1.0,2.748492764243035,0.4,1.099397105697214
2026-04-21,cont,ladder,0.3,1.0,0.0,0.3,0.0
2026-04-21,cont,max_height,0.3,1.0,0.0,0.3,0.0
2026-04-21,act,log_ratio20,0.4,1.0,75.8605064886465,0.4,30.344202595458597
2026-04-21,act,advance_pct,0.3,1.0,27.853038887326626,0.3,8.355911666197988
2026-04-21,act,udens,0.3,1.0,25.26518673411488,0.3,7.579556020234464
2026-04-22,hit,all_drop,0.4,1.0,4.732426550565065,0.4,1.8929706202260261
2026-04-22,hit,chain_drop,0.35,1.0,3.4849534752622966,0.35,1.2197337163418038
2026-04-22,hit,ddens,0.25,1.0,14.33710822043747,0.25,3.5842770551093674
2026-04-22,cont,m1raw,0.4,1.0,14.189515634285014,0.4,5.675806253714006
2026-04-22,cont,ladder,0.3,1.0,0.0,0.3,0.0
2026-04-22,cont,max_height,0.3,1.0,0.0,0.3,0.0
2026-04-22,act,log_ratio20,0.4,1.0,90.40956599223786,0.4,36.163826396895146
2026-04-22,act,advance_pct,0.3,1.0,53.51927530007599,0.3,16.055782590022798
2026-04-22,act,udens,0.3,1.0,27.5231679632715,0.3,8.25695038898145
2026-04-23,hit,all_drop,0.4,1.0,27.94828460664612,0.4,11.179313842658448
2026-04-23,hit,chain_drop,0.35,1.0,3.4849534752622966,0.35,1.2197337163418038
2026-04-23,hit,ddens,0.25,1.0,66.9986128446251,0.25,16.749653211156275
2026-04-23,cont,m1raw,0.4,1.0,34.39551635798699,0.4,13.758206543194797
2026-04-23,cont,ladder,0.3,1.0,0.0,0.3,0.0
2026-04-23,cont,max_height,0.3,1.0,25.0,0.3,7.5
2026-04-23,act,log_ratio20,0.4,1.0,100.0,0.4,40.0
2026-04-23,act,advance_pct,0.3,1.0,8.181329923709947,0.3,2.454398977112984
2026-04-23,act,udens,0.3,1.0,18.901679640091036,0.3,5.670503892027311
2026-04-24,hit,all_drop,0.4,1.0,90.17325596281535,0.4,36.06930238512614
2026-04-24,hit,chain_drop,0.35,1.0,100.0,0.35,35.0
2026-04-24,hit,ddens,0.25,1.0,100.0,0.25,25.0
2026-04-24,cont,m1raw,0.4,1.0,10.470391096666331,0.4,4.188156438666533
2026-04-24,cont,ladder,0.3,1.0,0.0,0.3,0.0
2026-04-24,cont,max_height,0.3,1.0,0.0,0.3,0.0
2026-04-24,act,log_ratio20,0.4,1.0,91.84038220552372,0.4,36.73615288220949
2026-04-24,act,advance_pct,0.3,1.0,29.972045168458084,0.3,8.991613550537425
2026-04-24,act,udens,0.3,1.0,38.48213939814895,0.3,11.544641819444685
2026-04-27,hit,all_drop,0.4,1.0,53.46341656339394,0.4,21.385366625357577
2026-04-27,hit,chain_drop,0.35,1.0,55.981300647924215,0.35,19.593455226773475
2026-04-27,hit,ddens,0.25,1.0,100.0,0.25,25.0
2026-04-27,cont,m1raw,0.4,1.0,20.505955746544487,0.4,8.202382298617795
2026-04-27,cont,ladder,0.3,1.0,0.0,0.3,0.0
2026-04-27,cont,max_height,0.3,1.0,0.0,0.3,0.0
2026-04-27,act,log_ratio20,0.4,1.0,83.34926065906392,0.4,33.33970426362557
2026-04-27,act,advance_pct,0.3,1.0,70.3504059347159,0.3,21.105121780414766
2026-04-27,act,udens,0.3,1.0,51.690191279287376,0.3,15.507057383786211
2026-04-28,hit,all_drop,0.4,1.0,14.81077772366344,0.4,5.924311089465377
2026-04-28,hit,chain_drop,0.35,1.0,29.733127061593258,0.35,10.40659447155764
2026-04-28,hit,ddens,0.25,1.0,100.0,0.25,25.0
2026-04-28,cont,m1raw,0.4,1.0,43.21329665482105,0.4,17.28531866192842
2026-04-28,cont,ladder,0.3,1.0,50.000000000000014,0.3,15.000000000000004
2026-04-28,cont,max_height,0.3,1.0,25.0,0.3,7.5
2026-04-28,act,log_ratio20,0.4,1.0,74.5472688900096,0.4,29.818907556003843
2026-04-28,act,advance_pct,0.3,1.0,19.580034564173758,0.3,5.874010369252127
2026-04-28,act,udens,0.3,1.0,36.74325705473659,0.3,11.022977116420977
2026-04-29,hit,all_drop,0.4,1.0,40.76021947778633,0.4,16.304087791114533
2026-04-29,hit,chain_drop,0.35,1.0,22.39168958706366,0.35,7.83709135547228
2026-04-29,hit,ddens,0.25,1.0,58.04129792844057,0.25,14.510324482110143
2026-04-29,cont,m1raw,0.4,1.0,13.780352979516703,0.4,5.512141191806681
2026-04-29,cont,ladder,0.3,1.0,0.0,0.3,0.0
2026-04-29,cont,max_height,0.3,1.0,0.0,0.3,0.0
2026-04-29,act,log_ratio20,0.4,1.0,76.30872003260909,0.4,30.523488013043636
2026-04-29,act,advance_pct,0.3,1.0,89.6094766109421,0.3,26.88284298328263
2026-04-29,act,udens,0.3,1.0,100.0,0.3,30.0
2026-04-30,hit,all_drop,0.4,1.0,0.0,0.4,0.0
2026-04-30,hit,chain_drop,0.35,1.0,19.409230613036005,0.35,6.793230714562601
2026-04-30,hit,ddens,0.25,1.0,43.80415707445049,0.25,10.951039268612622
2026-04-30,cont,m1raw,0.4,1.0,24.66148433330406,0.4,9.864593733321625
2026-04-30,cont,ladder,0.3,1.0,0.0,0.3,0.0
2026-04-30,cont,max_height,0.3,1.0,0.0,0.3,0.0
2026-04-30,act,log_ratio20,0.4,1.0,86.63502449461602,0.4,34.654009797846406
2026-04-30,act,advance_pct,0.3,1.0,54.08756730991987,0.3,16.22627019297596
2026-04-30,act,udens,0.3,1.0,82.18975879083152,0.3,24.656927637249456
2026-05-06,hit,all_drop,0.4,1.0,0.0,0.4,0.0
2026-05-06,hit,chain_drop,0.35,1.0,0.0,0.35,0.0
2026-05-06,hit,ddens,0.25,1.0,0.05952596043251586,0.25,0.014881490108128965
2026-05-06,cont,m1raw,0.4,1.0,55.5565312015914,0.4,22.22261248063656
2026-05-06,cont,ladder,0.3,1.0,0.0,0.3,0.0
2026-05-06,cont,max_height,0.3,1.0,0.0,0.3,0.0
2026-05-06,act,log_ratio20,0.4,1.0,100.0,0.4,40.0
2026-05-06,act,advance_pct,0.3,1.0,88.348670181945,0.3,26.5046010545835
2026-05-06,act,udens,0.3,1.0,100.0,0.3,30.0
2026-05-07,hit,all_drop,0.4,1.0,0.0,0.4,0.0
2026-05-07,hit,chain_drop,0.35,1.0,7.208262082922889,0.35,2.5228917290230113
2026-05-07,hit,ddens,0.25,1.0,14.636461858798066,0.25,3.6591154646995165
2026-05-07,cont,m1raw,0.4,1.0,0.0,0.4,0.0
2026-05-07,cont,ladder,0.3,1.0,0.0,0.3,0.0
2026-05-07,cont,max_height,0.3,1.0,25.0,0.3,7.5
2026-05-07,act,log_ratio20,0.4,1.0,100.0,0.4,40.0
2026-05-07,act,advance_pct,0.3,1.0,73.04741552965184,0.3,21.914224658895552
2026-05-07,act,udens,0.3,1.0,100.0,0.3,30.0
2026-05-08,hit,all_drop,0.4,1.0,0.0,0.4,0.0
2026-05-08,hit,chain_drop,0.35,1.0,3.303952153286688,0.35,1.1563832536503407
2026-05-08,hit,ddens,0.25,1.0,0.05755089967804585,0.25,0.014387724919511463
2026-05-08,cont,m1raw,0.4,1.0,18.728099304528463,0.4,7.491239721811386
2026-05-08,cont,ladder,0.3,1.0,0.0,0.3,0.0
2026-05-08,cont,max_height,0.3,1.0,0.0,0.3,0.0
2026-05-08,act,log_ratio20,0.4,1.0,94.16240198027612,0.4,37.66496079211045
2026-05-08,act,advance_pct,0.3,1.0,75.53179057873672,0.3,22.659537173621015
2026-05-08,act,udens,0.3,1.0,100.0,0.3,30.0
2026-05-11,hit,all_drop,0.4,1.0,19.062046166772703,0.4,7.6248184667090815
2026-05-11,hit,chain_drop,0.35,1.0,7.208262082922889,0.35,2.5228917290230113
2026-05-11,hit,ddens,0.25,1.0,19.501035493877595,0.25,4.875258873469399
2026-05-11,cont,m1raw,0.4,1.0,38.88064688640923,0.4,15.552258754563693
2026-05-11,cont,ladder,0.3,1.0,50.000000000000014,0.3,15.000000000000004
2026-05-11,cont,max_height,0.3,1.0,25.0,0.3,7.5
2026-05-11,act,log_ratio20,0.4,1.0,100.0,0.4,40.0
2026-05-11,act,advance_pct,0.3,1.0,65.58013637650504,0.3,19.67404091295151
2026-05-11,act,udens,0.3,1.0,100.0,0.3,30.0
2026-05-12,hit,all_drop,0.4,1.0,15.053901296570087,0.4,6.021560518628036
2026-05-12,hit,chain_drop,0.35,1.0,18.71469643549369,0.35,6.550143752422791
2026-05-12,hit,ddens,0.25,1.0,34.09081029032719,0.25,8.522702572581798
2026-05-12,cont,m1raw,0.4,1.0,35.64543306274419,0.4,14.258173225097677
2026-05-12,cont,ladder,0.3,1.0,50.000000000000014,0.3,15.000000000000004
2026-05-12,cont,max_height,0.3,1.0,25.0,0.3,7.5
2026-05-12,act,log_ratio20,0.4,1.0,97.05917995278381,0.4,38.82367198111353
2026-05-12,act,advance_pct,0.3,1.0,5.364434837350127,0.3,1.6093304512050381
2026-05-12,act,udens,0.3,1.0,36.003995594682955,0.3,10.801198678404885
2026-05-13,hit,all_drop,0.4,1.0,3.3728998954428997,0.4,1.34915995817716
2026-05-13,hit,chain_drop,0.35,1.0,7.208262082922889,0.35,2.5228917290230113
2026-05-13,hit,ddens,0.25,1.0,4.907326609699168,0.25,1.226831652424792
2026-05-13,cont,m1raw,0.4,1.0,52.76902214657747,0.4,21.10760885863099
2026-05-13,cont,ladder,0.3,1.0,50.000000000000014,0.3,15.000000000000004
2026-05-13,cont,max_height,0.3,1.0,50.0,0.3,15.0
2026-05-13,act,log_ratio20,0.4,1.0,91.92066556420191,0.4,36.76826622568077
2026-05-13,act,advance_pct,0.3,1.0,65.38921264967762,0.3,19.616763794903285
2026-05-13,act,udens,0.3,1.0,100.0,0.3,30.0
2026-05-14,hit,all_drop,0.4,1.0,82.12075688770697,0.4,32.84830275508279
2026-05-14,hit,chain_drop,0.35,1.0,69.24939965061425,0.35,24.237289877714986
2026-05-14,hit,ddens,0.25,1.0,87.4373345290521,0.25,21.859333632263024
2026-05-14,cont,m1raw,0.4,1.0,13.873803466379279,0.4,5.549521386551712
2026-05-14,cont,ladder,0.3,1.0,50.000000000000014,0.3,15.000000000000004
2026-05-14,cont,max_height,0.3,1.0,25.0,0.3,7.5
2026-05-14,act,log_ratio20,0.4,1.0,96.68063591135552,0.4,38.67225436454221
2026-05-14,act,advance_pct,0.3,1.0,0.0,0.3,0.0
2026-05-14,act,udens,0.3,1.0,31.430077832426413,0.3,9.429023349727924
2026-05-15,hit,all_drop,0.4,1.0,96.75055700963031,0.4,38.70022280385213
2026-05-15,hit,chain_drop,0.35,1.0,57.50419950898047,0.35,20.126469828143165
2026-05-15,hit,ddens,0.25,1.0,68.00373522771721,0.25,17.000933806929304
2026-05-15,cont,m1raw,0.4,1.0,2.2174752937620297,0.4,0.8869901175048119
2026-05-15,cont,ladder,0.3,1.0,50.000000000000014,0.3,15.000000000000004
2026-05-15,cont,max_height,0.3,1.0,50.0,0.3,15.0
2026-05-15,act,log_ratio20,0.4,1.0,90.23328990890856,0.4,36.09331596356343
2026-05-15,act,advance_pct,0.3,1.0,19.911955810476865,0.3,5.973586743143059
2026-05-15,act,udens,0.3,1.0,31.40555315961484,0.3,9.42166594788445
2026-05-18,hit,all_drop,0.4,1.0,42.663568013840155,0.4,17.065427205536064
2026-05-18,hit,chain_drop,0.35,1.0,34.321525483174256,0.35,12.01253391911099
2026-05-18,hit,ddens,0.25,1.0,87.38121644715243,0.25,21.845304111788106
2026-05-18,cont,m1raw,0.4,1.0,86.78651683871273,0.4,34.71460673548509
2026-05-18,cont,ladder,0.3,1.0,50.000000000000014,0.3,15.000000000000004
2026-05-18,cont,max_height,0.3,1.0,50.0,0.3,15.0
2026-05-18,act,log_ratio20,0.4,1.0,51.90399274875889,0.4,20.761597099503557
2026-05-18,act,advance_pct,0.3,1.0,42.144043708879856,0.3,12.643213112663956
2026-05-18,act,udens,0.3,1.0,81.87648032009139,0.3,24.562944096027415
2026-05-19,hit,all_drop,0.4,1.0,3.970814309133978,0.4,1.5883257236535913
2026-05-19,hit,chain_drop,0.35,1.0,1.4269100843593645,0.35,0.49941852952577753
2026-05-19,hit,ddens,0.25,1.0,34.00406619865094,0.25,8.501016549662735
2026-05-19,cont,m1raw,0.4,1.0,59.07942791618124,0.4,23.631771166472497
2026-05-19,cont,ladder,0.3,1.0,100.0,0.3,30.0
2026-05-19,cont,max_height,0.3,1.0,75.0,0.3,22.5
2026-05-19,act,log_ratio20,0.4,1.0,49.31783645346939,0.4,19.72713458138776
2026-05-19,act,advance_pct,0.3,1.0,75.4341307627105,0.3,22.63023922881315
2026-05-19,act,udens,0.3,1.0,100.0,0.3,30.0
2026-05-20,hit,all_drop,0.4,1.0,55.085527783619185,0.4,22.034211113447675
2026-05-20,hit,chain_drop,0.35,1.0,18.71469643549369,0.35,6.550143752422791
2026-05-20,hit,ddens,0.25,1.0,100.0,0.25,25.0
2026-05-20,cont,m1raw,0.4,1.0,40.8799024003417,0.4,16.35196096013668
2026-05-20,cont,ladder,0.3,1.0,50.000000000000014,0.3,15.000000000000004
2026-05-20,cont,max_height,0.3,1.0,100.0,0.3,30.0
2026-05-20,act,log_ratio20,0.4,1.0,52.518974103645355,0.4,21.007589641458143
2026-05-20,act,advance_pct,0.3,1.0,17.325240627094974,0.3,5.197572188128492
2026-05-20,act,udens,0.3,1.0,44.318622139162756,0.3,13.295586641748827
2026-05-21,hit,all_drop,0.4,1.0,100.0,0.4,40.0
2026-05-21,hit,chain_drop,0.35,1.0,90.63694091152418,0.35,31.72292931903346
2026-05-21,hit,ddens,0.25,1.0,100.0,0.25,25.0
2026-05-21,cont,m1raw,0.4,1.0,0.0,0.4,0.0
2026-05-21,cont,ladder,0.3,1.0,0.0,0.3,0.0
2026-05-21,cont,max_height,0.3,1.0,75.0,0.3,22.5
2026-05-21,act,log_ratio20,0.4,1.0,89.31322204621284,0.4,35.72528881848514
2026-05-21,act,advance_pct,0.3,1.0,0.0,0.3,0.0
2026-05-21,act,udens,0.3,1.0,0.0,0.3,0.0
2026-05-22,hit,all_drop,0.4,1.0,26.885846108373677,0.4,10.754338443349472
2026-05-22,hit,chain_drop,0.35,1.0,34.321525483174256,0.35,12.01253391911099
2026-05-22,hit,ddens,0.25,1.0,19.387997719084236,0.25,4.846999429771059
2026-05-22,cont,m1raw,0.4,1.0,76.71761317824843,0.4,30.68704527129937
2026-05-22,cont,ladder,0.3,1.0,0.0,0.3,0.0
2026-05-22,cont,max_height,0.3,1.0,0.0,0.3,0.0
2026-05-22,act,log_ratio20,0.4,1.0,42.652099234882314,0.4,17.060839693952925
2026-05-22,act,advance_pct,0.3,1.0,88.06107506225386,0.3,26.41832251867616
2026-05-22,act,udens,0.3,1.0,100.0,0.3,30.0
2026-05-25,hit,all_drop,0.4,1.0,0.0,0.4,0.0
2026-05-25,hit,chain_drop,0.35,1.0,0.0,0.35,0.0
2026-05-25,hit,ddens,0.25,1.0,67.7681653306433,0.25,16.942041332660825
2026-05-25,cont,m1raw,0.4,1.0,0.0,0.4,0.0
2026-05-25,cont,ladder,0.3,1.0,0.0,0.3,0.0
2026-05-25,cont,max_height,0.3,1.0,0.0,0.3,0.0
2026-05-25,act,log_ratio20,0.4,1.0,64.15456930330215,0.4,25.66182772132086
2026-05-25,act,advance_pct,0.3,1.0,35.05640586853145,0.3,10.516921760559434
2026-05-25,act,udens,0.3,1.0,100.0,0.3,30.0
2026-05-26,hit,all_drop,0.4,1.0,37.90274572177717,0.4,15.16109828871087
2026-05-26,hit,chain_drop,0.35,1.0,24.609584110165578,0.35,8.613354438557952
2026-05-26,hit,ddens,0.25,1.0,77.44419885295511,0.25,19.361049713238778
2026-05-26,cont,m1raw,0.4,1.0,0.0,0.4,0.0
2026-05-26,cont,ladder,0.3,1.0,0.0,0.3,0.0
2026-05-26,cont,max_height,0.3,1.0,0.0,0.3,0.0
2026-05-26,act,log_ratio20,0.4,1.0,64.39537056351807,0.4,25.75814822540723
2026-05-26,act,advance_pct,0.3,1.0,8.262081843188954,0.3,2.478624552956686
2026-05-26,act,udens,0.3,1.0,17.872702812195737,0.3,5.361810843658721
2026-05-27,hit,all_drop,0.4,1.0,66.39001900176847,0.4,26.55600760070739
2026-05-27,hit,chain_drop,0.35,1.0,14.438465656323253,0.35,5.053462979713138
2026-05-27,hit,ddens,0.25,1.0,100.0,0.25,25.0
2026-05-27,cont,m1raw,0.4,1.0,0.0,0.4,0.0
2026-05-27,cont,ladder,0.3,1.0,0.0,0.3,0.0
2026-05-27,cont,max_height,0.3,1.0,0.0,0.3,0.0
2026-05-27,act,log_ratio20,0.4,1.0,62.29874962825972,0.4,24.91949985130389
2026-05-27,act,advance_pct,0.3,1.0,0.0,0.3,0.0
2026-05-27,act,udens,0.3,1.0,13.471287676871233,0.3,4.04138630306137
2026-05-28,hit,all_drop,0.4,1.0,16.07932543032314,0.4,6.431730172129257
2026-05-28,hit,chain_drop,0.35,1.0,3.4849534752622966,0.35,1.2197337163418038
2026-05-28,hit,ddens,0.25,1.0,33.89422266205675,0.25,8.473555665514187
2026-05-28,cont,m1raw,0.4,1.0,45.97875910425451,0.4,18.391503641701803
2026-05-28,cont,ladder,0.3,1.0,0.0,0.3,0.0
2026-05-28,cont,max_height,0.3,1.0,0.0,0.3,0.0
2026-05-28,act,log_ratio20,0.4,1.0,39.33541504152042,0.4,15.73416601660817
2026-05-28,act,advance_pct,0.3,1.0,53.96627911785677,0.3,16.189883735357032
2026-05-28,act,udens,0.3,1.0,100.0,0.3,30.0
2026-05-29,hit,all_drop,0.4,1.0,100.0,0.4,40.0
2026-05-29,hit,chain_drop,0.35,1.0,98.9201262621601,0.35,34.62204419175603
2026-05-29,hit,ddens,0.25,1.0,100.0,0.25,25.0
2026-05-29,cont,m1raw,0.4,1.0,32.75353242095231,0.4,13.101412968380926
2026-05-29,cont,ladder,0.3,1.0,0.0,0.3,0.0
2026-05-29,cont,max_height,0.3,1.0,25.0,0.3,7.5
2026-05-29,act,log_ratio20,0.4,1.0,64.33999134242084,0.4,25.73599653696834
2026-05-29,act,advance_pct,0.3,1.0,11.859613019813114,0.3,3.557883905943934
2026-05-29,act,udens,0.3,1.0,20.040861430019337,0.3,6.012258429005801
2026-06-01,hit,all_drop,0.4,1.0,22.74012682520684,0.4,9.096050730082736
2026-06-01,hit,chain_drop,0.35,1.0,25.800214128809547,0.35,9.03007494508334
2026-06-01,hit,ddens,0.25,1.0,100.0,0.25,25.0
2026-06-01,cont,m1raw,0.4,1.0,45.249251722831275,0.4,18.09970068913251
2026-06-01,cont,ladder,0.3,1.0,0.0,0.3,0.0
2026-06-01,cont,max_height,0.3,1.0,0.0,0.3,0.0
2026-06-01,act,log_ratio20,0.4,1.0,27.549486244251025,0.4,11.01979449770041
2026-06-01,act,advance_pct,0.3,1.0,79.48442994236449,0.3,23.845328982709344
2026-06-01,act,udens,0.3,1.0,100.0,0.3,30.0
2026-06-02,hit,all_drop,0.4,1.0,54.47827706905481,0.4,21.791310827621928
2026-06-02,hit,chain_drop,0.35,1.0,62.06251269082382,0.35,21.721879441788335
2026-06-02,hit,ddens,0.25,1.0,67.63632595584393,0.25,16.909081488960982
2026-06-02,cont,m1raw,0.4,1.0,0.0,0.4,0.0
2026-06-02,cont,ladder,0.3,1.0,0.0,0.3,0.0
2026-06-02,cont,max_height,0.3,1.0,0.0,0.3,0.0
2026-06-02,act,log_ratio20,0.4,1.0,19.392599009626217,0.4,7.757039603850487
2026-06-02,act,advance_pct,0.3,1.0,8.321354816535694,0.3,2.496406444960708
2026-06-02,act,udens,0.3,1.0,52.658870260916856,0.3,15.797661078275056
2026-06-03,hit,all_drop,0.4,1.0,20.988659845000107,0.4,8.395463938000043
2026-06-03,hit,chain_drop,0.35,1.0,25.006460783046897,0.35,8.752261274066413
2026-06-03,hit,ddens,0.25,1.0,48.2765588756031,0.25,12.069139718900775
2026-06-03,cont,m1raw,0.4,1.0,0.0,0.4,0.0
2026-06-03,cont,ladder,0.3,1.0,0.0,0.3,0.0
2026-06-03,cont,max_height,0.3,1.0,0.0,0.3,0.0
2026-06-03,act,log_ratio20,0.4,1.0,46.21275901588023,0.4,18.485103606352094
2026-06-03,act,advance_pct,0.3,1.0,20.004195977468978,0.3,6.001258793240694
2026-06-03,act,udens,0.3,1.0,54.728776199230026,0.3,16.41863285976901
2026-06-04,hit,all_drop,0.4,1.0,26.99251711784842,0.4,10.797006847139368
2026-06-04,hit,chain_drop,0.35,1.0,19.409230613036005,0.35,6.793230714562601
2026-06-04,hit,ddens,0.25,1.0,28.97523343476733,0.25,7.243808358691832
2026-06-04,cont,m1raw,0.4,1.0,7.202868303490866,0.4,2.8811473213963463
2026-06-04,cont,ladder,0.3,1.0,0.0,0.3,0.0
2026-06-04,cont,max_height,0.3,1.0,0.0,0.3,0.0
2026-06-04,act,log_ratio20,0.4,1.0,16.55544332949232,0.4,6.622177331796928
2026-06-04,act,advance_pct,0.3,1.0,8.355242981583455,0.3,2.5065728944750365
2026-06-04,act,udens,0.3,1.0,83.1280267827931,0.3,24.93840803483793
2026-06-05,hit,all_drop,0.4,1.0,100.0,0.4,40.0
2026-06-05,hit,chain_drop,0.35,1.0,100.0,0.35,35.0
2026-06-05,hit,ddens,0.25,1.0,53.07854185826266,0.25,13.269635464565665
2026-06-05,cont,m1raw,0.4,1.0,0.0,0.4,0.0
2026-06-05,cont,ladder,0.3,1.0,0.0,0.3,0.0
2026-06-05,cont,max_height,0.3,1.0,25.0,0.3,7.5
2026-06-05,act,log_ratio20,0.4,1.0,43.36183001554703,0.4,17.344732006218813
2026-06-05,act,advance_pct,0.3,1.0,63.92211647398137,0.3,19.17663494219441
2026-06-05,act,udens,0.3,1.0,74.32373057985535,0.3,22.297119173956606
2026-06-08,hit,all_drop,0.4,1.0,80.06792767679208,0.4,32.02717107071683
2026-06-08,hit,chain_drop,0.35,1.0,39.74417816322454,0.35,13.910462357128589
2026-06-08,hit,ddens,0.25,1.0,100.0,0.25,25.0
2026-06-08,cont,m1raw,0.4,1.0,65.62771748298272,0.4,26.251086993193088
2026-06-08,cont,ladder,0.3,1.0,50.000000000000014,0.3,15.000000000000004
2026-06-08,cont,max_height,0.3,1.0,50.0,0.3,15.0
2026-06-08,act,log_ratio20,0.4,1.0,20.935685218466926,0.4,8.374274087386771
2026-06-08,act,advance_pct,0.3,1.0,0.0,0.3,0.0
2026-06-08,act,udens,0.3,1.0,30.62598395911239,0.3,9.187795187733716
2026-06-09,hit,all_drop,0.4,1.0,42.663568013840155,0.4,17.065427205536064
2026-06-09,hit,chain_drop,0.35,1.0,30.30478865467065,0.35,10.606676029134727
2026-06-09,hit,ddens,0.25,1.0,43.41232923760126,0.25,10.853082309400316
2026-06-09,cont,m1raw,0.4,1.0,0.0,0.4,0.0
2026-06-09,cont,ladder,0.3,1.0,0.0,0.3,0.0
2026-06-09,cont,max_height,0.3,1.0,0.0,0.3,0.0
2026-06-09,act,log_ratio20,0.4,1.0,10.487850827476972,0.4,4.195140330990789
2026-06-09,act,advance_pct,0.3,1.0,71.99586198333171,0.3,21.598758594999513
2026-06-09,act,udens,0.3,1.0,100.0,0.3,30.0
2026-06-10,hit,all_drop,0.4,1.0,40.79052741431704,0.4,16.316210965726818
2026-06-10,hit,chain_drop,0.35,1.0,45.140106695217156,0.35,15.799037343326004
2026-06-10,hit,ddens,0.25,1.0,100.0,0.25,25.0
2026-06-10,cont,m1raw,0.4,1.0,0.0,0.4,0.0
2026-06-10,cont,ladder,0.3,1.0,0.0,0.3,0.0
2026-06-10,cont,max_height,0.3,1.0,0.0,0.3,0.0
2026-06-10,act,log_ratio20,0.4,1.0,10.911068961164675,0.4,4.36442758446587
2026-06-10,act,advance_pct,0.3,1.0,16.136188877364884,0.3,4.840856663209465
2026-06-10,act,udens,0.3,1.0,63.37453443590187,0.3,19.012360330770562
2026-06-11,hit,all_drop,0.4,1.0,92.6765087997809,0.4,37.07060351991236
2026-06-11,hit,chain_drop,0.35,1.0,61.64579218429843,0.35,21.57602726450445
2026-06-11,hit,ddens,0.25,1.0,100.0,0.25,25.0
2026-06-11,cont,m1raw,0.4,1.0,12.52246875751945,0.4,5.008987503007781
2026-06-11,cont,ladder,0.3,1.0,0.0,0.3,0.0
2026-06-11,cont,max_height,0.3,1.0,0.0,0.3,0.0
2026-06-11,act,log_ratio20,0.4,1.0,7.172746365697795,0.4,2.869098546279118
2026-06-11,act,advance_pct,0.3,1.0,9.655734778631048,0.3,2.8967204335893144
2026-06-11,act,udens,0.3,1.0,63.343735046766106,0.3,19.00312051402983
2026-06-12,hit,all_drop,0.4,1.0,74.13239828693857,0.4,29.65295931477543
2026-06-12,hit,chain_drop,0.35,1.0,62.06251269082382,0.35,21.721879441788335
2026-06-12,hit,ddens,0.25,1.0,67.47583803389672,0.25,16.86895950847418
2026-06-12,cont,m1raw,0.4,1.0,0.0,0.4,0.0
2026-06-12,cont,ladder,0.3,1.0,0.0,0.3,0.0
2026-06-12,cont,max_height,0.3,1.0,0.0,0.3,0.0
2026-06-12,act,log_ratio20,0.4,1.0,65.07499515184705,0.4,26.02999806073882
2026-06-12,act,advance_pct,0.3,1.0,87.43008315709434,0.3,26.229024947128302
2026-06-12,act,udens,0.3,1.0,100.0,0.3,30.0
2026-06-15,hit,all_drop,0.4,1.0,15.707945836161727,0.4,6.283178334464691
2026-06-15,hit,chain_drop,0.35,1.0,0.0,0.35,0.0
2026-06-15,hit,ddens,0.25,1.0,14.464266145167764,0.25,3.616066536291941
2026-06-15,cont,m1raw,0.4,1.0,0.0,0.4,0.0
2026-06-15,cont,ladder,0.3,1.0,0.0,0.3,0.0
2026-06-15,cont,max_height,0.3,1.0,0.0,0.3,0.0
2026-06-15,act,log_ratio20,0.4,1.0,51.647838998472004,0.4,20.659135599388804
2026-06-15,act,advance_pct,0.3,1.0,86.28655780035857,0.3,25.88596734010757
2026-06-15,act,udens,0.3,1.0,100.0,0.3,30.0
2026-06-16,hit,all_drop,0.4,1.0,3.7684268879300777,0.4,1.5073707551720312
2026-06-16,hit,chain_drop,0.35,1.0,0.0,0.35,0.0
2026-06-16,hit,ddens,0.25,1.0,28.88690007049876,0.25,7.22172501762469
2026-06-16,cont,m1raw,0.4,1.0,29.229457818706578,0.4,11.691783127482632
2026-06-16,cont,ladder,0.3,1.0,0.0,0.3,0.0
2026-06-16,cont,max_height,0.3,1.0,0.0,0.3,0.0
2026-06-16,act,log_ratio20,0.4,1.0,53.70695517881428,0.4,21.482782071525715
2026-06-16,act,advance_pct,0.3,1.0,50.65036964545698,0.3,15.195110893637095
2026-06-16,act,udens,0.3,1.0,100.0,0.3,30.0
2026-06-17,hit,all_drop,0.4,1.0,1.571596634479375,0.4,0.6286386537917501
2026-06-17,hit,chain_drop,0.35,1.0,0.0,0.35,0.0
2026-06-17,hit,ddens,0.25,1.0,0.013532448714519368,0.25,0.003383112178629842
2026-06-17,cont,m1raw,0.4,1.0,1.2616526215801567,0.4,0.5046610486320627
2026-06-17,cont,ladder,0.3,1.0,0.0,0.3,0.0
2026-06-17,cont,max_height,0.3,1.0,0.0,0.3,0.0
2026-06-17,act,log_ratio20,0.4,1.0,55.07724043688721,0.4,22.030896174754886
2026-06-17,act,advance_pct,0.3,1.0,18.389789242179102,0.3,5.516936772653731
2026-06-17,act,udens,0.3,1.0,100.0,0.3,30.0
2026-06-18,hit,all_drop,0.4,1.0,67.49294972714594,0.4,26.997179890858376
2026-06-18,hit,chain_drop,0.35,1.0,32.93245712808963,0.35,11.52635999483137
2026-06-18,hit,ddens,0.25,1.0,62.58944316377219,0.25,15.647360790943047
2026-06-18,cont,m1raw,0.4,1.0,0.0,0.4,0.0
2026-06-18,cont,ladder,0.3,1.0,0.0,0.3,0.0
2026-06-18,cont,max_height,0.3,1.0,0.0,0.3,0.0
2026-06-18,act,log_ratio20,0.4,1.0,70.68357199111546,0.4,28.273428796446183
2026-06-18,act,advance_pct,0.3,1.0,30.501972111724186,0.3,9.150591633517255
2026-06-18,act,udens,0.3,1.0,100.0,0.3,30.0
2026-06-22,hit,all_drop,0.4,1.0,10.323260859620511,0.4,4.129304343848204
2026-06-22,hit,chain_drop,0.35,1.0,0.0,0.35,0.0
2026-06-22,hit,ddens,0.25,1.0,14.4294194469992,0.25,3.6073548617498
2026-06-22,cont,m1raw,0.4,1.0,57.175323952289126,0.4,22.870129580915652
2026-06-22,cont,ladder,0.3,1.0,50.000000000000014,0.3,15.000000000000004
2026-06-22,cont,max_height,0.3,1.0,25.0,0.3,7.5
2026-06-22,act,log_ratio20,0.4,1.0,100.0,0.4,40.0
2026-06-22,act,advance_pct,0.3,1.0,55.548801918374565,0.3,16.66464057551237
2026-06-22,act,udens,0.3,1.0,100.0,0.3,30.0
2026-06-23,hit,all_drop,0.4,1.0,48.22331964378018,0.4,19.289327857512074
2026-06-23,hit,chain_drop,0.35,1.0,11.121187740170852,0.35,3.8924157090597977
2026-06-23,hit,ddens,0.25,1.0,100.0,0.25,25.0
2026-06-23,cont,m1raw,0.4,1.0,0.7945396377490233,0.4,0.3178158550996093
2026-06-23,cont,ladder,0.3,1.0,0.0,0.3,0.0
2026-06-23,cont,max_height,0.3,1.0,25.0,0.3,7.5
2026-06-23,act,log_ratio20,0.4,1.0,77.26542766173488,0.4,30.90617106469395
2026-06-23,act,advance_pct,0.3,1.0,47.867821734338186,0.3,14.360346520301455
2026-06-23,act,udens,0.3,1.0,100.0,0.3,30.0
2026-06-24,hit,all_drop,0.4,1.0,32.97012905140445,0.4,13.18805162056178
2026-06-24,hit,chain_drop,0.35,1.0,13.821101942952305,0.35,4.837385680033306
2026-06-24,hit,ddens,0.25,1.0,57.68774865128088,0.25,14.42193716282022
2026-06-24,cont,m1raw,0.4,1.0,2.348439349702215,0.4,0.9393757398808861
2026-06-24,cont,ladder,0.3,1.0,0.0,0.3,0.0
2026-06-24,cont,max_height,0.3,1.0,0.0,0.3,0.0
2026-06-24,act,log_ratio20,0.4,1.0,65.32809237720475,0.4,26.131236950881902
2026-06-24,act,advance_pct,0.3,1.0,11.297130582605613,0.3,3.389139174781684
2026-06-24,act,udens,0.3,1.0,100.0,0.3,30.0
2026-06-25,hit,all_drop,0.4,1.0,23.301654880143563,0.4,9.320661952057426
2026-06-25,hit,chain_drop,0.35,1.0,36.849781907852936,0.35,12.897423667748527
2026-06-25,hit,ddens,0.25,1.0,81.68754474489481,0.25,20.421886186223702
2026-06-25,cont,m1raw,0.4,1.0,0.0,0.4,0.0
2026-06-25,cont,ladder,0.3,1.0,0.0,0.3,0.0
2026-06-25,cont,max_height,0.3,1.0,25.0,0.3,7.5
2026-06-25,act,log_ratio20,0.4,1.0,86.53142832652657,0.4,34.61257133061063
2026-06-25,act,advance_pct,0.3,1.0,5.512897349591154,0.3,1.6538692048773462
2026-06-25,act,udens,0.3,1.0,99.80288454583345,0.3,29.940865363750035
2026-06-26,hit,all_drop,0.4,1.0,72.53211019259221,0.4,29.01284407703689
2026-06-26,hit,chain_drop,0.35,1.0,8.757591420080109,0.35,3.065156997028038
2026-06-26,hit,ddens,0.25,1.0,100.0,0.25,25.0
2026-06-26,cont,m1raw,0.4,1.0,18.58568734856998,0.4,7.434274939427993
2026-06-26,cont,ladder,0.3,1.0,50.000000000000014,0.3,15.000000000000004
2026-06-26,cont,max_height,0.3,1.0,50.0,0.3,15.0
2026-06-26,act,log_ratio20,0.4,1.0,82.37278973805978,0.4,32.94911589522391
2026-06-26,act,advance_pct,0.3,1.0,0.0,0.3,0.0
2026-06-26,act,udens,0.3,1.0,41.04239037582615,0.3,12.312717112747846
2026-06-29,hit,all_drop,0.4,1.0,84.00650711024245,0.4,33.602602844096985
2026-06-29,hit,chain_drop,0.35,1.0,82.22947423425519,0.35,28.780315981989315
2026-06-29,hit,ddens,0.25,1.0,100.0,0.25,25.0
2026-06-29,cont,m1raw,0.4,1.0,1.6482790838230912,0.4,0.6593116335292365
2026-06-29,cont,ladder,0.3,1.0,0.0,0.3,0.0
2026-06-29,cont,max_height,0.3,1.0,0.0,0.3,0.0
2026-06-29,act,log_ratio20,0.4,1.0,77.8089605257687,0.4,31.12358421030748
2026-06-29,act,advance_pct,0.3,1.0,44.60882126486993,0.3,13.38264637946098
2026-06-29,act,udens,0.3,1.0,100.0,0.3,30.0
2026-06-30,hit,all_drop,0.4,1.0,2.8510132943585074,0.4,1.140405317743403
2026-06-30,hit,chain_drop,0.35,1.0,1.4269100843593645,0.35,0.49941852952577753
2026-06-30,hit,ddens,0.25,1.0,28.866581019740504,0.25,7.216645254935126
2026-06-30,cont,m1raw,0.4,1.0,0.0,0.4,0.0
2026-06-30,cont,ladder,0.3,1.0,0.0,0.3,0.0
2026-06-30,cont,max_height,0.3,1.0,0.0,0.3,0.0
2026-06-30,act,log_ratio20,0.4,1.0,60.015065717535975,0.4,24.006026287014393
2026-06-30,act,advance_pct,0.3,1.0,60.22964607970784,0.3,18.06889382391235
2026-06-30,act,udens,0.3,1.0,100.0,0.3,30.0
2026-07-01,hit,all_drop,0.4,1.0,20.357990119602487,0.4,8.143196047840995
2026-07-01,hit,chain_drop,0.35,1.0,2.202736532107248,0.35,0.7709577862375367
2026-07-01,hit,ddens,0.25,1.0,33.63774983845587,0.25,8.409437459613967
2026-07-01,cont,m1raw,0.4,1.0,0.0,0.4,0.0
2026-07-01,cont,ladder,0.3,1.0,0.0,0.3,0.0
2026-07-01,cont,max_height,0.3,1.0,0.0,0.3,0.0
2026-07-01,act,log_ratio20,0.4,1.0,84.92898111158395,0.4,33.97159244463358
2026-07-01,act,advance_pct,0.3,1.0,97.18560067905985,0.3,29.155680203717953
2026-07-01,act,udens,0.3,1.0,100.0,0.3,30.0
2026-07-02,hit,all_drop,0.4,1.0,44.21080259701886,0.4,17.684321038807546
2026-07-02,hit,chain_drop,0.35,1.0,32.65464345707271,0.35,11.429125209975448
2026-07-02,hit,ddens,0.25,1.0,100.0,0.25,25.0
2026-07-02,cont,m1raw,0.4,1.0,0.0,0.4,0.0
2026-07-02,cont,ladder,0.3,1.0,0.0,0.3,0.0
2026-07-02,cont,max_height,0.3,1.0,0.0,0.3,0.0
2026-07-02,act,log_ratio20,0.4,1.0,67.70588753212483,0.4,27.082355012849934
2026-07-02,act,advance_pct,0.3,1.0,31.866144491000707,0.3,9.559843347300212
2026-07-02,act,udens,0.3,1.0,100.0,0.3,30.0
2026-07-03,hit,all_drop,0.4,1.0,100.0,0.4,40.0
2026-07-03,hit,chain_drop,0.35,1.0,61.36797851328149,0.35,21.478792479648522
2026-07-03,hit,ddens,0.25,1.0,100.0,0.25,25.0
2026-07-03,cont,m1raw,0.4,1.0,6.6241995702047305,0.4,2.6496798280818923
2026-07-03,cont,ladder,0.3,1.0,0.0,0.3,0.0
2026-07-03,cont,max_height,0.3,1.0,25.0,0.3,7.5
2026-07-03,act,log_ratio20,0.4,1.0,47.35195466889245,0.4,18.940781867556982
2026-07-03,act,advance_pct,0.3,1.0,80.00084874575145,0.3,24.000254623725436
2026-07-03,act,udens,0.3,1.0,100.0,0.3,30.0
2026-07-06,hit,all_drop,0.4,1.0,94.90913970842585,0.4,37.96365588337034
2026-07-06,hit,chain_drop,0.35,1.0,100.0,0.35,35.0
2026-07-06,hit,ddens,0.25,1.0,100.0,0.25,25.0
2026-07-06,cont,m1raw,0.4,1.0,0.0,0.4,0.0
2026-07-06,cont,ladder,0.3,1.0,0.0,0.3,0.0
2026-07-06,cont,max_height,0.3,1.0,0.0,0.3,0.0
2026-07-06,act,log_ratio20,0.4,1.0,38.87803363151856,0.4,15.551213452607426
2026-07-06,act,advance_pct,0.3,1.0,25.308891155231343,0.3,7.592667346569403
2026-07-06,act,udens,0.3,1.0,53.97662911314852,0.3,16.192988733944556
2026-07-07,hit,all_drop,0.4,1.0,100.0,0.4,40.0
2026-07-07,hit,chain_drop,0.35,1.0,91.19256825355802,0.35,31.917398888745307
2026-07-07,hit,ddens,0.25,1.0,100.0,0.25,25.0
2026-07-07,cont,m1raw,0.4,1.0,6.9947038543991855,0.4,2.7978815417596743
2026-07-07,cont,ladder,0.3,1.0,0.0,0.3,0.0
2026-07-07,cont,max_height,0.3,1.0,25.0,0.3,7.5
2026-07-07,act,log_ratio20,0.4,1.0,0.0,0.4,0.0
2026-07-07,act,advance_pct,0.3,1.0,0.0,0.3,0.0
2026-07-07,act,udens,0.3,1.0,0.0,0.3,0.0
2026-07-08,hit,all_drop,0.4,1.0,64.62359271825204,0.4,25.849437087300817
2026-07-08,hit,chain_drop,0.35,1.0,46.25136137928486,0.35,16.1879764827497
2026-07-08,hit,ddens,0.25,1.0,100.0,0.25,25.0
2026-07-08,cont,m1raw,0.4,1.0,32.17819311269559,0.4,12.871277245078236
2026-07-08,cont,ladder,0.3,1.0,0.0,0.3,0.0
2026-07-08,cont,max_height,0.3,1.0,50.0,0.3,15.0
2026-07-08,act,log_ratio20,0.4,1.0,0.0,0.4,0.0
2026-07-08,act,advance_pct,0.3,1.0,12.775893511779444,0.3,3.832768053533833
2026-07-08,act,udens,0.3,1.0,12.707056707794745,0.3,3.8121170123384234
2026-07-09,hit,all_drop,0.4,1.0,33.910200923440776,0.4,13.564080369376311
2026-07-09,hit,chain_drop,0.35,1.0,3.4849534752622966,0.35,1.2197337163418038
2026-07-09,hit,ddens,0.25,1.0,57.6125050212532,0.25,14.4031262553133
2026-07-09,cont,m1raw,0.4,1.0,17.92588481088289,0.4,7.170353924353157
2026-07-09,cont,ladder,0.3,1.0,0.0,0.3,0.0
2026-07-09,cont,max_height,0.3,1.0,75.0,0.3,22.5
2026-07-09,act,log_ratio20,0.4,1.0,25.865497789078685,0.4,10.346199115631475
2026-07-09,act,advance_pct,0.3,1.0,43.76346161912254,0.3,13.12903848573676
2026-07-09,act,udens,0.3,1.0,73.56779186907477,0.3,22.07033756072243
2026-07-10,hit,all_drop,0.4,1.0,40.20955836708588,0.4,16.083823346834354
2026-07-10,hit,chain_drop,0.35,1.0,12.128735717054612,0.35,4.245057500969114
2026-07-10,hit,ddens,0.25,1.0,24.016214917821014,0.25,6.004053729455253
2026-07-10,cont,m1raw,0.4,1.0,0.0,0.4,0.0
2026-07-10,cont,ladder,0.3,1.0,0.0,0.3,0.0
2026-07-10,cont,max_height,0.3,1.0,0.0,0.3,0.0
2026-07-10,act,log_ratio20,0.4,1.0,60.53846399853736,0.4,24.215385599414944
2026-07-10,act,advance_pct,0.3,1.0,80.52431539630813,0.3,24.157294618892436
2026-07-10,act,udens,0.3,1.0,100.0,0.3,30.0
2026-07-13,hit,all_drop,0.4,1.0,100.0,0.4,40.0
2026-07-13,hit,chain_drop,0.35,1.0,45.140106695217156,0.35,15.799037343326004
2026-07-13,hit,ddens,0.25,1.0,100.0,0.25,25.0
2026-07-13,cont,m1raw,0.4,1.0,0.0,0.4,0.0
2026-07-13,cont,ladder,0.3,1.0,0.0,0.3,0.0
2026-07-13,cont,max_height,0.3,1.0,0.0,0.3,0.0
2026-07-13,act,log_ratio20,0.4,1.0,13.76984986514528,0.4,5.507939946058112
2026-07-13,act,advance_pct,0.3,1.0,0.0,0.3,0.0
2026-07-13,act,udens,0.3,1.0,0.0,0.3,0.0
2026-07-14,hit,all_drop,0.4,1.0,76.89083958523393,0.4,30.756335834093576
2026-07-14,hit,chain_drop,0.35,1.0,74.5468222177099,0.35,26.091387776198463
2026-07-14,hit,ddens,0.25,1.0,100.0,0.25,25.0
2026-07-14,cont,m1raw,0.4,1.0,0.0,0.4,0.0
2026-07-14,cont,ladder,0.3,1.0,0.0,0.3,0.0
2026-07-14,cont,max_height,0.3,1.0,0.0,0.3,0.0
2026-07-14,act,log_ratio20,0.4,1.0,5.457406429127454,0.4,2.182962571650982
2026-07-14,act,advance_pct,0.3,1.0,94.30088690932008,0.3,28.290266072796026
2026-07-14,act,udens,0.3,1.0,86.53874150066781,0.3,25.96162245020034
2026-07-15,hit,all_drop,0.4,1.0,46.38812767924537,0.4,18.555251071698148
2026-07-15,hit,chain_drop,0.35,1.0,46.25136137928486,0.35,16.1879764827497
2026-07-15,hit,ddens,0.25,1.0,100.0,0.25,25.0
2026-07-15,cont,m1raw,0.4,1.0,64.47584677920212,0.4,25.790338711680846
2026-07-15,cont,ladder,0.3,1.0,0.0,0.3,0.0
2026-07-15,cont,max_height,0.3,1.0,0.0,0.3,0.0
2026-07-15,act,log_ratio20,0.4,1.0,0.0,0.4,0.0
2026-07-15,act,advance_pct,0.3,1.0,70.51579914625849,0.3,21.154739743877546
2026-07-15,act,udens,0.3,1.0,64.81148520974803,0.3,19.443445562924406
2026-07-16,hit,all_drop,0.4,1.0,36.341750763029104,0.4,14.536700305211642
2026-07-16,hit,chain_drop,0.35,1.0,78.70710501541356,0.35,27.547486755394743
2026-07-16,hit,ddens,0.25,1.0,100.0,0.25,25.0
2026-07-16,cont,m1raw,0.4,1.0,0.0,0.4,0.0
2026-07-16,cont,ladder,0.3,1.0,0.0,0.3,0.0
2026-07-16,cont,max_height,0.3,1.0,25.0,0.3,7.5
2026-07-16,act,log_ratio20,0.4,1.0,0.0,0.4,0.0
2026-07-16,act,advance_pct,0.3,1.0,41.60051451458186,0.3,12.480154354374557
2026-07-16,act,udens,0.3,1.0,0.0,0.3,0.0
2026-07-17,hit,all_drop,0.4,1.0,100.0,0.4,40.0
2026-07-17,hit,chain_drop,0.35,1.0,74.5468222177099,0.35,26.091387776198463
2026-07-17,hit,ddens,0.25,1.0,100.0,0.25,25.0
2026-07-17,cont,m1raw,0.4,1.0,40.143811296008245,0.4,16.057524518403298
2026-07-17,cont,ladder,0.3,1.0,0.0,0.3,0.0
2026-07-17,cont,max_height,0.3,1.0,0.0,0.3,0.0
2026-07-17,act,log_ratio20,0.4,1.0,6.725608731279199,0.4,2.69024349251168
2026-07-17,act,advance_pct,0.3,1.0,0.0,0.3,0.0
2026-07-17,act,udens,0.3,1.0,0.0,0.3,0.0
2026-07-20,hit,all_drop,0.4,1.0,100.0,0.4,40.0
2026-07-20,hit,chain_drop,0.35,1.0,100.0,0.35,35.0
2026-07-20,hit,ddens,0.25,1.0,100.0,0.25,25.0
2026-07-20,cont,m1raw,0.4,1.0,22.833401057062233,0.4,9.133360422824893
2026-07-20,cont,ladder,0.3,1.0,0.0,0.3,0.0
2026-07-20,cont,max_height,0.3,1.0,0.0,0.3,0.0
2026-07-20,act,log_ratio20,0.4,1.0,13.372423425915422,0.4,5.348969370366169
2026-07-20,act,advance_pct,0.3,1.0,22.831872739236562,0.3,6.849561821770968
2026-07-20,act,udens,0.3,1.0,27.851618190681588,0.3,8.355485457204477
2026-07-21,hit,all_drop,0.4,1.0,43.6636324988854,0.4,17.46545299955416
2026-07-21,hit,chain_drop,0.35,1.0,55.981300647924215,0.35,19.593455226773475
2026-07-21,hit,ddens,0.25,1.0,95.96082016325155,0.25,23.99020504081289
2026-07-21,cont,m1raw,0.4,1.0,0.0,0.4,0.0
2026-07-21,cont,ladder,0.3,1.0,0.0,0.3,0.0
2026-07-21,cont,max_height,0.3,1.0,0.0,0.3,0.0
2026-07-21,act,log_ratio20,0.4,1.0,38.69749287135462,0.4,15.478997148541849
2026-07-21,act,advance_pct,0.3,1.0,61.023471295774925,0.3,18.307041388732475
2026-07-21,act,udens,0.3,1.0,100.0,0.3,30.0
2026-07-22,hit,all_drop,0.4,1.0,12.678027962238058,0.4,5.0712111848952235
2026-07-22,hit,chain_drop,0.35,1.0,12.128735717054612,0.35,4.245057500969114
2026-07-22,hit,ddens,0.25,1.0,38.36470139430783,0.25,9.591175348576957
2026-07-22,cont,m1raw,0.4,1.0,59.28338612067877,0.4,23.71335444827151
2026-07-22,cont,ladder,0.3,1.0,50.000000000000014,0.3,15.000000000000004
2026-07-22,cont,max_height,0.3,1.0,25.0,0.3,7.5
2026-07-22,act,log_ratio20,0.4,1.0,14.896989941720772,0.4,5.958795976688309
2026-07-22,act,advance_pct,0.3,1.0,11.945116855381537,0.3,3.583535056614461
2026-07-22,act,udens,0.3,1.0,8.261814130035123,0.3,2.478544239010537
2026-07-23,hit,all_drop,0.4,1.0,0.0,0.4,0.0
2026-07-23,hit,chain_drop,0.35,1.0,0.0,0.35,0.0
2026-07-23,hit,ddens,0.25,1.0,4.790533353527622,0.25,1.1976333383819056
2026-07-23,cont,m1raw,0.4,1.0,97.58595064310076,0.4,39.03438025724031
2026-07-23,cont,ladder,0.3,1.0,50.000000000000014,0.3,15.000000000000004
2026-07-23,cont,max_height,0.3,1.0,50.0,0.3,15.0
2026-07-23,act,log_ratio20,0.4,1.0,0.0,0.4,0.0
2026-07-23,act,advance_pct,0.3,1.0,95.44935523586425,0.3,28.634806570759274
2026-07-23,act,udens,0.3,1.0,100.0,0.3,30.0
2026-07-24,hit,all_drop,0.4,1.0,97.2092597525633,0.4,38.88370390102532
2026-07-24,hit,chain_drop,0.35,1.0,61.64579218429843,0.35,21.57602726450445
2026-07-24,hit,ddens,0.25,1.0,100.0,0.25,25.0
2026-07-24,cont,m1raw,0.4,1.0,11.126493907509111,0.4,4.450597563003645
2026-07-24,cont,ladder,0.3,1.0,0.0,0.3,0.0
2026-07-24,cont,max_height,0.3,1.0,0.0,0.3,0.0
2026-07-24,act,log_ratio20,0.4,1.0,0.0,0.4,0.0
2026-07-24,act,advance_pct,0.3,1.0,0.0,0.3,0.0
2026-07-24,act,udens,0.3,1.0,0.0,0.3,0.0
2026-07-27,hit,all_drop,0.4,1.0,21.12236841341339,0.4,8.448947365365356
2026-07-27,hit,chain_drop,0.35,1.0,5.793657035953251,0.35,2.0277799625836375
2026-07-27,hit,ddens,0.25,1.0,24.004648270819402,0.25,6.0011620677048505
2026-07-27,cont,m1raw,0.4,1.0,35.15842154800121,0.4,14.063368619200483
2026-07-27,cont,ladder,0.3,1.0,50.000000000000014,0.3,15.000000000000004
2026-07-27,cont,max_height,0.3,1.0,25.0,0.3,7.5
2026-07-27,act,log_ratio20,0.4,1.0,0.0,0.4,0.0
2026-07-27,act,advance_pct,0.3,1.0,100.0,0.3,30.0
2026-07-27,act,udens,0.3,1.0,100.0,0.3,30.0
2026-07-28,hit,all_drop,0.4,1.0,66.85162595037917,0.4,26.74065038015167
2026-07-28,hit,chain_drop,0.35,1.0,3.4849534752622966,0.35,1.2197337163418038
2026-07-28,hit,ddens,0.25,1.0,100.0,0.25,25.0
2026-07-28,cont,m1raw,0.4,1.0,35.92350184049467,0.4,14.36940073619787
2026-07-28,cont,ladder,0.3,1.0,50.000000000000014,0.3,15.000000000000004
2026-07-28,cont,max_height,0.3,1.0,50.0,0.3,15.0
2026-07-28,act,log_ratio20,0.4,1.0,0.0,0.4,0.0
2026-07-28,act,advance_pct,0.3,1.0,42.12715439233213,0.3,12.638146317699638
2026-07-28,act,udens,0.3,1.0,40.96382660410332,0.3,12.289147981230995
2026-07-29,hit,all_drop,0.4,1.0,73.7865647987163,0.4,29.51462591948652
2026-07-29,hit,chain_drop,0.35,1.0,57.50419950898047,0.35,20.126469828143165
2026-07-29,hit,ddens,0.25,1.0,48.01026023541498,0.25,12.002565058853746
2026-07-29,cont,m1raw,0.4,1.0,25.68874485217724,0.4,10.275497940870897
2026-07-29,cont,ladder,0.3,1.0,0.0,0.3,0.0
2026-07-29,cont,max_height,0.3,1.0,75.0,0.3,22.5
2026-07-29,act,log_ratio20,0.4,1.0,6.741311976127645,0.4,2.696524790451058
2026-07-29,act,advance_pct,0.3,1.0,95.47758793247726,0.3,28.643276379743178
2026-07-29,act,udens,0.3,1.0,86.60937797506334,0.3,25.982813392519002
2026-07-30,hit,all_drop,0.4,1.0,63.488558888024784,0.4,25.395423555209916
2026-07-30,hit,chain_drop,0.35,1.0,40.73587165192991,0.35,14.257555078175468
2026-07-30,hit,ddens,0.25,1.0,100.0,0.25,25.0
2026-07-30,cont,m1raw,0.4,1.0,29.720206873970923,0.4,11.88808274958837
2026-07-30,cont,ladder,0.3,1.0,50.000000000000014,0.3,15.000000000000004
2026-07-30,cont,max_height,0.3,1.0,100.0,0.3,30.0
2026-07-30,act,log_ratio20,0.4,1.0,17.462493534393865,0.4,6.984997413757546
2026-07-30,act,advance_pct,0.3,1.0,19.777896148819963,0.3,5.9333688446459885
2026-07-30,act,udens,0.3,1.0,21.290327274810807,0.3,6.387098182443242
2026-07-31,hit,all_drop,0.4,1.0,0.0,0.4,0.0
2026-07-31,hit,chain_drop,0.35,1.0,0.0,0.35,0.0
2026-07-31,hit,ddens,0.25,1.0,0.0,0.25,0.0
2026-07-31,cont,m1raw,0.4,1.0,50.369709809801755,0.4,20.147883923920702
2026-07-31,cont,ladder,0.3,1.0,100.0,0.3,30.0
2026-07-31,cont,max_height,0.3,1.0,100.0,0.3,30.0
2026-07-31,act,log_ratio20,0.4,1.0,41.78161944983582,0.4,16.71264777993433
2026-07-31,act,advance_pct,0.3,1.0,100.0,0.3,30.0
2026-07-31,act,udens,0.3,1.0,100.0,0.3,30.0
2026-08-03,hit,all_drop,0.4,1.0,49.537895598186346,0.4,19.81515823927454
2026-08-03,hit,chain_drop,0.35,1.0,25.800214128809547,0.35,9.03007494508334
2026-08-03,hit,ddens,0.25,1.0,33.5760857744091,0.25,8.394021443602275
2026-08-03,cont,m1raw,0.4,1.0,60.47738692826855,0.4,24.19095477130742
2026-08-03,cont,ladder,0.3,1.0,100.0,0.3,30.0
2026-08-03,cont,max_height,0.3,1.0,50.0,0.3,15.0
2026-08-03,act,log_ratio20,0.4,1.0,0.0,0.4,0.0
2026-08-03,act,advance_pct,0.3,1.0,91.49013493228205,0.3,27.447040479684613
2026-08-03,act,udens,0.3,1.0,73.43703604286672,0.3,22.031110812860017
2026-08-04,hit,all_drop,0.4,1.0,0.0,0.4,0.0
2026-08-04,hit,chain_drop,0.35,1.0,0.0,0.35,0.0
2026-08-04,hit,ddens,0.25,1.0,0.0,0.25,0.0
2026-08-04,cont,m1raw,0.4,1.0,92.81301584297144,0.4,37.12520633718858
2026-08-04,cont,ladder,0.3,1.0,100.0,0.3,30.0
2026-08-04,cont,max_height,0.3,1.0,75.0,0.3,22.5
2026-08-04,act,log_ratio20,0.4,1.0,17.039039360640647,0.4,6.8156157442562595
2026-08-04,act,advance_pct,0.3,1.0,77.52455461700573,0.3,23.25736638510172
2026-08-04,act,udens,0.3,1.0,100.0,0.3,30.0
2026-08-05,hit,all_drop,0.4,1.0,0.0,0.4,0.0
2026-08-05,hit,chain_drop,0.35,1.0,0.0,0.35,0.0
2026-08-05,hit,ddens,0.25,1.0,0.0,0.25,0.0
2026-08-05,cont,m1raw,0.4,1.0,14.930566647584293,0.4,5.972226659033717
2026-08-05,cont,ladder,0.3,1.0,50.000000000000014,0.3,15.000000000000004
2026-08-05,cont,max_height,0.3,1.0,100.0,0.3,30.0
2026-08-05,act,log_ratio20,0.4,1.0,62.26661790727297,0.4,24.90664716290919
2026-08-05,act,advance_pct,0.3,1.0,78.09247961384528,0.3,23.427743884153585
2026-08-05,act,udens,0.3,1.0,100.0,0.3,30.0
2026-08-06,hit,all_drop,0.4,1.0,7.8544185018937505,0.4,3.1417674007575003
2026-08-06,hit,chain_drop,0.35,1.0,0.0,0.35,0.0
2026-08-06,hit,ddens,0.25,1.0,0.0,0.25,0.0
2026-08-06,cont,m1raw,0.4,1.0,57.209554526232644,0.4,22.88382181049306
2026-08-06,cont,ladder,0.3,1.0,50.000000000000014,0.3,15.000000000000004
2026-08-06,cont,max_height,0.3,1.0,25.0,0.3,7.5
2026-08-06,act,log_ratio20,0.4,1.0,49.86212923698915,0.4,19.94485169479566
2026-08-06,act,advance_pct,0.3,1.0,51.14274129614533,0.3,15.342822388843599
2026-08-06,act,udens,0.3,1.0,82.021300939179,0.3,24.6063902817537
2026-08-07,hit,all_drop,0.4,1.0,75.47706271104825,0.4,30.190825084419302
2026-08-07,hit,chain_drop,0.35,1.0,41.574996911603705,0.35,14.551248919061296
2026-08-07,hit,ddens,0.25,1.0,14.367780006186075,0.25,3.591945001546519
2026-08-07,cont,m1raw,0.4,1.0,9.507544127845039,0.4,3.8030176511380156
2026-08-07,cont,ladder,0.3,1.0,0.0,0.3,0.0
2026-08-07,cont,max_height,0.3,1.0,0.0,0.3,0.0
2026-08-07,act,log_ratio20,0.4,1.0,64.0694482161492,0.4,25.62777928645968
2026-08-07,act,advance_pct,0.3,1.0,53.796619344768324,0.3,16.138985803430497
2026-08-07,act,udens,0.3,1.0,73.273885932191,0.3,21.9821657796573
2026-08-10,hit,all_drop,0.4,1.0,33.70765139468623,0.4,13.483060557874493
2026-08-10,hit,chain_drop,0.35,1.0,48.26406531900238,0.35,16.892422861650832
2026-08-10,hit,ddens,0.25,1.0,23.941197314084786,0.25,5.985299328521196
2026-08-10,cont,m1raw,0.4,1.0,10.67291494697064,0.4,4.269165978788256
2026-08-10,cont,ladder,0.3,1.0,0.0,0.3,0.0
2026-08-10,cont,max_height,0.3,1.0,25.0,0.3,7.5
2026-08-10,act,log_ratio20,0.4,1.0,54.63961464214807,0.4,21.85584585685923
2026-08-10,act,advance_pct,0.3,1.0,92.91207265082588,0.3,27.87362179524776
2026-08-10,act,udens,0.3,1.0,100.0,0.3,30.0
2026-08-11,hit,all_drop,0.4,1.0,27.458134010899315,0.4,10.983253604359726
2026-08-11,hit,chain_drop,0.35,1.0,33.39547991311784,0.35,11.688417969591242
2026-08-11,hit,ddens,0.25,1.0,0.0,0.25,0.0
2026-08-11,cont,m1raw,0.4,1.0,30.549319172220564,0.4,12.219727668888225
2026-08-11,cont,ladder,0.3,1.0,50.000000000000014,0.3,15.000000000000004
2026-08-11,cont,max_height,0.3,1.0,50.0,0.3,15.0
2026-08-11,act,log_ratio20,0.4,1.0,36.2914180134893,0.4,14.51656720539572
2026-08-11,act,advance_pct,0.3,1.0,14.698132478908295,0.3,4.409439743672489
2026-08-11,act,udens,0.3,1.0,36.3893439775837,0.3,10.91680319327511
2026-08-12,hit,all_drop,0.4,1.0,3.059992966883036,0.4,1.2239971867532145
2026-08-12,hit,chain_drop,0.35,1.0,0.0,0.35,0.0
2026-08-12,hit,ddens,0.25,1.0,0.0,0.25,0.0
2026-08-12,cont,m1raw,0.4,1.0,100.0,0.4,40.0
2026-08-12,cont,ladder,0.3,1.0,100.0,0.3,30.0
2026-08-12,cont,max_height,0.3,1.0,75.0,0.3,22.5
2026-08-12,act,log_ratio20,0.4,1.0,20.302225585675206,0.4,8.120890234270083
2026-08-12,act,advance_pct,0.3,1.0,91.49994697520602,0.3,27.449984092561802
2026-08-12,act,udens,0.3,1.0,100.0,0.3,30.0
2026-08-13,hit,all_drop,0.4,1.0,53.61283161068211,0.4,21.445132644272846
2026-08-13,hit,chain_drop,0.35,1.0,7.208262082922889,0.35,2.5228917290230113
2026-08-13,hit,ddens,0.25,1.0,14.363940657879873,0.25,3.590985164469968
2026-08-13,cont,m1raw,0.4,1.0,70.21049472900667,0.4,28.08419789160267
2026-08-13,cont,ladder,0.3,1.0,50.000000000000014,0.3,15.000000000000004
2026-08-13,cont,max_height,0.3,1.0,25.0,0.3,7.5
2026-08-13,act,log_ratio20,0.4,1.0,62.60426161436374,0.4,25.041704645745497
2026-08-13,act,advance_pct,0.3,1.0,0.46728746524745907,0.3,0.1401862395742377
2026-08-13,act,udens,0.3,1.0,38.533384811268874,0.3,11.560015443380662
2026-08-14,hit,all_drop,0.4,1.0,100.0,0.4,40.0
2026-08-14,hit,chain_drop,0.35,1.0,100.0,0.35,35.0
2026-08-14,hit,ddens,0.25,1.0,57.487500833173996,0.25,14.371875208293499
2026-08-14,cont,m1raw,0.4,1.0,4.301417452624815,0.4,1.720566981049926
2026-08-14,cont,ladder,0.3,1.0,0.0,0.3,0.0
2026-08-14,cont,max_height,0.3,1.0,25.0,0.3,7.5
2026-08-14,act,log_ratio20,0.4,1.0,20.584037591201124,0.4,8.23361503648045
2026-08-14,act,advance_pct,0.3,1.0,41.15695223622455,0.3,12.347085670867363
2026-08-14,act,udens,0.3,1.0,45.04111799433929,0.3,13.512335398301786
2026-08-17,hit,all_drop,0.4,1.0,1.9017703059450368,0.4,0.7607081223780148
2026-08-17,hit,chain_drop,0.35,1.0,19.409230613036005,0.35,6.793230714562601
2026-08-17,hit,ddens,0.25,1.0,0.0,0.25,0.0
2026-08-17,cont,m1raw,0.4,1.0,58.18044532354585,0.4,23.27217812941834
2026-08-17,cont,ladder,0.3,1.0,0.0,0.3,0.0
2026-08-17,cont,max_height,0.3,1.0,0.0,0.3,0.0
2026-08-17,act,log_ratio20,0.4,1.0,48.729267876924204,0.4,19.491707150769685
2026-08-17,act,advance_pct,0.3,1.0,99.89784683554308,0.3,29.969354050662922
2026-08-17,act,udens,0.3,1.0,100.0,0.3,30.0
2026-08-18,hit,all_drop,0.4,1.0,57.319726506718396,0.4,22.92789060268736
2026-08-18,hit,chain_drop,0.35,1.0,44.58447935318331,0.35,15.604567773614159
2026-08-18,hit,ddens,0.25,1.0,23.95271305262677,0.25,5.988178263156692
2026-08-18,cont,m1raw,0.4,1.0,27.14577857682129,0.4,10.858311430728516
2026-08-18,cont,ladder,0.3,1.0,0.0,0.3,0.0
2026-08-18,cont,max_height,0.3,1.0,0.0,0.3,0.0
2026-08-18,act,log_ratio20,0.4,1.0,51.62319524520724,0.4,20.6492780980829
2026-08-18,act,advance_pct,0.3,1.0,26.301773924737947,0.3,7.890532177421384
2026-08-18,act,udens,0.3,1.0,81.95260168621625,0.3,24.585780505864875
2026-08-19,hit,all_drop,0.4,1.0,100.0,0.4,40.0
2026-08-19,hit,chain_drop,0.35,1.0,100.0,0.35,35.0
2026-08-19,hit,ddens,0.25,1.0,100.0,0.25,25.0
2026-08-19,cont,m1raw,0.4,1.0,0.0,0.4,0.0
2026-08-19,cont,ladder,0.3,1.0,0.0,0.3,0.0
2026-08-19,cont,max_height,0.3,1.0,0.0,0.3,0.0
2026-08-19,act,log_ratio20,0.4,1.0,65.06879393945052,0.4,26.02751757578021
2026-08-19,act,advance_pct,0.3,1.0,0.0,0.3,0.0
2026-08-19,act,udens,0.3,1.0,0.0,0.3,0.0
2026-08-20,hit,all_drop,0.4,1.0,100.0,0.4,40.0
2026-08-20,hit,chain_drop,0.35,1.0,55.981300647924215,0.35,19.593455226773475
2026-08-20,hit,ddens,0.25,1.0,47.9361747796525,0.25,11.984043694913124
2026-08-20,cont,m1raw,0.4,1.0,0.0,0.4,0.0
2026-08-20,cont,ladder,0.3,1.0,0.0,0.3,0.0
2026-08-20,cont,max_height,0.3,1.0,0.0,0.3,0.0
2026-08-20,act,log_ratio20,0.4,1.0,21.111924139111498,0.4,8.444769655644599
2026-08-20,act,advance_pct,0.3,1.0,92.70791660697057,0.3,27.81237498209117
2026-08-20,act,udens,0.3,1.0,82.021300939179,0.3,24.6063902817537
2026-08-21,hit,all_drop,0.4,1.0,100.0,0.4,40.0
2026-08-21,hit,chain_drop,0.35,1.0,16.2905567964361,0.35,5.701694878752635
2026-08-21,hit,ddens,0.25,1.0,62.30588834224145,0.25,15.576472085560363
2026-08-21,cont,m1raw,0.4,1.0,3.215874950051951,0.4,1.2863499800207805
2026-08-21,cont,ladder,0.3,1.0,0.0,0.3,0.0
2026-08-21,cont,max_height,0.3,1.0,0.0,0.3,0.0
2026-08-21,act,log_ratio20,0.4,1.0,0.0,0.4,0.0
2026-08-21,act,advance_pct,0.3,1.0,42.378541420157305,0.3,12.713562426047192
2026-08-21,act,udens,0.3,1.0,29.904216667498098,0.3,8.97126500024943
2026-08-24,hit,all_drop,0.4,1.0,89.023844295946,0.4,35.609537718378405
2026-08-24,hit,chain_drop,0.35,1.0,56.92191465034132,0.35,19.92267012761946
2026-08-24,hit,ddens,0.25,1.0,57.462560057630505,0.25,14.365640014407626
2026-08-24,cont,m1raw,0.4,1.0,30.311750696247504,0.4,12.124700278499002
2026-08-24,cont,ladder,0.3,1.0,0.0,0.3,0.0
2026-08-24,cont,max_height,0.3,1.0,0.0,0.3,0.0
2026-08-24,act,log_ratio20,0.4,1.0,13.617283080844302,0.4,5.446913232337721
2026-08-24,act,advance_pct,0.3,1.0,10.179484248128666,0.3,3.0538452744385998
2026-08-24,act,udens,0.3,1.0,10.293253633723364,0.3,3.087976090117009
2026-08-25,hit,all_drop,0.4,1.0,53.0760041228405,0.4,21.2304016491362
2026-08-25,hit,chain_drop,0.35,1.0,45.140106695217156,0.35,15.799037343326004
2026-08-25,hit,ddens,0.25,1.0,4.775172874039674,0.25,1.1937932185099185
2026-08-25,cont,m1raw,0.4,1.0,41.708500806732474,0.4,16.68340032269299
2026-08-25,cont,ladder,0.3,1.0,50.000000000000014,0.3,15.000000000000004
2026-08-25,cont,max_height,0.3,1.0,25.0,0.3,7.5
2026-08-25,act,log_ratio20,0.4,1.0,0.0,0.4,0.0
2026-08-25,act,advance_pct,0.3,1.0,95.24109552115935,0.3,28.572328656347803
2026-08-25,act,udens,0.3,1.0,51.46418291141698,0.3,15.439254873425092
2026-08-26,hit,all_drop,0.4,1.0,1.1199700098118843,0.4,0.44798800392475374
2026-08-26,hit,chain_drop,0.35,1.0,3.4849534752622966,0.35,1.2197337163418038
2026-08-26,hit,ddens,0.25,1.0,0.0,0.25,0.0
2026-08-26,cont,m1raw,0.4,1.0,43.79224642613986,0.4,17.516898570455947
2026-08-26,cont,ladder,0.3,1.0,50.000000000000014,0.3,15.000000000000004
2026-08-26,cont,max_height,0.3,1.0,25.0,0.3,7.5
2026-08-26,act,log_ratio20,0.4,1.0,0.0,0.4,0.0
2026-08-26,act,advance_pct,0.3,1.0,54.524022221661994,0.3,16.3572066664986
2026-08-26,act,udens,0.3,1.0,23.25837930711982,0.3,6.977513792135946
2026-08-27,hit,all_drop,0.4,1.0,5.102122395378986,0.4,2.0408489581515945
2026-08-27,hit,chain_drop,0.35,1.0,14.438465656323253,0.35,5.053462979713138
2026-08-27,hit,ddens,0.25,1.0,9.555181097091033,0.25,2.3887952742727583
2026-08-27,cont,m1raw,0.4,1.0,100.0,0.4,40.0
2026-08-27,cont,ladder,0.3,1.0,100.0,0.3,30.0
2026-08-27,cont,max_height,0.3,1.0,50.0,0.3,15.0
2026-08-27,act,log_ratio20,0.4,1.0,31.068692809156268,0.4,12.427477123662507
2026-08-27,act,advance_pct,0.3,1.0,71.03692628271331,0.3,21.311077884813994
2026-08-27,act,udens,0.3,1.0,73.04602407127565,0.3,21.913807221382694
2026-08-28,hit,all_drop,0.4,1.0,4.73247871837007,0.4,1.892991487348028
2026-08-28,hit,chain_drop,0.35,1.0,0.0,0.35,0.0
2026-08-28,hit,ddens,0.25,1.0,4.771340437480758,0.25,1.1928351093701894
2026-08-28,cont,m1raw,0.4,1.0,69.63340430579575,0.4,27.8533617223183
2026-08-28,cont,ladder,0.3,1.0,100.0,0.3,30.0
2026-08-28,cont,max_height,0.3,1.0,75.0,0.3,22.5
2026-08-28,act,log_ratio20,0.4,1.0,29.492815178484,0.4,11.7971260713936
2026-08-28,act,advance_pct,0.3,1.0,56.307521976000395,0.3,16.892256592800116
2026-08-28,act,udens,0.3,1.0,86.08098237953259,0.3,25.824294713859775
2026-08-31,hit,all_drop,0.4,1.0,68.94270903886076,0.4,27.577083615544304
2026-08-31,hit,chain_drop,0.35,1.0,69.24939965061425,0.35,24.237289877714986
2026-08-31,hit,ddens,0.25,1.0,47.86229688770445,0.25,11.965574221926113
2026-08-31,cont,m1raw,0.4,1.0,59.18900708882767,0.4,23.67560283553107
2026-08-31,cont,ladder,0.3,1.0,100.0,0.3,30.0
2026-08-31,cont,max_height,0.3,1.0,50.0,0.3,15.0
2026-08-31,act,log_ratio20,0.4,1.0,35.06188440394886,0.4,14.024753761579545
2026-08-31,act,advance_pct,0.3,1.0,63.60048038515498,0.3,19.080144115546492
2026-08-31,act,udens,0.3,1.0,96.95364984440207,0.3,29.086094953320618
2026-09-01,hit,all_drop,0.4,1.0,32.75244254674553,0.4,13.100977018698211
2026-09-01,hit,chain_drop,0.35,1.0,5.793657035953251,0.35,2.0277799625836375
2026-09-01,hit,ddens,0.25,1.0,0.0,0.25,0.0
2026-09-01,cont,m1raw,0.4,1.0,62.94275024093602,0.4,25.17710009637441
2026-09-01,cont,ladder,0.3,1.0,50.000000000000014,0.3,15.000000000000004
2026-09-01,cont,max_height,0.3,1.0,75.0,0.3,22.5
2026-09-01,act,log_ratio20,0.4,1.0,23.24329800012115,0.4,9.297319200048461
2026-09-01,act,advance_pct,0.3,1.0,66.36779941065998,0.3,19.910339823197994
2026-09-01,act,udens,0.3,1.0,83.9139080976151,0.3,25.174172429284532
2026-09-02,hit,all_drop,0.4,1.0,100.0,0.4,40.0
2026-09-02,hit,chain_drop,0.35,1.0,35.4655054378926,0.35,12.41292690326241
2026-09-02,hit,ddens,0.25,1.0,38.2697154646637,0.25,9.567428866165924
2026-09-02,cont,m1raw,0.4,1.0,32.719062300376905,0.4,13.087624920150763
2026-09-02,cont,ladder,0.3,1.0,50.000000000000014,0.3,15.000000000000004
2026-09-02,cont,max_height,0.3,1.0,25.0,0.3,7.5
2026-09-02,act,log_ratio20,0.4,1.0,0.0,0.4,0.0
2026-09-02,act,advance_pct,0.3,1.0,4.80868831125592,0.3,1.442606493376776
2026-09-02,act,udens,0.3,1.0,18.880004562256293,0.3,5.664001368676888
2026-09-03,hit,all_drop,0.4,1.0,90.17325596281535,0.4,36.06930238512614
2026-09-03,hit,chain_drop,0.35,1.0,48.26406531900238,0.35,16.892422861650832
2026-09-03,hit,ddens,0.25,1.0,76.53948971861895,0.25,19.134872429654738
2026-09-03,cont,m1raw,0.4,1.0,2.4555388163683562,0.4,0.9822155265473426
2026-09-03,cont,ladder,0.3,1.0,0.0,0.3,0.0
2026-09-03,cont,max_height,0.3,1.0,25.0,0.3,7.5
2026-09-03,act,log_ratio20,0.4,1.0,0.0,0.4,0.0
2026-09-03,act,advance_pct,0.3,1.0,24.845363796053167,0.3,7.45360913881595
2026-09-03,act,udens,0.3,1.0,5.861093441224476,0.3,1.7583280323673427
2026-09-04,hit,all_drop,0.4,1.0,65.37060094476695,0.4,26.14824037790678
2026-09-04,hit,chain_drop,0.35,1.0,25.800214128809547,0.35,9.03007494508334
2026-09-04,hit,ddens,0.25,1.0,38.26110110435342,0.25,9.565275276088355
2026-09-04,cont,m1raw,0.4,1.0,0.0,0.4,0.0
2026-09-04,cont,ladder,0.3,1.0,0.0,0.3,0.0
2026-09-04,cont,max_height,0.3,1.0,25.0,0.3,7.5
2026-09-04,act,log_ratio20,0.4,1.0,32.72693042314762,0.4,13.090772169259049
2026-09-04,act,advance_pct,0.3,1.0,37.6874710810302,0.3,11.306241324309061
2026-09-04,act,udens,0.3,1.0,0.0,0.3,0.0
2026-09-07,hit,all_drop,0.4,1.0,0.0,0.4,0.0
2026-09-07,hit,chain_drop,0.35,1.0,5.886004097982383,0.35,2.0601014342938337
2026-09-07,hit,ddens,0.25,1.0,4.769425369162258,0.25,1.1923563422905645
2026-09-07,cont,m1raw,0.4,1.0,82.64153939917168,0.4,33.056615759668674
2026-09-07,cont,ladder,0.3,1.0,0.0,0.3,0.0
2026-09-07,cont,max_height,0.3,1.0,50.0,0.3,15.0
2026-09-07,act,log_ratio20,0.4,1.0,26.14420382157875,0.4,10.4576815286315
2026-09-07,act,advance_pct,0.3,1.0,64.20682067354812,0.3,19.262046202064436
2026-09-07,act,udens,0.3,1.0,100.0,0.3,30.0
2026-09-08,hit,all_drop,0.4,1.0,0.0,0.4,0.0
2026-09-08,hit,chain_drop,0.35,1.0,0.0,0.35,0.0
2026-09-08,hit,ddens,0.25,1.0,0.0,0.25,0.0
2026-09-08,cont,m1raw,0.4,1.0,68.44842622361779,0.4,27.379370489447115
2026-09-08,cont,ladder,0.3,1.0,0.0,0.3,0.0
2026-09-08,cont,max_height,0.3,1.0,0.0,0.3,0.0
2026-09-08,act,log_ratio20,0.4,1.0,31.115554233428767,0.4,12.446221693371507
2026-09-08,act,advance_pct,0.3,1.0,71.96706433643187,0.3,21.59011930092956
2026-09-08,act,udens,0.3,1.0,68.68110955516083,0.3,20.604332866548248
2026-09-09,hit,all_drop,0.4,1.0,58.7654312316255,0.4,23.5061724926502
2026-09-09,hit,chain_drop,0.35,1.0,75.58573920587745,0.35,26.455008722057105
2026-09-09,hit,ddens,0.25,1.0,33.48395973673492,0.25,8.37098993418373
2026-09-09,cont,m1raw,0.4,1.0,8.175221008717003,0.4,3.270088403486801
2026-09-09,cont,ladder,0.3,1.0,0.0,0.3,0.0
2026-09-09,cont,max_height,0.3,1.0,25.0,0.3,7.5
2026-09-09,act,log_ratio20,0.4,1.0,20.153822910860463,0.4,8.061529164344185
2026-09-09,act,advance_pct,0.3,1.0,22.44463264536899,0.3,6.733389793610697
2026-09-09,act,udens,0.3,1.0,14.546723001534733,0.3,4.3640169004604195
2026-09-10,hit,all_drop,0.4,1.0,85.44541110078193,0.4,34.17816444031277
2026-09-10,hit,chain_drop,0.35,1.0,78.70710501541356,0.35,27.547486755394743
2026-09-10,hit,ddens,0.25,1.0,52.64996806719533,0.25,13.162492016798833
2026-09-10,cont,m1raw,0.4,1.0,3.2080718264198396,0.4,1.283228730567936
2026-09-10,cont,ladder,0.3,1.0,0.0,0.3,0.0
2026-09-10,cont,max_height,0.3,1.0,0.0,0.3,0.0
2026-09-10,act,log_ratio20,0.4,1.0,0.0,0.4,0.0
2026-09-10,act,advance_pct,0.3,1.0,0.0,0.3,0.0
2026-09-10,act,udens,0.3,1.0,0.0,0.3,0.0
2026-09-11,hit,all_drop,0.4,1.0,86.32209775209913,0.4,34.528839100839654
2026-09-11,hit,chain_drop,0.35,1.0,74.5468222177099,0.35,26.091387776198463
2026-09-11,hit,ddens,0.25,1.0,95.71889241715327,0.25,23.929723104288318
2026-09-11,cont,m1raw,0.4,1.0,36.88926081551224,0.4,14.755704326204896
2026-09-11,cont,ladder,0.3,1.0,0.0,0.3,0.0
2026-09-11,cont,max_height,0.3,1.0,0.0,0.3,0.0
2026-09-11,act,log_ratio20,0.4,1.0,41.480055787863876,0.4,16.592022315145552
2026-09-11,act,advance_pct,0.3,1.0,0.0,0.3,0.0
2026-09-11,act,udens,0.3,1.0,0.0,0.3,0.0
2026-09-14,hit,all_drop,0.4,1.0,21.12236841341339,0.4,8.448947365365356
2026-09-14,hit,chain_drop,0.35,1.0,62.75704686836613,0.35,21.964966403928145
2026-09-14,hit,ddens,0.25,1.0,71.78532610671311,0.25,17.94633152667828
2026-09-14,cont,m1raw,0.4,1.0,82.24183271173621,0.4,32.89673308469448
2026-09-14,cont,ladder,0.3,1.0,0.0,0.3,0.0
2026-09-14,cont,max_height,0.3,1.0,0.0,0.3,0.0
2026-09-14,act,log_ratio20,0.4,1.0,0.0,0.4,0.0
2026-09-14,act,advance_pct,0.3,1.0,62.25532113500524,0.3,18.676596340501572
2026-09-14,act,udens,0.3,1.0,25.40290248584345,0.3,7.6208707457530345
2026-09-15,hit,all_drop,0.4,1.0,62.03579502252652,0.4,24.81431800901061
2026-09-15,hit,chain_drop,0.35,1.0,19.409230613036005,0.35,6.793230714562601
2026-09-15,hit,ddens,0.25,1.0,100.0,0.25,25.0
2026-09-15,cont,m1raw,0.4,1.0,30.07735127693863,0.4,12.030940510775451
2026-09-15,cont,ladder,0.3,1.0,50.000000000000014,0.3,15.000000000000004
2026-09-15,cont,max_height,0.3,1.0,25.0,0.3,7.5
2026-09-15,act,log_ratio20,0.4,1.0,0.0,0.4,0.0
2026-09-15,act,advance_pct,0.3,1.0,0.13326169136692276,0.3,0.03997850741007682
2026-09-15,act,udens,0.3,1.0,0.0,0.3,0.0
2026-09-16,hit,all_drop,0.4,1.0,16.692586719274917,0.4,6.677034687709967
2026-09-16,hit,chain_drop,0.35,1.0,62.75704686836613,0.35,21.964966403928145
2026-09-16,hit,ddens,0.25,1.0,14.344766961656811,0.25,3.5861917404142027
2026-09-16,cont,m1raw,0.4,1.0,77.47698214252695,0.4,30.99079285701078
2026-09-16,cont,ladder,0.3,1.0,50.000000000000014,0.3,15.000000000000004
2026-09-16,cont,max_height,0.3,1.0,50.0,0.3,15.0
2026-09-16,act,log_ratio20,0.4,1.0,35.26434301257802,0.4,14.105737205031208
2026-09-16,act,advance_pct,0.3,1.0,93.38780130442476,0.3,28.016340391327425
2026-09-16,act,udens,0.3,1.0,100.0,0.3,30.0
2026-09-17,hit,all_drop,0.4,1.0,41.049543484941225,0.4,16.41981739397649
2026-09-17,hit,chain_drop,0.35,1.0,16.77764916536455,0.35,5.872177207877592
2026-09-17,hit,ddens,0.25,1.0,0.0,0.25,0.0
2026-09-17,cont,m1raw,0.4,1.0,18.345066964473425,0.4,7.338026785789371
2026-09-17,cont,ladder,0.3,1.0,0.0,0.3,0.0
2026-09-17,cont,max_height,0.3,1.0,25.0,0.3,7.5
2026-09-17,act,log_ratio20,0.4,1.0,37.344961303617254,0.4,14.937984521446902
2026-09-17,act,advance_pct,0.3,1.0,47.11585054895443,0.3,14.134755164686327
2026-09-17,act,udens,0.3,1.0,12.339357519443533,0.3,3.7018072558330597
2026-09-18,hit,all_drop,0.4,1.0,0.0,0.4,0.0
2026-09-18,hit,chain_drop,0.35,1.0,1.4269100843593645,0.35,0.49941852952577753
2026-09-18,hit,ddens,0.25,1.0,0.0,0.25,0.0
2026-09-18,cont,m1raw,0.4,1.0,61.95811960233208,0.4,24.783247840932834
2026-09-18,cont,ladder,0.3,1.0,0.0,0.3,0.0
2026-09-18,cont,max_height,0.3,1.0,0.0,0.3,0.0
2026-09-18,act,log_ratio20,0.4,1.0,69.82401325818756,0.4,27.929605303275025
2026-09-18,act,advance_pct,0.3,1.0,94.39796381066196,0.3,28.31938914319859
2026-09-18,act,udens,0.3,1.0,75.1468121424553,0.3,22.54404364273659
2026-09-21,hit,all_drop,0.4,1.0,0.0,0.4,0.0
2026-09-21,hit,chain_drop,0.35,1.0,16.77764916536455,0.35,5.872177207877592
2026-09-21,hit,ddens,0.25,1.0,4.765597530147718,0.25,1.1913993825369296
2026-09-21,cont,m1raw,0.4,1.0,100.0,0.4,40.0
2026-09-21,cont,ladder,0.3,1.0,50.000000000000014,0.3,15.000000000000004
2026-09-21,cont,max_height,0.3,1.0,25.0,0.3,7.5
2026-09-21,act,log_ratio20,0.4,1.0,63.34134896850766,0.4,25.336539587403067
2026-09-21,act,advance_pct,0.3,1.0,100.0,0.3,30.0
2026-09-21,act,udens,0.3,1.0,100.0,0.3,30.0
2026-09-22,hit,all_drop,0.4,1.0,12.960958769876852,0.4,5.184383507950741
2026-09-22,hit,chain_drop,0.35,1.0,28.450910118438223,0.35,9.957818541453378
2026-09-22,hit,ddens,0.25,1.0,9.549439338569224,0.25,2.387359834642306
2026-09-22,cont,m1raw,0.4,1.0,36.38124987594231,0.4,14.552499950376925
2026-09-22,cont,ladder,0.3,1.0,100.0,0.3,30.0
2026-09-22,cont,max_height,0.3,1.0,50.0,0.3,15.0
2026-09-22,act,log_ratio20,0.4,1.0,75.0188731776947,0.4,30.00754927107788
2026-09-22,act,advance_pct,0.3,1.0,40.76401493118194,0.3,12.229204479354582
2026-09-22,act,udens,0.3,1.0,46.99174627696727,0.3,14.097523883090181
2026-09-23,hit,all_drop,0.4,1.0,62.992694695353165,0.4,25.19707787814127
2026-09-23,hit,chain_drop,0.35,1.0,58.186878308764314,0.35,20.365407408067508
2026-09-23,hit,ddens,0.25,1.0,57.37542440728859,0.25,14.343856101822148
2026-09-23,cont,m1raw,0.4,1.0,22.55971996574487,0.4,9.023887986297948
2026-09-23,cont,ladder,0.3,1.0,0.0,0.3,0.0
2026-09-23,cont,max_height,0.3,1.0,0.0,0.3,0.0
2026-09-23,act,log_ratio20,0.4,1.0,27.980877373877394,0.4,11.192350949550958
2026-09-23,act,advance_pct,0.3,1.0,23.32734085803665,0.3,6.998202257410995
2026-09-23,act,udens,0.3,1.0,20.98037264381753,0.3,6.29411179314526
2026-09-24,hit,all_drop,0.4,1.0,100.0,0.4,40.0
2026-09-24,hit,chain_drop,0.35,1.0,76.99404739282969,0.35,26.94791658749039
2026-09-24,hit,ddens,0.25,1.0,47.79913752375354,0.25,11.949784380938384
2026-09-24,cont,m1raw,0.4,1.0,49.982007778142574,0.4,19.992803111257032
2026-09-24,cont,ladder,0.3,1.0,50.000000000000014,0.3,15.000000000000004
2026-09-24,cont,max_height,0.3,1.0,25.0,0.3,7.5
2026-09-24,act,log_ratio20,0.4,1.0,12.769274995584814,0.4,5.107709998233926
2026-09-24,act,advance_pct,0.3,1.0,0.22740999962044478,0.3,0.06822299988613344
2026-09-24,act,udens,0.3,1.0,18.793390899239675,0.3,5.638017269771902
2026-09-28,hit,all_drop,0.4,1.0,100.0,0.4,40.0
2026-09-28,hit,chain_drop,0.35,1.0,100.0,0.35,35.0
2026-09-28,hit,ddens,0.25,1.0,100.0,0.25,25.0
2026-09-28,cont,m1raw,0.4,1.0,12.847010198492335,0.4,5.138804079396934
2026-09-28,cont,ladder,0.3,1.0,0.0,0.3,0.0
2026-09-28,cont,max_height,0.3,1.0,25.0,0.3,7.5
2026-09-28,act,log_ratio20,0.4,1.0,22.705314310134792,0.4,9.082125724053917
2026-09-28,act,advance_pct,0.3,1.0,0.0,0.3,0.0
2026-09-28,act,udens,0.3,1.0,0.0,0.3,0.0
2026-09-29,hit,all_drop,0.4,1.0,28.02337460080005,0.4,11.209349840320021
2026-09-29,hit,chain_drop,0.35,1.0,34.321525483174256,0.35,12.01253391911099
2026-09-29,hit,ddens,0.25,1.0,47.77811805377933,0.25,11.944529513444833
2026-09-29,cont,m1raw,0.4,1.0,65.3820735625523,0.4,26.152829425020926
2026-09-29,cont,ladder,0.3,1.0,50.000000000000014,0.3,15.000000000000004
2026-09-29,cont,max_height,0.3,1.0,50.0,0.3,15.0
2026-09-29,act,log_ratio20,0.4,1.0,0.0,0.4,0.0
2026-09-29,act,advance_pct,0.3,1.0,71.9963544605589,0.3,21.59890633816767
2026-09-29,act,udens,0.3,1.0,31.73439643678832,0.3,9.520318931036496
2026-09-30,hit,all_drop,0.4,1.0,50.39028072752446,0.4,20.156112291009787
2026-09-30,hit,chain_drop,0.35,1.0,67.88852380337066,0.35,23.76098333117973
2026-09-30,hit,ddens,0.25,1.0,38.20089692813266,0.25,9.550224232033164
2026-09-30,cont,m1raw,0.4,1.0,85.66494446963702,0.4,34.26597778785481
2026-09-30,cont,ladder,0.3,1.0,50.000000000000014,0.3,15.000000000000004
2026-09-30,cont,max_height,0.3,1.0,75.0,0.3,22.5
2026-09-30,act,log_ratio20,0.4,1.0,0.0,0.4,0.0
2026-09-30,act,advance_pct,0.3,1.0,41.5897049208605,0.3,12.476911476258149
2026-09-30,act,udens,0.3,1.0,23.033273627545423,0.3,6.909982088263627
