trade_date,review_version,provenance,weather_basis,hit_facts,continuation_facts,activity_facts,breadth_index_divergence,active_under_pressure,small_group_notes,explanation_cautions,explanation
2025-01-02,project-review-v1-20261007,controller_authored_deterministic_explanation,挨打≥60且延续≥40,昨日涨停今日大跌8/46（17.39%），连板股大跌4/11（36.36%），跌停13只,最高6板；晋级：1板 10/35（28.57%）、2板 2/5（40.00%）、3板 0/2（0.00%）、≥4板 3/4（75.00%）,成交1.397万亿元，为此前20日均额0.89倍；上涨占比16.13%；涨停59只,,False,3板晋级分母仅2只；≥4板晋级分母仅4只,3板晋级分母仅2只；≥4板晋级分母仅4只；2025标尺端点饱和：上涨占比；源或群体存在已披露质量缺口,2025-01-02 雷阵雨｜分类依据：挨打≥60且延续≥40。挨打68.5：昨日涨停今日大跌8/46（17.39%），连板股大跌4/11（36.36%），跌停13只。延续56.2：最高6板；晋级：1板 10/35（28.57%）、2板 2/5（40.00%）、3板 0/2（0.00%）、≥4板 3/4（75.00%）。活跃19.3：成交1.397万亿元，为此前20日均额0.89倍；上涨占比16.13%；涨停59只。解释注意：3板晋级分母仅2只；≥4板晋级分母仅4只；2025标尺端点饱和：上涨占比；源或群体存在已披露质量缺口。
2025-01-03,project-review-v1-20261007,controller_authored_deterministic_explanation,挨打≥60且延续≥40,昨日涨停今日大跌22/59（37.29%），连板股大跌7/15（46.67%），跌停86只,最高7板；晋级：1板 9/44（20.45%）、2板 3/10（30.00%）、3板 1/2（50.00%）、≥4板 2/3（66.67%）,成交1.269万亿元，为此前20日均额0.81倍；上涨占比9.33%；涨停45只,,False,3板晋级分母仅2只；≥4板晋级分母仅3只,3板晋级分母仅2只；≥4板晋级分母仅3只；2025标尺端点饱和：昨日涨停大跌、连板股大跌、跌停密度、成交额相对20日、上涨占比；源或群体存在已披露质量缺口,2025-01-03 雷阵雨｜分类依据：挨打≥60且延续≥40。挨打100.0：昨日涨停今日大跌22/59（37.29%），连板股大跌7/15（46.67%），跌停86只。延续60.9：最高7板；晋级：1板 9/44（20.45%）、2板 3/10（30.00%）、3板 1/2（50.00%）、≥4板 2/3（66.67%）。活跃2.6：成交1.269万亿元，为此前20日均额0.81倍；上涨占比9.33%；涨停45只。解释注意：3板晋级分母仅2只；≥4板晋级分母仅3只；2025标尺端点饱和：昨日涨停大跌、连板股大跌、跌停密度、成交额相对20日、上涨占比；源或群体存在已披露质量缺口。
2025-01-06,project-review-v1-20261007,controller_authored_deterministic_explanation,挨打≥60且延续<40,昨日涨停今日大跌11/45（24.44%），连板股大跌7/15（46.67%），跌停65只,最高4板；晋级：1板 11/30（36.67%）、2板 2/9（22.22%）、3板 2/3（66.67%）、≥4板 0/3（0.00%）,成交1.059万亿元，为此前20日均额0.68倍；上涨占比43.54%；涨停59只,,False,3板晋级分母仅3只；≥4板晋级分母仅3只,3板晋级分母仅3只；≥4板晋级分母仅3只；2025标尺端点饱和：连板股大跌、跌停密度、梯队完整度、最高板、成交额相对20日；源或群体存在已披露质量缺口,2025-01-06 暴雨｜分类依据：挨打≥60且延续<40。挨打96.6：昨日涨停今日大跌11/45（24.44%），连板股大跌7/15（46.67%），跌停65只。延续19.7：最高4板；晋级：1板 11/30（36.67%）、2板 2/9（22.22%）、3板 2/3（66.67%）、≥4板 0/3（0.00%）。活跃23.5：成交1.059万亿元，为此前20日均额0.68倍；上涨占比43.54%；涨停59只。解释注意：3板晋级分母仅3只；≥4板晋级分母仅3只；2025标尺端点饱和：连板股大跌、跌停密度、梯队完整度、最高板、成交额相对20日；源或群体存在已披露质量缺口。
2025-01-07,project-review-v1-20261007,controller_authored_deterministic_explanation,挨打<60、延续<50且活跃≥35,昨日涨停今日大跌5/59（8.47%），连板股大跌5/15（33.33%），跌停10只,最高5板；晋级：1板 10/44（22.73%）、2板 3/11（27.27%）、3板 1/2（50.00%）、≥4板 1/2（50.00%）,成交1.077万亿元，为此前20日均额0.71倍；上涨占比81.67%；涨停93只,,False,3板晋级分母仅2只；≥4板晋级分母仅2只,3板晋级分母仅2只；≥4板晋级分母仅2只；2025标尺端点饱和：成交额相对20日、上涨占比、涨停密度；源或群体存在已披露质量缺口,2025-01-07 多云｜分类依据：挨打<60、延续<50且活跃≥35。挨打48.2：昨日涨停今日大跌5/59（8.47%），连板股大跌5/15（33.33%），跌停10只。延续42.2：最高5板；晋级：1板 10/44（22.73%）、2板 3/11（27.27%）、3板 1/2（50.00%）、≥4板 1/2（50.00%）。活跃60.0：成交1.077万亿元，为此前20日均额0.71倍；上涨占比81.67%；涨停93只。解释注意：3板晋级分母仅2只；≥4板晋级分母仅2只；2025标尺端点饱和：成交额相对20日、上涨占比、涨停密度；源或群体存在已披露质量缺口。
2025-01-08,project-review-v1-20261007,controller_authored_deterministic_explanation,挨打<60且延续≥50；此分支不使用活跃，晴不表示普涨,昨日涨停今日大跌5/93（5.38%），连板股大跌2/15（13.33%），跌停4只,最高6板；晋级：1板 13/78（16.67%）、2板 5/10（50.00%）、3板 2/3（66.67%）、≥4板 2/2（100.00%）,成交1.244万亿元，为此前20日均额0.84倍；上涨占比34.85%；涨停65只,,False,3板晋级分母仅3只；≥4板晋级分母仅2只,3板晋级分母仅3只；≥4板晋级分母仅2只；2025标尺端点饱和：分板晋级、梯队完整度；源或群体存在已披露质量缺口,2025-01-08 晴｜分类依据：挨打<60且延续≥50；此分支不使用活跃，晴不表示普涨。挨打17.4：昨日涨停今日大跌5/93（5.38%），连板股大跌2/15（13.33%），跌停4只。延续85.0：最高6板；晋级：1板 13/78（16.67%）、2板 5/10（50.00%）、3板 2/3（66.67%）、≥4板 2/2（100.00%）。活跃25.1：成交1.244万亿元，为此前20日均额0.84倍；上涨占比34.85%；涨停65只。解释注意：3板晋级分母仅3只；≥4板晋级分母仅2只；2025标尺端点饱和：分板晋级、梯队完整度；源或群体存在已披露质量缺口。
2025-01-09,project-review-v1-20261007,controller_authored_deterministic_explanation,挨打<60且延续≥50；此分支不使用活跃，晴不表示普涨,昨日涨停今日大跌7/65（10.77%），连板股大跌5/22（22.73%），跌停5只,最高7板；晋级：1板 13/43（30.23%）、2板 4/13（30.77%）、3板 3/5（60.00%）、≥4板 4/4（100.00%）,成交1.113万亿元，为此前20日均额0.77倍；上涨占比49.22%；涨停86只,三大指数至少两个上涨，但上涨家数不足一半,False,≥4板晋级分母仅4只,≥4板晋级分母仅4只；2025标尺端点饱和：分板晋级、梯队完整度、成交额相对20日；源或群体存在已披露质量缺口,2025-01-09 晴｜分类依据：挨打<60且延续≥50；此分支不使用活跃，晴不表示普涨。挨打36.6：昨日涨停今日大跌7/65（10.77%），连板股大跌5/22（22.73%），跌停5只。延续92.5：最高7板；晋级：1板 13/43（30.23%）、2板 4/13（30.77%）、3板 3/5（60.00%）、≥4板 4/4（100.00%）。活跃44.0：成交1.113万亿元，为此前20日均额0.77倍；上涨占比49.22%；涨停86只。三大指数至少两个上涨，但上涨家数不足一半。解释注意：≥4板晋级分母仅4只；2025标尺端点饱和：分板晋级、梯队完整度、成交额相对20日；源或群体存在已披露质量缺口。
2025-01-10,project-review-v1-20261007,controller_authored_deterministic_explanation,挨打≥60且延续<40,昨日涨停今日大跌35/86（40.70%），连板股大跌17/24（70.83%），跌停45只,最高7板；晋级：1板 9/62（14.52%）、2板 1/13（7.69%）、3板 1/4（25.00%）、≥4板 2/7（28.57%）,成交1.149万亿元，为此前20日均额0.82倍；上涨占比9.75%；涨停38只,,False,3板晋级分母仅4只,3板晋级分母仅4只；2025标尺端点饱和：昨日涨停大跌、连板股大跌、跌停密度、分板晋级、成交额相对20日、上涨占比、涨停密度；源或群体存在已披露质量缺口,2025-01-10 暴雨｜分类依据：挨打≥60且延续<40。挨打100.0：昨日涨停今日大跌35/86（40.70%），连板股大跌17/24（70.83%），跌停45只。延续37.5：最高7板；晋级：1板 9/62（14.52%）、2板 1/13（7.69%）、3板 1/4（25.00%）、≥4板 2/7（28.57%）。活跃0.0：成交1.149万亿元，为此前20日均额0.82倍；上涨占比9.75%；涨停38只。解释注意：3板晋级分母仅4只；2025标尺端点饱和：昨日涨停大跌、连板股大跌、跌停密度、分板晋级、成交额相对20日、上涨占比、涨停密度；源或群体存在已披露质量缺口。
2025-01-13,project-review-v1-20261007,controller_authored_deterministic_explanation,挨打≥60且延续<40,昨日涨停今日大跌10/38（26.32%），连板股大跌6/13（46.15%），跌停30只,最高8板；晋级：1板 3/25（12.00%）、2板 3/9（33.33%）、3板 0/1（0.00%）、≥4板 1/3（33.33%）,成交0.967万亿元，为此前20日均额0.71倍；上涨占比58.53%；涨停46只,,False,3板晋级分母仅1只；≥4板晋级分母仅3只,3板晋级分母仅1只；≥4板晋级分母仅3只；2025标尺端点饱和：连板股大跌、跌停密度、梯队完整度、最高板、成交额相对20日；源或群体存在已披露质量缺口,2025-01-13 暴雨｜分类依据：挨打≥60且延续<40。挨打99.3：昨日涨停今日大跌10/38（26.32%），连板股大跌6/13（46.15%），跌停30只。延续38.0：最高8板；晋级：1板 3/25（12.00%）、2板 3/9（33.33%）、3板 0/1（0.00%）、≥4板 1/3（33.33%）。活跃22.6：成交0.967万亿元，为此前20日均额0.71倍；上涨占比58.53%；涨停46只。解释注意：3板晋级分母仅1只；≥4板晋级分母仅3只；2025标尺端点饱和：连板股大跌、跌停密度、梯队完整度、最高板、成交额相对20日；源或群体存在已披露质量缺口。
2025-01-14,project-review-v1-20261007,controller_authored_deterministic_explanation,挨打<60且延续≥50；此分支不使用活跃，晴不表示普涨,昨日涨停今日大跌0/45（0.00%），连板股大跌0/7（0.00%），跌停0只,最高9板；晋级：1板 9/38（23.68%）、2板 3/3（100.00%）、3板 3/3（100.00%）、≥4板 1/1（100.00%）,成交1.351万亿元，为此前20日均额1.03倍；上涨占比99.48%；涨停134只,,False,2板晋级分母仅3只；3板晋级分母仅3只；≥4板晋级分母仅1只,2板晋级分母仅3只；3板晋级分母仅3只；≥4板晋级分母仅1只；2025标尺端点饱和：昨日涨停大跌、跌停密度、分板晋级、最高板、上涨占比、涨停密度；源或群体存在已披露质量缺口,2025-01-14 晴｜分类依据：挨打<60且延续≥50；此分支不使用活跃，晴不表示普涨。挨打2.1：昨日涨停今日大跌0/45（0.00%），连板股大跌0/7（0.00%），跌停0只。延续85.0：最高9板；晋级：1板 9/38（23.68%）、2板 3/3（100.00%）、3板 3/3（100.00%）、≥4板 1/1（100.00%）。活跃81.6：成交1.351万亿元，为此前20日均额1.03倍；上涨占比99.48%；涨停134只。解释注意：2板晋级分母仅3只；3板晋级分母仅3只；≥4板晋级分母仅1只；2025标尺端点饱和：昨日涨停大跌、跌停密度、分板晋级、最高板、上涨占比、涨停密度；源或群体存在已披露质量缺口。
2025-01-15,project-review-v1-20261007,controller_authored_deterministic_explanation,挨打<60且延续≥50；此分支不使用活跃，晴不表示普涨,昨日涨停今日大跌6/134（4.48%），连板股大跌4/16（25.00%），跌停8只,最高10板；晋级：1板 20/118（16.95%）、2板 2/9（22.22%）、3板 0/3（0.00%）、≥4板 4/4（100.00%）,成交1.189万亿元，为此前20日均额0.92倍；上涨占比30.04%；涨停65只,,False,3板晋级分母仅3只；≥4板晋级分母仅4只,3板晋级分母仅3只；≥4板晋级分母仅4只；2025标尺端点饱和：最高板；源或群体存在已披露质量缺口,2025-01-15 晴｜分类依据：挨打<60且延续≥50；此分支不使用活跃，晴不表示普涨。挨打30.9：昨日涨停今日大跌6/134（4.48%），连板股大跌4/16（25.00%），跌停8只。延续58.6：最高10板；晋级：1板 20/118（16.95%）、2板 2/9（22.22%）、3板 0/3（0.00%）、≥4板 4/4（100.00%）。活跃31.3：成交1.189万亿元，为此前20日均额0.92倍；上涨占比30.04%；涨停65只。解释注意：3板晋级分母仅3只；≥4板晋级分母仅4只；2025标尺端点饱和：最高板；源或群体存在已披露质量缺口。
2025-01-16,project-review-v1-20261007,controller_authored_deterministic_explanation,挨打<60且延续≥50；此分支不使用活跃，晴不表示普涨,昨日涨停今日大跌3/65（4.62%），连板股大跌2/26（7.69%），跌停4只,最高6板；晋级：1板 7/39（17.95%）、2板 12/20（60.00%）、3板 1/2（50.00%）、≥4板 3/4（75.00%）,成交1.274万亿元，为此前20日均额1.00倍；上涨占比61.66%；涨停72只,,False,3板晋级分母仅2只；≥4板晋级分母仅4只,3板晋级分母仅2只；≥4板晋级分母仅4只；2025标尺端点饱和：分板晋级；源或群体存在已披露质量缺口,2025-01-16 晴｜分类依据：挨打<60且延续≥50；此分支不使用活跃，晴不表示普涨。挨打9.8：昨日涨停今日大跌3/65（4.62%），连板股大跌2/26（7.69%），跌停4只。延续70.0：最高6板；晋级：1板 7/39（17.95%）、2板 12/20（60.00%）、3板 1/2（50.00%）、≥4板 3/4（75.00%）。活跃59.7：成交1.274万亿元，为此前20日均额1.00倍；上涨占比61.66%；涨停72只。解释注意：3板晋级分母仅2只；≥4板晋级分母仅4只；2025标尺端点饱和：分板晋级；源或群体存在已披露质量缺口。
2025-01-17,project-review-v1-20261007,controller_authored_deterministic_explanation,挨打≥60且延续≥40,昨日涨停今日大跌19/72（26.39%），连板股大跌10/23（43.48%），跌停12只,最高7板；晋级：1板 5/49（10.20%）、2板 1/7（14.29%）、3板 7/12（58.33%）、≥4板 1/4（25.00%）,成交1.137万亿元，为此前20日均额0.89倍；上涨占比50.37%；涨停57只,,False,≥4板晋级分母仅4只,≥4板晋级分母仅4只；2025标尺端点饱和：昨日涨停大跌、连板股大跌；源或群体存在已披露质量缺口,2025-01-17 雷阵雨｜分类依据：挨打≥60且延续≥40。挨打88.2：昨日涨停今日大跌19/72（26.39%），连板股大跌10/23（43.48%），跌停12只。延续43.0：最高7板；晋级：1板 5/49（10.20%）、2板 1/7（14.29%）、3板 7/12（58.33%）、≥4板 1/4（25.00%）。活跃33.7：成交1.137万亿元，为此前20日均额0.89倍；上涨占比50.37%；涨停57只。解释注意：≥4板晋级分母仅4只；2025标尺端点饱和：昨日涨停大跌、连板股大跌；源或群体存在已披露质量缺口。
2025-01-20,project-review-v1-20261007,controller_authored_deterministic_explanation,挨打≥60且延续<40,昨日涨停今日大跌10/57（17.54%），连板股大跌7/14（50.00%），跌停19只,最高5板；晋级：1板 10/43（23.26%）、2板 3/5（60.00%）、3板 0/1（0.00%）、≥4板 3/8（37.50%）,成交1.184万亿元，为此前20日均额0.94倍；上涨占比69.35%；涨停70只,,True,3板晋级分母仅1只,3板晋级分母仅1只；2025标尺端点饱和：连板股大跌、梯队完整度；源或群体存在已披露质量缺口,2025-01-20 暴雨｜分类依据：挨打≥60且延续<40。挨打81.9：昨日涨停今日大跌10/57（17.54%），连板股大跌7/14（50.00%），跌停19只。延续32.7：最高5板；晋级：1板 10/43（23.26%）、2板 3/5（60.00%）、3板 0/1（0.00%）、≥4板 3/8（37.50%）。活跃56.8：成交1.184万亿元，为此前20日均额0.94倍；上涨占比69.35%；涨停70只。挨打达到惩罚分支，同时活跃达到多云分支的活跃门槛。解释注意：3板晋级分母仅1只；2025标尺端点饱和：连板股大跌、梯队完整度；源或群体存在已披露质量缺口。
2025-01-21,project-review-v1-20261007,controller_authored_deterministic_explanation,挨打<60且延续≥50；此分支不使用活跃，晴不表示普涨,昨日涨停今日大跌5/70（7.14%），连板股大跌3/16（18.75%），跌停19只,最高6板；晋级：1板 7/54（12.96%）、2板 5/10（50.00%）、3板 2/3（66.67%）、≥4板 1/3（33.33%）,成交1.206万亿元，为此前20日均额0.97倍；上涨占比37.21%；涨停46只,三大指数至少两个上涨，但上涨家数不足一半,False,3板晋级分母仅3只；≥4板晋级分母仅3只,3板晋级分母仅3只；≥4板晋级分母仅3只；源或群体存在已披露质量缺口,2025-01-21 晴｜分类依据：挨打<60且延续≥50；此分支不使用活跃，晴不表示普涨。挨打43.5：昨日涨停今日大跌5/70（7.14%），连板股大跌3/16（18.75%），跌停19只。延续57.2：最高6板；晋级：1板 7/54（12.96%）、2板 5/10（50.00%）、3板 2/3（66.67%）、≥4板 1/3（33.33%）。活跃27.8：成交1.206万亿元，为此前20日均额0.97倍；上涨占比37.21%；涨停46只。三大指数至少两个上涨，但上涨家数不足一半。解释注意：3板晋级分母仅3只；≥4板晋级分母仅3只；源或群体存在已披露质量缺口。
2025-01-22,project-review-v1-20261007,controller_authored_deterministic_explanation,挨打≥60且延续≥40,昨日涨停今日大跌8/46（17.39%），连板股大跌4/15（26.67%），跌停24只,最高7板；晋级：1板 4/31（12.90%）、2板 4/7（57.14%）、3板 3/5（60.00%）、≥4板 2/3（66.67%）,成交1.136万亿元，为此前20日均额0.93倍；上涨占比18.96%；涨停39只,,False,≥4板晋级分母仅3只,≥4板晋级分母仅3只；2025标尺端点饱和：跌停密度、梯队完整度、上涨占比、涨停密度；源或群体存在已披露质量缺口,2025-01-22 雷阵雨｜分类依据：挨打≥60且延续≥40。挨打71.4：昨日涨停今日大跌8/46（17.39%），连板股大跌4/15（26.67%），跌停24只。延续88.3：最高7板；晋级：1板 4/31（12.90%）、2板 4/7（57.14%）、3板 3/5（60.00%）、≥4板 2/3（66.67%）。活跃11.7：成交1.136万亿元，为此前20日均额0.93倍；上涨占比18.96%；涨停39只。解释注意：≥4板晋级分母仅3只；2025标尺端点饱和：跌停密度、梯队完整度、上涨占比、涨停密度；源或群体存在已披露质量缺口。
2025-01-23,project-review-v1-20261007,controller_authored_deterministic_explanation,挨打≥60且延续≥40,昨日涨停今日大跌9/39（23.08%），连板股大跌6/13（46.15%），跌停21只,最高5板；晋级：1板 6/26（23.08%）、2板 1/4（25.00%）、3板 2/4（50.00%）、≥4板 2/5（40.00%）,成交1.356万亿元，为此前20日均额1.11倍；上涨占比43.91%；涨停40只,,True,2板晋级分母仅4只；3板晋级分母仅4只,2板晋级分母仅4只；3板晋级分母仅4只；2025标尺端点饱和：连板股大跌、涨停密度；源或群体存在已披露质量缺口,2025-01-23 雷阵雨｜分类依据：挨打≥60且延续≥40。挨打93.1：昨日涨停今日大跌9/39（23.08%），连板股大跌6/13（46.15%），跌停21只。延续41.0：最高5板；晋级：1板 6/26（23.08%）、2板 1/4（25.00%）、3板 2/4（50.00%）、≥4板 2/5（40.00%）。活跃41.1：成交1.356万亿元，为此前20日均额1.11倍；上涨占比43.91%；涨停40只。挨打达到惩罚分支，同时活跃达到多云分支的活跃门槛。解释注意：2板晋级分母仅4只；3板晋级分母仅4只；2025标尺端点饱和：连板股大跌、涨停密度；源或群体存在已披露质量缺口。
2025-01-24,project-review-v1-20261007,controller_authored_deterministic_explanation,挨打<60且延续≥50；此分支不使用活跃，晴不表示普涨,昨日涨停今日大跌4/40（10.00%），连板股大跌3/11（27.27%），跌停21只,最高6板；晋级：1板 7/29（24.14%）、2板 2/6（33.33%）、3板 1/1（100.00%）、≥4板 3/4（75.00%）,成交1.223万亿元，为此前20日均额1.00倍；上涨占比74.72%；涨停66只,,False,3板晋级分母仅1只；≥4板晋级分母仅4只,3板晋级分母仅1只；≥4板晋级分母仅4只；2025标尺端点饱和：梯队完整度；源或群体存在已披露质量缺口,2025-01-24 晴｜分类依据：挨打<60且延续≥50；此分支不使用活跃，晴不表示普涨。挨打58.3：昨日涨停今日大跌4/40（10.00%），连板股大跌3/11（27.27%），跌停21只。延续80.7：最高6板；晋级：1板 7/29（24.14%）、2板 2/6（33.33%）、3板 1/1（100.00%）、≥4板 3/4（75.00%）。活跃62.9：成交1.223万亿元，为此前20日均额1.00倍；上涨占比74.72%；涨停66只。解释注意：3板晋级分母仅1只；≥4板晋级分母仅4只；2025标尺端点饱和：梯队完整度；源或群体存在已披露质量缺口。
2025-01-27,project-review-v1-20261007,controller_authored_deterministic_explanation,挨打≥60且延续<40,昨日涨停今日大跌18/66（27.27%），连板股大跌6/13（46.15%），跌停40只,最高6板；晋级：1板 5/53（9.43%）、2板 1/7（14.29%）、3板 1/2（50.00%）、≥4板 1/4（25.00%）,成交1.118万亿元，为此前20日均额0.92倍；上涨占比34.28%；涨停41只,,False,3板晋级分母仅2只；≥4板晋级分母仅4只,3板晋级分母仅2只；≥4板晋级分母仅4只；2025标尺端点饱和：昨日涨停大跌、连板股大跌、跌停密度、涨停密度；源或群体存在已披露质量缺口,2025-01-27 暴雨｜分类依据：挨打≥60且延续<40。挨打100.0：昨日涨停今日大跌18/66（27.27%），连板股大跌6/13（46.15%），跌停40只。延续30.5：最高6板；晋级：1板 5/53（9.43%）、2板 1/7（14.29%）、3板 1/2（50.00%）、≥4板 1/4（25.00%）。活跃17.8：成交1.118万亿元，为此前20日均额0.92倍；上涨占比34.28%；涨停41只。解释注意：3板晋级分母仅2只；≥4板晋级分母仅4只；2025标尺端点饱和：昨日涨停大跌、连板股大跌、跌停密度、涨停密度；源或群体存在已披露质量缺口。
2025-02-05,project-review-v1-20261007,controller_authored_deterministic_explanation,挨打≥60且延续<40,昨日涨停今日大跌6/41（14.63%），连板股大跌3/8（37.50%），跌停33只,最高5板；晋级：1板 10/33（30.30%）、2板 2/5（40.00%）、3板 0/1（0.00%）、≥4板 1/2（50.00%）,成交1.290万亿元，为此前20日均额1.07倍；上涨占比64.69%；涨停76只,三大指数至少两个下跌，但上涨家数超过一半,True,3板晋级分母仅1只；≥4板晋级分母仅2只,3板晋级分母仅1只；≥4板晋级分母仅2只；2025标尺端点饱和：跌停密度、梯队完整度；源或群体存在已披露质量缺口,2025-02-05 暴雨｜分类依据：挨打≥60且延续<40。挨打74.0：昨日涨停今日大跌6/41（14.63%），连板股大跌3/8（37.50%），跌停33只。延续32.3：最高5板；晋级：1板 10/33（30.30%）、2板 2/5（40.00%）、3板 0/1（0.00%）、≥4板 1/2（50.00%）。活跃70.8：成交1.290万亿元，为此前20日均额1.07倍；上涨占比64.69%；涨停76只。挨打达到惩罚分支，同时活跃达到多云分支的活跃门槛；三大指数至少两个下跌，但上涨家数超过一半。解释注意：3板晋级分母仅1只；≥4板晋级分母仅2只；2025标尺端点饱和：跌停密度、梯队完整度；源或群体存在已披露质量缺口。
2025-02-06,project-review-v1-20261007,controller_authored_deterministic_explanation,挨打<60且延续≥50；此分支不使用活跃，晴不表示普涨,昨日涨停今日大跌1/76（1.32%），连板股大跌1/13（7.69%），跌停0只,最高6板；晋级：1板 16/63（25.40%）、2板 5/10（50.00%）、3板 1/2（50.00%）、≥4板 1/1（100.00%）,成交1.536万亿元，为此前20日均额1.28倍；上涨占比89.20%；涨停89只,,False,3板晋级分母仅2只；≥4板晋级分母仅1只,3板晋级分母仅2只；≥4板晋级分母仅1只；2025标尺端点饱和：昨日涨停大跌、跌停密度、成交额相对20日、上涨占比、涨停密度；源或群体存在已披露质量缺口,2025-02-06 晴｜分类依据：挨打<60且延续≥50；此分支不使用活跃，晴不表示普涨。挨打5.1：昨日涨停今日大跌1/76（1.32%），连板股大跌1/13（7.69%），跌停0只。延续68.1：最高6板；晋级：1板 16/63（25.40%）、2板 5/10（50.00%）、3板 1/2（50.00%）、≥4板 1/1（100.00%）。活跃100.0：成交1.536万亿元，为此前20日均额1.28倍；上涨占比89.20%；涨停89只。解释注意：3板晋级分母仅2只；≥4板晋级分母仅1只；2025标尺端点饱和：昨日涨停大跌、跌停密度、成交额相对20日、上涨占比、涨停密度；源或群体存在已披露质量缺口。
2025-02-07,project-review-v1-20261007,controller_authored_deterministic_explanation,挨打<60且延续≥50；此分支不使用活跃，晴不表示普涨,昨日涨停今日大跌0/89（0.00%），连板股大跌0/23（0.00%），跌停1只,最高7板；晋级：1板 10/66（15.15%）、2板 10/16（62.50%）、3板 3/5（60.00%）、≥4板 2/2（100.00%）,成交1.961万亿元，为此前20日均额1.62倍；上涨占比76.72%；涨停79只,,False,≥4板晋级分母仅2只,≥4板晋级分母仅2只；2025标尺端点饱和：昨日涨停大跌、连板股大跌、跌停密度、分板晋级、梯队完整度、成交额相对20日；源或群体存在已披露质量缺口,2025-02-07 晴｜分类依据：挨打<60且延续≥50；此分支不使用活跃，晴不表示普涨。挨打0.0：昨日涨停今日大跌0/89（0.00%），连板股大跌0/23（0.00%），跌停1只。延续92.5：最高7板；晋级：1板 10/66（15.15%）、2板 10/16（62.50%）、3板 3/5（60.00%）、≥4板 2/2（100.00%）。活跃93.4：成交1.961万亿元，为此前20日均额1.62倍；上涨占比76.72%；涨停79只。解释注意：≥4板晋级分母仅2只；2025标尺端点饱和：昨日涨停大跌、连板股大跌、跌停密度、分板晋级、梯队完整度、成交额相对20日；源或群体存在已披露质量缺口。
2025-02-10,project-review-v1-20261007,controller_authored_deterministic_explanation,挨打<60且延续≥50；此分支不使用活跃，晴不表示普涨,昨日涨停今日大跌5/79（6.33%），连板股大跌4/25（16.00%），跌停1只,最高8板；晋级：1板 18/54（33.33%）、2板 3/10（30.00%）、3板 6/10（60.00%）、≥4板 4/5（80.00%）,成交1.731万亿元，为此前20日均额1.39倍；上涨占比76.22%；涨停119只,,False,,2025标尺端点饱和：跌停密度、分板晋级、梯队完整度、最高板、成交额相对20日、涨停密度；源或群体存在已披露质量缺口,2025-02-10 晴｜分类依据：挨打<60且延续≥50；此分支不使用活跃，晴不表示普涨。挨打17.3：昨日涨停今日大跌5/79（6.33%），连板股大跌4/25（16.00%），跌停1只。延续100.0：最高8板；晋级：1板 18/54（33.33%）、2板 3/10（30.00%）、3板 6/10（60.00%）、≥4板 4/5（80.00%）。活跃98.5：成交1.731万亿元，为此前20日均额1.39倍；上涨占比76.22%；涨停119只。解释注意：2025标尺端点饱和：跌停密度、分板晋级、梯队完整度、最高板、成交额相对20日、涨停密度；源或群体存在已披露质量缺口。
2025-02-11,project-review-v1-20261007,controller_authored_deterministic_explanation,挨打<60且延续≥50；此分支不使用活跃，晴不表示普涨,昨日涨停今日大跌7/119（5.88%），连板股大跌3/31（9.68%），跌停0只,最高9板；晋级：1板 11/88（12.50%）、2板 3/18（16.67%）、3板 2/3（66.67%）、≥4板 9/10（90.00%）,成交1.636万亿元，为此前20日均额1.29倍；上涨占比31.47%；涨停69只,,False,3板晋级分母仅3只,3板晋级分母仅3只；2025标尺端点饱和：跌停密度、梯队完整度、最高板、成交额相对20日；源或群体存在已披露质量缺口,2025-02-11 晴｜分类依据：挨打<60且延续≥50；此分支不使用活跃，晴不表示普涨。挨打9.6：昨日涨停今日大跌7/119（5.88%），连板股大跌3/31（9.68%），跌停0只。延续85.2：最高9板；晋级：1板 11/88（12.50%）、2板 3/18（16.67%）、3板 2/3（66.67%）、≥4板 9/10（90.00%）。活跃63.8：成交1.636万亿元，为此前20日均额1.29倍；上涨占比31.47%；涨停69只。解释注意：3板晋级分母仅3只；2025标尺端点饱和：跌停密度、梯队完整度、最高板、成交额相对20日；源或群体存在已披露质量缺口。
2025-02-12,project-review-v1-20261007,controller_authored_deterministic_explanation,挨打<60、延续<50且活跃≥35,昨日涨停今日大跌2/69（2.90%），连板股大跌1/25（4.00%），跌停0只,最高10板；晋级：1板 6/44（13.64%）、2板 3/11（27.27%）、3板 0/3（0.00%）、≥4板 8/11（72.73%）,成交1.677万亿元，为此前20日均额1.30倍；上涨占比66.43%；涨停82只,,False,3板晋级分母仅3只,3板晋级分母仅3只；2025标尺端点饱和：连板股大跌、跌停密度、梯队完整度、最高板、成交额相对20日；源或群体存在已披露质量缺口,2025-02-12 多云｜分类依据：挨打<60、延续<50且活跃≥35。挨打0.1：昨日涨停今日大跌2/69（2.90%），连板股大跌1/25（4.00%），跌停0只。延续40.8：最高10板；晋级：1板 6/44（13.64%）、2板 3/11（27.27%）、3板 0/3（0.00%）、≥4板 8/11（72.73%）。活跃90.1：成交1.677万亿元，为此前20日均额1.30倍；上涨占比66.43%；涨停82只。解释注意：3板晋级分母仅3只；2025标尺端点饱和：连板股大跌、跌停密度、梯队完整度、最高板、成交额相对20日；源或群体存在已披露质量缺口。
2025-02-13,project-review-v1-20261007,controller_authored_deterministic_explanation,挨打<60且延续≥50；此分支不使用活跃，晴不表示普涨,昨日涨停今日大跌7/82（8.54%），连板股大跌3/17（17.65%），跌停2只,最高7板；晋级：1板 12/65（18.46%）、2板 2/6（33.33%）、3板 2/3（66.67%）、≥4板 2/8（25.00%）,成交1.821万亿元，为此前20日均额1.38倍；上涨占比21.60%；涨停64只,,False,3板晋级分母仅3只,3板晋级分母仅3只；2025标尺端点饱和：成交额相对20日；源或群体存在已披露质量缺口,2025-02-13 晴｜分类依据：挨打<60且延续≥50；此分支不使用活跃，晴不表示普涨。挨打24.3：昨日涨停今日大跌7/82（8.54%），连板股大跌3/17（17.65%），跌停2只。延续54.9：最高7板；晋级：1板 12/65（18.46%）、2板 2/6（33.33%）、3板 2/3（66.67%）、≥4板 2/8（25.00%）。活跃55.5：成交1.821万亿元，为此前20日均额1.38倍；上涨占比21.60%；涨停64只。解释注意：3板晋级分母仅3只；2025标尺端点饱和：成交额相对20日；源或群体存在已披露质量缺口。
2025-02-14,project-review-v1-20261007,controller_authored_deterministic_explanation,挨打<60且延续≥50；此分支不使用活跃，晴不表示普涨,昨日涨停今日大跌11/64（17.19%），连板股大跌6/18（33.33%），跌停6只,最高8板；晋级：1板 8/46（17.39%）、2板 3/12（25.00%）、3板 1/2（50.00%）、≥4板 4/4（100.00%）,成交1.716万亿元，为此前20日均额1.27倍；上涨占比45.05%；涨停77只,三大指数至少两个上涨，但上涨家数不足一半,False,3板晋级分母仅2只；≥4板晋级分母仅4只,3板晋级分母仅2只；≥4板晋级分母仅4只；2025标尺端点饱和：梯队完整度、最高板、成交额相对20日；源或群体存在已披露质量缺口,2025-02-14 晴｜分类依据：挨打<60且延续≥50；此分支不使用活跃，晴不表示普涨。挨打58.7：昨日涨停今日大跌11/64（17.19%），连板股大跌6/18（33.33%），跌停6只。延续87.2：最高8板；晋级：1板 8/46（17.39%）、2板 3/12（25.00%）、3板 1/2（50.00%）、≥4板 4/4（100.00%）。活跃75.9：成交1.716万亿元，为此前20日均额1.27倍；上涨占比45.05%；涨停77只。三大指数至少两个上涨，但上涨家数不足一半。解释注意：3板晋级分母仅2只；≥4板晋级分母仅4只；2025标尺端点饱和：梯队完整度、最高板、成交额相对20日；源或群体存在已披露质量缺口。
2025-02-17,project-review-v1-20261007,controller_authored_deterministic_explanation,挨打<60且延续≥50；此分支不使用活跃，晴不表示普涨,昨日涨停今日大跌9/77（11.69%），连板股大跌4/16（25.00%），跌停6只,最高9板；晋级：1板 15/61（24.59%）、2板 2/8（25.00%）、3板 2/3（66.67%）、≥4板 2/5（40.00%）,成交1.941万亿元，为此前20日均额1.40倍；上涨占比67.99%；涨停101只,,False,3板晋级分母仅3只,3板晋级分母仅3只；2025标尺端点饱和：梯队完整度、最高板、成交额相对20日、涨停密度,2025-02-17 晴｜分类依据：挨打<60且延续≥50；此分支不使用活跃，晴不表示普涨。挨打41.4：昨日涨停今日大跌9/77（11.69%），连板股大跌4/16（25.00%），跌停6只。延续82.3：最高9板；晋级：1板 15/61（24.59%）、2板 2/8（25.00%）、3板 2/3（66.67%）、≥4板 2/5（40.00%）。活跃94.3：成交1.941万亿元，为此前20日均额1.40倍；上涨占比67.99%；涨停101只。解释注意：3板晋级分母仅3只；2025标尺端点饱和：梯队完整度、最高板、成交额相对20日、涨停密度。
2025-02-18,project-review-v1-20261007,controller_authored_deterministic_explanation,挨打≥60且延续≥40,昨日涨停今日大跌18/101（17.82%），连板股大跌9/21（42.86%），跌停19只,最高6板；晋级：1板 12/80（15.00%）、2板 2/15（13.33%）、3板 1/2（50.00%）、≥4板 2/4（50.00%）,成交1.799万亿元，为此前20日均额1.26倍；上涨占比13.24%；涨停46只,,True,3板晋级分母仅2只；≥4板晋级分母仅4只,3板晋级分母仅2只；≥4板晋级分母仅4只；2025标尺端点饱和：连板股大跌、梯队完整度、成交额相对20日、上涨占比,2025-02-18 雷阵雨｜分类依据：挨打≥60且延续≥40。挨打82.6：昨日涨停今日大跌18/101（17.82%），连板股大跌9/21（42.86%），跌停19只。延续51.3：最高6板；晋级：1板 12/80（15.00%）、2板 2/15（13.33%）、3板 1/2（50.00%）、≥4板 2/4（50.00%）。活跃43.1：成交1.799万亿元，为此前20日均额1.26倍；上涨占比13.24%；涨停46只。挨打达到惩罚分支，同时活跃达到多云分支的活跃门槛。解释注意：3板晋级分母仅2只；≥4板晋级分母仅4只；2025标尺端点饱和：连板股大跌、梯队完整度、成交额相对20日、上涨占比。
2025-02-19,project-review-v1-20261007,controller_authored_deterministic_explanation,挨打<60、延续<50且活跃≥35,昨日涨停今日大跌2/46（4.35%），连板股大跌2/17（11.76%），跌停2只,最高6板；晋级：1板 5/29（17.24%）、2板 5/12（41.67%）、3板 0/2（0.00%）、≥4板 1/3（33.33%）,成交1.721万亿元，为此前20日均额1.18倍；上涨占比86.02%；涨停107只,,False,3板晋级分母仅2只；≥4板晋级分母仅3只,3板晋级分母仅2只；≥4板晋级分母仅3只；2025标尺端点饱和：梯队完整度、上涨占比、涨停密度,2025-02-19 多云｜分类依据：挨打<60、延续<50且活跃≥35。挨打12.2：昨日涨停今日大跌2/46（4.35%），连板股大跌2/17（11.76%），跌停2只。延续26.7：最高6板；晋级：1板 5/29（17.24%）、2板 5/12（41.67%）、3板 0/2（0.00%）、≥4板 1/3（33.33%）。活跃94.2：成交1.721万亿元，为此前20日均额1.18倍；上涨占比86.02%；涨停107只。解释注意：3板晋级分母仅2只；≥4板晋级分母仅3只；2025标尺端点饱和：梯队完整度、上涨占比、涨停密度。
2025-02-20,project-review-v1-20261007,controller_authored_deterministic_explanation,挨打<60且延续≥50；此分支不使用活跃，晴不表示普涨,昨日涨停今日大跌4/107（3.74%），连板股大跌2/11（18.18%），跌停1只,最高7板；晋级：1板 17/96（17.71%）、2板 2/5（40.00%）、3板 5/5（100.00%）、≥4板 1/1（100.00%）,成交1.756万亿元，为此前20日均额1.18倍；上涨占比61.99%；涨停96只,三大指数至少两个下跌，但上涨家数超过一半,False,≥4板晋级分母仅1只,≥4板晋级分母仅1只；2025标尺端点饱和：跌停密度、分板晋级、涨停密度,2025-02-20 晴｜分类依据：挨打<60且延续≥50；此分支不使用活跃，晴不表示普涨。挨打15.4：昨日涨停今日大跌4/107（3.74%），连板股大跌2/11（18.18%），跌停1只。延续77.5：最高7板；晋级：1板 17/96（17.71%）、2板 2/5（40.00%）、3板 5/5（100.00%）、≥4板 1/1（100.00%）。活跃86.2：成交1.756万亿元，为此前20日均额1.18倍；上涨占比61.99%；涨停96只。三大指数至少两个下跌，但上涨家数超过一半。解释注意：≥4板晋级分母仅1只；2025标尺端点饱和：跌停密度、分板晋级、涨停密度。
2025-02-21,project-review-v1-20261007,controller_authored_deterministic_explanation,挨打<60且延续≥50；此分支不使用活跃，晴不表示普涨,昨日涨停今日大跌8/96（8.33%），连板股大跌6/25（24.00%），跌停0只,最高8板；晋级：1板 8/71（11.27%）、2板 8/17（47.06%）、3板 0/2（0.00%）、≥4板 2/6（33.33%）,成交2.192万亿元，为此前20日均额1.45倍；上涨占比52.97%；涨停110只,,False,3板晋级分母仅2只,3板晋级分母仅2只；2025标尺端点饱和：跌停密度、最高板、成交额相对20日、涨停密度,2025-02-21 晴｜分类依据：挨打<60且延续≥50；此分支不使用活跃，晴不表示普涨。挨打28.7：昨日涨停今日大跌8/96（8.33%），连板股大跌6/25（24.00%），跌停0只。延续55.3：最高8板；晋级：1板 8/71（11.27%）、2板 8/17（47.06%）、3板 0/2（0.00%）、≥4板 2/6（33.33%）。活跃86.6：成交2.192万亿元，为此前20日均额1.45倍；上涨占比52.97%；涨停110只。解释注意：3板晋级分母仅2只；2025标尺端点饱和：跌停密度、最高板、成交额相对20日、涨停密度。
2025-02-24,project-review-v1-20261007,controller_authored_deterministic_explanation,挨打<60、延续<50且活跃≥35,昨日涨停今日大跌15/110（13.64%），连板股大跌5/18（27.78%），跌停10只,最高6板；晋级：1板 13/92（14.13%）、2板 0/8（0.00%）、3板 4/8（50.00%）、≥4板 1/2（50.00%）,成交2.080万亿元，为此前20日均额1.34倍；上涨占比52.12%；涨停85只,三大指数至少两个下跌，但上涨家数超过一半,False,≥4板晋级分母仅2只,≥4板晋级分母仅2只；2025标尺端点饱和：梯队完整度、成交额相对20日,2025-02-24 多云｜分类依据：挨打<60、延续<50且活跃≥35。挨打52.3：昨日涨停今日大跌15/110（13.64%），连板股大跌5/18（27.78%），跌停10只。延续16.8：最高6板；晋级：1板 13/92（14.13%）、2板 0/8（0.00%）、3板 4/8（50.00%）、≥4板 1/2（50.00%）。活跃84.7：成交2.080万亿元，为此前20日均额1.34倍；上涨占比52.12%；涨停85只。三大指数至少两个下跌，但上涨家数超过一半。解释注意：≥4板晋级分母仅2只；2025标尺端点饱和：梯队完整度、成交额相对20日。
2025-02-25,project-review-v1-20261007,controller_authored_deterministic_explanation,挨打<60、延续<50且活跃≥35,昨日涨停今日大跌10/85（11.76%），连板股大跌0/18（0.00%），跌停4只,最高5板；晋级：1板 7/67（10.45%）、2板 7/13（53.85%）、3板 0/0（比例缺失）、≥4板 1/5（20.00%）,成交1.896万亿元，为此前20日均额1.18倍；上涨占比28.57%；涨停59只,,False,3板晋级无可观察样本,3板晋级无可观察样本；2025标尺端点饱和：连板股大跌、梯队完整度,2025-02-25 多云｜分类依据：挨打<60、延续<50且活跃≥35。挨打19.0：昨日涨停今日大跌10/85（11.76%），连板股大跌0/18（0.00%），跌停4只。延续16.0：最高5板；晋级：1板 7/67（10.45%）、2板 7/13（53.85%）、3板 0/0（比例缺失）、≥4板 1/5（20.00%）。活跃50.6：成交1.896万亿元，为此前20日均额1.18倍；上涨占比28.57%；涨停59只。解释注意：3板晋级无可观察样本；2025标尺端点饱和：连板股大跌、梯队完整度。
2025-02-26,project-review-v1-20261007,controller_authored_deterministic_explanation,挨打<60、延续<50且活跃≥35,昨日涨停今日大跌1/59（1.69%），连板股大跌1/15（6.67%），跌停0只,最高4板；晋级：1板 7/44（15.91%）、2板 3/7（42.86%）、3板 6/7（85.71%）、≥4板 0/1（0.00%）,成交1.938万亿元，为此前20日均额1.18倍；上涨占比80.00%；涨停99只,,False,≥4板晋级分母仅1只,≥4板晋级分母仅1只；2025标尺端点饱和：昨日涨停大跌、跌停密度、梯队完整度、最高板、上涨占比、涨停密度,2025-02-26 多云｜分类依据：挨打<60、延续<50且活跃≥35。挨打3.7：昨日涨停今日大跌1/59（1.69%），连板股大跌1/15（6.67%），跌停0只。延续33.3：最高4板；晋级：1板 7/44（15.91%）、2板 3/7（42.86%）、3板 6/7（85.71%）、≥4板 0/1（0.00%）。活跃94.8：成交1.938万亿元，为此前20日均额1.18倍；上涨占比80.00%；涨停99只。解释注意：≥4板晋级分母仅1只；2025标尺端点饱和：昨日涨停大跌、跌停密度、梯队完整度、最高板、上涨占比、涨停密度。
2025-02-27,project-review-v1-20261007,controller_authored_deterministic_explanation,挨打<60、延续<50且活跃≥35,昨日涨停今日大跌19/99（19.19%），连板股大跌3/16（18.75%），跌停5只,最高5板；晋级：1板 10/83（12.05%）、2板 3/7（42.86%）、3板 1/3（33.33%）、≥4板 4/6（66.67%）,成交2.004万亿元，为此前20日均额1.20倍；上涨占比38.08%；涨停74只,,False,3板晋级分母仅3只,3板晋级分母仅3只,2025-02-27 多云｜分类依据：挨打<60、延续<50且活跃≥35。挨打47.7：昨日涨停今日大跌19/99（19.19%），连板股大跌3/16（18.75%），跌停5只。延续44.9：最高5板；晋级：1板 10/83（12.05%）、2板 3/7（42.86%）、3板 1/3（33.33%）、≥4板 4/6（66.67%）。活跃66.3：成交2.004万亿元，为此前20日均额1.20倍；上涨占比38.08%；涨停74只。解释注意：3板晋级分母仅3只。
2025-02-28,project-review-v1-20261007,controller_authored_deterministic_explanation,挨打≥60且延续<40,昨日涨停今日大跌23/74（31.08%），连板股大跌9/18（50.00%），跌停47只,最高6板；晋级：1板 8/56（14.29%）、2板 2/10（20.00%）、3板 0/3（0.00%）、≥4板 1/5（20.00%）,成交1.867万亿元，为此前20日均额1.09倍；上涨占比9.46%；涨停44只,,False,3板晋级分母仅3只,3板晋级分母仅3只；2025标尺端点饱和：昨日涨停大跌、连板股大跌、跌停密度、分板晋级、梯队完整度、上涨占比,2025-02-28 暴雨｜分类依据：挨打≥60且延续<40。挨打100.0：昨日涨停今日大跌23/74（31.08%），连板股大跌9/18（50.00%），跌停47只。延续15.0：最高6板；晋级：1板 8/56（14.29%）、2板 2/10（20.00%）、3板 0/3（0.00%）、≥4板 1/5（20.00%）。活跃28.5：成交1.867万亿元，为此前20日均额1.09倍；上涨占比9.46%；涨停44只。解释注意：3板晋级分母仅3只；2025标尺端点饱和：昨日涨停大跌、连板股大跌、跌停密度、分板晋级、梯队完整度、上涨占比。
2025-03-03,project-review-v1-20261007,controller_authored_deterministic_explanation,挨打≥60且延续<40,昨日涨停今日大跌13/44（29.55%），连板股大跌5/11（45.45%），跌停26只,最高4板；晋级：1板 4/33（12.12%）、2板 3/8（37.50%）、3板 1/2（50.00%）、≥4板 0/1（0.00%）,成交1.624万亿元，为此前20日均额0.93倍；上涨占比58.83%；涨停61只,,True,3板晋级分母仅2只；≥4板晋级分母仅1只,3板晋级分母仅2只；≥4板晋级分母仅1只；2025标尺端点饱和：昨日涨停大跌、连板股大跌、跌停密度、梯队完整度、最高板,2025-03-03 暴雨｜分类依据：挨打≥60且延续<40。挨打100.0：昨日涨停今日大跌13/44（29.55%），连板股大跌5/11（45.45%），跌停26只。延续14.4：最高4板；晋级：1板 4/33（12.12%）、2板 3/8（37.50%）、3板 1/2（50.00%）、≥4板 0/1（0.00%）。活跃44.7：成交1.624万亿元，为此前20日均额0.93倍；上涨占比58.83%；涨停61只。挨打达到惩罚分支，同时活跃达到多云分支的活跃门槛。解释注意：3板晋级分母仅2只；≥4板晋级分母仅1只；2025标尺端点饱和：昨日涨停大跌、连板股大跌、跌停密度、梯队完整度、最高板。
2025-03-04,project-review-v1-20261007,controller_authored_deterministic_explanation,挨打<60、延续<50且活跃≥35,昨日涨停今日大跌4/61（6.56%），连板股大跌3/8（37.50%），跌停9只,最高4板；晋级：1板 6/53（11.32%）、2板 2/4（50.00%）、3板 1/3（33.33%）、≥4板 0/1（0.00%）,成交1.435万亿元，为此前20日均额0.81倍；上涨占比75.37%；涨停76只,,False,2板晋级分母仅4只；3板晋级分母仅3只；≥4板晋级分母仅1只,2板晋级分母仅4只；3板晋级分母仅3只；≥4板晋级分母仅1只；2025标尺端点饱和：梯队完整度、最高板、成交额相对20日,2025-03-04 多云｜分类依据：挨打<60、延续<50且活跃≥35。挨打44.9：昨日涨停今日大跌4/61（6.56%），连板股大跌3/8（37.50%），跌停9只。延续13.9：最高4板；晋级：1板 6/53（11.32%）、2板 2/4（50.00%）、3板 1/3（33.33%）、≥4板 0/1（0.00%）。活跃50.7：成交1.435万亿元，为此前20日均额0.81倍；上涨占比75.37%；涨停76只。解释注意：2板晋级分母仅4只；3板晋级分母仅3只；≥4板晋级分母仅1只；2025标尺端点饱和：梯队完整度、最高板、成交额相对20日。
2025-03-05,project-review-v1-20261007,controller_authored_deterministic_explanation,挨打<60、延续<50且活跃<35,昨日涨停今日大跌7/76（9.21%），连板股大跌3/9（33.33%），跌停4只,最高5板；晋级：1板 10/67（14.93%）、2板 2/6（33.33%）、3板 0/2（0.00%）、≥4板 1/1（100.00%）,成交1.494万亿元，为此前20日均额0.84倍；上涨占比42.18%；涨停63只,三大指数至少两个上涨，但上涨家数不足一半,False,3板晋级分母仅2只；≥4板晋级分母仅1只,3板晋级分母仅2只；≥4板晋级分母仅1只；2025标尺端点饱和：梯队完整度,2025-03-05 阴｜分类依据：挨打<60、延续<50且活跃<35。挨打40.6：昨日涨停今日大跌7/76（9.21%），连板股大跌3/9（33.33%），跌停4只。延续20.8：最高5板；晋级：1板 10/67（14.93%）、2板 2/6（33.33%）、3板 0/2（0.00%）、≥4板 1/1（100.00%）。活跃27.6：成交1.494万亿元，为此前20日均额0.84倍；上涨占比42.18%；涨停63只。三大指数至少两个上涨，但上涨家数不足一半。解释注意：3板晋级分母仅2只；≥4板晋级分母仅1只；2025标尺端点饱和：梯队完整度。
2025-03-06,project-review-v1-20261007,controller_authored_deterministic_explanation,挨打<60、延续<50且活跃≥35,昨日涨停今日大跌2/63（3.17%），连板股大跌2/13（15.38%），跌停1只,最高4板；晋级：1板 9/50（18.00%）、2板 4/10（40.00%）、3板 2/2（100.00%）、≥4板 0/1（0.00%）,成交1.906万亿元，为此前20日均额1.06倍；上涨占比83.13%；涨停108只,,False,3板晋级分母仅2只；≥4板晋级分母仅1只,3板晋级分母仅2只；≥4板晋级分母仅1只；2025标尺端点饱和：跌停密度、梯队完整度、最高板、上涨占比、涨停密度,2025-03-06 多云｜分类依据：挨打<60、延续<50且活跃≥35。挨打12.3：昨日涨停今日大跌2/63（3.17%），连板股大跌2/13（15.38%），跌停1只。延续28.8：最高4板；晋级：1板 9/50（18.00%）、2板 4/10（40.00%）、3板 2/2（100.00%）、≥4板 0/1（0.00%）。活跃84.8：成交1.906万亿元，为此前20日均额1.06倍；上涨占比83.13%；涨停108只。解释注意：3板晋级分母仅2只；≥4板晋级分母仅1只；2025标尺端点饱和：跌停密度、梯队完整度、最高板、上涨占比、涨停密度。
2025-03-07,project-review-v1-20261007,controller_authored_deterministic_explanation,挨打<60、延续<50且活跃<35,昨日涨停今日大跌15/108（13.89%），连板股大跌4/15（26.67%），跌停7只,最高5板；晋级：1板 13/93（13.98%）、2板 1/9（11.11%）、3板 2/4（50.00%）、≥4板 1/2（50.00%）,成交1.818万亿元，为此前20日均额1.00倍；上涨占比30.84%；涨停52只,,False,3板晋级分母仅4只；≥4板晋级分母仅2只,3板晋级分母仅4只；≥4板晋级分母仅2只,2025-03-07 阴｜分类依据：挨打<60、延续<50且活跃<35。挨打47.9：昨日涨停今日大跌15/108（13.89%），连板股大跌4/15（26.67%），跌停7只。延续29.0：最高5板；晋级：1板 13/93（13.98%）、2板 1/9（11.11%）、3板 2/4（50.00%）、≥4板 1/2（50.00%）。活跃31.8：成交1.818万亿元，为此前20日均额1.00倍；上涨占比30.84%；涨停52只。解释注意：3板晋级分母仅4只；≥4板晋级分母仅2只。
2025-03-10,project-review-v1-20261007,controller_authored_deterministic_explanation,挨打≥60且延续<40,昨日涨停今日大跌11/52（21.15%），连板股大跌7/17（41.18%），跌停6只,最高5板；晋级：1板 6/35（17.14%）、2板 3/13（23.08%）、3板 0/1（0.00%）、≥4板 1/3（33.33%）,成交1.505万亿元，为此前20日均额0.84倍；上涨占比59.93%；涨停78只,三大指数至少两个下跌，但上涨家数超过一半,True,3板晋级分母仅1只；≥4板晋级分母仅3只,3板晋级分母仅1只；≥4板晋级分母仅3只；2025标尺端点饱和：连板股大跌、梯队完整度,2025-03-10 暴雨｜分类依据：挨打≥60且延续<40。挨打72.3：昨日涨停今日大跌11/52（21.15%），连板股大跌7/17（41.18%），跌停6只。延续12.2：最高5板；晋级：1板 6/35（17.14%）、2板 3/13（23.08%）、3板 0/1（0.00%）、≥4板 1/3（33.33%）。活跃46.0：成交1.505万亿元，为此前20日均额0.84倍；上涨占比59.93%；涨停78只。挨打达到惩罚分支，同时活跃达到多云分支的活跃门槛；三大指数至少两个下跌，但上涨家数超过一半。解释注意：3板晋级分母仅1只；≥4板晋级分母仅3只；2025标尺端点饱和：连板股大跌、梯队完整度。
2025-03-11,project-review-v1-20261007,controller_authored_deterministic_explanation,挨打<60且延续≥50；此分支不使用活跃，晴不表示普涨,昨日涨停今日大跌6/77（7.79%），连板股大跌2/10（20.00%），跌停2只,最高6板；晋级：1板 9/67（13.43%）、2板 2/6（33.33%）、3板 2/3（66.67%）、≥4板 1/1（100.00%）,成交1.482万亿元，为此前20日均额0.83倍；上涨占比53.48%；涨停53只,,False,3板晋级分母仅3只；≥4板晋级分母仅1只,3板晋级分母仅3只；≥4板晋级分母仅1只；源或群体存在已披露质量缺口,2025-03-11 晴｜分类依据：挨打<60且延续≥50；此分支不使用活跃，晴不表示普涨。挨打25.5：昨日涨停今日大跌6/77（7.79%），连板股大跌2/10（20.00%），跌停2只。延续56.3：最高6板；晋级：1板 9/67（13.43%）、2板 2/6（33.33%）、3板 2/3（66.67%）、≥4板 1/1（100.00%）。活跃25.5：成交1.482万亿元，为此前20日均额0.83倍；上涨占比53.48%；涨停53只。解释注意：3板晋级分母仅3只；≥4板晋级分母仅1只；源或群体存在已披露质量缺口。
2025-03-12,project-review-v1-20261007,controller_authored_deterministic_explanation,挨打<60且延续≥50；此分支不使用活跃，晴不表示普涨,昨日涨停今日大跌2/53（3.77%），连板股大跌1/14（7.14%），跌停1只,最高7板；晋级：1板 9/39（23.08%）、2板 4/9（44.44%）、3板 1/2（50.00%）、≥4板 2/3（66.67%）,成交1.684万亿元，为此前20日均额0.94倍；上涨占比48.45%；涨停79只,,False,3板晋级分母仅2只；≥4板晋级分母仅3只,3板晋级分母仅2只；≥4板晋级分母仅3只；2025标尺端点饱和：跌停密度、梯队完整度,2025-03-12 晴｜分类依据：挨打<60且延续≥50；此分支不使用活跃，晴不表示普涨。挨打6.2：昨日涨停今日大跌2/53（3.77%），连板股大跌1/14（7.14%），跌停1只。延续85.1：最高7板；晋级：1板 9/39（23.08%）、2板 4/9（44.44%）、3板 1/2（50.00%）、≥4板 2/3（66.67%）。活跃52.4：成交1.684万亿元，为此前20日均额0.94倍；上涨占比48.45%；涨停79只。解释注意：3板晋级分母仅2只；≥4板晋级分母仅3只；2025标尺端点饱和：跌停密度、梯队完整度。
2025-03-13,project-review-v1-20261007,controller_authored_deterministic_explanation,挨打≥60且延续≥40,昨日涨停今日大跌19/79（24.05%），连板股大跌5/16（31.25%），跌停12只,最高8板；晋级：1板 4/63（6.35%）、2板 3/9（33.33%）、3板 3/4（75.00%）、≥4板 1/3（33.33%）,成交1.606万亿元，为此前20日均额0.90倍；上涨占比26.48%；涨停43只,,False,3板晋级分母仅4只；≥4板晋级分母仅3只,3板晋级分母仅4只；≥4板晋级分母仅3只；2025标尺端点饱和：最高板,2025-03-13 雷阵雨｜分类依据：挨打≥60且延续≥40。挨打75.8：昨日涨停今日大跌19/79（24.05%），连板股大跌5/16（31.25%），跌停12只。延续62.5：最高8板；晋级：1板 4/63（6.35%）、2板 3/9（33.33%）、3板 3/4（75.00%）、≥4板 1/3（33.33%）。活跃13.3：成交1.606万亿元，为此前20日均额0.90倍；上涨占比26.48%；涨停43只。解释注意：3板晋级分母仅4只；≥4板晋级分母仅3只；2025标尺端点饱和：最高板。
2025-03-14,project-review-v1-20261007,controller_authored_deterministic_explanation,挨打≥60且延续≥40,昨日涨停今日大跌10/43（23.26%），连板股大跌6/11（54.55%），跌停6只,最高9板；晋级：1板 9/32（28.12%）、2板 2/4（50.00%）、3板 1/3（33.33%）、≥4板 1/4（25.00%）,成交1.792万亿元，为此前20日均额1.01倍；上涨占比83.76%；涨停82只,,True,2板晋级分母仅4只；3板晋级分母仅3只；≥4板晋级分母仅4只,2板晋级分母仅4只；3板晋级分母仅3只；≥4板晋级分母仅4只；2025标尺端点饱和：连板股大跌、最高板、上涨占比,2025-03-14 雷阵雨｜分类依据：挨打≥60且延续≥40。挨打75.5：昨日涨停今日大跌10/43（23.26%），连板股大跌6/11（54.55%），跌停6只。延续67.8：最高9板；晋级：1板 9/32（28.12%）、2板 2/4（50.00%）、3板 1/3（33.33%）、≥4板 1/4（25.00%）。活跃76.5：成交1.792万亿元，为此前20日均额1.01倍；上涨占比83.76%；涨停82只。挨打达到惩罚分支，同时活跃达到多云分支的活跃门槛。解释注意：2板晋级分母仅4只；3板晋级分母仅3只；≥4板晋级分母仅4只；2025标尺端点饱和：连板股大跌、最高板、上涨占比。
2025-03-17,project-review-v1-20261007,controller_authored_deterministic_explanation,挨打<60且延续≥50；此分支不使用活跃，晴不表示普涨,昨日涨停今日大跌7/82（8.54%），连板股大跌2/13（15.38%），跌停2只,最高5板；晋级：1板 12/69（17.39%）、2板 4/9（44.44%）、3板 2/2（100.00%）、≥4板 1/2（50.00%）,成交1.573万亿元，为此前20日均额0.89倍；上涨占比57.40%；涨停65只,三大指数至少两个下跌，但上涨家数超过一半,False,3板晋级分母仅2只；≥4板晋级分母仅2只,3板晋级分母仅2只；≥4板晋级分母仅2只,2025-03-17 晴｜分类依据：挨打<60且延续≥50；此分支不使用活跃，晴不表示普涨。挨打22.6：昨日涨停今日大跌7/82（8.54%），连板股大跌2/13（15.38%），跌停2只。延续57.8：最高5板；晋级：1板 12/69（17.39%）、2板 4/9（44.44%）、3板 2/2（100.00%）、≥4板 1/2（50.00%）。活跃41.8：成交1.573万亿元，为此前20日均额0.89倍；上涨占比57.40%；涨停65只。三大指数至少两个下跌，但上涨家数超过一半。解释注意：3板晋级分母仅2只；≥4板晋级分母仅2只。
2025-03-18,project-review-v1-20261007,controller_authored_deterministic_explanation,挨打<60且延续≥50；此分支不使用活跃，晴不表示普涨,昨日涨停今日大跌4/65（6.15%），连板股大跌3/19（15.79%），跌停1只,最高6板；晋级：1板 8/46（17.39%）、2板 2/12（16.67%）、3板 4/4（100.00%）、≥4板 2/3（66.67%）,成交1.519万亿元，为此前20日均额0.86倍；上涨占比55.67%；涨停65只,,False,3板晋级分母仅4只；≥4板晋级分母仅3只,3板晋级分母仅4只；≥4板晋级分母仅3只；2025标尺端点饱和：跌停密度、梯队完整度,2025-03-18 晴｜分类依据：挨打<60且延续≥50；此分支不使用活跃，晴不表示普涨。挨打17.3：昨日涨停今日大跌4/65（6.15%），连板股大跌3/19（15.79%），跌停1只。延续73.9：最高6板；晋级：1板 8/46（17.39%）、2板 2/12（16.67%）、3板 4/4（100.00%）、≥4板 2/3（66.67%）。活跃38.6：成交1.519万亿元，为此前20日均额0.86倍；上涨占比55.67%；涨停65只。解释注意：3板晋级分母仅4只；≥4板晋级分母仅3只；2025标尺端点饱和：跌停密度、梯队完整度。
2025-03-19,project-review-v1-20261007,controller_authored_deterministic_explanation,挨打<60且延续≥50；此分支不使用活跃，晴不表示普涨,昨日涨停今日大跌9/64（14.06%），连板股大跌3/15（20.00%），跌停3只,最高6板；晋级：1板 9/49（18.37%）、2板 5/7（71.43%）、3板 1/2（50.00%）、≥4板 3/6（50.00%）,成交1.466万亿元，为此前20日均额0.84倍；上涨占比28.81%；涨停48只,,False,3板晋级分母仅2只,3板晋级分母仅2只；2025标尺端点饱和：梯队完整度；源或群体存在已披露质量缺口,2025-03-19 晴｜分类依据：挨打<60且延续≥50；此分支不使用活跃，晴不表示普涨。挨打37.4：昨日涨停今日大跌9/64（14.06%），连板股大跌3/15（20.00%），跌停3只。延续84.0：最高6板；晋级：1板 9/49（18.37%）、2板 5/7（71.43%）、3板 1/2（50.00%）、≥4板 3/6（50.00%）。活跃11.3：成交1.466万亿元，为此前20日均额0.84倍；上涨占比28.81%；涨停48只。解释注意：3板晋级分母仅2只；2025标尺端点饱和：梯队完整度；源或群体存在已披露质量缺口。
2025-03-20,project-review-v1-20261007,controller_authored_deterministic_explanation,挨打<60且延续≥50；此分支不使用活跃，晴不表示普涨,昨日涨停今日大跌1/48（2.08%），连板股大跌1/18（5.56%），跌停0只,最高7板；晋级：1板 11/30（36.67%）、2板 3/9（33.33%）、3板 4/5（80.00%）、≥4板 3/4（75.00%）,成交1.441万亿元，为此前20日均额0.83倍；上涨占比37.78%；涨停63只,,False,≥4板晋级分母仅4只,≥4板晋级分母仅4只；2025标尺端点饱和：昨日涨停大跌、跌停密度、分板晋级,2025-03-20 晴｜分类依据：挨打<60且延续≥50；此分支不使用活跃，晴不表示普涨。挨打2.0：昨日涨停今日大跌1/48（2.08%），连板股大跌1/18（5.56%），跌停0只。延续77.5：最高7板；晋级：1板 11/30（36.67%）、2板 3/9（33.33%）、3板 4/5（80.00%）、≥4板 3/4（75.00%）。活跃24.7：成交1.441万亿元，为此前20日均额0.83倍；上涨占比37.78%；涨停63只。解释注意：≥4板晋级分母仅4只；2025标尺端点饱和：昨日涨停大跌、跌停密度、分板晋级。
2025-03-21,project-review-v1-20261007,controller_authored_deterministic_explanation,挨打≥60且延续≥40,昨日涨停今日大跌11/63（17.46%），连板股大跌5/21（23.81%），跌停21只,最高7板；晋级：1板 8/42（19.05%）、2板 6/11（54.55%）、3板 2/3（66.67%）、≥4板 2/7（28.57%）,成交1.550万亿元，为此前20日均额0.90倍；上涨占比18.19%；涨停47只,,False,3板晋级分母仅3只,3板晋级分母仅3只；2025标尺端点饱和：梯队完整度、上涨占比,2025-03-21 雷阵雨｜分类依据：挨打≥60且延续≥40。挨打68.4：昨日涨停今日大跌11/63（17.46%），连板股大跌5/21（23.81%），跌停21只。延续83.1：最高7板；晋级：1板 8/42（19.05%）、2板 6/11（54.55%）、3板 2/3（66.67%）、≥4板 2/7（28.57%）。活跃13.1：成交1.550万亿元，为此前20日均额0.90倍；上涨占比18.19%；涨停47只。解释注意：3板晋级分母仅3只；2025标尺端点饱和：梯队完整度、上涨占比。
2025-03-24,project-review-v1-20261007,controller_authored_deterministic_explanation,挨打≥60且延续<40,昨日涨停今日大跌18/47（38.30%），连板股大跌9/18（50.00%），跌停39只,最高5板；晋级：1板 6/29（20.69%）、2板 3/8（37.50%）、3板 2/6（33.33%）、≥4板 1/4（25.00%）,成交1.450万亿元，为此前20日均额0.86倍；上涨占比24.93%；涨停48只,三大指数至少两个上涨，但上涨家数不足一半,False,≥4板晋级分母仅4只,≥4板晋级分母仅4只；2025标尺端点饱和：昨日涨停大跌、连板股大跌、跌停密度,2025-03-24 暴雨｜分类依据：挨打≥60且延续<40。挨打100.0：昨日涨停今日大跌18/47（38.30%），连板股大跌9/18（50.00%），跌停39只。延续35.0：最高5板；晋级：1板 6/29（20.69%）、2板 3/8（37.50%）、3板 2/6（33.33%）、≥4板 1/4（25.00%）。活跃11.6：成交1.450万亿元，为此前20日均额0.86倍；上涨占比24.93%；涨停48只。三大指数至少两个上涨，但上涨家数不足一半。解释注意：≥4板晋级分母仅4只；2025标尺端点饱和：昨日涨停大跌、连板股大跌、跌停密度。
2025-03-25,project-review-v1-20261007,controller_authored_deterministic_explanation,挨打≥60且延续<40,昨日涨停今日大跌6/48（12.50%），连板股大跌3/12（25.00%），跌停39只,最高3板；晋级：1板 8/36（22.22%）、2板 3/6（50.00%）、3板 0/3（0.00%）、≥4板 0/3（0.00%）,成交1.258万亿元，为此前20日均额0.76倍；上涨占比43.97%；涨停48只,,False,3板晋级分母仅3只；≥4板晋级分母仅3只,3板晋级分母仅3只；≥4板晋级分母仅3只；2025标尺端点饱和：跌停密度、梯队完整度、最高板、成交额相对20日,2025-03-25 暴雨｜分类依据：挨打≥60且延续<40。挨打61.6：昨日涨停今日大跌6/48（12.50%），连板股大跌3/12（25.00%），跌停39只。延续7.9：最高3板；晋级：1板 8/36（22.22%）、2板 3/6（50.00%）、3板 0/3（0.00%）、≥4板 0/3（0.00%）。活跃16.5：成交1.258万亿元，为此前20日均额0.76倍；上涨占比43.97%；涨停48只。解释注意：3板晋级分母仅3只；≥4板晋级分母仅3只；2025标尺端点饱和：跌停密度、梯队完整度、最高板、成交额相对20日。
2025-03-26,project-review-v1-20261007,controller_authored_deterministic_explanation,挨打<60、延续<50且活跃≥35,昨日涨停今日大跌3/48（6.25%），连板股大跌2/11（18.18%），跌停2只,最高4板；晋级：1板 4/37（10.81%）、2板 3/8（37.50%）、3板 2/3（66.67%）、≥4板 0/0（比例缺失）,成交1.154万亿元，为此前20日均额0.71倍；上涨占比67.76%；涨停75只,三大指数至少两个下跌，但上涨家数超过一半,False,3板晋级分母仅3只；≥4板晋级无可观察样本,3板晋级分母仅3只；≥4板晋级无可观察样本；2025标尺端点饱和：梯队完整度、最高板、成交额相对20日,2025-03-26 多云｜分类依据：挨打<60、延续<50且活跃≥35。挨打21.6：昨日涨停今日大跌3/48（6.25%），连板股大跌2/11（18.18%），跌停2只。延续15.4：最高4板；晋级：1板 4/37（10.81%）、2板 3/8（37.50%）、3板 2/3（66.67%）、≥4板 0/0（比例缺失）。活跃46.2：成交1.154万亿元，为此前20日均额0.71倍；上涨占比67.76%；涨停75只。三大指数至少两个下跌，但上涨家数超过一半。解释注意：3板晋级分母仅3只；≥4板晋级无可观察样本；2025标尺端点饱和：梯队完整度、最高板、成交额相对20日。
2025-03-27,project-review-v1-20261007,controller_authored_deterministic_explanation,挨打≥60且延续<40,昨日涨停今日大跌18/75（24.00%），连板股大跌4/9（44.44%），跌停20只,最高5板；晋级：1板 6/66（9.09%）、2板 0/4（0.00%）、3板 1/3（33.33%）、≥4板 1/2（50.00%）,成交1.190万亿元，为此前20日均额0.75倍；上涨占比34.94%；涨停49只,三大指数至少两个上涨，但上涨家数不足一半,False,2板晋级分母仅4只；3板晋级分母仅3只；≥4板晋级分母仅2只,2板晋级分母仅4只；3板晋级分母仅3只；≥4板晋级分母仅2只；2025标尺端点饱和：分板晋级、梯队完整度、成交额相对20日,2025-03-27 暴雨｜分类依据：挨打≥60且延续<40。挨打94.1：昨日涨停今日大跌18/75（24.00%），连板股大跌4/9（44.44%），跌停20只。延续7.5：最高5板；晋级：1板 6/66（9.09%）、2板 0/4（0.00%）、3板 1/3（33.33%）、≥4板 1/2（50.00%）。活跃12.6：成交1.190万亿元，为此前20日均额0.75倍；上涨占比34.94%；涨停49只。三大指数至少两个上涨，但上涨家数不足一半。解释注意：2板晋级分母仅4只；3板晋级分母仅3只；≥4板晋级分母仅2只；2025标尺端点饱和：分板晋级、梯队完整度、成交额相对20日。
2025-03-28,project-review-v1-20261007,controller_authored_deterministic_explanation,挨打≥60且延续<40,昨日涨停今日大跌18/49（36.73%），连板股大跌6/8（75.00%），跌停25只,最高3板；晋级：1板 5/41（12.20%）、2板 1/6（16.67%）、3板 0/0（比例缺失）、≥4板 0/2（0.00%）,成交1.119万亿元，为此前20日均额0.73倍；上涨占比17.56%；涨停31只,,False,3板晋级无可观察样本；≥4板晋级分母仅2只,3板晋级无可观察样本；≥4板晋级分母仅2只；2025标尺端点饱和：昨日涨停大跌、连板股大跌、跌停密度、分板晋级、梯队完整度、最高板、成交额相对20日、上涨占比、涨停密度,2025-03-28 暴雨｜分类依据：挨打≥60且延续<40。挨打100.0：昨日涨停今日大跌18/49（36.73%），连板股大跌6/8（75.00%），跌停25只。延续0.0：最高3板；晋级：1板 5/41（12.20%）、2板 1/6（16.67%）、3板 0/0（比例缺失）、≥4板 0/2（0.00%）。活跃0.0：成交1.119万亿元，为此前20日均额0.73倍；上涨占比17.56%；涨停31只。解释注意：3板晋级无可观察样本；≥4板晋级分母仅2只；2025标尺端点饱和：昨日涨停大跌、连板股大跌、跌停密度、分板晋级、梯队完整度、最高板、成交额相对20日、上涨占比、涨停密度。
2025-03-31,project-review-v1-20261007,controller_authored_deterministic_explanation,挨打<60、延续<50且活跃<35,昨日涨停今日大跌2/31（6.45%），连板股大跌1/6（16.67%），跌停34只,最高4板；晋级：1板 6/25（24.00%）、2板 1/5（20.00%）、3板 1/1（100.00%）、≥4板 0/0（比例缺失）,成交1.221万亿元，为此前20日均额0.81倍；上涨占比23.73%；涨停34只,,False,3板晋级分母仅1只；≥4板晋级无可观察样本,3板晋级分母仅1只；≥4板晋级无可观察样本；2025标尺端点饱和：跌停密度、梯队完整度、最高板、成交额相对20日、涨停密度,2025-03-31 阴｜分类依据：挨打<60、延续<50且活跃<35。挨打46.0：昨日涨停今日大跌2/31（6.45%），连板股大跌1/6（16.67%），跌停34只。延续17.4：最高4板；晋级：1板 6/25（24.00%）、2板 1/5（20.00%）、3板 1/1（100.00%）、≥4板 0/0（比例缺失）。活跃1.7：成交1.221万亿元，为此前20日均额0.81倍；上涨占比23.73%；涨停34只。解释注意：3板晋级分母仅1只；≥4板晋级无可观察样本；2025标尺端点饱和：跌停密度、梯队完整度、最高板、成交额相对20日、涨停密度。
2025-04-01,project-review-v1-20261007,controller_authored_deterministic_explanation,挨打<60、延续<50且活跃≥35,昨日涨停今日大跌4/34（11.76%），连板股大跌2/8（25.00%），跌停10只,最高4板；晋级：1板 5/26（19.23%）、2板 3/6（50.00%）、3板 1/1（100.00%）、≥4板 0/1（0.00%）,成交1.132万亿元，为此前20日均额0.76倍；上涨占比71.76%；涨停55只,三大指数至少两个下跌，但上涨家数超过一半,False,3板晋级分母仅1只；≥4板晋级分母仅1只,3板晋级分母仅1只；≥4板晋级分母仅1只；2025标尺端点饱和：梯队完整度、最高板、成交额相对20日,2025-04-01 多云｜分类依据：挨打<60、延续<50且活跃≥35。挨打45.9：昨日涨停今日大跌4/34（11.76%），连板股大跌2/8（25.00%），跌停10只。延续29.3：最高4板；晋级：1板 5/26（19.23%）、2板 3/6（50.00%）、3板 1/1（100.00%）、≥4板 0/1（0.00%）。活跃35.2：成交1.132万亿元，为此前20日均额0.76倍；上涨占比71.76%；涨停55只。三大指数至少两个下跌，但上涨家数超过一半。解释注意：3板晋级分母仅1只；≥4板晋级分母仅1只；2025标尺端点饱和：梯队完整度、最高板、成交额相对20日。
2025-04-02,project-review-v1-20261007,controller_authored_deterministic_explanation,挨打≥60且延续<40,昨日涨停今日大跌9/55（16.36%），连板股大跌3/9（33.33%），跌停12只,最高5板；晋级：1板 5/46（10.87%）、2板 1/5（20.00%）、3板 0/3（0.00%）、≥4板 1/1（100.00%）,成交0.974万亿元，为此前20日均额0.66倍；上涨占比51.38%；涨停40只,,False,3板晋级分母仅3只；≥4板晋级分母仅1只,3板晋级分母仅3只；≥4板晋级分母仅1只；2025标尺端点饱和：梯队完整度、成交额相对20日、涨停密度,2025-04-02 暴雨｜分类依据：挨打≥60且延续<40。挨打62.5：昨日涨停今日大跌9/55（16.36%），连板股大跌3/9（33.33%），跌停12只。延续10.3：最高5板；晋级：1板 5/46（10.87%）、2板 1/5（20.00%）、3板 0/3（0.00%）、≥4板 1/1（100.00%）。活跃15.8：成交0.974万亿元，为此前20日均额0.66倍；上涨占比51.38%；涨停40只。解释注意：3板晋级分母仅3只；≥4板晋级分母仅1只；2025标尺端点饱和：梯队完整度、成交额相对20日、涨停密度。
2025-04-03,project-review-v1-20261007,controller_authored_deterministic_explanation,挨打<60、延续<50且活跃<35,昨日涨停今日大跌1/40（2.50%），连板股大跌0/7（0.00%），跌停27只,最高3板；晋级：1板 7/33（21.21%）、2板 2/5（40.00%）、3板 0/1（0.00%）、≥4板 0/1（0.00%）,成交1.137万亿元，为此前20日均额0.79倍；上涨占比36.85%；涨停50只,,False,3板晋级分母仅1只；≥4板晋级分母仅1只,3板晋级分母仅1只；≥4板晋级分母仅1只；2025标尺端点饱和：跌停密度、梯队完整度、最高板、成交额相对20日,2025-04-03 阴｜分类依据：挨打<60、延续<50且活跃<35。挨打27.3：昨日涨停今日大跌1/40（2.50%），连板股大跌0/7（0.00%），跌停27只。延续14.8：最高3板；晋级：1板 7/33（21.21%）、2板 2/5（40.00%）、3板 0/1（0.00%）、≥4板 0/1（0.00%）。活跃14.2：成交1.137万亿元，为此前20日均额0.79倍；上涨占比36.85%；涨停50只。解释注意：3板晋级分母仅1只；≥4板晋级分母仅1只；2025标尺端点饱和：跌停密度、梯队完整度、最高板、成交额相对20日。
2025-04-07,project-review-v1-20261007,controller_authored_deterministic_explanation,挨打≥60且延续<40,昨日涨停今日大跌18/50（36.00%），连板股大跌3/9（33.33%），跌停2933只,最高4板；晋级：1板 9/41（21.95%）、2板 1/7（14.29%）、3板 1/2（50.00%）、≥4板 0/0（比例缺失）,成交1.587万亿元，为此前20日均额1.13倍；上涨占比1.77%；涨停22只,,False,3板晋级分母仅2只；≥4板晋级无可观察样本,3板晋级分母仅2只；≥4板晋级无可观察样本；2025标尺端点饱和：昨日涨停大跌、跌停密度、梯队完整度、最高板、上涨占比、涨停密度,2025-04-07 暴雨｜分类依据：挨打≥60且延续<40。挨打91.1：昨日涨停今日大跌18/50（36.00%），连板股大跌3/9（33.33%），跌停2933只。延续4.6：最高4板；晋级：1板 9/41（21.95%）、2板 1/7（14.29%）、3板 1/2（50.00%）、≥4板 0/0（比例缺失）。活跃30.6：成交1.587万亿元，为此前20日均额1.13倍；上涨占比1.77%；涨停22只。解释注意：3板晋级分母仅2只；≥4板晋级无可观察样本；2025标尺端点饱和：昨日涨停大跌、跌停密度、梯队完整度、最高板、上涨占比、涨停密度。
2025-04-08,project-review-v1-20261007,controller_authored_deterministic_explanation,挨打<60且延续≥50；此分支不使用活跃，晴不表示普涨,昨日涨停今日大跌0/22（0.00%），连板股大跌0/11（0.00%），跌停121只,最高5板；晋级：1板 8/11（72.73%）、2板 7/9（77.78%）、3板 1/1（100.00%）、≥4板 1/1（100.00%）,成交1.625万亿元，为此前20日均额1.17倍；上涨占比60.15%；涨停122只,,False,3板晋级分母仅1只；≥4板晋级分母仅1只,3板晋级分母仅1只；≥4板晋级分母仅1只；2025标尺端点饱和：昨日涨停大跌、连板股大跌、跌停密度、分板晋级、涨停密度,2025-04-08 晴｜分类依据：挨打<60且延续≥50；此分支不使用活跃，晴不表示普涨。挨打25.0：昨日涨停今日大跌0/22（0.00%），连板股大跌0/11（0.00%），跌停121只。延续62.5：最高5板；晋级：1板 8/11（72.73%）、2板 7/9（77.78%）、3板 1/1（100.00%）、≥4板 1/1（100.00%）。活跃83.9：成交1.625万亿元，为此前20日均额1.17倍；上涨占比60.15%；涨停122只。解释注意：3板晋级分母仅1只；≥4板晋级分母仅1只；2025标尺端点饱和：昨日涨停大跌、连板股大跌、跌停密度、分板晋级、涨停密度。
2025-04-09,project-review-v1-20261007,controller_authored_deterministic_explanation,挨打<60且延续≥50；此分支不使用活跃，晴不表示普涨,昨日涨停今日大跌3/122（2.46%），连板股大跌1/17（5.88%），跌停6只,最高6板；晋级：1板 15/105（14.29%）、2板 2/8（25.00%）、3板 5/7（71.43%）、≥4板 2/2（100.00%）,成交1.699万亿元，为此前20日均额1.22倍；上涨占比84.31%；涨停113只,,False,≥4板晋级分母仅2只,≥4板晋级分母仅2只；2025标尺端点饱和：昨日涨停大跌、梯队完整度、上涨占比、涨停密度,2025-04-09 晴｜分类依据：挨打<60且延续≥50；此分支不使用活跃，晴不表示普涨。挨打8.5：昨日涨停今日大跌3/122（2.46%），连板股大跌1/17（5.88%），跌停6只。延续75.3：最高6板；晋级：1板 15/105（14.29%）、2板 2/8（25.00%）、3板 5/7（71.43%）、≥4板 2/2（100.00%）。活跃97.4：成交1.699万亿元，为此前20日均额1.22倍；上涨占比84.31%；涨停113只。解释注意：≥4板晋级分母仅2只；2025标尺端点饱和：昨日涨停大跌、梯队完整度、上涨占比、涨停密度。
2025-04-10,project-review-v1-20261007,controller_authored_deterministic_explanation,挨打<60、延续<50且活跃≥35,昨日涨停今日大跌1/113（0.88%），连板股大跌1/24（4.17%），跌停0只,最高6板；晋级：1板 15/89（16.85%）、2板 6/15（40.00%）、3板 0/2（0.00%）、≥4板 4/7（57.14%）,成交1.609万亿元，为此前20日均额1.14倍；上涨占比91.68%；涨停152只,,False,3板晋级分母仅2只,3板晋级分母仅2只；2025标尺端点饱和：昨日涨停大跌、连板股大跌、跌停密度、上涨占比、涨停密度,2025-04-10 多云｜分类依据：挨打<60、延续<50且活跃≥35。挨打0.0：昨日涨停今日大跌1/113（0.88%），连板股大跌1/24（4.17%），跌停0只。延续46.5：最高6板；晋级：1板 15/89（16.85%）、2板 6/15（40.00%）、3板 0/2（0.00%）、≥4板 4/7（57.14%）。活跃91.5：成交1.609万亿元，为此前20日均额1.14倍；上涨占比91.68%；涨停152只。解释注意：3板晋级分母仅2只；2025标尺端点饱和：昨日涨停大跌、连板股大跌、跌停密度、上涨占比、涨停密度。
2025-04-11,project-review-v1-20261007,controller_authored_deterministic_explanation,挨打<60、延续<50且活跃≥35,昨日涨停今日大跌15/152（9.87%），连板股大跌5/25（20.00%），跌停7只,最高6板；晋级：1板 10/127（7.87%）、2板 4/15（26.67%）、3板 2/6（33.33%）、≥4板 2/4（50.00%）,成交1.348万亿元，为此前20日均额0.96倍；上涨占比60.81%；涨停82只,,False,≥4板晋级分母仅4只,≥4板晋级分母仅4只,2025-04-11 多云｜分类依据：挨打<60、延续<50且活跃≥35。挨打34.5：昨日涨停今日大跌15/152（9.87%），连板股大跌5/25（20.00%），跌停7只。延续34.0：最高6板；晋级：1板 10/127（7.87%）、2板 4/15（26.67%）、3板 2/6（33.33%）、≥4板 2/4（50.00%）。活跃62.3：成交1.348万亿元，为此前20日均额0.96倍；上涨占比60.81%；涨停82只。解释注意：≥4板晋级分母仅4只。
2025-04-14,project-review-v1-20261007,controller_authored_deterministic_explanation,挨打<60、延续<50且活跃≥35,昨日涨停今日大跌5/82（6.10%），连板股大跌3/18（16.67%），跌停2只,最高7板；晋级：1板 8/64（12.50%）、2板 3/10（30.00%）、3板 0/4（0.00%）、≥4板 2/4（50.00%）,成交1.277万亿元，为此前20日均额0.92倍；上涨占比84.35%；涨停103只,,False,3板晋级分母仅4只；≥4板晋级分母仅4只,3板晋级分母仅4只；≥4板晋级分母仅4只；2025标尺端点饱和：上涨占比、涨停密度,2025-04-14 多云｜分类依据：挨打<60、延续<50且活跃≥35。挨打19.1：昨日涨停今日大跌5/82（6.10%），连板股大跌3/18（16.67%），跌停2只。延续38.1：最高7板；晋级：1板 8/64（12.50%）、2板 3/10（30.00%）、3板 0/4（0.00%）、≥4板 2/4（50.00%）。活跃70.8：成交1.277万亿元，为此前20日均额0.92倍；上涨占比84.35%；涨停103只。解释注意：3板晋级分母仅4只；≥4板晋级分母仅4只；2025标尺端点饱和：上涨占比、涨停密度。
2025-04-15,project-review-v1-20261007,controller_authored_deterministic_explanation,挨打≥60且延续<40,昨日涨停今日大跌16/103（15.53%），连板股大跌6/13（46.15%），跌停10只,最高4板；晋级：1板 6/90（6.67%）、2板 2/8（25.00%）、3板 1/3（33.33%）、≥4板 0/2（0.00%）,成交1.077万亿元，为此前20日均额0.79倍；上涨占比44.42%；涨停56只,,False,3板晋级分母仅3只；≥4板晋级分母仅2只,3板晋级分母仅3只；≥4板晋级分母仅2只；2025标尺端点饱和：连板股大跌、分板晋级、梯队完整度、最高板、成交额相对20日,2025-04-15 暴雨｜分类依据：挨打≥60且延续<40。挨打67.8：昨日涨停今日大跌16/103（15.53%），连板股大跌6/13（46.15%），跌停10只。延续0.0：最高4板；晋级：1板 6/90（6.67%）、2板 2/8（25.00%）、3板 1/3（33.33%）、≥4板 0/2（0.00%）。活跃21.9：成交1.077万亿元，为此前20日均额0.79倍；上涨占比44.42%；涨停56只。解释注意：3板晋级分母仅3只；≥4板晋级分母仅2只；2025标尺端点饱和：连板股大跌、分板晋级、梯队完整度、最高板、成交额相对20日。
2025-04-16,project-review-v1-20261007,controller_authored_deterministic_explanation,挨打<60且延续≥50；此分支不使用活跃，晴不表示普涨,昨日涨停今日大跌12/56（21.43%），连板股大跌2/9（22.22%），跌停6只,最高5板；晋级：1板 10/47（21.28%）、2板 3/6（50.00%）、3板 1/2（50.00%）、≥4板 1/1（100.00%）,成交1.112万亿元，为此前20日均额0.83倍；上涨占比18.30%；涨停45只,,False,3板晋级分母仅2只；≥4板晋级分母仅1只,3板晋级分母仅2只；≥4板晋级分母仅1只；2025标尺端点饱和：上涨占比,2025-04-16 晴｜分类依据：挨打<60且延续≥50；此分支不使用活跃，晴不表示普涨。挨打55.4：昨日涨停今日大跌12/56（21.43%），连板股大跌2/9（22.22%），跌停6只。延续56.6：最高5板；晋级：1板 10/47（21.28%）、2板 3/6（50.00%）、3板 1/2（50.00%）、≥4板 1/1（100.00%）。活跃3.6：成交1.112万亿元，为此前20日均额0.83倍；上涨占比18.30%；涨停45只。解释注意：3板晋级分母仅2只；≥4板晋级分母仅1只；2025标尺端点饱和：上涨占比。
2025-04-17,project-review-v1-20261007,controller_authored_deterministic_explanation,挨打<60且延续≥50；此分支不使用活跃，晴不表示普涨,昨日涨停今日大跌1/45（2.22%），连板股大跌0/15（0.00%），跌停2只,最高6板；晋级：1板 9/30（30.00%）、2板 7/10（70.00%）、3板 3/3（100.00%）、≥4板 1/2（50.00%）,成交0.999万亿元，为此前20日均额0.76倍；上涨占比57.25%；涨停86只,,False,3板晋级分母仅3只；≥4板晋级分母仅2只,3板晋级分母仅3只；≥4板晋级分母仅2只；2025标尺端点饱和：昨日涨停大跌、连板股大跌、分板晋级、成交额相对20日,2025-04-17 晴｜分类依据：挨打<60且延续≥50；此分支不使用活跃，晴不表示普涨。挨打1.2：昨日涨停今日大跌1/45（2.22%），连板股大跌0/15（0.00%），跌停2只。延续70.0：最高6板；晋级：1板 9/30（30.00%）、2板 7/10（70.00%）、3板 3/3（100.00%）、≥4板 1/2（50.00%）。活跃48.0：成交0.999万亿元，为此前20日均额0.76倍；上涨占比57.25%；涨停86只。解释注意：3板晋级分母仅3只；≥4板晋级分母仅2只；2025标尺端点饱和：昨日涨停大跌、连板股大跌、分板晋级、成交额相对20日。
2025-04-18,project-review-v1-20261007,controller_authored_deterministic_explanation,挨打≥60且延续<40,昨日涨停今日大跌21/85（24.71%），连板股大跌6/20（30.00%），跌停12只,最高5板；晋级：1板 9/65（13.85%）、2板 3/9（33.33%）、3板 4/7（57.14%）、≥4板 1/4（25.00%）,成交0.915万亿元，为此前20日均额0.70倍；上涨占比42.80%；涨停59只,三大指数至少两个上涨，但上涨家数不足一半,False,≥4板晋级分母仅4只,≥4板晋级分母仅4只；2025标尺端点饱和：成交额相对20日；源或群体存在已披露质量缺口,2025-04-18 暴雨｜分类依据：挨打≥60且延续<40。挨打76.3：昨日涨停今日大跌21/85（24.71%），连板股大跌6/20（30.00%），跌停12只。延续37.7：最高5板；晋级：1板 9/65（13.85%）、2板 3/9（33.33%）、3板 4/7（57.14%）、≥4板 1/4（25.00%）。活跃23.0：成交0.915万亿元，为此前20日均额0.70倍；上涨占比42.80%；涨停59只。三大指数至少两个上涨，但上涨家数不足一半。解释注意：≥4板晋级分母仅4只；2025标尺端点饱和：成交额相对20日；源或群体存在已披露质量缺口。
2025-04-21,project-review-v1-20261007,controller_authored_deterministic_explanation,挨打<60且延续≥50；此分支不使用活跃，晴不表示普涨,昨日涨停今日大跌6/59（10.17%），连板股大跌3/17（17.65%），跌停11只,最高6板；晋级：1板 9/42（21.43%）、2板 3/9（33.33%）、3板 2/3（66.67%）、≥4板 3/5（60.00%）,成交1.041万亿元，为此前20日均额0.82倍；上涨占比81.83%；涨停100只,,False,3板晋级分母仅3只,3板晋级分母仅3只；2025标尺端点饱和：梯队完整度、成交额相对20日、上涨占比、涨停密度,2025-04-21 晴｜分类依据：挨打<60且延续≥50；此分支不使用活跃，晴不表示普涨。挨打38.1：昨日涨停今日大跌6/59（10.17%），连板股大跌3/17（17.65%），跌停11只。延续74.7：最高6板；晋级：1板 9/42（21.43%）、2板 3/9（33.33%）、3板 2/3（66.67%）、≥4板 3/5（60.00%）。活跃60.0：成交1.041万亿元，为此前20日均额0.82倍；上涨占比81.83%；涨停100只。解释注意：3板晋级分母仅3只；2025标尺端点饱和：梯队完整度、成交额相对20日、上涨占比、涨停密度。
2025-04-22,project-review-v1-20261007,controller_authored_deterministic_explanation,挨打<60且延续≥50；此分支不使用活跃，晴不表示普涨,昨日涨停今日大跌7/98（7.14%），连板股大跌1/17（5.88%），跌停12只,最高6板；晋级：1板 15/81（18.52%）、2板 3/9（33.33%）、3板 2/3（66.67%）、≥4板 3/5（60.00%）,成交1.090万亿元，为此前20日均额0.87倍；上涨占比48.00%；涨停80只,,False,3板晋级分母仅3只,3板晋级分母仅3只；2025标尺端点饱和：梯队完整度；源或群体存在已披露质量缺口,2025-04-22 晴｜分类依据：挨打<60且延续≥50；此分支不使用活跃，晴不表示普涨。挨打22.9：昨日涨停今日大跌7/98（7.14%），连板股大跌1/17（5.88%），跌停12只。延续73.0：最高6板；晋级：1板 15/81（18.52%）、2板 3/9（33.33%）、3板 2/3（66.67%）、≥4板 3/5（60.00%）。活跃45.6：成交1.090万亿元，为此前20日均额0.87倍；上涨占比48.00%；涨停80只。解释注意：3板晋级分母仅3只；2025标尺端点饱和：梯队完整度；源或群体存在已披露质量缺口。
2025-04-23,project-review-v1-20261007,controller_authored_deterministic_explanation,挨打≥60且延续<40,昨日涨停今日大跌21/80（26.25%），连板股大跌7/23（30.43%），跌停19只,最高4板；晋级：1板 6/57（10.53%）、2板 4/15（26.67%）、3板 1/3（33.33%）、≥4板 0/5（0.00%）,成交1.230万亿元，为此前20日均额1.00倍；上涨占比59.47%；涨停61只,,True,3板晋级分母仅3只,3板晋级分母仅3只；2025标尺端点饱和：昨日涨停大跌、分板晋级、梯队完整度、最高板,2025-04-23 暴雨｜分类依据：挨打≥60且延续<40。挨打87.3：昨日涨停今日大跌21/80（26.25%），连板股大跌7/23（30.43%），跌停19只。延续0.0：最高4板；晋级：1板 6/57（10.53%）、2板 4/15（26.67%）、3板 1/3（33.33%）、≥4板 0/5（0.00%）。活跃51.9：成交1.230万亿元，为此前20日均额1.00倍；上涨占比59.47%；涨停61只。挨打达到惩罚分支，同时活跃达到多云分支的活跃门槛。解释注意：3板晋级分母仅3只；2025标尺端点饱和：昨日涨停大跌、分板晋级、梯队完整度、最高板。
2025-04-24,project-review-v1-20261007,controller_authored_deterministic_explanation,挨打<60且延续≥50；此分支不使用活跃，晴不表示普涨,昨日涨停今日大跌9/61（14.75%），连板股大跌2/11（18.18%），跌停11只,最高5板；晋级：1板 9/50（18.00%）、2板 2/6（33.33%）、3板 3/4（75.00%）、≥4板 1/1（100.00%）,成交1.109万亿元，为此前20日均额0.90倍；上涨占比29.20%；涨停52只,,False,3板晋级分母仅4只；≥4板晋级分母仅1只,3板晋级分母仅4只；≥4板晋级分母仅1只,2025-04-24 晴｜分类依据：挨打<60且延续≥50；此分支不使用活跃，晴不表示普涨。挨打46.8：昨日涨停今日大跌9/61（14.75%），连板股大跌2/11（18.18%），跌停11只。延续55.0：最高5板；晋级：1板 9/50（18.00%）、2板 2/6（33.33%）、3板 3/4（75.00%）、≥4板 1/1（100.00%）。活跃21.0：成交1.109万亿元，为此前20日均额0.90倍；上涨占比29.20%；涨停52只。解释注意：3板晋级分母仅4只；≥4板晋级分母仅1只。
2025-04-25,project-review-v1-20261007,controller_authored_deterministic_explanation,挨打≥60且延续<40,昨日涨停今日大跌12/52（23.08%），连板股大跌5/15（33.33%），跌停18只,最高6板；晋级：1板 5/37（13.51%）、2板 1/9（11.11%）、3板 0/2（0.00%）、≥4板 2/4（50.00%）,成交1.113万亿元，为此前20日均额0.91倍；上涨占比53.42%；涨停65只,,True,3板晋级分母仅2只；≥4板晋级分母仅4只,3板晋级分母仅2只；≥4板晋级分母仅4只；2025标尺端点饱和：分板晋级,2025-04-25 暴雨｜分类依据：挨打≥60且延续<40。挨打82.5：昨日涨停今日大跌12/52（23.08%），连板股大跌5/15（33.33%），跌停18只。延续30.0：最高6板；晋级：1板 5/37（13.51%）、2板 1/9（11.11%）、3板 0/2（0.00%）、≥4板 2/4（50.00%）。活跃42.4：成交1.113万亿元，为此前20日均额0.91倍；上涨占比53.42%；涨停65只。挨打达到惩罚分支，同时活跃达到多云分支的活跃门槛。解释注意：3板晋级分母仅2只；≥4板晋级分母仅4只；2025标尺端点饱和：分板晋级。
2025-04-28,project-review-v1-20261007,controller_authored_deterministic_explanation,挨打≥60且延续<40,昨日涨停今日大跌17/64（26.56%），连板股大跌2/8（25.00%），跌停44只,最高4板；晋级：1板 9/56（16.07%）、2板 2/5（40.00%）、3板 1/1（100.00%）、≥4板 0/2（0.00%）,成交1.056万亿元，为此前20日均额0.87倍；上涨占比23.03%；涨停42只,,False,3板晋级分母仅1只；≥4板晋级分母仅2只,3板晋级分母仅1只；≥4板晋级分母仅2只；2025标尺端点饱和：昨日涨停大跌、跌停密度、梯队完整度、最高板；源或群体存在已披露质量缺口,2025-04-28 暴雨｜分类依据：挨打≥60且延续<40。挨打84.6：昨日涨停今日大跌17/64（26.56%），连板股大跌2/8（25.00%），跌停44只。延续19.9：最高4板；晋级：1板 9/56（16.07%）、2板 2/5（40.00%）、3板 1/1（100.00%）、≥4板 0/2（0.00%）。活跃7.2：成交1.056万亿元，为此前20日均额0.87倍；上涨占比23.03%；涨停42只。解释注意：3板晋级分母仅1只；≥4板晋级分母仅2只；2025标尺端点饱和：昨日涨停大跌、跌停密度、梯队完整度、最高板；源或群体存在已披露质量缺口。
2025-04-29,project-review-v1-20261007,controller_authored_deterministic_explanation,挨打≥60且延续<40,昨日涨停今日大跌6/40（15.00%），连板股大跌3/11（27.27%），跌停26只,最高4板；晋级：1板 3/29（10.34%）、2板 2/8（25.00%）、3板 1/2（50.00%）、≥4板 0/1（0.00%）,成交1.022万亿元，为此前20日均额0.84倍；上涨占比67.17%；涨停61只,三大指数至少两个下跌，但上涨家数超过一半,True,3板晋级分母仅2只；≥4板晋级分母仅1只,3板晋级分母仅2只；≥4板晋级分母仅1只；2025标尺端点饱和：跌停密度、梯队完整度、最高板；源或群体存在已披露质量缺口,2025-04-29 暴雨｜分类依据：挨打≥60且延续<40。挨打67.5：昨日涨停今日大跌6/40（15.00%），连板股大跌3/11（27.27%），跌停26只。延续7.2：最高4板；晋级：1板 3/29（10.34%）、2板 2/8（25.00%）、3板 1/2（50.00%）、≥4板 0/1（0.00%）。活跃39.5：成交1.022万亿元，为此前20日均额0.84倍；上涨占比67.17%；涨停61只。挨打达到惩罚分支，同时活跃达到多云分支的活跃门槛；三大指数至少两个下跌，但上涨家数超过一半。解释注意：3板晋级分母仅2只；≥4板晋级分母仅1只；2025标尺端点饱和：跌停密度、梯队完整度、最高板；源或群体存在已披露质量缺口。
2025-04-30,project-review-v1-20261007,controller_authored_deterministic_explanation,挨打<60、延续<50且活跃≥35,昨日涨停今日大跌8/61（13.11%），连板股大跌2/6（33.33%），跌停12只,最高4板；晋级：1板 8/55（14.55%）、2板 0/3（0.00%）、3板 2/2（100.00%）、≥4板 0/1（0.00%）,成交1.169万亿元，为此前20日均额0.97倍；上涨占比62.92%；涨停71只,,False,2板晋级分母仅3只；3板晋级分母仅2只；≥4板晋级分母仅1只,2板晋级分母仅3只；3板晋级分母仅2只；≥4板晋级分母仅1只；2025标尺端点饱和：梯队完整度、最高板,2025-04-30 多云｜分类依据：挨打<60、延续<50且活跃≥35。挨打55.9：昨日涨停今日大跌8/61（13.11%），连板股大跌2/6（33.33%），跌停12只。延续13.7：最高4板；晋级：1板 8/55（14.55%）、2板 0/3（0.00%）、3板 2/2（100.00%）、≥4板 0/1（0.00%）。活跃57.6：成交1.169万亿元，为此前20日均额0.97倍；上涨占比62.92%；涨停71只。解释注意：2板晋级分母仅3只；3板晋级分母仅2只；≥4板晋级分母仅1只；2025标尺端点饱和：梯队完整度、最高板。
2025-05-06,project-review-v1-20261007,controller_authored_deterministic_explanation,挨打<60、延续<50且活跃≥35,昨日涨停今日大跌1/71（1.41%），连板股大跌1/10（10.00%），跌停2只,最高5板；晋级：1板 13/61（21.31%）、2板 4/8（50.00%）、3板 0/0（比例缺失）、≥4板 1/2（50.00%）,成交1.336万亿元，为此前20日均额1.10倍；上涨占比92.64%；涨停98只,,False,3板晋级无可观察样本；≥4板晋级分母仅2只,3板晋级无可观察样本；≥4板晋级分母仅2只；2025标尺端点饱和：昨日涨停大跌、梯队完整度、上涨占比、涨停密度,2025-05-06 多云｜分类依据：挨打<60、延续<50且活跃≥35。挨打9.1：昨日涨停今日大跌1/71（1.41%），连板股大跌1/10（10.00%），跌停2只。延续30.8：最高5板；晋级：1板 13/61（21.31%）、2板 4/8（50.00%）、3板 0/0（比例缺失）、≥4板 1/2（50.00%）。活跃88.4：成交1.336万亿元，为此前20日均额1.10倍；上涨占比92.64%；涨停98只。解释注意：3板晋级无可观察样本；≥4板晋级分母仅2只；2025标尺端点饱和：昨日涨停大跌、梯队完整度、上涨占比、涨停密度。
2025-05-07,project-review-v1-20261007,controller_authored_deterministic_explanation,挨打<60且延续≥50；此分支不使用活跃，晴不表示普涨,昨日涨停今日大跌1/98（1.02%），连板股大跌0/18（0.00%），跌停0只,最高6板；晋级：1板 15/80（18.75%）、2板 4/13（30.77%）、3板 2/4（50.00%）、≥4板 1/1（100.00%）,成交1.468万亿元，为此前20日均额1.20倍；上涨占比61.28%；涨停64只,,False,3板晋级分母仅4只；≥4板晋级分母仅1只,3板晋级分母仅4只；≥4板晋级分母仅1只；2025标尺端点饱和：昨日涨停大跌、连板股大跌、跌停密度,2025-05-07 晴｜分类依据：挨打<60且延续≥50；此分支不使用活跃，晴不表示普涨。挨打0.0：昨日涨停今日大跌1/98（1.02%），连板股大跌0/18（0.00%），跌停0只。延续53.6：最高6板；晋级：1板 15/80（18.75%）、2板 4/13（30.77%）、3板 2/4（50.00%）、≥4板 1/1（100.00%）。活跃72.2：成交1.468万亿元，为此前20日均额1.20倍；上涨占比61.28%；涨停64只。解释注意：3板晋级分母仅4只；≥4板晋级分母仅1只；2025标尺端点饱和：昨日涨停大跌、连板股大跌、跌停密度。
2025-05-08,project-review-v1-20261007,controller_authored_deterministic_explanation,挨打<60、延续<50且活跃≥35,昨日涨停今日大跌9/64（14.06%），连板股大跌5/22（22.73%），跌停4只,最高4板；晋级：1板 8/42（19.05%）、2板 4/15（26.67%）、3板 2/4（50.00%）、≥4板 0/3（0.00%）,成交1.293万亿元，为此前20日均额1.04倍；上涨占比71.69%；涨停65只,,False,3板晋级分母仅4只；≥4板晋级分母仅3只,3板晋级分母仅4只；≥4板晋级分母仅3只；2025标尺端点饱和：梯队完整度、最高板,2025-05-08 多云｜分类依据：挨打<60、延续<50且活跃≥35。挨打41.1：昨日涨停今日大跌9/64（14.06%），连板股大跌5/22（22.73%），跌停4只。延续6.9：最高4板；晋级：1板 8/42（19.05%）、2板 4/15（26.67%）、3板 2/4（50.00%）、≥4板 0/3（0.00%）。活跃64.8：成交1.293万亿元，为此前20日均额1.04倍；上涨占比71.69%；涨停65只。解释注意：3板晋级分母仅4只；≥4板晋级分母仅3只；2025标尺端点饱和：梯队完整度、最高板。
2025-05-09,project-review-v1-20261007,controller_authored_deterministic_explanation,挨打<60、延续<50且活跃<35,昨日涨停今日大跌16/65（24.62%），连板股大跌2/14（14.29%），跌停6只,最高4板；晋级：1板 5/51（9.80%）、2板 4/8（50.00%）、3板 3/4（75.00%）、≥4板 0/2（0.00%）,成交1.192万亿元，为此前20日均额0.97倍；上涨占比20.16%；涨停33只,,False,3板晋级分母仅4只；≥4板晋级分母仅2只,3板晋级分母仅4只；≥4板晋级分母仅2只；2025标尺端点饱和：梯队完整度、最高板、上涨占比、涨停密度,2025-05-09 阴｜分类依据：挨打<60、延续<50且活跃<35。挨打54.2：昨日涨停今日大跌16/65（24.62%），连板股大跌2/14（14.29%），跌停6只。延续23.6：最高4板；晋级：1板 5/51（9.80%）、2板 4/8（50.00%）、3板 3/4（75.00%）、≥4板 0/2（0.00%）。活跃16.0：成交1.192万亿元，为此前20日均额0.97倍；上涨占比20.16%；涨停33只。解释注意：3板晋级分母仅4只；≥4板晋级分母仅2只；2025标尺端点饱和：梯队完整度、最高板、上涨占比、涨停密度。
2025-05-12,project-review-v1-20261007,controller_authored_deterministic_explanation,挨打<60、延续<50且活跃≥35,昨日涨停今日大跌3/33（9.09%），连板股大跌3/12（25.00%），跌停0只,最高5板；晋级：1板 3/21（14.29%）、2板 1/5（20.00%）、3板 3/4（75.00%）、≥4板 1/3（33.33%）,成交1.308万亿元，为此前20日均额1.08倍；上涨占比75.71%；涨停50只,,False,3板晋级分母仅4只；≥4板晋级分母仅3只,3板晋级分母仅4只；≥4板晋级分母仅3只；2025标尺端点饱和：跌停密度,2025-05-12 多云｜分类依据：挨打<60、延续<50且活跃≥35。挨打31.1：昨日涨停今日大跌3/33（9.09%），连板股大跌3/12（25.00%），跌停0只。延续40.2：最高5板；晋级：1板 3/21（14.29%）、2板 1/5（20.00%）、3板 3/4（75.00%）、≥4板 1/3（33.33%）。活跃60.9：成交1.308万亿元，为此前20日均额1.08倍；上涨占比75.71%；涨停50只。解释注意：3板晋级分母仅4只；≥4板晋级分母仅3只；2025标尺端点饱和：跌停密度。
2025-05-13,project-review-v1-20261007,controller_authored_deterministic_explanation,挨打<60、延续<50且活跃≥35,昨日涨停今日大跌5/50（10.00%），连板股大跌0/8（0.00%），跌停1只,最高5板；晋级：1板 5/42（11.90%）、2板 3/3（100.00%）、3板 0/1（0.00%）、≥4板 3/4（75.00%）,成交1.291万亿元，为此前20日均额1.09倍；上涨占比36.83%；涨停48只,,False,2板晋级分母仅3只；3板晋级分母仅1只；≥4板晋级分母仅4只,2板晋级分母仅3只；3板晋级分母仅1只；≥4板晋级分母仅4只；2025标尺端点饱和：梯队完整度,2025-05-13 多云｜分类依据：挨打<60、延续<50且活跃≥35。挨打13.7：昨日涨停今日大跌5/50（10.00%），连板股大跌0/8（0.00%），跌停1只。延续45.4：最高5板；晋级：1板 5/42（11.90%）、2板 3/3（100.00%）、3板 0/1（0.00%）、≥4板 3/4（75.00%）。活跃40.0：成交1.291万亿元，为此前20日均额1.09倍；上涨占比36.83%；涨停48只。解释注意：2板晋级分母仅3只；3板晋级分母仅1只；≥4板晋级分母仅4只；2025标尺端点饱和：梯队完整度。
2025-05-14,project-review-v1-20261007,controller_authored_deterministic_explanation,挨打<60且延续≥50；此分支不使用活跃，晴不表示普涨,昨日涨停今日大跌2/48（4.17%），连板股大跌2/11（18.18%），跌停0只,最高6板；晋级：1板 11/37（29.73%）、2板 2/5（40.00%）、3板 2/3（66.67%）、≥4板 2/3（66.67%）,成交1.317万亿元，为此前20日均额1.12倍；上涨占比41.69%；涨停61只,三大指数至少两个上涨，但上涨家数不足一半,False,3板晋级分母仅3只；≥4板晋级分母仅3只,3板晋级分母仅3只；≥4板晋级分母仅3只；2025标尺端点饱和：跌停密度,2025-05-14 晴｜分类依据：挨打<60且延续≥50；此分支不使用活跃，晴不表示普涨。挨打16.9：昨日涨停今日大跌2/48（4.17%），连板股大跌2/11（18.18%），跌停0只。延续68.1：最高6板；晋级：1板 11/37（29.73%）、2板 2/5（40.00%）、3板 2/3（66.67%）、≥4板 2/3（66.67%）。活跃54.2：成交1.317万亿元，为此前20日均额1.12倍；上涨占比41.69%；涨停61只。三大指数至少两个上涨，但上涨家数不足一半。解释注意：3板晋级分母仅3只；≥4板晋级分母仅3只；2025标尺端点饱和：跌停密度。
2025-05-15,project-review-v1-20261007,controller_authored_deterministic_explanation,挨打<60且延续≥50；此分支不使用活跃，晴不表示普涨,昨日涨停今日大跌8/61（13.11%），连板股大跌2/17（11.76%），跌停4只,最高7板；晋级：1板 9/44（20.45%）、2板 8/11（72.73%）、3板 0/2（0.00%）、≥4板 3/4（75.00%）,成交1.152万亿元，为此前20日均额0.98倍；上涨占比23.49%；涨停50只,,False,3板晋级分母仅2只；≥4板晋级分母仅4只,3板晋级分母仅2只；≥4板晋级分母仅4只；2025标尺端点饱和：分板晋级,2025-05-15 晴｜分类依据：挨打<60且延续≥50；此分支不使用活跃，晴不表示普涨。挨打29.3：昨日涨停今日大跌8/61（13.11%），连板股大跌2/17（11.76%），跌停4只。延续77.5：最高7板；晋级：1板 9/44（20.45%）、2板 8/11（72.73%）、3板 0/2（0.00%）、≥4板 3/4（75.00%）。活跃25.2：成交1.152万亿元，为此前20日均额0.98倍；上涨占比23.49%；涨停50只。解释注意：3板晋级分母仅2只；≥4板晋级分母仅4只；2025标尺端点饱和：分板晋级。
2025-05-16,project-review-v1-20261007,controller_authored_deterministic_explanation,挨打≥60且延续≥40,昨日涨停今日大跌11/50（22.00%），连板股大跌6/20（30.00%），跌停3只,最高8板；晋级：1板 8/30（26.67%）、2板 1/9（11.11%）、3板 5/8（62.50%）、≥4板 1/3（33.33%）,成交1.089万亿元，为此前20日均额0.94倍；上涨占比56.66%；涨停57只,三大指数至少两个下跌，但上涨家数超过一半,True,≥4板晋级分母仅3只,≥4板晋级分母仅3只；2025标尺端点饱和：最高板,2025-05-16 雷阵雨｜分类依据：挨打≥60且延续≥40。挨打60.2：昨日涨停今日大跌11/50（22.00%），连板股大跌6/20（30.00%），跌停3只。延续61.1：最高8板；晋级：1板 8/30（26.67%）、2板 1/9（11.11%）、3板 5/8（62.50%）、≥4板 1/3（33.33%）。活跃41.9：成交1.089万亿元，为此前20日均额0.94倍；上涨占比56.66%；涨停57只。挨打达到惩罚分支，同时活跃达到多云分支的活跃门槛；三大指数至少两个下跌，但上涨家数超过一半。解释注意：≥4板晋级分母仅3只；2025标尺端点饱和：最高板。
2025-05-19,project-review-v1-20261007,controller_authored_deterministic_explanation,挨打<60且延续≥50；此分支不使用活跃，晴不表示普涨,昨日涨停今日大跌6/57（10.53%），连板股大跌4/15（26.67%），跌停1只,最高9板；晋级：1板 17/42（40.48%）、2板 2/8（25.00%）、3板 0/1（0.00%）、≥4板 4/6（66.67%）,成交1.086万亿元，为此前20日均额0.93倍；上涨占比65.50%；涨停83只,三大指数至少两个下跌，但上涨家数超过一半,False,3板晋级分母仅1只,3板晋级分母仅1只；2025标尺端点饱和：最高板,2025-05-19 晴｜分类依据：挨打<60且延续≥50；此分支不使用活跃，晴不表示普涨。挨打34.9：昨日涨停今日大跌6/57（10.53%），连板股大跌4/15（26.67%），跌停1只。延续74.3：最高9板；晋级：1板 17/42（40.48%）、2板 2/8（25.00%）、3板 0/1（0.00%）、≥4板 4/6（66.67%）。活跃63.2：成交1.086万亿元，为此前20日均额0.93倍；上涨占比65.50%；涨停83只。三大指数至少两个下跌，但上涨家数超过一半。解释注意：3板晋级分母仅1只；2025标尺端点饱和：最高板。
2025-05-20,project-review-v1-20261007,controller_authored_deterministic_explanation,挨打<60、延续<50且活跃≥35,昨日涨停今日大跌11/83（13.25%），连板股大跌7/23（30.43%），跌停8只,最高4板；晋级：1板 19/60（31.67%）、2板 6/17（35.29%）、3板 2/2（100.00%）、≥4板 0/4（0.00%）,成交1.170万亿元，为此前20日均额1.00倍；上涨占比70.49%；涨停75只,,False,3板晋级分母仅2只；≥4板晋级分母仅4只,3板晋级分母仅2只；≥4板晋级分母仅4只；2025标尺端点饱和：梯队完整度、最高板,2025-05-20 多云｜分类依据：挨打<60、延续<50且活跃≥35。挨打52.2：昨日涨停今日大跌11/83（13.25%），连板股大跌7/23（30.43%），跌停8只。延续27.6：最高4板；晋级：1板 19/60（31.67%）、2板 6/17（35.29%）、3板 2/2（100.00%）、≥4板 0/4（0.00%）。活跃67.5：成交1.170万亿元，为此前20日均额1.00倍；上涨占比70.49%；涨停75只。解释注意：3板晋级分母仅2只；≥4板晋级分母仅4只；2025标尺端点饱和：梯队完整度、最高板。
2025-05-21,project-review-v1-20261007,controller_authored_deterministic_explanation,挨打<60、延续<50且活跃<35,昨日涨停今日大跌11/75（14.67%），连板股大跌5/27（18.52%），跌停3只,最高5板；晋级：1板 6/48（12.50%）、2板 9/19（47.37%）、3板 1/6（16.67%）、≥4板 2/2（100.00%）,成交1.173万亿元，为此前20日均额1.00倍；上涨占比29.30%；涨停54只,三大指数至少两个上涨，但上涨家数不足一半,False,≥4板晋级分母仅2只,≥4板晋级分母仅2只,2025-05-21 阴｜分类依据：挨打<60、延续<50且活跃<35。挨打36.8：昨日涨停今日大跌11/75（14.67%），连板股大跌5/27（18.52%），跌停3只。延续43.9：最高5板；晋级：1板 6/48（12.50%）、2板 9/19（47.37%）、3板 1/6（16.67%）、≥4板 2/2（100.00%）。活跃32.3：成交1.173万亿元，为此前20日均额1.00倍；上涨占比29.30%；涨停54只。三大指数至少两个上涨，但上涨家数不足一半。解释注意：≥4板晋级分母仅2只。
2025-05-22,project-review-v1-20261007,controller_authored_deterministic_explanation,挨打≥60且延续<40,昨日涨停今日大跌11/54（20.37%），连板股大跌4/18（22.22%），跌停12只,最高4板；晋级：1板 6/36（16.67%）、2板 2/6（33.33%）、3板 5/9（55.56%）、≥4板 0/3（0.00%）,成交1.103万亿元，为此前20日均额0.93倍；上涨占比16.34%；涨停40只,,False,≥4板晋级分母仅3只,≥4板晋级分母仅3只；2025标尺端点饱和：梯队完整度、最高板、上涨占比、涨停密度,2025-05-22 暴雨｜分类依据：挨打≥60且延续<40。挨打61.0：昨日涨停今日大跌11/54（20.37%），连板股大跌4/18（22.22%），跌停12只。延续12.7：最高4板；晋级：1板 6/36（16.67%）、2板 2/6（33.33%）、3板 5/9（55.56%）、≥4板 0/3（0.00%）。活跃12.1：成交1.103万亿元，为此前20日均额0.93倍；上涨占比16.34%；涨停40只。解释注意：≥4板晋级分母仅3只；2025标尺端点饱和：梯队完整度、最高板、上涨占比、涨停密度。
2025-05-23,project-review-v1-20261007,controller_authored_deterministic_explanation,挨打≥60且延续<40,昨日涨停今日大跌9/40（22.50%），连板股大跌5/13（38.46%），跌停10只,最高5板；晋级：1板 7/27（25.93%）、2板 2/6（33.33%）、3板 0/2（0.00%）、≥4板 1/5（20.00%）,成交1.155万亿元，为此前20日均额0.97倍；上涨占比20.36%；涨停42只,,False,3板晋级分母仅2只,3板晋级分母仅2只；2025标尺端点饱和：梯队完整度、上涨占比,2025-05-23 暴雨｜分类依据：挨打≥60且延续<40。挨打75.7：昨日涨停今日大跌9/40（22.50%），连板股大跌5/13（38.46%），跌停10只。延续15.2：最高5板；晋级：1板 7/27（25.93%）、2板 2/6（33.33%）、3板 0/2（0.00%）、≥4板 1/5（20.00%）。活跃17.1：成交1.155万亿元，为此前20日均额0.97倍；上涨占比20.36%；涨停42只。解释注意：3板晋级分母仅2只；2025标尺端点饱和：梯队完整度、上涨占比。
2025-05-26,project-review-v1-20261007,controller_authored_deterministic_explanation,挨打<60、延续<50且活跃≥35,昨日涨停今日大跌4/42（9.52%），连板股大跌0/10（0.00%），跌停1只,最高4板；晋级：1板 6/32（18.75%）、2板 3/7（42.86%）、3板 1/2（50.00%）、≥4板 0/1（0.00%）,成交1.010万亿元，为此前20日均额0.85倍；上涨占比69.54%；涨停61只,三大指数至少两个下跌，但上涨家数超过一半,False,3板晋级分母仅2只；≥4板晋级分母仅1只,3板晋级分母仅2只；≥4板晋级分母仅1只；2025标尺端点饱和：连板股大跌、梯队完整度、最高板,2025-05-26 多云｜分类依据：挨打<60、延续<50且活跃≥35。挨打11.8：昨日涨停今日大跌4/42（9.52%），连板股大跌0/10（0.00%），跌停1只。延续20.7：最高4板；晋级：1板 6/32（18.75%）、2板 3/7（42.86%）、3板 1/2（50.00%）、≥4板 0/1（0.00%）。活跃41.6：成交1.010万亿元，为此前20日均额0.85倍；上涨占比69.54%；涨停61只。三大指数至少两个下跌，但上涨家数超过一半。解释注意：3板晋级分母仅2只；≥4板晋级分母仅1只；2025标尺端点饱和：连板股大跌、梯队完整度、最高板。
2025-05-27,project-review-v1-20261007,controller_authored_deterministic_explanation,挨打<60且延续≥50；此分支不使用活跃，晴不表示普涨,昨日涨停今日大跌1/61（1.64%），连板股大跌0/10（0.00%），跌停1只,最高5板；晋级：1板 13/51（25.49%）、2板 4/6（66.67%）、3板 3/3（100.00%）、≥4板 1/1（100.00%）,成交0.999万亿元，为此前20日均额0.85倍；上涨占比48.67%；涨停62只,,False,3板晋级分母仅3只；≥4板晋级分母仅1只,3板晋级分母仅3只；≥4板晋级分母仅1只；2025标尺端点饱和：昨日涨停大跌、连板股大跌、分板晋级,2025-05-27 晴｜分类依据：挨打<60且延续≥50；此分支不使用活跃，晴不表示普涨。挨打0.0：昨日涨停今日大跌1/61（1.64%），连板股大跌0/10（0.00%），跌停1只。延续62.5：最高5板；晋级：1板 13/51（25.49%）、2板 4/6（66.67%）、3板 3/3（100.00%）、≥4板 1/1（100.00%）。活跃31.5：成交0.999万亿元，为此前20日均额0.85倍；上涨占比48.67%；涨停62只。解释注意：3板晋级分母仅3只；≥4板晋级分母仅1只；2025标尺端点饱和：昨日涨停大跌、连板股大跌、分板晋级。
2025-05-28,project-review-v1-20261007,controller_authored_deterministic_explanation,挨打<60、延续<50且活跃<35,昨日涨停今日大跌5/62（8.06%），连板股大跌2/21（9.52%），跌停6只,最高5板；晋级：1板 9/41（21.95%）、2板 6/13（46.15%）、3板 1/4（25.00%）、≥4板 1/4（25.00%）,成交1.010万亿元，为此前20日均额0.86倍；上涨占比32.76%；涨停57只,,False,3板晋级分母仅4只；≥4板晋级分母仅4只,3板晋级分母仅4只；≥4板晋级分母仅4只,2025-05-28 阴｜分类依据：挨打<60、延续<50且活跃<35。挨打20.5：昨日涨停今日大跌5/62（8.06%），连板股大跌2/21（9.52%），跌停6只。延续39.5：最高5板；晋级：1板 9/41（21.95%）、2板 6/13（46.15%）、3板 1/4（25.00%）、≥4板 1/4（25.00%）。活跃21.6：成交1.010万亿元，为此前20日均额0.86倍；上涨占比32.76%；涨停57只。解释注意：3板晋级分母仅4只；≥4板晋级分母仅4只。
2025-05-29,project-review-v1-20261007,controller_authored_deterministic_explanation,挨打<60且延续≥50；此分支不使用活跃，晴不表示普涨,昨日涨停今日大跌4/57（7.02%），连板股大跌3/17（17.65%），跌停5只,最高6板；晋级：1板 13/40（32.50%）、2板 5/9（55.56%）、3板 3/6（50.00%）、≥4板 2/2（100.00%）,成交1.185万亿元，为此前20日均额1.01倍；上涨占比83.29%；涨停106只,,False,≥4板晋级分母仅2只,≥4板晋级分母仅2只；2025标尺端点饱和：分板晋级、梯队完整度、上涨占比、涨停密度,2025-05-29 晴｜分类依据：挨打<60且延续≥50；此分支不使用活跃，晴不表示普涨。挨打25.6：昨日涨停今日大跌4/57（7.02%），连板股大跌3/17（17.65%），跌停5只。延续85.0：最高6板；晋级：1板 13/40（32.50%）、2板 5/9（55.56%）、3板 3/6（50.00%）、≥4板 2/2（100.00%）。活跃80.2：成交1.185万亿元，为此前20日均额1.01倍；上涨占比83.29%；涨停106只。解释注意：≥4板晋级分母仅2只；2025标尺端点饱和：分板晋级、梯队完整度、上涨占比、涨停密度。
2025-05-30,project-review-v1-20261007,controller_authored_deterministic_explanation,挨打≥60且延续<40,昨日涨停今日大跌31/106（29.25%），连板股大跌11/23（47.83%），跌停16只,最高4板；晋级：1板 12/83（14.46%）、2板 2/13（15.38%）、3板 2/5（40.00%）、≥4板 0/5（0.00%）,成交1.139万亿元，为此前20日均额0.97倍；上涨占比20.31%；涨停41只,,False,,2025标尺端点饱和：昨日涨停大跌、连板股大跌、分板晋级、梯队完整度、最高板、上涨占比,2025-05-30 暴雨｜分类依据：挨打≥60且延续<40。挨打93.2：昨日涨停今日大跌31/106（29.25%），连板股大跌11/23（47.83%），跌停16只。延续0.0：最高4板；晋级：1板 12/83（14.46%）、2板 2/13（15.38%）、3板 2/5（40.00%）、≥4板 0/5（0.00%）。活跃16.0：成交1.139万亿元，为此前20日均额0.97倍；上涨占比20.31%；涨停41只。解释注意：2025标尺端点饱和：昨日涨停大跌、连板股大跌、分板晋级、梯队完整度、最高板、上涨占比。
2025-06-03,project-review-v1-20261007,controller_authored_deterministic_explanation,挨打<60且延续≥50；此分支不使用活跃，晴不表示普涨,昨日涨停今日大跌3/39（7.69%），连板股大跌1/16（6.25%），跌停7只,最高5板；晋级：1板 9/23（39.13%）、2板 3/12（25.00%）、3板 2/2（100.00%）、≥4板 1/2（50.00%）,成交1.141万亿元，为此前20日均额0.97倍；上涨占比63.07%；涨停68只,,False,3板晋级分母仅2只；≥4板晋级分母仅2只,3板晋级分母仅2只；≥4板晋级分母仅2只；源或群体存在已披露质量缺口,2025-06-03 晴｜分类依据：挨打<60且延续≥50；此分支不使用活跃，晴不表示普涨。挨打19.1：昨日涨停今日大跌3/39（7.69%），连板股大跌1/16（6.25%），跌停7只。延续59.1：最高5板；晋级：1板 9/23（39.13%）、2板 3/12（25.00%）、3板 2/2（100.00%）、≥4板 1/2（50.00%）。活跃55.3：成交1.141万亿元，为此前20日均额0.97倍；上涨占比63.07%；涨停68只。解释注意：3板晋级分母仅2只；≥4板晋级分母仅2只；源或群体存在已披露质量缺口。
2025-06-04,project-review-v1-20261007,controller_authored_deterministic_explanation,挨打<60、延续<50且活跃≥35,昨日涨停今日大跌7/67（10.45%），连板股大跌2/15（13.33%），跌停2只,最高5板；晋级：1板 14/52（26.92%）、2板 4/9（44.44%）、3板 0/3（0.00%）、≥4板 1/3（33.33%）,成交1.153万亿元，为此前20日均额0.98倍；上涨占比73.94%；涨停71只,,False,3板晋级分母仅3只；≥4板晋级分母仅3只,3板晋级分母仅3只；≥4板晋级分母仅3只；2025标尺端点饱和：梯队完整度；源或群体存在已披露质量缺口,2025-06-04 多云｜分类依据：挨打<60、延续<50且活跃≥35。挨打24.0：昨日涨停今日大跌7/67（10.45%），连板股大跌2/15（13.33%），跌停2只。延续23.3：最高5板；晋级：1板 14/52（26.92%）、2板 4/9（44.44%）、3板 0/3（0.00%）、≥4板 1/3（33.33%）。活跃63.8：成交1.153万亿元，为此前20日均额0.98倍；上涨占比73.94%；涨停71只。解释注意：3板晋级分母仅3只；≥4板晋级分母仅3只；2025标尺端点饱和：梯队完整度；源或群体存在已披露质量缺口。
2025-06-05,project-review-v1-20261007,controller_authored_deterministic_explanation,挨打≥60且延续<40,昨日涨停今日大跌15/70（21.43%），连板股大跌6/19（31.58%），跌停5只,最高4板；晋级：1板 8/51（15.69%）、2板 3/14（21.43%）、3板 1/4（25.00%）、≥4板 0/1（0.00%）,成交1.290万亿元，为此前20日均额1.10倍；上涨占比50.35%；涨停66只,,True,3板晋级分母仅4只；≥4板晋级分母仅1只,3板晋级分母仅4只；≥4板晋级分母仅1只；2025标尺端点饱和：分板晋级、梯队完整度、最高板；源或群体存在已披露质量缺口,2025-06-05 暴雨｜分类依据：挨打≥60且延续<40。挨打63.4：昨日涨停今日大跌15/70（21.43%），连板股大跌6/19（31.58%），跌停5只。延续0.0：最高4板；晋级：1板 8/51（15.69%）、2板 3/14（21.43%）、3板 1/4（25.00%）、≥4板 0/1（0.00%）。活跃59.9：成交1.290万亿元，为此前20日均额1.10倍；上涨占比50.35%；涨停66只。挨打达到惩罚分支，同时活跃达到多云分支的活跃门槛。解释注意：3板晋级分母仅4只；≥4板晋级分母仅1只；2025标尺端点饱和：分板晋级、梯队完整度、最高板；源或群体存在已披露质量缺口。
2025-06-06,project-review-v1-20261007,controller_authored_deterministic_explanation,挨打<60且延续≥50；此分支不使用活跃，晴不表示普涨,昨日涨停今日大跌13/66（19.70%），连板股大跌0/12（0.00%），跌停4只,最高5板；晋级：1板 5/54（9.26%）、2板 5/8（62.50%）、3板 1/3（33.33%）、≥4板 1/1（100.00%）,成交1.152万亿元，为此前20日均额0.99倍；上涨占比47.70%；涨停50只,,False,3板晋级分母仅3只；≥4板晋级分母仅1只,3板晋级分母仅3只；≥4板晋级分母仅1只；2025标尺端点饱和：连板股大跌,2025-06-06 晴｜分类依据：挨打<60且延续≥50；此分支不使用活跃，晴不表示普涨。挨打32.7：昨日涨停今日大跌13/66（19.70%），连板股大跌0/12（0.00%），跌停4只。延续52.2：最高5板；晋级：1板 5/54（9.26%）、2板 5/8（62.50%）、3板 1/3（33.33%）、≥4板 1/1（100.00%）。活跃38.0：成交1.152万亿元，为此前20日均额0.99倍；上涨占比47.70%；涨停50只。解释注意：3板晋级分母仅3只；≥4板晋级分母仅1只；2025标尺端点饱和：连板股大跌。
2025-06-09,project-review-v1-20261007,controller_authored_deterministic_explanation,挨打<60且延续≥50；此分支不使用活跃，晴不表示普涨,昨日涨停今日大跌2/50（4.00%），连板股大跌0/12（0.00%），跌停2只,最高6板；晋级：1板 9/38（23.68%）、2板 0/5（0.00%）、3板 3/5（60.00%）、≥4板 2/2（100.00%）,成交1.286万亿元，为此前20日均额1.11倍；上涨占比76.45%；涨停67只,,False,≥4板晋级分母仅2只,≥4板晋级分母仅2只；2025标尺端点饱和：连板股大跌,2025-06-09 晴｜分类依据：挨打<60且延续≥50；此分支不使用活跃，晴不表示普涨。挨打3.6：昨日涨停今日大跌2/50（4.00%），连板股大跌0/12（0.00%），跌停2只。延续51.9：最高6板；晋级：1板 9/38（23.68%）、2板 0/5（0.00%）、3板 3/5（60.00%）、≥4板 2/2（100.00%）。活跃74.9：成交1.286万亿元，为此前20日均额1.11倍；上涨占比76.45%；涨停67只。解释注意：≥4板晋级分母仅2只；2025标尺端点饱和：连板股大跌。
2025-06-10,project-review-v1-20261007,controller_authored_deterministic_explanation,挨打<60且延续≥50；此分支不使用活跃，晴不表示普涨,昨日涨停今日大跌5/66（7.58%），连板股大跌0/13（0.00%），跌停2只,最高7板；晋级：1板 10/53（18.87%）、2板 4/9（44.44%）、3板 0/0（比例缺失）、≥4板 2/4（50.00%）,成交1.415万亿元，为此前20日均额1.22倍；上涨占比21.93%；涨停45只,,False,3板晋级无可观察样本；≥4板晋级分母仅4只,3板晋级无可观察样本；≥4板晋级分母仅4只；2025标尺端点饱和：连板股大跌；源或群体存在已披露质量缺口,2025-06-10 晴｜分类依据：挨打<60且延续≥50；此分支不使用活跃，晴不表示普涨。挨打9.4：昨日涨停今日大跌5/66（7.58%），连板股大跌0/13（0.00%），跌停2只。延续55.7：最高7板；晋级：1板 10/53（18.87%）、2板 4/9（44.44%）、3板 0/0（比例缺失）、≥4板 2/4（50.00%）。活跃41.3：成交1.415万亿元，为此前20日均额1.22倍；上涨占比21.93%；涨停45只。解释注意：3板晋级无可观察样本；≥4板晋级分母仅4只；2025标尺端点饱和：连板股大跌；源或群体存在已披露质量缺口。
2025-06-11,project-review-v1-20261007,controller_authored_deterministic_explanation,挨打<60、延续<50且活跃≥35,昨日涨停今日大跌5/45（11.11%），连板股大跌1/16（6.25%），跌停6只,最高6板；晋级：1板 4/29（13.79%）、2板 3/10（30.00%）、3板 2/4（50.00%）、≥4板 1/2（50.00%）,成交1.255万亿元，为此前20日均额1.08倍；上涨占比62.81%；涨停51只,,False,3板晋级分母仅4只；≥4板晋级分母仅2只,3板晋级分母仅4只；≥4板晋级分母仅2只,2025-06-11 多云｜分类依据：挨打<60、延续<50且活跃≥35。挨打23.5：昨日涨停今日大跌5/45（11.11%），连板股大跌1/16（6.25%），跌停6只。延续46.2：最高6板；晋级：1板 4/29（13.79%）、2板 3/10（30.00%）、3板 2/4（50.00%）、≥4板 1/2（50.00%）。活跃54.2：成交1.255万亿元，为此前20日均额1.08倍；上涨占比62.81%；涨停51只。解释注意：3板晋级分母仅4只；≥4板晋级分母仅2只。
2025-06-12,project-review-v1-20261007,controller_authored_deterministic_explanation,挨打<60且延续≥50；此分支不使用活跃，晴不表示普涨,昨日涨停今日大跌2/51（3.92%），连板股大跌1/10（10.00%），跌停0只,最高7板；晋级：1板 13/41（31.71%）、2板 2/4（50.00%）、3板 2/3（66.67%）、≥4板 1/3（33.33%）,成交1.272万亿元，为此前20日均额1.09倍；上涨占比43.15%；涨停64只,三大指数至少两个上涨，但上涨家数不足一半,False,2板晋级分母仅4只；3板晋级分母仅3只；≥4板晋级分母仅3只,2板晋级分母仅4只；3板晋级分母仅3只；≥4板晋级分母仅3只；2025标尺端点饱和：跌停密度,2025-06-12 晴｜分类依据：挨打<60且延续≥50；此分支不使用活跃，晴不表示普涨。挨打10.0：昨日涨停今日大跌2/51（3.92%），连板股大跌1/10（10.00%），跌停0只。延续73.5：最高7板；晋级：1板 13/41（31.71%）、2板 2/4（50.00%）、3板 2/3（66.67%）、≥4板 1/3（33.33%）。活跃54.1：成交1.272万亿元，为此前20日均额1.09倍；上涨占比43.15%；涨停64只。三大指数至少两个上涨，但上涨家数不足一半。解释注意：2板晋级分母仅4只；3板晋级分母仅3只；≥4板晋级分母仅3只；2025标尺端点饱和：跌停密度。
2025-06-13,project-review-v1-20261007,controller_authored_deterministic_explanation,挨打≥60且延续<40,昨日涨停今日大跌28/64（43.75%），连板股大跌11/18（61.11%），跌停10只,最高5板；晋级：1板 3/46（6.52%）、2板 4/13（30.77%）、3板 0/2（0.00%）、≥4板 1/3（33.33%）,成交1.467万亿元，为此前20日均额1.26倍；上涨占比15.35%；涨停56只,,True,3板晋级分母仅2只；≥4板晋级分母仅3只,3板晋级分母仅2只；≥4板晋级分母仅3只；2025标尺端点饱和：昨日涨停大跌、连板股大跌、分板晋级、梯队完整度、成交额相对20日、上涨占比,2025-06-13 暴雨｜分类依据：挨打≥60且延续<40。挨打85.9：昨日涨停今日大跌28/64（43.75%），连板股大跌11/18（61.11%），跌停10只。延续7.5：最高5板；晋级：1板 3/46（6.52%）、2板 4/13（30.77%）、3板 0/2（0.00%）、≥4板 1/3（33.33%）。活跃49.9：成交1.467万亿元，为此前20日均额1.26倍；上涨占比15.35%；涨停56只。挨打达到惩罚分支，同时活跃达到多云分支的活跃门槛。解释注意：3板晋级分母仅2只；≥4板晋级分母仅3只；2025标尺端点饱和：昨日涨停大跌、连板股大跌、分板晋级、梯队完整度、成交额相对20日、上涨占比。
2025-06-16,project-review-v1-20261007,controller_authored_deterministic_explanation,挨打<60、延续<50且活跃≥35,昨日涨停今日大跌5/56（8.93%），连板股大跌1/8（12.50%），跌停4只,最高4板；晋级：1板 16/48（33.33%）、2板 0/3（0.00%）、3板 1/4（25.00%）、≥4板 0/1（0.00%）,成交1.215万亿元，为此前20日均额1.03倍；上涨占比65.68%；涨停55只,,False,2板晋级分母仅3只；3板晋级分母仅4只；≥4板晋级分母仅1只,2板晋级分母仅3只；3板晋级分母仅4只；≥4板晋级分母仅1只；2025标尺端点饱和：梯队完整度、最高板,2025-06-16 多云｜分类依据：挨打<60、延续<50且活跃≥35。挨打24.6：昨日涨停今日大跌5/56（8.93%），连板股大跌1/8（12.50%），跌停4只。延续8.3：最高4板；晋级：1板 16/48（33.33%）、2板 0/3（0.00%）、3板 1/4（25.00%）、≥4板 0/1（0.00%）。活跃54.2：成交1.215万亿元，为此前20日均额1.03倍；上涨占比65.68%；涨停55只。解释注意：2板晋级分母仅3只；3板晋级分母仅4只；≥4板晋级分母仅1只；2025标尺端点饱和：梯队完整度、最高板。
2025-06-17,project-review-v1-20261007,controller_authored_deterministic_explanation,挨打<60、延续<50且活跃<35,昨日涨停今日大跌7/55（12.73%），连板股大跌3/17（17.65%），跌停8只,最高3板；晋级：1板 4/38（10.53%）、2板 5/16（31.25%）、3板 0/0（比例缺失）、≥4板 0/1（0.00%）,成交1.207万亿元，为此前20日均额1.02倍；上涨占比41.91%；涨停45只,,False,3板晋级无可观察样本；≥4板晋级分母仅1只,3板晋级无可观察样本；≥4板晋级分母仅1只；2025标尺端点饱和：分板晋级、梯队完整度、最高板,2025-06-17 阴｜分类依据：挨打<60、延续<50且活跃<35。挨打38.9：昨日涨停今日大跌7/55（12.73%），连板股大跌3/17（17.65%），跌停8只。延续0.0：最高3板；晋级：1板 4/38（10.53%）、2板 5/16（31.25%）、3板 0/0（比例缺失）、≥4板 0/1（0.00%）。活跃34.4：成交1.207万亿元，为此前20日均额1.02倍；上涨占比41.91%；涨停45只。解释注意：3板晋级无可观察样本；≥4板晋级分母仅1只；2025标尺端点饱和：分板晋级、梯队完整度、最高板。
2025-06-18,project-review-v1-20261007,controller_authored_deterministic_explanation,挨打<60、延续<50且活跃<35,昨日涨停今日大跌8/45（17.78%），连板股大跌2/9（22.22%），跌停10只,最高4板；晋级：1板 5/36（13.89%）、2板 1/4（25.00%）、3板 5/5（100.00%）、≥4板 0/0（比例缺失）,成交1.191万亿元，为此前20日均额1.00倍；上涨占比33.85%；涨停40只,三大指数至少两个上涨，但上涨家数不足一半,False,2板晋级分母仅4只；≥4板晋级无可观察样本,2板晋级分母仅4只；≥4板晋级无可观察样本；2025标尺端点饱和：梯队完整度、最高板、涨停密度,2025-06-18 阴｜分类依据：挨打<60、延续<50且活跃<35。挨打53.9：昨日涨停今日大跌8/45（17.78%），连板股大跌2/9（22.22%），跌停10只。延续27.8：最高4板；晋级：1板 5/36（13.89%）、2板 1/4（25.00%）、3板 5/5（100.00%）、≥4板 0/0（比例缺失）。活跃25.9：成交1.191万亿元，为此前20日均额1.00倍；上涨占比33.85%；涨停40只。三大指数至少两个上涨，但上涨家数不足一半。解释注意：2板晋级分母仅4只；≥4板晋级无可观察样本；2025标尺端点饱和：梯队完整度、最高板、涨停密度。
2025-06-19,project-review-v1-20261007,controller_authored_deterministic_explanation,挨打<60、延续<50且活跃<35,昨日涨停今日大跌5/40（12.50%），连板股大跌2/11（18.18%），跌停14只,最高5板；晋级：1板 5/29（17.24%）、2板 1/5（20.00%）、3板 0/1（0.00%）、≥4板 2/5（40.00%）,成交1.251万亿元，为此前20日均额1.05倍；上涨占比13.44%；涨停34只,,False,3板晋级分母仅1只,3板晋级分母仅1只；2025标尺端点饱和：梯队完整度、上涨占比、涨停密度,2025-06-19 阴｜分类依据：挨打<60、延续<50且活跃<35。挨打46.6：昨日涨停今日大跌5/40（12.50%），连板股大跌2/11（18.18%），跌停14只。延续14.2：最高5板；晋级：1板 5/29（17.24%）、2板 1/5（20.00%）、3板 0/1（0.00%）、≥4板 2/5（40.00%）。活跃23.6：成交1.251万亿元，为此前20日均额1.05倍；上涨占比13.44%；涨停34只。解释注意：3板晋级分母仅1只；2025标尺端点饱和：梯队完整度、上涨占比、涨停密度。
2025-06-20,project-review-v1-20261007,controller_authored_deterministic_explanation,挨打≥60且延续≥40,昨日涨停今日大跌8/34（23.53%），连板股大跌2/8（25.00%），跌停14只,最高6板；晋级：1板 4/26（15.38%）、2板 2/5（40.00%）、3板 1/1（100.00%）、≥4板 1/2（50.00%）,成交1.068万亿元，为此前20日均额0.89倍；上涨占比28.69%；涨停44只,,False,3板晋级分母仅1只；≥4板晋级分母仅2只,3板晋级分母仅1只；≥4板晋级分母仅2只,2025-06-20 雷阵雨｜分类依据：挨打≥60且延续≥40。挨打69.8：昨日涨停今日大跌8/34（23.53%），连板股大跌2/8（25.00%），跌停14只。延续57.3：最高6板；晋级：1板 4/26（15.38%）、2板 2/5（40.00%）、3板 1/1（100.00%）、≥4板 1/2（50.00%）。活跃14.5：成交1.068万亿元，为此前20日均额0.89倍；上涨占比28.69%；涨停44只。解释注意：3板晋级分母仅1只；≥4板晋级分母仅2只。
2025-06-23,project-review-v1-20261007,controller_authored_deterministic_explanation,挨打<60且延续≥50；此分支不使用活跃，晴不表示普涨,昨日涨停今日大跌2/44（4.55%），连板股大跌0/8（0.00%），跌停0只,最高7板；晋级：1板 11/36（30.56%）、2板 3/4（75.00%）、3板 1/2（50.00%）、≥4板 2/2（100.00%）,成交1.122万亿元，为此前20日均额0.94倍；上涨占比82.30%；涨停72只,,False,2板晋级分母仅4只；3板晋级分母仅2只；≥4板晋级分母仅2只,2板晋级分母仅4只；3板晋级分母仅2只；≥4板晋级分母仅2只；2025标尺端点饱和：跌停密度、分板晋级、梯队完整度、上涨占比,2025-06-23 晴｜分类依据：挨打<60且延续≥50；此分支不使用活跃，晴不表示普涨。挨打4.7：昨日涨停今日大跌2/44（4.55%），连板股大跌0/8（0.00%），跌停0只。延续92.5：最高7板；晋级：1板 11/36（30.56%）、2板 3/4（75.00%）、3板 1/2（50.00%）、≥4板 2/2（100.00%）。活跃63.5：成交1.122万亿元，为此前20日均额0.94倍；上涨占比82.30%；涨停72只。解释注意：2板晋级分母仅4只；3板晋级分母仅2只；≥4板晋级分母仅2只；2025标尺端点饱和：跌停密度、分板晋级、梯队完整度、上涨占比。
2025-06-24,project-review-v1-20261007,controller_authored_deterministic_explanation,挨打<60且延续≥50；此分支不使用活跃，晴不表示普涨,昨日涨停今日大跌6/71（8.45%），连板股大跌4/17（23.53%），跌停18只,最高6板；晋级：1板 7/54（12.96%）、2板 5/11（45.45%）、3板 2/3（66.67%）、≥4板 1/3（33.33%）,成交1.414万亿元，为此前20日均额1.19倍；上涨占比88.29%；涨停72只,,False,3板晋级分母仅3只；≥4板晋级分母仅3只,3板晋级分母仅3只；≥4板晋级分母仅3只；2025标尺端点饱和：上涨占比；源或群体存在已披露质量缺口,2025-06-24 晴｜分类依据：挨打<60且延续≥50；此分支不使用活跃，晴不表示普涨。挨打49.0：昨日涨停今日大跌6/71（8.45%），连板股大跌4/17（23.53%），跌停18只。延续54.9：最高6板；晋级：1板 7/54（12.96%）、2板 5/11（45.45%）、3板 2/3（66.67%）、≥4板 1/3（33.33%）。活跃85.5：成交1.414万亿元，为此前20日均额1.19倍；上涨占比88.29%；涨停72只。解释注意：3板晋级分母仅3只；≥4板晋级分母仅3只；2025标尺端点饱和：上涨占比；源或群体存在已披露质量缺口。
2025-06-25,project-review-v1-20261007,controller_authored_deterministic_explanation,挨打<60且延续≥50；此分支不使用活跃，晴不表示普涨,昨日涨停今日大跌4/72（5.56%），连板股大跌2/15（13.33%），跌停4只,最高7板；晋级：1板 13/57（22.81%）、2板 3/7（42.86%）、3板 2/5（40.00%）、≥4板 3/3（100.00%）,成交1.603万亿元，为此前20日均额1.32倍；上涨占比73.62%；涨停66只,,False,≥4板晋级分母仅3只,≥4板晋级分母仅3只；2025标尺端点饱和：梯队完整度、成交额相对20日,2025-06-25 晴｜分类依据：挨打<60且延续≥50；此分支不使用活跃，晴不表示普涨。挨打17.9：昨日涨停今日大跌4/72（5.56%），连板股大跌2/15（13.33%），跌停4只。延续87.5：最高7板；晋级：1板 13/57（22.81%）、2板 3/7（42.86%）、3板 2/5（40.00%）、≥4板 3/3（100.00%）。活跃83.5：成交1.603万亿元，为此前20日均额1.32倍；上涨占比73.62%；涨停66只。解释注意：≥4板晋级分母仅3只；2025标尺端点饱和：梯队完整度、成交额相对20日。
2025-06-26,project-review-v1-20261007,controller_authored_deterministic_explanation,挨打<60、延续<50且活跃≥35,昨日涨停今日大跌9/66（13.64%），连板股大跌6/21（28.57%），跌停4只,最高5板；晋级：1板 14/45（31.11%）、2板 5/13（38.46%）、3板 1/3（33.33%）、≥4板 1/5（20.00%）,成交1.583万亿元，为此前20日均额1.27倍；上涨占比29.02%；涨停63只,,False,3板晋级分母仅3只,3板晋级分母仅3只；2025标尺端点饱和：成交额相对20日,2025-06-26 多云｜分类依据：挨打<60、延续<50且活跃≥35。挨打46.0：昨日涨停今日大跌9/66（13.64%），连板股大跌6/21（28.57%），跌停4只。延续41.7：最高5板；晋级：1板 14/45（31.11%）、2板 5/13（38.46%）、3板 1/3（33.33%）、≥4板 1/5（20.00%）。活跃58.8：成交1.583万亿元，为此前20日均额1.27倍；上涨占比29.02%；涨停63只。解释注意：3板晋级分母仅3只；2025标尺端点饱和：成交额相对20日。
2025-06-27,project-review-v1-20261007,controller_authored_deterministic_explanation,挨打<60、延续<50且活跃≥35,昨日涨停今日大跌14/63（22.22%），连板股大跌5/21（23.81%），跌停3只,最高4板；晋级：1板 5/42（11.90%）、2板 2/14（14.29%）、3板 2/5（40.00%）、≥4板 0/2（0.00%）,成交1.541万亿元，为此前20日均额1.21倍；上涨占比63.24%；涨停54只,,False,≥4板晋级分母仅2只,≥4板晋级分母仅2只；2025标尺端点饱和：分板晋级、梯队完整度、最高板,2025-06-27 多云｜分类依据：挨打<60、延续<50且活跃≥35。挨打54.9：昨日涨停今日大跌14/63（22.22%），连板股大跌5/21（23.81%），跌停3只。延续0.0：最高4板；晋级：1板 5/42（11.90%）、2板 2/14（14.29%）、3板 2/5（40.00%）、≥4板 0/2（0.00%）。活跃67.6：成交1.541万亿元，为此前20日均额1.21倍；上涨占比63.24%；涨停54只。解释注意：≥4板晋级分母仅2只；2025标尺端点饱和：分板晋级、梯队完整度、最高板。
2025-06-30,project-review-v1-20261007,controller_authored_deterministic_explanation,挨打<60且延续≥50；此分支不使用活跃，晴不表示普涨,昨日涨停今日大跌0/54（0.00%），连板股大跌0/9（0.00%），跌停6只,最高5板；晋级：1板 7/45（15.56%）、2板 4/5（80.00%）、3板 1/2（50.00%）、≥4板 2/2（100.00%）,成交1.487万亿元，为此前20日均额1.15倍；上涨占比75.52%；涨停78只,,False,3板晋级分母仅2只；≥4板晋级分母仅2只,3板晋级分母仅2只；≥4板晋级分母仅2只；2025标尺端点饱和：昨日涨停大跌、分板晋级,2025-06-30 晴｜分类依据：挨打<60且延续≥50；此分支不使用活跃，晴不表示普涨。挨打6.5：昨日涨停今日大跌0/54（0.00%），连板股大跌0/9（0.00%），跌停6只。延续62.5：最高5板；晋级：1板 7/45（15.56%）、2板 4/5（80.00%）、3板 1/2（50.00%）、≥4板 2/2（100.00%）。活跃84.9：成交1.487万亿元，为此前20日均额1.15倍；上涨占比75.52%；涨停78只。解释注意：3板晋级分母仅2只；≥4板晋级分母仅2只；2025标尺端点饱和：昨日涨停大跌、分板晋级。
2025-07-01,project-review-v1-20261007,controller_authored_deterministic_explanation,挨打<60、延续<50且活跃≥35,昨日涨停今日大跌5/78（6.41%），连板股大跌4/14（28.57%），跌停5只,最高4板；晋级：1板 12/64（18.75%）、2板 1/7（14.29%）、3板 1/4（25.00%）、≥4板 0/3（0.00%）,成交1.466万亿元，为此前20日均额1.12倍；上涨占比48.46%；涨停66只,三大指数至少两个上涨，但上涨家数不足一半,False,3板晋级分母仅4只；≥4板晋级分母仅3只,3板晋级分母仅4只；≥4板晋级分母仅3只；2025标尺端点饱和：分板晋级、梯队完整度、最高板,2025-07-01 多云｜分类依据：挨打<60、延续<50且活跃≥35。挨打34.1：昨日涨停今日大跌5/78（6.41%），连板股大跌4/14（28.57%），跌停5只。延续0.0：最高4板；晋级：1板 12/64（18.75%）、2板 1/7（14.29%）、3板 1/4（25.00%）、≥4板 0/3（0.00%）。活跃60.6：成交1.466万亿元，为此前20日均额1.12倍；上涨占比48.46%；涨停66只。三大指数至少两个上涨，但上涨家数不足一半。解释注意：3板晋级分母仅4只；≥4板晋级分母仅3只；2025标尺端点饱和：分板晋级、梯队完整度、最高板。
2025-07-02,project-review-v1-20261007,controller_authored_deterministic_explanation,挨打≥60且延续<40,昨日涨停今日大跌17/66（25.76%），连板股大跌3/14（21.43%），跌停8只,最高5板；晋级：1板 4/52（7.69%）、2板 7/12（58.33%）、3板 0/1（0.00%）、≥4板 1/1（100.00%）,成交1.377万亿元，为此前20日均额1.04倍；上涨占比35.75%；涨停59只,,True,3板晋级分母仅1只；≥4板晋级分母仅1只,3板晋级分母仅1只；≥4板晋级分母仅1只；2025标尺端点饱和：梯队完整度,2025-07-02 暴雨｜分类依据：挨打≥60且延续<40。挨打64.9：昨日涨停今日大跌17/66（25.76%），连板股大跌3/14（21.43%），跌停8只。延续34.1：最高5板；晋级：1板 4/52（7.69%）、2板 7/12（58.33%）、3板 0/1（0.00%）、≥4板 1/1（100.00%）。活跃42.4：成交1.377万亿元，为此前20日均额1.04倍；上涨占比35.75%；涨停59只。挨打达到惩罚分支，同时活跃达到多云分支的活跃门槛。解释注意：3板晋级分母仅1只；≥4板晋级分母仅1只；2025标尺端点饱和：梯队完整度。
2025-07-03,project-review-v1-20261007,controller_authored_deterministic_explanation,挨打<60且延续≥50；此分支不使用活跃，晴不表示普涨,昨日涨停今日大跌9/59（15.25%），连板股大跌3/12（25.00%），跌停3只,最高6板；晋级：1板 9/47（19.15%）、2板 2/4（50.00%）、3板 2/7（28.57%）、≥4板 1/1（100.00%）,成交1.310万亿元，为此前20日均额0.98倍；上涨占比61.46%；涨停62只,,False,2板晋级分母仅4只；≥4板晋级分母仅1只,2板晋级分母仅4只；≥4板晋级分母仅1只,2025-07-03 晴｜分类依据：挨打<60且延续≥50；此分支不使用活跃，晴不表示普涨。挨打43.7：昨日涨停今日大跌9/59（15.25%），连板股大跌3/12（25.00%），跌停3只。延续53.7：最高6板；晋级：1板 9/47（19.15%）、2板 2/4（50.00%）、3板 2/7（28.57%）、≥4板 1/1（100.00%）。活跃52.0：成交1.310万亿元，为此前20日均额0.98倍；上涨占比61.46%；涨停62只。解释注意：2板晋级分母仅4只；≥4板晋级分母仅1只。
2025-07-04,project-review-v1-20261007,controller_authored_deterministic_explanation,挨打≥60且延续<40,昨日涨停今日大跌11/62（17.74%），连板股大跌8/14（57.14%），跌停10只,最高4板；晋级：1板 7/48（14.58%）、2板 1/9（11.11%）、3板 2/2（100.00%）、≥4板 0/3（0.00%）,成交1.428万亿元，为此前20日均额1.07倍；上涨占比22.22%；涨停39只,,False,3板晋级分母仅2只；≥4板晋级分母仅3只,3板晋级分母仅2只；≥4板晋级分母仅3只；2025标尺端点饱和：连板股大跌、梯队完整度、最高板、涨停密度,2025-07-04 暴雨｜分类依据：挨打≥60且延续<40。挨打71.5：昨日涨停今日大跌11/62（17.74%），连板股大跌8/14（57.14%），跌停10只。延续6.4：最高4板；晋级：1板 7/48（14.58%）、2板 1/9（11.11%）、3板 2/2（100.00%）、≥4板 0/3（0.00%）。活跃26.4：成交1.428万亿元，为此前20日均额1.07倍；上涨占比22.22%；涨停39只。解释注意：3板晋级分母仅2只；≥4板晋级分母仅3只；2025标尺端点饱和：连板股大跌、梯队完整度、最高板、涨停密度。
2025-07-07,project-review-v1-20261007,controller_authored_deterministic_explanation,挨打<60、延续<50且活跃≥35,昨日涨停今日大跌2/39（5.13%），连板股大跌1/10（10.00%），跌停3只,最高3板；晋级：1板 8/29（27.59%）、2板 5/7（71.43%）、3板 0/1（0.00%）、≥4板 0/2（0.00%）,成交1.208万亿元，为此前20日均额0.90倍；上涨占比61.89%；涨停69只,三大指数至少两个下跌，但上涨家数超过一半,False,3板晋级分母仅1只；≥4板晋级分母仅2只,3板晋级分母仅1只；≥4板晋级分母仅2只；2025标尺端点饱和：梯队完整度、最高板,2025-07-07 多云｜分类依据：挨打<60、延续<50且活跃≥35。挨打14.8：昨日涨停今日大跌2/39（5.13%），连板股大跌1/10（10.00%），跌停3只。延续30.4：最高3板；晋级：1板 8/29（27.59%）、2板 5/7（71.43%）、3板 0/1（0.00%）、≥4板 0/2（0.00%）。活跃48.1：成交1.208万亿元，为此前20日均额0.90倍；上涨占比61.89%；涨停69只。三大指数至少两个下跌，但上涨家数超过一半。解释注意：3板晋级分母仅1只；≥4板晋级分母仅2只；2025标尺端点饱和：梯队完整度、最高板。
2025-07-08,project-review-v1-20261007,controller_authored_deterministic_explanation,挨打<60、延续<50且活跃≥35,昨日涨停今日大跌4/69（5.80%），连板股大跌1/13（7.69%），跌停1只,最高4板；晋级：1板 11/56（19.64%）、2板 2/8（25.00%）、3板 4/5（80.00%）、≥4板 0/0（比例缺失）,成交1.454万亿元，为此前20日均额1.08倍；上涨占比79.35%；涨停67只,,False,≥4板晋级无可观察样本,≥4板晋级无可观察样本；2025标尺端点饱和：梯队完整度、最高板、上涨占比,2025-07-08 多云｜分类依据：挨打<60、延续<50且活跃≥35。挨打10.1：昨日涨停今日大跌4/69（5.80%），连板股大跌1/13（7.69%），跌停1只。延续21.8：最高4板；晋级：1板 11/56（19.64%）、2板 2/8（25.00%）、3板 4/5（80.00%）、≥4板 0/0（比例缺失）。活跃73.4：成交1.454万亿元，为此前20日均额1.08倍；上涨占比79.35%；涨停67只。解释注意：≥4板晋级无可观察样本；2025标尺端点饱和：梯队完整度、最高板、上涨占比。
2025-07-09,project-review-v1-20261007,controller_authored_deterministic_explanation,挨打<60且延续≥50；此分支不使用活跃，晴不表示普涨,昨日涨停今日大跌1/67（1.49%），连板股大跌1/17（5.88%），跌停2只,最高5板；晋级：1板 9/50（18.00%）、2板 4/11（36.36%）、3板 1/2（50.00%）、≥4板 4/4（100.00%）,成交1.505万亿元，为此前20日均额1.12倍；上涨占比35.26%；涨停53只,,False,3板晋级分母仅2只；≥4板晋级分母仅4只,3板晋级分母仅2只；≥4板晋级分母仅4只；2025标尺端点饱和：昨日涨停大跌,2025-07-09 晴｜分类依据：挨打<60且延续≥50；此分支不使用活跃，晴不表示普涨。挨打3.7：昨日涨停今日大跌1/67（1.49%），连板股大跌1/17（5.88%），跌停2只。延续56.6：最高5板；晋级：1板 9/50（18.00%）、2板 4/11（36.36%）、3板 1/2（50.00%）、≥4板 4/4（100.00%）。活跃45.0：成交1.505万亿元，为此前20日均额1.12倍；上涨占比35.26%；涨停53只。解释注意：3板晋级分母仅2只；≥4板晋级分母仅4只；2025标尺端点饱和：昨日涨停大跌。
2025-07-10,project-review-v1-20261007,controller_authored_deterministic_explanation,挨打<60且延续≥50；此分支不使用活跃，晴不表示普涨,昨日涨停今日大跌4/53（7.55%），连板股大跌2/18（11.11%），跌停5只,最高6板；晋级：1板 9/35（25.71%）、2板 3/9（33.33%）、3板 3/4（75.00%）、≥4板 2/5（40.00%）,成交1.494万亿元，为此前20日均额1.10倍；上涨占比54.35%；涨停61只,,False,3板晋级分母仅4只,3板晋级分母仅4只,2025-07-10 晴｜分类依据：挨打<60且延续≥50；此分支不使用活跃，晴不表示普涨。挨打20.3：昨日涨停今日大跌4/53（7.55%），连板股大跌2/18（11.11%），跌停5只。延续60.1：最高6板；晋级：1板 9/35（25.71%）、2板 3/9（33.33%）、3板 3/4（75.00%）、≥4板 2/5（40.00%）。活跃58.4：成交1.494万亿元，为此前20日均额1.10倍；上涨占比54.35%；涨停61只。解释注意：3板晋级分母仅4只。
2025-07-11,project-review-v1-20261007,controller_authored_deterministic_explanation,挨打<60、延续<50且活跃≥35,昨日涨停今日大跌6/59（10.17%），连板股大跌4/17（23.53%），跌停6只,最高5板；晋级：1板 9/42（21.43%）、2板 5/9（55.56%）、3板 1/3（33.33%）、≥4板 2/5（40.00%）,成交1.712万亿元，为此前20日均额1.25倍；上涨占比54.46%；涨停61只,,False,3板晋级分母仅3只,3板晋级分母仅3只；2025标尺端点饱和：成交额相对20日；源或群体存在已披露质量缺口,2025-07-11 多云｜分类依据：挨打<60、延续<50且活跃≥35。挨打37.5：昨日涨停今日大跌6/59（10.17%），连板股大跌4/17（23.53%），跌停6只。延续49.9：最高5板；晋级：1板 9/42（21.43%）、2板 5/9（55.56%）、3板 1/3（33.33%）、≥4板 2/5（40.00%）。活跃70.5：成交1.712万亿元，为此前20日均额1.25倍；上涨占比54.46%；涨停61只。解释注意：3板晋级分母仅3只；2025标尺端点饱和：成交额相对20日；源或群体存在已披露质量缺口。
2025-07-14,project-review-v1-20261007,controller_authored_deterministic_explanation,挨打<60、延续<50且活跃≥35,昨日涨停今日大跌10/61（16.39%），连板股大跌5/17（29.41%），跌停10只,最高4板；晋级：1板 13/44（29.55%）、2板 4/9（44.44%）、3板 2/5（40.00%）、≥4板 0/3（0.00%）,成交1.458万亿元，为此前20日均额1.06倍；上涨占比59.36%；涨停64只,三大指数至少两个下跌，但上涨家数超过一半,False,≥4板晋级分母仅3只,≥4板晋级分母仅3只；2025标尺端点饱和：梯队完整度、最高板,2025-07-14 多云｜分类依据：挨打<60、延续<50且活跃≥35。挨打58.4：昨日涨停今日大跌10/61（16.39%），连板股大跌5/17（29.41%），跌停10只。延续20.0：最高4板；晋级：1板 13/44（29.55%）、2板 4/9（44.44%）、3板 2/5（40.00%）、≥4板 0/3（0.00%）。活跃59.0：成交1.458万亿元，为此前20日均额1.06倍；上涨占比59.36%；涨停64只。三大指数至少两个下跌，但上涨家数超过一半。解释注意：≥4板晋级分母仅3只；2025标尺端点饱和：梯队完整度、最高板。
2025-07-15,project-review-v1-20261007,controller_authored_deterministic_explanation,挨打≥60且延续<40,昨日涨停今日大跌10/63（15.87%），连板股大跌6/18（33.33%），跌停17只,最高5板；晋级：1板 6/45（13.33%）、2板 6/12（50.00%）、3板 0/4（0.00%）、≥4板 1/2（50.00%）,成交1.612万亿元，为此前20日均额1.16倍；上涨占比24.46%；涨停45只,三大指数至少两个上涨，但上涨家数不足一半,True,3板晋级分母仅4只；≥4板晋级分母仅2只,3板晋级分母仅4只；≥4板晋级分母仅2只；2025标尺端点饱和：梯队完整度；源或群体存在已披露质量缺口,2025-07-15 暴雨｜分类依据：挨打≥60且延续<40。挨打69.7：昨日涨停今日大跌10/63（15.87%），连板股大跌6/18（33.33%），跌停17只。延续19.6：最高5板；晋级：1板 6/45（13.33%）、2板 6/12（50.00%）、3板 0/4（0.00%）、≥4板 1/2（50.00%）。活跃37.4：成交1.612万亿元，为此前20日均额1.16倍；上涨占比24.46%；涨停45只。挨打达到惩罚分支，同时活跃达到多云分支的活跃门槛；三大指数至少两个上涨，但上涨家数不足一半。解释注意：3板晋级分母仅4只；≥4板晋级分母仅2只；2025标尺端点饱和：梯队完整度；源或群体存在已披露质量缺口。
2025-07-16,project-review-v1-20261007,controller_authored_deterministic_explanation,挨打<60且延续≥50；此分支不使用活跃，晴不表示普涨,昨日涨停今日大跌4/45（8.89%），连板股大跌2/13（15.38%），跌停5只,最高6板；晋级：1板 8/32（25.00%）、2板 1/6（16.67%）、3板 4/6（66.67%）、≥4板 1/1（100.00%）,成交1.442万亿元，为此前20日均额1.02倍；上涨占比61.19%；涨停56只,三大指数至少两个下跌，但上涨家数超过一半,False,≥4板晋级分母仅1只,≥4板晋级分母仅1只,2025-07-16 晴｜分类依据：挨打<60且延续≥50；此分支不使用活跃，晴不表示普涨。挨打27.2：昨日涨停今日大跌4/45（8.89%），连板股大跌2/13（15.38%），跌停5只。延续58.0：最高6板；晋级：1板 8/32（25.00%）、2板 1/6（16.67%）、3板 4/6（66.67%）、≥4板 1/1（100.00%）。活跃51.4：成交1.442万亿元，为此前20日均额1.02倍；上涨占比61.19%；涨停56只。三大指数至少两个下跌，但上涨家数超过一半。解释注意：≥4板晋级分母仅1只。
2025-07-17,project-review-v1-20261007,controller_authored_deterministic_explanation,挨打<60且延续≥50；此分支不使用活跃，晴不表示普涨,昨日涨停今日大跌5/56（8.93%），连板股大跌4/14（28.57%），跌停1只,最高7板；晋级：1板 11/42（26.19%）、2板 2/8（25.00%）、3板 0/1（0.00%）、≥4板 3/5（60.00%）,成交1.539万亿元，为此前20日均额1.08倍；上涨占比66.94%；涨停58只,,False,3板晋级分母仅1只,3板晋级分母仅1只,2025-07-17 晴｜分类依据：挨打<60且延续≥50；此分支不使用活跃，晴不表示普涨。挨打33.8：昨日涨停今日大跌5/56（8.93%），连板股大跌4/14（28.57%），跌停1只。延续55.9：最高7板；晋级：1板 11/42（26.19%）、2板 2/8（25.00%）、3板 0/1（0.00%）、≥4板 3/5（60.00%）。活跃61.0：成交1.539万亿元，为此前20日均额1.08倍；上涨占比66.94%；涨停58只。解释注意：3板晋级分母仅1只。
2025-07-18,project-review-v1-20261007,controller_authored_deterministic_explanation,挨打<60、延续<50且活跃≥35,昨日涨停今日大跌7/58（12.07%），连板股大跌5/16（31.25%），跌停1只,最高8板；晋级：1板 9/42（21.43%）、2板 2/11（18.18%）、3板 0/2（0.00%）、≥4板 2/3（66.67%）,成交1.571万亿元，为此前20日均额1.09倍；上涨占比49.61%；涨停45只,三大指数至少两个上涨，但上涨家数不足一半,False,3板晋级分母仅2只；≥4板晋级分母仅3只,3板晋级分母仅2只；≥4板晋级分母仅3只；2025标尺端点饱和：梯队完整度、最高板,2025-07-18 多云｜分类依据：挨打<60、延续<50且活跃≥35。挨打41.8：昨日涨停今日大跌7/58（12.07%），连板股大跌5/16（31.25%），跌停1只。延续37.8：最高8板；晋级：1板 9/42（21.43%）、2板 2/11（18.18%）、3板 0/2（0.00%）、≥4板 2/3（66.67%）。活跃44.6：成交1.571万亿元，为此前20日均额1.09倍；上涨占比49.61%；涨停45只。三大指数至少两个上涨，但上涨家数不足一半。解释注意：3板晋级分母仅2只；≥4板晋级分母仅3只；2025标尺端点饱和：梯队完整度、最高板。
2025-07-21,project-review-v1-20261007,controller_authored_deterministic_explanation,挨打<60且延续≥50；此分支不使用活跃，晴不表示普涨,昨日涨停今日大跌3/44（6.82%），连板股大跌2/13（15.38%），跌停1只,最高9板；晋级：1板 6/31（19.35%）、2板 5/9（55.56%）、3板 0/2（0.00%）、≥4板 1/2（50.00%）,成交1.700万亿元，为此前20日均额1.16倍；上涨占比74.87%；涨停118只,,False,3板晋级分母仅2只；≥4板晋级分母仅2只,3板晋级分母仅2只；≥4板晋级分母仅2只；2025标尺端点饱和：梯队完整度、最高板、涨停密度；源或群体存在已披露质量缺口,2025-07-21 晴｜分类依据：挨打<60且延续≥50；此分支不使用活跃，晴不表示普涨。挨打18.9：昨日涨停今日大跌3/44（6.82%），连板股大跌2/13（15.38%），跌停1只。延续53.0：最高9板；晋级：1板 6/31（19.35%）、2板 5/9（55.56%）、3板 0/2（0.00%）、≥4板 1/2（50.00%）。活跃90.7：成交1.700万亿元，为此前20日均额1.16倍；上涨占比74.87%；涨停118只。解释注意：3板晋级分母仅2只；≥4板晋级分母仅2只；2025标尺端点饱和：梯队完整度、最高板、涨停密度；源或群体存在已披露质量缺口。
2025-07-22,project-review-v1-20261007,controller_authored_deterministic_explanation,挨打<60且延续≥50；此分支不使用活跃，晴不表示普涨,昨日涨停今日大跌4/118（3.39%），连板股大跌3/12（25.00%），跌停4只,最高10板；晋级：1板 52/106（49.06%）、2板 2/6（33.33%）、3板 3/5（60.00%）、≥4板 1/1（100.00%）,成交1.893万亿元，为此前20日均额1.27倍；上涨占比46.88%；涨停100只,三大指数至少两个上涨，但上涨家数不足一半,False,≥4板晋级分母仅1只,≥4板晋级分母仅1只；2025标尺端点饱和：分板晋级、最高板、成交额相对20日、涨停密度,2025-07-22 晴｜分类依据：挨打<60且延续≥50；此分支不使用活跃，晴不表示普涨。挨打24.0：昨日涨停今日大跌4/118（3.39%），连板股大跌3/12（25.00%），跌停4只。延续85.0：最高10板；晋级：1板 52/106（49.06%）、2板 2/6（33.33%）、3板 3/5（60.00%）、≥4板 1/1（100.00%）。活跃83.5：成交1.893万亿元，为此前20日均额1.27倍；上涨占比46.88%；涨停100只。三大指数至少两个上涨，但上涨家数不足一半。解释注意：≥4板晋级分母仅1只；2025标尺端点饱和：分板晋级、最高板、成交额相对20日、涨停密度。
2025-07-23,project-review-v1-20261007,controller_authored_deterministic_explanation,挨打≥60且延续<40,昨日涨停今日大跌27/100（27.00%），连板股大跌13/58（22.41%），跌停6只,最高4板；晋级：1板 0/42（0.00%）、2板 25/52（48.08%）、3板 1/2（50.00%）、≥4板 0/4（0.00%）,成交1.864万亿元，为此前20日均额1.23倍；上涨占比23.66%；涨停50只,,True,3板晋级分母仅2只；≥4板晋级分母仅4只,3板晋级分母仅2只；≥4板晋级分母仅4只；2025标尺端点饱和：昨日涨停大跌、梯队完整度、最高板,2025-07-23 暴雨｜分类依据：挨打≥60且延续<40。挨打63.9：昨日涨停今日大跌27/100（27.00%），连板股大跌13/58（22.41%），跌停6只。延续8.0：最高4板；晋级：1板 0/42（0.00%）、2板 25/52（48.08%）、3板 1/2（50.00%）、≥4板 0/4（0.00%）。活跃45.9：成交1.864万亿元，为此前20日均额1.23倍；上涨占比23.66%；涨停50只。挨打达到惩罚分支，同时活跃达到多云分支的活跃门槛。解释注意：3板晋级分母仅2只；≥4板晋级分母仅4只；2025标尺端点饱和：昨日涨停大跌、梯队完整度、最高板。
2025-07-24,project-review-v1-20261007,controller_authored_deterministic_explanation,挨打<60、延续<50且活跃≥35,昨日涨停今日大跌9/49（18.37%），连板股大跌7/26（26.92%），跌停0只,最高4板；晋级：1板 4/23（17.39%）、2板 0/0（比例缺失）、3板 13/25（52.00%）、≥4板 0/1（0.00%）,成交1.844万亿元，为此前20日均额1.20倍；上涨占比81.66%；涨停72只,,False,2板晋级无可观察样本；≥4板晋级分母仅1只,2板晋级无可观察样本；≥4板晋级分母仅1只；2025标尺端点饱和：跌停密度、梯队完整度、最高板、上涨占比；源或群体存在已披露质量缺口,2025-07-24 多云｜分类依据：挨打<60、延续<50且活跃≥35。挨打48.9：昨日涨停今日大跌9/49（18.37%），连板股大跌7/26（26.92%），跌停0只。延续18.2：最高4板；晋级：1板 4/23（17.39%）、2板 0/0（比例缺失）、3板 13/25（52.00%）、≥4板 0/1（0.00%）。活跃86.8：成交1.844万亿元，为此前20日均额1.20倍；上涨占比81.66%；涨停72只。解释注意：2板晋级无可观察样本；≥4板晋级分母仅1只；2025标尺端点饱和：跌停密度、梯队完整度、最高板、上涨占比；源或群体存在已披露质量缺口。
2025-07-25,project-review-v1-20261007,controller_authored_deterministic_explanation,挨打≥60且延续<40,昨日涨停今日大跌19/72（26.39%），连板股大跌6/17（35.29%），跌停11只,最高5板；晋级：1板 4/55（7.27%）、2板 2/4（50.00%）、3板 0/0（比例缺失）、≥4板 3/13（23.08%）,成交1.787万亿元，为此前20日均额1.16倍；上涨占比47.69%；涨停45只,,True,2板晋级分母仅4只；3板晋级无可观察样本,2板晋级分母仅4只；3板晋级无可观察样本；2025标尺端点饱和：昨日涨停大跌、分板晋级、梯队完整度,2025-07-25 暴雨｜分类依据：挨打≥60且延续<40。挨打81.7：昨日涨停今日大跌19/72（26.39%），连板股大跌6/17（35.29%），跌停11只。延续7.5：最高5板；晋级：1板 4/55（7.27%）、2板 2/4（50.00%）、3板 0/0（比例缺失）、≥4板 3/13（23.08%）。活跃49.3：成交1.787万亿元，为此前20日均额1.16倍；上涨占比47.69%；涨停45只。挨打达到惩罚分支，同时活跃达到多云分支的活跃门槛。解释注意：2板晋级分母仅4只；3板晋级无可观察样本；2025标尺端点饱和：昨日涨停大跌、分板晋级、梯队完整度。
2025-07-28,project-review-v1-20261007,controller_authored_deterministic_explanation,挨打<60、延续<50且活跃≥35,昨日涨停今日大跌6/45（13.33%），连板股大跌2/9（22.22%），跌停4只,最高6板；晋级：1板 3/36（8.33%）、2板 0/4（0.00%）、3板 1/2（50.00%）、≥4板 1/3（33.33%）,成交1.742万亿元，为此前20日均额1.12倍；上涨占比52.40%；涨停55只,,False,2板晋级分母仅4只；3板晋级分母仅2只；≥4板晋级分母仅3只,2板晋级分母仅4只；3板晋级分母仅2只；≥4板晋级分母仅3只；2025标尺端点饱和：分板晋级、梯队完整度,2025-07-28 多云｜分类依据：挨打<60、延续<50且活跃≥35。挨打39.3：昨日涨停今日大跌6/45（13.33%），连板股大跌2/9（22.22%），跌停4只。延续15.0：最高6板；晋级：1板 3/36（8.33%）、2板 0/4（0.00%）、3板 1/2（50.00%）、≥4板 1/3（33.33%）。活跃55.0：成交1.742万亿元，为此前20日均额1.12倍；上涨占比52.40%；涨停55只。解释注意：2板晋级分母仅4只；3板晋级分母仅2只；≥4板晋级分母仅3只；2025标尺端点饱和：分板晋级、梯队完整度。
2025-07-29,project-review-v1-20261007,controller_authored_deterministic_explanation,挨打<60、延续<50且活跃≥35,昨日涨停今日大跌5/55（9.09%），连板股大跌1/5（20.00%），跌停2只,最高7板；晋级：1板 8/50（16.00%）、2板 0/3（0.00%）、3板 0/0（比例缺失）、≥4板 1/2（50.00%）,成交1.803万亿元，为此前20日均额1.15倍；上涨占比41.96%；涨停43只,三大指数至少两个上涨，但上涨家数不足一半,False,2板晋级分母仅3只；3板晋级无可观察样本；≥4板晋级分母仅2只,2板晋级分母仅3只；3板晋级无可观察样本；≥4板晋级分母仅2只；2025标尺端点饱和：分板晋级、梯队完整度,2025-07-29 多云｜分类依据：挨打<60、延续<50且活跃≥35。挨打28.3：昨日涨停今日大跌5/55（9.09%），连板股大跌1/5（20.00%），跌停2只。延续22.5：最高7板；晋级：1板 8/50（16.00%）、2板 0/3（0.00%）、3板 0/0（比例缺失）、≥4板 1/2（50.00%）。活跃44.3：成交1.803万亿元，为此前20日均额1.15倍；上涨占比41.96%；涨停43只。三大指数至少两个上涨，但上涨家数不足一半。解释注意：2板晋级分母仅3只；3板晋级无可观察样本；≥4板晋级分母仅2只；2025标尺端点饱和：分板晋级、梯队完整度。
2025-07-30,project-review-v1-20261007,controller_authored_deterministic_explanation,挨打<60且延续≥50；此分支不使用活跃，晴不表示普涨,昨日涨停今日大跌3/43（6.98%），连板股大跌0/9（0.00%），跌停7只,最高8板；晋级：1板 6/34（17.65%）、2板 5/8（62.50%）、3板 0/0（比例缺失）、≥4板 1/1（100.00%）,成交1.844万亿元，为此前20日均额1.16倍；上涨占比31.86%；涨停48只,,False,3板晋级无可观察样本；≥4板晋级分母仅1只,3板晋级无可观察样本；≥4板晋级分母仅1只；2025标尺端点饱和：梯队完整度、最高板,2025-07-30 晴｜分类依据：挨打<60且延续≥50；此分支不使用活跃，晴不表示普涨。挨打15.2：昨日涨停今日大跌3/43（6.98%），连板股大跌0/9（0.00%），跌停7只。延续64.2：最高8板；晋级：1板 6/34（17.65%）、2板 5/8（62.50%）、3板 0/0（比例缺失）、≥4板 1/1（100.00%）。活跃43.6：成交1.844万亿元，为此前20日均额1.16倍；上涨占比31.86%；涨停48只。解释注意：3板晋级无可观察样本；≥4板晋级分母仅1只；2025标尺端点饱和：梯队完整度、最高板。
2025-07-31,project-review-v1-20261007,controller_authored_deterministic_explanation,挨打≥60且延续≥40,昨日涨停今日大跌11/47（23.40%），连板股大跌3/12（25.00%），跌停7只,最高9板；晋级：1板 7/35（20.00%）、2板 3/6（50.00%）、3板 1/5（20.00%）、≥4板 1/1（100.00%）,成交1.936万亿元，为此前20日均额1.20倍；上涨占比19.44%；涨停44只,,True,≥4板晋级分母仅1只,≥4板晋级分母仅1只；2025标尺端点饱和：最高板、上涨占比；源或群体存在已披露质量缺口,2025-07-31 雷阵雨｜分类依据：挨打≥60且延续≥40。挨打62.1：昨日涨停今日大跌11/47（23.40%），连板股大跌3/12（25.00%），跌停7只。延续68.5：最高9板；晋级：1板 7/35（20.00%）、2板 3/6（50.00%）、3板 1/5（20.00%）、≥4板 1/1（100.00%）。活跃38.3：成交1.936万亿元，为此前20日均额1.20倍；上涨占比19.44%；涨停44只。挨打达到惩罚分支，同时活跃达到多云分支的活跃门槛。解释注意：≥4板晋级分母仅1只；2025标尺端点饱和：最高板、上涨占比；源或群体存在已披露质量缺口。
2025-08-01,project-review-v1-20261007,controller_authored_deterministic_explanation,挨打<60、延续<50且活跃≥35,昨日涨停今日大跌7/44（15.91%），连板股大跌4/12（33.33%），跌停7只,最高3板；晋级：1板 9/32（28.12%）、2板 2/7（28.57%）、3板 0/3（0.00%）、≥4板 0/2（0.00%）,成交1.598万亿元，为此前20日均额0.97倍；上涨占比61.25%；涨停40只,三大指数至少两个下跌，但上涨家数超过一半,False,3板晋级分母仅3只；≥4板晋级分母仅2只,3板晋级分母仅3只；≥4板晋级分母仅2只；2025标尺端点饱和：梯队完整度、最高板、涨停密度,2025-08-01 多云｜分类依据：挨打<60、延续<50且活跃≥35。挨打56.5：昨日涨停今日大跌7/44（15.91%），连板股大跌4/12（33.33%），跌停7只。延续3.9：最高3板；晋级：1板 9/32（28.12%）、2板 2/7（28.57%）、3板 0/3（0.00%）、≥4板 0/2（0.00%）。活跃37.2：成交1.598万亿元，为此前20日均额0.97倍；上涨占比61.25%；涨停40只。三大指数至少两个下跌，但上涨家数超过一半。解释注意：3板晋级分母仅3只；≥4板晋级分母仅2只；2025标尺端点饱和：梯队完整度、最高板、涨停密度。
2025-08-04,project-review-v1-20261007,controller_authored_deterministic_explanation,挨打<60、延续<50且活跃≥35,昨日涨停今日大跌3/40（7.50%），连板股大跌2/11（18.18%），跌停4只,最高4板；晋级：1板 5/29（17.24%）、2板 3/9（33.33%）、3板 1/2（50.00%）、≥4板 0/0（比例缺失）,成交1.498万亿元，为此前20日均额0.91倍；上涨占比72.52%；涨停55只,,False,3板晋级分母仅2只；≥4板晋级无可观察样本,3板晋级分母仅2只；≥4板晋级无可观察样本；2025标尺端点饱和：梯队完整度、最高板,2025-08-04 多云｜分类依据：挨打<60、延续<50且活跃≥35。挨打26.3：昨日涨停今日大跌3/40（7.50%），连板股大跌2/11（18.18%），跌停4只。延续12.1：最高4板；晋级：1板 5/29（17.24%）、2板 3/9（33.33%）、3板 1/2（50.00%）、≥4板 0/0（比例缺失）。活跃45.6：成交1.498万亿元，为此前20日均额0.91倍；上涨占比72.52%；涨停55只。解释注意：3板晋级分母仅2只；≥4板晋级无可观察样本；2025标尺端点饱和：梯队完整度、最高板。
2025-08-05,project-review-v1-20261007,controller_authored_deterministic_explanation,挨打<60、延续<50且活跃≥35,昨日涨停今日大跌5/55（9.09%），连板股大跌2/9（22.22%），跌停1只,最高4板；晋级：1板 6/46（13.04%）、2板 2/5（40.00%）、3板 2/3（66.67%）、≥4板 0/1（0.00%）,成交1.596万亿元，为此前20日均额0.96倍；上涨占比73.50%；涨停53只,,False,3板晋级分母仅3只；≥4板晋级分母仅1只,3板晋级分母仅3只；≥4板晋级分母仅1只；2025标尺端点饱和：梯队完整度、最高板,2025-08-05 多云｜分类依据：挨打<60、延续<50且活跃≥35。挨打28.4：昨日涨停今日大跌5/55（9.09%），连板股大跌2/9（22.22%），跌停1只。延续20.0：最高4板；晋级：1板 6/46（13.04%）、2板 2/5（40.00%）、3板 2/3（66.67%）、≥4板 0/1（0.00%）。活跃49.9：成交1.596万亿元，为此前20日均额0.96倍；上涨占比73.50%；涨停53只。解释注意：3板晋级分母仅3只；≥4板晋级分母仅1只；2025标尺端点饱和：梯队完整度、最高板。
2025-08-06,project-review-v1-20261007,controller_authored_deterministic_explanation,挨打<60且延续≥50；此分支不使用活跃，晴不表示普涨,昨日涨停今日大跌6/53（11.32%），连板股大跌1/10（10.00%），跌停5只,最高5板；晋级：1板 8/43（18.60%）、2板 4/6（66.67%）、3板 1/2（50.00%）、≥4板 1/2（50.00%）,成交1.734万亿元，为此前20日均额1.04倍；上涨占比61.95%；涨停62只,,False,3板晋级分母仅2只；≥4板晋级分母仅2只,3板晋级分母仅2只；≥4板晋级分母仅2只,2025-08-06 晴｜分类依据：挨打<60且延续≥50；此分支不使用活跃，晴不表示普涨。挨打27.3：昨日涨停今日大跌6/53（11.32%），连板股大跌1/10（10.00%），跌停5只。延续58.0：最高5板；晋级：1板 8/43（18.60%）、2板 4/6（66.67%）、3板 1/2（50.00%）、≥4板 1/2（50.00%）。活跃57.3：成交1.734万亿元，为此前20日均额1.04倍；上涨占比61.95%；涨停62只。解释注意：3板晋级分母仅2只；≥4板晋级分母仅2只。
2025-08-07,project-review-v1-20261007,controller_authored_deterministic_explanation,挨打<60且延续≥50；此分支不使用活跃，晴不表示普涨,昨日涨停今日大跌4/62（6.45%），连板股大跌1/14（7.14%），跌停8只,最高5板；晋级：1板 5/48（10.42%）、2板 4/8（50.00%）、3板 4/4（100.00%）、≥4板 1/2（50.00%）,成交1.825万亿元，为此前20日均额1.08倍；上涨占比38.18%；涨停59只,,False,3板晋级分母仅4只；≥4板晋级分母仅2只,3板晋级分母仅4只；≥4板晋级分母仅2只,2025-08-07 晴｜分类依据：挨打<60且延续≥50；此分支不使用活跃，晴不表示普涨。挨打19.1：昨日涨停今日大跌4/62（6.45%），连板股大跌1/14（7.14%），跌停8只。延续61.6：最高5板；晋级：1板 5/48（10.42%）、2板 4/8（50.00%）、3板 4/4（100.00%）、≥4板 1/2（50.00%）。活跃47.5：成交1.825万亿元，为此前20日均额1.08倍；上涨占比38.18%；涨停59只。解释注意：3板晋级分母仅4只；≥4板晋级分母仅2只。
2025-08-08,project-review-v1-20261007,controller_authored_deterministic_explanation,挨打<60、延续<50且活跃≥35,昨日涨停今日大跌5/59（8.47%），连板股大跌1/14（7.14%），跌停2只,最高5板；晋级：1板 6/45（13.33%）、2板 0/5（0.00%）、3板 3/4（75.00%）、≥4板 1/5（20.00%）,成交1.710万亿元，为此前20日均额1.01倍；上涨占比46.05%；涨停61只,,False,3板晋级分母仅4只,3板晋级分母仅4只；2025标尺端点饱和：梯队完整度,2025-08-08 多云｜分类依据：挨打<60、延续<50且活跃≥35。挨打15.3：昨日涨停今日大跌5/59（8.47%），连板股大跌1/14（7.14%），跌停2只。延续11.8：最高5板；晋级：1板 6/45（13.33%）、2板 0/5（0.00%）、3板 3/4（75.00%）、≥4板 1/5（20.00%）。活跃45.7：成交1.710万亿元，为此前20日均额1.01倍；上涨占比46.05%；涨停61只。解释注意：3板晋级分母仅4只；2025标尺端点饱和：梯队完整度。
2025-08-11,project-review-v1-20261007,controller_authored_deterministic_explanation,挨打<60、延续<50且活跃≥35,昨日涨停今日大跌1/61（1.64%），连板股大跌1/10（10.00%），跌停4只,最高3板；晋级：1板 14/51（27.45%）、2板 3/6（50.00%）、3板 0/0（比例缺失）、≥4板 0/4（0.00%）,成交1.827万亿元，为此前20日均额1.07倍；上涨占比78.72%；涨停79只,,False,3板晋级无可观察样本；≥4板晋级分母仅4只,3板晋级无可观察样本；≥4板晋级分母仅4只；2025标尺端点饱和：昨日涨停大跌、梯队完整度、最高板,2025-08-11 多云｜分类依据：挨打<60、延续<50且活跃≥35。挨打11.5：昨日涨停今日大跌1/61（1.64%），连板股大跌1/10（10.00%），跌停4只。延续11.6：最高3板；晋级：1板 14/51（27.45%）、2板 3/6（50.00%）、3板 0/0（比例缺失）、≥4板 0/4（0.00%）。活跃80.3：成交1.827万亿元，为此前20日均额1.07倍；上涨占比78.72%；涨停79只。解释注意：3板晋级无可观察样本；≥4板晋级分母仅4只；2025标尺端点饱和：昨日涨停大跌、梯队完整度、最高板。
2025-08-12,project-review-v1-20261007,controller_authored_deterministic_explanation,挨打<60、延续<50且活跃≥35,昨日涨停今日大跌5/79（6.33%），连板股大跌5/17（29.41%），跌停4只,最高4板；晋级：1板 13/62（20.97%）、2板 5/14（35.71%）、3板 1/3（33.33%）、≥4板 0/0（比例缺失）,成交1.881万亿元，为此前20日均额1.09倍；上涨占比38.87%；涨停51只,三大指数至少两个上涨，但上涨家数不足一半,False,3板晋级分母仅3只；≥4板晋级无可观察样本,3板晋级分母仅3只；≥4板晋级无可观察样本；2025标尺端点饱和：梯队完整度、最高板,2025-08-12 多云｜分类依据：挨打<60、延续<50且活跃≥35。挨打33.8：昨日涨停今日大跌5/79（6.33%），连板股大跌5/17（29.41%），跌停4只。延续11.4：最高4板；晋级：1板 13/62（20.97%）、2板 5/14（35.71%）、3板 1/3（33.33%）、≥4板 0/0（比例缺失）。活跃43.5：成交1.881万亿元，为此前20日均额1.09倍；上涨占比38.87%；涨停51只。三大指数至少两个上涨，但上涨家数不足一半。解释注意：3板晋级分母仅3只；≥4板晋级无可观察样本；2025标尺端点饱和：梯队完整度、最高板。
2025-08-13,project-review-v1-20261007,controller_authored_deterministic_explanation,挨打<60且延续≥50；此分支不使用活跃，晴不表示普涨,昨日涨停今日大跌1/51（1.96%），连板股大跌1/19（5.26%），跌停0只,最高5板；晋级：1板 12/32（37.50%）、2板 9/13（69.23%）、3板 2/5（40.00%）、≥4板 1/1（100.00%）,成交2.151万亿元，为此前20日均额1.24倍；上涨占比51.87%；涨停92只,,False,≥4板晋级分母仅1只,≥4板晋级分母仅1只；2025标尺端点饱和：昨日涨停大跌、跌停密度、分板晋级、涨停密度,2025-08-13 晴｜分类依据：挨打<60且延续≥50；此分支不使用活跃，晴不表示普涨。挨打1.6：昨日涨停今日大跌1/51（1.96%），连板股大跌1/19（5.26%），跌停0只。延续62.5：最高5板；晋级：1板 12/32（37.50%）、2板 9/13（69.23%）、3板 2/5（40.00%）、≥4板 1/1（100.00%）。活跃85.5：成交2.151万亿元，为此前20日均额1.24倍；上涨占比51.87%；涨停92只。解释注意：≥4板晋级分母仅1只；2025标尺端点饱和：昨日涨停大跌、跌停密度、分板晋级、涨停密度。
2025-08-14,project-review-v1-20261007,controller_authored_deterministic_explanation,挨打≥60且延续<40,昨日涨停今日大跌19/92（20.65%），连板股大跌7/24（29.17%），跌停11只,最高4板；晋级：1板 10/68（14.71%）、2板 4/12（33.33%）、3板 1/9（11.11%）、≥4板 0/3（0.00%）,成交2.279万亿元，为此前20日均额1.29倍；上涨占比13.75%；涨停44只,,True,≥4板晋级分母仅3只,≥4板晋级分母仅3只；2025标尺端点饱和：分板晋级、梯队完整度、最高板、成交额相对20日、上涨占比,2025-08-14 暴雨｜分类依据：挨打≥60且延续<40。挨打67.5：昨日涨停今日大跌19/92（20.65%），连板股大跌7/24（29.17%），跌停11只。延续0.0：最高4板；晋级：1板 10/68（14.71%）、2板 4/12（33.33%）、3板 1/9（11.11%）、≥4板 0/3（0.00%）。活跃41.9：成交2.279万亿元，为此前20日均额1.29倍；上涨占比13.75%；涨停44只。挨打达到惩罚分支，同时活跃达到多云分支的活跃门槛。解释注意：≥4板晋级分母仅3只；2025标尺端点饱和：分板晋级、梯队完整度、最高板、成交额相对20日、上涨占比。
2025-08-15,project-review-v1-20261007,controller_authored_deterministic_explanation,挨打<60、延续<50且活跃≥35,昨日涨停今日大跌2/44（4.55%），连板股大跌0/15（0.00%），跌停2只,最高5板；晋级：1板 6/29（20.69%）、2板 7/10（70.00%）、3板 0/4（0.00%）、≥4板 1/1（100.00%）,成交2.244万亿元，为此前20日均额1.24倍；上涨占比85.06%；涨停86只,,False,3板晋级分母仅4只；≥4板晋级分母仅1只,3板晋级分母仅4只；≥4板晋级分母仅1只；2025标尺端点饱和：连板股大跌、梯队完整度、上涨占比,2025-08-15 多云｜分类依据：挨打<60、延续<50且活跃≥35。挨打4.6：昨日涨停今日大跌2/44（4.55%），连板股大跌0/15（0.00%），跌停2只。延续38.5：最高5板；晋级：1板 6/29（20.69%）、2板 7/10（70.00%）、3板 0/4（0.00%）、≥4板 1/1（100.00%）。活跃99.0：成交2.244万亿元，为此前20日均额1.24倍；上涨占比85.06%；涨停86只。解释注意：3板晋级分母仅4只；≥4板晋级分母仅1只；2025标尺端点饱和：连板股大跌、梯队完整度、上涨占比。
2025-08-18,project-review-v1-20261007,controller_authored_deterministic_explanation,挨打<60且延续≥50；此分支不使用活跃，晴不表示普涨,昨日涨停今日大跌0/86（0.00%），连板股大跌0/14（0.00%），跌停1只,最高6板；晋级：1板 19/72（26.39%）、2板 2/6（33.33%）、3板 4/7（57.14%）、≥4板 1/1（100.00%）,成交2.764万亿元，为此前20日均额1.50倍；上涨占比73.97%；涨停104只,,False,≥4板晋级分母仅1只,≥4板晋级分母仅1只；2025标尺端点饱和：昨日涨停大跌、连板股大跌、成交额相对20日、涨停密度,2025-08-18 晴｜分类依据：挨打<60且延续≥50；此分支不使用活跃，晴不表示普涨。挨打0.0：昨日涨停今日大跌0/86（0.00%），连板股大跌0/14（0.00%），跌停1只。延续63.3：最高6板；晋级：1板 19/72（26.39%）、2板 2/6（33.33%）、3板 4/7（57.14%）、≥4板 1/1（100.00%）。活跃97.3：成交2.764万亿元，为此前20日均额1.50倍；上涨占比73.97%；涨停104只。解释注意：≥4板晋级分母仅1只；2025标尺端点饱和：昨日涨停大跌、连板股大跌、成交额相对20日、涨停密度。
2025-08-19,project-review-v1-20261007,controller_authored_deterministic_explanation,挨打<60、延续<50且活跃≥35,昨日涨停今日大跌8/104（7.69%），连板股大跌4/26（15.38%），跌停5只,最高4板；晋级：1板 16/78（20.51%）、2板 9/19（47.37%）、3板 1/2（50.00%）、≥4板 0/5（0.00%）,成交2.588万亿元，为此前20日均额1.37倍；上涨占比54.29%；涨停84只,三大指数至少两个下跌，但上涨家数超过一半,False,3板晋级分母仅2只,3板晋级分母仅2只；2025标尺端点饱和：梯队完整度、最高板、成交额相对20日,2025-08-19 多云｜分类依据：挨打<60、延续<50且活跃≥35。挨打23.8：昨日涨停今日大跌8/104（7.69%），连板股大跌4/26（15.38%），跌停5只。延续17.4：最高4板；晋级：1板 16/78（20.51%）、2板 9/19（47.37%）、3板 1/2（50.00%）、≥4板 0/5（0.00%）。活跃85.4：成交2.588万亿元，为此前20日均额1.37倍；上涨占比54.29%；涨停84只。三大指数至少两个下跌，但上涨家数超过一半。解释注意：3板晋级分母仅2只；2025标尺端点饱和：梯队完整度、最高板、成交额相对20日。
2025-08-20,project-review-v1-20261007,controller_authored_deterministic_explanation,挨打≥60且延续<40,昨日涨停今日大跌13/83（15.66%），连板股大跌8/26（30.77%），跌停14只,最高5板；晋级：1板 12/57（21.05%）、2板 1/16（6.25%）、3板 2/9（22.22%）、≥4板 1/1（100.00%）,成交2.408万亿元，为此前20日均额1.25倍；上涨占比68.02%；涨停86只,,True,≥4板晋级分母仅1只,≥4板晋级分母仅1只；2025标尺端点饱和：分板晋级、成交额相对20日；源或群体存在已披露质量缺口,2025-08-20 暴雨｜分类依据：挨打≥60且延续<40。挨打64.0：昨日涨停今日大跌13/83（15.66%），连板股大跌8/26（30.77%），跌停14只。延续22.5：最高5板；晋级：1板 12/57（21.05%）、2板 1/16（6.25%）、3板 2/9（22.22%）、≥4板 1/1（100.00%）。活跃93.7：成交2.408万亿元，为此前20日均额1.25倍；上涨占比68.02%；涨停86只。挨打达到惩罚分支，同时活跃达到多云分支的活跃门槛。解释注意：≥4板晋级分母仅1只；2025标尺端点饱和：分板晋级、成交额相对20日；源或群体存在已披露质量缺口。
2025-08-21,project-review-v1-20261007,controller_authored_deterministic_explanation,挨打≥60且延续<40,昨日涨停今日大跌21/86（24.42%），连板股大跌5/16（31.25%），跌停12只,最高5板；晋级：1板 5/70（7.14%）、2板 2/12（16.67%）、3板 1/1（100.00%）、≥4板 1/3（33.33%）,成交2.424万亿元，为此前20日均额1.24倍；上涨占比40.26%；涨停42只,,True,3板晋级分母仅1只；≥4板晋级分母仅3只,3板晋级分母仅1只；≥4板晋级分母仅3只,2025-08-21 暴雨｜分类依据：挨打≥60且延续<40。挨打76.6：昨日涨停今日大跌21/86（24.42%），连板股大跌5/16（31.25%），跌停12只。延续28.6：最高5板；晋级：1板 5/70（7.14%）、2板 2/12（16.67%）、3板 1/1（100.00%）、≥4板 1/3（33.33%）。活跃50.2：成交2.424万亿元，为此前20日均额1.24倍；上涨占比40.26%；涨停42只。挨打达到惩罚分支，同时活跃达到多云分支的活跃门槛。解释注意：3板晋级分母仅1只；≥4板晋级分母仅3只。
2025-08-22,project-review-v1-20261007,controller_authored_deterministic_explanation,挨打<60且延续≥50；此分支不使用活跃，晴不表示普涨,昨日涨停今日大跌2/42（4.76%），连板股大跌1/9（11.11%），跌停2只,最高6板；晋级：1板 5/33（15.15%）、2板 2/5（40.00%）、3板 2/2（100.00%）、≥4板 2/2（100.00%）,成交2.546万亿元，为此前20日均额1.28倍；上涨占比53.32%；涨停70只,,False,3板晋级分母仅2只；≥4板晋级分母仅2只,3板晋级分母仅2只；≥4板晋级分母仅2只；2025标尺端点饱和：梯队完整度、成交额相对20日,2025-08-22 晴｜分类依据：挨打<60且延续≥50；此分支不使用活跃，晴不表示普涨。挨打14.1：昨日涨停今日大跌2/42（4.76%），连板股大跌1/9（11.11%），跌停2只。延续83.9：最高6板；晋级：1板 5/33（15.15%）、2板 2/5（40.00%）、3板 2/2（100.00%）、≥4板 2/2（100.00%）。活跃75.7：成交2.546万亿元，为此前20日均额1.28倍；上涨占比53.32%；涨停70只。解释注意：3板晋级分母仅2只；≥4板晋级分母仅2只；2025标尺端点饱和：梯队完整度、成交额相对20日。
2025-08-25,project-review-v1-20261007,controller_authored_deterministic_explanation,挨打<60、延续<50且活跃≥35,昨日涨停今日大跌3/70（4.29%），连板股大跌2/11（18.18%），跌停2只,最高6板；晋级：1板 9/59（15.25%）、2板 1/5（20.00%）、3板 1/2（50.00%）、≥4板 1/4（25.00%）,成交3.140万亿元，为此前20日均额1.55倍；上涨占比63.53%；涨停76只,,False,3板晋级分母仅2只；≥4板晋级分母仅4只,3板晋级分母仅2只；≥4板晋级分母仅4只；2025标尺端点饱和：成交额相对20日,2025-08-25 多云｜分类依据：挨打<60、延续<50且活跃≥35。挨打17.9：昨日涨停今日大跌3/70（4.29%），连板股大跌2/11（18.18%），跌停2只。延续37.9：最高6板；晋级：1板 9/59（15.25%）、2板 1/5（20.00%）、3板 1/2（50.00%）、≥4板 1/4（25.00%）。活跃84.9：成交3.140万亿元，为此前20日均额1.55倍；上涨占比63.53%；涨停76只。解释注意：3板晋级分母仅2只；≥4板晋级分母仅4只；2025标尺端点饱和：成交额相对20日。
2025-08-26,project-review-v1-20261007,controller_authored_deterministic_explanation,挨打<60、延续<50且活跃≥35,昨日涨停今日大跌4/76（5.26%），连板股大跌0/12（0.00%），跌停1只,最高7板；晋级：1板 11/64（17.19%）、2板 2/9（22.22%）、3板 0/1（0.00%）、≥4板 1/2（50.00%）,成交2.678万亿元，为此前20日均额1.28倍；上涨占比52.47%；涨停71只,三大指数至少两个下跌，但上涨家数超过一半,False,3板晋级分母仅1只；≥4板晋级分母仅2只,3板晋级分母仅1只；≥4板晋级分母仅2只；2025标尺端点饱和：连板股大跌、梯队完整度、成交额相对20日,2025-08-26 多云｜分类依据：挨打<60、延续<50且活跃≥35。挨打4.1：昨日涨停今日大跌4/76（5.26%），连板股大跌0/12（0.00%），跌停1只。延续30.8：最高7板；晋级：1板 11/64（17.19%）、2板 2/9（22.22%）、3板 0/1（0.00%）、≥4板 1/2（50.00%）。活跃75.9：成交2.678万亿元，为此前20日均额1.28倍；上涨占比52.47%；涨停71只。三大指数至少两个下跌，但上涨家数超过一半。解释注意：3板晋级分母仅1只；≥4板晋级分母仅2只；2025标尺端点饱和：连板股大跌、梯队完整度、成交额相对20日。
2025-08-27,project-review-v1-20261007,controller_authored_deterministic_explanation,挨打<60、延续<50且活跃≥35,昨日涨停今日大跌13/71（18.31%），连板股大跌3/14（21.43%），跌停8只,最高4板；晋级：1板 10/57（17.54%）、2板 2/11（18.18%）、3板 1/2（50.00%）、≥4板 0/1（0.00%）,成交3.165万亿元，为此前20日均额1.48倍；上涨占比11.33%；涨停46只,,False,3板晋级分母仅2只；≥4板晋级分母仅1只,3板晋级分母仅2只；≥4板晋级分母仅1只；2025标尺端点饱和：梯队完整度、最高板、成交额相对20日、上涨占比,2025-08-27 多云｜分类依据：挨打<60、延续<50且活跃≥35。挨打52.1：昨日涨停今日大跌13/71（18.31%），连板股大跌3/14（21.43%），跌停8只。延续6.9：最高4板；晋级：1板 10/57（17.54%）、2板 2/11（18.18%）、3板 1/2（50.00%）、≥4板 0/1（0.00%）。活跃43.2：成交3.165万亿元，为此前20日均额1.48倍；上涨占比11.33%；涨停46只。解释注意：3板晋级分母仅2只；≥4板晋级分母仅1只；2025标尺端点饱和：梯队完整度、最高板、成交额相对20日、上涨占比。
2025-08-28,project-review-v1-20261007,controller_authored_deterministic_explanation,挨打<60、延续<50且活跃≥35,昨日涨停今日大跌6/46（13.04%），连板股大跌2/13（15.38%），跌停3只,最高5板；晋级：1板 9/33（27.27%）、2板 3/10（30.00%）、3板 0/2（0.00%）、≥4板 1/1（100.00%）,成交2.970万亿元，为此前20日均额1.35倍；上涨占比53.37%；涨停57只,,False,3板晋级分母仅2只；≥4板晋级分母仅1只,3板晋级分母仅2只；≥4板晋级分母仅1只；2025标尺端点饱和：梯队完整度、成交额相对20日,2025-08-28 多云｜分类依据：挨打<60、延续<50且活跃≥35。挨打31.7：昨日涨停今日大跌6/46（13.04%），连板股大跌2/13（15.38%），跌停3只。延续26.1：最高5板；晋级：1板 9/33（27.27%）、2板 3/10（30.00%）、3板 0/2（0.00%）、≥4板 1/1（100.00%）。活跃67.2：成交2.970万亿元，为此前20日均额1.35倍；上涨占比53.37%；涨停57只。解释注意：3板晋级分母仅2只；≥4板晋级分母仅1只；2025标尺端点饱和：梯队完整度、成交额相对20日。
2025-08-29,project-review-v1-20261007,controller_authored_deterministic_explanation,挨打<60、延续<50且活跃≥35,昨日涨停今日大跌5/57（8.77%），连板股大跌1/13（7.69%），跌停12只,最高6板；晋级：1板 5/44（11.36%）、2板 2/9（22.22%）、3板 1/3（33.33%）、≥4板 1/1（100.00%）,成交2.798万亿元，为此前20日均额1.24倍；上涨占比35.87%；涨停65只,三大指数至少两个上涨，但上涨家数不足一半,False,3板晋级分母仅3只；≥4板晋级分母仅1只,3板晋级分母仅3只；≥4板晋级分母仅1只,2025-08-29 多云｜分类依据：挨打<60、延续<50且活跃≥35。挨打28.6：昨日涨停今日大跌5/57（8.77%），连板股大跌1/13（7.69%），跌停12只。延续40.8：最高6板；晋级：1板 5/44（11.36%）、2板 2/9（22.22%）、3板 1/3（33.33%）、≥4板 1/1（100.00%）。活跃63.1：成交2.798万亿元，为此前20日均额1.24倍；上涨占比35.87%；涨停65只。三大指数至少两个上涨，但上涨家数不足一半。解释注意：3板晋级分母仅3只；≥4板晋级分母仅1只。
2025-09-01,project-review-v1-20261007,controller_authored_deterministic_explanation,挨打<60且延续≥50；此分支不使用活跃，晴不表示普涨,昨日涨停今日大跌1/65（1.54%），连板股大跌0/9（0.00%），跌停1只,最高7板；晋级：1板 8/56（14.29%）、2板 2/5（40.00%）、3板 1/2（50.00%）、≥4板 2/2（100.00%）,成交2.750万亿元，为此前20日均额1.19倍；上涨占比59.62%；涨停102只,,False,3板晋级分母仅2只；≥4板晋级分母仅2只,3板晋级分母仅2只；≥4板晋级分母仅2只；2025标尺端点饱和：昨日涨停大跌、梯队完整度、涨停密度,2025-09-01 晴｜分类依据：挨打<60且延续≥50；此分支不使用活跃，晴不表示普涨。挨打0.5：昨日涨停今日大跌1/65（1.54%），连板股大跌0/9（0.00%），跌停1只。延续81.2：最高7板；晋级：1板 8/56（14.29%）、2板 2/5（40.00%）、3板 1/2（50.00%）、≥4板 2/2（100.00%）。活跃85.4：成交2.750万亿元，为此前20日均额1.19倍；上涨占比59.62%；涨停102只。解释注意：3板晋级分母仅2只；≥4板晋级分母仅2只；2025标尺端点饱和：昨日涨停大跌、梯队完整度、涨停密度。
2025-09-02,project-review-v1-20261007,controller_authored_deterministic_explanation,挨打≥60且延续≥40,昨日涨停今日大跌18/102（17.65%），连板股大跌4/13（30.77%），跌停20只,最高8板；晋级：1板 8/89（8.99%）、2板 2/8（25.00%）、3板 1/2（50.00%）、≥4板 1/3（33.33%）,成交2.875万亿元，为此前20日均额1.21倍；上涨占比20.43%；涨停42只,,True,3板晋级分母仅2只；≥4板晋级分母仅3只,3板晋级分母仅2只；≥4板晋级分母仅3只；2025标尺端点饱和：最高板,2025-09-02 雷阵雨｜分类依据：挨打≥60且延续≥40。挨打73.6：昨日涨停今日大跌18/102（17.65%），连板股大跌4/13（30.77%），跌停20只。延续52.3：最高8板；晋级：1板 8/89（8.99%）、2板 2/8（25.00%）、3板 1/2（50.00%）、≥4板 1/3（33.33%）。活跃37.7：成交2.875万亿元，为此前20日均额1.21倍；上涨占比20.43%；涨停42只。挨打达到惩罚分支，同时活跃达到多云分支的活跃门槛。解释注意：3板晋级分母仅2只；≥4板晋级分母仅3只；2025标尺端点饱和：最高板。
2025-09-03,project-review-v1-20261007,controller_authored_deterministic_explanation,挨打≥60且延续<40,昨日涨停今日大跌9/42（21.43%），连板股大跌3/12（25.00%），跌停17只,最高9板；晋级：1板 5/30（16.67%）、2板 2/8（25.00%）、3板 0/2（0.00%）、≥4板 1/2（50.00%）,成交2.364万亿元，为此前20日均额0.97倍；上涨占比14.50%；涨停33只,,False,3板晋级分母仅2只；≥4板晋级分母仅2只,3板晋级分母仅2只；≥4板晋级分母仅2只；2025标尺端点饱和：梯队完整度、最高板、上涨占比、涨停密度,2025-09-03 暴雨｜分类依据：挨打≥60且延续<40。挨打70.7：昨日涨停今日大跌9/42（21.43%），连板股大跌3/12（25.00%），跌停17只。延续35.9：最高9板；晋级：1板 5/30（16.67%）、2板 2/8（25.00%）、3板 0/2（0.00%）、≥4板 1/2（50.00%）。活跃16.0：成交2.364万亿元，为此前20日均额0.97倍；上涨占比14.50%；涨停33只。解释注意：3板晋级分母仅2只；≥4板晋级分母仅2只；2025标尺端点饱和：梯队完整度、最高板、上涨占比、涨停密度。
2025-09-04,project-review-v1-20261007,controller_authored_deterministic_explanation,挨打≥60且延续<40,昨日涨停今日大跌13/32（40.62%），连板股大跌1/7（14.29%），跌停33只,最高3板；晋级：1板 5/25（20.00%）、2板 1/5（20.00%）、3板 0/2（0.00%）、≥4板 0/0（比例缺失）,成交2.544万亿元，为此前20日均额1.03倍；上涨占比41.30%；涨停38只,,False,3板晋级分母仅2只；≥4板晋级无可观察样本,3板晋级分母仅2只；≥4板晋级无可观察样本；2025标尺端点饱和：昨日涨停大跌、跌停密度、分板晋级、梯队完整度、最高板、涨停密度；源或群体存在已披露质量缺口,2025-09-04 暴雨｜分类依据：挨打≥60且延续<40。挨打77.0：昨日涨停今日大跌13/32（40.62%），连板股大跌1/7（14.29%），跌停33只。延续0.0：最高3板；晋级：1板 5/25（20.00%）、2板 1/5（20.00%）、3板 0/2（0.00%）、≥4板 0/0（比例缺失）。活跃32.4：成交2.544万亿元，为此前20日均额1.03倍；上涨占比41.30%；涨停38只。解释注意：3板晋级分母仅2只；≥4板晋级无可观察样本；2025标尺端点饱和：昨日涨停大跌、跌停密度、分板晋级、梯队完整度、最高板、涨停密度；源或群体存在已披露质量缺口。
2025-09-05,project-review-v1-20261007,controller_authored_deterministic_explanation,挨打<60、延续<50且活跃≥35,昨日涨停今日大跌2/38（5.26%），连板股大跌0/6（0.00%），跌停3只,最高4板；晋级：1板 3/32（9.38%）、2板 2/5（40.00%）、3板 1/1（100.00%）、≥4板 0/0（比例缺失）,成交2.304万亿元，为此前20日均额0.92倍；上涨占比89.95%；涨停91只,,False,3板晋级分母仅1只；≥4板晋级无可观察样本,3板晋级分母仅1只；≥4板晋级无可观察样本；2025标尺端点饱和：梯队完整度、最高板、上涨占比、涨停密度,2025-09-05 多云｜分类依据：挨打<60、延续<50且活跃≥35。挨打10.3：昨日涨停今日大跌2/38（5.26%），连板股大跌0/6（0.00%），跌停3只。延续17.0：最高4板；晋级：1板 3/32（9.38%）、2板 2/5（40.00%）、3板 1/1（100.00%）、≥4板 0/0（比例缺失）。活跃71.0：成交2.304万亿元，为此前20日均额0.92倍；上涨占比89.95%；涨停91只。解释注意：3板晋级分母仅1只；≥4板晋级无可观察样本；2025标尺端点饱和：梯队完整度、最高板、上涨占比、涨停密度。
2025-09-08,project-review-v1-20261007,controller_authored_deterministic_explanation,挨打<60、延续<50且活跃≥35,昨日涨停今日大跌4/91（4.40%），连板股大跌1/6（16.67%），跌停3只,最高4板；晋级：1板 7/85（8.24%）、2板 3/3（100.00%）、3板 1/2（50.00%）、≥4板 0/1（0.00%）,成交2.418万亿元，为此前20日均额0.95倍；上涨占比74.44%；涨停70只,,False,2板晋级分母仅3只；3板晋级分母仅2只；≥4板晋级分母仅1只,2板晋级分母仅3只；3板晋级分母仅2只；≥4板晋级分母仅1只；2025标尺端点饱和：梯队完整度、最高板,2025-09-08 多云｜分类依据：挨打<60、延续<50且活跃≥35。挨打18.7：昨日涨停今日大跌4/91（4.40%），连板股大跌1/6（16.67%），跌停3只。延续30.2：最高4板；晋级：1板 7/85（8.24%）、2板 3/3（100.00%）、3板 1/2（50.00%）、≥4板 0/1（0.00%）。活跃60.9：成交2.418万亿元，为此前20日均额0.95倍；上涨占比74.44%；涨停70只。解释注意：2板晋级分母仅3只；3板晋级分母仅2只；≥4板晋级分母仅1只；2025标尺端点饱和：梯队完整度、最高板。
2025-09-09,project-review-v1-20261007,controller_authored_deterministic_explanation,挨打<60、延续<50且活跃<35,昨日涨停今日大跌5/70（7.14%），连板股大跌2/11（18.18%），跌停5只,最高5板；晋级：1板 5/59（8.47%）、2板 1/7（14.29%）、3板 1/3（33.33%）、≥4板 1/1（100.00%）,成交2.118万亿元，为此前20日均额0.83倍；上涨占比23.49%；涨停51只,,False,3板晋级分母仅3只；≥4板晋级分母仅1只,3板晋级分母仅3只；≥4板晋级分母仅1只,2025-09-09 阴｜分类依据：挨打<60、延续<50且活跃<35。挨打26.5：昨日涨停今日大跌5/70（7.14%），连板股大跌2/11（18.18%），跌停5只。延续28.3：最高5板；晋级：1板 5/59（8.47%）、2板 1/7（14.29%）、3板 1/3（33.33%）、≥4板 1/1（100.00%）。活跃8.9：成交2.118万亿元，为此前20日均额0.83倍；上涨占比23.49%；涨停51只。解释注意：3板晋级分母仅3只；≥4板晋级分母仅1只。
2025-09-10,project-review-v1-20261007,controller_authored_deterministic_explanation,挨打<60、延续<50且活跃<35,昨日涨停今日大跌1/51（1.96%），连板股大跌0/8（0.00%），跌停3只,最高6板；晋级：1板 9/43（20.93%）、2板 1/5（20.00%）、3板 0/1（0.00%）、≥4板 1/2（50.00%）,成交1.978万亿元，为此前20日均额0.77倍；上涨占比45.41%；涨停49只,三大指数至少两个上涨，但上涨家数不足一半,False,3板晋级分母仅1只；≥4板晋级分母仅2只,3板晋级分母仅1只；≥4板晋级分母仅2只；2025标尺端点饱和：昨日涨停大跌、梯队完整度、成交额相对20日,2025-09-10 阴｜分类依据：挨打<60、延续<50且活跃<35。挨打3.6：昨日涨停今日大跌1/51（1.96%），连板股大跌0/8（0.00%），跌停3只。延续26.3：最高6板；晋级：1板 9/43（20.93%）、2板 1/5（20.00%）、3板 0/1（0.00%）、≥4板 1/2（50.00%）。活跃17.9：成交1.978万亿元，为此前20日均额0.77倍；上涨占比45.41%；涨停49只。三大指数至少两个上涨，但上涨家数不足一半。解释注意：3板晋级分母仅1只；≥4板晋级分母仅2只；2025标尺端点饱和：昨日涨停大跌、梯队完整度、成交额相对20日。
2025-09-11,project-review-v1-20261007,controller_authored_deterministic_explanation,挨打<60、延续<50且活跃≥35,昨日涨停今日大跌1/48（2.08%），连板股大跌1/10（10.00%），跌停3只,最高3板；晋级：1板 7/38（18.42%）、2板 4/8（50.00%）、3板 0/1（0.00%）、≥4板 0/1（0.00%）,成交2.437万亿元，为此前20日均额0.95倍；上涨占比79.68%；涨停89只,,False,3板晋级分母仅1只；≥4板晋级分母仅1只,3板晋级分母仅1只；≥4板晋级分母仅1只；2025标尺端点饱和：昨日涨停大跌、梯队完整度、最高板、上涨占比、涨停密度；源或群体存在已披露质量缺口,2025-09-11 多云｜分类依据：挨打<60、延续<50且活跃≥35。挨打10.2：昨日涨停今日大跌1/48（2.08%），连板股大跌1/10（10.00%），跌停3只。延续18.5：最高3板；晋级：1板 7/38（18.42%）、2板 4/8（50.00%）、3板 0/1（0.00%）、≥4板 0/1（0.00%）。活跃74.0：成交2.437万亿元，为此前20日均额0.95倍；上涨占比79.68%；涨停89只。解释注意：3板晋级分母仅1只；≥4板晋级分母仅1只；2025标尺端点饱和：昨日涨停大跌、梯队完整度、最高板、上涨占比、涨停密度；源或群体存在已披露质量缺口。
2025-09-12,project-review-v1-20261007,controller_authored_deterministic_explanation,挨打<60、延续<50且活跃≥35,昨日涨停今日大跌5/89（5.62%），连板股大跌0/11（0.00%），跌停2只,最高4板；晋级：1板 11/78（14.10%）、2板 4/7（57.14%）、3板 3/4（75.00%）、≥4板 0/0（比例缺失）,成交2.521万亿元，为此前20日均额0.98倍；上涨占比35.99%；涨停66只,,False,3板晋级分母仅4只；≥4板晋级无可观察样本,3板晋级分母仅4只；≥4板晋级无可观察样本；2025标尺端点饱和：连板股大跌、梯队完整度、最高板,2025-09-12 多云｜分类依据：挨打<60、延续<50且活跃≥35。挨打5.8：昨日涨停今日大跌5/89（5.62%），连板股大跌0/11（0.00%），跌停2只。延续33.3：最高4板；晋级：1板 11/78（14.10%）、2板 4/7（57.14%）、3板 3/4（75.00%）、≥4板 0/0（比例缺失）。活跃41.1：成交2.521万亿元，为此前20日均额0.98倍；上涨占比35.99%；涨停66只。解释注意：3板晋级分母仅4只；≥4板晋级无可观察样本；2025标尺端点饱和：连板股大跌、梯队完整度、最高板。
2025-09-15,project-review-v1-20261007,controller_authored_deterministic_explanation,挨打<60、延续<50且活跃<35,昨日涨停今日大跌6/65（9.23%），连板股大跌3/17（17.65%），跌停3只,最高3板；晋级：1板 9/48（18.75%）、2板 1/10（10.00%）、3板 0/4（0.00%）、≥4板 0/3（0.00%）,成交2.277万亿元，为此前20日均额0.88倍；上涨占比34.95%；涨停67只,三大指数至少两个上涨，但上涨家数不足一半,False,3板晋级分母仅4只；≥4板晋级分母仅3只,3板晋级分母仅4只；≥4板晋级分母仅3只；2025标尺端点饱和：分板晋级、梯队完整度、最高板；源或群体存在已披露质量缺口,2025-09-15 阴｜分类依据：挨打<60、延续<50且活跃<35。挨打26.8：昨日涨停今日大跌6/65（9.23%），连板股大跌3/17（17.65%），跌停3只。延续0.0：最高3板；晋级：1板 9/48（18.75%）、2板 1/10（10.00%）、3板 0/4（0.00%）、≥4板 0/3（0.00%）。活跃31.1：成交2.277万亿元，为此前20日均额0.88倍；上涨占比34.95%；涨停67只。三大指数至少两个上涨，但上涨家数不足一半。解释注意：3板晋级分母仅4只；≥4板晋级分母仅3只；2025标尺端点饱和：分板晋级、梯队完整度、最高板；源或群体存在已披露质量缺口。
2025-09-16,project-review-v1-20261007,controller_authored_deterministic_explanation,挨打<60、延续<50且活跃≥35,昨日涨停今日大跌3/67（4.48%），连板股大跌0/10（0.00%），跌停1只,最高4板；晋级：1板 7/57（12.28%）、2板 6/9（66.67%）、3板 1/1（100.00%）、≥4板 0/0（比例缺失）,成交2.341万亿元，为此前20日均额0.91倍；上涨占比68.68%；涨停70只,,False,3板晋级分母仅1只；≥4板晋级无可观察样本,3板晋级分母仅1只；≥4板晋级无可观察样本；2025标尺端点饱和：连板股大跌、梯队完整度、最高板,2025-09-16 多云｜分类依据：挨打<60、延续<50且活跃≥35。挨打2.8：昨日涨停今日大跌3/67（4.48%），连板股大跌0/10（0.00%），跌停1只。延续36.6：最高4板；晋级：1板 7/57（12.28%）、2板 6/9（66.67%）、3板 1/1（100.00%）、≥4板 0/0（比例缺失）。活跃53.8：成交2.341万亿元，为此前20日均额0.91倍；上涨占比68.68%；涨停70只。解释注意：3板晋级分母仅1只；≥4板晋级无可观察样本；2025标尺端点饱和：连板股大跌、梯队完整度、最高板。
2025-09-17,project-review-v1-20261007,controller_authored_deterministic_explanation,挨打<60、延续<50且活跃≥35,昨日涨停今日大跌6/70（8.57%），连板股大跌2/14（14.29%），跌停0只,最高4板；晋级：1板 9/56（16.07%）、2板 2/7（28.57%）、3板 4/6（66.67%）、≥4板 0/1（0.00%）,成交2.376万亿元，为此前20日均额0.93倍；上涨占比46.04%；涨停67只,三大指数至少两个上涨，但上涨家数不足一半,False,≥4板晋级分母仅1只,≥4板晋级分母仅1只；2025标尺端点饱和：跌停密度、梯队完整度、最高板,2025-09-17 多云｜分类依据：挨打<60、延续<50且活跃≥35。挨打20.5：昨日涨停今日大跌6/70（8.57%），连板股大跌2/14（14.29%），跌停0只。延续18.8：最高4板；晋级：1板 9/56（16.07%）、2板 2/7（28.57%）、3板 4/6（66.67%）、≥4板 0/1（0.00%）。活跃42.2：成交2.376万亿元，为此前20日均额0.93倍；上涨占比46.04%；涨停67只。三大指数至少两个上涨，但上涨家数不足一半。解释注意：≥4板晋级分母仅1只；2025标尺端点饱和：跌停密度、梯队完整度、最高板。
2025-09-18,project-review-v1-20261007,controller_authored_deterministic_explanation,挨打<60且延续≥50；此分支不使用活跃，晴不表示普涨,昨日涨停今日大跌3/67（4.48%），连板股大跌0/15（0.00%），跌停0只,最高5板；晋级：1板 8/52（15.38%）、2板 4/9（44.44%）、3板 2/2（100.00%）、≥4板 4/4（100.00%）,成交3.135万亿元，为此前20日均额1.23倍；上涨占比18.43%；涨停54只,,False,3板晋级分母仅2只；≥4板晋级分母仅4只,3板晋级分母仅2只；≥4板晋级分母仅4只；2025标尺端点饱和：连板股大跌、跌停密度、分板晋级、上涨占比,2025-09-18 晴｜分类依据：挨打<60且延续≥50；此分支不使用活跃，晴不表示普涨。挨打2.8：昨日涨停今日大跌3/67（4.48%），连板股大跌0/15（0.00%），跌停0只。延续62.5：最高5板；晋级：1板 8/52（15.38%）、2板 4/9（44.44%）、3板 2/2（100.00%）、≥4板 4/4（100.00%）。活跃46.9：成交3.135万亿元，为此前20日均额1.23倍；上涨占比18.43%；涨停54只。解释注意：3板晋级分母仅2只；≥4板晋级分母仅4只；2025标尺端点饱和：连板股大跌、跌停密度、分板晋级、上涨占比。
2025-09-19,project-review-v1-20261007,controller_authored_deterministic_explanation,挨打≥60且延续<40,昨日涨停今日大跌16/54（29.63%），连板股大跌10/18（55.56%），跌停22只,最高5板；晋级：1板 7/36（19.44%）、2板 2/8（25.00%）、3板 1/4（25.00%）、≥4板 1/6（16.67%）,成交2.323万亿元，为此前20日均额0.90倍；上涨占比35.51%；涨停50只,,False,3板晋级分母仅4只,3板晋级分母仅4只；2025标尺端点饱和：昨日涨停大跌、连板股大跌、跌停密度,2025-09-19 暴雨｜分类依据：挨打≥60且延续<40。挨打100.0：昨日涨停今日大跌16/54（29.63%），连板股大跌10/18（55.56%），跌停22只。延续23.0：最高5板；晋级：1板 7/36（19.44%）、2板 2/8（25.00%）、3板 1/4（25.00%）、≥4板 1/6（16.67%）。活跃22.3：成交2.323万亿元，为此前20日均额0.90倍；上涨占比35.51%；涨停50只。解释注意：3板晋级分母仅4只；2025标尺端点饱和：昨日涨停大跌、连板股大跌、跌停密度。
2025-09-22,project-review-v1-20261007,controller_authored_deterministic_explanation,挨打≥60且延续≥40,昨日涨停今日大跌9/50（18.00%），连板股大跌4/11（36.36%），跌停9只,最高5板；晋级：1板 6/39（15.38%）、2板 3/7（42.86%）、3板 1/2（50.00%）、≥4板 1/2（50.00%）,成交2.121万亿元，为此前20日均额0.82倍；上涨占比41.07%；涨停64只,三大指数至少两个上涨，但上涨家数不足一半,False,3板晋级分母仅2只；≥4板晋级分母仅2只,3板晋级分母仅2只；≥4板晋级分母仅2只,2025-09-22 雷阵雨｜分类依据：挨打≥60且延续≥40。挨打64.8：昨日涨停今日大跌9/50（18.00%），连板股大跌4/11（36.36%），跌停9只。延续45.9：最高5板；晋级：1板 6/39（15.38%）、2板 3/7（42.86%）、3板 1/2（50.00%）、≥4板 1/2（50.00%）。活跃26.1：成交2.121万亿元，为此前20日均额0.82倍；上涨占比41.07%；涨停64只。三大指数至少两个上涨，但上涨家数不足一半。解释注意：3板晋级分母仅2只；≥4板晋级分母仅2只。
2025-09-23,project-review-v1-20261007,controller_authored_deterministic_explanation,挨打<60且延续≥50；此分支不使用活跃，晴不表示普涨,昨日涨停今日大跌4/64（6.25%），连板股大跌2/11（18.18%），跌停9只,最高6板；晋级：1板 11/53（20.75%）、2板 4/6（66.67%）、3板 2/3（66.67%）、≥4板 1/2（50.00%）,成交2.494万亿元，为此前20日均额0.99倍；上涨占比21.26%；涨停51只,,False,3板晋级分母仅3只；≥4板晋级分母仅2只,3板晋级分母仅3只；≥4板晋级分母仅2只；2025标尺端点饱和：分板晋级,2025-09-23 晴｜分类依据：挨打<60且延续≥50；此分支不使用活跃，晴不表示普涨。挨打29.8：昨日涨停今日大跌4/64（6.25%），连板股大跌2/11（18.18%），跌停9只。延续70.0：最高6板；晋级：1板 11/53（20.75%）、2板 4/6（66.67%）、3板 2/3（66.67%）、≥4板 1/2（50.00%）。活跃24.7：成交2.494万亿元，为此前20日均额0.99倍；上涨占比21.26%；涨停51只。解释注意：3板晋级分母仅3只；≥4板晋级分母仅2只；2025标尺端点饱和：分板晋级。
2025-09-24,project-review-v1-20261007,controller_authored_deterministic_explanation,挨打<60、延续<50且活跃≥35,昨日涨停今日大跌4/50（8.00%），连板股大跌3/17（17.65%），跌停8只,最高4板；晋级：1板 8/33（24.24%）、2板 3/11（27.27%）、3板 1/4（25.00%）、≥4板 0/2（0.00%）,成交2.326万亿元，为此前20日均额0.92倍；上涨占比82.60%；涨停77只,,False,3板晋级分母仅4只；≥4板晋级分母仅2只,3板晋级分母仅4只；≥4板晋级分母仅2只；2025标尺端点饱和：梯队完整度、最高板、上涨占比；源或群体存在已披露质量缺口,2025-09-24 多云｜分类依据：挨打<60、延续<50且活跃≥35。挨打30.9：昨日涨停今日大跌4/50（8.00%），连板股大跌3/17（17.65%），跌停8只。延续5.6：最高4板；晋级：1板 8/33（24.24%）、2板 3/11（27.27%）、3板 1/4（25.00%）、≥4板 0/2（0.00%）。活跃65.0：成交2.326万亿元，为此前20日均额0.92倍；上涨占比82.60%；涨停77只。解释注意：3板晋级分母仅4只；≥4板晋级分母仅2只；2025标尺端点饱和：梯队完整度、最高板、上涨占比；源或群体存在已披露质量缺口。
2025-09-25,project-review-v1-20261007,controller_authored_deterministic_explanation,挨打<60、延续<50且活跃<35,昨日涨停今日大跌11/77（14.29%），连板股大跌4/12（33.33%），跌停6只,最高5板；晋级：1板 6/65（9.23%）、2板 1/8（12.50%）、3板 2/3（66.67%）、≥4板 1/1（100.00%）,成交2.371万亿元，为此前20日均额0.96倍；上涨占比27.62%；涨停41只,三大指数至少两个上涨，但上涨家数不足一半,False,3板晋级分母仅3只；≥4板晋级分母仅1只,3板晋级分母仅3只；≥4板晋级分母仅1只；2025标尺端点饱和：涨停密度,2025-09-25 阴｜分类依据：挨打<60、延续<50且活跃<35。挨打52.7：昨日涨停今日大跌11/77（14.29%），连板股大跌4/12（33.33%），跌停6只。延续35.7：最高5板；晋级：1板 6/65（9.23%）、2板 1/8（12.50%）、3板 2/3（66.67%）、≥4板 1/1（100.00%）。活跃18.6：成交2.371万亿元，为此前20日均额0.96倍；上涨占比27.62%；涨停41只。三大指数至少两个上涨，但上涨家数不足一半。解释注意：3板晋级分母仅3只；≥4板晋级分母仅1只；2025标尺端点饱和：涨停密度。
2025-09-26,project-review-v1-20261007,controller_authored_deterministic_explanation,挨打≥60且延续<40,昨日涨停今日大跌14/40（35.00%），连板股大跌5/9（55.56%），跌停21只,最高5板；晋级：1板 6/31（19.35%）、2板 2/5（40.00%）、3板 0/1（0.00%）、≥4板 1/3（33.33%）,成交2.147万亿元，为此前20日均额0.88倍；上涨占比32.90%；涨停47只,,False,3板晋级分母仅1只；≥4板晋级分母仅3只,3板晋级分母仅1只；≥4板晋级分母仅3只；2025标尺端点饱和：昨日涨停大跌、连板股大跌、梯队完整度；源或群体存在已披露质量缺口,2025-09-26 暴雨｜分类依据：挨打≥60且延续<40。挨打99.1：昨日涨停今日大跌14/40（35.00%），连板股大跌5/9（55.56%），跌停21只。延续22.7：最高5板；晋级：1板 6/31（19.35%）、2板 2/5（40.00%）、3板 0/1（0.00%）、≥4板 1/3（33.33%）。活跃16.9：成交2.147万亿元，为此前20日均额0.88倍；上涨占比32.90%；涨停47只。解释注意：3板晋级分母仅1只；≥4板晋级分母仅3只；2025标尺端点饱和：昨日涨停大跌、连板股大跌、梯队完整度；源或群体存在已披露质量缺口。
2025-09-29,project-review-v1-20261007,controller_authored_deterministic_explanation,挨打<60、延续<50且活跃≥35,昨日涨停今日大跌7/47（14.89%），连板股大跌2/9（22.22%），跌停2只,最高6板；晋级：1板 4/38（10.53%）、2板 3/6（50.00%）、3板 0/2（0.00%）、≥4板 1/1（100.00%）,成交2.161万亿元，为此前20日均额0.90倍；上涨占比66.95%；涨停55只,,False,3板晋级分母仅2只；≥4板晋级分母仅1只,3板晋级分母仅2只；≥4板晋级分母仅1只；2025标尺端点饱和：梯队完整度,2025-09-29 多云｜分类依据：挨打<60、延续<50且活跃≥35。挨打39.5：昨日涨停今日大跌7/47（14.89%），连板股大跌2/9（22.22%），跌停2只。延续33.1：最高6板；晋级：1板 4/38（10.53%）、2板 3/6（50.00%）、3板 0/2（0.00%）、≥4板 1/1（100.00%）。活跃41.5：成交2.161万亿元，为此前20日均额0.90倍；上涨占比66.95%；涨停55只。解释注意：3板晋级分母仅2只；≥4板晋级分母仅1只；2025标尺端点饱和：梯队完整度。
2025-09-30,project-review-v1-20261007,controller_authored_deterministic_explanation,挨打<60且延续≥50；此分支不使用活跃，晴不表示普涨,昨日涨停今日大跌5/55（9.09%），连板股大跌3/8（37.50%），跌停2只,最高7板；晋级：1板 7/47（14.89%）、2板 1/4（25.00%）、3板 1/3（33.33%）、≥4板 1/1（100.00%）,成交2.181万亿元，为此前20日均额0.92倍；上涨占比49.20%；涨停52只,三大指数至少两个上涨，但上涨家数不足一半,False,2板晋级分母仅4只；3板晋级分母仅3只；≥4板晋级分母仅1只,2板晋级分母仅4只；3板晋级分母仅3只；≥4板晋级分母仅1只,2025-09-30 晴｜分类依据：挨打<60且延续≥50；此分支不使用活跃，晴不表示普涨。挨打40.9：昨日涨停今日大跌5/55（9.09%），连板股大跌3/8（37.50%），跌停2只。延续53.6：最高7板；晋级：1板 7/47（14.89%）、2板 1/4（25.00%）、3板 1/3（33.33%）、≥4板 1/1（100.00%）。活跃32.5：成交2.181万亿元，为此前20日均额0.92倍；上涨占比49.20%；涨停52只。三大指数至少两个上涨，但上涨家数不足一半。解释注意：2板晋级分母仅4只；3板晋级分母仅3只；≥4板晋级分母仅1只。
2025-10-09,project-review-v1-20261007,controller_authored_deterministic_explanation,挨打≥60且延续<40,昨日涨停今日大跌8/51（15.69%），连板股大跌3/10（30.00%），跌停18只,最高4板；晋级：1板 6/41（14.63%）、2板 2/7（28.57%）、3板 1/1（100.00%）、≥4板 0/2（0.00%）,成交2.653万亿元，为此前20日均额1.13倍；上涨占比59.28%；涨停87只,,True,3板晋级分母仅1只；≥4板晋级分母仅2只,3板晋级分母仅1只；≥4板晋级分母仅2只；2025标尺端点饱和：梯队完整度、最高板、涨停密度；源或群体存在已披露质量缺口,2025-10-09 暴雨｜分类依据：挨打≥60且延续<40。挨打66.3：昨日涨停今日大跌8/51（15.69%），连板股大跌3/10（30.00%），跌停18只。延续14.0：最高4板；晋级：1板 6/41（14.63%）、2板 2/7（28.57%）、3板 1/1（100.00%）、≥4板 0/2（0.00%）。活跃80.4：成交2.653万亿元，为此前20日均额1.13倍；上涨占比59.28%；涨停87只。挨打达到惩罚分支，同时活跃达到多云分支的活跃门槛。解释注意：3板晋级分母仅1只；≥4板晋级分母仅2只；2025标尺端点饱和：梯队完整度、最高板、涨停密度；源或群体存在已披露质量缺口。
2025-10-10,project-review-v1-20261007,controller_authored_deterministic_explanation,挨打<60、延续<50且活跃≥35,昨日涨停今日大跌6/87（6.90%），连板股大跌1/9（11.11%），跌停6只,最高3板；晋级：1板 10/78（12.82%）、2板 1/6（16.67%）、3板 0/2（0.00%）、≥4板 0/1（0.00%）,成交2.515万亿元，为此前20日均额1.07倍；上涨占比50.54%；涨停58只,三大指数至少两个下跌，但上涨家数超过一半,False,3板晋级分母仅2只；≥4板晋级分母仅1只,3板晋级分母仅2只；≥4板晋级分母仅1只；2025标尺端点饱和：分板晋级、梯队完整度、最高板,2025-10-10 多云｜分类依据：挨打<60、延续<50且活跃≥35。挨打21.9：昨日涨停今日大跌6/87（6.90%），连板股大跌1/9（11.11%），跌停6只。延续0.0：最高3板；晋级：1板 10/78（12.82%）、2板 1/6（16.67%）、3板 0/2（0.00%）、≥4板 0/1（0.00%）。活跃51.4：成交2.515万亿元，为此前20日均额1.07倍；上涨占比50.54%；涨停58只。三大指数至少两个下跌，但上涨家数超过一半。解释注意：3板晋级分母仅2只；≥4板晋级分母仅1只；2025标尺端点饱和：分板晋级、梯队完整度、最高板。
2025-10-13,project-review-v1-20261007,controller_authored_deterministic_explanation,挨打<60、延续<50且活跃≥35,昨日涨停今日大跌6/58（10.34%），连板股大跌2/11（18.18%），跌停3只,最高4板；晋级：1板 8/47（17.02%）、2板 3/10（30.00%）、3板 1/1（100.00%）、≥4板 0/0（比例缺失）,成交2.354万亿元，为此前20日均额1.00倍；上涨占比31.31%；涨停58只,,False,3板晋级分母仅1只；≥4板晋级无可观察样本,3板晋级分母仅1只；≥4板晋级无可观察样本；2025标尺端点饱和：梯队完整度、最高板,2025-10-13 多云｜分类依据：挨打<60、延续<50且活跃≥35。挨打29.7：昨日涨停今日大跌6/58（10.34%），连板股大跌2/11（18.18%），跌停3只。延续16.4：最高4板；晋级：1板 8/47（17.02%）、2板 3/10（30.00%）、3板 1/1（100.00%）、≥4板 0/0（比例缺失）。活跃35.4：成交2.354万亿元，为此前20日均额1.00倍；上涨占比31.31%；涨停58只。解释注意：3板晋级分母仅1只；≥4板晋级无可观察样本；2025标尺端点饱和：梯队完整度、最高板。
2025-10-14,project-review-v1-20261007,controller_authored_deterministic_explanation,挨打<60、延续<50且活跃<35,昨日涨停今日大跌7/58（12.07%），连板股大跌0/12（0.00%），跌停3只,最高4板；晋级：1板 7/46（15.22%）、2板 2/8（25.00%）、3板 2/3（66.67%）、≥4板 0/1（0.00%）,成交2.576万亿元，为此前20日均额1.09倍；上涨占比31.33%；涨停37只,,False,3板晋级分母仅3只；≥4板晋级分母仅1只,3板晋级分母仅3只；≥4板晋级分母仅1只；2025标尺端点饱和：连板股大跌、梯队完整度、最高板、涨停密度,2025-10-14 阴｜分类依据：挨打<60、延续<50且活跃<35。挨打18.4：昨日涨停今日大跌7/58（12.07%），连板股大跌0/12（0.00%），跌停3只。延续14.2：最高4板；晋级：1板 7/46（15.22%）、2板 2/8（25.00%）、3板 2/3（66.67%）、≥4板 0/1（0.00%）。活跃32.7：成交2.576万亿元，为此前20日均额1.09倍；上涨占比31.33%；涨停37只。解释注意：3板晋级分母仅3只；≥4板晋级分母仅1只；2025标尺端点饱和：连板股大跌、梯队完整度、最高板、涨停密度。
2025-10-15,project-review-v1-20261007,controller_authored_deterministic_explanation,挨打≥60且延续<40,昨日涨停今日大跌7/37（18.92%），连板股大跌6/11（54.55%），跌停4只,最高3板；晋级：1板 6/26（23.08%）、2板 1/7（14.29%）、3板 0/2（0.00%）、≥4板 0/2（0.00%）,成交2.073万亿元，为此前20日均额0.87倍；上涨占比80.43%；涨停65只,,True,3板晋级分母仅2只；≥4板晋级分母仅2只,3板晋级分母仅2只；≥4板晋级分母仅2只；2025标尺端点饱和：连板股大跌、分板晋级、梯队完整度、最高板、上涨占比,2025-10-15 暴雨｜分类依据：挨打≥60且延续<40。挨打65.8：昨日涨停今日大跌7/37（18.92%），连板股大跌6/11（54.55%），跌停4只。延续0.0：最高3板；晋级：1板 6/26（23.08%）、2板 1/7（14.29%）、3板 0/2（0.00%）、≥4板 0/2（0.00%）。活跃51.9：成交2.073万亿元，为此前20日均额0.87倍；上涨占比80.43%；涨停65只。挨打达到惩罚分支，同时活跃达到多云分支的活跃门槛。解释注意：3板晋级分母仅2只；≥4板晋级分母仅2只；2025标尺端点饱和：连板股大跌、分板晋级、梯队完整度、最高板、上涨占比。
2025-10-16,project-review-v1-20261007,controller_authored_deterministic_explanation,挨打<60、延续<50且活跃<35,昨日涨停今日大跌2/65（3.08%），连板股大跌0/7（0.00%），跌停7只,最高3板；晋级：1板 8/58（13.79%）、2板 4/6（66.67%）、3板 0/1（0.00%）、≥4板 0/0（比例缺失）,成交1.931万亿元，为此前20日均额0.82倍；上涨占比21.05%；涨停39只,三大指数至少两个上涨，但上涨家数不足一半,False,3板晋级分母仅1只；≥4板晋级无可观察样本,3板晋级分母仅1只；≥4板晋级无可观察样本；2025标尺端点饱和：梯队完整度、最高板、成交额相对20日、涨停密度,2025-10-16 阴｜分类依据：挨打<60、延续<50且活跃<35。挨打9.7：昨日涨停今日大跌2/65（3.08%），连板股大跌0/7（0.00%），跌停7只。延续20.8：最高3板；晋级：1板 8/58（13.79%）、2板 4/6（66.67%）、3板 0/1（0.00%）、≥4板 0/0（比例缺失）。活跃0.3：成交1.931万亿元，为此前20日均额0.82倍；上涨占比21.05%；涨停39只。三大指数至少两个上涨，但上涨家数不足一半。解释注意：3板晋级分母仅1只；≥4板晋级无可观察样本；2025标尺端点饱和：梯队完整度、最高板、成交额相对20日、涨停密度。
2025-10-17,project-review-v1-20261007,controller_authored_deterministic_explanation,挨打≥60且延续<40,昨日涨停今日大跌10/39（25.64%），连板股大跌3/12（25.00%），跌停23只,最高4板；晋级：1板 7/27（25.93%）、2板 1/8（12.50%）、3板 2/4（50.00%）、≥4板 0/0（比例缺失）,成交1.938万亿元，为此前20日均额0.82倍；上涨占比10.76%；涨停37只,,False,3板晋级分母仅4只；≥4板晋级无可观察样本,3板晋级分母仅4只；≥4板晋级无可观察样本；2025标尺端点饱和：跌停密度、梯队完整度、最高板、上涨占比、涨停密度,2025-10-17 暴雨｜分类依据：挨打≥60且延续<40。挨打83.2：昨日涨停今日大跌10/39（25.64%），连板股大跌3/12（25.00%），跌停23只。延续5.7：最高4板；晋级：1板 7/27（25.93%）、2板 1/8（12.50%）、3板 2/4（50.00%）、≥4板 0/0（比例缺失）。活跃0.0：成交1.938万亿元，为此前20日均额0.82倍；上涨占比10.76%；涨停37只。解释注意：3板晋级分母仅4只；≥4板晋级无可观察样本；2025标尺端点饱和：跌停密度、梯队完整度、最高板、上涨占比、涨停密度。
2025-10-20,project-review-v1-20261007,controller_authored_deterministic_explanation,挨打<60且延续≥50；此分支不使用活跃，晴不表示普涨,昨日涨停今日大跌2/36（5.56%），连板股大跌1/10（10.00%），跌停2只,最高5板；晋级：1板 5/26（19.23%）、2板 2/7（28.57%）、3板 1/1（100.00%）、≥4板 2/2（100.00%）,成交1.737万亿元，为此前20日均额0.74倍；上涨占比75.19%；涨停75只,,False,3板晋级分母仅1只；≥4板晋级分母仅2只,3板晋级分母仅1只；≥4板晋级分母仅2只；2025标尺端点饱和：成交额相对20日；源或群体存在已披露质量缺口,2025-10-20 晴｜分类依据：挨打<60且延续≥50；此分支不使用活跃，晴不表示普涨。挨打14.4：昨日涨停今日大跌2/36（5.56%），连板股大跌1/10（10.00%），跌停2只。延续54.5：最高5板；晋级：1板 5/26（19.23%）、2板 2/7（28.57%）、3板 1/1（100.00%）、≥4板 2/2（100.00%）。活跃50.1：成交1.737万亿元，为此前20日均额0.74倍；上涨占比75.19%；涨停75只。解释注意：3板晋级分母仅1只；≥4板晋级分母仅2只；2025标尺端点饱和：成交额相对20日；源或群体存在已披露质量缺口。
2025-10-21,project-review-v1-20261007,controller_authored_deterministic_explanation,挨打<60、延续<50且活跃≥35,昨日涨停今日大跌6/75（8.00%），连板股大跌2/10（20.00%），跌停3只,最高6板；晋级：1板 10/65（15.38%）、2板 1/5（20.00%）、3板 0/2（0.00%）、≥4板 1/3（33.33%）,成交1.874万亿元，为此前20日均额0.81倍；上涨占比85.25%；涨停76只,,False,3板晋级分母仅2只；≥4板晋级分母仅3只,3板晋级分母仅2只；≥4板晋级分母仅3只；2025标尺端点饱和：梯队完整度、成交额相对20日、上涨占比,2025-10-21 多云｜分类依据：挨打<60、延续<50且活跃≥35。挨打27.1：昨日涨停今日大跌6/75（8.00%），连板股大跌2/10（20.00%），跌停3只。延续15.9：最高6板；晋级：1板 10/65（15.38%）、2板 1/5（20.00%）、3板 0/2（0.00%）、≥4板 1/3（33.33%）。活跃52.9：成交1.874万亿元，为此前20日均额0.81倍；上涨占比85.25%；涨停76只。解释注意：3板晋级分母仅2只；≥4板晋级分母仅3只；2025标尺端点饱和：梯队完整度、成交额相对20日、上涨占比。
2025-10-22,project-review-v1-20261007,controller_authored_deterministic_explanation,挨打<60且延续≥50；此分支不使用活跃，晴不表示普涨,昨日涨停今日大跌7/76（9.21%），连板股大跌1/12（8.33%），跌停5只,最高7板；晋级：1板 14/64（21.88%）、2板 6/10（60.00%）、3板 0/1（0.00%）、≥4板 1/1（100.00%）,成交1.668万亿元，为此前20日均额0.73倍；上涨占比39.87%；涨停56只,,False,3板晋级分母仅1只；≥4板晋级分母仅1只,3板晋级分母仅1只；≥4板晋级分母仅1只；2025标尺端点饱和：梯队完整度、成交额相对20日,2025-10-22 晴｜分类依据：挨打<60且延续≥50；此分支不使用活跃，晴不表示普涨。挨打21.6：昨日涨停今日大跌7/76（9.21%），连板股大跌1/12（8.33%），跌停5只。延续58.0：最高7板；晋级：1板 14/64（21.88%）、2板 6/10（60.00%）、3板 0/1（0.00%）、≥4板 1/1（100.00%）。活跃19.7：成交1.668万亿元，为此前20日均额0.73倍；上涨占比39.87%；涨停56只。解释注意：3板晋级分母仅1只；≥4板晋级分母仅1只；2025标尺端点饱和：梯队完整度、成交额相对20日。
2025-10-23,project-review-v1-20261007,controller_authored_deterministic_explanation,挨打≥60且延续≥40,昨日涨停今日大跌16/56（28.57%），连板股大跌8/21（38.10%），跌停8只,最高8板；晋级：1板 3/35（8.57%）、2板 2/14（14.29%）、3板 3/6（50.00%）、≥4板 1/1（100.00%）,成交1.644万亿元，为此前20日均额0.73倍；上涨占比56.56%；涨停57只,,False,≥4板晋级分母仅1只,≥4板晋级分母仅1只；2025标尺端点饱和：昨日涨停大跌、最高板、成交额相对20日,2025-10-23 雷阵雨｜分类依据：挨打≥60且延续≥40。挨打81.4：昨日涨停今日大跌16/56（28.57%），连板股大跌8/21（38.10%），跌停8只。延续52.9：最高8板；晋级：1板 3/35（8.57%）、2板 2/14（14.29%）、3板 3/6（50.00%）、≥4板 1/1（100.00%）。活跃28.9：成交1.644万亿元，为此前20日均额0.73倍；上涨占比56.56%；涨停57只。解释注意：≥4板晋级分母仅1只；2025标尺端点饱和：昨日涨停大跌、最高板、成交额相对20日。
2025-10-24,project-review-v1-20261007,controller_authored_deterministic_explanation,挨打≥60且延续<40,昨日涨停今日大跌21/57（36.84%），连板股大跌4/9（44.44%），跌停8只,最高5板；晋级：1板 7/48（14.58%）、2板 1/3（33.33%）、3板 1/2（50.00%）、≥4板 1/4（25.00%）,成交1.974万亿元，为此前20日均额0.89倍；上涨占比55.79%；涨停56只,,True,2板晋级分母仅3只；3板晋级分母仅2只；≥4板晋级分母仅4只,2板晋级分母仅3只；3板晋级分母仅2只；≥4板晋级分母仅4只；2025标尺端点饱和：昨日涨停大跌,2025-10-24 暴雨｜分类依据：挨打≥60且延续<40。挨打83.0：昨日涨停今日大跌21/57（36.84%），连板股大跌4/9（44.44%），跌停8只。延续35.6：最高5板；晋级：1板 7/48（14.58%）、2板 1/3（33.33%）、3板 1/2（50.00%）、≥4板 1/4（25.00%）。活跃36.0：成交1.974万亿元，为此前20日均额0.89倍；上涨占比55.79%；涨停56只。挨打达到惩罚分支，同时活跃达到多云分支的活跃门槛。解释注意：2板晋级分母仅3只；3板晋级分母仅2只；≥4板晋级分母仅4只；2025标尺端点饱和：昨日涨停大跌。
2025-10-27,project-review-v1-20261007,controller_authored_deterministic_explanation,挨打<60且延续≥50；此分支不使用活跃，晴不表示普涨,昨日涨停今日大跌2/55（3.64%），连板股大跌1/10（10.00%），跌停8只,最高6板；晋级：1板 6/45（13.33%）、2板 4/7（57.14%）、3板 0/1（0.00%）、≥4板 2/2（100.00%）,成交2.340万亿元，为此前20日均额1.09倍；上涨占比63.69%；涨停51只,,False,3板晋级分母仅1只；≥4板晋级分母仅2只,3板晋级分母仅1只；≥4板晋级分母仅2只；源或群体存在已披露质量缺口,2025-10-27 晴｜分类依据：挨打<60且延续≥50；此分支不使用活跃，晴不表示普涨。挨打17.9：昨日涨停今日大跌2/55（3.64%），连板股大跌1/10（10.00%），跌停8只。延续60.8：最高6板；晋级：1板 6/45（13.33%）、2板 4/7（57.14%）、3板 0/1（0.00%）、≥4板 2/2（100.00%）。活跃55.4：成交2.340万亿元，为此前20日均额1.09倍；上涨占比63.69%；涨停51只。解释注意：3板晋级分母仅1只；≥4板晋级分母仅2只；源或群体存在已披露质量缺口。
2025-10-28,project-review-v1-20261007,controller_authored_deterministic_explanation,挨打<60且延续≥50；此分支不使用活跃，晴不表示普涨,昨日涨停今日大跌3/51（5.88%），连板股大跌2/12（16.67%），跌停4只,最高7板；晋级：1板 6/39（15.38%）、2板 3/6（50.00%）、3板 3/4（75.00%）、≥4板 1/2（50.00%）,成交2.148万亿元，为此前20日均额1.00倍；上涨占比44.32%；涨停57只,,False,3板晋级分母仅4只；≥4板晋级分母仅2只,3板晋级分母仅4只；≥4板晋级分母仅2只,2025-10-28 晴｜分类依据：挨打<60且延续≥50；此分支不使用活跃，晴不表示普涨。挨打22.0：昨日涨停今日大跌3/51（5.88%），连板股大跌2/12（16.67%），跌停4只。延续71.4：最高7板；晋级：1板 6/39（15.38%）、2板 3/6（50.00%）、3板 3/4（75.00%）、≥4板 1/2（50.00%）。活跃41.3：成交2.148万亿元，为此前20日均额1.00倍；上涨占比44.32%；涨停57只。解释注意：3板晋级分母仅4只；≥4板晋级分母仅2只。
2025-10-29,project-review-v1-20261007,controller_authored_deterministic_explanation,挨打<60、延续<50且活跃≥35,昨日涨停今日大跌8/57（14.04%），连板股大跌4/13（30.77%），跌停1只,最高5板；晋级：1板 8/44（18.18%）、2板 0/6（0.00%）、3板 1/3（33.33%）、≥4板 2/4（50.00%）,成交2.256万亿元，为此前20日均额1.05倍；上涨占比46.90%；涨停56只,三大指数至少两个上涨，但上涨家数不足一半,False,3板晋级分母仅3只；≥4板晋级分母仅4只,3板晋级分母仅3只；≥4板晋级分母仅4只；2025标尺端点饱和：梯队完整度,2025-10-29 多云｜分类依据：挨打<60、延续<50且活跃≥35。挨打44.3：昨日涨停今日大跌8/57（14.04%），连板股大跌4/13（30.77%），跌停1只。延续9.7：最高5板；晋级：1板 8/44（18.18%）、2板 0/6（0.00%）、3板 1/3（33.33%）、≥4板 2/4（50.00%）。活跃46.6：成交2.256万亿元，为此前20日均额1.05倍；上涨占比46.90%；涨停56只。三大指数至少两个上涨，但上涨家数不足一半。解释注意：3板晋级分母仅3只；≥4板晋级分母仅4只；2025标尺端点饱和：梯队完整度。
2025-10-30,project-review-v1-20261007,controller_authored_deterministic_explanation,挨打<60、延续<50且活跃<35,昨日涨停今日大跌6/56（10.71%），连板股大跌3/11（27.27%），跌停11只,最高6板；晋级：1板 8/45（17.78%）、2板 2/8（25.00%）、3板 0/0（比例缺失）、≥4板 2/3（66.67%）,成交2.421万亿元，为此前20日均额1.13倍；上涨占比22.15%；涨停46只,,False,3板晋级无可观察样本；≥4板晋级分母仅3只,3板晋级无可观察样本；≥4板晋级分母仅3只,2025-10-30 阴｜分类依据：挨打<60、延续<50且活跃<35。挨打47.4：昨日涨停今日大跌6/56（10.71%），连板股大跌3/11（27.27%），跌停11只。延续38.5：最高6板；晋级：1板 8/45（17.78%）、2板 2/8（25.00%）、3板 0/0（比例缺失）、≥4板 2/3（66.67%）。活跃34.7：成交2.421万亿元，为此前20日均额1.13倍；上涨占比22.15%；涨停46只。解释注意：3板晋级无可观察样本；≥4板晋级分母仅3只。
2025-10-31,project-review-v1-20261007,controller_authored_deterministic_explanation,挨打≥60且延续≥40,昨日涨停今日大跌10/46（21.74%），连板股大跌5/12（41.67%），跌停12只,最高7板；晋级：1板 5/34（14.71%）、2板 1/8（12.50%）、3板 2/2（100.00%）、≥4板 1/2（50.00%）,成交2.317万亿元，为此前20日均额1.08倍；上涨占比68.54%；涨停57只,三大指数至少两个下跌，但上涨家数超过一半,True,3板晋级分母仅2只；≥4板晋级分母仅2只,3板晋级分母仅2只；≥4板晋级分母仅2只,2025-10-31 雷阵雨｜分类依据：挨打≥60且延续≥40。挨打79.4：昨日涨停今日大跌10/46（21.74%），连板股大跌5/12（41.67%），跌停12只。延续55.2：最高7板；晋级：1板 5/34（14.71%）、2板 1/8（12.50%）、3板 2/2（100.00%）、≥4板 1/2（50.00%）。活跃61.1：成交2.317万亿元，为此前20日均额1.08倍；上涨占比68.54%；涨停57只。挨打达到惩罚分支，同时活跃达到多云分支的活跃门槛；三大指数至少两个下跌，但上涨家数超过一半。解释注意：3板晋级分母仅2只；≥4板晋级分母仅2只。
2025-11-03,project-review-v1-20261007,controller_authored_deterministic_explanation,挨打<60、延续<50且活跃≥35,昨日涨停今日大跌4/57（7.02%），连板股大跌3/9（33.33%），跌停7只,最高5板；晋级：1板 9/48（18.75%）、2板 0/5（0.00%）、3板 0/1（0.00%）、≥4板 1/3（33.33%）,成交2.107万亿元，为此前20日均额0.98倍；上涨占比66.24%；涨停66只,,False,3板晋级分母仅1只；≥4板晋级分母仅3只,3板晋级分母仅1只；≥4板晋级分母仅3只；2025标尺端点饱和：分板晋级、梯队完整度,2025-11-03 多云｜分类依据：挨打<60、延续<50且活跃≥35。挨打40.6：昨日涨停今日大跌4/57（7.02%），连板股大跌3/9（33.33%），跌停7只。延续7.5：最高5板；晋级：1板 9/48（18.75%）、2板 0/5（0.00%）、3板 0/1（0.00%）、≥4板 1/3（33.33%）。活跃56.9：成交2.107万亿元，为此前20日均额0.98倍；上涨占比66.24%；涨停66只。解释注意：3板晋级分母仅1只；≥4板晋级分母仅3只；2025标尺端点饱和：分板晋级、梯队完整度。
2025-11-04,project-review-v1-20261007,controller_authored_deterministic_explanation,挨打<60、延续<50且活跃<35,昨日涨停今日大跌0/66（0.00%），连板股大跌0/10（0.00%），跌停6只,最高6板；晋级：1板 9/56（16.07%）、2板 4/9（44.44%）、3板 0/0（比例缺失）、≥4板 1/1（100.00%）,成交1.915万亿元，为此前20日均额0.89倍；上涨占比30.38%；涨停50只,,False,3板晋级无可观察样本；≥4板晋级分母仅1只,3板晋级无可观察样本；≥4板晋级分母仅1只；2025标尺端点饱和：昨日涨停大跌、连板股大跌、梯队完整度,2025-11-04 阴｜分类依据：挨打<60、延续<50且活跃<35。挨打6.0：昨日涨停今日大跌0/66（0.00%），连板股大跌0/10（0.00%），跌停6只。延续36.3：最高6板；晋级：1板 9/56（16.07%）、2板 4/9（44.44%）、3板 0/0（比例缺失）、≥4板 1/1（100.00%）。活跃19.2：成交1.915万亿元，为此前20日均额0.89倍；上涨占比30.38%；涨停50只。解释注意：3板晋级无可观察样本；≥4板晋级分母仅1只；2025标尺端点饱和：昨日涨停大跌、连板股大跌、梯队完整度。
2025-11-05,project-review-v1-20261007,controller_authored_deterministic_explanation,挨打<60且延续≥50；此分支不使用活跃，晴不表示普涨,昨日涨停今日大跌3/50（6.00%），连板股大跌1/14（7.14%），跌停2只,最高7板；晋级：1板 11/36（30.56%）、2板 5/9（55.56%）、3板 2/4（50.00%）、≥4板 1/1（100.00%）,成交1.872万亿元，为此前20日均额0.88倍；上涨占比62.52%；涨停66只,,False,3板晋级分母仅4只；≥4板晋级分母仅1只,3板晋级分母仅4只；≥4板晋级分母仅1只；2025标尺端点饱和：分板晋级,2025-11-05 晴｜分类依据：挨打<60且延续≥50；此分支不使用活跃，晴不表示普涨。挨打11.3：昨日涨停今日大跌3/50（6.00%），连板股大跌1/14（7.14%），跌停2只。延续77.5：最高7板；晋级：1板 11/36（30.56%）、2板 5/9（55.56%）、3板 2/4（50.00%）、≥4板 1/1（100.00%）。活跃44.5：成交1.872万亿元，为此前20日均额0.88倍；上涨占比62.52%；涨停66只。解释注意：3板晋级分母仅4只；≥4板晋级分母仅1只；2025标尺端点饱和：分板晋级。
2025-11-06,project-review-v1-20261007,controller_authored_deterministic_explanation,挨打≥60且延续≥40,昨日涨停今日大跌14/66（21.21%），连板股大跌6/19（31.58%），跌停12只,最高8板；晋级：1板 7/47（14.89%）、2板 2/11（18.18%）、3板 1/5（20.00%）、≥4板 1/3（33.33%）,成交2.055万亿元，为此前20日均额0.97倍；上涨占比55.73%；涨停62只,,True,≥4板晋级分母仅3只,≥4板晋级分母仅3只；2025标尺端点饱和：分板晋级、最高板,2025-11-06 雷阵雨｜分类依据：挨打≥60且延续≥40。挨打71.4：昨日涨停今日大跌14/66（21.21%），连板股大跌6/19（31.58%），跌停12只。延续45.0：最高8板；晋级：1板 7/47（14.89%）、2板 2/11（18.18%）、3板 1/5（20.00%）、≥4板 1/3（33.33%）。活跃47.9：成交2.055万亿元，为此前20日均额0.97倍；上涨占比55.73%；涨停62只。挨打达到惩罚分支，同时活跃达到多云分支的活跃门槛。解释注意：≥4板晋级分母仅3只；2025标尺端点饱和：分板晋级、最高板。
2025-11-07,project-review-v1-20261007,controller_authored_deterministic_explanation,挨打<60且延续≥50；此分支不使用活跃，晴不表示普涨,昨日涨停今日大跌3/62（4.84%），连板股大跌1/11（9.09%），跌停4只,最高9板；晋级：1板 8/51（15.69%）、2板 1/7（14.29%）、3板 1/2（50.00%）、≥4板 2/2（100.00%）,成交1.999万亿元，为此前20日均额0.96倍；上涨占比39.52%；涨停54只,,False,3板晋级分母仅2只；≥4板晋级分母仅2只,3板晋级分母仅2只；≥4板晋级分母仅2只；2025标尺端点饱和：梯队完整度、最高板,2025-11-07 晴｜分类依据：挨打<60且延续≥50；此分支不使用活跃，晴不表示普涨。挨打13.9：昨日涨停今日大跌3/62（4.84%），连板股大跌1/11（9.09%），跌停4只。延续77.8：最高9板；晋级：1板 8/51（15.69%）、2板 1/7（14.29%）、3板 1/2（50.00%）、≥4板 2/2（100.00%）。活跃33.1：成交1.999万亿元，为此前20日均额0.96倍；上涨占比39.52%；涨停54只。解释注意：3板晋级分母仅2只；≥4板晋级分母仅2只；2025标尺端点饱和：梯队完整度、最高板。
2025-11-10,project-review-v1-20261007,controller_authored_deterministic_explanation,挨打<60、延续<50且活跃≥35,昨日涨停今日大跌3/54（5.56%），连板股大跌1/12（8.33%），跌停9只,最高5板；晋级：1板 5/42（11.90%）、2板 4/8（50.00%）、3板 1/1（100.00%）、≥4板 1/3（33.33%）,成交2.174万亿元，为此前20日均额1.06倍；上涨占比63.26%；涨停71只,,False,3板晋级分母仅1只；≥4板晋级分母仅3只,3板晋级分母仅1只；≥4板晋级分母仅3只,2025-11-10 多云｜分类依据：挨打<60、延续<50且活跃≥35。挨打20.4：昨日涨停今日大跌3/54（5.56%），连板股大跌1/12（8.33%），跌停9只。延续49.7：最高5板；晋级：1板 5/42（11.90%）、2板 4/8（50.00%）、3板 1/1（100.00%）、≥4板 1/3（33.33%）。活跃65.5：成交2.174万亿元，为此前20日均额1.06倍；上涨占比63.26%；涨停71只。解释注意：3板晋级分母仅1只；≥4板晋级分母仅3只。
2025-11-11,project-review-v1-20261007,controller_authored_deterministic_explanation,挨打<60、延续<50且活跃≥35,昨日涨停今日大跌6/71（8.45%），连板股大跌1/11（9.09%），跌停1只,最高6板；晋级：1板 15/60（25.00%）、2板 1/5（20.00%）、3板 1/4（25.00%）、≥4板 1/2（50.00%）,成交1.993万亿元，为此前20日均额0.97倍；上涨占比50.65%；涨停66只,三大指数至少两个下跌，但上涨家数超过一半,False,3板晋级分母仅4只；≥4板晋级分母仅2只,3板晋级分母仅4只；≥4板晋级分母仅2只,2025-11-11 多云｜分类依据：挨打<60、延续<50且活跃≥35。挨打16.5：昨日涨停今日大跌6/71（8.45%），连板股大跌1/11（9.09%），跌停1只。延续42.4：最高6板；晋级：1板 15/60（25.00%）、2板 1/5（20.00%）、3板 1/4（25.00%）、≥4板 1/2（50.00%）。活跃48.0：成交1.993万亿元，为此前20日均额0.97倍；上涨占比50.65%；涨停66只。三大指数至少两个下跌，但上涨家数超过一半。解释注意：3板晋级分母仅4只；≥4板晋级分母仅2只。
2025-11-12,project-review-v1-20261007,controller_authored_deterministic_explanation,挨打<60且延续≥50；此分支不使用活跃，晴不表示普涨,昨日涨停今日大跌11/66（16.67%），连板股大跌2/18（11.11%），跌停5只,最高7板；晋级：1板 10/48（20.83%）、2板 6/15（40.00%）、3板 1/1（100.00%）、≥4板 2/2（100.00%）,成交1.945万亿元，为此前20日均额0.96倍；上涨占比30.99%；涨停58只,,False,3板晋级分母仅1只；≥4板晋级分母仅2只,3板晋级分母仅1只；≥4板晋级分母仅2只；2025标尺端点饱和：梯队完整度,2025-11-12 晴｜分类依据：挨打<60且延续≥50；此分支不使用活跃，晴不表示普涨。挨打35.9：昨日涨停今日大跌11/66（16.67%），连板股大跌2/18（11.11%），跌停5只。延续91.4：最高7板；晋级：1板 10/48（20.83%）、2板 6/15（40.00%）、3板 1/1（100.00%）、≥4板 2/2（100.00%）。活跃31.7：成交1.945万亿元，为此前20日均额0.96倍；上涨占比30.99%；涨停58只。解释注意：3板晋级分母仅1只；≥4板晋级分母仅2只；2025标尺端点饱和：梯队完整度。
2025-11-13,project-review-v1-20261007,controller_authored_deterministic_explanation,挨打<60且延续≥50；此分支不使用活跃，晴不表示普涨,昨日涨停今日大跌1/58（1.72%），连板股大跌0/19（0.00%），跌停0只,最高8板；晋级：1板 7/39（17.95%）、2板 5/10（50.00%）、3板 4/6（66.67%）、≥4板 3/3（100.00%）,成交2.042万亿元，为此前20日均额1.01倍；上涨占比72.47%；涨停86只,,False,≥4板晋级分母仅3只,≥4板晋级分母仅3只；2025标尺端点饱和：昨日涨停大跌、连板股大跌、跌停密度、分板晋级、梯队完整度、最高板,2025-11-13 晴｜分类依据：挨打<60且延续≥50；此分支不使用活跃，晴不表示普涨。挨打0.0：昨日涨停今日大跌1/58（1.72%），连板股大跌0/19（0.00%），跌停0只。延续100.0：最高8板；晋级：1板 7/39（17.95%）、2板 5/10（50.00%）、3板 4/6（66.67%）、≥4板 3/3（100.00%）。活跃76.1：成交2.042万亿元，为此前20日均额1.01倍；上涨占比72.47%；涨停86只。解释注意：≥4板晋级分母仅3只；2025标尺端点饱和：昨日涨停大跌、连板股大跌、跌停密度、分板晋级、梯队完整度、最高板。
2025-11-14,project-review-v1-20261007,controller_authored_deterministic_explanation,挨打<60且延续≥50；此分支不使用活跃，晴不表示普涨,昨日涨停今日大跌14/86（16.28%），连板股大跌6/19（31.58%），跌停6只,最高7板；晋级：1板 11/67（16.42%）、2板 3/7（42.86%）、3板 2/5（40.00%）、≥4板 5/7（71.43%）,成交1.958万亿元，为此前20日均额0.97倍；上涨占比36.50%；涨停71只,,False,,2025标尺端点饱和：梯队完整度,2025-11-14 晴｜分类依据：挨打<60且延续≥50；此分支不使用活跃，晴不表示普涨。挨打55.8：昨日涨停今日大跌14/86（16.28%），连板股大跌6/19（31.58%），跌停6只。延续80.5：最高7板；晋级：1板 11/67（16.42%）、2板 3/7（42.86%）、3板 2/5（40.00%）、≥4板 5/7（71.43%）。活跃43.7：成交1.958万亿元，为此前20日均额0.97倍；上涨占比36.50%；涨停71只。解释注意：2025标尺端点饱和：梯队完整度。
2025-11-17,project-review-v1-20261007,controller_authored_deterministic_explanation,挨打<60且延续≥50；此分支不使用活跃，晴不表示普涨,昨日涨停今日大跌14/71（19.72%），连板股大跌6/21（28.57%），跌停6只,最高8板；晋级：1板 13/50（26.00%）、2板 5/11（45.45%）、3板 2/3（66.67%）、≥4板 5/7（71.43%）,成交1.911万亿元，为此前20日均额0.94倍；上涨占比48.70%；涨停85只,,False,3板晋级分母仅3只,3板晋级分母仅3只；2025标尺端点饱和：分板晋级、梯队完整度、最高板,2025-11-17 晴｜分类依据：挨打<60且延续≥50；此分支不使用活跃，晴不表示普涨。挨打58.9：昨日涨停今日大跌14/71（19.72%），连板股大跌6/21（28.57%），跌停6只。延续100.0：最高8板；晋级：1板 13/50（26.00%）、2板 5/11（45.45%）、3板 2/3（66.67%）、≥4板 5/7（71.43%）。活跃56.7：成交1.911万亿元，为此前20日均额0.94倍；上涨占比48.70%；涨停85只。解释注意：3板晋级分母仅3只；2025标尺端点饱和：分板晋级、梯队完整度、最高板。
2025-11-18,project-review-v1-20261007,controller_authored_deterministic_explanation,挨打≥60且延续≥40,昨日涨停今日大跌21/83（25.30%），连板股大跌8/24（33.33%），跌停32只,最高6板；晋级：1板 8/59（13.56%）、2板 4/13（30.77%）、3板 2/4（50.00%）、≥4板 3/7（42.86%）,成交1.926万亿元，为此前20日均额0.95倍；上涨占比23.84%；涨停45只,,False,3板晋级分母仅4只,3板晋级分母仅4只；2025标尺端点饱和：跌停密度、梯队完整度；源或群体存在已披露质量缺口,2025-11-18 雷阵雨｜分类依据：挨打≥60且延续≥40。挨打92.7：昨日涨停今日大跌21/83（25.30%），连板股大跌8/24（33.33%），跌停32只。延续59.3：最高6板；晋级：1板 8/59（13.56%）、2板 4/13（30.77%）、3板 2/4（50.00%）、≥4板 3/7（42.86%）。活跃18.3：成交1.926万亿元，为此前20日均额0.95倍；上涨占比23.84%；涨停45只。解释注意：3板晋级分母仅4只；2025标尺端点饱和：跌停密度、梯队完整度；源或群体存在已披露质量缺口。
2025-11-19,project-review-v1-20261007,controller_authored_deterministic_explanation,挨打≥60且延续≥40,昨日涨停今日大跌7/45（15.56%），连板股大跌3/17（17.65%），跌停22只,最高6板；晋级：1板 7/28（25.00%）、2板 3/8（37.50%）、3板 3/4（75.00%）、≥4板 2/5（40.00%）,成交1.726万亿元，为此前20日均额0.85倍；上涨占比22.12%；涨停54只,三大指数至少两个上涨，但上涨家数不足一半,False,3板晋级分母仅4只,3板晋级分母仅4只；2025标尺端点饱和：跌停密度,2025-11-19 雷阵雨｜分类依据：挨打≥60且延续≥40。挨打60.2：昨日涨停今日大跌7/45（15.56%），连板股大跌3/17（17.65%），跌停22只。延续61.7：最高6板；晋级：1板 7/28（25.00%）、2板 3/8（37.50%）、3板 3/4（75.00%）、≥4板 2/5（40.00%）。活跃12.7：成交1.726万亿元，为此前20日均额0.85倍；上涨占比22.12%；涨停54只。三大指数至少两个上涨，但上涨家数不足一半。解释注意：3板晋级分母仅4只；2025标尺端点饱和：跌停密度。
2025-11-20,project-review-v1-20261007,controller_authored_deterministic_explanation,挨打≥60且延续≥40,昨日涨停今日大跌25/54（46.30%），连板股大跌7/15（46.67%），跌停10只,最高7板；晋级：1板 6/39（15.38%）、2板 2/7（28.57%）、3板 1/3（33.33%）、≥4板 3/5（60.00%）,成交1.708万亿元，为此前20日均额0.84倍；上涨占比27.01%；涨停41只,,False,3板晋级分母仅3只,3板晋级分母仅3只；2025标尺端点饱和：昨日涨停大跌、连板股大跌、梯队完整度、涨停密度,2025-11-20 雷阵雨｜分类依据：挨打≥60且延续≥40。挨打85.8：昨日涨停今日大跌25/54（46.30%），连板股大跌7/15（46.67%），跌停10只。延续68.1：最高7板；晋级：1板 6/39（15.38%）、2板 2/7（28.57%）、3板 1/3（33.33%）、≥4板 3/5（60.00%）。活跃5.7：成交1.708万亿元，为此前20日均额0.84倍；上涨占比27.01%；涨停41只。解释注意：3板晋级分母仅3只；2025标尺端点饱和：昨日涨停大跌、连板股大跌、梯队完整度、涨停密度。
2025-11-21,project-review-v1-20261007,controller_authored_deterministic_explanation,挨打≥60且延续≥40,昨日涨停今日大跌13/41（31.71%），连板股大跌7/12（58.33%），跌停75只,最高6板；晋级：1板 4/29（13.79%）、2板 3/6（50.00%）、3板 0/2（0.00%）、≥4板 2/4（50.00%）,成交1.965万亿元，为此前20日均额0.96倍；上涨占比6.39%；涨停28只,,False,3板晋级分母仅2只；≥4板晋级分母仅4只,3板晋级分母仅2只；≥4板晋级分母仅4只；2025标尺端点饱和：昨日涨停大跌、连板股大跌、跌停密度、上涨占比、涨停密度,2025-11-21 雷阵雨｜分类依据：挨打≥60且延续≥40。挨打100.0：昨日涨停今日大跌13/41（31.71%），连板股大跌7/12（58.33%），跌停75只。延续46.1：最高6板；晋级：1板 4/29（13.79%）、2板 3/6（50.00%）、3板 0/2（0.00%）、≥4板 2/4（50.00%）。活跃15.4：成交1.965万亿元，为此前20日均额0.96倍；上涨占比6.39%；涨停28只。解释注意：3板晋级分母仅2只；≥4板晋级分母仅4只；2025标尺端点饱和：昨日涨停大跌、连板股大跌、跌停密度、上涨占比、涨停密度。
2025-11-24,project-review-v1-20261007,controller_authored_deterministic_explanation,挨打≥60且延续≥40,昨日涨停今日大跌5/28（17.86%），连板股大跌2/9（22.22%），跌停23只,最高7板；晋级：1板 9/19（47.37%）、2板 1/4（25.00%）、3板 2/3（66.67%）、≥4板 1/2（50.00%）,成交1.728万亿元，为此前20日均额0.85倍；上涨占比78.21%；涨停66只,,True,2板晋级分母仅4只；3板晋级分母仅3只；≥4板晋级分母仅2只,2板晋级分母仅4只；3板晋级分母仅3只；≥4板晋级分母仅2只；2025标尺端点饱和：跌停密度,2025-11-24 雷阵雨｜分类依据：挨打≥60且延续≥40。挨打67.7：昨日涨停今日大跌5/28（17.86%），连板股大跌2/9（22.22%），跌停23只。延续75.2：最高7板；晋级：1板 9/19（47.37%）、2板 1/4（25.00%）、3板 2/3（66.67%）、≥4板 1/2（50.00%）。活跃49.0：成交1.728万亿元，为此前20日均额0.85倍；上涨占比78.21%；涨停66只。挨打达到惩罚分支，同时活跃达到多云分支的活跃门槛。解释注意：2板晋级分母仅4只；3板晋级分母仅3只；≥4板晋级分母仅2只；2025标尺端点饱和：跌停密度。
2025-11-25,project-review-v1-20261007,controller_authored_deterministic_explanation,挨打<60且延续≥50；此分支不使用活跃，晴不表示普涨,昨日涨停今日大跌4/64（6.25%），连板股大跌2/13（15.38%），跌停6只,最高5板；晋级：1板 5/51（9.80%）、2板 5/9（55.56%）、3板 1/1（100.00%）、≥4板 1/3（33.33%）,成交1.812万亿元，为此前20日均额0.90倍；上涨占比78.79%；涨停77只,,False,3板晋级分母仅1只；≥4板晋级分母仅3只,3板晋级分母仅1只；≥4板晋级分母仅3只；源或群体存在已披露质量缺口,2025-11-25 晴｜分类依据：挨打<60且延续≥50；此分支不使用活跃，晴不表示普涨。挨打23.6：昨日涨停今日大跌4/64（6.25%），连板股大跌2/13（15.38%），跌停6只。延续51.5：最高5板；晋级：1板 5/51（9.80%）、2板 5/9（55.56%）、3板 1/1（100.00%）、≥4板 1/3（33.33%）。活跃62.4：成交1.812万亿元，为此前20日均额0.90倍；上涨占比78.79%；涨停77只。解释注意：3板晋级分母仅1只；≥4板晋级分母仅3只；源或群体存在已披露质量缺口。
2025-11-26,project-review-v1-20261007,controller_authored_deterministic_explanation,挨打<60且延续≥50；此分支不使用活跃，晴不表示普涨,昨日涨停今日大跌7/77（9.09%），连板股大跌2/12（16.67%），跌停5只,最高5板；晋级：1板 14/65（21.54%）、2板 3/5（60.00%）、3板 3/5（60.00%）、≥4板 1/2（50.00%）,成交1.783万亿元，为此前20日均额0.90倍；上涨占比31.39%；涨停68只,三大指数至少两个上涨，但上涨家数不足一半,False,≥4板晋级分母仅2只,≥4板晋级分母仅2只,2025-11-26 晴｜分类依据：挨打<60且延续≥50；此分支不使用活跃，晴不表示普涨。挨打28.4：昨日涨停今日大跌7/77（9.09%），连板股大跌2/12（16.67%），跌停5只。延续59.7：最高5板；晋级：1板 14/65（21.54%）、2板 3/5（60.00%）、3板 3/5（60.00%）、≥4板 1/2（50.00%）。活跃31.7：成交1.783万亿元，为此前20日均额0.90倍；上涨占比31.39%；涨停68只。三大指数至少两个上涨，但上涨家数不足一半。解释注意：≥4板晋级分母仅2只。
2025-11-27,project-review-v1-20261007,controller_authored_deterministic_explanation,挨打≥60且延续<40,昨日涨停今日大跌20/68（29.41%），连板股大跌8/21（38.10%），跌停8只,最高4板；晋级：1板 6/47（12.77%）、2板 2/14（14.29%）、3板 2/3（66.67%）、≥4板 0/4（0.00%）,成交1.710万亿元，为此前20日均额0.87倍；上涨占比53.51%；涨停53只,三大指数至少两个下跌，但上涨家数超过一半,False,3板晋级分母仅3只；≥4板晋级分母仅4只,3板晋级分母仅3只；≥4板晋级分母仅4只；2025标尺端点饱和：昨日涨停大跌、分板晋级、梯队完整度、最高板,2025-11-27 暴雨｜分类依据：挨打≥60且延续<40。挨打81.3：昨日涨停今日大跌20/68（29.41%），连板股大跌8/21（38.10%），跌停8只。延续0.0：最高4板；晋级：1板 6/47（12.77%）、2板 2/14（14.29%）、3板 2/3（66.67%）、≥4板 0/4（0.00%）。活跃30.3：成交1.710万亿元，为此前20日均额0.87倍；上涨占比53.51%；涨停53只。三大指数至少两个下跌，但上涨家数超过一半。解释注意：3板晋级分母仅3只；≥4板晋级分母仅4只；2025标尺端点饱和：昨日涨停大跌、分板晋级、梯队完整度、最高板。
2025-11-28,project-review-v1-20261007,controller_authored_deterministic_explanation,挨打<60、延续<50且活跃≥35,昨日涨停今日大跌8/53（15.09%），连板股大跌4/10（40.00%），跌停3只,最高5板；晋级：1板 5/43（11.63%）、2板 2/6（33.33%）、3板 1/2（50.00%）、≥4板 1/2（50.00%）,成交1.586万亿元，为此前20日均额0.82倍；上涨占比77.85%；涨停70只,,False,3板晋级分母仅2只；≥4板晋级分母仅2只,3板晋级分母仅2只；≥4板晋级分母仅2只,2025-11-28 多云｜分类依据：挨打<60、延续<50且活跃≥35。挨打55.2：昨日涨停今日大跌8/53（15.09%），连板股大跌4/10（40.00%），跌停3只。延续39.2：最高5板；晋级：1板 5/43（11.63%）、2板 2/6（33.33%）、3板 1/2（50.00%）、≥4板 1/2（50.00%）。活跃48.4：成交1.586万亿元，为此前20日均额0.82倍；上涨占比77.85%；涨停70只。解释注意：3板晋级分母仅2只；≥4板晋级分母仅2只。
2025-12-01,project-review-v1-20261007,controller_authored_deterministic_explanation,挨打<60且延续≥50；此分支不使用活跃，晴不表示普涨,昨日涨停今日大跌2/70（2.86%），连板股大跌0/9（0.00%），跌停4只,最高6板；晋级：1板 11/61（18.03%）、2板 4/5（80.00%）、3板 2/2（100.00%）、≥4板 1/2（50.00%）,成交1.874万亿元，为此前20日均额0.99倍；上涨占比61.56%；涨停63只,,False,3板晋级分母仅2只；≥4板晋级分母仅2只,3板晋级分母仅2只；≥4板晋级分母仅2只；2025标尺端点饱和：昨日涨停大跌、分板晋级,2025-12-01 晴｜分类依据：挨打<60且延续≥50；此分支不使用活跃，晴不表示普涨。挨打4.1：昨日涨停今日大跌2/70（2.86%），连板股大跌0/9（0.00%），跌停4只。延续70.0：最高6板；晋级：1板 11/61（18.03%）、2板 4/5（80.00%）、3板 2/2（100.00%）、≥4板 1/2（50.00%）。活跃53.2：成交1.874万亿元，为此前20日均额0.99倍；上涨占比61.56%；涨停63只。解释注意：3板晋级分母仅2只；≥4板晋级分母仅2只；2025标尺端点饱和：昨日涨停大跌、分板晋级。
2025-12-02,project-review-v1-20261007,controller_authored_deterministic_explanation,挨打<60且延续≥50；此分支不使用活跃，晴不表示普涨,昨日涨停今日大跌4/63（6.35%），连板股大跌0/18（0.00%），跌停3只,最高7板；晋级：1板 4/45（8.89%）、2板 5/11（45.45%）、3板 3/4（75.00%）、≥4板 3/3（100.00%）,成交1.593万亿元，为此前20日均额0.85倍；上涨占比29.26%；涨停47只,,False,3板晋级分母仅4只；≥4板晋级分母仅3只,3板晋级分母仅4只；≥4板晋级分母仅3只；2025标尺端点饱和：连板股大跌、梯队完整度,2025-12-02 晴｜分类依据：挨打<60且延续≥50；此分支不使用活跃，晴不表示普涨。挨打8.5：昨日涨停今日大跌4/63（6.35%），连板股大跌0/18（0.00%），跌停3只。延续91.8：最高7板；晋级：1板 4/45（8.89%）、2板 5/11（45.45%）、3板 3/4（75.00%）、≥4板 3/3（100.00%）。活跃11.5：成交1.593万亿元，为此前20日均额0.85倍；上涨占比29.26%；涨停47只。解释注意：3板晋级分母仅4只；≥4板晋级分母仅3只；2025标尺端点饱和：连板股大跌、梯队完整度。
2025-12-03,project-review-v1-20261007,controller_authored_deterministic_explanation,挨打≥60且延续≥40,昨日涨停今日大跌9/47（19.15%），连板股大跌4/15（26.67%），跌停10只,最高6板；晋级：1板 6/32（18.75%）、2板 1/4（25.00%）、3板 1/5（20.00%）、≥4板 3/6（50.00%）,成交1.670万亿元，为此前20日均额0.89倍；上涨占比27.36%；涨停47只,,False,2板晋级分母仅4只,2板晋级分母仅4只；2025标尺端点饱和：梯队完整度,2025-12-03 雷阵雨｜分类依据：挨打≥60且延续≥40。挨打60.2：昨日涨停今日大跌9/47（19.15%），连板股大跌4/15（26.67%），跌停10只。延续53.8：最高6板；晋级：1板 6/32（18.75%）、2板 1/4（25.00%）、3板 1/5（20.00%）、≥4板 3/6（50.00%）。活跃15.7：成交1.670万亿元，为此前20日均额0.89倍；上涨占比27.36%；涨停47只。解释注意：2板晋级分母仅4只；2025标尺端点饱和：梯队完整度。
2025-12-04,project-review-v1-20261007,controller_authored_deterministic_explanation,挨打≥60且延续<40,昨日涨停今日大跌10/46（21.74%），连板股大跌5/11（45.45%），跌停14只,最高3板；晋级：1板 7/35（20.00%）、2板 3/6（50.00%）、3板 0/1（0.00%）、≥4板 0/4（0.00%）,成交1.549万亿元，为此前20日均额0.83倍；上涨占比27.81%；涨停38只,三大指数至少两个上涨，但上涨家数不足一半,False,3板晋级分母仅1只；≥4板晋级分母仅4只,3板晋级分母仅1只；≥4板晋级分母仅4只；2025标尺端点饱和：连板股大跌、梯队完整度、最高板、涨停密度；源或群体存在已披露质量缺口,2025-12-04 暴雨｜分类依据：挨打≥60且延续<40。挨打82.8：昨日涨停今日大跌10/46（21.74%），连板股大跌5/11（45.45%），跌停14只。延续11.6：最高3板；晋级：1板 7/35（20.00%）、2板 3/6（50.00%）、3板 0/1（0.00%）、≥4板 0/4（0.00%）。活跃5.5：成交1.549万亿元，为此前20日均额0.83倍；上涨占比27.81%；涨停38只。三大指数至少两个上涨，但上涨家数不足一半。解释注意：3板晋级分母仅1只；≥4板晋级分母仅4只；2025标尺端点饱和：连板股大跌、梯队完整度、最高板、涨停密度；源或群体存在已披露质量缺口。
2025-12-05,project-review-v1-20261007,controller_authored_deterministic_explanation,挨打<60、延续<50且活跃≥35,昨日涨停今日大跌6/38（15.79%），连板股大跌2/10（20.00%），跌停2只,最高4板；晋级：1板 4/28（14.29%）、2板 5/7（71.43%）、3板 2/3（66.67%）、≥4板 0/0（比例缺失）,成交1.726万亿元，为此前20日均额0.94倍；上涨占比80.55%；涨停73只,,False,3板晋级分母仅3只；≥4板晋级无可观察样本,3板晋级分母仅3只；≥4板晋级无可观察样本；2025标尺端点饱和：梯队完整度、最高板、上涨占比,2025-12-05 多云｜分类依据：挨打<60、延续<50且活跃≥35。挨打39.1：昨日涨停今日大跌6/38（15.79%），连板股大跌2/10（20.00%），跌停2只。延续37.9：最高4板；晋级：1板 4/28（14.29%）、2板 5/7（71.43%）、3板 2/3（66.67%）、≥4板 0/0（比例缺失）。活跃64.1：成交1.726万亿元，为此前20日均额0.94倍；上涨占比80.55%；涨停73只。解释注意：3板晋级分母仅3只；≥4板晋级无可观察样本；2025标尺端点饱和：梯队完整度、最高板、上涨占比。
2025-12-08,project-review-v1-20261007,controller_authored_deterministic_explanation,挨打<60且延续≥50；此分支不使用活跃，晴不表示普涨,昨日涨停今日大跌0/72（0.00%），连板股大跌0/11（0.00%），跌停2只,最高5板；晋级：1板 20/61（32.79%）、2板 2/4（50.00%）、3板 3/5（60.00%）、≥4板 1/2（50.00%）,成交2.037万亿元，为此前20日均额1.12倍；上涨占比62.33%；涨停74只,,False,2板晋级分母仅4只；≥4板晋级分母仅2只,2板晋级分母仅4只；≥4板晋级分母仅2只；2025标尺端点饱和：昨日涨停大跌、连板股大跌；源或群体存在已披露质量缺口,2025-12-08 晴｜分类依据：挨打<60且延续≥50；此分支不使用活跃，晴不表示普涨。挨打1.2：昨日涨停今日大跌0/72（0.00%），连板股大跌0/11（0.00%），跌停2只。延续62.0：最高5板；晋级：1板 20/61（32.79%）、2板 2/4（50.00%）、3板 3/5（60.00%）、≥4板 1/2（50.00%）。活跃72.5：成交2.037万亿元，为此前20日均额1.12倍；上涨占比62.33%；涨停74只。解释注意：2板晋级分母仅4只；≥4板晋级分母仅2只；2025标尺端点饱和：昨日涨停大跌、连板股大跌；源或群体存在已披露质量缺口。
2025-12-09,project-review-v1-20261007,controller_authored_deterministic_explanation,挨打<60且延续≥50；此分支不使用活跃，晴不表示普涨,昨日涨停今日大跌10/73（13.70%），连板股大跌7/26（26.92%），跌停7只,最高6板；晋级：1板 10/47（21.28%）、2板 3/20（15.00%）、3板 1/2（50.00%）、≥4板 3/4（75.00%）,成交1.904万亿元，为此前20日均额1.05倍；上涨占比24.39%；涨停53只,,False,3板晋级分母仅2只；≥4板晋级分母仅4只,3板晋级分母仅2只；≥4板晋级分母仅4只；2025标尺端点饱和：梯队完整度；源或群体存在已披露质量缺口,2025-12-09 晴｜分类依据：挨打<60且延续≥50；此分支不使用活跃，晴不表示普涨。挨打48.3：昨日涨停今日大跌10/73（13.70%），连板股大跌7/26（26.92%），跌停7只。延续61.3：最高6板；晋级：1板 10/47（21.28%）、2板 3/20（15.00%）、3板 1/2（50.00%）、≥4板 3/4（75.00%）。活跃33.4：成交1.904万亿元，为此前20日均额1.05倍；上涨占比24.39%；涨停53只。解释注意：3板晋级分母仅2只；≥4板晋级分母仅4只；2025标尺端点饱和：梯队完整度；源或群体存在已披露质量缺口。
2025-12-10,project-review-v1-20261007,controller_authored_deterministic_explanation,挨打<60且延续≥50；此分支不使用活跃，晴不表示普涨,昨日涨停今日大跌8/53（15.09%），连板股大跌3/17（17.65%），跌停3只,最高6板；晋级：1板 8/36（22.22%）、2板 5/10（50.00%）、3板 2/3（66.67%）、≥4板 1/4（25.00%）,成交1.778万亿元，为此前20日均额0.98倍；上涨占比45.60%；涨停57只,,False,3板晋级分母仅3只；≥4板晋级分母仅4只,3板晋级分母仅3只；≥4板晋级分母仅4只,2025-12-10 晴｜分类依据：挨打<60且延续≥50；此分支不使用活跃，晴不表示普涨。挨打36.9：昨日涨停今日大跌8/53（15.09%），连板股大跌3/17（17.65%），跌停3只。延续60.3：最高6板；晋级：1板 8/36（22.22%）、2板 5/10（50.00%）、3板 2/3（66.67%）、≥4板 1/4（25.00%）。活跃40.6：成交1.778万亿元，为此前20日均额0.98倍；上涨占比45.60%；涨停57只。解释注意：3板晋级分母仅3只；≥4板晋级分母仅4只。
2025-12-11,project-review-v1-20261007,controller_authored_deterministic_explanation,挨打≥60且延续<40,昨日涨停今日大跌12/57（21.05%），连板股大跌5/16（31.25%），跌停20只,最高5板；晋级：1板 5/41（12.20%）、2板 1/8（12.50%）、3板 2/5（40.00%）、≥4板 1/3（33.33%）,成交1.857万亿元，为此前20日均额1.03倍；上涨占比14.45%；涨停32只,,False,≥4板晋级分母仅3只,≥4板晋级分母仅3只；2025标尺端点饱和：上涨占比、涨停密度,2025-12-11 暴雨｜分类依据：挨打≥60且延续<40。挨打79.9：昨日涨停今日大跌12/57（21.05%），连板股大跌5/16（31.25%），跌停20只。延续22.8：最高5板；晋级：1板 5/41（12.20%）、2板 1/8（12.50%）、3板 2/5（40.00%）、≥4板 1/3（33.33%）。活跃21.9：成交1.857万亿元，为此前20日均额1.03倍；上涨占比14.45%；涨停32只。解释注意：≥4板晋级分母仅3只；2025标尺端点饱和：上涨占比、涨停密度。
2025-12-12,project-review-v1-20261007,controller_authored_deterministic_explanation,挨打<60、延续<50且活跃≥35,昨日涨停今日大跌3/32（9.38%），连板股大跌3/9（33.33%），跌停16只,最高5板；晋级：1板 10/23（43.48%）、2板 1/5（20.00%）、3板 0/1（0.00%）、≥4板 1/3（33.33%）,成交2.092万亿元，为此前20日均额1.17倍；上涨占比49.62%；涨停77只,三大指数至少两个上涨，但上涨家数不足一半,False,3板晋级分母仅1只；≥4板晋级分母仅3只,3板晋级分母仅1只；≥4板晋级分母仅3只；2025标尺端点饱和：梯队完整度,2025-12-12 多云｜分类依据：挨打<60、延续<50且活跃≥35。挨打55.8：昨日涨停今日大跌3/32（9.38%），连板股大跌3/9（33.33%），跌停16只。延续27.9：最高5板；晋级：1板 10/23（43.48%）、2板 1/5（20.00%）、3板 0/1（0.00%）、≥4板 1/3（33.33%）。活跃72.1：成交2.092万亿元，为此前20日均额1.17倍；上涨占比49.62%；涨停77只。三大指数至少两个上涨，但上涨家数不足一半。解释注意：3板晋级分母仅1只；≥4板晋级分母仅3只；2025标尺端点饱和：梯队完整度。
2025-12-15,project-review-v1-20261007,controller_authored_deterministic_explanation,挨打<60、延续<50且活跃≥35,昨日涨停今日大跌10/76（13.16%），连板股大跌4/12（33.33%），跌停10只,最高6板；晋级：1板 6/64（9.38%）、2板 6/10（60.00%）、3板 0/1（0.00%）、≥4板 1/1（100.00%）,成交1.773万亿元，为此前20日均额0.99倍；上涨占比42.76%；涨停58只,,False,3板晋级分母仅1只；≥4板晋级分母仅1只,3板晋级分母仅1只；≥4板晋级分母仅1只；2025标尺端点饱和：梯队完整度；源或群体存在已披露质量缺口,2025-12-15 多云｜分类依据：挨打<60、延续<50且活跃≥35。挨打55.6：昨日涨停今日大跌10/76（13.16%），连板股大跌4/12（33.33%），跌停10只。延续42.8：最高6板；晋级：1板 6/64（9.38%）、2板 6/10（60.00%）、3板 0/1（0.00%）、≥4板 1/1（100.00%）。活跃40.1：成交1.773万亿元，为此前20日均额0.99倍；上涨占比42.76%；涨停58只。解释注意：3板晋级分母仅1只；≥4板晋级分母仅1只；2025标尺端点饱和：梯队完整度；源或群体存在已披露质量缺口。
2025-12-16,project-review-v1-20261007,controller_authored_deterministic_explanation,挨打<60、延续<50且活跃<35,昨日涨停今日大跌10/58（17.24%），连板股大跌3/13（23.08%），跌停15只,最高4板；晋级：1板 7/45（15.56%）、2板 2/6（33.33%）、3板 3/6（50.00%）、≥4板 0/1（0.00%）,成交1.724万亿元，为此前20日均额0.96倍；上涨占比16.99%；涨停40只,,False,≥4板晋级分母仅1只,≥4板晋级分母仅1只；2025标尺端点饱和：梯队完整度、最高板、上涨占比、涨停密度,2025-12-16 阴｜分类依据：挨打<60、延续<50且活跃<35。挨打59.9：昨日涨停今日大跌10/58（17.24%），连板股大跌3/13（23.08%），跌停15只。延续14.7：最高4板；晋级：1板 7/45（15.56%）、2板 2/6（33.33%）、3板 3/6（50.00%）、≥4板 0/1（0.00%）。活跃15.4：成交1.724万亿元，为此前20日均额0.96倍；上涨占比16.99%；涨停40只。解释注意：≥4板晋级分母仅1只；2025标尺端点饱和：梯队完整度、最高板、上涨占比、涨停密度。
2025-12-17,project-review-v1-20261007,controller_authored_deterministic_explanation,挨打≥60且延续<40,昨日涨停今日大跌8/40（20.00%），连板股大跌3/12（25.00%），跌停21只,最高5板；晋级：1板 5/28（17.86%）、2板 1/7（14.29%）、3板 1/2（50.00%）、≥4板 1/3（33.33%）,成交1.811万亿元，为此前20日均额1.02倍；上涨占比67.72%；涨停50只,,True,3板晋级分母仅2只；≥4板晋级分母仅3只,3板晋级分母仅2只；≥4板晋级分母仅3只,2025-12-17 暴雨｜分类依据：挨打≥60且延续<40。挨打73.0：昨日涨停今日大跌8/40（20.00%），连板股大跌3/12（25.00%），跌停21只。延续30.7：最高5板；晋级：1板 5/28（17.86%）、2板 1/7（14.29%）、3板 1/2（50.00%）、≥4板 1/3（33.33%）。活跃50.5：成交1.811万亿元，为此前20日均额1.02倍；上涨占比67.72%；涨停50只。挨打达到惩罚分支，同时活跃达到多云分支的活跃门槛。解释注意：3板晋级分母仅2只；≥4板晋级分母仅3只。
2025-12-18,project-review-v1-20261007,controller_authored_deterministic_explanation,挨打<60且延续≥50；此分支不使用活跃，晴不表示普涨,昨日涨停今日大跌3/49（6.12%），连板股大跌1/8（12.50%），跌停4只,最高6板；晋级：1板 11/41（26.83%）、2板 4/5（80.00%）、3板 0/1（0.00%）、≥4板 2/2（100.00%）,成交1.655万亿元，为此前20日均额0.93倍；上涨占比53.04%；涨停59只,三大指数至少两个下跌，但上涨家数超过一半,False,3板晋级分母仅1只；≥4板晋级分母仅2只,3板晋级分母仅1只；≥4板晋级分母仅2只；2025标尺端点饱和：分板晋级；源或群体存在已披露质量缺口,2025-12-18 晴｜分类依据：挨打<60且延续≥50；此分支不使用活跃，晴不表示普涨。挨打20.0：昨日涨停今日大跌3/49（6.12%），连板股大跌1/8（12.50%），跌停4只。延续70.0：最高6板；晋级：1板 11/41（26.83%）、2板 4/5（80.00%）、3板 0/1（0.00%）、≥4板 2/2（100.00%）。活跃40.2：成交1.655万亿元，为此前20日均额0.93倍；上涨占比53.04%；涨停59只。三大指数至少两个下跌，但上涨家数超过一半。解释注意：3板晋级分母仅1只；≥4板晋级分母仅2只；2025标尺端点饱和：分板晋级；源或群体存在已披露质量缺口。
2025-12-19,project-review-v1-20261007,controller_authored_deterministic_explanation,挨打<60且延续≥50；此分支不使用活跃，晴不表示普涨,昨日涨停今日大跌2/59（3.39%），连板股大跌1/17（5.88%），跌停2只,最高6板；晋级：1板 8/42（19.05%）、2板 5/11（45.45%）、3板 1/4（25.00%）、≥4板 1/2（50.00%）,成交1.726万亿元，为此前20日均额0.97倍；上涨占比82.09%；涨停72只,,False,3板晋级分母仅4只；≥4板晋级分母仅2只,3板晋级分母仅4只；≥4板晋级分母仅2只；2025标尺端点饱和：上涨占比,2025-12-19 晴｜分类依据：挨打<60且延续≥50；此分支不使用活跃，晴不表示普涨。挨打4.8：昨日涨停今日大跌2/59（3.39%），连板股大跌1/17（5.88%），跌停2只。延续50.3：最高6板；晋级：1板 8/42（19.05%）、2板 5/11（45.45%）、3板 1/4（25.00%）、≥4板 1/2（50.00%）。活跃66.1：成交1.726万亿元，为此前20日均额0.97倍；上涨占比82.09%；涨停72只。解释注意：3板晋级分母仅4只；≥4板晋级分母仅2只；2025标尺端点饱和：上涨占比。
2025-12-22,project-review-v1-20261007,controller_authored_deterministic_explanation,挨打<60且延续≥50；此分支不使用活跃，晴不表示普涨,昨日涨停今日大跌5/71（7.04%），连板股大跌4/15（26.67%），跌停8只,最高7板；晋级：1板 11/56（19.64%）、2板 1/8（12.50%）、3板 3/5（60.00%）、≥4板 1/2（50.00%）,成交1.862万亿元，为此前20日均额1.05倍；上涨占比54.62%；涨停79只,,False,≥4板晋级分母仅2只,≥4板晋级分母仅2只；源或群体存在已披露质量缺口,2025-12-22 晴｜分类依据：挨打<60且延续≥50；此分支不使用活跃，晴不表示普涨。挨打37.2：昨日涨停今日大跌5/71（7.04%），连板股大跌4/15（26.67%），跌停8只。延续52.2：最高7板；晋级：1板 11/56（19.64%）、2板 1/8（12.50%）、3板 3/5（60.00%）、≥4板 1/2（50.00%）。活跃66.0：成交1.862万亿元，为此前20日均额1.05倍；上涨占比54.62%；涨停79只。解释注意：≥4板晋级分母仅2只；源或群体存在已披露质量缺口。
2025-12-23,project-review-v1-20261007,controller_authored_deterministic_explanation,挨打<60且延续≥50；此分支不使用活跃，晴不表示普涨,昨日涨停今日大跌12/79（15.19%），连板股大跌5/16（31.25%），跌停10只,最高8板；晋级：1板 8/63（12.70%）、2板 5/11（45.45%）、3板 1/1（100.00%）、≥4板 3/4（75.00%）,成交1.900万亿元，为此前20日均额1.07倍；上涨占比28.51%；涨停54只,三大指数至少两个上涨，但上涨家数不足一半,False,3板晋级分母仅1只；≥4板晋级分母仅4只,3板晋级分母仅1只；≥4板晋级分母仅4只；2025标尺端点饱和：梯队完整度、最高板,2025-12-23 晴｜分类依据：挨打<60且延续≥50；此分支不使用活跃，晴不表示普涨。挨打58.0：昨日涨停今日大跌12/79（15.19%），连板股大跌5/16（31.25%），跌停10只。延续95.3：最高8板；晋级：1板 8/63（12.70%）、2板 5/11（45.45%）、3板 1/1（100.00%）、≥4板 3/4（75.00%）。活跃37.9：成交1.900万亿元，为此前20日均额1.07倍；上涨占比28.51%；涨停54只。三大指数至少两个上涨，但上涨家数不足一半。解释注意：3板晋级分母仅1只；≥4板晋级分母仅4只；2025标尺端点饱和：梯队完整度、最高板。
2025-12-24,project-review-v1-20261007,controller_authored_deterministic_explanation,挨打<60且延续≥50；此分支不使用活跃，晴不表示普涨,昨日涨停今日大跌5/53（9.43%），连板股大跌2/17（11.76%），跌停4只,最高9板；晋级：1板 5/36（13.89%）、2板 5/8（62.50%）、3板 1/5（20.00%）、≥4板 3/4（75.00%）,成交1.880万亿元，为此前20日均额1.06倍；上涨占比77.83%；涨停75只,,False,≥4板晋级分母仅4只,≥4板晋级分母仅4只；2025标尺端点饱和：梯队完整度、最高板；源或群体存在已披露质量缺口,2025-12-24 晴｜分类依据：挨打<60且延续≥50；此分支不使用活跃，晴不表示普涨。挨打23.0：昨日涨停今日大跌5/53（9.43%），连板股大跌2/17（11.76%），跌停4只。延续88.8：最高9板；晋级：1板 5/36（13.89%）、2板 5/8（62.50%）、3板 1/5（20.00%）、≥4板 3/4（75.00%）。活跃75.5：成交1.880万亿元，为此前20日均额1.06倍；上涨占比77.83%；涨停75只。解释注意：≥4板晋级分母仅4只；2025标尺端点饱和：梯队完整度、最高板；源或群体存在已披露质量缺口。
2025-12-25,project-review-v1-20261007,controller_authored_deterministic_explanation,挨打<60且延续≥50；此分支不使用活跃，晴不表示普涨,昨日涨停今日大跌2/75（2.67%），连板股大跌0/14（0.00%），跌停0只,最高10板；晋级：1板 12/61（19.67%）、2板 2/5（40.00%）、3板 4/5（80.00%）、≥4板 3/4（75.00%）,成交1.924万亿元，为此前20日均额1.08倍；上涨占比70.14%；涨停80只,,False,≥4板晋级分母仅4只,≥4板晋级分母仅4只；2025标尺端点饱和：昨日涨停大跌、连板股大跌、跌停密度、分板晋级、最高板,2025-12-25 晴｜分类依据：挨打<60且延续≥50；此分支不使用活跃，晴不表示普涨。挨打0.0：昨日涨停今日大跌2/75（2.67%），连板股大跌0/14（0.00%），跌停0只。延续85.0：最高10板；晋级：1板 12/61（19.67%）、2板 2/5（40.00%）、3板 4/5（80.00%）、≥4板 3/4（75.00%）。活跃76.8：成交1.924万亿元，为此前20日均额1.08倍；上涨占比70.14%；涨停80只。解释注意：≥4板晋级分母仅4只；2025标尺端点饱和：昨日涨停大跌、连板股大跌、跌停密度、分板晋级、最高板。
2025-12-26,project-review-v1-20261007,controller_authored_deterministic_explanation,挨打<60且延续≥50；此分支不使用活跃，晴不表示普涨,昨日涨停今日大跌4/80（5.00%），连板股大跌0/21（0.00%），跌停1只,最高11板；晋级：1板 8/59（13.56%）、2板 8/12（66.67%）、3板 1/2（50.00%）、≥4板 4/7（57.14%）,成交2.160万亿元，为此前20日均额1.20倍；上涨占比34.24%；涨停81只,三大指数至少两个上涨，但上涨家数不足一半,False,3板晋级分母仅2只,3板晋级分母仅2只；2025标尺端点饱和：连板股大跌、跌停密度、梯队完整度、最高板,2025-12-26 晴｜分类依据：挨打<60且延续≥50；此分支不使用活跃，晴不表示普涨。挨打3.6：昨日涨停今日大跌4/80（5.00%），连板股大跌0/21（0.00%），跌停1只。延续99.1：最高11板；晋级：1板 8/59（13.56%）、2板 8/12（66.67%）、3板 1/2（50.00%）、≥4板 4/7（57.14%）。活跃69.5：成交2.160万亿元，为此前20日均额1.20倍；上涨占比34.24%；涨停81只。三大指数至少两个上涨，但上涨家数不足一半。解释注意：3板晋级分母仅2只；2025标尺端点饱和：连板股大跌、跌停密度、梯队完整度、最高板。
2025-12-29,project-review-v1-20261007,controller_authored_deterministic_explanation,挨打≥60且延续≥40,昨日涨停今日大跌21/81（25.93%），连板股大跌7/21（33.33%），跌停16只,最高12板；晋级：1板 8/60（13.33%）、2板 4/8（50.00%）、3板 3/8（37.50%）、≥4板 3/5（60.00%）,成交2.139万亿元，为此前20日均额1.17倍；上涨占比38.01%；涨停74只,,True,,2025标尺端点饱和：昨日涨停大跌、最高板,2025-12-29 雷阵雨｜分类依据：挨打≥60且延续≥40。挨打86.3：昨日涨停今日大跌21/81（25.93%），连板股大跌7/21（33.33%），跌停16只。延续69.0：最高12板；晋级：1板 8/60（13.33%）、2板 4/8（50.00%）、3板 3/8（37.50%）、≥4板 3/5（60.00%）。活跃64.4：成交2.139万亿元，为此前20日均额1.17倍；上涨占比38.01%；涨停74只。挨打达到惩罚分支，同时活跃达到多云分支的活跃门槛。解释注意：2025标尺端点饱和：昨日涨停大跌、最高板。
2025-12-30,project-review-v1-20261007,controller_authored_deterministic_explanation,挨打≥60且延续≥40,昨日涨停今日大跌19/72（26.39%），连板股大跌3/17（17.65%），跌停12只,最高10板；晋级：1板 12/55（21.82%）、2板 1/8（12.50%）、3板 3/4（75.00%）、≥4板 2/5（40.00%）,成交2.142万亿元，为此前20日均额1.17倍；上涨占比33.62%；涨停53只,三大指数至少两个上涨，但上涨家数不足一半,True,3板晋级分母仅4只,3板晋级分母仅4只；2025标尺端点饱和：昨日涨停大跌、梯队完整度、最高板；源或群体存在已披露质量缺口,2025-12-30 雷阵雨｜分类依据：挨打≥60且延续≥40。挨打66.6：昨日涨停今日大跌19/72（26.39%），连板股大跌3/17（17.65%），跌停12只。延续77.7：最高10板；晋级：1板 12/55（21.82%）、2板 1/8（12.50%）、3板 3/4（75.00%）、≥4板 2/5（40.00%）。活跃48.0：成交2.142万亿元，为此前20日均额1.17倍；上涨占比33.62%；涨停53只。挨打达到惩罚分支，同时活跃达到多云分支的活跃门槛；三大指数至少两个上涨，但上涨家数不足一半。解释注意：3板晋级分母仅4只；2025标尺端点饱和：昨日涨停大跌、梯队完整度、最高板；源或群体存在已披露质量缺口。
2025-12-31,project-review-v1-20261007,controller_authored_deterministic_explanation,挨打<60、延续<50且活跃≥35,昨日涨停今日大跌5/52（9.62%），连板股大跌3/17（17.65%），跌停7只,最高6板；晋级：1板 4/35（11.43%）、2板 4/11（36.36%）、3板 0/1（0.00%）、≥4板 3/5（60.00%）,成交2.045万亿元，为此前20日均额1.10倍；上涨占比45.58%；涨停56只,,False,3板晋级分母仅1只,3板晋级分母仅1只；源或群体存在已披露质量缺口,2025-12-31 多云｜分类依据：挨打<60、延续<50且活跃≥35。挨打32.4：昨日涨停今日大跌5/52（9.62%），连板股大跌3/17（17.65%），跌停7只。延续45.3：最高6板；晋级：1板 4/35（11.43%）、2板 4/11（36.36%）、3板 0/1（0.00%）、≥4板 3/5（60.00%）。活跃50.2：成交2.045万亿元，为此前20日均额1.10倍；上涨占比45.58%；涨停56只。解释注意：3板晋级分母仅1只；源或群体存在已披露质量缺口。
2026-01-05,project-review-v1-20261007,controller_authored_deterministic_explanation,挨打<60、延续<50且活跃≥35,昨日涨停今日大跌6/56（10.71%），连板股大跌5/11（45.45%），跌停9只,最高6板；晋级：1板 11/45（24.44%）、2板 1/4（25.00%）、3板 1/4（25.00%）、≥4板 1/3（33.33%）,成交2.546万亿元，为此前20日均额1.35倍；上涨占比76.86%；涨停107只,,False,2板晋级分母仅4只；3板晋级分母仅4只；≥4板晋级分母仅3只,2板晋级分母仅4只；3板晋级分母仅4只；≥4板晋级分母仅3只；2025标尺端点饱和：连板股大跌、成交额相对20日、涨停密度,2026-01-05 多云｜分类依据：挨打<60、延续<50且活跃≥35。挨打58.2：昨日涨停今日大跌6/56（10.71%），连板股大跌5/11（45.45%），跌停9只。延续41.2：最高6板；晋级：1板 11/45（24.44%）、2板 1/4（25.00%）、3板 1/4（25.00%）、≥4板 1/3（33.33%）。活跃98.8：成交2.546万亿元，为此前20日均额1.35倍；上涨占比76.86%；涨停107只。解释注意：2板晋级分母仅4只；3板晋级分母仅4只；≥4板晋级分母仅3只；2025标尺端点饱和：连板股大跌、成交额相对20日、涨停密度。
2026-01-06,project-review-v1-20261007,controller_authored_deterministic_explanation,挨打<60且延续≥50；此分支不使用活跃，晴不表示普涨,昨日涨停今日大跌1/107（0.93%），连板股大跌0/14（0.00%），跌停1只,最高7板；晋级：1板 32/93（34.41%）、2板 6/11（54.55%）、3板 1/1（100.00%）、≥4板 2/2（100.00%）,成交2.806万亿元，为此前20日均额1.45倍；上涨占比74.65%；涨停118只,,False,3板晋级分母仅1只；≥4板晋级分母仅2只,3板晋级分母仅1只；≥4板晋级分母仅2只；2025标尺端点饱和：昨日涨停大跌、连板股大跌、跌停密度、分板晋级、梯队完整度、成交额相对20日、涨停密度,2026-01-06 晴｜分类依据：挨打<60且延续≥50；此分支不使用活跃，晴不表示普涨。挨打0.0：昨日涨停今日大跌1/107（0.93%），连板股大跌0/14（0.00%），跌停1只。延续92.5：最高7板；晋级：1板 32/93（34.41%）、2板 6/11（54.55%）、3板 1/1（100.00%）、≥4板 2/2（100.00%）。活跃97.7：成交2.806万亿元，为此前20日均额1.45倍；上涨占比74.65%；涨停118只。解释注意：3板晋级分母仅1只；≥4板晋级分母仅2只；2025标尺端点饱和：昨日涨停大跌、连板股大跌、跌停密度、分板晋级、梯队完整度、成交额相对20日、涨停密度。
2026-01-07,project-review-v1-20261007,controller_authored_deterministic_explanation,挨打<60且延续≥50；此分支不使用活跃，晴不表示普涨,昨日涨停今日大跌13/116（11.21%），连板股大跌9/40（22.50%），跌停3只,最高8板；晋级：1板 8/76（10.53%）、2板 11/31（35.48%）、3板 2/6（33.33%）、≥4板 2/3（66.67%）,成交2.854万亿元，为此前20日均额1.44倍；上涨占比40.12%；涨停80只,三大指数至少两个上涨，但上涨家数不足一半,False,≥4板晋级分母仅3只,≥4板晋级分母仅3只；2025标尺端点饱和：最高板、成交额相对20日；源或群体存在已披露质量缺口,2026-01-07 晴｜分类依据：挨打<60且延续≥50；此分支不使用活跃，晴不表示普涨。挨打34.7：昨日涨停今日大跌13/116（11.21%），连板股大跌9/40（22.50%），跌停3只。延续59.3：最高8板；晋级：1板 8/76（10.53%）、2板 11/31（35.48%）、3板 2/6（33.33%）、≥4板 2/3（66.67%）。活跃75.4：成交2.854万亿元，为此前20日均额1.44倍；上涨占比40.12%；涨停80只。三大指数至少两个上涨，但上涨家数不足一半。解释注意：≥4板晋级分母仅3只；2025标尺端点饱和：最高板、成交额相对20日；源或群体存在已披露质量缺口。
2026-01-08,project-review-v1-20261007,controller_authored_deterministic_explanation,挨打<60且延续≥50；此分支不使用活跃，晴不表示普涨,昨日涨停今日大跌3/80（3.75%），连板股大跌1/23（4.35%），跌停4只,最高9板；晋级：1板 12/57（21.05%）、2板 5/8（62.50%）、3板 8/11（72.73%）、≥4板 1/4（25.00%）,成交2.800万亿元，为此前20日均额1.38倍；上涨占比68.61%；涨停93只,三大指数至少两个下跌，但上涨家数超过一半,False,≥4板晋级分母仅4只,≥4板晋级分母仅4只；2025标尺端点饱和：分板晋级、最高板、成交额相对20日、涨停密度,2026-01-08 晴｜分类依据：挨打<60且延续≥50；此分支不使用活跃，晴不表示普涨。挨打5.1：昨日涨停今日大跌3/80（3.75%），连板股大跌1/23（4.35%），跌停4只。延续85.0：最高9板；晋级：1板 12/57（21.05%）、2板 5/8（62.50%）、3板 8/11（72.73%）、≥4板 1/4（25.00%）。活跃94.6：成交2.800万亿元，为此前20日均额1.38倍；上涨占比68.61%；涨停93只。三大指数至少两个下跌，但上涨家数超过一半。解释注意：≥4板晋级分母仅4只；2025标尺端点饱和：分板晋级、最高板、成交额相对20日、涨停密度。
2026-01-09,project-review-v1-20261007,controller_authored_deterministic_explanation,挨打<60且延续≥50；此分支不使用活跃，晴不表示普涨,昨日涨停今日大跌8/92（8.70%），连板股大跌2/26（7.69%），跌停1只,最高10板；晋级：1板 9/66（13.64%）、2板 3/12（25.00%）、3板 3/5（60.00%）、≥4板 5/9（55.56%）,成交3.123万亿元，为此前20日均额1.51倍；上涨占比72.87%；涨停96只,,False,,2025标尺端点饱和：跌停密度、梯队完整度、最高板、成交额相对20日、涨停密度；源或群体存在已披露质量缺口,2026-01-09 晴｜分类依据：挨打<60且延续≥50；此分支不使用活跃，晴不表示普涨。挨打13.0：昨日涨停今日大跌8/92（8.70%），连板股大跌2/26（7.69%），跌停1只。延续78.8：最高10板；晋级：1板 9/66（13.64%）、2板 3/12（25.00%）、3板 3/5（60.00%）、≥4板 5/9（55.56%）。活跃96.8：成交3.123万亿元，为此前20日均额1.51倍；上涨占比72.87%；涨停96只。解释注意：2025标尺端点饱和：跌停密度、梯队完整度、最高板、成交额相对20日、涨停密度；源或群体存在已披露质量缺口。
2026-01-12,project-review-v1-20261007,controller_authored_deterministic_explanation,挨打<60且延续≥50；此分支不使用活跃，晴不表示普涨,昨日涨停今日大跌3/96（3.12%），连板股大跌1/20（5.00%），跌停3只,最高11板；晋级：1板 28/76（36.84%）、2板 6/9（66.67%）、3板 3/3（100.00%）、≥4板 5/8（62.50%）,成交3.601万亿元，为此前20日均额1.68倍；上涨占比76.14%；涨停179只,,False,3板晋级分母仅3只,3板晋级分母仅3只；2025标尺端点饱和：分板晋级、梯队完整度、最高板、成交额相对20日、涨停密度,2026-01-12 晴｜分类依据：挨打<60且延续≥50；此分支不使用活跃，晴不表示普涨。挨打3.7：昨日涨停今日大跌3/96（3.12%），连板股大跌1/20（5.00%），跌停3只。延续100.0：最高11板；晋级：1板 28/76（36.84%）、2板 6/9（66.67%）、3板 3/3（100.00%）、≥4板 5/8（62.50%）。活跃98.4：成交3.601万亿元，为此前20日均额1.68倍；上涨占比76.14%；涨停179只。解释注意：3板晋级分母仅3只；2025标尺端点饱和：分板晋级、梯队完整度、最高板、成交额相对20日、涨停密度。
2026-01-13,project-review-v1-20261007,controller_authored_deterministic_explanation,挨打≥60且延续≥40,昨日涨停今日大跌37/176（21.02%），连板股大跌7/41（17.07%），跌停50只,最高12板；晋级：1板 17/135（12.59%）、2板 8/28（28.57%）、3板 3/6（50.00%）、≥4板 2/7（28.57%）,成交3.651万亿元，为此前20日均额1.64倍；上涨占比29.26%；涨停66只,,True,,2025标尺端点饱和：跌停密度、最高板、成交额相对20日；源或群体存在已披露质量缺口,2026-01-13 雷阵雨｜分类依据：挨打≥60且延续≥40。挨打69.2：昨日涨停今日大跌37/176（21.02%），连板股大跌7/41（17.07%），跌停50只。延续52.2：最高12板；晋级：1板 17/135（12.59%）、2板 8/28（28.57%）、3板 3/6（50.00%）、≥4板 2/7（28.57%）。活跃60.8：成交3.651万亿元，为此前20日均额1.64倍；上涨占比29.26%；涨停66只。挨打达到惩罚分支，同时活跃达到多云分支的活跃门槛。解释注意：2025标尺端点饱和：跌停密度、最高板、成交额相对20日；源或群体存在已披露质量缺口。
2026-01-14,project-review-v1-20261007,controller_authored_deterministic_explanation,挨打<60且延续≥50；此分支不使用活跃，晴不表示普涨,昨日涨停今日大跌2/65（3.08%），连板股大跌1/29（3.45%），跌停15只,最高5板；晋级：1板 5/36（13.89%）、2板 10/17（58.82%）、3板 4/8（50.00%）、≥4板 1/4（25.00%）,成交3.941万亿元，为此前20日均额1.71倍；上涨占比49.80%；涨停100只,三大指数至少两个上涨，但上涨家数不足一半,False,≥4板晋级分母仅4只,≥4板晋级分母仅4只；2025标尺端点饱和：连板股大跌、成交额相对20日、涨停密度；源或群体存在已披露质量缺口,2026-01-14 晴｜分类依据：挨打<60且延续≥50；此分支不使用活跃，晴不表示普涨。挨打17.3：昨日涨停今日大跌2/65（3.08%），连板股大跌1/29（3.45%），跌停15只。延续50.6：最高5板；晋级：1板 5/36（13.89%）、2板 10/17（58.82%）、3板 4/8（50.00%）、≥4板 1/4（25.00%）。活跃85.0：成交3.941万亿元，为此前20日均额1.71倍；上涨占比49.80%；涨停100只。三大指数至少两个上涨，但上涨家数不足一半。解释注意：≥4板晋级分母仅4只；2025标尺端点饱和：连板股大跌、成交额相对20日、涨停密度；源或群体存在已披露质量缺口。
2026-01-15,project-review-v1-20261007,controller_authored_deterministic_explanation,挨打≥60且延续<40,昨日涨停今日大跌41/100（41.00%），连板股大跌10/20（50.00%），跌停64只,最高4板；晋级：1板 10/80（12.50%）、2板 2/5（40.00%）、3板 2/10（20.00%）、≥4板 0/5（0.00%）,成交2.905万亿元，为此前20日均额1.20倍；上涨占比41.73%；涨停55只,三大指数至少两个上涨，但上涨家数不足一半,True,,2025标尺端点饱和：昨日涨停大跌、连板股大跌、跌停密度、分板晋级、梯队完整度、最高板,2026-01-15 暴雨｜分类依据：挨打≥60且延续<40。挨打100.0：昨日涨停今日大跌41/100（41.00%），连板股大跌10/20（50.00%），跌停64只。延续0.0：最高4板；晋级：1板 10/80（12.50%）、2板 2/5（40.00%）、3板 2/10（20.00%）、≥4板 0/5（0.00%）。活跃56.4：成交2.905万亿元，为此前20日均额1.20倍；上涨占比41.73%；涨停55只。挨打达到惩罚分支，同时活跃达到多云分支的活跃门槛；三大指数至少两个上涨，但上涨家数不足一半。解释注意：2025标尺端点饱和：昨日涨停大跌、连板股大跌、跌停密度、分板晋级、梯队完整度、最高板。
2026-01-16,project-review-v1-20261007,controller_authored_deterministic_explanation,挨打≥60且延续<40,昨日涨停今日大跌13/55（23.64%），连板股大跌9/14（64.29%），跌停50只,最高5板；晋级：1板 3/41（7.32%）、2板 2/10（20.00%）、3板 0/2（0.00%）、≥4板 1/2（50.00%）,成交3.026万亿元，为此前20日均额1.22倍；上涨占比43.48%；涨停58只,,True,3板晋级分母仅2只；≥4板晋级分母仅2只,3板晋级分母仅2只；≥4板晋级分母仅2只；2025标尺端点饱和：连板股大跌、跌停密度、分板晋级、梯队完整度,2026-01-16 暴雨｜分类依据：挨打≥60且延续<40。挨打95.6：昨日涨停今日大跌13/55（23.64%），连板股大跌9/14（64.29%），跌停50只。延续7.5：最高5板；晋级：1板 3/41（7.32%）、2板 2/10（20.00%）、3板 0/2（0.00%）、≥4板 1/2（50.00%）。活跃60.8：成交3.026万亿元，为此前20日均额1.22倍；上涨占比43.48%；涨停58只。挨打达到惩罚分支，同时活跃达到多云分支的活跃门槛。解释注意：3板晋级分母仅2只；≥4板晋级分母仅2只；2025标尺端点饱和：连板股大跌、跌停密度、分板晋级、梯队完整度。
2026-01-19,project-review-v1-20261007,controller_authored_deterministic_explanation,挨打<60、延续<50且活跃≥35,昨日涨停今日大跌6/58（10.34%），连板股大跌1/6（16.67%），跌停24只,最高4板；晋级：1板 9/52（17.31%）、2板 0/3（0.00%）、3板 1/2（50.00%）、≥4板 0/1（0.00%）,成交2.708万亿元，为此前20日均额1.07倍；上涨占比66.29%；涨停87只,,False,2板晋级分母仅3只；3板晋级分母仅2只；≥4板晋级分母仅1只,2板晋级分母仅3只；3板晋级分母仅2只；≥4板晋级分母仅1只；2025标尺端点饱和：跌停密度、梯队完整度、最高板,2026-01-19 多云｜分类依据：挨打<60、延续<50且活跃≥35。挨打51.9：昨日涨停今日大跌6/58（10.34%），连板股大跌1/6（16.67%），跌停24只。延续5.8：最高4板；晋级：1板 9/52（17.31%）、2板 0/3（0.00%）、3板 1/2（50.00%）、≥4板 0/1（0.00%）。活跃78.5：成交2.708万亿元，为此前20日均额1.07倍；上涨占比66.29%；涨停87只。解释注意：2板晋级分母仅3只；3板晋级分母仅2只；≥4板晋级分母仅1只；2025标尺端点饱和：跌停密度、梯队完整度、最高板。
2026-01-20,project-review-v1-20261007,controller_authored_deterministic_explanation,挨打<60、延续<50且活跃≥35,昨日涨停今日大跌5/87（5.75%），连板股大跌0/10（0.00%），跌停16只,最高3板；晋级：1板 10/77（12.99%）、2板 3/9（33.33%）、3板 0/0（比例缺失）、≥4板 0/1（0.00%）,成交2.778万亿元，为此前20日均额1.07倍；上涨占比41.43%；涨停54只,,False,3板晋级无可观察样本；≥4板晋级分母仅1只,3板晋级无可观察样本；≥4板晋级分母仅1只；2025标尺端点饱和：连板股大跌、分板晋级、梯队完整度、最高板,2026-01-20 多云｜分类依据：挨打<60、延续<50且活跃≥35。挨打22.8：昨日涨停今日大跌5/87（5.75%），连板股大跌0/10（0.00%），跌停16只。延续0.0：最高3板；晋级：1板 10/77（12.99%）、2板 3/9（33.33%）、3板 0/0（比例缺失）、≥4板 0/1（0.00%）。活跃44.7：成交2.778万亿元，为此前20日均额1.07倍；上涨占比41.43%；涨停54只。解释注意：3板晋级无可观察样本；≥4板晋级分母仅1只；2025标尺端点饱和：连板股大跌、分板晋级、梯队完整度、最高板。
2026-01-21,project-review-v1-20261007,controller_authored_deterministic_explanation,挨打<60、延续<50且活跃≥35,昨日涨停今日大跌5/53（9.43%），连板股大跌2/13（15.38%），跌停4只,最高4板；晋级：1板 7/40（17.50%）、2板 3/10（30.00%）、3板 1/3（33.33%）、≥4板 0/0（比例缺失）,成交2.600万亿元，为此前20日均额0.99倍；上涨占比57.33%；涨停80只,,False,3板晋级分母仅3只；≥4板晋级无可观察样本,3板晋级分母仅3只；≥4板晋级无可观察样本；2025标尺端点饱和：梯队完整度、最高板；源或群体存在已披露质量缺口,2026-01-21 多云｜分类依据：挨打<60、延续<50且活跃≥35。挨打26.8：昨日涨停今日大跌5/53（9.43%），连板股大跌2/13（15.38%），跌停4只。延续4.9：最高4板；晋级：1板 7/40（17.50%）、2板 3/10（30.00%）、3板 1/3（33.33%）、≥4板 0/0（比例缺失）。活跃61.6：成交2.600万亿元，为此前20日均额0.99倍；上涨占比57.33%；涨停80只。解释注意：3板晋级分母仅3只；≥4板晋级无可观察样本；2025标尺端点饱和：梯队完整度、最高板；源或群体存在已披露质量缺口。
2026-01-22,project-review-v1-20261007,controller_authored_deterministic_explanation,挨打<60、延续<50且活跃≥35,昨日涨停今日大跌1/80（1.25%），连板股大跌0/11（0.00%），跌停2只,最高4板；晋级：1板 12/69（17.39%）、2板 4/7（57.14%）、3板 1/3（33.33%）、≥4板 0/1（0.00%）,成交2.691万亿元，为此前20日均额1.01倍；上涨占比64.98%；涨停73只,,False,3板晋级分母仅3只；≥4板晋级分母仅1只,3板晋级分母仅3只；≥4板晋级分母仅1只；2025标尺端点饱和：昨日涨停大跌、连板股大跌、梯队完整度、最高板,2026-01-22 多云｜分类依据：挨打<60、延续<50且活跃≥35。挨打1.2：昨日涨停今日大跌1/80（1.25%），连板股大跌0/11（0.00%），跌停2只。延续22.5：最高4板；晋级：1板 12/69（17.39%）、2板 4/7（57.14%）、3板 1/3（33.33%）、≥4板 0/1（0.00%）。活跃62.9：成交2.691万亿元，为此前20日均额1.01倍；上涨占比64.98%；涨停73只。解释注意：3板晋级分母仅3只；≥4板晋级分母仅1只；2025标尺端点饱和：昨日涨停大跌、连板股大跌、梯队完整度、最高板。
2026-01-23,project-review-v1-20261007,controller_authored_deterministic_explanation,挨打<60、延续<50且活跃≥35,昨日涨停今日大跌5/73（6.85%），连板股大跌3/17（17.65%），跌停0只,最高5板；晋级：1板 7/56（12.50%）、2板 1/12（8.33%）、3板 2/4（50.00%）、≥4板 1/1（100.00%）,成交3.085万亿元，为此前20日均额1.14倍；上涨占比71.89%；涨停103只,,False,3板晋级分母仅4只；≥4板晋级分母仅1只,3板晋级分母仅4只；≥4板晋级分母仅1只；2025标尺端点饱和：跌停密度、涨停密度,2026-01-23 多云｜分类依据：挨打<60、延续<50且活跃≥35。挨打20.2：昨日涨停今日大跌5/73（6.85%），连板股大跌3/17（17.65%），跌停0只。延续29.6：最高5板；晋级：1板 7/56（12.50%）、2板 1/12（8.33%）、3板 2/4（50.00%）、≥4板 1/1（100.00%）。活跃87.3：成交3.085万亿元，为此前20日均额1.14倍；上涨占比71.89%；涨停103只。解释注意：3板晋级分母仅4只；≥4板晋级分母仅1只；2025标尺端点饱和：跌停密度、涨停密度。
2026-01-26,project-review-v1-20261007,controller_authored_deterministic_explanation,挨打≥60且延续<40,昨日涨停今日大跌18/102（17.65%），连板股大跌4/10（40.00%），跌停32只,最高5板；晋级：1板 15/92（16.30%）、2板 0/7（0.00%）、3板 0/1（0.00%）、≥4板 1/2（50.00%）,成交3.248万亿元，为此前20日均额1.17倍；上涨占比29.27%；涨停71只,,True,3板晋级分母仅1只；≥4板晋级分母仅2只,3板晋级分母仅1只；≥4板晋级分母仅2只；2025标尺端点饱和：跌停密度、分板晋级、梯队完整度；源或群体存在已披露质量缺口,2026-01-26 暴雨｜分类依据：挨打≥60且延续<40。挨打82.5：昨日涨停今日大跌18/102（17.65%），连板股大跌4/10（40.00%），跌停32只。延续7.5：最高5板；晋级：1板 15/92（16.30%）、2板 0/7（0.00%）、3板 0/1（0.00%）、≥4板 1/2（50.00%）。活跃57.7：成交3.248万亿元，为此前20日均额1.17倍；上涨占比29.27%；涨停71只。挨打达到惩罚分支，同时活跃达到多云分支的活跃门槛。解释注意：3板晋级分母仅1只；≥4板晋级分母仅2只；2025标尺端点饱和：跌停密度、分板晋级、梯队完整度；源或群体存在已披露质量缺口。
2026-01-27,project-review-v1-20261007,controller_authored_deterministic_explanation,挨打<60、延续<50且活跃≥35,昨日涨停今日大跌7/71（9.86%），连板股大跌0/16（0.00%），跌停2只,最高6板；晋级：1板 8/55（14.55%）、2板 5/15（33.33%）、3板 0/0（比例缺失）、≥4板 1/1（100.00%）,成交2.895万亿元，为此前20日均额1.02倍；上涨占比35.86%；涨停53只,三大指数至少两个上涨，但上涨家数不足一半,False,3板晋级无可观察样本；≥4板晋级分母仅1只,3板晋级无可观察样本；≥4板晋级分母仅1只；2025标尺端点饱和：连板股大跌、梯队完整度,2026-01-27 多云｜分类依据：挨打<60、延续<50且活跃≥35。挨打13.3：昨日涨停今日大跌7/71（9.86%），连板股大跌0/16（0.00%），跌停2只。延续27.0：最高6板；晋级：1板 8/55（14.55%）、2板 5/15（33.33%）、3板 0/0（比例缺失）、≥4板 1/1（100.00%）。活跃36.2：成交2.895万亿元，为此前20日均额1.02倍；上涨占比35.86%；涨停53只。三大指数至少两个上涨，但上涨家数不足一半。解释注意：3板晋级无可观察样本；≥4板晋级分母仅1只；2025标尺端点饱和：连板股大跌、梯队完整度。
2026-01-28,project-review-v1-20261007,controller_authored_deterministic_explanation,挨打<60且延续≥50；此分支不使用活跃，晴不表示普涨,昨日涨停今日大跌4/53（7.55%），连板股大跌2/14（14.29%），跌停7只,最高7板；晋级：1板 2/39（5.13%）、2板 3/8（37.50%）、3板 4/5（80.00%）、≥4板 1/1（100.00%）,成交2.965万亿元，为此前20日均额1.03倍；上涨占比31.98%；涨停81只,三大指数至少两个上涨，但上涨家数不足一半,False,≥4板晋级分母仅1只,≥4板晋级分母仅1只,2026-01-28 晴｜分类依据：挨打<60且延续≥50；此分支不使用活跃，晴不表示普涨。挨打26.1：昨日涨停今日大跌4/53（7.55%），连板股大跌2/14（14.29%），跌停7只。延续66.9：最高7板；晋级：1板 2/39（5.13%）、2板 3/8（37.50%）、3板 4/5（80.00%）、≥4板 1/1（100.00%）。活跃53.6：成交2.965万亿元，为此前20日均额1.03倍；上涨占比31.98%；涨停81只。三大指数至少两个上涨，但上涨家数不足一半。解释注意：≥4板晋级分母仅1只。
2026-01-29,project-review-v1-20261007,controller_authored_deterministic_explanation,挨打<60且延续≥50；此分支不使用活跃，晴不表示普涨,昨日涨停今日大跌8/81（9.88%），连板股大跌2/10（20.00%），跌停12只,最高8板；晋级：1板 14/71（19.72%）、2板 0/2（0.00%）、3板 2/3（66.67%）、≥4板 3/5（60.00%）,成交3.230万亿元，为此前20日均额1.11倍；上涨占比33.47%；涨停84只,,False,2板晋级分母仅2只；3板晋级分母仅3只,2板晋级分母仅2只；3板晋级分母仅3只；2025标尺端点饱和：最高板,2026-01-29 晴｜分类依据：挨打<60且延续≥50；此分支不使用活跃，晴不表示普涨。挨打41.1：昨日涨停今日大跌8/81（9.88%），连板股大跌2/10（20.00%），跌停12只。延续66.9：最高8板；晋级：1板 14/71（19.72%）、2板 0/2（0.00%）、3板 2/3（66.67%）、≥4板 3/5（60.00%）。活跃63.0：成交3.230万亿元，为此前20日均额1.11倍；上涨占比33.47%；涨停84只。解释注意：2板晋级分母仅2只；3板晋级分母仅3只；2025标尺端点饱和：最高板。
2026-01-30,project-review-v1-20261007,controller_authored_deterministic_explanation,挨打≥60且延续<40,昨日涨停今日大跌27/84（32.14%），连板股大跌8/19（42.11%），跌停52只,最高5板；晋级：1板 5/65（7.69%）、2板 1/14（7.14%）、3板 0/0（比例缺失）、≥4板 1/5（20.00%）,成交2.835万亿元，为此前20日均额0.95倍；上涨占比45.34%；涨停48只,,False,3板晋级无可观察样本,3板晋级无可观察样本；2025标尺端点饱和：昨日涨停大跌、连板股大跌、跌停密度、分板晋级、梯队完整度,2026-01-30 暴雨｜分类依据：挨打≥60且延续<40。挨打100.0：昨日涨停今日大跌27/84（32.14%），连板股大跌8/19（42.11%），跌停52只。延续7.5：最高5板；晋级：1板 5/65（7.69%）、2板 1/14（7.14%）、3板 0/0（比例缺失）、≥4板 1/5（20.00%）。活跃31.5：成交2.835万亿元，为此前20日均额0.95倍；上涨占比45.34%；涨停48只。解释注意：3板晋级无可观察样本；2025标尺端点饱和：昨日涨停大跌、连板股大跌、跌停密度、分板晋级、梯队完整度。
2026-02-02,project-review-v1-20261007,controller_authored_deterministic_explanation,挨打≥60且延续<40,昨日涨停今日大跌11/48（22.92%），连板股大跌1/7（14.29%），跌停102只,最高3板；晋级：1板 7/41（17.07%）、2板 3/5（60.00%）、3板 0/1（0.00%）、≥4板 0/1（0.00%）,成交2.584万亿元，为此前20日均额0.86倍；上涨占比13.79%；涨停36只,,False,3板晋级分母仅1只；≥4板晋级分母仅1只,3板晋级分母仅1只；≥4板晋级分母仅1只；2025标尺端点饱和：跌停密度、梯队完整度、最高板、上涨占比、涨停密度,2026-02-02 暴雨｜分类依据：挨打≥60且延续<40。挨打71.2：昨日涨停今日大跌11/48（22.92%），连板股大跌1/7（14.29%），跌停102只。延续20.4：最高3板；晋级：1板 7/41（17.07%）、2板 3/5（60.00%）、3板 0/1（0.00%）、≥4板 0/1（0.00%）。活跃4.4：成交2.584万亿元，为此前20日均额0.86倍；上涨占比13.79%；涨停36只。解释注意：3板晋级分母仅1只；≥4板晋级分母仅1只；2025标尺端点饱和：跌停密度、梯队完整度、最高板、上涨占比、涨停密度。
2026-02-03,project-review-v1-20261007,controller_authored_deterministic_explanation,挨打<60、延续<50且活跃≥35,昨日涨停今日大跌0/36（0.00%），连板股大跌0/10（0.00%），跌停10只,最高4板；晋级：1板 5/26（19.23%）、2板 2/7（28.57%）、3板 3/3（100.00%）、≥4板 0/0（比例缺失）,成交2.544万亿元，为此前20日均额0.84倍；上涨占比89.45%；涨停69只,,False,3板晋级分母仅3只；≥4板晋级无可观察样本,3板晋级分母仅3只；≥4板晋级无可观察样本；2025标尺端点饱和：昨日涨停大跌、连板股大跌、梯队完整度、最高板、上涨占比,2026-02-03 多云｜分类依据：挨打<60、延续<50且活跃≥35。挨打10.8：昨日涨停今日大跌0/36（0.00%），连板股大跌0/10（0.00%），跌停10只。延续26.8：最高4板；晋级：1板 5/26（19.23%）、2板 2/7（28.57%）、3板 3/3（100.00%）、≥4板 0/0（比例缺失）。活跃50.9：成交2.544万亿元，为此前20日均额0.84倍；上涨占比89.45%；涨停69只。解释注意：3板晋级分母仅3只；≥4板晋级无可观察样本；2025标尺端点饱和：昨日涨停大跌、连板股大跌、梯队完整度、最高板、上涨占比。
2026-02-04,project-review-v1-20261007,controller_authored_deterministic_explanation,挨打<60、延续<50且活跃≥35,昨日涨停今日大跌2/69（2.90%），连板股大跌2/10（20.00%），跌停7只,最高4板；晋级：1板 8/59（13.56%）、2板 2/5（40.00%）、3板 2/2（100.00%）、≥4板 0/3（0.00%）,成交2.481万亿元，为此前20日均额0.83倍；上涨占比60.90%；涨停68只,,False,3板晋级分母仅2只；≥4板晋级分母仅3只,3板晋级分母仅2只；≥4板晋级分母仅3只；2025标尺端点饱和：梯队完整度、最高板,2026-02-04 多云｜分类依据：挨打<60、延续<50且活跃≥35。挨打23.0：昨日涨停今日大跌2/69（2.90%），连板股大跌2/10（20.00%），跌停7只。延续20.2：最高4板；晋级：1板 8/59（13.56%）、2板 2/5（40.00%）、3板 2/2（100.00%）、≥4板 0/3（0.00%）。活跃38.9：成交2.481万亿元，为此前20日均额0.83倍；上涨占比60.90%；涨停68只。解释注意：3板晋级分母仅2只；≥4板晋级分母仅3只；2025标尺端点饱和：梯队完整度、最高板。
2026-02-05,project-review-v1-20261007,controller_authored_deterministic_explanation,挨打<60、延续<50且活跃<35,昨日涨停今日大跌10/68（14.71%），连板股大跌3/12（25.00%），跌停16只,最高4板；晋级：1板 8/56（14.29%）、2板 1/8（12.50%）、3板 1/2（50.00%）、≥4板 0/2（0.00%）,成交2.176万亿元，为此前20日均额0.73倍；上涨占比30.10%；涨停44只,,False,3板晋级分母仅2只；≥4板晋级分母仅2只,3板晋级分母仅2只；≥4板晋级分母仅2只；2025标尺端点饱和：梯队完整度、最高板、成交额相对20日,2026-02-05 阴｜分类依据：挨打<60、延续<50且活跃<35。挨打58.4：昨日涨停今日大跌10/68（14.71%），连板股大跌3/12（25.00%），跌停16只。延续0.1：最高4板；晋级：1板 8/56（14.29%）、2板 1/8（12.50%）、3板 1/2（50.00%）、≥4板 0/2（0.00%）。活跃6.7：成交2.176万亿元，为此前20日均额0.73倍；上涨占比30.10%；涨停44只。解释注意：3板晋级分母仅2只；≥4板晋级分母仅2只；2025标尺端点饱和：梯队完整度、最高板、成交额相对20日。
2026-02-06,project-review-v1-20261007,controller_authored_deterministic_explanation,挨打<60、延续<50且活跃<35,昨日涨停今日大跌11/44（25.00%），连板股大跌1/10（10.00%），跌停5只,最高3板；晋级：1板 4/34（11.76%）、2板 4/8（50.00%）、3板 0/1（0.00%）、≥4板 0/1（0.00%）,成交2.146万亿元，为此前20日均额0.73倍；上涨占比49.76%；涨停57只,,False,3板晋级分母仅1只；≥4板晋级分母仅1只,3板晋级分母仅1只；≥4板晋级分母仅1只；2025标尺端点饱和：梯队完整度、最高板、成交额相对20日,2026-02-06 阴｜分类依据：挨打<60、延续<50且活跃<35。挨打50.1：昨日涨停今日大跌11/44（25.00%），连板股大跌1/10（10.00%），跌停5只。延续14.6：最高3板；晋级：1板 4/34（11.76%）、2板 4/8（50.00%）、3板 0/1（0.00%）、≥4板 0/1（0.00%）。活跃25.2：成交2.146万亿元，为此前20日均额0.73倍；上涨占比49.76%；涨停57只。解释注意：3板晋级分母仅1只；≥4板晋级分母仅1只；2025标尺端点饱和：梯队完整度、最高板、成交额相对20日。
2026-02-09,project-review-v1-20261007,controller_authored_deterministic_explanation,挨打<60、延续<50且活跃≥35,昨日涨停今日大跌1/56（1.79%），连板股大跌0/8（0.00%），跌停3只,最高4板；晋级：1板 11/48（22.92%）、2板 1/4（25.00%）、3板 3/4（75.00%）、≥4板 0/0（比例缺失）,成交2.249万亿元，为此前20日均额0.77倍；上涨占比85.31%；涨停86只,,False,2板晋级分母仅4只；3板晋级分母仅4只；≥4板晋级无可观察样本,2板晋级分母仅4只；3板晋级分母仅4只；≥4板晋级无可观察样本；2025标尺端点饱和：昨日涨停大跌、梯队完整度、最高板、成交额相对20日、上涨占比；源或群体存在已披露质量缺口,2026-02-09 多云｜分类依据：挨打<60、延续<50且活跃≥35。挨打3.6：昨日涨停今日大跌1/56（1.79%），连板股大跌0/8（0.00%），跌停3只。延续22.8：最高4板；晋级：1板 11/48（22.92%）、2板 1/4（25.00%）、3板 3/4（75.00%）、≥4板 0/0（比例缺失）。活跃59.1：成交2.249万亿元，为此前20日均额0.77倍；上涨占比85.31%；涨停86只。解释注意：2板晋级分母仅4只；3板晋级分母仅4只；≥4板晋级无可观察样本；2025标尺端点饱和：昨日涨停大跌、梯队完整度、最高板、成交额相对20日、上涨占比；源或群体存在已披露质量缺口。
2026-02-10,project-review-v1-20261007,controller_authored_deterministic_explanation,挨打<60、延续<50且活跃<35,昨日涨停今日大跌6/86（6.98%），连板股大跌3/15（20.00%），跌停4只,最高3板；晋级：1板 20/71（28.17%）、2板 1/11（9.09%）、3板 0/1（0.00%）、≥4板 0/3（0.00%）,成交2.105万亿元，为此前20日均额0.74倍；上涨占比41.69%；涨停60只,三大指数至少两个上涨，但上涨家数不足一半,False,3板晋级分母仅1只；≥4板晋级分母仅3只,3板晋级分母仅1只；≥4板晋级分母仅3只；2025标尺端点饱和：分板晋级、梯队完整度、最高板、成交额相对20日,2026-02-10 阴｜分类依据：挨打<60、延续<50且活跃<35。挨打26.2：昨日涨停今日大跌6/86（6.98%），连板股大跌3/15（20.00%），跌停4只。延续0.0：最高3板；晋级：1板 20/71（28.17%）、2板 1/11（9.09%）、3板 0/1（0.00%）、≥4板 0/3（0.00%）。活跃23.0：成交2.105万亿元，为此前20日均额0.74倍；上涨占比41.69%；涨停60只。三大指数至少两个上涨，但上涨家数不足一半。解释注意：3板晋级分母仅1只；≥4板晋级分母仅3只；2025标尺端点饱和：分板晋级、梯队完整度、最高板、成交额相对20日。
2026-02-11,project-review-v1-20261007,controller_authored_deterministic_explanation,挨打≥60且延续<40,昨日涨停今日大跌16/60（26.67%），连板股大跌4/21（19.05%），跌停7只,最高4板；晋级：1板 3/39（7.69%）、2板 7/20（35.00%）、3板 1/1（100.00%）、≥4板 0/0（比例缺失）,成交1.984万亿元，为此前20日均额0.72倍；上涨占比38.14%；涨停51只,,False,3板晋级分母仅1只；≥4板晋级无可观察样本,3板晋级分母仅1只；≥4板晋级无可观察样本；2025标尺端点饱和：昨日涨停大跌、梯队完整度、最高板、成交额相对20日,2026-02-11 暴雨｜分类依据：挨打≥60且延续<40。挨打61.7：昨日涨停今日大跌16/60（26.67%），连板股大跌4/21（19.05%），跌停7只。延续12.7：最高4板；晋级：1板 3/39（7.69%）、2板 7/20（35.00%）、3板 1/1（100.00%）、≥4板 0/0（比例缺失）。活跃15.4：成交1.984万亿元，为此前20日均额0.72倍；上涨占比38.14%；涨停51只。解释注意：3板晋级分母仅1只；≥4板晋级无可观察样本；2025标尺端点饱和：昨日涨停大跌、梯队完整度、最高板、成交额相对20日。
2026-02-12,project-review-v1-20261007,controller_authored_deterministic_explanation,挨打<60、延续<50且活跃<35,昨日涨停今日大跌7/51（13.73%），连板股大跌3/11（27.27%），跌停14只,最高4板；晋级：1板 12/40（30.00%）、2板 1/3（33.33%）、3板 4/7（57.14%）、≥4板 0/1（0.00%）,成交2.142万亿元，为此前20日均额0.80倍；上涨占比39.07%；涨停61只,三大指数至少两个上涨，但上涨家数不足一半,False,2板晋级分母仅3只；≥4板晋级分母仅1只,2板晋级分母仅3只；≥4板晋级分母仅1只；2025标尺端点饱和：梯队完整度、最高板、成交额相对20日,2026-02-12 阴｜分类依据：挨打<60、延续<50且活跃<35。挨打56.0：昨日涨停今日大跌7/51（13.73%），连板股大跌3/11（27.27%），跌停14只。延续26.6：最高4板；晋级：1板 12/40（30.00%）、2板 1/3（33.33%）、3板 4/7（57.14%）、≥4板 0/1（0.00%）。活跃22.3：成交2.142万亿元，为此前20日均额0.80倍；上涨占比39.07%；涨停61只。三大指数至少两个上涨，但上涨家数不足一半。解释注意：2板晋级分母仅3只；≥4板晋级分母仅1只；2025标尺端点饱和：梯队完整度、最高板、成交额相对20日。
2026-02-13,project-review-v1-20261007,controller_authored_deterministic_explanation,挨打≥60且延续<40,昨日涨停今日大跌19/61（31.15%），连板股大跌6/17（35.29%），跌停12只,最高5板；晋级：1板 1/44（2.27%）、2板 3/12（25.00%）、3板 0/1（0.00%）、≥4板 1/4（25.00%）,成交1.983万亿元，为此前20日均额0.76倍；上涨占比26.68%；涨停32只,,False,3板晋级分母仅1只；≥4板晋级分母仅4只,3板晋级分母仅1只；≥4板晋级分母仅4只；2025标尺端点饱和：昨日涨停大跌、分板晋级、梯队完整度、成交额相对20日、涨停密度,2026-02-13 暴雨｜分类依据：挨打≥60且延续<40。挨打82.8：昨日涨停今日大跌19/61（31.15%），连板股大跌6/17（35.29%），跌停12只。延续7.5：最高5板；晋级：1板 1/44（2.27%）、2板 3/12（25.00%）、3板 0/1（0.00%）、≥4板 1/4（25.00%）。活跃3.2：成交1.983万亿元，为此前20日均额0.76倍；上涨占比26.68%；涨停32只。解释注意：3板晋级分母仅1只；≥4板晋级分母仅4只；2025标尺端点饱和：昨日涨停大跌、分板晋级、梯队完整度、成交额相对20日、涨停密度。
2026-02-24,project-review-v1-20261007,controller_authored_deterministic_explanation,挨打<60、延续<50且活跃≥35,昨日涨停今日大跌3/32（9.38%），连板股大跌2/5（40.00%），跌停16只,最高4板；晋级：1板 4/27（14.81%）、2板 1/1（100.00%）、3板 2/3（66.67%）、≥4板 0/1（0.00%）,成交2.202万亿元，为此前20日均额0.86倍；上涨占比72.85%；涨停93只,,False,2板晋级分母仅1只；3板晋级分母仅3只；≥4板晋级分母仅1只,2板晋级分母仅1只；3板晋级分母仅3只；≥4板晋级分母仅1只；2025标尺端点饱和：梯队完整度、最高板、涨停密度,2026-02-24 多云｜分类依据：挨打<60、延续<50且活跃≥35。挨打57.8：昨日涨停今日大跌3/32（9.38%），连板股大跌2/5（40.00%），跌停16只。延续28.2：最高4板；晋级：1板 4/27（14.81%）、2板 1/1（100.00%）、3板 2/3（66.67%）、≥4板 0/1（0.00%）。活跃61.0：成交2.202万亿元，为此前20日均额0.86倍；上涨占比72.85%；涨停93只。解释注意：2板晋级分母仅1只；3板晋级分母仅3只；≥4板晋级分母仅1只；2025标尺端点饱和：梯队完整度、最高板、涨停密度。
2026-02-25,project-review-v1-20261007,controller_authored_deterministic_explanation,挨打<60且延续≥50；此分支不使用活跃，晴不表示普涨,昨日涨停今日大跌2/93（2.15%），连板股大跌1/7（14.29%），跌停3只,最高5板；晋级：1板 14/86（16.28%）、2板 2/4（50.00%）、3板 1/1（100.00%）、≥4板 1/2（50.00%）,成交2.462万亿元，为此前20日均额0.97倍；上涨占比67.85%；涨停75只,,False,2板晋级分母仅4只；3板晋级分母仅1只；≥4板晋级分母仅2只,2板晋级分母仅4只；3板晋级分母仅1只；≥4板晋级分母仅2只；2025标尺端点饱和：昨日涨停大跌,2026-02-25 晴｜分类依据：挨打<60且延续≥50；此分支不使用活跃，晴不表示普涨。挨打14.4：昨日涨停今日大跌2/93（2.15%），连板股大跌1/7（14.29%），跌停3只。延续53.6：最高5板；晋级：1板 14/86（16.28%）、2板 2/4（50.00%）、3板 1/1（100.00%）、≥4板 1/2（50.00%）。活跃61.9：成交2.462万亿元，为此前20日均额0.97倍；上涨占比67.85%；涨停75只。解释注意：2板晋级分母仅4只；3板晋级分母仅1只；≥4板晋级分母仅2只；2025标尺端点饱和：昨日涨停大跌。
2026-02-26,project-review-v1-20261007,controller_authored_deterministic_explanation,挨打<60、延续<50且活跃≥35,昨日涨停今日大跌7/75（9.33%），连板股大跌0/18（0.00%），跌停4只,最高6板；晋级：1板 5/57（8.77%）、2板 2/14（14.29%）、3板 1/2（50.00%）、≥4板 1/2（50.00%）,成交2.538万亿元，为此前20日均额1.00倍；上涨占比46.31%；涨停63只,,False,3板晋级分母仅2只；≥4板晋级分母仅2只,3板晋级分母仅2只；≥4板晋级分母仅2只；2025标尺端点饱和：连板股大跌,2026-02-26 多云｜分类依据：挨打<60、延续<50且活跃≥35。挨打14.8：昨日涨停今日大跌7/75（9.33%），连板股大跌0/18（0.00%），跌停4只。延续33.1：最高6板；晋级：1板 5/57（8.77%）、2板 2/14（14.29%）、3板 1/2（50.00%）、≥4板 1/2（50.00%）。活跃46.6：成交2.538万亿元，为此前20日均额1.00倍；上涨占比46.31%；涨停63只。解释注意：3板晋级分母仅2只；≥4板晋级分母仅2只；2025标尺端点饱和：连板股大跌。
2026-02-27,project-review-v1-20261007,controller_authored_deterministic_explanation,挨打<60且延续≥50；此分支不使用活跃，晴不表示普涨,昨日涨停今日大跌4/63（6.35%），连板股大跌0/9（0.00%），跌停0只,最高7板；晋级：1板 6/54（11.11%）、2板 3/5（60.00%）、3板 1/2（50.00%）、≥4板 1/2（50.00%）,成交2.487万亿元，为此前20日均额0.98倍；上涨占比60.84%；涨停75只,三大指数至少两个下跌，但上涨家数超过一半,False,3板晋级分母仅2只；≥4板晋级分母仅2只,3板晋级分母仅2只；≥4板晋级分母仅2只；2025标尺端点饱和：跌停密度,2026-02-27 晴｜分类依据：挨打<60且延续≥50；此分支不使用活跃，晴不表示普涨。挨打6.6：昨日涨停今日大跌4/63（6.35%），连板股大跌0/9（0.00%），跌停0只。延续64.7：最高7板；晋级：1板 6/54（11.11%）、2板 3/5（60.00%）、3板 1/2（50.00%）、≥4板 1/2（50.00%）。活跃60.0：成交2.487万亿元，为此前20日均额0.98倍；上涨占比60.84%；涨停75只。三大指数至少两个下跌，但上涨家数超过一半。解释注意：3板晋级分母仅2只；≥4板晋级分母仅2只；2025标尺端点饱和：跌停密度。
2026-03-02,project-review-v1-20261007,controller_authored_deterministic_explanation,挨打<60、延续<50且活跃≥35,昨日涨停今日大跌5/75（6.67%），连板股大跌2/11（18.18%），跌停8只,最高3板；晋级：1板 17/64（26.56%）、2板 3/6（50.00%）、3板 0/3（0.00%）、≥4板 0/2（0.00%）,成交3.020万亿元，为此前20日均额1.20倍；上涨占比21.38%；涨停91只,,False,3板晋级分母仅3只；≥4板晋级分母仅2只,3板晋级分母仅3只；≥4板晋级分母仅2只；2025标尺端点饱和：梯队完整度、最高板、涨停密度,2026-03-02 多云｜分类依据：挨打<60、延续<50且活跃≥35。挨打29.2：昨日涨停今日大跌5/75（6.67%），连板股大跌2/11（18.18%），跌停8只。延续13.1：最高3板；晋级：1板 17/64（26.56%）、2板 3/6（50.00%）、3板 0/3（0.00%）、≥4板 0/2（0.00%）。活跃66.7：成交3.020万亿元，为此前20日均额1.20倍；上涨占比21.38%；涨停91只。解释注意：3板晋级分母仅3只；≥4板晋级分母仅2只；2025标尺端点饱和：梯队完整度、最高板、涨停密度。
2026-03-03,project-review-v1-20261007,controller_authored_deterministic_explanation,挨打≥60且延续<40,昨日涨停今日大跌14/91（15.38%），连板股大跌5/20（25.00%），跌停57只,最高3板；晋级：1板 33/71（46.48%）、2板 4/17（23.53%）、3板 0/3（0.00%）、≥4板 0/0（比例缺失）,成交3.129万亿元，为此前20日均额1.24倍；上涨占比10.75%；涨停77只,,True,3板晋级分母仅3只；≥4板晋级无可观察样本,3板晋级分母仅3只；≥4板晋级无可观察样本；2025标尺端点饱和：跌停密度、梯队完整度、最高板、上涨占比,2026-03-03 暴雨｜分类依据：挨打≥60且延续<40。挨打67.0：昨日涨停今日大跌14/91（15.38%），连板股大跌5/20（25.00%），跌停57只。延续11.4：最高3板；晋级：1板 33/71（46.48%）、2板 4/17（23.53%）、3板 0/3（0.00%）、≥4板 0/0（比例缺失）。活跃62.9：成交3.129万亿元，为此前20日均额1.24倍；上涨占比10.75%；涨停77只。挨打达到惩罚分支，同时活跃达到多云分支的活跃门槛。解释注意：3板晋级分母仅3只；≥4板晋级无可观察样本；2025标尺端点饱和：跌停密度、梯队完整度、最高板、上涨占比。
2026-03-04,project-review-v1-20261007,controller_authored_deterministic_explanation,挨打≥60且延续<40,昨日涨停今日大跌37/77（48.05%），连板股大跌12/37（32.43%），跌停16只,最高4板；晋级：1板 0/40（0.00%）、2板 4/33（12.12%）、3板 2/4（50.00%）、≥4板 0/0（比例缺失）,成交2.366万亿元，为此前20日均额0.94倍；上涨占比30.94%；涨停44只,,False,3板晋级分母仅4只；≥4板晋级无可观察样本,3板晋级分母仅4只；≥4板晋级无可观察样本；2025标尺端点饱和：昨日涨停大跌、分板晋级、梯队完整度、最高板,2026-03-04 暴雨｜分类依据：挨打≥60且延续<40。挨打86.3：昨日涨停今日大跌37/77（48.05%），连板股大跌12/37（32.43%），跌停16只。延续0.0：最高4板；晋级：1板 0/40（0.00%）、2板 4/33（12.12%）、3板 2/4（50.00%）、≥4板 0/0（比例缺失）。活跃20.6：成交2.366万亿元，为此前20日均额0.94倍；上涨占比30.94%；涨停44只。解释注意：3板晋级分母仅4只；≥4板晋级无可观察样本；2025标尺端点饱和：昨日涨停大跌、分板晋级、梯队完整度、最高板。
2026-03-05,project-review-v1-20261007,controller_authored_deterministic_explanation,挨打<60、延续<50且活跃≥35,昨日涨停今日大跌6/44（13.64%），连板股大跌4/6（66.67%），跌停3只,最高2板；晋级：1板 7/38（18.42%）、2板 0/0（比例缺失）、3板 0/4（0.00%）、≥4板 0/2（0.00%）,成交2.390万亿元，为此前20日均额0.96倍；上涨占比74.49%；涨停68只,,False,2板晋级无可观察样本；3板晋级分母仅4只；≥4板晋级分母仅2只,2板晋级无可观察样本；3板晋级分母仅4只；≥4板晋级分母仅2只；2025标尺端点饱和：连板股大跌、分板晋级、梯队完整度、最高板,2026-03-05 多云｜分类依据：挨打<60、延续<50且活跃≥35。挨打56.0：昨日涨停今日大跌6/44（13.64%），连板股大跌4/6（66.67%），跌停3只。延续0.0：最高2板；晋级：1板 7/38（18.42%）、2板 0/0（比例缺失）、3板 0/4（0.00%）、≥4板 0/2（0.00%）。活跃60.3：成交2.390万亿元，为此前20日均额0.96倍；上涨占比74.49%；涨停68只。解释注意：2板晋级无可观察样本；3板晋级分母仅4只；≥4板晋级分母仅2只；2025标尺端点饱和：连板股大跌、分板晋级、梯队完整度、最高板。
2026-03-06,project-review-v1-20261007,controller_authored_deterministic_explanation,挨打<60、延续<50且活跃≥35,昨日涨停今日大跌5/68（7.35%），连板股大跌0/7（0.00%），跌停0只,最高3板；晋级：1板 4/61（6.56%）、2板 4/7（57.14%）、3板 0/0（比例缺失）、≥4板 0/0（比例缺失）,成交2.200万亿元，为此前20日均额0.90倍；上涨占比78.58%；涨停74只,,False,3板晋级无可观察样本；≥4板晋级无可观察样本,3板晋级无可观察样本；≥4板晋级无可观察样本；2025标尺端点饱和：跌停密度、梯队完整度、最高板,2026-03-06 多云｜分类依据：挨打<60、延续<50且活跃≥35。挨打9.8：昨日涨停今日大跌5/68（7.35%），连板股大跌0/7（0.00%），跌停0只。延续2.1：最高3板；晋级：1板 4/61（6.56%）、2板 4/7（57.14%）、3板 0/0（比例缺失）、≥4板 0/0（比例缺失）。活跃59.6：成交2.200万亿元，为此前20日均额0.90倍；上涨占比78.58%；涨停74只。解释注意：3板晋级无可观察样本；≥4板晋级无可观察样本；2025标尺端点饱和：跌停密度、梯队完整度、最高板。
2026-03-09,project-review-v1-20261007,controller_authored_deterministic_explanation,挨打<60、延续<50且活跃<35,昨日涨停今日大跌4/74（5.41%），连板股大跌1/8（12.50%），跌停4只,最高4板；晋级：1板 8/66（12.12%）、2板 1/4（25.00%）、3板 2/4（50.00%）、≥4板 0/0（比例缺失）,成交2.647万亿元，为此前20日均额1.10倍；上涨占比26.39%；涨停42只,,False,2板晋级分母仅4只；3板晋级分母仅4只；≥4板晋级无可观察样本,2板晋级分母仅4只；3板晋级分母仅4只；≥4板晋级无可观察样本；2025标尺端点饱和：梯队完整度、最高板,2026-03-09 阴｜分类依据：挨打<60、延续<50且活跃<35。挨打18.3：昨日涨停今日大跌4/74（5.41%），连板股大跌1/8（12.50%），跌停4只。延续5.2：最高4板；晋级：1板 8/66（12.12%）、2板 1/4（25.00%）、3板 2/4（50.00%）、≥4板 0/0（比例缺失）。活跃31.7：成交2.647万亿元，为此前20日均额1.10倍；上涨占比26.39%；涨停42只。解释注意：2板晋级分母仅4只；3板晋级分母仅4只；≥4板晋级无可观察样本；2025标尺端点饱和：梯队完整度、最高板。
2026-03-10,project-review-v1-20261007,controller_authored_deterministic_explanation,挨打<60、延续<50且活跃≥35,昨日涨停今日大跌2/42（4.76%），连板股大跌0/11（0.00%），跌停4只,最高5板；晋级：1板 4/31（12.90%）、2板 1/8（12.50%）、3板 0/1（0.00%）、≥4板 1/2（50.00%）,成交2.398万亿元，为此前20日均额1.00倍；上涨占比83.12%；涨停55只,,False,3板晋级分母仅1只；≥4板晋级分母仅2只,3板晋级分母仅1只；≥4板晋级分母仅2只；2025标尺端点饱和：连板股大跌、梯队完整度、上涨占比,2026-03-10 多云｜分类依据：挨打<60、延续<50且活跃≥35。挨打7.4：昨日涨停今日大跌2/42（4.76%），连板股大跌0/11（0.00%），跌停4只。延续8.9：最高5板；晋级：1板 4/31（12.90%）、2板 1/8（12.50%）、3板 0/1（0.00%）、≥4板 1/2（50.00%）。活跃58.1：成交2.398万亿元，为此前20日均额1.00倍；上涨占比83.12%；涨停55只。解释注意：3板晋级分母仅1只；≥4板晋级分母仅2只；2025标尺端点饱和：连板股大跌、梯队完整度、上涨占比。
2026-03-11,project-review-v1-20261007,controller_authored_deterministic_explanation,挨打<60、延续<50且活跃≥35,昨日涨停今日大跌0/55（0.00%），连板股大跌0/6（0.00%），跌停2只,最高4板；晋级：1板 8/49（16.33%）、2板 1/4（25.00%）、3板 1/1（100.00%）、≥4板 0/1（0.00%）,成交2.508万亿元，为此前20日均额1.05倍；上涨占比36.59%；涨停53只,三大指数至少两个上涨，但上涨家数不足一半,False,2板晋级分母仅4只；3板晋级分母仅1只；≥4板晋级分母仅1只,2板晋级分母仅4只；3板晋级分母仅1只；≥4板晋级分母仅1只；2025标尺端点饱和：昨日涨停大跌、梯队完整度、最高板,2026-03-11 多云｜分类依据：挨打<60、延续<50且活跃≥35。挨打4.2：昨日涨停今日大跌0/55（0.00%），连板股大跌0/6（0.00%），跌停2只。延续17.6：最高4板；晋级：1板 8/49（16.33%）、2板 1/4（25.00%）、3板 1/1（100.00%）、≥4板 0/1（0.00%）。活跃39.7：成交2.508万亿元，为此前20日均额1.05倍；上涨占比36.59%；涨停53只。三大指数至少两个上涨，但上涨家数不足一半。解释注意：2板晋级分母仅4只；3板晋级分母仅1只；≥4板晋级分母仅1只；2025标尺端点饱和：昨日涨停大跌、梯队完整度、最高板。
2026-03-12,project-review-v1-20261007,controller_authored_deterministic_explanation,挨打<60、延续<50且活跃<35,昨日涨停今日大跌6/53（11.32%），连板股大跌0/10（0.00%），跌停2只,最高4板；晋级：1板 5/43（11.63%）、2板 2/8（25.00%）、3板 1/1（100.00%）、≥4板 0/1（0.00%）,成交2.442万亿元，为此前20日均额1.03倍；上涨占比28.14%；涨停52只,,False,3板晋级分母仅1只；≥4板晋级分母仅1只,3板晋级分母仅1只；≥4板晋级分母仅1只；2025标尺端点饱和：连板股大跌、梯队完整度、最高板,2026-03-12 阴｜分类依据：挨打<60、延续<50且活跃<35。挨打15.9：昨日涨停今日大跌6/53（11.32%），连板股大跌0/10（0.00%），跌停2只。延续13.2：最高4板；晋级：1板 5/43（11.63%）、2板 2/8（25.00%）、3板 1/1（100.00%）、≥4板 0/1（0.00%）。活跃32.2：成交2.442万亿元，为此前20日均额1.03倍；上涨占比28.14%；涨停52只。解释注意：3板晋级分母仅1只；≥4板晋级分母仅1只；2025标尺端点饱和：连板股大跌、梯队完整度、最高板。
2026-03-13,project-review-v1-20261007,controller_authored_deterministic_explanation,挨打<60、延续<50且活跃<35,昨日涨停今日大跌3/52（5.77%），连板股大跌0/8（0.00%），跌停13只,最高5板；晋级：1板 5/44（11.36%）、2板 1/5（20.00%）、3板 1/2（50.00%）、≥4板 1/1（100.00%）,成交2.400万亿元，为此前20日均额1.01倍；上涨占比27.35%；涨停59只,,False,3板晋级分母仅2只；≥4板晋级分母仅1只,3板晋级分母仅2只；≥4板晋级分母仅1只,2026-03-13 阴｜分类依据：挨打<60、延续<50且活跃<35。挨打20.8：昨日涨停今日大跌3/52（5.77%），连板股大跌0/8（0.00%），跌停13只。延续38.1：最高5板；晋级：1板 5/44（11.36%）、2板 1/5（20.00%）、3板 1/2（50.00%）、≥4板 1/1（100.00%）。活跃34.8：成交2.400万亿元，为此前20日均额1.01倍；上涨占比27.35%；涨停59只。解释注意：3板晋级分母仅2只；≥4板晋级分母仅1只。
2026-03-16,project-review-v1-20261007,controller_authored_deterministic_explanation,挨打≥60且延续<40,昨日涨停今日大跌20/59（33.90%），连板股大跌3/8（37.50%），跌停8只,最高3板；晋级：1板 4/51（7.84%）、2板 2/5（40.00%）、3板 0/1（0.00%）、≥4板 0/2（0.00%）,成交2.325万亿元，为此前20日均额0.97倍；上涨占比53.07%；涨停47只,,True,3板晋级分母仅1只；≥4板晋级分母仅2只,3板晋级分母仅1只；≥4板晋级分母仅2只；2025标尺端点饱和：昨日涨停大跌、梯队完整度、最高板,2026-03-16 暴雨｜分类依据：挨打≥60且延续<40。挨打77.1：昨日涨停今日大跌20/59（33.90%），连板股大跌3/8（37.50%），跌停8只。延续3.7：最高3板；晋级：1板 4/51（7.84%）、2板 2/5（40.00%）、3板 0/1（0.00%）、≥4板 0/2（0.00%）。活跃36.7：成交2.325万亿元，为此前20日均额0.97倍；上涨占比53.07%；涨停47只。挨打达到惩罚分支，同时活跃达到多云分支的活跃门槛。解释注意：3板晋级分母仅1只；≥4板晋级分母仅2只；2025标尺端点饱和：昨日涨停大跌、梯队完整度、最高板。
2026-03-17,project-review-v1-20261007,controller_authored_deterministic_explanation,挨打<60、延续<50且活跃<35,昨日涨停今日大跌6/47（12.77%），连板股大跌0/6（0.00%），跌停10只,最高4板；晋级：1板 5/41（12.20%）、2板 4/4（100.00%）、3板 2/2（100.00%）、≥4板 0/0（比例缺失）,成交2.208万亿元，为此前20日均额0.92倍；上涨占比15.47%；涨停38只,,False,2板晋级分母仅4只；3板晋级分母仅2只；≥4板晋级无可观察样本,2板晋级分母仅4只；3板晋级分母仅2只；≥4板晋级无可观察样本；2025标尺端点饱和：分板晋级、梯队完整度、最高板、上涨占比、涨停密度,2026-03-17 阴｜分类依据：挨打<60、延续<50且活跃<35。挨打30.9：昨日涨停今日大跌6/47（12.77%），连板股大跌0/6（0.00%），跌停10只。延续40.0：最高4板；晋级：1板 5/41（12.20%）、2板 4/4（100.00%）、3板 2/2（100.00%）、≥4板 0/0（比例缺失）。活跃11.1：成交2.208万亿元，为此前20日均额0.92倍；上涨占比15.47%；涨停38只。解释注意：2板晋级分母仅4只；3板晋级分母仅2只；≥4板晋级无可观察样本；2025标尺端点饱和：分板晋级、梯队完整度、最高板、上涨占比、涨停密度。
2026-03-18,project-review-v1-20261007,controller_authored_deterministic_explanation,挨打<60、延续<50且活跃≥35,昨日涨停今日大跌6/38（15.79%），连板股大跌3/11（27.27%），跌停4只,最高5板；晋级：1板 4/27（14.81%）、2板 2/5（40.00%）、3板 0/4（0.00%）、≥4板 1/2（50.00%）,成交2.046万亿元，为此前20日均额0.85倍；上涨占比66.55%；涨停57只,,False,3板晋级分母仅4只；≥4板晋级分母仅2只,3板晋级分母仅4只；≥4板晋级分母仅2只；2025标尺端点饱和：梯队完整度,2026-03-18 多云｜分类依据：挨打<60、延续<50且活跃≥35。挨打47.4：昨日涨停今日大跌6/38（15.79%），连板股大跌3/11（27.27%），跌停4只。延续14.3：最高5板；晋级：1板 4/27（14.81%）、2板 2/5（40.00%）、3板 0/4（0.00%）、≥4板 1/2（50.00%）。活跃37.7：成交2.046万亿元，为此前20日均额0.85倍；上涨占比66.55%；涨停57只。解释注意：3板晋级分母仅4只；≥4板晋级分母仅2只；2025标尺端点饱和：梯队完整度。
2026-03-19,project-review-v1-20261007,controller_authored_deterministic_explanation,挨打<60、延续<50且活跃<35,昨日涨停今日大跌7/57（12.28%），连板股大跌3/7（42.86%），跌停7只,最高4板；晋级：1板 6/50（12.00%）、2板 0/4（0.00%）、3板 2/2（100.00%）、≥4板 0/1（0.00%）,成交2.111万亿元，为此前20日均额0.88倍；上涨占比9.19%；涨停28只,,False,2板晋级分母仅4只；3板晋级分母仅2只；≥4板晋级分母仅1只,2板晋级分母仅4只；3板晋级分母仅2只；≥4板晋级分母仅1只；2025标尺端点饱和：梯队完整度、最高板、上涨占比、涨停密度,2026-03-19 阴｜分类依据：挨打<60、延续<50且活跃<35。挨打55.4：昨日涨停今日大跌7/57（12.28%），连板股大跌3/7（42.86%），跌停7只。延续10.1：最高4板；晋级：1板 6/50（12.00%）、2板 0/4（0.00%）、3板 2/2（100.00%）、≥4板 0/1（0.00%）。活跃7.0：成交2.111万亿元，为此前20日均额0.88倍；上涨占比9.19%；涨停28只。解释注意：2板晋级分母仅4只；3板晋级分母仅2只；≥4板晋级分母仅1只；2025标尺端点饱和：梯队完整度、最高板、上涨占比、涨停密度。
2026-03-20,project-review-v1-20261007,controller_authored_deterministic_explanation,挨打≥60且延续<40,昨日涨停今日大跌11/28（39.29%），连板股大跌2/8（25.00%），跌停15只,最高5板；晋级：1板 3/20（15.00%）、2板 2/6（33.33%）、3板 0/0（比例缺失）、≥4板 2/2（100.00%）,成交2.287万亿元，为此前20日均额0.95倍；上涨占比11.69%；涨停29只,,False,3板晋级无可观察样本；≥4板晋级分母仅2只,3板晋级无可观察样本；≥4板晋级分母仅2只；2025标尺端点饱和：昨日涨停大跌、梯队完整度、上涨占比、涨停密度,2026-03-20 暴雨｜分类依据：挨打≥60且延续<40。挨打76.3：昨日涨停今日大跌11/28（39.29%），连板股大跌2/8（25.00%），跌停15只。延续25.3：最高5板；晋级：1板 3/20（15.00%）、2板 2/6（33.33%）、3板 0/0（比例缺失）、≥4板 2/2（100.00%）。活跃14.4：成交2.287万亿元，为此前20日均额0.95倍；上涨占比11.69%；涨停29只。解释注意：3板晋级无可观察样本；≥4板晋级分母仅2只；2025标尺端点饱和：昨日涨停大跌、梯队完整度、上涨占比、涨停密度。
2026-03-23,project-review-v1-20261007,controller_authored_deterministic_explanation,挨打≥60且延续≥40,昨日涨停今日大跌11/29（37.93%），连板股大跌2/7（28.57%），跌停78只,最高6板；晋级：1板 2/22（9.09%）、2板 1/3（33.33%）、3板 1/2（50.00%）、≥4板 1/2（50.00%）,成交2.431万亿元，为此前20日均额1.01倍；上涨占比5.47%；涨停28只,,False,2板晋级分母仅3只；3板晋级分母仅2只；≥4板晋级分母仅2只,2板晋级分母仅3只；3板晋级分母仅2只；≥4板晋级分母仅2只；2025标尺端点饱和：昨日涨停大跌、跌停密度、上涨占比、涨停密度,2026-03-23 雷阵雨｜分类依据：挨打≥60且延续≥40。挨打87.0：昨日涨停今日大跌11/29（37.93%），连板股大跌2/7（28.57%），跌停78只。延续46.1：最高6板；晋级：1板 2/22（9.09%）、2板 1/3（33.33%）、3板 1/2（50.00%）、≥4板 1/2（50.00%）。活跃19.9：成交2.431万亿元，为此前20日均额1.01倍；上涨占比5.47%；涨停28只。解释注意：2板晋级分母仅3只；3板晋级分母仅2只；≥4板晋级分母仅2只；2025标尺端点饱和：昨日涨停大跌、跌停密度、上涨占比、涨停密度。
2026-03-24,project-review-v1-20261007,controller_authored_deterministic_explanation,挨打<60、延续<50且活跃≥35,昨日涨停今日大跌0/28（0.00%），连板股大跌0/5（0.00%），跌停1只,最高7板；晋级：1板 4/23（17.39%）、2板 1/2（50.00%）、3板 0/1（0.00%）、≥4板 1/2（50.00%）,成交2.083万亿元，为此前20日均额0.86倍；上涨占比94.33%；涨停84只,,False,2板晋级分母仅2只；3板晋级分母仅1只；≥4板晋级分母仅2只,2板晋级分母仅2只；3板晋级分母仅1只；≥4板晋级分母仅2只；2025标尺端点饱和：昨日涨停大跌、跌停密度、梯队完整度、上涨占比,2026-03-24 多云｜分类依据：挨打<60、延续<50且活跃≥35。挨打4.2：昨日涨停今日大跌0/28（0.00%），连板股大跌0/5（0.00%），跌停1只。延续41.4：最高7板；晋级：1板 4/23（17.39%）、2板 1/2（50.00%）、3板 0/1（0.00%）、≥4板 1/2（50.00%）。活跃62.0：成交2.083万亿元，为此前20日均额0.86倍；上涨占比94.33%；涨停84只。解释注意：2板晋级分母仅2只；3板晋级分母仅1只；≥4板晋级分母仅2只；2025标尺端点饱和：昨日涨停大跌、跌停密度、梯队完整度、上涨占比。
2026-03-25,project-review-v1-20261007,controller_authored_deterministic_explanation,挨打<60且延续≥50；此分支不使用活跃，晴不表示普涨,昨日涨停今日大跌0/84（0.00%），连板股大跌0/6（0.00%），跌停1只,最高8板；晋级：1板 19/78（24.36%）、2板 2/4（50.00%）、3板 1/1（100.00%）、≥4板 1/1（100.00%）,成交2.180万亿元，为此前20日均额0.90倍；上涨占比89.23%；涨停84只,,False,2板晋级分母仅4只；3板晋级分母仅1只；≥4板晋级分母仅1只,2板晋级分母仅4只；3板晋级分母仅1只；≥4板晋级分母仅1只；2025标尺端点饱和：昨日涨停大跌、跌停密度、分板晋级、最高板、上涨占比,2026-03-25 晴｜分类依据：挨打<60且延续≥50；此分支不使用活跃，晴不表示普涨。挨打3.1：昨日涨停今日大跌0/84（0.00%），连板股大跌0/6（0.00%），跌停1只。延续85.0：最高8板；晋级：1板 19/78（24.36%）、2板 2/4（50.00%）、3板 1/1（100.00%）、≥4板 1/1（100.00%）。活跃66.6：成交2.180万亿元，为此前20日均额0.90倍；上涨占比89.23%；涨停84只。解释注意：2板晋级分母仅4只；3板晋级分母仅1只；≥4板晋级分母仅1只；2025标尺端点饱和：昨日涨停大跌、跌停密度、分板晋级、最高板、上涨占比。
2026-03-26,project-review-v1-20261007,controller_authored_deterministic_explanation,挨打<60、延续<50且活跃<35,昨日涨停今日大跌8/83（9.64%），连板股大跌2/23（8.70%），跌停9只,最高3板；晋级：1板 6/60（10.00%）、2板 4/19（21.05%）、3板 0/2（0.00%）、≥4板 0/2（0.00%）,成交1.943万亿元，为此前20日均额0.81倍；上涨占比16.37%；涨停39只,,False,3板晋级分母仅2只；≥4板晋级分母仅2只,3板晋级分母仅2只；≥4板晋级分母仅2只；2025标尺端点饱和：分板晋级、梯队完整度、最高板、成交额相对20日、上涨占比、涨停密度；源或群体存在已披露质量缺口,2026-03-26 阴｜分类依据：挨打<60、延续<50且活跃<35。挨打25.6：昨日涨停今日大跌8/83（9.64%），连板股大跌2/23（8.70%），跌停9只。延续0.0：最高3板；晋级：1板 6/60（10.00%）、2板 4/19（21.05%）、3板 0/2（0.00%）、≥4板 0/2（0.00%）。活跃0.0：成交1.943万亿元，为此前20日均额0.81倍；上涨占比16.37%；涨停39只。解释注意：3板晋级分母仅2只；≥4板晋级分母仅2只；2025标尺端点饱和：分板晋级、梯队完整度、最高板、成交额相对20日、上涨占比、涨停密度；源或群体存在已披露质量缺口。
2026-03-27,project-review-v1-20261007,controller_authored_deterministic_explanation,挨打<60、延续<50且活跃≥35,昨日涨停今日大跌6/38（15.79%），连板股大跌3/10（30.00%），跌停2只,最高4板；晋级：1板 8/28（28.57%）、2板 0/6（0.00%）、3板 3/4（75.00%）、≥4板 0/0（比例缺失）,成交1.853万亿元，为此前20日均额0.78倍；上涨占比80.56%；涨停79只,,False,3板晋级分母仅4只；≥4板晋级无可观察样本,3板晋级分母仅4只；≥4板晋级无可观察样本；2025标尺端点饱和：梯队完整度、最高板、成交额相对20日、上涨占比；源或群体存在已披露质量缺口,2026-03-27 多云｜分类依据：挨打<60、延续<50且活跃≥35。挨打47.0：昨日涨停今日大跌6/38（15.79%），连板股大跌3/10（30.00%），跌停2只。延续11.7：最高4板；晋级：1板 8/28（28.57%）、2板 0/6（0.00%）、3板 3/4（75.00%）、≥4板 0/0（比例缺失）。活跃54.5：成交1.853万亿元，为此前20日均额0.78倍；上涨占比80.56%；涨停79只。解释注意：3板晋级分母仅4只；≥4板晋级无可观察样本；2025标尺端点饱和：梯队完整度、最高板、成交额相对20日、上涨占比；源或群体存在已披露质量缺口。
2026-03-30,project-review-v1-20261007,controller_authored_deterministic_explanation,挨打<60、延续<50且活跃<35,昨日涨停今日大跌7/79（8.86%），连板股大跌2/11（18.18%），跌停11只,最高5板；晋级：1板 11/68（16.18%）、2板 2/8（25.00%）、3板 0/0（比例缺失）、≥4板 1/3（33.33%）,成交1.916万亿元，为此前20日均额0.82倍；上涨占比54.32%；涨停63只,三大指数至少两个下跌，但上涨家数超过一半,False,3板晋级无可观察样本；≥4板晋级分母仅3只,3板晋级无可观察样本；≥4板晋级分母仅3只；2025标尺端点饱和：分板晋级、梯队完整度、成交额相对20日,2026-03-30 阴｜分类依据：挨打<60、延续<50且活跃<35。挨打36.5：昨日涨停今日大跌7/79（8.86%），连板股大跌2/11（18.18%），跌停11只。延续7.5：最高5板；晋级：1板 11/68（16.18%）、2板 2/8（25.00%）、3板 0/0（比例缺失）、≥4板 1/3（33.33%）。活跃31.4：成交1.916万亿元，为此前20日均额0.82倍；上涨占比54.32%；涨停63只。三大指数至少两个下跌，但上涨家数超过一半。解释注意：3板晋级无可观察样本；≥4板晋级分母仅3只；2025标尺端点饱和：分板晋级、梯队完整度、成交额相对20日。
2026-03-31,project-review-v1-20261007,controller_authored_deterministic_explanation,挨打≥60且延续<40,昨日涨停今日大跌11/62（17.74%），连板股大跌6/14（42.86%），跌停2只,最高4板；晋级：1板 6/48（12.50%）、2板 1/11（9.09%）、3板 1/2（50.00%）、≥4板 0/1（0.00%）,成交1.992万亿元，为此前20日均额0.87倍；上涨占比17.30%；涨停53只,,False,3板晋级分母仅2只；≥4板晋级分母仅1只,3板晋级分母仅2只；≥4板晋级分母仅1只；2025标尺端点饱和：连板股大跌、分板晋级、梯队完整度、最高板、上涨占比；源或群体存在已披露质量缺口,2026-03-31 暴雨｜分类依据：挨打≥60且延续<40。挨打61.9：昨日涨停今日大跌11/62（17.74%），连板股大跌6/14（42.86%），跌停2只。延续0.0：最高4板；晋级：1板 6/48（12.50%）、2板 1/11（9.09%）、3板 1/2（50.00%）、≥4板 0/1（0.00%）。活跃13.2：成交1.992万亿元，为此前20日均额0.87倍；上涨占比17.30%；涨停53只。解释注意：3板晋级分母仅2只；≥4板晋级分母仅1只；2025标尺端点饱和：连板股大跌、分板晋级、梯队完整度、最高板、上涨占比；源或群体存在已披露质量缺口。
2026-04-01,project-review-v1-20261007,controller_authored_deterministic_explanation,挨打≥60且延续<40,昨日涨停今日大跌13/53（24.53%），连板股大跌2/8（25.00%），跌停7只,最高4板；晋级：1板 4/45（8.89%）、2板 0/6（0.00%）、3板 1/1（100.00%）、≥4板 0/1（0.00%）,成交2.012万亿元，为此前20日均额0.90倍；上涨占比82.18%；涨停57只,,True,3板晋级分母仅1只；≥4板晋级分母仅1只,3板晋级分母仅1只；≥4板晋级分母仅1只；2025标尺端点饱和：梯队完整度、最高板、上涨占比,2026-04-01 暴雨｜分类依据：挨打≥60且延续<40。挨打63.8：昨日涨停今日大跌13/53（24.53%），连板股大跌2/8（25.00%），跌停7只。延续1.2：最高4板；晋级：1板 4/45（8.89%）、2板 0/6（0.00%）、3板 1/1（100.00%）、≥4板 0/1（0.00%）。活跃49.1：成交2.012万亿元，为此前20日均额0.90倍；上涨占比82.18%；涨停57只。挨打达到惩罚分支，同时活跃达到多云分支的活跃门槛。解释注意：3板晋级分母仅1只；≥4板晋级分母仅1只；2025标尺端点饱和：梯队完整度、最高板、上涨占比。
2026-04-02,project-review-v1-20261007,controller_authored_deterministic_explanation,挨打<60、延续<50且活跃<35,昨日涨停今日大跌5/57（8.77%），连板股大跌0/5（0.00%），跌停8只,最高5板；晋级：1板 2/52（3.85%）、2板 3/4（75.00%）、3板 0/0（比例缺失）、≥4板 1/1（100.00%）,成交1.843万亿元，为此前20日均额0.83倍；上涨占比17.22%；涨停27只,,False,2板晋级分母仅4只；3板晋级无可观察样本；≥4板晋级分母仅1只,2板晋级分母仅4只；3板晋级无可观察样本；≥4板晋级分母仅1只；2025标尺端点饱和：梯队完整度、上涨占比、涨停密度,2026-04-02 阴｜分类依据：挨打<60、延续<50且活跃<35。挨打22.9：昨日涨停今日大跌5/57（8.77%），连板股大跌0/5（0.00%），跌停8只。延续31.6：最高5板；晋级：1板 2/52（3.85%）、2板 3/4（75.00%）、3板 0/0（比例缺失）、≥4板 1/1（100.00%）。活跃1.4：成交1.843万亿元，为此前20日均额0.83倍；上涨占比17.22%；涨停27只。解释注意：2板晋级分母仅4只；3板晋级无可观察样本；≥4板晋级分母仅1只；2025标尺端点饱和：梯队完整度、上涨占比、涨停密度。
2026-04-03,project-review-v1-20261007,controller_authored_deterministic_explanation,挨打≥60且延续<40,昨日涨停今日大跌5/27（18.52%），连板股大跌1/6（16.67%），跌停28只,最高6板；晋级：1板 3/21（14.29%）、2板 0/2（0.00%）、3板 0/3（0.00%）、≥4板 1/1（100.00%）,成交1.656万亿元，为此前20日均额0.76倍；上涨占比13.39%；涨停36只,,False,2板晋级分母仅2只；3板晋级分母仅3只；≥4板晋级分母仅1只,2板晋级分母仅2只；3板晋级分母仅3只；≥4板晋级分母仅1只；2025标尺端点饱和：跌停密度、梯队完整度、成交额相对20日、上涨占比、涨停密度,2026-04-03 暴雨｜分类依据：挨打≥60且延续<40。挨打65.0：昨日涨停今日大跌5/27（18.52%），连板股大跌1/6（16.67%），跌停28只。延续18.3：最高6板；晋级：1板 3/21（14.29%）、2板 0/2（0.00%）、3板 0/3（0.00%）、≥4板 1/1（100.00%）。活跃0.0：成交1.656万亿元，为此前20日均额0.76倍；上涨占比13.39%；涨停36只。解释注意：2板晋级分母仅2只；3板晋级分母仅3只；≥4板晋级分母仅1只；2025标尺端点饱和：跌停密度、梯队完整度、成交额相对20日、上涨占比、涨停密度。
2026-04-07,project-review-v1-20261007,controller_authored_deterministic_explanation,挨打<60、延续<50且活跃≥35,昨日涨停今日大跌4/36（11.11%），连板股大跌0/4（0.00%），跌停4只,最高7板；晋级：1板 4/32（12.50%）、2板 2/3（66.67%）、3板 0/0（比例缺失）、≥4板 1/1（100.00%）,成交1.614万亿元，为此前20日均额0.75倍；上涨占比74.07%；涨停93只,,False,连板股大跌分母仅4只；2板晋级分母仅3只；3板晋级无可观察样本；≥4板晋级分母仅1只,连板股大跌分母仅4只；2板晋级分母仅3只；3板晋级无可观察样本；≥4板晋级分母仅1只；2025标尺端点饱和：梯队完整度、成交额相对20日、涨停密度,2026-04-07 多云｜分类依据：挨打<60、延续<50且活跃≥35。挨打23.7：昨日涨停今日大跌4/36（11.11%），连板股大跌0/4（0.00%），跌停4只。延续47.7：最高7板；晋级：1板 4/32（12.50%）、2板 2/3（66.67%）、3板 0/0（比例缺失）、≥4板 1/1（100.00%）。活跃57.4：成交1.614万亿元，为此前20日均额0.75倍；上涨占比74.07%；涨停93只。解释注意：连板股大跌分母仅4只；2板晋级分母仅3只；3板晋级无可观察样本；≥4板晋级分母仅1只；2025标尺端点饱和：梯队完整度、成交额相对20日、涨停密度。
2026-04-08,project-review-v1-20261007,controller_authored_deterministic_explanation,挨打<60、延续<50且活跃≥35,昨日涨停今日大跌5/93（5.38%），连板股大跌0/7（0.00%），跌停4只,最高4板；晋级：1板 9/86（10.47%）、2板 1/4（25.00%）、3板 1/2（50.00%）、≥4板 0/1（0.00%）,成交2.434万亿元，为此前20日均额1.15倍；上涨占比94.38%；涨停122只,,False,2板晋级分母仅4只；3板晋级分母仅2只；≥4板晋级分母仅1只,2板晋级分母仅4只；3板晋级分母仅2只；≥4板晋级分母仅1只；2025标尺端点饱和：梯队完整度、最高板、上涨占比、涨停密度,2026-04-08 多云｜分类依据：挨打<60、延续<50且活跃≥35。挨打9.8：昨日涨停今日大跌5/93（5.38%），连板股大跌0/7（0.00%），跌停4只。延续8.4：最高4板；晋级：1板 9/86（10.47%）、2板 1/4（25.00%）、3板 1/2（50.00%）、≥4板 0/1（0.00%）。活跃92.4：成交2.434万亿元，为此前20日均额1.15倍；上涨占比94.38%；涨停122只。解释注意：2板晋级分母仅4只；3板晋级分母仅2只；≥4板晋级分母仅1只；2025标尺端点饱和：梯队完整度、最高板、上涨占比、涨停密度。
2026-04-09,project-review-v1-20261007,controller_authored_deterministic_explanation,挨打<60、延续<50且活跃<35,昨日涨停今日大跌3/122（2.46%），连板股大跌1/11（9.09%），跌停2只,最高5板；晋级：1板 11/111（9.91%）、2板 1/9（11.11%）、3板 0/1（0.00%）、≥4板 1/1（100.00%）,成交2.134万亿元，为此前20日均额1.01倍；上涨占比20.98%；涨停54只,,False,3板晋级分母仅1只；≥4板晋级分母仅1只,3板晋级分母仅1只；≥4板晋级分母仅1只；2025标尺端点饱和：昨日涨停大跌、梯队完整度,2026-04-09 阴｜分类依据：挨打<60、延续<50且活跃<35。挨打8.0：昨日涨停今日大跌3/122（2.46%），连板股大跌1/11（9.09%），跌停2只。延续9.7：最高5板；晋级：1板 11/111（9.91%）、2板 1/9（11.11%）、3板 0/1（0.00%）、≥4板 1/1（100.00%）。活跃28.4：成交2.134万亿元，为此前20日均额1.01倍；上涨占比20.98%；涨停54只。解释注意：3板晋级分母仅1只；≥4板晋级分母仅1只；2025标尺端点饱和：昨日涨停大跌、梯队完整度。
2026-04-10,project-review-v1-20261007,controller_authored_deterministic_explanation,挨打<60、延续<50且活跃≥35,昨日涨停今日大跌6/54（11.11%），连板股大跌1/13（7.69%），跌停8只,最高4板；晋级：1板 8/41（19.51%）、2板 3/11（27.27%）、3板 1/1（100.00%）、≥4板 0/1（0.00%）,成交2.323万亿元，为此前20日均额1.11倍；上涨占比71.53%；涨停59只,,False,3板晋级分母仅1只；≥4板晋级分母仅1只,3板晋级分母仅1只；≥4板晋级分母仅1只；2025标尺端点饱和：梯队完整度、最高板,2026-04-10 多云｜分类依据：挨打<60、延续<50且活跃≥35。挨打27.7：昨日涨停今日大跌6/54（11.11%），连板股大跌1/13（7.69%），跌停8只。延续18.6：最高4板；晋级：1板 8/41（19.51%）、2板 3/11（27.27%）、3板 1/1（100.00%）、≥4板 0/1（0.00%）。活跃66.2：成交2.323万亿元，为此前20日均额1.11倍；上涨占比71.53%；涨停59只。解释注意：3板晋级分母仅1只；≥4板晋级分母仅1只；2025标尺端点饱和：梯队完整度、最高板。
2026-04-13,project-review-v1-20261007,controller_authored_deterministic_explanation,挨打<60、延续<50且活跃≥35,昨日涨停今日大跌2/59（3.39%），连板股大跌1/12（8.33%），跌停4只,最高5板；晋级：1板 4/47（8.51%）、2板 2/8（25.00%）、3板 1/3（33.33%）、≥4板 1/1（100.00%）,成交2.150万亿元，为此前20日均额1.03倍；上涨占比43.61%；涨停58只,三大指数至少两个上涨，但上涨家数不足一半,False,3板晋级分母仅3只；≥4板晋级分母仅1只,3板晋级分母仅3只；≥4板晋级分母仅1只,2026-04-13 多云｜分类依据：挨打<60、延续<50且活跃≥35。挨打10.6：昨日涨停今日大跌2/59（3.39%），连板股大跌1/12（8.33%），跌停4只。延续33.2：最高5板；晋级：1板 4/47（8.51%）、2板 2/8（25.00%）、3板 1/3（33.33%）、≥4板 1/1（100.00%）。活跃44.3：成交2.150万亿元，为此前20日均额1.03倍；上涨占比43.61%；涨停58只。三大指数至少两个上涨，但上涨家数不足一半。解释注意：3板晋级分母仅3只；≥4板晋级分母仅1只。
2026-04-14,project-review-v1-20261007,controller_authored_deterministic_explanation,挨打<60且延续≥50；此分支不使用活跃，晴不表示普涨,昨日涨停今日大跌1/58（1.72%），连板股大跌0/8（0.00%），跌停4只,最高6板；晋级：1板 5/50（10.00%）、2板 1/4（25.00%）、3板 2/2（100.00%）、≥4板 1/2（50.00%）,成交2.384万亿元，为此前20日均额1.15倍；上涨占比68.21%；涨停54只,,False,2板晋级分母仅4只；3板晋级分母仅2只；≥4板晋级分母仅2只,2板晋级分母仅4只；3板晋级分母仅2只；≥4板晋级分母仅2只；2025标尺端点饱和：昨日涨停大跌,2026-04-14 晴｜分类依据：挨打<60且延续≥50；此分支不使用活跃，晴不表示普涨。挨打4.8：昨日涨停今日大跌1/58（1.72%），连板股大跌0/8（0.00%），跌停4只。延续52.5：最高6板；晋级：1板 5/50（10.00%）、2板 1/4（25.00%）、3板 2/2（100.00%）、≥4板 1/2（50.00%）。活跃64.6：成交2.384万亿元，为此前20日均额1.15倍；上涨占比68.21%；涨停54只。解释注意：2板晋级分母仅4只；3板晋级分母仅2只；≥4板晋级分母仅2只；2025标尺端点饱和：昨日涨停大跌。
2026-04-15,project-review-v1-20261007,controller_authored_deterministic_explanation,挨打<60、延续<50且活跃≥35,昨日涨停今日大跌9/54（16.67%），连板股大跌2/9（22.22%），跌停9只,最高5板；晋级：1板 8/45（17.78%）、2板 2/5（40.00%）、3板 0/1（0.00%）、≥4板 1/3（33.33%）,成交2.415万亿元，为此前20日均额1.16倍；上涨占比32.49%；涨停56只,,False,3板晋级分母仅1只；≥4板晋级分母仅3只,3板晋级分母仅1只；≥4板晋级分母仅3只；2025标尺端点饱和：梯队完整度,2026-04-15 多云｜分类依据：挨打<60、延续<50且活跃≥35。挨打50.9：昨日涨停今日大跌9/54（16.67%），连板股大跌2/9（22.22%），跌停9只。延续21.7：最高5板；晋级：1板 8/45（17.78%）、2板 2/5（40.00%）、3板 0/1（0.00%）、≥4板 1/3（33.33%）。活跃48.8：成交2.415万亿元，为此前20日均额1.16倍；上涨占比32.49%；涨停56只。解释注意：3板晋级分母仅1只；≥4板晋级分母仅3只；2025标尺端点饱和：梯队完整度。
2026-04-16,project-review-v1-20261007,controller_authored_deterministic_explanation,挨打<60、延续<50且活跃≥35,昨日涨停今日大跌5/56（8.93%），连板股大跌2/11（18.18%），跌停2只,最高6板；晋级：1板 5/45（11.11%）、2板 1/8（12.50%）、3板 1/2（50.00%）、≥4板 1/1（100.00%）,成交2.342万亿元，为此前20日均额1.12倍；上涨占比78.80%；涨停79只,,False,3板晋级分母仅2只；≥4板晋级分母仅1只,3板晋级分母仅2只；≥4板晋级分母仅1只,2026-04-16 多云｜分类依据：挨打<60、延续<50且活跃≥35。挨打26.0：昨日涨停今日大跌5/56（8.93%），连板股大跌2/11（18.18%），跌停2只。延续40.2：最高6板；晋级：1板 5/45（11.11%）、2板 1/8（12.50%）、3板 1/2（50.00%）、≥4板 1/1（100.00%）。活跃83.9：成交2.342万亿元，为此前20日均额1.12倍；上涨占比78.80%；涨停79只。解释注意：3板晋级分母仅2只；≥4板晋级分母仅1只。
2026-04-17,project-review-v1-20261007,controller_authored_deterministic_explanation,挨打<60且延续≥50；此分支不使用活跃，晴不表示普涨,昨日涨停今日大跌3/79（3.80%），连板股大跌0/8（0.00%），跌停3只,最高7板；晋级：1板 8/71（11.27%）、2板 2/5（40.00%）、3板 1/1（100.00%）、≥4板 2/2（100.00%）,成交2.425万亿元，为此前20日均额1.15倍；上涨占比40.23%；涨停69只,三大指数至少两个上涨，但上涨家数不足一半,False,3板晋级分母仅1只；≥4板晋级分母仅2只,3板晋级分母仅1只；≥4板晋级分母仅2只；2025标尺端点饱和：梯队完整度,2026-04-17 晴｜分类依据：挨打<60且延续≥50；此分支不使用活跃，晴不表示普涨。挨打5.1：昨日涨停今日大跌3/79（3.80%），连板股大跌0/8（0.00%），跌停3只。延续84.7：最高7板；晋级：1板 8/71（11.27%）、2板 2/5（40.00%）、3板 1/1（100.00%）、≥4板 2/2（100.00%）。活跃60.4：成交2.425万亿元，为此前20日均额1.15倍；上涨占比40.23%；涨停69只。三大指数至少两个上涨，但上涨家数不足一半。解释注意：3板晋级分母仅1只；≥4板晋级分母仅2只；2025标尺端点饱和：梯队完整度。
2026-04-20,project-review-v1-20261007,controller_authored_deterministic_explanation,挨打<60、延续<50且活跃≥35,昨日涨停今日大跌1/69（1.45%），连板股大跌1/13（7.69%），跌停6只,最高6板；晋级：1板 11/56（19.64%）、2板 3/8（37.50%）、3板 0/2（0.00%）、≥4板 1/3（33.33%）,成交2.579万亿元，为此前20日均额1.22倍；上涨占比62.10%；涨停75只,,False,3板晋级分母仅2只；≥4板晋级分母仅3只,3板晋级分母仅2只；≥4板晋级分母仅3只；2025标尺端点饱和：昨日涨停大跌、梯队完整度,2026-04-20 多云｜分类依据：挨打<60、延续<50且活跃≥35。挨打11.0：昨日涨停今日大跌1/69（1.45%），连板股大跌1/13（7.69%），跌停6只。延续25.7：最高6板；晋级：1板 11/56（19.64%）、2板 3/8（37.50%）、3板 0/2（0.00%）、≥4板 1/3（33.33%）。活跃80.6：成交2.579万亿元，为此前20日均额1.22倍；上涨占比62.10%；涨停75只。解释注意：3板晋级分母仅2只；≥4板晋级分母仅3只；2025标尺端点饱和：昨日涨停大跌、梯队完整度。
2026-04-21,project-review-v1-20261007,controller_authored_deterministic_explanation,挨打<60、延续<50且活跃≥35,昨日涨停今日大跌6/75（8.00%），连板股大跌1/15（6.67%），跌停9只,最高4板；晋级：1板 4/60（6.67%）、2板 3/11（27.27%）、3板 1/3（33.33%）、≥4板 0/1（0.00%）,成交2.408万亿元，为此前20日均额1.13倍；上涨占比36.77%；涨停53只,三大指数至少两个上涨，但上涨家数不足一半,False,3板晋级分母仅3只；≥4板晋级分母仅1只,3板晋级分母仅3只；≥4板晋级分母仅1只；2025标尺端点饱和：梯队完整度、最高板,2026-04-21 多云｜分类依据：挨打<60、延续<50且活跃≥35。挨打22.1：昨日涨停今日大跌6/75（8.00%），连板股大跌1/15（6.67%），跌停9只。延续1.1：最高4板；晋级：1板 4/60（6.67%）、2板 3/11（27.27%）、3板 1/3（33.33%）、≥4板 0/1（0.00%）。活跃46.3：成交2.408万亿元，为此前20日均额1.13倍；上涨占比36.77%；涨停53只。三大指数至少两个上涨，但上涨家数不足一半。解释注意：3板晋级分母仅3只；≥4板晋级分母仅1只；2025标尺端点饱和：梯队完整度、最高板。
2026-04-22,project-review-v1-20261007,controller_authored_deterministic_explanation,挨打<60、延续<50且活跃≥35,昨日涨停今日大跌2/53（3.77%），连板股大跌0/8（0.00%），跌停4只,最高4板；晋级：1板 6/45（13.33%）、2板 0/4（0.00%）、3板 2/3（66.67%）、≥4板 0/1（0.00%）,成交2.560万亿元，为此前20日均额1.20倍；上涨占比51.88%；涨停54只,,False,2板晋级分母仅4只；3板晋级分母仅3只；≥4板晋级分母仅1只,2板晋级分母仅4只；3板晋级分母仅3只；≥4板晋级分母仅1只；2025标尺端点饱和：梯队完整度、最高板,2026-04-22 多云｜分类依据：挨打<60、延续<50且活跃≥35。挨打6.7：昨日涨停今日大跌2/53（3.77%），连板股大跌0/8（0.00%），跌停4只。延续5.7：最高4板；晋级：1板 6/45（13.33%）、2板 0/4（0.00%）、3板 2/3（66.67%）、≥4板 0/1（0.00%）。活跃60.5：成交2.560万亿元，为此前20日均额1.20倍；上涨占比51.88%；涨停54只。解释注意：2板晋级分母仅4只；3板晋级分母仅3只；≥4板晋级分母仅1只；2025标尺端点饱和：梯队完整度、最高板。
2026-04-23,project-review-v1-20261007,controller_authored_deterministic_explanation,挨打<60、延续<50且活跃≥35,昨日涨停今日大跌5/54（9.26%），连板股大跌0/8（0.00%），跌停15只,最高5板；晋级：1板 5/46（10.87%）、2板 3/6（50.00%）、3板 0/0（比例缺失）、≥4板 1/2（50.00%）,成交2.804万亿元，为此前20日均额1.30倍；上涨占比25.19%；涨停50只,,False,3板晋级无可观察样本；≥4板晋级分母仅2只,3板晋级无可观察样本；≥4板晋级分母仅2只；2025标尺端点饱和：梯队完整度、成交额相对20日,2026-04-23 多云｜分类依据：挨打<60、延续<50且活跃≥35。挨打29.1：昨日涨停今日大跌5/54（9.26%），连板股大跌0/8（0.00%），跌停15只。延续21.3：最高5板；晋级：1板 5/46（10.87%）、2板 3/6（50.00%）、3板 0/0（比例缺失）、≥4板 1/2（50.00%）。活跃48.1：成交2.804万亿元，为此前20日均额1.30倍；上涨占比25.19%；涨停50只。解释注意：3板晋级无可观察样本；≥4板晋级分母仅2只；2025标尺端点饱和：梯队完整度、成交额相对20日。
2026-04-24,project-review-v1-20261007,controller_authored_deterministic_explanation,挨打≥60且延续<40,昨日涨停今日大跌12/50（24.00%），连板股大跌5/9（55.56%），跌停23只,最高3板；晋级：1板 6/41（14.63%）、2板 2/5（40.00%）、3板 0/3（0.00%）、≥4板 0/1（0.00%）,成交2.641万亿元，为此前20日均额1.21倍；上涨占比38.02%；涨停59只,,True,3板晋级分母仅3只；≥4板晋级分母仅1只,3板晋级分母仅3只；≥4板晋级分母仅1只；2025标尺端点饱和：连板股大跌、跌停密度、梯队完整度、最高板,2026-04-24 暴雨｜分类依据：挨打≥60且延续<40。挨打96.1：昨日涨停今日大跌12/50（24.00%），连板股大跌5/9（55.56%），跌停23只。延续4.2：最高3板；晋级：1板 6/41（14.63%）、2板 2/5（40.00%）、3板 0/3（0.00%）、≥4板 0/1（0.00%）。活跃57.3：成交2.641万亿元，为此前20日均额1.21倍；上涨占比38.02%；涨停59只。挨打达到惩罚分支，同时活跃达到多云分支的活跃门槛。解释注意：3板晋级分母仅3只；≥4板晋级分母仅1只；2025标尺端点饱和：连板股大跌、跌停密度、梯队完整度、最高板。
2026-04-27,project-review-v1-20261007,controller_authored_deterministic_explanation,挨打≥60且延续<40,昨日涨停今日大跌9/59（15.25%），连板股大跌2/8（25.00%），跌停35只,最高4板；晋级：1板 6/51（11.76%）、2板 2/6（33.33%）、3板 1/2（50.00%）、≥4板 0/0（比例缺失）,成交2.589万亿元，为此前20日均额1.16倍；上涨占比61.79%；涨停65只,,True,3板晋级分母仅2只；≥4板晋级无可观察样本,3板晋级分母仅2只；≥4板晋级无可观察样本；2025标尺端点饱和：跌停密度、梯队完整度、最高板,2026-04-27 暴雨｜分类依据：挨打≥60且延续<40。挨打66.0：昨日涨停今日大跌9/59（15.25%），连板股大跌2/8（25.00%），跌停35只。延续8.2：最高4板；晋级：1板 6/51（11.76%）、2板 2/6（33.33%）、3板 1/2（50.00%）、≥4板 0/0（比例缺失）。活跃70.0：成交2.589万亿元，为此前20日均额1.16倍；上涨占比61.79%；涨停65只。挨打达到惩罚分支，同时活跃达到多云分支的活跃门槛。解释注意：3板晋级分母仅2只；≥4板晋级无可观察样本；2025标尺端点饱和：跌停密度、梯队完整度、最高板。
2026-04-28,project-review-v1-20261007,controller_authored_deterministic_explanation,挨打<60、延续<50且活跃≥35,昨日涨停今日大跌4/64（6.25%），连板股大跌1/8（12.50%），跌停29只,最高5板；晋级：1板 8/56（14.29%）、2板 1/5（20.00%）、3板 1/2（50.00%）、≥4板 1/1（100.00%）,成交2.536万亿元，为此前20日均额1.12倍；上涨占比31.90%；涨停58只,,False,3板晋级分母仅2只；≥4板晋级分母仅1只,3板晋级分母仅2只；≥4板晋级分母仅1只；2025标尺端点饱和：跌停密度；源或群体存在已披露质量缺口,2026-04-28 多云｜分类依据：挨打<60、延续<50且活跃≥35。挨打41.3：昨日涨停今日大跌4/64（6.25%），连板股大跌1/8（12.50%），跌停29只。延续39.8：最高5板；晋级：1板 8/56（14.29%）、2板 1/5（20.00%）、3板 1/2（50.00%）、≥4板 1/1（100.00%）。活跃46.7：成交2.536万亿元，为此前20日均额1.12倍；上涨占比31.90%；涨停58只。解释注意：3板晋级分母仅2只；≥4板晋级分母仅1只；2025标尺端点饱和：跌停密度；源或群体存在已披露质量缺口。
2026-04-29,project-review-v1-20261007,controller_authored_deterministic_explanation,挨打<60、延续<50且活跃≥35,昨日涨停今日大跌7/57（12.28%），连板股大跌1/10（10.00%），跌停13只,最高3板；晋级：1板 9/47（19.15%）、2板 2/7（28.57%）、3板 0/1（0.00%）、≥4板 0/2（0.00%）,成交2.590万亿元，为此前20日均额1.13倍；上涨占比73.13%；涨停101只,,False,3板晋级分母仅1只；≥4板晋级分母仅2只,3板晋级分母仅1只；≥4板晋级分母仅2只；2025标尺端点饱和：梯队完整度、最高板、涨停密度；源或群体存在已披露质量缺口,2026-04-29 多云｜分类依据：挨打<60、延续<50且活跃≥35。挨打38.7：昨日涨停今日大跌7/57（12.28%），连板股大跌1/10（10.00%），跌停13只。延续5.5：最高3板；晋级：1板 9/47（19.15%）、2板 2/7（28.57%）、3板 0/1（0.00%）、≥4板 0/2（0.00%）。活跃87.4：成交2.590万亿元，为此前20日均额1.13倍；上涨占比73.13%；涨停101只。解释注意：3板晋级分母仅1只；≥4板晋级分母仅2只；2025标尺端点饱和：梯队完整度、最高板、涨停密度；源或群体存在已披露质量缺口。
2026-04-30,project-review-v1-20261007,controller_authored_deterministic_explanation,挨打<60、延续<50且活跃≥35,昨日涨停今日大跌3/101（2.97%），连板股大跌1/11（9.09%），跌停10只,最高4板；晋级：1板 13/90（14.44%）、2板 3/9（33.33%）、3板 1/2（50.00%）、≥4板 0/0（比例缺失）,成交2.741万亿元，为此前20日均额1.18倍；上涨占比52.21%；涨停78只,三大指数至少两个下跌，但上涨家数超过一半,False,3板晋级分母仅2只；≥4板晋级无可观察样本,3板晋级分母仅2只；≥4板晋级无可观察样本；2025标尺端点饱和：昨日涨停大跌、梯队完整度、最高板,2026-04-30 多云｜分类依据：挨打<60、延续<50且活跃≥35。挨打17.7：昨日涨停今日大跌3/101（2.97%），连板股大跌1/11（9.09%），跌停10只。延续9.9：最高4板；晋级：1板 13/90（14.44%）、2板 3/9（33.33%）、3板 1/2（50.00%）、≥4板 0/0（比例缺失）。活跃75.5：成交2.741万亿元，为此前20日均额1.18倍；上涨占比52.21%；涨停78只。三大指数至少两个下跌，但上涨家数超过一半。解释注意：3板晋级分母仅2只；≥4板晋级无可观察样本；2025标尺端点饱和：昨日涨停大跌、梯队完整度、最高板。
2026-05-06,project-review-v1-20261007,controller_authored_deterministic_explanation,挨打<60、延续<50且活跃≥35,昨日涨停今日大跌1/78（1.28%），连板股大跌0/17（0.00%），跌停1只,最高4板；晋级：1板 11/61（18.03%）、2板 3/13（23.08%）、3板 3/3（100.00%）、≥4板 0/1（0.00%）,成交3.226万亿元，为此前20日均额1.37倍；上涨占比72.38%；涨停101只,,False,3板晋级分母仅3只；≥4板晋级分母仅1只,3板晋级分母仅3只；≥4板晋级分母仅1只；2025标尺端点饱和：昨日涨停大跌、连板股大跌、梯队完整度、最高板、成交额相对20日、涨停密度,2026-05-06 多云｜分类依据：挨打<60、延续<50且活跃≥35。挨打0.0：昨日涨停今日大跌1/78（1.28%），连板股大跌0/17（0.00%），跌停1只。延续22.2：最高4板；晋级：1板 11/61（18.03%）、2板 3/13（23.08%）、3板 3/3（100.00%）、≥4板 0/1（0.00%）。活跃96.5：成交3.226万亿元，为此前20日均额1.37倍；上涨占比72.38%；涨停101只。解释注意：3板晋级分母仅3只；≥4板晋级分母仅1只；2025标尺端点饱和：昨日涨停大跌、连板股大跌、梯队完整度、最高板、成交额相对20日、涨停密度。
2026-05-07,project-review-v1-20261007,controller_authored_deterministic_explanation,挨打<60、延续<50且活跃≥35,昨日涨停今日大跌1/101（0.99%），连板股大跌1/17（5.88%），跌停4只,最高5板；晋级：1板 17/84（20.24%）、2板 2/11（18.18%）、3板 0/3（0.00%）、≥4板 1/3（33.33%）,成交3.144万亿元，为此前20日均额1.29倍；上涨占比63.38%；涨停99只,,False,3板晋级分母仅3只；≥4板晋级分母仅3只,3板晋级分母仅3只；≥4板晋级分母仅3只；2025标尺端点饱和：昨日涨停大跌、分板晋级、梯队完整度、成交额相对20日、涨停密度,2026-05-07 多云｜分类依据：挨打<60、延续<50且活跃≥35。挨打6.2：昨日涨停今日大跌1/101（0.99%），连板股大跌1/17（5.88%），跌停4只。延续7.5：最高5板；晋级：1板 17/84（20.24%）、2板 2/11（18.18%）、3板 0/3（0.00%）、≥4板 1/3（33.33%）。活跃91.9：成交3.144万亿元，为此前20日均额1.29倍；上涨占比63.38%；涨停99只。解释注意：3板晋级分母仅3只；≥4板晋级分母仅3只；2025标尺端点饱和：昨日涨停大跌、分板晋级、梯队完整度、成交额相对20日、涨停密度。
2026-05-08,project-review-v1-20261007,controller_authored_deterministic_explanation,挨打<60、延续<50且活跃≥35,昨日涨停今日大跌3/99（3.03%），连板股大跌1/20（5.00%），跌停1只,最高4板；晋级：1板 12/79（15.19%）、2板 4/17（23.53%）、3板 1/2（50.00%）、≥4板 0/1（0.00%）,成交3.048万亿元，为此前20日均额1.22倍；上涨占比64.84%；涨停96只,三大指数至少两个下跌，但上涨家数超过一半,False,3板晋级分母仅2只；≥4板晋级分母仅1只,3板晋级分母仅2只；≥4板晋级分母仅1只；2025标尺端点饱和：昨日涨停大跌、梯队完整度、最高板、涨停密度,2026-05-08 多云｜分类依据：挨打<60、延续<50且活跃≥35。挨打1.2：昨日涨停今日大跌3/99（3.03%），连板股大跌1/20（5.00%），跌停1只。延续7.5：最高4板；晋级：1板 12/79（15.19%）、2板 4/17（23.53%）、3板 1/2（50.00%）、≥4板 0/1（0.00%）。活跃90.3：成交3.048万亿元，为此前20日均额1.22倍；上涨占比64.84%；涨停96只。三大指数至少两个下跌，但上涨家数超过一半。解释注意：3板晋级分母仅2只；≥4板晋级分母仅1只；2025标尺端点饱和：昨日涨停大跌、梯队完整度、最高板、涨停密度。
2026-05-11,project-review-v1-20261007,controller_authored_deterministic_explanation,挨打<60、延续<50且活跃≥35,昨日涨停今日大跌7/95（7.37%），连板股大跌1/17（5.88%），跌停5只,最高5板；晋级：1板 12/78（15.38%）、2板 4/12（33.33%）、3板 1/4（25.00%）、≥4板 1/1（100.00%）,成交3.539万亿元，为此前20日均额1.37倍；上涨占比58.98%；涨停93只,,False,3板晋级分母仅4只；≥4板晋级分母仅1只,3板晋级分母仅4只；≥4板晋级分母仅1只；2025标尺端点饱和：成交额相对20日、涨停密度；源或群体存在已披露质量缺口,2026-05-11 多云｜分类依据：挨打<60、延续<50且活跃≥35。挨打15.0：昨日涨停今日大跌7/95（7.37%），连板股大跌1/17（5.88%），跌停5只。延续38.1：最高5板；晋级：1板 12/78（15.38%）、2板 4/12（33.33%）、3板 1/4（25.00%）、≥4板 1/1（100.00%）。活跃89.7：成交3.539万亿元，为此前20日均额1.37倍；上涨占比58.98%；涨停93只。解释注意：3板晋级分母仅4只；≥4板晋级分母仅1只；2025标尺端点饱和：成交额相对20日、涨停密度；源或群体存在已披露质量缺口。
2026-05-12,project-review-v1-20261007,controller_authored_deterministic_explanation,挨打<60、延续<50且活跃≥35,昨日涨停今日大跌6/93（6.45%），连板股大跌2/19（10.53%），跌停8只,最高5板；晋级：1板 10/74（13.51%）、2板 4/12（33.33%）、3板 2/5（40.00%）、≥4板 1/2（50.00%）,成交3.242万亿元，为此前20日均额1.23倍；上涨占比23.53%；涨停57只,,False,≥4板晋级分母仅2只,≥4板晋级分母仅2只,2026-05-12 多云｜分类依据：挨打<60、延续<50且活跃≥35。挨打21.1：昨日涨停今日大跌6/93（6.45%），连板股大跌2/19（10.53%），跌停8只。延续36.8：最高5板；晋级：1板 10/74（13.51%）、2板 4/12（33.33%）、3板 2/5（40.00%）、≥4板 1/2（50.00%）。活跃51.2：成交3.242万亿元，为此前20日均额1.23倍；上涨占比23.53%；涨停57只。解释注意：≥4板晋级分母仅2只。
2026-05-13,project-review-v1-20261007,controller_authored_deterministic_explanation,挨打<60且延续≥50；此分支不使用活跃，晴不表示普涨,昨日涨停今日大跌2/57（3.51%），连板股大跌1/17（5.88%），跌停2只,最高6板；晋级：1板 11/40（27.50%）、2板 3/10（30.00%）、3板 2/4（50.00%）、≥4板 1/3（33.33%）,成交3.240万亿元，为此前20日均额1.21倍；上涨占比58.87%；涨停112只,,False,3板晋级分母仅4只；≥4板晋级分母仅3只,3板晋级分母仅4只；≥4板晋级分母仅3只；2025标尺端点饱和：涨停密度,2026-05-13 晴｜分类依据：挨打<60且延续≥50；此分支不使用活跃，晴不表示普涨。挨打5.1：昨日涨停今日大跌2/57（3.51%），连板股大跌1/17（5.88%），跌停2只。延续51.1：最高6板；晋级：1板 11/40（27.50%）、2板 3/10（30.00%）、3板 2/4（50.00%）、≥4板 1/3（33.33%）。活跃86.4：成交3.240万亿元，为此前20日均额1.21倍；上涨占比58.87%；涨停112只。解释注意：3板晋级分母仅4只；≥4板晋级分母仅3只；2025标尺端点饱和：涨停密度。
2026-05-14,project-review-v1-20261007,controller_authored_deterministic_explanation,挨打≥60且延续<40,昨日涨停今日大跌24/111（21.62%），连板股大跌5/17（29.41%），跌停19只,最高5板；晋级：1板 11/94（11.70%）、2板 3/11（27.27%）、3板 1/3（33.33%）、≥4板 1/3（33.33%）,成交3.362万亿元，为此前20日均额1.23倍；上涨占比18.85%；涨停55只,,True,3板晋级分母仅3只；≥4板晋级分母仅3只,3板晋级分母仅3只；≥4板晋级分母仅3只；2025标尺端点饱和：上涨占比；源或群体存在已披露质量缺口,2026-05-14 暴雨｜分类依据：挨打≥60且延续<40。挨打78.9：昨日涨停今日大跌24/111（21.62%），连板股大跌5/17（29.41%），跌停19只。延续28.0：最高5板；晋级：1板 11/94（11.70%）、2板 3/11（27.27%）、3板 1/3（33.33%）、≥4板 1/3（33.33%）。活跃48.1：成交3.362万亿元，为此前20日均额1.23倍；上涨占比18.85%；涨停55只。挨打达到惩罚分支，同时活跃达到多云分支的活跃门槛。解释注意：3板晋级分母仅3只；≥4板晋级分母仅3只；2025标尺端点饱和：上涨占比；源或群体存在已披露质量缺口。
2026-05-15,project-review-v1-20261007,controller_authored_deterministic_explanation,挨打≥60且延续<40,昨日涨停今日大跌14/55（25.45%），连板股大跌4/16（25.00%），跌停15只,最高6板；晋级：1板 3/39（7.69%）、2板 2/11（18.18%）、3板 0/3（0.00%）、≥4板 2/2（100.00%）,成交3.344万亿元，为此前20日均额1.20倍；上涨占比32.10%；涨停55只,,True,3板晋级分母仅3只；≥4板晋级分母仅2只,3板晋级分母仅3只；≥4板晋级分母仅2只,2026-05-15 暴雨｜分类依据：挨打≥60且延续<40。挨打75.8：昨日涨停今日大跌14/55（25.45%），连板股大跌4/16（25.00%），跌停15只。延续30.9：最高6板；晋级：1板 3/39（7.69%）、2板 2/11（18.18%）、3板 0/3（0.00%）、≥4板 2/2（100.00%）。活跃51.5：成交3.344万亿元，为此前20日均额1.20倍；上涨占比32.10%；涨停55只。挨打达到惩罚分支，同时活跃达到多云分支的活跃门槛。解释注意：3板晋级分母仅3只；≥4板晋级分母仅2只。
2026-05-18,project-review-v1-20261007,controller_authored_deterministic_explanation,挨打<60且延续≥50；此分支不使用活跃，晴不表示普涨,昨日涨停今日大跌7/55（12.73%），连板股大跌1/7（14.29%），跌停19只,最高6板；晋级：1板 4/48（8.33%）、2板 2/3（66.67%）、3板 2/2（100.00%）、≥4板 1/2（50.00%）,成交2.894万亿元，为此前20日均额1.02倍；上涨占比45.18%；涨停78只,,False,2板晋级分母仅3只；3板晋级分母仅2只；≥4板晋级分母仅2只,2板晋级分母仅3只；3板晋级分母仅2只；≥4板晋级分母仅2只,2026-05-18 晴｜分类依据：挨打<60且延续≥50；此分支不使用活跃，晴不表示普涨。挨打50.9：昨日涨停今日大跌7/55（12.73%），连板股大跌1/7（14.29%），跌停19只。延续64.7：最高6板；晋级：1板 4/48（8.33%）、2板 2/3（66.67%）、3板 2/2（100.00%）、≥4板 1/2（50.00%）。活跃58.0：成交2.894万亿元，为此前20日均额1.02倍；上涨占比45.18%；涨停78只。解释注意：2板晋级分母仅3只；3板晋级分母仅2只；≥4板晋级分母仅2只。
2026-05-19,project-review-v1-20261007,controller_authored_deterministic_explanation,挨打<60且延续≥50；此分支不使用活跃，晴不表示普涨,昨日涨停今日大跌3/78（3.85%），连板股大跌0/9（0.00%），跌停8只,最高7板；晋级：1板 15/69（21.74%）、2板 1/4（25.00%）、3板 1/2（50.00%）、≥4板 2/3（66.67%）,成交2.886万亿元，为此前20日均额1.01倍；上涨占比64.78%；涨停90只,,False,2板晋级分母仅4只；3板晋级分母仅2只；≥4板晋级分母仅3只,2板晋级分母仅4只；3板晋级分母仅2只；≥4板晋级分母仅3只；2025标尺端点饱和：梯队完整度、涨停密度,2026-05-19 晴｜分类依据：挨打<60且延续≥50；此分支不使用活跃，晴不表示普涨。挨打10.6：昨日涨停今日大跌3/78（3.85%），连板股大跌0/9（0.00%），跌停8只。延续76.1：最高7板；晋级：1板 15/69（21.74%）、2板 1/4（25.00%）、3板 1/2（50.00%）、≥4板 2/3（66.67%）。活跃72.4：成交2.886万亿元，为此前20日均额1.01倍；上涨占比64.78%；涨停90只。解释注意：2板晋级分母仅4只；3板晋级分母仅2只；≥4板晋级分母仅3只；2025标尺端点饱和：梯队完整度、涨停密度。
2026-05-20,project-review-v1-20261007,controller_authored_deterministic_explanation,挨打<60且延续≥50；此分支不使用活跃，晴不表示普涨,昨日涨停今日大跌14/90（15.56%），连板股大跌2/19（10.53%），跌停23只,最高8板；晋级：1板 3/71（4.23%）、2板 4/15（26.67%）、3板 1/1（100.00%）、≥4板 2/3（66.67%）,成交2.953万亿元，为此前20日均额1.02倍；上涨占比30.57%；涨停61只,三大指数至少两个上涨，但上涨家数不足一半,False,3板晋级分母仅1只；≥4板晋级分母仅3只,3板晋级分母仅1只；≥4板晋级分母仅3只；2025标尺端点饱和：跌停密度、最高板,2026-05-20 晴｜分类依据：挨打<60且延续≥50；此分支不使用活跃，晴不表示普涨。挨打53.6：昨日涨停今日大跌14/90（15.56%），连板股大跌2/19（10.53%），跌停23只。延续61.4：最高8板；晋级：1板 3/71（4.23%）、2板 4/15（26.67%）、3板 1/1（100.00%）、≥4板 2/3（66.67%）。活跃39.5：成交2.953万亿元，为此前20日均额1.02倍；上涨占比30.57%；涨停61只。三大指数至少两个上涨，但上涨家数不足一半。解释注意：3板晋级分母仅1只；≥4板晋级分母仅3只；2025标尺端点饱和：跌停密度、最高板。
2026-05-21,project-review-v1-20261007,controller_authored_deterministic_explanation,挨打≥60且延续<40,昨日涨停今日大跌21/61（34.43%），连板股大跌4/10（40.00%），跌停27只,最高7板；晋级：1板 5/51（9.80%）、2板 0/3（0.00%）、3板 1/4（25.00%）、≥4板 1/3（33.33%）,成交3.481万亿元，为此前20日均额1.19倍；上涨占比12.91%；涨停34只,,True,2板晋级分母仅3只；3板晋级分母仅4只；≥4板晋级分母仅3只,2板晋级分母仅3只；3板晋级分母仅4只；≥4板晋级分母仅3只；2025标尺端点饱和：昨日涨停大跌、跌停密度、分板晋级、梯队完整度、上涨占比、涨停密度,2026-05-21 暴雨｜分类依据：挨打≥60且延续<40。挨打96.7：昨日涨停今日大跌21/61（34.43%），连板股大跌4/10（40.00%），跌停27只。延续22.5：最高7板；晋级：1板 5/51（9.80%）、2板 0/3（0.00%）、3板 1/4（25.00%）、≥4板 1/3（33.33%）。活跃35.7：成交3.481万亿元，为此前20日均额1.19倍；上涨占比12.91%；涨停34只。挨打达到惩罚分支，同时活跃达到多云分支的活跃门槛。解释注意：2板晋级分母仅3只；3板晋级分母仅4只；≥4板晋级分母仅3只；2025标尺端点饱和：昨日涨停大跌、跌停密度、分板晋级、梯队完整度、上涨占比、涨停密度。
2026-05-22,project-review-v1-20261007,controller_authored_deterministic_explanation,挨打<60、延续<50且活跃≥35,昨日涨停今日大跌3/34（8.82%），连板股大跌1/7（14.29%），跌停5只,最高3板；晋级：1板 7/27（25.93%）、2板 4/5（80.00%）、3板 0/0（比例缺失）、≥4板 0/2（0.00%）,成交2.903万亿元，为此前20日均额0.98倍；上涨占比72.21%；涨停116只,,False,3板晋级无可观察样本；≥4板晋级分母仅2只,3板晋级无可观察样本；≥4板晋级分母仅2只；2025标尺端点饱和：梯队完整度、最高板、涨停密度,2026-05-22 多云｜分类依据：挨打<60、延续<50且活跃≥35。挨打27.6：昨日涨停今日大跌3/34（8.82%），连板股大跌1/7（14.29%），跌停5只。延续30.7：最高3板；晋级：1板 7/27（25.93%）、2板 4/5（80.00%）、3板 0/0（比例缺失）、≥4板 0/2（0.00%）。活跃73.5：成交2.903万亿元，为此前20日均额0.98倍；上涨占比72.21%；涨停116只。解释注意：3板晋级无可观察样本；≥4板晋级分母仅2只；2025标尺端点饱和：梯队完整度、最高板、涨停密度。
2026-05-25,project-review-v1-20261007,controller_authored_deterministic_explanation,挨打<60、延续<50且活跃≥35,昨日涨停今日大跌1/116（0.86%），连板股大跌0/11（0.00%），跌停15只,最高4板；晋级：1板 21/105（20.00%）、2板 1/7（14.29%）、3板 1/4（25.00%）、≥4板 0/0（比例缺失）,成交3.205万亿元，为此前20日均额1.07倍；上涨占比41.01%；涨停103只,三大指数至少两个上涨，但上涨家数不足一半,False,3板晋级分母仅4只；≥4板晋级无可观察样本,3板晋级分母仅4只；≥4板晋级无可观察样本；2025标尺端点饱和：昨日涨停大跌、连板股大跌、分板晋级、梯队完整度、最高板、涨停密度,2026-05-25 多云｜分类依据：挨打<60、延续<50且活跃≥35。挨打16.9：昨日涨停今日大跌1/116（0.86%），连板股大跌0/11（0.00%），跌停15只。延续0.0：最高4板；晋级：1板 21/105（20.00%）、2板 1/7（14.29%）、3板 1/4（25.00%）、≥4板 0/0（比例缺失）。活跃66.2：成交3.205万亿元，为此前20日均额1.07倍；上涨占比41.01%；涨停103只。三大指数至少两个上涨，但上涨家数不足一半。解释注意：3板晋级分母仅4只；≥4板晋级无可观察样本；2025标尺端点饱和：昨日涨停大跌、连板股大跌、分板晋级、梯队完整度、最高板、涨停密度。
2026-05-26,project-review-v1-20261007,controller_authored_deterministic_explanation,挨打<60、延续<50且活跃<35,昨日涨停今日大跌12/103（11.65%），连板股大跌3/23（13.04%），跌停17只,最高3板；晋级：1板 9/80（11.25%）、2板 4/21（19.05%）、3板 0/1（0.00%）、≥4板 0/1（0.00%）,成交3.243万亿元，为此前20日均额1.07倍；上涨占比25.24%；涨停49只,三大指数至少两个上涨，但上涨家数不足一半,False,3板晋级分母仅1只；≥4板晋级分母仅1只,3板晋级分母仅1只；≥4板晋级分母仅1只；2025标尺端点饱和：分板晋级、梯队完整度、最高板,2026-05-26 阴｜分类依据：挨打<60、延续<50且活跃<35。挨打43.1：昨日涨停今日大跌12/103（11.65%），连板股大跌3/23（13.04%），跌停17只。延续0.0：最高3板；晋级：1板 9/80（11.25%）、2板 4/21（19.05%）、3板 0/1（0.00%）、≥4板 0/1（0.00%）。活跃33.6：成交3.243万亿元，为此前20日均额1.07倍；上涨占比25.24%；涨停49只。三大指数至少两个上涨，但上涨家数不足一半。解释注意：3板晋级分母仅1只；≥4板晋级分母仅1只；2025标尺端点饱和：分板晋级、梯队完整度、最高板。
2026-05-27,project-review-v1-20261007,controller_authored_deterministic_explanation,挨打<60、延续<50且活跃<35,昨日涨停今日大跌9/49（18.37%），连板股大跌1/13（7.69%），跌停22只,最高3板；晋级：1板 5/36（13.89%）、2板 3/9（33.33%）、3板 0/4（0.00%）、≥4板 0/0（比例缺失）,成交3.238万亿元，为此前20日均额1.07倍；上涨占比17.57%；涨停47只,,False,3板晋级分母仅4只；≥4板晋级无可观察样本,3板晋级分母仅4只；≥4板晋级无可观察样本；2025标尺端点饱和：跌停密度、分板晋级、梯队完整度、最高板、上涨占比,2026-05-27 阴｜分类依据：挨打<60、延续<50且活跃<35。挨打56.6：昨日涨停今日大跌9/49（18.37%），连板股大跌1/13（7.69%），跌停22只。延续0.0：最高3板；晋级：1板 5/36（13.89%）、2板 3/9（33.33%）、3板 0/4（0.00%）、≥4板 0/0（比例缺失）。活跃29.0：成交3.238万亿元，为此前20日均额1.07倍；上涨占比17.57%；涨停47只。解释注意：3板晋级分母仅4只；≥4板晋级无可观察样本；2025标尺端点饱和：跌停密度、分板晋级、梯队完整度、最高板、上涨占比。
2026-05-28,project-review-v1-20261007,controller_authored_deterministic_explanation,挨打<60、延续<50且活跃≥35,昨日涨停今日大跌3/47（6.38%），连板股大跌0/8（0.00%），跌停8只,最高4板；晋级：1板 5/39（12.82%）、2板 1/5（20.00%）、3板 3/3（100.00%）、≥4板 0/0（比例缺失）,成交2.968万亿元，为此前20日均额0.97倍；上涨占比52.14%；涨停101只,,False,3板晋级分母仅3只；≥4板晋级无可观察样本,3板晋级分母仅3只；≥4板晋级无可观察样本；2025标尺端点饱和：梯队完整度、最高板、涨停密度,2026-05-28 多云｜分类依据：挨打<60、延续<50且活跃≥35。挨打16.1：昨日涨停今日大跌3/47（6.38%），连板股大跌0/8（0.00%），跌停8只。延续18.4：最高4板；晋级：1板 5/39（12.82%）、2板 1/5（20.00%）、3板 3/3（100.00%）、≥4板 0/0（比例缺失）。活跃61.9：成交2.968万亿元，为此前20日均额0.97倍；上涨占比52.14%；涨停101只。解释注意：3板晋级分母仅3只；≥4板晋级无可观察样本；2025标尺端点饱和：梯队完整度、最高板、涨停密度。
2026-05-29,project-review-v1-20261007,controller_authored_deterministic_explanation,挨打≥60且延续<40,昨日涨停今日大跌27/101（26.73%），连板股大跌4/9（44.44%），跌停55只,最高5板；晋级：1板 5/92（5.43%）、2板 2/5（40.00%）、3板 0/1（0.00%）、≥4板 2/3（66.67%）,成交3.319万亿元，为此前20日均额1.07倍；上涨占比27.36%；涨停50只,,True,3板晋级分母仅1只；≥4板晋级分母仅3只,3板晋级分母仅1只；≥4板晋级分母仅3只；2025标尺端点饱和：昨日涨停大跌、跌停密度、梯队完整度,2026-05-29 暴雨｜分类依据：挨打≥60且延续<40。挨打99.6：昨日涨停今日大跌27/101（26.73%），连板股大跌4/9（44.44%），跌停55只。延续20.6：最高5板；晋级：1板 5/92（5.43%）、2板 2/5（40.00%）、3板 0/1（0.00%）、≥4板 2/3（66.67%）。活跃35.3：成交3.319万亿元，为此前20日均额1.07倍；上涨占比27.36%；涨停50只。挨打达到惩罚分支，同时活跃达到多云分支的活跃门槛。解释注意：3板晋级分母仅1只；≥4板晋级分母仅3只；2025标尺端点饱和：昨日涨停大跌、跌停密度、梯队完整度。
2026-06-01,project-review-v1-20261007,controller_authored_deterministic_explanation,挨打<60、延续<50且活跃≥35,昨日涨停今日大跌4/50（8.00%），连板股大跌1/9（11.11%），跌停22只,最高4板；晋级：1板 8/41（19.51%）、2板 1/5（20.00%）、3板 2/2（100.00%）、≥4板 0/2（0.00%）,成交2.877万亿元，为此前20日均额0.92倍；上涨占比67.17%；涨停117只,三大指数至少两个下跌，但上涨家数超过一半,False,3板晋级分母仅2只；≥4板晋级分母仅2只,3板晋级分母仅2只；≥4板晋级分母仅2只；2025标尺端点饱和：跌停密度、梯队完整度、最高板、涨停密度,2026-06-01 多云｜分类依据：挨打<60、延续<50且活跃≥35。挨打43.1：昨日涨停今日大跌4/50（8.00%），连板股大跌1/9（11.11%），跌停22只。延续18.1：最高4板；晋级：1板 8/41（19.51%）、2板 1/5（20.00%）、3板 2/2（100.00%）、≥4板 0/2（0.00%）。活跃64.9：成交2.877万亿元，为此前20日均额0.92倍；上涨占比67.17%；涨停117只。三大指数至少两个下跌，但上涨家数超过一半。解释注意：3板晋级分母仅2只；≥4板晋级分母仅2只；2025标尺端点饱和：跌停密度、梯队完整度、最高板、涨停密度。
2026-06-02,project-review-v1-20261007,controller_authored_deterministic_explanation,挨打≥60且延续<40,昨日涨停今日大跌18/117（15.38%），连板股大跌3/11（27.27%），跌停15只,最高3板；晋级：1板 14/106（13.21%）、2板 2/8（25.00%）、3板 0/1（0.00%）、≥4板 0/2（0.00%）,成交2.793万亿元，为此前20日均额0.89倍；上涨占比25.27%；涨停65只,三大指数至少两个上涨，但上涨家数不足一半,False,3板晋级分母仅1只；≥4板晋级分母仅2只,3板晋级分母仅1只；≥4板晋级分母仅2只；2025标尺端点饱和：分板晋级、梯队完整度、最高板,2026-06-02 暴雨｜分类依据：挨打≥60且延续<40。挨打60.4：昨日涨停今日大跌18/117（15.38%），连板股大跌3/11（27.27%），跌停15只。延续0.0：最高3板；晋级：1板 14/106（13.21%）、2板 2/8（25.00%）、3板 0/1（0.00%）、≥4板 0/2（0.00%）。活跃26.1：成交2.793万亿元，为此前20日均额0.89倍；上涨占比25.27%；涨停65只。三大指数至少两个上涨，但上涨家数不足一半。解释注意：3板晋级分母仅1只；≥4板晋级分母仅2只；2025标尺端点饱和：分板晋级、梯队完整度、最高板。
2026-06-03,project-review-v1-20261007,controller_authored_deterministic_explanation,挨打<60、延续<50且活跃≥35,昨日涨停今日大跌5/65（7.69%），连板股大跌2/16（12.50%），跌停11只,最高3板；晋级：1板 6/49（12.24%）、2板 5/14（35.71%）、3板 0/2（0.00%）、≥4板 0/0（比例缺失）,成交3.130万亿元，为此前20日均额1.00倍；上涨占比32.15%；涨停66只,三大指数至少两个上涨，但上涨家数不足一半,False,3板晋级分母仅2只；≥4板晋级无可观察样本,3板晋级分母仅2只；≥4板晋级无可观察样本；2025标尺端点饱和：分板晋级、梯队完整度、最高板,2026-06-03 多云｜分类依据：挨打<60、延续<50且活跃≥35。挨打29.2：昨日涨停今日大跌5/65（7.69%），连板股大跌2/16（12.50%），跌停11只。延续0.0：最高3板；晋级：1板 6/49（12.24%）、2板 5/14（35.71%）、3板 0/2（0.00%）、≥4板 0/0（比例缺失）。活跃40.9：成交3.130万亿元，为此前20日均额1.00倍；上涨占比32.15%；涨停66只。三大指数至少两个上涨，但上涨家数不足一半。解释注意：3板晋级分母仅2只；≥4板晋级无可观察样本；2025标尺端点饱和：分板晋级、梯队完整度、最高板。
2026-06-04,project-review-v1-20261007,controller_authored_deterministic_explanation,挨打<60、延续<50且活跃<35,昨日涨停今日大跌6/66（9.09%），连板股大跌1/11（9.09%），跌停7只,最高4板；晋级：1板 6/55（10.91%）、2板 1/6（16.67%）、3板 3/5（60.00%）、≥4板 0/0（比例缺失）,成交2.757万亿元，为此前20日均额0.88倍；上涨占比25.29%；涨停79只,,False,≥4板晋级无可观察样本,≥4板晋级无可观察样本；2025标尺端点饱和：梯队完整度、最高板,2026-06-04 阴｜分类依据：挨打<60、延续<50且活跃<35。挨打24.8：昨日涨停今日大跌6/66（9.09%），连板股大跌1/11（9.09%），跌停7只。延续2.9：最高4板；晋级：1板 6/55（10.91%）、2板 1/6（16.67%）、3板 3/5（60.00%）、≥4板 0/0（比例缺失）。活跃34.1：成交2.757万亿元，为此前20日均额0.88倍；上涨占比25.29%；涨停79只。解释注意：≥4板晋级无可观察样本；2025标尺端点饱和：梯队完整度、最高板。
2026-06-05,project-review-v1-20261007,controller_authored_deterministic_explanation,挨打≥60且延续<40,昨日涨停今日大跌21/79（26.58%），连板股大跌5/10（50.00%），跌停12只,最高5板；晋级：1板 4/69（5.80%）、2板 1/6（16.67%）、3板 0/1（0.00%）、≥4板 1/3（33.33%）,成交3.069万亿元，为此前20日均额0.98倍；上涨占比58.00%；涨停75只,三大指数至少两个下跌，但上涨家数超过一半,True,3板晋级分母仅1只；≥4板晋级分母仅3只,3板晋级分母仅1只；≥4板晋级分母仅3只；2025标尺端点饱和：昨日涨停大跌、连板股大跌、分板晋级、梯队完整度,2026-06-05 暴雨｜分类依据：挨打≥60且延续<40。挨打88.3：昨日涨停今日大跌21/79（26.58%），连板股大跌5/10（50.00%），跌停12只。延续7.5：最高5板；晋级：1板 4/69（5.80%）、2板 1/6（16.67%）、3板 0/1（0.00%）、≥4板 1/3（33.33%）。活跃58.8：成交3.069万亿元，为此前20日均额0.98倍；上涨占比58.00%；涨停75只。挨打达到惩罚分支，同时活跃达到多云分支的活跃门槛；三大指数至少两个下跌，但上涨家数超过一半。解释注意：3板晋级分母仅1只；≥4板晋级分母仅3只；2025标尺端点饱和：昨日涨停大跌、连板股大跌、分板晋级、梯队完整度。
2026-06-08,project-review-v1-20261007,controller_authored_deterministic_explanation,挨打≥60且延续≥40,昨日涨停今日大跌16/75（21.33%），连板股大跌1/6（16.67%），跌停36只,最高6板；晋级：1板 11/69（15.94%）、2板 1/4（25.00%）、3板 1/1（100.00%）、≥4板 1/1（100.00%）,成交2.793万亿元，为此前20日均额0.89倍；上涨占比12.52%；涨停55只,,False,2板晋级分母仅4只；3板晋级分母仅1只；≥4板晋级分母仅1只,2板晋级分母仅4只；3板晋级分母仅1只；≥4板晋级分母仅1只；2025标尺端点饱和：跌停密度、上涨占比,2026-06-08 雷阵雨｜分类依据：挨打≥60且延续≥40。挨打70.9：昨日涨停今日大跌16/75（21.33%），连板股大跌1/6（16.67%），跌停36只。延续56.3：最高6板；晋级：1板 11/69（15.94%）、2板 1/4（25.00%）、3板 1/1（100.00%）、≥4板 1/1（100.00%）。活跃17.6：成交2.793万亿元，为此前20日均额0.89倍；上涨占比12.52%；涨停55只。解释注意：2板晋级分母仅4只；3板晋级分母仅1只；≥4板晋级分母仅1只；2025标尺端点饱和：跌停密度、上涨占比。
2026-06-09,project-review-v1-20261007,controller_authored_deterministic_explanation,挨打<60、延续<50且活跃≥35,昨日涨停今日大跌7/55（12.73%），连板股大跌2/14（14.29%），跌停10只,最高3板；晋级：1板 8/41（19.51%）、2板 2/11（18.18%）、3板 0/1（0.00%）、≥4板 0/2（0.00%）,成交2.640万亿元，为此前20日均额0.86倍；上涨占比62.76%；涨停130只,,False,3板晋级分母仅1只；≥4板晋级分母仅2只,3板晋级分母仅1只；≥4板晋级分母仅2只；2025标尺端点饱和：分板晋级、梯队完整度、最高板、涨停密度,2026-06-09 多云｜分类依据：挨打<60、延续<50且活跃≥35。挨打38.5：昨日涨停今日大跌7/55（12.73%），连板股大跌2/14（14.29%），跌停10只。延续0.0：最高3板；晋级：1板 8/41（19.51%）、2板 2/11（18.18%）、3板 0/1（0.00%）、≥4板 0/2（0.00%）。活跃55.8：成交2.640万亿元，为此前20日均额0.86倍；上涨占比62.76%；涨停130只。解释注意：3板晋级分母仅1只；≥4板晋级分母仅2只；2025标尺端点饱和：分板晋级、梯队完整度、最高板、涨停密度。
2026-06-10,project-review-v1-20261007,controller_authored_deterministic_explanation,挨打<60、延续<50且活跃<35,昨日涨停今日大跌16/130（12.31%），连板股大跌2/10（20.00%），跌停29只,最高4板；晋级：1板 13/120（10.83%）、2板 1/8（12.50%）、3板 1/2（50.00%）、≥4板 0/0（比例缺失）,成交2.619万亿元，为此前20日均额0.86倍；上涨占比29.87%；涨停70只,,False,3板晋级分母仅2只；≥4板晋级无可观察样本,3板晋级分母仅2只；≥4板晋级无可观察样本；2025标尺端点饱和：跌停密度、分板晋级、梯队完整度、最高板,2026-06-10 阴｜分类依据：挨打<60、延续<50且活跃<35。挨打57.1：昨日涨停今日大跌16/130（12.31%），连板股大跌2/10（20.00%），跌停29只。延续0.0：最高4板；晋级：1板 13/120（10.83%）、2板 1/8（12.50%）、3板 1/2（50.00%）、≥4板 0/0（比例缺失）。活跃28.2：成交2.619万亿元，为此前20日均额0.86倍；上涨占比29.87%；涨停70只。解释注意：3板晋级分母仅2只；≥4板晋级无可观察样本；2025标尺端点饱和：跌停密度、分板晋级、梯队完整度、最高板。
2026-06-11,project-review-v1-20261007,controller_authored_deterministic_explanation,挨打≥60且延续<40,昨日涨停今日大跌17/70（24.29%），连板股大跌4/15（26.67%），跌停34只,最高3板；晋级：1板 7/55（12.73%）、2板 4/13（30.77%）、3板 0/1（0.00%）、≥4板 0/1（0.00%）,成交2.552万亿元，为此前20日均额0.84倍；上涨占比26.06%；涨停70只,,False,3板晋级分母仅1只；≥4板晋级分母仅1只,3板晋级分母仅1只；≥4板晋级分母仅1只；2025标尺端点饱和：跌停密度、梯队完整度、最高板,2026-06-11 暴雨｜分类依据：挨打≥60且延续<40。挨打83.6：昨日涨停今日大跌17/70（24.29%），连板股大跌4/15（26.67%），跌停34只。延续5.0：最高3板；晋级：1板 7/55（12.73%）、2板 4/13（30.77%）、3板 0/1（0.00%）、≥4板 0/1（0.00%）。活跃24.8：成交2.552万亿元，为此前20日均额0.84倍；上涨占比26.06%；涨停70只。解释注意：3板晋级分母仅1只；≥4板晋级分母仅1只；2025标尺端点饱和：跌停密度、梯队完整度、最高板。
2026-06-12,project-review-v1-20261007,controller_authored_deterministic_explanation,挨打≥60且延续<40,昨日涨停今日大跌14/70（20.00%），连板股大跌3/11（27.27%），跌停15只,最高4板；晋级：1板 8/59（13.56%）、2板 0/7（0.00%）、3板 3/4（75.00%）、≥4板 0/0（比例缺失）,成交3.215万亿元，为此前20日均额1.08倍；上涨占比71.84%；涨停91只,,True,3板晋级分母仅4只；≥4板晋级无可观察样本,3板晋级分母仅4只；≥4板晋级无可观察样本；2025标尺端点饱和：分板晋级、梯队完整度、最高板、涨停密度,2026-06-12 暴雨｜分类依据：挨打≥60且延续<40。挨打68.2：昨日涨停今日大跌14/70（20.00%），连板股大跌3/11（27.27%），跌停15只。延续0.0：最高4板；晋级：1板 8/59（13.56%）、2板 0/7（0.00%）、3板 3/4（75.00%）、≥4板 0/0（比例缺失）。活跃82.3：成交3.215万亿元，为此前20日均额1.08倍；上涨占比71.84%；涨停91只。挨打达到惩罚分支，同时活跃达到多云分支的活跃门槛。解释注意：3板晋级分母仅4只；≥4板晋级无可观察样本；2025标尺端点饱和：分板晋级、梯队完整度、最高板、涨停密度。
2026-06-15,project-review-v1-20261007,controller_authored_deterministic_explanation,挨打<60、延续<50且活跃≥35,昨日涨停今日大跌6/91（6.59%），连板股大跌0/11（0.00%），跌停4只,最高3板；晋级：1板 7/80（8.75%）、2板 4/8（50.00%）、3板 0/0（比例缺失）、≥4板 0/3（0.00%）,成交3.031万亿元，为此前20日均额1.02倍；上涨占比71.17%；涨停149只,,False,3板晋级无可观察样本；≥4板晋级分母仅3只,3板晋级无可观察样本；≥4板晋级分母仅3只；2025标尺端点饱和：连板股大跌、分板晋级、梯队完整度、最高板、涨停密度,2026-06-15 多云｜分类依据：挨打<60、延续<50且活跃≥35。挨打9.9：昨日涨停今日大跌6/91（6.59%），连板股大跌0/11（0.00%），跌停4只。延续0.0：最高3板；晋级：1板 7/80（8.75%）、2板 4/8（50.00%）、3板 0/0（比例缺失）、≥4板 0/3（0.00%）。活跃76.5：成交3.031万亿元，为此前20日均额1.02倍；上涨占比71.17%；涨停149只。解释注意：3板晋级无可观察样本；≥4板晋级分母仅3只；2025标尺端点饱和：连板股大跌、分板晋级、梯队完整度、最高板、涨停密度。
2026-06-16,project-review-v1-20261007,controller_authored_deterministic_explanation,挨打<60、延续<50且活跃≥35,昨日涨停今日大跌6/148（4.05%），连板股大跌0/11（0.00%），跌停7只,最高4板；晋级：1板 27/137（19.71%）、2板 2/7（28.57%）、3板 2/4（50.00%）、≥4板 0/0（比例缺失）,成交3.065万亿元，为此前20日均额1.03倍；上涨占比50.19%；涨停117只,,False,3板晋级分母仅4只；≥4板晋级无可观察样本,3板晋级分母仅4只；≥4板晋级无可观察样本；2025标尺端点饱和：连板股大跌、梯队完整度、最高板、涨停密度；源或群体存在已披露质量缺口,2026-06-16 多云｜分类依据：挨打<60、延续<50且活跃≥35。挨打8.7：昨日涨停今日大跌6/148（4.05%），连板股大跌0/11（0.00%），跌停7只。延续11.7：最高4板；晋级：1板 27/137（19.71%）、2板 2/7（28.57%）、3板 2/4（50.00%）、≥4板 0/0（比例缺失）。活跃66.7：成交3.065万亿元，为此前20日均额1.03倍；上涨占比50.19%；涨停117只。解释注意：3板晋级分母仅4只；≥4板晋级无可观察样本；2025标尺端点饱和：连板股大跌、梯队完整度、最高板、涨停密度；源或群体存在已披露质量缺口。
2026-06-17,project-review-v1-20261007,controller_authored_deterministic_explanation,挨打<60、延续<50且活跃≥35,昨日涨停今日大跌4/115（3.48%），连板股大跌0/31（0.00%），跌停1只,最高3板；晋级：1板 9/84（10.71%）、2板 10/27（37.04%）、3板 0/2（0.00%）、≥4板 0/2（0.00%）,成交3.092万亿元，为此前20日均额1.03倍；上涨占比31.20%；涨停87只,三大指数至少两个上涨，但上涨家数不足一半,False,3板晋级分母仅2只；≥4板晋级分母仅2只,3板晋级分母仅2只；≥4板晋级分母仅2只；2025标尺端点饱和：连板股大跌、梯队完整度、最高板、涨停密度；源或群体存在已披露质量缺口,2026-06-17 多云｜分类依据：挨打<60、延续<50且活跃≥35。挨打0.6：昨日涨停今日大跌4/115（3.48%），连板股大跌0/31（0.00%），跌停1只。延续0.5：最高3板；晋级：1板 9/84（10.71%）、2板 10/27（37.04%）、3板 0/2（0.00%）、≥4板 0/2（0.00%）。活跃57.5：成交3.092万亿元，为此前20日均额1.03倍；上涨占比31.20%；涨停87只。三大指数至少两个上涨，但上涨家数不足一半。解释注意：3板晋级分母仅2只；≥4板晋级分母仅2只；2025标尺端点饱和：连板股大跌、梯队完整度、最高板、涨停密度；源或群体存在已披露质量缺口。
2026-06-18,project-review-v1-20261007,controller_authored_deterministic_explanation,挨打<60、延续<50且活跃≥35,昨日涨停今日大跌16/87（18.39%），连板股大跌3/19（15.79%），跌停14只,最高4板；晋级：1板 9/68（13.24%）、2板 4/9（44.44%）、3板 1/10（10.00%）、≥4板 0/0（比例缺失）,成交3.310万亿元，为此前20日均额1.10倍；上涨占比38.33%；涨停93只,三大指数至少两个上涨，但上涨家数不足一半,False,≥4板晋级无可观察样本,≥4板晋级无可观察样本；2025标尺端点饱和：分板晋级、梯队完整度、最高板、涨停密度,2026-06-18 多云｜分类依据：挨打<60、延续<50且活跃≥35。挨打54.2：昨日涨停今日大跌16/87（18.39%），连板股大跌3/19（15.79%），跌停14只。延续0.0：最高4板；晋级：1板 9/68（13.24%）、2板 4/9（44.44%）、3板 1/10（10.00%）、≥4板 0/0（比例缺失）。活跃67.4：成交3.310万亿元，为此前20日均额1.10倍；上涨占比38.33%；涨停93只。三大指数至少两个上涨，但上涨家数不足一半。解释注意：≥4板晋级无可观察样本；2025标尺端点饱和：分板晋级、梯队完整度、最高板、涨停密度。
2026-06-22,project-review-v1-20261007,controller_authored_deterministic_explanation,挨打<60、延续<50且活跃≥35,昨日涨停今日大跌5/93（5.38%），连板股大跌0/14（0.00%），跌停4只,最高5板；晋级：1板 19/79（24.05%）、2板 2/9（22.22%）、3板 2/4（50.00%）、≥4板 1/1（100.00%）,成交3.737万亿元，为此前20日均额1.25倍；上涨占比53.07%；涨停136只,,False,3板晋级分母仅4只；≥4板晋级分母仅1只,3板晋级分母仅4只；≥4板晋级分母仅1只；2025标尺端点饱和：连板股大跌、成交额相对20日、涨停密度,2026-06-22 多云｜分类依据：挨打<60、延续<50且活跃≥35。挨打7.7：昨日涨停今日大跌5/93（5.38%），连板股大跌0/14（0.00%），跌停4只。延续45.4：最高5板；晋级：1板 19/79（24.05%）、2板 2/9（22.22%）、3板 2/4（50.00%）、≥4板 1/1（100.00%）。活跃86.7：成交3.737万亿元，为此前20日均额1.25倍；上涨占比53.07%；涨停136只。解释注意：3板晋级分母仅4只；≥4板晋级分母仅1只；2025标尺端点饱和：连板股大跌、成交额相对20日、涨停密度。
2026-06-23,project-review-v1-20261007,controller_authored_deterministic_explanation,挨打<60、延续<50且活跃≥35,昨日涨停今日大跌19/136（13.97%），连板股大跌2/24（8.33%），跌停41只,最高5板；晋级：1板 16/112（14.29%）、2板 5/19（26.32%）、3板 0/2（0.00%）、≥4板 1/3（33.33%）,成交3.440万亿元，为此前20日均额1.13倍；上涨占比48.55%；涨停95只,,False,3板晋级分母仅2只；≥4板晋级分母仅3只,3板晋级分母仅2只；≥4板晋级分母仅3只；2025标尺端点饱和：跌停密度、梯队完整度、涨停密度,2026-06-23 多云｜分类依据：挨打<60、延续<50且活跃≥35。挨打48.2：昨日涨停今日大跌19/136（13.97%），连板股大跌2/24（8.33%），跌停41只。延续7.8：最高5板；晋级：1板 16/112（14.29%）、2板 5/19（26.32%）、3板 0/2（0.00%）、≥4板 1/3（33.33%）。活跃75.3：成交3.440万亿元，为此前20日均额1.13倍；上涨占比48.55%；涨停95只。解释注意：3板晋级分母仅2只；≥4板晋级分母仅3只；2025标尺端点饱和：跌停密度、梯队完整度、涨停密度。
2026-06-24,project-review-v1-20261007,controller_authored_deterministic_explanation,挨打<60、延续<50且活跃≥35,昨日涨停今日大跌10/95（10.53%），连板股大跌2/22（9.09%），跌停13只,最高4板；晋级：1板 7/73（9.59%）、2板 2/16（12.50%）、3板 3/5（60.00%）、≥4板 0/1（0.00%）,成交3.284万亿元，为此前20日均额1.08倍；上涨占比27.02%；涨停97只,三大指数至少两个上涨，但上涨家数不足一半,False,≥4板晋级分母仅1只,≥4板晋级分母仅1只；2025标尺端点饱和：梯队完整度、最高板、涨停密度,2026-06-24 多云｜分类依据：挨打<60、延续<50且活跃≥35。挨打32.4：昨日涨停今日大跌10/95（10.53%），连板股大跌2/22（9.09%），跌停13只。延续0.9：最高4板；晋级：1板 7/73（9.59%）、2板 2/16（12.50%）、3板 3/5（60.00%）、≥4板 0/1（0.00%）。活跃59.5：成交3.284万亿元，为此前20日均额1.08倍；上涨占比27.02%；涨停97只。三大指数至少两个上涨，但上涨家数不足一半。解释注意：≥4板晋级分母仅1只；2025标尺端点饱和：梯队完整度、最高板、涨停密度。
2026-06-25,project-review-v1-20261007,controller_authored_deterministic_explanation,挨打<60、延续<50且活跃≥35,昨日涨停今日大跌8/96（8.33%），连板股大跌2/12（16.67%），跌停18只,最高5板；晋级：1板 14/84（16.67%）、2板 1/7（14.29%）、3板 0/2（0.00%）、≥4板 1/3（33.33%）,成交3.594万亿元，为此前20日均额1.18倍；上涨占比23.62%；涨停87只,三大指数至少两个上涨，但上涨家数不足一半,False,3板晋级分母仅2只；≥4板晋级分母仅3只,3板晋级分母仅2只；≥4板晋级分母仅3只；2025标尺端点饱和：分板晋级、梯队完整度；源或群体存在已披露质量缺口,2026-06-25 多云｜分类依据：挨打<60、延续<50且活跃≥35。挨打42.6：昨日涨停今日大跌8/96（8.33%），连板股大跌2/12（16.67%），跌停18只。延续7.5：最高5板；晋级：1板 14/84（16.67%）、2板 1/7（14.29%）、3板 0/2（0.00%）、≥4板 1/3（33.33%）。活跃66.2：成交3.594万亿元，为此前20日均额1.18倍；上涨占比23.62%；涨停87只。三大指数至少两个上涨，但上涨家数不足一半。解释注意：3板晋级分母仅2只；≥4板晋级分母仅3只；2025标尺端点饱和：分板晋级、梯队完整度；源或群体存在已披露质量缺口。
2026-06-26,project-review-v1-20261007,controller_authored_deterministic_explanation,挨打<60、延续<50且活跃≥35,昨日涨停今日大跌17/87（19.54%），连板股大跌1/16（6.25%），跌停32只,最高6板；晋级：1板 5/71（7.04%）、2板 1/14（7.14%）、3板 1/1（100.00%）、≥4板 1/1（100.00%）,成交3.552万亿元，为此前20日均额1.16倍；上涨占比13.57%；涨停60只,,False,3板晋级分母仅1只；≥4板晋级分母仅1只,3板晋级分母仅1只；≥4板晋级分母仅1只；2025标尺端点饱和：跌停密度、上涨占比,2026-06-26 多云｜分类依据：挨打<60、延续<50且活跃≥35。挨打57.1：昨日涨停今日大跌17/87（19.54%），连板股大跌1/16（6.25%），跌停32只。延续37.4：最高6板；晋级：1板 5/71（7.04%）、2板 1/14（7.14%）、3板 1/1（100.00%）、≥4板 1/1（100.00%）。活跃45.3：成交3.552万亿元，为此前20日均额1.16倍；上涨占比13.57%；涨停60只。解释注意：3板晋级分母仅1只；≥4板晋级分母仅1只；2025标尺端点饱和：跌停密度、上涨占比。
2026-06-29,project-review-v1-20261007,controller_authored_deterministic_explanation,挨打≥60且延续<40,昨日涨停今日大跌13/58（22.41%），连板股大跌3/8（37.50%），跌停41只,最高3板；晋级：1板 8/50（16.00%）、2板 1/5（20.00%）、3板 0/1（0.00%）、≥4板 0/2（0.00%）,成交3.518万亿元，为此前20日均额1.14倍；上涨占比46.63%；涨停108只,三大指数至少两个上涨，但上涨家数不足一半,True,3板晋级分母仅1只；≥4板晋级分母仅2只,3板晋级分母仅1只；≥4板晋级分母仅2只；2025标尺端点饱和：跌停密度、梯队完整度、最高板、涨停密度；源或群体存在已披露质量缺口,2026-06-29 暴雨｜分类依据：挨打≥60且延续<40。挨打87.4：昨日涨停今日大跌13/58（22.41%），连板股大跌3/8（37.50%），跌停41只。延续0.7：最高3板；晋级：1板 8/50（16.00%）、2板 1/5（20.00%）、3板 0/1（0.00%）、≥4板 0/2（0.00%）。活跃74.5：成交3.518万亿元，为此前20日均额1.14倍；上涨占比46.63%；涨停108只。挨打达到惩罚分支，同时活跃达到多云分支的活跃门槛；三大指数至少两个上涨，但上涨家数不足一半。解释注意：3板晋级分母仅1只；≥4板晋级分母仅2只；2025标尺端点饱和：跌停密度、梯队完整度、最高板、涨停密度；源或群体存在已披露质量缺口。
2026-06-30,project-review-v1-20261007,controller_authored_deterministic_explanation,挨打<60、延续<50且活跃≥35,昨日涨停今日大跌4/107（3.74%），连板股大跌0/9（0.00%），跌停7只,最高3板；晋级：1板 20/98（20.41%）、2板 1/8（12.50%）、3板 0/1（0.00%）、≥4板 0/0（比例缺失）,成交3.273万亿元，为此前20日均额1.05倍；上涨占比55.83%；涨停142只,,False,3板晋级分母仅1只；≥4板晋级无可观察样本,3板晋级分母仅1只；≥4板晋级无可观察样本；2025标尺端点饱和：分板晋级、梯队完整度、最高板、涨停密度；源或群体存在已披露质量缺口,2026-06-30 多云｜分类依据：挨打<60、延续<50且活跃≥35。挨打8.9：昨日涨停今日大跌4/107（3.74%），连板股大跌0/9（0.00%），跌停7只。延续0.0：最高3板；晋级：1板 20/98（20.41%）、2板 1/8（12.50%）、3板 0/1（0.00%）、≥4板 0/0（比例缺失）。活跃72.1：成交3.273万亿元，为此前20日均额1.05倍；上涨占比55.83%；涨停142只。解释注意：3板晋级分母仅1只；≥4板晋级无可观察样本；2025标尺端点饱和：分板晋级、梯队完整度、最高板、涨停密度；源或群体存在已披露质量缺口。
2026-07-01,project-review-v1-20261007,controller_authored_deterministic_explanation,挨打<60、延续<50且活跃≥35,昨日涨停今日大跌11/142（7.75%），连板股大跌1/21（4.76%），跌停8只,最高3板；晋级：1板 20/121（16.53%）、2板 5/20（25.00%）、3板 0/1（0.00%）、≥4板 0/0（比例缺失）,成交3.660万亿元，为此前20日均额1.17倍；上涨占比77.59%；涨停153只,三大指数至少两个下跌，但上涨家数超过一半,False,3板晋级分母仅1只；≥4板晋级无可观察样本,3板晋级分母仅1只；≥4板晋级无可观察样本；2025标尺端点饱和：分板晋级、梯队完整度、最高板、涨停密度,2026-07-01 多云｜分类依据：挨打<60、延续<50且活跃≥35。挨打17.3：昨日涨停今日大跌11/142（7.75%），连板股大跌1/21（4.76%），跌停8只。延续0.0：最高3板；晋级：1板 20/121（16.53%）、2板 5/20（25.00%）、3板 0/1（0.00%）、≥4板 0/0（比例缺失）。活跃93.1：成交3.660万亿元，为此前20日均额1.17倍；上涨占比77.59%；涨停153只。三大指数至少两个下跌，但上涨家数超过一半。解释注意：3板晋级分母仅1只；≥4板晋级无可观察样本；2025标尺端点饱和：分板晋级、梯队完整度、最高板、涨停密度。
2026-07-02,project-review-v1-20261007,controller_authored_deterministic_explanation,挨打<60、延续<50且活跃≥35,昨日涨停今日大跌20/153（13.07%），连板股大跌4/25（16.00%），跌停42只,最高4板；晋级：1板 15/128（11.72%）、2板 1/20（5.00%）、3板 3/5（60.00%）、≥4板 0/0（比例缺失）,成交3.450万亿元，为此前20日均额1.09倍；上涨占比39.13%；涨停94只,,False,≥4板晋级无可观察样本,≥4板晋级无可观察样本；2025标尺端点饱和：跌停密度、分板晋级、梯队完整度、最高板、涨停密度,2026-07-02 多云｜分类依据：挨打<60、延续<50且活跃≥35。挨打54.1：昨日涨停今日大跌20/153（13.07%），连板股大跌4/25（16.00%），跌停42只。延续0.0：最高4板；晋级：1板 15/128（11.72%）、2板 1/20（5.00%）、3板 3/5（60.00%）、≥4板 0/0（比例缺失）。活跃66.6：成交3.450万亿元，为此前20日均额1.09倍；上涨占比39.13%；涨停94只。解释注意：≥4板晋级无可观察样本；2025标尺端点饱和：跌停密度、分板晋级、梯队完整度、最高板、涨停密度。
2026-07-03,project-review-v1-20261007,controller_authored_deterministic_explanation,挨打≥60且延续<40,昨日涨停今日大跌27/94（28.72%），连板股大跌5/19（26.32%），跌停22只,最高5板；晋级：1板 13/75（17.33%）、2板 3/15（20.00%）、3板 0/1（0.00%）、≥4板 1/3（33.33%）,成交3.182万亿元，为此前20日均额1.00倍；上涨占比67.47%；涨停106只,,True,3板晋级分母仅1只；≥4板晋级分母仅3只,3板晋级分母仅1只；≥4板晋级分母仅3只；2025标尺端点饱和：昨日涨停大跌、跌停密度、梯队完整度、涨停密度,2026-07-03 暴雨｜分类依据：挨打≥60且延续<40。挨打86.5：昨日涨停今日大跌27/94（28.72%），连板股大跌5/19（26.32%），跌停22只。延续10.1：最高5板；晋级：1板 13/75（17.33%）、2板 3/15（20.00%）、3板 0/1（0.00%）、≥4板 1/3（33.33%）。活跃72.9：成交3.182万亿元，为此前20日均额1.00倍；上涨占比67.47%；涨停106只。挨打达到惩罚分支，同时活跃达到多云分支的活跃门槛。解释注意：3板晋级分母仅1只；≥4板晋级分母仅3只；2025标尺端点饱和：昨日涨停大跌、跌停密度、梯队完整度、涨停密度。
2026-07-06,project-review-v1-20261007,controller_authored_deterministic_explanation,挨打≥60且延续<40,昨日涨停今日大跌26/106（24.53%），连板股大跌7/17（41.18%），跌停48只,最高4板；晋级：1板 4/89（4.49%）、2板 1/13（7.69%）、3板 2/3（66.67%）、≥4板 0/1（0.00%）,成交3.091万亿元，为此前20日均额0.96倍；上涨占比35.27%；涨停66只,,True,3板晋级分母仅3只；≥4板晋级分母仅1只,3板晋级分母仅3只；≥4板晋级分母仅1只；2025标尺端点饱和：连板股大跌、跌停密度、分板晋级、梯队完整度、最高板,2026-07-06 暴雨｜分类依据：挨打≥60且延续<40。挨打98.0：昨日涨停今日大跌26/106（24.53%），连板股大跌7/17（41.18%），跌停48只。延续0.0：最高4板；晋级：1板 4/89（4.49%）、2板 1/13（7.69%）、3板 2/3（66.67%）、≥4板 0/1（0.00%）。活跃39.3：成交3.091万亿元，为此前20日均额0.96倍；上涨占比35.27%；涨停66只。挨打达到惩罚分支，同时活跃达到多云分支的活跃门槛。解释注意：3板晋级分母仅3只；≥4板晋级分母仅1只；2025标尺端点饱和：连板股大跌、跌停密度、分板晋级、梯队完整度、最高板。
2026-07-07,project-review-v1-20261007,controller_authored_deterministic_explanation,挨打≥60且延续<40,昨日涨停今日大跌27/66（40.91%），连板股大跌3/7（42.86%），跌停33只,最高5板；晋级：1板 3/59（5.08%）、2板 0/4（0.00%）、3板 0/1（0.00%）、≥4板 2/2（100.00%）,成交2.581万亿元，为此前20日均额0.81倍；上涨占比12.38%；涨停33只,,False,2板晋级分母仅4只；3板晋级分母仅1只；≥4板晋级分母仅2只,2板晋级分母仅4只；3板晋级分母仅1只；≥4板晋级分母仅2只；2025标尺端点饱和：昨日涨停大跌、跌停密度、梯队完整度、成交额相对20日、上涨占比、涨停密度,2026-07-07 暴雨｜分类依据：挨打≥60且延续<40。挨打96.9：昨日涨停今日大跌27/66（40.91%），连板股大跌3/7（42.86%），跌停33只。延续10.3：最高5板；晋级：1板 3/59（5.08%）、2板 0/4（0.00%）、3板 0/1（0.00%）、≥4板 2/2（100.00%）。活跃0.0：成交2.581万亿元，为此前20日均额0.81倍；上涨占比12.38%；涨停33只。解释注意：2板晋级分母仅4只；3板晋级分母仅1只；≥4板晋级分母仅2只；2025标尺端点饱和：昨日涨停大跌、跌停密度、梯队完整度、成交额相对20日、上涨占比、涨停密度。
2026-07-08,project-review-v1-20261007,controller_authored_deterministic_explanation,挨打≥60且延续<40,昨日涨停今日大跌6/33（18.18%），连板股大跌1/5（20.00%），跌停44只,最高6板；晋级：1板 6/28（21.43%）、2板 1/3（33.33%）、3板 0/0（比例缺失）、≥4板 1/2（50.00%）,成交2.563万亿元，为此前20日均额0.80倍；上涨占比27.89%；涨停47只,,False,2板晋级分母仅3只；3板晋级无可观察样本；≥4板晋级分母仅2只,2板晋级分母仅3只；3板晋级无可观察样本；≥4板晋级分母仅2只；2025标尺端点饱和：跌停密度、梯队完整度、成交额相对20日,2026-07-08 暴雨｜分类依据：挨打≥60且延续<40。挨打67.0：昨日涨停今日大跌6/33（18.18%），连板股大跌1/5（20.00%），跌停44只。延续27.9：最高6板；晋级：1板 6/28（21.43%）、2板 1/3（33.33%）、3板 0/0（比例缺失）、≥4板 1/2（50.00%）。活跃7.6：成交2.563万亿元，为此前20日均额0.80倍；上涨占比27.89%；涨停47只。解释注意：2板晋级分母仅3只；3板晋级无可观察样本；≥4板晋级分母仅2只；2025标尺端点饱和：跌停密度、梯队完整度、成交额相对20日。
2026-07-09,project-review-v1-20261007,controller_authored_deterministic_explanation,挨打<60、延续<50且活跃≥35,昨日涨停今日大跌5/47（10.64%），连板股大跌0/8（0.00%），跌停13只,最高7板；晋级：1板 4/39（10.26%）、2板 1/6（16.67%）、3板 0/1（0.00%）、≥4板 1/1（100.00%）,成交2.914万亿元，为此前20日均额0.91倍；上涨占比46.14%；涨停75只,三大指数至少两个上涨，但上涨家数不足一半,False,3板晋级分母仅1只；≥4板晋级分母仅1只,3板晋级分母仅1只；≥4板晋级分母仅1只；2025标尺端点饱和：梯队完整度,2026-07-09 多云｜分类依据：挨打<60、延续<50且活跃≥35。挨打29.2：昨日涨停今日大跌5/47（10.64%），连板股大跌0/8（0.00%），跌停13只。延续29.7：最高7板；晋级：1板 4/39（10.26%）、2板 1/6（16.67%）、3板 0/1（0.00%）、≥4板 1/1（100.00%）。活跃45.5：成交2.914万亿元，为此前20日均额0.91倍；上涨占比46.14%；涨停75只。三大指数至少两个上涨，但上涨家数不足一半。解释注意：3板晋级分母仅1只；≥4板晋级分母仅1只；2025标尺端点饱和：梯队完整度。
2026-07-10,project-review-v1-20261007,controller_authored_deterministic_explanation,挨打<60、延续<50且活跃≥35,昨日涨停今日大跌9/74（12.16%），连板股大跌0/5（0.00%），跌停6只,最高2板；晋级：1板 10/69（14.49%）、2板 0/3（0.00%）、3板 0/1（0.00%）、≥4板 0/1（0.00%）,成交3.388万亿元，为此前20日均额1.06倍；上涨占比67.78%；涨停91只,三大指数至少两个下跌，但上涨家数超过一半,False,2板晋级分母仅3只；3板晋级分母仅1只；≥4板晋级分母仅1只,2板晋级分母仅3只；3板晋级分母仅1只；≥4板晋级分母仅1只；2025标尺端点饱和：分板晋级、梯队完整度、最高板、涨停密度；源或群体存在已披露质量缺口,2026-07-10 多云｜分类依据：挨打<60、延续<50且活跃≥35。挨打26.3：昨日涨停今日大跌9/74（12.16%），连板股大跌0/5（0.00%），跌停6只。延续0.0：最高2板；晋级：1板 10/69（14.49%）、2板 0/3（0.00%）、3板 0/1（0.00%）、≥4板 0/1（0.00%）。活跃78.4：成交3.388万亿元，为此前20日均额1.06倍；上涨占比67.78%；涨停91只。三大指数至少两个下跌，但上涨家数超过一半。解释注意：2板晋级分母仅3只；3板晋级分母仅1只；≥4板晋级分母仅1只；2025标尺端点饱和：分板晋级、梯队完整度、最高板、涨停密度；源或群体存在已披露质量缺口。
2026-07-13,project-review-v1-20261007,controller_authored_deterministic_explanation,挨打≥60且延续<40,昨日涨停今日大跌41/91（45.05%），连板股大跌2/10（20.00%），跌停182只,最高3板；晋级：1板 6/81（7.41%）、2板 4/10（40.00%）、3板 0/0（比例缺失）、≥4板 0/0（比例缺失）,成交2.818万亿元，为此前20日均额0.87倍；上涨占比14.92%；涨停29只,,False,3板晋级无可观察样本；≥4板晋级无可观察样本,3板晋级无可观察样本；≥4板晋级无可观察样本；2025标尺端点饱和：昨日涨停大跌、跌停密度、分板晋级、梯队完整度、最高板、上涨占比、涨停密度,2026-07-13 暴雨｜分类依据：挨打≥60且延续<40。挨打80.8：昨日涨停今日大跌41/91（45.05%），连板股大跌2/10（20.00%），跌停182只。延续0.0：最高3板；晋级：1板 6/81（7.41%）、2板 4/10（40.00%）、3板 0/0（比例缺失）、≥4板 0/0（比例缺失）。活跃5.5：成交2.818万亿元，为此前20日均额0.87倍；上涨占比14.92%；涨停29只。解释注意：3板晋级无可观察样本；≥4板晋级无可观察样本；2025标尺端点饱和：昨日涨停大跌、跌停密度、分板晋级、梯队完整度、最高板、上涨占比、涨停密度。
2026-07-14,project-review-v1-20261007,controller_authored_deterministic_explanation,挨打≥60且延续<40,昨日涨停今日大跌6/28（21.43%），连板股大跌3/9（33.33%），跌停25只,最高3板；晋级：1板 4/19（21.05%）、2板 1/6（16.67%）、3板 0/3（0.00%）、≥4板 0/0（比例缺失）,成交2.704万亿元，为此前20日均额0.84倍；上涨占比75.89%；涨停81只,,True,3板晋级分母仅3只；≥4板晋级无可观察样本,3板晋级分母仅3只；≥4板晋级无可观察样本；2025标尺端点饱和：跌停密度、分板晋级、梯队完整度、最高板；源或群体存在已披露质量缺口,2026-07-14 暴雨｜分类依据：挨打≥60且延续<40。挨打81.8：昨日涨停今日大跌6/28（21.43%），连板股大跌3/9（33.33%），跌停25只。延续0.0：最高3板；晋级：1板 4/19（21.05%）、2板 1/6（16.67%）、3板 0/3（0.00%）、≥4板 0/0（比例缺失）。活跃56.4：成交2.704万亿元，为此前20日均额0.84倍；上涨占比75.89%；涨停81只。挨打达到惩罚分支，同时活跃达到多云分支的活跃门槛。解释注意：3板晋级分母仅3只；≥4板晋级无可观察样本；2025标尺端点饱和：跌停密度、分板晋级、梯队完整度、最高板；源或群体存在已披露质量缺口。
2026-07-15,project-review-v1-20261007,controller_authored_deterministic_explanation,挨打<60、延续<50且活跃≥35,昨日涨停今日大跌11/81（13.58%），连板股大跌1/5（20.00%），跌停35只,最高4板；晋级：1板 12/76（15.79%）、2板 2/4（50.00%）、3板 1/1（100.00%）、≥4板 0/0（比例缺失）,成交2.571万亿元，为此前20日均额0.80倍；上涨占比61.89%；涨停71只,三大指数至少两个下跌，但上涨家数超过一半,False,2板晋级分母仅4只；3板晋级分母仅1只；≥4板晋级无可观察样本,2板晋级分母仅4只；3板晋级分母仅1只；≥4板晋级无可观察样本；2025标尺端点饱和：跌停密度、梯队完整度、最高板、成交额相对20日,2026-07-15 多云｜分类依据：挨打<60、延续<50且活跃≥35。挨打59.7：昨日涨停今日大跌11/81（13.58%），连板股大跌1/5（20.00%），跌停35只。延续25.8：最高4板；晋级：1板 12/76（15.79%）、2板 2/4（50.00%）、3板 1/1（100.00%）、≥4板 0/0（比例缺失）。活跃40.6：成交2.571万亿元，为此前20日均额0.80倍；上涨占比61.89%；涨停71只。三大指数至少两个下跌，但上涨家数超过一半。解释注意：2板晋级分母仅4只；3板晋级分母仅1只；≥4板晋级无可观察样本；2025标尺端点饱和：跌停密度、梯队完整度、最高板、成交额相对20日。
2026-07-16,project-review-v1-20261007,controller_authored_deterministic_explanation,挨打≥60且延续<40,昨日涨停今日大跌8/71（11.27%），连板股大跌5/15（33.33%），跌停36只,最高5板；晋级：1板 7/56（12.50%）、2板 1/12（8.33%）、3板 0/2（0.00%）、≥4板 1/1（100.00%）,成交2.403万亿元，为此前20日均额0.75倍；上涨占比44.86%；涨停40只,,False,3板晋级分母仅2只；≥4板晋级分母仅1只,3板晋级分母仅2只；≥4板晋级分母仅1只；2025标尺端点饱和：跌停密度、分板晋级、梯队完整度、成交额相对20日、涨停密度,2026-07-16 暴雨｜分类依据：挨打≥60且延续<40。挨打67.1：昨日涨停今日大跌8/71（11.27%），连板股大跌5/15（33.33%），跌停36只。延续7.5：最高5板；晋级：1板 7/56（12.50%）、2板 1/12（8.33%）、3板 0/2（0.00%）、≥4板 1/1（100.00%）。活跃12.5：成交2.403万亿元，为此前20日均额0.75倍；上涨占比44.86%；涨停40只。解释注意：3板晋级分母仅2只；≥4板晋级分母仅1只；2025标尺端点饱和：跌停密度、分板晋级、梯队完整度、成交额相对20日、涨停密度。
2026-07-17,project-review-v1-20261007,controller_authored_deterministic_explanation,挨打≥60且延续<40,昨日涨停今日大跌15/40（37.50%），连板股大跌3/9（33.33%），跌停206只,最高4板；晋级：1板 4/31（12.90%）、2板 2/7（28.57%）、3板 1/1（100.00%）、≥4板 0/1（0.00%）,成交2.655万亿元，为此前20日均额0.84倍；上涨占比7.74%；涨停32只,,False,3板晋级分母仅1只；≥4板晋级分母仅1只,3板晋级分母仅1只；≥4板晋级分母仅1只；2025标尺端点饱和：昨日涨停大跌、跌停密度、梯队完整度、最高板、上涨占比、涨停密度,2026-07-17 暴雨｜分类依据：挨打≥60且延续<40。挨打91.1：昨日涨停今日大跌15/40（37.50%），连板股大跌3/9（33.33%），跌停206只。延续16.1：最高4板；晋级：1板 4/31（12.90%）、2板 2/7（28.57%）、3板 1/1（100.00%）、≥4板 0/1（0.00%）。活跃2.7：成交2.655万亿元，为此前20日均额0.84倍；上涨占比7.74%；涨停32只。解释注意：3板晋级分母仅1只；≥4板晋级分母仅1只；2025标尺端点饱和：昨日涨停大跌、跌停密度、梯队完整度、最高板、上涨占比、涨停密度。
2026-07-20,project-review-v1-20261007,controller_authored_deterministic_explanation,挨打≥60且延续<40,昨日涨停今日大跌10/32（31.25%），连板股大跌4/7（57.14%），跌停237只,最高3板；晋级：1板 7/25（28.00%）、2板 1/4（25.00%）、3板 0/2（0.00%）、≥4板 0/1（0.00%）,成交2.702万亿元，为此前20日均额0.87倍；上涨占比33.81%；涨停54只,三大指数至少两个上涨，但上涨家数不足一半,False,2板晋级分母仅4只；3板晋级分母仅2只；≥4板晋级分母仅1只,2板晋级分母仅4只；3板晋级分母仅2只；≥4板晋级分母仅1只；2025标尺端点饱和：昨日涨停大跌、连板股大跌、跌停密度、梯队完整度、最高板,2026-07-20 暴雨｜分类依据：挨打≥60且延续<40。挨打100.0：昨日涨停今日大跌10/32（31.25%），连板股大跌4/7（57.14%），跌停237只。延续9.1：最高3板；晋级：1板 7/25（28.00%）、2板 1/4（25.00%）、3板 0/2（0.00%）、≥4板 0/1（0.00%）。活跃20.6：成交2.702万亿元，为此前20日均额0.87倍；上涨占比33.81%；涨停54只。三大指数至少两个上涨，但上涨家数不足一半。解释注意：2板晋级分母仅4只；3板晋级分母仅2只；≥4板晋级分母仅1只；2025标尺端点饱和：昨日涨停大跌、连板股大跌、跌停密度、梯队完整度、最高板。
2026-07-21,project-review-v1-20261007,controller_authored_deterministic_explanation,挨打≥60且延续<40,昨日涨停今日大跌7/54（12.96%），连板股大跌2/8（25.00%），跌停21只,最高4板；晋级：1板 3/46（6.52%）、2板 1/7（14.29%）、3板 1/1（100.00%）、≥4板 0/0（比例缺失）,成交2.957万亿元，为此前20日均额0.96倍；上涨占比56.30%；涨停117只,,True,3板晋级分母仅1只；≥4板晋级无可观察样本,3板晋级分母仅1只；≥4板晋级无可观察样本；2025标尺端点饱和：分板晋级、梯队完整度、最高板、涨停密度,2026-07-21 暴雨｜分类依据：挨打≥60且延续<40。挨打61.0：昨日涨停今日大跌7/54（12.96%），连板股大跌2/8（25.00%），跌停21只。延续0.0：最高4板；晋级：1板 3/46（6.52%）、2板 1/7（14.29%）、3板 1/1（100.00%）、≥4板 0/0（比例缺失）。活跃63.8：成交2.957万亿元，为此前20日均额0.96倍；上涨占比56.30%；涨停117只。挨打达到惩罚分支，同时活跃达到多云分支的活跃门槛。解释注意：3板晋级分母仅1只；≥4板晋级无可观察样本；2025标尺端点饱和：分板晋级、梯队完整度、最高板、涨停密度。
2026-07-22,project-review-v1-20261007,controller_authored_deterministic_explanation,挨打<60、延续<50且活跃<35,昨日涨停今日大跌7/117（5.98%），连板股大跌0/5（0.00%），跌停9只,最高5板；晋级：1板 8/112（7.14%）、2板 1/3（33.33%）、3板 1/1（100.00%）、≥4板 1/1（100.00%）,成交2.653万亿元，为此前20日均额0.87倍；上涨占比27.41%；涨停45只,,False,2板晋级分母仅3只；3板晋级分母仅1只；≥4板晋级分母仅1只,2板晋级分母仅3只；3板晋级分母仅1只；≥4板晋级分母仅1只,2026-07-22 阴｜分类依据：挨打<60、延续<50且活跃<35。挨打18.9：昨日涨停今日大跌7/117（5.98%），连板股大跌0/5（0.00%），跌停9只。延续46.2：最高5板；晋级：1板 8/112（7.14%）、2板 1/3（33.33%）、3板 1/1（100.00%）、≥4板 1/1（100.00%）。活跃12.0：成交2.653万亿元，为此前20日均额0.87倍；上涨占比27.41%；涨停45只。解释注意：2板晋级分母仅3只；3板晋级分母仅1只；≥4板晋级分母仅1只。
2026-07-23,project-review-v1-20261007,controller_authored_deterministic_explanation,挨打<60且延续≥50；此分支不使用活跃，晴不表示普涨,昨日涨停今日大跌1/45（2.22%），连板股大跌0/11（0.00%），跌停2只,最高6板；晋级：1板 9/34（26.47%）、2板 4/8（50.00%）、3板 1/1（100.00%）、≥4板 1/2（50.00%）,成交2.195万亿元，为此前20日均额0.73倍；上涨占比76.56%；涨停116只,,False,3板晋级分母仅1只；≥4板晋级分母仅2只,3板晋级分母仅1只；≥4板晋级分母仅2只；2025标尺端点饱和：昨日涨停大跌、连板股大跌、成交额相对20日、涨停密度,2026-07-23 晴｜分类依据：挨打<60且延续≥50；此分支不使用活跃，晴不表示普涨。挨打1.2：昨日涨停今日大跌1/45（2.22%），连板股大跌0/11（0.00%），跌停2只。延续69.0：最高6板；晋级：1板 9/34（26.47%）、2板 4/8（50.00%）、3板 1/1（100.00%）、≥4板 1/2（50.00%）。活跃58.6：成交2.195万亿元，为此前20日均额0.73倍；上涨占比76.56%；涨停116只。解释注意：3板晋级分母仅1只；≥4板晋级分母仅2只；2025标尺端点饱和：昨日涨停大跌、连板股大跌、成交额相对20日、涨停密度。
2026-07-24,project-review-v1-20261007,controller_authored_deterministic_explanation,挨打≥60且延续<40,昨日涨停今日大跌29/116（25.00%），连板股大跌4/15（26.67%），跌停24只,最高4板；晋级：1板 14/101（13.86%）、2板 2/9（22.22%）、3板 2/4（50.00%）、≥4板 0/2（0.00%）,成交1.931万亿元，为此前20日均额0.66倍；上涨占比9.90%；涨停40只,,False,3板晋级分母仅4只；≥4板晋级分母仅2只,3板晋级分母仅4只；≥4板晋级分母仅2只；2025标尺端点饱和：跌停密度、梯队完整度、最高板、成交额相对20日、上涨占比、涨停密度,2026-07-24 暴雨｜分类依据：挨打≥60且延续<40。挨打85.5：昨日涨停今日大跌29/116（25.00%），连板股大跌4/15（26.67%），跌停24只。延续4.5：最高4板；晋级：1板 14/101（13.86%）、2板 2/9（22.22%）、3板 2/4（50.00%）、≥4板 0/2（0.00%）。活跃0.0：成交1.931万亿元，为此前20日均额0.66倍；上涨占比9.90%；涨停40只。解释注意：3板晋级分母仅4只；≥4板晋级分母仅2只；2025标尺端点饱和：跌停密度、梯队完整度、最高板、成交额相对20日、上涨占比、涨停密度。
2026-07-27,project-review-v1-20261007,controller_authored_deterministic_explanation,挨打<60、延续<50且活跃≥35,昨日涨停今日大跌3/40（7.50%），连板股大跌1/18（5.56%），跌停6只,最高5板；晋级：1板 3/22（13.64%）、2板 2/14（14.29%）、3板 1/2（50.00%）、≥4板 2/2（100.00%）,成交2.076万亿元，为此前20日均额0.73倍；上涨占比94.16%；涨停110只,,False,3板晋级分母仅2只；≥4板晋级分母仅2只,3板晋级分母仅2只；≥4板晋级分母仅2只；2025标尺端点饱和：成交额相对20日、上涨占比、涨停密度,2026-07-27 多云｜分类依据：挨打<60、延续<50且活跃≥35。挨打16.5：昨日涨停今日大跌3/40（7.50%），连板股大跌1/18（5.56%），跌停6只。延续36.6：最高5板；晋级：1板 3/22（13.64%）、2板 2/14（14.29%）、3板 1/2（50.00%）、≥4板 2/2（100.00%）。活跃60.0：成交2.076万亿元，为此前20日均额0.73倍；上涨占比94.16%；涨停110只。解释注意：3板晋级分母仅2只；≥4板晋级分母仅2只；2025标尺端点饱和：成交额相对20日、上涨占比、涨停密度。
2026-07-28,project-review-v1-20261007,controller_authored_deterministic_explanation,挨打<60、延续<50且活跃<35,昨日涨停今日大跌20/110（18.18%），连板股大跌0/8（0.00%），跌停48只,最高6板；晋级：1板 13/102（12.75%）、2板 1/3（33.33%）、3板 1/2（50.00%）、≥4板 1/3（33.33%）,成交2.026万亿元，为此前20日均额0.73倍；上涨占比45.17%；涨停60只,,False,2板晋级分母仅3只；3板晋级分母仅2只；≥4板晋级分母仅3只,2板晋级分母仅3只；3板晋级分母仅2只；≥4板晋级分母仅3只；2025标尺端点饱和：跌停密度、成交额相对20日,2026-07-28 阴｜分类依据：挨打<60、延续<50且活跃<35。挨打53.0：昨日涨停今日大跌20/110（18.18%），连板股大跌0/8（0.00%），跌停48只。延续44.4：最高6板；晋级：1板 13/102（12.75%）、2板 1/3（33.33%）、3板 1/2（50.00%）、≥4板 1/3（33.33%）。活跃24.9：成交2.026万亿元，为此前20日均额0.73倍；上涨占比45.17%；涨停60只。解释注意：2板晋级分母仅3只；3板晋级分母仅2只；≥4板晋级分母仅3只；2025标尺端点饱和：跌停密度、成交额相对20日。
2026-07-29,project-review-v1-20261007,controller_authored_deterministic_explanation,挨打≥60且延续<40,昨日涨停今日大跌12/60（20.00%），连板股大跌4/16（25.00%），跌停11只,最高7板；晋级：1板 6/44（13.64%）、2板 4/13（30.77%）、3板 0/1（0.00%）、≥4板 1/2（50.00%）,成交2.296万亿元，为此前20日均额0.84倍；上涨占比76.58%；涨停81只,,True,3板晋级分母仅1只；≥4板晋级分母仅2只,3板晋级分母仅1只；≥4板晋级分母仅2只；2025标尺端点饱和：梯队完整度,2026-07-29 暴雨｜分类依据：挨打≥60且延续<40。挨打61.6：昨日涨停今日大跌12/60（20.00%），连板股大跌4/16（25.00%），跌停11只。延续32.8：最高7板；晋级：1板 6/44（13.64%）、2板 4/13（30.77%）、3板 0/1（0.00%）、≥4板 1/2（50.00%）。活跃57.3：成交2.296万亿元，为此前20日均额0.84倍；上涨占比76.58%；涨停81只。挨打达到惩罚分支，同时活跃达到多云分支的活跃门槛。解释注意：3板晋级分母仅1只；≥4板晋级分母仅2只；2025标尺端点饱和：梯队完整度。
2026-07-30,project-review-v1-20261007,controller_authored_deterministic_explanation,挨打≥60且延续≥40,昨日涨停今日大跌14/80（17.50%），连板股大跌2/11（18.18%），跌停80只,最高8板；晋级：1板 6/69（8.70%）、2板 1/6（16.67%）、3板 2/4（50.00%）、≥4板 1/1（100.00%）,成交2.343万亿元，为此前20日均额0.88倍；上涨占比32.02%；涨停51只,,False,3板晋级分母仅4只；≥4板晋级分母仅1只,3板晋级分母仅4只；≥4板晋级分母仅1只；2025标尺端点饱和：跌停密度、最高板；源或群体存在已披露质量缺口,2026-07-30 雷阵雨｜分类依据：挨打≥60且延续≥40。挨打64.7：昨日涨停今日大跌14/80（17.50%），连板股大跌2/11（18.18%），跌停80只。延续56.9：最高8板；晋级：1板 6/69（8.70%）、2板 1/6（16.67%）、3板 2/4（50.00%）、≥4板 1/1（100.00%）。活跃19.3：成交2.343万亿元，为此前20日均额0.88倍；上涨占比32.02%；涨停51只。解释注意：3板晋级分母仅4只；≥4板晋级分母仅1只；2025标尺端点饱和：跌停密度、最高板；源或群体存在已披露质量缺口。
2026-07-31,project-review-v1-20261007,controller_authored_deterministic_explanation,挨打<60且延续≥50；此分支不使用活跃，晴不表示普涨,昨日涨停今日大跌0/51（0.00%），连板股大跌0/10（0.00%），跌停0只,最高9板；晋级：1板 6/41（14.63%）、2板 1/6（16.67%）、3板 1/1（100.00%）、≥4板 2/3（66.67%）,成交2.542万亿元，为此前20日均额0.98倍；上涨占比84.36%；涨停99只,,False,3板晋级分母仅1只；≥4板晋级分母仅3只,3板晋级分母仅1只；≥4板晋级分母仅3只；2025标尺端点饱和：昨日涨停大跌、连板股大跌、跌停密度、梯队完整度、最高板、上涨占比、涨停密度,2026-07-31 晴｜分类依据：挨打<60且延续≥50；此分支不使用活跃，晴不表示普涨。挨打0.0：昨日涨停今日大跌0/51（0.00%），连板股大跌0/10（0.00%），跌停0只。延续80.1：最高9板；晋级：1板 6/41（14.63%）、2板 1/6（16.67%）、3板 1/1（100.00%）、≥4板 2/3（66.67%）。活跃76.7：成交2.542万亿元，为此前20日均额0.98倍；上涨占比84.36%；涨停99只。解释注意：3板晋级分母仅1只；≥4板晋级分母仅3只；2025标尺端点饱和：昨日涨停大跌、连板股大跌、跌停密度、梯队完整度、最高板、上涨占比、涨停密度。
2026-08-03,project-review-v1-20261007,controller_authored_deterministic_explanation,挨打<60且延续≥50；此分支不使用活跃，晴不表示普涨,昨日涨停今日大跌14/98（14.29%），连板股大跌1/9（11.11%），跌停8只,最高6板；晋级：1板 13/89（14.61%）、2板 1/6（16.67%）、3板 1/1（100.00%）、≥4板 2/2（100.00%）,成交1.997万亿元，为此前20日均额0.78倍；上涨占比74.23%；涨停75只,三大指数至少两个下跌，但上涨家数超过一半,False,3板晋级分母仅1只；≥4板晋级分母仅2只,3板晋级分母仅1只；≥4板晋级分母仅2只；2025标尺端点饱和：梯队完整度、成交额相对20日；源或群体存在已披露质量缺口,2026-08-03 晴｜分类依据：挨打<60且延续≥50；此分支不使用活跃，晴不表示普涨。挨打37.2：昨日涨停今日大跌14/98（14.29%），连板股大跌1/9（11.11%），跌停8只。延续69.2：最高6板；晋级：1板 13/89（14.61%）、2板 1/6（16.67%）、3板 1/1（100.00%）、≥4板 2/2（100.00%）。活跃49.5：成交1.997万亿元，为此前20日均额0.78倍；上涨占比74.23%；涨停75只。三大指数至少两个下跌，但上涨家数超过一半。解释注意：3板晋级分母仅1只；≥4板晋级分母仅2只；2025标尺端点饱和：梯队完整度、成交额相对20日；源或群体存在已披露质量缺口。
2026-08-04,project-review-v1-20261007,controller_authored_deterministic_explanation,挨打<60且延续≥50；此分支不使用活跃，晴不表示普涨,昨日涨停今日大跌0/75（0.00%），连板股大跌0/17（0.00%），跌停0只,最高7板；晋级：1板 11/58（18.97%）、2板 6/13（46.15%）、3板 1/1（100.00%）、≥4板 2/3（66.67%）,成交2.213万亿元，为此前20日均额0.88倍；上涨占比66.01%；涨停138只,,False,3板晋级分母仅1只；≥4板晋级分母仅3只,3板晋级分母仅1只；≥4板晋级分母仅3只；2025标尺端点饱和：昨日涨停大跌、连板股大跌、跌停密度、梯队完整度、涨停密度,2026-08-04 晴｜分类依据：挨打<60且延续≥50；此分支不使用活跃，晴不表示普涨。挨打0.0：昨日涨停今日大跌0/75（0.00%），连板股大跌0/17（0.00%），跌停0只。延续89.6：最高7板；晋级：1板 11/58（18.97%）、2板 6/13（46.15%）、3板 1/1（100.00%）、≥4板 2/3（66.67%）。活跃60.1：成交2.213万亿元，为此前20日均额0.88倍；上涨占比66.01%；涨停138只。解释注意：3板晋级分母仅1只；≥4板晋级分母仅3只；2025标尺端点饱和：昨日涨停大跌、连板股大跌、跌停密度、梯队完整度、涨停密度。
2026-08-05,project-review-v1-20261007,controller_authored_deterministic_explanation,挨打<60且延续≥50；此分支不使用活跃，晴不表示普涨,昨日涨停今日大跌0/138（0.00%），连板股大跌0/20（0.00%），跌停1只,最高8板；晋级：1板 27/118（22.88%）、2板 2/11（18.18%）、3板 2/6（33.33%）、≥4板 1/3（33.33%）,成交2.659万亿元，为此前20日均额1.06倍；上涨占比66.35%；涨停103只,,False,≥4板晋级分母仅3只,≥4板晋级分母仅3只；2025标尺端点饱和：昨日涨停大跌、连板股大跌、跌停密度、最高板、涨停密度,2026-08-05 晴｜分类依据：挨打<60且延续≥50；此分支不使用活跃，晴不表示普涨。挨打0.0：昨日涨停今日大跌0/138（0.00%），连板股大跌0/20（0.00%），跌停1只。延续51.0：最高8板；晋级：1板 27/118（22.88%）、2板 2/11（18.18%）、3板 2/6（33.33%）、≥4板 1/3（33.33%）。活跃78.3：成交2.659万亿元，为此前20日均额1.06倍；上涨占比66.35%；涨停103只。解释注意：≥4板晋级分母仅3只；2025标尺端点饱和：昨日涨停大跌、连板股大跌、跌停密度、最高板、涨停密度。
2026-08-06,project-review-v1-20261007,controller_authored_deterministic_explanation,挨打<60、延续<50且活跃≥35,昨日涨停今日大跌5/103（4.85%），连板股大跌1/32（3.12%），跌停1只,最高5板；晋级：1板 9/71（12.68%）、2板 9/27（33.33%）、3板 2/2（100.00%）、≥4板 1/3（33.33%）,成交2.529万亿元，为此前20日均额1.01倍；上涨占比50.48%；涨停79只,三大指数至少两个下跌，但上涨家数超过一半,False,3板晋级分母仅2只；≥4板晋级分母仅3只,3板晋级分母仅2只；≥4板晋级分母仅3只；2025标尺端点饱和：连板股大跌、跌停密度,2026-08-06 多云｜分类依据：挨打<60、延续<50且活跃≥35。挨打3.1：昨日涨停今日大跌5/103（4.85%），连板股大跌1/32（3.12%），跌停1只。延续45.4：最高5板；晋级：1板 9/71（12.68%）、2板 9/27（33.33%）、3板 2/2（100.00%）、≥4板 1/3（33.33%）。活跃59.9：成交2.529万亿元，为此前20日均额1.01倍；上涨占比50.48%；涨停79只。三大指数至少两个下跌，但上涨家数超过一半。解释注意：3板晋级分母仅2只；≥4板晋级分母仅3只；2025标尺端点饱和：连板股大跌、跌停密度。
2026-08-07,project-review-v1-20261007,controller_authored_deterministic_explanation,挨打<60、延续<50且活跃≥35,昨日涨停今日大跌16/79（20.25%），连板股大跌4/21（19.05%），跌停4只,最高4板；晋级：1板 7/58（12.07%）、2板 2/9（22.22%）、3板 5/9（55.56%）、≥4板 0/3（0.00%）,成交2.664万亿元，为此前20日均额1.07倍；上涨占比52.04%；涨停75只,,False,≥4板晋级分母仅3只,≥4板晋级分母仅3只；2025标尺端点饱和：梯队完整度、最高板,2026-08-07 多云｜分类依据：挨打<60、延续<50且活跃≥35。挨打48.3：昨日涨停今日大跌16/79（20.25%），连板股大跌4/21（19.05%），跌停4只。延续3.8：最高4板；晋级：1板 7/58（12.07%）、2板 2/9（22.22%）、3板 5/9（55.56%）、≥4板 0/3（0.00%）。活跃63.7：成交2.664万亿元，为此前20日均额1.07倍；上涨占比52.04%；涨停75只。解释注意：≥4板晋级分母仅3只；2025标尺端点饱和：梯队完整度、最高板。
2026-08-10,project-review-v1-20261007,controller_authored_deterministic_explanation,挨打<60、延续<50且活跃≥35,昨日涨停今日大跌8/75（10.67%），连板股大跌3/14（21.43%），跌停6只,最高5板；晋级：1板 9/61（14.75%）、2板 2/7（28.57%）、3板 0/2（0.00%）、≥4板 2/5（40.00%）,成交2.523万亿元，为此前20日均额1.03倍；上涨占比75.07%；涨停99只,,False,3板晋级分母仅2只,3板晋级分母仅2只；2025标尺端点饱和：梯队完整度、涨停密度,2026-08-10 多云｜分类依据：挨打<60、延续<50且活跃≥35。挨打36.4：昨日涨停今日大跌8/75（10.67%），连板股大跌3/14（21.43%），跌停6只。延续11.8：最高5板；晋级：1板 9/61（14.75%）、2板 2/7（28.57%）、3板 0/2（0.00%）、≥4板 2/5（40.00%）。活跃79.7：成交2.523万亿元，为此前20日均额1.03倍；上涨占比75.07%；涨停99只。解释注意：3板晋级分母仅2只；2025标尺端点饱和：梯队完整度、涨停密度。
2026-08-11,project-review-v1-20261007,controller_authored_deterministic_explanation,挨打<60、延续<50且活跃<35,昨日涨停今日大跌9/97（9.28%），连板股大跌2/13（15.38%），跌停1只,最高6板；晋级：1板 12/84（14.29%）、2板 2/9（22.22%）、3板 1/2（50.00%）、≥4板 1/2（50.00%）,成交2.321万亿元，为此前20日均额0.95倍；上涨占比29.03%；涨停58只,,False,3板晋级分母仅2只；≥4板晋级分母仅2只,3板晋级分母仅2只；≥4板晋级分母仅2只；2025标尺端点饱和：跌停密度；源或群体存在已披露质量缺口,2026-08-11 阴｜分类依据：挨打<60、延续<50且活跃<35。挨打22.7：昨日涨停今日大跌9/97（9.28%），连板股大跌2/13（15.38%），跌停1只。延续42.2：最高6板；晋级：1板 12/84（14.29%）、2板 2/9（22.22%）、3板 1/2（50.00%）、≥4板 1/2（50.00%）。活跃29.8：成交2.321万亿元，为此前20日均额0.95倍；上涨占比29.03%；涨停58只。解释注意：3板晋级分母仅2只；≥4板晋级分母仅2只；2025标尺端点饱和：跌停密度；源或群体存在已披露质量缺口。
2026-08-12,project-review-v1-20261007,controller_authored_deterministic_explanation,挨打<60且延续≥50；此分支不使用活跃，晴不表示普涨,昨日涨停今日大跌2/58（3.45%），连板股大跌0/16（0.00%），跌停0只,最高7板；晋级：1板 7/42（16.67%）、2板 7/12（58.33%）、3板 1/2（50.00%）、≥4板 2/2（100.00%）,成交2.152万亿元，为此前20日均额0.89倍；上涨占比74.24%；涨停92只,,False,3板晋级分母仅2只；≥4板晋级分母仅2只,3板晋级分母仅2只；≥4板晋级分母仅2只；2025标尺端点饱和：连板股大跌、跌停密度、分板晋级、梯队完整度、涨停密度,2026-08-12 晴｜分类依据：挨打<60且延续≥50；此分支不使用活跃，晴不表示普涨。挨打1.2：昨日涨停今日大跌2/58（3.45%），连板股大跌0/16（0.00%），跌停0只。延续92.5：最高7板；晋级：1板 7/42（16.67%）、2板 7/12（58.33%）、3板 1/2（50.00%）、≥4板 2/2（100.00%）。活跃65.6：成交2.152万亿元，为此前20日均额0.89倍；上涨占比74.24%；涨停92只。解释注意：3板晋级分母仅2只；≥4板晋级分母仅2只；2025标尺端点饱和：连板股大跌、跌停密度、分板晋级、梯队完整度、涨停密度。
2026-08-13,project-review-v1-20261007,controller_authored_deterministic_explanation,挨打<60且延续≥50；此分支不使用活跃，晴不表示普涨,昨日涨停今日大跌14/92（15.22%），连板股大跌1/17（5.88%），跌停4只,最高5板；晋级：1板 12/75（16.00%）、2板 2/7（28.57%）、3板 6/7（85.71%）、≥4板 1/3（33.33%）,成交2.551万亿元，为此前20日均额1.07倍；上涨占比20.65%；涨停59只,,False,≥4板晋级分母仅3只,≥4板晋级分母仅3只,2026-08-13 晴｜分类依据：挨打<60且延续≥50；此分支不使用活跃，晴不表示普涨。挨打27.6：昨日涨停今日大跌14/92（15.22%），连板股大跌1/17（5.88%），跌停4只。延续50.6：最高5板；晋级：1板 12/75（16.00%）、2板 2/7（28.57%）、3板 6/7（85.71%）、≥4板 1/3（33.33%）。活跃36.7：成交2.551万亿元，为此前20日均额1.07倍；上涨占比20.65%；涨停59只。解释注意：≥4板晋级分母仅3只。
2026-08-14,project-review-v1-20261007,controller_authored_deterministic_explanation,挨打≥60且延续<40,昨日涨停今日大跌18/59（30.51%），连板股大跌10/21（47.62%），跌停13只,最高5板；晋级：1板 5/38（13.16%）、2板 5/12（41.67%）、3板 0/2（0.00%）、≥4板 1/7（14.29%）,成交2.143万亿元，为此前20日均额0.89倍；上涨占比44.60%；涨停62只,三大指数至少两个上涨，但上涨家数不足一半,False,3板晋级分母仅2只,3板晋级分母仅2只；2025标尺端点饱和：昨日涨停大跌、连板股大跌、梯队完整度,2026-08-14 暴雨｜分类依据：挨打≥60且延续<40。挨打89.4：昨日涨停今日大跌18/59（30.51%），连板股大跌10/21（47.62%），跌停13只。延续9.2：最高5板；晋级：1板 5/38（13.16%）、2板 5/12（41.67%）、3板 0/2（0.00%）、≥4板 1/7（14.29%）。活跃34.1：成交2.143万亿元，为此前20日均额0.89倍；上涨占比44.60%；涨停62只。三大指数至少两个上涨，但上涨家数不足一半。解释注意：3板晋级分母仅2只；2025标尺端点饱和：昨日涨停大跌、连板股大跌、梯队完整度。
2026-08-17,project-review-v1-20261007,controller_authored_deterministic_explanation,挨打<60、延续<50且活跃≥35,昨日涨停今日大跌2/62（3.23%），连板股大跌1/11（9.09%），跌停1只,最高4板；晋级：1板 10/51（19.61%）、2板 2/5（40.00%）、3板 3/5（60.00%）、≥4板 0/1（0.00%）,成交2.387万亿元，为此前20日均额1.01倍；上涨占比79.18%；涨停106只,,False,≥4板晋级分母仅1只,≥4板晋级分母仅1只；2025标尺端点饱和：跌停密度、梯队完整度、最高板、涨停密度,2026-08-17 多云｜分类依据：挨打<60、延续<50且活跃≥35。挨打7.6：昨日涨停今日大跌2/62（3.23%），连板股大跌1/11（9.09%），跌停1只。延续23.3：最高4板；晋级：1板 10/51（19.61%）、2板 2/5（40.00%）、3板 3/5（60.00%）、≥4板 0/1（0.00%）。活跃79.5：成交2.387万亿元，为此前20日均额1.01倍；上涨占比79.18%；涨停106只。解释注意：≥4板晋级分母仅1只；2025标尺端点饱和：跌停密度、梯队完整度、最高板、涨停密度。
2026-08-18,project-review-v1-20261007,controller_authored_deterministic_explanation,挨打<60、延续<50且活跃≥35,昨日涨停今日大跌17/106（16.04%），连板股大跌3/15（20.00%），跌停6只,最高4板；晋级：1板 12/91（13.19%）、2板 4/10（40.00%）、3板 1/2（50.00%）、≥4板 0/3（0.00%）,成交2.401万亿元，为此前20日均额1.02倍；上涨占比35.86%；涨停79只,,False,3板晋级分母仅2只；≥4板晋级分母仅3只,3板晋级分母仅2只；≥4板晋级分母仅3只；2025标尺端点饱和：梯队完整度、最高板,2026-08-18 多云｜分类依据：挨打<60、延续<50且活跃≥35。挨打44.5：昨日涨停今日大跌17/106（16.04%），连板股大跌3/15（20.00%），跌停6只。延续10.9：最高4板；晋级：1板 12/91（13.19%）、2板 4/10（40.00%）、3板 1/2（50.00%）、≥4板 0/3（0.00%）。活跃53.1：成交2.401万亿元，为此前20日均额1.02倍；上涨占比35.86%；涨停79只。解释注意：3板晋级分母仅2只；≥4板晋级分母仅3只；2025标尺端点饱和：梯队完整度、最高板。
2026-08-19,project-review-v1-20261007,controller_authored_deterministic_explanation,挨打≥60且延续<40,昨日涨停今日大跌40/79（50.63%），连板股大跌9/17（52.94%），跌停128只,最高3板；晋级：1板 5/62（8.06%）、2板 3/12（25.00%）、3板 0/4（0.00%）、≥4板 0/1（0.00%）,成交2.511万亿元，为此前20日均额1.08倍；上涨占比7.97%；涨停37只,,False,3板晋级分母仅4只；≥4板晋级分母仅1只,3板晋级分母仅4只；≥4板晋级分母仅1只；2025标尺端点饱和：昨日涨停大跌、连板股大跌、跌停密度、分板晋级、梯队完整度、最高板、上涨占比、涨停密度,2026-08-19 暴雨｜分类依据：挨打≥60且延续<40。挨打100.0：昨日涨停今日大跌40/79（50.63%），连板股大跌9/17（52.94%），跌停128只。延续0.0：最高3板；晋级：1板 5/62（8.06%）、2板 3/12（25.00%）、3板 0/4（0.00%）、≥4板 0/1（0.00%）。活跃26.0：成交2.511万亿元，为此前20日均额1.08倍；上涨占比7.97%；涨停37只。解释注意：3板晋级分母仅4只；≥4板晋级分母仅1只；2025标尺端点饱和：昨日涨停大跌、连板股大跌、跌停密度、分板晋级、梯队完整度、最高板、上涨占比、涨停密度。
2026-08-20,project-review-v1-20261007,controller_authored_deterministic_explanation,挨打≥60且延续<40,昨日涨停今日大跌11/37（29.73%），连板股大跌2/8（25.00%），跌停11只,最高4板；晋级：1板 3/29（10.34%）、2板 0/5（0.00%）、3板 1/3（33.33%）、≥4板 0/0（比例缺失）,成交2.079万亿元，为此前20日均额0.90倍；上涨占比74.95%；涨停79只,,True,3板晋级分母仅3只；≥4板晋级无可观察样本,3板晋级分母仅3只；≥4板晋级无可观察样本；2025标尺端点饱和：昨日涨停大跌、分板晋级、梯队完整度、最高板,2026-08-20 暴雨｜分类依据：挨打≥60且延续<40。挨打71.6：昨日涨停今日大跌11/37（29.73%），连板股大跌2/8（25.00%），跌停11只。延续0.0：最高4板；晋级：1板 3/29（10.34%）、2板 0/5（0.00%）、3板 1/3（33.33%）、≥4板 0/0（比例缺失）。活跃60.9：成交2.079万亿元，为此前20日均额0.90倍；上涨占比74.95%；涨停79只。挨打达到惩罚分支，同时活跃达到多云分支的活跃门槛。解释注意：3板晋级分母仅3只；≥4板晋级无可观察样本；2025标尺端点饱和：昨日涨停大跌、分板晋级、梯队完整度、最高板。
2026-08-21,project-review-v1-20261007,controller_authored_deterministic_explanation,挨打≥60且延续<40,昨日涨停今日大跌27/79（34.18%），连板股大跌0/4（0.00%），跌停14只,最高3板；晋级：1板 11/75（14.67%）、2板 1/3（33.33%）、3板 0/0（比例缺失）、≥4板 0/1（0.00%）,成交1.879万亿元，为此前20日均额0.81倍；上涨占比45.32%；涨停55只,三大指数至少两个上涨，但上涨家数不足一半,False,连板股大跌分母仅4只；2板晋级分母仅3只；3板晋级无可观察样本；≥4板晋级分母仅1只,连板股大跌分母仅4只；2板晋级分母仅3只；3板晋级无可观察样本；≥4板晋级分母仅1只；2025标尺端点饱和：昨日涨停大跌、梯队完整度、最高板、成交额相对20日,2026-08-21 暴雨｜分类依据：挨打≥60且延续<40。挨打61.3：昨日涨停今日大跌27/79（34.18%），连板股大跌0/4（0.00%），跌停14只。延续1.3：最高3板；晋级：1板 11/75（14.67%）、2板 1/3（33.33%）、3板 0/0（比例缺失）、≥4板 0/1（0.00%）。活跃21.7：成交1.879万亿元，为此前20日均额0.81倍；上涨占比45.32%；涨停55只。三大指数至少两个上涨，但上涨家数不足一半。解释注意：连板股大跌分母仅4只；2板晋级分母仅3只；3板晋级无可观察样本；≥4板晋级分母仅1只；2025标尺端点饱和：昨日涨停大跌、梯队完整度、最高板、成交额相对20日。
2026-08-24,project-review-v1-20261007,controller_authored_deterministic_explanation,挨打≥60且延续<40,昨日涨停今日大跌13/55（23.64%），连板股大跌3/12（25.00%），跌停13只,最高4板；晋级：1板 6/43（13.95%）、2板 3/11（27.27%）、3板 1/1（100.00%）、≥4板 0/0（比例缺失）,成交2.007万亿元，为此前20日均额0.87倍；上涨占比26.37%；涨停46只,,False,3板晋级分母仅1只；≥4板晋级无可观察样本,3板晋级分母仅1只；≥4板晋级无可观察样本；2025标尺端点饱和：梯队完整度、最高板,2026-08-24 暴雨｜分类依据：挨打≥60且延续<40。挨打69.9：昨日涨停今日大跌13/55（23.64%），连板股大跌3/12（25.00%），跌停13只。延续12.1：最高4板；晋级：1板 6/43（13.95%）、2板 3/11（27.27%）、3板 1/1（100.00%）、≥4板 0/0（比例缺失）。活跃11.6：成交2.007万亿元，为此前20日均额0.87倍；上涨占比26.37%；涨停46只。解释注意：3板晋级分母仅1只；≥4板晋级无可观察样本；2025标尺端点饱和：梯队完整度、最高板。
2026-08-25,project-review-v1-20261007,controller_authored_deterministic_explanation,挨打<60、延续<50且活跃≥35,昨日涨停今日大跌7/46（15.22%），连板股大跌2/10（20.00%），跌停2只,最高5板；晋级：1板 4/36（11.11%）、2板 2/6（33.33%）、3板 1/3（33.33%）、≥4板 1/1（100.00%）,成交1.832万亿元，为此前20日均额0.79倍；上涨占比76.44%；涨停65只,三大指数至少两个下跌，但上涨家数超过一半,False,3板晋级分母仅3只；≥4板晋级分母仅1只,3板晋级分母仅3只；≥4板晋级分母仅1只；2025标尺端点饱和：成交额相对20日,2026-08-25 多云｜分类依据：挨打<60、延续<50且活跃≥35。挨打38.2：昨日涨停今日大跌7/46（15.22%），连板股大跌2/10（20.00%），跌停2只。延续39.2：最高5板；晋级：1板 4/36（11.11%）、2板 2/6（33.33%）、3板 1/3（33.33%）、≥4板 1/1（100.00%）。活跃44.0：成交1.832万亿元，为此前20日均额0.79倍；上涨占比76.44%；涨停65只。三大指数至少两个下跌，但上涨家数超过一半。解释注意：3板晋级分母仅3只；≥4板晋级分母仅1只；2025标尺端点饱和：成交额相对20日。
2026-08-26,project-review-v1-20261007,controller_authored_deterministic_explanation,挨打<60、延续<50且活跃<35,昨日涨停今日大跌2/65（3.08%），连板股大跌0/8（0.00%），跌停0只,最高5板；晋级：1板 10/57（17.54%）、2板 1/4（25.00%）、3板 1/2（50.00%）、≥4板 1/2（50.00%）,成交1.808万亿元，为此前20日均额0.79倍；上涨占比52.47%；涨停52只,,False,2板晋级分母仅4只；3板晋级分母仅2只；≥4板晋级分母仅2只,2板晋级分母仅4只；3板晋级分母仅2只；≥4板晋级分母仅2只；2025标尺端点饱和：跌停密度、成交额相对20日,2026-08-26 阴｜分类依据：挨打<60、延续<50且活跃<35。挨打1.7：昨日涨停今日大跌2/65（3.08%），连板股大跌0/8（0.00%），跌停0只。延续40.0：最高5板；晋级：1板 10/57（17.54%）、2板 1/4（25.00%）、3板 1/2（50.00%）、≥4板 1/2（50.00%）。活跃23.3：成交1.808万亿元，为此前20日均额0.79倍；上涨占比52.47%；涨停52只。解释注意：2板晋级分母仅4只；3板晋级分母仅2只；≥4板晋级分母仅2只；2025标尺端点饱和：跌停密度、成交额相对20日。
2026-08-27,project-review-v1-20261007,controller_authored_deterministic_explanation,挨打<60且延续≥50；此分支不使用活跃，晴不表示普涨,昨日涨停今日大跌2/52（3.85%），连板股大跌1/13（7.69%），跌停3只,最高6板；晋级：1板 8/39（20.51%）、2板 5/10（50.00%）、3板 1/1（100.00%）、≥4板 2/2（100.00%）,成交2.126万亿元，为此前20日均额0.93倍；上涨占比62.19%；涨停75只,,False,3板晋级分母仅1只；≥4板晋级分母仅2只,3板晋级分母仅1只；≥4板晋级分母仅2只；2025标尺端点饱和：分板晋级、梯队完整度,2026-08-27 晴｜分类依据：挨打<60且延续≥50；此分支不使用活跃，晴不表示普涨。挨打9.5：昨日涨停今日大跌2/52（3.85%），连板股大跌1/13（7.69%），跌停3只。延续85.0：最高6板；晋级：1板 8/39（20.51%）、2板 5/10（50.00%）、3板 1/1（100.00%）、≥4板 2/2（100.00%）。活跃55.7：成交2.126万亿元，为此前20日均额0.93倍；上涨占比62.19%；涨停75只。解释注意：3板晋级分母仅1只；≥4板晋级分母仅2只；2025标尺端点饱和：分板晋级、梯队完整度。
2026-08-28,project-review-v1-20261007,controller_authored_deterministic_explanation,挨打<60且延续≥50；此分支不使用活跃，晴不表示普涨,昨日涨停今日大跌3/75（4.00%），连板股大跌0/16（0.00%），跌停2只,最高7板；晋级：1板 9/59（15.25%）、2板 3/8（37.50%）、3板 3/5（60.00%）、≥4板 2/3（66.67%）,成交2.101万亿元，为此前20日均额0.93倍；上涨占比53.52%；涨停81只,三大指数至少两个下跌，但上涨家数超过一半,False,≥4板晋级分母仅3只,≥4板晋级分母仅3只；2025标尺端点饱和：连板股大跌、梯队完整度,2026-08-28 晴｜分类依据：挨打<60且延续≥50；此分支不使用活跃，晴不表示普涨。挨打3.1：昨日涨停今日大跌3/75（4.00%），连板股大跌0/16（0.00%），跌停2只。延续80.4：最高7板；晋级：1板 9/59（15.25%）、2板 3/8（37.50%）、3板 3/5（60.00%）、≥4板 2/3（66.67%）。活跃54.5：成交2.101万亿元，为此前20日均额0.93倍；上涨占比53.52%；涨停81只。三大指数至少两个下跌，但上涨家数超过一半。解释注意：≥4板晋级分母仅3只；2025标尺端点饱和：连板股大跌、梯队完整度。
2026-08-31,project-review-v1-20261007,controller_authored_deterministic_explanation,挨打≥60且延续≥40,昨日涨停今日大跌15/80（18.75%），连板股大跌5/17（29.41%），跌停11只,最高6板；晋级：1板 10/63（15.87%）、2板 4/9（44.44%）、3板 1/3（33.33%）、≥4板 3/5（60.00%）,成交2.131万亿元，为此前20日均额0.95倍；上涨占比57.81%；涨停86只,,True,3板晋级分母仅3只,3板晋级分母仅3只；2025标尺端点饱和：梯队完整度；源或群体存在已披露质量缺口,2026-08-31 雷阵雨｜分类依据：挨打≥60且延续≥40。挨打63.8：昨日涨停今日大跌15/80（18.75%），连板股大跌5/17（29.41%），跌停11只。延续68.7：最高6板；晋级：1板 10/63（15.87%）、2板 4/9（44.44%）、3板 1/3（33.33%）、≥4板 3/5（60.00%）。活跃62.2：成交2.131万亿元，为此前20日均额0.95倍；上涨占比57.81%；涨停86只。挨打达到惩罚分支，同时活跃达到多云分支的活跃门槛。解释注意：3板晋级分母仅3只；2025标尺端点饱和：梯队完整度；源或群体存在已披露质量缺口。
2026-09-01,project-review-v1-20261007,controller_authored_deterministic_explanation,挨打<60且延续≥50；此分支不使用活跃，晴不表示普涨,昨日涨停今日大跌9/86（10.47%），连板股大跌1/18（5.56%），跌停0只,最高7板；晋级：1板 9/68（13.24%）、2板 5/10（50.00%）、3板 1/4（25.00%）、≥4板 3/4（75.00%）,成交2.033万亿元，为此前20日均额0.90倍；上涨占比59.44%；涨停80只,三大指数至少两个下跌，但上涨家数超过一半,False,3板晋级分母仅4只；≥4板晋级分母仅4只,3板晋级分母仅4只；≥4板晋级分母仅4只；2025标尺端点饱和：跌停密度,2026-09-01 晴｜分类依据：挨打<60且延续≥50；此分支不使用活跃，晴不表示普涨。挨打15.1：昨日涨停今日大跌9/86（10.47%），连板股大跌1/18（5.56%），跌停0只。延续62.7：最高7板；晋级：1板 9/68（13.24%）、2板 5/10（50.00%）、3板 1/4（25.00%）、≥4板 3/4（75.00%）。活跃54.4：成交2.033万亿元，为此前20日均额0.90倍；上涨占比59.44%；涨停80只。三大指数至少两个下跌，但上涨家数超过一半。解释注意：3板晋级分母仅4只；≥4板晋级分母仅4只；2025标尺端点饱和：跌停密度。
2026-09-02,project-review-v1-20261007,controller_authored_deterministic_explanation,挨打≥60且延续<40,昨日涨停今日大跌25/80（31.25%），连板股大跌3/18（16.67%），跌停9只,最高5板；晋级：1板 7/62（11.29%）、2板 4/9（44.44%）、3板 2/5（40.00%）、≥4板 1/4（25.00%）,成交1.791万亿元，为此前20日均额0.80倍；上涨占比23.20%；涨停50只,,False,≥4板晋级分母仅4只,≥4板晋级分母仅4只；2025标尺端点饱和：昨日涨停大跌、成交额相对20日,2026-09-02 暴雨｜分类依据：挨打≥60且延续<40。挨打62.0：昨日涨停今日大跌25/80（31.25%），连板股大跌3/18（16.67%），跌停9只。延续35.6：最高5板；晋级：1板 7/62（11.29%）、2板 4/9（44.44%）、3板 2/5（40.00%）、≥4板 1/4（25.00%）。活跃7.1：成交1.791万亿元，为此前20日均额0.80倍；上涨占比23.20%；涨停50只。解释注意：≥4板晋级分母仅4只；2025标尺端点饱和：昨日涨停大跌、成交额相对20日。
2026-09-03,project-review-v1-20261007,controller_authored_deterministic_explanation,挨打≥60且延续<40,昨日涨停今日大跌12/50（24.00%），连板股大跌3/14（21.43%），跌停17只,最高5板；晋级：1板 6/36（16.67%）、2板 0/7（0.00%）、3板 2/4（50.00%）、≥4板 1/3（33.33%）,成交1.759万亿元，为此前20日均额0.80倍；上涨占比35.00%；涨停44只,三大指数至少两个上涨，但上涨家数不足一半,False,3板晋级分母仅4只；≥4板晋级分母仅3只,3板晋级分母仅4只；≥4板晋级分母仅3只；2025标尺端点饱和：梯队完整度、成交额相对20日,2026-09-03 暴雨｜分类依据：挨打≥60且延续<40。挨打72.1：昨日涨停今日大跌12/50（24.00%），连板股大跌3/14（21.43%），跌停17只。延续8.5：最高5板；晋级：1板 6/36（16.67%）、2板 0/7（0.00%）、3板 2/4（50.00%）、≥4板 1/3（33.33%）。活跃9.2：成交1.759万亿元，为此前20日均额0.80倍；上涨占比35.00%；涨停44只。三大指数至少两个上涨，但上涨家数不足一半。解释注意：3板晋级分母仅4只；≥4板晋级分母仅3只；2025标尺端点饱和：梯队完整度、成交额相对20日。
2026-09-04,project-review-v1-20261007,controller_authored_deterministic_explanation,挨打<60、延续<50且活跃<35,昨日涨停今日大跌8/44（18.18%），连板股大跌1/9（11.11%），跌停9只,最高5板；晋级：1板 6/35（17.14%）、2板 0/6（0.00%）、3板 0/0（比例缺失）、≥4板 1/3（33.33%）,成交2.030万亿元，为此前20日均额0.94倍；上涨占比42.56%；涨停39只,,False,3板晋级无可观察样本；≥4板晋级分母仅3只,3板晋级无可观察样本；≥4板晋级分母仅3只；2025标尺端点饱和：分板晋级、梯队完整度、涨停密度,2026-09-04 阴｜分类依据：挨打<60、延续<50且活跃<35。挨打44.7：昨日涨停今日大跌8/44（18.18%），连板股大跌1/9（11.11%），跌停9只。延续7.5：最高5板；晋级：1板 6/35（17.14%）、2板 0/6（0.00%）、3板 0/0（比例缺失）、≥4板 1/3（33.33%）。活跃24.4：成交2.030万亿元，为此前20日均额0.94倍；上涨占比42.56%；涨停39只。解释注意：3板晋级无可观察样本；≥4板晋级分母仅3只；2025标尺端点饱和：分板晋级、梯队完整度、涨停密度。
2026-09-07,project-review-v1-20261007,controller_authored_deterministic_explanation,挨打<60、延续<50且活跃≥35,昨日涨停今日大跌0/39（0.00%），连板股大跌0/7（0.00%），跌停2只,最高6板；晋级：1板 9/32（28.12%）、2板 3/6（50.00%）、3板 0/0（比例缺失）、≥4板 1/1（100.00%）,成交1.946万亿元，为此前20日均额0.91倍；上涨占比58.17%；涨停92只,,False,3板晋级无可观察样本；≥4板晋级分母仅1只,3板晋级无可观察样本；≥4板晋级分母仅1只；2025标尺端点饱和：昨日涨停大跌、梯队完整度、涨停密度,2026-09-07 多云｜分类依据：挨打<60、延续<50且活跃≥35。挨打3.3：昨日涨停今日大跌0/39（0.00%），连板股大跌0/7（0.00%），跌停2只。延续48.1：最高6板；晋级：1板 9/32（28.12%）、2板 3/6（50.00%）、3板 0/0（比例缺失）、≥4板 1/1（100.00%）。活跃59.7：成交1.946万亿元，为此前20日均额0.91倍；上涨占比58.17%；涨停92只。解释注意：3板晋级无可观察样本；≥4板晋级分母仅1只；2025标尺端点饱和：昨日涨停大跌、梯队完整度、涨停密度。
2026-09-08,project-review-v1-20261007,controller_authored_deterministic_explanation,挨打<60、延续<50且活跃≥35,昨日涨停今日大跌2/92（2.17%），连板股大跌0/13（0.00%），跌停0只,最高4板；晋级：1板 13/79（16.46%）、2板 3/9（33.33%）、3板 3/3（100.00%）、≥4板 0/1（0.00%）,成交1.960万亿元，为此前20日均额0.93倍；上涨占比62.74%；涨停73只,三大指数至少两个下跌，但上涨家数超过一半,False,3板晋级分母仅3只；≥4板晋级分母仅1只,3板晋级分母仅3只；≥4板晋级分母仅1只；2025标尺端点饱和：昨日涨停大跌、连板股大跌、跌停密度、梯队完整度、最高板,2026-09-08 多云｜分类依据：挨打<60、延续<50且活跃≥35。挨打0.0：昨日涨停今日大跌2/92（2.17%），连板股大跌0/13（0.00%），跌停0只。延续27.4：最高4板；晋级：1板 13/79（16.46%）、2板 3/9（33.33%）、3板 3/3（100.00%）、≥4板 0/1（0.00%）。活跃54.6：成交1.960万亿元，为此前20日均额0.93倍；上涨占比62.74%；涨停73只。三大指数至少两个下跌，但上涨家数超过一半。解释注意：3板晋级分母仅3只；≥4板晋级分母仅1只；2025标尺端点饱和：昨日涨停大跌、连板股大跌、跌停密度、梯队完整度、最高板。
2026-09-09,project-review-v1-20261007,controller_authored_deterministic_explanation,挨打<60、延续<50且活跃<35,昨日涨停今日大跌12/73（16.44%），连板股大跌6/19（31.58%），跌停8只,最高5板；晋级：1板 10/54（18.52%）、2板 4/13（30.77%）、3板 0/3（0.00%）、≥4板 1/3（33.33%）,成交1.855万亿元，为此前20日均额0.89倍；上涨占比33.59%；涨停48只,三大指数至少两个上涨，但上涨家数不足一半,False,3板晋级分母仅3只；≥4板晋级分母仅3只,3板晋级分母仅3只；≥4板晋级分母仅3只；2025标尺端点饱和：梯队完整度,2026-09-09 阴｜分类依据：挨打<60、延续<50且活跃<35。挨打58.3：昨日涨停今日大跌12/73（16.44%），连板股大跌6/19（31.58%），跌停8只。延续10.8：最高5板；晋级：1板 10/54（18.52%）、2板 4/13（30.77%）、3板 0/3（0.00%）、≥4板 1/3（33.33%）。活跃19.2：成交1.855万亿元，为此前20日均额0.89倍；上涨占比33.59%；涨停48只。三大指数至少两个上涨，但上涨家数不足一半。解释注意：3板晋级分母仅3只；≥4板晋级分母仅3只；2025标尺端点饱和：梯队完整度。
2026-09-10,project-review-v1-20261007,controller_authored_deterministic_explanation,挨打≥60且延续<40,昨日涨停今日大跌11/48（22.92%），连板股大跌5/15（33.33%），跌停12只,最高4板；晋级：1板 6/33（18.18%）、2板 2/10（20.00%）、3板 1/4（25.00%）、≥4板 0/1（0.00%）,成交1.647万亿元，为此前20日均额0.80倍；上涨占比17.05%；涨停34只,,False,3板晋级分母仅4只；≥4板晋级分母仅1只,3板晋级分母仅4只；≥4板晋级分母仅1只；2025标尺端点饱和：梯队完整度、最高板、成交额相对20日、上涨占比、涨停密度,2026-09-10 暴雨｜分类依据：挨打≥60且延续<40。挨打74.9：昨日涨停今日大跌11/48（22.92%），连板股大跌5/15（33.33%），跌停12只。延续1.3：最高4板；晋级：1板 6/33（18.18%）、2板 2/10（20.00%）、3板 1/4（25.00%）、≥4板 0/1（0.00%）。活跃0.0：成交1.647万亿元，为此前20日均额0.80倍；上涨占比17.05%；涨停34只。解释注意：3板晋级分母仅4只；≥4板晋级分母仅1只；2025标尺端点饱和：梯队完整度、最高板、成交额相对20日、上涨占比、涨停密度。
2026-09-11,project-review-v1-20261007,controller_authored_deterministic_explanation,挨打≥60且延续<40,昨日涨停今日大跌8/34（23.53%），连板股大跌3/9（33.33%），跌停21只,最高4板；晋级：1板 4/25（16.00%）、2板 2/6（33.33%）、3板 1/2（50.00%）、≥4板 0/1（0.00%）,成交1.972万亿元，为此前20日均额0.98倍；上涨占比11.06%；涨停40只,,False,3板晋级分母仅2只；≥4板晋级分母仅1只,3板晋级分母仅2只；≥4板晋级分母仅1只；2025标尺端点饱和：梯队完整度、最高板、上涨占比、涨停密度,2026-09-11 暴雨｜分类依据：挨打≥60且延续<40。挨打84.5：昨日涨停今日大跌8/34（23.53%），连板股大跌3/9（33.33%），跌停21只。延续14.8：最高4板；晋级：1板 4/25（16.00%）、2板 2/6（33.33%）、3板 1/2（50.00%）、≥4板 0/1（0.00%）。活跃16.6：成交1.972万亿元，为此前20日均额0.98倍；上涨占比11.06%；涨停40只。解释注意：3板晋级分母仅2只；≥4板晋级分母仅1只；2025标尺端点饱和：梯队完整度、最高板、上涨占比、涨停密度。
2026-09-14,project-review-v1-20261007,controller_authored_deterministic_explanation,挨打<60、延续<50且活跃<35,昨日涨停今日大跌3/40（7.50%），连板股大跌2/7（28.57%），跌停16只,最高4板；晋级：1板 7/33（21.21%）、2板 3/4（75.00%）、3板 1/2（50.00%）、≥4板 0/1（0.00%）,成交1.629万亿元，为此前20日均额0.81倍；上涨占比57.02%；涨停53只,三大指数至少两个下跌，但上涨家数超过一半,False,2板晋级分母仅4只；3板晋级分母仅2只；≥4板晋级分母仅1只,2板晋级分母仅4只；3板晋级分母仅2只；≥4板晋级分母仅1只；2025标尺端点饱和：梯队完整度、最高板、成交额相对20日,2026-09-14 阴｜分类依据：挨打<60、延续<50且活跃<35。挨打48.4：昨日涨停今日大跌3/40（7.50%），连板股大跌2/7（28.57%），跌停16只。延续32.9：最高4板；晋级：1板 7/33（21.21%）、2板 3/4（75.00%）、3板 1/2（50.00%）、≥4板 0/1（0.00%）。活跃26.3：成交1.629万亿元，为此前20日均额0.81倍；上涨占比57.02%；涨停53只。三大指数至少两个下跌，但上涨家数超过一半。解释注意：2板晋级分母仅4只；3板晋级分母仅2只；≥4板晋级分母仅1只；2025标尺端点饱和：梯队完整度、最高板、成交额相对20日。
2026-09-15,project-review-v1-20261007,controller_authored_deterministic_explanation,挨打<60、延续<50且活跃<35,昨日涨停今日大跌9/52（17.31%），连板股大跌1/11（9.09%），跌停28只,最高5板；晋级：1板 3/41（7.32%）、2板 2/7（28.57%）、3板 1/3（33.33%）、≥4板 1/1（100.00%）,成交1.613万亿元，为此前20日均额0.82倍；上涨占比20.45%；涨停32只,,False,3板晋级分母仅3只；≥4板晋级分母仅1只,3板晋级分母仅3只；≥4板晋级分母仅1只；2025标尺端点饱和：跌停密度、成交额相对20日、涨停密度；源或群体存在已披露质量缺口,2026-09-15 阴｜分类依据：挨打<60、延续<50且活跃<35。挨打56.6：昨日涨停今日大跌9/52（17.31%），连板股大跌1/11（9.09%），跌停28只。延续34.5：最高5板；晋级：1板 3/41（7.32%）、2板 2/7（28.57%）、3板 1/3（33.33%）、≥4板 1/1（100.00%）。活跃0.0：成交1.613万亿元，为此前20日均额0.82倍；上涨占比20.45%；涨停32只。解释注意：3板晋级分母仅3只；≥4板晋级分母仅1只；2025标尺端点饱和：跌停密度、成交额相对20日、涨停密度；源或群体存在已披露质量缺口。
2026-09-16,project-review-v1-20261007,controller_authored_deterministic_explanation,挨打<60且延续≥50；此分支不使用活跃，晴不表示普涨,昨日涨停今日大跌2/32（6.25%），连板股大跌2/7（28.57%），跌停4只,最高6板；晋级：1板 9/25（36.00%）、2板 1/3（33.33%）、3板 1/2（50.00%）、≥4板 1/2（50.00%）,成交1.839万亿元，为此前20日均额0.95倍；上涨占比75.35%；涨停89只,,False,2板晋级分母仅3只；3板晋级分母仅2只；≥4板晋级分母仅2只,2板晋级分母仅3只；3板晋级分母仅2只；≥4板晋级分母仅2只；2025标尺端点饱和：涨停密度,2026-09-16 晴｜分类依据：挨打<60且延续≥50；此分支不使用活跃，晴不表示普涨。挨打32.2：昨日涨停今日大跌2/32（6.25%），连板股大跌2/7（28.57%），跌停4只。延续61.0：最高6板；晋级：1板 9/25（36.00%）、2板 1/3（33.33%）、3板 1/2（50.00%）、≥4板 1/2（50.00%）。活跃72.1：成交1.839万亿元，为此前20日均额0.95倍；上涨占比75.35%；涨停89只。解释注意：2板晋级分母仅3只；3板晋级分母仅2只；≥4板晋级分母仅2只；2025标尺端点饱和：涨停密度。
2026-09-17,project-review-v1-20261007,controller_authored_deterministic_explanation,挨打<60、延续<50且活跃<35,昨日涨停今日大跌11/89（12.36%），连板股大跌1/12（8.33%），跌停1只,最高5板；晋级：1板 5/77（6.49%）、2板 3/9（33.33%）、3板 0/1（0.00%）、≥4板 1/2（50.00%）,成交1.823万亿元，为此前20日均额0.96倍；上涨占比48.11%；涨停47只,,False,3板晋级分母仅1只；≥4板晋级分母仅2只,3板晋级分母仅1只；≥4板晋级分母仅2只；2025标尺端点饱和：跌停密度、梯队完整度,2026-09-17 阴｜分类依据：挨打<60、延续<50且活跃<35。挨打22.3：昨日涨停今日大跌11/89（12.36%），连板股大跌1/12（8.33%），跌停1只。延续14.8：最高5板；晋级：1板 5/77（6.49%）、2板 3/9（33.33%）、3板 0/1（0.00%）、≥4板 1/2（50.00%）。活跃32.8：成交1.823万亿元，为此前20日均额0.96倍；上涨占比48.11%；涨停47只。解释注意：3板晋级分母仅1只；≥4板晋级分母仅2只；2025标尺端点饱和：跌停密度、梯队完整度。
2026-09-18,project-review-v1-20261007,controller_authored_deterministic_explanation,挨打<60、延续<50且活跃≥35,昨日涨停今日大跌1/47（2.13%），连板股大跌0/9（0.00%），跌停0只,最高4板；晋级：1板 8/38（21.05%）、2板 2/5（40.00%）、3板 2/3（66.67%）、≥4板 0/1（0.00%）,成交2.077万亿元，为此前20日均额1.10倍；上涨占比75.94%；涨停76只,,False,3板晋级分母仅3只；≥4板晋级分母仅1只,3板晋级分母仅3只；≥4板晋级分母仅1只；2025标尺端点饱和：昨日涨停大跌、跌停密度、梯队完整度、最高板,2026-09-18 多云｜分类依据：挨打<60、延续<50且活跃≥35。挨打0.5：昨日涨停今日大跌1/47（2.13%），连板股大跌0/9（0.00%），跌停0只。延续24.8：最高4板；晋级：1板 8/38（21.05%）、2板 2/5（40.00%）、3板 2/3（66.67%）、≥4板 0/1（0.00%）。活跃78.8：成交2.077万亿元，为此前20日均额1.10倍；上涨占比75.94%；涨停76只。解释注意：3板晋级分母仅3只；≥4板晋级分母仅1只；2025标尺端点饱和：昨日涨停大跌、跌停密度、梯队完整度、最高板。
2026-09-21,project-review-v1-20261007,controller_authored_deterministic_explanation,挨打<60且延续≥50；此分支不使用活跃，晴不表示普涨,昨日涨停今日大跌2/76（2.63%），连板股大跌1/12（8.33%），跌停2只,最高5板；晋级：1板 13/64（20.31%）、2板 5/8（62.50%）、3板 2/2（100.00%）、≥4板 1/2（50.00%）,成交2.031万亿元，为此前20日均额1.07倍；上涨占比81.26%；涨停101只,,False,3板晋级分母仅2只；≥4板晋级分母仅2只,3板晋级分母仅2只；≥4板晋级分母仅2只；2025标尺端点饱和：昨日涨停大跌、分板晋级、上涨占比、涨停密度,2026-09-21 晴｜分类依据：挨打<60且延续≥50；此分支不使用活跃，晴不表示普涨。挨打7.1：昨日涨停今日大跌2/76（2.63%），连板股大跌1/12（8.33%），跌停2只。延续62.5：最高5板；晋级：1板 13/64（20.31%）、2板 5/8（62.50%）、3板 2/2（100.00%）、≥4板 1/2（50.00%）。活跃85.3：成交2.031万亿元，为此前20日均额1.07倍；上涨占比81.26%；涨停101只。解释注意：3板晋级分母仅2只；≥4板晋级分母仅2只；2025标尺端点饱和：昨日涨停大跌、分板晋级、上涨占比、涨停密度。
2026-09-22,project-review-v1-20261007,controller_authored_deterministic_explanation,挨打<60且延续≥50；此分支不使用活跃，晴不表示普涨,昨日涨停今日大跌6/100（6.00%），连板股大跌3/21（14.29%），跌停3只,最高6板；晋级：1板 17/79（21.52%）、2板 4/13（30.77%）、3板 1/5（20.00%）、≥4板 2/3（66.67%）,成交2.135万亿元，为此前20日均额1.12倍；上涨占比44.37%；涨停63只,三大指数至少两个上涨，但上涨家数不足一半,False,≥4板晋级分母仅3只,≥4板晋级分母仅3只；2025标尺端点饱和：梯队完整度；源或群体存在已披露质量缺口,2026-09-22 晴｜分类依据：挨打<60且延续≥50；此分支不使用活跃，晴不表示普涨。挨打17.5：昨日涨停今日大跌6/100（6.00%），连板股大跌3/21（14.29%），跌停3只。延续59.6：最高6板；晋级：1板 17/79（21.52%）、2板 4/13（30.77%）、3板 1/5（20.00%）、≥4板 2/3（66.67%）。活跃56.3：成交2.135万亿元，为此前20日均额1.12倍；上涨占比44.37%；涨停63只。三大指数至少两个上涨，但上涨家数不足一半。解释注意：≥4板晋级分母仅3只；2025标尺端点饱和：梯队完整度；源或群体存在已披露质量缺口。
2026-09-23,project-review-v1-20261007,controller_authored_deterministic_explanation,挨打<60、延续<50且活跃<35,昨日涨停今日大跌11/63（17.46%），连板股大跌6/24（25.00%），跌停13只,最高4板；晋级：1板 3/39（7.69%）、2板 7/17（41.18%）、3板 2/4（50.00%）、≥4板 0/3（0.00%）,成交1.765万亿元，为此前20日均额0.92倍；上涨占比34.11%；涨停51只,,False,3板晋级分母仅4只；≥4板晋级分母仅3只,3板晋级分母仅4只；≥4板晋级分母仅3只；2025标尺端点饱和：梯队完整度、最高板,2026-09-23 阴｜分类依据：挨打<60、延续<50且活跃<35。挨打59.9：昨日涨停今日大跌11/63（17.46%），连板股大跌6/24（25.00%），跌停13只。延续9.0：最高4板；晋级：1板 3/39（7.69%）、2板 7/17（41.18%）、3板 2/4（50.00%）、≥4板 0/3（0.00%）。活跃24.5：成交1.765万亿元，为此前20日均额0.92倍；上涨占比34.11%；涨停51只。解释注意：3板晋级分母仅4只；≥4板晋级分母仅3只；2025标尺端点饱和：梯队完整度、最高板。
2026-09-24,project-review-v1-20261007,controller_authored_deterministic_explanation,挨打≥60且延续≥40,昨日涨停今日大跌17/51（33.33%），连板股大跌4/12（33.33%），跌停11只,最高5板；晋级：1板 8/39（20.51%）、2板 1/3（33.33%）、3板 3/7（42.86%）、≥4板 1/2（50.00%）,成交1.653万亿元，为此前20日均额0.86倍；上涨占比20.51%；涨停50只,,False,2板晋级分母仅3只；≥4板晋级分母仅2只,2板晋级分母仅3只；≥4板晋级分母仅2只；2025标尺端点饱和：昨日涨停大跌,2026-09-24 雷阵雨｜分类依据：挨打≥60且延续≥40。挨打78.9：昨日涨停今日大跌17/51（33.33%），连板股大跌4/12（33.33%），跌停11只。延续42.5：最高5板；晋级：1板 8/39（20.51%）、2板 1/3（33.33%）、3板 3/7（42.86%）、≥4板 1/2（50.00%）。活跃10.8：成交1.653万亿元，为此前20日均额0.86倍；上涨占比20.51%；涨停50只。解释注意：2板晋级分母仅3只；≥4板晋级分母仅2只；2025标尺端点饱和：昨日涨停大跌。
2026-09-28,project-review-v1-20261007,controller_authored_deterministic_explanation,挨打≥60且延续<40,昨日涨停今日大跌22/50（44.00%），连板股大跌6/13（46.15%），跌停59只,最高5板；晋级：1板 3/37（8.11%）、2板 3/8（37.50%）、3板 0/1（0.00%）、≥4板 1/4（25.00%）,成交1.703万亿元，为此前20日均额0.90倍；上涨占比16.51%；涨停33只,,False,3板晋级分母仅1只；≥4板晋级分母仅4只,3板晋级分母仅1只；≥4板晋级分母仅4只；2025标尺端点饱和：昨日涨停大跌、连板股大跌、跌停密度、梯队完整度、上涨占比、涨停密度,2026-09-28 暴雨｜分类依据：挨打≥60且延续<40。挨打100.0：昨日涨停今日大跌22/50（44.00%），连板股大跌6/13（46.15%），跌停59只。延续12.6：最高5板；晋级：1板 3/37（8.11%）、2板 3/8（37.50%）、3板 0/1（0.00%）、≥4板 1/4（25.00%）。活跃9.1：成交1.703万亿元，为此前20日均额0.90倍；上涨占比16.51%；涨停33只。解释注意：3板晋级分母仅1只；≥4板晋级分母仅4只；2025标尺端点饱和：昨日涨停大跌、连板股大跌、跌停密度、梯队完整度、上涨占比、涨停密度。
2026-09-29,project-review-v1-20261007,controller_authored_deterministic_explanation,挨打<60且延续≥50；此分支不使用活跃，晴不表示普涨,昨日涨停今日大跌3/33（9.09%），连板股大跌1/7（14.29%），跌停11只,最高6板；晋级：1板 7/26（26.92%）、2板 1/3（33.33%）、3板 1/3（33.33%）、≥4板 1/1（100.00%）,成交1.409万亿元，为此前20日均额0.75倍；上涨占比62.76%；涨停56只,,False,2板晋级分母仅3只；3板晋级分母仅3只；≥4板晋级分母仅1只,2板晋级分母仅3只；3板晋级分母仅3只；≥4板晋级分母仅1只；2025标尺端点饱和：成交额相对20日,2026-09-29 晴｜分类依据：挨打<60且延续≥50；此分支不使用活跃，晴不表示普涨。挨打35.2：昨日涨停今日大跌3/33（9.09%），连板股大跌1/7（14.29%），跌停11只。延续56.2：最高6板；晋级：1板 7/26（26.92%）、2板 1/3（33.33%）、3板 1/3（33.33%）、≥4板 1/1（100.00%）。活跃31.1：成交1.409万亿元，为此前20日均额0.75倍；上涨占比62.76%；涨停56只。解释注意：2板晋级分母仅3只；3板晋级分母仅3只；≥4板晋级分母仅1只；2025标尺端点饱和：成交额相对20日。
2026-09-30,project-review-v1-20261007,controller_authored_deterministic_explanation,挨打<60且延续≥50；此分支不使用活跃，晴不表示普涨,昨日涨停今日大跌8/55（14.55%），连板股大跌3/10（30.00%），跌停9只,最高7板；晋级：1板 6/45（13.33%）、2板 4/7（57.14%）、3板 1/1（100.00%）、≥4板 1/2（50.00%）,成交1.438万亿元，为此前20日均额0.78倍；上涨占比44.86%；涨停52只,,False,3板晋级分母仅1只；≥4板晋级分母仅2只,3板晋级分母仅1只；≥4板晋级分母仅2只；2025标尺端点饱和：成交额相对20日；源或群体存在已披露质量缺口,2026-09-30 晴｜分类依据：挨打<60且延续≥50；此分支不使用活跃，晴不表示普涨。挨打53.5：昨日涨停今日大跌8/55（14.55%），连板股大跌3/10（30.00%），跌停9只。延续71.8：最高7板；晋级：1板 6/45（13.33%）、2板 4/7（57.14%）、3板 1/1（100.00%）、≥4板 1/2（50.00%）。活跃19.4：成交1.438万亿元，为此前20日均额0.78倍；上涨占比44.86%；涨停52只。解释注意：3板晋级分母仅1只；≥4板晋级分母仅2只；2025标尺端点饱和：成交额相对20日；源或群体存在已披露质量缺口。
